date,open,high,low,close,volume,dividend,split_factor,adjusted_close,source
2021-08-30,91.3636322,93.63636017,91.3636322,92.72727203,182044,0,1,86.44000754,yahoo_bootstrap
2021-08-31,92.72727203,92.72727203,90.90908813,90.90908813,94711,0,1,84.74510348,yahoo_bootstrap
2021-09-01,90.90908813,92.27272797,90.90908813,91.8181839,122402,0,1,85.59255907,yahoo_bootstrap
2021-09-02,91.8181839,92.27272797,87.3636322,88,755397,0,1,82.03326268,yahoo_bootstrap
2021-09-03,88.72727203,88.8181839,85.8181839,85.90908813,533725,0,1,80.08412265,yahoo_bootstrap
2021-09-06,86.3636322,86.3636322,81.90908813,82.54545593,672749,0,1,76.9485576,yahoo_bootstrap
2021-09-07,82.45454407,84.8181839,81.8181839,82.72727203,566500,0,1,77.11804588,yahoo_bootstrap
2021-09-08,82.72727203,83.45454407,81.1818161,81.27272797,273020,0,1,75.76212548,yahoo_bootstrap
2021-09-09,81.27272797,83.27272797,80.1818161,83.27272797,317020,0,1,77.62651781,yahoo_bootstrap
2021-09-10,83.27272797,83.90908813,82.3636322,83.1818161,248054,0,1,77.54177012,yahoo_bootstrap
2021-09-13,83.72727203,84.27272797,83.1818161,83.45454407,190987,0,1,77.79600608,yahoo_bootstrap
2021-09-14,83.45454407,83.8181839,82.72727203,82.72727203,135987,0,1,77.11804588,yahoo_bootstrap
2021-09-15,83.1818161,83.27272797,80.90908813,82.72727203,197363,0,1,77.11804588,yahoo_bootstrap
2021-09-16,81.72727203,82.54545593,81.54545593,81.72727203,127743,0,1,76.18584971,yahoo_bootstrap
2021-09-17,81.72727203,81.90908813,81.1818161,81.63636017,188210,0,1,76.10110202,yahoo_bootstrap
2021-09-22,80.8181839,80.8181839,78.63636017,79.1818161,462023,0,1,73.81298545,yahoo_bootstrap
2021-09-23,80.72727203,80.72727203,79.63636017,80.1818161,143880,0,1,74.74518162,yahoo_bootstrap
2021-09-24,80.45454407,83.54545593,80.45454407,81,301747,0,1,75.50788951,yahoo_bootstrap
2021-09-27,81.72727203,81.72727203,80.54545593,80.72727203,228263,0,1,75.25365354,yahoo_bootstrap
2021-09-28,80.54545593,80.54545593,79.3636322,79.63636017,181260,0,1,74.23670969,yahoo_bootstrap
2021-09-29,79.45454407,79.45454407,76.45454407,76.8181839,427963,0,1,71.60961657,yahoo_bootstrap
2021-09-30,76.8181839,78.90908813,75.54545593,78.90908813,463634,0,1,73.55874948,yahoo_bootstrap
2021-10-01,78.1818161,78.1818161,75.54545593,75.72727203,376090,0,1,70.59267271,yahoo_bootstrap
2021-10-04,76.54545593,77.09091187,74.45454407,74.54545593,418000,0,1,69.49098827,yahoo_bootstrap
2021-10-05,74.45454407,76.8181839,73,76.63636017,257766,0,1,71.44012119,yahoo_bootstrap
2021-10-06,76.63636017,76.63636017,75,75,117713,0,1,69.91471251,yahoo_bootstrap
2021-10-07,76.1818161,77.54545593,75.90908813,77.27272797,192802,0,1,72.03334081,yahoo_bootstrap
2021-10-08,77.27272797,77.63636017,76.09091187,76.3636322,130944,0,1,71.18588522,yahoo_bootstrap
2021-10-12,76.3636322,77.3636322,75.45454407,75.54545593,125400,0,1,70.42318444,yahoo_bootstrap
2021-10-13,77,77,73.90908813,74.90908813,240900,0,1,69.82996481,yahoo_bootstrap
2021-10-14,76.1818161,77,75.45454407,77,200274,0,1,71.77910484,yahoo_bootstrap
2021-10-15,77.45454407,77.72727203,77,77.1818161,105999,0,1,71.94859311,yahoo_bootstrap
2021-10-18,77.72727203,77.72727203,76.63636017,76.90908813,100100,0,1,71.69435715,yahoo_bootstrap
2021-10-19,76.09091187,78,76.09091187,77.54545593,147400,0,1,72.28757677,yahoo_bootstrap
2021-10-20,77.72727203,78.63636017,77.54545593,78.09091187,139810,0,1,72.79604871,yahoo_bootstrap
2021-10-21,78.3636322,80.09091187,78,78,280588,0,1,72.71130101,yahoo_bootstrap
2021-10-22,78.63636017,78.63636017,76.63636017,77.09091187,136400,0,1,71.86385254,yahoo_bootstrap
2021-10-25,78,78.3636322,77.27272797,78.09091187,107855,0,1,72.79604871,yahoo_bootstrap
2021-10-26,79.1818161,79.1818161,78,78.54545593,181417,0,1,73.21977294,yahoo_bootstrap
2021-10-27,78.54545593,79.27272797,78.27272797,79.09091187,106966,0,1,73.72824487,yahoo_bootstrap
2021-10-28,78.72727203,79.45454407,78.3636322,79.27272797,81620,0,1,73.89773315,yahoo_bootstrap
2021-10-29,79.54545593,79.54545593,78.3636322,78.54545593,132440,0,1,73.21977294,yahoo_bootstrap
2021-11-01,78.63636017,81.3636322,78.54545593,80.8181839,396039,0,1,75.33840124,yahoo_bootstrap
2021-11-02,81.54545593,82.09091187,78.72727203,78.8181839,372103,0,1,73.47400891,yahoo_bootstrap
2021-11-03,79.54545593,79.54545593,78.8181839,79,99700,0,1,73.64349718,yahoo_bootstrap
2021-11-04,79.09091187,79.3636322,78.72727203,78.90908813,107140,0,1,73.55874948,yahoo_bootstrap
2021-11-05,78.72727203,78.90908813,77.90908813,78.09091187,163020,0,1,72.79604871,yahoo_bootstrap
2021-11-08,79.09091187,81.3636322,78.54545593,80.54545593,317212,0,1,75.08416527,yahoo_bootstrap
2021-11-09,80.1818161,80.63636017,79.63636017,80,240989,0,1,74.57569334,yahoo_bootstrap
2021-11-10,80.3636322,80.3636322,79.27272797,79.72727203,132323,0,1,74.32145738,yahoo_bootstrap
2021-11-11,78.54545593,81.09091187,78.54545593,79.3636322,151899,0,1,73.98247372,yahoo_bootstrap
2021-11-12,80,80.8181839,79.3636322,80.1818161,222729,0,1,74.74518162,yahoo_bootstrap
2021-11-15,80.8181839,81.8181839,80,81.45454407,253029,0,1,75.93161375,yahoo_bootstrap
2021-11-16,81.72727203,82.72727203,81.3636322,81.3636322,220605,0,1,75.84686605,yahoo_bootstrap
2021-11-17,81.54545593,83.45454407,80.54545593,83.27272797,394688,0,1,77.62651781,yahoo_bootstrap
2021-11-18,83.27272797,83.45454407,82.09091187,82.63636017,252340,0,1,77.03329819,yahoo_bootstrap
2021-11-19,83.63636017,83.63636017,81.1818161,81.72727203,196130,0,1,76.18584971,yahoo_bootstrap
2021-11-22,81.90908813,82.27272797,81,81.72727203,171050,0,1,76.18584971,yahoo_bootstrap
2021-11-23,81.63636017,81.90908813,80.72727203,80.72727203,143110,0,1,75.25365354,yahoo_bootstrap
2021-11-24,80.72727203,81.54545593,80.72727203,81.1818161,74844,0,1,75.67737778,yahoo_bootstrap
2021-11-25,81.27272797,81.72727203,80.54545593,80.63636017,117700,0,1,75.16890586,yahoo_bootstrap
2021-11-26,80.45454407,80.63636017,78.3636322,78.3636322,252340,0,1,73.05027755,yahoo_bootstrap
2021-11-29,74.54545593,77.72727203,74.54545593,77.3636322,221265,0,1,72.11808139,yahoo_bootstrap
2021-11-30,77.45454407,78.90908813,77.45454407,78.54545593,92599,0,1,73.21977294,yahoo_bootstrap
2021-12-01,78.3636322,79.09091187,78.27272797,79,59862,0,1,73.64349718,yahoo_bootstrap
2021-12-02,80.72727203,80.72727203,78.54545593,78.90908813,102520,0,1,73.55874948,yahoo_bootstrap
2021-12-03,78.90908813,78.90908813,78.1818161,78.45454407,97130,0,1,73.13502525,yahoo_bootstrap
2021-12-06,78.45454407,78.45454407,77.09091187,78,56540,0,1,72.71130101,yahoo_bootstrap
2021-12-07,77.27272797,78.1818161,77.27272797,77.90908813,73122,0,1,72.62655331,yahoo_bootstrap
2021-12-08,78.3636322,78.63636017,78,78.09091187,80712,0,1,72.79604871,yahoo_bootstrap
2021-12-09,78.1818161,78.54545593,77.8181839,77.8181839,48688,0,1,72.54181274,yahoo_bootstrap
2021-12-10,77.90908813,77.90908813,77,77.09091187,110412,0,1,71.86385254,yahoo_bootstrap
2021-12-13,77.09091187,78.3636322,77.09091187,78.1818161,83600,0,1,72.88078928,yahoo_bootstrap
2021-12-14,77.72727203,77.72727203,76.54545593,76.63636017,99000,0,1,71.44012119,yahoo_bootstrap
2021-12-15,76.63636017,77.1818161,76.3636322,76.45454407,89705,0,1,71.27063292,yahoo_bootstrap
2021-12-16,76.72727203,77.3636322,76.3636322,76.54545593,73757,0,1,71.3553806,yahoo_bootstrap
2021-12-17,76.72727203,77.09091187,76.3636322,76.45454407,84810,0,1,71.27063292,yahoo_bootstrap
2021-12-20,76.54545593,77,76.3636322,76.3636322,57805,0,1,71.18588522,yahoo_bootstrap
2021-12-21,76.3636322,77.63636017,76.3636322,77.45454407,88522,0,1,72.20282908,yahoo_bootstrap
2021-12-22,77.45454407,80.54545593,77.45454407,80.09091187,326232,0,1,74.66044104,yahoo_bootstrap
2021-12-23,80.72727203,81.63636017,80,80.09091187,258621,0,1,74.66044104,yahoo_bootstrap
2021-12-24,79.45454407,80.09091187,79.45454407,79.45454407,100210,0,1,74.06722142,yahoo_bootstrap
2021-12-27,79.1818161,79.3636322,79,79.1818161,74145,0,1,73.81298545,yahoo_bootstrap
2021-12-28,79.54545593,81.63636017,79.27272797,81.27272797,424354,0,1,75.76212548,yahoo_bootstrap
2021-12-29,81.27272797,81.8181839,80.45454407,80.72727203,192498,0,1,75.25365354,yahoo_bootstrap
2021-12-30,81.09091187,81.09091187,80.3636322,80.72727203,62883,0,1,75.25365354,yahoo_bootstrap
2022-01-03,81.3636322,83,80.90908813,81.09091187,270699,0,1,75.59263721,yahoo_bootstrap
2022-01-04,81.45454407,81.72727203,80,80.45454407,135300,0,1,74.99941758,yahoo_bootstrap
2022-01-05,80.1818161,80.54545593,79.54545593,79.90908813,138600,0,1,74.49094565,yahoo_bootstrap
2022-01-06,78.8181839,81.63636017,78.72727203,80,150232,0,1,74.57569334,yahoo_bootstrap
2022-01-07,81,81,78.8181839,79,104555,0,1,73.64349718,yahoo_bootstrap
2022-01-10,79.45454407,79.63636017,78.27272797,78.45454407,80421,0,1,73.13502525,yahoo_bootstrap
2022-01-11,78.45454407,78.45454407,77,77.1818161,144111,0,1,71.94859311,yahoo_bootstrap
2022-01-12,77.1818161,77.63636017,76.90908813,76.90908813,95192,0,1,71.69435715,yahoo_bootstrap
2022-01-13,76.8181839,77.27272797,76.63636017,76.63636017,110000,0,1,71.44012119,yahoo_bootstrap
2022-01-14,76.8181839,76.8181839,75.1818161,75.1818161,225753,0,1,70.08420078,yahoo_bootstrap
2022-01-17,75.1818161,75.8181839,74.54545593,75.27272797,96085,0,1,70.16894848,yahoo_bootstrap
2022-01-18,75.90908813,76.1818161,75.27272797,75.27272797,107910,0,1,70.16894848,yahoo_bootstrap
2022-01-19,75.27272797,75.27272797,74.63636017,74.8181839,102712,0,1,69.74522424,yahoo_bootstrap
2022-01-20,74.72727203,74.8181839,74.27272797,74.72727203,90777,0,1,69.66047654,yahoo_bootstrap
2022-01-21,74.45454407,74.54545593,73.8181839,73.8181839,130215,0,1,68.81302807,yahoo_bootstrap
2022-01-24,73.1818161,74.54545593,72.72727203,74.27272797,119075,0,1,69.23675231,yahoo_bootstrap
2022-01-25,73.8181839,74.54545593,73.1818161,73.27272797,141900,0,1,68.30455614,yahoo_bootstrap
2022-01-26,72.63636017,74.54545593,72.63636017,73.90908813,167420,0,1,68.89776865,yahoo_bootstrap
2022-02-07,75.45454407,75.45454407,74.09091187,74.72727203,58300,0,1,69.66047654,yahoo_bootstrap
2022-02-08,73.72727203,76,73.72727203,75.8181839,102537,0,1,70.67742041,yahoo_bootstrap
2022-02-09,76.1818161,76.63636017,75.90908813,76.54545593,77632,0,1,71.3553806,yahoo_bootstrap
2022-02-10,76.72727203,76.90908813,76,76,50653,0,1,70.84690868,yahoo_bootstrap
2022-02-11,75,75.72727203,75,75.09091187,86432,0,1,69.99946021,yahoo_bootstrap
2022-02-14,74.27272797,74.45454407,73.27272797,73.90908813,63800,0,1,68.89776865,yahoo_bootstrap
2022-02-15,73.63636017,74.3636322,73.63636017,73.63636017,73920,0,1,68.64353269,yahoo_bootstrap
2022-02-16,74.3636322,74.3636322,74,74,53102,0,1,68.98251634,yahoo_bootstrap
2022-02-17,74,75.3636322,74,74.54545593,56320,0,1,69.49098827,yahoo_bootstrap
2022-02-18,74.54545593,74.8181839,74.1818161,74.8181839,58364,0,1,69.74522424,yahoo_bootstrap
2022-02-21,74.8181839,74.8181839,74.09091187,74.1818161,78263,0,1,69.15200461,yahoo_bootstrap
2022-02-22,75,75,72.90908813,74,113301,0,1,68.98251634,yahoo_bootstrap
2022-02-23,74,74.45454407,73.63636017,74.1818161,56100,0,1,69.15200461,yahoo_bootstrap
2022-02-24,73.1818161,73.8181839,72.54545593,72.90908813,182861,0,1,67.96557248,yahoo_bootstrap
2022-02-25,73.1818161,73.54545593,73,73,118115,0,1,68.05032018,yahoo_bootstrap
2022-03-01,73.90908813,73.90908813,73,73.8181839,74662,0,1,68.81302807,yahoo_bootstrap
2022-03-02,73.54545593,73.54545593,73.09091187,73.3636322,48950,0,1,68.38929672,yahoo_bootstrap
2022-03-03,75.09091187,76.1818161,74.63636017,75.8181839,201578,0,1,70.67742041,yahoo_bootstrap
2022-03-04,76.3636322,81.63636017,76.09091187,81.54545593,1239194,0,1,76.01636144,yahoo_bootstrap
2022-03-07,80,84.09091187,79.3636322,81.72727203,1989785,0,1,76.18584971,yahoo_bootstrap
2022-03-08,80.72727203,83.8181839,79.8181839,79.8181839,1069712,0,1,74.40620507,yahoo_bootstrap
2022-03-09,80.45454407,83.54545593,79.54545593,79.63636017,915527,0,1,74.23670969,yahoo_bootstrap
2022-03-10,80.63636017,86.1818161,80.27272797,85.90908813,2800512,0,1,80.08412265,yahoo_bootstrap
2022-03-11,84.54545593,86.8181839,83.1818161,83.54545593,1724322,0,1,77.88075377,yahoo_bootstrap
2022-03-14,82.8181839,84.27272797,81.8181839,81.8181839,720830,0,1,76.27059741,yahoo_bootstrap
2022-03-15,81.8181839,82.90908813,75.54545593,75.54545593,993638,0,1,70.42318444,yahoo_bootstrap
2022-03-16,77.27272797,77.45454407,74.63636017,76,515900,0,1,70.84690868,yahoo_bootstrap
2022-03-17,77.27272797,78.45454407,76.90908813,78.45454407,690349,0,1,73.13502525,yahoo_bootstrap
2022-03-18,78,78,77.3636322,77.54545593,181500,0,1,72.28757677,yahoo_bootstrap
2022-03-21,78.1818161,78.8181839,77.54545593,77.54545593,235411,0,1,72.28757677,yahoo_bootstrap
2022-03-22,78.09091187,78.09091187,77.09091187,77.09091187,205810,0,1,71.86385254,yahoo_bootstrap
2022-03-23,77.09091187,77.72727203,76.54545593,76.54545593,204820,0,1,71.3553806,yahoo_bootstrap
2022-03-24,76.3636322,76.45454407,75.63636017,75.90908813,236500,0,1,70.76216098,yahoo_bootstrap
2022-03-25,76,77,75,75.09091187,276298,0,1,69.99946021,yahoo_bootstrap
2022-03-28,75.09091187,75.09091187,73.63636017,74.72727203,162112,0,1,69.66047654,yahoo_bootstrap
2022-03-29,74.72727203,75.54545593,74.63636017,74.8181839,123530,0,1,69.74522424,yahoo_bootstrap
2022-03-30,75.8181839,75.90908813,74.90908813,75.45454407,194415,0,1,70.33843675,yahoo_bootstrap
2022-03-31,76,76.72727203,75.63636017,75.90908813,125659,0,1,70.76216098,yahoo_bootstrap
2022-04-01,75.3636322,75.3636322,74.54545593,74.72727203,181500,0,1,69.66047654,yahoo_bootstrap
2022-04-06,75.45454407,75.45454407,74.45454407,74.90908813,66001,0,1,69.82996481,yahoo_bootstrap
2022-04-07,74.90908813,74.90908813,72.8181839,73.27272797,402738,0,1,68.30455614,yahoo_bootstrap
2022-04-08,73.3636322,73.63636017,73,73.63636017,122100,0,1,68.64353269,yahoo_bootstrap
2022-04-11,73.63636017,73.63636017,71.8181839,72.09091187,308000,0,1,67.20287171,yahoo_bootstrap
2022-04-12,70.90908813,71.63636017,70,70.8181839,204600,0,1,66.01643957,yahoo_bootstrap
2022-04-13,71.90908813,72,70.54545593,71,122210,0,1,66.18592784,yahoo_bootstrap
2022-04-14,71.3636322,71.3636322,70.63636017,71,128700,0,1,66.18592784,yahoo_bootstrap
2022-04-15,71,74.54545593,70,74.27272797,451612,0,1,69.23675231,yahoo_bootstrap
2022-04-18,74.1818161,74.1818161,72.45454407,72.45454407,163911,0,1,67.54184825,yahoo_bootstrap
2022-04-19,73,73,72.3636322,72.3636322,58356,0,1,67.45710055,yahoo_bootstrap
2022-04-20,73.3636322,74.3636322,72.54545593,72.54545593,92598,0,1,67.62659594,yahoo_bootstrap
2022-04-21,72.45454407,72.72727203,72,72.54545593,88110,0,1,67.62659594,yahoo_bootstrap
2022-04-22,72.1818161,72.3636322,71.90908813,72,91407,0,1,67.11812401,yahoo_bootstrap
2022-04-25,71.45454407,71.45454407,70.1818161,70.1818161,212712,0,1,65.42321995,yahoo_bootstrap
2022-04-26,70.45454407,70.90908813,70.1818161,70.27272797,69410,0,1,65.50796764,yahoo_bootstrap
2022-04-27,65.63636017,68.63636017,65.63636017,67.54545593,141377,0,1,62.9656151,yahoo_bootstrap
2022-04-28,67.63636017,68.45454407,67.54545593,67.90908813,55519,0,1,63.30459165,yahoo_bootstrap
2022-04-29,68.27272797,70,67.90908813,68,84726,0,1,63.38933934,yahoo_bootstrap
2022-05-03,68.09091187,68.8181839,67.54545593,68.3636322,59510,0,1,63.72831589,yahoo_bootstrap
2022-05-04,68.3636322,69.09091187,68.1818161,68.1818161,40700,0,1,63.55882761,yahoo_bootstrap
2022-05-05,69.3636322,71.72727203,69.27272797,70.8181839,171853,0,1,66.01643957,yahoo_bootstrap
2022-05-06,70,70,69.3636322,69.8181839,106700,0,1,65.0842434,yahoo_bootstrap
2022-05-09,69.27272797,70,67.8181839,68.8181839,108102,0,1,64.15204724,yahoo_bootstrap
2022-05-10,68.1818161,69.09091187,67.72727203,69.09091187,98010,0,1,64.40628321,yahoo_bootstrap
2022-05-11,68.63636017,69.27272797,68.1818161,69.1818161,45650,0,1,64.49102378,yahoo_bootstrap
2022-05-12,69.54545593,69.54545593,68.1818161,68.1818161,83721,0,1,63.55882761,yahoo_bootstrap
2022-05-13,68.1818161,69.1818161,68.1818161,68.8181839,50795,0,1,64.15204724,yahoo_bootstrap
2022-05-16,69.8181839,72.63636017,69.8181839,71.72727203,222222,0,1,66.86388804,yahoo_bootstrap
2022-05-17,71.63636017,72,71.3636322,71.8181839,69925,0,1,66.94863574,yahoo_bootstrap
2022-05-18,71.72727203,72.3636322,71.72727203,71.8181839,117906,0,1,66.94863574,yahoo_bootstrap
2022-05-19,70.90908813,71.54545593,70.72727203,71.54545593,82610,0,1,66.69439977,yahoo_bootstrap
2022-05-20,72.27272797,72.27272797,71.54545593,71.72727203,29834,0,1,66.86388804,yahoo_bootstrap
2022-05-23,71.3636322,71.90908813,71.3636322,71.3636322,31212,0,1,66.52490439,yahoo_bootstrap
2022-05-24,71.72727203,71.72727203,70.1818161,70.27272797,32010,0,1,65.50796764,yahoo_bootstrap
2022-05-25,70.90908813,71.09091187,70.27272797,70.72727203,75432,0,1,65.93169187,yahoo_bootstrap
2022-05-26,71.63636017,71.63636017,70.90908813,70.90908813,49797,0,1,66.10118015,yahoo_bootstrap
2022-05-27,71.09091187,71.8181839,71,71,31928,0,1,66.18592784,yahoo_bootstrap
2022-05-30,70.90908813,73.1818161,70.90908813,72.1818161,148606,0,1,67.28761228,yahoo_bootstrap
2022-05-31,72.27272797,73.54545593,72.27272797,73,95810,0,1,68.05032018,yahoo_bootstrap
2022-06-01,73.63636017,75.8181839,73.54545593,75.45454407,415932,0,1,70.33843675,yahoo_bootstrap
2022-06-02,75.63636017,76,74.72727203,74.8181839,190344,0,1,69.74522424,yahoo_bootstrap
2022-06-06,74.63636017,75.8181839,74.63636017,74.63636017,117741,0,1,69.57572885,yahoo_bootstrap
2022-06-07,74.72727203,76.3636322,74.63636017,76.3636322,267972,0,1,71.18588522,yahoo_bootstrap
2022-06-08,77,77,75.8181839,75.8181839,230195,0,1,70.67742041,yahoo_bootstrap
2022-06-09,76.1818161,77.54545593,75.54545593,76.8181839,214720,0,1,71.60961657,yahoo_bootstrap
2022-06-10,76.8181839,77,75.54545593,75.63636017,169950,0,1,70.50792502,yahoo_bootstrap
2022-06-13,75.63636017,75.63636017,74.09091187,74.8181839,174702,0,1,69.74522424,yahoo_bootstrap
2022-06-14,73.45454407,73.45454407,71.3636322,72.09091187,155287,1.363636,1,68.4504494,yahoo_bootstrap
2022-06-15,72.54545593,73,71.8181839,71.90908813,120254,0,1,68.27780743,yahoo_bootstrap
2022-06-16,72.54545593,72.63636017,70.27272797,70.63636017,111103,0,1,67.06934996,yahoo_bootstrap
2022-06-17,70.72727203,70.72727203,68.90908813,68.90908813,160710,0,1,65.42930208,yahoo_bootstrap
2022-06-20,69.09091187,69.09091187,67.27272797,67.45454407,119020,0,1,64.0482099,yahoo_bootstrap
2022-06-21,67.90908813,70.09091187,67.8181839,69.72727203,73921,0,1,66.20616915,yahoo_bootstrap
2022-06-22,70.90908813,70.90908813,68.1818161,69.09091187,90502,0,1,65.60194405,yahoo_bootstrap
2022-06-23,69.09091187,70.1818161,68.27272797,69.54545593,61711,0,1,66.03353444,yahoo_bootstrap
2022-06-24,70.3636322,71.09091187,68.54545593,69,80327,0,1,65.51562306,yahoo_bootstrap
2022-06-27,70.63636017,71.09091187,70.1818161,71,80300,0,1,67.41462663,yahoo_bootstrap
2022-06-28,70.45454407,70.90908813,70,70.90908813,31900,0,1,67.32830565,yahoo_bootstrap
2022-06-29,70.45454407,70.45454407,69.63636017,70,33165,0,1,66.46512485,yahoo_bootstrap
2022-06-30,70.1818161,70.1818161,68.3636322,68.63636017,35367,0,1,65.1703464,yahoo_bootstrap
2022-07-01,67.45454407,68.1818161,65.45454407,65.45454407,159560,0,1,62.14920633,yahoo_bootstrap
2022-07-04,67.09091187,67.09091187,64.1818161,65.63636017,127325,0,1,62.32184104,yahoo_bootstrap
2022-07-05,67,67,65,66,79915,0,1,62.66711771,yahoo_bootstrap
2022-07-06,65.72727203,65.72727203,63.72727203,64.09091187,124520,0,1,60.85443513,yahoo_bootstrap
2022-07-07,64.63636017,67.1818161,64.09091187,66.72727203,144444,0,1,63.3576638,yahoo_bootstrap
2022-07-08,66.72727203,68,66.72727203,67.63636017,74547,0,1,64.22084461,yahoo_bootstrap
2022-07-11,67.90908813,67.90908813,66.45454407,66.63636017,28601,0,1,63.27134283,yahoo_bootstrap
2022-07-12,65.72727203,65.90908813,64.8181839,65.90908813,39902,0,1,62.58079673,yahoo_bootstrap
2022-07-13,67.45454407,68,66.1818161,66.45454407,36300,0,1,63.09870812,yahoo_bootstrap
2022-07-14,66.8181839,67.63636017,66.8181839,67.3636322,32780,0,1,63.96188892,yahoo_bootstrap
2022-07-15,67.3636322,68.63636017,66.90908813,68.45454407,77632,0,1,64.99771168,yahoo_bootstrap
2022-07-18,67.45454407,68.72727203,67.45454407,68.63636017,34100,0,1,65.1703464,yahoo_bootstrap
2022-07-19,68.8181839,69.1818161,68.3636322,68.3636322,34100,0,1,64.9113907,yahoo_bootstrap
2022-07-20,68.3636322,68.63636017,67.3636322,67.3636322,83732,0,1,63.96188892,yahoo_bootstrap
2022-07-21,67.3636322,68.45454407,66.8181839,67.1818161,44259,0,1,63.78925421,yahoo_bootstrap
2022-07-22,67.1818161,68.1818161,67.09091187,67.3636322,39600,0,1,63.96188892,yahoo_bootstrap
2022-07-25,68.09091187,68.09091187,66.8181839,67.3636322,19800,0,1,63.96188892,yahoo_bootstrap
2022-07-26,67.3636322,68.27272797,66.8181839,68.27272797,80300,0,1,64.82507697,yahoo_bootstrap
2022-07-27,68.27272797,68.72727203,68.1818161,68.27272797,23197,0,1,64.82507697,yahoo_bootstrap
2022-07-28,68.72727203,68.72727203,67.1818161,67.1818161,35915,0,1,63.78925421,yahoo_bootstrap
2022-07-29,67.27272797,68.54545593,66.90908813,67.3636322,61710,0,1,63.96188892,yahoo_bootstrap
2022-08-01,67.1818161,68.72727203,67.1818161,68.45454407,66068,0,1,64.99771168,yahoo_bootstrap
2022-08-02,68.45454407,68.45454407,65.3636322,66,151277,0,1,62.66711771,yahoo_bootstrap
2022-08-03,65.8181839,66.54545593,64.63636017,65.63636017,82778,0,1,62.32184104,yahoo_bootstrap
2022-08-04,66,66,65,65.3636322,18700,0,1,62.06288535,yahoo_bootstrap
2022-08-05,65.45454407,66.63636017,65.45454407,66.63636017,57312,0,1,63.27134283,yahoo_bootstrap
2022-08-08,66.3636322,66.3636322,65.90908813,66.27272797,25602,0,1,62.92607341,yahoo_bootstrap
2022-08-09,66.3636322,66.72727203,64.8181839,66.1818161,24200,0,1,62.83975242,yahoo_bootstrap
2022-08-10,65.63636017,66.45454407,65.63636017,66,25300,0,1,62.66711771,yahoo_bootstrap
2022-08-11,66.3636322,66.3636322,65.63636017,65.63636017,45732,0,1,62.32184104,yahoo_bootstrap
2022-08-12,65.90908813,66.8181839,65.90908813,66.63636017,78166,0,1,63.27134283,yahoo_bootstrap
2022-08-15,66.1818161,67.27272797,65.72727203,67.09091187,71698,0,1,63.70294048,yahoo_bootstrap
2022-08-16,67.3636322,68.09091187,67.3636322,68.09091187,67103,0,1,64.65244226,yahoo_bootstrap
2022-08-17,68.09091187,68.63636017,68.09091187,68.1818161,55590,0,1,64.73875599,yahoo_bootstrap
2022-08-18,68.3636322,68.63636017,68.1818161,68.63636017,20900,0,1,65.1703464,yahoo_bootstrap
2022-08-19,69.27272797,71.1818161,69.27272797,70.45454407,178282,0,1,66.89671525,yahoo_bootstrap
2022-08-22,70.45454407,70.45454407,69.09091187,69.72727203,42900,0,1,66.20616915,yahoo_bootstrap
2022-08-23,69.27272797,72.3636322,68.72727203,72.1818161,165126,0,1,68.53676312,yahoo_bootstrap
2022-08-24,73.63636017,73.63636017,71.27272797,71.45454407,111100,0,1,67.84621703,yahoo_bootstrap
2022-08-25,71.54545593,72,71.1818161,72,97900,0,1,68.36412841,yahoo_bootstrap
2022-08-26,72,73.1818161,72,72.72727203,168545,0,1,69.0546745,yahoo_bootstrap
2022-08-29,71.59999847,75,71,73.69999695,163512,0,1.1,69.97827855,yahoo_bootstrap
2022-08-30,74,75.09999847,73.69999695,74.59999847,69008,0,1,70.8328316,yahoo_bootstrap
2022-08-31,75.30000305,75.30000305,74.09999847,74.40000153,46069,0,1,70.64293415,yahoo_bootstrap
2022-09-01,73.5,74.69999695,73.09999847,74,44670,0,1,70.26313198,yahoo_bootstrap
2022-09-02,74.80000305,74.80000305,73.5,73.80000305,28040,0,1,70.07323452,yahoo_bootstrap
2022-09-05,73.5,73.90000153,72,72,69000,0,1,68.36412841,yahoo_bootstrap
2022-09-06,73.30000305,73.5,71.69999695,73.30000305,78100,0,1,69.59848363,yahoo_bootstrap
2022-09-07,73.69999695,73.69999695,71.40000153,73,62000,0,1,69.3136302,yahoo_bootstrap
2022-09-08,73.30000305,74,73,73.90000153,28288,0,1,70.16818325,yahoo_bootstrap
2022-09-12,73.90000153,74,72.5,73.09999847,32036,0,1,69.40857892,yahoo_bootstrap
2022-09-13,73,73.5,72.30000305,72.5,36005,0,1,68.8388793,yahoo_bootstrap
2022-09-14,72.19999695,73.09999847,72,72.90000153,33010,0,1,69.21868147,yahoo_bootstrap
2022-09-15,72.5,73.30000305,72,72,64000,0,1,68.36412841,yahoo_bootstrap
2022-09-16,71.5,72.69999695,71,71.5,24000,0,1,67.88937752,yahoo_bootstrap
2022-09-19,70.19999695,72.5,70.09999847,71.40000153,39451,0,1,67.7944288,yahoo_bootstrap
2022-09-20,71.40000153,72.30000305,70.59999847,71.59999847,20032,0,1,67.98432625,yahoo_bootstrap
2022-09-21,71,72.09999847,71,72.09999847,41115,0,1,68.45907714,yahoo_bootstrap
2022-09-22,72.30000305,72.30000305,71.09999847,71.80000305,32234,0,1,68.17423095,yahoo_bootstrap
2022-09-23,71.5,71.5,70.59999847,71.30000305,50300,0,1,67.69948006,yahoo_bootstrap
2022-09-26,69.09999847,71.09999847,68.19999695,68.59999847,89000,0,1,65.1358209,yahoo_bootstrap
2022-09-27,68.59999847,69.40000153,68.59999847,69,59100,0,1,65.51562306,yahoo_bootstrap
2022-09-28,69.5,70.69999695,66,66,127186,0,1,62.66711771,yahoo_bootstrap
2022-09-29,68,68.80000305,66,66,44000,0,1,62.66711771,yahoo_bootstrap
2022-09-30,67,69.90000153,66.30000305,69.90000153,259101,0,1,66.37017612,yahoo_bootstrap
2022-10-03,69,70.69999695,69,70.40000153,79020,0,1,66.84492701,yahoo_bootstrap
2022-10-04,70.80000305,72,70.80000305,71.5,69224,0,1,67.88937752,yahoo_bootstrap
2022-10-05,71.19999695,71.19999695,70.09999847,70.09999847,106903,0,1,66.56007357,yahoo_bootstrap
2022-10-06,70.30000305,71.69999695,70.30000305,70.59999847,77746,0,1,67.03482446,yahoo_bootstrap
2022-10-07,70.80000305,71.30000305,70.59999847,70.90000153,64230,0,1,67.3196779,yahoo_bootstrap
2022-10-11,70,70.59999847,67.90000153,69.69999695,147510,0,1,66.18027142,yahoo_bootstrap
2022-10-12,69.59999847,70.09999847,68.09999847,70,40870,0,1,66.46512485,yahoo_bootstrap
2022-10-13,70,70,68.5,70,81373,0,1,66.46512485,yahoo_bootstrap
2022-10-14,69.09999847,70.90000153,69.09999847,70.30000305,62412,0,1,66.74997828,yahoo_bootstrap
2022-10-17,69.80000305,70,69.09999847,70,30622,0,1,66.46512485,yahoo_bootstrap
2022-10-18,70,71.80000305,69.09999847,70.09999847,44642,0,1,66.56007357,yahoo_bootstrap
2022-10-19,70.30000305,70.30000305,69.09999847,69.90000153,39078,0,1,66.37017612,yahoo_bootstrap
2022-10-20,68.90000153,69.19999695,68.59999847,69.09999847,40010,0,1,65.61057179,yahoo_bootstrap
2022-10-21,69,69.80000305,68.69999695,69.69999695,50200,0,1,66.18027142,yahoo_bootstrap
2022-10-24,69.09999847,71.5,69.09999847,71.5,85900,0,1,67.88937752,yahoo_bootstrap
2022-10-25,71.5,72.30000305,70,72.30000305,105234,0,1,68.64898184,yahoo_bootstrap
2022-10-26,72,72.30000305,71.40000153,72.09999847,119100,0,1,68.45907714,yahoo_bootstrap
2022-10-27,72,72.80000305,71.40000153,72.69999695,114204,0,1,69.02877677,yahoo_bootstrap
2022-10-28,72.59999847,72.59999847,71.5,72.5,59452,0,1,68.8388793,yahoo_bootstrap
2022-10-31,72.80000305,73,72.09999847,73,120503,0,1,69.3136302,yahoo_bootstrap
2022-11-01,72.69999695,73.59999847,72.30000305,73.59999847,140607,0,1,69.88332981,yahoo_bootstrap
2022-11-02,73,77,73,76.40000153,150994,0,1,72.54193771,yahoo_bootstrap
2022-11-03,75.80000305,77,74.90000153,77,202727,0,1,73.11163733,yahoo_bootstrap
2022-11-04,77.19999695,77.19999695,75.59999847,76.90000153,93347,0,1,73.01668861,yahoo_bootstrap
2022-11-07,76.90000153,76.90000153,74.80000305,74.80000305,72520,0,1,71.0227363,yahoo_bootstrap
2022-11-08,74.80000305,75.80000305,73.5,75.80000305,141099,0,1,71.97223809,yahoo_bootstrap
2022-11-09,75.80000305,76,74.5,75.90000153,89934,0,1,72.06718682,yahoo_bootstrap
2022-11-10,74.90000153,76.19999695,74.90000153,76,82300,0,1,72.16213555,yahoo_bootstrap
2022-11-11,77.90000153,78.40000153,75.09999847,76,117042,0,1,72.16213555,yahoo_bootstrap
2022-11-14,75.59999847,75.90000153,75.59999847,75.69999695,23315,0,1,71.87728212,yahoo_bootstrap
2022-11-15,75.69999695,76.40000153,75,76.19999695,92847,0,1,72.35203301,yahoo_bootstrap
2022-11-16,76.09999847,76.19999695,75.19999695,75.30000305,106963,0,1,71.49748719,yahoo_bootstrap
2022-11-17,74.80000305,75.80000305,74.69999695,75.69999695,49834,0,1,71.87728212,yahoo_bootstrap
2022-11-18,76.19999695,76.19999695,75.19999695,76,67675,0,1,72.16213555,yahoo_bootstrap
2022-11-21,75.5,75.90000153,75.09999847,75.90000153,74315,0,1,72.06718682,yahoo_bootstrap
2022-11-22,75.90000153,77,75.40000153,77,136912,0,1,73.11163733,yahoo_bootstrap
2022-11-23,77.5,77.5,76.19999695,76.40000153,85040,0,1,72.54193771,yahoo_bootstrap
2022-11-24,76.5,76.90000153,76.19999695,76.90000153,51032,0,1,73.01668861,yahoo_bootstrap
2022-11-25,76.90000153,76.90000153,76.09999847,76.30000305,68125,0,1,72.44698898,yahoo_bootstrap
2022-11-28,76,77,75.69999695,76.80000305,161320,0,1,72.92173987,yahoo_bootstrap
2022-11-29,76.80000305,80,76.69999695,80,339907,0,1,75.96014268,yahoo_bootstrap
2022-11-30,79.09999847,79.09999847,76.80000305,77.09999847,227840,0,1,73.20658606,yahoo_bootstrap
2022-12-01,78,78.69999695,77.5,77.69999695,89810,0,1,73.77628568,yahoo_bootstrap
2022-12-02,77.19999695,78.40000153,76.90000153,77.09999847,59776,0,1,73.20658606,yahoo_bootstrap
2022-12-05,77.5,77.90000153,76.69999695,76.69999695,123022,0,1,72.8267839,yahoo_bootstrap
2022-12-06,77.30000305,77.30000305,74.19999695,74.40000153,127253,0,1,70.64293415,yahoo_bootstrap
2022-12-07,74.5,75.09999847,73.09999847,73.59999847,67010,0,1,69.88332981,yahoo_bootstrap
2022-12-08,73.59999847,74,73.09999847,73.59999847,41035,0,1,69.88332981,yahoo_bootstrap
2022-12-09,73.69999695,73.69999695,73.09999847,73.30000305,30010,0,1,69.59848363,yahoo_bootstrap
2022-12-12,72.5,72.59999847,71.19999695,72.40000153,27302,0,1,68.74393058,yahoo_bootstrap
2022-12-13,72.09999847,73,72.09999847,73,45100,0,1,69.3136302,yahoo_bootstrap
2022-12-14,73.80000305,74.40000153,73.40000153,73.59999847,26100,0,1,69.88332981,yahoo_bootstrap
2022-12-15,73.59999847,74.19999695,73.59999847,74.09999847,36466,0,1,70.35808071,yahoo_bootstrap
2022-12-16,72.5,73.5,72.5,72.80000305,28462,0,1,69.12373274,yahoo_bootstrap
2022-12-19,72.30000305,72.80000305,72,72.19999695,23400,0,1,68.55402587,yahoo_bootstrap
2022-12-20,72.40000153,72.40000153,71.19999695,71.30000305,36195,0,1,67.69948006,yahoo_bootstrap
2022-12-21,72,72.19999695,71.30000305,71.30000305,20281,0,1,67.69948006,yahoo_bootstrap
2022-12-22,71.30000305,72,71.30000305,71.30000305,34920,0,1,67.69948006,yahoo_bootstrap
2022-12-23,71.40000153,71.59999847,71.30000305,71.30000305,18252,0,1,67.69948006,yahoo_bootstrap
2022-12-26,71.30000305,71.40000153,70.80000305,70.80000305,29030,0,1,67.22472917,yahoo_bootstrap
2022-12-27,70.69999695,71.40000153,70.69999695,71.30000305,31000,0,1,67.69948006,yahoo_bootstrap
2022-12-28,71,71,69.69999695,69.69999695,47572,0,1,66.18027142,yahoo_bootstrap
2022-12-29,69.59999847,70.5,69.59999847,70.5,15219,0,1,66.93987574,yahoo_bootstrap
2022-12-30,70.5,70.5,70,70,19110,0,1,66.46512485,yahoo_bootstrap
2023-01-03,69.90000153,69.90000153,68.5,68.90000153,43329,0,1,65.42067434,yahoo_bootstrap
2023-01-04,68.59999847,69.40000153,68.59999847,69.40000153,18000,0,1,65.89542523,yahoo_bootstrap
2023-01-05,69.69999695,70.30000305,69.59999847,70,43201,0,1,66.46512485,yahoo_bootstrap
2023-01-06,70,70.5,69.69999695,70.09999847,36043,0,1,66.56007357,yahoo_bootstrap
2023-01-09,70.09999847,71.30000305,70.09999847,70.90000153,76670,0,1,67.3196779,yahoo_bootstrap
2023-01-10,70.09999847,70.80000305,70.09999847,70.59999847,26043,0,1,67.03482446,yahoo_bootstrap
2023-01-11,70.90000153,70.90000153,70,70.5,18000,0,1,66.93987574,yahoo_bootstrap
2023-01-12,70,70.5,70,70.09999847,31336,0,1,66.56007357,yahoo_bootstrap
2023-01-13,70.09999847,71.80000305,69.69999695,69.69999695,40000,0,1,66.18027142,yahoo_bootstrap
2023-01-16,69.69999695,70.5,69.5,70,33555,0,1,66.46512485,yahoo_bootstrap
2023-01-17,70,71.09999847,69.69999695,70,20500,0,1,66.46512485,yahoo_bootstrap
2023-01-30,70,74,70,73,148932,0,1,69.3136302,yahoo_bootstrap
2023-01-31,73.69999695,74,72.90000153,73.69999695,83389,0,1,69.97827855,yahoo_bootstrap
2023-02-01,74.09999847,74.40000153,73.59999847,73.90000153,56312,0,1,70.16818325,yahoo_bootstrap
2023-02-02,73.80000305,74.90000153,73.40000153,74.30000305,77722,0,1,70.54798541,yahoo_bootstrap
2023-02-03,74.5,74.5,73.59999847,74.40000153,80223,0,1,70.64293415,yahoo_bootstrap
2023-02-06,74.59999847,74.59999847,72.5,73.40000153,47643,0,1,69.69343236,yahoo_bootstrap
2023-02-07,73.40000153,74.30000305,73.19999695,73.69999695,32402,0,1,69.97827855,yahoo_bootstrap
2023-02-08,74.30000305,77,73.59999847,76.30000305,387301,0,1,72.44698898,yahoo_bootstrap
2023-02-09,76.30000305,77,75.59999847,76.90000153,96940,0,1,73.01668861,yahoo_bootstrap
2023-02-10,77,77.19999695,75.19999695,75.19999695,85599,0,1,71.40253122,yahoo_bootstrap
2023-02-13,75,75.90000153,74.80000305,75.40000153,59417,0,1,71.59243593,yahoo_bootstrap
2023-02-14,75.40000153,75.80000305,74.80000305,74.80000305,72722,0,1,71.0227363,yahoo_bootstrap
2023-02-15,74.5,74.90000153,73.59999847,73.59999847,73149,0,1,69.88332981,yahoo_bootstrap
2023-02-16,73.59999847,74.59999847,73.59999847,74.40000153,51383,0,1,70.64293415,yahoo_bootstrap
2023-02-17,74.19999695,74.5,74,74.5,12000,0,1,70.73788287,yahoo_bootstrap
2023-02-20,74.30000305,74.90000153,74,74.69999695,22437,0,1,70.92778033,yahoo_bootstrap
2023-02-21,75.69999695,78.30000305,75.59999847,77.59999847,514205,0,1,73.68133695,yahoo_bootstrap
2023-02-22,77.40000153,77.59999847,76.09999847,76.5,126458,0,1,72.63688644,yahoo_bootstrap
2023-02-23,76.80000305,77,76.40000153,76.80000305,55937,0,1,72.92173987,yahoo_bootstrap
2023-02-24,76.80000305,78.30000305,76.69999695,77.69999695,117482,0,1,73.77628568,yahoo_bootstrap
2023-03-01,77.69999695,78.19999695,77.09999847,77.80000305,110369,0,1,73.87124165,yahoo_bootstrap
2023-03-02,77.90000153,78.5,77.09999847,77.30000305,58329,0,1,73.39649076,yahoo_bootstrap
2023-03-03,77.30000305,77.5,76.90000153,77.40000153,56115,0,1,73.4914395,yahoo_bootstrap
2023-03-06,77.69999695,79,77.59999847,78.19999695,117200,0,1,74.25103657,yahoo_bootstrap
2023-03-07,78.5,84.19999695,78.5,80.40000153,1175646,0,1,76.33994485,yahoo_bootstrap
2023-03-08,79.59999847,87,79.59999847,85.5,1746805,0,1,81.18240249,yahoo_bootstrap
2023-03-09,86.59999847,86.59999847,82.5,83,941398,0,1,78.80864803,yahoo_bootstrap
2023-03-10,81.80000305,82.80000305,79.5,80.09999847,369750,0,1,76.05509141,yahoo_bootstrap
2023-03-13,80.5,80.5,76.59999847,78.90000153,228474,0,1,74.91569217,yahoo_bootstrap
2023-03-14,79.5,79.5,78,78,116836,0,1,74.06113911,yahoo_bootstrap
2023-03-15,76.30000305,78.69999695,76.30000305,76.59999847,195217,0,1,72.73183516,yahoo_bootstrap
2023-03-16,76.59999847,77.5,76.5,76.5,76057,0,1,72.63688644,yahoo_bootstrap
2023-03-17,75.5,77.40000153,75.5,77.19999695,84753,0,1,73.30153479,yahoo_bootstrap
2023-03-20,78.09999847,78.90000153,74.09999847,76.90000153,119026,0,1,73.01668861,yahoo_bootstrap
2023-03-21,77.5,77.5,76.5,77,69612,0,1,73.11163733,yahoo_bootstrap
2023-03-22,77.09999847,78.30000305,77,77.30000305,113271,0,1,73.39649076,yahoo_bootstrap
2023-03-23,77.30000305,79.80000305,77,78.59999847,164301,0,1,74.63083873,yahoo_bootstrap
2023-03-24,78.59999847,78.59999847,78,78.5,66354,0,1,74.53589001,yahoo_bootstrap
2023-03-27,77.90000153,78,77.19999695,77.69999695,87154,0,1,73.77628568,yahoo_bootstrap
2023-03-28,77.09999847,77.69999695,75.40000153,76.80000305,86612,0,1,72.92173987,yahoo_bootstrap
2023-03-29,76.80000305,77.80000305,76.30000305,76.5,48077,0,1,72.63688644,yahoo_bootstrap
2023-03-30,76.5,78.59999847,76.5,77.80000305,137209,0,1,73.87124165,yahoo_bootstrap
2023-03-31,77.69999695,78,77.30000305,77.80000305,52762,0,1,73.87124165,yahoo_bootstrap
2023-04-06,78.59999847,79.5,77.69999695,78.90000153,107115,0,1,74.91569217,yahoo_bootstrap
2023-04-07,79.80000305,79.80000305,78.69999695,78.80000305,69743,0,1,74.82074344,yahoo_bootstrap
2023-04-10,78.80000305,80.59999847,78.40000153,80.19999695,203810,0,1,76.15004014,yahoo_bootstrap
2023-04-11,80.30000305,80.30000305,79.69999695,80,61389,0,1,75.96014268,yahoo_bootstrap
2023-04-12,79.69999695,79.80000305,79.5,79.5,59200,0,1,75.48539179,yahoo_bootstrap
2023-04-13,79.5,80.40000153,79.40000153,79.59999847,71206,0,1,75.58034052,yahoo_bootstrap
2023-04-14,80.19999695,80.19999695,78,78,135300,0,1,74.06113911,yahoo_bootstrap
2023-04-17,79.40000153,81.5,79.19999695,80.5,381346,0,1,76.43489357,yahoo_bootstrap
2023-04-18,81.40000153,81.5,80.40000153,80.90000153,105876,0,1,76.81469574,yahoo_bootstrap
2023-04-19,81.59999847,81.59999847,78.69999695,78.80000305,160871,0,1,74.82074344,yahoo_bootstrap
2023-04-20,78.80000305,78.80000305,77.09999847,77.19999695,124467,0,1,73.30153479,yahoo_bootstrap
2023-04-21,77.19999695,78.5,74.80000305,76.30000305,224617,0,1,72.44698898,yahoo_bootstrap
2023-04-24,76,76.90000153,76,76.40000153,56200,0,1,72.54193771,yahoo_bootstrap
2023-04-25,76.80000305,77.59999847,74.09999847,74.69999695,195062,0,1,70.92778033,yahoo_bootstrap
2023-04-26,74.69999695,75.40000153,74,74.80000305,61020,0,1,71.0227363,yahoo_bootstrap
2023-04-27,74.69999695,75.59999847,74.69999695,75.19999695,24200,0,1,71.40253122,yahoo_bootstrap
2023-04-28,76,77,75.40000153,76.30000305,68820,0,1,72.44698898,yahoo_bootstrap
2023-05-02,76.09999847,78,76.09999847,77.80000305,48481,0,1,73.87124165,yahoo_bootstrap
2023-05-03,76.80000305,77.30000305,76,76.69999695,30445,0,1,72.8267839,yahoo_bootstrap
2023-05-04,77,77,76.40000153,76.59999847,16627,0,1,72.73183516,yahoo_bootstrap
2023-05-05,76.59999847,77.19999695,76.19999695,76.19999695,27310,0,1,72.35203301,yahoo_bootstrap
2023-05-08,77.59999847,77.59999847,76,76,19412,0,1,72.16213555,yahoo_bootstrap
2023-05-09,75.59999847,75.59999847,74.69999695,74.80000305,57302,0,1,71.0227363,yahoo_bootstrap
2023-05-10,74.59999847,75.80000305,74.59999847,75,41820,0,1,71.21263376,yahoo_bootstrap
2023-05-11,75,75,73.09999847,73.19999695,126326,0,1,69.50352766,yahoo_bootstrap
2023-05-12,73,74.40000153,72.40000153,73.69999695,80103,0,1,69.97827855,yahoo_bootstrap
2023-05-15,73.80000305,74,72.69999695,73.90000153,46402,0,1,70.16818325,yahoo_bootstrap
2023-05-16,73.90000153,74.5,73.69999695,73.90000153,58158,0,1,70.16818325,yahoo_bootstrap
2023-05-17,74.5,75.5,74,74.80000305,72212,0,1,71.0227363,yahoo_bootstrap
2023-05-18,75.40000153,75.5,74.90000153,75.09999847,57925,0,1,71.30758249,yahoo_bootstrap
2023-05-19,75.09999847,76.40000153,75,75,79200,0,1,71.21263376,yahoo_bootstrap
2023-05-22,75,76.09999847,75,75.09999847,27517,0,1,71.30758249,yahoo_bootstrap
2023-05-23,75.40000153,75.80000305,75.40000153,75.40000153,26414,0,1,71.59243593,yahoo_bootstrap
2023-05-24,75.40000153,75.40000153,74.80000305,75.30000305,11195,0,1,71.49748719,yahoo_bootstrap
2023-05-25,75.30000305,75.69999695,74.19999695,74.40000153,28150,0,1,70.64293415,yahoo_bootstrap
2023-05-26,74.30000305,74.40000153,72.80000305,73.19999695,118180,0,1,69.50352766,yahoo_bootstrap
2023-05-29,73.19999695,74.80000305,73.19999695,73.80000305,25512,0,1,70.07323452,yahoo_bootstrap
2023-05-30,73.90000153,74.40000153,73.69999695,74,37465,0,1,70.26313198,yahoo_bootstrap
2023-05-31,74,74.5,73.90000153,73.90000153,19705,0,1,70.16818325,yahoo_bootstrap
2023-06-01,73.5,74.69999695,73.5,74,34400,0,1,70.26313198,yahoo_bootstrap
2023-06-02,74.40000153,74.40000153,73.80000305,73.90000153,40095,0,1,70.16818325,yahoo_bootstrap
2023-06-05,73.90000153,74.59999847,73.90000153,74.19999695,50504,0,1,70.45302944,yahoo_bootstrap
2023-06-06,73.80000305,74,73.59999847,73.80000305,40000,0,1,70.07323452,yahoo_bootstrap
2023-06-07,73.80000305,74.40000153,73.80000305,74.30000305,87023,0,1,70.54798541,yahoo_bootstrap
2023-06-08,74.30000305,74.69999695,73.59999847,73.59999847,46030,0,1,69.88332981,yahoo_bootstrap
2023-06-09,73.59999847,74.59999847,73.59999847,73.59999847,45770,0,1,69.88332981,yahoo_bootstrap
2023-06-12,73.59999847,74,73.09999847,73.40000153,47940,0,1,69.69343236,yahoo_bootstrap
2023-06-13,73.80000305,74.19999695,73.09999847,73.19999695,80070,0,1,69.50352766,yahoo_bootstrap
2023-06-14,73,73.90000153,73,73.69999695,52065,0,1,69.97827855,yahoo_bootstrap
2023-06-15,74.09999847,75,73.30000305,74.80000305,185520,0,1,71.0227363,yahoo_bootstrap
2023-06-16,75,75.5,74.40000153,74.40000153,113096,0,1,70.64293415,yahoo_bootstrap
2023-06-19,74.40000153,74.80000305,73.90000153,74.69999695,89005,0,1,70.92778033,yahoo_bootstrap
2023-06-20,75,75.59999847,74.69999695,75,122050,0,1,71.21263376,yahoo_bootstrap
2023-06-21,75.09999847,75.59999847,74.80000305,75.19999695,124066,0,1,71.40253122,yahoo_bootstrap
2023-06-26,75.19999695,75.19999695,74.69999695,74.69999695,69292,0,1,70.92778033,yahoo_bootstrap
2023-06-27,74.80000305,74.80000305,73.59999847,74,100950,0,1,70.26313198,yahoo_bootstrap
2023-06-28,74,74.90000153,74,74.30000305,53000,0,1,70.54798541,yahoo_bootstrap
2023-06-29,74.30000305,75.09999847,74.09999847,74.30000305,85715,0,1,70.54798541,yahoo_bootstrap
2023-06-30,74.80000305,74.80000305,73.80000305,73.90000153,25562,0,1,70.16818325,yahoo_bootstrap
2023-07-03,74.80000305,75.30000305,73.19999695,73.40000153,70811,0,1,69.69343236,yahoo_bootstrap
2023-07-04,74.19999695,74.19999695,72.59999847,72.69999695,124596,0,1,69.02877677,yahoo_bootstrap
2023-07-05,73.40000153,73.5,72.5,73.09999847,39750,0,1,69.40857892,yahoo_bootstrap
2023-07-06,73.69999695,73.80000305,71,72,179610,0,1,68.36412841,yahoo_bootstrap
2023-07-07,71.80000305,72.30000305,71.19999695,71.80000305,35055,0,1,68.17423095,yahoo_bootstrap
2023-07-10,71.80000305,72.09999847,70.5,70.90000153,82721,0,1,67.3196779,yahoo_bootstrap
2023-07-11,70.69999695,71.09999847,69.40000153,69.90000153,197400,0,1,66.37017612,yahoo_bootstrap
2023-07-12,69.80000305,70.30000305,69.09999847,69.80000305,93300,0,1,66.27522739,yahoo_bootstrap
2023-07-13,70.40000153,70.40000153,69.30000305,70,126382,0,1,66.46512485,yahoo_bootstrap
2023-07-14,70.19999695,70.69999695,69.5,70,90881,0,1,66.46512485,yahoo_bootstrap
2023-07-17,70,70,69.19999695,69.80000305,63351,0,1,66.27522739,yahoo_bootstrap
2023-07-18,69.59999847,70,68.90000153,70,94300,0,1,66.46512485,yahoo_bootstrap
2023-07-19,70.5,70.69999695,68.5,68.5,152132,0,1,65.04087217,yahoo_bootstrap
2023-07-20,68.59999847,68.59999847,68.09999847,68.5,71817,0,1,65.04087217,yahoo_bootstrap
2023-07-21,68.5,69.30000305,68.5,68.69999695,46015,0,1,65.23076963,yahoo_bootstrap
2023-07-24,68.40000153,68.80000305,67.59999847,67.80000305,100610,0,1,64.37622382,yahoo_bootstrap
2023-07-25,67.80000305,67.80000305,67,67.40000153,114024,0,1,63.99642166,yahoo_bootstrap
2023-07-26,67.80000305,68,67.09999847,67.5,46722,0,1,64.09137039,yahoo_bootstrap
2023-07-27,67.69999695,69,67.69999695,68.90000153,69424,0,1,65.42067434,yahoo_bootstrap
2023-07-28,68.59999847,69,68.19999695,68.90000153,41814,0,1,65.42067434,yahoo_bootstrap
2023-07-31,69.69999695,69.69999695,68.19999695,68.40000153,25151,0,1,64.94592345,yahoo_bootstrap
2023-08-01,68.5,68.59999847,67.30000305,68.09999847,37793,0,1,64.66107,yahoo_bootstrap
2023-08-02,68,68,67,67.30000305,70560,0,1,63.90147293,yahoo_bootstrap
2023-08-04,67.30000305,67.40000153,67,67.30000305,37490,0,1,63.90147293,yahoo_bootstrap
2023-08-07,67.40000153,67.80000305,67.19999695,67.80000305,15281,0,1,64.37622382,yahoo_bootstrap
2023-08-08,67.80000305,67.80000305,67,67.80000305,71516,0,1,64.37622382,yahoo_bootstrap
2023-08-09,67.30000305,67.5,66.80000305,67.5,71065,0,1,64.09137039,yahoo_bootstrap
2023-08-10,66.80000305,67.5,66.69999695,67.40000153,50497,0,1,63.99642166,yahoo_bootstrap
2023-08-11,67.5,67.5,66.90000153,67.40000153,39600,0,1,63.99642166,yahoo_bootstrap
2023-08-14,67.09999847,68,66.69999695,67.40000153,73339,0,1,63.99642166,yahoo_bootstrap
2023-08-15,67.40000153,67.40000153,66.90000153,67.09999847,27165,0,1,63.71156822,yahoo_bootstrap
2023-08-16,67.09999847,67.09999847,66,66.80000305,46621,0,1,63.42672203,yahoo_bootstrap
2023-08-17,66.30000305,66.59999847,65.80000305,66.40000153,51075,0,1,63.04691988,yahoo_bootstrap
2023-08-18,66,66.80000305,66,66.80000305,65686,0,1,63.42672203,yahoo_bootstrap
2023-08-21,65.80000305,66.40000153,65.09999847,65.30000305,33100,2,1,63.91612573,yahoo_bootstrap
2023-08-22,65.30000305,65.30000305,65,65,24140,0,1,63.62248053,yahoo_bootstrap
2023-08-23,65.59999847,65.80000305,64.5,64.5,36315,0,1,63.13307683,yahoo_bootstrap
2023-08-24,64.5,65.40000153,63.59999847,63.70000076,115061,0,1,62.35003166,yahoo_bootstrap
2023-08-25,63.70000076,64.19999695,63.59999847,63.79999924,32973,0,1,62.44791091,yahoo_bootstrap
2023-08-28,64.30000305,64.5,63.59999847,63.79999924,56325,0,1,62.44791091,yahoo_bootstrap
2023-08-29,64,64.69999695,63.70000076,64,16885,0,1,62.64367314,yahoo_bootstrap
2023-08-30,64.30000305,64.5,63.79999924,64.19999695,80400,0,1,62.83943163,yahoo_bootstrap
2023-08-31,64.5,64.59999847,64.30000305,64.40000153,26896,0,1,63.03519759,yahoo_bootstrap
2023-09-01,64.59999847,65.90000153,64.5,65.59999847,97320,0,1,64.20976347,yahoo_bootstrap
2023-09-04,65.59999847,66.5,64.19999695,64.59999847,111100,0,1,63.23095607,yahoo_bootstrap
2023-09-05,65.19999695,65.5,64.59999847,64.90000153,20340,0,1,63.52460129,yahoo_bootstrap
2023-09-06,65,65,64,64.09999847,45400,0,1,62.74155238,yahoo_bootstrap
2023-09-07,64,64.30000305,63.40000153,64,74020,0,1,62.64367314,yahoo_bootstrap
2023-09-08,63.59999847,64,63.59999847,63.79999924,23221,0,1,62.44791091,yahoo_bootstrap
2023-09-11,63.79999924,64.40000153,63.40000153,63.79999924,26054,0,1,62.44791091,yahoo_bootstrap
2023-09-12,63.79999924,64.19999695,63,63.79999924,46388,0,1,62.44791091,yahoo_bootstrap
2023-09-13,63.79999924,65.40000153,63.79999924,64.80000305,67306,0,1,63.42672203,yahoo_bootstrap
2023-09-14,64.90000153,66.69999695,64.90000153,66.5,132272,0,1,65.09069162,yahoo_bootstrap
2023-09-15,66.90000153,67.30000305,66.09999847,66.09999847,52200,0,1,64.69916716,yahoo_bootstrap
2023-09-18,65.69999695,65.69999695,65.19999695,65.30000305,35100,0,1,63.91612573,yahoo_bootstrap
2023-09-19,65.80000305,65.80000305,64.69999695,64.69999695,28060,0,1,63.32883532,yahoo_bootstrap
2023-09-20,64.19999695,65.59999847,64.19999695,64.69999695,23543,0,1,63.32883532,yahoo_bootstrap
2023-09-21,65,65,64.09999847,64.5,49047,0,1,63.13307683,yahoo_bootstrap
2023-09-22,64,65.30000305,64,64.59999847,14210,0,1,63.23095607,yahoo_bootstrap
2023-09-25,64,65.19999695,63.09999847,64.59999847,19386,0,1,63.23095607,yahoo_bootstrap
2023-09-26,64,64.59999847,64,64.59999847,26072,0,1,63.23095607,yahoo_bootstrap
2023-09-27,64.59999847,64.59999847,64.59999847,64.59999847,6001,0,1,63.23095607,yahoo_bootstrap
2023-09-28,65.30000305,65.40000153,64.09999847,64.19999695,29100,0,1,62.83943163,yahoo_bootstrap
2023-10-02,64.19999695,65.30000305,64,64.40000153,13000,0,1,63.03519759,yahoo_bootstrap
2023-10-03,64.59999847,64.59999847,63.90000153,64.5,21068,0,1,63.13307683,yahoo_bootstrap
2023-10-04,63.90000153,64.30000305,63.79999924,64.19999695,22078,0,1,62.83943163,yahoo_bootstrap
2023-10-05,63.79999924,64.5,63.79999924,64.09999847,22300,0,1,62.74155238,yahoo_bootstrap
2023-10-06,63.20000076,64.40000153,63.20000076,64.09999847,21110,0,1,62.74155238,yahoo_bootstrap
2023-10-11,64.19999695,64.30000305,64,64,12722,0,1,62.64367314,yahoo_bootstrap
2023-10-12,63.79999924,64.90000153,63.5,64.90000153,48544,0,1,63.52460129,yahoo_bootstrap
2023-10-13,65.09999847,65.09999847,64.40000153,64.80000305,19168,0,1,63.42672203,yahoo_bootstrap
2023-10-16,64.59999847,64.90000153,64,64,27071,0,1,62.64367314,yahoo_bootstrap
2023-10-17,64,64.69999695,63.70000076,64,30512,0,1,62.64367314,yahoo_bootstrap
2023-10-18,63.20000076,64.19999695,62.70000076,64,114032,0,1,62.64367314,yahoo_bootstrap
2023-10-19,62.79999924,63.90000153,62.79999924,63.90000153,26441,0,1,62.54579389,yahoo_bootstrap
2023-10-20,63.79999924,64.80000305,62.79999924,64.09999847,40300,0,1,62.74155238,yahoo_bootstrap
2023-10-23,64,64.5,63.09999847,63.40000153,14309,0,1,62.0563902,yahoo_bootstrap
2023-10-24,63.29999924,63.29999924,62.59999847,62.79999924,33000,0,1,61.46910352,yahoo_bootstrap
2023-10-25,63.29999924,63.29999924,62.79999924,62.79999924,12132,0,1,61.46910352,yahoo_bootstrap
2023-10-26,62.5,62.79999924,62.20000076,62.79999924,22502,0,1,61.46910352,yahoo_bootstrap
2023-10-27,62.29999924,62.79999924,62.09999847,62.70000076,20200,0,1,61.37122427,yahoo_bootstrap
2023-10-30,62.70000076,62.70000076,62.20000076,62.70000076,24100,0,1,61.37122427,yahoo_bootstrap
2023-10-31,63.09999847,63.09999847,62.09999847,62.09999847,42000,0,1,60.78393759,yahoo_bootstrap
2023-11-01,62.40000153,62.70000076,62,62.20000076,38002,0,1,60.88182057,yahoo_bootstrap
2023-11-02,62.70000076,62.79999924,61.90000153,62.09999847,30495,0,1,60.78393759,yahoo_bootstrap
2023-11-03,62.59999847,62.59999847,61.59999847,62.09999847,25822,0,1,60.78393759,yahoo_bootstrap
2023-11-06,62.5,63.5,62.5,63.29999924,43423,0,1,61.95850722,yahoo_bootstrap
2023-11-07,63.20000076,63.20000076,62.70000076,62.90000153,13015,0,1,61.5669865,yahoo_bootstrap
2023-11-08,62.20000076,62.90000153,62.20000076,62.79999924,21200,0,1,61.46910352,yahoo_bootstrap
2023-11-09,62.29999924,62.70000076,62.20000076,62.29999924,19720,0,1,60.97969982,yahoo_bootstrap
2023-11-10,62,62.59999847,61.59999847,62.20000076,26000,0,1,60.88182057,yahoo_bootstrap
2023-11-13,61.5,62.09999847,61.09999847,61.70000076,103155,0,1,60.39241688,yahoo_bootstrap
2023-11-14,61.59999847,62.20000076,61.5,62.09999847,54210,0,1,60.78393759,yahoo_bootstrap
2023-11-15,63.09999847,63.29999924,62.09999847,62.79999924,89036,0,1,61.46910352,yahoo_bootstrap
2023-11-16,63,63,62,62.40000153,48515,0,1,61.0775828,yahoo_bootstrap
2023-11-17,62.20000076,62.70000076,62.20000076,62.5,21526,0,1,61.17546205,yahoo_bootstrap
2023-11-20,62.70000076,62.90000153,62.40000153,62.90000153,42700,0,1,61.5669865,yahoo_bootstrap
2023-11-21,63,63.20000076,62.70000076,63,62130,0,1,61.66486574,yahoo_bootstrap
2023-11-22,63.5,68,63.5,66.90000153,255911,0,1,65.48221607,yahoo_bootstrap
2023-11-23,67.59999847,67.80000305,66.5,66.69999695,166762,0,1,65.28645011,yahoo_bootstrap
2023-11-24,67,67.5,66.69999695,67,94900,0,1,65.58009531,yahoo_bootstrap
2023-11-27,66.69999695,68,66.69999695,66.69999695,32740,0,1,65.28645011,yahoo_bootstrap
2023-11-28,66.69999695,67.30000305,64.90000153,66.59999847,165942,0,1,65.18857086,yahoo_bootstrap
2023-11-29,66.90000153,66.90000153,66.40000153,66.59999847,49346,0,1,65.18857086,yahoo_bootstrap
2023-11-30,66.80000305,66.80000305,66.30000305,66.69999695,52100,0,1,65.28645011,yahoo_bootstrap
2023-12-01,66.19999695,67.09999847,66.19999695,67,65300,0,1,65.58009531,yahoo_bootstrap
2023-12-04,67.19999695,67.19999695,66.59999847,67,62330,0,1,65.58009531,yahoo_bootstrap
2023-12-05,67.09999847,67.19999695,66.69999695,66.90000153,55712,0,1,65.48221607,yahoo_bootstrap
2023-12-06,67.30000305,67.30000305,67,67.19999695,39310,0,1,65.77585381,yahoo_bootstrap
2023-12-07,66.90000153,67.09999847,66.69999695,66.69999695,56035,0,1,65.28645011,yahoo_bootstrap
2023-12-08,67,67,66.40000153,66.80000305,55512,0,1,65.38433682,yahoo_bootstrap
2023-12-11,66.5,66.5,64.40000153,64.90000153,123110,0,1,63.52460129,yahoo_bootstrap
2023-12-12,64.90000153,64.90000153,62.09999847,63,167330,0,1,61.66486574,yahoo_bootstrap
2023-12-13,63,63.40000153,62.59999847,62.90000153,58402,0,1,61.5669865,yahoo_bootstrap
2023-12-14,63.5,64.30000305,63.5,63.70000076,29730,0,1,62.35003166,yahoo_bootstrap
2023-12-15,63.70000076,64.69999695,63.09999847,64.69999695,62430,0,1,63.32883532,yahoo_bootstrap
2023-12-18,66.19999695,66.19999695,65,65.30000305,44000,0,1,63.91612573,yahoo_bootstrap
2023-12-19,64.90000153,65.30000305,64.40000153,64.80000305,34000,0,1,63.42672203,yahoo_bootstrap
2023-12-20,64.80000305,65.30000305,64.30000305,64.90000153,25712,0,1,63.52460129,yahoo_bootstrap
2023-12-21,64.90000153,65.19999695,63.70000076,63.70000076,35220,0,1,62.35003166,yahoo_bootstrap
2023-12-22,64.09999847,65,64,64.40000153,26250,0,1,63.03519759,yahoo_bootstrap
2023-12-25,63.59999847,63.79999924,62.20000076,63.29999924,87600,0,1,61.95850722,yahoo_bootstrap
2023-12-26,63.40000153,64.5,63.40000153,64.30000305,39370,0,1,62.93731834,yahoo_bootstrap
2023-12-27,64.5,64.5,63.5,64.19999695,30100,0,1,62.83943163,yahoo_bootstrap
2023-12-28,64,64,63.70000076,64,18302,0,1,62.64367314,yahoo_bootstrap
2023-12-29,63.20000076,64,63.20000076,63.90000153,35001,0,1,62.54579389,yahoo_bootstrap
2024-01-02,62.90000153,63.79999924,62.79999924,63.20000076,50300,0,1,61.86062797,yahoo_bootstrap
2024-01-03,63.20000076,63.40000153,62.79999924,62.90000153,13400,0,1,61.5669865,yahoo_bootstrap
2024-01-04,63.5,63.5,62.90000153,63,24610,0,1,61.66486574,yahoo_bootstrap
2024-01-05,64.09999847,64.09999847,63.79999924,63.79999924,16200,0,1,62.44791091,yahoo_bootstrap
2024-01-08,64.5,64.90000153,64,64,48810,0,1,62.64367314,yahoo_bootstrap
2024-01-09,65,65.59999847,63.29999924,63.29999924,46200,0,1,61.95850722,yahoo_bootstrap
2024-01-10,63.29999924,63.29999924,62.29999924,62.29999924,27412,0,1,60.97969982,yahoo_bootstrap
2024-01-11,63.29999924,63.29999924,62.59999847,62.59999847,16022,0,1,61.27334129,yahoo_bootstrap
2024-01-12,62.5,63.40000153,62.20000076,63.29999924,20079,0,1,61.95850722,yahoo_bootstrap
2024-01-15,63.29999924,63.29999924,63.29999924,63.29999924,0,0,1,61.95850722,yahoo_bootstrap
2024-01-16,63.79999924,64.19999695,62.5,62.5,52100,0,1,61.17546205,yahoo_bootstrap
2024-01-17,62.40000153,63.29999924,62,62.70000076,72100,0,1,61.37122427,yahoo_bootstrap
2024-01-18,62.90000153,63.79999924,62.29999924,62.29999924,20512,0,1,60.97969982,yahoo_bootstrap
2024-01-19,62,63.79999924,61.90000153,63,63001,0,1,61.66486574,yahoo_bootstrap
2024-01-22,62.79999924,63.79999924,62.59999847,62.59999847,57001,0,1,61.27334129,yahoo_bootstrap
2024-01-23,63,63.20000076,62.29999924,62.29999924,37100,0,1,60.97969982,yahoo_bootstrap
2024-01-24,62.29999924,64,62.29999924,63.29999924,88721,0,1,61.95850722,yahoo_bootstrap
2024-01-25,64.40000153,64.40000153,63.29999924,63.70000076,70732,0,1,62.35003166,yahoo_bootstrap
2024-01-26,63.70000076,64.19999695,63.59999847,64.09999847,54500,0,1,62.74155238,yahoo_bootstrap
2024-01-29,63.70000076,64.90000153,62.59999847,64.09999847,130330,0,1,62.74155238,yahoo_bootstrap
2024-01-30,64.09999847,64.5,63.09999847,63.29999924,61412,0,1,61.95850722,yahoo_bootstrap
2024-01-31,62.90000153,64.19999695,62.90000153,63.5,44702,0,1,62.15426944,yahoo_bootstrap
2024-02-01,63.40000153,63.59999847,63,63.59999847,33000,0,1,62.25214868,yahoo_bootstrap
2024-02-02,64.09999847,64.09999847,63.09999847,63.40000153,28530,0,1,62.0563902,yahoo_bootstrap
2024-02-05,63.59999847,63.70000076,62.70000076,63,39000,0,1,61.66486574,yahoo_bootstrap
2024-02-15,62.59999847,62.90000153,62,62.59999847,63000,0,1,61.27334129,yahoo_bootstrap
2024-02-16,62.59999847,65.80000305,62.59999847,63.79999924,132504,0,1,62.44791091,yahoo_bootstrap
2024-02-19,63.20000076,66.09999847,63.20000076,65.19999695,221650,0,1,63.81823902,yahoo_bootstrap
2024-02-20,65.09999847,66.69999695,64.90000153,65.69999695,216515,0,1,64.30764272,yahoo_bootstrap
2024-02-21,65.80000305,66.5,65.59999847,66.30000305,129090,0,1,64.89493312,yahoo_bootstrap
2024-02-22,66.30000305,66.5,65.59999847,65.69999695,82033,0,1,64.30764272,yahoo_bootstrap
2024-02-23,65.5,65.90000153,65.30000305,65.40000153,56025,0,1,64.01400498,yahoo_bootstrap
2024-02-26,65.59999847,66.19999695,65,65.90000153,59400,0,1,64.50340868,yahoo_bootstrap
2024-02-27,65.5,66.30000305,64.69999695,66.30000305,95022,0,1,64.89493312,yahoo_bootstrap
2024-02-29,66.5,68.19999695,66.5,66.5,280924,0,1,65.09069162,yahoo_bootstrap
2024-03-01,66.09999847,66.90000153,65.80000305,65.80000305,58904,0,1,64.40552943,yahoo_bootstrap
2024-03-04,66.30000305,66.30000305,64.59999847,65.09999847,112264,0,1,63.72035977,yahoo_bootstrap
2024-03-05,65,65.30000305,64.30000305,64.5,143021,0,1,63.13307683,yahoo_bootstrap
2024-03-06,64.30000305,64.69999695,63.70000076,63.70000076,134420,0,1,62.35003166,yahoo_bootstrap
2024-03-07,63.59999847,64.19999695,63.20000076,63.29999924,111017,0,1,61.95850722,yahoo_bootstrap
2024-03-08,63.5,66.69999695,63.5,64.40000153,313369,0,1,63.03519759,yahoo_bootstrap
2024-03-11,64.30000305,66.40000153,64.19999695,66,223831,0,1,64.60128792,yahoo_bootstrap
2024-03-12,65.80000305,68,65.80000305,67.69999695,441690,0,1,66.2652575,yahoo_bootstrap
2024-03-13,68.30000305,69.40000153,66.59999847,67.09999847,361900,0,1,65.67797456,yahoo_bootstrap
2024-03-14,67.09999847,67.5,66.09999847,67.19999695,114824,0,1,65.77585381,yahoo_bootstrap
2024-03-15,66.90000153,68.30000305,66.90000153,67.80000305,192600,0,1,66.36314421,yahoo_bootstrap
2024-03-18,67.69999695,70,67.59999847,69,345832,0,1,67.5377101,yahoo_bootstrap
2024-03-19,70,71.40000153,69.30000305,69.59999847,523535,0,1,68.12499304,yahoo_bootstrap
2024-03-20,70,76,69.40000153,72.19999695,1814107,0,1,70.66989077,yahoo_bootstrap
2024-03-21,73.80000305,75.69999695,72.80000305,74.09999847,1258760,0,1,72.5296263,yahoo_bootstrap
2024-03-22,74.5,76,74.09999847,75,785807,0,1,73.41055446,yahoo_bootstrap
2024-03-25,75.59999847,82.5,74.30000305,79.90000153,4190175,0,1,78.20671218,yahoo_bootstrap
2024-03-26,79.09999847,83.90000153,75.40000153,75.40000153,3780024,0,1,73.80207891,yahoo_bootstrap
2024-03-27,78,79.5,74.80000305,76,3183652,0,1,74.38936185,yahoo_bootstrap
2024-03-28,76,76.69999695,73.80000305,74,1735474,0,1,72.43174706,yahoo_bootstrap
2024-03-29,74.5,74.80000305,73.09999847,73.5,417000,0,1,71.94234337,yahoo_bootstrap
2024-04-01,73.5,74.19999695,72,72,485112,0,1,70.47413228,yahoo_bootstrap
2024-04-02,72.69999695,74,72.19999695,72.90000153,658035,0,1,71.35506043,yahoo_bootstrap
2024-04-03,72.40000153,73.40000153,72,73.19999695,379800,0,1,71.64869816,yahoo_bootstrap
2024-04-08,73.19999695,73.90000153,71.09999847,71.69999695,710999,0,1,70.18048707,yahoo_bootstrap
2024-04-09,71.69999695,74.09999847,71.5,73.80000305,715873,0,1,72.23598857,yahoo_bootstrap
2024-04-10,74.19999695,76.40000153,74.19999695,75.59999847,1359836,0,1,73.99783739,yahoo_bootstrap
2024-04-11,75.69999695,75.69999695,73,73,895306,0,1,71.45293967,yahoo_bootstrap
2024-04-12,73.09999847,74.19999695,72.5,72.59999847,476385,0,1,71.06141522,yahoo_bootstrap
2024-04-15,72.30000305,72.5,70,70.90000153,610113,0,1,69.39744564,yahoo_bootstrap
2024-04-16,70,70,67.30000305,67.80000305,586100,0,1,66.36314421,yahoo_bootstrap
2024-04-17,68.19999695,69.19999695,67.09999847,67.30000305,465416,0,1,65.87374052,yahoo_bootstrap
2024-04-18,67.09999847,67.59999847,66,66.59999847,597328,0,1,65.18857086,yahoo_bootstrap
2024-04-19,66.59999847,66.59999847,64.40000153,64.59999847,532700,0,1,63.23095607,yahoo_bootstrap
2024-04-22,65,65.5,63.5,63.79999924,323115,0,1,62.44791091,yahoo_bootstrap
2024-04-23,64.09999847,65.30000305,64.09999847,64.90000153,174000,0,1,63.52460129,yahoo_bootstrap
2024-04-24,65.19999695,66,64.90000153,65.69999695,389300,0,1,64.30764272,yahoo_bootstrap
2024-04-25,65.80000305,66.69999695,65,65.30000305,326000,0,1,63.91612573,yahoo_bootstrap
2024-04-26,65.30000305,65.90000153,64.90000153,65.69999695,247000,0,1,64.30764272,yahoo_bootstrap
2024-04-29,65.69999695,67.09999847,65.30000305,66.69999695,448304,0,1,65.28645011,yahoo_bootstrap
2024-04-30,68.09999847,69.59999847,67.19999695,68.19999695,1193203,0,1,66.7546612,yahoo_bootstrap
2024-05-02,68.40000153,68.90000153,67.09999847,68.19999695,557607,0,1,66.7546612,yahoo_bootstrap
2024-05-03,68.5,70,67.30000305,67.30000305,740113,0,1,65.87374052,yahoo_bootstrap
2024-05-06,67.30000305,67.5,66.40000153,66.40000153,326200,0,1,64.99281238,yahoo_bootstrap
2024-05-07,66.59999847,66.80000305,65.40000153,65.69999695,311566,0,1,64.30764272,yahoo_bootstrap
2024-05-08,66.19999695,66.30000305,65.5,65.59999847,219322,0,1,64.20976347,yahoo_bootstrap
2024-05-09,65.90000153,66,64.69999695,64.69999695,225200,0,1,63.32883532,yahoo_bootstrap
2024-05-10,64.90000153,65.80000305,64.69999695,65.59999847,229192,0,1,64.20976347,yahoo_bootstrap
2024-05-13,65.40000153,65.40000153,64.40000153,65.09999847,187979,0,1,63.72035977,yahoo_bootstrap
2024-05-14,65.19999695,65.80000305,65,65.59999847,215300,0,1,64.20976347,yahoo_bootstrap
2024-05-15,66,66.80000305,65.90000153,66,239920,0,1,64.60128792,yahoo_bootstrap
2024-05-16,66.09999847,66.40000153,65.59999847,66,250185,0,1,64.60128792,yahoo_bootstrap
2024-05-17,66.19999695,66.40000153,65.69999695,66.19999695,203030,0,1,64.79704641,yahoo_bootstrap
2024-05-20,66.30000305,66.5,65.5,65.5,231035,0,1,64.11188422,yahoo_bootstrap
2024-05-21,66,66,64.80000305,65,257050,0,1,63.62248053,yahoo_bootstrap
2024-05-22,65.59999847,66.30000305,65,66.19999695,356500,0,1,64.79704641,yahoo_bootstrap
2024-05-23,66.40000153,66.40000153,64.90000153,64.90000153,245200,0,1,63.52460129,yahoo_bootstrap
2024-05-24,64.80000305,64.90000153,64.40000153,64.69999695,144787,0,1,63.32883532,yahoo_bootstrap
2024-05-27,64.69999695,67.19999695,64.69999695,66.80000305,562724,0,1,65.38433682,yahoo_bootstrap
2024-05-28,67.09999847,67.90000153,67,67.30000305,490330,0,1,65.87374052,yahoo_bootstrap
2024-05-29,67.40000153,67.69999695,66.90000153,67.5,408026,0,1,66.06949901,yahoo_bootstrap
2024-05-30,67,67.09999847,66,66.09999847,232400,0,1,64.69916716,yahoo_bootstrap
2024-05-31,66.5,67.19999695,66.40000153,66.80000305,156200,0,1,65.38433682,yahoo_bootstrap
2024-06-03,66.80000305,71.90000153,66.80000305,70.80000305,2015630,0,1,69.29956639,yahoo_bootstrap
2024-06-04,70.59999847,70.59999847,68.69999695,69,610190,0,1,67.5377101,yahoo_bootstrap
2024-06-05,69.5,74.30000305,69.40000153,71.19999695,2961569,0,1,69.69108338,yahoo_bootstrap
2024-06-06,71.19999695,71.30000305,68.80000305,69.09999847,885522,0,1,67.63558934,yahoo_bootstrap
2024-06-07,69.09999847,69.40000153,68.40000153,68.80000305,288237,0,1,67.34195161,yahoo_bootstrap
2024-06-11,69.09999847,69.09999847,67.40000153,67.69999695,291050,0,1,66.2652575,yahoo_bootstrap
2024-06-12,67.69999695,68.40000153,67.30000305,67.80000305,318090,0,1,66.36314421,yahoo_bootstrap
2024-06-13,68.30000305,68.30000305,67,67.30000305,257100,0,1,65.87374052,yahoo_bootstrap
2024-06-14,67.30000305,67.90000153,67.30000305,67.5,142145,0,1,66.06949901,yahoo_bootstrap
2024-06-17,67.69999695,68.69999695,67.69999695,68.5,228922,0,1,67.0483064,yahoo_bootstrap
2024-06-18,68.5,68.80000305,67.40000153,67.40000153,240622,0,1,65.97161977,yahoo_bootstrap
2024-06-19,68.09999847,68.09999847,66.69999695,67,190415,0,1,65.58009531,yahoo_bootstrap
2024-06-20,67,67.90000153,67,67.80000305,181059,0,1,66.36314421,yahoo_bootstrap
2024-06-21,67.80000305,68.19999695,67.40000153,68.09999847,156357,0,1,66.65678195,yahoo_bootstrap
2024-06-24,68.19999695,68.30000305,67.40000153,68,191500,0,1,66.55890271,yahoo_bootstrap
2024-06-25,68.40000153,70.19999695,67.30000305,70,663405,0,1,68.51651749,yahoo_bootstrap
2024-06-26,70.19999695,73.5,70.19999695,72.90000153,1514093,0,1,71.35506043,yahoo_bootstrap
2024-06-27,72.90000153,73,71.5,71.59999847,365702,0,1,70.08260782,yahoo_bootstrap
2024-06-28,72,76.69999695,72,75.30000305,2671182,0,1,73.70419966,yahoo_bootstrap
2024-07-01,75.69999695,76.80000305,74.90000153,76.69999695,1477056,0,1,75.07452404,yahoo_bootstrap
2024-07-02,76.09999847,76.09999847,73.80000305,73.80000305,806522,0,1,72.23598857,yahoo_bootstrap
2024-07-03,74.19999695,75.40000153,73.30000305,73.40000153,810527,0,1,71.84446412,yahoo_bootstrap
2024-07-04,73.40000153,80.69999695,73.30000305,80.69999695,3327815,0,1,78.98975361,yahoo_bootstrap
2024-07-05,88,88.69999695,82.80000305,88.69999695,9440801,0,1,86.82021275,yahoo_bootstrap
2024-07-08,95,97.5,90.19999695,90.59999847,8869488,0,1,88.67994828,yahoo_bootstrap
2024-07-09,89,89,81.80000305,83.59999847,4017744,0,1,81.82829654,yahoo_bootstrap
2024-07-10,84,86.40000153,83.69999695,84.80000305,2645818,0,1,83.00286989,yahoo_bootstrap
2024-07-11,85.69999695,93.19999695,82.69999695,89.19999695,7086837,0,1,87.30961645,yahoo_bootstrap
2024-07-12,91.80000305,98.09999847,91.30000305,98.09999847,12973549,0,1,96.02100373,yahoo_bootstrap
2024-07-15,99.19999695,103,92.19999695,93.30000305,18133836,0,1,91.32273273,yahoo_bootstrap
2024-07-16,95,102.5,94.5,102.5,15852720,0,1,100.32775776,yahoo_bootstrap
2024-07-17,103,106.5,101,101.5,14437243,0,1,99.34895036,yahoo_bootstrap
2024-07-18,100,108.5,98,105.5,14853742,0,1,103.26417993,yahoo_bootstrap
2024-07-19,106,113,101,101.5,17538235,0,1,99.34895036,yahoo_bootstrap
2024-07-22,101,101.5,95.90000153,98,7049903,0,1,95.92312449,yahoo_bootstrap
2024-07-23,101,104.5,97.69999695,99.19999695,6133834,0,1,97.09769037,yahoo_bootstrap
2024-07-26,94.19999695,99,93.59999847,93.69999695,3059729,0,1,91.71424971,yahoo_bootstrap
2024-07-29,95.5,96.5,88.40000153,88.5,3812136,0,1,86.62445426,yahoo_bootstrap
2024-07-30,88.5,90.90000153,85.40000153,88.90000153,3648186,0,1,87.01597871,yahoo_bootstrap
2024-07-31,88.30000305,96.80000305,87.30000305,93.90000153,4183520,0,1,91.91001568,yahoo_bootstrap
2024-08-01,96.80000305,103,96.09999847,101,12355066,0,1,98.85954667,yahoo_bootstrap
2024-08-02,96.69999695,103.5,96,97.30000305,11070787,0,1,95.2379623,yahoo_bootstrap
2024-08-05,93.30000305,97.30000305,88,89.90000153,8555340,0,1,87.9947861,yahoo_bootstrap
2024-08-06,95.19999695,98.80000305,85.90000153,98.80000305,13780303,0,1,96.70617339,yahoo_bootstrap
2024-08-07,102,108.5,102,106,17221855,0,1,103.75358363,yahoo_bootstrap
2024-08-08,104,112.5,104,107,21477097,0,1,104.73239102,yahoo_bootstrap
2024-08-09,111.5,117.5,110.5,117.5,11164254,0,1,115.00986865,yahoo_bootstrap
2024-08-12,123,123.5,106,106,25532395,0,1,103.75358363,yahoo_bootstrap
2024-08-13,107,112.5,104.5,108.5,15467918,0,1,106.20060211,yahoo_bootstrap
2024-08-14,111.5,114,105,107,11230984,0,1,104.73239102,yahoo_bootstrap
2024-08-15,108,109,104.5,107,5651382,0,1,104.73239102,yahoo_bootstrap
2024-08-16,109.5,111,106,109.5,7955924,0,1,107.1794095,yahoo_bootstrap
2024-08-19,110.5,110.5,104.5,105,4441904,0,1,102.77477624,yahoo_bootstrap
2024-08-20,105.5,107,101.5,102,3836199,0,1,99.83835406,yahoo_bootstrap
2024-08-21,102.5,107,101,101,5304214,0,1,98.85954667,yahoo_bootstrap
2024-08-22,101,102.5,98,98,3083619,0.8,1,96.68897778,yahoo_bootstrap
2024-08-23,97.19999695,98.69999695,95.19999695,96.80000305,2359026,0,1,95.50503412,yahoo_bootstrap
2024-08-26,98.09999847,98.19999695,93,93.5,2489365,0,1,92.24917778,yahoo_bootstrap
2024-08-27,94,102.5,93.30000305,102.5,7541625,0,1,101.12877778,yahoo_bootstrap
2024-08-28,105,108.5,104.5,105.5,12946678,0,1,104.08864444,yahoo_bootstrap
2024-08-29,103,105.5,101,104,4267661,0,1,102.60871111,yahoo_bootstrap
2024-08-30,104,107.5,102.5,104.5,5004752,0,1,103.10202222,yahoo_bootstrap
2024-09-02,107.5,109,105,105.5,6793891,0,1,104.08864444,yahoo_bootstrap
2024-09-03,105.5,109.5,101.5,102.5,6602188,0,1,101.12877778,yahoo_bootstrap
2024-09-04,97.09999847,100.5,93,97.69999695,3983647,0,1,96.3929881,yahoo_bootstrap
2024-09-05,99.19999695,101,93.40000153,94.19999695,4884604,0,1,92.93981032,yahoo_bootstrap
2024-09-06,95.5,95.59999847,93.09999847,95.19999695,1723318,0,1,93.92643255,yahoo_bootstrap
2024-09-09,93.59999847,95.59999847,92.80000305,94,1287780,0,1,92.74248889,yahoo_bootstrap
2024-09-10,95.30000305,95.40000153,87.69999695,88.30000305,2699172,0,1,87.11874523,yahoo_bootstrap
2024-09-11,90,90.59999847,88.30000305,88.5,1562105,0,1,87.31606667,yahoo_bootstrap
2024-09-12,89.69999695,93.59999847,89.59999847,91.19999695,1974108,0,1,89.97994366,yahoo_bootstrap
2024-09-13,91.90000153,92.09999847,89.30000305,91.59999847,1266420,0,1,90.37459405,yahoo_bootstrap
2024-09-16,91,92.80000305,91,92.30000305,922320,0,1,91.06523412,yahoo_bootstrap
2024-09-18,91.80000305,94.5,91.5,91.90000153,1389709,0,1,90.67058373,yahoo_bootstrap
2024-09-19,91.90000153,95.30000305,91.69999695,94.30000305,1416349,0,1,93.03847856,yahoo_bootstrap
2024-09-20,97,98.5,95.09999847,96.90000153,3665293,0,1,95.60369484,yahoo_bootstrap
2024-09-23,97.5,98.30000305,94.5,95,1696336,0,1,93.72911111,yahoo_bootstrap
2024-09-24,94.69999695,95.5,92.80000305,93.09999847,951913,0,1,91.85452738,yahoo_bootstrap
2024-09-25,94.40000153,98.80000305,94.09999847,98,2679267,0,1,96.68897778,yahoo_bootstrap
2024-09-26,99.5,99.80000305,95.59999847,96.09999847,2381717,0,1,94.81439405,yahoo_bootstrap
2024-09-27,97.5,101.5,96.19999695,97.19999695,2501622,0,1,95.89967699,yahoo_bootstrap
2024-09-30,96.5,102,96.09999847,97.5,4205304,0,1,96.19566667,yahoo_bootstrap
2024-10-01,97.80000305,99.69999695,96.19999695,96.59999847,2014168,0,1,95.30770516,yahoo_bootstrap
2024-10-04,96.5,96.5,91.5,91.5,1464142,0,1,90.27593333,yahoo_bootstrap
2024-10-07,92,97.59999847,92,96.80000305,1878424,0,1,95.50503412,yahoo_bootstrap
2024-10-08,95.59999847,96.40000153,93,93,1271209,0,1,91.75586667,yahoo_bootstrap
2024-10-09,93.5,94.30000305,89.69999695,89.80000305,1705297,0,1,88.59867856,yahoo_bootstrap
2024-10-11,89.30000305,90.90000153,88.69999695,88.90000153,900478,0,1,87.71071707,yahoo_bootstrap
2024-10-14,88.5,89.5,86.19999695,87.90000153,1628326,0,1,86.72409484,yahoo_bootstrap
2024-10-15,87.69999695,96.59999847,87.69999695,94.19999695,4226335,0,1,92.93981032,yahoo_bootstrap
2024-10-16,94.30000305,97.30000305,93.69999695,95.80000305,5978925,0,1,94.5184119,yahoo_bootstrap
2024-10-17,96,105,95.30000305,105,12268976,0,1,103.59533333,yahoo_bootstrap
2024-10-18,106.5,108,101.5,101.5,11914269,0,1,100.14215556,yahoo_bootstrap
2024-10-21,103.5,111.5,102.5,111.5,15753445,0,1,110.00837778,yahoo_bootstrap
2024-10-22,113.5,116.5,110,112,28050100,0,1,110.50168889,yahoo_bootstrap
2024-10-23,113,113.5,108.5,109,6077639,0,1,107.54182222,yahoo_bootstrap
2024-10-24,109,111.5,102,102.5,8869032,0,1,101.12877778,yahoo_bootstrap
2024-10-25,104.5,104.5,101.5,104,2646606,0,1,102.60871111,yahoo_bootstrap
2024-10-28,104,104,98.5,99.19999695,2933221,0,1,97.87292144,yahoo_bootstrap
2024-10-29,99,99.90000153,96.30000305,96.69999695,2110286,0,1,95.40636588,yahoo_bootstrap
2024-10-30,97,97.5,94.80000305,94.80000305,1431900,0,1,93.53178968,yahoo_bootstrap
2024-11-01,92.5,95.09999847,91.90000153,94.90000153,1063175,0,1,93.6304504,yahoo_bootstrap
2024-11-04,94.09999847,95,92.80000305,93.40000153,921007,0,1,92.15051707,yahoo_bootstrap
2024-11-05,93.5,101.5,93.5,96.5,5745430,0,1,95.20904444,yahoo_bootstrap
2024-11-06,97.09999847,98.30000305,95.69999695,96.80000305,1877950,0,1,95.50503412,yahoo_bootstrap
2024-11-07,97,100.5,97,98.80000305,3242201,0,1,97.47827856,yahoo_bootstrap
2024-11-08,100,100.5,95.30000305,95.80000305,2361266,0,1,94.5184119,yahoo_bootstrap
2024-11-11,95.59999847,96.30000305,92.80000305,94.30000305,1551649,0,1,93.03847856,yahoo_bootstrap
2024-11-12,93.5,94.09999847,91.19999695,93.09999847,1332113,0,1,91.85452738,yahoo_bootstrap
2024-11-13,92.59999847,93.40000153,91.69999695,91.90000153,1075620,0,1,90.67058373,yahoo_bootstrap
2024-11-14,92.59999847,93.09999847,90.09999847,90.5,907403,0,1,89.28931111,yahoo_bootstrap
2024-11-15,91.59999847,94.09999847,91.19999695,91.40000153,1092811,0,1,90.17727262,yahoo_bootstrap
2024-11-18,92.30000305,92.30000305,88,88.40000153,1374328,0,1,87.21740595,yahoo_bootstrap
2024-11-19,88.40000153,92.5,88.09999847,91.5,1019292,0,1,90.27593333,yahoo_bootstrap
2024-11-20,90.30000305,90.30000305,90.30000305,90.30000305,1025369,0,1,89.09198968,yahoo_bootstrap
2024-11-21,90.90000153,91.19999695,89.5,89.90000153,543000,0,1,88.69733929,yahoo_bootstrap
2024-11-22,90.90000153,92.5,90.5,91.09999847,874200,0,1,89.88128293,yahoo_bootstrap
2024-11-25,92,94.90000153,92,92.5,1208053,0,1,91.26255556,yahoo_bootstrap
2024-11-26,92.30000305,95.59999847,91.19999695,91.19999695,2368625,0,1,89.97994366,yahoo_bootstrap
2024-11-27,92.5,92.80000305,88.80000305,89.30000305,1281732,0,1,88.10536745,yahoo_bootstrap
2024-11-28,89.69999695,89.80000305,87,88,764681,0,1,86.82275556,yahoo_bootstrap
2024-11-29,88.09999847,89.19999695,87.09999847,88.80000305,522025,0,1,87.61205634,yahoo_bootstrap
2024-12-02,90.59999847,91.30000305,88.90000153,89,539051,0,1,87.80937778,yahoo_bootstrap
2024-12-03,90,90.59999847,89.09999847,89.30000305,498773,0,1,88.10536745,yahoo_bootstrap
2024-12-04,90.5,91.09999847,89.40000153,90,414000,0,1,88.796,yahoo_bootstrap
2024-12-05,90.90000153,93,89.19999695,91.40000153,1224434,0,1,90.17727262,yahoo_bootstrap
2024-12-06,91.40000153,92.30000305,89.59999847,90,1004450,0,1,88.796,yahoo_bootstrap
2024-12-09,90,90.80000305,88.80000305,89.09999847,572451,0,1,87.90803849,yahoo_bootstrap
2024-12-10,89.09999847,92.19999695,89.09999847,89.69999695,973150,0,1,88.50001032,yahoo_bootstrap
2024-12-11,90.30000305,94.59999847,89.59999847,93.5,3350404,0,1,92.24917778,yahoo_bootstrap
2024-12-12,94,94.90000153,92.09999847,92.30000305,2863026,0,1,91.06523412,yahoo_bootstrap
2024-12-13,92,93.19999695,89.30000305,89.80000305,1318049,0,1,88.59867856,yahoo_bootstrap
2024-12-16,90.09999847,92.19999695,88.90000153,89.80000305,881560,0,1,88.59867856,yahoo_bootstrap
2024-12-17,90.69999695,98.69999695,90.69999695,98.69999695,6651915,0,1,97.37961032,yahoo_bootstrap
2024-12-18,99.69999695,101.5,97.19999695,98.90000153,17166527,0,1,97.57693929,yahoo_bootstrap
2024-12-19,96.09999847,99.90000153,96.09999847,99.09999847,4318980,0,1,97.77426071,yahoo_bootstrap
2024-12-20,99.59999847,104.5,98.59999847,99.09999847,8704857,0,1,97.77426071,yahoo_bootstrap
2024-12-23,100,109,100,109,14214949,0,1,107.54182222,yahoo_bootstrap
2024-12-24,109.5,114.5,107.5,109.5,32164791,0,1,108.03513333,yahoo_bootstrap
2024-12-25,113,115.5,108.5,114,19503814,0,1,112.47493333,yahoo_bootstrap
2024-12-26,114,115,109,110.5,7060259,0,1,109.02175556,yahoo_bootstrap
2024-12-27,110.5,112,106.5,107.5,5760303,0,1,106.06188889,yahoo_bootstrap
2024-12-30,108,110.5,106.5,109,4745403,0,1,107.54182222,yahoo_bootstrap
2024-12-31,108,119.5,108,119.5,16996580,0,1,117.90135556,yahoo_bootstrap
2025-01-02,120,131,118,124.5,51259999,0,1,122.83446667,yahoo_bootstrap
2025-01-03,126,129,120,122,34310304,0,1,120.36791111,yahoo_bootstrap
2025-01-06,123.5,124,114,118,12781391,0,1,116.42142222,yahoo_bootstrap
2025-01-07,118,121.5,114,115.5,15051708,0,1,113.95486667,yahoo_bootstrap
2025-01-08,114.5,115.5,111.5,113,5566729,0,1,111.48831111,yahoo_bootstrap
2025-01-09,113,114,107,107.5,5126846,0,1,106.06188889,yahoo_bootstrap
2025-01-10,108,109.5,106,106,2868606,0,1,104.58195556,yahoo_bootstrap
2025-01-13,102.5,105,100,102,4034610,0,1,100.63546667,yahoo_bootstrap
2025-01-14,102.5,104.5,99,104,4570000,0,1,102.60871111,yahoo_bootstrap
2025-01-15,103.5,107.5,101.5,103.5,5099141,0,1,102.1154,yahoo_bootstrap
2025-01-16,106,107,103,104,4822296,0,1,102.60871111,yahoo_bootstrap
2025-01-17,104,106.5,99.80000305,100,3766863,0,1,98.66222222,yahoo_bootstrap
2025-01-20,101.5,105,100.5,103,3441821,0,1,101.62208889,yahoo_bootstrap
2025-01-21,104.5,105.5,101.5,102.5,1909340,0,1,101.12877778,yahoo_bootstrap
2025-01-22,104,104.5,100.5,101.5,1878171,0,1,100.14215556,yahoo_bootstrap
2025-02-03,96.5,99,91.80000305,93.80000305,3054733,0,1,92.54516745,yahoo_bootstrap
2025-02-04,93.80000305,96.5,91.5,95,3101544,0,1,93.72911111,yahoo_bootstrap
2025-02-05,95.30000305,101,94.59999847,98.59999847,6835139,0,1,97.2809496,yahoo_bootstrap
2025-02-06,99.90000153,105,99.90000153,103.5,8024198,0,1,102.1154,yahoo_bootstrap
2025-02-07,103,104.5,101.5,103.5,2738844,0,1,102.1154,yahoo_bootstrap
2025-02-10,104,104.5,101.5,102,2176280,0,1,100.63546667,yahoo_bootstrap
2025-02-11,102.5,106,102,103,4244761,0,1,101.62208889,yahoo_bootstrap
2025-02-12,105,113,104.5,109.5,13116908,0,1,108.03513333,yahoo_bootstrap
2025-02-13,109,110.5,108,109.5,5246609,0,1,108.03513333,yahoo_bootstrap
2025-02-14,112,119,109.5,109.5,16338375,0,1,108.03513333,yahoo_bootstrap
2025-02-17,109.5,114.5,109.5,112,7525157,0,1,110.50168889,yahoo_bootstrap
2025-02-18,112.5,113.5,110,113.5,4820200,0,1,111.98162222,yahoo_bootstrap
2025-02-19,113,115,110.5,110.5,4669069,0,1,109.02175556,yahoo_bootstrap
2025-02-20,111,112,108.5,108.5,2343394,0,1,107.04851111,yahoo_bootstrap
2025-02-21,108.5,112,107,112,2874370,0,1,110.50168889,yahoo_bootstrap
2025-02-24,109.5,113,109,112,2350215,0,1,110.50168889,yahoo_bootstrap
2025-02-25,111,111.5,108.5,109,1891491,0,1,107.54182222,yahoo_bootstrap
2025-02-26,108.5,110.5,108,108,1225635,0,1,106.5552,yahoo_bootstrap
2025-02-27,109,110.5,103,103.5,3164251,0,1,102.1154,yahoo_bootstrap
2025-03-03,102.5,103,99.5,99.80000305,1325300,0,1,98.46490079,yahoo_bootstrap
2025-03-04,99.19999695,102,97.40000153,102,1646740,0,1,100.63546667,yahoo_bootstrap
2025-03-05,102,105.5,102,105.5,1919233,0,1,104.08864444,yahoo_bootstrap
2025-03-06,105.5,106,102,102.5,1309486,0,1,101.12877778,yahoo_bootstrap
2025-03-07,102,103,99,99,1359048,0,1,97.6756,yahoo_bootstrap
2025-03-10,99.90000153,100.5,98,98,1077338,0,1,96.68897778,yahoo_bootstrap
2025-03-11,93.5,96.5,92.19999695,96.30000305,1434014,0,1,95.01172301,yahoo_bootstrap
2025-03-12,97,97.59999847,95.69999695,95.69999695,706425,0,1,94.41974366,yahoo_bootstrap
2025-03-13,96.69999695,99.69999695,96,96.19999695,1462005,0,1,94.91305477,yahoo_bootstrap
2025-03-14,96.30000305,97,94.40000153,95.69999695,846500,0,1,94.41974366,yahoo_bootstrap
2025-03-17,96.59999847,98.30000305,96.19999695,96.30000305,739008,0,1,95.01172301,yahoo_bootstrap
2025-03-18,96.90000153,97.80000305,96.30000305,96.59999847,454430,0,1,95.30770516,yahoo_bootstrap
2025-03-19,96.59999847,96.80000305,93.09999847,93.09999847,838192,0,1,91.85452738,yahoo_bootstrap
2025-03-20,93.59999847,94.69999695,93.5,93.69999695,552500,0,1,92.44649921,yahoo_bootstrap
2025-03-21,93.69999695,94,92.5,92.69999695,455449,0,1,91.45987699,yahoo_bootstrap
2025-03-24,93,94.30000305,91.30000305,91.30000305,597712,0,1,90.0786119,yahoo_bootstrap
2025-03-25,92.40000153,93,91,91.40000153,476620,0,1,90.17727262,yahoo_bootstrap
2025-03-26,92.09999847,92.69999695,91.69999695,92,352082,0,1,90.76924444,yahoo_bootstrap
2025-03-27,91.40000153,91.40000153,89.5,89.5,724181,0,1,88.30268889,yahoo_bootstrap
2025-03-28,89.90000153,89.90000153,86,87.19999695,857243,0,1,86.03345477,yahoo_bootstrap
2025-03-31,82.40000153,84.19999695,78.80000305,80,1661006,0,1,78.92977778,yahoo_bootstrap
2025-04-01,81.09999847,83.69999695,80.59999847,83.59999847,748208,0,1,82.48161627,yahoo_bootstrap
2025-04-02,84,84,82.5,83.80000305,486054,0,1,82.67894523,yahoo_bootstrap
2025-04-07,75.5,75.5,75.5,75.5,90980,0,1,74.48997778,yahoo_bootstrap
2025-04-08,68,68,68,68,576825,0,1,67.09031111,yahoo_bootstrap
2025-04-09,61.20000076,63.79999924,61.20000076,61.20000076,1599418,0,1,60.38128075,yahoo_bootstrap
2025-04-10,67.30000305,67.30000305,66.59999847,67.30000305,912000,0,1,66.39967856,yahoo_bootstrap
2025-04-11,65.30000305,68.40000153,61.59999847,68,1411044,0,1,67.09031111,yahoo_bootstrap
2025-04-14,69.5,71.69999695,67.30000305,67.69999695,1280540,0,1,66.79432144,yahoo_bootstrap
2025-04-15,68.30000305,71.5,67.80000305,71,1062102,0,1,70.05017778,yahoo_bootstrap
2025-04-16,71,71,68.19999695,68.59999847,729003,0,1,67.68228293,yahoo_bootstrap
2025-04-17,68.40000153,68.69999695,66.80000305,68.19999695,604000,0,1,67.28763255,yahoo_bootstrap
2025-04-18,68.90000153,69.09999847,67.19999695,67.19999695,543115,0,1,66.30101032,yahoo_bootstrap
2025-04-21,67.30000305,67.40000153,63.09999847,63.09999847,593050,0,1,62.25586071,yahoo_bootstrap
2025-04-22,62.70000076,64.30000305,61.5,62.5,647202,0,1,61.66388889,yahoo_bootstrap
2025-04-23,64.30000305,66.09999847,64.09999847,64.90000153,656000,0,1,64.03178373,yahoo_bootstrap
2025-04-24,65.80000305,66.59999847,65.19999695,65.59999847,544020,0,1,64.72241627,yahoo_bootstrap
2025-04-25,66.59999847,72.09999847,66.59999847,72.09999847,2348210,0,1,71.13546071,yahoo_bootstrap
2025-04-28,75.30000305,76.69999695,72.30000305,72.80000305,6297200,0,1,71.82610079,yahoo_bootstrap
2025-04-29,73,80,72.09999847,80,5785930,0,1,78.92977778,yahoo_bootstrap
2025-04-30,80,88,79.59999847,88,8401773,0,1,86.82275556,yahoo_bootstrap
2025-05-02,90.5,94.09999847,85.59999847,87,20225181,0,1,85.83613333,yahoo_bootstrap
2025-05-05,87,87,78.59999847,79.69999695,5074651,0,1,78.6337881,yahoo_bootstrap
2025-05-06,80.59999847,86,80.5,82.5,6221785,0,1,81.39633333,yahoo_bootstrap
2025-05-07,81.80000305,82.30000305,80.30000305,80.59999847,1716472,0,1,79.5217496,yahoo_bootstrap
2025-05-08,81.19999695,82.59999847,80.80000305,81,1162162,0,1,79.9164,yahoo_bootstrap
2025-05-09,81.90000153,88.19999695,79.69999695,84,6157453,0,1,82.87626667,yahoo_bootstrap
2025-05-12,85.69999695,91,85.69999695,88,8348194,0,1,86.82275556,yahoo_bootstrap
2025-05-13,91.40000153,91.69999695,86.40000153,89.59999847,6848550,0,1,88.4013496,yahoo_bootstrap
2025-05-14,91.5,92.30000305,89.59999847,91.69999695,6185777,0,1,90.47325477,yahoo_bootstrap
2025-05-15,91.5,94.09999847,90,91,5742992,0,1,89.78262222,yahoo_bootstrap
2025-05-16,91.40000153,92.30000305,90.5,91.19999695,2657157,0,1,89.97994366,yahoo_bootstrap
2025-05-19,91.40000153,98.09999847,91.40000153,93.80000305,15725017,0,1,92.54516745,yahoo_bootstrap
2025-05-20,95,97.09999847,91.5,92.90000153,8455602,0,1,91.65720595,yahoo_bootstrap
2025-05-21,92.80000305,93.5,91,91.90000153,2653689,0,1,90.67058373,yahoo_bootstrap
2025-05-22,91,91.5,89.5,91.5,1801126,0,1,90.27593333,yahoo_bootstrap
2025-05-23,91.90000153,92,88.69999695,89.40000153,1986263,0,1,88.20402818,yahoo_bootstrap
2025-05-26,89.40000153,94.30000305,89.40000153,90.30000305,6796483,0,1,89.09198968,yahoo_bootstrap
2025-05-27,91.30000305,92,88.30000305,89.19999695,2210685,0,1,88.00669921,yahoo_bootstrap
2025-05-28,91,91.09999847,87.5,88.09999847,1534103,0,1,86.92141627,yahoo_bootstrap
2025-05-29,89,89.5,87.09999847,88.19999695,986508,0,1,87.02007699,yahoo_bootstrap
2025-06-02,87.5,87.5,84.30000305,85.90000153,977506,0,1,84.7508504,yahoo_bootstrap
2025-06-03,86.19999695,87.5,85.40000153,86.59999847,1002362,0,1,85.44148293,yahoo_bootstrap
2025-06-04,87.90000153,93,87.90000153,90.59999847,4758338,0,1,89.38797182,yahoo_bootstrap
2025-06-05,90.59999847,91.5,88.80000305,88.80000305,1624252,0,1,87.61205634,yahoo_bootstrap
2025-06-06,88.80000305,89.5,88.09999847,88.30000305,629299,0,1,87.11874523,yahoo_bootstrap
2025-06-09,88.30000305,88.90000153,86.90000153,87.40000153,669140,0,1,86.23078373,yahoo_bootstrap
2025-06-10,88.5,90.90000153,88,88.40000153,1744248,0,1,87.21740595,yahoo_bootstrap
2025-06-11,88.5,90.69999695,88.40000153,90.5,1312297,0,1,89.28931111,yahoo_bootstrap
2025-06-12,90.5,91.5,89.19999695,89.40000153,1081257,0,1,88.20402818,yahoo_bootstrap
2025-06-13,89,89.09999847,87,87,955781,0,1,85.83613333,yahoo_bootstrap
2025-06-16,86.09999847,86.59999847,85.19999695,86.59999847,660000,0,1,85.44148293,yahoo_bootstrap
2025-06-17,87.5,87.80000305,85.80000305,86,574000,0,1,84.84951111,yahoo_bootstrap
2025-06-18,85.59999847,86.40000153,85.40000153,85.69999695,461231,0,1,84.55352144,yahoo_bootstrap
2025-06-19,85.5,85.59999847,83.80000305,83.80000305,587150,0,1,82.67894523,yahoo_bootstrap
2025-06-20,83.80000305,85.69999695,82.80000305,83,746494,0,1,81.88964444,yahoo_bootstrap
2025-06-23,81.5,82.90000153,80.30000305,82.5,422100,0,1,81.39633333,yahoo_bootstrap
2025-06-24,83.40000153,86.30000305,83.40000153,85.5,846220,0,1,84.3562,yahoo_bootstrap
2025-06-25,86.09999847,86.5,84.59999847,84.80000305,438280,0,1,83.66556745,yahoo_bootstrap
2025-06-26,84.80000305,89.59999847,84.80000305,85.40000153,3146299,0,1,84.25753929,yahoo_bootstrap
2025-06-27,86.80000305,86.90000153,85.09999847,85.5,642031,0,1,84.3562,yahoo_bootstrap
2025-06-30,85.5,85.5,83.5,83.5,426072,0,1,82.38295556,yahoo_bootstrap
2025-07-01,84.5,85.30000305,83,83.19999695,434166,0,1,82.08696588,yahoo_bootstrap
2025-07-02,83.80000305,83.80000305,82.69999695,83.19999695,388094,0,1,82.08696588,yahoo_bootstrap
2025-07-03,84,85.80000305,84,85.40000153,910250,0,1,84.25753929,yahoo_bootstrap
2025-07-04,85.69999695,87.09999847,82.40000153,82.5,838100,0,1,81.39633333,yahoo_bootstrap
2025-07-07,83,83,79.69999695,80,605102,0,1,78.92977778,yahoo_bootstrap
2025-07-08,79.90000153,79.90000153,78.59999847,78.90000153,441487,0,1,77.84449484,yahoo_bootstrap
2025-07-09,78.5,79.80000305,78.09999847,79.5,337100,0,1,78.43646667,yahoo_bootstrap
2025-07-10,79.69999695,79.80000305,78.80000305,79.30000305,227600,0,1,78.23914523,yahoo_bootstrap
2025-07-11,79.90000153,81.90000153,79.40000153,80.5,692400,0,1,79.42308889,yahoo_bootstrap
2025-07-14,81,81,79,79,201200,0,1,77.94315556,yahoo_bootstrap
2025-07-15,79.19999695,80.59999847,79.19999695,80.40000153,404033,0,1,79.32442818,yahoo_bootstrap
2025-07-16,80.69999695,82.30000305,80.5,80.5,645400,0,1,79.42308889,yahoo_bootstrap
2025-07-17,81.5,83.69999695,81,83.19999695,793334,0,1,82.08696588,yahoo_bootstrap
2025-07-18,84.90000153,87.40000153,83.5,83.80000305,2610344,0,1,82.67894523,yahoo_bootstrap
2025-07-21,84.30000305,85,83.5,84.40000153,551620,0,1,83.27091707,yahoo_bootstrap
2025-07-22,84.80000305,84.80000305,81.59999847,82,590588,0,1,80.90302222,yahoo_bootstrap
2025-07-23,82.19999695,86.59999847,82.19999695,84.90000153,1746436,0,1,83.76422818,yahoo_bootstrap
2025-07-24,85.69999695,86.19999695,84.30000305,85,526328,0,1,83.86288889,yahoo_bootstrap
2025-07-25,85.09999847,85.5,82.69999695,85.19999695,739452,0,1,84.06021032,yahoo_bootstrap
2025-07-28,85.19999695,85.5,84.19999695,84.19999695,455850,0,1,83.0735881,yahoo_bootstrap
2025-07-29,84.19999695,84.5,82.5,83.09999847,396890,0,1,81.98830516,yahoo_bootstrap
2025-07-30,84.5,87.30000305,83.40000153,86.40000153,1740588,0,1,85.24416151,yahoo_bootstrap
2025-07-31,87.09999847,87.19999695,85.19999695,85.40000153,681535,0,1,84.25753929,yahoo_bootstrap
2025-08-04,85.80000305,87.69999695,84.69999695,86.90000153,976629,0,1,85.73747262,yahoo_bootstrap
2025-08-05,87.69999695,88.69999695,86.59999847,86.90000153,907229,0,1,85.73747262,yahoo_bootstrap
2025-08-06,87.59999847,87.59999847,86.30000305,86.5,439528,0,1,85.34282222,yahoo_bootstrap
2025-08-07,86.59999847,86.69999695,84.69999695,85.19999695,625200,0,1,84.06021032,yahoo_bootstrap
2025-08-08,86,89.09999847,85.69999695,87.90000153,2262346,0,1,86.72409484,yahoo_bootstrap
2025-08-11,91.90000153,93.80000305,90.5,91.69999695,6182285,0,1,90.47325477,yahoo_bootstrap
2025-08-12,91.19999695,92.19999695,89.5,90,1696438,0,1,88.796,yahoo_bootstrap
2025-08-13,91.40000153,93.40000153,88.59999847,90.80000305,2806168,0,1,89.58530079,yahoo_bootstrap
2025-08-14,91.30000305,91.5,88.09999847,88.09999847,1411623,0,1,86.92141627,yahoo_bootstrap
2025-08-15,88.80000305,91.69999695,87,90.5,2029564,0,1,89.28931111,yahoo_bootstrap
2025-08-18,90.80000305,92.30000305,89.59999847,91.59999847,1445128,0,1,90.37459405,yahoo_bootstrap
2025-08-19,91.69999695,92.09999847,89.19999695,89.19999695,894210,0,1,88.00669921,yahoo_bootstrap
2025-08-20,88.69999695,89.19999695,85,85,1222157,0,1,83.86288889,yahoo_bootstrap
2025-08-21,85.19999695,87.90000153,85.19999695,85.30000305,822552,0.7,1,84.85770674,yahoo_bootstrap
2025-08-22,86.19999695,87.09999847,84.69999695,85,554559,0,1,84.55925926,yahoo_bootstrap
2025-08-25,86.40000153,90.40000153,86.40000153,88.09999847,1678002,0,1,87.64318366,yahoo_bootstrap
2025-08-26,88.5,89.5,87.19999695,88.80000305,1019323,0,1,88.33955859,yahoo_bootstrap
2025-08-27,89.90000153,90.30000305,87.90000153,88.19999695,926338,0,1,87.74266363,yahoo_bootstrap
2025-08-28,89.09999847,93.09999847,88.30000305,89.19999695,2522345,0,1,88.73747845,yahoo_bootstrap
2025-08-29,90.5,90.69999695,87.5,87.59999847,1056201,0,1,87.14577626,yahoo_bootstrap
2025-09-01,87,87.5,83.59999847,84.40000153,1133133,0,1,83.96237189,yahoo_bootstrap
2025-09-02,85.19999695,86,82.09999847,83.19999695,773465,0,1,82.76858956,yahoo_bootstrap
2025-09-03,84.30000305,84.80000305,83.30000305,84.09999847,407720,0,1,83.6639244,yahoo_bootstrap
2025-09-04,84.40000153,84.90000153,83,83,528078,0,1,82.56962963,yahoo_bootstrap
2025-09-05,84.09999847,84.69999695,83.09999847,83.5,361000,0,1,83.06703704,yahoo_bootstrap
2025-09-08,83.5,84.30000305,82.5,83.80000305,434400,0,1,83.36548452,yahoo_bootstrap
2025-09-09,84.30000305,87.5,84.19999695,84.30000305,1470746,0,1,83.86289192,yahoo_bootstrap
2025-09-10,85.19999695,86.5,83.80000305,85.40000153,775250,0,1,84.95718671,yahoo_bootstrap
2025-09-11,85.59999847,85.59999847,81.09999847,81.30000305,1426402,0,1,80.87844748,yahoo_bootstrap
2025-09-12,82.30000305,84,81.5,81.5,633652,0,1,81.07740741,yahoo_bootstrap
2025-09-15,82.30000305,82.30000305,80.09999847,80.69999695,447110,0,1,80.28155252,yahoo_bootstrap
2025-09-16,80.30000305,81.30000305,80.19999695,81.09999847,374708,0,1,80.67947996,yahoo_bootstrap
2025-09-17,81.09999847,83.40000153,81.09999847,81.59999847,470040,0,1,81.17688737,yahoo_bootstrap
2025-09-18,81.19999695,82.30000305,80.5,81.09999847,340687,0,1,80.67947996,yahoo_bootstrap
2025-09-19,81.90000153,82.19999695,80.80000305,81.69999695,292313,0,1,81.27636734,yahoo_bootstrap
2025-09-22,83,83.40000153,81.19999695,82,231750,0,1,81.57481481,yahoo_bootstrap
2025-09-23,82.5,83,81.30000305,81.30000305,318425,0,1,80.87844748,yahoo_bootstrap
2025-09-24,81.40000153,81.5,80.19999695,80.80000305,269005,0,1,80.38104007,yahoo_bootstrap
2025-09-25,80.69999695,83.30000305,80.69999695,80.90000153,572164,0,1,80.48052004,yahoo_bootstrap
2025-09-26,81.59999847,81.80000305,77.30000305,77.80000305,813140,0,1,77.39659563,yahoo_bootstrap
2025-09-30,78,79.59999847,78,79.5,258102,0,1,79.08777778,yahoo_bootstrap
2025-10-01,80.09999847,81.09999847,79.5,79.5,395649,0,1,79.08777778,yahoo_bootstrap
2025-10-02,80.09999847,80.19999695,78.09999847,78.09999847,265418,0,1,77.69503551,yahoo_bootstrap
2025-10-03,79.19999695,79.19999695,78,78.80000305,300412,0,1,78.39141044,yahoo_bootstrap
2025-10-07,79.30000305,80.80000305,78.80000305,80.5,360110,0,1,80.08259259,yahoo_bootstrap
2025-10-08,80.5,81.19999695,79.30000305,81,257000,0,1,80.58,yahoo_bootstrap
2025-10-09,81.5,81.5,79.5,79.5,238101,0,1,79.08777778,yahoo_bootstrap
2025-10-13,77,78.90000153,75.30000305,78.69999695,334140,0,1,78.29192289,yahoo_bootstrap
2025-10-14,78.80000305,80.5,77.5,77.69999695,407542,0,1,77.29710808,yahoo_bootstrap
2025-10-15,78.69999695,78.69999695,77.5,77.90000153,237175,0,1,77.4960756,yahoo_bootstrap
2025-10-16,78,79.5,78,78.40000153,174165,0,1,77.993483,yahoo_bootstrap
2025-10-17,79.30000305,79.30000305,77.09999847,77.30000305,175065,0,1,76.89918822,yahoo_bootstrap
2025-10-20,77.59999847,77.59999847,76.40000153,77.40000153,214118,0,1,76.99866819,yahoo_bootstrap
2025-10-21,77.5,81,77.5,78.40000153,492300,0,1,77.993483,yahoo_bootstrap
2025-10-22,79.59999847,81.59999847,78.80000305,79.30000305,709000,0,1,78.88881785,yahoo_bootstrap
2025-10-23,79,79,77.80000305,78.09999847,206100,0,1,77.69503551,yahoo_bootstrap
2025-10-27,78.40000153,78.90000153,77,77,337015,0,1,76.60074074,yahoo_bootstrap
2025-10-28,78.09999847,78.40000153,75.80000305,76.09999847,327254,0,1,75.70540589,yahoo_bootstrap
2025-10-29,76.69999695,77,75.80000305,76.09999847,203000,0,1,75.70540589,yahoo_bootstrap
2025-10-30,77.19999695,77.19999695,75,75.5,279112,0,1,75.10851852,yahoo_bootstrap
2025-10-31,75.59999847,76.90000153,75.59999847,75.80000305,245127,0,1,75.406966,yahoo_bootstrap
2025-11-03,75.69999695,78.59999847,75.59999847,77,418000,0,1,76.60074074,yahoo_bootstrap
2025-11-04,77.90000153,78.09999847,74.80000305,74.90000153,342173,0,1,74.51163115,yahoo_bootstrap
2025-11-05,74.90000153,74.90000153,72.59999847,73.40000153,264000,0,1,73.01940893,yahoo_bootstrap
2025-11-06,74,75.5,73.19999695,75,203200,0,1,74.61111111,yahoo_bootstrap
2025-11-07,74.69999695,74.69999695,73.5,74.09999847,148000,0,1,73.71577626,yahoo_bootstrap
2025-11-10,74.09999847,76.59999847,73.69999695,73.69999695,269000,0,1,73.31784882,yahoo_bootstrap
2025-11-11,74.80000305,77.59999847,74.80000305,75.69999695,635493,0,1,75.30747845,yahoo_bootstrap
2025-11-12,76.19999695,76.69999695,75.5,75.5,176419,0,1,75.10851852,yahoo_bootstrap
2025-11-13,75.09999847,75.5,74,74.40000153,308300,0,1,74.01422374,yahoo_bootstrap
2025-11-14,74.40000153,74.40000153,72.59999847,72.90000153,365021,0,1,72.52200152,yahoo_bootstrap
2025-11-17,73,73.19999695,71.59999847,72.80000305,248000,0,1,72.42252155,yahoo_bootstrap
2025-11-18,71,72.5,70.5,70.5,242114,0,1,70.13444444,yahoo_bootstrap
2025-11-19,70.40000153,71,69.80000305,70.5,199000,0,1,70.13444444,yahoo_bootstrap
2025-11-20,71.30000305,72.69999695,70.80000305,71.40000153,129114,0,1,71.0297793,yahoo_bootstrap
2025-11-21,70.40000153,71.09999847,69.30000305,69.90000153,224005,0,1,69.53755708,yahoo_bootstrap
2025-11-24,71,71,69.69999695,69.80000305,72512,0,1,69.43807711,yahoo_bootstrap
2025-11-25,70.30000305,72,70.30000305,72,179005,0,1,71.62666667,yahoo_bootstrap
2025-11-26,72,73.90000153,72,73.90000153,201010,0,1,73.51681634,yahoo_bootstrap
2025-11-27,74,74,73.19999695,73.30000305,97200,0,1,72.91992896,yahoo_bootstrap
2025-11-28,73.40000153,74.19999695,73.30000305,74,143050,0,1,73.6162963,yahoo_bootstrap
2025-12-01,74.80000305,74.80000305,72.90000153,73.09999847,96002,0,1,72.72096144,yahoo_bootstrap
2025-12-02,73.09999847,73.40000153,71.40000153,72.5,100050,0,1,72.12407407,yahoo_bootstrap
2025-12-03,73.40000153,73.69999695,72.59999847,72.90000153,73380,0,1,72.52200152,yahoo_bootstrap
2025-12-04,74.30000305,77,74.30000305,74.5,726420,0,1,74.1137037,yahoo_bootstrap
2025-12-05,75.90000153,78.5,73.40000153,73.40000153,923000,0,1,73.01940893,yahoo_bootstrap
2025-12-08,73.69999695,74.80000305,72.40000153,72.90000153,165001,0,1,72.52200152,yahoo_bootstrap
2025-12-09,73.09999847,73.09999847,72.09999847,72.5,125000,0,1,72.12407407,yahoo_bootstrap
2025-12-10,72.80000305,73.19999695,72.09999847,72.09999847,139188,0,1,71.72614663,yahoo_bootstrap
2025-12-11,73.19999695,74.09999847,72.69999695,72.69999695,264600,0,1,72.323034,yahoo_bootstrap
2025-12-12,72.19999695,74.09999847,72.19999695,72.40000153,175125,0,1,72.02459411,yahoo_bootstrap
2025-12-15,72.09999847,72.59999847,71.5,72.30000305,143080,0,1,71.92511415,yahoo_bootstrap
2025-12-16,72.09999847,72.80000305,70.5,71.19999695,257060,0,1,70.83081178,yahoo_bootstrap
2025-12-17,71.90000153,72.30000305,71.19999695,71.30000305,126100,0,1,70.93029933,yahoo_bootstrap
2025-12-18,71.40000153,71.40000153,70.40000153,71,104700,0,1,70.63185185,yahoo_bootstrap
2025-12-19,71.5,73.19999695,71.40000153,72.19999695,140054,0,1,71.8256266,yahoo_bootstrap
2025-12-22,73.19999695,73.30000305,72.30000305,73,98922,0,1,72.62148148,yahoo_bootstrap
2025-12-23,73.69999695,74.09999847,72.90000153,73,98050,0,1,72.62148148,yahoo_bootstrap
2025-12-24,73.30000305,73.40000153,72.5,72.5,78082,0,1,72.12407407,yahoo_bootstrap
2025-12-26,72.69999695,72.69999695,71.69999695,72.09999847,76078,0,1,71.72614663,yahoo_bootstrap
2025-12-29,72.40000153,73.5,72.19999695,72.90000153,135580,0,1,72.52200152,yahoo_bootstrap
2025-12-30,73,73,71.59999847,72.09999847,117410,0,1,71.72614663,yahoo_bootstrap
2025-12-31,72.69999695,73,71.5,72,111060,0,1,71.62666667,yahoo_bootstrap
2026-01-02,72,74,72,73,184060,0,1,72.62148148,yahoo_bootstrap
2026-01-05,73.09999847,73.19999695,71.80000305,71.90000153,256300,0,1,71.52718671,yahoo_bootstrap
2026-01-06,72.19999695,75.5,72.19999695,74.40000153,673723,0,1,74.01422374,yahoo_bootstrap
2026-01-07,75.80000305,76.59999847,73.40000153,73.69999695,588622,0,1,73.31784882,yahoo_bootstrap
2026-01-08,73.69999695,73.69999695,72.09999847,72.5,200050,0,1,72.12407407,yahoo_bootstrap
2026-01-09,72.80000305,73.59999847,72,72.80000305,148060,0,1,72.42252155,yahoo_bootstrap
2026-01-12,73.19999695,75,73.19999695,74.40000153,271475,0,1,74.01422374,yahoo_bootstrap
2026-01-13,75.19999695,75.19999695,73,73.80000305,186982,0,1,73.41733637,yahoo_bootstrap
2026-01-14,74.19999695,79.30000305,74,78.69999695,1430452,0,1,78.29192289,yahoo_bootstrap
2026-01-15,78.09999847,79.09999847,77.09999847,78.59999847,561282,0,1,78.19244292,yahoo_bootstrap
2026-01-16,80.30000305,84.90000153,79.69999695,81.5,2397701,0,1,81.07740741,yahoo_bootstrap
2026-01-19,82.09999847,85.59999847,81,83,1843226,0,1,82.56962963,yahoo_bootstrap
2026-01-20,83.09999847,83.90000153,82.5,83,714110,0,1,82.56962963,yahoo_bootstrap
2026-01-21,83,85.90000153,82.40000153,82.40000153,1131290,0,1,81.97274226,yahoo_bootstrap
2026-01-22,83.5,85,82.80000305,83,692200,0,1,82.56962963,yahoo_bootstrap
2026-01-23,84.90000153,85.40000153,81.59999847,82,973791,0,1,81.57481481,yahoo_bootstrap
2026-01-26,84.09999847,85.40000153,82.09999847,83.30000305,929161,0,1,82.86807711,yahoo_bootstrap
2026-01-27,84.40000153,84.40000153,82.59999847,83,376000,0,1,82.56962963,yahoo_bootstrap
2026-01-28,83.5,84.69999695,82.59999847,84.5,639301,0,1,84.06185185,yahoo_bootstrap
2026-01-29,85.19999695,87,81.59999847,82.09999847,1258691,0,1,81.67429477,yahoo_bootstrap
2026-01-30,83,83,78.90000153,80,532350,0,1,79.58518519,yahoo_bootstrap
2026-02-02,79.80000305,79.80000305,75.69999695,76.30000305,498037,0,1,75.9043734,yahoo_bootstrap
2026-02-03,77.59999847,77.90000153,76.80000305,77.09999847,156287,0,1,76.7002207,yahoo_bootstrap
2026-02-04,77.30000305,81,76,79.40000153,437033,0,1,78.98829782,yahoo_bootstrap
2026-02-05,79,80.30000305,77.5,80.19999695,471140,0,1,79.78414511,yahoo_bootstrap
2026-02-06,79.80000305,81.30000305,75,76.69999695,587093,0,1,76.30229326,yahoo_bootstrap
2026-02-09,79,81.59999847,78.90000153,80.19999695,514580,0,1,79.78414511,yahoo_bootstrap
2026-02-10,80.30000305,81.19999695,78.40000153,78.59999847,306230,0,1,78.19244292,yahoo_bootstrap
2026-02-11,78.59999847,78.80000305,77.09999847,77.30000305,237012,0,1,76.89918822,yahoo_bootstrap
2026-02-23,79.5,82.30000305,77.40000153,81.40000153,624410,0,1,80.97792745,yahoo_bootstrap
2026-02-24,81.69999695,82,80,80.30000305,415302,0,1,79.88363266,yahoo_bootstrap
2026-02-25,80.5,80.59999847,78,78,385605,0,1,77.59555556,yahoo_bootstrap
2026-02-26,79,79.5,77.69999695,78.30000305,277113,0,1,77.89400303,yahoo_bootstrap
2026-03-02,76.19999695,82,75.59999847,81.19999695,729452,0,1,80.77895993,yahoo_bootstrap
2026-03-03,81.69999695,81.69999695,77,77,619975,0,1,76.60074074,yahoo_bootstrap
2026-03-04,75.40000153,76.5,72.09999847,72.30000305,582002,0,1,71.92511415,yahoo_bootstrap
2026-03-05,73.80000305,78.19999695,73.19999695,76.30000305,713110,0,1,75.9043734,yahoo_bootstrap
2026-03-06,76.30000305,76.5,74,74.40000153,316100,0,1,74.01422374,yahoo_bootstrap
2026-03-09,68,70.5,67.5,70.30000305,397002,0,1,69.93548452,yahoo_bootstrap
2026-03-10,72.09999847,73.19999695,71.40000153,72.19999695,328500,0,1,71.8256266,yahoo_bootstrap
2026-03-11,73,74.90000153,73,74.80000305,252394,0,1,74.41215118,yahoo_bootstrap
2026-03-12,74.5,76.80000305,74.09999847,75.19999695,319100,0,1,74.81007104,yahoo_bootstrap
2026-03-13,75,76.40000153,74.19999695,75.59999847,174588,0,1,75.20799848,yahoo_bootstrap
2026-03-16,76.19999695,78.59999847,75.80000305,78,485005,0,1,77.59555556,yahoo_bootstrap
2026-03-17,78.90000153,80.69999695,78.40000153,80,593294,0,1,79.58518519,yahoo_bootstrap
2026-03-18,81.90000153,81.90000153,78.59999847,80.80000305,347120,0,1,80.38104007,yahoo_bootstrap
2026-03-19,79.59999847,80.69999695,78.5,79.09999847,236167,0,1,78.68985033,yahoo_bootstrap
2026-03-20,79.09999847,81.5,77.90000153,80.30000305,495019,0,1,79.88363266,yahoo_bootstrap
2026-03-23,80.30000305,88.30000305,77.90000153,83.80000305,3654318,0,1,83.36548452,yahoo_bootstrap
2026-03-24,85.40000153,86.30000305,81.59999847,81.90000153,1063120,0,1,81.47533486,yahoo_bootstrap
2026-03-25,83.19999695,89.40000153,82.09999847,88.59999847,2717211,0,1,88.14059107,yahoo_bootstrap
2026-03-26,90,90,85,85,1594366,0,1,84.55925926,yahoo_bootstrap
2026-03-27,84.19999695,88,83.5,85.40000153,786300,0,1,84.95718671,yahoo_bootstrap
2026-03-30,82.5,88.5,82.40000153,87.30000305,1362403,0,1,86.84733637,yahoo_bootstrap
2026-03-31,87.59999847,89,84.09999847,84.5,1712059,0,1,84.06185185,yahoo_bootstrap
2026-04-01,87.5,88.5,86.09999847,86.5,739212,0,1,86.05148148,yahoo_bootstrap
2026-04-02,87.90000153,87.90000153,85.59999847,85.69999695,586033,0,1,85.2556266,yahoo_bootstrap
2026-04-07,86.5,90.69999695,86.5,89.59999847,1728440,0,1,89.13540589,yahoo_bootstrap
2026-04-08,90.19999695,94.5,90.19999695,93.40000153,2368098,0,1,92.91570523,yahoo_bootstrap
2026-04-09,93.90000153,94.90000153,90,90.09999847,1572645,0,1,89.63281329,yahoo_bootstrap
2026-04-10,99.09999847,99.09999847,99.09999847,99.09999847,1694209,0,1,98.58614663,yahoo_bootstrap
2026-04-13,109,109,109,109,1238222,0,1,108.43481481,yahoo_bootstrap
2026-04-14,119.5,119.5,116,119.5,5661334,0,1,118.88037037,yahoo_bootstrap
2026-04-15,116.5,119,109,115.5,11458281,0,1,114.90111111,yahoo_bootstrap
2026-04-16,119.5,122.5,115.5,117,6924865,0,1,116.39333333,yahoo_bootstrap
2026-04-17,117,124,111,117.5,6559626,0,1,116.89074074,yahoo_bootstrap
2026-04-20,120,124,114,115.5,4978586,0,1,114.90111111,yahoo_bootstrap
2026-04-21,115,116.5,110,114,2830635,0,1,113.40888889,yahoo_bootstrap
2026-04-22,115,125,113,115.5,8937983,0,1,114.90111111,yahoo_bootstrap
2026-04-23,116,117.5,104,107.5,5378211,0,1,106.94259259,yahoo_bootstrap
2026-04-24,110,112.5,103,108.5,2092341,0,1,107.93740741,yahoo_bootstrap
2026-04-27,107.5,112.5,102.5,110.5,3174439,0,1,109.92703704,yahoo_bootstrap
2026-04-28,110.5,121.5,108,121.5,2946478,0,1,120.87,yahoo_bootstrap
2026-04-29,121.5,133.5,120.5,130.5,16678675,0,1,129.82333333,yahoo_bootstrap
2026-04-30,143.5,143.5,140.5,143.5,4465199,0,1,142.75592593,yahoo_bootstrap
2026-05-04,144,157.5,144,157.5,4227971,0,1,156.68333333,yahoo_bootstrap
2026-05-05,170.5,173,169,173,1882404,0,1,172.10296296,yahoo_bootstrap
2026-05-06,190,190,169.5,178,14644394,0,1,177.07703704,yahoo_bootstrap
2026-05-07,180,180.5,170,180.5,2168045,0,1,179.56407407,yahoo_bootstrap
2026-05-08,181,181,166,173,1555447,0,1,172.10296296,yahoo_bootstrap
2026-05-11,176,184,173,182,1998377,0,1,181.0562963,yahoo_bootstrap
2026-05-12,189,189,180,187,1656406,0,1,186.03037037,yahoo_bootstrap
2026-05-13,187,189,179.5,189,1449453,0,1,188.02,yahoo_bootstrap
2026-05-14,195,195,180,180,1165467,0,1,179.06666667,yahoo_bootstrap
2026-05-15,178,188,178,179.5,1361482,0,1,178.56925926,yahoo_bootstrap
2026-05-18,180,190.5,172.5,189.5,1435436,0,1,188.51740741,yahoo_bootstrap
2026-05-19,191,199,172,179.5,2174807,0,1,178.56925926,yahoo_bootstrap
2026-05-20,177.5,182.5,170.5,171,1144125,0,1,170.11333333,yahoo_bootstrap
2026-05-21,177.5,180.5,162.5,166.5,6701389,0,1,165.63666667,yahoo_bootstrap
2026-05-22,169,183,161.5,183,4868124,0,1,182.05111111,yahoo_bootstrap
2026-05-25,201,201,195,201,2224174,0,1,199.95777778,yahoo_bootstrap
2026-05-26,211,221,208.5,221,9098694,0,1,219.85407407,yahoo_bootstrap
2026-05-27,215,215,199,199,9091219,0,1,197.96814815,yahoo_bootstrap
2026-05-28,199,199,179.5,180.5,7367261,0,1,179.56407407,yahoo_bootstrap
2026-05-29,185.5,190,178,180,7086919,0,1,179.06666667,yahoo_bootstrap
2026-06-01,180.5,187,179,180.5,4912807,0,1,179.56407407,yahoo_bootstrap
2026-06-02,181.5,181.5,164,169.5,4820017,0,1,168.62111111,yahoo_bootstrap
2026-06-03,170.5,170.5,163.5,166.5,3651180,0,1,165.63666667,yahoo_bootstrap
2026-06-04,166.5,174,163.5,172.5,3011900,0,1,171.60555556,yahoo_bootstrap
2026-06-05,169.5,174,165,167.5,2705411,0,1,166.63148148,yahoo_bootstrap
2026-06-08,151,156.5,151,155.5,2122828,0,1,154.6937037,yahoo_bootstrap
2026-06-09,155.5,160,153,160,1968625,0,1,159.17037037,yahoo_bootstrap
2026-06-10,155,163,147.5,147.5,2701931,0,1,146.73518519,yahoo_bootstrap
2026-06-11,145.5,147.5,138,143.5,3914133,0,1,142.75592593,yahoo_bootstrap
2026-06-12,150,152,144,150.5,2064017,0,1,149.71962963,yahoo_bootstrap
2026-06-15,156,158,153.5,154.5,1443750,0,1,153.69888889,yahoo_bootstrap
2026-06-16,156,156.5,148.5,150,1655290,0,1,149.22222222,yahoo_bootstrap
2026-06-17,147.5,149.5,145.5,147,991320,0,1,146.23777778,yahoo_bootstrap
2026-06-18,149,161,148,158,2448378,0,1,157.18074074,yahoo_bootstrap
2026-06-22,160,163,157,157.5,1933156,0,1,156.68333333,yahoo_bootstrap
2026-06-23,157.5,157.5,152.5,154,1051474,0,1,153.20148148,yahoo_bootstrap
2026-06-24,151,152.5,147,150.5,1210070,0,1,149.71962963,yahoo_bootstrap
2026-06-25,152,154,150.5,153.5,787321,0,1,152.70407407,yahoo_bootstrap
2026-06-26,151.5,152,139,139.5,1499358,0,1,138.77666667,yahoo_bootstrap
2026-06-29,142,143.5,135.5,138,1004440,0,1,137.28444444,yahoo_bootstrap
2026-06-30,142.5,142.5,138.5,141,937454,0,1,140.26888889,yahoo_bootstrap
2026-07-01,141,148,141,143,958600,0,1,142.25851852,yahoo_bootstrap
2026-07-02,141.5,157,141,157,1471310,0,1,156.18592593,yahoo_bootstrap
2026-07-03,160.5,166,151,156,6793452,0,1,155.19111111,yahoo_bootstrap
2026-07-06,156,157.5,151,151.5,1513001,0,1,150.71444444,yahoo_bootstrap
2026-07-07,152.5,152.5,139,139,1418742,0,1,138.27925926,yahoo_bootstrap
2026-07-08,140,141.5,135.5,140.5,948102,0,1,139.77148148,yahoo_bootstrap
2026-07-09,140.5,142,137.5,138.5,602750,0,1,137.78185185,yahoo_bootstrap
2026-07-10,138.5,138.5,138.5,138.5,0,0,1,137.78185185,yahoo_bootstrap
2026-07-13,139,148,138,140,937061,0,1,139.27407407,yahoo_bootstrap
2026-07-14,139,139.5,126,133.5,1283600,0,1,132.80777778,yahoo_bootstrap
2026-07-15,136,138,131.5,138,1017131,0,1,137.28444444,yahoo_bootstrap
2026-07-16,138,139.5,132.5,138.5,621104,0,1,137.78185185,yahoo_bootstrap
2026-07-17,132.5,136,127.5,128,986838,0,1,127.3362963,yahoo_bootstrap
2026-07-20,127,128,117,122,2030602,0,1,121.36740741,yahoo_bootstrap
2026-07-21,122.5,126.5,122,125,733209,0,1,124.35185185,yahoo_bootstrap
2026-07-22,126,131.5,126,129,674050,0,1,128.33111111,yahoo_bootstrap
2026-07-23,131.5,138,128.5,134.5,822486,0,1,133.80259259,yahoo_bootstrap
2026-07-24,132,132.5,124.5,126,1249406,0,1,125.34666667,yahoo_bootstrap
2026-07-27,125,129,122,128.5,523302,0,1,127.8337037,yahoo_bootstrap
2026-07-28,124.5,124.5,117,117.5,889348,0,1,116.89074074,yahoo_daily
2026-07-29,116,119.5,106,109.5,1707306,0,1,108.93222222,yahoo_daily
2026-07-30,109,112,102,104,1087075,0,1,103.46074074,yahoo_daily
2026-07-31,111.5,114,109.5,114,964501,0,1,113.40888889,yahoo_daily
2026-08-03,112.5,125,112,125,780201,0,1,124.35185185,yahoo_daily
2026-08-04,125,133,123.5,131,1326306,0,1,130.32074074,yahoo_daily
2026-08-05,134.5,140,132.5,137.5,1732605,0,1,136.78703704,yahoo_daily
2026-08-06,137.5,146,136,143,2844780,0,1,142.25851852,yahoo_daily
2026-08-07,144,156.5,141,141,5753381,0,1,140.26888889,yahoo_daily
2026-08-10,143,151,140,149,2981935,0,1,148.22740741,yahoo_daily
2026-08-11,147,152.5,144.5,148,1985309,0,1,147.23259259,yahoo_daily
2026-08-12,147,151.5,146.5,149,1222912,0,1,148.22740741,yahoo_daily
2026-08-13,150,153.5,148,150,2357904,0,1,149.22222222,yahoo_daily
2026-08-14,150,150.5,142,143.5,1165025,0,1,142.75592593,yahoo_daily
2026-08-17,144.5,151,144.5,145,1584001,0,1,144.24814815,yahoo_daily
2026-08-18,147,149,137,139.5,934460,0,1,138.77666667,yahoo_daily
2026-08-19,137,146,134.5,135,1350296,0,1,134.3,yahoo_daily
2026-08-20,139.5,147.5,134.5,135,3352620,0.7,1,135,yahoo_daily
2026-08-21,136,136.5,131,133,1132352,0,1,133,yahoo_daily
2026-08-24,133,137,131.5,131.5,771345,0,1,131.5,yahoo_daily
2026-08-25,131.5,131.5,124,130,965561,0,1,130,yahoo_daily
2026-08-26,129,134.5,128,134.5,729062,0,1,134.5,yahoo_daily
2026-08-27,144.5,147.5,144.5,147.5,1697114,0,1,147.5,yahoo_daily
2026-08-28,151,152.5,139,152,6785109,0,1,152,yahoo_daily
2026-08-31,148.5,153,137,138.5,4201765,0,1,138.5,yahoo_daily
2026-09-01,139.5,149,138.5,144.5,2403820,0,1,144.5,yahoo_daily
