date,open,high,low,close,volume,dividend,split_factor,adjusted_close,source
2021-08-26,19.5,19.5,19.10000038,19.14999962,805729,0,1,15.43683029,yahoo_bootstrap
2021-08-27,19.04999924,19.25,19.04999924,19.14999962,714192,0,1,15.43683029,yahoo_bootstrap
2021-08-30,19.25,19.25,19.10000038,19.14999962,354536,0,1,15.43683029,yahoo_bootstrap
2021-08-31,19.20000076,19.45000076,19.04999924,19.39999962,861572,0,1,15.63835549,yahoo_bootstrap
2021-09-01,19.35000038,19.45000076,19.25,19.35000038,434177,0,1,15.59805107,yahoo_bootstrap
2021-09-02,19.29999924,19.29999924,19.04999924,19.10000038,962634,0,1,15.39652586,yahoo_bootstrap
2021-09-03,19.10000038,19.25,19.04999924,19.10000038,755000,0,1,15.39652586,yahoo_bootstrap
2021-09-06,19.10000038,19.10000038,18.79999924,18.89999962,1009655,0,1,15.23530509,yahoo_bootstrap
2021-09-07,18.85000038,19.04999924,18.75,18.89999962,785925,0,1,15.23530509,yahoo_bootstrap
2021-09-08,18.79999924,19.04999924,18.75,18.79999924,560853,0,1,15.1546947,yahoo_bootstrap
2021-09-09,18.75,18.89999962,18.64999962,18.89999962,593624,0,1,15.23530509,yahoo_bootstrap
2021-09-10,19,19.20000076,19,19.14999962,598437,0,1,15.43683029,yahoo_bootstrap
2021-09-13,19.14999962,20.20000076,19.10000038,19.70000076,3666363,0,1,15.88018666,yahoo_bootstrap
2021-09-14,19.64999962,20.89999962,19.60000038,20.64999962,7780114,0,1,16.64598151,yahoo_bootstrap
2021-09-15,21,22,20.29999924,20.60000038,33978763,0,1,16.60567708,yahoo_bootstrap
2021-09-16,20.35000038,21.14999962,20,20.79999924,8520579,0,1,16.76689633,yahoo_bootstrap
2021-09-17,20.5,20.75,20.04999924,20.10000038,3581815,0,1,16.20262668,yahoo_bootstrap
2021-09-22,19.5,21.20000076,19.29999924,20.14999962,43070095,0,1,16.2429311,yahoo_bootstrap
2021-09-23,20.14999962,20.29999924,19.70000076,19.95000076,5461485,0,1,16.08171186,yahoo_bootstrap
2021-09-24,19.85000038,20.10000038,19.70000076,19.70000076,2556918,0,1,15.88018666,yahoo_bootstrap
2021-09-27,19.75,20.10000038,19.75,19.95000076,1713493,0,1,16.08171186,yahoo_bootstrap
2021-09-28,20,20.25,19.89999962,19.95000076,1422569,0,1,16.08171186,yahoo_bootstrap
2021-09-29,19.85000038,20.29999924,19.75,20,2544821,0,1,16.12201629,yahoo_bootstrap
2021-09-30,20.20000076,20.79999924,20.10000038,20.45000076,3621462,0,1,16.48476227,yahoo_bootstrap
2021-10-01,20.29999924,20.39999962,19.79999924,19.89999962,2603151,0,1,16.0414059,yahoo_bootstrap
2021-10-04,20.04999924,20.14999962,19.70000076,19.75,1473319,0,1,15.92049109,yahoo_bootstrap
2021-10-05,19.70000076,19.89999962,19.25,19.75,1589292,0,1,15.92049109,yahoo_bootstrap
2021-10-06,19.95000076,20.39999962,19.85000038,19.95000076,1692000,0,1,16.08171186,yahoo_bootstrap
2021-10-07,20.20000076,20.20000076,19.95000076,20,1239325,0,1,16.12201629,yahoo_bootstrap
2021-10-08,20.29999924,20.60000038,20.04999924,20.10000038,1346500,0,1,16.20262668,yahoo_bootstrap
2021-10-12,20,20.29999924,20,20.10000038,1069509,0,1,16.20262668,yahoo_bootstrap
2021-10-13,20.25,21.14999962,20.14999962,20.89999962,13755387,0,1,16.84750671,yahoo_bootstrap
2021-10-14,21.39999962,22.95000076,20.14999962,20.29999924,54645871,0,1,16.36384592,yahoo_bootstrap
2021-10-15,20.5,20.89999962,20,20.39999962,14116446,0,1,16.44445631,yahoo_bootstrap
2021-10-18,20.35000038,20.85000038,20.10000038,20.70000076,7382000,0,1,16.68628747,yahoo_bootstrap
2021-10-19,20.70000076,22.14999962,20.54999924,21.75,27294746,0,1,17.53269271,yahoo_bootstrap
2021-10-20,22,22.79999924,21.45000076,21.85000038,21455888,0,1,17.6133031,yahoo_bootstrap
2021-10-21,21.54999924,21.79999924,21.04999924,21.5,9503011,0,1,17.33116751,yahoo_bootstrap
2021-10-22,21.35000038,21.45000076,20.5,20.5,7616650,0,1,16.5250667,yahoo_bootstrap
2021-10-25,20.70000076,21.5,20.5,21.10000038,9635069,0,1,17.00872749,yahoo_bootstrap
2021-10-26,21.10000038,21.25,20.64999962,20.75,3992424,0,1,16.7265919,yahoo_bootstrap
2021-10-27,20.75,20.85000038,20.54999924,20.70000076,2608003,0,1,16.68628747,yahoo_bootstrap
2021-10-28,20.70000076,20.70000076,20.5,20.54999924,2727672,0,1,16.56537112,yahoo_bootstrap
2021-10-29,20.5,20.70000076,20.35000038,20.39999962,2721310,0,1,16.44445631,yahoo_bootstrap
2021-11-01,20.5,20.79999924,20.14999962,20.75,7959800,0,1,16.7265919,yahoo_bootstrap
2021-11-02,20.75,20.75,20.20000076,20.29999924,4001579,0,1,16.36384592,yahoo_bootstrap
2021-11-03,20.5,20.5,20.25,20.35000038,2217013,0,1,16.40415188,yahoo_bootstrap
2021-11-04,20.5,20.85000038,20.35000038,20.39999962,3138200,0,1,16.44445631,yahoo_bootstrap
2021-11-05,20.5,21.20000076,20.29999924,20.85000038,5898118,0,1,16.80720229,yahoo_bootstrap
2021-11-08,21.10000038,21.25,20.75,20.79999924,4540370,0,1,16.76689633,yahoo_bootstrap
2021-11-09,21,21.29999924,20.79999924,21.20000076,5185099,0,1,17.08933788,yahoo_bootstrap
2021-11-10,21.54999924,22.14999962,21.29999924,21.79999924,11496774,0,1,17.57299714,yahoo_bootstrap
2021-11-11,21.79999924,22.64999962,21.70000076,22.14999962,9391859,0,1,17.85513273,yahoo_bootstrap
2021-11-12,22.39999962,23.14999962,22.29999924,22.89999962,11547708,0,1,18.45970834,yahoo_bootstrap
2021-11-15,23.5,23.64999962,22.5,22.79999924,7071813,0,1,18.37909795,yahoo_bootstrap
2021-11-16,23,23.25,22.64999962,22.79999924,6098880,0,1,18.37909795,yahoo_bootstrap
2021-11-17,23,24.29999924,22.95000076,24,13369453,0,1,19.34641955,yahoo_bootstrap
2021-11-18,24,24.35000038,23.54999924,24.25,6492923,0,1,19.54794475,yahoo_bootstrap
2021-11-19,24.29999924,24.39999962,23.25,23.60000038,4856022,0,1,19.02397953,yahoo_bootstrap
2021-11-22,23.70000076,24.14999962,23.60000038,23.95000076,2693513,0,1,19.30611512,yahoo_bootstrap
2021-11-23,23.85000038,24.5,23.25,23.39999962,6262823,0,1,18.86275875,yahoo_bootstrap
2021-11-24,23.60000038,24.45000076,23.60000038,24.14999962,5841182,0,1,19.46733436,yahoo_bootstrap
2021-11-25,24.5,25.45000076,23.79999924,24.14999962,9753737,0,1,19.46733436,yahoo_bootstrap
2021-11-26,24,24,23.29999924,23.35000038,3739887,0,1,18.82245432,yahoo_bootstrap
2021-11-29,23.20000076,23.85000038,22.95000076,23.70000076,3186035,0,1,19.10458992,yahoo_bootstrap
2021-11-30,24,24.25,23.35000038,23.35000038,4064098,0,1,18.82245432,yahoo_bootstrap
2021-12-01,23.25,23.75,23,23.5,1723007,0,1,18.94336914,yahoo_bootstrap
2021-12-02,23.39999962,23.5,22.60000038,22.60000038,3689391,0,1,18.21787871,yahoo_bootstrap
2021-12-03,22.64999962,23.04999924,22.39999962,22.64999962,1746256,0,1,18.25818314,yahoo_bootstrap
2021-12-06,22.70000076,22.85000038,22.25,22.39999962,1741619,0,1,18.05665794,yahoo_bootstrap
2021-12-07,22.35000038,22.5,22.04999924,22.14999962,2957376,0,1,17.85513273,yahoo_bootstrap
2021-12-08,22.29999924,22.5,22.04999924,22.10000038,1675784,0,1,17.81482831,yahoo_bootstrap
2021-12-09,22.10000038,22.29999924,21.79999924,21.85000038,2292030,0,1,17.6133031,yahoo_bootstrap
2021-12-10,21.89999962,22.25,21.89999962,22.14999962,1651485,0,1,17.85513273,yahoo_bootstrap
2021-12-13,22.14999962,22.39999962,22,22.04999924,1608948,0,1,17.77452234,yahoo_bootstrap
2021-12-14,22,22.10000038,21.54999924,21.60000038,2440100,0,1,17.4117779,yahoo_bootstrap
2021-12-15,21.5,21.89999962,21.5,21.75,815744,0,1,17.53269271,yahoo_bootstrap
2021-12-16,21.85000038,22.14999962,21.70000076,21.95000076,1992480,0,1,17.69391349,yahoo_bootstrap
2021-12-17,21.95000076,22,21.54999924,21.75,1772513,0,1,17.53269271,yahoo_bootstrap
2021-12-20,21.79999924,22.04999924,21.79999924,21.89999962,879889,0,1,17.65360753,yahoo_bootstrap
2021-12-21,21.85000038,22.79999924,21.85000038,22.70000076,12327804,0,1,18.2984891,yahoo_bootstrap
2021-12-22,22.64999962,22.75,22.29999924,22.45000076,4608037,0,1,18.0969639,yahoo_bootstrap
2021-12-23,23.39999962,23.39999962,22.20000076,22.29999924,10768127,0,1,17.97604755,yahoo_bootstrap
2021-12-24,22.35000038,22.60000038,22.25,22.54999924,1671958,0,1,18.17757275,yahoo_bootstrap
2021-12-27,22.54999924,22.79999924,22.45000076,22.45000076,2373185,0,1,18.0969639,yahoo_bootstrap
2021-12-28,22.54999924,23.14999962,22.5,22.95000076,6114632,0,1,18.50001431,yahoo_bootstrap
2021-12-29,23.29999924,23.35000038,22.64999962,23,3251776,0,1,18.54031873,yahoo_bootstrap
2021-12-30,23.10000038,23.29999924,23,23.10000038,2671648,0,1,18.62092912,yahoo_bootstrap
2022-01-03,23.29999924,24.95000076,23.10000038,24.39999962,12483078,0,1,19.66885956,yahoo_bootstrap
2022-01-04,24.39999962,24.45000076,23.60000038,23.85000038,8392040,0,1,19.22550473,yahoo_bootstrap
2022-01-05,23.95000076,25,23.95000076,24.60000038,11651613,0,1,19.83008034,yahoo_bootstrap
2022-01-06,24.54999924,26.75,24.29999924,25.60000038,30547419,0,1,20.63618116,yahoo_bootstrap
2022-01-07,25.95000076,26.75,25,26.29999924,29543167,0,1,21.2004508,yahoo_bootstrap
2022-01-10,25.70000076,26.20000076,25.14999962,25.39999962,11438537,0,1,20.47496038,yahoo_bootstrap
2022-01-11,25,25.20000076,23.85000038,23.95000076,9672672,0,1,19.30611512,yahoo_bootstrap
2022-01-12,24.10000038,24.79999924,24.10000038,24.5,4401740,0,1,19.74946995,yahoo_bootstrap
2022-01-13,24.5,25.14999962,24.10000038,24.20000076,7470337,0,1,19.50764032,yahoo_bootstrap
2022-01-14,24.60000038,24.60000038,24.04999924,24.39999962,2838371,0,1,19.66885956,yahoo_bootstrap
2022-01-17,24.39999962,25,24.29999924,24.5,1630215,0,1,19.74946995,yahoo_bootstrap
2022-01-18,24.64999962,24.79999924,24.35000038,24.54999924,1670526,0,1,19.78977438,yahoo_bootstrap
2022-01-19,24.54999924,25,24.10000038,24.14999962,6994921,0,1,19.46733436,yahoo_bootstrap
2022-01-20,24.20000076,24.45000076,23.79999924,23.95000076,2101542,0,1,19.30611512,yahoo_bootstrap
2022-01-21,23.75,24.14999962,23.10000038,23.14999962,3346590,0,1,18.66123355,yahoo_bootstrap
2022-01-24,23,23.10000038,22.54999924,23,1698428,0,1,18.54031873,yahoo_bootstrap
2022-01-25,22.75,22.95000076,22.20000076,22.25,2937881,0,1,17.93574312,yahoo_bootstrap
2022-01-26,22.20000076,22.54999924,22.10000038,22.35000038,1839242,0,1,18.01635351,yahoo_bootstrap
2022-02-07,22.60000038,22.85000038,22.5,22.85000038,1294565,0,1,18.41940392,yahoo_bootstrap
2022-02-08,22.85000038,23.60000038,22.75,23.54999924,3599660,0,1,18.98367356,yahoo_bootstrap
2022-02-09,23.95000076,24.39999962,23.75,23.95000076,6749160,0,1,19.30611512,yahoo_bootstrap
2022-02-10,24.25,24.35000038,23.89999962,24.29999924,2702615,0,1,19.58824918,yahoo_bootstrap
2022-02-11,24.10000038,25.39999962,24.10000038,25.10000038,13377762,0,1,20.23313075,yahoo_bootstrap
2022-02-14,25.35000038,27.10000038,25.04999924,26.29999924,46505531,0,1,21.2004508,yahoo_bootstrap
2022-02-15,26.35000038,28.89999962,26.20000076,28.89999962,45682144,0,1,23.29631323,yahoo_bootstrap
2022-02-16,30,31.29999924,29.04999924,30.39999962,94019050,0,1,24.50546445,yahoo_bootstrap
2022-02-17,30.29999924,32.29999924,30.14999962,32.15000153,51935845,0,1,25.91614241,yahoo_bootstrap
2022-02-18,31.64999962,31.95000076,30.29999924,30.64999962,34933331,0,1,24.70698966,yahoo_bootstrap
2022-02-21,30.04999924,30.35000038,29,29.5,21545113,0,1,23.77997403,yahoo_bootstrap
2022-02-22,29.54999924,30.29999924,28.85000038,29,21026033,0,1,23.37692362,yahoo_bootstrap
2022-02-23,29.39999962,30.25,28.85000038,29.89999962,14158490,0,1,24.10241404,yahoo_bootstrap
2022-02-24,29.25,29.35000038,27.45000076,27.70000076,19557962,0,1,22.32899317,yahoo_bootstrap
2022-02-25,28.35000038,28.70000076,27.95000076,27.95000076,7569045,0,1,22.53051838,yahoo_bootstrap
2022-03-01,28.35000038,28.45000076,27.89999962,27.89999962,5184568,0,1,22.49021242,yahoo_bootstrap
2022-03-02,28,28.60000038,27.70000076,28,15021657,0,1,22.5708228,yahoo_bootstrap
2022-03-03,28.64999962,28.89999962,27.79999924,27.79999924,14572450,0,1,22.40960203,yahoo_bootstrap
2022-03-04,27.70000076,28.54999924,27.64999962,27.79999924,14506988,0,1,22.40960203,yahoo_bootstrap
2022-03-07,27.5,27.5,26,26.29999924,9038450,0,1,21.2004508,yahoo_bootstrap
2022-03-08,26.60000038,27.10000038,25.89999962,25.95000076,7403979,0,1,20.91831675,yahoo_bootstrap
2022-03-09,26.45000076,26.79999924,26.20000076,26.39999962,5600635,0,1,21.28106119,yahoo_bootstrap
2022-03-10,26.64999962,27.25,26.60000038,26.89999962,6320777,0,1,21.6841116,yahoo_bootstrap
2022-03-11,27.39999962,28.10000038,27,27.10000038,17226878,0,1,21.84533238,yahoo_bootstrap
2022-03-14,27.35000038,29.5,26.95000076,28.75,32367275,0,1,23.17539842,yahoo_bootstrap
2022-03-15,28.25,28.45000076,26.20000076,26.54999924,24979665,0,1,21.40197601,yahoo_bootstrap
2022-03-16,26.64999962,27,25.79999924,26.29999924,11358201,0,1,21.2004508,yahoo_bootstrap
2022-03-17,26.89999962,27.10000038,26.5,27,6399360,0,1,21.76472199,yahoo_bootstrap
2022-03-18,26.95000076,29.39999962,26.79999924,29,33698923,0,1,23.37692362,yahoo_bootstrap
2022-03-21,29.39999962,29.70000076,27.70000076,27.89999962,39718609,0,1,22.49021242,yahoo_bootstrap
2022-03-22,28,29.14999962,27.60000038,28.79999924,24664745,0,1,23.21570284,yahoo_bootstrap
2022-03-23,28.70000076,29,28.10000038,28.5,13061982,0,1,22.97387321,yahoo_bootstrap
2022-03-24,28.14999962,29.10000038,28.14999962,28.14999962,25784701,0,1,22.69173762,yahoo_bootstrap
2022-03-25,28.39999962,28.85000038,28.14999962,28.35000038,14802189,0,1,22.8529584,yahoo_bootstrap
2022-03-28,28.45000076,29.5,28.20000076,29.39999962,38714458,0,1,23.69936364,yahoo_bootstrap
2022-03-29,29.60000038,29.79999924,28.85000038,28.89999962,24029991,0,1,23.29631323,yahoo_bootstrap
2022-03-30,29,29,28,28.04999924,15109126,0,1,22.61112723,yahoo_bootstrap
2022-03-31,28.10000038,28.39999962,27.64999962,27.70000076,9089918,0,1,22.32899317,yahoo_bootstrap
2022-04-01,27.39999962,28,27.35000038,27.85000038,5556410,0,1,22.44990799,yahoo_bootstrap
2022-04-06,27.75,28.54999924,27.70000076,28.29999924,10776816,0,1,22.81265243,yahoo_bootstrap
2022-04-07,28.10000038,28.20000076,27.29999924,27.29999924,8214805,0,1,22.00655162,yahoo_bootstrap
2022-04-08,27.60000038,28.79999924,27.5,28.25,15926651,0,1,22.77234801,yahoo_bootstrap
2022-04-11,28.70000076,29.29999924,28.35000038,28.39999962,25616314,0,1,22.89326282,yahoo_bootstrap
2022-04-12,28.39999962,28.60000038,27.29999924,27.54999924,8598842,0,1,22.20807682,yahoo_bootstrap
2022-04-13,27.85000038,28,27.60000038,27.75,3482907,0,1,22.3692976,yahoo_bootstrap
2022-04-14,27.85000038,28.95000076,27.45000076,28.79999924,14317832,0,1,23.21570284,yahoo_bootstrap
2022-04-15,29,29.10000038,28.60000038,28.89999962,23503510,0,1,23.29631323,yahoo_bootstrap
2022-04-18,29.14999962,29.85000038,28.89999962,28.89999962,33538495,0,1,23.29631323,yahoo_bootstrap
2022-04-19,29.10000038,29.14999962,28,28,13769065,0,1,22.5708228,yahoo_bootstrap
2022-04-20,28,28.14999962,27.60000038,27.75,7259683,0,1,22.3692976,yahoo_bootstrap
2022-04-21,27.95000076,28.35000038,27.70000076,27.70000076,4888210,0,1,22.32899317,yahoo_bootstrap
2022-04-22,27.54999924,28.04999924,27.54999924,27.64999962,3851603,0,1,22.28868721,yahoo_bootstrap
2022-04-25,27.25,27.35000038,26.5,26.54999924,6710335,0,1,21.40197601,yahoo_bootstrap
2022-04-26,26.79999924,26.89999962,26,26.39999962,4397111,0,1,21.28106119,yahoo_bootstrap
2022-04-27,25.60000038,26.20000076,25.54999924,25.89999962,6042385,0,1,20.87801079,yahoo_bootstrap
2022-04-28,26.10000038,27.10000038,26.10000038,26.25,6019548,0,1,21.16014638,yahoo_bootstrap
2022-04-29,26.64999962,26.75,26,26.14999962,2559327,0,1,21.07953599,yahoo_bootstrap
2022-05-03,25.89999962,26.35000038,25.75,26.35000038,2438500,0,1,21.24075677,yahoo_bootstrap
2022-05-04,26.5,26.70000076,26.29999924,26.29999924,1783176,0,1,21.2004508,yahoo_bootstrap
2022-05-05,26.60000038,26.89999962,26.5,26.60000038,2874750,0,1,21.44228197,yahoo_bootstrap
2022-05-06,26,26.60000038,25.89999962,26.45000076,2827121,0,1,21.32136716,yahoo_bootstrap
2022-05-09,26.5,26.75,25.85000038,25.89999962,3650170,0,1,20.87801079,yahoo_bootstrap
2022-05-10,25.39999962,25.64999962,25.14999962,25.29999924,4294314,0,1,20.39434999,yahoo_bootstrap
2022-05-11,25.20000076,25.39999962,24.5,24.60000038,3864152,0,1,19.83008034,yahoo_bootstrap
2022-05-12,24.60000038,24.79999924,23.79999924,23.85000038,3186752,0,1,19.22550473,yahoo_bootstrap
2022-05-13,24.14999962,24.75,24.14999962,24.60000038,2411613,0,1,19.83008034,yahoo_bootstrap
2022-05-16,24.79999924,25.14999962,24.75,25,2303384,0,1,20.15252036,yahoo_bootstrap
2022-05-17,25.10000038,25.39999962,25.04999924,25.35000038,1289152,0,1,20.43465595,yahoo_bootstrap
2022-05-18,25.70000076,26.10000038,25.54999924,25.89999962,2398993,0,1,20.87801079,yahoo_bootstrap
2022-05-19,25.29999924,26,25.25,25.89999962,1845809,0,1,20.87801079,yahoo_bootstrap
2022-05-20,26,26.20000076,25.89999962,26,1732546,0,1,20.95862118,yahoo_bootstrap
2022-05-23,26.20000076,26.29999924,25.89999962,26.10000038,1808100,0,1,21.03923156,yahoo_bootstrap
2022-05-24,26.39999962,26.5,25.79999924,25.79999924,2511650,0,1,20.7974004,yahoo_bootstrap
2022-05-25,25.79999924,26,25.60000038,25.79999924,1146310,0,1,20.7974004,yahoo_bootstrap
2022-05-26,26,26.14999962,25.45000076,25.60000038,1270438,0,1,20.63618116,yahoo_bootstrap
2022-05-27,25.70000076,25.79999924,25.5,25.54999924,998814,0,1,20.59587519,yahoo_bootstrap
2022-05-30,25.70000076,26.20000076,25.60000038,26,1964054,0,1,20.95862118,yahoo_bootstrap
2022-05-31,26,26.10000038,25.75,25.75,1280103,0,1,20.75709597,yahoo_bootstrap
2022-06-01,25.70000076,26,25.60000038,25.70000076,1104765,0,1,20.71679155,yahoo_bootstrap
2022-06-02,25.85000038,26.14999962,25.64999962,25.75,1738111,0,1,20.75709597,yahoo_bootstrap
2022-06-06,25.70000076,25.79999924,25.25,25.35000038,1554058,0,1,20.43465595,yahoo_bootstrap
2022-06-07,25.29999924,25.39999962,25.04999924,25.25,1372220,0,1,20.35404556,yahoo_bootstrap
2022-06-08,25.35000038,25.39999962,25.25,25.25,664115,0,1,20.35404556,yahoo_bootstrap
2022-06-09,25.25,25.5,25.20000076,25.45000076,636402,0,1,20.51526634,yahoo_bootstrap
2022-06-10,25.20000076,25.95000076,25.14999962,25.89999962,2354970,0,1,20.87801079,yahoo_bootstrap
2022-06-13,25.5,25.79999924,25.39999962,25.39999962,1483352,0,1,20.47496038,yahoo_bootstrap
2022-06-14,25.20000076,25.29999924,24.79999924,25.14999962,1746961,0,1,20.27343518,yahoo_bootstrap
2022-06-15,25.29999924,25.75,25.20000076,25.35000038,1061637,0,1,20.43465595,yahoo_bootstrap
2022-06-16,25.64999962,25.64999962,24.85000038,24.95000076,1488763,0,1,20.11221594,yahoo_bootstrap
2022-06-17,24.79999924,24.89999962,24.29999924,24.60000038,2582503,0,1,19.83008034,yahoo_bootstrap
2022-06-20,24.60000038,24.60000038,23.5,23.5,3120779,0,1,18.94336914,yahoo_bootstrap
2022-06-21,23.64999962,24.39999962,23.60000038,24.39999962,1684108,0,1,19.66885956,yahoo_bootstrap
2022-06-22,24.39999962,24.45000076,23.75,23.85000038,1070505,0,1,19.22550473,yahoo_bootstrap
2022-06-23,24.04999924,24.45000076,23.5,23.85000038,1519020,0,1,19.22550473,yahoo_bootstrap
2022-06-24,23.95000076,24.35000038,23.95000076,24.20000076,884822,0,1,19.50764032,yahoo_bootstrap
2022-06-27,24.5,24.75,24.5,24.64999962,1134298,0,1,19.87038477,yahoo_bootstrap
2022-06-28,24.75,24.75,24.25,24.54999924,802200,0,1,19.78977438,yahoo_bootstrap
2022-06-29,24.35000038,24.35000038,24.04999924,24.35000038,663999,0,1,19.62855514,yahoo_bootstrap
2022-06-30,24.25,24.25,23.60000038,23.70000076,1261433,0,1,19.10458992,yahoo_bootstrap
2022-07-01,23.70000076,23.75,22.70000076,22.70000076,2707754,0,1,18.2984891,yahoo_bootstrap
2022-07-04,22.70000076,23,22.5,22.64999962,1563000,0,1,18.25818314,yahoo_bootstrap
2022-07-05,22.89999962,23.20000076,22.75,23.04999924,1403536,0,1,18.58062316,yahoo_bootstrap
2022-07-06,23.14999962,23.14999962,22.14999962,22.14999962,1700836,0,1,17.85513273,yahoo_bootstrap
2022-07-07,22.25,22.5,21.89999962,22.45000076,2230213,0,1,18.0969639,yahoo_bootstrap
2022-07-08,22.70000076,23,22.60000038,22.95000076,2399778,0,1,18.50001431,yahoo_bootstrap
2022-07-11,22.5,22.95000076,22.10000038,22.14999962,2075000,0,1,17.85513273,yahoo_bootstrap
2022-07-12,22,22,21,21.04999924,3005109,0,1,16.96842153,yahoo_bootstrap
2022-07-13,21.5,22.45000076,21.39999962,22.29999924,3682389,0,1,17.97604755,yahoo_bootstrap
2022-07-14,22.04999924,22.5,21.89999962,22.29999924,759268,0,1,17.97604755,yahoo_bootstrap
2022-07-15,22.39999962,22.60000038,22.14999962,22.35000038,1068000,0,1,18.01635351,yahoo_bootstrap
2022-07-18,22.35000038,22.79999924,22.29999924,22.70000076,1037326,0,1,18.2984891,yahoo_bootstrap
2022-07-19,22.60000038,23.20000076,22.54999924,23.10000038,1336100,0,1,18.62092912,yahoo_bootstrap
2022-07-20,23.35000038,23.45000076,23.10000038,23.10000038,1167108,0,1,18.62092912,yahoo_bootstrap
2022-07-21,23.29999924,23.35000038,22.95000076,23.20000076,1290743,0,1,18.70153951,yahoo_bootstrap
2022-07-22,23.25,23.79999924,23.10000038,23.60000038,1942275,0,1,19.02397953,yahoo_bootstrap
2022-07-25,23.54999924,23.75,23.25,23.64999962,1048120,0,1,19.06428395,yahoo_bootstrap
2022-07-26,23.70000076,24.14999962,23.60000038,23.95000076,2132084,0,1,19.30611512,yahoo_bootstrap
2022-07-27,23.89999962,24.10000038,23.79999924,23.95000076,849200,0,1,19.30611512,yahoo_bootstrap
2022-07-28,24.14999962,24.20000076,23.85000038,24,1090377,0,1,19.34641955,yahoo_bootstrap
2022-07-29,24.20000076,24.29999924,24.04999924,24.20000076,1008763,0,1,19.50764032,yahoo_bootstrap
2022-08-01,24.25,24.60000038,24.25,24.5,1286625,0,1,19.74946995,yahoo_bootstrap
2022-08-02,24.25,24.35000038,24,24.04999924,1790058,0,1,19.38672397,yahoo_bootstrap
2022-08-03,24.04999924,24.25,23.70000076,23.85000038,1133099,0,1,19.22550473,yahoo_bootstrap
2022-08-04,23.64999962,23.79999924,23.29999924,23.64999962,858200,0,1,19.06428395,yahoo_bootstrap
2022-08-05,23.85000038,24.04999924,23.85000038,24.04999924,1161887,0,1,19.38672397,yahoo_bootstrap
2022-08-08,23.95000076,24.10000038,23.70000076,24.04999924,622133,0,1,19.38672397,yahoo_bootstrap
2022-08-09,24.20000076,24.45000076,24.10000038,24.25,938951,0,1,19.54794475,yahoo_bootstrap
2022-08-10,24.25,24.95000076,24.25,24.89999962,2256234,0,1,20.07190997,yahoo_bootstrap
2022-08-11,25.10000038,25.20000076,24.85000038,25.04999924,1669000,0,1,20.19282479,yahoo_bootstrap
2022-08-12,25.29999924,25.64999962,25.29999924,25.5,2106134,0,1,20.55557077,yahoo_bootstrap
2022-08-15,25.85000038,26.14999962,25.79999924,25.89999962,2304849,0,1,20.87801079,yahoo_bootstrap
2022-08-16,26.14999962,26.14999962,25.75,25.85000038,1449205,0,1,20.83770636,yahoo_bootstrap
2022-08-17,25.85000038,26.25,25.85000038,25.89999962,1627387,0,1,20.87801079,yahoo_bootstrap
2022-08-18,26,26.14999962,25.89999962,26.04999924,1382088,0,1,20.9989256,yahoo_bootstrap
2022-08-19,26.20000076,26.25,26,26,2134239,0,1,20.95862118,yahoo_bootstrap
2022-08-22,26,26.14999962,25.79999924,25.95000076,1927000,0,1,20.91831675,yahoo_bootstrap
2022-08-23,25.85000038,26.10000038,25.85000038,26.10000038,3715169,0,1,21.03923156,yahoo_bootstrap
2022-08-24,24.60000038,24.89999962,24.14999962,24.14999962,5093840,1.7,1,20.82366501,yahoo_bootstrap
2022-08-25,24.29999924,24.29999924,23.89999962,23.95000076,1953225,0,1,20.65121328,yahoo_bootstrap
2022-08-26,24.14999962,24.60000038,24.14999962,24.5,1763192,0,1,21.12545759,yahoo_bootstrap
2022-08-29,24,24.35000038,23.89999962,24.20000076,906895,0,1,20.86677918,yahoo_bootstrap
2022-08-30,24.29999924,25.14999962,24.20000076,25.14999962,2709006,0,1,21.68592859,yahoo_bootstrap
2022-08-31,25,25.14999962,24.70000076,24.79999924,3466070,0,1,21.38413601,yahoo_bootstrap
2022-09-01,24.89999962,25.5,24.64999962,25.14999962,3378240,0,1,21.68592859,yahoo_bootstrap
2022-09-02,25.5,25.5,24.54999924,24.54999924,2360219,0,1,21.16857011,yahoo_bootstrap
2022-09-05,24.60000038,24.60000038,24.20000076,24.25,1019689,0,1,20.9098917,yahoo_bootstrap
2022-09-06,24.5,24.5,23.70000076,23.75,1589899,0,1,20.47875991,yahoo_bootstrap
2022-09-07,23.70000076,24,23.70000076,23.95000076,727520,0,1,20.65121328,yahoo_bootstrap
2022-09-08,24.10000038,24.85000038,24,24.75,1600373,0,1,21.34102349,yahoo_bootstrap
2022-09-12,25,25.20000076,24.79999924,25.14999962,2092447,0,1,21.68592859,yahoo_bootstrap
2022-09-13,25.20000076,25.35000038,25.04999924,25.04999924,1541777,0,1,21.5997019,yahoo_bootstrap
2022-09-14,24.64999962,24.70000076,24.39999962,24.54999924,833100,0,1,21.16857011,yahoo_bootstrap
2022-09-15,24.79999924,24.79999924,24.54999924,24.54999924,646035,0,1,21.16857011,yahoo_bootstrap
2022-09-16,24.5,24.64999962,24.35000038,24.39999962,991164,0,1,21.03923091,yahoo_bootstrap
2022-09-19,24.45000076,24.45000076,23.85000038,24.04999924,1129030,0,1,20.73743833,yahoo_bootstrap
2022-09-20,24.14999962,24.20000076,23.95000076,24.04999924,493003,0,1,20.73743833,yahoo_bootstrap
2022-09-21,24.10000038,24.14999962,23.79999924,23.89999962,546700,0,1,20.60809912,yahoo_bootstrap
2022-09-22,23.79999924,23.79999924,23.5,23.79999924,800610,0,1,20.52187243,yahoo_bootstrap
2022-09-23,23.75,24.10000038,23.5,23.54999924,622165,0,1,20.30630654,yahoo_bootstrap
2022-09-26,23.35000038,23.39999962,22.5,22.5,1839002,0,1,19.40093044,yahoo_bootstrap
2022-09-27,22.39999962,22.95000076,22.35000038,22.95000076,870102,0,1,19.78894971,yahoo_bootstrap
2022-09-28,22.79999924,22.85000038,21.89999962,21.89999962,1435533,0,1,18.88357197,yahoo_bootstrap
2022-09-29,22.35000038,22.60000038,22.14999962,22.39999962,763855,0,1,19.31470376,yahoo_bootstrap
2022-09-30,22.39999962,22.5,21.95000076,22.5,741550,0,1,19.40093044,yahoo_bootstrap
2022-10-03,22.70000076,22.70000076,22.20000076,22.54999924,791590,0,1,19.44404296,yahoo_bootstrap
2022-10-04,22.85000038,23.35000038,22.79999924,23.25,1198213,0,1,20.04762812,yahoo_bootstrap
2022-10-05,23.29999924,23.60000038,23.25,23.39999962,983716,0,1,20.17696733,yahoo_bootstrap
2022-10-06,23.5,23.5,23.14999962,23.20000076,343300,0,1,20.0045156,yahoo_bootstrap
2022-10-07,23,23,22.5,22.5,1385150,0,1,19.40093044,yahoo_bootstrap
2022-10-11,22.10000038,22.10000038,21.5,21.60000038,1432435,0,1,18.62489355,yahoo_bootstrap
2022-10-12,21.60000038,21.79999924,21.35000038,21.75,788560,0,1,18.75423276,yahoo_bootstrap
2022-10-13,21.54999924,21.60000038,20.54999924,20.64999962,1784693,0,1,17.8057425,yahoo_bootstrap
2022-10-14,21.10000038,21.45000076,21.04999924,21.14999962,884500,0,1,18.23687429,yahoo_bootstrap
2022-10-17,20.85000038,20.85000038,20.25,20.64999962,971238,0,1,17.8057425,yahoo_bootstrap
2022-10-18,20.85000038,20.95000076,20.75,20.85000038,397343,0,1,17.97819587,yahoo_bootstrap
2022-10-19,20.89999962,21,20.5,20.5,645300,0,1,17.67640329,yahoo_bootstrap
2022-10-20,20.5,20.5,20,20.45000076,944800,0,1,17.63329077,yahoo_bootstrap
2022-10-21,20.5,20.54999924,20.20000076,20.29999924,482060,0,1,17.50394992,yahoo_bootstrap
2022-10-24,20.60000038,20.75,20.29999924,20.39999962,883681,0,1,17.59017661,yahoo_bootstrap
2022-10-25,20.5,21.20000076,20.20000076,20.20000076,1124000,0,1,17.41772488,yahoo_bootstrap
2022-10-26,20.25,20.29999924,20,20.10000038,789050,0,1,17.33149819,yahoo_bootstrap
2022-10-27,20.14999962,20.54999924,20.14999962,20.54999924,534000,0,1,17.71951581,yahoo_bootstrap
2022-10-28,20.45000076,20.60000038,20.20000076,20.25,573200,0,1,17.4608374,yahoo_bootstrap
2022-10-31,20.5,20.5,20.35000038,20.35000038,548025,0,1,17.54706408,yahoo_bootstrap
2022-11-01,20.45000076,20.79999924,20.39999962,20.75,819492,0,1,17.89196919,yahoo_bootstrap
2022-11-02,20.89999962,21.10000038,20.79999924,20.95000076,551746,0,1,18.06442256,yahoo_bootstrap
2022-11-03,20.85000038,20.85000038,20.60000038,20.85000038,296142,0,1,17.97819587,yahoo_bootstrap
2022-11-04,20.89999962,20.95000076,20.64999962,20.95000076,273140,0,1,18.06442256,yahoo_bootstrap
2022-11-07,21.04999924,21.29999924,21.04999924,21.25,634228,0,1,18.32310097,yahoo_bootstrap
2022-11-08,21.39999962,21.54999924,21.25,21.29999924,628159,0,1,18.36621349,yahoo_bootstrap
2022-11-09,21.5,21.60000038,21.35000038,21.54999924,691291,0,1,18.58177939,yahoo_bootstrap
2022-11-10,21.35000038,21.54999924,21.35000038,21.35000038,313505,0,1,18.40932766,yahoo_bootstrap
2022-11-11,21.95000076,22.29999924,21.89999962,21.95000076,1651022,0,1,18.92668613,yahoo_bootstrap
2022-11-14,22,23,22,22.85000038,2155500,0,1,19.70272302,yahoo_bootstrap
2022-11-15,22.75,22.95000076,22.5,22.89999962,1757964,0,1,19.74583554,yahoo_bootstrap
2022-11-16,22.95000076,22.95000076,22.45000076,22.5,1120093,0,1,19.40093044,yahoo_bootstrap
2022-11-17,22.5,22.85000038,22.5,22.75,653710,0,1,19.61649634,yahoo_bootstrap
2022-11-18,22.75,22.85000038,22.45000076,22.45000076,620978,0,1,19.35781792,yahoo_bootstrap
2022-11-21,22.60000038,22.60000038,22.35000038,22.54999924,460674,0,1,19.44404296,yahoo_bootstrap
2022-11-22,22.60000038,22.60000038,22.39999962,22.54999924,375620,0,1,19.44404296,yahoo_bootstrap
2022-11-23,22.70000076,22.75,22.54999924,22.60000038,439393,0,1,19.48715713,yahoo_bootstrap
2022-11-24,22.75,22.85000038,22.60000038,22.60000038,744055,0,1,19.48715713,yahoo_bootstrap
2022-11-25,22.70000076,22.95000076,22.60000038,22.60000038,959011,0,1,19.48715713,yahoo_bootstrap
2022-11-28,22.60000038,22.70000076,22.39999962,22.64999962,417000,0,1,19.53026965,yahoo_bootstrap
2022-11-29,22.60000038,22.70000076,22.45000076,22.70000076,487400,0,1,19.57338382,yahoo_bootstrap
2022-11-30,22.70000076,23.64999962,22.70000076,23.14999962,3404144,0,1,19.96140144,yahoo_bootstrap
2022-12-01,23.25,23.39999962,23.04999924,23.25,1554501,0,1,20.04762812,yahoo_bootstrap
2022-12-02,23.14999962,23.29999924,23.10000038,23.14999962,661035,0,1,19.96140144,yahoo_bootstrap
2022-12-05,23.29999924,23.5,23.25,23.39999962,966010,0,1,20.17696733,yahoo_bootstrap
2022-12-06,23.5,23.5,22.79999924,22.79999924,1224065,0,1,19.65960886,yahoo_bootstrap
2022-12-07,22.85000038,22.89999962,22.5,22.54999924,695050,0,1,19.44404296,yahoo_bootstrap
2022-12-08,22.54999924,22.79999924,22.5,22.70000076,477847,0,1,19.57338382,yahoo_bootstrap
2022-12-09,22.75,23,22.64999962,22.85000038,1088951,0,1,19.70272302,yahoo_bootstrap
2022-12-12,22.75,22.75,22.45000076,22.5,860260,0,1,19.40093044,yahoo_bootstrap
2022-12-13,22.64999962,22.64999962,22.39999962,22.45000076,663096,0,1,19.35781792,yahoo_bootstrap
2022-12-14,22.60000038,22.95000076,22.45000076,22.95000076,1124200,0,1,19.78894971,yahoo_bootstrap
2022-12-15,23,23.14999962,22.89999962,22.95000076,641447,0,1,19.78894971,yahoo_bootstrap
2022-12-16,22.70000076,22.75,22.54999924,22.54999924,828071,0,1,19.44404296,yahoo_bootstrap
2022-12-19,22.5,22.60000038,22.39999962,22.5,282000,0,1,19.40093044,yahoo_bootstrap
2022-12-20,22.5,22.54999924,22.04999924,22.14999962,988646,0,1,19.09913786,yahoo_bootstrap
2022-12-21,22.20000076,22.35000038,22.14999962,22.20000076,377276,0,1,19.14225203,yahoo_bootstrap
2022-12-22,22.35000038,22.60000038,22.35000038,22.45000076,515725,0,1,19.35781792,yahoo_bootstrap
2022-12-23,22.35000038,22.45000076,22.25,22.45000076,296610,0,1,19.35781792,yahoo_bootstrap
2022-12-26,22.45000076,22.64999962,22.45000076,22.45000076,403511,0,1,19.35781792,yahoo_bootstrap
2022-12-27,22.64999962,22.64999962,22.45000076,22.64999962,382495,0,1,19.53026965,yahoo_bootstrap
2022-12-28,22.60000038,22.64999962,22.45000076,22.5,308390,0,1,19.40093044,yahoo_bootstrap
2022-12-29,22.39999962,22.39999962,22.14999962,22.29999924,343895,0,1,19.22847707,yahoo_bootstrap
2022-12-30,22.39999962,22.45000076,22.25,22.25,379956,0,1,19.18536455,yahoo_bootstrap
2023-01-03,22.25,22.39999962,22.04999924,22.35000038,641000,0,1,19.27159124,yahoo_bootstrap
2023-01-04,22.35000038,22.5,22.35000038,22.39999962,218083,0,1,19.31470376,yahoo_bootstrap
2023-01-05,22.45000076,22.54999924,22.39999962,22.5,347080,0,1,19.40093044,yahoo_bootstrap
2023-01-06,22.45000076,22.64999962,22.39999962,22.60000038,423100,0,1,19.48715713,yahoo_bootstrap
2023-01-09,22.70000076,22.85000038,22.64999962,22.70000076,526193,0,1,19.57338382,yahoo_bootstrap
2023-01-10,22.79999924,22.79999924,22.54999924,22.70000076,234362,0,1,19.57338382,yahoo_bootstrap
2023-01-11,22.60000038,22.60000038,22.5,22.54999924,378400,0,1,19.44404296,yahoo_bootstrap
2023-01-12,22.54999924,22.64999962,22.45000076,22.5,373050,0,1,19.40093044,yahoo_bootstrap
2023-01-13,22.70000076,22.70000076,22.45000076,22.5,275419,0,1,19.40093044,yahoo_bootstrap
2023-01-16,22.54999924,22.64999962,22.5,22.60000038,382943,0,1,19.48715713,yahoo_bootstrap
2023-01-17,22.54999924,22.64999962,22.5,22.54999924,253000,0,1,19.44404296,yahoo_bootstrap
2023-01-30,22.70000076,22.79999924,22.60000038,22.64999962,374394,0,1,19.53026965,yahoo_bootstrap
2023-01-31,22.75,22.95000076,22.75,22.89999962,771100,0,1,19.74583554,yahoo_bootstrap
2023-02-01,22.89999962,23.39999962,22.89999962,23.29999924,1521832,0,1,20.09074064,yahoo_bootstrap
2023-02-02,23.35000038,23.35000038,23.10000038,23.20000076,738598,0,1,20.0045156,yahoo_bootstrap
2023-02-03,23.14999962,23.25,23.04999924,23.14999962,487181,0,1,19.96140144,yahoo_bootstrap
2023-02-06,23.04999924,23.20000076,23.04999924,23.10000038,382394,0,1,19.91828892,yahoo_bootstrap
2023-02-07,23.20000076,23.25,23.10000038,23.20000076,284495,0,1,20.0045156,yahoo_bootstrap
2023-02-08,23.14999962,23.20000076,23.04999924,23.04999924,449752,0,1,19.87517475,yahoo_bootstrap
2023-02-09,23.04999924,23.10000038,23,23.04999924,381406,0,1,19.87517475,yahoo_bootstrap
2023-02-10,23.10000038,23.10000038,22.79999924,22.85000038,470200,0,1,19.70272302,yahoo_bootstrap
2023-02-13,22.85000038,22.85000038,22.60000038,22.75,509151,0,1,19.61649634,yahoo_bootstrap
2023-02-14,22.85000038,23,22.75,22.85000038,477100,0,1,19.70272302,yahoo_bootstrap
2023-02-15,22.89999962,23.20000076,22.85000038,22.95000076,578112,0,1,19.78894971,yahoo_bootstrap
2023-02-16,23.04999924,23.35000038,23,23.04999924,526255,0,1,19.87517475,yahoo_bootstrap
2023-02-17,23,23.5,22.89999962,23.45000076,1326239,0,1,20.2200815,yahoo_bootstrap
2023-02-20,23.60000038,24.5,23.54999924,24.14999962,5549344,0,1,20.82366501,yahoo_bootstrap
2023-02-21,24,24,23.70000076,23.85000038,1850573,0,1,20.5649866,yahoo_bootstrap
2023-02-22,23.60000038,24.5,23.5,24.45000076,2259428,0,1,21.08234507,yahoo_bootstrap
2023-02-23,24.5,24.70000076,24.25,24.45000076,3296091,0,1,21.08234507,yahoo_bootstrap
2023-02-24,24.60000038,24.70000076,24.29999924,24.29999924,2672145,0,1,20.95300422,yahoo_bootstrap
2023-03-01,24.29999924,24.85000038,24,24.79999924,5024253,0,1,21.38413601,yahoo_bootstrap
2023-03-02,24.79999924,24.89999962,24.60000038,24.79999924,2190360,0,1,21.38413601,yahoo_bootstrap
2023-03-03,24.70000076,24.79999924,24.60000038,24.75,1807014,0,1,21.34102349,yahoo_bootstrap
2023-03-06,24.85000038,24.89999962,24.64999962,24.70000076,1588448,0,1,21.29791097,yahoo_bootstrap
2023-03-07,24.79999924,25.35000038,24.64999962,25.29999924,3392542,0,1,21.8152678,yahoo_bootstrap
2023-03-08,25.29999924,25.64999962,25.25,25.39999962,6414650,0,1,21.90149448,yahoo_bootstrap
2023-03-09,25.35000038,25.39999962,24.79999924,24.89999962,3372683,0,1,21.47036269,yahoo_bootstrap
2023-03-10,24.89999962,24.89999962,24.25,24.39999962,2173159,0,1,21.03923091,yahoo_bootstrap
2023-03-13,24.79999924,25.14999962,24.54999924,25.10000038,6040503,0,1,21.64281607,yahoo_bootstrap
2023-03-14,24.75,25.20000076,24.14999962,24.25,5615286,0,1,20.9098917,yahoo_bootstrap
2023-03-15,24.75,24.79999924,24.5,24.5,1831020,0,1,21.12545759,yahoo_bootstrap
2023-03-16,24.5,24.5,24.25,24.29999924,1577564,0,1,20.95300422,yahoo_bootstrap
2023-03-17,24.45000076,24.95000076,24.45000076,24.79999924,1648514,0,1,21.38413601,yahoo_bootstrap
2023-03-20,24.95000076,25.25,24.79999924,25.04999924,2161460,0,1,21.5997019,yahoo_bootstrap
2023-03-21,25.20000076,25.60000038,25.10000038,25.14999962,4125735,0,1,21.68592859,yahoo_bootstrap
2023-03-22,25.29999924,25.54999924,25.25,25.29999924,2624550,0,1,21.8152678,yahoo_bootstrap
2023-03-23,25.35000038,25.39999962,25.20000076,25.25,1358716,0,1,21.77215527,yahoo_bootstrap
2023-03-24,25.45000076,25.5,25.25,25.39999962,1442504,0,1,21.90149448,yahoo_bootstrap
2023-03-27,25.39999962,25.45000076,25.10000038,25.10000038,1333477,0,1,21.64281607,yahoo_bootstrap
2023-03-28,25.10000038,25.29999924,25,25.20000076,1168542,0,1,21.72904275,yahoo_bootstrap
2023-03-29,25.25,25.39999962,25.14999962,25.14999962,719708,0,1,21.68592859,yahoo_bootstrap
2023-03-30,25.29999924,25.29999924,25.04999924,25.25,930703,0,1,21.77215527,yahoo_bootstrap
2023-03-31,25.39999962,25.39999962,25.20000076,25.20000076,654770,0,1,21.72904275,yahoo_bootstrap
2023-04-06,25.20000076,25.45000076,25.10000038,25.35000038,1014098,0,1,21.85838196,yahoo_bootstrap
2023-04-07,25.39999962,25.5,25.29999924,25.35000038,972253,0,1,21.85838196,yahoo_bootstrap
2023-04-10,25.35000038,25.60000038,25.35000038,25.5,1325817,0,1,21.98772117,yahoo_bootstrap
2023-04-11,25.5,25.70000076,25.45000076,25.45000076,1496415,0,1,21.94460865,yahoo_bootstrap
2023-04-12,25.45000076,25.70000076,25.45000076,25.60000038,1599175,0,1,22.07394785,yahoo_bootstrap
2023-04-13,25.75,26.10000038,25.70000076,25.95000076,2728936,0,1,22.37574043,yahoo_bootstrap
2023-04-14,26.10000038,26.14999962,25.79999924,25.85000038,1573598,0,1,22.28951375,yahoo_bootstrap
2023-04-17,25.85000038,26.14999962,25.85000038,26,1490832,0,1,22.41885296,yahoo_bootstrap
2023-04-18,26.14999962,26.35000038,26,26.10000038,2160321,0,1,22.50507964,yahoo_bootstrap
2023-04-19,26.14999962,26.25,25.70000076,25.75,1936452,0,1,22.20328706,yahoo_bootstrap
2023-04-20,25.95000076,25.95000076,25.5,25.5,1250186,0,1,21.98772117,yahoo_bootstrap
2023-04-21,25.5,25.70000076,25.14999962,25.25,1361950,0,1,21.77215527,yahoo_bootstrap
2023-04-24,25.25,27.04999924,25.25,26.79999924,13900884,0,1,23.10866316,yahoo_bootstrap
2023-04-25,26.95000076,27.29999924,25.85000038,26.14999962,7852178,0,1,22.54819216,yahoo_bootstrap
2023-04-26,26.29999924,27.70000076,25.54999924,26.60000038,8606453,0,1,22.93621143,yahoo_bootstrap
2023-04-27,26.29999924,27.35000038,26.29999924,26.70000076,14839097,0,1,23.02243812,yahoo_bootstrap
2023-04-28,26.79999924,26.95000076,26.60000038,26.60000038,4258081,0,1,22.93621143,yahoo_bootstrap
2023-05-02,26.89999962,27.20000076,26.89999962,27.14999962,5145532,0,1,23.41045574,yahoo_bootstrap
2023-05-03,27.20000076,27.35000038,26.89999962,26.95000076,3255763,0,1,23.23800401,yahoo_bootstrap
2023-05-04,27.14999962,27.20000076,26.79999924,27.14999962,2312353,0,1,23.41045574,yahoo_bootstrap
2023-05-05,27.20000076,27.25,26.64999962,26.70000076,2375214,0,1,23.02243812,yahoo_bootstrap
2023-05-08,27,27,26.35000038,26.39999962,2267962,0,1,22.76375806,yahoo_bootstrap
2023-05-09,26.35000038,26.39999962,25.89999962,26,2398501,0,1,22.41885296,yahoo_bootstrap
2023-05-10,26.20000076,26.85000038,26.20000076,26.70000076,2404097,0,1,23.02243812,yahoo_bootstrap
2023-05-11,26.54999924,26.89999962,26.25,26.35000038,1626196,0,1,22.72064554,yahoo_bootstrap
2023-05-12,26.35000038,26.54999924,26.14999962,26.54999924,760948,0,1,22.89309726,yahoo_bootstrap
2023-05-15,26.54999924,26.54999924,25.95000076,26.14999962,1439297,0,1,22.54819216,yahoo_bootstrap
2023-05-16,25.89999962,25.89999962,25.20000076,25.25,5779905,0,1,21.77215527,yahoo_bootstrap
2023-05-17,25.29999924,25.5,25.29999924,25.29999924,1559470,0,1,21.8152678,yahoo_bootstrap
2023-05-18,25.45000076,25.45000076,25.25,25.25,1238834,0,1,21.77215527,yahoo_bootstrap
2023-05-19,25.39999962,25.45000076,25.29999924,25.35000038,997790,0,1,21.85838196,yahoo_bootstrap
2023-05-22,25.39999962,25.54999924,25.35000038,25.39999962,835281,0,1,21.90149448,yahoo_bootstrap
2023-05-23,25.5,25.5,25.29999924,25.45000076,597681,0,1,21.94460865,yahoo_bootstrap
2023-05-24,25.5,25.70000076,25.45000076,25.60000038,992972,0,1,22.07394785,yahoo_bootstrap
2023-05-25,25.5,25.5,25.35000038,25.45000076,979419,0,1,21.94460865,yahoo_bootstrap
2023-05-26,25.45000076,25.45000076,25.20000076,25.20000076,1367356,0,1,21.72904275,yahoo_bootstrap
2023-05-29,25.25,25.35000038,25.14999962,25.20000076,1435667,0,1,21.72904275,yahoo_bootstrap
2023-05-30,25.14999962,25.14999962,24.79999924,24.89999962,2103506,0,1,21.47036269,yahoo_bootstrap
2023-05-31,24.79999924,25.10000038,24.75,25.10000038,926627,0,1,21.64281607,yahoo_bootstrap
2023-06-01,25.20000076,25.39999962,25.04999924,25.35000038,1002985,0,1,21.85838196,yahoo_bootstrap
2023-06-02,25.45000076,25.45000076,25.29999924,25.39999962,742547,0,1,21.90149448,yahoo_bootstrap
2023-06-05,25.39999962,25.70000076,25.39999962,25.54999924,1071535,0,1,22.03083369,yahoo_bootstrap
2023-06-06,25.64999962,25.70000076,25.45000076,25.54999924,569341,0,1,22.03083369,yahoo_bootstrap
2023-06-07,25.64999962,25.70000076,25.54999924,25.64999962,718531,0,1,22.11706038,yahoo_bootstrap
2023-06-08,25.64999962,25.70000076,25.45000076,25.54999924,785171,0,1,22.03083369,yahoo_bootstrap
2023-06-09,25.20000076,25.25,24.75,25,3214668,0,1,21.55658938,yahoo_bootstrap
2023-06-12,25.10000038,25.10000038,24.54999924,24.60000038,1498999,0,1,21.21168428,yahoo_bootstrap
2023-06-13,24.70000076,24.70000076,24.5,24.60000038,815854,0,1,21.21168428,yahoo_bootstrap
2023-06-14,24.70000076,24.70000076,24.5,24.60000038,1096672,0,1,21.21168428,yahoo_bootstrap
2023-06-15,24.54999924,24.64999962,24.54999924,24.60000038,563450,0,1,21.21168428,yahoo_bootstrap
2023-06-16,24.64999962,24.85000038,24.60000038,24.70000076,880700,0,1,21.29791097,yahoo_bootstrap
2023-06-19,24.70000076,24.70000076,24.54999924,24.54999924,578968,0,1,21.16857011,yahoo_bootstrap
2023-06-20,24.60000038,24.64999962,24.5,24.54999924,622056,0,1,21.16857011,yahoo_bootstrap
2023-06-21,24.54999924,24.70000076,24.54999924,24.64999962,544120,0,1,21.2547968,yahoo_bootstrap
2023-06-26,24.70000076,24.70000076,24.5,24.64999962,395382,0,1,21.2547968,yahoo_bootstrap
2023-06-27,24.70000076,24.75,24.54999924,24.60000038,496689,0,1,21.21168428,yahoo_bootstrap
2023-06-28,24.60000038,24.70000076,24.60000038,24.70000076,301538,0,1,21.29791097,yahoo_bootstrap
2023-06-29,24.70000076,24.75,24.54999924,24.64999962,426350,0,1,21.2547968,yahoo_bootstrap
2023-06-30,24.64999962,24.70000076,24.54999924,24.64999962,408726,0,1,21.2547968,yahoo_bootstrap
2023-07-03,24.75,24.75,24.54999924,24.75,600196,0,1,21.34102349,yahoo_bootstrap
2023-07-04,24.75,24.79999924,24.60000038,24.70000076,537000,0,1,21.29791097,yahoo_bootstrap
2023-07-05,24.70000076,24.95000076,24.70000076,24.85000038,734309,0,1,21.42725017,yahoo_bootstrap
2023-07-06,24.85000038,24.89999962,24.70000076,24.70000076,548672,0,1,21.29791097,yahoo_bootstrap
2023-07-07,24.60000038,24.60000038,24.5,24.60000038,606221,0,1,21.21168428,yahoo_bootstrap
2023-07-10,24.70000076,24.75,24.54999924,24.60000038,511121,0,1,21.21168428,yahoo_bootstrap
2023-07-11,24.70000076,24.70000076,24.60000038,24.70000076,344002,0,1,21.29791097,yahoo_bootstrap
2023-07-12,24.64999962,24.75,24.5,24.54999924,511078,0,1,21.16857011,yahoo_bootstrap
2023-07-13,24.60000038,24.64999962,24.54999924,24.54999924,304542,0,1,21.16857011,yahoo_bootstrap
2023-07-14,24.54999924,24.70000076,24.5,24.70000076,407708,0,1,21.29791097,yahoo_bootstrap
2023-07-17,24.64999962,24.95000076,24.64999962,24.89999962,797670,0,1,21.47036269,yahoo_bootstrap
2023-07-18,24.89999962,25.14999962,24.89999962,25,940000,0,1,21.55658938,yahoo_bootstrap
2023-07-19,25.10000038,25.14999962,24.85000038,24.95000076,958158,0,1,21.51347686,yahoo_bootstrap
2023-07-20,24.89999962,25.14999962,24.79999924,25.10000038,828122,0,1,21.64281607,yahoo_bootstrap
2023-07-21,25,25.25,25,25,737276,0,1,21.55658938,yahoo_bootstrap
2023-07-24,25,25.10000038,24.89999962,24.89999962,475005,0,1,21.47036269,yahoo_bootstrap
2023-07-25,24.89999962,25.20000076,24.89999962,25.20000076,711707,0,1,21.72904275,yahoo_bootstrap
2023-07-26,25.20000076,25.29999924,25.10000038,25.10000038,949312,0,1,21.64281607,yahoo_bootstrap
2023-07-27,25.14999962,25.5,25.14999962,25.39999962,1011526,0,1,21.90149448,yahoo_bootstrap
2023-07-28,25.39999962,25.5,25.29999924,25.45000076,650316,0,1,21.94460865,yahoo_bootstrap
2023-07-31,25.5,25.60000038,25.29999924,25.35000038,919000,0,1,21.85838196,yahoo_bootstrap
2023-08-01,25.5,25.5,25.29999924,25.35000038,348043,0,1,21.85838196,yahoo_bootstrap
2023-08-02,25.35000038,25.45000076,25.04999924,25.04999924,1000374,0,1,21.5997019,yahoo_bootstrap
2023-08-04,25.10000038,25.29999924,24.95000076,25.20000076,795130,0,1,21.72904275,yahoo_bootstrap
2023-08-07,25.20000076,25.45000076,25.20000076,25.39999962,607250,0,1,21.90149448,yahoo_bootstrap
2023-08-08,25.5,25.5,25.14999962,25.25,953174,0,1,21.77215527,yahoo_bootstrap
2023-08-09,25.29999924,25.29999924,25.04999924,25.10000038,654450,0,1,21.64281607,yahoo_bootstrap
2023-08-10,25.04999924,25.04999924,24.64999962,24.70000076,1745400,0,1,21.29791097,yahoo_bootstrap
2023-08-11,24.70000076,24.75,24.5,24.5,1433100,0,1,21.12545759,yahoo_bootstrap
2023-08-14,24.5,24.5,23.85000038,23.89999962,1614100,0,1,20.60809912,yahoo_bootstrap
2023-08-15,24,24.20000076,23.85000038,24.04999924,996716,0,1,20.73743833,yahoo_bootstrap
2023-08-16,24.14999962,24.14999962,23.85000038,23.95000076,788153,0,1,20.65121328,yahoo_bootstrap
2023-08-17,23.95000076,24,23.64999962,23.89999962,1005781,0,1,20.60809912,yahoo_bootstrap
2023-08-18,23.89999962,24.10000038,23.70000076,24,1171350,0,1,20.69432581,yahoo_bootstrap
2023-08-21,24.20000076,24.20000076,23.95000076,24.10000038,1114052,0,1,20.78055249,yahoo_bootstrap
2023-08-22,24.10000038,24.29999924,23.95000076,24.04999924,1362146,0,1,20.73743833,yahoo_bootstrap
2023-08-23,24.10000038,24.10000038,23.89999962,23.89999962,2203803,0,1,20.60809912,yahoo_bootstrap
2023-08-24,22.14999962,22.20000076,21.75,21.89999962,4197600,1.8,1,20.42160048,yahoo_bootstrap
2023-08-25,21.89999962,22.04999924,21.89999962,21.95000076,512222,0,1,20.46822621,yahoo_bootstrap
2023-08-28,21.95000076,21.95000076,21.20000076,21.25,1183214,0,1,19.81548026,yahoo_bootstrap
2023-08-29,21.25,21.25,20.70000076,20.75,1370908,0,1,19.34923367,yahoo_bootstrap
2023-08-30,20.89999962,21.14999962,20.79999924,21.14999962,743268,0,1,19.72223059,yahoo_bootstrap
2023-08-31,21.14999962,21.14999962,21,21.10000038,432343,0,1,19.67560664,yahoo_bootstrap
2023-09-01,21.14999962,21.39999962,20.89999962,21.14999962,719737,0,1,19.72223059,yahoo_bootstrap
2023-09-04,21.14999962,21.45000076,21.10000038,21.39999962,416000,0,1,19.95535389,yahoo_bootstrap
2023-09-05,21.39999962,21.45000076,21.25,21.29999924,384428,0,1,19.86210421,yahoo_bootstrap
2023-09-06,21.29999924,21.29999924,21,21,690203,0,1,19.58235697,yahoo_bootstrap
2023-09-07,21,21.10000038,20.89999962,21,369490,0,1,19.58235697,yahoo_bootstrap
2023-09-08,21.20000076,21.20000076,20.95000076,21.04999924,355252,0,1,19.62898091,yahoo_bootstrap
2023-09-11,21.20000076,21.20000076,20.95000076,20.95000076,353777,0,1,19.53573302,yahoo_bootstrap
2023-09-12,21,21.04999924,20.89999962,20.95000076,356962,0,1,19.53573302,yahoo_bootstrap
2023-09-13,21.04999924,21.45000076,21.04999924,21.35000038,459173,0,1,19.90872994,yahoo_bootstrap
2023-09-14,21.39999962,21.60000038,21.25,21.35000038,386030,0,1,19.90872994,yahoo_bootstrap
2023-09-15,21.35000038,21.35000038,21.14999962,21.14999962,278601,0,1,19.72223059,yahoo_bootstrap
2023-09-18,21.14999962,21.35000038,21.04999924,21.25,366008,0,1,19.81548026,yahoo_bootstrap
2023-09-19,21.25,21.39999962,21.25,21.35000038,311091,0,1,19.90872994,yahoo_bootstrap
2023-09-20,21.29999924,21.39999962,21.25,21.35000038,247536,0,1,19.90872994,yahoo_bootstrap
2023-09-21,21.29999924,21.29999924,21.04999924,21.10000038,260040,0,1,19.67560664,yahoo_bootstrap
2023-09-22,21.10000038,21.29999924,21.04999924,21.10000038,259602,0,1,19.67560664,yahoo_bootstrap
2023-09-25,21.10000038,21.29999924,21.10000038,21.14999962,265133,0,1,19.72223059,yahoo_bootstrap
2023-09-26,21.14999962,21.14999962,21,21.04999924,245146,0,1,19.62898091,yahoo_bootstrap
2023-09-27,21,21.10000038,21,21.10000038,206100,0,1,19.67560664,yahoo_bootstrap
2023-09-28,21.10000038,21.20000076,21.04999924,21.14999962,283220,0,1,19.72223059,yahoo_bootstrap
2023-10-02,21.14999962,21.25,21.10000038,21.14999962,491950,0,1,19.72223059,yahoo_bootstrap
2023-10-03,21.20000076,21.25,21.10000038,21.10000038,264608,0,1,19.67560664,yahoo_bootstrap
2023-10-04,21.04999924,21.10000038,20.89999962,21.04999924,295000,0,1,19.62898091,yahoo_bootstrap
2023-10-05,21.10000038,21.20000076,21.10000038,21.20000076,195850,0,1,19.76885632,yahoo_bootstrap
2023-10-06,21.14999962,21.29999924,21.10000038,21.29999924,268500,0,1,19.86210421,yahoo_bootstrap
2023-10-11,21.14999962,21.29999924,21.04999924,21.10000038,433000,0,1,19.67560664,yahoo_bootstrap
2023-10-12,21.04999924,21.25,21.04999924,21.25,255000,0,1,19.81548026,yahoo_bootstrap
2023-10-13,21.14999962,21.35000038,21.14999962,21.35000038,334754,0,1,19.90872994,yahoo_bootstrap
2023-10-16,21.35000038,21.60000038,21.35000038,21.39999962,437590,0,1,19.95535389,yahoo_bootstrap
2023-10-17,21.5,21.5,21.20000076,21.20000076,261357,0,1,19.76885632,yahoo_bootstrap
2023-10-18,21.10000038,21.20000076,20.14999962,20.14999962,2460390,0,1,18.7897374,yahoo_bootstrap
2023-10-19,20.20000076,20.54999924,20.20000076,20.54999924,447000,0,1,19.16273432,yahoo_bootstrap
2023-10-20,20.5,20.54999924,20.14999962,20.35000038,459674,0,1,18.97623675,yahoo_bootstrap
2023-10-23,20.5,20.85000038,20.39999962,20.5,378000,0,1,19.11611037,yahoo_bootstrap
2023-10-24,20.5,20.60000038,20.39999962,20.5,247098,0,1,19.11611037,yahoo_bootstrap
2023-10-25,20.60000038,20.75,20.5,20.70000076,327008,0,1,19.30260972,yahoo_bootstrap
2023-10-26,20.60000038,20.70000076,20.5,20.5,266000,0,1,19.11611037,yahoo_bootstrap
2023-10-27,20.5,20.75,20.5,20.75,144598,0,1,19.34923367,yahoo_bootstrap
2023-10-30,20.70000076,20.70000076,20.45000076,20.54999924,229000,0,1,19.16273432,yahoo_bootstrap
2023-10-31,20.70000076,20.70000076,20.39999962,20.5,202510,0,1,19.11611037,yahoo_bootstrap
2023-11-01,20.5,20.60000038,20.45000076,20.54999924,174267,0,1,19.16273432,yahoo_bootstrap
2023-11-02,20.70000076,20.75,20.54999924,20.64999962,148018,0,1,19.25598399,yahoo_bootstrap
2023-11-03,20.64999962,20.85000038,20.64999962,20.64999962,248670,0,1,19.25598399,yahoo_bootstrap
2023-11-06,20.70000076,20.89999962,20.70000076,20.79999924,264451,0,1,19.39585762,yahoo_bootstrap
2023-11-07,20.79999924,20.85000038,20.70000076,20.79999924,137050,0,1,19.39585762,yahoo_bootstrap
2023-11-08,20.79999924,20.85000038,20.70000076,20.85000038,123083,0,1,19.44248334,yahoo_bootstrap
2023-11-09,20.89999962,20.89999962,20.79999924,20.89999962,185000,0,1,19.48910729,yahoo_bootstrap
2023-11-10,20.70000076,20.70000076,20.45000076,20.45000076,486764,0,1,19.06948642,yahoo_bootstrap
2023-11-13,20.45000076,20.45000076,20,20.04999924,895516,0,1,18.69648773,yahoo_bootstrap
2023-11-14,20,20.10000038,19.89999962,20,947010,0,1,18.64986378,yahoo_bootstrap
2023-11-15,20.20000076,20.20000076,19.89999962,20.04999924,886740,0,1,18.69648773,yahoo_bootstrap
2023-11-16,20.14999962,20.35000038,20.04999924,20.25,670791,0,1,18.88298708,yahoo_bootstrap
2023-11-17,20.25,20.39999962,20.20000076,20.29999924,211960,0,1,18.92961102,yahoo_bootstrap
2023-11-20,20.29999924,20.5,20.25,20.39999962,360096,0,1,19.0228607,yahoo_bootstrap
2023-11-21,20.39999962,20.64999962,20.35000038,20.60000038,417517,0,1,19.20936005,yahoo_bootstrap
2023-11-22,20.70000076,20.70000076,20.45000076,20.5,317120,0,1,19.11611037,yahoo_bootstrap
2023-11-23,20.5,20.60000038,20.45000076,20.54999924,335107,0,1,19.16273432,yahoo_bootstrap
2023-11-24,20.54999924,20.64999962,20.54999924,20.54999924,312001,0,1,19.16273432,yahoo_bootstrap
2023-11-27,20.54999924,20.70000076,20.5,20.60000038,458439,0,1,19.20936005,yahoo_bootstrap
2023-11-28,20.64999962,20.85000038,20.64999962,20.79999924,368341,0,1,19.39585762,yahoo_bootstrap
2023-11-29,20.79999924,20.89999962,20.70000076,20.79999924,308127,0,1,19.39585762,yahoo_bootstrap
2023-11-30,20.85000038,20.85000038,20.75,20.85000038,305998,0,1,19.44248334,yahoo_bootstrap
2023-12-01,20.79999924,21.14999962,20.79999924,21.10000038,506168,0,1,19.67560664,yahoo_bootstrap
2023-12-04,21.14999962,21.35000038,21.04999924,21.29999924,547474,0,1,19.86210421,yahoo_bootstrap
2023-12-05,21.20000076,21.29999924,21.20000076,21.25,245236,0,1,19.81548026,yahoo_bootstrap
2023-12-06,21.20000076,21.29999924,21.10000038,21.20000076,277456,0,1,19.76885632,yahoo_bootstrap
2023-12-07,21.20000076,21.20000076,21,21.04999924,241110,0,1,19.62898091,yahoo_bootstrap
2023-12-08,21.10000038,21.10000038,20.95000076,20.95000076,366189,0,1,19.53573302,yahoo_bootstrap
2023-12-11,21,21,20.89999962,20.89999962,194785,0,1,19.48910729,yahoo_bootstrap
2023-12-12,20.89999962,21,20.79999924,20.95000076,341212,0,1,19.53573302,yahoo_bootstrap
2023-12-13,20.95000076,21,20.79999924,20.89999962,319170,0,1,19.48910729,yahoo_bootstrap
2023-12-14,21.10000038,21.10000038,20.89999962,21,453621,0,1,19.58235697,yahoo_bootstrap
2023-12-15,21.10000038,21.10000038,20.89999962,21.04999924,430004,0,1,19.62898091,yahoo_bootstrap
2023-12-18,21.04999924,21.25,21.04999924,21.25,569741,0,1,19.81548026,yahoo_bootstrap
2023-12-19,21.14999962,21.20000076,20.79999924,20.89999962,529239,0,1,19.48910729,yahoo_bootstrap
2023-12-20,20.95000076,21.10000038,20.85000038,21.10000038,285313,0,1,19.67560664,yahoo_bootstrap
2023-12-21,21,21.04999924,20.89999962,20.89999962,259612,0,1,19.48910729,yahoo_bootstrap
2023-12-22,20.85000038,20.89999962,20.79999924,20.89999962,166002,0,1,19.48910729,yahoo_bootstrap
2023-12-25,20.89999962,20.89999962,20.79999924,20.79999924,168904,0,1,19.39585762,yahoo_bootstrap
2023-12-26,20.79999924,20.95000076,20.75,20.85000038,278640,0,1,19.44248334,yahoo_bootstrap
2023-12-27,20.85000038,20.95000076,20.79999924,20.95000076,238736,0,1,19.53573302,yahoo_bootstrap
2023-12-28,20.89999962,21,20.79999924,20.95000076,233000,0,1,19.53573302,yahoo_bootstrap
2023-12-29,21,21,20.85000038,20.89999962,171950,0,1,19.48910729,yahoo_bootstrap
2024-01-02,20.89999962,20.89999962,20.79999924,20.85000038,151344,0,1,19.44248334,yahoo_bootstrap
2024-01-03,20.85000038,20.85000038,20.75,20.85000038,338500,0,1,19.44248334,yahoo_bootstrap
2024-01-04,20.79999924,20.85000038,20.75,20.79999924,174281,0,1,19.39585762,yahoo_bootstrap
2024-01-05,20.79999924,20.85000038,20.79999924,20.79999924,190545,0,1,19.39585762,yahoo_bootstrap
2024-01-08,20.79999924,20.95000076,20.79999924,20.85000038,168014,0,1,19.44248334,yahoo_bootstrap
2024-01-09,20.85000038,20.89999962,20.75,20.75,250756,0,1,19.34923367,yahoo_bootstrap
2024-01-10,20.75,20.75,20.45000076,20.45000076,593885,0,1,19.06948642,yahoo_bootstrap
2024-01-11,20.79999924,20.79999924,20.5,20.60000038,194026,0,1,19.20936005,yahoo_bootstrap
2024-01-12,20.60000038,20.79999924,20.60000038,20.75,194500,0,1,19.34923367,yahoo_bootstrap
2024-01-15,20.89999962,20.89999962,20.64999962,20.64999962,215100,0,1,19.25598399,yahoo_bootstrap
2024-01-16,20.54999924,20.54999924,20.14999962,20.25,707000,0,1,18.88298708,yahoo_bootstrap
2024-01-17,20.14999962,20.20000076,20,20.10000038,522376,0,1,18.74311345,yahoo_bootstrap
2024-01-18,20.14999962,20.14999962,20.04999924,20.14999962,193000,0,1,18.7897374,yahoo_bootstrap
2024-01-19,20.14999962,20.29999924,20.10000038,20.25,172000,0,1,18.88298708,yahoo_bootstrap
2024-01-22,20.25,20.5,20.20000076,20.29999924,262487,0,1,18.92961102,yahoo_bootstrap
2024-01-23,20.45000076,20.45000076,20.35000038,20.39999962,120788,0,1,19.0228607,yahoo_bootstrap
2024-01-24,20.5,20.5,20.35000038,20.45000076,197281,0,1,19.06948642,yahoo_bootstrap
2024-01-25,20.39999962,20.5,20.35000038,20.45000076,163785,0,1,19.06948642,yahoo_bootstrap
2024-01-26,20.39999962,20.70000076,20.39999962,20.64999962,334416,0,1,19.25598399,yahoo_bootstrap
2024-01-29,20.54999924,20.85000038,20.54999924,20.79999924,288140,0,1,19.39585762,yahoo_bootstrap
2024-01-30,20.79999924,20.79999924,20.60000038,20.70000076,143200,0,1,19.30260972,yahoo_bootstrap
2024-01-31,20.70000076,20.70000076,20.54999924,20.64999962,125083,0,1,19.25598399,yahoo_bootstrap
2024-02-01,20.64999962,20.64999962,20.54999924,20.54999924,279190,0,1,19.16273432,yahoo_bootstrap
2024-02-02,20.54999924,20.64999962,20.54999924,20.60000038,162844,0,1,19.20936005,yahoo_bootstrap
2024-02-05,20.54999924,20.60000038,20.5,20.54999924,174706,0,1,19.16273432,yahoo_bootstrap
2024-02-15,20.5,20.54999924,20.35000038,20.5,314973,0,1,19.11611037,yahoo_bootstrap
2024-02-16,20.5,20.60000038,20.45000076,20.5,317035,0,1,19.11611037,yahoo_bootstrap
2024-02-19,20.60000038,21,20.60000038,20.89999962,825730,0,1,19.48910729,yahoo_bootstrap
2024-02-20,21,21,20.64999962,20.70000076,490976,0,1,19.30260972,yahoo_bootstrap
2024-02-21,20.64999962,20.79999924,20.64999962,20.70000076,271150,0,1,19.30260972,yahoo_bootstrap
2024-02-22,20.70000076,20.79999924,20.70000076,20.75,207332,0,1,19.34923367,yahoo_bootstrap
2024-02-23,20.70000076,20.79999924,20.64999962,20.64999962,358831,0,1,19.25598399,yahoo_bootstrap
2024-02-26,20.60000038,21.10000038,20.60000038,20.85000038,1206933,0,1,19.44248334,yahoo_bootstrap
2024-02-27,20.89999962,21.29999924,20.85000038,21,1038335,0,1,19.58235697,yahoo_bootstrap
2024-02-29,20.85000038,21,20.85000038,20.95000076,344047,0,1,19.53573302,yahoo_bootstrap
2024-03-01,20.95000076,20.95000076,20.79999924,20.85000038,240308,0,1,19.44248334,yahoo_bootstrap
2024-03-04,20.79999924,20.89999962,20.75,20.75,491893,0,1,19.34923367,yahoo_bootstrap
2024-03-05,20.75,20.85000038,20.70000076,20.70000076,221599,0,1,19.30260972,yahoo_bootstrap
2024-03-06,20.75,20.79999924,20.64999962,20.64999962,554768,0,1,19.25598399,yahoo_bootstrap
2024-03-07,20.64999962,20.64999962,20.39999962,20.54999924,711892,0,1,19.16273432,yahoo_bootstrap
2024-03-08,20.70000076,20.70000076,20.45000076,20.54999924,674953,0,1,19.16273432,yahoo_bootstrap
2024-03-11,20.60000038,20.85000038,20.60000038,20.79999924,537149,0,1,19.39585762,yahoo_bootstrap
2024-03-12,20.89999962,21.14999962,20.79999924,21.10000038,1199500,0,1,19.67560664,yahoo_bootstrap
2024-03-13,21.25,21.29999924,20.85000038,20.95000076,690672,0,1,19.53573302,yahoo_bootstrap
2024-03-14,20.79999924,20.79999924,20.45000076,20.45000076,1053100,0,1,19.06948642,yahoo_bootstrap
2024-03-15,20.5,20.5,20.20000076,20.20000076,822628,0,1,18.83636313,yahoo_bootstrap
2024-03-18,20.20000076,20.20000076,19.79999924,19.95000076,1027257,0,1,18.60323983,yahoo_bootstrap
2024-03-19,19.95000076,19.95000076,19.79999924,19.89999962,584490,0,1,18.5566141,yahoo_bootstrap
2024-03-20,19.89999962,19.89999962,19.5,19.54999924,1216431,0,1,18.23024113,yahoo_bootstrap
2024-03-21,19.54999924,19.64999962,19.5,19.64999962,717835,0,1,18.32349081,yahoo_bootstrap
2024-03-22,19.60000038,19.60000038,19.35000038,19.45000076,776134,0,1,18.13699324,yahoo_bootstrap
2024-03-25,19.45000076,19.64999962,19.35000038,19.60000038,424136,0,1,18.27686686,yahoo_bootstrap
2024-03-26,19.60000038,19.64999962,19.39999962,19.5,455343,0,1,18.18361718,yahoo_bootstrap
2024-03-27,19.45000076,19.60000038,19.45000076,19.54999924,331129,0,1,18.23024113,yahoo_bootstrap
2024-03-28,19.54999924,19.60000038,19.39999962,19.45000076,450572,0,1,18.13699324,yahoo_bootstrap
2024-03-29,19.5,19.54999924,19.45000076,19.5,208000,0,1,18.18361718,yahoo_bootstrap
2024-04-01,19.5,19.70000076,19.5,19.64999962,299100,0,1,18.32349081,yahoo_bootstrap
2024-04-02,19.70000076,19.70000076,19.60000038,19.60000038,247669,0,1,18.27686686,yahoo_bootstrap
2024-04-03,19.60000038,19.60000038,19.5,19.54999924,179126,0,1,18.23024113,yahoo_bootstrap
2024-04-08,19.54999924,19.70000076,19.39999962,19.60000038,868456,0,1,18.27686686,yahoo_bootstrap
2024-04-09,19.60000038,19.85000038,19.54999924,19.75,420026,0,1,18.41674048,yahoo_bootstrap
2024-04-10,19.75,20,19.70000076,20,676300,0,1,18.64986378,yahoo_bootstrap
2024-04-11,20,20,19.64999962,19.64999962,444888,0,1,18.32349081,yahoo_bootstrap
2024-04-12,19.64999962,19.70000076,19.54999924,19.60000038,226424,0,1,18.27686686,yahoo_bootstrap
2024-04-15,19.54999924,19.75,19.5,19.60000038,224714,0,1,18.27686686,yahoo_bootstrap
2024-04-16,19.60000038,19.60000038,19.14999962,19.20000076,798063,0,1,17.90386994,yahoo_bootstrap
2024-04-17,19.20000076,19.39999962,19.20000076,19.29999924,306353,0,1,17.99711783,yahoo_bootstrap
2024-04-18,19.29999924,19.39999962,19.14999962,19.39999962,278250,0,1,18.09036751,yahoo_bootstrap
2024-04-19,19.14999962,19.35000038,19.04999924,19.10000038,815641,0,1,17.81062026,yahoo_bootstrap
2024-04-22,19.29999924,19.39999962,19.10000038,19.35000038,728428,0,1,18.04374356,yahoo_bootstrap
2024-04-23,19.35000038,19.39999962,19.14999962,19.25,256168,0,1,17.95049389,yahoo_bootstrap
2024-04-24,19.29999924,19.39999962,19.29999924,19.29999924,205952,0,1,17.99711783,yahoo_bootstrap
2024-04-25,19.29999924,19.5,19.29999924,19.39999962,252253,0,1,18.09036751,yahoo_bootstrap
2024-04-26,19.35000038,19.45000076,19.35000038,19.39999962,231215,0,1,18.09036751,yahoo_bootstrap
2024-04-29,19.45000076,19.64999962,19.45000076,19.54999924,507320,0,1,18.23024113,yahoo_bootstrap
2024-04-30,19.54999924,19.60000038,19.5,19.54999924,204015,0,1,18.23024113,yahoo_bootstrap
2024-05-02,19.54999924,19.54999924,19.39999962,19.5,429083,0,1,18.18361718,yahoo_bootstrap
2024-05-03,19.54999924,19.64999962,19.45000076,19.5,327224,0,1,18.18361718,yahoo_bootstrap
2024-05-06,19.5,19.54999924,19.39999962,19.45000076,249537,0,1,18.13699324,yahoo_bootstrap
2024-05-07,19.45000076,19.54999924,19.35000038,19.39999962,423189,0,1,18.09036751,yahoo_bootstrap
2024-05-08,19.5,19.75,19.39999962,19.70000076,608202,0,1,18.37011653,yahoo_bootstrap
2024-05-09,19.79999924,19.85000038,19.70000076,19.75,410000,0,1,18.41674048,yahoo_bootstrap
2024-05-10,19.85000038,20.04999924,19.85000038,20,738200,0,1,18.64986378,yahoo_bootstrap
2024-05-13,20.04999924,20.14999962,19.95000076,20,685559,0,1,18.64986378,yahoo_bootstrap
2024-05-14,20.14999962,20.14999962,20,20.04999924,622515,0,1,18.69648773,yahoo_bootstrap
2024-05-15,20.10000038,20.14999962,20,20,578171,0,1,18.64986378,yahoo_bootstrap
2024-05-16,20.10000038,20.35000038,20,20.35000038,1217430,0,1,18.97623675,yahoo_bootstrap
2024-05-17,20.39999962,20.39999962,20.20000076,20.29999924,452946,0,1,18.92961102,yahoo_bootstrap
2024-05-20,20.45000076,20.45000076,20.25,20.35000038,507245,0,1,18.97623675,yahoo_bootstrap
2024-05-21,20.35000038,20.35000038,20.04999924,20.14999962,458696,0,1,18.7897374,yahoo_bootstrap
2024-05-22,20.20000076,20.39999962,20.04999924,20.29999924,557455,0,1,18.92961102,yahoo_bootstrap
2024-05-23,20.20000076,20.20000076,20,20,400470,0,1,18.64986378,yahoo_bootstrap
2024-05-24,20.04999924,20.20000076,20,20.10000038,258018,0,1,18.74311345,yahoo_bootstrap
2024-05-27,20.14999962,20.5,20,20.5,1100510,0,1,19.11611037,yahoo_bootstrap
2024-05-28,20.54999924,20.64999962,20.5,20.60000038,755516,0,1,19.20936005,yahoo_bootstrap
2024-05-29,20.64999962,20.64999962,20.39999962,20.45000076,507138,0,1,19.06948642,yahoo_bootstrap
2024-05-30,20.39999962,20.64999962,20.35000038,20.39999962,718085,0,1,19.0228607,yahoo_bootstrap
2024-05-31,20.54999924,20.70000076,20.54999924,20.64999962,725261,0,1,19.25598399,yahoo_bootstrap
2024-06-03,20.54999924,20.75,20.5,20.64999962,708682,0,1,19.25598399,yahoo_bootstrap
2024-06-04,20.64999962,20.64999962,20.5,20.60000038,342520,0,1,19.20936005,yahoo_bootstrap
2024-06-05,20.64999962,20.64999962,20.29999924,20.45000076,463927,0,1,19.06948642,yahoo_bootstrap
2024-06-06,20.5,20.5,20.20000076,20.20000076,543280,0,1,18.83636313,yahoo_bootstrap
2024-06-07,20.20000076,20.45000076,20.20000076,20.39999962,272005,0,1,19.0228607,yahoo_bootstrap
2024-06-11,20.5,20.89999962,20.5,20.70000076,867666,0,1,19.30260972,yahoo_bootstrap
2024-06-12,20.89999962,20.89999962,20.70000076,20.89999962,723210,0,1,19.48910729,yahoo_bootstrap
2024-06-13,20.89999962,20.95000076,20.60000038,20.64999962,507003,0,1,19.25598399,yahoo_bootstrap
2024-06-14,20.85000038,20.85000038,20.45000076,20.54999924,892839,0,1,19.16273432,yahoo_bootstrap
2024-06-17,20.75,20.85000038,20.5,20.79999924,746532,0,1,19.39585762,yahoo_bootstrap
2024-06-18,20.75,20.85000038,20.60000038,20.75,336815,0,1,19.34923367,yahoo_bootstrap
2024-06-19,20.79999924,20.85000038,20.64999962,20.70000076,525314,0,1,19.30260972,yahoo_bootstrap
2024-06-20,20.75,20.89999962,20.70000076,20.89999962,750121,0,1,19.48910729,yahoo_bootstrap
2024-06-21,20.89999962,21.45000076,20.89999962,21.45000076,2352486,0,1,20.00197961,yahoo_bootstrap
2024-06-24,21.5,21.79999924,21.35000038,21.35000038,2019704,0,1,19.90872994,yahoo_bootstrap
2024-06-25,21.45000076,21.79999924,21.35000038,21.39999962,3207989,0,1,19.95535389,yahoo_bootstrap
2024-06-26,21.39999962,23.5,21.39999962,23.5,18508506,0,1,21.91358994,yahoo_bootstrap
2024-06-27,23.60000038,25.10000038,23.5,23.95000076,32238388,0,1,22.33321259,yahoo_bootstrap
2024-06-28,23.89999962,23.89999962,23.10000038,23.5,5265876,0,1,21.91358994,yahoo_bootstrap
2024-07-01,23.5,24.10000038,23.35000038,23.60000038,4700385,0,1,22.00683961,yahoo_bootstrap
2024-07-02,23.64999962,24.5,23.29999924,23.75,5785528,0,1,22.14671324,yahoo_bootstrap
2024-07-03,23.79999924,23.95000076,23.39999962,23.54999924,2918072,0,1,21.96021389,yahoo_bootstrap
2024-07-04,23.70000076,24.10000038,23.60000038,23.89999962,2785687,0,1,22.28658686,yahoo_bootstrap
2024-07-05,24.14999962,24.35000038,24,24.04999924,3920414,0,1,22.42646048,yahoo_bootstrap
2024-07-08,24.45000076,24.60000038,23.85000038,23.89999962,3280730,0,1,22.28658686,yahoo_bootstrap
2024-07-09,23.5,23.5,22.35000038,22.54999924,4627948,0,1,21.0277207,yahoo_bootstrap
2024-07-10,22.54999924,22.95000076,22.54999924,22.79999924,1056705,0,1,21.260844,yahoo_bootstrap
2024-07-11,22.60000038,23.14999962,22.54999924,22.79999924,1399701,0,1,21.260844,yahoo_bootstrap
2024-07-12,22.75,23.20000076,22.75,23.10000038,948000,0,1,21.54059302,yahoo_bootstrap
2024-07-15,23.10000038,23.45000076,23.10000038,23.14999962,1250705,0,1,21.58721697,yahoo_bootstrap
2024-07-16,23.10000038,23.29999924,22.89999962,23,926303,0,1,21.44734334,yahoo_bootstrap
2024-07-17,23.20000076,25.29999924,23.14999962,25.29999924,20369385,0,1,23.59207697,yahoo_bootstrap
2024-07-18,25,26,24,25.75,27105929,0,1,24.01169961,yahoo_bootstrap
2024-07-19,25.75,27.5,25.75,26.54999924,44278800,0,1,24.75769345,yahoo_bootstrap
2024-07-22,26.60000038,27.54999924,25,25,16775080,0,1,23.31232972,yahoo_bootstrap
2024-07-23,25.54999924,26,24.25,24.54999924,7335927,0,1,22.89270708,yahoo_bootstrap
2024-07-26,24.10000038,24.29999924,23.75,24.20000076,2423332,0,1,22.56633588,yahoo_bootstrap
2024-07-29,24.54999924,24.75,23.70000076,23.79999924,2756577,0,1,22.19333718,yahoo_bootstrap
2024-07-30,24,24.29999924,23.70000076,24.25,1510755,0,1,22.61295983,yahoo_bootstrap
2024-07-31,24.54999924,24.64999962,24.10000038,24.14999962,1843306,0,1,22.51971016,yahoo_bootstrap
2024-08-01,24.5,24.5,24.14999962,24.29999924,1785002,0,1,22.65958378,yahoo_bootstrap
2024-08-02,24.20000076,24.25,23.70000076,23.75,1872817,0,1,22.14671324,yahoo_bootstrap
2024-08-05,23.10000038,23.10000038,21.39999962,21.54999924,4553807,0,1,20.09522751,yahoo_bootstrap
2024-08-06,21.89999962,22.60000038,20.85000038,22.04999924,2552504,0,1,20.5614741,yahoo_bootstrap
2024-08-07,22.04999924,23.5,22.04999924,23.25,2162469,0,1,21.68046664,yahoo_bootstrap
2024-08-08,23.04999924,23.35000038,22.85000038,23.20000076,1647036,0,1,21.63384269,yahoo_bootstrap
2024-08-09,22.95000076,23.5,22.79999924,22.85000038,3736285,0,1,21.30746972,yahoo_bootstrap
2024-08-12,23,23.5,22.85000038,22.89999962,1417641,0,1,21.35409367,yahoo_bootstrap
2024-08-13,22.89999962,23.04999924,22.60000038,22.89999962,967090,0,1,21.35409367,yahoo_bootstrap
2024-08-14,23.14999962,23.29999924,22.85000038,23,1283000,0,1,21.44734334,yahoo_bootstrap
2024-08-15,23.29999924,23.5,23.10000038,23.20000076,1253089,0,1,21.63384269,yahoo_bootstrap
2024-08-16,23.39999962,23.45000076,23,23.04999924,1462407,0,1,21.49396729,yahoo_bootstrap
2024-08-19,23.04999924,23.20000076,22.85000038,22.95000076,756468,0,1,21.4007194,yahoo_bootstrap
2024-08-20,23,23.5,23,23.20000076,1209820,0,1,21.63384269,yahoo_bootstrap
2024-08-21,23.29999924,23.85000038,23.25,23.54999924,1943101,0,1,21.96021389,yahoo_bootstrap
2024-08-22,23.79999924,24.89999962,23.5,24.04999924,5392908,0,1,22.42646048,yahoo_bootstrap
2024-08-23,23.89999962,24.25,23.60000038,24,1992499,0,1,22.37983653,yahoo_bootstrap
2024-08-26,24.20000076,24.35000038,23.95000076,24,1936064,0,1,22.37983653,yahoo_bootstrap
2024-08-27,23.54999924,23.70000076,23.20000076,23.25,1449705,0.6,1,22.23637604,yahoo_bootstrap
2024-08-28,23.25,23.39999962,23.25,23.35000038,1019234,0,1,22.33201673,yahoo_bootstrap
2024-08-29,23.14999962,23.89999962,23.14999962,23.60000038,1413900,0,1,22.57111755,yahoo_bootstrap
2024-08-30,23.79999924,23.79999924,23.45000076,23.5,859136,0,1,22.47547686,yahoo_bootstrap
2024-09-02,23.64999962,23.89999962,23.29999924,23.64999962,1051471,0,1,22.61893699,yahoo_bootstrap
2024-09-03,23.64999962,23.64999962,23.25,23.25,692419,0,1,22.23637604,yahoo_bootstrap
2024-09-04,22.79999924,22.79999924,21.95000076,22.35000038,1752146,0,1,21.37561346,yahoo_bootstrap
2024-09-05,22.89999962,23.14999962,22.60000038,22.85000038,1074980,0,1,21.8538151,yahoo_bootstrap
2024-09-06,23,23.45000076,22.70000076,23.20000076,949010,0,1,22.18855661,yahoo_bootstrap
2024-09-09,22.70000076,23.14999962,22.5,22.85000038,856505,0,1,21.8538151,yahoo_bootstrap
2024-09-10,22.85000038,23.10000038,22.45000076,22.5,720857,0,1,21.51907359,yahoo_bootstrap
2024-09-11,23.20000076,24.29999924,23.10000038,24.04999924,7191258,0,1,23.00149793,yahoo_bootstrap
2024-09-12,24.29999924,24.29999924,23.70000076,23.85000038,2384006,0,1,22.81021837,yahoo_bootstrap
2024-09-13,23.95000076,24.25,23.70000076,23.75,1458999,0,1,22.71457768,yahoo_bootstrap
2024-09-16,24.04999924,24.60000038,23.89999962,24.29999924,3113454,0,1,23.24059875,yahoo_bootstrap
2024-09-18,24.45000076,24.89999962,24.14999962,24.14999962,3575052,0,1,23.09713862,yahoo_bootstrap
2024-09-19,24.25,24.54999924,23.95000076,24.25,2078491,0,1,23.19277931,yahoo_bootstrap
2024-09-20,24.45000076,25.45000076,24.29999924,24.95000076,8464430,0,1,23.86226233,yahoo_bootstrap
2024-09-23,25.39999962,25.60000038,24.60000038,24.79999924,5616703,0,1,23.71880038,yahoo_bootstrap
2024-09-24,25,25.10000038,24.29999924,24.60000038,2727728,0,1,23.52752082,yahoo_bootstrap
2024-09-25,25.10000038,25.20000076,24.70000076,24.75,3247337,0,1,23.67098095,yahoo_bootstrap
2024-09-26,25,25.10000038,24.25,24.25,2437644,0,1,23.19277931,yahoo_bootstrap
2024-09-27,24.5,25.29999924,24.5,25.20000076,4153240,0,1,24.10136315,yahoo_bootstrap
2024-09-30,25.29999924,25.29999924,24.5,24.64999962,2389345,0,1,23.57534026,yahoo_bootstrap
2024-10-01,24.60000038,24.79999924,24.39999962,24.60000038,1233001,0,1,23.52752082,yahoo_bootstrap
2024-10-04,24.54999924,24.70000076,24.04999924,24.10000038,1542972,0,1,23.04931919,yahoo_bootstrap
2024-10-07,24.20000076,24.25,23.89999962,24,1357462,0,1,22.9536785,yahoo_bootstrap
2024-10-08,24.04999924,24.10000038,23.75,24,1055043,0,1,22.9536785,yahoo_bootstrap
2024-10-09,24.20000076,24.20000076,23.64999962,23.64999962,1218304,0,1,22.61893699,yahoo_bootstrap
2024-10-11,23.5,23.5,22.89999962,22.95000076,1958106,0,1,21.94945579,yahoo_bootstrap
2024-10-14,22.89999962,23,22.79999924,22.79999924,823152,0,1,21.80599384,yahoo_bootstrap
2024-10-15,23,23.10000038,22.85000038,22.85000038,814312,0,1,21.8538151,yahoo_bootstrap
2024-10-16,22.75,23,22.70000076,22.85000038,2478323,0,1,21.8538151,yahoo_bootstrap
2024-10-17,22.95000076,23.29999924,22.89999962,23.14999962,702750,0,1,22.14073535,yahoo_bootstrap
2024-10-18,23.14999962,23.25,22.89999962,23,570000,0,1,21.99727523,yahoo_bootstrap
2024-10-21,23.14999962,23.14999962,22.89999962,22.95000076,398501,0,1,21.94945579,yahoo_bootstrap
2024-10-22,22.95000076,23.10000038,22.85000038,23,479241,0,1,21.99727523,yahoo_bootstrap
2024-10-23,23,23.35000038,23,23.10000038,707441,0,1,22.09291592,yahoo_bootstrap
2024-10-24,23.04999924,23.10000038,22.85000038,22.89999962,601258,0,1,21.90163453,yahoo_bootstrap
2024-10-25,22.95000076,23.04999924,22.85000038,23.04999924,574564,0,1,22.04509466,yahoo_bootstrap
2024-10-28,23.04999924,23.04999924,22.85000038,22.89999962,481001,0,1,21.90163453,yahoo_bootstrap
2024-10-29,22.89999962,22.95000076,22.60000038,22.60000038,901020,0,1,21.61471428,yahoo_bootstrap
2024-10-30,22.64999962,22.75,22.5,22.60000038,486985,0,1,21.61471428,yahoo_bootstrap
2024-11-01,22.5,22.79999924,22.35000038,22.70000076,560043,0,1,21.71035497,yahoo_bootstrap
2024-11-04,22.70000076,22.79999924,22.64999962,22.64999962,392048,0,1,21.66253372,yahoo_bootstrap
2024-11-05,22.64999962,22.95000076,22.64999962,22.79999924,344010,0,1,21.80599384,yahoo_bootstrap
2024-11-06,22.79999924,22.89999962,22.70000076,22.75,387000,0,1,21.75817441,yahoo_bootstrap
2024-11-07,22.70000076,23.20000076,22.70000076,23.14999962,555760,0,1,22.14073535,yahoo_bootstrap
2024-11-08,23.14999962,23.25,22.79999924,22.95000076,522477,0,1,21.94945579,yahoo_bootstrap
2024-11-11,22.75,22.79999924,22.04999924,22.14999962,2534103,0,1,21.18433208,yahoo_bootstrap
2024-11-12,22,22.20000076,21.75,22,953695,0,1,21.04087195,yahoo_bootstrap
2024-11-13,22,22.10000038,21.70000076,21.75,1003147,0,1,20.80177114,yahoo_bootstrap
2024-11-14,21.85000038,21.89999962,21.64999962,21.79999924,616667,0,1,20.84959057,yahoo_bootstrap
2024-11-15,21.79999924,22.04999924,21.75,21.85000038,1091216,0,1,20.89741183,yahoo_bootstrap
2024-11-18,21.89999962,22.14999962,21.79999924,21.95000076,584100,0,1,20.99305252,yahoo_bootstrap
2024-11-19,22,22.20000076,21.95000076,22.14999962,328230,0,1,21.18433208,yahoo_bootstrap
2024-11-20,21.89999962,21.89999962,21.89999962,21.89999962,283657,0,1,20.94523126,yahoo_bootstrap
2024-11-21,21.89999962,21.95000076,21.75,21.79999924,456715,0,1,20.84959057,yahoo_bootstrap
2024-11-22,21.89999962,22.10000038,21.85000038,21.85000038,193127,0,1,20.89741183,yahoo_bootstrap
2024-11-25,21.89999962,22.14999962,21.89999962,22,401109,0,1,21.04087195,yahoo_bootstrap
2024-11-26,22.04999924,22.29999924,22,22.04999924,406207,0,1,21.08869139,yahoo_bootstrap
2024-11-27,22.04999924,22.14999962,21.70000076,21.75,479440,0,1,20.80177114,yahoo_bootstrap
2024-11-28,21.75,21.79999924,21.29999924,21.5,758000,0,1,20.56267032,yahoo_bootstrap
2024-11-29,21.45000076,21.5,21.29999924,21.45000076,393200,0,1,20.51485089,yahoo_bootstrap
2024-12-02,21.5,21.60000038,21.35000038,21.35000038,336077,0,1,20.41921019,yahoo_bootstrap
2024-12-03,21.45000076,21.60000038,21.39999962,21.5,295252,0,1,20.56267032,yahoo_bootstrap
2024-12-04,21.5,21.79999924,21.5,21.64999962,478711,0,1,20.70613044,yahoo_bootstrap
2024-12-05,21.54999924,21.85000038,21.5,21.54999924,386714,0,1,20.61048975,yahoo_bootstrap
2024-12-06,21.54999924,21.75,21.54999924,21.70000076,168499,0,1,20.7539517,yahoo_bootstrap
2024-12-09,21.70000076,21.70000076,21.5,21.64999962,267254,0,1,20.70613044,yahoo_bootstrap
2024-12-10,21.64999962,21.89999962,21.60000038,21.60000038,309000,0,1,20.65831101,yahoo_bootstrap
2024-12-11,21.64999962,21.70000076,21.54999924,21.60000038,332181,0,1,20.65831101,yahoo_bootstrap
2024-12-12,21.64999962,21.95000076,21.60000038,21.60000038,349765,0,1,20.65831101,yahoo_bootstrap
2024-12-13,21.60000038,21.60000038,21.04999924,21.04999924,803917,0,1,20.13228812,yahoo_bootstrap
2024-12-16,21.04999924,21.20000076,20.75,20.75,469698,0,1,19.84536787,yahoo_bootstrap
2024-12-17,20.75,20.85000038,20.70000076,20.79999924,228019,0,1,19.8931873,yahoo_bootstrap
2024-12-18,20.64999962,20.85000038,20.60000038,20.79999924,253200,0,1,19.8931873,yahoo_bootstrap
2024-12-19,20.75,20.75,20.54999924,20.60000038,437131,0,1,19.70190774,yahoo_bootstrap
2024-12-20,20.60000038,20.64999962,20.35000038,20.39999962,568225,0,1,19.51062636,yahoo_bootstrap
2024-12-23,20.5,20.89999962,20.5,20.70000076,195985,0,1,19.79754843,yahoo_bootstrap
2024-12-24,20.79999924,21,20.5,20.5,552954,0,1,19.60626705,yahoo_bootstrap
2024-12-25,20.70000076,20.70000076,20.5,20.70000076,263457,0,1,19.79754843,yahoo_bootstrap
2024-12-26,20.60000038,20.85000038,20.60000038,20.70000076,140238,0,1,19.79754843,yahoo_bootstrap
2024-12-27,20.64999962,20.70000076,20.54999924,20.64999962,179636,0,1,19.74972717,yahoo_bootstrap
2024-12-30,20.64999962,20.64999962,20.39999962,20.39999962,280134,0,1,19.51062636,yahoo_bootstrap
2024-12-31,20.5,20.5,20.29999924,20.35000038,326002,0,1,19.46280692,yahoo_bootstrap
2025-01-02,20.39999962,20.60000038,20.35000038,20.45000076,309899,0,1,19.55844761,yahoo_bootstrap
2025-01-03,20.5,20.54999924,20.29999924,20.29999924,348568,0,1,19.41498566,yahoo_bootstrap
2025-01-06,20.35000038,20.75,20.29999924,20.60000038,279684,0,1,19.70190774,yahoo_bootstrap
2025-01-07,20.60000038,20.75,20.35000038,20.35000038,331517,0,1,19.46280692,yahoo_bootstrap
2025-01-08,20.35000038,20.5,20.29999924,20.45000076,163100,0,1,19.55844761,yahoo_bootstrap
2025-01-09,20.35000038,20.5,20.04999924,20.04999924,633358,0,1,19.17588485,yahoo_bootstrap
2025-01-10,20,20.14999962,20,20.14999962,325083,0,1,19.27152554,yahoo_bootstrap
2025-01-13,20,20.04999924,19.70000076,19.95000076,666398,0,1,19.08024598,yahoo_bootstrap
2025-01-14,19.95000076,20.20000076,19.95000076,20.04999924,233633,0,1,19.17588485,yahoo_bootstrap
2025-01-15,20.04999924,20.29999924,20.04999924,20.14999962,201492,0,1,19.27152554,yahoo_bootstrap
2025-01-16,20.20000076,20.35000038,20,20.04999924,277156,0,1,19.17588485,yahoo_bootstrap
2025-01-17,20.04999924,20.29999924,20.04999924,20.20000076,245990,0,1,19.3193468,yahoo_bootstrap
2025-01-20,20.25,20.29999924,20.14999962,20.25,166002,0,1,19.36716623,yahoo_bootstrap
2025-01-21,20.25,20.89999962,20.25,20.5,866053,0,1,19.60626705,yahoo_bootstrap
2025-01-22,20.60000038,20.60000038,20.39999962,20.5,172150,0,1,19.60626705,yahoo_bootstrap
2025-02-03,20.5,20.5,20.04999924,20.20000076,341134,0,1,19.3193468,yahoo_bootstrap
2025-02-04,20.25,20.25,20.10000038,20.10000038,199695,0,1,19.22370611,yahoo_bootstrap
2025-02-05,20.25,20.35000038,20.10000038,20.10000038,181177,0,1,19.22370611,yahoo_bootstrap
2025-02-06,20.20000076,20.35000038,20.14999962,20.29999924,255015,0,1,19.41498566,yahoo_bootstrap
2025-02-07,20.35000038,20.35000038,20.20000076,20.20000076,113199,0,1,19.3193468,yahoo_bootstrap
2025-02-10,20.29999924,20.79999924,20.29999924,20.75,646677,0,1,19.84536787,yahoo_bootstrap
2025-02-11,20.85000038,20.85000038,20.70000076,20.70000076,453231,0,1,19.79754843,yahoo_bootstrap
2025-02-12,20.85000038,20.89999962,20.64999962,20.79999924,515004,0,1,19.8931873,yahoo_bootstrap
2025-02-13,20.79999924,21.39999962,20.79999924,21.25,643305,0,1,20.3235695,yahoo_bootstrap
2025-02-14,21.45000076,21.5,21.29999924,21.35000038,413048,0,1,20.41921019,yahoo_bootstrap
2025-02-17,21.5,21.54999924,21.29999924,21.35000038,549629,0,1,20.41921019,yahoo_bootstrap
2025-02-18,21.39999962,21.39999962,21.20000076,21.25,227018,0,1,20.3235695,yahoo_bootstrap
2025-02-19,21.25,21.39999962,21.25,21.29999924,235398,0,1,20.37138894,yahoo_bootstrap
2025-02-20,21.35000038,22.04999924,21.35000038,21.85000038,1422503,0,1,20.89741183,yahoo_bootstrap
2025-02-21,21.79999924,21.89999962,21.64999962,21.79999924,450276,0,1,20.84959057,yahoo_bootstrap
2025-02-24,21.70000076,21.95000076,21.64999962,21.85000038,370507,0,1,20.89741183,yahoo_bootstrap
2025-02-25,21.70000076,21.79999924,21.64999962,21.75,274060,0,1,20.80177114,yahoo_bootstrap
2025-02-26,21.70000076,21.79999924,21.70000076,21.75,311021,0,1,20.80177114,yahoo_bootstrap
2025-02-27,21.75,21.89999962,21.64999962,21.64999962,523258,0,1,20.70613044,yahoo_bootstrap
2025-03-03,21.64999962,21.75,21.54999924,21.60000038,295032,0,1,20.65831101,yahoo_bootstrap
2025-03-04,21.60000038,21.64999962,21.39999962,21.64999962,353001,0,1,20.70613044,yahoo_bootstrap
2025-03-05,21.60000038,22,21.60000038,21.95000076,333060,0,1,20.99305252,yahoo_bootstrap
2025-03-06,22,22.10000038,21.75,21.95000076,359004,0,1,20.99305252,yahoo_bootstrap
2025-03-07,21.89999962,21.95000076,21.79999924,21.79999924,173330,0,1,20.84959057,yahoo_bootstrap
2025-03-10,21.79999924,21.79999924,21.64999962,21.70000076,261012,0,1,20.7539517,yahoo_bootstrap
2025-03-11,21.39999962,21.60000038,21.04999924,21.5,636536,0,1,20.56267032,yahoo_bootstrap
2025-03-12,21.5,21.5,21.20000076,21.20000076,550164,0,1,20.27575007,yahoo_bootstrap
2025-03-13,21.25,21.35000038,20.89999962,20.89999962,958672,0,1,19.98882799,yahoo_bootstrap
2025-03-14,20.54999924,20.70000076,20.29999924,20.54999924,974000,0,1,19.65408648,yahoo_bootstrap
2025-03-17,20.70000076,20.70000076,20.45000076,20.54999924,329454,0,1,19.65408648,yahoo_bootstrap
2025-03-18,20.60000038,20.75,20.39999962,20.45000076,376986,0,1,19.55844761,yahoo_bootstrap
2025-03-19,20.60000038,20.60000038,20.35000038,20.39999962,440230,0,1,19.51062636,yahoo_bootstrap
2025-03-20,20.5,20.60000038,20.39999962,20.5,262190,0,1,19.60626705,yahoo_bootstrap
2025-03-21,20.45000076,20.5,20.29999924,20.29999924,402500,0,1,19.41498566,yahoo_bootstrap
2025-03-24,20.29999924,20.29999924,20.20000076,20.25,342472,0,1,19.36716623,yahoo_bootstrap
2025-03-25,20.25,20.35000038,19.95000076,20,647005,0,1,19.12806541,yahoo_bootstrap
2025-03-26,20.04999924,20.20000076,20,20.14999962,228200,0,1,19.27152554,yahoo_bootstrap
2025-03-27,20.04999924,20.20000076,20,20.04999924,326987,0,1,19.17588485,yahoo_bootstrap
2025-03-28,20,20,19.60000038,19.75,797463,0,1,18.8889646,yahoo_bootstrap
2025-03-31,19.60000038,19.60000038,19,19.10000038,1075050,0,1,18.26730283,yahoo_bootstrap
2025-04-01,19.20000076,19.45000076,19.20000076,19.39999962,503125,0,1,18.55422309,yahoo_bootstrap
2025-04-02,19.39999962,19.60000038,19.25,19.54999924,220553,0,1,18.69768321,yahoo_bootstrap
2025-04-07,17.60000038,17.64999962,17.60000038,17.60000038,1002199,0,1,16.83269793,yahoo_bootstrap
2025-04-08,16.04999924,17.25,16.04999924,16.85000038,1828284,0,1,16.11539548,yahoo_bootstrap
2025-04-09,16.75,16.85000038,15.80000019,16.04999924,1663114,0,1,15.35027176,yahoo_bootstrap
2025-04-10,17.20000076,17.64999962,17.20000076,17.64999962,454000,0,1,16.88051736,yahoo_bootstrap
2025-04-11,16.95000076,18.04999924,16.89999962,17.54999924,589434,0,1,16.78487667,yahoo_bootstrap
2025-04-14,17.85000038,17.95000076,17.20000076,17.20000076,731363,0,1,16.45013699,yahoo_bootstrap
2025-04-15,17.39999962,17.79999924,17.29999924,17.70000076,496000,0,1,16.92833862,yahoo_bootstrap
2025-04-16,17.70000076,17.70000076,17.20000076,17.20000076,329003,0,1,16.45013699,yahoo_bootstrap
2025-04-17,17,17.10000038,16.89999962,17.04999924,373673,0,1,16.30667504,yahoo_bootstrap
2025-04-18,17,17.20000076,17,17.14999962,139658,0,1,16.40231573,yahoo_bootstrap
2025-04-21,17.20000076,17.20000076,16.79999924,16.79999924,269525,0,1,16.06757422,yahoo_bootstrap
2025-04-22,17,17,16.54999924,16.70000076,248259,0,1,15.97193535,yahoo_bootstrap
2025-04-23,17.04999924,17.14999962,16.95000076,17,290928,0,1,16.2588556,yahoo_bootstrap
2025-04-24,17.04999924,17.10000038,16.85000038,16.89999962,284750,0,1,16.16321491,yahoo_bootstrap
2025-04-25,17.14999962,17.14999962,16.95000076,17.04999924,213286,0,1,16.30667504,yahoo_bootstrap
2025-04-28,17.10000038,17.29999924,17.10000038,17.29999924,352411,0,1,16.54577585,yahoo_bootstrap
2025-04-29,17.20000076,17.54999924,17.20000076,17.5,396200,0,1,16.73705724,yahoo_bootstrap
2025-04-30,17.39999962,17.60000038,17.29999924,17.29999924,238000,0,1,16.54577585,yahoo_bootstrap
2025-05-02,17.35000038,17.70000076,17.35000038,17.64999962,290439,0,1,16.88051736,yahoo_bootstrap
2025-05-05,17.85000038,17.89999962,17.39999962,17.70000076,415001,0,1,16.92833862,yahoo_bootstrap
2025-05-06,17.75,17.89999962,17.60000038,17.85000038,306051,0,1,17.07179875,yahoo_bootstrap
2025-05-07,17.95000076,17.95000076,17.79999924,17.85000038,191395,0,1,17.07179875,yahoo_bootstrap
2025-05-08,18,18.04999924,17.85000038,17.89999962,243087,0,1,17.11961818,yahoo_bootstrap
2025-05-09,17.85000038,18.10000038,17.85000038,17.95000076,244360,0,1,17.16743944,yahoo_bootstrap
2025-05-12,17.95000076,18,17.60000038,17.64999962,514732,0,1,16.88051736,yahoo_bootstrap
2025-05-13,17.95000076,18,17.54999924,17.85000038,557010,0,1,17.07179875,yahoo_bootstrap
2025-05-14,17.89999962,17.95000076,17.75,17.89999962,280101,0,1,17.11961818,yahoo_bootstrap
2025-05-15,17.95000076,18.14999962,17.95000076,17.95000076,363594,0,1,17.16743944,yahoo_bootstrap
2025-05-16,18,18.79999924,18,18.39999962,984882,0,1,17.59781982,yahoo_bootstrap
2025-05-19,18.39999962,18.54999924,18.20000076,18.25,453159,0,1,17.45435969,yahoo_bootstrap
2025-05-20,18.29999924,18.29999924,18.20000076,18.29999924,114020,0,1,17.50217912,yahoo_bootstrap
2025-05-21,18.29999924,18.45000076,18.25,18.45000076,250083,0,1,17.64564107,yahoo_bootstrap
2025-05-22,18.39999962,18.39999962,18.25,18.29999924,179060,0,1,17.50217912,yahoo_bootstrap
2025-05-23,18.29999924,18.45000076,18.25,18.35000038,90404,0,1,17.55000038,yahoo_bootstrap
2025-05-26,18.39999962,18.5,18.35000038,18.45000076,175236,0,1,17.64564107,yahoo_bootstrap
2025-05-27,18.60000038,19.25,18.60000038,18.60000038,833609,0,1,17.7891012,yahoo_bootstrap
2025-05-28,18.75,18.85000038,18.45000076,18.54999924,300221,0,1,17.74127994,yahoo_bootstrap
2025-05-29,18.64999962,18.64999962,18.20000076,18.20000076,433291,0,1,17.40654026,yahoo_bootstrap
2025-06-02,18.14999962,18.14999962,17.70000076,17.89999962,318281,0,1,17.11961818,yahoo_bootstrap
2025-06-03,17.89999962,18,17.75,17.79999924,175100,0,1,17.02397749,yahoo_bootstrap
2025-06-04,17.89999962,18.20000076,17.89999962,18.04999924,209930,0,1,17.26307831,yahoo_bootstrap
2025-06-05,18,18.10000038,17.95000076,18,108166,0,1,17.21525887,yahoo_bootstrap
2025-06-06,17.89999962,18.10000038,17.85000038,18,133200,0,1,17.21525887,yahoo_bootstrap
2025-06-09,18.10000038,18.10000038,17.64999962,17.79999924,255000,0,1,17.02397749,yahoo_bootstrap
2025-06-10,17.79999924,18.04999924,17.75,17.79999924,230200,0,1,17.02397749,yahoo_bootstrap
2025-06-11,17.85000038,17.89999962,17.70000076,17.89999962,143971,0,1,17.11961818,yahoo_bootstrap
2025-06-12,17.85000038,18.04999924,17.79999924,17.89999962,173180,0,1,17.11961818,yahoo_bootstrap
2025-06-13,17.79999924,18,17.60000038,17.64999962,358235,0,1,16.88051736,yahoo_bootstrap
2025-06-16,17.64999962,17.85000038,17.45000076,17.75,189002,0,1,16.97615805,yahoo_bootstrap
2025-06-17,17.85000038,17.85000038,17.60000038,17.79999924,196881,0,1,17.02397749,yahoo_bootstrap
2025-06-18,17.75,17.85000038,17.70000076,17.75,163121,0,1,16.97615805,yahoo_bootstrap
2025-06-19,17.64999962,17.75,17.60000038,17.64999962,295100,0,1,16.88051736,yahoo_bootstrap
2025-06-20,17.64999962,17.64999962,17.45000076,17.5,254225,0,1,16.73705724,yahoo_bootstrap
2025-06-23,17.5,17.54999924,17.25,17.5,258474,0,1,16.73705724,yahoo_bootstrap
2025-06-24,17.5,17.85000038,17.5,17.85000038,122060,0,1,17.07179875,yahoo_bootstrap
2025-06-25,17.85000038,18,17.85000038,18,186458,0,1,17.21525887,yahoo_bootstrap
2025-06-26,18,18.29999924,17.89999962,18.25,340019,0,1,17.45435969,yahoo_bootstrap
2025-06-27,18.29999924,18.35000038,18.04999924,18.20000076,139568,0,1,17.40654026,yahoo_bootstrap
2025-06-30,18.25,18.25,17.95000076,17.95000076,85008,0,1,17.16743944,yahoo_bootstrap
2025-07-01,18.10000038,18.29999924,18.04999924,18.10000038,235123,0,1,17.31089956,yahoo_bootstrap
2025-07-02,18.10000038,18.20000076,18,18.10000038,56033,0,1,17.31089956,yahoo_bootstrap
2025-07-03,18.10000038,18.25,18.04999924,18.10000038,136845,0,1,17.31089956,yahoo_bootstrap
2025-07-04,18.14999962,18.14999962,17.89999962,17.89999962,107090,0,1,17.11961818,yahoo_bootstrap
2025-07-07,17.89999962,18,17.60000038,17.95000076,102482,0,1,17.16743944,yahoo_bootstrap
2025-07-08,17.95000076,17.95000076,17.64999962,17.75,156000,0,1,16.97615805,yahoo_bootstrap
2025-07-09,17.70000076,17.75,17.64999962,17.64999962,64057,0,1,16.88051736,yahoo_bootstrap
2025-07-10,17.64999962,17.79999924,17.54999924,17.54999924,184664,0,1,16.78487667,yahoo_bootstrap
2025-07-11,17.5,17.64999962,17.45000076,17.60000038,185001,0,1,16.83269793,yahoo_bootstrap
2025-07-14,17.5,17.64999962,17.45000076,17.54999924,99001,0,1,16.78487667,yahoo_bootstrap
2025-07-15,17.54999924,17.75,17.45000076,17.54999924,185000,0,1,16.78487667,yahoo_bootstrap
2025-07-16,17.54999924,17.70000076,17.5,17.5,127105,0,1,16.73705724,yahoo_bootstrap
2025-07-17,17.60000038,17.64999962,17.45000076,17.5,217382,0,1,16.73705724,yahoo_bootstrap
2025-07-18,17.5,17.60000038,17.5,17.60000038,117000,0,1,16.83269793,yahoo_bootstrap
2025-07-21,17.60000038,17.79999924,17.60000038,17.64999962,148000,0,1,16.88051736,yahoo_bootstrap
2025-07-22,17.70000076,17.79999924,17.35000038,17.35000038,287100,0,1,16.59359711,yahoo_bootstrap
2025-07-23,17.35000038,17.60000038,17.35000038,17.54999924,132203,0,1,16.78487667,yahoo_bootstrap
2025-07-24,17.54999924,17.60000038,17.5,17.54999924,111337,0,1,16.78487667,yahoo_bootstrap
2025-07-25,17.60000038,17.64999962,17.45000076,17.5,224067,0,1,16.73705724,yahoo_bootstrap
2025-07-28,17.5,17.64999962,17.5,17.60000038,165000,0,1,16.83269793,yahoo_bootstrap
2025-07-29,17.70000076,17.70000076,17.45000076,17.5,143000,0,1,16.73705724,yahoo_bootstrap
2025-07-30,17.5,17.79999924,17.5,17.79999924,251990,0,1,17.02397749,yahoo_bootstrap
2025-07-31,17.85000038,17.85000038,17.54999924,17.70000076,139200,0,1,16.92833862,yahoo_bootstrap
2025-08-04,17.45000076,17.70000076,17.35000038,17.64999962,178461,0,1,16.88051736,yahoo_bootstrap
2025-08-05,17.85000038,17.85000038,17.60000038,17.75,235667,0,1,16.97615805,yahoo_bootstrap
2025-08-06,17.70000076,17.85000038,17.64999962,17.75,150043,0,1,16.97615805,yahoo_bootstrap
2025-08-07,17.75,17.89999962,17.75,17.85000038,282200,0,1,17.07179875,yahoo_bootstrap
2025-08-08,17.89999962,18.70000076,17.89999962,18.39999962,947000,0,1,17.59781982,yahoo_bootstrap
2025-08-11,18.35000038,18.5,18.20000076,18.45000076,261130,0,1,17.64564107,yahoo_bootstrap
2025-08-12,18.45000076,18.70000076,18.39999962,18.54999924,312000,0,1,17.74127994,yahoo_bootstrap
2025-08-13,18.64999962,18.89999962,18.39999962,18.54999924,346235,0,1,17.74127994,yahoo_bootstrap
2025-08-14,18.64999962,18.75,18.5,18.60000038,297256,0,1,17.7891012,yahoo_bootstrap
2025-08-15,18.5,18.5,18.25,18.25,478511,0,1,17.45435969,yahoo_bootstrap
2025-08-18,18.25,18.5,18.25,18.5,310939,0,1,17.69346051,yahoo_bootstrap
2025-08-19,18.64999962,18.75,18.5,18.70000076,398872,0,1,17.88474189,yahoo_bootstrap
2025-08-20,18.70000076,18.85000038,18.64999962,18.64999962,514523,0,1,17.83692063,yahoo_bootstrap
2025-08-21,18.64999962,18.79999924,18.54999924,18.54999924,361237,0,1,17.74127994,yahoo_bootstrap
2025-08-22,18.60000038,18.60000038,18.29999924,18.35000038,498994,0,1,17.55000038,yahoo_bootstrap
2025-08-25,18.60000038,18.60000038,18.29999924,18.39999962,565298,0,1,17.59781982,yahoo_bootstrap
2025-08-26,18.45000076,18.5,18.35000038,18.35000038,533800,0,1,17.55000038,yahoo_bootstrap
2025-08-27,17.45000076,17.5,17.29999924,17.35000038,938970,0.8,1,17.35000038,yahoo_bootstrap
2025-08-28,17.39999962,17.39999962,17,17.10000038,449050,0,1,17.10000038,yahoo_bootstrap
2025-08-29,17.20000076,17.20000076,16.89999962,16.95000076,454732,0,1,16.95000076,yahoo_bootstrap
2025-09-01,17,17.10000038,16.70000076,16.70000076,404479,0,1,16.70000076,yahoo_bootstrap
2025-09-02,16.70000076,16.75,16.60000038,16.70000076,303228,0,1,16.70000076,yahoo_bootstrap
2025-09-03,16.70000076,16.79999924,16.54999924,16.60000038,386013,0,1,16.60000038,yahoo_bootstrap
2025-09-04,16.70000076,16.75,16.60000038,16.64999962,393403,0,1,16.64999962,yahoo_bootstrap
2025-09-05,16.70000076,16.75,16.60000038,16.70000076,252133,0,1,16.70000076,yahoo_bootstrap
2025-09-08,16.70000076,16.79999924,16.60000038,16.60000038,247950,0,1,16.60000038,yahoo_bootstrap
2025-09-09,16.60000038,16.70000076,16.60000038,16.64999962,211190,0,1,16.64999962,yahoo_bootstrap
2025-09-10,16.64999962,16.64999962,16.39999962,16.5,689101,0,1,16.5,yahoo_bootstrap
2025-09-11,16.45000076,16.45000076,16.10000038,16.20000076,814950,0,1,16.20000076,yahoo_bootstrap
2025-09-12,16.25,16.29999924,16.10000038,16.25,417231,0,1,16.25,yahoo_bootstrap
2025-09-15,16.20000076,16.25,16.14999962,16.20000076,138158,0,1,16.20000076,yahoo_bootstrap
2025-09-16,16.20000076,16.29999924,16.14999962,16.20000076,313500,0,1,16.20000076,yahoo_bootstrap
2025-09-17,16.20000076,16.39999962,16.20000076,16.20000076,286048,0,1,16.20000076,yahoo_bootstrap
2025-09-18,16.25,16.39999962,16.20000076,16.25,472949,0,1,16.25,yahoo_bootstrap
2025-09-19,16.25,16.29999924,16.20000076,16.20000076,233015,0,1,16.20000076,yahoo_bootstrap
2025-09-22,16.20000076,16.45000076,16.20000076,16.25,237914,0,1,16.25,yahoo_bootstrap
2025-09-23,16.25,16.29999924,16.14999962,16.20000076,354002,0,1,16.20000076,yahoo_bootstrap
2025-09-24,16.25,16.29999924,16.14999962,16.29999924,212098,0,1,16.29999924,yahoo_bootstrap
2025-09-25,16.29999924,16.5,16.29999924,16.39999962,275035,0,1,16.39999962,yahoo_bootstrap
2025-09-26,16.45000076,16.45000076,16.20000076,16.25,212327,0,1,16.25,yahoo_bootstrap
2025-09-30,16.29999924,16.39999962,16.20000076,16.39999962,197703,0,1,16.39999962,yahoo_bootstrap
2025-10-01,16.35000038,16.35000038,16.29999924,16.29999924,99545,0,1,16.29999924,yahoo_bootstrap
2025-10-02,16.35000038,16.60000038,16.35000038,16.39999962,249285,0,1,16.39999962,yahoo_bootstrap
2025-10-03,16.39999962,16.54999924,16.25,16.39999962,178582,0,1,16.39999962,yahoo_bootstrap
2025-10-07,16.39999962,16.64999962,16.25,16.5,222614,0,1,16.5,yahoo_bootstrap
2025-10-08,16.5,16.54999924,16.35000038,16.5,158029,0,1,16.5,yahoo_bootstrap
2025-10-09,16.5,16.60000038,16.39999962,16.5,199580,0,1,16.5,yahoo_bootstrap
2025-10-13,16.39999962,16.79999924,16.20000076,16.75,514010,0,1,16.75,yahoo_bootstrap
2025-10-14,16.75,16.95000076,16.64999962,16.75,578352,0,1,16.75,yahoo_bootstrap
2025-10-15,16.64999962,16.89999962,16.64999962,16.79999924,165000,0,1,16.79999924,yahoo_bootstrap
2025-10-16,16.85000038,17,16.70000076,16.79999924,181066,0,1,16.79999924,yahoo_bootstrap
2025-10-17,16.95000076,17.35000038,16.85000038,16.89999962,676020,0,1,16.89999962,yahoo_bootstrap
2025-10-20,16.89999962,17.04999924,16.75,16.85000038,257322,0,1,16.85000038,yahoo_bootstrap
2025-10-21,17,17,16.79999924,16.85000038,133407,0,1,16.85000038,yahoo_bootstrap
2025-10-22,16.95000076,17.20000076,16.89999962,17.10000038,433945,0,1,17.10000038,yahoo_bootstrap
2025-10-23,17.10000038,17.14999962,16.95000076,17,122342,0,1,17,yahoo_bootstrap
2025-10-27,17.04999924,17.10000038,16.89999962,16.95000076,175344,0,1,16.95000076,yahoo_bootstrap
2025-10-28,16.95000076,17.10000038,16.70000076,16.75,302168,0,1,16.75,yahoo_bootstrap
2025-10-29,16.79999924,16.89999962,16.75,16.79999924,300278,0,1,16.79999924,yahoo_bootstrap
2025-10-30,16.79999924,16.79999924,16.60000038,16.79999924,206662,0,1,16.79999924,yahoo_bootstrap
2025-10-31,16.79999924,16.79999924,16.60000038,16.64999962,223174,0,1,16.64999962,yahoo_bootstrap
2025-11-03,16.64999962,16.70000076,16.5,16.60000038,272341,0,1,16.60000038,yahoo_bootstrap
2025-11-04,16.60000038,16.64999962,16.5,16.5,217171,0,1,16.5,yahoo_bootstrap
2025-11-05,16.35000038,16.45000076,16.25,16.39999962,209075,0,1,16.39999962,yahoo_bootstrap
2025-11-06,16.39999962,16.85000038,16.39999962,16.85000038,308085,0,1,16.85000038,yahoo_bootstrap
2025-11-07,16.75,16.75,16.60000038,16.64999962,112303,0,1,16.64999962,yahoo_bootstrap
2025-11-10,16.64999962,16.79999924,16.54999924,16.64999962,131800,0,1,16.64999962,yahoo_bootstrap
2025-11-11,16.79999924,16.79999924,16.60000038,16.70000076,131227,0,1,16.70000076,yahoo_bootstrap
2025-11-12,16.70000076,16.89999962,16.64999962,16.85000038,299000,0,1,16.85000038,yahoo_bootstrap
2025-11-13,16.85000038,16.95000076,16.75,16.85000038,315299,0,1,16.85000038,yahoo_bootstrap
2025-11-14,16.79999924,17,16.75,16.85000038,293279,0,1,16.85000038,yahoo_bootstrap
2025-11-17,16.89999962,17,16.64999962,16.75,265108,0,1,16.75,yahoo_bootstrap
2025-11-18,16.75,16.79999924,16.5,16.60000038,229400,0,1,16.60000038,yahoo_bootstrap
2025-11-19,16.75,16.75,16.5,16.60000038,225171,0,1,16.60000038,yahoo_bootstrap
2025-11-20,16.60000038,16.75,16.54999924,16.60000038,227129,0,1,16.60000038,yahoo_bootstrap
2025-11-21,16.70000076,16.75,16.35000038,16.39999962,369003,0,1,16.39999962,yahoo_bootstrap
2025-11-24,16.54999924,16.54999924,16.35000038,16.5,216312,0,1,16.5,yahoo_bootstrap
2025-11-25,16.54999924,16.79999924,16.29999924,16.60000038,319821,0,1,16.60000038,yahoo_bootstrap
2025-11-26,16.60000038,16.75,16.60000038,16.70000076,101150,0,1,16.70000076,yahoo_bootstrap
2025-11-27,16.64999962,16.85000038,16.60000038,16.75,145010,0,1,16.75,yahoo_bootstrap
2025-11-28,16.70000076,16.79999924,16.64999962,16.75,78579,0,1,16.75,yahoo_bootstrap
2025-12-01,16.70000076,16.75,16.64999962,16.70000076,177307,0,1,16.70000076,yahoo_bootstrap
2025-12-02,16.64999962,16.95000076,16.64999962,16.89999962,500488,0,1,16.89999962,yahoo_bootstrap
2025-12-03,16.95000076,16.95000076,16.85000038,16.95000076,210419,0,1,16.95000076,yahoo_bootstrap
2025-12-04,16.95000076,17.10000038,16.85000038,16.95000076,245441,0,1,16.95000076,yahoo_bootstrap
2025-12-05,16.85000038,16.95000076,16.75,16.95000076,120000,0,1,16.95000076,yahoo_bootstrap
2025-12-08,17.5,17.5,16.70000076,16.79999924,411574,0,1,16.79999924,yahoo_bootstrap
2025-12-09,16.79999924,16.85000038,16.64999962,16.70000076,204078,0,1,16.70000076,yahoo_bootstrap
2025-12-10,16.75,16.75,16.60000038,16.64999962,149020,0,1,16.64999962,yahoo_bootstrap
2025-12-11,16.60000038,16.75,16.54999924,16.70000076,375417,0,1,16.70000076,yahoo_bootstrap
2025-12-12,16.85000038,16.85000038,16.64999962,16.75,174100,0,1,16.75,yahoo_bootstrap
2025-12-15,16.75,16.79999924,16.64999962,16.75,137884,0,1,16.75,yahoo_bootstrap
2025-12-16,16.64999962,16.75,16.60000038,16.75,188300,0,1,16.75,yahoo_bootstrap
2025-12-17,16.79999924,16.79999924,16.70000076,16.70000076,161827,0,1,16.70000076,yahoo_bootstrap
2025-12-18,16.70000076,16.75,16.70000076,16.75,103048,0,1,16.75,yahoo_bootstrap
2025-12-19,16.75,16.79999924,16.70000076,16.75,175300,0,1,16.75,yahoo_bootstrap
2025-12-22,16.79999924,16.85000038,16.70000076,16.70000076,130080,0,1,16.70000076,yahoo_bootstrap
2025-12-23,16.70000076,16.79999924,16.70000076,16.70000076,207046,0,1,16.70000076,yahoo_bootstrap
2025-12-24,16.70000076,16.70000076,16.60000038,16.64999962,141169,0,1,16.64999962,yahoo_bootstrap
2025-12-26,16.64999962,16.70000076,16.60000038,16.64999962,141122,0,1,16.64999962,yahoo_bootstrap
2025-12-29,16.64999962,16.79999924,16.60000038,16.79999924,239001,0,1,16.79999924,yahoo_bootstrap
2025-12-30,16.79999924,16.79999924,16.64999962,16.70000076,163070,0,1,16.70000076,yahoo_bootstrap
2025-12-31,16.75,16.75,16.64999962,16.64999962,158303,0,1,16.64999962,yahoo_bootstrap
2026-01-02,16.64999962,16.70000076,16.5,16.60000038,351049,0,1,16.60000038,yahoo_bootstrap
2026-01-05,16.60000038,16.75,16.39999962,16.60000038,779757,0,1,16.60000038,yahoo_bootstrap
2026-01-06,16.70000076,16.75,16.54999924,16.64999962,390753,0,1,16.64999962,yahoo_bootstrap
2026-01-07,16.75,17.10000038,16.70000076,16.89999962,771292,0,1,16.89999962,yahoo_bootstrap
2026-01-08,16.95000076,17.10000038,16.85000038,16.89999962,423611,0,1,16.89999962,yahoo_bootstrap
2026-01-09,17.10000038,17.10000038,16.79999924,16.89999962,227201,0,1,16.89999962,yahoo_bootstrap
2026-01-12,16.89999962,17,16.85000038,16.89999962,272004,0,1,16.89999962,yahoo_bootstrap
2026-01-13,16.89999962,16.95000076,16.79999924,16.89999962,242539,0,1,16.89999962,yahoo_bootstrap
2026-01-14,16.95000076,17.14999962,16.95000076,17.04999924,476326,0,1,17.04999924,yahoo_bootstrap
2026-01-15,17.04999924,17.20000076,16.89999962,17.14999962,507046,0,1,17.14999962,yahoo_bootstrap
2026-01-16,17.14999962,17.35000038,17.04999924,17.25,752554,0,1,17.25,yahoo_bootstrap
2026-01-19,17.20000076,17.35000038,17.20000076,17.20000076,493589,0,1,17.20000076,yahoo_bootstrap
2026-01-20,17.20000076,17.20000076,17,17,573404,0,1,17,yahoo_bootstrap
2026-01-21,16.89999962,16.95000076,16.85000038,16.89999962,251811,0,1,16.89999962,yahoo_bootstrap
2026-01-22,17.04999924,17.04999924,16.89999962,16.89999962,340398,0,1,16.89999962,yahoo_bootstrap
2026-01-23,16.95000076,17.14999962,16.95000076,17.14999962,250900,0,1,17.14999962,yahoo_bootstrap
2026-01-26,17.20000076,17.39999962,17.14999962,17.29999924,537223,0,1,17.29999924,yahoo_bootstrap
2026-01-27,17.29999924,17.45000076,17.10000038,17.20000076,349357,0,1,17.20000076,yahoo_bootstrap
2026-01-28,17.20000076,17.29999924,17,17.25,339573,0,1,17.25,yahoo_bootstrap
2026-01-29,17.20000076,17.25,17.14999962,17.25,211166,0,1,17.25,yahoo_bootstrap
2026-01-30,17.25,17.25,17,17,335031,0,1,17,yahoo_bootstrap
2026-02-02,17,17,16.75,16.75,306689,0,1,16.75,yahoo_bootstrap
2026-02-03,16.85000038,16.95000076,16.70000076,16.75,350978,0,1,16.75,yahoo_bootstrap
2026-02-04,16.75,17,16.75,16.89999962,252122,0,1,16.89999962,yahoo_bootstrap
2026-02-05,16.85000038,17.04999924,16.85000038,17,358184,0,1,17,yahoo_bootstrap
2026-02-06,16.89999962,16.95000076,16.64999962,16.79999924,372003,0,1,16.79999924,yahoo_bootstrap
2026-02-09,16.85000038,16.85000038,16.70000076,16.75,212272,0,1,16.75,yahoo_bootstrap
2026-02-10,16.79999924,16.79999924,16.60000038,16.64999962,312139,0,1,16.64999962,yahoo_bootstrap
2026-02-11,16.64999962,16.79999924,16.64999962,16.64999962,276973,0,1,16.64999962,yahoo_bootstrap
2026-02-23,16.60000038,16.79999924,16.60000038,16.64999962,726846,0,1,16.64999962,yahoo_bootstrap
2026-02-24,16.70000076,16.85000038,16.70000076,16.75,577711,0,1,16.75,yahoo_bootstrap
2026-02-25,16.79999924,16.85000038,16.70000076,16.79999924,524763,0,1,16.79999924,yahoo_bootstrap
2026-02-26,16.79999924,16.85000038,16.60000038,16.70000076,632064,0,1,16.70000076,yahoo_bootstrap
2026-03-02,16.70000076,17.25,16.70000076,17.14999962,1058384,0,1,17.14999962,yahoo_bootstrap
2026-03-03,17.20000076,17.25,16.85000038,16.85000038,304164,0,1,16.85000038,yahoo_bootstrap
2026-03-04,16.70000076,16.70000076,16.39999962,16.39999962,866004,0,1,16.39999962,yahoo_bootstrap
2026-03-05,16.70000076,16.70000076,16.5,16.64999962,279162,0,1,16.64999962,yahoo_bootstrap
2026-03-06,16.54999924,17.29999924,16.54999924,17.14999962,946300,0,1,17.14999962,yahoo_bootstrap
2026-03-09,17.25,17.95000076,16.79999924,17,1002017,0,1,17,yahoo_bootstrap
2026-03-10,17.04999924,17.04999924,16.79999924,16.85000038,441155,0,1,16.85000038,yahoo_bootstrap
2026-03-11,17.04999924,17.04999924,16.85000038,16.89999962,248375,0,1,16.89999962,yahoo_bootstrap
2026-03-12,17.10000038,17.60000038,17.10000038,17.39999962,1646423,0,1,17.39999962,yahoo_bootstrap
2026-03-13,17.5,17.60000038,17.10000038,17.10000038,1048024,0,1,17.10000038,yahoo_bootstrap
2026-03-16,17.20000076,18.64999962,17.20000076,18.29999924,5003089,0,1,18.29999924,yahoo_bootstrap
2026-03-17,18.25,18.29999924,17.95000076,18.04999924,1974802,0,1,18.04999924,yahoo_bootstrap
2026-03-18,18.29999924,18.29999924,18.04999924,18.29999924,821575,0,1,18.29999924,yahoo_bootstrap
2026-03-19,18.29999924,18.89999962,18.10000038,18.75,2279942,0,1,18.75,yahoo_bootstrap
2026-03-20,18.70000076,18.70000076,18.04999924,18.20000076,1782773,0,1,18.20000076,yahoo_bootstrap
2026-03-23,17.95000076,18.35000038,17.89999962,18.20000076,1032035,0,1,18.20000076,yahoo_bootstrap
2026-03-24,18.20000076,18.29999924,18.04999924,18.10000038,641155,0,1,18.10000038,yahoo_bootstrap
2026-03-25,18.10000038,18.14999962,17.89999962,17.89999962,652626,0,1,17.89999962,yahoo_bootstrap
2026-03-26,18,18.25,18,18.04999924,524085,0,1,18.04999924,yahoo_bootstrap
2026-03-27,18.10000038,18.54999924,18,18.20000076,788021,0,1,18.20000076,yahoo_bootstrap
2026-03-30,18.20000076,18.54999924,18.14999962,18.25,751109,0,1,18.25,yahoo_bootstrap
2026-03-31,18.25,18.35000038,17.79999924,17.79999924,907795,0,1,17.79999924,yahoo_bootstrap
2026-04-01,18,18.35000038,17.89999962,18.10000038,306552,0,1,18.10000038,yahoo_bootstrap
2026-04-02,18.29999924,18.29999924,17.79999924,17.79999924,428282,0,1,17.79999924,yahoo_bootstrap
2026-04-07,17.89999962,18.10000038,17.89999962,18,293003,0,1,18,yahoo_bootstrap
2026-04-08,17.89999962,18.04999924,17.89999962,17.95000076,411850,0,1,17.95000076,yahoo_bootstrap
2026-04-09,18.10000038,18.35000038,17.95000076,18.29999924,442485,0,1,18.29999924,yahoo_bootstrap
2026-04-10,18.39999962,18.5,18.14999962,18.39999962,750100,0,1,18.39999962,yahoo_bootstrap
2026-04-13,18.64999962,19.45000076,18.60000038,19.20000076,3277516,0,1,19.20000076,yahoo_bootstrap
2026-04-14,19.20000076,19.89999962,18.89999962,19.35000038,1942071,0,1,19.35000038,yahoo_bootstrap
2026-04-15,19.35000038,19.35000038,19.04999924,19.10000038,920004,0,1,19.10000038,yahoo_bootstrap
2026-04-16,19.25,19.25,18.95000076,19.10000038,609717,0,1,19.10000038,yahoo_bootstrap
2026-04-17,19.20000076,19.25,18.89999962,18.95000076,786439,0,1,18.95000076,yahoo_bootstrap
2026-04-20,19.04999924,19.20000076,18.85000038,18.95000076,632001,0,1,18.95000076,yahoo_bootstrap
2026-04-21,19.10000038,19.10000038,18.95000076,19.04999924,391758,0,1,19.04999924,yahoo_bootstrap
2026-04-22,19.14999962,19.14999962,18.85000038,18.89999962,404264,0,1,18.89999962,yahoo_bootstrap
2026-04-23,19,19,18.45000076,18.60000038,1032072,0,1,18.60000038,yahoo_bootstrap
2026-04-24,18.64999962,18.79999924,18.5,18.64999962,445132,0,1,18.64999962,yahoo_bootstrap
2026-04-27,18.75,19.10000038,18.45000076,19.10000038,758916,0,1,19.10000038,yahoo_bootstrap
2026-04-28,19.39999962,19.39999962,18.95000076,19.10000038,510091,0,1,19.10000038,yahoo_bootstrap
2026-04-29,19.10000038,19.10000038,18.85000038,18.89999962,302540,0,1,18.89999962,yahoo_bootstrap
2026-04-30,19,19,18.64999962,18.64999962,385793,0,1,18.64999962,yahoo_bootstrap
2026-05-04,18.64999962,18.70000076,18.54999924,18.60000038,374402,0,1,18.60000038,yahoo_bootstrap
2026-05-05,18.60000038,18.64999962,18.39999962,18.5,566536,0,1,18.5,yahoo_bootstrap
2026-05-06,18.5,18.75,18.5,18.54999924,422620,0,1,18.54999924,yahoo_bootstrap
2026-05-07,18.5,18.54999924,18.45000076,18.5,493106,0,1,18.5,yahoo_bootstrap
2026-05-08,18.5,18.79999924,18.5,18.64999962,473935,0,1,18.64999962,yahoo_bootstrap
2026-05-11,18.70000076,18.89999962,18.39999962,18.5,774538,0,1,18.5,yahoo_bootstrap
2026-05-12,18.5,18.5,18.14999962,18.20000076,458500,0,1,18.20000076,yahoo_bootstrap
2026-05-13,18.60000038,18.64999962,18.45000076,18.45000076,547231,0,1,18.45000076,yahoo_bootstrap
2026-05-14,18.54999924,18.60000038,18.35000038,18.39999962,463216,0,1,18.39999962,yahoo_bootstrap
2026-05-15,18.39999962,18.39999962,18,18.20000076,1113545,0,1,18.20000076,yahoo_bootstrap
2026-05-18,18.10000038,18.25,17.85000038,18,1063237,0,1,18,yahoo_bootstrap
2026-05-19,17.95000076,18.35000038,17.95000076,18.25,466000,0,1,18.25,yahoo_bootstrap
2026-05-20,18.29999924,18.29999924,18.04999924,18.14999962,521223,0,1,18.14999962,yahoo_bootstrap
2026-05-21,18.35000038,18.5,18.25,18.39999962,430132,0,1,18.39999962,yahoo_bootstrap
2026-05-22,18.39999962,18.5,18.29999924,18.39999962,569180,0,1,18.39999962,yahoo_bootstrap
2026-05-25,18.39999962,19.14999962,18.25,19.14999962,1655615,0,1,19.14999962,yahoo_bootstrap
2026-05-26,19.14999962,19.29999924,18.85000038,19.25,973041,0,1,19.25,yahoo_bootstrap
2026-05-27,19.25,19.70000076,19.14999962,19.20000076,2078219,0,1,19.20000076,yahoo_bootstrap
2026-05-28,19.29999924,19.75,19.10000038,19.60000038,1348400,0,1,19.60000038,yahoo_bootstrap
2026-05-29,19.79999924,19.79999924,19.25,19.39999962,730080,0,1,19.39999962,yahoo_bootstrap
2026-06-01,19.25,19.70000076,19.14999962,19.5,1021408,0,1,19.5,yahoo_bootstrap
2026-06-02,19.79999924,20,19.5,19.75,1609946,0,1,19.75,yahoo_bootstrap
2026-06-03,19.95000076,20.45000076,19.70000076,20.14999962,2351439,0,1,20.14999962,yahoo_bootstrap
2026-06-04,20.20000076,21.25,20.20000076,20.70000076,4128784,0,1,20.70000076,yahoo_bootstrap
2026-06-05,20.45000076,20.5,20,20.20000076,1361651,0,1,20.20000076,yahoo_bootstrap
2026-06-08,19.39999962,20.20000076,19.29999924,20,1402001,0,1,20,yahoo_bootstrap
2026-06-09,20.14999962,20.5,20.10000038,20.25,1121638,0,1,20.25,yahoo_bootstrap
2026-06-10,20.60000038,21.70000076,20.5,21.14999962,4980298,0,1,21.14999962,yahoo_bootstrap
2026-06-11,21.14999962,21.14999962,20.54999924,20.85000038,1826004,0,1,20.85000038,yahoo_bootstrap
2026-06-12,21.20000076,21.70000076,21.20000076,21.35000038,1697395,0,1,21.35000038,yahoo_bootstrap
2026-06-15,21.5,21.54999924,21,21.14999962,1541420,0,1,21.14999962,yahoo_bootstrap
2026-06-16,21.14999962,21.5,20.70000076,20.79999924,1409105,0,1,20.79999924,yahoo_bootstrap
2026-06-17,20.79999924,20.95000076,20.64999962,20.95000076,965000,0,1,20.95000076,yahoo_bootstrap
2026-06-18,21.20000076,21.54999924,20.95000076,21.25,1560699,0,1,21.25,yahoo_bootstrap
2026-06-22,22.14999962,22.14999962,21.25,21.5,1566552,0,1,21.5,yahoo_bootstrap
2026-06-23,21.5,21.5,20.89999962,21.14999962,834192,0,1,21.14999962,yahoo_bootstrap
2026-06-24,20.85000038,21.45000076,20.85000038,21.29999924,662025,0,1,21.29999924,yahoo_bootstrap
2026-06-25,21.20000076,21.70000076,21.20000076,21.39999962,1380647,0,1,21.39999962,yahoo_bootstrap
2026-06-26,21.20000076,21.5,21,21.04999924,1220858,0,1,21.04999924,yahoo_bootstrap
2026-06-29,21.10000038,21.39999962,21.10000038,21.29999924,697004,0,1,21.29999924,yahoo_bootstrap
2026-06-30,21.54999924,22,21.35000038,21.95000076,2084751,0,1,21.95000076,yahoo_bootstrap
2026-07-01,22.25,23.89999962,22.10000038,23.20000076,7377616,0,1,23.20000076,yahoo_bootstrap
2026-07-02,22.64999962,23.39999962,22.60000038,23.39999962,2874588,0,1,23.39999962,yahoo_bootstrap
2026-07-03,23.5,24.45000076,23.39999962,23.70000076,4667881,0,1,23.70000076,yahoo_bootstrap
2026-07-06,24.45000076,25.45000076,24.10000038,24.85000038,5954351,0,1,24.85000038,yahoo_bootstrap
2026-07-07,24.29999924,25.14999962,24.04999924,24.5,5195160,0,1,24.5,yahoo_bootstrap
2026-07-08,24.54999924,24.75,23.39999962,23.95000076,2812939,0,1,23.95000076,yahoo_bootstrap
2026-07-09,23.95000076,25,23.5,24.39999962,3836222,0,1,24.39999962,yahoo_bootstrap
2026-07-10,24.39999962,24.39999962,24.39999962,24.39999962,0,0,1,24.39999962,yahoo_bootstrap
2026-07-13,26.29999924,26.79999924,25.70000076,26.79999924,18660718,0,1,26.79999924,yahoo_bootstrap
2026-07-14,28.29999924,28.29999924,26.79999924,28.04999924,16804140,0,1,28.04999924,yahoo_bootstrap
2026-07-15,28.04999924,28.10000038,25.85000038,27.35000038,11000709,0,1,27.35000038,yahoo_bootstrap
2026-07-16,27.5,27.85000038,26.70000076,27.20000076,4883846,0,1,27.20000076,yahoo_bootstrap
2026-07-17,26.70000076,27.89999962,25.95000076,26.04999924,5862355,0,1,26.04999924,yahoo_bootstrap
2026-07-20,25.79999924,27,25.54999924,26.20000076,4361035,0,1,26.20000076,yahoo_bootstrap
2026-07-21,26.39999962,28.60000038,26.29999924,28.10000038,8751680,0,1,28.10000038,yahoo_bootstrap
2026-07-22,27.54999924,28.29999924,27.25,27.89999962,5205470,0,1,27.89999962,yahoo_bootstrap
2026-07-23,28.10000038,28.5,27.10000038,27.20000076,4641591,0,1,27.20000076,yahoo_bootstrap
2026-07-24,27.20000076,28.29999924,26.14999962,26.25,5128520,0,1,26.25,yahoo_bootstrap
2026-07-27,26.54999924,27,25.75,25.95000076,2476306,0,1,25.95000076,yahoo_daily
2026-07-28,24.60000038,25.39999962,24.29999924,24.54999924,4768162,0,1,24.54999924,yahoo_daily
2026-07-29,24.45000076,24.79999924,23.54999924,24,3766752,0,1,24,yahoo_daily
2026-07-30,23.89999962,24,22.54999924,22.54999924,3068273,0,1,22.54999924,yahoo_daily
2026-07-31,23.5,23.64999962,22.70000076,23.10000038,2522999,0,1,23.10000038,yahoo_daily
2026-08-03,23.20000076,23.54999924,22.70000076,22.95000076,1364120,0,1,22.95000076,yahoo_daily
2026-08-04,22.95000076,25.20000076,22.64999962,25.20000076,3875701,0,1,25.20000076,yahoo_daily
2026-08-05,25.45000076,26.79999924,25.20000076,26.20000076,5341807,0,1,26.20000076,yahoo_daily
2026-08-06,26.20000076,28.29999924,25.79999924,27.64999962,7572913,0,1,27.64999962,yahoo_daily
2026-08-07,27.79999924,28.45000076,27.35000038,27.79999924,4742764,0,1,27.79999924,yahoo_daily
2026-08-10,28.29999924,28.54999924,27,27.29999924,5125963,0,1,27.29999924,yahoo_daily
2026-08-11,26.75,27.70000076,26.20000076,27.39999962,4254357,0,1,27.39999962,yahoo_daily
2026-08-12,27.45000076,28.29999924,27.04999924,28,5136610,0,1,28,yahoo_daily
2026-08-13,28.5,30.79999924,28.14999962,30.64999962,24645550,0,1,30.64999962,yahoo_daily
2026-08-14,29.89999962,32.20000076,29.5,30.35000038,13421711,0,1,30.35000038,yahoo_daily
2026-08-17,30.89999962,33.34999847,30.54999924,32.75,13677701,0,1,32.75,yahoo_daily
2026-08-18,32.54999924,33.25,30.95000076,32.70000076,7811652,0,1,32.70000076,yahoo_daily
2026-08-19,32,33.84999847,31.85000038,32.54999924,6408734,0,1,32.54999924,yahoo_daily
2026-08-20,32.54999924,32.59999847,30.10000038,30.29999924,8485348,0,1,30.29999924,yahoo_daily
2026-08-21,30.79999924,33.29999924,30.60000038,33.29999924,15164234,0,1,33.29999924,yahoo_daily
2026-08-24,34.25,36.29999924,33.54999924,34.65000153,20579256,0,1,34.65000153,yahoo_daily
2026-08-25,34.40000153,35,32.79999924,33.75,8275208,0,1,33.75,yahoo_daily
2026-08-26,35,37.09999847,33.15000153,37.09999847,19562185,0,1,37.09999847,yahoo_daily
