date,open,high,low,close,volume,dividend,split_factor,adjusted_close,source
2021-08-27,18.39999962,18.60000038,18.25,18.5,713264,0,1,17.32465708,yahoo_bootstrap
2021-08-30,18.60000038,18.79999924,18.54999924,18.60000038,746621,0,1,17.41830423,yahoo_bootstrap
2021-08-31,18.79999924,19.10000038,18.70000076,19,1990763,0,1,17.79289105,yahoo_bootstrap
2021-09-01,19,19.10000038,18.85000038,18.89999962,1221890,0,1,17.6992439,yahoo_bootstrap
2021-09-02,18.85000038,18.85000038,18.5,18.64999962,1112794,0,1,17.46512691,yahoo_bootstrap
2021-09-03,18.79999924,18.85000038,18.60000038,18.79999924,1295300,0,1,17.60559675,yahoo_bootstrap
2021-09-06,18.79999924,20.04999924,18.75,19.64999962,13731131,0,1,18.40159486,yahoo_bootstrap
2021-09-07,19.70000076,19.95000076,18.95000076,19.89999962,15686242,0,1,18.63571185,yahoo_bootstrap
2021-09-08,19.39999962,19.75,19.25,19.45000076,4729004,0,1,18.21430234,yahoo_bootstrap
2021-09-09,19.29999924,20.85000038,19.25,20.70000076,21520367,0,1,19.38488728,yahoo_bootstrap
2021-09-10,21.20000076,21.25,20.10000038,20.54999924,21532445,0,1,19.24441566,yahoo_bootstrap
2021-09-13,21.14999962,22.60000038,20.89999962,22.60000038,54359235,0,1,21.16417603,yahoo_bootstrap
2021-09-14,23,24.85000038,22.60000038,24.85000038,187713442,0,1,23.27122891,yahoo_bootstrap
2021-09-15,25.64999962,27.29999924,25.39999962,27.29999924,299170435,0,1,25.56557432,yahoo_bootstrap
2021-09-16,28.14999962,28.85000038,26.20000076,26.54999924,367381575,0,1,24.86322336,yahoo_bootstrap
2021-09-17,26,26.45000076,24.25,24.70000076,140462976,0,1,23.13075908,yahoo_bootstrap
2021-09-22,24.54999924,27.10000038,24.20000076,26.64999962,193552398,0,1,24.95687051,yahoo_bootstrap
2021-09-23,26.70000076,27.5,26.29999924,26.79999924,161322339,0,1,25.09734035,yahoo_bootstrap
2021-09-24,27,27.5,25.45000076,25.54999924,81286197,0,1,23.92675541,yahoo_bootstrap
2021-09-27,25.5,27.39999962,25.5,26.70000076,87048394,0,1,25.00369498,yahoo_bootstrap
2021-09-28,26.35000038,26.45000076,25.04999924,25.35000038,54458501,0,1,23.73946289,yahoo_bootstrap
2021-09-29,24.85000038,26,24.60000038,25.10000038,56427578,0,1,23.5053459,yahoo_bootstrap
2021-09-30,25.10000038,25.64999962,24.85000038,25.64999962,41254761,0,1,24.02040256,yahoo_bootstrap
2021-10-01,24.89999962,25.39999962,23.79999924,25,40159604,0,1,23.41169875,yahoo_bootstrap
2021-10-04,25.14999962,25.64999962,24,24,36395362,0,1,22.4752308,yahoo_bootstrap
2021-10-05,23.10000038,25.70000076,23.10000038,24.75,80245047,0,1,23.17758176,yahoo_bootstrap
2021-10-06,24.75,26.39999962,24.75,26,138014044,0,1,24.3481667,yahoo_bootstrap
2021-10-07,25.89999962,26.70000076,25.20000076,26,141224256,0,1,24.3481667,yahoo_bootstrap
2021-10-08,25.89999962,26.35000038,25.20000076,25.29999924,48492538,0,1,23.69263842,yahoo_bootstrap
2021-10-12,25.10000038,26.25,25.10000038,25.85000038,55003812,0,1,24.20769686,yahoo_bootstrap
2021-10-13,25.64999962,27.89999962,25.54999924,26.75,206321948,0,1,25.05051766,yahoo_bootstrap
2021-10-14,27.25,28.89999962,24.89999962,25.04999924,314259942,0,1,23.45852144,yahoo_bootstrap
2021-10-15,25.39999962,26.54999924,25.04999924,26.5,118835328,0,1,24.81640068,yahoo_bootstrap
2021-10-18,26.5,27.45000076,26.14999962,27.04999924,119503793,0,1,25.33145734,yahoo_bootstrap
2021-10-19,27.04999924,27.25,25.95000076,26.5,98060058,0,1,24.81640068,yahoo_bootstrap
2021-10-20,26.70000076,26.95000076,26,26.54999924,50165316,0,1,24.86322336,yahoo_bootstrap
2021-10-21,26.54999924,26.75,25.79999924,26.39999962,43654256,0,1,24.72275352,yahoo_bootstrap
2021-10-22,26.45000076,26.5,25,25,39375219,0,1,23.41169875,yahoo_bootstrap
2021-10-25,25,27.10000038,24.70000076,26.54999924,55780080,0,1,24.86322336,yahoo_bootstrap
2021-10-26,26.60000038,26.95000076,25.70000076,25.70000076,41850992,0,1,24.06722703,yahoo_bootstrap
2021-10-27,25.70000076,26.89999962,25.5,26.70000076,40059045,0,1,25.00369498,yahoo_bootstrap
2021-10-28,26.39999962,26.54999924,25.75,25.75,27588311,0,1,24.11404971,yahoo_bootstrap
2021-10-29,26.04999924,26.75,25.39999962,25.54999924,35085165,0,1,23.92675541,yahoo_bootstrap
2021-11-01,26,26.25,25.35000038,25.89999962,27075594,0,1,24.25451955,yahoo_bootstrap
2021-11-02,26,26.25,25.04999924,25.14999962,25434321,0,1,23.55216859,yahoo_bootstrap
2021-11-03,25.14999962,25.70000076,25.04999924,25.5,11966105,0,1,23.87993273,yahoo_bootstrap
2021-11-04,25.5,27.75,25.5,26.70000076,111664550,0,1,25.00369498,yahoo_bootstrap
2021-11-05,26.89999962,29.35000038,26.75,29.35000038,122829625,0,1,27.48533469,yahoo_bootstrap
2021-11-08,30,31.5,27.5,27.5,213897131,0,1,25.75286863,yahoo_bootstrap
2021-11-09,28.10000038,30.25,27.45000076,30.25,133247400,0,1,28.32815549,yahoo_bootstrap
2021-11-10,30.14999962,32.45000076,29,29.39999962,314392802,0,1,27.53215737,yahoo_bootstrap
2021-11-11,29.39999962,30.5,28.5,28.5,126431710,0,1,26.68933658,yahoo_bootstrap
2021-11-12,28.54999924,29.39999962,27.70000076,28,55200422,0,1,26.2211026,yahoo_bootstrap
2021-11-15,28.29999924,28.64999962,27.79999924,28.04999924,31168463,0,1,26.26792529,yahoo_bootstrap
2021-11-16,28.60000038,28.70000076,27.10000038,27.60000038,32048835,0,1,25.84651578,yahoo_bootstrap
2021-11-17,27.79999924,28.45000076,27.39999962,28.10000038,23700031,0,1,26.31474975,yahoo_bootstrap
2021-11-18,27.85000038,28.20000076,27.54999924,27.54999924,11482970,0,1,25.79969131,yahoo_bootstrap
2021-11-19,27.75,28.10000038,27.25,27.45000076,12901715,0,1,25.70604594,yahoo_bootstrap
2021-11-22,27.45000076,27.70000076,27,27.39999962,12528792,0,1,25.65922147,yahoo_bootstrap
2021-11-23,27.70000076,29.60000038,27.5,27.5,81564168,0,1,25.75286863,yahoo_bootstrap
2021-11-24,28.20000076,28.95000076,27.54999924,27.54999924,37244411,0,1,25.79969131,yahoo_bootstrap
2021-11-25,28,28.25,27.5,27.5,13423210,0,1,25.75286863,yahoo_bootstrap
2021-11-26,27.5,27.70000076,26.04999924,26.25,17663752,0,1,24.58228369,yahoo_bootstrap
2021-11-29,26.25,26.5,25.35000038,26.25,12265928,0,1,24.58228369,yahoo_bootstrap
2021-11-30,26.70000076,28.14999962,25.64999962,25.64999962,33784830,0,1,24.02040256,yahoo_bootstrap
2021-12-01,25.75,26.79999924,25.75,26.45000076,19347330,0,1,24.76957799,yahoo_bootstrap
2021-12-02,26.25,27,25.79999924,25.95000076,15723535,0,1,24.30134401,yahoo_bootstrap
2021-12-03,26.29999924,26.54999924,26.10000038,26.14999962,5989031,0,1,24.48863654,yahoo_bootstrap
2021-12-06,26.10000038,26.39999962,25.85000038,26.25,5834314,0,1,24.58228369,yahoo_bootstrap
2021-12-07,26.54999924,26.79999924,26.10000038,26.20000076,7357088,0,1,24.535461,yahoo_bootstrap
2021-12-08,26.70000076,27.5,26.39999962,27,19797824,0,1,25.28463465,yahoo_bootstrap
2021-12-09,27,27.5,26.60000038,26.89999962,10144817,0,1,25.1909875,yahoo_bootstrap
2021-12-10,26.89999962,27.14999962,26.54999924,26.70000076,5687775,0,1,25.00369498,yahoo_bootstrap
2021-12-13,26.89999962,26.89999962,26.14999962,26.20000076,7403200,0,1,24.535461,yahoo_bootstrap
2021-12-14,26.04999924,26.5,25.70000076,25.75,7655695,0,1,24.11404971,yahoo_bootstrap
2021-12-15,25.85000038,26.20000076,25.70000076,26,4319118,0,1,24.3481667,yahoo_bootstrap
2021-12-16,26.29999924,26.39999962,25.85000038,25.89999962,3695123,0,1,24.25451955,yahoo_bootstrap
2021-12-17,25.85000038,26.29999924,25.70000076,25.85000038,4665286,0,1,24.20769686,yahoo_bootstrap
2021-12-20,26.04999924,26.45000076,25.89999962,26.04999924,4930871,0,1,24.39498939,yahoo_bootstrap
2021-12-21,26.04999924,28.10000038,26.04999924,26.95000076,57808932,0,1,25.23781196,yahoo_bootstrap
2021-12-22,27.20000076,27.5,26.54999924,26.54999924,21408773,0,1,24.86322336,yahoo_bootstrap
2021-12-23,26.39999962,26.75,26.20000076,26.25,8616674,0,1,24.58228369,yahoo_bootstrap
2021-12-24,26.45000076,26.60000038,26.20000076,26.20000076,5588540,0,1,24.535461,yahoo_bootstrap
2021-12-27,26.45000076,26.45000076,25.95000076,26.10000038,4661760,0,1,24.44181385,yahoo_bootstrap
2021-12-28,26.35000038,27.14999962,26.29999924,26.45000076,15944068,0,1,24.76957799,yahoo_bootstrap
2021-12-29,26.45000076,28.20000076,26.45000076,27.79999924,41932129,0,1,26.0338083,yahoo_bootstrap
2021-12-30,28.04999924,28.35000038,27.14999962,27.25,28112051,0,1,25.51875164,yahoo_bootstrap
2022-01-03,27.25,29.25,26.85000038,28.39999962,46512810,0,1,26.59568942,yahoo_bootstrap
2022-01-04,28.20000076,28.25,27.54999924,27.79999924,20527959,0,1,26.0338083,yahoo_bootstrap
2022-01-05,27.60000038,27.85000038,26.85000038,27.04999924,14229402,0,1,25.33145734,yahoo_bootstrap
2022-01-06,26.89999962,27.45000076,26.64999962,26.89999962,7310735,0,1,25.1909875,yahoo_bootstrap
2022-01-07,27.5,28.35000038,26.79999924,26.79999924,51266006,0,1,25.09734035,yahoo_bootstrap
2022-01-10,26.79999924,27,26.39999962,26.54999924,7160902,0,1,24.86322336,yahoo_bootstrap
2022-01-11,26.64999962,26.70000076,25.70000076,25.85000038,9789529,0,1,24.20769686,yahoo_bootstrap
2022-01-12,26.20000076,26.29999924,25.5,25.70000076,5325846,0,1,24.06722703,yahoo_bootstrap
2022-01-13,25.85000038,25.95000076,25.54999924,25.60000038,3417914,0,1,23.97357988,yahoo_bootstrap
2022-01-14,25.70000076,25.70000076,24.5,24.60000038,8352933,0,1,23.03711193,yahoo_bootstrap
2022-01-17,24.5,25.25,24.5,25.10000038,3900849,0,1,23.5053459,yahoo_bootstrap
2022-01-18,25.10000038,25.35000038,24.89999962,24.89999962,2756741,0,1,23.3180516,yahoo_bootstrap
2022-01-19,24.95000076,25.10000038,24.70000076,24.70000076,2779323,0,1,23.13075908,yahoo_bootstrap
2022-01-20,24.79999924,24.89999962,24.60000038,24.79999924,2245267,0,1,23.22440445,yahoo_bootstrap
2022-01-21,24.70000076,24.85000038,24.04999924,24.10000038,4707418,0,1,22.56887795,yahoo_bootstrap
2022-01-24,23.79999924,24.04999924,23.20000076,24,4039941,0,1,22.4752308,yahoo_bootstrap
2022-01-25,23.89999962,24.45000076,23.39999962,23.5,4122914,0,1,22.00699683,yahoo_bootstrap
2022-01-26,23.45000076,23.89999962,23.35000038,23.54999924,3323657,0,1,22.05381951,yahoo_bootstrap
2022-02-07,23.85000038,24.45000076,23.64999962,24.45000076,2658849,0,1,22.89664209,yahoo_bootstrap
2022-02-08,24.60000038,25.10000038,24.54999924,24.95000076,2726187,0,1,23.36487606,yahoo_bootstrap
2022-02-09,24.95000076,25.85000038,24.95000076,25.20000076,5317660,0,1,23.59899305,yahoo_bootstrap
2022-02-10,25.60000038,26.14999962,25.20000076,25.79999924,9466455,0,1,24.1608724,yahoo_bootstrap
2022-02-11,25.39999962,25.60000038,25.25,25.39999962,4340902,0,1,23.78628557,yahoo_bootstrap
2022-02-14,25,25.10000038,24.64999962,25.04999924,3376768,0,1,23.45852144,yahoo_bootstrap
2022-02-15,25.14999962,26.54999924,25.10000038,26,12396029,0,1,24.3481667,yahoo_bootstrap
2022-02-16,26.85000038,26.85000038,25.70000076,26,19403592,0,1,24.3481667,yahoo_bootstrap
2022-02-17,25.79999924,26.20000076,25.70000076,25.89999962,5276945,0,1,24.25451955,yahoo_bootstrap
2022-02-18,25.75,26.20000076,25.70000076,26.04999924,3396712,0,1,24.39498939,yahoo_bootstrap
2022-02-21,26.04999924,26.25,25.70000076,25.89999962,3108209,0,1,24.25451955,yahoo_bootstrap
2022-02-22,25.79999924,25.79999924,25.20000076,25.54999924,3667355,0,1,23.92675541,yahoo_bootstrap
2022-02-23,25.79999924,26.39999962,25.75,26.25,6423402,0,1,24.58228369,yahoo_bootstrap
2022-02-24,25.89999962,25.95000076,25.20000076,25.35000038,4756895,0,1,23.73946289,yahoo_bootstrap
2022-02-25,25.75,26.10000038,25.35000038,25.70000076,5274925,0,1,24.06722703,yahoo_bootstrap
2022-03-01,26.14999962,26.64999962,26,26.39999962,6479862,0,1,24.72275352,yahoo_bootstrap
2022-03-02,26.60000038,26.70000076,26.14999962,26.54999924,5480484,0,1,24.86322336,yahoo_bootstrap
2022-03-03,26.75,27,26.45000076,26.64999962,8067849,0,1,24.95687051,yahoo_bootstrap
2022-03-04,26.60000038,26.75,26.35000038,26.45000076,3854799,0,1,24.76957799,yahoo_bootstrap
2022-03-07,26.29999924,26.35000038,25.25,25.39999962,5264505,0,1,23.78628557,yahoo_bootstrap
2022-03-08,25.04999924,25.89999962,24.89999962,24.95000076,4360739,0,1,23.36487606,yahoo_bootstrap
2022-03-09,25.45000076,25.5,25.04999924,25.35000038,2771396,0,1,23.73946289,yahoo_bootstrap
2022-03-10,25.75,26.60000038,25.75,26.45000076,6897339,0,1,24.76957799,yahoo_bootstrap
2022-03-11,25.20000076,25.25,24.79999924,25.14999962,17717928,0,1,23.55216859,yahoo_bootstrap
2022-03-14,25.04999924,25.10000038,24.25,24.54999924,8894612,0,1,22.99028746,yahoo_bootstrap
2022-03-15,24.54999924,24.85000038,23.85000038,23.95000076,7080216,0,1,22.42840811,yahoo_bootstrap
2022-03-16,24.25,24.29999924,23.39999962,23.54999924,4556972,0,1,22.05381951,yahoo_bootstrap
2022-03-17,24,24.75,23.89999962,24.25,6917977,0,1,22.70934779,yahoo_bootstrap
2022-03-18,24.29999924,25.14999962,24,24.60000038,10491075,0,1,23.03711193,yahoo_bootstrap
2022-03-21,24.89999962,25.20000076,24.39999962,24.45000076,4965695,0,1,22.89664209,yahoo_bootstrap
2022-03-22,24.5,25.85000038,24.39999962,25.35000038,20074126,0,1,23.73946289,yahoo_bootstrap
2022-03-23,26.35000038,26.64999962,25.85000038,25.85000038,22617475,0,1,24.20769686,yahoo_bootstrap
2022-03-24,25.85000038,27.79999924,25.75,27.04999924,35799653,0,1,25.33145734,yahoo_bootstrap
2022-03-25,28,28.64999962,26.70000076,26.75,50483568,0,1,25.05051766,yahoo_bootstrap
2022-03-28,26.39999962,27.39999962,26.14999962,26.95000076,16698266,0,1,25.23781196,yahoo_bootstrap
2022-03-29,26.54999924,27.25,26.45000076,27.20000076,16024806,0,1,25.47192895,yahoo_bootstrap
2022-03-30,26.79999924,27.20000076,26.10000038,26.20000076,13583805,0,1,24.535461,yahoo_bootstrap
2022-03-31,26.25,26.60000038,25.89999962,26,6607939,0,1,24.3481667,yahoo_bootstrap
2022-04-01,25.85000038,26.20000076,25.70000076,25.85000038,3734128,0,1,24.20769686,yahoo_bootstrap
2022-04-06,25.85000038,25.89999962,25.39999962,25.64999962,3751817,0,1,24.02040256,yahoo_bootstrap
2022-04-07,25.45000076,25.64999962,24.75,24.79999924,5404892,0,1,23.22440445,yahoo_bootstrap
2022-04-08,25,26.25,24.95000076,26.04999924,13486718,0,1,24.39498939,yahoo_bootstrap
2022-04-11,26.10000038,26.5,25.60000038,25.64999962,10795266,0,1,24.02040256,yahoo_bootstrap
2022-04-12,25.39999962,25.64999962,24.89999962,25.10000038,6277364,0,1,23.5053459,yahoo_bootstrap
2022-04-13,25.10000038,25.29999924,24.95000076,25,3917712,0,1,23.41169875,yahoo_bootstrap
2022-04-14,25.14999962,25.25,24.85000038,25,3166442,0,1,23.41169875,yahoo_bootstrap
2022-04-15,24.89999962,25.10000038,24.35000038,24.39999962,5337904,0,1,22.84981762,yahoo_bootstrap
2022-04-18,24.39999962,24.64999962,23.89999962,24.54999924,3453033,0,1,22.99028746,yahoo_bootstrap
2022-04-19,25.5,25.89999962,24.75,24.75,15567686,0,1,23.17758176,yahoo_bootstrap
2022-04-20,24.79999924,24.95000076,24.35000038,24.45000076,4728100,0,1,22.89664209,yahoo_bootstrap
2022-04-21,24.60000038,24.60000038,24.29999924,24.35000038,2835815,0,1,22.80299494,yahoo_bootstrap
2022-04-22,24.25,24.70000076,24.10000038,24.20000076,4389762,0,1,22.6625251,yahoo_bootstrap
2022-04-25,23.75,23.75,23.04999924,23.35000038,6204350,0,1,21.86652699,yahoo_bootstrap
2022-04-26,23.45000076,23.54999924,22.64999962,22.70000076,4401108,0,1,21.25782318,yahoo_bootstrap
2022-04-27,22,22.20000076,21.35000038,22.10000038,6419784,0,1,20.69594205,yahoo_bootstrap
2022-04-28,22.20000076,23.25,22.20000076,22.54999924,7678051,0,1,21.11735156,yahoo_bootstrap
2022-04-29,22.89999962,23.39999962,22.70000076,22.79999924,2977795,0,1,21.35146855,yahoo_bootstrap
2022-05-03,22.79999924,23,22.45000076,22.85000038,1625620,0,1,21.39829301,yahoo_bootstrap
2022-05-04,22.89999962,23.5,22.79999924,23.25,4567627,0,1,21.77287984,yahoo_bootstrap
2022-05-05,23.95000076,24.29999924,23.39999962,23.39999962,5636591,0,1,21.91334967,yahoo_bootstrap
2022-05-06,22.75,23.5,22.75,23.45000076,2517931,0,1,21.96017414,yahoo_bootstrap
2022-05-09,23.25,23.35000038,22.5,22.60000038,2483874,0,1,21.16417603,yahoo_bootstrap
2022-05-10,22.04999924,22.85000038,22.04999924,22.85000038,3467276,0,1,21.39829301,yahoo_bootstrap
2022-05-11,22.70000076,23.10000038,22.45000076,22.95000076,1996851,0,1,21.49194016,yahoo_bootstrap
2022-05-12,22.75,22.95000076,21.85000038,21.89999962,2515538,0,1,20.50864775,yahoo_bootstrap
2022-05-13,22.29999924,22.89999962,22.25,22.70000076,2160456,0,1,21.25782318,yahoo_bootstrap
2022-05-16,23,23.20000076,22.75,23.04999924,2282158,0,1,21.58558554,yahoo_bootstrap
2022-05-17,23.20000076,23.39999962,22.85000038,23.35000038,1942134,0,1,21.86652699,yahoo_bootstrap
2022-05-18,23.5,23.70000076,23.39999962,23.60000038,2491251,0,1,22.10064398,yahoo_bootstrap
2022-05-19,23,23.64999962,22.89999962,23.64999962,1787222,0,1,22.14746666,yahoo_bootstrap
2022-05-20,23.85000038,23.95000076,23.60000038,23.70000076,2015146,0,1,22.19429113,yahoo_bootstrap
2022-05-23,23.79999924,24.04999924,23.64999962,23.64999962,2639570,0,1,22.14746666,yahoo_bootstrap
2022-05-24,23.79999924,23.95000076,23.54999924,23.64999962,1392468,0,1,22.14746666,yahoo_bootstrap
2022-05-25,23.85000038,24,23.64999962,24,1652035,0,1,22.4752308,yahoo_bootstrap
2022-05-26,24.14999962,24.14999962,23.64999962,23.70000076,1168705,0,1,22.19429113,yahoo_bootstrap
2022-05-27,23.85000038,23.89999962,23.60000038,23.60000038,1017750,0,1,22.10064398,yahoo_bootstrap
2022-05-30,23.79999924,24.25,23.79999924,23.85000038,2541524,0,1,22.33476096,yahoo_bootstrap
2022-05-31,24.04999924,24.10000038,23.70000076,23.95000076,1597485,0,1,22.42840811,yahoo_bootstrap
2022-06-01,23.85000038,24.29999924,23.85000038,24,2011416,0,1,22.4752308,yahoo_bootstrap
2022-06-02,24.20000076,25.14999962,23.95000076,24.29999924,16689266,0,1,22.75617047,yahoo_bootstrap
2022-06-06,24.04999924,24.14999962,23.5,23.60000038,3829200,0,1,22.10064398,yahoo_bootstrap
2022-06-07,23.39999962,23.39999962,23.04999924,23.10000038,2792664,0,1,21.63241,yahoo_bootstrap
2022-06-08,23.29999924,23.5,23.14999962,23.39999962,2178855,0,1,21.91334967,yahoo_bootstrap
2022-06-09,23.20000076,23.45000076,23.20000076,23.45000076,1079011,0,1,21.96017414,yahoo_bootstrap
2022-06-10,23.14999962,23.39999962,23.14999962,23.39999962,866599,0,1,21.91334967,yahoo_bootstrap
2022-06-13,23.14999962,23.14999962,22.70000076,22.75,2477601,0,1,21.30464586,yahoo_bootstrap
2022-06-14,22.5,22.75,22.20000076,22.64999962,1783000,0,1,21.21099871,yahoo_bootstrap
2022-06-15,22.70000076,22.95000076,22.29999924,22.39999962,1933303,0,1,20.97688172,yahoo_bootstrap
2022-06-16,22.20000076,22.35000038,21.5,21.5,1877912,0.5,1,20.59374269,yahoo_bootstrap
2022-06-17,21.39999962,21.54999924,21,21.14999962,2098100,0,1,20.25849535,yahoo_bootstrap
2022-06-20,21.25,21.29999924,20.25,20.25,2954534,0,1,19.39643207,yahoo_bootstrap
2022-06-21,20.60000038,21.20000076,20.60000038,21.10000038,2037498,0,1,20.21060365,yahoo_bootstrap
2022-06-22,21.10000038,21.14999962,20.10000038,20.10000038,1487079,0,1,19.25275516,yahoo_bootstrap
2022-06-23,20.45000076,20.70000076,19.85000038,20.25,2115531,0,1,19.39643207,yahoo_bootstrap
2022-06-24,20.39999962,20.79999924,20.29999924,20.5,1203382,0,1,19.63589419,yahoo_bootstrap
2022-06-27,20.60000038,21,20.60000038,20.89999962,1082039,0,1,20.01903323,yahoo_bootstrap
2022-06-28,20.89999962,20.89999962,20.35000038,20.39999962,932102,0,1,19.54010898,yahoo_bootstrap
2022-06-29,20.29999924,20.29999924,20,20.14999962,1228598,0,1,19.30064685,yahoo_bootstrap
2022-06-30,20.04999924,20.14999962,19.04999924,19.20000076,2919800,0,1,18.39069187,yahoo_bootstrap
2022-07-01,19.20000076,19.60000038,18.64999962,18.70000076,3226853,0,1,17.91176763,yahoo_bootstrap
2022-07-04,18.85000038,19.14999962,18.64999962,18.95000076,1775009,0,1,18.15122975,yahoo_bootstrap
2022-07-05,19.29999924,19.75,19.04999924,19.75,2572907,0,1,18.91750782,yahoo_bootstrap
2022-07-06,19.75,19.75,18.39999962,18.39999962,4619596,0,1,17.62441198,yahoo_bootstrap
2022-07-07,18.95000076,19.14999962,18.29999924,19.10000038,2445502,0,1,18.29490666,yahoo_bootstrap
2022-07-08,19.29999924,19.29999924,18.89999962,19,1797807,0,1,18.19912145,yahoo_bootstrap
2022-07-11,19.14999962,19.70000076,18.85000038,19,2207333,0,1,18.19912145,yahoo_bootstrap
2022-07-12,18.79999924,18.79999924,17.85000038,17.89999962,2436153,0,1,17.14548774,yahoo_bootstrap
2022-07-13,18.39999962,19.20000076,18.39999962,18.85000038,2757201,0,1,18.05544454,yahoo_bootstrap
2022-07-14,18.79999924,19.10000038,18.5,18.89999962,1132875,0,1,18.10333623,yahoo_bootstrap
2022-07-15,19.20000076,19.20000076,18.75,18.89999962,915636,0,1,18.10333623,yahoo_bootstrap
2022-07-18,18.89999962,19.39999962,18.85000038,19.29999924,2128207,0,1,18.48647527,yahoo_bootstrap
2022-07-19,19.45000076,19.79999924,19.39999962,19.45000076,5411051,0,1,18.630154,yahoo_bootstrap
2022-07-20,19.54999924,19.85000038,19.54999924,19.54999924,2503250,0,1,18.72593739,yahoo_bootstrap
2022-07-21,19.85000038,20.04999924,19.75,20,2466275,0,1,19.15696994,yahoo_bootstrap
2022-07-22,20.20000076,21.45000076,19.89999962,20.60000038,13170514,0,1,19.73167941,yahoo_bootstrap
2022-07-25,20.5,20.5,19.5,19.70000076,4483313,0,1,18.86961612,yahoo_bootstrap
2022-07-26,19.60000038,19.79999924,19.29999924,19.39999962,1789001,0,1,18.58226048,yahoo_bootstrap
2022-07-27,19.45000076,19.70000076,19.35000038,19.70000076,1480146,0,1,18.86961612,yahoo_bootstrap
2022-07-28,19.60000038,19.79999924,19.45000076,19.5,1426038,0,1,18.6780457,yahoo_bootstrap
2022-07-29,19.70000076,20,19.60000038,19.95000076,2014542,0,1,19.10907825,yahoo_bootstrap
2022-08-01,20,20.64999962,19.85000038,20.35000038,6158150,0,1,19.49221728,yahoo_bootstrap
2022-08-02,20.35000038,20.35000038,19.39999962,19.54999924,4562436,0,1,18.72593739,yahoo_bootstrap
2022-08-03,19.5,19.64999962,19.29999924,19.39999962,1331835,0,1,18.58226048,yahoo_bootstrap
2022-08-04,19.39999962,19.39999962,18.79999924,19.14999962,1702022,0,1,18.34279836,yahoo_bootstrap
2022-08-05,19.29999924,19.79999924,19.29999924,19.60000038,1827276,0,1,18.77383091,yahoo_bootstrap
2022-08-08,19.60000038,19.70000076,19.25,19.64999962,1250846,0,1,18.82172261,yahoo_bootstrap
2022-08-09,19.79999924,19.95000076,19.60000038,19.60000038,1501294,0,1,18.77383091,yahoo_bootstrap
2022-08-10,19.70000076,20.14999962,19.60000038,20,2286596,0,1,19.15696994,yahoo_bootstrap
2022-08-11,20.20000076,20.5,20.10000038,20.25,1802071,0,1,19.39643207,yahoo_bootstrap
2022-08-12,20.45000076,20.5,20.10000038,20.29999924,2034125,0,1,19.44432376,yahoo_bootstrap
2022-08-15,20.39999962,20.70000076,20.25,20.60000038,2245270,0,1,19.73167941,yahoo_bootstrap
2022-08-16,20.70000076,20.75,20.5,20.54999924,1372490,0,1,19.68378589,yahoo_bootstrap
2022-08-17,20.85000038,21,20.64999962,20.85000038,1836099,0,1,19.97114153,yahoo_bootstrap
2022-08-18,20.79999924,20.95000076,20.45000076,20.79999924,1597102,0,1,19.92324801,yahoo_bootstrap
2022-08-19,21,21.45000076,20.89999962,20.89999962,3814227,0,1,20.01903323,yahoo_bootstrap
2022-08-22,20.79999924,21.35000038,20.70000076,21.29999924,1939000,0,1,20.40217226,yahoo_bootstrap
2022-08-23,21.29999924,21.60000038,20.54999924,20.64999962,10203932,0,1,19.7795711,yahoo_bootstrap
2022-08-24,20.64999962,21.25,20.64999962,21,4113693,0,1,20.11481844,yahoo_bootstrap
2022-08-25,21.20000076,21.29999924,21.10000038,21.29999924,1970212,0,1,20.40217226,yahoo_bootstrap
2022-08-26,21.39999962,21.54999924,21.29999924,21.29999924,1908406,0,1,20.40217226,yahoo_bootstrap
2022-08-29,20.54999924,20.75,20.5,20.64999962,1446636,0,1,19.7795711,yahoo_bootstrap
2022-08-30,20.64999962,20.95000076,20.64999962,20.89999962,940025,0,1,20.01903323,yahoo_bootstrap
2022-08-31,21,21.14999962,20.85000038,21.14999962,1266031,0,1,20.25849535,yahoo_bootstrap
2022-09-01,21.14999962,21.14999962,20.64999962,20.75,1068585,0,1,19.87535632,yahoo_bootstrap
2022-09-02,20.75,20.79999924,20.5,20.5,667500,0,1,19.63589419,yahoo_bootstrap
2022-09-05,20.60000038,20.60000038,20.10000038,20.14999962,886325,0,1,19.30064685,yahoo_bootstrap
2022-09-06,20.25,20.35000038,19.79999924,19.95000076,1095501,0,1,19.10907825,yahoo_bootstrap
2022-09-07,19.95000076,19.95000076,19.64999962,19.70000076,672786,0,1,18.86961612,yahoo_bootstrap
2022-09-08,19.85000038,20.10000038,19.75,20.10000038,460577,0,1,19.25275516,yahoo_bootstrap
2022-09-12,20.25,20.54999924,20.20000076,20.39999962,750953,0,1,19.54010898,yahoo_bootstrap
2022-09-13,20.5,20.70000076,20.35000038,20.5,687359,0,1,19.63589419,yahoo_bootstrap
2022-09-14,20.10000038,20.29999924,20,20.25,451133,0,1,19.39643207,yahoo_bootstrap
2022-09-15,20.5,20.60000038,20.29999924,20.35000038,618613,0,1,19.49221728,yahoo_bootstrap
2022-09-16,20.35000038,20.39999962,19.95000076,20.04999924,769098,0,1,19.20486164,yahoo_bootstrap
2022-09-19,20.04999924,20.04999924,19.60000038,19.60000038,1041085,0,1,18.77383091,yahoo_bootstrap
2022-09-20,19.75,19.79999924,19.54999924,19.75,410867,0,1,18.91750782,yahoo_bootstrap
2022-09-21,19.75,19.79999924,19.25,19.29999924,826707,0,1,18.48647527,yahoo_bootstrap
2022-09-22,19.35000038,19.54999924,19.10000038,19.54999924,1036002,0,1,18.72593739,yahoo_bootstrap
2022-09-23,19.45000076,19.64999962,19,19.20000076,1224061,0,1,18.39069187,yahoo_bootstrap
2022-09-26,18.79999924,18.79999924,18.25,18.35000038,2309937,0,1,17.57652029,yahoo_bootstrap
2022-09-27,18.35000038,18.70000076,18.20000076,18.70000076,743608,0,1,17.91176763,yahoo_bootstrap
2022-09-28,18.70000076,18.70000076,17.79999924,17.79999924,1745010,0,1,17.04970252,yahoo_bootstrap
2022-09-29,18.10000038,18.39999962,18.04999924,18.20000076,936151,0,1,17.43284338,yahoo_bootstrap
2022-09-30,17.79999924,18.14999962,17.64999962,18.10000038,934440,0,1,17.33705816,yahoo_bootstrap
2022-10-03,18,18.25,17.85000038,18.10000038,568229,0,1,17.33705816,yahoo_bootstrap
2022-10-04,18.35000038,18.5,18.20000076,18.45000076,678231,0,1,17.6723055,yahoo_bootstrap
2022-10-05,18.60000038,18.79999924,18.45000076,18.45000076,893050,0,1,17.6723055,yahoo_bootstrap
2022-10-06,18.54999924,18.54999924,18.25,18.35000038,498059,0,1,17.57652029,yahoo_bootstrap
2022-10-07,18.25,18.39999962,18.10000038,18.14999962,681000,0,1,17.38494986,yahoo_bootstrap
2022-10-11,18,18,17.25,17.29999924,1554431,0,1,16.57077827,yahoo_bootstrap
2022-10-12,17.29999924,17.54999924,17,17.39999962,993357,0,1,16.66656349,yahoo_bootstrap
2022-10-13,17.5,17.5,16.39999962,16.39999962,1800501,0,1,15.70871499,yahoo_bootstrap
2022-10-14,16.64999962,17.35000038,16.64999962,17.20000076,1141358,0,1,16.47499488,yahoo_bootstrap
2022-10-17,16.89999962,17,16.60000038,16.85000038,924307,0,1,16.13974754,yahoo_bootstrap
2022-10-18,17.20000076,17.29999924,17,17.10000038,667001,0,1,16.37920967,yahoo_bootstrap
2022-10-19,17.25,17.39999962,17.10000038,17.14999962,534615,0,1,16.42710136,yahoo_bootstrap
2022-10-20,17.14999962,17.70000076,16.64999962,17.70000076,2118101,0,1,16.95391913,yahoo_bootstrap
2022-10-21,17.5,17.5,16.89999962,16.89999962,1360250,0,1,16.18763924,yahoo_bootstrap
2022-10-24,17.20000076,17.35000038,17,17.04999924,624298,0,1,16.33131615,yahoo_bootstrap
2022-10-25,17.10000038,17.20000076,16.79999924,16.85000038,699702,0,1,16.13974754,yahoo_bootstrap
2022-10-26,17,17.04999924,16.79999924,16.95000076,549295,0,1,16.23553276,yahoo_bootstrap
2022-10-27,17.04999924,17.5,17.04999924,17.5,866160,0,1,16.7623487,yahoo_bootstrap
2022-10-28,17.5,17.54999924,17.14999962,17.20000076,458101,0,1,16.47499488,yahoo_bootstrap
2022-10-31,17.39999962,17.5,17.20000076,17.35000038,409219,0,1,16.61867179,yahoo_bootstrap
2022-11-01,17.35000038,17.60000038,17.35000038,17.54999924,512003,0,1,16.8102404,yahoo_bootstrap
2022-11-02,17.54999924,17.64999962,17.45000076,17.64999962,598654,0,1,16.90602561,yahoo_bootstrap
2022-11-03,17.39999962,17.5,17.35000038,17.39999962,369980,0,1,16.66656349,yahoo_bootstrap
2022-11-04,17.35000038,17.5,17.25,17.5,426003,0,1,16.7623487,yahoo_bootstrap
2022-11-07,17.5,17.85000038,17.5,17.75,911821,0,1,17.00181083,yahoo_bootstrap
2022-11-08,17.75,17.89999962,17.60000038,17.60000038,652557,0,1,16.85813391,yahoo_bootstrap
2022-11-09,17.64999962,18.10000038,17.64999962,17.79999924,1122444,0,1,17.04970252,yahoo_bootstrap
2022-11-10,17.79999924,17.89999962,17.54999924,17.54999924,444255,0,1,16.8102404,yahoo_bootstrap
2022-11-11,17.85000038,17.95000076,17.64999962,17.79999924,721841,0,1,17.04970252,yahoo_bootstrap
2022-11-14,18,18.29999924,17.95000076,18.14999962,1113003,0,1,17.38494986,yahoo_bootstrap
2022-11-15,18.35000038,18.35000038,18,18.20000076,784302,0,1,17.43284338,yahoo_bootstrap
2022-11-16,18.29999924,18.29999924,17.89999962,17.89999962,886898,0,1,17.14548774,yahoo_bootstrap
2022-11-17,17.95000076,18.14999962,17.95000076,18,401233,0,1,17.24127295,yahoo_bootstrap
2022-11-18,18,18.14999962,17.70000076,17.70000076,644003,0,1,16.95391913,yahoo_bootstrap
2022-11-21,17.70000076,18,17.54999924,17.85000038,485667,0,1,17.09759604,yahoo_bootstrap
2022-11-22,17.95000076,17.95000076,17.70000076,17.75,242130,0,1,17.00181083,yahoo_bootstrap
2022-11-23,17.95000076,18,17.75,17.95000076,706020,0,1,17.19338125,yahoo_bootstrap
2022-11-24,18.10000038,18.14999962,17.89999962,18.04999924,630286,0,1,17.28916465,yahoo_bootstrap
2022-11-25,18.04999924,18.25,17.89999962,17.89999962,376000,0,1,17.14548774,yahoo_bootstrap
2022-11-28,17.75,17.95000076,17.64999962,17.95000076,573515,0,1,17.19338125,yahoo_bootstrap
2022-11-29,18.04999924,18.14999962,17.85000038,18.10000038,673616,0,1,17.33705816,yahoo_bootstrap
2022-11-30,18.10000038,19.79999924,18.10000038,19.10000038,12525455,0,1,18.29490666,yahoo_bootstrap
2022-12-01,19.04999924,19.70000076,18.79999924,18.89999962,6822447,0,1,18.10333623,yahoo_bootstrap
2022-12-02,18.85000038,18.89999962,18.60000038,18.89999962,1598259,0,1,18.10333623,yahoo_bootstrap
2022-12-05,19,19,18.75,18.79999924,1253552,0,1,18.00755102,yahoo_bootstrap
2022-12-06,18.79999924,18.79999924,18.39999962,18.39999962,1216361,0,1,17.62441198,yahoo_bootstrap
2022-12-07,18.39999962,18.79999924,18.20000076,18.29999924,1104952,0,1,17.52862677,yahoo_bootstrap
2022-12-08,18.35000038,18.5,18.29999924,18.5,716307,0,1,17.7201972,yahoo_bootstrap
2022-12-09,18.60000038,18.70000076,18.45000076,18.45000076,667599,0,1,17.6723055,yahoo_bootstrap
2022-12-12,18.25,18.45000076,18.14999962,18.39999962,765000,0,1,17.62441198,yahoo_bootstrap
2022-12-13,18.70000076,19.60000038,18.54999924,19.54999924,8126856,0,1,18.72593739,yahoo_bootstrap
2022-12-14,20.20000076,20.89999962,19.75,19.95000076,13078317,0,1,19.10907825,yahoo_bootstrap
2022-12-15,20,20,19.5,19.60000038,3261505,0,1,18.77383091,yahoo_bootstrap
2022-12-16,19.25,19.60000038,19.20000076,19.25,2042040,0,1,18.43858357,yahoo_bootstrap
2022-12-19,19.29999924,19.45000076,19.04999924,19.10000038,1649342,0,1,18.29490666,yahoo_bootstrap
2022-12-20,19,19.14999962,18.35000038,18.35000038,2662651,0,1,17.57652029,yahoo_bootstrap
2022-12-21,18.5,18.60000038,18.29999924,18.39999962,871537,0,1,17.62441198,yahoo_bootstrap
2022-12-22,18.70000076,18.70000076,18.39999962,18.60000038,1096350,0,1,17.81598241,yahoo_bootstrap
2022-12-23,18.5,18.5,18.29999924,18.39999962,778299,0,1,17.62441198,yahoo_bootstrap
2022-12-26,18.54999924,19.60000038,18.54999924,19.20000076,6650818,0,1,18.39069187,yahoo_bootstrap
2022-12-27,19.29999924,19.29999924,18.79999924,19,1819298,0,1,18.19912145,yahoo_bootstrap
2022-12-28,18.95000076,18.95000076,18.5,18.70000076,1313051,0,1,17.91176763,yahoo_bootstrap
2022-12-29,18.70000076,18.70000076,18.35000038,18.70000076,921106,0,1,17.91176763,yahoo_bootstrap
2022-12-30,18.70000076,18.89999962,18.5,18.5,720901,0,1,17.7201972,yahoo_bootstrap
2023-01-03,18.64999962,18.64999962,18.35000038,18.39999962,590541,0,1,17.62441198,yahoo_bootstrap
2023-01-04,18.5,18.64999962,18.39999962,18.45000076,658571,0,1,17.6723055,yahoo_bootstrap
2023-01-05,18.60000038,18.75,18.39999962,18.45000076,555004,0,1,17.6723055,yahoo_bootstrap
2023-01-06,18.45000076,18.5,18.35000038,18.45000076,420245,0,1,17.6723055,yahoo_bootstrap
2023-01-09,18.45000076,18.64999962,18.45000076,18.54999924,669036,0,1,17.76808889,yahoo_bootstrap
2023-01-10,18.60000038,18.64999962,18.54999924,18.64999962,473341,0,1,17.86387411,yahoo_bootstrap
2023-01-11,18.70000076,18.79999924,18.45000076,18.45000076,695152,0,1,17.6723055,yahoo_bootstrap
2023-01-12,18.5,18.60000038,18.35000038,18.39999962,522244,0,1,17.62441198,yahoo_bootstrap
2023-01-13,18.54999924,18.54999924,18.35000038,18.35000038,427006,0,1,17.57652029,yahoo_bootstrap
2023-01-16,18.35000038,18.39999962,18.29999924,18.35000038,427874,0,1,17.57652029,yahoo_bootstrap
2023-01-17,18.29999924,18.39999962,18.29999924,18.29999924,460045,0,1,17.52862677,yahoo_bootstrap
2023-01-30,18.45000076,18.70000076,18.39999962,18.64999962,836504,0,1,17.86387411,yahoo_bootstrap
2023-01-31,18.79999924,19,18.64999962,19,1489654,0,1,18.19912145,yahoo_bootstrap
2023-02-01,19.04999924,19.10000038,18.89999962,19,932388,0,1,18.19912145,yahoo_bootstrap
2023-02-02,19.10000038,19.25,19.04999924,19.20000076,1632099,0,1,18.39069187,yahoo_bootstrap
2023-02-03,19.20000076,19.20000076,19,19.20000076,934219,0,1,18.39069187,yahoo_bootstrap
2023-02-06,19.20000076,19.29999924,19.04999924,19.20000076,782206,0,1,18.39069187,yahoo_bootstrap
2023-02-07,19.20000076,19.29999924,19.14999962,19.25,772171,0,1,18.43858357,yahoo_bootstrap
2023-02-08,19.25,19.35000038,19.14999962,19.14999962,775842,0,1,18.34279836,yahoo_bootstrap
2023-02-09,19.04999924,19.14999962,18.89999962,18.95000076,814250,0,1,18.15122975,yahoo_bootstrap
2023-02-10,18.89999962,18.89999962,18.70000076,18.70000076,705049,0,1,17.91176763,yahoo_bootstrap
2023-02-13,18.79999924,18.95000076,18.54999924,18.85000038,674100,0,1,18.05544454,yahoo_bootstrap
2023-02-14,19.04999924,19.04999924,18.79999924,18.79999924,321077,0,1,18.00755102,yahoo_bootstrap
2023-02-15,18.85000038,18.85000038,18.64999962,18.70000076,424770,0,1,17.91176763,yahoo_bootstrap
2023-02-16,18.70000076,18.79999924,18.70000076,18.79999924,636822,0,1,18.00755102,yahoo_bootstrap
2023-02-17,18.79999924,18.89999962,18.75,18.85000038,482222,0,1,18.05544454,yahoo_bootstrap
2023-02-20,18.89999962,19.14999962,18.89999962,19.10000038,1128937,0,1,18.29490666,yahoo_bootstrap
2023-02-21,19.14999962,19.20000076,19,19.10000038,619371,0,1,18.29490666,yahoo_bootstrap
2023-02-22,19.04999924,19.04999924,18.79999924,18.89999962,547092,0,1,18.10333623,yahoo_bootstrap
2023-02-23,18.89999962,19.10000038,18.89999962,19.10000038,642489,0,1,18.29490666,yahoo_bootstrap
2023-02-24,19.14999962,19.14999962,18.85000038,18.85000038,773519,0,1,18.05544454,yahoo_bootstrap
2023-03-01,18.85000038,19,18.79999924,18.79999924,419201,0,1,18.00755102,yahoo_bootstrap
2023-03-02,18.89999962,18.89999962,18.70000076,18.85000038,351168,0,1,18.05544454,yahoo_bootstrap
2023-03-03,18.85000038,19.04999924,18.79999924,19,853133,0,1,18.19912145,yahoo_bootstrap
2023-03-06,19.10000038,19.25,19.04999924,19.14999962,1416196,0,1,18.34279836,yahoo_bootstrap
2023-03-07,19.25,19.45000076,19.20000076,19.20000076,1588694,0,1,18.39069187,yahoo_bootstrap
2023-03-08,19.14999962,19.39999962,19.04999924,19.25,1200514,0,1,18.43858357,yahoo_bootstrap
2023-03-09,19.29999924,19.35000038,19.10000038,19.25,885213,0,1,18.43858357,yahoo_bootstrap
2023-03-10,19.29999924,19.29999924,18.89999962,18.89999962,1056210,0,1,18.10333623,yahoo_bootstrap
2023-03-13,18.70000076,18.79999924,18.54999924,18.79999924,820528,0,1,18.00755102,yahoo_bootstrap
2023-03-14,18.70000076,18.75,18.60000038,18.60000038,705900,0,1,17.81598241,yahoo_bootstrap
2023-03-15,18.79999924,18.79999924,18.5,18.5,535707,0,1,17.7201972,yahoo_bootstrap
2023-03-16,18.70000076,18.70000076,18.20000076,18.20000076,989005,0,1,17.43284338,yahoo_bootstrap
2023-03-17,18.35000038,18.45000076,18.25,18.35000038,394002,0,1,17.57652029,yahoo_bootstrap
2023-03-20,18.29999924,18.39999962,18.25,18.35000038,497291,0,1,17.57652029,yahoo_bootstrap
2023-03-21,18.35000038,18.60000038,18.35000038,18.54999924,429402,0,1,17.76808889,yahoo_bootstrap
2023-03-22,18.54999924,18.64999962,18.54999924,18.60000038,538745,0,1,17.81598241,yahoo_bootstrap
2023-03-23,18.54999924,18.70000076,18.5,18.60000038,231451,0,1,17.81598241,yahoo_bootstrap
2023-03-24,18.54999924,18.85000038,18.54999924,18.70000076,489776,0,1,17.91176763,yahoo_bootstrap
2023-03-27,18.64999962,18.75,18.54999924,18.60000038,487161,0,1,17.81598241,yahoo_bootstrap
2023-03-28,18.85000038,19.10000038,18.79999924,18.79999924,1607310,0,1,18.00755102,yahoo_bootstrap
2023-03-29,19,19,18.70000076,18.75,510311,0,1,17.95965932,yahoo_bootstrap
2023-03-30,18.79999924,18.85000038,18.60000038,18.75,354200,0,1,17.95965932,yahoo_bootstrap
2023-03-31,18.79999924,18.89999962,18.75,18.79999924,386385,0,1,18.00755102,yahoo_bootstrap
2023-04-06,18.79999924,18.95000076,18.75,18.85000038,442152,0,1,18.05544454,yahoo_bootstrap
2023-04-07,18.79999924,18.95000076,18.79999924,18.85000038,351917,0,1,18.05544454,yahoo_bootstrap
2023-04-10,18.85000038,18.89999962,18.79999924,18.79999924,380280,0,1,18.00755102,yahoo_bootstrap
2023-04-11,19,19.04999924,18.89999962,18.95000076,870637,0,1,18.15122975,yahoo_bootstrap
2023-04-12,19.04999924,19.04999924,18.89999962,19,514041,0,1,18.19912145,yahoo_bootstrap
2023-04-13,18.95000076,19,18.85000038,18.95000076,558844,0,1,18.15122975,yahoo_bootstrap
2023-04-14,18.95000076,19.10000038,18.95000076,18.95000076,941047,0,1,18.15122975,yahoo_bootstrap
2023-04-17,19,19.35000038,19,19.29999924,2175632,0,1,18.48647527,yahoo_bootstrap
2023-04-18,19.39999962,19.45000076,19.04999924,19.10000038,1204121,0,1,18.29490666,yahoo_bootstrap
2023-04-19,19.25,19.5,19.04999924,19.04999924,2171215,0,1,18.24701314,yahoo_bootstrap
2023-04-20,19.04999924,20.10000038,19.04999924,19.35000038,7374164,0,1,18.53436878,yahoo_bootstrap
2023-04-21,19.25,20.75,19.25,19.85000038,17120689,0,1,19.01329303,yahoo_bootstrap
2023-04-24,19.64999962,21.35000038,19.29999924,20.79999924,19186812,0,1,19.92324801,yahoo_bootstrap
2023-04-25,20.64999962,21.10000038,19.75,20.10000038,11925453,0,1,19.25275516,yahoo_bootstrap
2023-04-26,20,22.10000038,19.29999924,22.10000038,27765146,0,1,21.16845215,yahoo_bootstrap
2023-04-27,22.89999962,24,22.35000038,22.60000038,101040813,0,1,21.6473764,yahoo_bootstrap
2023-04-28,22.64999962,22.89999962,21.64999962,21.89999962,22264246,0,1,20.97688172,yahoo_bootstrap
2023-05-02,22,22.64999962,21.60000038,22.39999962,14397684,0,1,21.45580597,yahoo_bootstrap
2023-05-03,22.20000076,22.5,21.75,21.75,13724819,0,1,20.83320481,yahoo_bootstrap
2023-05-04,22.04999924,22.29999924,21.79999924,21.79999924,7788877,0,1,20.88109651,yahoo_bootstrap
2023-05-05,21.70000076,22,21.45000076,21.5,5273872,0,1,20.59374269,yahoo_bootstrap
2023-05-08,21.60000038,21.75,21.10000038,21.39999962,4814109,0,1,20.49795748,yahoo_bootstrap
2023-05-09,21.5,21.60000038,20.60000038,20.75,5906748,0,1,19.87535632,yahoo_bootstrap
2023-05-10,20.85000038,20.89999962,20.70000076,20.79999924,2219074,0,1,19.92324801,yahoo_bootstrap
2023-05-11,20.85000038,20.85000038,19.95000076,20,5139810,0,1,19.15696994,yahoo_bootstrap
2023-05-12,20.10000038,20.29999924,19.85000038,20.14999962,1972853,0,1,19.30064685,yahoo_bootstrap
2023-05-15,20.20000076,20.35000038,20.04999924,20.04999924,1148330,0,1,19.20486164,yahoo_bootstrap
2023-05-16,20.20000076,21.14999962,20.20000076,20.54999924,7895503,0,1,19.68378589,yahoo_bootstrap
2023-05-17,20.54999924,21,20.45000076,20.45000076,2685506,0,1,19.5880025,yahoo_bootstrap
2023-05-18,20.54999924,20.64999962,20.29999924,20.45000076,1834104,0,1,19.5880025,yahoo_bootstrap
2023-05-19,20.60000038,21.5,20.54999924,20.64999962,12530704,0,1,19.7795711,yahoo_bootstrap
2023-05-22,20.70000076,20.75,20.29999924,20.60000038,2154193,0,1,19.73167941,yahoo_bootstrap
2023-05-23,20.60000038,20.79999924,20.5,20.54999924,1283974,0,1,19.68378589,yahoo_bootstrap
2023-05-24,20.45000076,20.70000076,20.35000038,20.54999924,2061345,0,1,19.68378589,yahoo_bootstrap
2023-05-25,20.70000076,20.79999924,20.54999924,20.54999924,1988300,0,1,19.68378589,yahoo_bootstrap
2023-05-26,20.60000038,20.64999962,20.04999924,20.04999924,2701230,0,1,19.20486164,yahoo_bootstrap
2023-05-29,20.20000076,20.35000038,20.10000038,20.20000076,1122825,0,1,19.34854037,yahoo_bootstrap
2023-05-30,20.25,20.29999924,20.04999924,20.04999924,1030908,0,1,19.20486164,yahoo_bootstrap
2023-05-31,20.04999924,20.20000076,20.04999924,20.14999962,848623,0,1,19.30064685,yahoo_bootstrap
2023-06-01,20.25,20.95000076,20.10000038,20.60000038,5078181,0,1,19.73167941,yahoo_bootstrap
2023-06-02,20.95000076,20.95000076,20.5,20.79999924,3536693,0,1,19.92324801,yahoo_bootstrap
2023-06-05,21,22.85000038,20.79999924,22.14999962,27649663,0,1,21.21634385,yahoo_bootstrap
2023-06-06,21.79999924,22.14999962,21.45000076,21.54999924,7467839,0,1,20.64163439,yahoo_bootstrap
2023-06-07,21.60000038,21.89999962,21.45000076,21.5,2941805,0,1,20.59374269,yahoo_bootstrap
2023-06-08,21.5,21.64999962,21.14999962,21.20000076,2473396,0,1,20.30638887,yahoo_bootstrap
2023-06-09,21.5,21.64999962,21.20000076,21.25,2627464,0,1,20.35428057,yahoo_bootstrap
2023-06-12,21.39999962,21.39999962,20.70000076,20.79999924,2280097,0,1,19.92324801,yahoo_bootstrap
2023-06-13,20.89999962,21,20.70000076,20.79999924,1695728,0,1,19.92324801,yahoo_bootstrap
2023-06-14,21,21.04999924,20.70000076,20.79999924,2203350,0,1,19.92324801,yahoo_bootstrap
2023-06-15,20.54999924,20.70000076,20.5,20.60000038,1514010,0.35,1,20.06938542,yahoo_bootstrap
2023-06-16,20.75,21.20000076,20.70000076,20.70000076,3676509,0,1,20.16680999,yahoo_bootstrap
2023-06-19,20.75,20.95000076,20.70000076,20.75,1495633,0,1,20.21552135,yahoo_bootstrap
2023-06-20,20.79999924,21,20.64999962,20.89999962,1399788,0,1,20.36165728,yahoo_bootstrap
2023-06-21,20.89999962,21.45000076,20.89999962,21.04999924,3080868,0,1,20.50779321,yahoo_bootstrap
2023-06-26,21.29999924,21.95000076,21.10000038,21.39999962,7798149,0,1,20.84877828,yahoo_bootstrap
2023-06-27,21.79999924,22.39999962,21.45000076,21.5,12009588,0,1,20.94620285,yahoo_bootstrap
2023-06-28,21.79999924,22.04999924,21.70000076,21.85000038,4782416,0,1,21.28718791,yahoo_bootstrap
2023-06-29,22.20000076,22.25,21.5,21.5,4591487,0,1,20.94620285,yahoo_bootstrap
2023-06-30,21.54999924,21.79999924,21.29999924,21.79999924,2152663,0,1,21.2384747,yahoo_bootstrap
2023-07-03,22.10000038,22.14999962,21.79999924,21.95000076,3712622,0,1,21.38461248,yahoo_bootstrap
2023-07-04,21.95000076,22.10000038,21.64999962,21.64999962,2292556,0,1,21.09233878,yahoo_bootstrap
2023-07-05,21.64999962,21.79999924,21.5,21.5,1453854,0,1,20.94620285,yahoo_bootstrap
2023-07-06,21.5,21.89999962,21.45000076,21.54999924,3370633,0,1,20.99491421,yahoo_bootstrap
2023-07-07,21.5,21.5,20.5,20.64999962,3801223,0,1,20.11809678,yahoo_bootstrap
2023-07-10,20.79999924,21.60000038,20.70000076,20.79999924,6736836,0,1,20.26423271,yahoo_bootstrap
2023-07-11,20.85000038,21.10000038,20.5,21.04999924,2474059,0,1,20.50779321,yahoo_bootstrap
2023-07-12,21.04999924,21.04999924,20.60000038,20.60000038,1443315,0,1,20.06938542,yahoo_bootstrap
2023-07-13,20.85000038,20.89999962,20.35000038,20.39999962,2455075,0,1,19.87453628,yahoo_bootstrap
2023-07-14,20.60000038,20.64999962,20.45000076,20.45000076,1222599,0,1,19.92324949,yahoo_bootstrap
2023-07-17,21,22.29999924,20.75,21.89999962,16215972,0,1,21.33589927,yahoo_bootstrap
2023-07-18,22.89999962,23.29999924,21.10000038,21.5,23890960,0,1,20.94620285,yahoo_bootstrap
2023-07-19,21.5,21.60000038,20.85000038,20.95000076,4964096,0,1,20.41037049,yahoo_bootstrap
2023-07-20,21.10000038,21.75,20.85000038,21.25,4097472,0,1,20.70264235,yahoo_bootstrap
2023-07-21,21.25,21.64999962,21.20000076,21.54999924,4705693,0,1,20.99491421,yahoo_bootstrap
2023-07-24,21.64999962,21.70000076,20.75,20.75,3004723,0,1,20.21552135,yahoo_bootstrap
2023-07-25,20.85000038,21,20.70000076,20.70000076,1609292,0,1,20.16680999,yahoo_bootstrap
2023-07-26,20.89999962,21.04999924,20.64999962,20.75,1807563,0,1,20.21552135,yahoo_bootstrap
2023-07-27,20.79999924,21.70000076,20.79999924,21.45000076,3988085,0,1,20.89749149,yahoo_bootstrap
2023-07-28,21.39999962,21.5,21.04999924,21.10000038,2040925,0,1,20.55650642,yahoo_bootstrap
2023-07-31,21.10000038,21.60000038,21,21.14999962,2043353,0,1,20.60521778,yahoo_bootstrap
2023-08-01,21.20000076,21.35000038,20.89999962,20.89999962,1573031,0,1,20.36165728,yahoo_bootstrap
2023-08-02,20.85000038,21.5,20.75,20.95000076,3965573,0,1,20.41037049,yahoo_bootstrap
2023-08-04,21,21.25,20.75,20.89999962,1485277,0,1,20.36165728,yahoo_bootstrap
2023-08-07,20.85000038,20.85000038,20.5,20.75,2071489,0,1,20.21552135,yahoo_bootstrap
2023-08-08,20.79999924,20.79999924,20.5,20.5,1687207,0,1,19.97196085,yahoo_bootstrap
2023-08-09,20.45000076,20.45000076,20.04999924,20.14999962,2219851,0,1,19.63097579,yahoo_bootstrap
2023-08-10,20.14999962,20.14999962,19.75,19.79999924,1932671,0,1,19.28999072,yahoo_bootstrap
2023-08-11,20,20,19.39999962,19.45000076,1691345,0,1,18.9490075,yahoo_bootstrap
2023-08-14,19.39999962,19.39999962,18.95000076,19.10000038,1611700,0,1,18.60802243,yahoo_bootstrap
2023-08-15,19.10000038,19.29999924,19,19.10000038,575837,0,1,18.60802243,yahoo_bootstrap
2023-08-16,19.20000076,19.35000038,18.79999924,19.14999962,963168,0,1,18.65673379,yahoo_bootstrap
2023-08-17,19.20000076,19.45000076,18.95000076,19.29999924,958210,0,1,18.80286972,yahoo_bootstrap
2023-08-18,19.29999924,19.45000076,19.10000038,19.20000076,631818,0,1,18.705447,yahoo_bootstrap
2023-08-21,19.20000076,19.29999924,19.14999962,19.20000076,325678,0,1,18.705447,yahoo_bootstrap
2023-08-22,19.25,19.39999962,19.04999924,19.14999962,538308,0,1,18.65673379,yahoo_bootstrap
2023-08-23,19.20000076,19.25,19.04999924,19.14999962,576315,0,1,18.65673379,yahoo_bootstrap
2023-08-24,19.20000076,19.39999962,19.14999962,19.20000076,557133,0,1,18.705447,yahoo_bootstrap
2023-08-25,19.20000076,19.39999962,19.20000076,19.29999924,416389,0,1,18.80286972,yahoo_bootstrap
2023-08-28,19.45000076,19.45000076,19.04999924,19.20000076,601000,0,1,18.705447,yahoo_bootstrap
2023-08-29,19.20000076,19.29999924,19.10000038,19.20000076,453184,0,1,18.705447,yahoo_bootstrap
2023-08-30,19.29999924,19.45000076,19.25,19.39999962,452851,0,1,18.90029429,yahoo_bootstrap
2023-08-31,19.39999962,19.5,19.25,19.25,827104,0,1,18.75415836,yahoo_bootstrap
2023-09-01,19.39999962,19.75,19.39999962,19.64999962,1275022,0,1,19.14385479,yahoo_bootstrap
2023-09-04,19.75,19.75,19.5,19.70000076,527944,0,1,19.192568,yahoo_bootstrap
2023-09-05,19.70000076,19.95000076,19.64999962,19.95000076,893966,0,1,19.4361285,yahoo_bootstrap
2023-09-06,20,20,19.79999924,19.85000038,519083,0,1,19.33870393,yahoo_bootstrap
2023-09-07,19.79999924,19.95000076,19.60000038,19.60000038,519906,0,1,19.09514343,yahoo_bootstrap
2023-09-08,19.60000038,19.60000038,19.39999962,19.54999924,500866,0,1,19.04643022,yahoo_bootstrap
2023-09-11,19.60000038,19.64999962,19.25,19.29999924,527864,0,1,18.80286972,yahoo_bootstrap
2023-09-12,19.35000038,19.54999924,19.35000038,19.45000076,479110,0,1,18.9490075,yahoo_bootstrap
2023-09-13,19.60000038,19.89999962,19.60000038,19.75,594510,0,1,19.24127936,yahoo_bootstrap
2023-09-14,19.85000038,19.85000038,19.64999962,19.79999924,713007,0,1,19.28999072,yahoo_bootstrap
2023-09-15,19.85000038,19.85000038,19.45000076,19.45000076,868224,0,1,18.9490075,yahoo_bootstrap
2023-09-18,19.45000076,19.89999962,19.39999962,19.85000038,869020,0,1,19.33870393,yahoo_bootstrap
2023-09-19,19.85000038,19.85000038,19.54999924,19.64999962,620592,0,1,19.14385479,yahoo_bootstrap
2023-09-20,19.75,19.75,19.45000076,19.5,669010,0,1,18.99771886,yahoo_bootstrap
2023-09-21,19.5,19.5,19.29999924,19.39999962,753172,0,1,18.90029429,yahoo_bootstrap
2023-09-22,19.20000076,19.54999924,19.20000076,19.45000076,629598,0,1,18.9490075,yahoo_bootstrap
2023-09-25,19.5,19.79999924,19.5,19.70000076,850323,0,1,19.192568,yahoo_bootstrap
2023-09-26,19.70000076,19.70000076,19.29999924,19.29999924,656935,0,1,18.80286972,yahoo_bootstrap
2023-09-27,19.39999962,19.95000076,19.20000076,19.79999924,2877589,0,1,19.28999072,yahoo_bootstrap
2023-09-28,19.75,19.75,19.35000038,19.35000038,1197567,0,1,18.85158293,yahoo_bootstrap
2023-10-02,19.39999962,19.5,19.20000076,19.20000076,789171,0,1,18.705447,yahoo_bootstrap
2023-10-03,19.25,19.39999962,19.10000038,19.14999962,836402,0,1,18.65673379,yahoo_bootstrap
2023-10-04,19.14999962,19.14999962,18.89999962,18.95000076,775308,0,1,18.46188651,yahoo_bootstrap
2023-10-05,19.04999924,19.14999962,19,19.04999924,444321,0,1,18.55930922,yahoo_bootstrap
2023-10-06,19.10000038,19.45000076,19.04999924,19.35000038,1005149,0,1,18.85158293,yahoo_bootstrap
2023-10-11,19.5,19.5,19.14999962,19.14999962,752595,0,1,18.65673379,yahoo_bootstrap
2023-10-12,19.25,19.35000038,19.14999962,19.29999924,542827,0,1,18.80286972,yahoo_bootstrap
2023-10-13,19.20000076,19.39999962,19.14999962,19.14999962,422062,0,1,18.65673379,yahoo_bootstrap
2023-10-16,19.14999962,19.45000076,19.04999924,19.25,580137,0,1,18.75415836,yahoo_bootstrap
2023-10-17,19.35000038,19.39999962,19.25,19.25,444807,0,1,18.75415836,yahoo_bootstrap
2023-10-18,19.29999924,19.29999924,18.70000076,18.70000076,1628632,0,1,18.21832601,yahoo_bootstrap
2023-10-19,18.95000076,20.04999924,18.60000038,19.5,5762749,0,1,18.99771886,yahoo_bootstrap
2023-10-20,19.35000038,19.70000076,19,19.5,2285155,0,1,18.99771886,yahoo_bootstrap
2023-10-23,19.85000038,20.79999924,19.79999924,20,15600550,0,1,19.48483986,yahoo_bootstrap
2023-10-24,19.75,20.45000076,19.5,19.75,5679900,0,1,19.24127936,yahoo_bootstrap
2023-10-25,19.64999962,20.5,19.64999962,20.10000038,3868596,0,1,19.58226443,yahoo_bootstrap
2023-10-26,20,20.25,19.64999962,19.64999962,1840229,0,1,19.14385479,yahoo_bootstrap
2023-10-27,19.75,19.79999924,19.60000038,19.70000076,842327,0,1,19.192568,yahoo_bootstrap
2023-10-30,19.79999924,19.85000038,19.54999924,19.54999924,718173,0,1,19.04643022,yahoo_bootstrap
2023-10-31,19.64999962,19.89999962,19.25,19.25,1089554,0,1,18.75415836,yahoo_bootstrap
2023-11-01,19.35000038,19.45000076,19.20000076,19.29999924,656504,0,1,18.80286972,yahoo_bootstrap
2023-11-02,19.39999962,19.70000076,19.39999962,19.45000076,571007,0,1,18.9490075,yahoo_bootstrap
2023-11-03,19.5,19.95000076,19.45000076,19.79999924,1486691,0,1,19.28999072,yahoo_bootstrap
2023-11-06,19.79999924,19.89999962,19.70000076,19.85000038,929053,0,1,19.33870393,yahoo_bootstrap
2023-11-07,19.89999962,19.95000076,19.64999962,19.70000076,506590,0,1,19.192568,yahoo_bootstrap
2023-11-08,19.79999924,19.85000038,19.60000038,19.60000038,516274,0,1,19.09514343,yahoo_bootstrap
2023-11-09,19.60000038,19.70000076,19.5,19.60000038,400502,0,1,19.09514343,yahoo_bootstrap
2023-11-10,19.64999962,19.64999962,19.35000038,19.35000038,626586,0,1,18.85158293,yahoo_bootstrap
2023-11-13,19.45000076,19.5,19.20000076,19.25,631305,0,1,18.75415836,yahoo_bootstrap
2023-11-14,19.35000038,19.54999924,19.35000038,19.35000038,557054,0,1,18.85158293,yahoo_bootstrap
2023-11-15,19.45000076,19.70000076,19.45000076,19.64999962,956544,0,1,19.14385479,yahoo_bootstrap
2023-11-16,19.70000076,19.89999962,19.64999962,19.70000076,819210,0,1,19.192568,yahoo_bootstrap
2023-11-17,19.79999924,19.85000038,19.60000038,19.60000038,812353,0,1,19.09514343,yahoo_bootstrap
2023-11-20,19.70000076,20,19.70000076,19.79999924,969211,0,1,19.28999072,yahoo_bootstrap
2023-11-21,20,20.14999962,19.89999962,20.04999924,1249716,0,1,19.53355122,yahoo_bootstrap
2023-11-22,20,20.20000076,19.95000076,20.04999924,1056167,0,1,19.53355122,yahoo_bootstrap
2023-11-23,20.10000038,20.29999924,20.10000038,20.20000076,1186041,0,1,19.679689,yahoo_bootstrap
2023-11-24,20.35000038,20.35000038,20.04999924,20.14999962,870417,0,1,19.63097579,yahoo_bootstrap
2023-11-27,20.20000076,20.45000076,20.10000038,20.10000038,1016914,0,1,19.58226443,yahoo_bootstrap
2023-11-28,20.10000038,20.45000076,20.10000038,20.35000038,928590,0,1,19.82582492,yahoo_bootstrap
2023-11-29,20.39999962,20.39999962,20.25,20.35000038,840294,0,1,19.82582492,yahoo_bootstrap
2023-11-30,20.39999962,20.60000038,20.29999924,20.45000076,1413681,0,1,19.92324949,yahoo_bootstrap
2023-12-01,20.5,20.70000076,20.5,20.5,1219418,0,1,19.97196085,yahoo_bootstrap
2023-12-04,20.60000038,20.95000076,20.5,20.85000038,2691480,0,1,20.31294592,yahoo_bootstrap
2023-12-05,20.89999962,21.10000038,20.5,20.79999924,1595503,0,1,20.26423271,yahoo_bootstrap
2023-12-06,20.95000076,21,20.5,20.5,1252676,0,1,19.97196085,yahoo_bootstrap
2023-12-07,20.39999962,20.60000038,20.20000076,20.20000076,1268110,0,1,19.679689,yahoo_bootstrap
2023-12-08,20.29999924,20.35000038,20.04999924,20.04999924,775287,0,1,19.53355122,yahoo_bootstrap
2023-12-11,20.04999924,20.10000038,19.89999962,19.89999962,794797,0,1,19.38741529,yahoo_bootstrap
2023-12-12,20,20,19.70000076,19.75,765156,0,1,19.24127936,yahoo_bootstrap
2023-12-13,19.79999924,19.85000038,19.70000076,19.70000076,669563,0,1,19.192568,yahoo_bootstrap
2023-12-14,19.75,20,19.75,19.85000038,574479,0,1,19.33870393,yahoo_bootstrap
2023-12-15,19.95000076,20.10000038,19.89999962,20.10000038,809226,0,1,19.58226443,yahoo_bootstrap
2023-12-18,20.14999962,20.29999924,19.85000038,19.85000038,1036029,0,1,19.33870393,yahoo_bootstrap
2023-12-19,19.89999962,20.04999924,19.70000076,19.85000038,733008,0,1,19.33870393,yahoo_bootstrap
2023-12-20,19.89999962,20.14999962,19.89999962,20,817005,0,1,19.48483986,yahoo_bootstrap
2023-12-21,19.89999962,20,19.79999924,19.79999924,439119,0,1,19.28999072,yahoo_bootstrap
2023-12-22,20,20,19.60000038,19.64999962,679891,0,1,19.14385479,yahoo_bootstrap
2023-12-25,19.64999962,19.64999962,19.45000076,19.45000076,825895,0,1,18.9490075,yahoo_bootstrap
2023-12-26,19.45000076,19.64999962,19.45000076,19.64999962,444307,0,1,19.14385479,yahoo_bootstrap
2023-12-27,19.64999962,19.70000076,19.54999924,19.60000038,444477,0,1,19.09514343,yahoo_bootstrap
2023-12-28,19.60000038,19.64999962,19.5,19.54999924,363753,0,1,19.04643022,yahoo_bootstrap
2023-12-29,19.64999962,19.64999962,19.45000076,19.60000038,645001,0,1,19.09514343,yahoo_bootstrap
2024-01-02,19.60000038,19.75,19.60000038,19.64999962,322107,0,1,19.14385479,yahoo_bootstrap
2024-01-03,19.70000076,19.79999924,19.5,19.54999924,807060,0,1,19.04643022,yahoo_bootstrap
2024-01-04,19.45000076,19.60000038,19.39999962,19.39999962,771051,0,1,18.90029429,yahoo_bootstrap
2024-01-05,19.39999962,19.54999924,19.39999962,19.45000076,437568,0,1,18.9490075,yahoo_bootstrap
2024-01-08,19.45000076,19.79999924,19.45000076,19.70000076,717276,0,1,19.192568,yahoo_bootstrap
2024-01-09,19.79999924,19.79999924,19.04999924,19.20000076,1380677,0,1,18.705447,yahoo_bootstrap
2024-01-10,19.20000076,19.20000076,18.79999924,18.95000076,1545740,0,1,18.46188651,yahoo_bootstrap
2024-01-11,19,19.10000038,18.95000076,19.04999924,572477,0,1,18.55930922,yahoo_bootstrap
2024-01-12,19.04999924,19.10000038,18.95000076,18.95000076,560100,0,1,18.46188651,yahoo_bootstrap
2024-01-15,18.95000076,19.10000038,18.85000038,18.89999962,1124668,0,1,18.41317329,yahoo_bootstrap
2024-01-16,18.89999962,18.95000076,18.60000038,18.70000076,1275425,0,1,18.21832601,yahoo_bootstrap
2024-01-17,18.60000038,18.75,18.39999962,18.39999962,1325259,0,1,17.9260523,yahoo_bootstrap
2024-01-18,18.5,18.54999924,18.35000038,18.45000076,493348,0,1,17.97476551,yahoo_bootstrap
2024-01-19,18.5,18.64999962,18.5,18.60000038,365679,0,1,18.12090144,yahoo_bootstrap
2024-01-22,18.64999962,18.89999962,18.64999962,18.89999962,428202,0,1,18.41317329,yahoo_bootstrap
2024-01-23,18.95000076,19.10000038,18.95000076,19,632336,0,1,18.51059786,yahoo_bootstrap
2024-01-24,19,19.10000038,18.95000076,19,297634,0,1,18.51059786,yahoo_bootstrap
2024-01-25,19.10000038,19.10000038,18.89999962,18.95000076,354831,0,1,18.46188651,yahoo_bootstrap
2024-01-26,19,19.14999962,18.89999962,19.10000038,375524,0,1,18.60802243,yahoo_bootstrap
2024-01-29,19.10000038,19.14999962,19,19.10000038,299365,0,1,18.60802243,yahoo_bootstrap
2024-01-30,19.14999962,19.14999962,18.79999924,18.79999924,616791,0,1,18.31574873,yahoo_bootstrap
2024-01-31,19,19,18.75,18.75,404025,0,1,18.26703737,yahoo_bootstrap
2024-02-01,18.75,18.89999962,18.64999962,18.79999924,419155,0,1,18.31574873,yahoo_bootstrap
2024-02-02,18.95000076,18.95000076,18.70000076,18.70000076,405980,0,1,18.21832601,yahoo_bootstrap
2024-02-05,18.70000076,18.70000076,18.5,18.60000038,361908,0,1,18.12090144,yahoo_bootstrap
2024-02-15,18.60000038,19.10000038,18.60000038,19,1047977,0,1,18.51059786,yahoo_bootstrap
2024-02-16,18.79999924,20.20000076,18.79999924,20,4720943,0,1,19.48483986,yahoo_bootstrap
2024-02-19,20.10000038,20.25,19.70000076,19.95000076,4679400,0,1,19.4361285,yahoo_bootstrap
2024-02-20,20,20.20000076,19.79999924,19.79999924,1100599,0,1,19.28999072,yahoo_bootstrap
2024-02-21,19.79999924,20,19.79999924,19.85000038,747464,0,1,19.33870393,yahoo_bootstrap
2024-02-22,20,20,19.75,19.89999962,1007032,0,1,19.38741529,yahoo_bootstrap
2024-02-23,20.04999924,20.04999924,19.75,19.75,909322,0,1,19.24127936,yahoo_bootstrap
2024-02-26,20.29999924,21.70000076,20.29999924,21.70000076,9631155,0,1,21.14105199,yahoo_bootstrap
2024-02-27,23.70000076,23.79999924,21.39999962,21.79999924,52885276,0,1,21.2384747,yahoo_bootstrap
2024-02-29,22.39999962,22.45000076,21.45000076,21.5,9346356,0,1,20.94620285,yahoo_bootstrap
2024-03-01,21.54999924,21.79999924,21.20000076,21.45000076,4441377,0,1,20.89749149,yahoo_bootstrap
2024-03-04,21.79999924,21.85000038,21.35000038,21.39999962,4115724,0,1,20.84877828,yahoo_bootstrap
2024-03-05,21.45000076,21.5,20.95000076,21.10000038,4158530,0,1,20.55650642,yahoo_bootstrap
2024-03-06,21.10000038,21.79999924,21,21.5,4446507,0,1,20.94620285,yahoo_bootstrap
2024-03-07,21.45000076,21.5,20.95000076,21.04999924,3887926,0,1,20.50779321,yahoo_bootstrap
2024-03-08,21.20000076,21.29999924,20.25,20.54999924,3463551,0,1,20.02067221,yahoo_bootstrap
2024-03-11,20.39999962,20.60000038,20.20000076,20.25,1329341,0,1,19.72840036,yahoo_bootstrap
2024-03-12,20.25,20.45000076,20.25,20.35000038,1121423,0,1,19.82582492,yahoo_bootstrap
2024-03-13,20.35000038,20.35000038,19.79999924,19.95000076,2029807,0,1,19.4361285,yahoo_bootstrap
2024-03-14,19.95000076,20,19.70000076,19.75,1169650,0,1,19.24127936,yahoo_bootstrap
2024-03-15,19.60000038,19.60000038,19.20000076,19.25,2151600,0,1,18.75415836,yahoo_bootstrap
2024-03-18,19.25,19.39999962,19.20000076,19.39999962,582472,0,1,18.90029429,yahoo_bootstrap
2024-03-19,19.35000038,19.70000076,19.35000038,19.39999962,1043125,0,1,18.90029429,yahoo_bootstrap
2024-03-20,19.45000076,19.54999924,19.29999924,19.39999962,803861,0,1,18.90029429,yahoo_bootstrap
2024-03-21,19.45000076,19.64999962,19.45000076,19.54999924,904961,0,1,19.04643022,yahoo_bootstrap
2024-03-22,19.60000038,19.60000038,19.35000038,19.5,914115,0,1,18.99771886,yahoo_bootstrap
2024-03-25,19.60000038,20.20000076,19.60000038,20,2706502,0,1,19.48483986,yahoo_bootstrap
2024-03-26,20.04999924,20.04999924,19.45000076,19.54999924,1495608,0,1,19.04643022,yahoo_bootstrap
2024-03-27,19.54999924,20.10000038,19.54999924,19.85000038,1139841,0,1,19.33870393,yahoo_bootstrap
2024-03-28,19.79999924,19.89999962,19.64999962,19.70000076,690513,0,1,19.192568,yahoo_bootstrap
2024-03-29,19.70000076,19.95000076,19.70000076,19.70000076,387000,0,1,19.192568,yahoo_bootstrap
2024-04-01,19.85000038,20.29999924,19.85000038,20.04999924,1520651,0,1,19.53355122,yahoo_bootstrap
2024-04-02,20.04999924,20.75,20,20.45000076,3352240,0,1,19.92324949,yahoo_bootstrap
2024-04-03,20.35000038,20.5,20.14999962,20.35000038,1148163,0,1,19.82582492,yahoo_bootstrap
2024-04-08,20.35000038,20.60000038,20.20000076,20.60000038,1259332,0,1,20.06938542,yahoo_bootstrap
2024-04-09,20.60000038,20.70000076,20.45000076,20.54999924,989219,0,1,20.02067221,yahoo_bootstrap
2024-04-10,20.60000038,20.85000038,20.54999924,20.70000076,1273463,0,1,20.16680999,yahoo_bootstrap
2024-04-11,20.60000038,20.70000076,20.25,20.29999924,940777,0,1,19.77711171,yahoo_bootstrap
2024-04-12,20.29999924,20.45000076,20.20000076,20.25,795203,0,1,19.72840036,yahoo_bootstrap
2024-04-15,20.14999962,20.75,20.14999962,20.29999924,1539100,0,1,19.77711171,yahoo_bootstrap
2024-04-16,20.29999924,20.29999924,19.64999962,19.79999924,1189030,0,1,19.28999072,yahoo_bootstrap
2024-04-17,19.79999924,20.39999962,19.79999924,20.25,1435884,0,1,19.72840036,yahoo_bootstrap
2024-04-18,20,20.20000076,20,20.10000038,616229,0,1,19.58226443,yahoo_bootstrap
2024-04-19,20,20,19.20000076,19.5,1467110,0,1,18.99771886,yahoo_bootstrap
2024-04-22,19.5,20.14999962,19.5,20.04999924,1564501,0,1,19.53355122,yahoo_bootstrap
2024-04-23,20.25,20.29999924,19.85000038,20,617397,0,1,19.48483986,yahoo_bootstrap
2024-04-24,20.20000076,20.29999924,20.04999924,20.10000038,687733,0,1,19.58226443,yahoo_bootstrap
2024-04-25,20.14999962,20.14999962,20,20,772010,0,1,19.48483986,yahoo_bootstrap
2024-04-26,20.10000038,20.20000076,19.89999962,19.95000076,665237,0,1,19.4361285,yahoo_bootstrap
2024-04-29,19.95000076,20.45000076,19.95000076,20.45000076,1689749,0,1,19.92324949,yahoo_bootstrap
2024-04-30,20.5,20.60000038,20.25,20.29999924,1056956,0,1,19.77711171,yahoo_bootstrap
2024-05-02,20.35000038,20.39999962,20.14999962,20.29999924,653620,0,1,19.77711171,yahoo_bootstrap
2024-05-03,20.35000038,20.60000038,19.95000076,20.04999924,1301138,0,1,19.53355122,yahoo_bootstrap
2024-05-06,20.04999924,20.10000038,19.89999962,20,632804,0,1,19.48483986,yahoo_bootstrap
2024-05-07,20.04999924,20.14999962,19.75,19.89999962,632516,0,1,19.38741529,yahoo_bootstrap
2024-05-08,20,20.64999962,20,20.39999962,2261614,0,1,19.87453628,yahoo_bootstrap
2024-05-09,20.29999924,20.75,20.20000076,20.25,1524817,0,1,19.72840036,yahoo_bootstrap
2024-05-10,20.60000038,20.60000038,20.20000076,20.35000038,881179,0,1,19.82582492,yahoo_bootstrap
2024-05-13,20.35000038,20.39999962,20.20000076,20.29999924,635943,0,1,19.77711171,yahoo_bootstrap
2024-05-14,20.29999924,20.5,20.10000038,20.10000038,678219,0,1,19.58226443,yahoo_bootstrap
2024-05-15,20.14999962,20.20000076,19.75,19.85000038,2074618,0,1,19.33870393,yahoo_bootstrap
2024-05-16,19.85000038,19.95000076,19.70000076,19.79999924,1673649,0,1,19.28999072,yahoo_bootstrap
2024-05-17,19.79999924,19.95000076,19.70000076,19.79999924,1136911,0,1,19.28999072,yahoo_bootstrap
2024-05-20,19.79999924,19.79999924,19.45000076,19.45000076,2595544,0,1,18.9490075,yahoo_bootstrap
2024-05-21,19.5,19.5,19.25,19.35000038,1696218,0,1,18.85158293,yahoo_bootstrap
2024-05-22,19.5,19.60000038,19.39999962,19.45000076,753855,0,1,18.9490075,yahoo_bootstrap
2024-05-23,19.45000076,19.45000076,19.20000076,19.25,1318267,0,1,18.75415836,yahoo_bootstrap
2024-05-24,19.25,19.39999962,19,19.25,757444,0,1,18.75415836,yahoo_bootstrap
2024-05-27,19.45000076,19.45000076,19.20000076,19.39999962,1468361,0,1,18.90029429,yahoo_bootstrap
2024-05-28,19.60000038,19.64999962,19.45000076,19.64999962,1267644,0,1,19.14385479,yahoo_bootstrap
2024-05-29,19.64999962,19.70000076,19.5,19.54999924,1179024,0,1,19.04643022,yahoo_bootstrap
2024-05-30,19.54999924,19.54999924,19.20000076,19.25,1354331,0,1,18.75415836,yahoo_bootstrap
2024-05-31,19.35000038,19.70000076,19.04999924,19.04999924,15300848,0,1,18.55930922,yahoo_bootstrap
2024-06-03,19.20000076,19.29999924,19.10000038,19.25,2018160,0,1,18.75415836,yahoo_bootstrap
2024-06-04,19.29999924,19.5,19.25,19.25,1175015,0,1,18.75415836,yahoo_bootstrap
2024-06-05,19.35000038,19.35000038,19.10000038,19.10000038,842120,0,1,18.60802243,yahoo_bootstrap
2024-06-06,19.14999962,19.14999962,19,19.04999924,1249840,0,1,18.55930922,yahoo_bootstrap
2024-06-07,19,19.25,18.95000076,19.14999962,1452881,0,1,18.65673379,yahoo_bootstrap
2024-06-11,19.35000038,19.39999962,19.20000076,19.20000076,861168,0,1,18.705447,yahoo_bootstrap
2024-06-12,19.25,19.29999924,19,19.04999924,929799,0,1,18.55930922,yahoo_bootstrap
2024-06-13,19.10000038,19.10000038,18.89999962,19.04999924,1306156,0,1,18.55930922,yahoo_bootstrap
2024-06-14,19.04999924,19.14999962,19,19.04999924,932161,0,1,18.55930922,yahoo_bootstrap
2024-06-17,19.10000038,19.20000076,19.04999924,19.10000038,891931,0,1,18.60802243,yahoo_bootstrap
2024-06-18,19.20000076,19.20000076,19.04999924,19.14999962,931183,0,1,18.65673379,yahoo_bootstrap
2024-06-19,19.14999962,19.20000076,18.89999962,18.89999962,1987257,0,1,18.41317329,yahoo_bootstrap
2024-06-20,18.85000038,19.04999924,18.79999924,19,1331838,0.15,1,18.65868265,yahoo_bootstrap
2024-06-21,18.85000038,19.79999924,18.85000038,19.54999924,4960736,0,1,19.19880166,yahoo_bootstrap
2024-06-24,19.64999962,19.64999962,19.25,19.39999962,1583980,0,1,19.05149665,yahoo_bootstrap
2024-06-25,19.45000076,19.45000076,19.04999924,19.29999924,789747,0,1,18.95329268,yahoo_bootstrap
2024-06-26,19.35000038,19.35000038,19.20000076,19.25,974323,0,1,18.90419163,yahoo_bootstrap
2024-06-27,19.14999962,19.20000076,19,19,1129619,0,1,18.65868265,yahoo_bootstrap
2024-06-28,19.20000076,19.35000038,19.14999962,19.20000076,787721,0,1,18.85509058,yahoo_bootstrap
2024-07-01,19.35000038,19.45000076,19.10000038,19.14999962,1039670,0,1,18.80598767,yahoo_bootstrap
2024-07-02,19.10000038,19.20000076,19.04999924,19.04999924,833630,0,1,18.7077837,yahoo_bootstrap
2024-07-03,19.10000038,19.45000076,19.10000038,19.29999924,1199505,0,1,18.95329268,yahoo_bootstrap
2024-07-04,19.45000076,19.64999962,19.39999962,19.54999924,1645731,0,1,19.19880166,yahoo_bootstrap
2024-07-05,19.54999924,20.64999962,19.54999924,20.35000038,7918566,0,1,19.98443153,yahoo_bootstrap
2024-07-08,20.79999924,21.39999962,20.60000038,20.64999962,8647673,0,1,20.27904156,yahoo_bootstrap
2024-07-09,20.64999962,20.70000076,20,20.35000038,2526523,0,1,19.98443153,yahoo_bootstrap
2024-07-10,20.39999962,20.60000038,20.20000076,20.29999924,1588084,0,1,19.93532861,yahoo_bootstrap
2024-07-11,20.29999924,20.29999924,20,20.25,2463180,0,1,19.88622756,yahoo_bootstrap
2024-07-12,20.14999962,21.29999924,20.10000038,20.89999962,8945762,0,1,20.52455054,yahoo_bootstrap
2024-07-15,21.20000076,21.35000038,20.5,20.60000038,4425367,0,1,20.22994051,yahoo_bootstrap
2024-07-16,20.60000038,20.75,20.29999924,20.29999924,1682852,0,1,19.93532861,yahoo_bootstrap
2024-07-17,20.35000038,20.89999962,20.35000038,20.54999924,2229894,0,1,20.18083759,yahoo_bootstrap
2024-07-18,20.5,20.79999924,20.25,20.5,1421119,0,1,20.13173654,yahoo_bootstrap
2024-07-19,20.60000038,20.64999962,19.79999924,19.95000076,3280422,0,1,19.59161753,yahoo_bootstrap
2024-07-22,19.89999962,20,19.45000076,19.45000076,2015232,0,1,19.10059956,yahoo_bootstrap
2024-07-23,19.5,19.89999962,19.5,19.64999962,1324642,0,1,19.29700563,yahoo_bootstrap
2024-07-26,19.39999962,19.45000076,19.10000038,19.35000038,853270,0,1,19.0023956,yahoo_bootstrap
2024-07-29,19.60000038,19.70000076,19.45000076,19.45000076,860760,0,1,19.10059956,yahoo_bootstrap
2024-07-30,20.10000038,20.14999962,19.64999962,20.10000038,2269621,0,1,19.73892255,yahoo_bootstrap
2024-07-31,20,22.10000038,19.79999924,21.85000038,17627174,0,1,21.45748542,yahoo_bootstrap
2024-08-01,22.14999962,22.29999924,21.14999962,21.54999924,12163473,0,1,21.16287352,yahoo_bootstrap
2024-08-02,21.10000038,21.20000076,20.45000076,20.45000076,4125281,0,1,20.08263549,yahoo_bootstrap
2024-08-05,19.95000076,19.95000076,18.5,18.54999924,6518642,0,1,18.21676574,yahoo_bootstrap
2024-08-06,18.64999962,19.29999924,17.25,18.20000076,4894360,0,1,17.87305465,yahoo_bootstrap
2024-08-07,18.35000038,19.20000076,18.29999924,19.04999924,2255101,0,1,18.7077837,yahoo_bootstrap
2024-08-08,18.85000038,18.95000076,18.54999924,18.64999962,1304661,0,1,18.3149697,yahoo_bootstrap
2024-08-09,18.95000076,20,18.79999924,19.39999962,6307596,0,1,19.05149665,yahoo_bootstrap
2024-08-12,19.60000038,20.35000038,19.45000076,19.95000076,4592252,0,1,19.59161753,yahoo_bootstrap
2024-08-13,19.95000076,20,19.75,19.85000038,1716810,0,1,19.49341356,yahoo_bootstrap
2024-08-14,20.04999924,20.39999962,19.89999962,20.20000076,3308503,0,1,19.83712651,yahoo_bootstrap
2024-08-15,20.29999924,20.5,20.10000038,20.25,1910574,0,1,19.88622756,yahoo_bootstrap
2024-08-16,20.5,20.54999924,20.10000038,20.20000076,2695667,0,1,19.83712651,yahoo_bootstrap
2024-08-19,20.20000076,20.29999924,19.79999924,19.95000076,2424584,0,1,19.59161753,yahoo_bootstrap
2024-08-20,20.10000038,20.45000076,20,20.45000076,1846310,0,1,20.08263549,yahoo_bootstrap
2024-08-21,21,22,20.54999924,21.5,14093761,0,1,21.11377247,yahoo_bootstrap
2024-08-22,21.95000076,23.64999962,21.95000076,23.64999962,32567090,0,1,23.22514935,yahoo_bootstrap
2024-08-23,24.79999924,25.5,23.70000076,24.75,131393341,0,1,24.30538924,yahoo_bootstrap
2024-08-26,24.39999962,24.79999924,23.10000038,23.29999924,42339866,0,1,22.8814364,yahoo_bootstrap
2024-08-27,23.20000076,25.20000076,23,24.60000038,52723891,0,1,24.15808423,yahoo_bootstrap
2024-08-28,24.60000038,25.45000076,24.45000076,24.54999924,35979122,0,1,24.10898131,yahoo_bootstrap
2024-08-29,24.60000038,27,24.54999924,27,114011386,0,1,26.51497008,yahoo_bootstrap
2024-08-30,27.60000038,28.10000038,26.04999924,26.29999924,95953697,0,1,25.82754419,yahoo_bootstrap
2024-09-02,26.60000038,26.75,25.85000038,26.14999962,27979648,0,1,25.68023917,yahoo_bootstrap
2024-09-03,26.20000076,26.64999962,25.45000076,25.64999962,22374523,0,1,25.1892212,yahoo_bootstrap
2024-09-04,24.75,25.25,23.10000038,24.60000038,20257961,0,1,24.15808423,yahoo_bootstrap
2024-09-05,25.20000076,26.5,25.04999924,25.75,28902565,0,1,25.28742517,yahoo_bootstrap
2024-09-06,26,26.20000076,24.70000076,24.85000038,23460744,0,1,24.40359321,yahoo_bootstrap
2024-09-09,24,24.45000076,23.5,24.35000038,14382408,0,1,23.91257524,yahoo_bootstrap
2024-09-10,24.64999962,24.79999924,23.60000038,23.85000038,11937172,0,1,23.42155728,yahoo_bootstrap
2024-09-11,24.35000038,24.60000038,23.85000038,24.25,11610536,0,1,23.81437128,yahoo_bootstrap
2024-09-12,24.95000076,26.60000038,24.79999924,26.10000038,37763243,0,1,25.63113812,yahoo_bootstrap
2024-09-13,26.20000076,26.39999962,25.54999924,26,18053111,0,1,25.53293415,yahoo_bootstrap
2024-09-16,26,27.60000038,25.85000038,26.39999962,50254621,0,1,25.92574815,yahoo_bootstrap
2024-09-18,26.60000038,28.20000076,26.14999962,26.5,84427606,0,1,26.02395212,yahoo_bootstrap
2024-09-19,26.64999962,27.70000076,26.20000076,27,54052600,0,1,26.51497008,yahoo_bootstrap
2024-09-20,27.45000076,29.5,26.95000076,28.39999962,134295407,0,1,27.88982001,yahoo_bootstrap
2024-09-23,28.5,28.54999924,26.35000038,26.35000038,62294561,0,1,25.8766471,yahoo_bootstrap
2024-09-24,26.35000038,27.25,26.14999962,27,28818903,0,1,26.51497008,yahoo_bootstrap
2024-09-25,27.25,27.29999924,26.25,26.64999962,26942662,0,1,26.17125713,yahoo_bootstrap
2024-09-26,26.54999924,26.85000038,26,26,13944389,0,1,25.53293415,yahoo_bootstrap
2024-09-27,26.39999962,27.25,26.25,26.60000038,23534162,0,1,26.12215608,yahoo_bootstrap
2024-09-30,26.45000076,27.10000038,26.14999962,26.5,12730158,0,1,26.02395212,yahoo_bootstrap
2024-10-01,26.79999924,26.79999924,25.75,26.39999962,14394856,0,1,25.92574815,yahoo_bootstrap
2024-10-04,26.29999924,26.64999962,25.85000038,26.20000076,8282592,0,1,25.72934209,yahoo_bootstrap
2024-10-07,26.39999962,26.75,26.04999924,26.29999924,8672138,0,1,25.82754419,yahoo_bootstrap
2024-10-08,26.25,26.5,25.29999924,25.5,11610078,0,1,25.04191619,yahoo_bootstrap
2024-10-09,25.60000038,25.79999924,24.70000076,24.70000076,11475574,0,1,24.25628819,yahoo_bootstrap
2024-10-11,24.75,25.35000038,24.29999924,24.45000076,10739218,0,1,24.01077921,yahoo_bootstrap
2024-10-14,24.45000076,24.60000038,23.95000076,24,5427965,0,1,23.5688623,yahoo_bootstrap
2024-10-15,24.20000076,24.5,23.85000038,23.85000038,4856295,0,1,23.42155728,yahoo_bootstrap
2024-10-16,23.89999962,24.35000038,23.85000038,24.04999924,5086500,0,1,23.61796335,yahoo_bootstrap
2024-10-17,24.25,25.79999924,24.14999962,25.20000076,12911160,0,1,24.74730616,yahoo_bootstrap
2024-10-18,25.60000038,26.45000076,25.14999962,25.64999962,24825149,0,1,25.1892212,yahoo_bootstrap
2024-10-21,25.75,26.79999924,25.25,26.20000076,20568520,0,1,25.72934209,yahoo_bootstrap
2024-10-22,26,26.29999924,25.70000076,26,8655215,0,1,25.53293415,yahoo_bootstrap
2024-10-23,26.10000038,27,26.04999924,26.60000038,26997689,0,1,26.12215608,yahoo_bootstrap
2024-10-24,26.5,26.60000038,25.54999924,25.54999924,11628128,0,1,25.09101724,yahoo_bootstrap
2024-10-25,25.60000038,25.75,25.20000076,25.25,4645486,0,1,24.79640721,yahoo_bootstrap
2024-10-28,25.29999924,25.35000038,24.60000038,24.85000038,4958018,0,1,24.40359321,yahoo_bootstrap
2024-10-29,25.5,25.60000038,24.54999924,24.60000038,7262138,0,1,24.15808423,yahoo_bootstrap
2024-10-30,24.75,24.89999962,24.20000076,24.25,4152616,0,1,23.81437128,yahoo_bootstrap
2024-11-01,23.89999962,24.25,23.70000076,24.14999962,2684421,0,1,23.71616731,yahoo_bootstrap
2024-11-04,24.14999962,24.79999924,23.79999924,24.5,3834962,0,1,24.05988026,yahoo_bootstrap
2024-11-05,24.29999924,25,24.29999924,24.75,2370773,0,1,24.30538924,yahoo_bootstrap
2024-11-06,25,25.04999924,23.95000076,24,3328958,0,1,23.5688623,yahoo_bootstrap
2024-11-07,24,24.89999962,24,24.25,3917176,0,1,23.81437128,yahoo_bootstrap
2024-11-08,24.25,24.35000038,23.35000038,23.39999962,6257410,0,1,22.97964036,yahoo_bootstrap
2024-11-11,23.29999924,23.39999962,23,23.20000076,2959044,0,1,22.7832343,yahoo_bootstrap
2024-11-12,23.10000038,23.64999962,22.54999924,23.5,5280420,0,1,23.07784433,yahoo_bootstrap
2024-11-13,23.20000076,23.95000076,23.20000076,23.25,3062364,0,1,22.83233535,yahoo_bootstrap
2024-11-14,23.35000038,23.60000038,22.70000076,22.70000076,2407251,0,1,22.29221633,yahoo_bootstrap
2024-11-15,22.70000076,23.70000076,22.64999962,23.25,3281041,0,1,22.83233535,yahoo_bootstrap
2024-11-18,23.35000038,23.45000076,22.75,22.75,2495357,0,1,22.34131738,yahoo_bootstrap
2024-11-19,22.89999962,22.95000076,22.70000076,22.75,2407600,0,1,22.34131738,yahoo_bootstrap
2024-11-20,22.85000038,22.85000038,22.85000038,22.85000038,2294871,0,1,22.43952135,yahoo_bootstrap
2024-11-21,22.85000038,23.29999924,22.60000038,23.20000076,2214117,0,1,22.7832343,yahoo_bootstrap
2024-11-22,23.25,23.5,23.04999924,23.20000076,1986891,0,1,22.7832343,yahoo_bootstrap
2024-11-25,23.35000038,23.5,23.10000038,23.20000076,2373371,0,1,22.7832343,yahoo_bootstrap
2024-11-26,23.20000076,23.95000076,23.10000038,23.29999924,3076319,0,1,22.8814364,yahoo_bootstrap
2024-11-27,23.39999962,23.45000076,22.64999962,22.75,2164906,0,1,22.34131738,yahoo_bootstrap
2024-11-28,22.64999962,22.79999924,22.20000076,22.45000076,2200181,0,1,22.04670735,yahoo_bootstrap
2024-11-29,22.45000076,22.54999924,22.14999962,22.54999924,1459397,0,1,22.14490945,yahoo_bootstrap
2024-12-02,22.70000076,22.89999962,22.39999962,22.5,1587797,0,1,22.0958084,yahoo_bootstrap
2024-12-03,22.64999962,23.60000038,22.64999962,23.14999962,2930109,0,1,22.73413138,yahoo_bootstrap
2024-12-04,23.25,23.35000038,22.85000038,23,1891536,0,1,22.58682637,yahoo_bootstrap
2024-12-05,23.20000076,23.64999962,22.79999924,22.85000038,3185183,0,1,22.43952135,yahoo_bootstrap
2024-12-06,23,23.10000038,22.70000076,22.70000076,1456986,0,1,22.29221633,yahoo_bootstrap
2024-12-09,23,23,22.20000076,22.20000076,3450008,0,1,21.80119837,yahoo_bootstrap
2024-12-10,22.20000076,22.75,22.20000076,22.54999924,1697459,0,1,22.14490945,yahoo_bootstrap
2024-12-11,22.60000038,22.60000038,22.10000038,22.20000076,1756680,0,1,21.80119837,yahoo_bootstrap
2024-12-12,22.35000038,22.39999962,22.10000038,22.14999962,1187072,0,1,21.75209545,yahoo_bootstrap
2024-12-13,22.10000038,22.10000038,21.35000038,21.60000038,3883731,0,1,21.21197644,yahoo_bootstrap
2024-12-16,21.64999962,22.04999924,21.25,21.45000076,2897486,0,1,21.06467142,yahoo_bootstrap
2024-12-17,21.45000076,21.85000038,21.45000076,21.64999962,1346726,0,1,21.26107749,yahoo_bootstrap
2024-12-18,21.5,21.95000076,21.35000038,21.85000038,2306348,0,1,21.45748542,yahoo_bootstrap
2024-12-19,21.60000038,21.85000038,21.35000038,21.70000076,1739364,0,1,21.3101804,yahoo_bootstrap
2024-12-20,21.70000076,21.75,21.35000038,21.39999962,1544358,0,1,21.01556851,yahoo_bootstrap
2024-12-23,21.54999924,22.39999962,21.54999924,22,2434339,0,1,21.60479044,yahoo_bootstrap
2024-12-24,22.20000076,22.39999962,21.70000076,21.75,1681255,0,1,21.35928145,yahoo_bootstrap
2024-12-25,22,22,21.60000038,21.75,1141240,0,1,21.35928145,yahoo_bootstrap
2024-12-26,21.95000076,22.10000038,21.75,21.75,1962313,0,1,21.35928145,yahoo_bootstrap
2024-12-27,21.79999924,21.79999924,21.39999962,21.39999962,1174206,0,1,21.01556851,yahoo_bootstrap
2024-12-30,21.45000076,21.70000076,21.35000038,21.39999962,1031439,0,1,21.01556851,yahoo_bootstrap
2024-12-31,21.29999924,21.29999924,20.89999962,21,1621568,0,1,20.62275451,yahoo_bootstrap
2025-01-02,21,21.10000038,20.64999962,20.70000076,1403019,0,1,20.32814448,yahoo_bootstrap
2025-01-03,20.75,21,20.39999962,20.45000076,1534538,0,1,20.08263549,yahoo_bootstrap
2025-01-06,20.64999962,21.04999924,20.5,20.95000076,1902712,0,1,20.57365346,yahoo_bootstrap
2025-01-07,21.10000038,21.14999962,20.5,20.5,1183704,0,1,20.13173654,yahoo_bootstrap
2025-01-08,20.64999962,20.89999962,20.60000038,20.75,1320419,0,1,20.37724553,yahoo_bootstrap
2025-01-09,20.95000076,20.95000076,20.25,20.25,1620921,0,1,19.88622756,yahoo_bootstrap
2025-01-10,20.20000076,20.54999924,20.14999962,20.25,1303883,0,1,19.88622756,yahoo_bootstrap
2025-01-13,20.25,20.25,19.79999924,20.10000038,2689222,0,1,19.73892255,yahoo_bootstrap
2025-01-14,20.25,20.79999924,20.25,20.79999924,1638114,0,1,20.42634658,yahoo_bootstrap
2025-01-15,20.85000038,21.04999924,20.70000076,20.70000076,1031489,0,1,20.32814448,yahoo_bootstrap
2025-01-16,21.04999924,21.20000076,20.79999924,20.79999924,1055307,0,1,20.42634658,yahoo_bootstrap
2025-01-17,20.95000076,21.04999924,20.85000038,21.04999924,951829,0,1,20.67185556,yahoo_bootstrap
2025-01-20,21.20000076,21.35000038,20.85000038,21.35000038,1399559,0,1,20.96646746,yahoo_bootstrap
2025-01-21,21.45000076,21.75,21.04999924,21.14999962,1078200,0,1,20.77005952,yahoo_bootstrap
2025-01-22,21.39999962,21.39999962,21.10000038,21.20000076,667767,0,1,20.81916244,yahoo_bootstrap
2025-02-03,21,21.14999962,20.54999924,20.95000076,1294525,0,1,20.57365346,yahoo_bootstrap
2025-02-04,21.10000038,21.10000038,20.60000038,20.70000076,839205,0,1,20.32814448,yahoo_bootstrap
2025-02-05,20.95000076,21.10000038,20.79999924,20.95000076,854230,0,1,20.57365346,yahoo_bootstrap
2025-02-06,21.04999924,21.89999962,21.04999924,21.85000038,2778144,0,1,21.45748542,yahoo_bootstrap
2025-02-07,21.85000038,21.85000038,21.5,21.64999962,1793905,0,1,21.26107749,yahoo_bootstrap
2025-02-10,21.39999962,21.45000076,21.20000076,21.35000038,1352065,0,1,20.96646746,yahoo_bootstrap
2025-02-11,21.39999962,21.39999962,20.89999962,20.89999962,1544782,0,1,20.52455054,yahoo_bootstrap
2025-02-12,20.89999962,21.20000076,20.70000076,20.79999924,1088139,0,1,20.42634658,yahoo_bootstrap
2025-02-13,20.79999924,21.5,20.79999924,21.5,1464162,0,1,21.11377247,yahoo_bootstrap
2025-02-14,21.54999924,21.54999924,21.10000038,21.45000076,815042,0,1,21.06467142,yahoo_bootstrap
2025-02-17,21.54999924,21.64999962,21.29999924,21.39999962,902485,0,1,21.01556851,yahoo_bootstrap
2025-02-18,21.54999924,21.54999924,21.10000038,21.35000038,908128,0,1,20.96646746,yahoo_bootstrap
2025-02-19,21.5,21.95000076,21.35000038,21.85000038,2634518,0,1,21.45748542,yahoo_bootstrap
2025-02-20,21.85000038,21.85000038,21.5,21.5,1218170,0,1,21.11377247,yahoo_bootstrap
2025-02-21,21.60000038,22,21.35000038,21.79999924,1890441,0,1,21.40838251,yahoo_bootstrap
2025-02-24,21.75,21.89999962,21.5,21.60000038,1158101,0,1,21.21197644,yahoo_bootstrap
2025-02-25,21.45000076,21.79999924,21.29999924,21.64999962,1216238,0,1,21.26107749,yahoo_bootstrap
2025-02-26,21.75,21.75,21.39999962,21.5,925223,0,1,21.11377247,yahoo_bootstrap
2025-02-27,21.54999924,21.85000038,21.45000076,21.45000076,1190012,0,1,21.06467142,yahoo_bootstrap
2025-03-03,21.25,21.35000038,21.04999924,21.25,1125147,0,1,20.86826349,yahoo_bootstrap
2025-03-04,21.10000038,21.20000076,20.45000076,21.14999962,1465307,0,1,20.77005952,yahoo_bootstrap
2025-03-05,21.29999924,21.64999962,21,21.60000038,1225707,0,1,21.21197644,yahoo_bootstrap
2025-03-06,21.79999924,22.10000038,21.5,21.5,2206092,0,1,21.11377247,yahoo_bootstrap
2025-03-07,21.60000038,21.85000038,21.5,21.60000038,1172655,0,1,21.21197644,yahoo_bootstrap
2025-03-10,21.75,21.85000038,21.45000076,21.5,934443,0,1,21.11377247,yahoo_bootstrap
2025-03-11,21.20000076,21.20000076,20.60000038,21.14999962,1394113,0,1,20.77005952,yahoo_bootstrap
2025-03-12,21.10000038,21.20000076,20.89999962,21.04999924,805208,0,1,20.67185556,yahoo_bootstrap
2025-03-13,21.20000076,21.25,20.5,20.5,1377808,0,1,20.13173654,yahoo_bootstrap
2025-03-14,20.5,20.85000038,20.5,20.85000038,715431,0,1,20.47544949,yahoo_bootstrap
2025-03-17,20.85000038,21,20.79999924,20.89999962,656069,0,1,20.52455054,yahoo_bootstrap
2025-03-18,20.95000076,21.14999962,20.85000038,20.89999962,645234,0,1,20.52455054,yahoo_bootstrap
2025-03-19,20.95000076,21.10000038,20.75,20.85000038,700865,0,1,20.47544949,yahoo_bootstrap
2025-03-20,20.89999962,21.10000038,20.89999962,21,727908,0,1,20.62275451,yahoo_bootstrap
2025-03-21,21,21,20.60000038,20.60000038,847221,0,1,20.22994051,yahoo_bootstrap
2025-03-24,20.64999962,20.70000076,20.20000076,20.20000076,1047558,0,1,19.83712651,yahoo_bootstrap
2025-03-25,20.39999962,20.5,20.04999924,20.04999924,835189,0,1,19.68981963,yahoo_bootstrap
2025-03-26,20.10000038,20.29999924,20.04999924,20.10000038,532480,0,1,19.73892255,yahoo_bootstrap
2025-03-27,20.10000038,20.20000076,19.89999962,20,626362,0,1,19.64071858,yahoo_bootstrap
2025-03-28,20,20,19.29999924,19.29999924,1834886,0,1,18.95329268,yahoo_bootstrap
2025-03-31,19,19.10000038,18,18.5,2954905,0,1,18.16766469,yahoo_bootstrap
2025-04-01,19,19.79999924,19,19.29999924,2723000,0,1,18.95329268,yahoo_bootstrap
2025-04-02,19.85000038,19.85000038,19.20000076,19.45000076,1101434,0,1,19.10059956,yahoo_bootstrap
2025-04-07,17.54999924,17.54999924,17.54999924,17.54999924,671602,0,1,17.23472981,yahoo_bootstrap
2025-04-08,15.89999962,16.45000076,15.80000019,15.80000019,5219527,0,1,15.51616786,yahoo_bootstrap
2025-04-09,15.5,15.5,14.25,14.25,8120607,0,1,13.99401199,yahoo_bootstrap
2025-04-10,15.64999962,15.64999962,15.30000019,15.64999962,1131547,0,1,15.36886192,yahoo_bootstrap
2025-04-11,14.94999981,16.04999924,14.94999981,16.04999924,2828633,0,1,15.76167591,yahoo_bootstrap
2025-04-14,16.20000076,16.70000076,16.04999924,16.14999962,2043990,0,1,15.85987988,yahoo_bootstrap
2025-04-15,16.29999924,16.89999962,16.29999924,16.79999924,1383042,0,1,16.49820286,yahoo_bootstrap
2025-04-16,16.79999924,16.79999924,16.54999924,16.64999962,747164,0,1,16.35089784,yahoo_bootstrap
2025-04-17,16.5,16.64999962,16.29999924,16.54999924,668403,0,1,16.25269388,yahoo_bootstrap
2025-04-18,16.5,16.75,16.5,16.64999962,650013,0,1,16.35089784,yahoo_bootstrap
2025-04-21,16.70000076,16.75,16.10000038,16.14999962,987756,0,1,15.85987988,yahoo_bootstrap
2025-04-22,15.85000038,16.20000076,15.80000019,16,911271,0,1,15.71257486,yahoo_bootstrap
2025-04-23,16.29999924,16.5,16.14999962,16.20000076,1557324,0,1,15.9089828,yahoo_bootstrap
2025-04-24,16.45000076,16.60000038,16.29999924,16.45000076,966681,0,1,16.15449178,yahoo_bootstrap
2025-04-25,16.70000076,16.70000076,16.5,16.60000038,835434,0,1,16.30179679,yahoo_bootstrap
2025-04-28,16.60000038,16.89999962,16.60000038,16.79999924,671015,0,1,16.49820286,yahoo_bootstrap
2025-04-29,16.79999924,17,16.75,16.95000076,624694,0,1,16.64550974,yahoo_bootstrap
2025-04-30,16.95000076,17.10000038,16.70000076,16.75,690201,0,1,16.44910181,yahoo_bootstrap
2025-05-02,16.85000038,17,16.85000038,17,673002,0,1,16.69461079,yahoo_bootstrap
2025-05-05,17,17.20000076,16.39999962,16.54999924,1047565,0,1,16.25269388,yahoo_bootstrap
2025-05-06,16.54999924,16.85000038,16.54999924,16.75,454251,0,1,16.44910181,yahoo_bootstrap
2025-05-07,16.70000076,16.89999962,16.70000076,16.85000038,475220,0,1,16.54730578,yahoo_bootstrap
2025-05-08,16.95000076,17.35000038,16.95000076,17.20000076,1538398,0,1,16.89101872,yahoo_bootstrap
2025-05-09,17.25,17.25,16.89999962,17.10000038,740111,0,1,16.79281476,yahoo_bootstrap
2025-05-12,17.10000038,17.25,17,17.20000076,947468,0,1,16.89101872,yahoo_bootstrap
2025-05-13,17.35000038,17.35000038,17.10000038,17.14999962,722154,0,1,16.84191581,yahoo_bootstrap
2025-05-14,17.20000076,17.45000076,17.20000076,17.29999924,951421,0,1,16.98922082,yahoo_bootstrap
2025-05-15,17.29999924,17.35000038,17.10000038,17.14999962,572099,0,1,16.84191581,yahoo_bootstrap
2025-05-16,17.14999962,17.35000038,17.14999962,17.29999924,583132,0,1,16.98922082,yahoo_bootstrap
2025-05-19,17.29999924,17.29999924,16.95000076,16.95000076,704612,0,1,16.64550974,yahoo_bootstrap
2025-05-20,17,17.04999924,16.85000038,16.89999962,385033,0,1,16.59640683,yahoo_bootstrap
2025-05-21,16.89999962,17.14999962,16.85000038,17,457500,0,1,16.69461079,yahoo_bootstrap
2025-05-22,16.95000076,16.95000076,16.64999962,16.64999962,636178,0,1,16.35089784,yahoo_bootstrap
2025-05-23,16.64999962,17.04999924,16.64999962,16.89999962,546413,0,1,16.59640683,yahoo_bootstrap
2025-05-26,16.85000038,18.54999924,16.79999924,18.54999924,3921296,0,1,18.21676574,yahoo_bootstrap
2025-05-27,20.39999962,20.39999962,20.39999962,20.39999962,5323051,0,1,20.03353258,yahoo_bootstrap
2025-05-28,22.39999962,22.39999962,18.5,18.5,48764058,0,1,18.16766469,yahoo_bootstrap
2025-05-29,18.60000038,18.64999962,17.70000076,17.70000076,9563155,0,1,17.38203669,yahoo_bootstrap
2025-06-02,17.60000038,17.64999962,16.85000038,17,4953430,0,1,16.69461079,yahoo_bootstrap
2025-06-03,17.14999962,17.25,16.79999924,16.85000038,2383050,0,1,16.54730578,yahoo_bootstrap
2025-06-04,17.04999924,17.29999924,17,17.04999924,2254210,0,1,16.74371184,yahoo_bootstrap
2025-06-05,17.10000038,17.29999924,16.95000076,17,1669762,0,1,16.69461079,yahoo_bootstrap
2025-06-06,17,17.10000038,16.89999962,16.95000076,1207425,0,1,16.64550974,yahoo_bootstrap
2025-06-09,16.95000076,17,16.54999924,16.64999962,2228888,0,1,16.35089784,yahoo_bootstrap
2025-06-10,16.70000076,17.04999924,16.70000076,16.85000038,1820967,0,1,16.54730578,yahoo_bootstrap
2025-06-11,16.95000076,16.95000076,16.64999962,16.85000038,1334188,0,1,16.54730578,yahoo_bootstrap
2025-06-12,16.89999962,17,16.70000076,17,878653,0,1,16.69461079,yahoo_bootstrap
2025-06-13,16.89999962,16.89999962,16.39999962,16.39999962,2939460,0,1,16.10538886,yahoo_bootstrap
2025-06-16,16.35000038,16.60000038,16.20000076,16.45000076,723608,0,1,16.15449178,yahoo_bootstrap
2025-06-17,16.54999924,16.70000076,16.35000038,16.39999962,1094815,0,1,16.10538886,yahoo_bootstrap
2025-06-18,16.45000076,17.14999962,16.45000076,16.70000076,1957365,0,1,16.40000076,yahoo_bootstrap
2025-06-19,16.45000076,16.45000076,15.94999981,15.94999981,1850064,0.3,1,15.94999981,yahoo_bootstrap
2025-06-20,15.94999981,16.14999962,15.55000019,15.55000019,1462843,0,1,15.55000019,yahoo_bootstrap
2025-06-23,15.55000019,15.69999981,15.19999981,15.60000038,1224782,0,1,15.60000038,yahoo_bootstrap
2025-06-24,15.85000038,16.20000076,15.80000019,16.20000076,1092087,0,1,16.20000076,yahoo_bootstrap
2025-06-25,16.35000038,16.39999962,16.04999924,16.04999924,688535,0,1,16.04999924,yahoo_bootstrap
2025-06-26,16.10000038,16.5,16.10000038,16.29999924,1185071,0,1,16.29999924,yahoo_bootstrap
2025-06-27,16.5,16.64999962,16.29999924,16.45000076,953215,0,1,16.45000076,yahoo_bootstrap
2025-06-30,16.54999924,16.54999924,16.10000038,16.10000038,531503,0,1,16.10000038,yahoo_bootstrap
2025-07-01,16.25,16.35000038,16.10000038,16.10000038,981572,0,1,16.10000038,yahoo_bootstrap
2025-07-02,16.10000038,16.35000038,16.04999924,16.10000038,575014,0,1,16.10000038,yahoo_bootstrap
2025-07-03,16.14999962,16.45000076,16.14999962,16.29999924,830533,0,1,16.29999924,yahoo_bootstrap
2025-07-04,16.75,17.5,16,16,9577316,0,1,16,yahoo_bootstrap
2025-07-07,16,16.39999962,15.75,16.04999924,2764108,0,1,16.04999924,yahoo_bootstrap
2025-07-08,15.80000019,15.80000019,15.5,15.64999962,2215941,0,1,15.64999962,yahoo_bootstrap
2025-07-09,15.64999962,15.75,15.39999962,15.39999962,1051138,0,1,15.39999962,yahoo_bootstrap
2025-07-10,15.5,15.55000019,15.19999981,15.19999981,1391710,0,1,15.19999981,yahoo_bootstrap
2025-07-11,15.35000038,15.80000019,15.30000019,15.60000038,1800716,0,1,15.60000038,yahoo_bootstrap
2025-07-14,15.85000038,15.85000038,15.5,15.55000019,609966,0,1,15.55000019,yahoo_bootstrap
2025-07-15,15.60000038,15.69999981,15.44999981,15.55000019,560953,0,1,15.55000019,yahoo_bootstrap
2025-07-16,15.60000038,16.10000038,15.55000019,15.80000019,1470233,0,1,15.80000019,yahoo_bootstrap
2025-07-17,16,16.35000038,15.85000038,16.20000076,2241062,0,1,16.20000076,yahoo_bootstrap
2025-07-18,16.25,16.45000076,16.10000038,16.25,1348761,0,1,16.25,yahoo_bootstrap
2025-07-21,16.39999962,16.85000038,16.39999962,16.54999924,2023538,0,1,16.54999924,yahoo_bootstrap
2025-07-22,16.70000076,16.75,16.10000038,16.20000076,2546965,0,1,16.20000076,yahoo_bootstrap
2025-07-23,16.35000038,16.64999962,16.29999924,16.35000038,3530296,0,1,16.35000038,yahoo_bootstrap
2025-07-24,16.60000038,16.79999924,16.39999962,16.75,3975254,0,1,16.75,yahoo_bootstrap
2025-07-25,16.79999924,16.79999924,16.5,16.54999924,1429775,0,1,16.54999924,yahoo_bootstrap
2025-07-28,16.60000038,17.20000076,16.60000038,16.85000038,9604665,0,1,16.85000038,yahoo_bootstrap
2025-07-29,16.75,17,16.25,16.29999924,3281508,0,1,16.29999924,yahoo_bootstrap
2025-07-30,16.25,16.70000076,16.20000076,16.64999962,1543624,0,1,16.64999962,yahoo_bootstrap
2025-07-31,16.75,16.75,16.29999924,16.35000038,1194645,0,1,16.35000038,yahoo_bootstrap
2025-08-04,16.20000076,16.45000076,15.89999962,16.45000076,1207269,0,1,16.45000076,yahoo_bootstrap
2025-08-05,16.5,16.54999924,16.35000038,16.5,1085774,0,1,16.5,yahoo_bootstrap
2025-08-06,16.45000076,16.95000076,16.45000076,16.60000038,2197028,0,1,16.60000038,yahoo_bootstrap
2025-08-07,16.75,17.20000076,16.54999924,17,3831919,0,1,17,yahoo_bootstrap
2025-08-08,17,17,16.60000038,16.64999962,2765475,0,1,16.64999962,yahoo_bootstrap
2025-08-11,16.64999962,16.85000038,16.45000076,16.64999962,1549388,0,1,16.64999962,yahoo_bootstrap
2025-08-12,16.64999962,17.29999924,16.64999962,17,4583123,0,1,17,yahoo_bootstrap
2025-08-13,17.35000038,18.5,17.14999962,17.25,9591501,0,1,17.25,yahoo_bootstrap
2025-08-14,17.25,17.79999924,17.25,17.45000076,3814527,0,1,17.45000076,yahoo_bootstrap
2025-08-15,17.54999924,18.14999962,17.25,17.95000076,6320607,0,1,17.95000076,yahoo_bootstrap
2025-08-18,18.20000076,19.70000076,18,19.70000076,16648480,0,1,19.70000076,yahoo_bootstrap
2025-08-19,19.79999924,19.85000038,18.45000076,18.70000076,18109040,0,1,18.70000076,yahoo_bootstrap
2025-08-20,18.54999924,19.25,18.20000076,18.20000076,13339366,0,1,18.20000076,yahoo_bootstrap
2025-08-21,18.25,18.64999962,17.89999962,18,5282098,0,1,18,yahoo_bootstrap
2025-08-22,17.79999924,18.04999924,17.54999924,17.60000038,3395223,0,1,17.60000038,yahoo_bootstrap
2025-08-25,17.89999962,18.45000076,17.89999962,18.25,3800359,0,1,18.25,yahoo_bootstrap
2025-08-26,18.25,18.60000038,18.04999924,18.35000038,4872300,0,1,18.35000038,yahoo_bootstrap
2025-08-27,18.45000076,18.95000076,18.25,18.29999924,5474012,0,1,18.29999924,yahoo_bootstrap
2025-08-28,18.5,19.20000076,18.14999962,18.60000038,7325246,0,1,18.60000038,yahoo_bootstrap
2025-08-29,18.89999962,18.95000076,18.39999962,18.5,3111080,0,1,18.5,yahoo_bootstrap
2025-09-01,18.75,18.95000076,18.39999962,18.39999962,4671284,0,1,18.39999962,yahoo_bootstrap
2025-09-02,18.70000076,18.75,17.89999962,18.10000038,2676243,0,1,18.10000038,yahoo_bootstrap
2025-09-03,18.10000038,18.25,18,18.04999924,1317356,0,1,18.04999924,yahoo_bootstrap
2025-09-04,18.20000076,18.29999924,18,18.04999924,1464080,0,1,18.04999924,yahoo_bootstrap
2025-09-05,18.25,19,18.04999924,18.64999962,10083150,0,1,18.64999962,yahoo_bootstrap
2025-09-08,18.79999924,19.10000038,18.54999924,18.79999924,6946329,0,1,18.79999924,yahoo_bootstrap
2025-09-09,18.60000038,20.64999962,18.29999924,20,27405330,0,1,20,yahoo_bootstrap
2025-09-10,21.04999924,22,20,22,67484347,0,1,22,yahoo_bootstrap
2025-09-11,22,22.14999962,20.5,20.70000076,36052845,0,1,20.70000076,yahoo_bootstrap
2025-09-12,20.79999924,20.89999962,20.20000076,20.25,10358999,0,1,20.25,yahoo_bootstrap
2025-09-15,20.10000038,20.20000076,19.39999962,19.45000076,9672233,0,1,19.45000076,yahoo_bootstrap
2025-09-16,19.45000076,19.85000038,19.20000076,19.35000038,5128927,0,1,19.35000038,yahoo_bootstrap
2025-09-17,19.35000038,19.60000038,19,19.10000038,4324039,0,1,19.10000038,yahoo_bootstrap
2025-09-18,19.29999924,19.75,19.14999962,19.14999962,5052763,0,1,19.14999962,yahoo_bootstrap
2025-09-19,19.25,19.64999962,19.10000038,19.29999924,3958850,0,1,19.29999924,yahoo_bootstrap
2025-09-22,19.5,20,19.29999924,19.60000038,4265275,0,1,19.60000038,yahoo_bootstrap
2025-09-23,19.70000076,19.75,19.20000076,19.20000076,4109526,0,1,19.20000076,yahoo_bootstrap
2025-09-24,19.35000038,19.54999924,19.20000076,19.29999924,2933025,0,1,19.29999924,yahoo_bootstrap
2025-09-25,19.29999924,20.64999962,19.29999924,19.75,8134013,0,1,19.75,yahoo_bootstrap
2025-09-26,19.79999924,19.79999924,18.89999962,19.14999962,4693448,0,1,19.14999962,yahoo_bootstrap
2025-09-30,19.25,19.54999924,19.14999962,19.29999924,2150500,0,1,19.29999924,yahoo_bootstrap
2025-10-01,19.5,20.14999962,19.45000076,19.70000076,5181301,0,1,19.70000076,yahoo_bootstrap
2025-10-02,20.60000038,21.54999924,20.35000038,20.85000038,25565761,0,1,20.85000038,yahoo_bootstrap
2025-10-03,20.45000076,20.95000076,20.14999962,20.20000076,9600460,0,1,20.20000076,yahoo_bootstrap
2025-10-07,20.20000076,20.54999924,19.95000076,20.29999924,5919595,0,1,20.29999924,yahoo_bootstrap
2025-10-08,20,20.25,19.79999924,20.10000038,3934649,0,1,20.10000038,yahoo_bootstrap
2025-10-09,20.10000038,20.25,19.85000038,19.89999962,4395753,0,1,19.89999962,yahoo_bootstrap
2025-10-13,19,19.60000038,18.89999962,19.60000038,3981643,0,1,19.60000038,yahoo_bootstrap
2025-10-14,19.64999962,19.79999924,18.79999924,18.89999962,6138981,0,1,18.89999962,yahoo_bootstrap
2025-10-15,19.14999962,19.14999962,18.75,19.14999962,2091908,0,1,19.14999962,yahoo_bootstrap
2025-10-16,19.14999962,19.35000038,19,19.10000038,1914619,0,1,19.10000038,yahoo_bootstrap
2025-10-17,19.10000038,19.45000076,19,19.04999924,2409008,0,1,19.04999924,yahoo_bootstrap
2025-10-20,19.10000038,19.29999924,18.89999962,19,2423185,0,1,19,yahoo_bootstrap
2025-10-21,19.20000076,20.04999924,18.95000076,19.5,7035199,0,1,19.5,yahoo_bootstrap
2025-10-22,19.45000076,19.64999962,19.25,19.39999962,2036090,0,1,19.39999962,yahoo_bootstrap
2025-10-23,19.29999924,19.45000076,19.04999924,19.10000038,1972397,0,1,19.10000038,yahoo_bootstrap
2025-10-27,19.45000076,19.79999924,19.39999962,19.70000076,6279200,0,1,19.70000076,yahoo_bootstrap
2025-10-28,19.79999924,20.20000076,19.35000038,19.35000038,5391866,0,1,19.35000038,yahoo_bootstrap
2025-10-29,19.54999924,19.70000076,19.14999962,19.20000076,2399082,0,1,19.20000076,yahoo_bootstrap
2025-10-30,19.20000076,19.20000076,18.70000076,18.85000038,3904396,0,1,18.85000038,yahoo_bootstrap
2025-10-31,19,19.04999924,18.75,18.75,1538646,0,1,18.75,yahoo_bootstrap
2025-11-03,18.85000038,18.89999962,18.64999962,18.75,1535685,0,1,18.75,yahoo_bootstrap
2025-11-04,18.79999924,19,18.29999924,18.29999924,2090705,0,1,18.29999924,yahoo_bootstrap
2025-11-05,18.10000038,18.39999962,17.95000076,18.35000038,1695512,0,1,18.35000038,yahoo_bootstrap
2025-11-06,18.5,18.75,18.35000038,18.75,1140568,0,1,18.75,yahoo_bootstrap
2025-11-07,18.60000038,18.64999962,18.35000038,18.45000076,918947,0,1,18.45000076,yahoo_bootstrap
2025-11-10,18.39999962,18.5,18.14999962,18.5,1463076,0,1,18.5,yahoo_bootstrap
2025-11-11,18.5,18.75,18.45000076,18.60000038,1297569,0,1,18.60000038,yahoo_bootstrap
2025-11-12,18.70000076,19.10000038,18.70000076,18.95000076,2192212,0,1,18.95000076,yahoo_bootstrap
2025-11-13,19,19.29999924,18.95000076,19.25,3979781,0,1,19.25,yahoo_bootstrap
2025-11-14,19.25,19.70000076,18.95000076,19.20000076,6077111,0,1,19.20000076,yahoo_bootstrap
2025-11-17,19.20000076,19.54999924,18.45000076,18.5,3675091,0,1,18.5,yahoo_bootstrap
2025-11-18,18.45000076,18.5,17.79999924,17.89999962,2896757,0,1,17.89999962,yahoo_bootstrap
2025-11-19,17.95000076,17.95000076,17.5,17.75,2002607,0,1,17.75,yahoo_bootstrap
2025-11-20,18.10000038,18.35000038,17.75,17.85000038,1555608,0,1,17.85000038,yahoo_bootstrap
2025-11-21,17.70000076,17.70000076,17.04999924,17.25,2366101,0,1,17.25,yahoo_bootstrap
2025-11-24,17.35000038,17.70000076,17.20000076,17.35000038,1415263,0,1,17.35000038,yahoo_bootstrap
2025-11-25,17.54999924,18.14999962,17.54999924,17.89999962,2304223,0,1,17.89999962,yahoo_bootstrap
2025-11-26,18.04999924,18.39999962,17.89999962,18.04999924,1515791,0,1,18.04999924,yahoo_bootstrap
2025-11-27,18.04999924,18.25,17.95000076,18.25,895218,0,1,18.25,yahoo_bootstrap
2025-11-28,18.29999924,18.5,18.14999962,18.39999962,1514633,0,1,18.39999962,yahoo_bootstrap
2025-12-01,18.20000076,18.45000076,18.10000038,18.29999924,967011,0,1,18.29999924,yahoo_bootstrap
2025-12-02,18.45000076,18.54999924,18.10000038,18.20000076,1566888,0,1,18.20000076,yahoo_bootstrap
2025-12-03,18.5,18.70000076,18.20000076,18.25,1651603,0,1,18.25,yahoo_bootstrap
2025-12-04,18.35000038,18.45000076,18.25,18.35000038,887215,0,1,18.35000038,yahoo_bootstrap
2025-12-05,18.35000038,18.45000076,17.89999962,18.10000038,1337952,0,1,18.10000038,yahoo_bootstrap
2025-12-08,18.10000038,18.25,17.95000076,18.20000076,1445005,0,1,18.20000076,yahoo_bootstrap
2025-12-09,18.20000076,18.25,17.95000076,18.25,844841,0,1,18.25,yahoo_bootstrap
2025-12-10,18.14999962,18.29999924,17.89999962,17.95000076,1189365,0,1,17.95000076,yahoo_bootstrap
2025-12-11,18,18.5,18,18.04999924,1912153,0,1,18.04999924,yahoo_bootstrap
2025-12-12,18.25,18.35000038,18.04999924,18.10000038,836250,0,1,18.10000038,yahoo_bootstrap
2025-12-15,17.95000076,18.29999924,17.79999924,18.29999924,927002,0,1,18.29999924,yahoo_bootstrap
2025-12-16,18.29999924,18.39999962,17.85000038,18.10000038,1563012,0,1,18.10000038,yahoo_bootstrap
2025-12-17,18.10000038,18.25,17.95000076,18,937101,0,1,18,yahoo_bootstrap
2025-12-18,18.04999924,18.45000076,17.89999962,17.95000076,1709065,0,1,17.95000076,yahoo_bootstrap
2025-12-19,18.14999962,18.95000076,18.04999924,18.70000076,4494085,0,1,18.70000076,yahoo_bootstrap
2025-12-22,19,19.54999924,18.89999962,19.29999924,7508368,0,1,19.29999924,yahoo_bootstrap
2025-12-23,19.45000076,19.95000076,19.20000076,19.79999924,8107626,0,1,19.79999924,yahoo_bootstrap
2025-12-24,19.85000038,19.85000038,18.95000076,19.14999962,4139554,0,1,19.14999962,yahoo_bootstrap
2025-12-26,19.14999962,19.14999962,18.75,19.14999962,2271150,0,1,19.14999962,yahoo_bootstrap
2025-12-29,19.29999924,19.79999924,19,19.54999924,7327179,0,1,19.54999924,yahoo_bootstrap
2025-12-30,19.70000076,19.70000076,19,19.29999924,3318252,0,1,19.29999924,yahoo_bootstrap
2025-12-31,19.29999924,19.5,19.04999924,19.14999962,1866660,0,1,19.14999962,yahoo_bootstrap
2026-01-02,19.29999924,20.45000076,19.29999924,20.29999924,13786494,0,1,20.29999924,yahoo_bootstrap
2026-01-05,20.89999962,22.25,20.54999924,20.64999962,32805518,0,1,20.64999962,yahoo_bootstrap
2026-01-06,20.64999962,21.70000076,20.14999962,21.60000038,20312712,0,1,21.60000038,yahoo_bootstrap
2026-01-07,22,22.89999962,21.5,22.29999924,33585019,0,1,22.29999924,yahoo_bootstrap
2026-01-08,22.29999924,22.29999924,20.35000038,20.54999924,16915578,0,1,20.54999924,yahoo_bootstrap
2026-01-09,20.5,21.39999962,19.85000038,21.04999924,10525817,0,1,21.04999924,yahoo_bootstrap
2026-01-12,21.20000076,22.29999924,21.10000038,21.85000038,14171516,0,1,21.85000038,yahoo_bootstrap
2026-01-13,22.14999962,23.14999962,21.75,22.10000038,22399990,0,1,22.10000038,yahoo_bootstrap
2026-01-14,22.79999924,24.29999924,22.70000076,24.29999924,21964450,0,1,24.29999924,yahoo_bootstrap
2026-01-15,25,25.25,22.5,23.95000076,72659329,0,1,23.95000076,yahoo_bootstrap
2026-01-16,23.60000038,24.10000038,22.85000038,23.04999924,22551840,0,1,23.04999924,yahoo_bootstrap
2026-01-19,23.14999962,23.64999962,22.60000038,23.25,13386950,0,1,23.25,yahoo_bootstrap
2026-01-20,23.10000038,23.29999924,22.75,22.89999962,7501176,0,1,22.89999962,yahoo_bootstrap
2026-01-21,22.70000076,22.89999962,22.20000076,22.45000076,8650767,0,1,22.45000076,yahoo_bootstrap
2026-01-22,23.04999924,23.45000076,22.39999962,22.54999924,6770436,0,1,22.54999924,yahoo_bootstrap
2026-01-23,22.79999924,22.79999924,21.79999924,21.85000038,5576065,0,1,21.85000038,yahoo_bootstrap
2026-01-26,22,22.5,21.70000076,22.45000076,4359302,0,1,22.45000076,yahoo_bootstrap
2026-01-27,22.70000076,22.70000076,21.75,21.79999924,4746299,0,1,21.79999924,yahoo_bootstrap
2026-01-28,21.79999924,23,21.75,22.20000076,9983491,0,1,22.20000076,yahoo_bootstrap
2026-01-29,22.45000076,22.60000038,21.10000038,21.25,6302932,0,1,21.25,yahoo_bootstrap
2026-01-30,21.25,21.64999962,20.79999924,20.85000038,3803516,0,1,20.85000038,yahoo_bootstrap
2026-02-02,20.85000038,20.95000076,20.35000038,20.35000038,3587204,0,1,20.35000038,yahoo_bootstrap
2026-02-03,20.89999962,21.95000076,20.79999924,21.75,10765580,0,1,21.75,yahoo_bootstrap
2026-02-04,22,23.89999962,21.54999924,23.89999962,63555688,0,1,23.89999962,yahoo_bootstrap
2026-02-05,23.5,24.35000038,23.10000038,23.10000038,49688108,0,1,23.10000038,yahoo_bootstrap
2026-02-06,22.70000076,23.70000076,21.64999962,22.64999962,16802826,0,1,22.64999962,yahoo_bootstrap
2026-02-09,23.35000038,24.45000076,22.60000038,23.79999924,25944120,0,1,23.79999924,yahoo_bootstrap
2026-02-10,23.70000076,24.14999962,22.54999924,22.95000076,17898532,0,1,22.95000076,yahoo_bootstrap
2026-02-11,22.79999924,23.5,22.64999962,23,8290812,0,1,23,yahoo_bootstrap
2026-02-23,23.20000076,25.29999924,23.10000038,25.29999924,29475484,0,1,25.29999924,yahoo_bootstrap
2026-02-24,26,27.79999924,25.70000076,27.79999924,60475319,0,1,27.79999924,yahoo_bootstrap
2026-02-25,29.04999924,29.20000076,25.79999924,26.79999924,72180479,0,1,26.79999924,yahoo_bootstrap
2026-02-26,26.75,27.54999924,26.10000038,27.20000076,31169279,0,1,27.20000076,yahoo_bootstrap
2026-03-02,26.20000076,27.89999962,25.75,27.20000076,23841924,0,1,27.20000076,yahoo_bootstrap
2026-03-03,27.35000038,29.89999962,27,29.14999962,100075213,0,1,29.14999962,yahoo_bootstrap
2026-03-04,28.25,28.54999924,26.25,26.25,36087086,0,1,26.25,yahoo_bootstrap
2026-03-05,26.95000076,28.29999924,26.25,27.10000038,42959799,0,1,27.10000038,yahoo_bootstrap
2026-03-06,26.79999924,28.25,26.54999924,27.45000076,24390583,0,1,27.45000076,yahoo_bootstrap
2026-03-09,24.85000038,25.60000038,24.75,25.25,17385562,0,1,25.25,yahoo_bootstrap
2026-03-10,25.79999924,26.54999924,25.20000076,25.64999962,18371716,0,1,25.64999962,yahoo_bootstrap
2026-03-11,26.10000038,28,26.10000038,27.75,20274375,0,1,27.75,yahoo_bootstrap
2026-03-12,27.70000076,30,27.14999962,29.39999962,53221036,0,1,29.39999962,yahoo_bootstrap
2026-03-13,29,32.29999924,28.64999962,32.29999924,76501016,0,1,32.29999924,yahoo_bootstrap
2026-03-16,35.40000153,35.5,34.20000076,35.5,39096176,0,1,35.5,yahoo_bootstrap
2026-03-17,37.09999847,39.04999924,36.09999847,39.04999924,71732100,0,1,39.04999924,yahoo_bootstrap
2026-03-18,42.40000153,42.70000076,37.09999847,39.34999847,116857564,0,1,39.34999847,yahoo_bootstrap
2026-03-19,39.34999847,43.25,39.20000076,43.25,77086731,0,1,43.25,yahoo_bootstrap
2026-03-20,44.45000076,45.84999847,41,41.79999924,27889990,0,1,41.79999924,yahoo_bootstrap
2026-03-23,40.5,40.5,38.20000076,38.45000076,11707492,0,1,38.45000076,yahoo_bootstrap
2026-03-24,40.90000153,40.90000153,37.84999847,38.59999847,8865043,0,1,38.59999847,yahoo_bootstrap
2026-03-25,40,41,39.95000076,40.59999847,7448050,0,1,40.59999847,yahoo_bootstrap
2026-03-26,41.59999847,41.59999847,38.54999924,38.54999924,7983104,0,1,38.54999924,yahoo_bootstrap
2026-03-27,37.65000153,39.40000153,37,39,5685244,0,1,39,yahoo_bootstrap
2026-03-30,38,38.95000076,38,38.09999847,3389625,0,1,38.09999847,yahoo_bootstrap
2026-03-31,38.34999847,38.75,36.20000076,36.34999847,5237531,0,1,36.34999847,yahoo_bootstrap
2026-04-01,38.09999847,39.09999847,37.75,38.95000076,4749646,0,1,38.95000076,yahoo_bootstrap
2026-04-02,39.5,39.5,37.5,37.5,4742695,0,1,37.5,yahoo_bootstrap
2026-04-07,40.25,40.25,33.75,33.75,36215016,0,1,33.75,yahoo_bootstrap
2026-04-08,34.09999847,35.75,32.40000153,33.34999847,42707465,0,1,33.34999847,yahoo_bootstrap
2026-04-09,34.90000153,36.65000153,34.65000153,36.65000153,26057377,0,1,36.65000153,yahoo_bootstrap
2026-04-10,39,40.29999924,37.84999847,38.70000076,64173000,0,1,38.70000076,yahoo_bootstrap
2026-04-13,39.04999924,42.54999924,39.04999924,42.54999924,29903771,0,1,42.54999924,yahoo_bootstrap
2026-04-14,45.29999924,45.79999924,41.34999847,42.04999924,76193331,0,1,42.04999924,yahoo_bootstrap
2026-04-15,41.09999847,44.84999847,40.95000076,43.65000153,63357579,0,1,43.65000153,yahoo_bootstrap
2026-04-16,43.79999924,45.84999847,42.5,43.59999847,46165403,0,1,43.59999847,yahoo_bootstrap
2026-04-17,43,47.95000076,43,47.95000076,72269426,0,1,47.95000076,yahoo_bootstrap
2026-04-20,52.59999847,52.70000076,52.29999924,52.70000076,9647104,0,1,52.70000076,yahoo_bootstrap
2026-04-21,57.90000153,57.90000153,51.5,54.20000076,121343034,0,1,54.20000076,yahoo_bootstrap
2026-04-22,54.20000076,59.59999847,53.59999847,59.59999847,50109497,0,1,59.59999847,yahoo_bootstrap
2026-04-23,63.70000076,64.30000305,54.29999924,56.5,154275298,0,1,56.5,yahoo_bootstrap
2026-04-24,55,55,50.90000153,50.90000153,8509081,0,1,50.90000153,yahoo_bootstrap
2026-04-27,51.20000076,51.20000076,45.84999847,51.20000076,7957679,0,1,51.20000076,yahoo_bootstrap
2026-04-28,54.20000076,56.29999924,53.5,56.29999924,5641872,0,1,56.29999924,yahoo_bootstrap
2026-04-29,53.09999847,59,53.09999847,57.20000076,5275939,0,1,57.20000076,yahoo_bootstrap
2026-04-30,56.90000153,56.90000153,55.59999847,56.5,5727584,0,1,56.5,yahoo_bootstrap
2026-05-04,57.70000076,58.09999847,57,58.09999847,4764922,0,1,58.09999847,yahoo_bootstrap
2026-05-05,58.09999847,60.90000153,58.09999847,60.90000153,6103566,0,1,60.90000153,yahoo_bootstrap
2026-05-06,63,63,58.90000153,60.90000153,4522186,0,1,60.90000153,yahoo_bootstrap
2026-05-07,63,63,61.70000076,62,5693315,0,1,62,yahoo_bootstrap
2026-05-08,58,59,57.5,57.5,6747404,0,1,57.5,yahoo_bootstrap
2026-05-11,57,59.29999924,54,54.20000076,40331546,0,1,54.20000076,yahoo_bootstrap
2026-05-12,54.09999847,55.29999924,52.40000153,53.90000153,25701858,0,1,53.90000153,yahoo_bootstrap
2026-05-13,53,55.20000076,51.20000076,51.29999924,19472119,0,1,51.29999924,yahoo_bootstrap
2026-05-14,51.40000153,52.79999924,50.40000153,50.79999924,15629388,0,1,50.79999924,yahoo_bootstrap
2026-05-15,52,53.70000076,49.59999847,51,28487154,0,1,51,yahoo_bootstrap
2026-05-18,51.40000153,51.40000153,47.15000153,48.90000153,22451009,0,1,48.90000153,yahoo_bootstrap
2026-05-19,49.09999847,51,48.04999924,48.09999847,13595966,0,1,48.09999847,yahoo_bootstrap
2026-05-20,48.29999924,48.29999924,46,46.79999924,14274716,0,1,46.79999924,yahoo_bootstrap
2026-05-21,48.04999924,51,48.04999924,49.70000076,15266218,0,1,49.70000076,yahoo_bootstrap
2026-05-22,51.20000076,52.09999847,50.5,51.09999847,15257419,0,1,51.09999847,yahoo_bootstrap
2026-05-25,52,52.29999924,50.59999847,51.09999847,16621596,0,1,51.09999847,yahoo_bootstrap
2026-05-26,51.5,52.5,49.65000153,50.70000076,15472426,0,1,50.70000076,yahoo_bootstrap
2026-05-27,51.29999924,53.29999924,50,51,18160409,0,1,51,yahoo_bootstrap
2026-05-28,51.20000076,51.40000153,48.25,48.95000076,14270724,0,1,48.95000076,yahoo_bootstrap
2026-05-29,49,49.90000153,48.34999847,49.09999847,10411365,0,1,49.09999847,yahoo_bootstrap
2026-06-01,49.09999847,51.29999924,49,49.34999847,12306308,0,1,49.34999847,yahoo_bootstrap
2026-06-02,49.70000076,50.09999847,47,47.95000076,11577396,0,1,47.95000076,yahoo_bootstrap
2026-06-03,47.95000076,48.45000076,47,47.40000153,8838481,0,1,47.40000153,yahoo_bootstrap
2026-06-04,47.5,51.09999847,47.5,48.04999924,22798907,0,1,48.04999924,yahoo_bootstrap
2026-06-05,48.04999924,48.04999924,44.75,47.45000076,12140260,0,1,47.45000076,yahoo_bootstrap
2026-06-08,42.75,44.84999847,42.75,44.45000076,15261039,0,1,44.45000076,yahoo_bootstrap
2026-06-09,44.84999847,45.29999924,43.5,44.59999847,7296253,0,1,44.59999847,yahoo_bootstrap
2026-06-10,45.59999847,46.65000153,42.20000076,42.29999924,10727360,0,1,42.29999924,yahoo_bootstrap
2026-06-11,41.90000153,42.95000076,40.29999924,42.20000076,8916230,0,1,42.20000076,yahoo_bootstrap
2026-06-12,43.40000153,44,42.79999924,43.29999924,5699665,0,1,43.29999924,yahoo_bootstrap
2026-06-15,44.45000076,45,44,44.59999847,5180219,0,1,44.59999847,yahoo_bootstrap
2026-06-16,45.40000153,45.75,43.09999847,43.15000153,5451129,0,1,43.15000153,yahoo_bootstrap
2026-06-17,43.15000153,45,42.70000076,44.45000076,5269314,0,1,44.45000076,yahoo_bootstrap
2026-06-18,44.45000076,46.70000076,44.34999847,45.29999924,8183569,0,1,45.29999924,yahoo_bootstrap
2026-06-22,46,49.79999924,45.34999847,49.54999924,22475669,0,1,49.54999924,yahoo_bootstrap
2026-06-23,49.79999924,49.79999924,46.04999924,47,14049737,0,1,47,yahoo_bootstrap
2026-06-24,46.09999847,49.5,45.84999847,47.70000076,10045715,0,1,47.70000076,yahoo_bootstrap
2026-06-25,48.54999924,49.20000076,46.29999924,46.29999924,7053701,0,1,46.29999924,yahoo_bootstrap
2026-06-26,46.09999847,46.25,42.5,42.54999924,8379948,0,1,42.54999924,yahoo_bootstrap
2026-06-29,42.79999924,44.15000153,42.09999847,43.59999847,5277066,0,1,43.59999847,yahoo_bootstrap
2026-06-30,44.40000153,45.45000076,44.25,44.90000153,3706809,0,1,44.90000153,yahoo_bootstrap
2026-07-01,45.79999924,46.20000076,43.90000153,44,5282943,0,1,44,yahoo_bootstrap
2026-07-02,43.40000153,45.70000076,43.15000153,45.20000076,4230172,0,1,45.20000076,yahoo_bootstrap
2026-07-03,44.70000076,46.79999924,44.54999924,45.70000076,8043508,0,1,45.70000076,yahoo_bootstrap
2026-07-06,46.29999924,49.75,46.25,47.34999847,18681818,0,1,47.34999847,yahoo_bootstrap
2026-07-07,47.84999847,47.84999847,43.15000153,43.29999924,13853967,0,1,43.29999924,yahoo_bootstrap
2026-07-08,43.5,43.95000076,41.65000153,43.20000076,5480255,0,1,43.20000076,yahoo_bootstrap
2026-07-09,43.20000076,43.70000076,42.40000153,42.79999924,4283340,0,1,42.79999924,yahoo_bootstrap
2026-07-10,42.79999924,42.79999924,42.79999924,42.79999924,0,0,1,42.79999924,yahoo_bootstrap
2026-07-13,43.5,44.90000153,41.84999847,41.90000153,6078057,0,1,41.90000153,yahoo_bootstrap
2026-07-14,41.90000153,42.20000076,39,41.84999847,8807955,0,1,41.84999847,yahoo_bootstrap
2026-07-15,42.29999924,44.45000076,41.70000076,43.75,6192771,0,1,43.75,yahoo_bootstrap
2026-07-16,43.34999847,44.65000153,42.40000153,43.90000153,7213934,0,1,43.90000153,yahoo_bootstrap
2026-07-17,42,42.5,39.54999924,39.54999924,12937364,0,1,39.54999924,yahoo_bootstrap
2026-07-20,39.09999847,39.54999924,36,36.75,6645651,0,1,36.75,yahoo_bootstrap
2026-07-21,37.29999924,37.95000076,36.79999924,37.70000076,3381114,0,1,37.70000076,yahoo_bootstrap
2026-07-22,38.25,39.09999847,37.54999924,37.65000153,3197727,0,1,37.65000153,yahoo_bootstrap
2026-07-23,38.15000153,38.5,36.59999847,37.65000153,2918224,0,1,37.65000153,yahoo_bootstrap
2026-07-24,37.5,37.5,35.65000153,35.65000153,3692031,0,1,35.65000153,yahoo_bootstrap
2026-07-27,35.79999924,36,34.25,35.40000153,5028186,0,1,35.40000153,yahoo_daily
2026-07-28,34,34.15000153,32.54999924,32.65000153,5829815,0,1,32.65000153,yahoo_daily
2026-07-29,32.79999924,33.20000076,29.89999962,31.45000076,10265832,0,1,31.45000076,yahoo_daily
2026-07-30,31.45000076,31.79999924,28.79999924,29.20000076,6982632,0,1,29.20000076,yahoo_daily
2026-07-31,31.70000076,31.89999962,31.10000038,31.79999924,4161309,0,1,31.79999924,yahoo_daily
2026-08-03,31.20000076,33.15000153,31,32.54999924,3182622,0,1,32.54999924,yahoo_daily
2026-08-04,32,34.25,31.85000038,34.25,2757678,0,1,34.25,yahoo_daily
2026-08-05,35.09999847,36.20000076,34.90000153,35.40000153,3068170,0,1,35.40000153,yahoo_daily
2026-08-06,35,35.65000153,34.04999924,35.5,1967223,0,1,35.5,yahoo_daily
2026-08-07,35.34999847,35.84999847,34.5,34.59999847,1802264,0,1,34.59999847,yahoo_daily
2026-08-10,35.79999924,38.04999924,35,38.04999924,2762308,0,1,38.04999924,yahoo_daily
2026-08-11,37.90000153,39.29999924,37.15000153,37.84999847,12671291,0,1,37.84999847,yahoo_daily
2026-08-12,38.20000076,40.29999924,38.04999924,39.25,10099246,0,1,39.25,yahoo_daily
2026-08-13,39.5,39.95000076,39,39.70000076,4804169,0,1,39.70000076,yahoo_daily
2026-08-14,40,40.15000153,38.15000153,38.5,4708080,0,1,38.5,yahoo_daily
2026-08-17,38.54999924,39.84999847,38.5,39.54999924,3631233,0,1,39.54999924,yahoo_daily
2026-08-18,39.20000076,39.40000153,38.34999847,38.45000076,3007267,0,1,38.45000076,yahoo_daily
2026-08-19,37.95000076,38.95000076,37.70000076,37.95000076,2834407,0,1,37.95000076,yahoo_daily
2026-08-20,38.65000153,39.59999847,38.5,39.34999847,2480633,0,1,39.34999847,yahoo_daily
2026-08-21,39.09999847,41.20000076,38.70000076,40.09999847,4520236,0,1,40.09999847,yahoo_daily
2026-08-24,40.25,42.90000153,39.79999924,41.40000153,8602226,0,1,41.40000153,yahoo_daily
2026-08-25,40.90000153,41.40000153,40.04999924,41.25,3144276,0,1,41.25,yahoo_daily
2026-08-26,42.5,44.20000076,42.25,44.20000076,10740734,0,1,44.20000076,yahoo_daily
2026-08-27,44.40000153,48.40000153,43.20000076,43.5,21759758,0,1,43.5,yahoo_daily
