date,open,high,low,close,volume,dividend,split_factor,adjusted_close,source
2021-08-26,38.63157654,38.89473724,38.26315689,38.42105103,2205045,0,1,31.9626227,yahoo_bootstrap
2021-08-27,38.42105103,38.84210587,38.36841965,38.52631378,1482765,0,1,32.05019119,yahoo_bootstrap
2021-08-30,38.57894516,38.78947449,38.52631378,38.73684311,1018935,0,1,32.22533137,yahoo_bootstrap
2021-08-31,38.84210587,38.84210587,38.31578827,38.63157654,1468496,0,1,32.1377597,yahoo_bootstrap
2021-09-01,38.4736824,39,38.36841965,38.94736862,1198853,0,1,32.40046836,yahoo_bootstrap
2021-09-02,38.94736862,38.94736862,38.42105103,38.42105103,1216918,0,1,31.9626227,yahoo_bootstrap
2021-09-03,38.63157654,39.10526276,38.57894516,38.84210587,1532641,0,1,32.31289987,yahoo_bootstrap
2021-09-06,38.84210587,39.10526276,38.36841965,38.36841965,1183396,0,1,31.91883845,yahoo_bootstrap
2021-09-07,38.42105103,39.15789413,38.15789413,38.94736862,1622743,0,1,32.40046836,yahoo_bootstrap
2021-09-08,38.94736862,38.94736862,38.10526276,38.68421173,2285521,0,1,32.18154712,yahoo_bootstrap
2021-09-09,38.52631378,38.89473724,37.94736862,38.89473724,4453347,0,1,32.35668411,yahoo_bootstrap
2021-09-10,39.31578827,40.42105103,39.10526276,40.10526276,10900338,0,1,33.36372503,yahoo_bootstrap
2021-09-13,40.10526276,41.05263138,39.68421173,40.89473724,9726003,0,1,34.02049194,yahoo_bootstrap
2021-09-14,41.05263138,42.73684311,40.89473724,41.36841965,31387280,0,1,34.41455019,yahoo_bootstrap
2021-09-15,41.31578827,42.05263138,40.78947449,40.89473724,11377026,0,1,34.02049194,yahoo_bootstrap
2021-09-16,41.36841965,42.36841965,40.73684311,41.89473724,12700210,0,1,34.85239585,yahoo_bootstrap
2021-09-17,41.73684311,42,40.68421173,40.68421173,8971361,0,1,33.84535494,yahoo_bootstrap
2021-09-22,39.52631378,40.21052551,39.36841965,39.89473724,5718335,0,1,33.18858802,yahoo_bootstrap
2021-09-23,40.42105103,40.52631378,40,40.26315689,2600801,0,1,33.49507777,yahoo_bootstrap
2021-09-24,40.78947449,41.26315689,40.15789413,40.31578827,4511683,0,1,33.53886202,yahoo_bootstrap
2021-09-27,40.52631378,41.26315689,40.42105103,41.10526276,3659302,0,1,34.19562894,yahoo_bootstrap
2021-09-28,40.84210587,40.84210587,40.31578827,40.42105103,2268553,0,1,33.62643053,yahoo_bootstrap
2021-09-29,39.31578827,39.89473724,39.15789413,39.36841965,4137130,0,1,32.75074236,yahoo_bootstrap
2021-09-30,39.52631378,39.94736862,39.26315689,39.63157654,3301291,0,1,32.96966361,yahoo_bootstrap
2021-10-01,39.31578827,39.36841965,38.10526276,38.26315689,5134399,0,1,31.83126995,yahoo_bootstrap
2021-10-04,38.52631378,38.78947449,37.36841965,37.4736824,3353031,0,1,31.17450303,yahoo_bootstrap
2021-10-05,37.10526276,37.84210587,36.94736862,37.84210587,2185864,0,1,31.48099596,yahoo_bootstrap
2021-10-06,38.15789413,38.36841965,37.4736824,37.94736862,2567436,0,1,31.56856445,yahoo_bootstrap
2021-10-07,38.31578827,38.42105103,38.05263138,38.21052551,2092470,0,1,31.7874857,yahoo_bootstrap
2021-10-08,38.10526276,38.36841965,37.94736862,38.21052551,1167020,0,1,31.7874857,yahoo_bootstrap
2021-10-12,38.15789413,38.15789413,37.52631378,37.52631378,2800505,0,1,31.21828728,yahoo_bootstrap
2021-10-13,38,38.52631378,37.36841965,37.36841965,2645750,0,1,31.08693454,yahoo_bootstrap
2021-10-14,38,38.52631378,37.36841965,37.68421173,3298611,0,1,31.3496432,yahoo_bootstrap
2021-10-15,38.15789413,38.63157654,37.89473724,38.57894516,3344010,0,1,32.09397544,yahoo_bootstrap
2021-10-18,39.89473724,40.21052551,39.15789413,39.52631378,14792019,0,1,32.88209511,yahoo_bootstrap
2021-10-19,39.21052551,40.15789413,39.10526276,39.52631378,9948084,0,1,32.88209511,yahoo_bootstrap
2021-10-20,39.78947449,39.89473724,39.26315689,39.4736824,2909159,0,1,32.83831086,yahoo_bootstrap
2021-10-21,39.36841965,39.52631378,38.52631378,38.52631378,5010870,0,1,32.05019119,yahoo_bootstrap
2021-10-22,38.73684311,38.78947449,37.94736862,38.10526276,3721983,0,1,31.6999172,yahoo_bootstrap
2021-10-25,38.21052551,38.73684311,37.89473724,38.57894516,2656047,0,1,32.09397544,yahoo_bootstrap
2021-10-26,39,40.15789413,38.89473724,39.26315689,14781920,0,1,32.66317386,yahoo_bootstrap
2021-10-27,39,39.05263138,38.52631378,38.73684311,4887740,0,1,32.22533137,yahoo_bootstrap
2021-10-28,38.94736862,39.15789413,38.42105103,38.73684311,4056209,0,1,32.22533137,yahoo_bootstrap
2021-10-29,39.36841965,39.68421173,38.57894516,38.73684311,9609319,0,1,32.22533137,yahoo_bootstrap
2021-11-01,38.89473724,39.05263138,38.4736824,38.52631378,4825435,0,1,32.05019119,yahoo_bootstrap
2021-11-02,38.73684311,39.05263138,38.10526276,38.26315689,4832386,0,1,31.83126995,yahoo_bootstrap
2021-11-03,38.42105103,38.57894516,38.26315689,38.4736824,1520399,0,1,32.00640694,yahoo_bootstrap
2021-11-04,38.68421173,39.26315689,38.57894516,39.05263138,5464914,0,1,32.48803686,yahoo_bootstrap
2021-11-05,39.26315689,41.31578827,39.15789413,40.26315689,40317868,0,1,33.49507777,yahoo_bootstrap
2021-11-08,40.52631378,40.84210587,39.57894516,39.63157654,11440191,0,1,32.96966361,yahoo_bootstrap
2021-11-09,39.68421173,41.68421173,39,41.36841965,28874259,0,1,34.41455019,yahoo_bootstrap
2021-11-10,41.21052551,41.63157654,40.4736824,40.63157654,16732387,0,1,33.80156752,yahoo_bootstrap
2021-11-11,40.42105103,41.10526276,39.84210587,40,9027631,0,1,33.27615653,yahoo_bootstrap
2021-11-12,40.05263138,40.57894516,39.68421173,39.89473724,5660246,0,1,33.18858802,yahoo_bootstrap
2021-11-15,40.21052551,40.36841965,39.52631378,39.73684311,5441063,0,1,33.05723528,yahoo_bootstrap
2021-11-16,39.57894516,39.68421173,39.15789413,39.15789413,5610068,0,1,32.57560536,yahoo_bootstrap
2021-11-17,39.15789413,39.42105103,38.94736862,39,5804269,0,1,32.44425261,yahoo_bootstrap
2021-11-18,39,39.4736824,38.84210587,39.10526276,2717405,0,1,32.53182112,yahoo_bootstrap
2021-11-19,39.21052551,39.31578827,38.73684311,38.89473724,3057550,0,1,32.35668411,yahoo_bootstrap
2021-11-22,38.89473724,38.89473724,38.4736824,38.63157654,3471691,0,1,32.1377597,yahoo_bootstrap
2021-11-23,38.84210587,39.36841965,38.42105103,38.42105103,3484265,0,1,31.9626227,yahoo_bootstrap
2021-11-24,38.78947449,39.15789413,38.73684311,38.89473724,2299748,0,1,32.35668411,yahoo_bootstrap
2021-11-25,38.89473724,38.94736862,38.68421173,38.73684311,1471997,0,1,32.22533137,yahoo_bootstrap
2021-11-26,38.68421173,38.73684311,38.31578827,38.42105103,3385256,0,1,31.9626227,yahoo_bootstrap
2021-11-29,38.26315689,38.26315689,37.78947449,38,2664685,0,1,31.6123487,yahoo_bootstrap
2021-11-30,38.10526276,38.31578827,37.94736862,37.94736862,2656380,0,1,31.56856445,yahoo_bootstrap
2021-12-01,37.94736862,38.21052551,37.73684311,38.15789413,1479649,0,1,31.74370144,yahoo_bootstrap
2021-12-02,38.05263138,38.4736824,37.94736862,38.05263138,1625717,0,1,31.65613295,yahoo_bootstrap
2021-12-03,38.05263138,38.4736824,38.05263138,38.36841965,1260835,0,1,31.91883845,yahoo_bootstrap
2021-12-06,38.36841965,38.63157654,38.10526276,38.63157654,1212432,0,1,32.1377597,yahoo_bootstrap
2021-12-07,38.63157654,38.68421173,38.21052551,38.42105103,1987447,0,1,31.9626227,yahoo_bootstrap
2021-12-08,38.57894516,38.73684311,38.52631378,38.63157654,2088483,0,1,32.1377597,yahoo_bootstrap
2021-12-09,38.68421173,39.10526276,38.4736824,38.52631378,2055999,0,1,32.05019119,yahoo_bootstrap
2021-12-10,38.78947449,38.78947449,38.52631378,38.73684311,996562,0,1,32.22533137,yahoo_bootstrap
2021-12-13,38.84210587,38.84210587,38.4736824,38.68421173,1306117,0,1,32.18154712,yahoo_bootstrap
2021-12-14,38.52631378,38.63157654,38.10526276,38.10526276,1632888,0,1,31.6999172,yahoo_bootstrap
2021-12-15,38.21052551,38.21052551,38.05263138,38.21052551,958318,0,1,31.7874857,yahoo_bootstrap
2021-12-16,38.31578827,38.42105103,38.05263138,38.15789413,1220786,0,1,31.74370144,yahoo_bootstrap
2021-12-17,38.15789413,38.4736824,38.05263138,38.4736824,1744390,0,1,32.00640694,yahoo_bootstrap
2021-12-20,38.36841965,38.36841965,38.05263138,38.15789413,1184462,0,1,31.74370144,yahoo_bootstrap
2021-12-21,38.10526276,38.73684311,38.10526276,38.68421173,1841328,0,1,32.18154712,yahoo_bootstrap
2021-12-22,38.68421173,38.94736862,38.68421173,38.78947449,1441183,0,1,32.26911562,yahoo_bootstrap
2021-12-23,38.89473724,39.15789413,38.84210587,39,2151801,0,1,32.44425261,yahoo_bootstrap
2021-12-24,39.15789413,39.42105103,39.05263138,39.10526276,2531347,0,1,32.53182112,yahoo_bootstrap
2021-12-27,39.26315689,39.52631378,39.15789413,39.21052551,1954085,0,1,32.61938961,yahoo_bootstrap
2021-12-28,39.26315689,39.4736824,39.05263138,39.31578827,2823197,0,1,32.70695811,yahoo_bootstrap
2021-12-29,39.42105103,43.21052551,39.42105103,42.68421173,36247662,0,1,35.50916277,yahoo_bootstrap
2021-12-30,42.68421173,43.36841965,41.57894516,42.63157654,29804747,0,1,35.46537535,yahoo_bootstrap
2022-01-03,43.78947449,44.10526276,41.63157654,42.42105103,16081203,0,1,35.29023835,yahoo_bootstrap
2022-01-04,42.26315689,42.84210587,41.78947449,42.68421173,12036004,0,1,35.50916277,yahoo_bootstrap
2022-01-05,42.78947449,43.63157654,42.42105103,42.42105103,14120751,0,1,35.29023835,yahoo_bootstrap
2022-01-06,42.31578827,42.73684311,41.68421173,42.26315689,7818092,0,1,35.1588856,yahoo_bootstrap
2022-01-07,42.57894516,43.68421173,41.26315689,41.52631378,17199784,0,1,34.54590293,yahoo_bootstrap
2022-01-10,41.94736862,42.4736824,41,41.42105103,8556383,0,1,34.45833444,yahoo_bootstrap
2022-01-11,41.57894516,41.57894516,40.26315689,40.84210587,7331184,0,1,33.97670769,yahoo_bootstrap
2022-01-12,41.15789413,42.15789413,41.10526276,41.78947449,10112026,0,1,34.76482736,yahoo_bootstrap
2022-01-13,41.36841965,41.57894516,40.84210587,41.05263138,3936253,0,1,34.15184469,yahoo_bootstrap
2022-01-14,41.05263138,41.15789413,39.78947449,40.31578827,4506969,0,1,33.53886202,yahoo_bootstrap
2022-01-17,40.4736824,40.57894516,40.10526276,40.21052551,1594207,0,1,33.45129352,yahoo_bootstrap
2022-01-18,40.36841965,40.57894516,39.89473724,39.89473724,4176299,0,1,33.18858802,yahoo_bootstrap
2022-01-19,39.73684311,40.10526276,39.42105103,39.68421173,3946737,0,1,33.01345103,yahoo_bootstrap
2022-01-20,39.68421173,40.26315689,39.4736824,40.10526276,2085287,0,1,33.36372503,yahoo_bootstrap
2022-01-21,39.73684311,40.05263138,39.31578827,39.31578827,3198669,0,1,32.70695811,yahoo_bootstrap
2022-01-24,39.10526276,39.10526276,38.36841965,38.78947449,3477018,0,1,32.26911562,yahoo_bootstrap
2022-01-25,38.63157654,38.78947449,38.15789413,38.31578827,4170825,0,1,31.8750542,yahoo_bootstrap
2022-01-26,38.31578827,38.4736824,38.10526276,38.36841965,2556681,0,1,31.91883845,yahoo_bootstrap
2022-02-07,38.84210587,39.42105103,38.52631378,39.31578827,3486077,0,1,32.70695811,yahoo_bootstrap
2022-02-08,39.57894516,39.57894516,38.78947449,39,5561797,0,1,32.44425261,yahoo_bootstrap
2022-02-09,39.15789413,39.21052551,38.68421173,39.05263138,9759435,0,1,32.48803686,yahoo_bootstrap
2022-02-10,39.26315689,40.10526276,39.15789413,39.4736824,10708722,0,1,32.83831086,yahoo_bootstrap
2022-02-11,39.21052551,39.26315689,38.89473724,39,5568987,0,1,32.44425261,yahoo_bootstrap
2022-02-14,38.68421173,38.89473724,38.42105103,38.73684311,3283598,0,1,32.22533137,yahoo_bootstrap
2022-02-15,38.73684311,38.94736862,38.63157654,38.73684311,2001317,0,1,32.22533137,yahoo_bootstrap
2022-02-16,38.89473724,39.26315689,38.89473724,39.15789413,2485964,0,1,32.57560536,yahoo_bootstrap
2022-02-17,39.26315689,39.42105103,39,39.26315689,2106747,0,1,32.66317386,yahoo_bootstrap
2022-02-18,38.94736862,39.36841965,38.94736862,39.26315689,1491598,0,1,32.66317386,yahoo_bootstrap
2022-02-21,39.10526276,39.63157654,39.05263138,39.4736824,1909288,0,1,32.83831086,yahoo_bootstrap
2022-02-22,39.4736824,39.4736824,38.68421173,38.73684311,3229620,0,1,32.22533137,yahoo_bootstrap
2022-02-23,38.89473724,39.05263138,38.78947449,38.94736862,992089,0,1,32.40046836,yahoo_bootstrap
2022-02-24,38.84210587,38.89473724,37.94736862,38.15789413,4916360,0,1,31.74370144,yahoo_bootstrap
2022-02-25,38.63157654,38.63157654,38,38,2409187,0,1,31.6123487,yahoo_bootstrap
2022-03-01,38.31578827,38.89473724,38.31578827,38.84210587,1793809,0,1,32.31289987,yahoo_bootstrap
2022-03-02,38.4736824,39.21052551,38.4736824,38.94736862,1365183,0,1,32.40046836,yahoo_bootstrap
2022-03-03,39.15789413,39.42105103,38.89473724,39.26315689,1644071,0,1,32.66317386,yahoo_bootstrap
2022-03-04,38.94736862,39.05263138,38.78947449,38.84210587,1350381,0,1,32.31289987,yahoo_bootstrap
2022-03-07,38.52631378,38.52631378,37.73684311,37.78947449,4513199,0,1,31.4372117,yahoo_bootstrap
2022-03-08,37.78947449,38.15789413,37.36841965,37.4736824,3280620,0,1,31.17450303,yahoo_bootstrap
2022-03-09,37.57894516,37.78947449,37.4736824,37.57894516,1628965,0,1,31.26207153,yahoo_bootstrap
2022-03-10,38.21052551,38.68421173,38.15789413,38.68421173,2066463,0,1,32.18154712,yahoo_bootstrap
2022-03-11,38.57894516,38.68421173,38.21052551,38.21052551,1261770,0,1,31.7874857,yahoo_bootstrap
2022-03-14,38.31578827,38.52631378,37.84210587,37.94736862,3408849,0,1,31.56856445,yahoo_bootstrap
2022-03-15,37.94736862,38.05263138,37.36841965,37.4736824,2086904,0,1,31.17450303,yahoo_bootstrap
2022-03-16,37.52631378,37.63157654,36.94736862,37.31578827,2539445,0,1,31.04315028,yahoo_bootstrap
2022-03-17,38,38.21052551,37.78947449,37.94736862,1859549,0,1,31.56856445,yahoo_bootstrap
2022-03-18,37.84210587,38.31578827,37.78947449,38.21052551,2621196,0,1,31.7874857,yahoo_bootstrap
2022-03-21,38.21052551,38.63157654,38.10526276,38.31578827,1754407,0,1,31.8750542,yahoo_bootstrap
2022-03-22,38.42105103,38.84210587,38.31578827,38.68421173,2301877,0,1,32.18154712,yahoo_bootstrap
2022-03-23,38.78947449,39.15789413,38.63157654,38.68421173,2292822,0,1,32.18154712,yahoo_bootstrap
2022-03-24,38.68421173,39.05263138,38.68421173,38.89473724,2308710,0,1,32.35668411,yahoo_bootstrap
2022-03-25,39.05263138,39.26315689,38.78947449,38.78947449,3799882,0,1,32.26911562,yahoo_bootstrap
2022-03-28,38.52631378,38.68421173,38.26315689,38.52631378,1694804,0,1,32.05019119,yahoo_bootstrap
2022-03-29,38.52631378,38.63157654,38.42105103,38.52631378,790696,0,1,32.05019119,yahoo_bootstrap
2022-03-30,38.68421173,38.84210587,38.4736824,38.52631378,1652058,0,1,32.05019119,yahoo_bootstrap
2022-03-31,38.52631378,38.84210587,38.26315689,38.26315689,1641121,0,1,31.83126995,yahoo_bootstrap
2022-04-01,38.42105103,39,38.10526276,38.4736824,6139763,0,1,32.00640694,yahoo_bootstrap
2022-04-06,39.10526276,39.4736824,38.89473724,39.05263138,10028943,0,1,32.48803686,yahoo_bootstrap
2022-04-07,38.89473724,38.89473724,37.89473724,37.94736862,4539691,0,1,31.56856445,yahoo_bootstrap
2022-04-08,38.21052551,39.05263138,38.15789413,38.68421173,4891974,0,1,32.18154712,yahoo_bootstrap
2022-04-11,39,40,38.94736862,39.52631378,16235091,0,1,32.88209511,yahoo_bootstrap
2022-04-12,39.84210587,40.21052551,38.94736862,39.26315689,8251898,0,1,32.66317386,yahoo_bootstrap
2022-04-13,39.4736824,39.52631378,39,39.05263138,2552432,0,1,32.48803686,yahoo_bootstrap
2022-04-14,39.10526276,42.31578827,39,41.4736824,38257766,0,1,34.50211868,yahoo_bootstrap
2022-04-15,41.57894516,42.10526276,39.4736824,39.4736824,26783999,0,1,32.83831086,yahoo_bootstrap
2022-04-18,39.57894516,40.21052551,38.73684311,39,15638102,0,1,32.44425261,yahoo_bootstrap
2022-04-19,39.52631378,40.31578827,39.05263138,39.05263138,9880859,0,1,32.48803686,yahoo_bootstrap
2022-04-20,39.57894516,39.63157654,38.84210587,38.94736862,4919481,0,1,32.40046836,yahoo_bootstrap
2022-04-21,39.15789413,39.31578827,38.73684311,38.73684311,3946860,0,1,32.22533137,yahoo_bootstrap
2022-04-22,41.21052551,42.57894516,40.73684311,42.57894516,30342234,0,1,35.4215911,yahoo_bootstrap
2022-04-25,44.36841965,45.42105103,41.4736824,41.4736824,115429540,0,1,34.50211868,yahoo_bootstrap
2022-04-26,42.63157654,42.73684311,39.36841965,39.42105103,38540851,0,1,32.79452661,yahoo_bootstrap
2022-04-27,38.57894516,40.42105103,38.10526276,39.89473724,21097715,0,1,33.18858802,yahoo_bootstrap
2022-04-28,39.94736862,41.36841965,39.4736824,39.78947449,27527098,0,1,33.10101953,yahoo_bootstrap
2022-04-29,40.73684311,40.78947449,39.78947449,40,10553645,0,1,33.27615653,yahoo_bootstrap
2022-05-03,40.52631378,41.57894516,40.05263138,40.31578827,26192114,0,1,33.53886202,yahoo_bootstrap
2022-05-04,40.52631378,40.68421173,39,39.42105103,19103672,0,1,32.79452661,yahoo_bootstrap
2022-05-05,39.84210587,39.94736862,39.10526276,39.10526276,7043147,0,1,32.53182112,yahoo_bootstrap
2022-05-06,39.05263138,39.57894516,38.78947449,38.94736862,9200468,0,1,32.40046836,yahoo_bootstrap
2022-05-09,39.21052551,39.21052551,37.73684311,37.73684311,7743591,0,1,31.39342745,yahoo_bootstrap
2022-05-10,37.36841965,37.36841965,36.57894516,37.05263138,8119991,0,1,30.82422904,yahoo_bootstrap
2022-05-11,37.15789413,37.26315689,36.57894516,36.63157654,5370234,0,1,30.47395187,yahoo_bootstrap
2022-05-12,36.57894516,36.57894516,35,35.05263138,7792916,0,1,29.16042121,yahoo_bootstrap
2022-05-13,35.63157654,35.84210587,35.31578827,35.57894516,2250416,0,1,29.5982637,yahoo_bootstrap
2022-05-16,36.10526276,36.26315689,35.89473724,36,2836314,0,1,29.94854087,yahoo_bootstrap
2022-05-17,36.21052551,36.4736824,36.15789413,36.31578827,1798100,0,1,30.21124637,yahoo_bootstrap
2022-05-18,36.4736824,36.78947449,36.42105103,36.63157654,2754773,0,1,30.47395187,yahoo_bootstrap
2022-05-19,35.89473724,36.4736824,35.78947449,36.31578827,2511202,0,1,30.21124637,yahoo_bootstrap
2022-05-20,36.57894516,36.94736862,36.42105103,36.57894516,2770861,0,1,30.43016762,yahoo_bootstrap
2022-05-23,37,37,36.52631378,36.68421173,2312611,0,1,30.51773929,yahoo_bootstrap
2022-05-24,36.68421173,36.94736862,36.21052551,36.21052551,2301185,0,1,30.12367787,yahoo_bootstrap
2022-05-25,36.42105103,36.73684311,36.21052551,36.57894516,2005817,0,1,30.43016762,yahoo_bootstrap
2022-05-26,36.89473724,36.94736862,36.36841965,36.73684311,1676800,0,1,30.56152354,yahoo_bootstrap
2022-05-27,36.89473724,37,36.73684311,36.84210587,1737180,0,1,30.64909204,yahoo_bootstrap
2022-05-30,37.10526276,37.4736824,37.05263138,37.15789413,3399020,0,1,30.91179753,yahoo_bootstrap
2022-05-31,37.21052551,37.52631378,37.05263138,37.15789413,2507620,0,1,30.91179753,yahoo_bootstrap
2022-06-01,37.15789413,37.36841965,37.05263138,37.05263138,1661270,0,1,30.82422904,yahoo_bootstrap
2022-06-02,37,37.42105103,36.73684311,37.15789413,1992940,0,1,30.91179753,yahoo_bootstrap
2022-06-06,37.4736824,37.52631378,36.94736862,37.26315689,1327224,0,1,30.99936603,yahoo_bootstrap
2022-06-07,37.21052551,37.42105103,37.05263138,37.31578827,1553954,0,1,31.04315028,yahoo_bootstrap
2022-06-08,37.52631378,37.73684311,37.36841965,37.42105103,2097101,0,1,31.13071879,yahoo_bootstrap
2022-06-09,37.36841965,37.68421173,37.31578827,37.57894516,1544313,0,1,31.26207153,yahoo_bootstrap
2022-06-10,37.21052551,37.31578827,37.05263138,37.15789413,1370456,0,1,30.91179753,yahoo_bootstrap
2022-06-13,36.84210587,36.84210587,36.05263138,36.15789413,2174497,0,1,30.07989362,yahoo_bootstrap
2022-06-14,36.15789413,36.15789413,35.4736824,35.84210587,1924220,0,1,29.81718813,yahoo_bootstrap
2022-06-15,35.89473724,36.31578827,35.84210587,36.05263138,1472080,0,1,29.99232512,yahoo_bootstrap
2022-06-16,36.52631378,36.57894516,35.42105103,35.42105103,2321308,0,1,29.46691096,yahoo_bootstrap
2022-06-17,35.21052551,35.31578827,34.73684311,34.84210587,3260030,0,1,28.98528422,yahoo_bootstrap
2022-06-20,34.84210587,35.26315689,34.21052551,34.21052551,3498032,0,1,28.45987004,yahoo_bootstrap
2022-06-21,34.21052551,34.63157654,33.78947449,34.21052551,3954679,0,1,28.45987004,yahoo_bootstrap
2022-06-22,34.4736824,34.57894516,33.21052551,33.26315689,5477986,0,1,27.67175038,yahoo_bootstrap
2022-06-23,33.31578827,34.26315689,33.26315689,33.68421173,2874432,0,1,28.02202755,yahoo_bootstrap
2022-06-24,34.26315689,34.57894516,34.05263138,34.42105103,2682683,0,1,28.63500705,yahoo_bootstrap
2022-06-27,34.63157654,35.42105103,34.63157654,35.15789413,2878638,0,1,29.24798971,yahoo_bootstrap
2022-06-28,35.26315689,35.63157654,35.05263138,35.31578827,2095153,0,1,29.37934246,yahoo_bootstrap
2022-06-29,34.94736862,35.26315689,34.84210587,34.84210587,2218466,0,1,28.98528422,yahoo_bootstrap
2022-06-30,34.73684311,34.78947449,34.05263138,34.05263138,2089265,0,1,28.3285173,yahoo_bootstrap
2022-07-01,34.05263138,34.84210587,33.84210587,33.84210587,2648315,0,1,28.1533803,yahoo_bootstrap
2022-07-04,33.84210587,34.36841965,33.57894516,33.94736862,1484517,0,1,28.2409488,yahoo_bootstrap
2022-07-05,34.63157654,35.05263138,34.4736824,34.68421173,2334993,0,1,28.85393146,yahoo_bootstrap
2022-07-06,34.68421173,35,34.05263138,34.21052551,1951232,0,1,28.45987004,yahoo_bootstrap
2022-07-07,34.21052551,34.68421173,33.89473724,34.57894516,1644165,0,1,28.76635979,yahoo_bootstrap
2022-07-08,34.78947449,34.94736862,34.26315689,34.42105103,1640280,0,1,28.63500705,yahoo_bootstrap
2022-07-11,34.21052551,34.57894516,33.78947449,33.84210587,1291643,0,1,28.1533803,yahoo_bootstrap
2022-07-12,33.52631378,33.78947449,32.84210587,32.94736862,3041174,0,1,27.40904488,yahoo_bootstrap
2022-07-13,33.4736824,33.68421173,33.26315689,33.4736824,1272095,0,1,27.84688738,yahoo_bootstrap
2022-07-14,33.4736824,34.10526276,33.26315689,34.10526276,2289995,0,1,28.37230155,yahoo_bootstrap
2022-07-15,33.94736862,34.36841965,33.68421173,34.31578827,2406499,0,1,28.54743854,yahoo_bootstrap
2022-07-18,34.36841965,34.94736862,34.26315689,34.94736862,2690521,0,1,29.07285271,yahoo_bootstrap
2022-07-19,35.15789413,35.57894516,34.78947449,35.31578827,3545552,0,1,29.37934246,yahoo_bootstrap
2022-07-20,35.84210587,36.05263138,35.31578827,35.42105103,4334628,0,1,29.46691096,yahoo_bootstrap
2022-07-21,35.73684311,35.78947449,35.26315689,35.42105103,3737199,0,1,29.46691096,yahoo_bootstrap
2022-07-22,35.57894516,36.73684311,35.36841965,35.78947449,7020436,0,1,29.77340388,yahoo_bootstrap
2022-07-25,35.57894516,35.68421173,35,35.57894516,3241140,0,1,29.5982637,yahoo_bootstrap
2022-07-26,35.26315689,35.57894516,35,35.10526276,3178191,0,1,29.20420546,yahoo_bootstrap
2022-07-27,35.21052551,35.42105103,34.73684311,35.05263138,3288387,0,1,29.16042121,yahoo_bootstrap
2022-07-28,33.84210587,34,33.63157654,34,1951015,1.575572,1,29.61593221,yahoo_bootstrap
2022-07-29,34.05263138,34.15789413,33.78947449,33.78947449,2298287,0,1,29.43255253,yahoo_bootstrap
2022-08-01,33.84210587,33.89473724,33.52631378,33.84210587,1109393,0,1,29.47839745,yahoo_bootstrap
2022-08-02,33.4736824,33.52631378,33.15789413,33.4736824,1912418,0,1,29.15747967,yahoo_bootstrap
2022-08-03,33.36841965,33.42105103,33.15789413,33.21052551,1106718,0,1,28.92825506,yahoo_bootstrap
2022-08-04,33.21052551,33.21052551,32.31578827,32.73684311,2080975,0,1,28.51565077,yahoo_bootstrap
2022-08-05,33.15789413,33.15789413,32.84210587,33.10526276,1424589,0,1,28.83656523,yahoo_bootstrap
2022-08-08,32.94736862,33.21052551,32.68421173,33.21052551,788376,0,1,28.92825506,yahoo_bootstrap
2022-08-09,33.21052551,33.4736824,33.05263138,33.4736824,935319,0,1,29.15747967,yahoo_bootstrap
2022-08-10,33.52631378,34.10526276,33.42105103,33.89473724,1849110,0,1,29.52424236,yahoo_bootstrap
2022-08-11,34,34.31578827,34,34,1592285,0,1,29.61593221,yahoo_bootstrap
2022-08-12,34,34.84210587,34,34.52631378,1710916,0,1,30.07438142,yahoo_bootstrap
2022-08-15,34.31578827,34.89473724,34.31578827,34.57894516,1502045,0,1,30.12022635,yahoo_bootstrap
2022-08-16,34.57894516,34.89473724,34.52631378,34.52631378,1565759,0,1,30.07438142,yahoo_bootstrap
2022-08-17,34.73684311,34.84210587,34.52631378,34.73684311,1134651,0,1,30.25776443,yahoo_bootstrap
2022-08-18,34.68421173,34.68421173,34.31578827,34.4736824,1092508,0,1,30.0285365,yahoo_bootstrap
2022-08-19,34.26315689,34.52631378,34.26315689,34.52631378,1253505,0,1,30.07438142,yahoo_bootstrap
2022-08-22,34.21052551,34.94736862,34.05263138,34.78947449,1244500,0,1,30.30360936,yahoo_bootstrap
2022-08-23,34.94736862,35.26315689,34.63157654,34.68421173,1468641,0,1,30.21191951,yahoo_bootstrap
2022-08-24,34.84210587,34.84210587,34.36841965,34.4736824,1099803,0,1,30.0285365,yahoo_bootstrap
2022-08-25,34.63157654,34.89473724,34.4736824,34.84210587,1377800,0,1,30.34945428,yahoo_bootstrap
2022-08-26,34.94736862,35.15789413,34.89473724,35.05263138,1467523,0,1,30.53283396,yahoo_bootstrap
2022-08-29,34.31578827,34.68421173,34,34.57894516,1556794,0,1,30.12022635,yahoo_bootstrap
2022-08-30,34.57894516,34.84210587,34.4736824,34.84210587,1291791,0,1,30.34945428,yahoo_bootstrap
2022-08-31,34.73684311,35.89473724,34.73684311,35.68421173,6309503,0,1,31.08297634,yahoo_bootstrap
2022-09-01,35.36841965,35.42105103,34.89473724,35,2165670,0,1,30.48698904,yahoo_bootstrap
2022-09-02,35,35.05263138,34.52631378,34.63157654,1312073,0,1,30.16607127,yahoo_bootstrap
2022-09-05,34.63157654,34.73684311,34.4736824,34.4736824,715687,0,1,30.0285365,yahoo_bootstrap
2022-09-06,34.68421173,34.68421173,33.89473724,34.05263138,1104514,0,1,29.66177713,yahoo_bootstrap
2022-09-07,33.78947449,33.94736862,33.15789413,33.26315689,1628448,0,1,28.97409999,yahoo_bootstrap
2022-09-08,33.57894516,33.84210587,33.36841965,33.84210587,1098650,0,1,29.47839745,yahoo_bootstrap
2022-09-12,34.31578827,35.89473724,33.94736862,35.84210587,8236001,0,1,31.22051111,yahoo_bootstrap
2022-09-13,35.84210587,36.57894516,35.73684311,36.36841965,6061187,0,1,31.67896032,yahoo_bootstrap
2022-09-14,35.73684311,36.36841965,35.4736824,36.21052551,2749794,0,1,31.54142555,yahoo_bootstrap
2022-09-15,36.42105103,36.42105103,35.84210587,35.94736862,2330025,0,1,31.31220095,yahoo_bootstrap
2022-09-16,35.57894516,35.94736862,35.05263138,35.05263138,2474171,0,1,30.53283396,yahoo_bootstrap
2022-09-19,35.05263138,35.15789413,34.73684311,35,1777836,0,1,30.48698904,yahoo_bootstrap
2022-09-20,35.10526276,35.63157654,35.05263138,35.63157654,1713213,0,1,31.0371281,yahoo_bootstrap
2022-09-21,35.63157654,35.63157654,34.89473724,34.94736862,1337714,0,1,30.44114412,yahoo_bootstrap
2022-09-22,34.73684311,35.15789413,34.63157654,34.84210587,2193825,0,1,30.34945428,yahoo_bootstrap
2022-09-23,34.84210587,35.05263138,33.84210587,33.89473724,1654481,0,1,29.52424236,yahoo_bootstrap
2022-09-26,33.57894516,33.89473724,33.15789413,33.26315689,1465444,0,1,28.97409999,yahoo_bootstrap
2022-09-27,33.57894516,33.57894516,33.05263138,33.05263138,1146219,0,1,28.7907203,yahoo_bootstrap
2022-09-28,32.73684311,33.05263138,31.89473534,31.89473534,1816212,0,1,27.78212705,yahoo_bootstrap
2022-09-29,31.89473915,31.89473915,31.89473915,31.89473915,0,0.498931,0.95,28.22363414,yahoo_bootstrap
2022-09-30,31.89473915,31.89473915,31.89473915,31.89473915,0,0,1,28.22363414,yahoo_bootstrap
2022-10-03,31.89473915,31.89473915,31.89473915,31.89473915,0,0,1,28.22363414,yahoo_bootstrap
2022-10-04,31.89473915,31.89473915,31.89473915,31.89473915,0,0,1,28.22363414,yahoo_bootstrap
2022-10-05,31.89473915,31.89473915,31.89473915,31.89473915,0,0,1,28.22363414,yahoo_bootstrap
2022-10-06,31.89473915,31.89473915,31.89473915,31.89473915,0,0,1,28.22363414,yahoo_bootstrap
2022-10-07,31.89473915,31.89473915,31.89473915,31.89473915,0,0,1,28.22363414,yahoo_bootstrap
2022-10-11,29.5,30.95000076,29.5,30,3186885,0,1,26.54698069,yahoo_bootstrap
2022-10-12,30.20000076,31.20000076,29.60000038,31.20000076,1636984,0,1,27.60886059,yahoo_bootstrap
2022-10-13,31,31,29.64999962,29.89999962,1985360,0,1,26.45849042,yahoo_bootstrap
2022-10-14,30.5,30.5,29.79999924,29.85000038,2280819,0,1,26.41424612,yahoo_bootstrap
2022-10-17,29.64999962,30,29.29999924,29.85000038,1230406,0,1,26.41424612,yahoo_bootstrap
2022-10-18,30.45000076,30.85000038,30.14999962,30.85000038,1424440,0,1,27.29914548,yahoo_bootstrap
2022-10-19,30.79999924,31,30.5,30.54999924,864796,0,1,27.03367466,yahoo_bootstrap
2022-10-20,30.04999924,31.29999924,29.60000038,31.04999924,3794074,0,1,27.47612434,yahoo_bootstrap
2022-10-21,30.95000076,30.95000076,29.79999924,29.85000038,2630076,0,1,26.41424612,yahoo_bootstrap
2022-10-24,30.25,30.39999962,29.95000076,30.20000076,787038,0,1,26.72396123,yahoo_bootstrap
2022-10-25,30.45000076,30.45000076,29.89999962,30,548277,0,1,26.54698069,yahoo_bootstrap
2022-10-26,30.04999924,30.64999962,29.79999924,30.5,1277130,0,1,26.98943037,yahoo_bootstrap
2022-10-27,30.70000076,30.95000076,30.64999962,30.85000038,901431,0,1,27.29914548,yahoo_bootstrap
2022-10-28,30.79999924,30.79999924,29.89999962,29.89999962,1258995,0,1,26.45849042,yahoo_bootstrap
2022-10-31,30.25,30.29999924,29.89999962,29.89999962,704600,0,1,26.45849042,yahoo_bootstrap
2022-11-01,29.89999962,30.25,29.70000076,30.10000038,604926,0,1,26.63547096,yahoo_bootstrap
2022-11-02,30.10000038,30.39999962,30.10000038,30.25,968926,0,1,26.76820553,yahoo_bootstrap
2022-11-03,30.04999924,30.20000076,30,30,761587,0,1,26.54698069,yahoo_bootstrap
2022-11-04,29.89999962,30.35000038,29.89999962,30.35000038,686185,0,1,26.8566958,yahoo_bootstrap
2022-11-07,30.60000038,30.70000076,30.29999924,30.70000076,894550,0,1,27.16641091,yahoo_bootstrap
2022-11-08,30.79999924,30.95000076,30.54999924,30.54999924,771353,0,1,27.03367466,yahoo_bootstrap
2022-11-09,30.64999962,31.14999962,30.64999962,30.89999962,1574321,0,1,27.34338977,yahoo_bootstrap
2022-11-10,31.10000038,31.20000076,30.64999962,30.70000076,938208,0,1,27.16641091,yahoo_bootstrap
2022-11-11,31.25,31.60000038,31.10000038,31.5,2001063,0,1,27.87432972,yahoo_bootstrap
2022-11-14,31.60000038,31.79999924,31.25,31.35000038,1391806,0,1,27.74159515,yahoo_bootstrap
2022-11-15,31.20000076,31.70000076,31.04999924,31.35000038,1288339,0,1,27.74159515,yahoo_bootstrap
2022-11-16,31.35000038,31.70000076,31.29999924,31.5,930982,0,1,27.87432972,yahoo_bootstrap
2022-11-17,31.54999924,31.79999924,31.35000038,31.64999962,734002,0,1,28.00706429,yahoo_bootstrap
2022-11-18,31.70000076,31.85000038,31.54999924,31.64999962,858333,0,1,28.00706429,yahoo_bootstrap
2022-11-21,31.70000076,32.20000076,31.45000076,31.89999962,1020553,0,1,28.22828913,yahoo_bootstrap
2022-11-22,32.25,32.25,31.75,31.95000076,1065846,0,1,28.2725351,yahoo_bootstrap
2022-11-23,32.25,32.25,31.89999962,32.04999924,978422,0,1,28.3610237,yahoo_bootstrap
2022-11-24,32.15000153,32.90000153,32.09999847,32.65000153,2488326,0,1,28.89196534,yahoo_bootstrap
2022-11-25,32.59999847,32.95000076,32.45000076,32.54999924,1683875,0,1,28.80347337,yahoo_bootstrap
2022-11-28,32.25,32.59999847,32,32.54999924,1395338,0,1,28.80347337,yahoo_bootstrap
2022-11-29,32.59999847,32.90000153,32.29999924,32.90000153,1280350,0,1,29.11319017,yahoo_bootstrap
2022-11-30,32.95000076,33.29999924,32.75,33.25,1865274,0,1,29.4229036,yahoo_bootstrap
2022-12-01,33.65000153,34.04999924,33.40000153,33.59999847,2895663,0,1,29.73261702,yahoo_bootstrap
2022-12-02,33.70000076,33.70000076,33.09999847,33.09999847,1182861,0,1,29.29016734,yahoo_bootstrap
2022-12-05,33.04999924,33.04999924,31.95000076,32,4877086,0,1,28.3167794,yahoo_bootstrap
2022-12-06,32,32.15000153,31.35000038,31.39999962,3859327,0,1,27.78583945,yahoo_bootstrap
2022-12-07,31.39999962,31.5,31.14999962,31.20000076,1614400,0,1,27.60886059,yahoo_bootstrap
2022-12-08,31.20000076,31.64999962,31.04999924,31.5,1387600,0,1,27.87432972,yahoo_bootstrap
2022-12-09,31.75,31.85000038,31.5,31.54999924,1347870,0,1,27.91857402,yahoo_bootstrap
2022-12-12,31.54999924,31.89999962,31.14999962,31.75,1170720,0,1,28.09555456,yahoo_bootstrap
2022-12-13,31.75,32,31.5,31.54999924,1344048,0,1,27.91857402,yahoo_bootstrap
2022-12-14,31.60000038,32.09999847,31.25,31.64999962,1531548,0,1,28.00706429,yahoo_bootstrap
2022-12-15,31.64999962,32.20000076,31.5,31.70000076,1570750,0,1,28.05131027,yahoo_bootstrap
2022-12-16,31.5,31.60000038,31.04999924,31.04999924,3590149,0,1,27.47612434,yahoo_bootstrap
2022-12-19,31.04999924,31.85000038,31,31.85000038,3376015,0,1,28.18404483,yahoo_bootstrap
2022-12-20,31.70000076,31.75,31.04999924,31.10000038,2682722,0,1,27.52037032,yahoo_bootstrap
2022-12-21,31.45000076,31.70000076,31.14999962,31.29999924,2958938,0,1,27.69734918,yahoo_bootstrap
2022-12-22,31.70000076,32.15000153,31.60000038,31.89999962,3605781,0,1,28.22828913,yahoo_bootstrap
2022-12-23,31.5,31.60000038,31.39999962,31.5,920782,0,1,27.87432972,yahoo_bootstrap
2022-12-26,31.79999924,31.95000076,31.45000076,31.5,1438000,0,1,27.87432972,yahoo_bootstrap
2022-12-27,31.75,32.04999924,31.60000038,31.75,1245050,0,1,28.09555456,yahoo_bootstrap
2022-12-28,31.54999924,31.85000038,31.35000038,31.39999962,968616,0,1,27.78583945,yahoo_bootstrap
2022-12-29,31.29999924,31.35000038,31.10000038,31.10000038,1202538,0,1,27.52037032,yahoo_bootstrap
2022-12-30,31.20000076,31.54999924,31.10000038,31.25,808272,0,1,27.65310488,yahoo_bootstrap
2023-01-03,31.14999962,31.35000038,31,31.20000076,851650,0,1,27.60886059,yahoo_bootstrap
2023-01-04,31.39999962,31.5,31.25,31.5,610803,0,1,27.87432972,yahoo_bootstrap
2023-01-05,31.5,31.85000038,31.45000076,31.54999924,572212,0,1,27.91857402,yahoo_bootstrap
2023-01-06,31.64999962,31.79999924,31.54999924,31.60000038,733352,0,1,27.96281999,yahoo_bootstrap
2023-01-09,31.95000076,32.25,31.85000038,32.15000153,2060838,0,1,28.44951566,yahoo_bootstrap
2023-01-10,32.15000153,32.20000076,31.85000038,31.89999962,1031772,0,1,28.22828913,yahoo_bootstrap
2023-01-11,32.15000153,32.20000076,31.89999962,32,665761,0,1,28.3167794,yahoo_bootstrap
2023-01-12,32.04999924,32.45000076,32,32.15000153,1112979,0,1,28.44951566,yahoo_bootstrap
2023-01-13,32.34999847,32.34999847,31.95000076,32,682979,0,1,28.3167794,yahoo_bootstrap
2023-01-16,32,32.45000076,31.89999962,32.09999847,820851,0,1,28.40526798,yahoo_bootstrap
2023-01-17,32.20000076,32.20000076,31.95000076,32,997597,0,1,28.3167794,yahoo_bootstrap
2023-01-30,32.75,32.90000153,32.40000153,32.45000076,2848465,0,1,28.71498478,yahoo_bootstrap
2023-01-31,32.54999924,32.75,32.34999847,32.45000076,1678503,0,1,28.71498478,yahoo_bootstrap
2023-02-01,32.54999924,32.70000076,32.45000076,32.5,972132,0,1,28.75922908,yahoo_bootstrap
2023-02-02,32.70000076,32.95000076,32.70000076,32.95000076,2223751,0,1,29.15743446,yahoo_bootstrap
2023-02-03,32.84999847,33.09999847,32.79999924,33.04999924,1316984,0,1,29.24592305,yahoo_bootstrap
2023-02-06,32.95000076,33.15000153,32.75,32.75,1010888,0,1,28.98045392,yahoo_bootstrap
2023-02-07,32.95000076,33.04999924,32.79999924,32.95000076,1163000,0,1,29.15743446,yahoo_bootstrap
2023-02-08,32.95000076,33.04999924,32.79999924,32.95000076,1102343,0,1,29.15743446,yahoo_bootstrap
2023-02-09,32.84999847,33.04999924,32.70000076,32.79999924,743669,0,1,29.02469821,yahoo_bootstrap
2023-02-10,32.70000076,32.79999924,32.45000076,32.5,985565,0,1,28.75922908,yahoo_bootstrap
2023-02-13,32.5,32.59999847,32.09999847,32.09999847,797829,0,1,28.40526798,yahoo_bootstrap
2023-02-14,32.25,32.29999924,32.09999847,32.15000153,470210,0,1,28.44951566,yahoo_bootstrap
2023-02-15,32.20000076,32.29999924,31.89999962,31.89999962,1057777,0,1,28.22828913,yahoo_bootstrap
2023-02-16,32.04999924,32.25,32.04999924,32.15000153,516365,0,1,28.44951566,yahoo_bootstrap
2023-02-17,32.09999847,32.25,32.04999924,32.20000076,379601,0,1,28.49375994,yahoo_bootstrap
2023-02-20,32.20000076,32.40000153,32.15000153,32.34999847,621744,0,1,28.62649282,yahoo_bootstrap
2023-02-21,32.45000076,32.54999924,32.29999924,32.45000076,487340,0,1,28.71498478,yahoo_bootstrap
2023-02-22,32.34999847,32.34999847,32,32.25,824165,0,1,28.53800424,yahoo_bootstrap
2023-02-23,32.25,32.59999847,32.25,32.40000153,1007315,0,1,28.6707405,yahoo_bootstrap
2023-02-24,32.5,32.54999924,32.29999924,32.29999924,1000174,0,1,28.58224853,yahoo_bootstrap
2023-03-01,32.15000153,32.20000076,32,32.04999924,964847,0,1,28.3610237,yahoo_bootstrap
2023-03-02,32.09999847,32.20000076,31.89999962,32.15000153,541598,0,1,28.44951566,yahoo_bootstrap
2023-03-03,32.15000153,32.40000153,32.09999847,32.40000153,626904,0,1,28.6707405,yahoo_bootstrap
2023-03-06,32.5,32.65000153,32.40000153,32.65000153,983260,0,1,28.89196534,yahoo_bootstrap
2023-03-07,32.65000153,32.90000153,32.65000153,32.90000153,1232995,0,1,29.11319017,yahoo_bootstrap
2023-03-08,32.79999924,32.79999924,32.5,32.54999924,786958,0,1,28.80347337,yahoo_bootstrap
2023-03-09,32.54999924,32.79999924,32.5,32.5,845459,0,1,28.75922908,yahoo_bootstrap
2023-03-10,32.15000153,32.34999847,31.95000076,32,1388251,0,1,28.3167794,yahoo_bootstrap
2023-03-13,32,32,31.60000038,31.85000038,1129830,0,1,28.18404483,yahoo_bootstrap
2023-03-14,31.70000076,31.75,31.5,31.60000038,1227568,0,1,27.96281999,yahoo_bootstrap
2023-03-15,31.60000038,31.89999962,31.60000038,31.60000038,687199,0,1,27.96281999,yahoo_bootstrap
2023-03-16,31.54999924,31.64999962,31.25,31.35000038,970284,0,1,27.74159515,yahoo_bootstrap
2023-03-17,31.5,31.85000038,31.45000076,31.60000038,1369061,0,1,27.96281999,yahoo_bootstrap
2023-03-20,31.64999962,31.95000076,31.54999924,31.64999962,1227110,0,1,28.00706429,yahoo_bootstrap
2023-03-21,31.75,32.04999924,31.75,31.89999962,679358,0,1,28.22828913,yahoo_bootstrap
2023-03-22,32.04999924,32.15000153,31.89999962,32,742376,0,1,28.3167794,yahoo_bootstrap
2023-03-23,32.04999924,32.40000153,32,32.20000076,1352272,0,1,28.49375994,yahoo_bootstrap
2023-03-24,32.25,32.34999847,32.15000153,32.15000153,885481,0,1,28.44951566,yahoo_bootstrap
2023-03-27,32.34999847,32.5,32.20000076,32.34999847,1518603,0,1,28.62649282,yahoo_bootstrap
2023-03-28,32.34999847,32.5,32.25,32.45000076,1548700,0,1,28.71498478,yahoo_bootstrap
2023-03-29,31.39999962,31.60000038,31.20000076,31.25,1631150,1.197435,1,28.71262735,yahoo_bootstrap
2023-03-30,31.39999962,31.45000076,31.10000038,31.20000076,1303967,0,1,28.66668785,yahoo_bootstrap
2023-03-31,31.29999924,31.64999962,31.25,31.35000038,833650,0,1,28.80450811,yahoo_bootstrap
2023-04-06,31.35000038,31.5,31.25,31.39999962,568292,0,1,28.85044761,yahoo_bootstrap
2023-04-07,31.85000038,32.15000153,31.70000076,31.85000038,1309958,0,1,29.26391015,yahoo_bootstrap
2023-04-10,32.40000153,32.59999847,32.15000153,32.20000076,2412550,0,1,29.58549192,yahoo_bootstrap
2023-04-11,32.20000076,32.45000076,32.04999924,32.40000153,1539682,0,1,29.76925344,yahoo_bootstrap
2023-04-12,32.40000153,32.40000153,32.20000076,32.29999924,1098501,0,1,29.67737093,yahoo_bootstrap
2023-04-13,32.34999847,32.34999847,32.09999847,32.15000153,722963,0,1,29.53955243,yahoo_bootstrap
2023-04-14,32.15000153,32.25,32,32.15000153,951883,0,1,29.53955243,yahoo_bootstrap
2023-04-17,32.5,34.79999924,32.5,34.59999847,13929682,0,1,31.7906196,yahoo_bootstrap
2023-04-18,34.54999924,34.54999924,33.54999924,33.79999924,5618695,0,1,31.05557705,yahoo_bootstrap
2023-04-19,34.04999924,34.15000153,33.40000153,33.75,2692439,0,1,31.00963754,yahoo_bootstrap
2023-04-20,33.84999847,34.20000076,33.20000076,33.29999924,2453002,0,1,30.59617501,yahoo_bootstrap
2023-04-21,33.25,33.34999847,32.04999924,32.20000076,3624854,0,1,29.58549192,yahoo_bootstrap
2023-04-24,32.29999924,33.25,32.20000076,32.29999924,2187587,0,1,29.67737093,yahoo_bootstrap
2023-04-25,32.54999924,32.59999847,31.64999962,31.70000076,3889579,0,1,29.12608988,yahoo_bootstrap
2023-04-26,31.85000038,32.65000153,31.70000076,32.40000153,2577404,0,1,29.76925344,yahoo_bootstrap
2023-04-27,32.79999924,34.20000076,32.70000076,32.79999924,14559674,0,1,30.13677297,yahoo_bootstrap
2023-04-28,33.25,33.25,32.25,32.34999847,2852866,0,1,29.72331043,yahoo_bootstrap
2023-05-02,32.40000153,32.75,32.20000076,32.70000076,1739447,0,1,30.04489396,yahoo_bootstrap
2023-05-03,32.5,32.54999924,32.09999847,32.25,1502140,0,1,29.63143143,yahoo_bootstrap
2023-05-04,32.29999924,32.40000153,32,32.25,1044315,0,1,29.63143143,yahoo_bootstrap
2023-05-05,32.25,32.45000076,32,32.20000076,860915,0,1,29.58549192,yahoo_bootstrap
2023-05-08,32.29999924,32.84999847,32.29999924,32.65000153,1564800,0,1,29.99895446,yahoo_bootstrap
2023-05-09,32.79999924,32.84999847,32.40000153,32.59999847,1346142,0,1,29.95301145,yahoo_bootstrap
2023-05-10,32.59999847,32.75,32.29999924,32.40000153,1113661,0,1,29.76925344,yahoo_bootstrap
2023-05-11,32.45000076,32.5,31.89999962,31.95000076,1251895,0,1,29.3557909,yahoo_bootstrap
2023-05-12,32,32.15000153,31.75,32,687250,0,1,29.40173041,yahoo_bootstrap
2023-05-15,31.85000038,32.15000153,31.75,32.15000153,472769,0,1,29.53955243,yahoo_bootstrap
2023-05-16,32.25,32.34999847,32.04999924,32.15000153,1120511,0,1,29.53955243,yahoo_bootstrap
2023-05-17,32.15000153,32.79999924,32.15000153,32.65000153,1965510,0,1,29.99895446,yahoo_bootstrap
2023-05-18,32.59999847,32.84999847,32.5,32.70000076,1702588,0,1,30.04489396,yahoo_bootstrap
2023-05-19,32.84999847,33.75,32.79999924,33.29999924,6235103,0,1,30.59617501,yahoo_bootstrap
2023-05-22,33.09999847,33.25,32.75,33,1803425,0,1,30.32053448,yahoo_bootstrap
2023-05-23,33,33.34999847,32.90000153,33.15000153,1212645,0,1,30.4583565,yahoo_bootstrap
2023-05-24,33.29999924,33.40000153,33.04999924,33.29999924,1676282,0,1,30.59617501,yahoo_bootstrap
2023-05-25,33.25,33.70000076,32.95000076,33.25,2523569,0,1,30.5502355,yahoo_bootstrap
2023-05-26,33.15000153,33.25,32.5,32.54999924,2094429,0,1,29.90707195,yahoo_bootstrap
2023-05-29,32.90000153,33.15000153,32.59999847,32.90000153,1267623,0,1,30.22865548,yahoo_bootstrap
2023-05-30,32.95000076,33.15000153,32.70000076,32.79999924,1294750,0,1,30.13677297,yahoo_bootstrap
2023-05-31,32.90000153,33.15000153,32.75,32.79999924,1308438,0,1,30.13677297,yahoo_bootstrap
2023-06-01,33,33.25,32.75,33.15000153,1548771,0,1,30.4583565,yahoo_bootstrap
2023-06-02,33.20000076,34.5,33.20000076,34.09999847,7655127,0,1,31.33121756,yahoo_bootstrap
2023-06-05,34.09999847,34.29999924,33.29999924,33.34999847,4717947,0,1,30.6421145,yahoo_bootstrap
2023-06-06,33.54999924,33.65000153,33.25,33.54999924,1619728,0,1,30.82587603,yahoo_bootstrap
2023-06-07,33.54999924,33.54999924,33.25,33.29999924,1706671,0,1,30.59617501,yahoo_bootstrap
2023-06-08,33.40000153,33.40000153,32.90000153,32.95000076,1578566,0,1,30.27459498,yahoo_bootstrap
2023-06-09,33.15000153,33.15000153,32.84999847,33,889552,0,1,30.32053448,yahoo_bootstrap
2023-06-12,33,33.04999924,32.59999847,32.70000076,1096724,0,1,30.04489396,yahoo_bootstrap
2023-06-13,32.75,33.09999847,32.70000076,32.84999847,1122477,0,1,30.18271247,yahoo_bootstrap
2023-06-14,32.90000153,33,32.79999924,32.90000153,586197,0,1,30.22865548,yahoo_bootstrap
2023-06-15,33.04999924,33.04999924,32.65000153,32.75,1070103,0,1,30.09083347,yahoo_bootstrap
2023-06-16,32.90000153,33,32.70000076,32.75,1448138,0,1,30.09083347,yahoo_bootstrap
2023-06-19,32.75,32.95000076,32.65000153,32.90000153,775867,0,1,30.22865548,yahoo_bootstrap
2023-06-20,33,33.15000153,32.79999924,33.04999924,1072491,0,1,30.36647399,yahoo_bootstrap
2023-06-21,33,33.15000153,32.84999847,33,970866,0,1,30.32053448,yahoo_bootstrap
2023-06-26,33,33,32.59999847,32.59999847,1032451,0,1,29.95301145,yahoo_bootstrap
2023-06-27,32.59999847,32.84999847,32.59999847,32.65000153,684219,0,1,29.99895446,yahoo_bootstrap
2023-06-28,32.59999847,32.70000076,32.5,32.59999847,650800,0,1,29.95301145,yahoo_bootstrap
2023-06-29,32.90000153,32.90000153,32.29999924,32.40000153,1149969,0,1,29.76925344,yahoo_bootstrap
2023-06-30,32.25,32.5,32.15000153,32.29999924,1523086,0,1,29.67737093,yahoo_bootstrap
2023-07-03,32.29999924,32.45000076,32.25,32.29999924,732746,0,1,29.67737093,yahoo_bootstrap
2023-07-04,32.25,32.25,32.04999924,32.09999847,1064919,0,1,29.49360941,yahoo_bootstrap
2023-07-05,32.20000076,32.20000076,32,32,1064866,0,1,29.40173041,yahoo_bootstrap
2023-07-06,32.04999924,32.04999924,31.5,31.54999924,2405906,0,1,28.98826788,yahoo_bootstrap
2023-07-07,31.35000038,31.45000076,31.10000038,31.35000038,1379550,0,1,28.80450811,yahoo_bootstrap
2023-07-10,31.60000038,31.75,31.25,31.25,1577226,0,1,28.71262735,yahoo_bootstrap
2023-07-11,31.70000076,31.70000076,31.29999924,31.39999962,684839,0,1,28.85044761,yahoo_bootstrap
2023-07-12,31.29999924,31.45000076,31.20000076,31.25,826263,0,1,28.71262735,yahoo_bootstrap
2023-07-13,31.35000038,31.54999924,31.25,31.45000076,1192371,0,1,28.89638887,yahoo_bootstrap
2023-07-14,31.60000038,31.60000038,31.39999962,31.45000076,915434,0,1,28.89638887,yahoo_bootstrap
2023-07-17,31.60000038,32.09999847,31.5,31.79999924,1486341,0,1,29.2179689,yahoo_bootstrap
2023-07-18,32.25,32.25,31.39999962,31.45000076,1477734,0,1,28.89638887,yahoo_bootstrap
2023-07-19,31.45000076,31.5,31.20000076,31.25,1048912,0,1,28.71262735,yahoo_bootstrap
2023-07-20,31.25,31.60000038,31.25,31.54999924,791000,0,1,28.98826788,yahoo_bootstrap
2023-07-21,31.60000038,31.85000038,31.45000076,31.45000076,915600,0,1,28.89638887,yahoo_bootstrap
2023-07-24,31.39999962,31.5,31,31.25,1259641,0,1,28.71262735,yahoo_bootstrap
2023-07-25,31.25,31.64999962,31.10000038,31.25,1002745,0,1,28.71262735,yahoo_bootstrap
2023-07-26,31.29999924,31.60000038,31.20000076,31.35000038,1021468,0,1,28.80450811,yahoo_bootstrap
2023-07-27,31.45000076,31.64999962,31.29999924,31.45000076,1084107,0,1,28.89638887,yahoo_bootstrap
2023-07-28,31.35000038,31.45000076,31.20000076,31.39999962,1043687,0,1,28.85044761,yahoo_bootstrap
2023-07-31,31.5,31.5,31.04999924,31.04999924,1877591,0,1,28.52886584,yahoo_bootstrap
2023-08-01,31.04999924,31.25,30.95000076,31.04999924,1024493,0,1,28.52886584,yahoo_bootstrap
2023-08-02,31,31.39999962,30.75,30.75,2396830,0,1,28.25322531,yahoo_bootstrap
2023-08-04,30.70000076,31,30.60000038,30.60000038,1493650,0,1,28.11540505,yahoo_bootstrap
2023-08-07,30.60000038,30.70000076,30.5,30.54999924,1511682,0,1,28.0694638,yahoo_bootstrap
2023-08-08,30.70000076,30.79999924,30.25,30.29999924,1455700,0,1,27.83976278,yahoo_bootstrap
2023-08-09,30.35000038,30.35000038,30,30.14999962,1210502,0,1,27.70194252,yahoo_bootstrap
2023-08-10,30.20000076,30.25,29.95000076,30,1550200,0,1,27.56412226,yahoo_bootstrap
2023-08-11,30,30.04999924,29.79999924,29.95000076,1405644,0,1,27.51818275,yahoo_bootstrap
2023-08-14,29.85000038,29.89999962,29.04999924,29.14999962,2582386,0,1,26.78313845,yahoo_bootstrap
2023-08-15,29.29999924,29.29999924,29.10000038,29.14999962,911738,0,1,26.78313845,yahoo_bootstrap
2023-08-16,29,29.04999924,28.35000038,28.60000038,4291659,0,1,26.2777969,yahoo_bootstrap
2023-08-17,28.39999962,29,28.04999924,28.79999924,1943342,0,1,26.46155667,yahoo_bootstrap
2023-08-18,28.79999924,28.85000038,28.35000038,28.5,1299143,0,1,26.18591615,yahoo_bootstrap
2023-08-21,28.54999924,28.60000038,28.20000076,28.39999962,1019500,0,1,26.09403539,yahoo_bootstrap
2023-08-22,28.5,28.5,28.29999924,28.35000038,787040,0,1,26.04809588,yahoo_bootstrap
2023-08-23,28.35000038,28.60000038,28.20000076,28.60000038,753774,0,1,26.2777969,yahoo_bootstrap
2023-08-24,28.60000038,28.79999924,28.39999962,28.64999962,962075,0,1,26.32373641,yahoo_bootstrap
2023-08-25,28.64999962,28.79999924,28.60000038,28.60000038,888062,0,1,26.2777969,yahoo_bootstrap
2023-08-28,28.60000038,28.85000038,28.60000038,28.64999962,630891,0,1,26.32373641,yahoo_bootstrap
2023-08-29,28.75,28.95000076,28.64999962,28.95000076,760951,0,1,26.59937868,yahoo_bootstrap
2023-08-30,28.95000076,29.10000038,28.79999924,29.04999924,1124059,0,1,26.69125769,yahoo_bootstrap
2023-08-31,29.14999962,29.25,29,29.04999924,717834,0,1,26.69125769,yahoo_bootstrap
2023-09-01,29.04999924,29.54999924,29.04999924,29.5,1319306,0,1,27.10472022,yahoo_bootstrap
2023-09-04,29.5,29.5,29.25,29.35000038,449047,0,1,26.96689996,yahoo_bootstrap
2023-09-05,29.45000076,29.45000076,29.14999962,29.29999924,702259,0,1,26.92095871,yahoo_bootstrap
2023-09-06,29.35000038,29.35000038,28.95000076,29,1285301,0,1,26.64531818,yahoo_bootstrap
2023-09-07,28.95000076,28.95000076,28.39999962,28.70000076,1921983,0,1,26.36967766,yahoo_bootstrap
2023-09-08,28.64999962,28.64999962,28.35000038,28.54999924,1412006,0,1,26.23185565,yahoo_bootstrap
2023-09-11,28.60000038,28.95000076,28.39999962,28.5,1518563,0,1,26.18591615,yahoo_bootstrap
2023-09-12,28.64999962,29,28.54999924,28.95000076,992336,0,1,26.59937868,yahoo_bootstrap
2023-09-13,29,29.39999962,28.95000076,29.10000038,1421759,0,1,26.73719894,yahoo_bootstrap
2023-09-14,29.29999924,29.35000038,29.04999924,29.35000038,1047279,0,1,26.96689996,yahoo_bootstrap
2023-09-15,29.35000038,29.35000038,28.85000038,28.85000038,2017765,0,1,26.50749792,yahoo_bootstrap
2023-09-18,28.85000038,29.04999924,28.70000076,28.95000076,1359756,0,1,26.59937868,yahoo_bootstrap
2023-09-19,28.89999962,28.95000076,28.5,28.54999924,1727240,0,1,26.23185565,yahoo_bootstrap
2023-09-20,28.70000076,28.75,28.29999924,28.54999924,2750725,0,1,26.23185565,yahoo_bootstrap
2023-09-21,28.45000076,28.45000076,27.89999962,28.20000076,4960904,0,1,25.91027562,yahoo_bootstrap
2023-09-22,28.10000038,28.10000038,27.89999962,28,1577930,0,1,25.72651411,yahoo_bootstrap
2023-09-25,28.64999962,29.70000076,28.54999924,28.54999924,4642306,0,1,26.23185565,yahoo_bootstrap
2023-09-26,28.45000076,28.54999924,28.25,28.29999924,1334126,0,1,26.00215463,yahoo_bootstrap
2023-09-27,28.29999924,28.39999962,28.14999962,28.25,744251,0,1,25.95621513,yahoo_bootstrap
2023-09-28,28.35000038,28.45000076,28.25,28.35000038,763424,0,1,26.04809588,yahoo_bootstrap
2023-10-02,28.54999924,28.60000038,28.29999924,28.35000038,514283,0,1,26.04809588,yahoo_bootstrap
2023-10-03,28.29999924,28.39999962,28.20000076,28.20000076,718624,0,1,25.91027562,yahoo_bootstrap
2023-10-04,28,28,27.75,27.85000038,1513523,0,1,25.58869385,yahoo_bootstrap
2023-10-05,27.85000038,28.25,27.85000038,28.25,616309,0,1,25.95621513,yahoo_bootstrap
2023-10-06,28.25,28.54999924,28.14999962,28.5,702038,0,1,26.18591615,yahoo_bootstrap
2023-10-11,28.85000038,28.95000076,28.60000038,28.85000038,1841410,0,1,26.50749792,yahoo_bootstrap
2023-10-12,28.89999962,28.89999962,28.5,28.85000038,963130,0,1,26.50749792,yahoo_bootstrap
2023-10-13,28.70000076,28.75,28.45000076,28.60000038,993506,0,1,26.2777969,yahoo_bootstrap
2023-10-16,28.60000038,28.70000076,28.45000076,28.70000076,916394,0,1,26.36967766,yahoo_bootstrap
2023-10-17,28.70000076,28.75,28.5,28.5,840957,0,1,26.18591615,yahoo_bootstrap
2023-10-18,28.54999924,28.60000038,27.64999962,28.54999924,5280094,0,1,26.23185565,yahoo_bootstrap
2023-10-19,28.10000038,28.10000038,27.79999924,28,1441920,0,1,25.72651411,yahoo_bootstrap
2023-10-20,27.70000076,28.20000076,27.5,28.10000038,1667709,0,1,25.81839486,yahoo_bootstrap
2023-10-23,28,28.25,27.89999962,28,736268,0,1,25.72651411,yahoo_bootstrap
2023-10-24,28.10000038,28.10000038,27.85000038,28,651012,0,1,25.72651411,yahoo_bootstrap
2023-10-25,28.14999962,28.45000076,28.04999924,28.39999962,816179,0,1,26.09403539,yahoo_bootstrap
2023-10-26,28.20000076,28.20000076,27.79999924,27.95000076,1180891,0,1,25.6805746,yahoo_bootstrap
2023-10-27,28,28.5,28,28.39999962,917205,0,1,26.09403539,yahoo_bootstrap
2023-10-30,28.29999924,28.39999962,28.14999962,28.20000076,558751,0,1,25.91027562,yahoo_bootstrap
2023-10-31,27.95000076,28.20000076,27.79999924,27.79999924,1064855,0,1,25.54275259,yahoo_bootstrap
2023-11-01,27.95000076,28.29999924,27.95000076,28.14999962,778903,0,1,25.86433437,yahoo_bootstrap
2023-11-02,28.45000076,28.45000076,28.20000076,28.20000076,609848,0,1,25.91027562,yahoo_bootstrap
2023-11-03,28.25,28.45000076,28.14999962,28.29999924,908873,0,1,26.00215463,yahoo_bootstrap
2023-11-06,28.45000076,28.64999962,28.35000038,28.5,1496677,0,1,26.18591615,yahoo_bootstrap
2023-11-07,28.54999924,28.64999962,28.39999962,28.64999962,942245,0,1,26.32373641,yahoo_bootstrap
2023-11-08,28.64999962,28.79999924,28.60000038,28.64999962,955204,0,1,26.32373641,yahoo_bootstrap
2023-11-09,28.70000076,28.70000076,28.39999962,28.5,629425,0,1,26.18591615,yahoo_bootstrap
2023-11-10,28.39999962,28.39999962,28.14999962,28.14999962,562951,0,1,25.86433437,yahoo_bootstrap
2023-11-13,28.20000076,28.29999924,28.04999924,28.14999962,581301,0,1,25.86433437,yahoo_bootstrap
2023-11-14,28.45000076,29.20000076,28.20000076,29.04999924,3744539,0,1,26.69125769,yahoo_bootstrap
2023-11-15,29.54999924,29.79999924,29.20000076,29.45000076,3553800,0,1,27.05878072,yahoo_bootstrap
2023-11-16,29.60000038,29.79999924,29.39999962,29.75,2458766,0,1,27.33442124,yahoo_bootstrap
2023-11-17,29.75,29.79999924,29.54999924,29.60000038,1589799,0,1,27.19660098,yahoo_bootstrap
2023-11-20,29.75,29.79999924,29.45000076,29.79999924,1180166,0,1,27.38036074,yahoo_bootstrap
2023-11-21,29.85000038,30.10000038,29.64999962,29.70000076,2368291,0,1,27.28848173,yahoo_bootstrap
2023-11-22,29.70000076,29.89999962,29.54999924,29.89999962,1096429,0,1,27.4722415,yahoo_bootstrap
2023-11-23,30,30.25,29.60000038,29.79999924,1892177,0,1,27.38036074,yahoo_bootstrap
2023-11-24,29.95000076,30.14999962,29.79999924,30,1159099,0,1,27.56412226,yahoo_bootstrap
2023-11-27,30.89999962,30.89999962,29.85000038,30,2874176,0,1,27.56412226,yahoo_bootstrap
2023-11-28,30.14999962,30.20000076,29.95000076,30,1297860,0,1,27.56412226,yahoo_bootstrap
2023-11-29,30.04999924,30.10000038,29.64999962,29.85000038,1555320,0,1,27.426302,yahoo_bootstrap
2023-11-30,29.95000076,29.95000076,29.54999924,29.60000038,1560201,0,1,27.19660098,yahoo_bootstrap
2023-12-01,29.70000076,29.85000038,29.54999924,29.60000038,749450,0,1,27.19660098,yahoo_bootstrap
2023-12-04,29.64999962,29.79999924,29.60000038,29.64999962,771800,0,1,27.24254048,yahoo_bootstrap
2023-12-05,29.70000076,29.79999924,29.39999962,29.39999962,1306700,0,1,27.01283946,yahoo_bootstrap
2023-12-06,29.5,29.70000076,29.5,29.64999962,899186,0,1,27.24254048,yahoo_bootstrap
2023-12-07,29.60000038,29.64999962,29.20000076,29.20000076,1193237,0,1,26.8290797,yahoo_bootstrap
2023-12-08,29.29999924,29.39999962,29.10000038,29.20000076,870108,0,1,26.8290797,yahoo_bootstrap
2023-12-11,29.20000076,29.20000076,28.89999962,28.95000076,1173008,0,1,26.59937868,yahoo_bootstrap
2023-12-12,29.20000076,29.20000076,28.89999962,28.89999962,747055,0,1,26.55343743,yahoo_bootstrap
2023-12-13,29.10000038,29.10000038,28.85000038,28.85000038,914732,0,1,26.50749792,yahoo_bootstrap
2023-12-14,28.89999962,29.45000076,28.89999962,29.20000076,1178279,0,1,26.8290797,yahoo_bootstrap
2023-12-15,29.35000038,29.35000038,29,29,3164219,0,1,26.64531818,yahoo_bootstrap
2023-12-18,29.35000038,29.35000038,28.95000076,29,1597508,0,1,26.64531818,yahoo_bootstrap
2023-12-19,29,29.10000038,28.64999962,28.85000038,1339390,0,1,26.50749792,yahoo_bootstrap
2023-12-20,28.85000038,29.04999924,28.75,29,1390302,0,1,26.64531818,yahoo_bootstrap
2023-12-21,28.75,29,28.70000076,28.89999962,509430,0,1,26.55343743,yahoo_bootstrap
2023-12-22,28.85000038,28.85000038,28.5,28.5,1788801,0,1,26.18591615,yahoo_bootstrap
2023-12-25,28.60000038,28.64999962,28.5,28.5,872453,0,1,26.18591615,yahoo_bootstrap
2023-12-26,28.54999924,28.85000038,28.54999924,28.85000038,1085635,0,1,26.50749792,yahoo_bootstrap
2023-12-27,28.85000038,29.10000038,28.85000038,28.95000076,1287636,0,1,26.59937868,yahoo_bootstrap
2023-12-28,28.95000076,29.29999924,28.95000076,29.29999924,1435450,0,1,26.92095871,yahoo_bootstrap
2023-12-29,29.25,29.29999924,29.10000038,29.10000038,750320,0,1,26.73719894,yahoo_bootstrap
2024-01-02,29.10000038,29.20000076,28.95000076,29.14999962,795776,0,1,26.78313845,yahoo_bootstrap
2024-01-03,29.10000038,29.14999962,28.89999962,29.14999962,1416809,0,1,26.78313845,yahoo_bootstrap
2024-01-04,29.04999924,29.10000038,28.89999962,28.95000076,651421,0,1,26.59937868,yahoo_bootstrap
2024-01-05,28.95000076,29,28.79999924,28.89999962,544410,0,1,26.55343743,yahoo_bootstrap
2024-01-08,29.04999924,29.20000076,28.89999962,28.89999962,688600,0,1,26.55343743,yahoo_bootstrap
2024-01-09,29.04999924,29.10000038,28.64999962,28.64999962,721760,0,1,26.32373641,yahoo_bootstrap
2024-01-10,28.64999962,28.64999962,28.29999924,28.29999924,1200113,0,1,26.00215463,yahoo_bootstrap
2024-01-11,28.35000038,28.35000038,28.20000076,28.29999924,729353,0,1,26.00215463,yahoo_bootstrap
2024-01-12,28.29999924,28.45000076,28.20000076,28.35000038,462000,0,1,26.04809588,yahoo_bootstrap
2024-01-15,28.39999962,28.45000076,28.25,28.25,528110,0,1,25.95621513,yahoo_bootstrap
2024-01-16,28.10000038,28.14999962,27.89999962,27.95000076,2438466,0,1,25.6805746,yahoo_bootstrap
2024-01-17,27.89999962,27.89999962,27.5,27.5,2760350,0,1,25.26711207,yahoo_bootstrap
2024-01-18,27.5,28,27.5,27.95000076,1237928,0,1,25.6805746,yahoo_bootstrap
2024-01-19,27.70000076,27.89999962,27.60000038,27.85000038,884343,0,1,25.58869385,yahoo_bootstrap
2024-01-22,27.89999962,27.95000076,27.75,27.85000038,715368,0,1,25.58869385,yahoo_bootstrap
2024-01-23,27.89999962,28.14999962,27.89999962,28.10000038,601352,0,1,25.81839486,yahoo_bootstrap
2024-01-24,28.14999962,28.29999924,28.10000038,28.25,583817,0,1,25.95621513,yahoo_bootstrap
2024-01-25,28.39999962,28.54999924,28.29999924,28.39999962,960680,0,1,26.09403539,yahoo_bootstrap
2024-01-26,28.39999962,28.70000076,28.35000038,28.54999924,994261,0,1,26.23185565,yahoo_bootstrap
2024-01-29,28.5,28.85000038,28.5,28.75,747448,0,1,26.41561716,yahoo_bootstrap
2024-01-30,28.75,28.79999924,28.39999962,28.60000038,1018126,0,1,26.2777969,yahoo_bootstrap
2024-01-31,28.79999924,28.85000038,28.5,28.70000076,799255,0,1,26.36967766,yahoo_bootstrap
2024-02-01,28.79999924,28.85000038,28.60000038,28.70000076,653700,0,1,26.36967766,yahoo_bootstrap
2024-02-02,28.75,28.85000038,28.60000038,28.79999924,710407,0,1,26.46155667,yahoo_bootstrap
2024-02-05,28.5,28.70000076,28.39999962,28.60000038,945850,0,1,26.2777969,yahoo_bootstrap
2024-02-15,28.54999924,28.95000076,28.54999924,28.95000076,1661054,0,1,26.59937868,yahoo_bootstrap
2024-02-16,29,29.45000076,29,29.39999962,1887209,0,1,27.01283946,yahoo_bootstrap
2024-02-19,29.75,29.95000076,29.54999924,29.79999924,2795793,0,1,27.38036074,yahoo_bootstrap
2024-02-20,30.20000076,30.5,30.04999924,30.10000038,5745868,0,1,27.65600301,yahoo_bootstrap
2024-02-21,30.20000076,31.45000076,30.20000076,30.60000038,12943951,0,1,28.11540505,yahoo_bootstrap
2024-02-22,30.60000038,30.60000038,30.20000076,30.29999924,2547165,0,1,27.83976278,yahoo_bootstrap
2024-02-23,30.79999924,32.45000076,30.5,31.75,16869876,0,1,29.17202939,yahoo_bootstrap
2024-02-26,32.95000076,33.90000153,32.5,32.54999924,22375155,0,1,29.90707195,yahoo_bootstrap
2024-02-27,32.40000153,32.65000153,31.5,32,8563172,0,1,29.40173041,yahoo_bootstrap
2024-02-29,31.85000038,32.15000153,31.79999924,32.15000153,3502581,0,1,29.53955243,yahoo_bootstrap
2024-03-01,32.15000153,32.15000153,31.70000076,31.95000076,2784320,0,1,29.3557909,yahoo_bootstrap
2024-03-04,31.85000038,32.20000076,31.79999924,31.95000076,2859228,0,1,29.3557909,yahoo_bootstrap
2024-03-05,31.95000076,32.15000153,31.79999924,31.89999962,1715833,0,1,29.30984965,yahoo_bootstrap
2024-03-06,31.89999962,32.65000153,31.70000076,32.5,4351616,0,1,29.86113245,yahoo_bootstrap
2024-03-07,32.79999924,33.70000076,32.29999924,33.04999924,18467484,0,1,30.36647399,yahoo_bootstrap
2024-03-08,33,33.29999924,32.20000076,32.59999847,7340923,0,1,29.95301145,yahoo_bootstrap
2024-03-11,32.04999924,32.34999847,31.79999924,31.79999924,3837636,0,1,29.2179689,yahoo_bootstrap
2024-03-12,31.79999924,32,31.75,31.75,1463709,0,1,29.17202939,yahoo_bootstrap
2024-03-13,31.75,31.89999962,31.25,31.29999924,2851620,0,1,28.75856686,yahoo_bootstrap
2024-03-14,31.25,31.35000038,31.04999924,31.10000038,1485681,0,1,28.57480709,yahoo_bootstrap
2024-03-15,31,31.04999924,30.60000038,31,3017721,0,1,28.48292633,yahoo_bootstrap
2024-03-18,31,31.04999924,30.70000076,31,994948,0,1,28.48292633,yahoo_bootstrap
2024-03-19,31,31.25,31,31,1274252,0,1,28.48292633,yahoo_bootstrap
2024-03-20,31,31,30.64999962,30.75,1374667,0,1,28.25322531,yahoo_bootstrap
2024-03-21,30.95000076,31.20000076,30.89999962,31.20000076,1610447,0,1,28.66668785,yahoo_bootstrap
2024-03-22,31.04999924,31.10000038,30.75,31.04999924,1460097,0,1,28.52886584,yahoo_bootstrap
2024-03-25,31.14999962,32.25,30.75,31.75,7682074,0,1,29.17202939,yahoo_bootstrap
2024-03-26,31.60000038,31.70000076,31,31,2304417,0,1,28.48292633,yahoo_bootstrap
2024-03-27,31.10000038,31.75,31.10000038,31.60000038,1831250,0,1,29.03420913,yahoo_bootstrap
2024-03-28,31.60000038,31.79999924,31.29999924,31.29999924,1497201,0,1,28.75856686,yahoo_bootstrap
2024-03-29,31.45000076,31.5,31.25,31.35000038,760000,0,1,28.80450811,yahoo_bootstrap
2024-04-01,31.5,31.85000038,31.35000038,31.85000038,1517035,0,1,29.26391015,yahoo_bootstrap
2024-04-02,31.89999962,33.29999924,31.79999924,32.70000076,14589217,0,1,30.04489396,yahoo_bootstrap
2024-04-03,32.34999847,32.34999847,32,32.09999847,2695212,0,1,29.49360941,yahoo_bootstrap
2024-04-08,32.09999847,32.09999847,31.79999924,31.89999962,1492714,0,1,29.30984965,yahoo_bootstrap
2024-04-09,32.15000153,32.65000153,32.09999847,32.59999847,2651097,0,1,29.95301145,yahoo_bootstrap
2024-04-10,32.79999924,33.54999924,32.65000153,32.75,9187262,0,1,30.09083347,yahoo_bootstrap
2024-04-11,32.5,32.5,32.04999924,32.20000076,1800416,0,1,29.58549192,yahoo_bootstrap
2024-04-12,32.04999924,32.15000153,31.89999962,32.09999847,1872545,0,1,29.49360941,yahoo_bootstrap
2024-04-15,32,32.54999924,31.85000038,32.25,2538995,0,1,29.63143143,yahoo_bootstrap
2024-04-16,31.95000076,31.95000076,30.89999962,31.14999962,3018913,0,1,28.6207466,yahoo_bootstrap
2024-04-17,31.14999962,31.5,31.04999924,31.29999924,1362142,0,1,28.75856686,yahoo_bootstrap
2024-04-18,31.04999924,31.25,30.95000076,31.14999962,1140719,0,1,28.6207466,yahoo_bootstrap
2024-04-19,30.95000076,31.04999924,30.29999924,30.5,3664628,0,1,28.0235243,yahoo_bootstrap
2024-04-22,31,31.29999924,30.79999924,31,1395417,0,1,28.48292633,yahoo_bootstrap
2024-04-23,31.25,31.35000038,31,31.35000038,1161059,0,1,28.80450811,yahoo_bootstrap
2024-04-24,31.5,31.64999962,31.25,31.25,2597344,0,1,28.71262735,yahoo_bootstrap
2024-04-25,30.5,30.70000076,30.45000076,30.54999924,1366870,0.79829,1,28.80530334,yahoo_bootstrap
2024-04-26,30.60000038,30.79999924,30.5,30.54999924,1088421,0,1,28.80530334,yahoo_bootstrap
2024-04-29,30.85000038,31.5,30.75,31.5,3028849,0,1,29.70105001,yahoo_bootstrap
2024-04-30,31.79999924,31.85000038,31.45000076,31.70000076,2738125,0,1,29.88962882,yahoo_bootstrap
2024-05-02,31.79999924,31.95000076,31.5,31.89999962,1467312,0,1,30.07820584,yahoo_bootstrap
2024-05-03,32.04999924,32.29999924,31.75,31.75,1689667,0,1,29.93677263,yahoo_bootstrap
2024-05-06,32,32.09999847,31.75,31.89999962,1263843,0,1,30.07820584,yahoo_bootstrap
2024-05-07,32,32.09999847,31.60000038,31.70000076,1075869,0,1,29.88962882,yahoo_bootstrap
2024-05-08,31.75,31.85000038,31.54999924,31.54999924,802040,0,1,29.74819382,yahoo_bootstrap
2024-05-09,31.54999924,31.64999962,31.20000076,31.25,895552,0,1,29.46532739,yahoo_bootstrap
2024-05-10,31.5,31.70000076,31.25,31.70000076,1540182,0,1,29.88962882,yahoo_bootstrap
2024-05-13,31.79999924,31.85000038,31.39999962,31.45000076,1080647,0,1,29.6539062,yahoo_bootstrap
2024-05-14,31.5,31.60000038,31.14999962,31.20000076,1096288,0,1,29.41818358,yahoo_bootstrap
2024-05-15,31.20000076,31.39999962,31,31.04999924,1545960,0,1,29.27674858,yahoo_bootstrap
2024-05-16,31.10000038,31.75,31.10000038,31.60000038,2824253,0,1,29.79533942,yahoo_bootstrap
2024-05-17,32.29999924,32.59999847,31.60000038,31.60000038,5481057,0,1,29.79533942,yahoo_bootstrap
2024-05-20,31.79999924,32.09999847,31.64999962,31.70000076,1724034,0,1,29.88962882,yahoo_bootstrap
2024-05-21,31.70000076,31.70000076,31.20000076,31.25,1498245,0,1,29.46532739,yahoo_bootstrap
2024-05-22,31.35000038,31.5,31.25,31.45000076,1399358,0,1,29.6539062,yahoo_bootstrap
2024-05-23,31.20000076,31.25,30.75,30.79999924,2377796,0,1,29.04102596,yahoo_bootstrap
2024-05-24,30.64999962,30.89999962,30.39999962,30.79999924,1089306,0,1,29.04102596,yahoo_bootstrap
2024-05-27,31.04999924,31.45000076,30.89999962,31,1418720,0,1,29.22960477,yahoo_bootstrap
2024-05-28,31.10000038,31.45000076,30.95000076,31.29999924,1744490,0,1,29.5124712,yahoo_bootstrap
2024-05-29,31.39999962,31.39999962,30.89999962,30.89999962,1346873,0,1,29.13531537,yahoo_bootstrap
2024-05-30,30.79999924,30.79999924,30.39999962,30.5,1735147,0,1,28.75815953,yahoo_bootstrap
2024-05-31,30.60000038,31.10000038,30.60000038,31.10000038,2731529,0,1,29.32389418,yahoo_bootstrap
2024-06-03,31.35000038,32.20000076,31.25,31.29999924,5914373,0,1,29.5124712,yahoo_bootstrap
2024-06-04,31.29999924,31.29999924,30.95000076,30.95000076,1342694,0,1,29.18246096,yahoo_bootstrap
2024-06-05,31,31.14999962,30.79999924,30.85000038,934916,0,1,29.08817156,yahoo_bootstrap
2024-06-06,30.85000038,30.95000076,30.60000038,30.75,1613548,0,1,28.99388215,yahoo_bootstrap
2024-06-07,30.75,31.35000038,30.75,31.20000076,1850725,0,1,29.41818358,yahoo_bootstrap
2024-06-11,30.89999962,31.14999962,30.75,30.85000038,1074079,0,1,29.08817156,yahoo_bootstrap
2024-06-12,30.75,30.95000076,30.75,30.85000038,836093,0,1,29.08817156,yahoo_bootstrap
2024-06-13,30.89999962,31.20000076,30.5,30.60000038,1824630,0,1,28.85244894,yahoo_bootstrap
2024-06-14,30.60000038,30.79999924,30.5,30.60000038,1339216,0,1,28.85244894,yahoo_bootstrap
2024-06-17,30.60000038,30.75,30.54999924,30.54999924,1122692,0,1,28.80530334,yahoo_bootstrap
2024-06-18,30.64999962,30.79999924,30.5,30.79999924,1890516,0,1,29.04102596,yahoo_bootstrap
2024-06-19,30.85000038,30.89999962,30.64999962,30.75,1363500,0,1,28.99388215,yahoo_bootstrap
2024-06-20,30.75,31,30.70000076,30.95000076,2382343,0,1,29.18246096,yahoo_bootstrap
2024-06-21,30.95000076,31.29999924,30.95000076,31.29999924,3350691,0,1,29.5124712,yahoo_bootstrap
2024-06-24,31.20000076,31.39999962,31,31,1425744,0,1,29.22960477,yahoo_bootstrap
2024-06-25,31.39999962,31.45000076,31.04999924,31.10000038,1481564,0,1,29.32389418,yahoo_bootstrap
2024-06-26,31.25,31.25,31.14999962,31.14999962,1260281,0,1,29.37103798,yahoo_bootstrap
2024-06-27,31,31.10000038,30.64999962,30.85000038,1887750,0,1,29.08817156,yahoo_bootstrap
2024-06-28,30.64999962,31.20000076,30.64999962,30.89999962,1678012,0,1,29.13531537,yahoo_bootstrap
2024-07-01,31.14999962,31.45000076,31.10000038,31.14999962,1590771,0,1,29.37103798,yahoo_bootstrap
2024-07-02,31,31.10000038,30.85000038,31,1058900,0,1,29.22960477,yahoo_bootstrap
2024-07-03,31,31.29999924,30.95000076,31.25,2276629,0,1,29.46532739,yahoo_bootstrap
2024-07-04,31.35000038,31.60000038,31.29999924,31.39999962,4657598,0,1,29.6067606,yahoo_bootstrap
2024-07-05,31.54999924,32,31.54999924,31.79999924,5119569,0,1,29.98391644,yahoo_bootstrap
2024-07-08,32,32.45000076,32,32.20000076,5786418,0,1,30.36107406,yahoo_bootstrap
2024-07-09,32.5,32.5,31.70000076,32,3203316,0,1,30.17249525,yahoo_bootstrap
2024-07-10,31.95000076,32.15000153,31.75,31.79999924,1848382,0,1,29.98391644,yahoo_bootstrap
2024-07-11,31.85000038,31.89999962,31.54999924,31.64999962,1501567,0,1,29.84248322,yahoo_bootstrap
2024-07-12,31.64999962,32.15000153,31.60000038,32,3460953,0,1,30.17249525,yahoo_bootstrap
2024-07-15,32.29999924,32.29999924,31.79999924,31.79999924,1974922,0,1,29.98391644,yahoo_bootstrap
2024-07-16,31.79999924,31.89999962,31.45000076,31.5,1688113,0,1,29.70105001,yahoo_bootstrap
2024-07-17,31.70000076,32.20000076,31.60000038,31.95000076,4127542,0,1,30.12535144,yahoo_bootstrap
2024-07-18,31.64999962,32.15000153,31.5,32.09999847,2944215,0,1,30.26678285,yahoo_bootstrap
2024-07-19,32.09999847,32.09999847,31.04999924,31.04999924,4531122,0,1,29.27674858,yahoo_bootstrap
2024-07-22,30.79999924,31.10000038,30.54999924,30.79999924,2009014,0,1,29.04102596,yahoo_bootstrap
2024-07-23,31.20000076,31.5,30.85000038,31.10000038,2622075,0,1,29.32389418,yahoo_bootstrap
2024-07-26,31.04999924,31.04999924,30.20000076,30.54999924,2956316,0,1,28.80530334,yahoo_bootstrap
2024-07-29,30.75,30.85000038,30.10000038,30.10000038,2906260,0,1,28.3810037,yahoo_bootstrap
2024-07-30,30.29999924,30.29999924,29.70000076,30.29999924,2535083,0,1,28.56958072,yahoo_bootstrap
2024-07-31,30.20000076,31.35000038,29.89999962,30.70000076,7748408,0,1,28.94673835,yahoo_bootstrap
2024-08-01,31.20000076,31.5,30.70000076,30.79999924,4806350,0,1,29.04102596,yahoo_bootstrap
2024-08-02,30.45000076,30.45000076,30.10000038,30.10000038,2015818,0,1,28.3810037,yahoo_bootstrap
2024-08-05,29.39999962,29.39999962,27.75,27.89999962,5350149,0,1,26.30664394,yahoo_bootstrap
2024-08-06,28.25,28.60000038,27.04999924,28.5,3558100,0,1,26.87237858,yahoo_bootstrap
2024-08-07,28.64999962,29.14999962,28.60000038,29.04999924,2743800,0,1,27.39096763,yahoo_bootstrap
2024-08-08,28.70000076,29,28.39999962,28.60000038,1503064,0,1,26.96666799,yahoo_bootstrap
2024-08-09,28.89999962,29.45000076,28.85000038,29.04999924,2271080,0,1,27.39096763,yahoo_bootstrap
2024-08-12,29.29999924,29.54999924,29.20000076,29.20000076,820804,0,1,27.53240263,yahoo_bootstrap
2024-08-13,29.29999924,29.29999924,28.89999962,29.04999924,1053229,0,1,27.39096763,yahoo_bootstrap
2024-08-14,29.29999924,29.79999924,29.20000076,29.5,1364601,0,1,27.81526906,yahoo_bootstrap
2024-08-15,29.5,29.64999962,29.10000038,29.14999962,937050,0,1,27.48525703,yahoo_bootstrap
2024-08-16,29.60000038,29.60000038,29.25,29.25,1199889,0,1,27.57954644,yahoo_bootstrap
2024-08-19,29.25,29.39999962,29.14999962,29.25,572299,0,1,27.57954644,yahoo_bootstrap
2024-08-20,29.5,29.5,29.14999962,29.25,822684,0,1,27.57954644,yahoo_bootstrap
2024-08-21,29.14999962,29.60000038,29.14999962,29.5,878328,0,1,27.81526906,yahoo_bootstrap
2024-08-22,29.5,31.64999962,29.45000076,30.70000076,17315204,0,1,28.94673835,yahoo_bootstrap
2024-08-23,30.5,30.79999924,30.10000038,30.5,6635150,0,1,28.75815953,yahoo_bootstrap
2024-08-26,30.64999962,31.29999924,30.45000076,30.70000076,4981559,0,1,28.94673835,yahoo_bootstrap
2024-08-27,30.39999962,31.29999924,30.35000038,30.95000076,2678601,0,1,29.18246096,yahoo_bootstrap
2024-08-28,31,31.25,30.79999924,30.89999962,2082394,0,1,29.13531537,yahoo_bootstrap
2024-08-29,30.75,31.95000076,30.60000038,31.14999962,5662563,0,1,29.37103798,yahoo_bootstrap
2024-08-30,31.35000038,31.5,31,31.5,3327032,0,1,29.70105001,yahoo_bootstrap
2024-09-02,31.5,31.79999924,31.04999924,31.14999962,2300374,0,1,29.37103798,yahoo_bootstrap
2024-09-03,31.29999924,31.29999924,30.54999924,30.60000038,1310001,0,1,28.85244894,yahoo_bootstrap
2024-09-04,29.60000038,29.89999962,29.10000038,29.35000038,3724200,0,1,27.67383584,yahoo_bootstrap
2024-09-05,29.70000076,29.95000076,29.45000076,29.45000076,1160767,0,1,27.76812525,yahoo_bootstrap
2024-09-06,29.60000038,29.75,29.20000076,29.60000038,935509,0,1,27.90955846,yahoo_bootstrap
2024-09-09,29,29.54999924,28.89999962,29.45000076,1338695,0,1,27.76812525,yahoo_bootstrap
2024-09-10,29.35000038,29.5,28.79999924,28.95000076,2365643,0,1,27.29668001,yahoo_bootstrap
2024-09-11,29,29.45000076,29,29.25,726421,0,1,27.57954644,yahoo_bootstrap
2024-09-12,29.60000038,30.20000076,29.54999924,30.20000076,1956749,0,1,28.47529311,yahoo_bootstrap
2024-09-13,30.39999962,30.54999924,30.14999962,30.25,1153529,0,1,28.52243691,yahoo_bootstrap
2024-09-16,30.29999924,31.29999924,30.20000076,31.14999962,3543476,0,1,29.37103798,yahoo_bootstrap
2024-09-18,31.75,32.79999924,31.70000076,31.75,21180486,0,1,29.93677263,yahoo_bootstrap
2024-09-19,32.09999847,32.45000076,31.70000076,32.15000153,5853052,0,1,30.31393026,yahoo_bootstrap
2024-09-20,32.45000076,33.20000076,32.40000153,33.04999924,17078373,0,1,31.16252953,yahoo_bootstrap
2024-09-23,33.45000076,33.59999847,32.70000076,32.84999847,8410535,0,1,30.97395071,yahoo_bootstrap
2024-09-24,33.04999924,33.15000153,32.54999924,32.95000076,4081620,0,1,31.06824192,yahoo_bootstrap
2024-09-25,33.04999924,33.15000153,32.65000153,32.95000076,4360680,0,1,31.06824192,yahoo_bootstrap
2024-09-26,33,33.95000076,32.90000153,32.95000076,10265143,0,1,31.06824192,yahoo_bootstrap
2024-09-27,33.29999924,35.15000153,33.29999924,35,19726292,0,1,33.00116668,yahoo_bootstrap
2024-09-30,34.79999924,34.95000076,34.15000153,34.15000153,7003362,0,1,32.19971122,yahoo_bootstrap
2024-10-01,34.45000076,34.54999924,33.45000076,33.90000153,5261370,0,1,31.9639886,yahoo_bootstrap
2024-10-04,33.79999924,34.5,33.04999924,33.5,5180089,0,1,31.58683096,yahoo_bootstrap
2024-10-07,33.75,34,32.84999847,33.34999847,6666566,0,1,31.44539595,yahoo_bootstrap
2024-10-08,33.09999847,33.25,32.20000076,32.54999924,5070844,0,1,30.69108429,yahoo_bootstrap
2024-10-09,32.75,32.75,31.75,31.85000038,4422129,0,1,30.03106204,yahoo_bootstrap
2024-10-11,31.85000038,33.09999847,31.79999924,32.65000153,4450973,0,1,30.7853755,yahoo_bootstrap
2024-10-14,32.65000153,33.25,32.40000153,32.95000076,2837244,0,1,31.06824192,yahoo_bootstrap
2024-10-15,32.95000076,33,32.40000153,32.40000153,3108752,0,1,30.54965288,yahoo_bootstrap
2024-10-16,32,32.59999847,31.89999962,32.15000153,3974401,0,1,30.31393026,yahoo_bootstrap
2024-10-17,32.09999847,32.59999847,31.95000076,32.20000076,1979284,0,1,30.36107406,yahoo_bootstrap
2024-10-18,32.5,32.70000076,32.15000153,32.15000153,2480265,0,1,30.31393026,yahoo_bootstrap
2024-10-21,32.5,32.5,31.79999924,32.20000076,2520189,0,1,30.36107406,yahoo_bootstrap
2024-10-22,32.25,32.59999847,31.95000076,32.40000153,4912944,0,1,30.54965288,yahoo_bootstrap
2024-10-23,32.59999847,33.15000153,32.40000153,32.40000153,4724845,0,1,30.54965288,yahoo_bootstrap
2024-10-24,32.45000076,32.45000076,31.79999924,31.89999962,2237368,0,1,30.07820584,yahoo_bootstrap
2024-10-25,31.95000076,32.15000153,31.85000038,32,1144065,0,1,30.17249525,yahoo_bootstrap
2024-10-28,32.20000076,32.20000076,31.45000076,31.60000038,1867286,0,1,29.79533942,yahoo_bootstrap
2024-10-29,31.70000076,31.70000076,31.10000038,31.25,2318234,0,1,29.46532739,yahoo_bootstrap
2024-10-30,31.45000076,31.5,31.10000038,31.29999924,1841288,0,1,29.5124712,yahoo_bootstrap
2024-11-01,31.35000038,31.5,30.95000076,31.5,1593408,0,1,29.70105001,yahoo_bootstrap
2024-11-04,31.45000076,31.45000076,31.04999924,31.14999962,1438141,0,1,29.37103798,yahoo_bootstrap
2024-11-05,31.14999962,31.45000076,31.04999924,31.10000038,1270011,0,1,29.32389418,yahoo_bootstrap
2024-11-06,31.14999962,31.20000076,30.89999962,30.89999962,1657211,0,1,29.13531537,yahoo_bootstrap
2024-11-07,30.79999924,31.35000038,30.75,31.35000038,1104403,0,1,29.5596168,yahoo_bootstrap
2024-11-08,31.5,31.5,30.85000038,30.85000038,2161965,0,1,29.08817156,yahoo_bootstrap
2024-11-11,30.85000038,30.85000038,30.20000076,30.45000076,2751464,0,1,28.71101573,yahoo_bootstrap
2024-11-12,30.20000076,30.25,29.79999924,29.95000076,4438023,0,1,28.23957049,yahoo_bootstrap
2024-11-13,29.70000076,29.79999924,29.20000076,29.29999924,3639806,0,1,27.62669025,yahoo_bootstrap
2024-11-14,29.25,29.60000038,29.04999924,29.04999924,1712884,0,1,27.39096763,yahoo_bootstrap
2024-11-15,29.04999924,29.54999924,29,29.25,1486933,0,1,27.57954644,yahoo_bootstrap
2024-11-18,29.45000076,29.54999924,29.20000076,29.35000038,1417841,0,1,27.67383584,yahoo_bootstrap
2024-11-19,29.35000038,29.70000076,29.35000038,29.60000038,896532,0,1,27.90955846,yahoo_bootstrap
2024-11-20,29.35000038,29.35000038,29.35000038,29.35000038,1301050,0,1,27.67383584,yahoo_bootstrap
2024-11-21,29.25,29.75,29.20000076,29.64999962,1111460,0,1,27.95670227,yahoo_bootstrap
2024-11-22,29.75,29.89999962,29.60000038,29.70000076,917000,0,1,28.00384787,yahoo_bootstrap
2024-11-25,29.95000076,30.45000076,29.79999924,30.45000076,1686919,0,1,28.71101573,yahoo_bootstrap
2024-11-26,30.45000076,30.75,30.14999962,30.39999962,1940950,0,1,28.66387013,yahoo_bootstrap
2024-11-27,30.29999924,30.54999924,29.85000038,29.89999962,2361167,0,1,28.19242489,yahoo_bootstrap
2024-11-28,29.89999962,29.89999962,29.35000038,29.45000076,1102999,0,1,27.76812525,yahoo_bootstrap
2024-11-29,29.29999924,29.79999924,29.20000076,29.79999924,1244000,0,1,28.09813548,yahoo_bootstrap
2024-12-02,29.79999924,29.89999962,29.5,29.5,990430,0,1,27.81526906,yahoo_bootstrap
2024-12-03,29.64999962,30,29.64999962,29.75,807884,0,1,28.05099168,yahoo_bootstrap
2024-12-04,29.89999962,29.95000076,29.60000038,29.60000038,905333,0,1,27.90955846,yahoo_bootstrap
2024-12-05,29.75,29.75,29.54999924,29.54999924,828617,0,1,27.86241286,yahoo_bootstrap
2024-12-06,29.70000076,29.75,29.5,29.5,574957,0,1,27.81526906,yahoo_bootstrap
2024-12-09,29.54999924,29.54999924,29.25,29.35000038,1100582,0,1,27.67383584,yahoo_bootstrap
2024-12-10,29.54999924,29.75,29.20000076,29.29999924,851819,0,1,27.62669025,yahoo_bootstrap
2024-12-11,29.29999924,29.29999924,28.89999962,28.95000076,2580350,0,1,27.29668001,yahoo_bootstrap
2024-12-12,28.95000076,29.20000076,28.70000076,28.70000076,1634578,0,1,27.06095739,yahoo_bootstrap
2024-12-13,28.5,28.70000076,28.29999924,28.39999962,1676698,0,1,26.77808917,yahoo_bootstrap
2024-12-16,28.5,28.5,28,28,1686373,0,1,26.40093334,yahoo_bootstrap
2024-12-17,28,28.20000076,27.85000038,27.85000038,1537540,0,1,26.25950013,yahoo_bootstrap
2024-12-18,27.85000038,28.39999962,27.75,28.10000038,993549,0,1,26.49522275,yahoo_bootstrap
2024-12-19,27.70000076,28.10000038,27.60000038,27.75,1597383,0,1,26.16521072,yahoo_bootstrap
2024-12-20,27.60000038,27.85000038,27.5,27.5,2201300,0,1,25.9294881,yahoo_bootstrap
2024-12-23,28,28.14999962,27.79999924,28.04999924,901853,0,1,26.44807715,yahoo_bootstrap
2024-12-24,28.60000038,28.89999962,28.20000076,28.35000038,2264129,0,1,26.73094537,yahoo_bootstrap
2024-12-25,28.60000038,28.75,28.29999924,28.35000038,1287320,0,1,26.73094537,yahoo_bootstrap
2024-12-26,28.35000038,28.54999924,28.25,28.35000038,684002,0,1,26.73094537,yahoo_bootstrap
2024-12-27,28.35000038,28.39999962,28.25,28.29999924,698523,0,1,26.68379977,yahoo_bootstrap
2024-12-30,28.29999924,28.29999924,28.04999924,28.04999924,760500,0,1,26.44807715,yahoo_bootstrap
2024-12-31,27.89999962,28,27.75,27.79999924,969900,0,1,26.21235453,yahoo_bootstrap
2025-01-02,27.79999924,28,27.60000038,27.70000076,899355,0,1,26.11806692,yahoo_bootstrap
2025-01-03,27.70000076,27.89999962,27.5,27.54999924,1193037,0,1,25.97663191,yahoo_bootstrap
2025-01-06,27.79999924,28.39999962,27.64999962,28.35000038,1067713,0,1,26.73094537,yahoo_bootstrap
2025-01-07,28.35000038,28.39999962,27.75,27.75,1155906,0,1,26.16521072,yahoo_bootstrap
2025-01-08,27.75,27.95000076,27.64999962,27.85000038,846800,0,1,26.25950013,yahoo_bootstrap
2025-01-09,27.79999924,28,27.39999962,27.39999962,1459691,0,1,25.8351987,yahoo_bootstrap
2025-01-10,27.35000038,27.60000038,27.14999962,27.20000076,1508500,0,1,25.64662168,yahoo_bootstrap
2025-01-13,27.10000038,27.29999924,26.85000038,27.29999924,1873150,0,1,25.74090929,yahoo_bootstrap
2025-01-14,27.29999924,27.54999924,27.14999962,27.29999924,1281900,0,1,25.74090929,yahoo_bootstrap
2025-01-15,27.35000038,27.79999924,27.35000038,27.5,721000,0,1,25.9294881,yahoo_bootstrap
2025-01-16,27.85000038,28,27.64999962,27.79999924,801862,0,1,26.21235453,yahoo_bootstrap
2025-01-17,27.79999924,27.95000076,27.64999962,27.85000038,761453,0,1,26.25950013,yahoo_bootstrap
2025-01-20,27.85000038,28,27.70000076,28,580042,0,1,26.40093334,yahoo_bootstrap
2025-01-21,28,28.25,27.95000076,28.14999962,684976,0,1,26.54236656,yahoo_bootstrap
2025-01-22,28.25,28.35000038,28,28.35000038,683106,0,1,26.73094537,yahoo_bootstrap
2025-02-03,28.60000038,28.79999924,28.04999924,28.39999962,2200483,0,1,26.77808917,yahoo_bootstrap
2025-02-04,28.60000038,28.60000038,27.95000076,28.04999924,1736450,0,1,26.44807715,yahoo_bootstrap
2025-02-05,28.29999924,28.60000038,28.10000038,28.14999962,973787,0,1,26.54236656,yahoo_bootstrap
2025-02-06,28.25,28.54999924,28.25,28.54999924,843720,0,1,26.91952239,yahoo_bootstrap
2025-02-07,28.5,28.5,28.29999924,28.35000038,792374,0,1,26.73094537,yahoo_bootstrap
2025-02-10,28.29999924,28.75,28.29999924,28.64999962,1136297,0,1,27.01381179,yahoo_bootstrap
2025-02-11,28.75,28.95000076,28.5,28.5,1452374,0,1,26.87237858,yahoo_bootstrap
2025-02-12,28.5,28.79999924,28.5,28.54999924,885595,0,1,26.91952239,yahoo_bootstrap
2025-02-13,28.70000076,29.14999962,28.60000038,29.10000038,1729193,0,1,27.43811322,yahoo_bootstrap
2025-02-14,29.10000038,29.10000038,28.85000038,28.85000038,852975,0,1,27.20239061,yahoo_bootstrap
2025-02-17,29.10000038,29.14999962,28.85000038,29,829400,0,1,27.34382382,yahoo_bootstrap
2025-02-18,29,29,28.75,28.95000076,644241,0,1,27.29668001,yahoo_bootstrap
2025-02-19,29,29.14999962,28.85000038,28.89999962,784695,0,1,27.24953441,yahoo_bootstrap
2025-02-20,28.89999962,28.95000076,28.64999962,28.79999924,878176,0,1,27.15524501,yahoo_bootstrap
2025-02-21,29.04999924,29.20000076,28.89999962,29.14999962,1310039,0,1,27.48525703,yahoo_bootstrap
2025-02-24,29.04999924,29.25,28.95000076,29.10000038,1037813,0,1,27.43811322,yahoo_bootstrap
2025-02-25,28.95000076,29.10000038,28.70000076,28.89999962,982680,0,1,27.24953441,yahoo_bootstrap
2025-02-26,28.89999962,29,28.79999924,28.95000076,848901,0,1,27.29668001,yahoo_bootstrap
2025-02-27,28.95000076,29.14999962,28.89999962,28.89999962,1207429,0,1,27.24953441,yahoo_bootstrap
2025-03-03,28.70000076,28.85000038,28.54999924,28.60000038,1198232,0,1,26.96666799,yahoo_bootstrap
2025-03-04,28.29999924,28.60000038,28.14999962,28.5,1492481,0,1,26.87237858,yahoo_bootstrap
2025-03-05,28.5,29.14999962,28.39999962,29.10000038,1532740,0,1,27.43811322,yahoo_bootstrap
2025-03-06,29.10000038,29.25,28.89999962,28.95000076,1247964,0,1,27.29668001,yahoo_bootstrap
2025-03-07,29,29.39999962,28.89999962,28.89999962,1334020,0,1,27.24953441,yahoo_bootstrap
2025-03-10,29,29.14999962,28.85000038,29,1118500,0,1,27.34382382,yahoo_bootstrap
2025-03-11,28.70000076,29,28.29999924,28.89999962,1576722,0,1,27.24953441,yahoo_bootstrap
2025-03-12,28.79999924,29,28.70000076,28.75,818115,0,1,27.1081012,yahoo_bootstrap
2025-03-13,28.79999924,28.89999962,28.39999962,28.45000076,1497042,0,1,26.82523477,yahoo_bootstrap
2025-03-14,28.60000038,28.85000038,28.60000038,28.79999924,949903,0,1,27.15524501,yahoo_bootstrap
2025-03-17,28.95000076,29.39999962,28.95000076,29.25,2074158,0,1,27.57954644,yahoo_bootstrap
2025-03-18,29.39999962,29.79999924,29.35000038,29.45000076,2000396,0,1,27.76812525,yahoo_bootstrap
2025-03-19,29.54999924,29.75,29.5,29.75,1803970,0,1,28.05099168,yahoo_bootstrap
2025-03-20,29.79999924,29.85000038,29.64999962,29.85000038,1252211,0,1,28.14528108,yahoo_bootstrap
2025-03-21,29.79999924,30.04999924,29.60000038,29.60000038,3778836,0,1,27.90955846,yahoo_bootstrap
2025-03-24,29.60000038,29.79999924,29.35000038,29.45000076,1384334,0,1,27.76812525,yahoo_bootstrap
2025-03-25,29.45000076,29.60000038,29.04999924,29.20000076,1960950,0,1,27.53240263,yahoo_bootstrap
2025-03-26,29.29999924,29.39999962,29.20000076,29.35000038,569567,0,1,27.67383584,yahoo_bootstrap
2025-03-27,29.25,29.29999924,29.04999924,29.14999962,596866,0,1,27.48525703,yahoo_bootstrap
2025-03-28,29.10000038,29.10000038,28.5,28.54999924,1659000,0,1,26.91952239,yahoo_bootstrap
2025-03-31,28,28.5,27.79999924,27.79999924,2086731,0,1,26.21235453,yahoo_bootstrap
2025-04-01,28,28.39999962,27.85000038,28.39999962,860247,0,1,26.77808917,yahoo_bootstrap
2025-04-02,28.39999962,28.54999924,28.29999924,28.5,803631,0,1,26.87237858,yahoo_bootstrap
2025-04-07,25.64999962,25.64999962,25.64999962,25.64999962,1789193,0,1,24.18514036,yahoo_bootstrap
2025-04-08,25.70000076,25.70000076,24.5,25.10000038,4205870,0,1,23.66655132,yahoo_bootstrap
2025-04-09,24.79999924,25.10000038,23.54999924,23.79999924,3789919,0,1,22.44079262,yahoo_bootstrap
2025-04-10,26.14999962,26.14999962,25.70000076,26.14999962,2219862,0,1,24.6565856,yahoo_bootstrap
2025-04-11,25.70000076,26.25,25.60000038,26.10000038,1903800,0,1,24.6094418,yahoo_bootstrap
2025-04-14,25.89999962,26.45000076,25.89999962,26.25,1351082,0,1,24.75087501,yahoo_bootstrap
2025-04-15,26.35000038,27.20000076,26.35000038,27.20000076,1299704,0,1,25.64662168,yahoo_bootstrap
2025-04-16,27,27.10000038,26.70000076,26.70000076,973434,0,1,25.17517644,yahoo_bootstrap
2025-04-17,26.5,26.64999962,26.25,26.45000076,891157,0,1,24.93945382,yahoo_bootstrap
2025-04-18,26.54999924,26.54999924,26.35000038,26.39999962,544241,0,1,24.89230822,yahoo_bootstrap
2025-04-21,26.29999924,26.45000076,26.10000038,26.14999962,737048,0,1,24.6565856,yahoo_bootstrap
2025-04-22,26.20000076,26.20000076,25.79999924,25.85000038,1138403,0,1,24.37371918,yahoo_bootstrap
2025-04-23,26.20000076,26.60000038,26.20000076,26.60000038,1602256,0,1,25.08088703,yahoo_bootstrap
2025-04-24,25.5,25.60000038,25.20000076,25.45000076,1311806,1.197435,1,25.12772173,yahoo_bootstrap
2025-04-25,25.64999962,25.70000076,25.39999962,25.5,725457,0,1,25.17708782,yahoo_bootstrap
2025-04-28,25.54999924,25.60000038,25.39999962,25.45000076,543796,0,1,25.12772173,yahoo_bootstrap
2025-04-29,25.5,25.95000076,25.5,25.75,1259210,0,1,25.42392201,yahoo_bootstrap
2025-04-30,25.75,25.95000076,25.45000076,25.5,1158011,0,1,25.17708782,yahoo_bootstrap
2025-05-02,25.60000038,26,25.60000038,26,878152,0,1,25.67075621,yahoo_bootstrap
2025-05-05,26.29999924,26.45000076,26.10000038,26.29999924,1767165,0,1,25.96695649,yahoo_bootstrap
2025-05-06,26.54999924,26.70000076,26.20000076,26.35000038,959704,0,1,26.01632445,yahoo_bootstrap
2025-05-07,26.60000038,26.70000076,26.20000076,26.39999962,770950,0,1,26.06569054,yahoo_bootstrap
2025-05-08,26.54999924,26.64999962,26.14999962,26.14999962,805696,0,1,25.81885635,yahoo_bootstrap
2025-05-09,26.14999962,26.54999924,25.75,26.5,1138107,0,1,26.16442459,yahoo_bootstrap
2025-05-12,26.54999924,27.20000076,26.54999924,26.64999962,1405037,0,1,26.31252474,yahoo_bootstrap
2025-05-13,27,27,26.5,26.75,1057300,0,1,26.41125879,yahoo_bootstrap
2025-05-14,26.89999962,26.89999962,26.60000038,26.60000038,754810,0,1,26.26315865,yahoo_bootstrap
2025-05-15,26.60000038,26.64999962,26.10000038,26.10000038,1391138,0,1,25.76949026,yahoo_bootstrap
2025-05-16,26.10000038,26.5,26.04999924,26.39999962,1083521,0,1,26.06569054,yahoo_bootstrap
2025-05-19,26.39999962,26.45000076,26,26,1111101,0,1,25.67075621,yahoo_bootstrap
2025-05-20,26,26.25,25.95000076,26.20000076,555274,0,1,25.86822431,yahoo_bootstrap
2025-05-21,26.25,26.39999962,26,26.35000038,942950,0,1,26.01632445,yahoo_bootstrap
2025-05-22,26.25,26.25,25.85000038,26.20000076,1046902,0,1,25.86822431,yahoo_bootstrap
2025-05-23,26,26.04999924,25.85000038,25.95000076,679464,0,1,25.62139012,yahoo_bootstrap
2025-05-26,26,26.70000076,25.95000076,26.64999962,1380254,0,1,26.31252474,yahoo_bootstrap
2025-05-27,27.39999962,29.29999924,26.89999962,26.89999962,19418045,0,1,26.55935893,yahoo_bootstrap
2025-05-28,26.89999962,26.89999962,25.89999962,25.89999962,7277208,0,1,25.57202215,yahoo_bootstrap
2025-05-29,25.95000076,26.04999924,25.70000076,25.95000076,2930600,0,1,25.62139012,yahoo_bootstrap
2025-06-02,26,26,25.25,25.35000038,2168808,0,1,25.02898768,yahoo_bootstrap
2025-06-03,25.5,25.60000038,25.25,25.45000076,1472172,0,1,25.12772173,yahoo_bootstrap
2025-06-04,25.45000076,25.70000076,25.25,25.70000076,1234909,0,1,25.37455592,yahoo_bootstrap
2025-06-05,25.54999924,25.75,25.39999962,25.60000038,1446601,0,1,25.27582187,yahoo_bootstrap
2025-06-06,25.60000038,25.60000038,25.39999962,25.5,1157549,0,1,25.17708782,yahoo_bootstrap
2025-06-09,25.75,25.79999924,25.39999962,25.5,926438,0,1,25.17708782,yahoo_bootstrap
2025-06-10,25.39999962,25.85000038,25.39999962,25.54999924,1172635,0,1,25.22645391,yahoo_bootstrap
2025-06-11,25.54999924,25.79999924,25.45000076,25.54999924,1018696,0,1,25.22645391,yahoo_bootstrap
2025-06-12,25.60000038,25.64999962,25.5,25.5,1069165,0,1,25.17708782,yahoo_bootstrap
2025-06-13,25.35000038,25.60000038,25.14999962,25.39999962,1604347,0,1,25.07835376,yahoo_bootstrap
2025-06-16,25.54999924,25.79999924,25.25,25.75,1168116,0,1,25.42392201,yahoo_bootstrap
2025-06-17,25.79999924,25.79999924,25.25,25.35000038,1767267,0,1,25.02898768,yahoo_bootstrap
2025-06-18,25.39999962,25.54999924,25.35000038,25.39999962,855742,0,1,25.07835376,yahoo_bootstrap
2025-06-19,25.39999962,25.5,25,25,1484950,0,1,24.68341943,yahoo_bootstrap
2025-06-20,25.04999924,25.20000076,24.29999924,24.29999924,8061296,0,1,23.99228293,yahoo_bootstrap
2025-06-23,24.04999924,24.20000076,23.79999924,24,1763680,0,1,23.69608265,yahoo_bootstrap
2025-06-24,24.29999924,24.60000038,24.14999962,24.39999962,1364728,0,1,24.09101699,yahoo_bootstrap
2025-06-25,24.5,24.54999924,24.20000076,24.20000076,1265659,0,1,23.89355076,yahoo_bootstrap
2025-06-26,24.20000076,24.70000076,24.20000076,24.25,1756001,0,1,23.94291685,yahoo_bootstrap
2025-06-27,24.29999924,24.60000038,24.29999924,24.5,1435508,0,1,24.18975104,yahoo_bootstrap
2025-06-30,24.35000038,24.35000038,24,24,1754920,0,1,23.69608265,yahoo_bootstrap
2025-07-01,24.04999924,24.79999924,24.04999924,24.35000038,1215523,0,1,24.0416509,yahoo_bootstrap
2025-07-02,24.20000076,24.29999924,24.04999924,24.14999962,1139263,0,1,23.84418279,yahoo_bootstrap
2025-07-03,24.14999962,24.45000076,24.14999962,24.35000038,1211326,0,1,24.0416509,yahoo_bootstrap
2025-07-04,24.35000038,24.85000038,24.35000038,24.45000076,4905105,0,1,24.14038495,yahoo_bootstrap
2025-07-07,24.45000076,24.5,24.10000038,24.29999924,702275,0,1,23.99228293,yahoo_bootstrap
2025-07-08,24.25,24.25,23.95000076,24,1424802,0,1,23.69608265,yahoo_bootstrap
2025-07-09,24.10000038,24.14999962,23.85000038,23.89999962,1232690,0,1,23.5973486,yahoo_bootstrap
2025-07-10,23.89999962,24.10000038,23.85000038,23.95000076,573805,0,1,23.64671656,yahoo_bootstrap
2025-07-11,24,24.20000076,23.70000076,24.14999962,1226352,0,1,23.84418279,yahoo_bootstrap
2025-07-14,24.14999962,24.35000038,24.10000038,24.25,597133,0,1,23.94291685,yahoo_bootstrap
2025-07-15,24.10000038,24.35000038,24.10000038,24.29999924,438812,0,1,23.99228293,yahoo_bootstrap
2025-07-16,24.29999924,24.79999924,24.20000076,24.54999924,2269523,0,1,24.23911713,yahoo_bootstrap
2025-07-17,24.70000076,25.20000076,24.64999962,25.20000076,2110391,0,1,24.88088753,yahoo_bootstrap
2025-07-18,25.45000076,25.75,25.25,25.64999962,2429319,0,1,25.32518796,yahoo_bootstrap
2025-07-21,25.75,26.14999962,25.64999962,25.79999924,2104900,0,1,25.4732881,yahoo_bootstrap
2025-07-22,25.79999924,26.10000038,25.60000038,25.85000038,2848850,0,1,25.52265606,yahoo_bootstrap
2025-07-23,26.10000038,26.95000076,25.95000076,26.75,3820150,0,1,26.41125879,yahoo_bootstrap
2025-07-24,26.79999924,27.29999924,26.64999962,26.95000076,3117459,0,1,26.60872689,yahoo_bootstrap
2025-07-25,26.85000038,27.20000076,26.64999962,26.75,2101987,0,1,26.41125879,yahoo_bootstrap
2025-07-28,26.79999924,27.60000038,26.79999924,27.45000076,3143127,0,1,27.10239528,yahoo_bootstrap
2025-07-29,27.39999962,27.79999924,27.20000076,27.35000038,1958564,0,1,27.00366123,yahoo_bootstrap
2025-07-30,27.35000038,27.85000038,27.25,27.70000076,2466589,0,1,27.34922948,yahoo_bootstrap
2025-07-31,27.39999962,28,26.5,27.79999924,3909375,0,1,27.44796165,yahoo_bootstrap
2025-08-04,27.35000038,27.70000076,26.89999962,27.70000076,1683447,0,1,27.34922948,yahoo_bootstrap
2025-08-05,27.85000038,28.29999924,27.54999924,28.25,4404487,0,1,27.89226395,yahoo_bootstrap
2025-08-06,28.10000038,28.54999924,28.10000038,28.25,1696393,0,1,27.89226395,yahoo_bootstrap
2025-08-07,28.25,28.39999962,28.04999924,28.04999924,1406447,0,1,27.69479585,yahoo_bootstrap
2025-08-08,27.85000038,28.60000038,27.85000038,28.20000076,2277646,0,1,27.84289787,yahoo_bootstrap
2025-08-11,28.5,29.79999924,28.39999962,29.64999962,8981028,0,1,29.27453507,yahoo_bootstrap
2025-08-12,29.5,29.79999924,29,29,2881806,0,1,28.63276654,yahoo_bootstrap
2025-08-13,31.89999962,31.89999962,31.89999962,31.89999962,11523857,0,1,31.49604282,yahoo_bootstrap
2025-08-14,34.79999924,35.04999924,34,35.04999924,62316883,0,1,34.60615329,yahoo_bootstrap
2025-08-15,35.5,38.54999924,34.40000153,38.54999924,108395987,0,1,38.06183201,yahoo_bootstrap
2025-08-18,40.29999924,42.40000153,40.29999924,42.40000153,111162096,0,1,41.86308086,yahoo_bootstrap
2025-08-19,45,45.29999924,41.29999924,42.29999924,105241547,0,1,41.76434492,yahoo_bootstrap
2025-08-20,42.5,42.5,38.70000076,40.79999924,24099210,0,1,40.28333976,yahoo_bootstrap
2025-08-21,41.40000153,43.04999924,41.40000153,41.95000076,12733716,0,1,41.41877855,yahoo_bootstrap
2025-08-22,41.84999847,41.84999847,40,40.04999924,9406686,0,1,39.54283717,yahoo_bootstrap
2025-08-25,42,42,41,41.5,8541762,0,1,40.97447625,yahoo_bootstrap
2025-08-26,42,43,41.34999847,42.79999924,11268882,0,1,42.25801331,yahoo_bootstrap
2025-08-27,43.29999924,44,42.20000076,42.70000076,11023694,0,1,42.15928113,yahoo_bootstrap
2025-08-28,43.20000076,43.5,42.79999924,43.25,8533026,0,1,42.70231561,yahoo_bootstrap
2025-08-29,43.90000153,43.90000153,43,43.79999924,8159928,0,1,43.24535009,yahoo_bootstrap
2025-09-01,44.09999847,46,44.09999847,46,19770302,0,1,45.41749175,yahoo_bootstrap
2025-09-02,47.79999924,48.5,43.40000153,46,17884037,0,1,45.41749175,yahoo_bootstrap
2025-09-03,46,46.04999924,43.20000076,44.20000076,28463633,0,1,43.6402863,yahoo_bootstrap
2025-09-04,44.45000076,44.5,40.29999924,40.84999847,32554929,0,1,40.33270584,yahoo_bootstrap
2025-09-05,41.45000076,43.84999847,40.84999847,43.65000153,28019612,0,1,43.09725183,yahoo_bootstrap
2025-09-08,44.40000153,47.70000076,43.25,44.79999924,68619825,0,1,44.23268687,yahoo_bootstrap
2025-09-09,44.79999924,46,43.54999924,45.65000153,37455073,0,1,45.07192539,yahoo_bootstrap
2025-09-10,46.79999924,47.70000076,45.40000153,45.70000076,80219763,0,1,45.12129147,yahoo_bootstrap
2025-09-11,45.70000076,45.79999924,41.90000153,42.15000153,43354809,0,1,41.61624667,yahoo_bootstrap
2025-09-12,42.79999924,42.79999924,41.45000076,41.95000076,16024194,0,1,41.41877855,yahoo_bootstrap
2025-09-15,41.95000076,42.95000076,41.04999924,41.5,13475132,0,1,40.97447625,yahoo_bootstrap
2025-09-16,41.54999924,42.95000076,41.5,41.90000153,12221492,0,1,41.36941247,yahoo_bootstrap
2025-09-17,42,42.70000076,41.79999924,42.29999924,8109465,0,1,41.76434492,yahoo_bootstrap
2025-09-18,42.59999847,43.20000076,41.04999924,41.25,14213564,0,1,40.72764206,yahoo_bootstrap
2025-09-19,41.5,42.15000153,40.90000153,40.90000153,17922120,0,1,40.3820757,yahoo_bootstrap
2025-09-22,41.45000076,42.29999924,41.15000153,41.70000076,10327021,0,1,41.17194436,yahoo_bootstrap
2025-09-23,42.15000153,42.15000153,40.5,40.70000076,11266389,0,1,40.18460758,yahoo_bootstrap
2025-09-24,40.79999924,41.40000153,40.09999847,40.54999924,7739994,0,1,40.03650556,yahoo_bootstrap
2025-09-25,40.95000076,41.75,40.54999924,40.90000153,7474941,0,1,40.3820757,yahoo_bootstrap
2025-09-26,41.09999847,41.29999924,39.59999847,39.90000153,10322220,0,1,39.39473892,yahoo_bootstrap
2025-09-30,40.20000076,41.15000153,40.20000076,40.65000153,5265312,0,1,40.1352415,yahoo_bootstrap
2025-10-01,41.29999924,41.75,40.79999924,41,9801856,0,1,40.48080786,yahoo_bootstrap
2025-10-02,41.40000153,42,40.5,40.54999924,10985146,0,1,40.03650556,yahoo_bootstrap
2025-10-03,40.90000153,42.25,40.5,41.65000153,13571464,0,1,41.12257828,yahoo_bootstrap
2025-10-07,41.90000153,43.20000076,41.65000153,41.84999847,20248303,0,1,41.32004261,yahoo_bootstrap
2025-10-08,41.65000153,41.75,40.59999847,40.95000076,7279169,0,1,40.43144177,yahoo_bootstrap
2025-10-09,41.34999847,42.29999924,40.79999924,41.90000153,10248613,0,1,41.36941247,yahoo_bootstrap
2025-10-13,40.09999847,41.59999847,39.84999847,41.29999924,8773421,0,1,40.77700815,yahoo_bootstrap
2025-10-14,41.59999847,42,39.5,39.95000076,10601051,0,1,39.444105,yahoo_bootstrap
2025-10-15,39.95000076,40.04999924,38.5,38.95000076,9418006,0,1,38.45676822,yahoo_bootstrap
2025-10-16,39.20000076,39.79999924,39.09999847,39.29999924,4626721,0,1,38.80233459,yahoo_bootstrap
2025-10-17,39.34999847,40.25,39.04999924,39.04999924,5299035,0,1,38.5555004,yahoo_bootstrap
2025-10-20,39.20000076,39.59999847,38.5,38.54999924,5105039,0,1,38.06183201,yahoo_bootstrap
2025-10-21,39.04999924,39.04999924,38.29999924,38.54999924,5570600,0,1,38.06183201,yahoo_bootstrap
2025-10-22,38.90000153,39,38.40000153,38.65000153,3029355,0,1,38.16056795,yahoo_bootstrap
2025-10-23,38.59999847,38.59999847,37.84999847,37.84999847,5235052,0,1,37.3706955,yahoo_bootstrap
2025-10-27,38.5,40.29999924,38.5,39.75,14148709,0,1,39.24663689,yahoo_bootstrap
2025-10-28,40.75,43.5,40.75,42.79999924,52332433,0,1,42.25801331,yahoo_bootstrap
2025-10-29,43.09999847,43.5,41.65000153,42.5,34262291,0,1,41.96181303,yahoo_bootstrap
2025-10-30,42.5,42.54999924,40.40000153,40.54999924,17810579,0,1,40.03650556,yahoo_bootstrap
2025-10-31,40.59999847,42.29999924,40.34999847,40.84999847,14043775,0,1,40.33270584,yahoo_bootstrap
2025-11-03,41.04999924,41.45000076,40.29999924,40.45000076,6379520,0,1,39.93777339,yahoo_bootstrap
2025-11-04,40.5,40.90000153,39.70000076,39.84999847,6350720,0,1,39.34536906,yahoo_bootstrap
2025-11-05,39.25,39.40000153,38.40000153,39.25,7090528,0,1,38.7529685,yahoo_bootstrap
2025-11-06,39.5,40.20000076,39,40.20000076,5231053,0,1,39.69093919,yahoo_bootstrap
2025-11-07,39.79999924,39.90000153,38.84999847,38.90000153,4641250,0,1,38.40740214,yahoo_bootstrap
2025-11-10,39,39.45000076,38.59999847,39.15000153,3021475,0,1,38.65423634,yahoo_bootstrap
2025-11-11,39.04999924,40.15000153,38.45000076,39.5,7909225,0,1,38.9998027,yahoo_bootstrap
2025-11-12,39.75,40.29999924,39.70000076,39.84999847,5843018,0,1,39.34536906,yahoo_bootstrap
2025-11-13,39.90000153,40.90000153,39.59999847,40.09999847,6596925,0,1,39.59220325,yahoo_bootstrap
2025-11-14,39.40000153,40.09999847,38.90000153,38.95000076,6085481,0,1,38.45676822,yahoo_bootstrap
2025-11-17,40.04999924,41.90000153,39.45000076,39.45000076,13018813,0,1,38.95043661,yahoo_bootstrap
2025-11-18,39.09999847,40.45000076,38.84999847,39.40000153,7594195,0,1,38.90107053,yahoo_bootstrap
2025-11-19,39.79999924,39.79999924,38.5,39.09999847,5580991,0,1,38.60486648,yahoo_bootstrap
2025-11-20,39.90000153,41.20000076,39.65000153,40.09999847,7882555,0,1,39.59220325,yahoo_bootstrap
2025-11-21,39.29999924,39.34999847,37.90000153,38.20000076,9197533,0,1,37.71626564,yahoo_bootstrap
2025-11-24,38.65000153,39.34999847,38.5,39,4807355,0,1,38.50613431,yahoo_bootstrap
2025-11-25,39.5,39.95000076,38.45000076,38.79999924,4983678,0,1,38.3086662,yahoo_bootstrap
2025-11-26,39.09999847,39.65000153,38.90000153,39,5109172,0,1,38.50613431,yahoo_bootstrap
2025-11-27,39.15000153,39.65000153,38.95000076,39.54999924,4695971,0,1,39.04916879,yahoo_bootstrap
2025-11-28,39.59999847,40.45000076,39.29999924,40.25,8320525,0,1,39.74030528,yahoo_bootstrap
2025-12-01,40.5,40.65000153,39.09999847,39.09999847,5447850,0,1,38.60486648,yahoo_bootstrap
2025-12-02,39.15000153,40.5,39.09999847,39.84999847,7968157,0,1,39.34536906,yahoo_bootstrap
2025-12-03,40.84999847,41.59999847,39.79999924,39.84999847,14471350,0,1,39.34536906,yahoo_bootstrap
2025-12-04,39.90000153,40.04999924,39.29999924,39.34999847,4687440,0,1,38.85170067,yahoo_bootstrap
2025-12-05,39.45000076,39.95000076,39.04999924,39.90000153,3384239,0,1,39.39473892,yahoo_bootstrap
2025-12-08,40.04999924,40.54999924,39.75,40,5254007,0,1,39.49347109,yahoo_bootstrap
2025-12-09,39.90000153,40.65000153,39.65000153,40.5,5039763,0,1,39.98713947,yahoo_bootstrap
2025-12-10,40.40000153,40.95000076,40,40.20000076,4505021,0,1,39.69093919,yahoo_bootstrap
2025-12-11,40.59999847,41.79999924,40.29999924,41.15000153,15494471,0,1,40.62890989,yahoo_bootstrap
2025-12-12,41.54999924,41.54999924,40.15000153,40.15000153,8339892,0,1,39.64157311,yahoo_bootstrap
2025-12-15,39.45000076,40.15000153,39.09999847,39.95000076,4451864,0,1,39.444105,yahoo_bootstrap
2025-12-16,39.54999924,39.75,38.54999924,38.84999847,6944279,0,1,38.35803228,yahoo_bootstrap
2025-12-17,39.34999847,39.34999847,38.15000153,38.25,5832139,0,1,37.76563173,yahoo_bootstrap
2025-12-18,38.25,38.59999847,38,38.25,2932509,0,1,37.76563173,yahoo_bootstrap
2025-12-19,38.45000076,40.09999847,38.40000153,40.04999924,8029496,0,1,39.54283717,yahoo_bootstrap
2025-12-22,40.95000076,41.95000076,40.79999924,41.20000076,16635371,0,1,40.67827597,yahoo_bootstrap
2025-12-23,41.5,42.40000153,40.75,41.95000076,17185906,0,1,41.41877855,yahoo_bootstrap
2025-12-24,42.5,42.65000153,40.54999924,40.54999924,10326644,0,1,40.03650556,yahoo_bootstrap
2025-12-26,40.79999924,40.79999924,40.20000076,40.20000076,4134692,0,1,39.69093919,yahoo_bootstrap
2025-12-29,40.5,41.90000153,40.5,41,8018022,0,1,40.48080786,yahoo_bootstrap
2025-12-30,41.15000153,41.15000153,40.25,41,3787475,0,1,40.48080786,yahoo_bootstrap
2025-12-31,41.04999924,41.20000076,40.59999847,40.90000153,3835059,0,1,40.3820757,yahoo_bootstrap
2026-01-02,41.15000153,42.79999924,41.15000153,41.95000076,19903907,0,1,41.41877855,yahoo_bootstrap
2026-01-05,43,46.09999847,42.70000076,46.09999847,33117477,0,1,45.51622392,yahoo_bootstrap
2026-01-06,49.59999847,50.70000076,46.54999924,50.70000076,83385175,0,1,50.05797535,yahoo_bootstrap
2026-01-07,51.20000076,55.70000076,50.70000076,55.70000076,126941319,0,1,54.99465924,yahoo_bootstrap
2026-01-08,55.70000076,57.59999847,51.20000076,51.79999924,112286106,0,1,51.14404431,yahoo_bootstrap
2026-01-09,51.5,51.70000076,48.20000076,51.40000153,53736552,0,1,50.74911186,yahoo_bootstrap
2026-01-12,52.59999847,56,52,54.09999847,76916511,0,1,53.41491813,yahoo_bootstrap
2026-01-13,55,59.5,54.09999847,59.5,107730912,0,1,58.74653824,yahoo_bootstrap
2026-01-14,62.90000153,64.69999695,60.70000076,61,138512773,0,1,60.22754341,yahoo_bootstrap
2026-01-15,60.09999847,67.09999847,59.20000076,67.09999847,112017277,0,1,66.25029624,yahoo_bootstrap
2026-01-16,69,70.30000305,65.90000153,67.30000305,137022655,0,1,66.44776811,yahoo_bootstrap
2026-01-19,67.80000305,72.19999695,67.80000305,70.30000305,82313659,0,1,69.40977844,yahoo_bootstrap
2026-01-20,69.19999695,70.90000153,67.19999695,69.90000153,53501187,0,1,69.01484223,yahoo_bootstrap
2026-01-21,69.09999847,69.69999695,66,66.69999695,44992459,0,1,65.85536002,yahoo_bootstrap
2026-01-22,69.19999695,69.59999847,64.40000153,67.40000153,76078370,0,1,66.54650029,yahoo_bootstrap
2026-01-23,67.80000305,68,63,63.79999924,41881427,0,1,62.99208563,yahoo_bootstrap
2026-01-26,64,64.59999847,61.5,62.90000153,27029748,0,1,62.10348479,yahoo_bootstrap
2026-01-27,63.29999924,63.40000153,61,61.20000076,21530993,0,1,60.42501151,yahoo_bootstrap
2026-01-28,61.40000153,67.30000305,60.90000153,67.30000305,38291012,0,1,66.44776811,yahoo_bootstrap
2026-01-29,70.09999847,70.59999847,62.5,62.5,87911194,0,1,61.70854857,yahoo_bootstrap
2026-01-30,61.59999847,64.5,61.09999847,61.70000076,38713337,0,1,60.9186799,yahoo_bootstrap
2026-02-02,59.70000076,60.59999847,55.70000076,57.09999847,39822192,0,1,56.37692846,yahoo_bootstrap
2026-02-03,59.5,59.79999924,56.29999924,56.59999847,27281114,0,1,55.88326008,yahoo_bootstrap
2026-02-04,56.59999847,60.5,56.40000153,59.79999924,28043892,0,1,59.04273852,yahoo_bootstrap
2026-02-05,58.79999924,59.79999924,56.90000153,57,19064526,0,1,56.2781963,yahoo_bootstrap
2026-02-06,56.5,56.59999847,53.59999847,54.09999847,24387951,0,1,53.41491813,yahoo_bootstrap
2026-02-09,56.29999924,56.40000153,54.5,54.70000076,16140715,0,1,54.00732246,yahoo_bootstrap
2026-02-10,56,56.20000076,54.90000153,55.40000153,9531615,0,1,54.69845896,yahoo_bootstrap
2026-02-11,55.79999924,57.40000153,54.59999847,56.79999924,14098698,0,1,56.08072819,yahoo_bootstrap
2026-02-23,57.90000153,60.20000076,57.29999924,59.20000076,20651123,0,1,58.45033796,yahoo_bootstrap
2026-02-24,59.5,63.90000153,59.29999924,63.09999847,35578244,0,1,62.30094913,yahoo_bootstrap
2026-02-25,63.79999924,63.79999924,61.20000076,62.79999924,30803922,0,1,62.00474885,yahoo_bootstrap
2026-02-26,66.19999695,69,63.59999847,69,112631614,0,1,68.12623762,yahoo_bootstrap
2026-03-02,67.19999695,72.19999695,66.40000153,67.80000305,99216954,0,1,66.9414365,yahoo_bootstrap
2026-03-03,67.30000305,70.40000153,64.30000305,65.09999847,59219091,0,1,64.27562268,yahoo_bootstrap
2026-03-04,63.20000076,64,59,59.40000153,32173533,0,1,58.64780607,yahoo_bootstrap
2026-03-05,63.79999924,63.79999924,59.79999924,61.29999924,23516933,0,1,60.52374369,yahoo_bootstrap
2026-03-06,60,64.69999695,59.90000153,62.79999924,21793586,0,1,62.00474885,yahoo_bootstrap
2026-03-09,57.90000153,58.5,56.59999847,57.59999847,18848779,0,1,56.87059685,yahoo_bootstrap
2026-03-10,59,59.79999924,57.40000153,58.29999924,15094883,0,1,57.56173336,yahoo_bootstrap
2026-03-11,59,64.09999847,59,63.79999924,19934851,0,1,62.99208563,yahoo_bootstrap
2026-03-12,63.59999847,66,62.5,63.40000153,26621698,0,1,62.59715318,yahoo_bootstrap
2026-03-13,62.29999924,65.90000153,61.20000076,64.69999695,24378725,0,1,63.88068647,yahoo_bootstrap
2026-03-16,66,66.59999847,62.79999924,63.59999847,29558666,0,1,62.79461752,yahoo_bootstrap
2026-03-17,64.69999695,68.5,63.20000076,63.70000076,48776080,0,1,62.89335345,yahoo_bootstrap
2026-03-18,64.90000153,65.09999847,61.79999924,62.90000153,21396578,0,1,62.10348479,yahoo_bootstrap
2026-03-19,62.5,64.30000305,61.40000153,62.70000076,17604021,0,1,61.90601668,yahoo_bootstrap
2026-03-20,64.5,68.90000153,63.29999924,66.69999695,100834320,0,1,65.85536002,yahoo_bootstrap
2026-03-23,64,65.40000153,61.20000076,62,45948742,0,1,61.21488018,yahoo_bootstrap
2026-03-24,63,64.19999695,58.09999847,60.20000076,32050935,0,1,59.43767473,yahoo_bootstrap
2026-03-25,61.5,63.59999847,61.5,62.5,17996595,0,1,61.70854857,yahoo_bootstrap
2026-03-26,63,64.19999695,61.5,61.59999847,18289070,0,1,60.81994396,yahoo_bootstrap
2026-03-27,60.59999847,62.40000153,60.20000076,61.70000076,12428244,0,1,60.9186799,yahoo_bootstrap
2026-03-30,59.79999924,60.59999847,59.20000076,60.29999924,9754169,0,1,59.53640691,yahoo_bootstrap
2026-03-31,59.29999924,60.29999924,57.5,57.59999847,13293275,0,1,56.87059685,yahoo_bootstrap
2026-04-01,60,60.5,59.20000076,60,6877196,0,1,59.24020663,yahoo_bootstrap
2026-04-02,60.79999924,65,60.09999847,61.90000153,34345085,0,1,61.11614802,yahoo_bootstrap
2026-04-07,63.5,64.09999847,60.59999847,61,26932415,0,1,60.22754341,yahoo_bootstrap
2026-04-08,62.79999924,67.09999847,62.5,67.09999847,45339246,0,1,66.25029624,yahoo_bootstrap
2026-04-09,67.59999847,73.80000305,66.30000305,73.80000305,105892071,0,1,72.86545716,yahoo_bootstrap
2026-04-10,77.59999847,80.59999847,66.5,80,217208511,0,1,78.98694217,yahoo_bootstrap
2026-04-13,80,83.40000153,77,80.69999695,149887211,0,1,79.6780749,yahoo_bootstrap
2026-04-14,81.09999847,82.30000305,75.80000305,81,113331365,0,1,79.97427895,yahoo_bootstrap
2026-04-15,81.09999847,81.90000153,78.80000305,79.80000305,73544431,0,1,78.78947783,yahoo_bootstrap
2026-04-16,79.09999847,79.40000153,75.19999695,76.09999847,58019582,0,1,75.13632723,yahoo_bootstrap
2026-04-17,76.09999847,82,76,81,84170733,0,1,79.97427895,yahoo_bootstrap
2026-04-20,82.5,85,79.30000305,79.90000153,118917591,0,1,78.88821,yahoo_bootstrap
2026-04-21,80.80000305,84.19999695,80.19999695,80.80000305,70005667,0,1,79.7768146,yahoo_bootstrap
2026-04-22,82,88.80000305,81.59999847,82.69999695,127623292,0,1,81.65274846,yahoo_bootstrap
2026-04-23,84.30000305,87.80000305,76.40000153,78.80000305,108378929,0,1,77.80214105,yahoo_bootstrap
2026-04-24,79.80000305,82.09999847,76.80000305,77.59999847,57619893,0.997862,1,77.59999847,yahoo_bootstrap
2026-04-27,78.09999847,80,75,75.30000305,31688733,0,1,75.30000305,yahoo_bootstrap
2026-04-28,76.40000153,76.90000153,74.19999695,76.30000305,24460403,0,1,76.30000305,yahoo_bootstrap
2026-04-29,76.09999847,82.59999847,75.19999695,81.69999695,77772653,0,1,81.69999695,yahoo_bootstrap
2026-04-30,82,83,78.09999847,78.90000153,52225458,0,1,78.90000153,yahoo_bootstrap
2026-05-04,79.40000153,81,78,79.59999847,29085513,0,1,79.59999847,yahoo_bootstrap
2026-05-05,79.90000153,81.40000153,78.09999847,79,30607872,0,1,79,yahoo_bootstrap
2026-05-06,79.69999695,81.19999695,76.90000153,79.40000153,42156330,0,1,79.40000153,yahoo_bootstrap
2026-05-07,80.69999695,83.30000305,79.5,79.69999695,47937315,0,1,79.69999695,yahoo_bootstrap
2026-05-08,80.09999847,80.59999847,74.69999695,77.90000153,38234462,0,1,77.90000153,yahoo_bootstrap
2026-05-11,79.40000153,83.59999847,79.40000153,80.80000305,83785938,0,1,80.80000305,yahoo_bootstrap
2026-05-12,82.19999695,85,79.80000305,82.69999695,76517611,0,1,82.69999695,yahoo_bootstrap
2026-05-13,82,82.5,79.69999695,80.40000153,31892154,0,1,80.40000153,yahoo_bootstrap
2026-05-14,81.09999847,81.40000153,78,79.59999847,32004938,0,1,79.59999847,yahoo_bootstrap
2026-05-15,80.90000153,82.30000305,77,78.69999695,54938873,0,1,78.69999695,yahoo_bootstrap
2026-05-18,77.90000153,77.90000153,72.80000305,73.80000305,33090604,0,1,73.80000305,yahoo_bootstrap
2026-05-19,72.90000153,75.5,72.69999695,74.5,23204313,0,1,74.5,yahoo_bootstrap
2026-05-20,74.40000153,74.40000153,70.80000305,72.69999695,27620591,0,1,72.69999695,yahoo_bootstrap
2026-05-21,73.5,79.90000153,73.5,79.69999695,58099334,0,1,79.69999695,yahoo_bootstrap
2026-05-22,80.59999847,84.40000153,80.09999847,83,67430429,0,1,83,yahoo_bootstrap
2026-05-25,85,86,82.09999847,82.19999695,48511791,0,1,82.19999695,yahoo_bootstrap
2026-05-26,83.5,85.30000305,81.40000153,83,32544143,0,1,83,yahoo_bootstrap
2026-05-27,84.69999695,89.90000153,83.5,84.5,86355298,0,1,84.5,yahoo_bootstrap
2026-05-28,85.59999847,86.69999695,81.69999695,82.40000153,46392062,0,1,82.40000153,yahoo_bootstrap
2026-05-29,83.30000305,84.90000153,81.19999695,81.19999695,31618039,0,1,81.19999695,yahoo_bootstrap
2026-06-01,82,84.40000153,81.09999847,81.5,22868953,0,1,81.5,yahoo_bootstrap
2026-06-02,81.69999695,81.80000305,76.80000305,78.69999695,28483251,0,1,78.69999695,yahoo_bootstrap
2026-06-03,79.40000153,79.69999695,77.5,78.09999847,14795038,0,1,78.09999847,yahoo_bootstrap
2026-06-04,78,78.69999695,76.30000305,76.40000153,13538564,0,1,76.40000153,yahoo_bootstrap
2026-06-05,75.30000305,78.19999695,72.09999847,77.40000153,22577589,0,1,77.40000153,yahoo_bootstrap
2026-06-08,69.80000305,71.59999847,69.69999695,71.30000305,24156408,0,1,71.30000305,yahoo_bootstrap
2026-06-09,71.90000153,72.30000305,70.69999695,72.30000305,12537159,0,1,72.30000305,yahoo_bootstrap
2026-06-10,71.09999847,72.19999695,67.5,67.80000305,13552478,0,1,67.80000305,yahoo_bootstrap
2026-06-11,67,68.69999695,66,67.80000305,11230313,0,1,67.80000305,yahoo_bootstrap
2026-06-12,70.40000153,71.19999695,69.69999695,70.40000153,8093837,0,1,70.40000153,yahoo_bootstrap
2026-06-15,72,72.90000153,71.09999847,71.19999695,6866716,0,1,71.19999695,yahoo_bootstrap
2026-06-16,71.80000305,72.80000305,70,70,7587829,0,1,70,yahoo_bootstrap
2026-06-17,69.59999847,71.69999695,69.19999695,71.09999847,6731178,0,1,71.09999847,yahoo_bootstrap
2026-06-18,71.69999695,73.80000305,71.5,72.40000153,10774063,0,1,72.40000153,yahoo_bootstrap
2026-06-22,72.94373322,75.03924561,72.64437103,74.54031372,15101845,0,1,74.54031372,yahoo_bootstrap
2026-06-23,74.73988342,76.03710175,71.14758301,71.54672241,11073562,0,1,71.54672241,yahoo_bootstrap
2026-06-24,71.04779053,75.03924561,70.54885864,73.74201965,12500469,0,1,73.74201965,yahoo_bootstrap
2026-06-25,74.64009857,78.53176117,74.34073639,75.73774719,21834076,0,1,75.73774719,yahoo_bootstrap
2026-06-26,76.23667908,76.23667908,69.35142517,69.35142517,17412439,0,1,69.35142517,yahoo_bootstrap
2026-06-29,71,73.69999695,70.5,72.90000153,10129070,0,1,72.90000153,yahoo_bootstrap
2026-06-30,74.09999847,75.40000153,73.69999695,74,10508284,0,1,74,yahoo_bootstrap
2026-07-01,75.40000153,75.59999847,71.69999695,71.90000153,8889999,0,1,71.90000153,yahoo_bootstrap
2026-07-02,71.5,74.30000305,70.80000305,74.19999695,8027720,0,1,74.19999695,yahoo_bootstrap
2026-07-03,73.09999847,81.59999847,73.09999847,81.59999847,59813820,0,1,81.59999847,yahoo_bootstrap
2026-07-06,82.40000153,88.59999847,80.69999695,85.40000153,102506604,0,1,85.40000153,yahoo_bootstrap
2026-07-07,86.80000305,86.90000153,76.90000153,77.09999847,55518194,0,1,77.09999847,yahoo_bootstrap
2026-07-08,78.40000153,78.5,73.30000305,76.69999695,19897460,0,1,76.69999695,yahoo_bootstrap
2026-07-09,77.30000305,77.40000153,73.69999695,73.80000305,16299329,0,1,73.80000305,yahoo_bootstrap
2026-07-10,73.80000305,73.80000305,73.80000305,73.80000305,0,0,1,73.80000305,yahoo_bootstrap
2026-07-13,74.59999847,76.19999695,71.80000305,72.59999847,12845714,0,1,72.59999847,yahoo_bootstrap
2026-07-14,72.90000153,72.90000153,66.59999847,70,18760532,0,1,70,yahoo_bootstrap
2026-07-15,70.5,72.19999695,70.30000305,71.5,9277031,0,1,71.5,yahoo_bootstrap
2026-07-16,71.5,72.09999847,69.5,70.80000305,6305155,0,1,70.80000305,yahoo_bootstrap
2026-07-17,68.59999847,69.30000305,64.09999847,64.5,18303876,0,1,64.5,yahoo_bootstrap
2026-07-20,64.30000305,65.19999695,59.70000076,62.09999847,12955032,0,1,62.09999847,yahoo_bootstrap
2026-07-21,62.5,63.90000153,62.29999924,63.20000076,7458979,0,1,63.20000076,yahoo_bootstrap
2026-07-22,64.80000305,65,62.40000153,62.59999847,10583577,0,1,62.59999847,yahoo_bootstrap
2026-07-23,63.5,64.19999695,61.40000153,62.09999847,7161450,0,1,62.09999847,yahoo_bootstrap
2026-07-24,61.5,61.79999924,60.09999847,60.20000076,7987254,0,1,60.20000076,yahoo_bootstrap
2026-07-27,61.40000153,61.5,59.20000076,61.29999924,8117356,0,1,61.29999924,yahoo_daily
2026-07-28,59,62.09999847,57.79999924,57.79999924,15164138,0,1,57.79999924,yahoo_daily
2026-07-29,59,59.79999924,52.79999924,54.79999924,16548388,0,1,54.79999924,yahoo_daily
2026-07-30,53.70000076,57.79999924,53.70000076,55.70000076,14493004,0,1,55.70000076,yahoo_daily
2026-07-31,60,60.90000153,59.40000153,59.90000153,10931481,0,1,59.90000153,yahoo_daily
2026-08-03,59.70000076,63.09999847,59.20000076,61.70000076,7582474,0,1,61.70000076,yahoo_daily
2026-08-04,61,63.79999924,60.90000153,63.59999847,7063126,0,1,63.59999847,yahoo_daily
2026-08-05,65,67.5,64.90000153,66.5,10484566,0,1,66.5,yahoo_daily
2026-08-06,67,67.19999695,65.40000153,66.19999695,7399808,0,1,66.19999695,yahoo_daily
2026-08-07,66.5,67.5,66,66.19999695,5506062,0,1,66.19999695,yahoo_daily
2026-08-10,67.69999695,70.5,67.09999847,70,13425892,0,1,70,yahoo_daily
2026-08-11,69.5,73.5,68.90000153,71.90000153,17945702,0,1,71.90000153,yahoo_daily
2026-08-12,72.5,79,72.30000305,78.59999847,44183130,0,1,78.59999847,yahoo_daily
2026-08-13,78.69999695,79.80000305,77.40000153,78.19999695,27980889,0,1,78.19999695,yahoo_daily
2026-08-14,79.09999847,79.19999695,71.5,71.69999695,30673742,0,1,71.69999695,yahoo_daily
2026-08-17,71.30000305,73.59999847,70.5,71.80000305,10273825,0,1,71.80000305,yahoo_daily
2026-08-18,72.09999847,72.19999695,69.59999847,70.5,7425884,0,1,70.5,yahoo_daily
2026-08-19,69,72.80000305,68.80000305,69.59999847,8884827,0,1,69.59999847,yahoo_daily
2026-08-20,71.09999847,71.80000305,69.69999695,70.19999695,5846710,0,1,70.19999695,yahoo_daily
2026-08-21,70.30000305,72,69.69999695,71.59999847,6693659,0,1,71.59999847,yahoo_daily
2026-08-24,71.90000153,72.69999695,70.59999847,71.30000305,6403952,0,1,71.30000305,yahoo_daily
2026-08-25,70.5,71.69999695,70.09999847,71.69999695,3665526,0,1,71.69999695,yahoo_daily
2026-08-26,72.5,73.30000305,71.80000305,71.90000153,7598321,0,1,71.90000153,yahoo_daily
