date,open,high,low,close,volume,dividend,split_factor,adjusted_close,source
2021-08-26,17.79999924,18.89999962,17.54999924,18,5359391,0,1,16.9865643,yahoo_bootstrap
2021-08-27,18,18.39999962,17.20000076,17.25,2715899,0,1,16.27879078,yahoo_bootstrap
2021-08-30,17.35000038,17.79999924,17.20000076,17.60000038,1508303,0,1,16.60908545,yahoo_bootstrap
2021-08-31,18.10000038,19.35000038,18,19.35000038,13509288,0,1,18.26055698,yahoo_bootstrap
2021-09-01,19.20000076,19.85000038,18.70000076,19,12272783,0,1,17.93026231,yahoo_bootstrap
2021-09-02,19.10000038,20.89999962,18.89999962,20.89999962,19732881,0,1,19.72328819,yahoo_bootstrap
2021-09-03,20.35000038,22.95000076,20.29999924,22.95000076,47404286,0,1,21.6578702,yahoo_bootstrap
2021-09-06,24.29999924,25.20000076,24,25.20000076,22483601,0,1,23.78119073,yahoo_bootstrap
2021-09-07,25.75,26.39999962,24,25.5,34473174,0,1,24.06429942,yahoo_bootstrap
2021-09-08,25.35000038,27.70000076,23.89999962,23.89999962,40572773,0,1,22.55438224,yahoo_bootstrap
2021-09-09,23.85000038,26.25,23.04999924,26.25,31215833,0,1,24.77207293,yahoo_bootstrap
2021-09-10,26.95000076,28.29999924,26,26.29999924,54824681,0,1,24.81925712,yahoo_bootstrap
2021-09-13,25.89999962,28.89999962,25.85000038,28.89999962,52203280,0,1,27.27287232,yahoo_bootstrap
2021-09-14,30,31.75,29.29999924,31.75,47376538,0,1,29.96241202,yahoo_bootstrap
2021-09-15,34.90000153,34.90000153,32.59999847,34.90000153,82555834,0,1,32.93506222,yahoo_bootstrap
2021-09-16,35.25,38.34999847,34.20000076,34.45000076,149978561,0,1,32.51039739,yahoo_bootstrap
2021-09-17,33,34,31.10000038,31.75,13114840,0,1,29.96241202,yahoo_bootstrap
2021-09-22,30.5,32.79999924,30.5,32.40000153,7371514,0,1,30.57581718,yahoo_bootstrap
2021-09-23,32.20000076,32.5,31.10000038,31.60000038,4267111,0,1,29.82085768,yahoo_bootstrap
2021-09-24,32,32.20000076,30.39999962,30.39999962,4008830,0,1,28.68841934,yahoo_bootstrap
2021-09-27,30.39999962,32.95000076,30.39999962,32.29999924,4970046,0,1,30.48144522,yahoo_bootstrap
2021-09-28,31,31.89999962,30.70000076,31,2656810,0,1,29.25463851,yahoo_bootstrap
2021-09-29,30.29999924,31.14999962,30.29999924,30.54999924,2081230,0,1,28.82997369,yahoo_bootstrap
2021-09-30,30.79999924,32.34999847,30.5,31.39999962,4572502,0,1,29.63211736,yahoo_bootstrap
2021-10-01,31.29999924,31.29999924,28.29999924,29,4765862,0,1,27.36724248,yahoo_bootstrap
2021-10-04,29.10000038,29.20000076,26.10000038,26.10000038,4740348,0,1,24.63051859,yahoo_bootstrap
2021-10-05,25.39999962,28.70000076,24.85000038,28.70000076,23156787,0,1,27.08413379,yahoo_bootstrap
2021-10-06,29.29999924,31.54999924,29.29999924,31.54999924,26632538,0,1,29.7736717,yahoo_bootstrap
2021-10-07,33.09999847,34.70000076,31.64999962,32.79999924,93941939,0,1,30.95329422,yahoo_bootstrap
2021-10-08,32.34999847,34.70000076,31.95000076,33,46940144,0,1,31.14203454,yahoo_bootstrap
2021-10-12,32.75,36.29999924,32.59999847,36.29999924,59766875,0,1,34.25623728,yahoo_bootstrap
2021-10-13,37.5,39.90000153,37.5,39.90000153,56138319,0,1,37.6535523,yahoo_bootstrap
2021-10-14,43,43.84999847,36,36,102121416,0,1,33.97312859,yahoo_bootstrap
2021-10-15,36.90000153,39.59999847,36.65000153,39.59999847,53660047,0,1,37.37044001,yahoo_bootstrap
2021-10-18,42.79999924,43.54999924,41.09999847,43.54999924,42874577,0,1,41.0980479,yahoo_bootstrap
2021-10-19,46.79999924,47.90000153,43.29999924,44.15000153,143757272,0,1,41.66426887,yahoo_bootstrap
2021-10-20,45,47.5,44.59999847,47.5,70881678,0,1,44.82565578,yahoo_bootstrap
2021-10-21,49.25,51,46.5,48.79999924,82430610,0,1,46.05246249,yahoo_bootstrap
2021-10-22,49,50.5,46,46,49196446,0,1,43.41010876,yahoo_bootstrap
2021-10-25,46.5,48.90000153,44.15000153,46.95000076,49561369,0,1,44.30662259,yahoo_bootstrap
2021-10-26,46.79999924,48.40000153,43.90000153,45.04999924,30384253,0,1,42.51359493,yahoo_bootstrap
2021-10-27,45.04999924,47.45000076,44.54999924,46.34999847,28029401,0,1,43.74040162,yahoo_bootstrap
2021-10-28,45.5,46.09999847,44.40000153,44.90000153,14449722,0,1,42.37204238,yahoo_bootstrap
2021-10-29,44.90000153,47,44,44.09999847,21930437,0,1,41.61708108,yahoo_bootstrap
2021-11-01,43.65000153,46,43.15000153,46,22340916,0,1,43.41010876,yahoo_bootstrap
2021-11-02,45.40000153,46.45000076,41.79999924,42.59999847,18681559,0,1,40.20153406,yahoo_bootstrap
2021-11-03,43.09999847,44.15000153,42.09999847,42.70000076,9444455,0,1,40.29590602,yahoo_bootstrap
2021-11-04,43.90000153,46.95000076,43.45000076,46.95000076,17029496,0,1,44.30662259,yahoo_bootstrap
2021-11-05,49.40000153,51.59999847,49,51.59999847,37091117,0,1,48.69481621,yahoo_bootstrap
2021-11-08,53.70000076,55.79999924,47.90000153,48.84999847,89351827,0,1,46.09964666,yahoo_bootstrap
2021-11-09,49.90000153,53.70000076,48.54999924,53.70000076,41049807,0,1,50.6765842,yahoo_bootstrap
2021-11-10,54.90000153,59,54.20000076,57.29999924,110310790,0,1,54.07389563,yahoo_bootstrap
2021-11-11,58.20000076,61.59999847,54.40000153,55,75804408,0,1,51.90339091,yahoo_bootstrap
2021-11-12,56.29999924,58,53.5,56,33425882,0,1,52.84708892,yahoo_bootstrap
2021-11-15,56.79999924,58.20000076,54.29999924,54.5,32692749,0,1,51.4315419,yahoo_bootstrap
2021-11-16,55.79999924,56.09999847,51.5,52.20000076,17505943,0,1,49.26103718,yahoo_bootstrap
2021-11-17,53.20000076,55,51.5,52.90000153,15733755,0,1,49.92162652,yahoo_bootstrap
2021-11-18,52.20000076,53.5,51.09999847,51.59999847,10185054,0,1,48.69481621,yahoo_bootstrap
2021-11-19,52.5,52.70000076,50.5,52.29999924,7696698,0,1,49.35540555,yahoo_bootstrap
2021-11-22,52.90000153,53.09999847,51,51.59999847,6121903,0,1,48.69481621,yahoo_bootstrap
2021-11-23,52.5,56.70000076,52.09999847,56.70000076,15342551,0,1,53.50767825,yahoo_bootstrap
2021-11-24,59,61,54,54.09999847,53540684,0,1,51.05406125,yahoo_bootstrap
2021-11-25,55.09999847,56.40000153,52.20000076,52.5,16526301,0,1,49.54414587,yahoo_bootstrap
2021-11-26,52.29999924,52.59999847,50.20000076,50.70000076,8881210,0,1,47.84549015,yahoo_bootstrap
2021-11-29,49.40000153,50.5,47.5,49.29999924,10607635,0,1,46.5243115,yahoo_bootstrap
2021-11-30,50.29999924,54.20000076,50.29999924,51,26155235,0,1,48.12859884,yahoo_bootstrap
2021-12-01,49.70000076,53.79999924,49.70000076,53.40000153,26441592,0,1,50.39347552,yahoo_bootstrap
2021-12-02,53,56,51,52,25699825,0,1,49.07229686,yahoo_bootstrap
2021-12-03,52,53.20000076,51.59999847,52.20000076,8393100,0,1,49.26103718,yahoo_bootstrap
2021-12-06,52.09999847,53.20000076,51.29999924,52.09999847,7278438,0,1,49.16666522,yahoo_bootstrap
2021-12-07,52.29999924,53,51,51.09999847,5415040,0,1,48.2229672,yahoo_bootstrap
2021-12-08,52,52.79999924,51,51,7976100,0,1,48.12859884,yahoo_bootstrap
2021-12-09,51.40000153,51.90000153,50.09999847,50.09999847,3887134,0,1,47.27926918,yahoo_bootstrap
2021-12-10,50.5,50.70000076,48.95000076,49.04999924,4539619,0,1,46.28838699,yahoo_bootstrap
2021-12-13,49.79999924,49.79999924,48.04999924,48.29999924,4307613,0,1,45.58061348,yahoo_bootstrap
2021-12-14,48.75,50.29999924,47.59999847,47.65000153,6752114,0,1,44.96721193,yahoo_bootstrap
2021-12-15,47.15000153,48.70000076,47.15000153,48.40000153,3330150,0,1,45.67498544,yahoo_bootstrap
2021-12-16,48.59999847,48.79999924,47.29999924,47.45000076,3426870,0,1,44.7784716,yahoo_bootstrap
2021-12-17,47.45000076,47.84999847,45.90000153,46.20000076,3840380,0,1,43.59884908,yahoo_bootstrap
2021-12-20,46.20000076,48.29999924,46.04999924,46.54999924,4408480,0,1,43.92914195,yahoo_bootstrap
2021-12-21,47.5,51.20000076,47.45000076,51.20000076,11408171,0,1,48.31733916,yahoo_bootstrap
2021-12-22,53.79999924,54.09999847,50,50.29999924,53609876,0,1,47.46800951,yahoo_bootstrap
2021-12-23,50.09999847,51.20000076,49.09999847,49.65000153,7912000,0,1,46.85460796,yahoo_bootstrap
2021-12-24,49.29999924,50.70000076,49.04999924,49.40000153,5533200,0,1,46.61868346,yahoo_bootstrap
2021-12-27,48.25,49.29999924,48.25,48.84999847,2627235,0,1,46.09964666,yahoo_bootstrap
2021-12-28,49,52.40000153,48.95000076,49.20000076,15105244,0,1,46.42994313,yahoo_bootstrap
2021-12-29,49.95000076,51.59999847,49.09999847,50.70000076,9296262,0,1,47.84549015,yahoo_bootstrap
2021-12-30,52,52.90000153,50.70000076,50.79999924,11650053,0,1,47.93985852,yahoo_bootstrap
2022-01-03,50.20000076,51.90000153,49.29999924,50.59999847,5050632,0,1,47.75111819,yahoo_bootstrap
2022-01-04,50.90000153,51.09999847,49.54999924,49.70000076,2807319,0,1,46.90179214,yahoo_bootstrap
2022-01-05,49.79999924,50.20000076,48.90000153,49,2404868,0,1,46.24120281,yahoo_bootstrap
2022-01-06,49.45000076,50.40000153,48.20000076,48.20000076,5125300,0,1,45.48624511,yahoo_bootstrap
2022-01-07,52.90000153,53,50.20000076,50.79999924,41854852,0,1,47.93985852,yahoo_bootstrap
2022-01-10,49.5,49.79999924,48.5,49.20000076,10402456,0,1,46.42994313,yahoo_bootstrap
2022-01-11,48.59999847,49.59999847,47.20000076,47.40000153,7111430,0,1,44.73128743,yahoo_bootstrap
2022-01-12,47.79999924,48.20000076,46.20000076,46.59999847,4258000,0,1,43.97632612,yahoo_bootstrap
2022-01-13,46.84999847,47.09999847,44.75,44.84999847,5665400,0,1,42.3248546,yahoo_bootstrap
2022-01-14,45,45.09999847,42.65000153,42.84999847,5472539,0,1,40.43745856,yahoo_bootstrap
2022-01-17,42.90000153,43.79999924,41.75,43.09999847,6463734,0,1,40.67338307,yahoo_bootstrap
2022-01-18,43.09999847,43.75,42.79999924,43.09999847,2446443,0,1,40.67338307,yahoo_bootstrap
2022-01-19,43,43.25,42,43.25,2928823,0,1,40.81493921,yahoo_bootstrap
2022-01-20,43.45000076,43.75,42.09999847,42.40000153,2724610,0,1,40.01279734,yahoo_bootstrap
2022-01-21,41.90000153,42.59999847,40.45000076,40.90000153,3409239,0,1,38.59725032,yahoo_bootstrap
2022-01-24,40.5,41.5,39.40000153,41.04999924,2886301,0,1,38.73880286,yahoo_bootstrap
2022-01-25,41.59999847,42.95000076,39.40000153,39.45000076,6817853,0,1,37.22888747,yahoo_bootstrap
2022-01-26,39.70000076,40.25,39,39.70000076,2659946,0,1,37.46481197,yahoo_bootstrap
2022-02-07,40.79999924,41.70000076,39.59999847,41.59999847,1994407,0,1,39.25783604,yahoo_bootstrap
2022-02-08,41.5,42.5,41,42.04999924,1562825,0,1,39.68250088,yahoo_bootstrap
2022-02-09,42.09999847,44.90000153,42.09999847,42.70000076,5368340,0,1,40.29590602,yahoo_bootstrap
2022-02-10,43.45000076,44.45000076,42.79999924,42.79999924,4552340,0,1,40.39027439,yahoo_bootstrap
2022-02-11,42,42.40000153,41.79999924,42.04999924,1769952,0,1,39.68250088,yahoo_bootstrap
2022-02-14,41.90000153,41.90000153,40.65000153,40.65000153,1296270,0,1,38.36132581,yahoo_bootstrap
2022-02-15,42.5,42.5,41.09999847,41.79999924,3833126,0,1,39.44657637,yahoo_bootstrap
2022-02-16,42.5,43,41.84999847,42.20000076,2467093,0,1,39.82405701,yahoo_bootstrap
2022-02-17,42.59999847,42.59999847,41.70000076,42,1448200,0,1,39.63531669,yahoo_bootstrap
2022-02-18,42,42.59999847,41.59999847,42.29999924,1325107,0,1,39.91842538,yahoo_bootstrap
2022-02-21,42.70000076,42.70000076,41.20000076,41.40000153,1384237,0,1,39.06909933,yahoo_bootstrap
2022-02-22,41,41,39.5,39.84999847,1856056,0,1,37.60636451,yahoo_bootstrap
2022-02-23,39.29999924,40.75,39.29999924,40.70000076,1320856,0,1,38.40850999,yahoo_bootstrap
2022-02-24,39.54999924,40.5,38.79999924,39.04999924,1698222,0,1,36.85140683,yahoo_bootstrap
2022-02-25,39.95000076,39.95000076,38.79999924,39.09999847,1087200,0,1,36.898591,yahoo_bootstrap
2022-03-01,39.29999924,40.45000076,39.29999924,40.45000076,1226156,0,1,38.17258548,yahoo_bootstrap
2022-03-02,39.90000153,41,39.79999924,40.40000153,774000,0,1,38.12540131,yahoo_bootstrap
2022-03-03,41,41.70000076,40.25,40.29999924,1485090,0,1,38.03102935,yahoo_bootstrap
2022-03-04,40.25,40.25,39.54999924,39.90000153,809233,0,1,37.6535523,yahoo_bootstrap
2022-03-07,40,40.15000153,37.84999847,38.09999847,1016406,0,1,35.95489298,yahoo_bootstrap
2022-03-08,37.20000076,37.90000153,36.40000153,36.84999847,1385201,0,1,34.77527046,yahoo_bootstrap
2022-03-09,37.84999847,38,36.95000076,38,754070,0,1,35.86052463,yahoo_bootstrap
2022-03-10,39,39.29999924,38.65000153,38.90000153,947017,0,1,36.70985429,yahoo_bootstrap
2022-03-11,39.5,39.5,38.04999924,38.54999924,587002,0,1,36.37955782,yahoo_bootstrap
2022-03-14,38.54999924,38.95000076,38,38.79999924,486150,0,1,36.61548232,yahoo_bootstrap
2022-03-15,38.54999924,38.70000076,37.20000076,37.29999924,863535,0,1,35.1999353,yahoo_bootstrap
2022-03-16,37.75,37.90000153,37,37.84999847,759050,0,1,35.71896848,yahoo_bootstrap
2022-03-17,38.79999924,40.40000153,38.20000076,39.29999924,3112281,0,1,37.08733133,yahoo_bootstrap
2022-03-18,39,43.20000076,39,43.20000076,7691447,0,1,40.76775503,yahoo_bootstrap
2022-03-21,46.95000076,46.95000076,44.54999924,46.5,30921754,0,1,43.88195777,yahoo_bootstrap
2022-03-22,45.90000153,51.09999847,45.29999924,51.09999847,30880480,0,1,48.2229672,yahoo_bootstrap
2022-03-23,53.20000076,53.70000076,48.70000076,48.70000076,27141321,0,1,45.95809412,yahoo_bootstrap
2022-03-24,49.20000076,52.29999924,49,49.20000076,17100815,0,1,46.42994313,yahoo_bootstrap
2022-03-25,49.70000076,50.5,47.70000076,47.70000076,7895043,0,1,45.0143961,yahoo_bootstrap
2022-03-28,48.15000153,51.79999924,47.09999847,49.75,17870475,0,1,46.94897632,yahoo_bootstrap
2022-03-29,49.34999847,51.70000076,49.20000076,50.59999847,18535213,0,1,47.75111819,yahoo_bootstrap
2022-03-30,50.59999847,50.90000153,48.84999847,50.5,13071859,0,1,47.65674983,yahoo_bootstrap
2022-03-31,50.70000076,52.79999924,50.09999847,50.79999924,26505437,0,1,47.93985852,yahoo_bootstrap
2022-04-01,50.40000153,52.40000153,50.20000076,50.29999924,12263422,0,1,47.46800951,yahoo_bootstrap
2022-04-06,49.59999847,50.70000076,49.09999847,49.25,5913063,0,1,46.47712731,yahoo_bootstrap
2022-04-07,49.25,50.20000076,47,47,6990899,0,1,44.35380677,yahoo_bootstrap
2022-04-08,47.79999924,50.79999924,47.34999847,49.29999924,18793460,0,1,46.5243115,yahoo_bootstrap
2022-04-11,49.5,52.20000076,49.5,51,30056480,0,1,48.12859884,yahoo_bootstrap
2022-04-12,49.84999847,51,48.75,49.29999924,9128030,0,1,46.5243115,yahoo_bootstrap
2022-04-13,49.34999847,49.79999924,47.70000076,47.95000076,5710010,0,1,45.25032061,yahoo_bootstrap
2022-04-14,48,49.45000076,47.79999924,48.5,4952073,0,1,45.7693538,yahoo_bootstrap
2022-04-15,48.34999847,48.79999924,46.70000076,47,4218412,0,1,44.35380677,yahoo_bootstrap
2022-04-18,47.20000076,47.75,45.79999924,47.29999924,5077072,0,1,44.63691546,yahoo_bootstrap
2022-04-19,47.5,50,47.29999924,47.29999924,13225438,0,1,44.63691546,yahoo_bootstrap
2022-04-20,47.5,47.90000153,47.15000153,47.65000153,2935348,0,1,44.96721193,yahoo_bootstrap
2022-04-21,48.09999847,48.15000153,47,47,1897355,0,1,44.35380677,yahoo_bootstrap
2022-04-22,47.59999847,49.5,47.59999847,48.34999847,10111482,0,1,45.62779765,yahoo_bootstrap
2022-04-25,47.90000153,48.25,47,47.29999924,2763749,0,1,44.63691546,yahoo_bootstrap
2022-04-26,48.15000153,48.29999924,46,46,2335484,0,1,43.41010876,yahoo_bootstrap
2022-04-27,43,44.54999924,41.65000153,42,4213104,0,1,39.63531669,yahoo_bootstrap
2022-04-28,42.79999924,43.95000076,42,42,3589086,0,1,39.63531669,yahoo_bootstrap
2022-04-29,43,43,41.59999847,41.59999847,1966176,0,1,39.25783604,yahoo_bootstrap
2022-05-03,42.15000153,42.15000153,40.5,41.59999847,2031003,0,1,39.25783604,yahoo_bootstrap
2022-05-04,42.04999924,42.29999924,41.29999924,41.29999924,1456050,0,1,38.97472736,yahoo_bootstrap
2022-05-05,41.95000076,42.54999924,41.79999924,42.20000076,1621264,0,1,39.82405701,yahoo_bootstrap
2022-05-06,41,41.59999847,40.29999924,40.59999847,1764270,0,1,38.31413803,yahoo_bootstrap
2022-05-09,40.59999847,40.59999847,38.79999924,38.79999924,1815721,0,1,36.61548232,yahoo_bootstrap
2022-05-10,37.84999847,39.5,37.75,39.45000076,1563714,0,1,37.22888747,yahoo_bootstrap
2022-05-11,39.20000076,39.20000076,37.5,38.04999924,2082712,0,1,35.90770881,yahoo_bootstrap
2022-05-12,38,38.29999924,36.40000153,36.40000153,2144847,0,1,34.35060924,yahoo_bootstrap
2022-05-13,36.59999847,37.65000153,36.5,37.34999847,1277152,0,1,35.24711947,yahoo_bootstrap
2022-05-16,37.79999924,38.95000076,37.54999924,38,3779159,0,1,35.86052463,yahoo_bootstrap
2022-05-17,38,38.70000076,37.59999847,38.70000076,1497092,0,1,36.52111396,yahoo_bootstrap
2022-05-18,38.79999924,39.34999847,38.40000153,39.15000153,1504051,0,1,36.94577879,yahoo_bootstrap
2022-05-19,38.45000076,39.15000153,37.40000153,39.15000153,1653125,0,1,36.94577879,yahoo_bootstrap
2022-05-20,39.15000153,39.40000153,38.90000153,39.04999924,849051,0,1,36.85140683,yahoo_bootstrap
2022-05-23,39.34999847,40,39,39.5,1193109,0,1,37.27607165,yahoo_bootstrap
2022-05-24,39.59999847,40.34999847,38.25,38.40000153,1632051,0,1,36.23800528,yahoo_bootstrap
2022-05-25,38.84999847,39.25,38.54999924,38.90000153,585000,0,1,36.70985429,yahoo_bootstrap
2022-05-26,38.90000153,39.20000076,38.04999924,38.04999924,588200,0,1,35.90770881,yahoo_bootstrap
2022-05-27,38.65000153,38.90000153,38.15000153,38.20000076,419010,0,1,36.04926495,yahoo_bootstrap
2022-05-30,38.20000076,40.84999847,38.20000076,39.70000076,4796018,0,1,37.46481197,yahoo_bootstrap
2022-05-31,39.70000076,40,39,39.79999924,1301500,0,1,37.55918034,yahoo_bootstrap
2022-06-01,39.79999924,42.90000153,39.5,42.70000076,10049250,0,1,40.29590602,yahoo_bootstrap
2022-06-02,43.40000153,46.5,43.29999924,46.15000153,22682627,0,1,43.5516649,yahoo_bootstrap
2022-06-06,45.45000076,46.15000153,43.79999924,45.90000153,8214550,0,1,43.3157404,yahoo_bootstrap
2022-06-07,45.5,45.54999924,44.59999847,45.29999924,2576702,0,1,42.74951943,yahoo_bootstrap
2022-06-08,45.70000076,46.15000153,44.65000153,44.79999924,2768632,0,1,42.27767042,yahoo_bootstrap
2022-06-09,45.5,45.5,44.70000076,44.75,1103150,0,1,42.23048624,yahoo_bootstrap
2022-06-10,44.20000076,44.79999924,43.65000153,43.65000153,935250,0,1,41.19241986,yahoo_bootstrap
2022-06-13,42.90000153,44.04999924,42.84999847,43.54999924,1062118,0,1,41.0980479,yahoo_bootstrap
2022-06-14,42.29999924,42.59999847,41,41.34999847,1509389,0.52,1,39.49347543,yahoo_bootstrap
2022-06-15,41.59999847,42.20000076,40.59999847,40.59999847,1050254,0,1,38.77714877,yahoo_bootstrap
2022-06-16,41.20000076,41.5,38.5,38.5,1819743,0,1,36.77143556,yahoo_bootstrap
2022-06-17,38.20000076,38.90000153,37.5,37.95000076,1419246,0,1,36.24613006,yahoo_bootstrap
2022-06-20,38,38,34.90000153,34.90000153,2150500,0,1,33.33306902,yahoo_bootstrap
2022-06-21,35.54999924,36.65000153,35.40000153,36.65000153,1225050,0,1,35.00449791,yahoo_bootstrap
2022-06-22,37.29999924,37.29999924,33.09999847,33.59999847,2724786,0,1,32.09143321,yahoo_bootstrap
2022-06-23,34.25,34.45000076,33,33.75,1333021,0,1,32.2347,yahoo_bootstrap
2022-06-24,34.09999847,35,34,34.25,972160,0,1,32.71225111,yahoo_bootstrap
2022-06-27,35,35.79999924,34.75,35.40000153,775488,0,1,33.81062013,yahoo_bootstrap
2022-06-28,35.09999847,35.20000076,33.90000153,34.5,747136,0,1,32.95102667,yahoo_bootstrap
2022-06-29,34,34.5,33.20000076,33.70000076,853700,0,1,32.18694562,yahoo_bootstrap
2022-06-30,33.34999847,33.54999924,31.75,31.75,1345364,0,1,30.32449556,yahoo_bootstrap
2022-07-01,31.75,33.34999847,30,30,2293128,0,1,28.65306667,yahoo_bootstrap
2022-07-04,30.5,31.29999924,30.20000076,30.89999962,1472000,0,1,29.51265831,yahoo_bootstrap
2022-07-05,31.70000076,32,31,31.89999962,1107018,0,1,30.46776053,yahoo_bootstrap
2022-07-06,31.79999924,31.79999924,29.79999924,29.79999924,1459250,0,1,28.4620455,yahoo_bootstrap
2022-07-07,30.54999924,31.29999924,29.10000038,31,1173100,0,1,29.60816889,yahoo_bootstrap
2022-07-08,31.45000076,31.85000038,31,31.35000038,693150,0,1,29.94245503,yahoo_bootstrap
2022-07-11,31.35000038,33.45000076,31,31,4359025,0,1,29.60816889,yahoo_bootstrap
2022-07-12,30.89999962,30.89999962,28.60000038,29.04999924,1824380,0,1,27.74571883,yahoo_bootstrap
2022-07-13,31.85000038,31.89999962,30.39999962,30.54999924,2601000,0,1,29.17837217,yahoo_bootstrap
2022-07-14,30,31.5,29.79999924,31.29999924,1236000,0,1,29.89469883,yahoo_bootstrap
2022-07-15,31.10000038,31.5,30.64999962,30.79999924,682050,0,1,29.41714772,yahoo_bootstrap
2022-07-18,30.79999924,31.60000038,30.79999924,31.29999924,670000,0,1,29.89469883,yahoo_bootstrap
2022-07-19,31.29999924,32,31.25,31.75,983912,0,1,30.32449556,yahoo_bootstrap
2022-07-20,32.15000153,32.5,31.85000038,31.85000038,1034200,0,1,30.42000614,yahoo_bootstrap
2022-07-21,31.85000038,32.59999847,31.60000038,32.5,1188627,0,1,31.04082223,yahoo_bootstrap
2022-07-22,32.59999847,35.75,32.40000153,35.75,5092130,0,1,34.14490445,yahoo_bootstrap
2022-07-25,36,36.15000153,33.09999847,33.25,9134477,0,1,31.75714889,yahoo_bootstrap
2022-07-26,33.20000076,33.20000076,31.5,31.54999924,2719305,0,1,30.13347439,yahoo_bootstrap
2022-07-27,31.45000076,32.15000153,31.14999962,31.70000076,1362440,0,1,30.27674117,yahoo_bootstrap
2022-07-28,32.20000076,32.5,31.54999924,31.75,1392020,0,1,30.32449556,yahoo_bootstrap
2022-07-29,31.89999962,32.40000153,31.85000038,32.25,870000,0,1,30.80204667,yahoo_bootstrap
2022-08-01,32.79999924,33.09999847,32.20000076,32.45000076,1003062,0,1,30.99306784,yahoo_bootstrap
2022-08-02,31.89999962,32,30.85000038,31.04999924,1208260,0,1,29.65592328,yahoo_bootstrap
2022-08-03,31,31.20000076,29.95000076,30,865453,0,1,28.65306667,yahoo_bootstrap
2022-08-04,29.89999962,30.14999962,29.10000038,29.79999924,890999,0,1,28.4620455,yahoo_bootstrap
2022-08-05,30,31,30,30.45000076,570010,0,1,29.0828634,yahoo_bootstrap
2022-08-08,30,30.70000076,29.45000076,30.70000076,659000,0,1,29.32163895,yahoo_bootstrap
2022-08-09,30.04999924,31.14999962,30.04999924,30.70000076,429001,0,1,29.32163895,yahoo_bootstrap
2022-08-10,30,31.20000076,30,31,622163,0,1,29.60816889,yahoo_bootstrap
2022-08-11,31.5,32.20000076,30.95000076,31,665100,0,1,29.60816889,yahoo_bootstrap
2022-08-12,31,31.85000038,31,31.85000038,944107,0,1,30.42000614,yahoo_bootstrap
2022-08-15,32.09999847,32.65000153,31.64999962,32.59999847,1392452,0,1,31.13633099,yahoo_bootstrap
2022-08-16,32.5,32.90000153,32.09999847,32.20000076,771195,0,1,30.75429228,yahoo_bootstrap
2022-08-17,32.09999847,33.15000153,32.09999847,32.29999924,1409010,0,1,30.84980106,yahoo_bootstrap
2022-08-18,32,33.15000153,31.95000076,32.84999847,803163,0,1,31.37510654,yahoo_bootstrap
2022-08-19,33.20000076,34.75,32.65000153,33.04999924,5425012,0,1,31.56612772,yahoo_bootstrap
2022-08-22,32.5,34.15000153,32.40000153,33.25,1144000,0,1,31.75714889,yahoo_bootstrap
2022-08-23,32.40000153,33.79999924,32.29999924,32.29999924,1373002,0,1,30.84980106,yahoo_bootstrap
2022-08-24,32.90000153,33.70000076,32.34999847,32.59999847,2539000,0,1,31.13633099,yahoo_bootstrap
2022-08-25,33.04999924,33.45000076,32.65000153,33.04999924,1002277,0,1,31.56612772,yahoo_bootstrap
2022-08-26,33.5,33.70000076,33,33.09999847,821361,0,1,31.6138821,yahoo_bootstrap
2022-08-29,32.29999924,32.29999924,31.10000038,31.35000038,1025645,0,1,29.94245503,yahoo_bootstrap
2022-08-30,31.70000076,32.25,31.54999924,32.04999924,574300,0,1,30.6110255,yahoo_bootstrap
2022-08-31,31.79999924,33.15000153,31.79999924,32.90000153,987010,0,1,31.42286458,yahoo_bootstrap
2022-09-01,32.40000153,33.04999924,32.04999924,32.40000153,728098,0,1,30.94531346,yahoo_bootstrap
2022-09-02,32.45000076,32.79999924,31.5,31.5,803000,0,1,30.08572,yahoo_bootstrap
2022-09-05,31.45000076,31.45000076,30.20000076,30.35000038,1046099,0,1,28.98735281,yahoo_bootstrap
2022-09-06,30.25,31.39999962,29.5,29.70000076,1238383,0,1,28.36653673,yahoo_bootstrap
2022-09-07,29.25,30,29.25,29.29999924,586000,0,1,27.98449439,yahoo_bootstrap
2022-09-08,29.89999962,30.14999962,29.60000038,30.14999962,334200,0,1,28.79633164,yahoo_bootstrap
2022-09-12,30.54999924,30.79999924,30.25,30.64999962,296020,0,1,29.27388275,yahoo_bootstrap
2022-09-13,30.60000038,31.10000038,30.20000076,30.25,475400,0,1,28.89184223,yahoo_bootstrap
2022-09-14,28.95000076,30,28.95000076,29.85000038,396000,0,1,28.5098017,yahoo_bootstrap
2022-09-15,29.70000076,30.25,29.70000076,29.75,489825,0,1,28.41429111,yahoo_bootstrap
2022-09-16,29.29999924,29.79999924,29.10000038,29.20000076,647000,0,1,27.88898562,yahoo_bootstrap
2022-09-19,29.04999924,29.20000076,28.29999924,28.54999924,639048,0,1,27.26816772,yahoo_bootstrap
2022-09-20,29,30.10000038,29,29.10000038,1123025,0,1,27.79347503,yahoo_bootstrap
2022-09-21,29,29.04999924,28.60000038,28.64999962,347000,0,1,27.36367831,yahoo_bootstrap
2022-09-22,28.04999924,29.45000076,28.04999924,29.45000076,521199,0,1,28.12776117,yahoo_bootstrap
2022-09-23,29.70000076,29.70000076,28.60000038,29,446722,0,1,27.69796445,yahoo_bootstrap
2022-09-26,28.5,28.60000038,26.60000038,26.75,918021,0,1,25.54898445,yahoo_bootstrap
2022-09-27,26.54999924,27.39999962,26.04999924,27.25,624000,0,1,26.02653556,yahoo_bootstrap
2022-09-28,26.89999962,27.20000076,25.20000076,25.25,945000,0,1,24.11633111,yahoo_bootstrap
2022-09-29,25.89999962,27.5,25.75,26.85000038,1401000,0,1,25.64449503,yahoo_bootstrap
2022-09-30,26,27.70000076,26,27.29999924,898000,0,1,26.07428994,yahoo_bootstrap
2022-10-03,26.54999924,27.95000076,26.54999924,27.70000076,466050,0,1,26.45633228,yahoo_bootstrap
2022-10-04,28.29999924,28.29999924,27.45000076,27.89999962,588254,0,1,26.64735164,yahoo_bootstrap
2022-10-05,28.10000038,28.5,27.89999962,28.04999924,423000,0,1,26.79061661,yahoo_bootstrap
2022-10-06,28,28.25,27.70000076,28.04999924,207060,0,1,26.79061661,yahoo_bootstrap
2022-10-07,27.70000076,28.10000038,27.60000038,27.70000076,249020,0,1,26.45633228,yahoo_bootstrap
2022-10-11,26.64999962,27,26.29999924,26.29999924,405040,0,1,25.11918772,yahoo_bootstrap
2022-10-12,26.04999924,26.64999962,25.89999962,26,404159,0,1,24.83265778,yahoo_bootstrap
2022-10-13,25.89999962,26.39999962,23.39999962,23.39999962,1752020,0,1,22.34939164,yahoo_bootstrap
2022-10-14,24.45000076,24.79999924,24,24.60000038,733150,0,1,23.49551503,yahoo_bootstrap
2022-10-17,24,24.20000076,22.89999962,24.14999962,689001,0,1,23.06571831,yahoo_bootstrap
2022-10-18,24.29999924,24.89999962,24.04999924,24.29999924,348000,0,1,23.20898328,yahoo_bootstrap
2022-10-19,24.29999924,24.95000076,23.64999962,23.64999962,286230,0,1,22.5881672,yahoo_bootstrap
2022-10-20,23.54999924,24,22.95000076,23.20000076,476432,0,1,22.15837228,yahoo_bootstrap
2022-10-21,23.39999962,23.5,22.89999962,22.89999962,300232,0,1,21.87184053,yahoo_bootstrap
2022-10-24,23.45000076,24.14999962,23.39999962,23.54999924,510000,0,1,22.49265661,yahoo_bootstrap
2022-10-25,23.39999962,23.54999924,22.64999962,22.70000076,489019,0,1,21.68082117,yahoo_bootstrap
2022-10-26,22.70000076,22.75,22.14999962,22.54999924,468009,0,1,21.53755439,yahoo_bootstrap
2022-10-27,22.5,23.45000076,22.5,23.35000038,485000,0,1,22.30163725,yahoo_bootstrap
2022-10-28,23.10000038,24.04999924,22.64999962,22.75,626040,0,1,21.72857556,yahoo_bootstrap
2022-10-31,23,23.54999924,22.89999962,23.20000076,261071,0,1,22.15837228,yahoo_bootstrap
2022-11-01,23.20000076,23.85000038,23.20000076,23.75,337000,0,1,22.68367778,yahoo_bootstrap
2022-11-02,23.89999962,24.14999962,23.75,23.95000076,261063,0,1,22.87469895,yahoo_bootstrap
2022-11-03,23.75,24,23.60000038,24,171005,0,1,22.92245334,yahoo_bootstrap
2022-11-04,24.14999962,24.64999962,23.64999962,24.54999924,421063,0,1,23.44775883,yahoo_bootstrap
2022-11-07,25.10000038,25.75,24.45000076,24.89999962,1221626,0,1,23.78204497,yahoo_bootstrap
2022-11-08,24.89999962,25.29999924,24.5,24.5,392772,0,1,23.40000445,yahoo_bootstrap
2022-11-09,24.39999962,25,24.39999962,24.75,403000,0,1,23.63878,yahoo_bootstrap
2022-11-10,24.54999924,25.25,24.5,24.5,236000,0,1,23.40000445,yahoo_bootstrap
2022-11-11,25,25.45000076,24.70000076,24.70000076,376000,0,1,23.59102562,yahoo_bootstrap
2022-11-14,24.79999924,25.64999962,24.79999924,25.45000076,681206,0,1,24.30735228,yahoo_bootstrap
2022-11-15,25.5,25.89999962,25.25,25.79999924,508059,0,1,24.64163661,yahoo_bootstrap
2022-11-16,25.79999924,25.85000038,25.14999962,25.20000076,356607,0,1,24.06857673,yahoo_bootstrap
2022-11-17,25.35000038,25.75,25.25,25.60000038,286000,0,1,24.45061725,yahoo_bootstrap
2022-11-18,25.85000038,26,25,25,284250,0,1,23.87755556,yahoo_bootstrap
2022-11-21,25.5,25.5,24.89999962,25.10000038,145279,0,1,23.97306614,yahoo_bootstrap
2022-11-22,25,25,24.64999962,24.70000076,156110,0,1,23.59102562,yahoo_bootstrap
2022-11-23,24.75,25.25,24.64999962,24.70000076,93027,0,1,23.59102562,yahoo_bootstrap
2022-11-24,25.04999924,25.39999962,25,25.20000076,240000,0,1,24.06857673,yahoo_bootstrap
2022-11-25,25.35000038,25.75,25.14999962,25.14999962,246049,0,1,24.02082053,yahoo_bootstrap
2022-11-28,25.20000076,25.5,24.79999924,25.39999962,165264,0,1,24.25959608,yahoo_bootstrap
2022-11-29,25.45000076,25.79999924,25.14999962,25.60000038,303000,0,1,24.45061725,yahoo_bootstrap
2022-11-30,25.60000038,28.14999962,25.60000038,28.14999962,1241100,0,1,26.8861272,yahoo_bootstrap
2022-12-01,29.20000076,30.54999924,29,29.39999962,8487030,0,1,28.08000497,yahoo_bootstrap
2022-12-02,29.39999962,29.39999962,28.20000076,28.79999924,2333150,0,1,27.50694328,yahoo_bootstrap
2022-12-05,28.79999924,29.20000076,28.39999962,28.70000076,1052100,0,1,27.41143451,yahoo_bootstrap
2022-12-06,28.85000038,28.85000038,27.54999924,27.75,791101,0,1,26.50408667,yahoo_bootstrap
2022-12-07,27.70000076,28.5,27.39999962,28,715020,0,1,26.74286223,yahoo_bootstrap
2022-12-08,28.20000076,29.10000038,28,28.45000076,1186025,0,1,27.17265895,yahoo_bootstrap
2022-12-09,28.45000076,28.79999924,27.95000076,28,581050,0,1,26.74286223,yahoo_bootstrap
2022-12-12,27.60000038,27.75,27.10000038,27.20000076,469287,0,1,25.97878117,yahoo_bootstrap
2022-12-13,27.45000076,28.20000076,27.45000076,27.95000076,725000,0,1,26.69510784,yahoo_bootstrap
2022-12-14,28.10000038,28.75,27.85000038,27.85000038,839000,0,1,26.59959725,yahoo_bootstrap
2022-12-15,27.70000076,28.10000038,27.5,27.54999924,360100,0,1,26.3130655,yahoo_bootstrap
2022-12-16,27.29999924,27.5,27.10000038,27.25,278000,0,1,26.02653556,yahoo_bootstrap
2022-12-19,26.89999962,27.10000038,26.85000038,26.85000038,245200,0,1,25.64449503,yahoo_bootstrap
2022-12-20,26.89999962,27.25,25.75,25.75,488075,0,1,24.59388222,yahoo_bootstrap
2022-12-21,26.29999924,26.29999924,25.70000076,25.70000076,225001,0,1,24.54612784,yahoo_bootstrap
2022-12-22,26.04999924,26.25,25.79999924,25.79999924,183031,0,1,24.64163661,yahoo_bootstrap
2022-12-23,25.14999962,25.70000076,25.14999962,25.45000076,151000,0,1,24.30735228,yahoo_bootstrap
2022-12-26,25.5,25.95000076,25.5,25.70000076,252088,0,1,24.54612784,yahoo_bootstrap
2022-12-27,25.89999962,26.25,25.75,25.95000076,211010,0,1,24.7849034,yahoo_bootstrap
2022-12-28,25.95000076,25.95000076,25,25,318437,0,1,23.87755556,yahoo_bootstrap
2022-12-29,24.89999962,24.89999962,24.35000038,24.60000038,198076,0,1,23.49551503,yahoo_bootstrap
2022-12-30,24.79999924,24.89999962,24.5,24.5,160050,0,1,23.40000445,yahoo_bootstrap
2023-01-03,24.5,24.75,24.35000038,24.75,170030,0,1,23.63878,yahoo_bootstrap
2023-01-04,24.79999924,25.39999962,24.79999924,25.04999924,196100,0,1,23.92530994,yahoo_bootstrap
2023-01-05,25.5,25.5,24.79999924,24.85000038,146001,0,1,23.73429059,yahoo_bootstrap
2023-01-06,25.04999924,25.25,24.79999924,25.20000076,131000,0,1,24.06857673,yahoo_bootstrap
2023-01-09,25.70000076,25.70000076,25,25.25,237074,0,1,24.11633111,yahoo_bootstrap
2023-01-10,25.64999962,25.89999962,25,25,531000,0,1,23.87755556,yahoo_bootstrap
2023-01-11,25.25,25.25,24.79999924,24.79999924,166000,0,1,23.68653439,yahoo_bootstrap
2023-01-12,24.95000076,25,24.64999962,24.64999962,113412,0,1,23.54326942,yahoo_bootstrap
2023-01-13,25.10000038,25.10000038,24.45000076,24.5,162000,0,1,23.40000445,yahoo_bootstrap
2023-01-16,24.54999924,24.54999924,24.20000076,24.25,141000,0,1,23.16122889,yahoo_bootstrap
2023-01-17,24.29999924,24.39999962,24.14999962,24.25,195000,0,1,23.16122889,yahoo_bootstrap
2023-01-30,24.29999924,25,24.29999924,25,367415,0,1,23.87755556,yahoo_bootstrap
2023-01-31,25,25.60000038,24.95000076,25.45000076,401070,0,1,24.30735228,yahoo_bootstrap
2023-02-01,25.79999924,26.04999924,25.54999924,25.75,420194,0,1,24.59388222,yahoo_bootstrap
2023-02-02,26,26.85000038,26,26.5,763208,0,1,25.31020889,yahoo_bootstrap
2023-02-03,26.39999962,26.45000076,26.10000038,26.35000038,288150,0,1,25.16694392,yahoo_bootstrap
2023-02-06,26.45000076,26.75,26.35000038,26.64999962,346587,0,1,25.45347386,yahoo_bootstrap
2023-02-07,26.60000038,26.89999962,26.60000038,26.70000076,273000,0,1,25.50123006,yahoo_bootstrap
2023-02-08,26.95000076,26.95000076,26.70000076,26.89999962,223056,0,1,25.69224942,yahoo_bootstrap
2023-02-09,26.79999924,26.79999924,26.39999962,26.64999962,160056,0,1,25.45347386,yahoo_bootstrap
2023-02-10,26.45000076,26.5,26.10000038,26.20000076,302063,0,1,25.02367895,yahoo_bootstrap
2023-02-13,26.20000076,26.70000076,25.85000038,26.60000038,252000,0,1,25.40571948,yahoo_bootstrap
2023-02-14,27.10000038,27.20000076,26.35000038,26.45000076,252000,0,1,25.26245451,yahoo_bootstrap
2023-02-15,26.45000076,26.70000076,26.25,26.5,232000,0,1,25.31020889,yahoo_bootstrap
2023-02-16,26.54999924,27.29999924,26.54999924,26.70000076,499020,0,1,25.50123006,yahoo_bootstrap
2023-02-17,26.60000038,27,26.25,26.85000038,150041,0,1,25.64449503,yahoo_bootstrap
2023-02-20,26.79999924,27.35000038,26.79999924,27.35000038,402174,0,1,26.12204614,yahoo_bootstrap
2023-02-21,27.45000076,27.60000038,27.20000076,27.45000076,301001,0,1,26.21755673,yahoo_bootstrap
2023-02-22,27.35000038,27.35000038,26.60000038,26.89999962,236156,0,1,25.69224942,yahoo_bootstrap
2023-02-23,26.89999962,27.04999924,26.70000076,26.85000038,225200,0,1,25.64449503,yahoo_bootstrap
2023-02-24,27.20000076,27.20000076,26.29999924,26.64999962,233373,0,1,25.45347386,yahoo_bootstrap
2023-03-01,26.35000038,26.35000038,25.79999924,25.79999924,500054,0,1,24.64163661,yahoo_bootstrap
2023-03-02,25.85000038,25.85000038,25.35000038,25.5,487262,0,1,24.35510667,yahoo_bootstrap
2023-03-03,25.60000038,26.20000076,25.54999924,26,524177,0,1,24.83265778,yahoo_bootstrap
2023-03-06,26.64999962,26.64999962,26.10000038,26.39999962,370080,0,1,25.21469831,yahoo_bootstrap
2023-03-07,26.45000076,27,26.39999962,26.89999962,400095,0,1,25.69224942,yahoo_bootstrap
2023-03-08,26.89999962,27.25,26.54999924,27.25,377722,0,1,26.02653556,yahoo_bootstrap
2023-03-09,27.39999962,27.39999962,26.70000076,26.70000076,376103,0,1,25.50123006,yahoo_bootstrap
2023-03-10,26.5,26.5,25.79999924,26,363000,0,1,24.83265778,yahoo_bootstrap
2023-03-13,25.89999962,25.95000076,25.14999962,25.70000076,288000,0,1,24.54612784,yahoo_bootstrap
2023-03-14,25.54999924,25.79999924,25.29999924,25.60000038,196084,0,1,24.45061725,yahoo_bootstrap
2023-03-15,26.35000038,26.35000038,25.60000038,25.70000076,128000,0,1,24.54612784,yahoo_bootstrap
2023-03-16,26.20000076,26.20000076,25.25,25.35000038,303534,0,1,24.2118417,yahoo_bootstrap
2023-03-17,25.75,26,25.54999924,25.79999924,227000,0,1,24.64163661,yahoo_bootstrap
2023-03-20,25.95000076,25.95000076,25.5,25.95000076,184050,0,1,24.7849034,yahoo_bootstrap
2023-03-21,26.35000038,26.35000038,25.89999962,26,111052,0,1,24.83265778,yahoo_bootstrap
2023-03-22,26.20000076,26.20000076,26,26.14999962,164732,0,1,24.97592275,yahoo_bootstrap
2023-03-23,26,26.29999924,25.95000076,26.10000038,139000,0,1,24.92816837,yahoo_bootstrap
2023-03-24,26.20000076,26.60000038,26.10000038,26.45000076,319276,0,1,25.26245451,yahoo_bootstrap
2023-03-27,26.54999924,26.85000038,25.79999924,26,262076,0,1,24.83265778,yahoo_bootstrap
2023-03-28,26.10000038,26.10000038,25.39999962,25.5,267030,0,1,24.35510667,yahoo_bootstrap
2023-03-29,25.60000038,25.70000076,25.35000038,25.45000076,157316,0,1,24.30735228,yahoo_bootstrap
2023-03-30,25.70000076,25.95000076,25.5,25.60000038,203000,0,1,24.45061725,yahoo_bootstrap
2023-03-31,25.54999924,25.70000076,25.5,25.60000038,157082,0,1,24.45061725,yahoo_bootstrap
2023-04-06,25.60000038,25.79999924,25.45000076,25.70000076,205026,0,1,24.54612784,yahoo_bootstrap
2023-04-07,25.64999962,25.95000076,25.64999962,25.70000076,132091,0,1,24.54612784,yahoo_bootstrap
2023-04-10,25.70000076,26,25.5,25.85000038,135059,0,1,24.68939281,yahoo_bootstrap
2023-04-11,25.85000038,26.29999924,25.85000038,26.25,384059,0,1,25.07143334,yahoo_bootstrap
2023-04-12,26.25,26.35000038,26,26.10000038,186116,0,1,24.92816837,yahoo_bootstrap
2023-04-13,26.29999924,26.29999924,25.79999924,25.79999924,188690,0,1,24.64163661,yahoo_bootstrap
2023-04-14,26,26.04999924,25.85000038,25.89999962,184290,0,1,24.7371472,yahoo_bootstrap
2023-04-17,25.95000076,27.35000038,25.95000076,27.29999924,1350450,0,1,26.07428994,yahoo_bootstrap
2023-04-18,27.35000038,27.35000038,26.54999924,26.60000038,767329,0,1,25.40571948,yahoo_bootstrap
2023-04-19,26.64999962,29.25,26.64999962,27.79999924,4657072,0,1,26.55184105,yahoo_bootstrap
2023-04-20,27.5,27.60000038,26.75,26.85000038,949325,0,1,25.64449503,yahoo_bootstrap
2023-04-21,26.79999924,29.20000076,26.79999924,27.5,3983001,0,1,26.26531111,yahoo_bootstrap
2023-04-24,27.75,30.25,27.75,30.25,3719996,0,1,28.89184223,yahoo_bootstrap
2023-04-25,33.25,33.25,31.54999924,33.25,12857967,0,1,31.75714889,yahoo_bootstrap
2023-04-26,35.54999924,36.54999924,33.29999924,36.54999924,37610831,0,1,34.9089855,yahoo_bootstrap
2023-04-27,38.09999847,40.20000076,37.65000153,40.20000076,18960193,0,1,38.39511006,yahoo_bootstrap
2023-04-28,41.79999924,41.79999924,38.70000076,40.79999924,36127983,0,1,38.96816994,yahoo_bootstrap
2023-05-02,40.34999847,41.45000076,39.70000076,41.45000076,4170588,0,1,39.58898784,yahoo_bootstrap
2023-05-03,41,42,40.59999847,41.75,3180457,0,1,39.87551778,yahoo_bootstrap
2023-05-04,41.79999924,42.70000076,41.09999847,41.79999924,2724013,0,1,39.92327217,yahoo_bootstrap
2023-05-05,42,43,40.90000153,41.45000076,2210239,0,1,39.58898784,yahoo_bootstrap
2023-05-08,42.29999924,42.29999924,41,41.5,1534776,0,1,39.63674223,yahoo_bootstrap
2023-05-09,42.29999924,42.59999847,40.70000076,40.70000076,2003370,0,1,38.87266117,yahoo_bootstrap
2023-05-10,41,41.90000153,40.79999924,41.40000153,1250594,0,1,39.54123347,yahoo_bootstrap
2023-05-11,40.5,40.70000076,37.29999924,37.29999924,3767492,0,1,35.62531217,yahoo_bootstrap
2023-05-12,36.40000153,37.29999924,35.5,37.29999924,2311662,0,1,35.62531217,yahoo_bootstrap
2023-05-15,37.20000076,37.84999847,36,36.09999847,1801829,0,1,34.47918876,yahoo_bootstrap
2023-05-16,36.65000153,39.70000076,35.59999847,37.5,9926100,0,1,35.81633334,yahoo_bootstrap
2023-05-17,37.40000153,39.04999924,37.20000076,37.84999847,11230201,0,1,36.15061765,yahoo_bootstrap
2023-05-18,38,38.95000076,36.84999847,38.45000076,6044093,0,1,36.72368117,yahoo_bootstrap
2023-05-19,39.25,42.25,38.65000153,40.54999924,16338848,0,1,38.72939439,yahoo_bootstrap
2023-05-22,40.59999847,41.5,39.59999847,40.75,10802195,0,1,38.92041556,yahoo_bootstrap
2023-05-23,40.79999924,41.59999847,40.40000153,40.75,4666789,0,1,38.92041556,yahoo_bootstrap
2023-05-24,40.34999847,43.04999924,39.59999847,42.40000153,6005081,0,1,40.49633569,yahoo_bootstrap
2023-05-25,43,43,41.45000076,41.5,5253367,0,1,39.63674223,yahoo_bootstrap
2023-05-26,41.29999924,41.40000153,39.75,40,3084800,0,1,38.20408889,yahoo_bootstrap
2023-05-29,39.65000153,41.5,39.59999847,40.5,2866170,0,1,38.68164,yahoo_bootstrap
2023-05-30,40.20000076,40.90000153,39.09999847,39.09999847,1770070,0,1,37.34449543,yahoo_bootstrap
2023-05-31,39,39.75,38.70000076,39.34999847,1921320,0,1,37.58327099,yahoo_bootstrap
2023-06-01,39.70000076,43.25,39.25,43.25,19215675,0,1,41.30817112,yahoo_bootstrap
2023-06-02,43.59999847,43.84999847,41.59999847,41.70000076,11036603,0,1,39.8277634,yahoo_bootstrap
2023-06-05,41.79999924,45.70000076,41.40000153,41.54999924,16396551,0,1,39.68449661,yahoo_bootstrap
2023-06-06,41.40000153,41.90000153,40.45000076,40.5,3469074,0,1,38.68164,yahoo_bootstrap
2023-06-07,40.90000153,41.54999924,40,40,2793330,0,1,38.20408889,yahoo_bootstrap
2023-06-08,40.54999924,40.90000153,39.5,39.70000076,2439521,0,1,37.91755895,yahoo_bootstrap
2023-06-09,40.29999924,40.34999847,39.59999847,39.59999847,1570054,0,1,37.82204654,yahoo_bootstrap
2023-06-12,39.79999924,39.95000076,37.15000153,37.70000076,4148042,0,1,36.00735451,yahoo_bootstrap
2023-06-13,38.04999924,38.29999924,37.45000076,37.5,2053220,0,1,35.81633334,yahoo_bootstrap
2023-06-14,37.59999847,37.95000076,36.95000076,37,1534046,0,1,35.33878223,yahoo_bootstrap
2023-06-15,37.15000153,37.79999924,36.70000076,37.5,1361187,0,1,35.81633334,yahoo_bootstrap
2023-06-16,38.04999924,39.65000153,38.04999924,38.84999847,4168257,0,1,37.10571988,yahoo_bootstrap
2023-06-19,38.84999847,39.75,38.20000076,38.25,1832123,0,1,36.53266,yahoo_bootstrap
2023-06-20,38.25,38.5,37.34999847,37.45000076,1378096,0,1,35.76857895,yahoo_bootstrap
2023-06-21,38.45000076,39.90000153,36.54999924,36.75,9330429,0,1,35.10000667,yahoo_bootstrap
2023-06-26,36.75,37.34999847,36.15000153,36.25,2171037,0,1,34.62245556,yahoo_bootstrap
2023-06-27,36.59999847,36.84999847,35.70000076,35.70000076,2379366,0,1,34.09715006,yahoo_bootstrap
2023-06-28,36.15000153,36.20000076,35.09999847,35.29999924,1714096,0,1,33.71510772,yahoo_bootstrap
2023-06-29,35.70000076,35.79999924,34.54999924,34.75,2285484,0,1,33.18980223,yahoo_bootstrap
2023-06-30,35.04999924,35.09999847,34.45000076,34.65000153,1432031,0,1,33.09429346,yahoo_bootstrap
2023-07-03,35,36.20000076,34.40000153,35.84999847,3336019,0,1,34.24041321,yahoo_bootstrap
2023-07-04,36.40000153,36.40000153,35.59999847,35.59999847,1772320,0,1,34.00163765,yahoo_bootstrap
2023-07-05,35.59999847,35.90000153,35.09999847,35.54999924,770337,0,1,33.95388328,yahoo_bootstrap
2023-07-06,35.20000076,35.65000153,34.29999924,34.29999924,1974013,0,1,32.7600055,yahoo_bootstrap
2023-07-07,34,34,33,33.84999847,1503150,0,1,32.33020876,yahoo_bootstrap
2023-07-10,33.84999847,33.95000076,33.20000076,33.20000076,648130,0,1,31.70939451,yahoo_bootstrap
2023-07-11,33.40000153,33.90000153,33.20000076,33.25,769000,0,1,31.75714889,yahoo_bootstrap
2023-07-12,33.29999924,33.34999847,32.09999847,32.34999847,1430836,0,1,30.89755543,yahoo_bootstrap
2023-07-13,32.54999924,32.79999924,32.15000153,32.15000153,843184,0,1,30.70653791,yahoo_bootstrap
2023-07-14,32.20000076,32.79999924,31.79999924,31.79999924,1167328,0,1,30.37224994,yahoo_bootstrap
2023-07-17,31.85000038,33,31.20000076,32.40000153,1630102,0,1,30.94531346,yahoo_bootstrap
2023-07-18,32.90000153,33.40000153,31.5,31.5,1661005,0,1,30.08572,yahoo_bootstrap
2023-07-19,31.64999962,31.89999962,30.5,30.75,1089499,0,1,29.36939334,yahoo_bootstrap
2023-07-20,30.79999924,33.79999924,30.70000076,33.79999924,2672089,0,1,32.28245439,yahoo_bootstrap
2023-07-21,34.29999924,36.79999924,34.29999924,35.95000076,13314733,0,1,34.33592562,yahoo_bootstrap
2023-07-24,35.25,36.90000153,33.84999847,35.15000153,4574300,0,1,33.57184458,yahoo_bootstrap
2023-07-25,34.75,35.75,34.75,34.84999847,1398360,0,1,33.28531099,yahoo_bootstrap
2023-07-26,35.15000153,35.90000153,34.65000153,34.75,1542136,0,1,33.18980223,yahoo_bootstrap
2023-07-27,34.70000076,36.90000153,34.70000076,35.75,4835420,0,1,34.14490445,yahoo_bootstrap
2023-07-28,36.09999847,36.70000076,35.29999924,36.40000153,3019716,0,1,34.76572235,yahoo_bootstrap
2023-07-31,36.5,36.5,34.70000076,34.70000076,1823150,0,1,33.14204784,yahoo_bootstrap
2023-08-01,35,35.20000076,34.20000076,34.20000076,530569,0,1,32.66449673,yahoo_bootstrap
2023-08-02,34.40000153,37.59999847,34.20000076,37.59999847,11045124,0,1,35.9118421,yahoo_bootstrap
2023-08-04,34.29999924,35.5,33.20000076,33.20000076,8672045,0.731022,1,32.33811456,yahoo_bootstrap
2023-08-07,33.5,33.5,31.64999962,32.15000153,2443139,0,1,31.31537376,yahoo_bootstrap
2023-08-08,32.29999924,32.54999924,31,31.10000038,2225708,0,1,30.29263109,yahoo_bootstrap
2023-08-09,31,31.10000038,30.5,30.95000076,1445060,0,1,30.14652552,yahoo_bootstrap
2023-08-10,31,31,29.85000038,30.20000076,1575721,0,1,29.41599585,yahoo_bootstrap
2023-08-11,30.64999962,31.39999962,30,30.10000038,1254726,0,1,29.31859152,yahoo_bootstrap
2023-08-14,29.60000038,29.60000038,28.79999924,28.95000076,1012921,0,1,28.19844638,yahoo_bootstrap
2023-08-15,29.10000038,29.45000076,29,29.10000038,515910,0,1,28.34455194,yahoo_bootstrap
2023-08-16,28.89999962,29.04999924,28,28.5,799050,0,1,27.76012783,yahoo_bootstrap
2023-08-17,28.5,29.04999924,27.85000038,29.04999924,846100,0,1,28.29584886,yahoo_bootstrap
2023-08-18,29.10000038,29.29999924,28.70000076,28.89999962,722000,0,1,28.14974329,yahoo_bootstrap
2023-08-21,29,29.35000038,28.95000076,29.20000076,362055,0,1,28.44195627,yahoo_bootstrap
2023-08-22,29.64999962,29.64999962,28.70000076,28.70000076,425005,0,1,27.95493649,yahoo_bootstrap
2023-08-23,28.79999924,29.45000076,28.79999924,29.20000076,505020,0,1,28.44195627,yahoo_bootstrap
2023-08-24,29.20000076,29.39999962,28.75,28.95000076,404474,0,1,28.19844638,yahoo_bootstrap
2023-08-25,29.14999962,29.85000038,28.60000038,29.10000038,779400,0,1,28.34455194,yahoo_bootstrap
2023-08-28,29.5,29.60000038,28.85000038,28.85000038,420424,0,1,28.10104205,yahoo_bootstrap
2023-08-29,28.89999962,29.29999924,28.75,29.20000076,369035,0,1,28.44195627,yahoo_bootstrap
2023-08-30,29.39999962,29.60000038,29.20000076,29.60000038,314408,0,1,28.83157173,yahoo_bootstrap
2023-08-31,29.64999962,29.70000076,29.39999962,29.60000038,221660,0,1,28.83157173,yahoo_bootstrap
2023-09-01,29.70000076,31.25,29.70000076,30.89999962,1836822,0,1,30.09782244,yahoo_bootstrap
2023-09-04,30.60000038,30.70000076,30.14999962,30.54999924,742189,0,1,29.75690822,yahoo_bootstrap
2023-09-05,31,31,30.35000038,30.45000076,439051,0,1,29.65950574,yahoo_bootstrap
2023-09-06,30.5,30.5,29.85000038,29.89999962,594309,0,1,29.12378286,yahoo_bootstrap
2023-09-07,29.89999962,30,29.5,29.75,318013,0,1,28.9776773,yahoo_bootstrap
2023-09-08,29.75,29.89999962,29.60000038,29.60000038,202448,0,1,28.83157173,yahoo_bootstrap
2023-09-11,29.60000038,29.60000038,28.60000038,28.70000076,647010,0,1,27.95493649,yahoo_bootstrap
2023-09-12,28.85000038,29.10000038,28.60000038,28.60000038,213010,0,1,27.85753216,yahoo_bootstrap
2023-09-13,28.85000038,29.29999924,28.79999924,29.20000076,250000,0,1,28.44195627,yahoo_bootstrap
2023-09-14,29.20000076,29.60000038,29.20000076,29.35000038,194110,0,1,28.58806184,yahoo_bootstrap
2023-09-15,29.35000038,29.35000038,28.89999962,28.95000076,233030,0,1,28.19844638,yahoo_bootstrap
2023-09-18,28.95000076,29.45000076,28.95000076,29.25,239010,0,1,28.49065751,yahoo_bootstrap
2023-09-19,29.39999962,29.39999962,28.79999924,28.79999924,267223,0,1,28.05233896,yahoo_bootstrap
2023-09-20,28.89999962,29,28.5,28.5,215781,0,1,27.76012783,yahoo_bootstrap
2023-09-21,28.39999962,28.5,28.04999924,28.04999924,346627,0,1,27.32180928,yahoo_bootstrap
2023-09-22,28,28.29999924,27.89999962,28.25,179442,0,1,27.51661794,yahoo_bootstrap
2023-09-25,28.35000038,30.5,28.35000038,29.75,2742385,0,1,28.9776773,yahoo_bootstrap
2023-09-26,29.35000038,29.60000038,28.89999962,28.89999962,541105,0,1,28.14974329,yahoo_bootstrap
2023-09-27,29.10000038,29.25,28.64999962,28.70000076,271010,0,1,27.95493649,yahoo_bootstrap
2023-09-28,29.10000038,29.45000076,28.70000076,29.20000076,437600,0,1,28.44195627,yahoo_bootstrap
2023-10-02,29.5,29.5,28.89999962,29.20000076,474000,0,1,28.44195627,yahoo_bootstrap
2023-10-03,29.39999962,29.39999962,28.95000076,28.95000076,291407,0,1,28.19844638,yahoo_bootstrap
2023-10-04,28.85000038,28.85000038,28.39999962,28.45000076,245005,0,1,27.71142659,yahoo_bootstrap
2023-10-05,28.70000076,29.04999924,28.45000076,28.5,248000,0,1,27.76012783,yahoo_bootstrap
2023-10-06,28.54999924,29.04999924,28.5,28.89999962,213100,0,1,28.14974329,yahoo_bootstrap
2023-10-11,28.85000038,28.85000038,28.29999924,28.29999924,325096,0,1,27.56531918,yahoo_bootstrap
2023-10-12,28.60000038,29.29999924,28.54999924,29.04999924,417214,0,1,28.29584886,yahoo_bootstrap
2023-10-13,29.14999962,29.70000076,28.79999924,28.79999924,369005,0,1,28.05233896,yahoo_bootstrap
2023-10-16,28.60000038,29.29999924,28.5,28.79999924,228400,0,1,28.05233896,yahoo_bootstrap
2023-10-17,28.89999962,28.95000076,28.39999962,28.5,223768,0,1,27.76012783,yahoo_bootstrap
2023-10-18,28.60000038,28.60000038,27.85000038,28,446027,0,1,27.27310804,yahoo_bootstrap
2023-10-19,28,28.20000076,27.75,28,179059,0,1,27.27310804,yahoo_bootstrap
2023-10-20,27.79999924,29.39999962,27.29999924,28.25,1067106,0,1,27.51661794,yahoo_bootstrap
2023-10-23,28.5,30.70000076,28.5,29.14999962,4424942,0,1,28.39325318,yahoo_bootstrap
2023-10-24,29.10000038,30.75,28.89999962,29.89999962,3657151,0,1,29.12378286,yahoo_bootstrap
2023-10-25,29.79999924,30.5,29.35000038,29.54999924,1622448,0,1,28.78286864,yahoo_bootstrap
2023-10-26,29.54999924,30,28.95000076,28.95000076,1160005,0,1,28.19844638,yahoo_bootstrap
2023-10-27,29.45000076,29.45000076,28.89999962,29,579000,0,1,28.24714762,yahoo_bootstrap
2023-10-30,29.10000038,29.20000076,28.75,28.75,257051,0,1,28.00363772,yahoo_bootstrap
2023-10-31,29.5,29.5,28.20000076,28.20000076,445013,0,1,27.4679167,yahoo_bootstrap
2023-11-01,28.45000076,28.54999924,27.95000076,28.14999962,268607,0,1,27.41921361,yahoo_bootstrap
2023-11-02,28.60000038,28.60000038,28.29999924,28.39999962,182096,0,1,27.6627235,yahoo_bootstrap
2023-11-03,28.60000038,29.5,28.45000076,28.85000038,767300,0,1,28.10104205,yahoo_bootstrap
2023-11-06,29.04999924,29.39999962,28.95000076,29.14999962,598100,0,1,28.39325318,yahoo_bootstrap
2023-11-07,29.39999962,29.60000038,29,29,396007,0,1,28.24714762,yahoo_bootstrap
2023-11-08,29.35000038,29.35000038,28.89999962,28.95000076,225005,0,1,28.19844638,yahoo_bootstrap
2023-11-09,29.10000038,29.10000038,28.64999962,28.64999962,177106,0,1,27.9062334,yahoo_bootstrap
2023-11-10,28.29999924,28.5,28.20000076,28.25,311080,0,1,27.51661794,yahoo_bootstrap
2023-11-13,28.75,28.75,28.10000038,28.20000076,171133,0,1,27.4679167,yahoo_bootstrap
2023-11-14,28.29999924,28.60000038,28.04999924,28.04999924,256176,0,1,27.32180928,yahoo_bootstrap
2023-11-15,28.20000076,28.60000038,28.14999962,28.25,740139,0,1,27.51661794,yahoo_bootstrap
2023-11-16,28.39999962,28.60000038,28.25,28.54999924,332006,0,1,27.80882907,yahoo_bootstrap
2023-11-17,28.85000038,28.95000076,28.60000038,28.70000076,522050,0,1,27.95493649,yahoo_bootstrap
2023-11-20,28.70000076,29.04999924,28.5,28.95000076,425962,0,1,28.19844638,yahoo_bootstrap
2023-11-21,29.10000038,29.25,28.85000038,28.85000038,501380,0,1,28.10104205,yahoo_bootstrap
2023-11-22,29.04999924,29.60000038,29.04999924,29.10000038,1037180,0,1,28.34455194,yahoo_bootstrap
2023-11-23,29.14999962,29.89999962,29.14999962,29.20000076,1334413,0,1,28.44195627,yahoo_bootstrap
2023-11-24,29.54999924,29.54999924,28.79999924,28.79999924,438155,0,1,28.05233896,yahoo_bootstrap
2023-11-27,28.95000076,29,28.54999924,28.64999962,353005,0,1,27.9062334,yahoo_bootstrap
2023-11-28,28.95000076,29.5,28.64999962,29.20000076,834002,0,1,28.44195627,yahoo_bootstrap
2023-11-29,29.25,29.45000076,28.89999962,28.95000076,393005,0,1,28.19844638,yahoo_bootstrap
2023-11-30,29,29.64999962,28.75,29.60000038,1011300,0,1,28.83157173,yahoo_bootstrap
2023-12-01,29.75,29.85000038,29.25,29.29999924,628202,0,1,28.53935875,yahoo_bootstrap
2023-12-04,29.29999924,32.20000076,29.29999924,31.39999962,7729704,0,1,30.58484222,yahoo_bootstrap
2023-12-05,31.39999962,31.54999924,30.45000076,30.85000038,2740300,0,1,30.0491212,yahoo_bootstrap
2023-12-06,30.95000076,31.45000076,30.5,30.5,1016066,0,1,29.70820698,yahoo_bootstrap
2023-12-07,30.39999962,30.85000038,30,30.04999924,724099,0,1,29.26988843,yahoo_bootstrap
2023-12-08,30.39999962,30.75,29.85000038,30,628000,0,1,29.22118719,yahoo_bootstrap
2023-12-11,30.10000038,30.70000076,29.89999962,29.89999962,570267,0,1,29.12378286,yahoo_bootstrap
2023-12-12,30.04999924,30.04999924,29.45000076,29.5,566055,0,1,28.7341674,yahoo_bootstrap
2023-12-13,29.5,29.79999924,29.5,29.54999924,225030,0,1,28.78286864,yahoo_bootstrap
2023-12-14,29.64999962,30.04999924,29.25,29.39999962,580333,0,1,28.63676308,yahoo_bootstrap
2023-12-15,29.45000076,30.14999962,29.45000076,29.54999924,696051,0,1,28.78286864,yahoo_bootstrap
2023-12-18,29.70000076,31.35000038,29.70000076,30.64999962,1875211,0,1,29.85431254,yahoo_bootstrap
2023-12-19,30.64999962,30.79999924,29.60000038,30.5,1166002,0,1,29.70820698,yahoo_bootstrap
2023-12-20,30.5,30.79999924,30,30.10000038,692475,0,1,29.31859152,yahoo_bootstrap
2023-12-21,29.89999962,30.20000076,29.75,29.85000038,344030,0,1,29.07508162,yahoo_bootstrap
2023-12-22,30,30,29.39999962,29.39999962,502236,0,1,28.63676308,yahoo_bootstrap
2023-12-25,29.35000038,29.39999962,28.85000038,28.89999962,648125,0,1,28.14974329,yahoo_bootstrap
2023-12-26,28.89999962,29.14999962,28.85000038,29.04999924,181060,0,1,28.29584886,yahoo_bootstrap
2023-12-27,29,29.29999924,29,29.04999924,273407,0,1,28.29584886,yahoo_bootstrap
2023-12-28,29,29.10000038,28.85000038,28.95000076,262738,0,1,28.19844638,yahoo_bootstrap
2023-12-29,28.89999962,29.10000038,28.85000038,28.85000038,210148,0,1,28.10104205,yahoo_bootstrap
2024-01-02,29.20000076,29.35000038,29,29,225765,0,1,28.24714762,yahoo_bootstrap
2024-01-03,28.89999962,29.45000076,28.85000038,28.95000076,299105,0,1,28.19844638,yahoo_bootstrap
2024-01-04,28.89999962,29.04999924,28.70000076,28.75,294005,0,1,28.00363772,yahoo_bootstrap
2024-01-05,29.14999962,29.39999962,28.75,28.89999962,366000,0,1,28.14974329,yahoo_bootstrap
2024-01-08,29.20000076,29.35000038,28.79999924,28.79999924,747105,0,1,28.05233896,yahoo_bootstrap
2024-01-09,28.89999962,28.89999962,28.04999924,28.20000076,762664,0,1,27.4679167,yahoo_bootstrap
2024-01-10,28.20000076,28.29999924,27.95000076,28,335120,0,1,27.27310804,yahoo_bootstrap
2024-01-11,28,28.20000076,27.79999924,28.04999924,430000,0,1,27.32180928,yahoo_bootstrap
2024-01-12,28.04999924,28.25,27.89999962,27.89999962,247005,0,1,27.17570372,yahoo_bootstrap
2024-01-15,28.14999962,28.14999962,27.89999962,28.04999924,154157,0,1,27.32180928,yahoo_bootstrap
2024-01-16,27.89999962,27.95000076,27.54999924,27.64999962,354010,0,1,26.93219382,yahoo_bootstrap
2024-01-17,27.54999924,27.64999962,26.85000038,26.89999962,667105,0,1,26.20166414,yahoo_bootstrap
2024-01-18,26.89999962,27.25,26.64999962,26.85000038,262038,0,1,26.15296291,yahoo_bootstrap
2024-01-19,27,27.20000076,26.95000076,27,109143,0,1,26.29906847,yahoo_bootstrap
2024-01-22,27.5,27.5,27,27.10000038,101004,0,1,26.3964728,yahoo_bootstrap
2024-01-23,27.14999962,27.5,27.14999962,27.35000038,314503,0,1,26.63998269,yahoo_bootstrap
2024-01-24,27.39999962,27.85000038,27.35000038,27.70000076,247557,0,1,26.98089691,yahoo_bootstrap
2024-01-25,27.70000076,27.79999924,27.29999924,27.29999924,203165,0,1,26.5912796,yahoo_bootstrap
2024-01-26,27.29999924,27.75,27.29999924,27.45000076,117110,0,1,26.73738702,yahoo_bootstrap
2024-01-29,27.35000038,27.75,27.35000038,27.54999924,174234,0,1,26.8347895,yahoo_bootstrap
2024-01-30,27.54999924,27.54999924,27.04999924,27.04999924,189126,0,1,26.34776971,yahoo_bootstrap
2024-01-31,27.10000038,27.20000076,26.89999962,26.89999962,173300,0,1,26.20166414,yahoo_bootstrap
2024-02-01,26.95000076,27.10000038,26.89999962,27,145000,0,1,26.29906847,yahoo_bootstrap
2024-02-02,27.10000038,27.10000038,26.60000038,26.64999962,497272,0,1,25.95815425,yahoo_bootstrap
2024-02-05,26.60000038,26.60000038,26.14999962,26.29999924,623010,0,1,25.61724003,yahoo_bootstrap
2024-02-15,26.35000038,27.54999924,26.35000038,27.25,545122,0,1,26.54257836,yahoo_bootstrap
2024-02-16,27.25,27.70000076,27.10000038,27.70000076,300000,0,1,26.98089691,yahoo_bootstrap
2024-02-19,27.79999924,28.54999924,27.75,28.20000076,668039,0,1,27.4679167,yahoo_bootstrap
2024-02-20,28.45000076,28.79999924,28.20000076,28.35000038,603410,0,1,27.61402226,yahoo_bootstrap
2024-02-21,28.64999962,28.95000076,28.29999924,28.70000076,494077,0,1,27.95493649,yahoo_bootstrap
2024-02-22,28.89999962,28.89999962,28.25,28.25,325082,0,1,27.51661794,yahoo_bootstrap
2024-02-23,28.10000038,28.5,27.95000076,28,295150,0,1,27.27310804,yahoo_bootstrap
2024-02-26,28.64999962,30.79999924,28.45000076,30.79999924,2571183,0,1,30.00041811,yahoo_bootstrap
2024-02-27,33.84999847,33.84999847,32.75,33.84999847,21485728,0,1,32.97123806,yahoo_bootstrap
2024-02-29,33.90000153,34.5,32.20000076,33.59999847,16480629,0,1,32.72772816,yahoo_bootstrap
2024-03-01,33.79999924,33.79999924,31.20000076,31.25,6693500,0,1,30.43873666,yahoo_bootstrap
2024-03-04,31.54999924,32.95000076,31.10000038,31.25,4272124,0,1,30.43873666,yahoo_bootstrap
2024-03-05,31.29999924,31.39999962,30.64999962,30.89999962,1743822,0,1,30.09782244,yahoo_bootstrap
2024-03-06,31.10000038,31.20000076,30.64999962,30.85000038,1201345,0,1,30.0491212,yahoo_bootstrap
2024-03-07,31.10000038,31.14999962,29.70000076,29.85000038,1822381,0,1,29.07508162,yahoo_bootstrap
2024-03-08,29.79999924,29.79999924,28.35000038,28.54999924,1969050,0,1,27.80882907,yahoo_bootstrap
2024-03-11,28.20000076,28.85000038,28.20000076,28.5,617089,0,1,27.76012783,yahoo_bootstrap
2024-03-12,28.5,29.14999962,28.5,28.79999924,459500,0,1,28.05233896,yahoo_bootstrap
2024-03-13,29,29,28.20000076,28.20000076,684176,0,1,27.4679167,yahoo_bootstrap
2024-03-14,28.20000076,28.60000038,28.20000076,28.20000076,442003,0,1,27.4679167,yahoo_bootstrap
2024-03-15,28,28.10000038,27.75,27.95000076,608020,0,1,27.22440681,yahoo_bootstrap
2024-03-18,27.95000076,28.39999962,27.95000076,28.35000038,307299,0,1,27.61402226,yahoo_bootstrap
2024-03-19,28.29999924,28.85000038,28.29999924,28.79999924,339888,0,1,28.05233896,yahoo_bootstrap
2024-03-20,29,29,28.20000076,28.20000076,352645,0,1,27.4679167,yahoo_bootstrap
2024-03-21,28.29999924,28.54999924,28.29999924,28.39999962,217754,0,1,27.6627235,yahoo_bootstrap
2024-03-22,28.45000076,28.45000076,27.95000076,28.10000038,507150,0,1,27.37051237,yahoo_bootstrap
2024-03-25,28.39999962,30.89999962,28.39999962,30.89999962,4502197,0,1,30.09782244,yahoo_bootstrap
2024-03-26,30.25,30.45000076,29.39999962,29.39999962,2688721,0,1,28.63676308,yahoo_bootstrap
2024-03-27,29.14999962,30.70000076,29.10000038,30.14999962,2115100,0,1,29.36729276,yahoo_bootstrap
2024-03-28,30.14999962,30.29999924,29.35000038,29.39999962,983015,0,1,28.63676308,yahoo_bootstrap
2024-03-29,30.20000076,31.14999962,30,30.04999924,2466000,0,1,29.26988843,yahoo_bootstrap
2024-04-01,30.35000038,30.54999924,29.89999962,30.20000076,1092015,0,1,29.41599585,yahoo_bootstrap
2024-04-02,30.5,30.75,29.89999962,30.20000076,950360,0,1,29.41599585,yahoo_bootstrap
2024-04-03,30.20000076,30.20000076,29.29999924,29.45000076,2634120,0,1,28.68546617,yahoo_bootstrap
2024-04-08,29.5,29.79999924,29.20000076,29.35000038,597190,0,1,28.58806184,yahoo_bootstrap
2024-04-09,29.39999962,29.70000076,29.20000076,29.35000038,586050,0,1,28.58806184,yahoo_bootstrap
2024-04-10,29.54999924,29.89999962,29.29999924,29.5,478000,0,1,28.7341674,yahoo_bootstrap
2024-04-11,30.20000076,30.29999924,29.60000038,29.64999962,936615,0,1,28.88027297,yahoo_bootstrap
2024-04-12,29.54999924,30.20000076,29.54999924,29.85000038,835655,0,1,29.07508162,yahoo_bootstrap
2024-04-15,29.85000038,30.54999924,29.79999924,30.14999962,973900,0,1,29.36729276,yahoo_bootstrap
2024-04-16,30,30,28.70000076,28.95000076,958191,0,1,28.19844638,yahoo_bootstrap
2024-04-17,28.89999962,30.29999924,28.89999962,29.85000038,937690,0,1,29.07508162,yahoo_bootstrap
2024-04-18,29.85000038,30.25,29.79999924,29.79999924,857077,0,1,29.02637854,yahoo_bootstrap
2024-04-19,29.64999962,29.64999962,28.39999962,28.79999924,887029,0,1,28.05233896,yahoo_bootstrap
2024-04-22,28.79999924,29.60000038,28.79999924,29,629051,0,1,28.24714762,yahoo_bootstrap
2024-04-23,29.29999924,29.75,28.95000076,29.25,395001,0,1,28.49065751,yahoo_bootstrap
2024-04-24,29.25,29.35000038,29,29.25,434000,0,1,28.49065751,yahoo_bootstrap
2024-04-25,29.35000038,29.70000076,29.25,29.45000076,406000,0,1,28.68546617,yahoo_bootstrap
2024-04-26,29.45000076,29.64999962,29.25,29.39999962,440000,0,1,28.63676308,yahoo_bootstrap
2024-04-29,29.60000038,30.29999924,29.60000038,30.20000076,887563,0,1,29.41599585,yahoo_bootstrap
2024-04-30,30.5,30.54999924,29.75,29.85000038,496171,0,1,29.07508162,yahoo_bootstrap
2024-05-02,29.85000038,30.35000038,29.85000038,30.14999962,541084,0,1,29.36729276,yahoo_bootstrap
2024-05-03,30.20000076,30.35000038,29.60000038,29.60000038,518000,0,1,28.83157173,yahoo_bootstrap
2024-05-06,29.75,29.75,29.35000038,29.35000038,482160,0,1,28.58806184,yahoo_bootstrap
2024-05-07,29.35000038,29.60000038,28.85000038,29.25,475010,0,1,28.49065751,yahoo_bootstrap
2024-05-08,29.5,30,29.39999962,29.85000038,887100,0,1,29.07508162,yahoo_bootstrap
2024-05-09,29.39999962,30.95000076,29.39999962,29.95000076,2402528,0,1,29.17248595,yahoo_bootstrap
2024-05-10,29.95000076,30,29.14999962,29.54999924,544000,0,1,28.78286864,yahoo_bootstrap
2024-05-13,29.79999924,29.79999924,29.20000076,29.35000038,294188,0,1,28.58806184,yahoo_bootstrap
2024-05-14,29.5,29.5,29,29.14999962,330015,0,1,28.39325318,yahoo_bootstrap
2024-05-15,29.20000076,29.35000038,29.04999924,29.10000038,290000,0,1,28.34455194,yahoo_bootstrap
2024-05-16,29.35000038,29.45000076,29.04999924,29.29999924,306308,0,1,28.53935875,yahoo_bootstrap
2024-05-17,29.29999924,29.35000038,28.95000076,29.04999924,398002,0,1,28.29584886,yahoo_bootstrap
2024-05-20,29.60000038,29.60000038,28.75,29.04999924,387087,0,1,28.29584886,yahoo_bootstrap
2024-05-21,29,29.25,28.85000038,28.85000038,252015,0,1,28.10104205,yahoo_bootstrap
2024-05-22,28.95000076,29.29999924,28.85000038,29.10000038,246000,0,1,28.34455194,yahoo_bootstrap
2024-05-23,29.10000038,29.10000038,28.70000076,28.70000076,433009,0,1,27.95493649,yahoo_bootstrap
2024-05-24,28.45000076,29.10000038,28.25,28.85000038,454000,0,1,28.10104205,yahoo_bootstrap
2024-05-27,28.64999962,29.04999924,28.64999962,28.75,266000,0,1,28.00363772,yahoo_bootstrap
2024-05-28,28.70000076,29.25,28.70000076,29,319242,0,1,28.24714762,yahoo_bootstrap
2024-05-29,29.10000038,29.10000038,28.85000038,28.89999962,206600,0,1,28.14974329,yahoo_bootstrap
2024-05-30,29.20000076,29.85000038,29.14999962,29.20000076,1271020,0,1,28.44195627,yahoo_bootstrap
2024-05-31,29.60000038,29.64999962,29,29,396000,0,1,28.24714762,yahoo_bootstrap
2024-06-03,29.5,29.5,28.79999924,28.85000038,283070,0,1,28.10104205,yahoo_bootstrap
2024-06-04,28.95000076,28.95000076,28.60000038,28.60000038,183065,0,1,27.85753216,yahoo_bootstrap
2024-06-05,28.60000038,28.79999924,28.45000076,28.64999962,209100,0,1,27.9062334,yahoo_bootstrap
2024-06-06,28.64999962,28.79999924,28.29999924,28.35000038,402100,0,1,27.61402226,yahoo_bootstrap
2024-06-07,28.35000038,28.85000038,28.35000038,28.64999962,275000,0,1,27.9062334,yahoo_bootstrap
2024-06-11,29.20000076,29.89999962,28.85000038,29.29999924,808004,0,1,28.53935875,yahoo_bootstrap
2024-06-12,29.29999924,29.54999924,29,29.10000038,350030,0,1,28.34455194,yahoo_bootstrap
2024-06-13,29.10000038,29.79999924,29.10000038,29.14999962,327382,0,1,28.39325318,yahoo_bootstrap
2024-06-14,29.20000076,29.5,29.14999962,29.20000076,267050,0,1,28.44195627,yahoo_bootstrap
2024-06-17,29.25,29.75,29.25,29.45000076,185627,0,1,28.68546617,yahoo_bootstrap
2024-06-18,29.70000076,29.70000076,29.20000076,29.39999962,322050,0,1,28.63676308,yahoo_bootstrap
2024-06-19,29.45000076,29.64999962,29.20000076,29.35000038,365037,0,1,28.58806184,yahoo_bootstrap
2024-06-20,29.64999962,29.64999962,29.25,29.39999962,238000,0,1,28.63676308,yahoo_bootstrap
2024-06-21,29.60000038,32,29.35000038,30.75,4353888,0,1,29.95171687,yahoo_bootstrap
2024-06-24,31.5,32.04999924,30.35000038,30.5,2388147,0,1,29.70820698,yahoo_bootstrap
2024-06-25,30.89999962,30.89999962,29.5,30.25,767050,0,1,29.46469708,yahoo_bootstrap
2024-06-26,30.54999924,30.54999924,29.85000038,29.85000038,454373,0,1,29.07508162,yahoo_bootstrap
2024-06-27,29.85000038,30.39999962,29.39999962,29.39999962,694296,0,1,28.63676308,yahoo_bootstrap
2024-06-28,29.60000038,30.20000076,29.39999962,29.85000038,434663,0,1,29.07508162,yahoo_bootstrap
2024-07-01,30.04999924,30.5,29.60000038,29.64999962,526735,0,1,28.88027297,yahoo_bootstrap
2024-07-02,29.64999962,29.70000076,29.04999924,29.5,323844,0,1,28.7341674,yahoo_bootstrap
2024-07-03,29.70000076,30.35000038,29.70000076,30.35000038,573114,0,1,29.56210141,yahoo_bootstrap
2024-07-04,30.70000076,30.95000076,30.35000038,30.54999924,767225,0,1,29.75690822,yahoo_bootstrap
2024-07-05,30.89999962,33.59999847,30.54999924,33.04999924,7543444,0,1,32.19200715,yahoo_bootstrap
2024-07-08,33.54999924,33.59999847,32,32.75,3704815,0,1,31.89979602,yahoo_bootstrap
2024-07-09,32.29999924,32.84999847,30.29999924,32.25,2689843,0,1,31.41277623,yahoo_bootstrap
2024-07-10,32.25,32.25,31.60000038,31.70000076,740000,0,1,30.8770552,yahoo_bootstrap
2024-07-11,31.60000038,32.25,31.35000038,31.39999962,930150,0,1,30.58484222,yahoo_bootstrap
2024-07-12,31.5,34.5,31.14999962,34.5,6227396,0,1,33.60436527,yahoo_bootstrap
2024-07-15,37.70000076,37.75,35.20000076,35.84999847,19346001,0,1,34.9193172,yahoo_bootstrap
2024-07-16,35.79999924,35.90000153,35.20000076,35.79999924,3375937,0,1,34.87061597,yahoo_bootstrap
2024-07-17,36.5,38.90000153,36.29999924,36.5,9401591,0,1,35.55244441,yahoo_bootstrap
2024-07-18,35.95000076,38.15000153,35.59999847,37.40000153,6769054,0,1,36.42908152,yahoo_bootstrap
2024-07-19,38.20000076,38.40000153,35.70000076,35.75,5371136,0,1,34.82191474,yahoo_bootstrap
2024-07-22,35.79999924,35.95000076,32.70000076,32.79999924,3321679,0,1,31.94849725,yahoo_bootstrap
2024-07-23,33.29999924,33.79999924,32.29999924,32.65000153,1606254,0,1,31.80239355,yahoo_bootstrap
2024-07-26,31.04999924,32.04999924,31,31.35000038,905257,0,1,30.53614098,yahoo_bootstrap
2024-07-29,31.5,31.5,29.85000038,29.85000038,1921782,0.286747,1,29.34347568,yahoo_bootstrap
2024-07-30,30.20000076,30.25,29.64999962,30.14999962,967000,0,1,29.63838423,yahoo_bootstrap
2024-07-31,30.14999962,31.85000038,29.75,31.70000076,1430406,0,1,31.1620834,yahoo_bootstrap
2024-08-01,31.89999962,32.25,31.70000076,32.04999924,1145039,0,1,31.50614275,yahoo_bootstrap
2024-08-02,31.25,31.45000076,30.54999924,30.60000038,841506,0,1,30.08074892,yahoo_bootstrap
2024-08-05,30.25,30.29999924,27.54999924,27.54999924,1930354,0,1,27.08250326,yahoo_bootstrap
2024-08-06,27.54999924,27.64999962,24.79999924,26.39999962,2007966,0,1,25.95201798,yahoo_bootstrap
2024-08-07,26.5,28.39999962,26.5,28.25,793435,0,1,27.77062571,yahoo_bootstrap
2024-08-08,28,28.20000076,27.20000076,27.89999962,538200,0,1,27.42656448,yahoo_bootstrap
2024-08-09,28.45000076,28.89999962,28.20000076,28.29999924,655094,0,1,27.81977651,yahoo_bootstrap
2024-08-12,28.10000038,29,28,28.70000076,1094412,0,1,28.2129904,yahoo_bootstrap
2024-08-13,29.20000076,29.20000076,28.10000038,28.54999924,410135,0,1,28.06553426,yahoo_bootstrap
2024-08-14,28.85000038,29.20000076,28.5,28.75,443150,0,1,28.2621412,yahoo_bootstrap
2024-08-15,29.10000038,29.29999924,28.75,29.14999962,520000,0,1,28.65535323,yahoo_bootstrap
2024-08-16,29.5,29.5,28.79999924,28.79999924,664251,0,1,28.31129201,yahoo_bootstrap
2024-08-19,29,29.29999924,28.79999924,29.10000038,342000,0,1,28.60620243,yahoo_bootstrap
2024-08-20,29.39999962,29.54999924,29.10000038,29.10000038,393178,0,1,28.60620243,yahoo_bootstrap
2024-08-21,29,29.70000076,28,29.25,538100,0,1,28.7536567,yahoo_bootstrap
2024-08-22,29.75,32.15000153,29.45000076,32.15000153,6096068,0,1,31.6044481,yahoo_bootstrap
2024-08-23,34,35,31.10000038,33.20000076,21974354,0,1,32.63662989,yahoo_bootstrap
2024-08-26,33,33.65000153,32.20000076,32.20000076,3936120,0,1,31.6535989,yahoo_bootstrap
2024-08-27,32.5,34.34999847,32.25,33.79999924,7963492,0,1,33.226447,yahoo_bootstrap
2024-08-28,33.79999924,34.5,33.5,33.79999924,3014435,0,1,33.226447,yahoo_bootstrap
2024-08-29,33.65000153,37.15000153,33,35.59999847,22642855,0,1,34.99590204,yahoo_bootstrap
2024-08-30,35.65000153,35.84999847,34.15000153,34.20000076,6966711,0,1,33.61966089,yahoo_bootstrap
2024-09-02,34.59999847,35.25,34.09999847,34.79999924,3404604,0,1,34.209478,yahoo_bootstrap
2024-09-03,35,35.40000153,34.65000153,35,2966921,0,1,34.40608494,yahoo_bootstrap
2024-09-04,33,34.34999847,31.60000038,32.90000153,2799128,0,1,32.34172135,yahoo_bootstrap
2024-09-05,33.59999847,35.20000076,33.45000076,33.84999847,2625000,0,1,33.27559779,yahoo_bootstrap
2024-09-06,34.04999924,34.04999924,32.59999847,32.79999924,1453328,0,1,32.243416,yahoo_bootstrap
2024-09-09,32.09999847,33.34999847,32.09999847,33.20000076,895715,0,1,32.63662989,yahoo_bootstrap
2024-09-10,33.59999847,33.65000153,31.75,32.40000153,1139134,0,1,31.85020585,yahoo_bootstrap
2024-09-11,33.70000076,34.45000076,33.15000153,33.59999847,1803077,0,1,33.02984004,yahoo_bootstrap
2024-09-12,34.09999847,35.5,33.75,34.84999847,3771999,0,1,34.25862879,yahoo_bootstrap
2024-09-13,35.15000153,35.65000153,34.90000153,35.5,2454827,0,1,34.89760044,yahoo_bootstrap
2024-09-16,35.54999924,39,35.54999924,36.79999924,10793445,0,1,36.17553999,yahoo_bootstrap
2024-09-18,37.65000153,40.45000076,36.20000076,36.20000076,39779611,0,1,35.58572289,yahoo_bootstrap
2024-09-19,35.95000076,38.70000076,35.79999924,37.79999924,18446197,0,1,37.15857099,yahoo_bootstrap
2024-09-20,38.5,41.54999924,38,41.54999924,19000208,0,1,40.84493724,yahoo_bootstrap
2024-09-23,43.34999847,44,39.75,40.25,34999732,0,1,39.56699769,yahoo_bootstrap
2024-09-24,40.20000076,40.29999924,38.5,39.59999847,10937277,0,1,38.92802603,yahoo_bootstrap
2024-09-25,40,40.65000153,38.75,39.75,6668679,0,1,39.07548219,yahoo_bootstrap
2024-09-26,40.34999847,40.54999924,38.79999924,38.79999924,5340003,0,1,38.14160199,yahoo_bootstrap
2024-09-27,38.84999847,41.75,38.79999924,40.59999847,11009340,0,1,39.91105703,yahoo_bootstrap
2024-09-30,41.04999924,43.5,40.25,41.79999924,16211812,0,1,41.09069499,yahoo_bootstrap
2024-10-01,41.75,42.25,40.75,40.84999847,6709438,0,1,40.15681478,yahoo_bootstrap
2024-10-04,40.95000076,43.09999847,40,41.65000153,10867427,0,1,40.94324259,yahoo_bootstrap
2024-10-07,41.65000153,42.45000076,40.54999924,40.79999924,5702806,0,1,40.10766399,yahoo_bootstrap
2024-10-08,40.5,40.54999924,37.75,38.54999924,6862260,0,1,37.89584424,yahoo_bootstrap
2024-10-09,39,39,36.45000076,36.45000076,5355984,0,1,35.83148064,yahoo_bootstrap
2024-10-11,37,39.70000076,36.95000076,38.25,7378900,0,1,37.60093569,yahoo_bootstrap
2024-10-14,38.25,38.29999924,37.04999924,37.95000076,2274218,0,1,37.30602714,yahoo_bootstrap
2024-10-15,38,38.65000153,37.20000076,37.25,2193553,0,1,36.61790469,yahoo_bootstrap
2024-10-16,37.25,37.95000076,37.20000076,37.70000076,1255077,0,1,37.06026939,yahoo_bootstrap
2024-10-17,38.29999924,39.54999924,38.20000076,38.25,3983720,0,1,37.60093569,yahoo_bootstrap
2024-10-18,38.70000076,40.70000076,38.20000076,40.04999924,9048664,0,1,39.37039074,yahoo_bootstrap
2024-10-21,40.65000153,41.04999924,39.54999924,40.75,7785095,0,1,40.05851319,yahoo_bootstrap
2024-10-22,40.70000076,41.25,39.84999847,40.59999847,3484750,0,1,39.91105703,yahoo_bootstrap
2024-10-23,40.79999924,43.5,40.75,42.29999924,22648637,0,1,41.58221049,yahoo_bootstrap
2024-10-24,42.40000153,42.59999847,39.34999847,39.75,8663623,0,1,39.07548219,yahoo_bootstrap
2024-10-25,40.04999924,40.59999847,38.75,39.29999924,3822812,0,1,38.63311749,yahoo_bootstrap
2024-10-28,39.79999924,39.79999924,37.79999924,38.5,2809380,0,1,37.84669344,yahoo_bootstrap
2024-10-29,38.84999847,38.84999847,37.15000153,37.15000153,2587212,0,1,36.51960309,yahoo_bootstrap
2024-10-30,37.5,37.54999924,36.59999847,37.09999847,1504135,0,1,36.47044854,yahoo_bootstrap
2024-11-01,36.59999847,37.09999847,35.84999847,36.25,1584845,0,1,35.63487369,yahoo_bootstrap
2024-11-04,36.09999847,36.79999924,35.25,35.95000076,1706698,0,1,35.33996514,yahoo_bootstrap
2024-11-05,35.70000076,37.79999924,35.70000076,37.29999924,1914825,0,1,36.66705549,yahoo_bootstrap
2024-11-06,37.04999924,37.84999847,35.65000153,35.65000153,2434520,0,1,35.0450566,yahoo_bootstrap
2024-11-07,36.29999924,37.34999847,36,36.79999924,1900000,0,1,36.17553999,yahoo_bootstrap
2024-11-08,37.29999924,37.40000153,36.59999847,36.75,1268000,0,1,36.12638919,yahoo_bootstrap
2024-11-11,37.29999924,37.34999847,36.59999847,37.09999847,913500,0,1,36.47044854,yahoo_bootstrap
2024-11-12,36.54999924,36.54999924,34.59999847,35.20000076,2497001,0,1,34.60269189,yahoo_bootstrap
2024-11-13,35.09999847,36.90000153,35.09999847,36,1763000,0,1,35.38911594,yahoo_bootstrap
2024-11-14,36.04999924,36.45000076,34.59999847,34.70000076,1518664,0,1,34.11117639,yahoo_bootstrap
2024-11-15,35,35.70000076,34.84999847,35,666278,0,1,34.40608494,yahoo_bootstrap
2024-11-18,35,35.09999847,34.15000153,34.15000153,726264,0,1,33.5705101,yahoo_bootstrap
2024-11-19,33.54999924,34.90000153,33.54999924,34.84999847,623627,0,1,34.25862879,yahoo_bootstrap
2024-11-20,34.59999847,34.59999847,34.59999847,34.59999847,560987,0,1,34.01287104,yahoo_bootstrap
2024-11-21,34.95000076,34.95000076,34.04999924,34.29999924,601009,0,1,33.7179625,yahoo_bootstrap
2024-11-22,34.95000076,35.04999924,34.54999924,34.79999924,561000,0,1,34.209478,yahoo_bootstrap
2024-11-25,35.15000153,35.90000153,35.15000153,35.59999847,648057,0,1,34.99590204,yahoo_bootstrap
2024-11-26,35.84999847,37.20000076,35.29999924,35.84999847,1638001,0,1,35.24165979,yahoo_bootstrap
2024-11-27,36,36.25,34.29999924,34.45000076,940003,0,1,33.86541864,yahoo_bootstrap
2024-11-28,34.59999847,34.59999847,33.45000076,34.20000076,962900,0,1,33.61966089,yahoo_bootstrap
2024-11-29,34.15000153,34.54999924,33.59999847,34.25,496117,0,1,33.6688117,yahoo_bootstrap
2024-12-02,34.65000153,35.09999847,34,34.15000153,379046,0,1,33.5705101,yahoo_bootstrap
2024-12-03,34.20000076,34.70000076,34,34,411100,0,1,33.42305395,yahoo_bootstrap
2024-12-04,33.95000076,34.29999924,33.70000076,33.70000076,592162,0,1,33.12814539,yahoo_bootstrap
2024-12-05,34.59999847,35.20000076,33.75,33.84999847,2431127,0,1,33.27559779,yahoo_bootstrap
2024-12-06,34,34.65000153,33.54999924,33.59999847,1156296,0,1,33.02984004,yahoo_bootstrap
2024-12-09,33.65000153,33.65000153,32.29999924,32.40000153,1110766,0,1,31.85020585,yahoo_bootstrap
2024-12-10,32.70000076,33.15000153,32.25,32.59999847,542298,0,1,32.04680904,yahoo_bootstrap
2024-12-11,32,32.29999924,30.45000076,30.60000038,2821019,0,1,30.08074892,yahoo_bootstrap
2024-12-12,30.95000076,31.14999962,30.04999924,30.14999962,1640682,0,1,29.63838423,yahoo_bootstrap
2024-12-13,30.20000076,30.20000076,29.79999924,29.85000038,649005,0,1,29.34347568,yahoo_bootstrap
2024-12-16,30.04999924,30.20000076,29.5,29.64999962,759001,0,1,29.14686873,yahoo_bootstrap
2024-12-17,30,30.29999924,29.79999924,30,494000,0,1,29.49092995,yahoo_bootstrap
2024-12-18,30,30.14999962,29.60000038,30,365285,0,1,29.49092995,yahoo_bootstrap
2024-12-19,29.5,29.89999962,29,29.70000076,455172,0,1,29.1960214,yahoo_bootstrap
2024-12-20,29.79999924,29.85000038,29.10000038,29.29999924,468090,0,1,28.80280751,yahoo_bootstrap
2024-12-23,29.95000076,30.29999924,29.75,29.85000038,534070,0,1,29.34347568,yahoo_bootstrap
2024-12-24,30.29999924,30.39999962,29.54999924,29.79999924,797020,0,1,29.29432301,yahoo_bootstrap
2024-12-25,30.20000076,30.20000076,29.54999924,29.89999962,438331,0,1,29.39262648,yahoo_bootstrap
2024-12-26,30.14999962,30.20000076,29.64999962,29.89999962,520005,0,1,29.39262648,yahoo_bootstrap
2024-12-27,30,30,29.29999924,29.39999962,411412,0,1,28.90111098,yahoo_bootstrap
2024-12-30,29.39999962,29.45000076,29.04999924,29.14999962,313050,0,1,28.65535323,yahoo_bootstrap
2024-12-31,29.20000076,29.20000076,28.89999962,29.14999962,333000,0,1,28.65535323,yahoo_bootstrap
2025-01-02,29.29999924,29.39999962,28.75,28.89999962,390100,0,1,28.40959548,yahoo_bootstrap
2025-01-03,29,29.20000076,28.14999962,28.60000038,640500,0,1,28.11468693,yahoo_bootstrap
2025-01-06,29.20000076,30,28.54999924,30,968500,0,1,29.49092995,yahoo_bootstrap
2025-01-07,30.39999962,30.39999962,28.89999962,29,1008249,0,1,28.50789895,yahoo_bootstrap
2025-01-08,28.79999924,29,28.5,28.95000076,420088,0,1,28.45874815,yahoo_bootstrap
2025-01-09,28.95000076,28.95000076,28.04999924,28.04999924,522050,0,1,27.57401876,yahoo_bootstrap
2025-01-10,28,28.45000076,27.95000076,28.20000076,517000,0,1,27.7214749,yahoo_bootstrap
2025-01-13,27.70000076,27.89999962,26.85000038,27.79999924,875001,0,1,27.32826101,yahoo_bootstrap
2025-01-14,27.79999924,28.5,27.70000076,28.5,427000,0,1,28.01638345,yahoo_bootstrap
2025-01-15,28.70000076,29.10000038,28.29999924,28.79999924,548300,0,1,28.31129201,yahoo_bootstrap
2025-01-16,29.14999962,29.29999924,28.89999962,29.04999924,499483,0,1,28.55704976,yahoo_bootstrap
2025-01-17,29.10000038,29.10000038,28.39999962,28.45000076,503014,0,1,27.96723265,yahoo_bootstrap
2025-01-20,28.64999962,28.79999924,28.20000076,28.20000076,578000,0,1,27.7214749,yahoo_bootstrap
2025-01-21,28.5,29.70000076,28.10000038,28.14999962,1500066,0,1,27.67232223,yahoo_bootstrap
2025-01-22,28.5,28.5,28,28,586000,0,1,27.52486796,yahoo_bootstrap
2025-02-03,28,28,27.10000038,27.70000076,718079,0,1,27.2299594,yahoo_bootstrap
2025-02-04,27.95000076,27.95000076,27.5,27.64999962,343000,0,1,27.18080673,yahoo_bootstrap
2025-02-05,27.70000076,28.45000076,27.70000076,28.39999962,336000,0,1,27.91807998,yahoo_bootstrap
2025-02-06,28.5,28.70000076,28.20000076,28.70000076,374100,0,1,28.2129904,yahoo_bootstrap
2025-02-07,28.89999962,29.25,28.75,29.25,588000,0,1,28.7536567,yahoo_bootstrap
2025-02-10,29.25,29.39999962,28.79999924,29.25,473206,0,1,28.7536567,yahoo_bootstrap
2025-02-11,29.25,29.54999924,28.75,29,346000,0,1,28.50789895,yahoo_bootstrap
2025-02-12,28.89999962,29.20000076,28.39999962,28.64999962,463000,0,1,28.16383773,yahoo_bootstrap
2025-02-13,28.75,29.64999962,28.64999962,29.64999962,778000,0,1,29.14686873,yahoo_bootstrap
2025-02-14,29.64999962,29.64999962,29.20000076,29.60000038,377020,0,1,29.09771793,yahoo_bootstrap
2025-02-17,29.85000038,29.89999962,29.20000076,29.45000076,286100,0,1,28.95026365,yahoo_bootstrap
2025-02-18,29.45000076,29.70000076,29.10000038,29.25,360000,0,1,28.7536567,yahoo_bootstrap
2025-02-19,29.54999924,30.20000076,29.29999924,29.70000076,781846,0,1,29.1960214,yahoo_bootstrap
2025-02-20,29.89999962,29.95000076,29.39999962,29.5,320000,0,1,28.99941445,yahoo_bootstrap
2025-02-21,29.89999962,30.20000076,29.5,30.10000038,946299,0,1,29.58923343,yahoo_bootstrap
2025-02-24,29.89999962,30.25,29.60000038,29.89999962,399161,0,1,29.39262648,yahoo_bootstrap
2025-02-25,29.70000076,30.14999962,29.45000076,29.89999962,523039,0,1,29.39262648,yahoo_bootstrap
2025-02-26,29.89999962,30.10000038,29.64999962,29.85000038,381000,0,1,29.34347568,yahoo_bootstrap
2025-02-27,29.89999962,30.5,29.70000076,29.70000076,636000,0,1,29.1960214,yahoo_bootstrap
2025-03-03,29.64999962,29.70000076,29.10000038,29.10000038,478200,0,1,28.60620243,yahoo_bootstrap
2025-03-04,29.04999924,30.45000076,28.29999924,30.25,1518126,0,1,29.7366877,yahoo_bootstrap
2025-03-05,30.20000076,30.35000038,29.75,30.04999924,684310,0,1,29.54008076,yahoo_bootstrap
2025-03-06,30.20000076,31.10000038,30,30.95000076,3864078,0,1,30.42481015,yahoo_bootstrap
2025-03-07,30.60000038,30.89999962,29.75,29.75,2233400,0,1,29.2451722,yahoo_bootstrap
2025-03-10,29.5,30.10000038,29.20000076,29.5,557517,0,1,28.99941445,yahoo_bootstrap
2025-03-11,28.89999962,29.5,28.35000038,29.35000038,947103,0,1,28.85196018,yahoo_bootstrap
2025-03-12,29.35000038,29.60000038,29.20000076,29.29999924,427015,0,1,28.80280751,yahoo_bootstrap
2025-03-13,29.39999962,29.5,28.45000076,28.5,656231,0,1,28.01638345,yahoo_bootstrap
2025-03-14,28.29999924,29.10000038,28.29999924,28.89999962,443300,0,1,28.40959548,yahoo_bootstrap
2025-03-17,29.04999924,29.20000076,28.70000076,28.85000038,417277,0,1,28.36044468,yahoo_bootstrap
2025-03-18,29.14999962,29.35000038,29,29.25,360200,0,1,28.7536567,yahoo_bootstrap
2025-03-19,29.10000038,29.5,28.95000076,29.10000038,342330,0,1,28.60620243,yahoo_bootstrap
2025-03-20,29.14999962,29.89999962,29.14999962,29.79999924,575320,0,1,29.29432301,yahoo_bootstrap
2025-03-21,29.75,30,29.39999962,29.45000076,296000,0,1,28.95026365,yahoo_bootstrap
2025-03-24,29.45000076,29.60000038,29.04999924,29.04999924,229069,0,1,28.55704976,yahoo_bootstrap
2025-03-25,29.29999924,29.5,28.5,28.60000038,397131,0,1,28.11468693,yahoo_bootstrap
2025-03-26,28.70000076,28.85000038,28.39999962,28.64999962,251000,0,1,28.16383773,yahoo_bootstrap
2025-03-27,28.5,28.70000076,28.20000076,28.35000038,533500,0,1,27.86892918,yahoo_bootstrap
2025-03-28,28.10000038,28.29999924,26.79999924,27.25,1010163,0,1,26.78759471,yahoo_bootstrap
2025-03-31,26.10000038,26.60000038,25.20000076,25.5,1417188,0,1,25.06729046,yahoo_bootstrap
2025-04-01,25.85000038,26.60000038,25.5,26.25,612151,0,1,25.80456371,yahoo_bootstrap
2025-04-02,26.25,26.85000038,25.89999962,26.85000038,270398,0,1,26.39438268,yahoo_bootstrap
2025-04-07,24.20000076,24.20000076,24.20000076,24.20000076,96009,0,1,23.78935091,yahoo_bootstrap
2025-04-08,21.79999924,23.20000076,21.79999924,21.79999924,1105013,0,1,21.43007502,yahoo_bootstrap
2025-04-09,21.20000076,21.20000076,19.64999962,19.64999962,969000,0,1,19.31655875,yahoo_bootstrap
2025-04-10,21.54999924,21.60000038,21.39999962,21.60000038,235001,0,1,21.23346994,yahoo_bootstrap
2025-04-11,20.79999924,21.54999924,20,21.5,579150,0,1,21.13516647,yahoo_bootstrap
2025-04-14,22.20000076,23.10000038,21.89999962,22,599083,0,1,21.62668196,yahoo_bootstrap
2025-04-15,22.35000038,23.20000076,22.35000038,23,457080,0,1,22.60971296,yahoo_bootstrap
2025-04-16,22.85000038,22.85000038,22.35000038,22.75,358350,0,1,22.36395521,yahoo_bootstrap
2025-04-17,22.5,22.54999924,22,22.25,201279,0,1,21.87243971,yahoo_bootstrap
2025-04-18,22.29999924,22.60000038,22.29999924,22.39999962,128000,0,1,22.01989399,yahoo_bootstrap
2025-04-21,22.39999962,22.39999962,21.45000076,21.5,224060,0,1,21.13516647,yahoo_bootstrap
2025-04-22,21,21.75,21,21.54999924,190981,0,1,21.18431727,yahoo_bootstrap
2025-04-23,21.70000076,22.79999924,21.70000076,22.29999924,204060,0,1,21.92159052,yahoo_bootstrap
2025-04-24,22.35000038,22.54999924,22,22.04999924,124036,0,1,21.67583277,yahoo_bootstrap
2025-04-25,22.29999924,22.60000038,22.20000076,22.39999962,215268,0,1,22.01989399,yahoo_bootstrap
2025-04-28,22.75,23,22.64999962,22.89999962,177000,0,1,22.51140949,yahoo_bootstrap
2025-04-29,22.95000076,23.5,22.85000038,23.45000076,193125,0,1,23.05207766,yahoo_bootstrap
2025-04-30,23.45000076,23.5,22.79999924,22.89999962,154500,0,1,22.51140949,yahoo_bootstrap
2025-05-02,22.89999962,23.35000038,22.89999962,23.14999962,164161,0,1,22.75716724,yahoo_bootstrap
2025-05-05,23.54999924,23.54999924,22.29999924,22.70000076,316025,0,1,22.31480441,yahoo_bootstrap
2025-05-06,22.5,23.35000038,22.5,23.14999962,109039,0,1,22.75716724,yahoo_bootstrap
2025-05-07,23.20000076,23.5,23.14999962,23.39999962,180001,0,1,23.00292499,yahoo_bootstrap
2025-05-08,23.45000076,24.79999924,23.45000076,24.14999962,692031,0,1,23.74019824,yahoo_bootstrap
2025-05-09,24.29999924,24.29999924,23.54999924,24.29999924,182003,0,1,23.88765251,yahoo_bootstrap
2025-05-12,24.25,25.20000076,24.25,24.39999962,206101,0,1,23.98595599,yahoo_bootstrap
2025-05-13,24.89999962,24.89999962,24.10000038,24.45000076,270050,0,1,24.03510866,yahoo_bootstrap
2025-05-14,24.5,25.35000038,24.39999962,25,305050,0,1,24.57577496,yahoo_bootstrap
2025-05-15,25,25.45000076,24.54999924,24.75,98000,0,1,24.33001721,yahoo_bootstrap
2025-05-16,24.95000076,24.95000076,24.5,24.54999924,142000,0,1,24.13341026,yahoo_bootstrap
2025-05-19,24.60000038,24.79999924,23.89999962,24,285491,0,1,23.59274396,yahoo_bootstrap
2025-05-20,24,25.39999962,24,24.39999962,168370,0,1,23.98595599,yahoo_bootstrap
2025-05-21,24.85000038,24.85000038,24.10000038,24.5,117000,0,1,24.08425946,yahoo_bootstrap
2025-05-22,24.39999962,24.39999962,24.04999924,24.14999962,97015,0,1,23.74019824,yahoo_bootstrap
2025-05-23,24.35000038,24.5,23.95000076,24.14999962,190000,0,1,23.74019824,yahoo_bootstrap
2025-05-26,24.25,25.25,24.04999924,24.64999962,377430,0,1,24.23171374,yahoo_bootstrap
2025-05-27,26.20000076,27.10000038,26.10000038,27.10000038,1003084,0,1,26.64014043,yahoo_bootstrap
2025-05-28,27.75,27.95000076,24.39999962,24.39999962,6542001,0,1,23.98595599,yahoo_bootstrap
2025-05-29,24.64999962,24.70000076,24,24,628900,0,1,23.59274396,yahoo_bootstrap
2025-06-02,23.75,23.75,22.70000076,22.70000076,687010,0,1,22.31480441,yahoo_bootstrap
2025-06-03,22.85000038,23.20000076,22.75,22.85000038,199200,0,1,22.46225869,yahoo_bootstrap
2025-06-04,23.10000038,23.70000076,23.10000038,23.45000076,206160,0,1,23.05207766,yahoo_bootstrap
2025-06-05,23.5,23.89999962,23.20000076,23.20000076,157152,0,1,22.80631991,yahoo_bootstrap
2025-06-06,23.25,23.85000038,23.14999962,23.14999962,184357,0,1,22.75716724,yahoo_bootstrap
2025-06-09,23.45000076,23.45000076,22.85000038,22.95000076,149000,0,1,22.56056216,yahoo_bootstrap
2025-06-10,23.29999924,23.54999924,23.14999962,23.14999962,159059,0,1,22.75716724,yahoo_bootstrap
2025-06-11,23.20000076,23.20000076,22.75,22.85000038,280200,0,1,22.46225869,yahoo_bootstrap
2025-06-12,22.89999962,23.04999924,22.64999962,22.85000038,201170,0,1,22.46225869,yahoo_bootstrap
2025-06-13,22.85000038,22.85000038,22.25,22.25,365300,0,1,21.87243971,yahoo_bootstrap
2025-06-16,22.14999962,22.5,22,22.35000038,78000,0,1,21.97074319,yahoo_bootstrap
2025-06-17,22.60000038,22.95000076,22,22.25,205000,0,1,21.87243971,yahoo_bootstrap
2025-06-18,22.5,22.64999962,22.20000076,22.35000038,170040,0,1,21.97074319,yahoo_bootstrap
2025-06-19,22.5,22.5,21.89999962,21.95000076,198400,0,1,21.57753116,yahoo_bootstrap
2025-06-20,21.79999924,22.29999924,21.35000038,21.70000076,200130,0,1,21.33177341,yahoo_bootstrap
2025-06-23,21.79999924,21.79999924,20.79999924,21.29999924,239000,0,1,20.93855952,yahoo_bootstrap
2025-06-24,21.5,22.04999924,21.5,21.95000076,146090,0,1,21.57753116,yahoo_bootstrap
2025-06-25,22.14999962,22.14999962,21.60000038,21.95000076,138011,0,1,21.57753116,yahoo_bootstrap
2025-06-26,22.25,22.5,22.04999924,22.04999924,138613,0,1,21.67583277,yahoo_bootstrap
2025-06-27,22.10000038,22.5,22,22.20000076,185000,0,1,21.82328891,yahoo_bootstrap
2025-06-30,22.10000038,22.29999924,21.70000076,21.75,157020,0,1,21.38092422,yahoo_bootstrap
2025-07-01,22.10000038,22.14999962,21.79999924,21.89999962,113000,0,1,21.52837849,yahoo_bootstrap
2025-07-02,22.04999924,22.10000038,21.79999924,21.89999962,98000,0,1,21.52837849,yahoo_bootstrap
2025-07-03,21.89999962,22.39999962,21.89999962,22.35000038,148000,0,1,21.97074319,yahoo_bootstrap
2025-07-04,24,24.54999924,23.20000076,23.20000076,4753201,0,1,22.80631991,yahoo_bootstrap
2025-07-07,23,25.5,22.45000076,25.5,4371131,0,1,25.06729046,yahoo_bootstrap
2025-07-08,24.85000038,25.39999962,24.29999924,25.04999924,4569000,0,1,24.62492576,yahoo_bootstrap
2025-07-09,25.04999924,25.5,24.35000038,24.89999962,1900100,0,1,24.47747149,yahoo_bootstrap
2025-07-10,24.95000076,25.14999962,24.20000076,24.39999962,1160131,0,1,23.98595599,yahoo_bootstrap
2025-07-11,25.04999924,26.70000076,24.89999962,25.79999924,4997115,0,1,25.36219901,yahoo_bootstrap
2025-07-14,25.60000038,25.70000076,24.45000076,24.54999924,1681000,0,1,24.13341026,yahoo_bootstrap
2025-07-15,24.60000038,24.85000038,24.29999924,24.75,740183,0,1,24.33001721,yahoo_bootstrap
2025-07-16,24.85000038,26.79999924,24.79999924,25.45000076,4360934,0,1,25.01813966,yahoo_bootstrap
2025-07-17,25.5,26.10000038,25.39999962,26,1316194,0,1,25.55880596,yahoo_bootstrap
2025-07-18,26.14999962,26.35000038,25.70000076,26.20000076,1127200,0,1,25.75541291,yahoo_bootstrap
2025-07-21,26.5,26.5,25.89999962,26,626082,0,1,25.55880596,yahoo_bootstrap
2025-07-22,26,27.29999924,25.70000076,26.54999924,4257104,0,1,26.09947226,yahoo_bootstrap
2025-07-23,26.95000076,28.95000076,26.89999962,28.5,4692420,0,1,28.01638345,yahoo_bootstrap
2025-07-24,28.54999924,30.39999962,28,30.25,6116045,0,1,29.7366877,yahoo_bootstrap
2025-07-25,30,30.75,29.75,30.39999962,3203522,0,1,29.88414198,yahoo_bootstrap
2025-07-28,31,33.40000153,30.79999924,33.40000153,11017698,0,1,32.83323685,yahoo_bootstrap
2025-07-29,33.40000153,35.90000153,31.79999924,32,15920586,0,1,31.45699195,yahoo_bootstrap
2025-07-30,32.40000153,33.20000076,31.29999924,33.20000076,5181340,0,1,32.63662989,yahoo_bootstrap
2025-07-31,33.20000076,33.59999847,32.40000153,33,3079270,0,1,32.44002295,yahoo_bootstrap
2025-08-04,33.04999924,33.25,32.25,32.70000076,2246672,0,1,32.1451144,yahoo_bootstrap
2025-08-05,32.75,33.79999924,32.40000153,33.20000076,2765761,0.5,1,33.14340985,yahoo_bootstrap
2025-08-06,33.34999847,35.79999924,32.75,32.75,6573615,0,1,32.69417614,yahoo_bootstrap
2025-08-07,33.25,33.5,32.65000153,32.79999924,1925300,0,1,32.74409015,yahoo_bootstrap
2025-08-08,32.70000076,33.15000153,31.70000076,31.85000038,2772118,0,1,31.79571061,yahoo_bootstrap
2025-08-11,32.5,34.29999924,31.79999924,33.59999847,4171950,0,1,33.54272575,yahoo_bootstrap
2025-08-12,34.79999924,36,33.84999847,34.5,7794442,0,1,34.44119318,yahoo_bootstrap
2025-08-13,35.84999847,36.5,34.15000153,34.40000153,6697006,0,1,34.34136516,yahoo_bootstrap
2025-08-14,34.29999924,34.29999924,33.40000153,34,2148186,0,1,33.94204545,yahoo_bootstrap
2025-08-15,34.15000153,34.59999847,33.54999924,34.45000076,1517072,0,1,34.39127917,yahoo_bootstrap
2025-08-18,35,36.29999924,34.40000153,36.29999924,5819523,0,1,36.23812424,yahoo_bootstrap
2025-08-19,37.70000076,39.90000153,36.59999847,39.90000153,14820998,0,1,39.83199016,yahoo_bootstrap
2025-08-20,40.29999924,43.84999847,38.34999847,38.34999847,67122080,0,1,38.28462915,yahoo_bootstrap
2025-08-21,38.34999847,38.79999924,36.04999924,36.65000153,15826764,0,1,36.58752994,yahoo_bootstrap
2025-08-22,36.5,36.70000076,34.25,34.84999847,7601791,0,1,34.79059506,yahoo_bootstrap
2025-08-25,36,37.40000153,35.65000153,36.29999924,7831176,0,1,36.23812424,yahoo_bootstrap
2025-08-26,36,39.90000153,35.84999847,39.90000153,11939118,0,1,39.83199016,yahoo_bootstrap
2025-08-27,40.09999847,42,39.70000076,40.84999847,19836946,0,1,40.78036779,yahoo_bootstrap
2025-08-28,40.20000076,43.29999924,39.5,41.5,19483410,0,1,41.42926136,yahoo_bootstrap
2025-08-29,41.25,41.65000153,40.29999924,40.34999847,6996950,0,1,40.28122006,yahoo_bootstrap
2025-09-01,40.54999924,41.90000153,39.34999847,40.04999924,8306815,0,1,39.9817322,yahoo_bootstrap
2025-09-02,40.5,40.5,37.90000153,38.34999847,5471549,0,1,38.28462915,yahoo_bootstrap
2025-09-03,38.54999924,39.15000153,37.59999847,37.95000076,3399632,0,1,37.88531326,yahoo_bootstrap
2025-09-04,38.04999924,38.45000076,37.09999847,37.5,3185501,0,1,37.43607955,yahoo_bootstrap
2025-09-05,38,39.75,37.59999847,38.90000153,4177665,0,1,38.83369471,yahoo_bootstrap
2025-09-08,39.34999847,39.79999924,38.29999924,38.5,3277810,0,1,38.434375,yahoo_bootstrap
2025-09-09,38.95000076,39.25,37.90000153,38.09999847,3110540,0,1,38.03505529,yahoo_bootstrap
2025-09-10,37.29999924,37.84999847,35.34999847,37.29999924,7712293,0,1,37.2364197,yahoo_bootstrap
2025-09-11,37.54999924,37.54999924,35.15000153,35.20000076,4407727,0,1,35.14000076,yahoo_bootstrap
2025-09-12,35.79999924,36.29999924,34.95000076,35.59999847,2238563,0,1,35.53931665,yahoo_bootstrap
2025-09-15,35.95000076,36.5,34.70000076,34.90000153,2145199,0,1,34.84051289,yahoo_bootstrap
2025-09-16,35.5,35.79999924,34.29999924,34.54999924,1758316,0,1,34.4911072,yahoo_bootstrap
2025-09-17,34.70000076,35.09999847,33.25,33.34999847,2714904,0,1,33.29315188,yahoo_bootstrap
2025-09-18,33.75,34.79999924,33.40000153,34.29999924,2057200,0,1,34.24153333,yahoo_bootstrap
2025-09-19,34.34999847,34.65000153,33.90000153,34.15000153,1085100,0,1,34.0917913,yahoo_bootstrap
2025-09-22,34.45000076,35.45000076,34.15000153,34.65000153,1784248,0,1,34.59093903,yahoo_bootstrap
2025-09-23,34.84999847,35.20000076,33.95000076,34.70000076,1423000,0,1,34.64085303,yahoo_bootstrap
2025-09-24,35.45000076,35.45000076,34.09999847,34.5,1319500,0,1,34.44119318,yahoo_bootstrap
2025-09-25,34.79999924,37.95000076,34.79999924,35.84999847,9540016,0,1,35.78889052,yahoo_bootstrap
2025-09-26,36,36.45000076,33.90000153,34.29999924,3002150,0,1,34.24153333,yahoo_bootstrap
2025-09-30,34.65000153,35.65000153,34.29999924,35.5,1725170,0,1,35.43948864,yahoo_bootstrap
2025-10-01,35.5,39.04999924,35.29999924,37.40000153,7657715,0,1,37.33625153,yahoo_bootstrap
2025-10-02,37.54999924,39.79999924,37,37.84999847,9498000,0,1,37.78548143,yahoo_bootstrap
2025-10-03,38.04999924,41,38,40.29999924,16111759,0,1,40.23130606,yahoo_bootstrap
2025-10-07,39.5,40.84999847,38.90000153,40.20000076,7960512,0,1,40.13147803,yahoo_bootstrap
2025-10-08,39.59999847,41.15000153,39.04999924,40.5,6641213,0,1,40.43096591,yahoo_bootstrap
2025-10-09,40.5,40.75,39.5,39.79999924,3995008,0,1,39.73215833,yahoo_bootstrap
2025-10-13,37,39.84999847,36.90000153,39.70000076,2630500,0,1,39.6323303,yahoo_bootstrap
2025-10-14,40.04999924,40.40000153,37.70000076,37.79999924,3959254,0,1,37.73556742,yahoo_bootstrap
2025-10-15,38,38.45000076,36.90000153,37.25,1630038,0,1,37.18650568,yahoo_bootstrap
2025-10-16,37.34999847,38.54999924,36.95000076,37.34999847,1674635,0,1,37.2863337,yahoo_bootstrap
2025-10-17,36.95000076,37.95000076,36.84999847,37.54999924,1232000,0,1,37.48599356,yahoo_bootstrap
2025-10-20,37.5,38.20000076,36.40000153,36.5,2053352,0,1,36.43778409,yahoo_bootstrap
2025-10-21,36.95000076,37.40000153,36.34999847,36.75,1354807,0,1,36.68735795,yahoo_bootstrap
2025-10-22,36.70000076,37.29999924,36.20000076,36.70000076,1160422,0,1,36.63744394,yahoo_bootstrap
2025-10-23,36.5,36.70000076,35.04999924,35.25,2098573,0,1,35.18991477,yahoo_bootstrap
2025-10-27,35.59999847,37.70000076,35.40000153,37.40000153,3404235,0,1,37.33625153,yahoo_bootstrap
2025-10-28,37.40000153,38.25,36.59999847,36.59999847,3279313,0,1,36.53761211,yahoo_bootstrap
2025-10-29,37,37.84999847,36.34999847,36.5,2425462,0,1,36.43778409,yahoo_bootstrap
2025-10-30,36.45000076,36.45000076,35,35.5,1837030,0,1,35.43948864,yahoo_bootstrap
2025-10-31,35.79999924,36.15000153,35.09999847,35.20000076,1146000,0,1,35.14000076,yahoo_bootstrap
2025-11-03,35.20000076,35.20000076,34.5,34.54999924,1024079,0,1,34.4911072,yahoo_bootstrap
2025-11-04,34.5,34.70000076,33.84999847,34,1080001,0,1,33.94204545,yahoo_bootstrap
2025-11-05,33.5,34.25,33.20000076,34.20000076,761500,0,1,34.1417053,yahoo_bootstrap
2025-11-06,34.45000076,37,34.20000076,36.25,2723212,0,1,36.18821023,yahoo_bootstrap
2025-11-07,36,36.04999924,34.59999847,34.84999847,1044230,0,1,34.79059506,yahoo_bootstrap
2025-11-10,35,35.84999847,34.65000153,35.70000076,791015,0,1,35.63914849,yahoo_bootstrap
2025-11-11,35.04999924,38,35.04999924,37.29999924,4206545,0,1,37.2364197,yahoo_bootstrap
2025-11-12,37.20000076,38.09999847,37,37.5,2287050,0,1,37.43607955,yahoo_bootstrap
2025-11-13,37.29999924,37.29999924,36.20000076,37.29999924,1448088,0,1,37.2364197,yahoo_bootstrap
2025-11-14,36.54999924,37.95000076,36.5,37.5,2814346,0,1,37.43607955,yahoo_bootstrap
2025-11-17,37.59999847,41.25,37.29999924,40.29999924,15059732,0,1,40.23130606,yahoo_bootstrap
2025-11-18,40.5,40.70000076,37.79999924,37.84999847,6500209,0,1,37.78548143,yahoo_bootstrap
2025-11-19,37.84999847,39.70000076,36.70000076,38.79999924,3974568,0,1,38.73386288,yahoo_bootstrap
2025-11-20,39.90000153,41,38.90000153,39.20000076,6636197,0,1,39.13318258,yahoo_bootstrap
2025-11-21,37,38.59999847,36.5,37.04999924,3524763,0,1,36.98684583,yahoo_bootstrap
2025-11-24,37.45000076,40.75,37.45000076,40.25,10350050,0,1,40.18139205,yahoo_bootstrap
2025-11-25,41.75,44.25,41.29999924,44.25,15991844,0,1,44.17457386,yahoo_bootstrap
2025-11-26,45.90000153,46.40000153,39.84999847,39.84999847,34334281,0,1,39.78207234,yahoo_bootstrap
2025-11-27,39,40.79999924,37.84999847,40.54999924,14825481,0,1,40.48087992,yahoo_bootstrap
2025-11-28,40.09999847,41.15000153,38.25,41.15000153,12037527,0,1,41.07985948,yahoo_bootstrap
2025-12-01,39.59999847,40,38.09999847,38.09999847,9380553,0,1,38.03505529,yahoo_bootstrap
2025-12-02,37.79999924,38.5,37.65000153,37.90000153,3906708,0,1,37.83539925,yahoo_bootstrap
2025-12-03,38.25,38.65000153,37.75,37.95000076,3073693,0,1,37.88531326,yahoo_bootstrap
2025-12-04,38,38.25,37.25,37.45000076,2526442,0,1,37.38616553,yahoo_bootstrap
2025-12-05,37.59999847,37.90000153,37.15000153,37.15000153,1722348,0,1,37.08667766,yahoo_bootstrap
2025-12-08,37.29999924,38.09999847,37.29999924,37.90000153,1741102,0,1,37.83539925,yahoo_bootstrap
2025-12-09,37.95000076,38.79999924,37.45000076,38.65000153,2312340,0,1,38.58412085,yahoo_bootstrap
2025-12-10,38.79999924,39.40000153,37.90000153,37.95000076,2957386,0,1,37.88531326,yahoo_bootstrap
2025-12-11,38.45000076,40.84999847,38.34999847,39.20000076,8273572,0,1,39.13318258,yahoo_bootstrap
2025-12-12,39.84999847,39.84999847,38.40000153,38.5,3762607,0,1,38.434375,yahoo_bootstrap
2025-12-15,38,39.70000076,37.70000076,39.5,2987652,0,1,39.43267045,yahoo_bootstrap
2025-12-16,39.5,39.65000153,37.90000153,38,2620100,0,1,37.93522727,yahoo_bootstrap
2025-12-17,38.40000153,38.5,37.79999924,38.20000076,1003484,0,1,38.13488712,yahoo_bootstrap
2025-12-18,38.04999924,39.34999847,37.65000153,37.79999924,2685225,0,1,37.73556742,yahoo_bootstrap
2025-12-19,38,41.54999924,38,41.54999924,12612779,0,1,41.47917538,yahoo_bootstrap
2025-12-22,42.59999847,45.70000076,41.84999847,43.40000153,24316606,0,1,43.32602425,yahoo_bootstrap
2025-12-23,43.65000153,47.70000076,43.5,47.70000076,15410705,0,1,47.61869394,yahoo_bootstrap
2025-12-24,49,49.65000153,43.09999847,44.40000153,31799227,0,1,44.32431971,yahoo_bootstrap
2025-12-26,43.95000076,45.59999847,43.65000153,44,9096610,0,1,43.925,yahoo_bootstrap
2025-12-29,43.90000153,44.09999847,42.90000153,43,5190331,0,1,42.92670455,yahoo_bootstrap
2025-12-30,43,43.79999924,42.70000076,43.29999924,2788256,0,1,43.22619242,yahoo_bootstrap
2025-12-31,43.34999847,45.20000076,43.09999847,43.34999847,5770559,0,1,43.27610643,yahoo_bootstrap
2026-01-02,43.75,47,43.34999847,45.25,10956583,0,1,45.17286932,yahoo_bootstrap
2026-01-05,46.29999924,49.25,44.5,48.15000153,25072623,0,1,48.06792766,yahoo_bootstrap
2026-01-06,48,49.65000153,46.70000076,48.65000153,27345574,0,1,48.56707539,yahoo_bootstrap
2026-01-07,49.5,52,48,52,18606767,0,1,51.91136364,yahoo_bootstrap
2026-01-08,49.5,49.54999924,46.79999924,46.79999924,19014782,0,1,46.72022651,yahoo_bootstrap
2026-01-09,46.34999847,46.65000153,43.40000153,45.59999847,8611537,0,1,45.5222712,yahoo_bootstrap
2026-01-12,45.59999847,48.09999847,45.20000076,47,9420207,0,1,46.91988636,yahoo_bootstrap
2026-01-13,47.5,49.40000153,46.70000076,48.34999847,22134711,0,1,48.2675837,yahoo_bootstrap
2026-01-14,48.5,50.29999924,47.29999924,47.70000076,15254630,0,1,47.61869394,yahoo_bootstrap
2026-01-15,47.5,48.59999847,46.70000076,47.45000076,7966192,0,1,47.36912008,yahoo_bootstrap
2026-01-16,47.75,48,46.75,46.95000076,4771982,0,1,46.86997235,yahoo_bootstrap
2026-01-19,46.95000076,48.20000076,46.40000153,47.84999847,6256954,0,1,47.76843597,yahoo_bootstrap
2026-01-20,48.29999924,49.15000153,47.34999847,47.45000076,6554287,0,1,47.36912008,yahoo_bootstrap
2026-01-21,47.09999847,48.70000076,46.54999924,46.90000153,5090801,0,1,46.82005835,yahoo_bootstrap
2026-01-22,47.79999924,48.34999847,46.5,46.70000076,4374725,0,1,46.62039849,yahoo_bootstrap
2026-01-23,47.15000153,47.45000076,45.09999847,45.25,4540300,0,1,45.17286932,yahoo_bootstrap
2026-01-26,45.25,47.34999847,45.04999924,46.70000076,3460564,0,1,46.62039849,yahoo_bootstrap
2026-01-27,47.34999847,47.59999847,46.20000076,46.29999924,3358292,0,1,46.22107879,yahoo_bootstrap
2026-01-28,46.59999847,48,46.20000076,46.25,3945320,0,1,46.17116477,yahoo_bootstrap
2026-01-29,46.34999847,46.65000153,44.09999847,44.20000076,3779756,0,1,44.12465985,yahoo_bootstrap
2026-01-30,44.09999847,44.84999847,42.5,43.40000153,2645113,0,1,43.32602425,yahoo_bootstrap
2026-02-02,43.04999924,43.04999924,40.95000076,41.34999847,2804343,0,1,41.27951552,yahoo_bootstrap
2026-02-03,42.20000076,43.40000153,41.54999924,42.54999924,1942056,0,1,42.47747083,yahoo_bootstrap
2026-02-04,43,44.20000076,42.59999847,43.59999847,2340127,0,1,43.52568029,yahoo_bootstrap
2026-02-05,43.20000076,43.5,42.09999847,42.5,1251647,0,1,42.42755682,yahoo_bootstrap
2026-02-06,41.29999924,41.34999847,39.65000153,40.84999847,2412060,0,1,40.78036779,yahoo_bootstrap
2026-02-09,42,42.79999924,40.65000153,40.65000153,1281896,0,1,40.58071175,yahoo_bootstrap
2026-02-10,40.90000153,41.5,40.5,40.5,1436211,0,1,40.43096591,yahoo_bootstrap
2026-02-11,41.5,42.25,40.5,42.15000153,1566119,0,1,42.07815494,yahoo_bootstrap
2026-02-23,43.45000076,46.34999847,43.45000076,46.34999847,6217707,0,1,46.27099279,yahoo_bootstrap
2026-02-24,45.79999924,48.20000076,45.5,47.75,8039961,0,1,47.66860795,yahoo_bootstrap
2026-02-25,47.95000076,49,47.5,47.75,5961625,0,1,47.66860795,yahoo_bootstrap
2026-02-26,47.90000153,48.45000076,46.90000153,47.70000076,3636277,0,1,47.61869394,yahoo_bootstrap
2026-03-02,45.79999924,50.40000153,45.65000153,48.65000153,9370050,0,1,48.56707539,yahoo_bootstrap
2026-03-03,48.65000153,51.90000153,47.90000153,49.70000076,9775575,0,1,49.61528485,yahoo_bootstrap
2026-03-04,49,49,45.34999847,46.5,4671471,0,1,46.42073864,yahoo_bootstrap
2026-03-05,48.29999924,49.79999924,47.79999924,48.5,8322248,0,1,48.41732955,yahoo_bootstrap
2026-03-06,48.54999924,49.25,47.5,47.5,8819097,0,1,47.41903409,yahoo_bootstrap
2026-03-09,44,45.75,43.59999847,45.45000076,4003315,0,1,45.37252917,yahoo_bootstrap
2026-03-10,46.5,47.40000153,45.09999847,46.40000153,2661201,0,1,46.32091062,yahoo_bootstrap
2026-03-11,46.5,50.70000076,46.5,50.29999924,7666058,0,1,50.2142606,yahoo_bootstrap
2026-03-12,49.29999924,55.29999924,49,55.29999924,14594557,0,1,55.20573788,yahoo_bootstrap
2026-03-13,55,60.79999924,53,60.79999924,23268253,0,1,60.69636288,yahoo_bootstrap
2026-03-16,63.59999847,63.59999847,54.79999924,55.29999924,34054400,0,1,55.20573788,yahoo_bootstrap
2026-03-17,55.09999847,58.79999924,54.09999847,55.5,16766513,0,1,55.40539773,yahoo_bootstrap
2026-03-18,55.59999847,55.90000153,52.59999847,55.29999924,10039162,0,1,55.20573788,yahoo_bootstrap
2026-03-19,55,57.70000076,54.40000153,54.70000076,10456343,0,1,54.60676212,yahoo_bootstrap
2026-03-20,55.09999847,56.40000153,53.20000076,53.40000153,6786932,0,1,53.3089788,yahoo_bootstrap
2026-03-23,52.29999924,54.20000076,51.90000153,52.09999847,4168700,0,1,52.01119165,yahoo_bootstrap
2026-03-24,53,53.5,50.29999924,50.79999924,3154045,0,1,50.71340833,yahoo_bootstrap
2026-03-25,52.40000153,53.09999847,51.29999924,51.5,3755674,0,1,51.41221591,yahoo_bootstrap
2026-03-26,51.40000153,51.90000153,48.54999924,48.54999924,6535350,0,1,48.46724356,yahoo_bootstrap
2026-03-27,47.75,53,47.75,50.70000076,8764293,0,1,50.6135803,yahoo_bootstrap
2026-03-30,50,51.90000153,49,49,3773975,0,1,48.91647727,yahoo_bootstrap
2026-03-31,49.40000153,51.20000076,47.79999924,48.5,3721075,0,1,48.41732955,yahoo_bootstrap
2026-04-01,50,50.70000076,49.25,49.25,2361080,0,1,49.16605114,yahoo_bootstrap
2026-04-02,49.5,50,48.09999847,48.09999847,2614160,0,1,48.01800984,yahoo_bootstrap
2026-04-07,49.09999847,49.15000153,46.70000076,47.09999847,2454570,0,1,47.01971438,yahoo_bootstrap
2026-04-08,47.90000153,50.79999924,47.79999924,50.40000153,3185939,0,1,50.31409244,yahoo_bootstrap
2026-04-09,50.59999847,51.79999924,49.70000076,50.70000076,2834091,0,1,50.6135803,yahoo_bootstrap
2026-04-10,53.79999924,55.70000076,51.90000153,55.70000076,10461949,0,1,55.60505758,yahoo_bootstrap
2026-04-13,57,59.90000153,55.5,58.40000153,21236671,0,1,58.30045607,yahoo_bootstrap
2026-04-14,58.09999847,59.40000153,56.79999924,58.09999847,7775952,0,1,58.00096438,yahoo_bootstrap
2026-04-15,58.70000076,58.79999924,56.79999924,57.09999847,4466489,0,1,57.00266893,yahoo_bootstrap
2026-04-16,57.09999847,57.09999847,53.40000153,54.20000076,6239428,0,1,54.1076144,yahoo_bootstrap
2026-04-17,54,57.29999924,53.70000076,56.29999924,5262254,0,1,56.20403333,yahoo_bootstrap
2026-04-20,56.29999924,59.59999847,56.20000076,57.5,8969892,0,1,57.40198864,yahoo_bootstrap
2026-04-21,58,59.29999924,55.59999847,59,7292785,0,1,58.89943182,yahoo_bootstrap
2026-04-22,58.5,64.90000153,58,64.90000153,17433879,0,1,64.78937653,yahoo_bootstrap
2026-04-23,68.90000153,70.30000305,59.29999924,64.30000305,39777054,0,1,64.19040077,yahoo_bootstrap
2026-04-24,67.59999847,70.69999695,65.59999847,70.69999695,24058258,0,1,70.57948559,yahoo_bootstrap
2026-04-27,75.5,76.69999695,66,73.80000305,43281126,0,1,73.67420759,yahoo_bootstrap
2026-04-28,74.5,79.5,70.5,75.69999695,19137857,0,1,75.57096286,yahoo_bootstrap
2026-04-29,74.59999847,83.19999695,74.30000305,83.19999695,18432611,0,1,83.05817877,yahoo_bootstrap
2026-04-30,81.80000305,84.59999847,80.19999695,81.5,27969578,0,1,81.36107955,yahoo_bootstrap
2026-05-04,81,85,80.5,81.5,11505483,0,1,81.36107955,yahoo_bootstrap
2026-05-05,82,84.5,78.59999847,80,11767312,0,1,79.86363636,yahoo_bootstrap
2026-05-06,79.59999847,80.80000305,74.80000305,78.09999847,9445486,0,1,77.96687347,yahoo_bootstrap
2026-05-07,78.19999695,83,76.59999847,78.19999695,9914766,0,1,78.0667015,yahoo_bootstrap
2026-05-08,77.40000153,78.5,71.09999847,72.30000305,8534762,0,1,72.17676441,yahoo_bootstrap
2026-05-11,72.80000305,77.59999847,72.80000305,76.30000305,8508800,0,1,76.16994623,yahoo_bootstrap
2026-05-12,76.30000305,80.30000305,75.30000305,78.59999847,9191212,0,1,78.4660212,yahoo_bootstrap
2026-05-13,79.59999847,85,78.59999847,80,21954554,0,1,79.86363636,yahoo_bootstrap
2026-05-14,80,80.59999847,77.5,79.5,8074638,0,1,79.36448864,yahoo_bootstrap
2026-05-15,80.19999695,87.40000153,77.09999847,87.40000153,21293540,0,1,87.25102425,yahoo_bootstrap
2026-05-18,88,90,84,87.69999695,39434276,0,1,87.55050832,yahoo_bootstrap
2026-05-19,88,92.69999695,85.59999847,87.5,22028120,0,1,87.35085227,yahoo_bootstrap
2026-05-20,87.40000153,87.80000305,82.59999847,84.59999847,9685475,0,1,84.45579393,yahoo_bootstrap
2026-05-21,85.19999695,93,85.09999847,93,23315529,0,1,92.84147727,yahoo_bootstrap
2026-05-22,94,102,94,102,14999369,0,1,101.82613636,yahoo_bootstrap
2026-05-25,109,112,101,104.5,23924102,0,1,104.321875,yahoo_bootstrap
2026-05-26,103,104.5,95.5,97,13003458,0,1,96.83465909,yahoo_bootstrap
2026-05-27,97.30000305,103,95.19999695,96.5,11807212,0,1,96.33551136,yahoo_bootstrap
2026-05-28,96.80000305,98,92.30000305,94.19999695,8232379,0,1,94.03942877,yahoo_bootstrap
2026-05-29,95.19999695,95.80000305,90.40000153,94,8796552,0,1,93.83977273,yahoo_bootstrap
2026-06-01,94.5,99.30000305,93.80000305,95.40000153,8495219,0,1,95.23738789,yahoo_bootstrap
2026-06-02,96.19999695,98.5,93.5,95.5,7229216,0,1,95.33721591,yahoo_bootstrap
2026-06-03,97,97,94.19999695,94.19999695,4675442,0,1,94.03942877,yahoo_bootstrap
2026-06-04,94.40000153,95.80000305,91,91,5059705,0,1,90.84488636,yahoo_bootstrap
2026-06-05,91,95.80000305,89.80000305,93,6465769,0,1,92.84147727,yahoo_bootstrap
2026-06-08,83.69999695,95.30000305,83.69999695,92.80000305,8727422,0,1,92.64182123,yahoo_bootstrap
2026-06-09,93,94.80000305,92,92.90000153,5504985,0,1,92.74164925,yahoo_bootstrap
2026-06-10,92.90000153,94.5,86.40000153,87.09999847,6634427,0,1,86.95153256,yahoo_bootstrap
2026-06-11,86.90000153,88.80000305,82.80000305,85.5,6637328,0,1,85.35426136,yahoo_bootstrap
2026-06-12,87.59999847,88.19999695,85.40000153,85.40000153,2878496,0,1,85.25443335,yahoo_bootstrap
2026-06-15,86.59999847,91,85.19999695,85.59999847,4994020,0,1,85.45408938,yahoo_bootstrap
2026-06-16,86.19999695,87,84.69999695,85.40000153,1935303,0,1,85.25443335,yahoo_bootstrap
2026-06-17,85.5,93.90000153,85.09999847,93.90000153,8275139,0,1,93.73994471,yahoo_bootstrap
2026-06-18,95.59999847,97.90000153,93.5,94.09999847,10925470,0,1,93.93960075,yahoo_bootstrap
2026-06-22,95,103.5,93.59999847,102,17291479,0,1,101.82613636,yahoo_bootstrap
2026-06-23,102,102.5,95.90000153,96.5,9190533,0,1,96.33551136,yahoo_bootstrap
2026-06-24,92.80000305,97,92.80000305,95,5007940,0,1,94.83806818,yahoo_bootstrap
2026-06-25,98,98,93,93.59999847,5257400,0,1,93.44045302,yahoo_bootstrap
2026-06-26,93.59999847,94.5,88,88,2967474,0,1,87.85,yahoo_bootstrap
2026-06-29,89,92,87.5,88,2867812,0,1,87.85,yahoo_bootstrap
2026-06-30,90.80000305,91.5,88.40000153,89.80000305,2323071,0.15,1,89.80000305,yahoo_bootstrap
2026-07-01,90.5,95,89.80000305,91.40000153,5190101,0,1,91.40000153,yahoo_bootstrap
2026-07-02,91.5,93.90000153,90,92.30000305,4410800,0,1,92.30000305,yahoo_bootstrap
2026-07-03,91.80000305,96,91.59999847,92.69999695,4260449,0,1,92.69999695,yahoo_bootstrap
2026-07-06,93.5,101.5,92.19999695,101.5,9804268,0,1,101.5,yahoo_bootstrap
2026-07-07,100,101,91.40000153,91.40000153,17112082,0,1,91.40000153,yahoo_bootstrap
2026-07-08,92.80000305,93,88.69999695,91.69999695,4630412,0,1,91.69999695,yahoo_bootstrap
2026-07-09,91.5,92.30000305,90,90.90000153,2401391,0,1,90.90000153,yahoo_bootstrap
2026-07-10,90.90000153,90.90000153,90.90000153,90.90000153,0,0,1,90.90000153,yahoo_bootstrap
2026-07-13,91.5,93.40000153,86.69999695,89.5,3622480,0,1,89.5,yahoo_bootstrap
2026-07-14,89.80000305,89.90000153,83.30000305,87.80000305,3262487,0,1,87.80000305,yahoo_bootstrap
2026-07-15,88.5,93.90000153,87.30000305,93.90000153,3882402,0,1,93.90000153,yahoo_bootstrap
2026-07-16,92.5,93.09999847,90.09999847,91,2202846,0,1,91,yahoo_bootstrap
2026-07-17,88.5,89.19999695,81.90000153,82.40000153,4283232,0,1,82.40000153,yahoo_bootstrap
2026-07-20,83,83,74.5,77,3470657,0,1,77,yahoo_bootstrap
2026-07-21,78.19999695,81.59999847,77.80000305,81.30000305,1714505,0,1,81.30000305,yahoo_bootstrap
2026-07-22,82.40000153,83.80000305,80.19999695,80.30000305,1424230,0,1,80.30000305,yahoo_bootstrap
2026-07-23,80.59999847,82.09999847,78.09999847,79.19999695,1389030,0,1,79.19999695,yahoo_bootstrap
2026-07-24,78.19999695,80.19999695,76,76,1261119,0,1,76,yahoo_bootstrap
2026-07-27,75.80000305,76.59999847,73.09999847,76,1360336,0,1,76,yahoo_daily
2026-07-28,73.19999695,73.19999695,69.69999695,71.09999847,2406072,0,1,71.09999847,yahoo_daily
2026-07-29,71.09999847,71.5,64,65.40000153,3522047,0,1,65.40000153,yahoo_daily
2026-07-30,64.09999847,67.69999695,61.70000076,62.29999924,2086472,0,1,62.29999924,yahoo_daily
2026-07-31,68.5,68.5,66.40000153,67.80000305,1944268,0,1,67.80000305,yahoo_daily
2026-08-03,66.80000305,72.5,66.80000305,70.80000305,1601054,0,1,70.80000305,yahoo_daily
2026-08-04,70.30000305,72.40000153,69.80000305,72.40000153,994242,0,1,72.40000153,yahoo_daily
2026-08-05,74.19999695,78.40000153,73.59999847,73.90000153,2566374,0,1,73.90000153,yahoo_daily
2026-08-06,73.59999847,75,71.5,75,1069300,0,1,75,yahoo_daily
2026-08-07,74.59999847,75.69999695,72.09999847,72.19999695,1217678,0,1,72.19999695,yahoo_daily
2026-08-10,73.40000153,77,73.40000153,76.5,1756130,0,1,76.5,yahoo_daily
2026-08-11,76.09999847,77.5,75,76.59999847,2498533,0,1,76.59999847,yahoo_daily
2026-08-12,77,82.30000305,76.59999847,79.30000305,3129008,0,1,79.30000305,yahoo_daily
2026-08-13,79.59999847,80.80000305,76.19999695,76.40000153,2652700,0,1,76.40000153,yahoo_daily
2026-08-14,77.30000305,77.69999695,74.30000305,75.09999847,1241250,0,1,75.09999847,yahoo_daily
2026-08-17,80,82.59999847,80,82.59999847,4976017,0,1,82.59999847,yahoo_daily
2026-08-18,84.19999695,90.80000305,83.19999695,89.09999847,14455773,0,1,89.09999847,yahoo_daily
2026-08-19,88,95.80000305,87.5,92.69999695,18230226,0,1,92.69999695,yahoo_daily
2026-08-20,93.09999847,94.80000305,88.80000305,91.59999847,6855279,0,1,91.59999847,yahoo_daily
2026-08-21,90,91.5,86.19999695,90.19999695,5622602,0,1,90.19999695,yahoo_daily
2026-08-24,89.80000305,93,88.90000153,90,3636600,0,1,90,yahoo_daily
2026-08-25,89,93,88.90000153,91.30000305,4370726,0,1,91.30000305,yahoo_daily
2026-08-26,91.80000305,96.5,91.19999695,94.40000153,6278308,0,1,94.40000153,yahoo_daily
2026-08-27,95,99.40000153,94.09999847,96.90000153,8044929,0,1,96.90000153,yahoo_daily
2026-08-28,97.09999847,100.5,95.30000305,98.09999847,7693400,0,1,98.09999847,yahoo_daily
2026-08-31,98.09999847,106,97.30000305,99.90000153,10074186,0,1,99.90000153,yahoo_daily
2026-09-01,100,101,94.5,95.30000305,7483744,0,1,95.30000305,yahoo_daily
2026-09-02,94.90000153,96.5,93.40000153,94.19999695,3181069,0,1,94.19999695,yahoo_daily
