date,open,high,low,close,volume,dividend,split_factor,adjusted_close,source
2021-09-02,28.10000038,28.10000038,27.70000076,27.70000076,171851,0,1,25.4932712,yahoo_bootstrap
2021-09-03,27.70000076,27.95000076,27.70000076,27.89999962,120200,0,1,25.67733708,yahoo_bootstrap
2021-09-06,27.89999962,28,27.64999962,27.64999962,150613,0,1,25.44725341,yahoo_bootstrap
2021-09-07,27.60000038,27.70000076,27.5,27.5,114200,0,1,25.30920356,yahoo_bootstrap
2021-09-08,27.54999924,27.54999924,26.70000076,26.85000038,406532,0,1,24.71098637,yahoo_bootstrap
2021-09-09,26.85000038,27,26.60000038,26.79999924,115390,0,1,24.66496859,yahoo_bootstrap
2021-09-10,26.85000038,27,26.79999924,27,129002,0,1,24.84903622,yahoo_bootstrap
2021-09-13,27.14999962,27.45000076,27.14999962,27.45000076,115386,0,1,25.26318753,yahoo_bootstrap
2021-09-14,27.54999924,27.54999924,27.29999924,27.35000038,94022,0,1,25.17115371,yahoo_bootstrap
2021-09-15,27.39999962,27.39999962,27,27.10000038,149121,0,1,24.94107004,yahoo_bootstrap
2021-09-16,27.14999962,27.20000076,27,27,117553,0,1,24.84903622,yahoo_bootstrap
2021-09-17,27,27.45000076,27,27.45000076,125701,0,1,25.26318753,yahoo_bootstrap
2021-09-22,27.10000038,27.35000038,27.10000038,27.10000038,192040,0,1,24.94107004,yahoo_bootstrap
2021-09-23,27.5,27.5,27.20000076,27.20000076,100956,0,1,25.03310386,yahoo_bootstrap
2021-09-24,27.29999924,27.70000076,27.29999924,27.70000076,265514,0,1,25.4932712,yahoo_bootstrap
2021-09-27,27.70000076,28,27.70000076,27.89999962,250777,0,1,25.67733708,yahoo_bootstrap
2021-09-28,27.95000076,27.95000076,27.79999924,27.85000038,166813,0,1,25.63132105,yahoo_bootstrap
2021-09-29,27.70000076,27.70000076,27.25,27.29999924,220390,0,1,25.12513593,yahoo_bootstrap
2021-09-30,27.39999962,27.39999962,27.14999962,27.35000038,105777,0,1,25.17115371,yahoo_bootstrap
2021-10-01,27.35000038,27.54999924,26.79999924,26.89999962,321202,0,1,24.75700241,yahoo_bootstrap
2021-10-04,26.95000076,27,26.25,26.29999924,202396,0,1,24.20480125,yahoo_bootstrap
2021-10-05,26.20000076,26.5,26,26.45000076,82702,0,1,24.34285285,yahoo_bootstrap
2021-10-06,26.5,26.75,26.29999924,26.35000038,87000,0,1,24.25081903,yahoo_bootstrap
2021-10-07,26.35000038,26.85000038,26.35000038,26.75,74276,0,1,24.61895255,yahoo_bootstrap
2021-10-08,26.75,27.5,26.75,27.5,139806,0,1,25.30920356,yahoo_bootstrap
2021-10-12,27.5,27.70000076,27.29999924,27.5,113259,0,1,25.30920356,yahoo_bootstrap
2021-10-13,27.64999962,27.75,27.35000038,27.39999962,155120,0,1,25.21716974,yahoo_bootstrap
2021-10-14,27.45000076,27.70000076,27.45000076,27.70000076,140394,0,1,25.4932712,yahoo_bootstrap
2021-10-15,27.89999962,27.89999962,27.70000076,27.79999924,92488,0,1,25.58530326,yahoo_bootstrap
2021-10-18,27.85000038,27.95000076,27.64999962,27.79999924,68800,0,1,25.58530326,yahoo_bootstrap
2021-10-19,27.95000076,27.95000076,27.75,27.85000038,101810,0,1,25.63132105,yahoo_bootstrap
2021-10-20,27.89999962,28,27.75,28,111533,0,1,25.7693709,yahoo_bootstrap
2021-10-21,28,28.10000038,27.89999962,28,131377,0,1,25.7693709,yahoo_bootstrap
2021-10-22,28.04999924,28.04999924,27.75,27.85000038,99315,0,1,25.63132105,yahoo_bootstrap
2021-10-25,28,28,27.79999924,27.95000076,50992,0,1,25.72335486,yahoo_bootstrap
2021-10-26,28.14999962,28.14999962,28,28,126534,0,1,25.7693709,yahoo_bootstrap
2021-10-27,28.20000076,28.75,28.04999924,28.64999962,372749,0,1,26.36758809,yahoo_bootstrap
2021-10-28,28.79999924,28.79999924,28.54999924,28.60000038,159672,0,1,26.32157205,yahoo_bootstrap
2021-10-29,28.75,28.79999924,28.25,28.39999962,140363,0,1,26.13750442,yahoo_bootstrap
2021-11-01,28.25,28.60000038,28.14999962,28.29999924,203405,0,1,26.0454706,yahoo_bootstrap
2021-11-02,28.5,28.60000038,28.20000076,28.25,133402,0,1,25.99945457,yahoo_bootstrap
2021-11-03,28.45000076,28.45000076,28.25,28.39999962,131001,0,1,26.13750442,yahoo_bootstrap
2021-11-04,28.5,28.64999962,28.5,28.60000038,268751,0,1,26.32157205,yahoo_bootstrap
2021-11-05,28.60000038,29.10000038,28.60000038,29,622951,0,1,26.68970557,yahoo_bootstrap
2021-11-08,29.20000076,29.20000076,28.64999962,28.95000076,236956,0,1,26.64368954,yahoo_bootstrap
2021-11-09,28.95000076,28.95000076,28.85000038,28.95000076,113050,0,1,26.64368954,yahoo_bootstrap
2021-11-10,28.95000076,29.20000076,28.89999962,29.20000076,378806,0,1,26.87377321,yahoo_bootstrap
2021-11-11,29.25,29.29999924,29.04999924,29.20000076,303761,0,1,26.87377321,yahoo_bootstrap
2021-11-12,29.35000038,29.35000038,29.10000038,29.14999962,172204,0,1,26.82775542,yahoo_bootstrap
2021-11-15,29.25,29.25,28.89999962,29.10000038,200744,0,1,26.78173939,yahoo_bootstrap
2021-11-16,29.10000038,29.14999962,28.95000076,29.14999962,158548,0,1,26.82775542,yahoo_bootstrap
2021-11-17,29.25,29.25,29,29.20000076,239638,0,1,26.87377321,yahoo_bootstrap
2021-11-18,29.20000076,29.25,29.10000038,29.25,288338,0,1,26.91978924,yahoo_bootstrap
2021-11-19,29.29999924,29.64999962,29.25,29.29999924,494190,0,1,26.96580528,yahoo_bootstrap
2021-11-22,29.29999924,29.5,29.14999962,29.5,286110,0,1,27.14987291,yahoo_bootstrap
2021-11-23,29.5,29.54999924,29.20000076,29.35000038,294525,0,1,27.01182306,yahoo_bootstrap
2021-11-24,29.35000038,29.45000076,29.14999962,29.39999962,183435,0,1,27.05783909,yahoo_bootstrap
2021-11-25,29.5,29.5,29.25,29.39999962,134652,0,1,27.05783909,yahoo_bootstrap
2021-11-26,29.5,29.60000038,28.85000038,28.89999962,387140,0,1,26.59767176,yahoo_bootstrap
2021-11-29,28.75,28.79999924,28.20000076,28.60000038,320051,0,1,26.32157205,yahoo_bootstrap
2021-11-30,29,29.10000038,29,29,205400,0,1,26.68970557,yahoo_bootstrap
2021-12-01,28.89999962,29.75,28.89999962,29.29999924,728041,0,1,26.96580528,yahoo_bootstrap
2021-12-02,29.29999924,29.29999924,28.95000076,29.20000076,222954,0,1,26.87377321,yahoo_bootstrap
2021-12-03,29.20000076,29.20000076,29.10000038,29.10000038,85676,0,1,26.78173939,yahoo_bootstrap
2021-12-06,29.04999924,29.29999924,28.89999962,29.10000038,158100,0,1,26.78173939,yahoo_bootstrap
2021-12-07,29.29999924,29.29999924,29.14999962,29.20000076,165860,0,1,26.87377321,yahoo_bootstrap
2021-12-08,29.35000038,29.39999962,29.20000076,29.25,265910,0,1,26.91978924,yahoo_bootstrap
2021-12-09,29.35000038,29.39999962,29.25,29.35000038,298255,0,1,27.01182306,yahoo_bootstrap
2021-12-10,29.45000076,29.45000076,29.29999924,29.35000038,316024,0,1,27.01182306,yahoo_bootstrap
2021-12-13,29.54999924,31.89999962,29.54999924,31.35000038,3115876,0,1,28.85249241,yahoo_bootstrap
2021-12-14,31.20000076,31.70000076,30.54999924,30.54999924,1237903,0,1,28.11622362,yahoo_bootstrap
2021-12-15,30.29999924,30.79999924,30.14999962,30.29999924,440049,0,1,27.88613995,yahoo_bootstrap
2021-12-16,30.70000076,31.14999962,30.20000076,30.29999924,431747,0,1,27.88613995,yahoo_bootstrap
2021-12-17,30.29999924,30.35000038,29.95000076,30,757010,0,1,27.61004025,yahoo_bootstrap
2021-12-20,30.14999962,30.39999962,29.79999924,30.14999962,489736,0,1,27.7480901,yahoo_bootstrap
2021-12-21,30.20000076,30.39999962,29.89999962,30.35000038,286148,0,1,27.93215773,yahoo_bootstrap
2021-12-22,30.54999924,30.64999962,30.10000038,30.64999962,229700,0,1,28.20825744,yahoo_bootstrap
2021-12-23,30.70000076,31.70000076,30.60000038,31.25,1235168,0,1,28.76045859,yahoo_bootstrap
2021-12-24,31.95000076,34.34999847,31.5,34.34999847,7929658,0,1,31.61349468,yahoo_bootstrap
2021-12-27,36.09999847,37.75,36.09999847,37.75,10649652,0,1,34.74263398,yahoo_bootstrap
2021-12-28,39.59999847,39.90000153,36.40000153,36.79999924,35699950,0,1,33.86831534,yahoo_bootstrap
2021-12-29,37.25,37.45000076,36,36.59999847,9320750,0,1,33.68424769,yahoo_bootstrap
2021-12-30,36.34999847,37.79999924,36.20000076,37,7766252,0,1,34.05238297,yahoo_bootstrap
2022-01-03,36.40000153,36.65000153,35,35.20000076,4549939,0,1,32.39578126,yahoo_bootstrap
2022-01-04,34.90000153,35.5,34.65000153,35.5,2274682,0,1,32.67188096,yahoo_bootstrap
2022-01-05,35,35.34999847,34,34.54999924,2027669,0,1,31.79756232,yahoo_bootstrap
2022-01-06,34.45000076,35.95000076,34.09999847,34.90000153,4837351,0,1,32.11968156,yahoo_bootstrap
2022-01-07,35,35.20000076,33.09999847,33.84999847,2945263,0,1,31.15332734,yahoo_bootstrap
2022-01-10,33.29999924,34.75,33.25,34.5,2359503,0,1,31.75154629,yahoo_bootstrap
2022-01-11,34.09999847,35.40000153,33.75,34.59999847,5116798,0,1,31.84357834,yahoo_bootstrap
2022-01-12,34.79999924,35.54999924,34.40000153,35.20000076,3570865,0,1,32.39578126,yahoo_bootstrap
2022-01-13,35.04999924,35.65000153,34.90000153,35.40000153,2726278,0,1,32.5798489,yahoo_bootstrap
2022-01-14,35.29999924,35.34999847,33.79999924,34.70000076,3931189,0,1,31.93561392,yahoo_bootstrap
2022-01-17,35.70000076,36.09999847,35.04999924,35.04999924,7019057,0,1,32.25772966,yahoo_bootstrap
2022-01-18,35.5,35.5,34.20000076,34.5,1812282,0,1,31.75154629,yahoo_bootstrap
2022-01-19,34.5,35.65000153,34.20000076,35.09999847,2679724,0,1,32.30374568,yahoo_bootstrap
2022-01-20,35.5,35.59999847,34.79999924,35.25,1239069,0,1,32.44179729,yahoo_bootstrap
2022-01-21,34.90000153,34.95000076,34,34,1844307,0,1,31.29137895,yahoo_bootstrap
2022-01-24,33,33.75,32.54999924,33.20000076,1173704,0,1,30.55511191,yahoo_bootstrap
2022-01-25,32.90000153,33.5,32.09999847,32.15000153,941652,0,1,29.58876121,yahoo_bootstrap
2022-01-26,32,32.59999847,31.75,31.95000076,548531,0,1,29.40469356,yahoo_bootstrap
2022-02-07,32.15000153,32.79999924,32.04999924,32.70000076,548988,0,1,30.09494457,yahoo_bootstrap
2022-02-08,32.84999847,33.40000153,32.70000076,33.34999847,455270,0,1,30.69316,yahoo_bootstrap
2022-02-09,33.59999847,34.15000153,33.40000153,34,491132,0,1,31.29137895,yahoo_bootstrap
2022-02-10,34.29999924,34.34999847,33.40000153,33.40000153,586900,0,1,30.73917955,yahoo_bootstrap
2022-02-11,33.04999924,33.45000076,32.95000076,33.15000153,389267,0,1,30.50909588,yahoo_bootstrap
2022-02-14,32.84999847,32.84999847,32.04999924,32.15000153,469155,0,1,29.58876121,yahoo_bootstrap
2022-02-15,32.29999924,32.75,32.25,32.45000076,370575,0,1,29.8648609,yahoo_bootstrap
2022-02-16,32.95000076,33.70000076,32.95000076,33.34999847,582101,0,1,30.69316,yahoo_bootstrap
2022-02-17,33.45000076,33.75,33.09999847,33.5,1069967,0,1,30.83121161,yahoo_bootstrap
2022-02-18,33.70000076,34,33.20000076,33.84999847,591386,0,1,31.15332734,yahoo_bootstrap
2022-02-21,34,34.09999847,33.65000153,34,454923,0,1,31.29137895,yahoo_bootstrap
2022-02-22,34.09999847,34.09999847,32.79999924,33.15000153,623020,0,1,30.50909588,yahoo_bootstrap
2022-02-23,33.40000153,33.90000153,33.29999924,33.5,275177,0,1,30.83121161,yahoo_bootstrap
2022-02-24,33.25,33.25,32,32.09999847,741500,0,1,29.54274166,yahoo_bootstrap
2022-02-25,32.20000076,33.20000076,32.20000076,33,518656,0,1,30.37104427,yahoo_bootstrap
2022-03-01,32.95000076,33.54999924,32.95000076,33.5,407172,0,1,30.83121161,yahoo_bootstrap
2022-03-02,33.45000076,33.70000076,33.25,33.65000153,432705,0,1,30.96926322,yahoo_bootstrap
2022-03-03,33.95000076,34,33.54999924,33.70000076,350178,0,1,31.01527924,yahoo_bootstrap
2022-03-04,33.25,33.54999924,32.84999847,32.84999847,442230,0,1,30.23299266,yahoo_bootstrap
2022-03-07,32.34999847,32.34999847,31.39999962,31.54999924,805179,0,1,29.03655829,yahoo_bootstrap
2022-03-08,30.70000076,31.64999962,30.35000038,30.70000076,613898,0,1,28.25427522,yahoo_bootstrap
2022-03-09,30.85000038,31.10000038,30.64999962,30.95000076,218105,0,1,28.48435889,yahoo_bootstrap
2022-03-10,31.5,31.79999924,31.29999924,31.29999924,338889,0,1,28.80647463,yahoo_bootstrap
2022-03-11,31.29999924,31.39999962,30.95000076,31,285836,0,1,28.53037492,yahoo_bootstrap
2022-03-14,31.45000076,31.60000038,31,31.29999924,208859,0,1,28.80647463,yahoo_bootstrap
2022-03-15,31.20000076,31.20000076,30.54999924,30.54999924,560775,0,1,28.11622362,yahoo_bootstrap
2022-03-16,30.64999962,30.89999962,30.60000038,30.75,198200,0,1,28.30029125,yahoo_bootstrap
2022-03-17,31.14999962,31.70000076,31.04999924,31.39999962,467077,0,1,28.89850844,yahoo_bootstrap
2022-03-18,31.20000076,32,31.20000076,32,408187,0,1,29.4507096,yahoo_bootstrap
2022-03-21,32,32.15000153,31.79999924,31.79999924,285431,0,1,29.26664196,yahoo_bootstrap
2022-03-22,32.04999924,32.20000076,31.79999924,32.15000153,323587,0,1,29.58876121,yahoo_bootstrap
2022-03-23,32.29999924,32.75,32.29999924,32.40000153,377051,0,1,29.81884488,yahoo_bootstrap
2022-03-24,32.29999924,32.45000076,32,32.29999924,215473,0,1,29.7268093,yahoo_bootstrap
2022-03-25,32.40000153,32.40000153,32.09999847,32.25,206881,0,1,29.68079327,yahoo_bootstrap
2022-03-28,30.64999962,31.29999924,30.64999962,31.20000076,742178,0,1,28.71444256,yahoo_bootstrap
2022-03-29,31.25,31.29999924,31,31.04999924,344031,0,1,28.57639096,yahoo_bootstrap
2022-03-30,31.29999924,31.39999962,31.10000038,31.14999962,192194,0,1,28.66842477,yahoo_bootstrap
2022-03-31,31,31.20000076,30.95000076,31,293091,0,1,28.53037492,yahoo_bootstrap
2022-04-01,30.79999924,30.79999924,30.39999962,30.75,221900,0,1,28.30029125,yahoo_bootstrap
2022-04-06,30.60000038,30.60000038,30.29999924,30.35000038,360142,0,1,27.93215773,yahoo_bootstrap
2022-04-07,30.29999924,30.35000038,29.45000076,29.54999924,635769,0,1,27.19588894,yahoo_bootstrap
2022-04-08,29.60000038,29.79999924,29.54999924,29.60000038,274511,0,1,27.24190673,yahoo_bootstrap
2022-04-11,29.60000038,29.64999962,28.75,28.75,498487,0,1,26.4596219,yahoo_bootstrap
2022-04-12,28.5,29.35000038,28.45000076,28.95000076,298349,0,1,26.64368954,yahoo_bootstrap
2022-04-13,29,29.75,29,29.70000076,297295,0,1,27.33394054,yahoo_bootstrap
2022-04-14,29.54999924,29.54999924,29.20000076,29.25,310100,0,1,26.91978924,yahoo_bootstrap
2022-04-15,29.29999924,29.29999924,28.79999924,28.89999962,263207,0,1,26.59767176,yahoo_bootstrap
2022-04-18,28.85000038,29.25,28.79999924,29.14999962,235000,0,1,26.82775542,yahoo_bootstrap
2022-04-19,29.29999924,30.39999962,29.10000038,29.14999962,353623,0,1,26.82775542,yahoo_bootstrap
2022-04-20,29.25,29.45000076,29.04999924,29.04999924,276854,0,1,26.73572161,yahoo_bootstrap
2022-04-21,29.25,29.75,29.25,29.25,372535,0,1,26.91978924,yahoo_bootstrap
2022-04-22,29.25,29.29999924,28.95000076,28.95000076,242999,0,1,26.64368954,yahoo_bootstrap
2022-04-25,28.95000076,28.95000076,28.35000038,28.5,483023,0,1,26.22953824,yahoo_bootstrap
2022-04-26,28.85000038,28.89999962,28.45000076,28.70000076,185988,0,1,26.41360587,yahoo_bootstrap
2022-04-27,28.10000038,28.60000038,28.04999924,28.5,312434,0,1,26.22953824,yahoo_bootstrap
2022-04-28,28.29999924,28.75,28.29999924,28.54999924,125300,0,1,26.27555427,yahoo_bootstrap
2022-04-29,28.70000076,29,28.64999962,28.75,120111,0,1,26.4596219,yahoo_bootstrap
2022-05-03,28.79999924,29,28.70000076,29,88205,0,1,26.68970557,yahoo_bootstrap
2022-05-04,29.10000038,29.64999962,29,29,108729,0,1,26.68970557,yahoo_bootstrap
2022-05-05,29.39999962,29.39999962,28.95000076,29.04999924,112411,0,1,26.73572161,yahoo_bootstrap
2022-05-06,28.35000038,28.79999924,28.35000038,28.70000076,95253,0,1,26.41360587,yahoo_bootstrap
2022-05-09,28.60000038,28.60000038,28.25,28.29999924,218500,0,1,26.0454706,yahoo_bootstrap
2022-05-10,27.89999962,28.35000038,27.70000076,28.20000076,142755,0,1,25.95343853,yahoo_bootstrap
2022-05-11,28.20000076,28.20000076,27.64999962,27.85000038,175200,0,1,25.63132105,yahoo_bootstrap
2022-05-12,28.20000076,28.20000076,27.60000038,27.64999962,255157,0,1,25.44725341,yahoo_bootstrap
2022-05-13,27.54999924,28.04999924,27.54999924,27.95000076,193332,0,1,25.72335486,yahoo_bootstrap
2022-05-16,28.14999962,28.75,28.14999962,28.29999924,182364,0,1,26.0454706,yahoo_bootstrap
2022-05-17,28.29999924,29,28.29999924,28.79999924,153091,0,1,26.50563794,yahoo_bootstrap
2022-05-18,29.39999962,29.39999962,28.85000038,28.85000038,134580,0,1,26.55165572,yahoo_bootstrap
2022-05-19,28.25,28.85000038,28.25,28.75,117441,0,1,26.4596219,yahoo_bootstrap
2022-05-20,28.89999962,28.95000076,28.79999924,28.95000076,66601,0,1,26.64368954,yahoo_bootstrap
2022-05-23,28.95000076,29.14999962,28.64999962,28.85000038,77990,0,1,26.55165572,yahoo_bootstrap
2022-05-24,28.85000038,29,28.64999962,28.70000076,112519,0,1,26.41360587,yahoo_bootstrap
2022-05-25,28.70000076,29,28.70000076,29,156068,0,1,26.68970557,yahoo_bootstrap
2022-05-26,28.89999962,29.14999962,28.64999962,28.70000076,149658,0,1,26.41360587,yahoo_bootstrap
2022-05-27,28.79999924,29,28.75,28.75,93400,0,1,26.4596219,yahoo_bootstrap
2022-05-30,28.95000076,29.20000076,28.79999924,29.14999962,255964,0,1,26.82775542,yahoo_bootstrap
2022-05-31,29.14999962,29.20000076,28.95000076,29.10000038,103653,0,1,26.78173939,yahoo_bootstrap
2022-06-01,29.10000038,29.20000076,28.85000038,29.10000038,339523,0,1,26.78173939,yahoo_bootstrap
2022-06-02,29.14999962,29.14999962,29,29,71187,0,1,26.68970557,yahoo_bootstrap
2022-06-06,29.04999924,29.20000076,28.85000038,29.20000076,110725,0,1,26.87377321,yahoo_bootstrap
2022-06-07,29.20000076,29.29999924,29.04999924,29.29999924,89212,0,1,26.96580528,yahoo_bootstrap
2022-06-08,29.25,29.5,29.20000076,29.25,123707,0,1,26.91978924,yahoo_bootstrap
2022-06-09,29.20000076,29.25,29.04999924,29.10000038,96912,0,1,26.78173939,yahoo_bootstrap
2022-06-10,29,29.25,28.85000038,29.20000076,115573,0,1,26.87377321,yahoo_bootstrap
2022-06-13,29,29.04999924,28.85000038,28.89999962,210754,0,1,26.59767176,yahoo_bootstrap
2022-06-14,28.89999962,28.95000076,28.70000076,28.85000038,205004,0,1,26.55165572,yahoo_bootstrap
2022-06-15,29,29.39999962,29,29.35000038,265439,0,1,27.01182306,yahoo_bootstrap
2022-06-16,29.70000076,29.75,28.95000076,28.95000076,206567,0,1,26.64368954,yahoo_bootstrap
2022-06-17,28.5,29,28.29999924,28.29999924,383633,0,1,26.0454706,yahoo_bootstrap
2022-06-20,28.35000038,28.60000038,27.79999924,27.89999962,461547,0,1,25.67733708,yahoo_bootstrap
2022-06-21,28.45000076,29.20000076,27.89999962,29.20000076,418998,0,1,26.87377321,yahoo_bootstrap
2022-06-22,29.25,29.25,28.60000038,28.70000076,195030,0,1,26.41360587,yahoo_bootstrap
2022-06-23,29.04999924,29.45000076,28.64999962,29.10000038,232265,0,1,26.78173939,yahoo_bootstrap
2022-06-24,29.39999962,29.54999924,29.10000038,29.20000076,293888,0,1,26.87377321,yahoo_bootstrap
2022-06-27,29.25,29.60000038,29.25,29.39999962,246542,0,1,27.05783909,yahoo_bootstrap
2022-06-28,29.39999962,29.39999962,29.10000038,29.20000076,114218,0,1,26.87377321,yahoo_bootstrap
2022-06-29,29.20000076,29.25,29,29.14999962,110001,0,1,26.82775542,yahoo_bootstrap
2022-06-30,29.10000038,29.10000038,28.64999962,28.85000038,228000,0,1,26.55165572,yahoo_bootstrap
2022-07-01,29,29,28.29999924,28.35000038,405857,0,1,26.09148838,yahoo_bootstrap
2022-07-04,28.35000038,28.64999962,27.79999924,28.04999924,305111,0,1,25.81538693,yahoo_bootstrap
2022-07-05,28.60000038,28.60000038,27.75,28,165561,0,1,25.7693709,yahoo_bootstrap
2022-07-06,28.10000038,28.10000038,27.39999962,27.39999962,188024,0,1,25.21716974,yahoo_bootstrap
2022-07-07,27.5,28.10000038,27.45000076,27.85000038,146131,0,1,25.63132105,yahoo_bootstrap
2022-07-08,27.89999962,28.29999924,27.85000038,27.85000038,153481,0,1,25.63132105,yahoo_bootstrap
2022-07-11,28.20000076,28.20000076,27.5,27.54999924,239926,0,1,25.35521959,yahoo_bootstrap
2022-07-12,26.5,26.54999924,26,26,304180,1,1,24.82997094,yahoo_bootstrap
2022-07-13,26.70000076,26.70000076,26.35000038,26.45000076,106174,0,1,25.25972116,yahoo_bootstrap
2022-07-14,26.10000038,26.70000076,26,26.64999962,86099,0,1,25.45071985,yahoo_bootstrap
2022-07-15,26.89999962,26.89999962,26.35000038,26.75,103249,0,1,25.5462201,yahoo_bootstrap
2022-07-18,26.79999924,26.95000076,26.79999924,26.95000076,70535,0,1,25.7372206,yahoo_bootstrap
2022-07-19,26.79999924,27.20000076,26.79999924,27.04999924,71101,0,1,25.83271904,yahoo_bootstrap
2022-07-20,27.45000076,27.45000076,27.14999962,27.14999962,80100,0,1,25.92821929,yahoo_bootstrap
2022-07-21,27.20000076,27.75,27.20000076,27.75,227754,0,1,26.50121898,yahoo_bootstrap
2022-07-22,27.54999924,27.89999962,27.54999924,27.79999924,138346,0,1,26.5489682,yahoo_bootstrap
2022-07-25,27.60000038,27.95000076,27.45000076,27.95000076,115101,0,1,26.69221948,yahoo_bootstrap
2022-07-26,27.95000076,27.95000076,27.5,27.85000038,109911,0,1,26.59671923,yahoo_bootstrap
2022-07-27,27.79999924,27.95000076,27.54999924,27.60000038,99371,0,1,26.35796951,yahoo_bootstrap
2022-07-28,27.89999962,27.89999962,27.39999962,27.39999962,89446,0,1,26.16696901,yahoo_bootstrap
2022-07-29,27.60000038,27.64999962,27.5,27.64999962,55747,0,1,26.40571873,yahoo_bootstrap
2022-08-01,27.64999962,27.79999924,27.35000038,27.54999924,107701,0,1,26.31021848,yahoo_bootstrap
2022-08-02,27.45000076,27.60000038,27.25,27.54999924,278652,0,1,26.31021848,yahoo_bootstrap
2022-08-03,27.54999924,28.14999962,27.54999924,27.79999924,260590,0,1,26.5489682,yahoo_bootstrap
2022-08-04,27.79999924,27.79999924,27.35000038,27.45000076,86800,0,1,26.21472004,yahoo_bootstrap
2022-08-05,27.54999924,27.79999924,27.54999924,27.75,69252,0,1,26.50121898,yahoo_bootstrap
2022-08-08,27.64999962,27.75,27.54999924,27.70000076,43938,0,1,26.45346976,yahoo_bootstrap
2022-08-09,27.70000076,27.70000076,27.35000038,27.39999962,246445,0,1,26.16696901,yahoo_bootstrap
2022-08-10,27.25,27.5,27.25,27.45000076,185326,0,1,26.21472004,yahoo_bootstrap
2022-08-11,27.60000038,27.60000038,27.29999924,27.39999962,196611,0,1,26.16696901,yahoo_bootstrap
2022-08-12,27.64999962,27.64999962,27.39999962,27.54999924,97749,0,1,26.31021848,yahoo_bootstrap
2022-08-15,27.64999962,27.75,27.5,27.64999962,126816,0,1,26.40571873,yahoo_bootstrap
2022-08-16,27.70000076,27.79999924,27.54999924,27.64999962,139754,0,1,26.40571873,yahoo_bootstrap
2022-08-17,27.95000076,28,27.79999924,27.85000038,148806,0,1,26.59671923,yahoo_bootstrap
2022-08-18,27.79999924,27.89999962,27.64999962,27.79999924,46153,0,1,26.5489682,yahoo_bootstrap
2022-08-19,27.95000076,28.25,27.75,28.10000038,287713,0,1,26.83546895,yahoo_bootstrap
2022-08-22,27.89999962,28.10000038,27.89999962,28.10000038,51000,0,1,26.83546895,yahoo_bootstrap
2022-08-23,27.70000076,28.10000038,27.70000076,28.04999924,173001,0,1,26.78771792,yahoo_bootstrap
2022-08-24,28.54999924,28.54999924,27.95000076,27.95000076,178446,0,1,26.69221948,yahoo_bootstrap
2022-08-25,28,28.25,27.95000076,28,122512,0,1,26.7399687,yahoo_bootstrap
2022-08-26,28,28.35000038,28,28.20000076,143932,0,1,26.9309692,yahoo_bootstrap
2022-08-29,27.70000076,28,27.70000076,27.79999924,222876,0,1,26.5489682,yahoo_bootstrap
2022-08-30,27.79999924,28.20000076,27.79999924,28.04999924,61828,0,1,26.78771792,yahoo_bootstrap
2022-08-31,28.20000076,28.25,27.85000038,28.04999924,61339,0,1,26.78771792,yahoo_bootstrap
2022-09-01,27.75,27.85000038,27.64999962,27.64999962,142871,0,1,26.40571873,yahoo_bootstrap
2022-09-02,27.75,27.79999924,27.54999924,27.54999924,127801,0,1,26.31021848,yahoo_bootstrap
2022-09-05,27.64999962,27.70000076,27.5,27.5,72445,0,1,26.26246926,yahoo_bootstrap
2022-09-06,28,28,27.35000038,27.5,74364,0,1,26.26246926,yahoo_bootstrap
2022-09-07,27.5,27.5,27.20000076,27.20000076,100729,0,1,25.97597032,yahoo_bootstrap
2022-09-08,27.5,27.60000038,27.20000076,27.45000076,65033,0,1,26.21472004,yahoo_bootstrap
2022-09-12,27.5,27.79999924,27.45000076,27.60000038,93191,0,1,26.35796951,yahoo_bootstrap
2022-09-13,27.75,27.75,27.54999924,27.54999924,51030,0,1,26.31021848,yahoo_bootstrap
2022-09-14,27,27.54999924,27,27.35000038,104123,0,1,26.11921979,yahoo_bootstrap
2022-09-15,27.25,27.5,27.25,27.35000038,128625,0,1,26.11921979,yahoo_bootstrap
2022-09-16,27.14999962,27.25,27,27.04999924,164469,0,1,25.83271904,yahoo_bootstrap
2022-09-19,27.10000038,27.20000076,26.79999924,26.79999924,237984,0,1,25.59396932,yahoo_bootstrap
2022-09-20,27.04999924,27.04999924,26.75,26.75,172801,0,1,25.5462201,yahoo_bootstrap
2022-09-21,26.75,26.79999924,26.45000076,26.5,324153,0,1,25.30747038,yahoo_bootstrap
2022-09-22,26.5,26.5,26.29999924,26.5,136820,0,1,25.30747038,yahoo_bootstrap
2022-09-23,26.54999924,26.64999962,26.10000038,26.25,143595,0,1,25.06872066,yahoo_bootstrap
2022-09-26,26.04999924,26.04999924,25.5,25.70000076,309142,0,1,24.543472,yahoo_bootstrap
2022-09-27,25.35000038,26.29999924,25.35000038,25.95000076,122194,0,1,24.78222172,yahoo_bootstrap
2022-09-28,25.79999924,25.79999924,24.95000076,25.04999924,259422,0,1,23.92272127,yahoo_bootstrap
2022-09-29,25.29999924,25.29999924,25.04999924,25.04999924,41629,0,1,23.92272127,yahoo_bootstrap
2022-09-30,24.75,24.89999962,24.54999924,24.75,144004,0,1,23.63622233,yahoo_bootstrap
2022-10-03,24.5,24.85000038,24.39999962,24.5,56447,0,1,23.39747261,yahoo_bootstrap
2022-10-04,24.85000038,24.89999962,24.64999962,24.75,99071,0,1,23.63622233,yahoo_bootstrap
2022-10-05,24.89999962,25.04999924,24.79999924,24.85000038,143100,0,1,23.73172258,yahoo_bootstrap
2022-10-06,24.85000038,25,24.75,24.79999924,60000,0,1,23.68397155,yahoo_bootstrap
2022-10-07,24.75,24.79999924,24.5,24.60000038,98000,0,1,23.49297286,yahoo_bootstrap
2022-10-11,24.10000038,24.10000038,23.70000076,23.75,182114,0,1,22.68122345,yahoo_bootstrap
2022-10-12,23.95000076,23.95000076,22.79999924,23,349801,0,1,21.96497429,yahoo_bootstrap
2022-10-13,22.85000038,22.85000038,21.29999924,21.5,720023,0,1,20.53247597,yahoo_bootstrap
2022-10-14,22.10000038,22.75,22.10000038,22.54999924,185809,0,1,21.53522407,yahoo_bootstrap
2022-10-17,22.35000038,22.85000038,22.25,22.85000038,182678,0,1,21.82172482,yahoo_bootstrap
2022-10-18,23.10000038,23.25,22.75,22.75,128002,0,1,21.72622457,yahoo_bootstrap
2022-10-19,23.04999924,23.10000038,22.64999962,22.89999962,166113,0,1,21.86947404,yahoo_bootstrap
2022-10-20,23,23,22.54999924,22.75,120376,0,1,21.72622457,yahoo_bootstrap
2022-10-21,22.75,22.85000038,22.54999924,22.60000038,77000,0,1,21.5829751,yahoo_bootstrap
2022-10-24,23.10000038,23.14999962,22.89999962,22.89999962,53468,0,1,21.86947404,yahoo_bootstrap
2022-10-25,23.04999924,23.10000038,22.60000038,22.64999962,143024,0,1,21.63072432,yahoo_bootstrap
2022-10-26,22.89999962,23.20000076,22.75,22.75,97000,0,1,21.72622457,yahoo_bootstrap
2022-10-27,22.75,23.29999924,22.75,23.04999924,112123,0,1,22.01272351,yahoo_bootstrap
2022-10-28,23,23,22.70000076,22.75,55769,0,1,21.72622457,yahoo_bootstrap
2022-10-31,22.79999924,22.89999962,22.70000076,22.70000076,70300,0,1,21.67847535,yahoo_bootstrap
2022-11-01,22.85000038,23,22.75,22.89999962,74000,0,1,21.86947404,yahoo_bootstrap
2022-11-02,22.89999962,23.75,22.89999962,23.54999924,337697,0,1,22.49022295,yahoo_bootstrap
2022-11-03,23.5,23.89999962,23.29999924,23.54999924,123272,0,1,22.49022295,yahoo_bootstrap
2022-11-04,23.54999924,23.85000038,23.54999924,23.79999924,110729,0,1,22.72897267,yahoo_bootstrap
2022-11-07,24,24.79999924,24,24.35000038,203886,0,1,23.25422314,yahoo_bootstrap
2022-11-08,24.39999962,25.10000038,24.39999962,24.5,384955,0,1,23.39747261,yahoo_bootstrap
2022-11-09,24.5,24.89999962,24.5,24.60000038,155722,0,1,23.49297286,yahoo_bootstrap
2022-11-10,24.60000038,24.75,24.29999924,24.35000038,175468,0,1,23.25422314,yahoo_bootstrap
2022-11-11,24.85000038,24.89999962,24.45000076,24.5,570570,0,1,23.39747261,yahoo_bootstrap
2022-11-14,24.39999962,24.70000076,24.39999962,24.64999962,350987,0,1,23.54072208,yahoo_bootstrap
2022-11-15,24.79999924,24.85000038,24.60000038,24.64999962,182445,0,1,23.54072208,yahoo_bootstrap
2022-11-16,24.79999924,24.79999924,24.35000038,24.35000038,271549,0,1,23.25422314,yahoo_bootstrap
2022-11-17,24.39999962,24.79999924,24.39999962,24.70000076,144013,0,1,23.58847311,yahoo_bootstrap
2022-11-18,24.60000038,24.79999924,24.5,24.5,222751,0,1,23.39747261,yahoo_bootstrap
2022-11-21,24.54999924,24.79999924,24.5,24.79999924,77572,0,1,23.68397155,yahoo_bootstrap
2022-11-22,24.85000038,24.85000038,24.54999924,24.64999962,45688,0,1,23.54072208,yahoo_bootstrap
2022-11-23,24.79999924,25.20000076,24.75,24.95000076,102823,0,1,23.82722284,yahoo_bootstrap
2022-11-24,25.25,25.25,24.79999924,25.14999962,184391,0,1,24.01822152,yahoo_bootstrap
2022-11-25,25.20000076,25.20000076,25,25.04999924,50080,0,1,23.92272127,yahoo_bootstrap
2022-11-28,24.95000076,25.04999924,24.85000038,25.04999924,89641,0,1,23.92272127,yahoo_bootstrap
2022-11-29,25.04999924,25.25,24.95000076,25.04999924,126055,0,1,23.92272127,yahoo_bootstrap
2022-11-30,25.04999924,25.60000038,25.04999924,25.60000038,135725,0,1,24.44797175,yahoo_bootstrap
2022-12-01,26,26.10000038,25.79999924,25.85000038,74883,0,1,24.68672147,yahoo_bootstrap
2022-12-02,26,26.04999924,25.85000038,26.04999924,145686,0,1,24.87772015,yahoo_bootstrap
2022-12-05,26.14999962,26.60000038,26.04999924,26.45000076,218999,0,1,25.25972116,yahoo_bootstrap
2022-12-06,26.39999962,26.79999924,26.35000038,26.75,207121,0,1,25.5462201,yahoo_bootstrap
2022-12-07,26.60000038,27,26.39999962,26.5,214814,0,1,25.30747038,yahoo_bootstrap
2022-12-08,26.5,26.60000038,26,26.14999962,178271,0,1,24.9732204,yahoo_bootstrap
2022-12-09,26.20000076,26.29999924,26.10000038,26.29999924,83802,0,1,25.11646987,yahoo_bootstrap
2022-12-12,26.10000038,26.20000076,26,26.14999962,53216,0,1,24.9732204,yahoo_bootstrap
2022-12-13,26.14999962,26.35000038,26,26.14999962,147099,0,1,24.9732204,yahoo_bootstrap
2022-12-14,26.14999962,26.60000038,26.14999962,26.45000076,130169,0,1,25.25972116,yahoo_bootstrap
2022-12-15,26.39999962,27.29999924,26.39999962,26.79999924,218408,0,1,25.59396932,yahoo_bootstrap
2022-12-16,26.79999924,27.10000038,26.64999962,27,257458,0,1,25.78496982,yahoo_bootstrap
2022-12-19,27,27.10000038,27,27,98326,0,1,25.78496982,yahoo_bootstrap
2022-12-20,27.04999924,27.29999924,26.89999962,26.89999962,282162,0,1,25.68946957,yahoo_bootstrap
2022-12-21,26.95000076,27,26.85000038,26.85000038,75574,0,1,25.64172035,yahoo_bootstrap
2022-12-22,26.89999962,27.10000038,26.85000038,27,121196,0,1,25.78496982,yahoo_bootstrap
2022-12-23,27,27,26.85000038,26.85000038,45560,0,1,25.64172035,yahoo_bootstrap
2022-12-26,26.95000076,26.95000076,26.85000038,26.85000038,33054,0,1,25.64172035,yahoo_bootstrap
2022-12-27,26.89999962,26.89999962,26.85000038,26.85000038,34002,0,1,25.64172035,yahoo_bootstrap
2022-12-28,26.89999962,27.14999962,26.85000038,26.85000038,89892,0,1,25.64172035,yahoo_bootstrap
2022-12-29,26.85000038,26.95000076,26.85000038,26.85000038,96501,0,1,25.64172035,yahoo_bootstrap
2022-12-30,26.95000076,27,26.85000038,26.89999962,51916,0,1,25.68946957,yahoo_bootstrap
2023-01-03,26.89999962,27,26.85000038,27,24842,0,1,25.78496982,yahoo_bootstrap
2023-01-04,27.04999924,27.14999962,26.89999962,27.14999962,97100,0,1,25.92821929,yahoo_bootstrap
2023-01-05,27.25,27.29999924,27,27.10000038,44900,0,1,25.88047007,yahoo_bootstrap
2023-01-06,27.14999962,27.20000076,27.10000038,27.14999962,47071,0,1,25.92821929,yahoo_bootstrap
2023-01-09,27.20000076,27.60000038,27.20000076,27.35000038,106499,0,1,26.11921979,yahoo_bootstrap
2023-01-10,27.35000038,27.5,27.35000038,27.45000076,39162,0,1,26.21472004,yahoo_bootstrap
2023-01-11,27.29999924,27.39999962,27.29999924,27.29999924,81114,0,1,26.07146876,yahoo_bootstrap
2023-01-12,27.45000076,27.45000076,27.29999924,27.29999924,20432,0,1,26.07146876,yahoo_bootstrap
2023-01-13,27.35000038,27.45000076,27.29999924,27.29999924,75924,0,1,26.07146876,yahoo_bootstrap
2023-01-16,27.39999962,27.45000076,27.29999924,27.39999962,64812,0,1,26.16696901,yahoo_bootstrap
2023-01-17,27.35000038,27.45000076,27.29999924,27.39999962,49000,0,1,26.16696901,yahoo_bootstrap
2023-01-30,27.75,28.10000038,27.60000038,27.79999924,183229,0,1,26.5489682,yahoo_bootstrap
2023-01-31,27.64999962,27.89999962,27.60000038,27.89999962,76128,0,1,26.64446845,yahoo_bootstrap
2023-02-01,27.89999962,28.04999924,27.79999924,28.04999924,135129,0,1,26.78771792,yahoo_bootstrap
2023-02-02,28.20000076,28.20000076,28,28.10000038,41487,0,1,26.83546895,yahoo_bootstrap
2023-02-03,27.95000076,28,27.89999962,28,124944,0,1,26.7399687,yahoo_bootstrap
2023-02-06,28.04999924,28.04999924,27.89999962,27.95000076,48003,0,1,26.69221948,yahoo_bootstrap
2023-02-07,27.95000076,28,27.95000076,28,53115,0,1,26.7399687,yahoo_bootstrap
2023-02-08,27.95000076,28,27.95000076,27.95000076,84064,0,1,26.69221948,yahoo_bootstrap
2023-02-09,27.95000076,28.04999924,27.75,27.75,221859,0,1,26.50121898,yahoo_bootstrap
2023-02-10,27.75,27.79999924,27.70000076,27.75,51245,0,1,26.50121898,yahoo_bootstrap
2023-02-13,27.75,28.25,27.64999962,27.75,107003,0,1,26.50121898,yahoo_bootstrap
2023-02-14,28,28,27.85000038,27.89999962,75251,0,1,26.64446845,yahoo_bootstrap
2023-02-15,27.85000038,28.04999924,27.85000038,28.04999924,64407,0,1,26.78771792,yahoo_bootstrap
2023-02-16,28,28,27.85000038,28,100378,0,1,26.7399687,yahoo_bootstrap
2023-02-17,28,28,27.85000038,28,89132,0,1,26.7399687,yahoo_bootstrap
2023-02-20,28,28.10000038,28,28.10000038,105620,0,1,26.83546895,yahoo_bootstrap
2023-02-21,28.10000038,28.14999962,28.04999924,28.14999962,121843,0,1,26.88321817,yahoo_bootstrap
2023-02-22,28,28.14999962,27.89999962,27.95000076,101766,0,1,26.69221948,yahoo_bootstrap
2023-02-23,28,28.10000038,27.95000076,27.95000076,121959,0,1,26.69221948,yahoo_bootstrap
2023-02-24,28,28,27.79999924,27.89999962,255770,0,1,26.64446845,yahoo_bootstrap
2023-03-01,27.85000038,27.95000076,27.79999924,27.89999962,64591,0,1,26.64446845,yahoo_bootstrap
2023-03-02,27.89999962,28.14999962,27.89999962,28.14999962,148744,0,1,26.88321817,yahoo_bootstrap
2023-03-03,28.14999962,28.25,28.10000038,28.14999962,101701,0,1,26.88321817,yahoo_bootstrap
2023-03-06,28.35000038,28.39999962,28.25,28.35000038,154820,0,1,27.07421867,yahoo_bootstrap
2023-03-07,28.29999924,28.5,28.29999924,28.39999962,129309,0,1,27.12196789,yahoo_bootstrap
2023-03-08,28.64999962,28.79999924,28.39999962,28.79999924,162168,0,1,27.50396708,yahoo_bootstrap
2023-03-09,29.14999962,29.14999962,28.54999924,28.60000038,143211,0,1,27.31296839,yahoo_bootstrap
2023-03-10,28.35000038,28.54999924,28.25,28.39999962,149378,0,1,27.12196789,yahoo_bootstrap
2023-03-13,28.04999924,28.25,28,28.14999962,146737,0,1,26.88321817,yahoo_bootstrap
2023-03-14,28.10000038,28.20000076,28,28.10000038,105346,0,1,26.83546895,yahoo_bootstrap
2023-03-15,28.25,28.25,28,28,36302,0,1,26.7399687,yahoo_bootstrap
2023-03-16,28,28.20000076,27.85000038,27.85000038,186202,0,1,26.59671923,yahoo_bootstrap
2023-03-17,28,28,27.85000038,28,38700,0,1,26.7399687,yahoo_bootstrap
2023-03-20,28,28.25,28,28.10000038,145000,0,1,26.83546895,yahoo_bootstrap
2023-03-21,28.14999962,29,28.14999962,28.29999924,160198,0,1,27.02646764,yahoo_bootstrap
2023-03-22,28.45000076,28.85000038,28.29999924,28.60000038,437803,0,1,27.31296839,yahoo_bootstrap
2023-03-23,28.60000038,29.5,28.60000038,29.29999924,869027,0,1,27.98146652,yahoo_bootstrap
2023-03-24,29.60000038,30.5,29,29.14999962,713293,0,1,27.83821705,yahoo_bootstrap
2023-03-27,29.54999924,29.54999924,29.10000038,29.25,150229,0,1,27.9337173,yahoo_bootstrap
2023-03-28,28.95000076,28.95000076,28.20000076,28.35000038,561788,0,1,27.07421867,yahoo_bootstrap
2023-03-29,28.5,28.5,28.04999924,28.39999962,227085,0,1,27.12196789,yahoo_bootstrap
2023-03-30,28.64999962,29.20000076,28.39999962,28.64999962,283960,0,1,27.36071761,yahoo_bootstrap
2023-03-31,28.64999962,28.75,28.5,28.70000076,120200,0,1,27.40846864,yahoo_bootstrap
2023-04-06,28.70000076,28.89999962,28.39999962,28.75,256038,0,1,27.45621786,yahoo_bootstrap
2023-04-07,28.75,28.85000038,28.70000076,28.70000076,196137,0,1,27.40846864,yahoo_bootstrap
2023-04-10,28.89999962,29.10000038,28.79999924,29.04999924,164062,0,1,27.7427168,yahoo_bootstrap
2023-04-11,28.89999962,29.70000076,28.89999962,29.20000076,266051,0,1,27.88596808,yahoo_bootstrap
2023-04-12,29.25,29.64999962,29.20000076,29.54999924,245557,0,1,28.22021624,yahoo_bootstrap
2023-04-13,29.60000038,29.64999962,29.35000038,29.54999924,393057,0,1,28.22021624,yahoo_bootstrap
2023-04-14,29.25,29.5,29.14999962,29.35000038,193805,0,1,28.02921755,yahoo_bootstrap
2023-04-17,29.29999924,29.39999962,29.25,29.29999924,248375,0,1,27.98146652,yahoo_bootstrap
2023-04-18,29.35000038,29.45000076,29.10000038,29.20000076,120560,0,1,27.88596808,yahoo_bootstrap
2023-04-19,29.5,29.54999924,29.10000038,29.25,140850,0,1,27.9337173,yahoo_bootstrap
2023-04-20,29.25,29.45000076,29,29.39999962,282009,0,1,28.07696677,yahoo_bootstrap
2023-04-21,29.10000038,29.25,29.10000038,29.20000076,119118,0,1,27.88596808,yahoo_bootstrap
2023-04-24,29.04999924,29.25,29,29.14999962,95694,0,1,27.83821705,yahoo_bootstrap
2023-04-25,29.20000076,29.25,28.79999924,28.79999924,183907,0,1,27.50396708,yahoo_bootstrap
2023-04-26,28.79999924,28.95000076,28.35000038,28.60000038,115240,0,1,27.31296839,yahoo_bootstrap
2023-04-27,29.04999924,29.04999924,28.5,28.60000038,34001,0,1,27.31296839,yahoo_bootstrap
2023-04-28,28.89999962,28.89999962,28.5,28.54999924,31405,0,1,27.26521736,yahoo_bootstrap
2023-05-02,28.39999962,28.54999924,28.35000038,28.45000076,84663,0,1,27.16971892,yahoo_bootstrap
2023-05-03,28.45000076,28.5,28.45000076,28.45000076,25000,0,1,27.16971892,yahoo_bootstrap
2023-05-04,28.45000076,28.45000076,28.29999924,28.39999962,58354,0,1,27.12196789,yahoo_bootstrap
2023-05-05,28.20000076,28.85000038,28.20000076,28.5,78896,0,1,27.21746814,yahoo_bootstrap
2023-05-08,28.5,28.54999924,28.25,28.29999924,52714,0,1,27.02646764,yahoo_bootstrap
2023-05-09,28.29999924,28.29999924,28.04999924,28.10000038,83003,0,1,26.83546895,yahoo_bootstrap
2023-05-10,28.10000038,28.25,28.10000038,28.20000076,41001,0,1,26.9309692,yahoo_bootstrap
2023-05-11,28.10000038,28.14999962,27.89999962,27.89999962,577049,0,1,26.64446845,yahoo_bootstrap
2023-05-12,28.10000038,28.39999962,28.10000038,28.35000038,33999,0,1,27.07421867,yahoo_bootstrap
2023-05-15,28.25,28.25,27.89999962,28,62526,0,1,26.7399687,yahoo_bootstrap
2023-05-16,28.5,28.5,27.95000076,28.10000038,69432,0,1,26.83546895,yahoo_bootstrap
2023-05-17,28.29999924,28.5,28.10000038,28.35000038,176049,0,1,27.07421867,yahoo_bootstrap
2023-05-18,28.35000038,29,28,28.54999924,230415,0,1,27.26521736,yahoo_bootstrap
2023-05-19,28.54999924,28.85000038,28.45000076,28.45000076,137424,0,1,27.16971892,yahoo_bootstrap
2023-05-22,28.79999924,28.79999924,28.14999962,28.25,96864,0,1,26.97871842,yahoo_bootstrap
2023-05-23,28.10000038,28.29999924,28.10000038,28.20000076,101187,0,1,26.9309692,yahoo_bootstrap
2023-05-24,28.20000076,28.60000038,28.14999962,28.5,91072,0,1,27.21746814,yahoo_bootstrap
2023-05-25,28.29999924,28.5,28.14999962,28.20000076,80058,0,1,26.9309692,yahoo_bootstrap
2023-05-26,28.39999962,28.39999962,27.89999962,28,240144,0,1,26.7399687,yahoo_bootstrap
2023-05-29,28,28.25,27.89999962,28.04999924,160535,0,1,26.78771792,yahoo_bootstrap
2023-05-30,28.29999924,28.29999924,27.95000076,28,99100,0,1,26.7399687,yahoo_bootstrap
2023-05-31,28.14999962,28.35000038,28,28.14999962,78140,0,1,26.88321817,yahoo_bootstrap
2023-06-01,28.10000038,28.20000076,28.10000038,28.14999962,49688,0,1,26.88321817,yahoo_bootstrap
2023-06-02,28.14999962,28.29999924,28.04999924,28.29999924,113902,0,1,27.02646764,yahoo_bootstrap
2023-06-05,28.29999924,28.35000038,28.20000076,28.25,119811,0,1,26.97871842,yahoo_bootstrap
2023-06-06,28.20000076,28.20000076,28,28,109106,0,1,26.7399687,yahoo_bootstrap
2023-06-07,28,28.5,28,28.39999962,234716,0,1,27.12196789,yahoo_bootstrap
2023-06-08,28.39999962,28.5,28.25,28.25,72384,0,1,26.97871842,yahoo_bootstrap
2023-06-09,28.5,29.29999924,28.45000076,28.95000076,376788,0,1,27.64721836,yahoo_bootstrap
2023-06-12,29.20000076,29.20000076,28.60000038,28.79999924,197007,0,1,27.50396708,yahoo_bootstrap
2023-06-13,28.85000038,28.85000038,27.79999924,28.39999962,165778,0,1,27.12196789,yahoo_bootstrap
2023-06-14,28.79999924,28.79999924,28.25,28.35000038,69352,0,1,27.07421867,yahoo_bootstrap
2023-06-15,28.5,28.5,28.14999962,28.25,104782,0,1,26.97871842,yahoo_bootstrap
2023-06-16,28.25,28.39999962,28.14999962,28.35000038,69613,0,1,27.07421867,yahoo_bootstrap
2023-06-19,28.20000076,28.25,28.04999924,28.14999962,102941,0,1,26.88321817,yahoo_bootstrap
2023-06-20,28.20000076,28.20000076,28.04999924,28.04999924,104036,0,1,26.78771792,yahoo_bootstrap
2023-06-21,28.10000038,28.45000076,28.10000038,28.35000038,122580,0,1,27.07421867,yahoo_bootstrap
2023-06-26,28.35000038,28.35000038,28.10000038,28.25,56610,0,1,26.97871842,yahoo_bootstrap
2023-06-27,28.25,28.25,28,28.20000076,170600,0,1,26.9309692,yahoo_bootstrap
2023-06-28,28.29999924,28.29999924,28.14999962,28.14999962,103205,0,1,26.88321817,yahoo_bootstrap
2023-06-29,28.20000076,28.29999924,28.10000038,28.14999962,79241,0,1,26.88321817,yahoo_bootstrap
2023-06-30,28.04999924,28.20000076,28.04999924,28.20000076,145080,0,1,26.9309692,yahoo_bootstrap
2023-07-03,28.39999962,28.54999924,28.20000076,28.45000076,168003,0,1,27.16971892,yahoo_bootstrap
2023-07-04,28.45000076,28.5,28.20000076,28.39999962,109084,0,1,27.12196789,yahoo_bootstrap
2023-07-05,28.39999962,28.45000076,28.20000076,28.20000076,188800,0,1,26.9309692,yahoo_bootstrap
2023-07-06,28.5,28.5,28.10000038,28.20000076,171408,0,1,26.9309692,yahoo_bootstrap
2023-07-07,28.14999962,28.20000076,27.89999962,27.89999962,192890,0,1,26.64446845,yahoo_bootstrap
2023-07-10,27.89999962,28,27.64999962,27.70000076,150334,0,1,26.45346976,yahoo_bootstrap
2023-07-11,27.79999924,27.89999962,27.54999924,27.60000038,168995,0,1,26.35796951,yahoo_bootstrap
2023-07-12,27.14999962,27.29999924,27.10000038,27.10000038,252589,0.5,1,26.35796951,yahoo_bootstrap
2023-07-13,27.14999962,28.64999962,27.14999962,27.60000038,559330,0,1,26.8442789,yahoo_bootstrap
2023-07-14,28.10000038,28.25,27.79999924,27.95000076,223961,0,1,27.18469585,yahoo_bootstrap
2023-07-17,28.20000076,30.70000076,28.20000076,30.70000076,4352896,0,1,29.85939751,yahoo_bootstrap
2023-07-18,33,33.75,31.95000076,33.75,7527805,0,1,32.82588408,yahoo_bootstrap
2023-07-19,33,37.09999847,32.29999924,37.09999847,24575916,0,1,36.08415553,yahoo_bootstrap
2023-07-20,37.09999847,39.09999847,36.5,38.95000076,30129758,0,1,37.88350251,yahoo_bootstrap
2023-07-21,39.90000153,42.79999924,39.09999847,42.79999924,24300712,0,1,41.62808336,yahoo_bootstrap
2023-07-24,45.59999847,47.04999924,43.84999847,47.04999924,10910329,0,1,45.76171321,yahoo_bootstrap
2023-07-25,48.5,50,45.84999847,45.95000076,11114374,0,1,44.69183402,yahoo_bootstrap
2023-07-26,45.54999924,45.54999924,43.45000076,44.84999847,6862208,0,1,43.62195113,yahoo_bootstrap
2023-07-27,46.79999924,46.79999924,45.04999924,45.90000153,3574958,0,1,44.64320383,yahoo_bootstrap
2023-07-28,45.79999924,47.95000076,45.25,47.95000076,3151714,0,1,46.6370716,yahoo_bootstrap
2023-07-31,48.65000153,49,43.25,44.90000153,6491692,0,1,43.67058505,yahoo_bootstrap
2023-08-01,44.84999847,46.45000076,43.15000153,46.45000076,2450793,0,1,45.17814342,yahoo_bootstrap
2023-08-02,45.79999924,46.79999924,41.84999847,43.84999847,3698243,0,1,42.64933234,yahoo_bootstrap
2023-08-04,43.90000153,45.20000076,42.75,45.20000076,2441083,0,1,43.96236993,yahoo_bootstrap
2023-08-07,45.20000076,47.20000076,44.20000076,47.09999847,3926553,0,1,45.8103434,yahoo_bootstrap
2023-08-08,45.95000076,45.95000076,42.40000153,43.40000153,7632729,0,1,42.21165686,yahoo_bootstrap
2023-08-09,41.20000076,42.54999924,39.09999847,39.09999847,7955793,0,1,38.0293931,yahoo_bootstrap
2023-08-10,37.34999847,37.59999847,35.20000076,35.20000076,8158625,0,1,34.23618206,yahoo_bootstrap
2023-08-11,35,35.29999924,33.29999924,35,10515126,0,1,34.04165756,yahoo_bootstrap
2023-08-14,36,38.29999924,33.59999847,37.5,13681658,0,1,36.47320453,yahoo_bootstrap
2023-08-15,37.75,38.5,36.70000076,36.79999924,7636976,0,1,35.79237064,yahoo_bootstrap
2023-08-16,36.04999924,36.5,35.29999924,36.5,4353845,0,1,35.50058574,yahoo_bootstrap
2023-08-17,36.09999847,37.54999924,35.90000153,37.09999847,3723684,0,1,36.08415553,yahoo_bootstrap
2023-08-18,36.79999924,37.5,35.29999924,35.65000153,2620002,0,1,34.67386126,yahoo_bootstrap
2023-08-21,36,36.20000076,35.40000153,35.84999847,1885746,0,1,34.86838204,yahoo_bootstrap
2023-08-22,36.5,36.5,34.79999924,35.20000076,2151258,0,1,34.23618206,yahoo_bootstrap
2023-08-23,35.90000153,36.34999847,35.34999847,35.54999924,1693592,0,1,34.57659716,yahoo_bootstrap
2023-08-24,36.20000076,36.5,34.65000153,35,2208231,0,1,34.04165756,yahoo_bootstrap
2023-08-25,34.65000153,35.5,34.04999924,34.04999924,1904898,0,1,33.11766897,yahoo_bootstrap
2023-08-28,34.40000153,34.40000153,33.20000076,33.29999924,2239402,0,1,32.38820488,yahoo_bootstrap
2023-08-29,33.79999924,34.15000153,32.84999847,33.29999924,1543804,0,1,32.38820488,yahoo_bootstrap
2023-08-30,33.95000076,35.90000153,33.5,34.59999847,3744900,0,1,33.65260856,yahoo_bootstrap
2023-08-31,34.59999847,35,34,34.59999847,1541202,0,1,33.65260856,yahoo_bootstrap
2023-09-01,35.04999924,35.59999847,34.40000153,34.45000076,2401593,0,1,33.50671797,yahoo_bootstrap
2023-09-04,34.45000076,34.90000153,33.90000153,34.90000153,1136253,0,1,33.94439717,yahoo_bootstrap
2023-09-05,34.59999847,35.20000076,34.34999847,35,834873,0,1,34.04165756,yahoo_bootstrap
2023-09-06,35.09999847,38.5,34.79999924,38.5,14206361,0,1,37.44582332,yahoo_bootstrap
2023-09-07,38.15000153,39.29999924,37.25,38.40000153,22154907,0,1,37.34856293,yahoo_bootstrap
2023-09-08,38.45000076,38.90000153,37.45000076,38.29999924,7933421,0,1,37.25129882,yahoo_bootstrap
2023-09-11,36.90000153,37.29999924,35.40000153,35.40000153,4204178,0,1,34.43070656,yahoo_bootstrap
2023-09-12,35.45000076,36.79999924,35.04999924,35.45000076,2796360,0,1,34.47933675,yahoo_bootstrap
2023-09-13,35.5,35.75,35,35,1762247,0,1,34.04165756,yahoo_bootstrap
2023-09-14,35.29999924,35.65000153,35.09999847,35.65000153,1530374,0,1,34.67386126,yahoo_bootstrap
2023-09-15,35.84999847,38.34999847,35.20000076,37.84999847,6983416,0,1,36.81361962,yahoo_bootstrap
2023-09-18,37,38.45000076,37,37.5,3989803,0,1,36.47320453,yahoo_bootstrap
2023-09-19,37.5,38.25,37.34999847,38.20000076,2805462,0,1,37.15403842,yahoo_bootstrap
2023-09-20,38.15000153,39.04999924,37.29999924,37.70000076,7167165,0,1,36.66772903,yahoo_bootstrap
2023-09-21,37.65000153,37.70000076,36.29999924,37.5,3112114,0,1,36.47320453,yahoo_bootstrap
2023-09-22,37.04999924,40.79999924,37.04999924,40.5,17538206,0,1,39.39106089,yahoo_bootstrap
2023-09-25,40.09999847,40.29999924,39.20000076,39.40000153,7357081,0,1,38.32118171,yahoo_bootstrap
2023-09-26,39.15000153,40.40000153,38.70000076,38.70000076,4276158,0,1,37.64034781,yahoo_bootstrap
2023-09-27,38.70000076,40.20000076,38.15000153,39.75,5768840,0,1,38.6615968,yahoo_bootstrap
2023-09-28,40,42.5,39.90000153,40.29999924,14005347,0,1,39.1965364,yahoo_bootstrap
2023-10-02,40.54999924,41.20000076,39.40000153,39.54999924,5052834,0,1,38.4670723,yahoo_bootstrap
2023-10-03,39.45000076,40.95000076,39.09999847,40.09999847,5698055,0,1,39.00201189,yahoo_bootstrap
2023-10-04,40.09999847,40.20000076,39.34999847,39.70000076,2126114,0,1,38.6129666,yahoo_bootstrap
2023-10-05,39.70000076,40.25,38.54999924,38.59999847,2770417,0,1,37.54308371,yahoo_bootstrap
2023-10-06,38.70000076,39,37.70000076,37.90000153,2817480,0,1,36.86225353,yahoo_bootstrap
2023-10-11,38.5,38.59999847,36.5,36.65000153,2914020,0,1,35.64648005,yahoo_bootstrap
2023-10-12,37.25,37.54999924,36.59999847,36.79999924,1505671,0,1,35.79237064,yahoo_bootstrap
2023-10-13,36.90000153,37,35.59999847,35.84999847,2270694,0,1,34.86838204,yahoo_bootstrap
2023-10-16,35.5,36.09999847,35,35,1251727,0,1,34.04165756,yahoo_bootstrap
2023-10-17,35.54999924,35.54999924,33.54999924,33.59999847,3646420,0,1,32.67998977,yahoo_bootstrap
2023-10-18,33.79999924,33.90000153,32.5,32.90000153,1789810,0,1,31.9991596,yahoo_bootstrap
2023-10-19,32.70000076,33.5,32.40000153,33.20000076,1460654,0,1,32.29094448,yahoo_bootstrap
2023-10-20,33.20000076,33.20000076,32.15000153,32.84999847,1488603,0,1,31.95052568,yahoo_bootstrap
2023-10-23,32.5,33.25,32.45000076,32.84999847,809717,0,1,31.95052568,yahoo_bootstrap
2023-10-24,32.79999924,33.79999924,32.54999924,33.75,1199280,0,1,32.82588408,yahoo_bootstrap
2023-10-25,34,35.70000076,34,35.09999847,2012310,0,1,34.13891795,yahoo_bootstrap
2023-10-26,34,35,34,34.04999924,1201839,0,1,33.11766897,yahoo_bootstrap
2023-10-27,34.40000153,35.20000076,34,34.25,1083140,0,1,33.31219347,yahoo_bootstrap
2023-10-30,34.5,35.25,34.25,34.29999924,818167,0,1,33.36082367,yahoo_bootstrap
2023-10-31,34.09999847,34.75,33.59999847,33.59999847,844005,0,1,32.67998977,yahoo_bootstrap
2023-11-01,34.5,35,34.15000153,34.5,1255410,0,1,33.55534817,yahoo_bootstrap
2023-11-02,35.09999847,36.79999924,35,35.45000076,3289936,0,1,34.47933675,yahoo_bootstrap
2023-11-03,35.90000153,35.95000076,34.84999847,34.84999847,1052807,0,1,33.89576325,yahoo_bootstrap
2023-11-06,35.25,35.79999924,35.20000076,35.70000076,1230589,0,1,34.72249145,yahoo_bootstrap
2023-11-07,36.20000076,36.20000076,35.45000076,35.65000153,692841,0,1,34.67386126,yahoo_bootstrap
2023-11-08,36.09999847,36.95000076,35.95000076,35.95000076,2473739,0,1,34.96564615,yahoo_bootstrap
2023-11-09,35.95000076,36.15000153,35.59999847,36.04999924,818289,0,1,35.06290655,yahoo_bootstrap
2023-11-10,35.90000153,37.5,35.84999847,36.54999924,4280547,0,1,35.54921594,yahoo_bootstrap
2023-11-13,36.25,37,35.70000076,36.5,1633322,0,1,35.50058574,yahoo_bootstrap
2023-11-14,36.95000076,37,36.34999847,36.45000076,802998,0,1,35.45195554,yahoo_bootstrap
2023-11-15,36.84999847,37.15000153,36.5,36.75,1335367,0,1,35.74374044,yahoo_bootstrap
2023-11-16,36.84999847,37.20000076,36.59999847,36.59999847,707970,0,1,35.59784613,yahoo_bootstrap
2023-11-17,36.79999924,36.79999924,36.09999847,36.70000076,727529,0,1,35.69511024,yahoo_bootstrap
2023-11-20,37.09999847,38.15000153,37.04999924,37.79999924,2068327,0,1,36.76498943,yahoo_bootstrap
2023-11-21,38.04999924,39.84999847,37.79999924,38.84999847,5293465,0,1,37.7862384,yahoo_bootstrap
2023-11-22,39.29999924,39.40000153,38.40000153,39.15000153,2442784,0,1,38.07802702,yahoo_bootstrap
2023-11-23,39.29999924,39.40000153,38.15000153,38.75,1969721,0,1,37.68897801,yahoo_bootstrap
2023-11-24,38.75,38.75,37.65000153,37.75,1356935,0,1,36.71635923,yahoo_bootstrap
2023-11-27,37.79999924,38,36.5,36.5,1398177,0,1,35.50058574,yahoo_bootstrap
2023-11-28,36.84999847,37.5,36.75,37.29999924,893155,0,1,36.27868003,yahoo_bootstrap
2023-11-29,37.59999847,37.59999847,36.79999924,36.84999847,786757,0,1,35.84100083,yahoo_bootstrap
2023-11-30,37.09999847,37.20000076,36.54999924,36.75,666608,0,1,35.74374044,yahoo_bootstrap
2023-12-01,36.84999847,38.75,36.54999924,38.09999847,3076017,0,1,37.05677431,yahoo_bootstrap
2023-12-04,39.70000076,39.95000076,38.29999924,38.59999847,4132171,0,1,37.54308371,yahoo_bootstrap
2023-12-05,38.5,38.5,37.59999847,38.09999847,1324592,0,1,37.05677431,yahoo_bootstrap
2023-12-06,38.5,38.90000153,37.65000153,37.84999847,1313166,0,1,36.81361962,yahoo_bootstrap
2023-12-07,37.84999847,38.59999847,37.65000153,37.84999847,926682,0,1,36.81361962,yahoo_bootstrap
2023-12-08,38.20000076,38.34999847,37.90000153,38.09999847,693104,0,1,37.05677431,yahoo_bootstrap
2023-12-11,38.40000153,38.40000153,37.75,38.09999847,633226,0,1,37.05677431,yahoo_bootstrap
2023-12-12,39.04999924,39.40000153,37.90000153,37.90000153,1483160,0,1,36.86225353,yahoo_bootstrap
2023-12-13,37.79999924,38.45000076,37.79999924,37.84999847,579787,0,1,36.81361962,yahoo_bootstrap
2023-12-14,38.20000076,39.20000076,38,38.65000153,2035866,0,1,37.59171762,yahoo_bootstrap
2023-12-15,39.40000153,39.45000076,37.70000076,37.90000153,2291763,0,1,36.86225353,yahoo_bootstrap
2023-12-18,37.95000076,38.25,37.25,37.25,845481,0,1,36.23004983,yahoo_bootstrap
2023-12-19,37.15000153,37.15000153,36.09999847,36.90000153,1519058,0,1,35.88963475,yahoo_bootstrap
2023-12-20,36.95000076,38.09999847,36.95000076,37.70000076,1136518,0,1,36.66772903,yahoo_bootstrap
2023-12-21,36.70000076,37.65000153,36.70000076,37.25,696463,0,1,36.23004983,yahoo_bootstrap
2023-12-22,37.45000076,37.90000153,37.25,37.90000153,575889,0,1,36.86225353,yahoo_bootstrap
2023-12-25,37.90000153,38.65000153,37.29999924,37.40000153,1630389,0,1,36.37594414,yahoo_bootstrap
2023-12-26,37.45000076,38.25,37.45000076,38.20000076,685148,0,1,37.15403842,yahoo_bootstrap
2023-12-27,38.25,38.5,38,38.40000153,582883,0,1,37.34856293,yahoo_bootstrap
2023-12-28,38.54999924,38.79999924,37.95000076,38.29999924,903776,0,1,37.25129882,yahoo_bootstrap
2023-12-29,38.29999924,38.90000153,38.20000076,38.79999924,1019921,0,1,37.73760821,yahoo_bootstrap
2024-01-02,38.75,38.75,38.20000076,38.34999847,483500,0,1,37.29992901,yahoo_bootstrap
2024-01-03,38.09999847,38.79999924,37.65000153,37.70000076,973973,0,1,36.66772903,yahoo_bootstrap
2024-01-04,37.95000076,38,37,37.34999847,1142463,0,1,36.32731022,yahoo_bootstrap
2024-01-05,37.45000076,37.70000076,37.09999847,37.40000153,396944,0,1,36.37594414,yahoo_bootstrap
2024-01-08,37.70000076,37.70000076,36.84999847,37.59999847,896222,0,1,36.57046492,yahoo_bootstrap
2024-01-09,37.75,37.90000153,36.79999924,37.90000153,1823336,0,1,36.86225353,yahoo_bootstrap
2024-01-10,37.84999847,37.84999847,37,37,1365116,0,1,35.98689514,yahoo_bootstrap
2024-01-11,37.20000076,37.84999847,36.84999847,37.79999924,939014,0,1,36.76498943,yahoo_bootstrap
2024-01-12,37.59999847,38.34999847,37.45000076,37.84999847,689622,0,1,36.81361962,yahoo_bootstrap
2024-01-15,38,38.15000153,37.70000076,38.09999847,343200,0,1,37.05677431,yahoo_bootstrap
2024-01-16,38.09999847,38.09999847,37.20000076,37.45000076,419416,0,1,36.42457433,yahoo_bootstrap
2024-01-17,37.15000153,38,37,37.70000076,1179442,0,1,36.66772903,yahoo_bootstrap
2024-01-18,37.70000076,37.70000076,36.90000153,36.90000153,814050,0,1,35.88963475,yahoo_bootstrap
2024-01-19,37.20000076,40.54999924,35.29999924,40.54999924,8668523,0,1,39.43969109,yahoo_bootstrap
2024-01-22,40.15000153,41.20000076,36.5,36.5,36543404,0,1,35.50058574,yahoo_bootstrap
2024-01-23,36.29999924,36.75,35.45000076,35.45000076,11834580,0,1,34.47933675,yahoo_bootstrap
2024-01-24,35.59999847,36.40000153,35.59999847,36.25,3492850,0,1,35.25743105,yahoo_bootstrap
2024-01-25,36.25,37.04999924,35.79999924,35.84999847,4116669,0,1,34.86838204,yahoo_bootstrap
2024-01-26,35.84999847,36.04999924,34.54999924,34.54999924,3210630,0,1,33.60397837,yahoo_bootstrap
2024-01-29,34.5,35.29999924,34.40000153,35.25,1183893,0,1,34.28481226,yahoo_bootstrap
2024-01-30,35.40000153,35.84999847,35.15000153,35.15000153,970596,0,1,34.18755187,yahoo_bootstrap
2024-01-31,35.20000076,35.40000153,34.84999847,34.84999847,995628,0,1,33.89576325,yahoo_bootstrap
2024-02-01,35,35.34999847,34.59999847,35.20000076,1040416,0,1,34.23618206,yahoo_bootstrap
2024-02-02,35.40000153,35.40000153,34.79999924,34.79999924,782920,0,1,33.84713306,yahoo_bootstrap
2024-02-05,34.79999924,34.79999924,34.25,34.40000153,1086468,0,1,33.45808778,yahoo_bootstrap
2024-02-15,35,35.79999924,34.70000076,35,2210100,0,1,34.04165756,yahoo_bootstrap
2024-02-16,35.04999924,36.04999924,35.04999924,36,1782672,0,1,35.01427635,yahoo_bootstrap
2024-02-19,36.40000153,36.79999924,35.75,36.5,2347577,0,1,35.50058574,yahoo_bootstrap
2024-02-20,36.5,36.70000076,36,36.04999924,936183,0,1,35.06290655,yahoo_bootstrap
2024-02-21,36.34999847,36.59999847,36.09999847,36.09999847,1188356,0,1,35.11153674,yahoo_bootstrap
2024-02-22,36.45000076,36.54999924,35.84999847,35.84999847,1134095,0,1,34.86838204,yahoo_bootstrap
2024-02-23,36.09999847,36.40000153,35.59999847,35.59999847,1170820,0,1,34.62522735,yahoo_bootstrap
2024-02-26,35.59999847,35.65000153,35.20000076,35.20000076,917790,0,1,34.23618206,yahoo_bootstrap
2024-02-27,35.45000076,35.54999924,34.54999924,34.70000076,976243,0,1,33.74987266,yahoo_bootstrap
2024-02-29,34.70000076,35.90000153,34.45000076,35.25,1082177,0,1,34.28481226,yahoo_bootstrap
2024-03-01,35.45000076,36.65000153,35.15000153,36.65000153,2506182,0,1,35.64648005,yahoo_bootstrap
2024-03-04,37,38.5,36.29999924,38,6249446,0,1,36.95951392,yahoo_bootstrap
2024-03-05,39.5,41.45000076,39,39.84999847,15274202,0,1,38.75885719,yahoo_bootstrap
2024-03-06,39.65000153,43.45000076,38.79999924,41.25,13102647,0,1,40.12052498,yahoo_bootstrap
2024-03-07,42,42.90000153,39.59999847,39.90000153,6759503,0,1,38.80749111,yahoo_bootstrap
2024-03-08,40,42.25,38.59999847,41.54999924,8711418,0,1,40.41230988,yahoo_bootstrap
2024-03-11,40.5,41.79999924,40.20000076,41,4755846,0,1,39.87737029,yahoo_bootstrap
2024-03-12,41.04999924,42.59999847,41.04999924,41.70000076,5044255,0,1,40.55820418,yahoo_bootstrap
2024-03-13,42.09999847,42.25,40.45000076,41.20000076,2746505,0,1,40.07189478,yahoo_bootstrap
2024-03-14,41.29999924,41.34999847,39,39.04999924,4208940,0,1,37.98076291,yahoo_bootstrap
2024-03-15,39.54999924,39.75,38.84999847,39.34999847,1700872,0,1,38.2725478,yahoo_bootstrap
2024-03-18,39.45000076,43.25,39.45000076,43.25,10325173,0,1,42.06576256,yahoo_bootstrap
2024-03-19,43.65000153,44.54999924,41.79999924,42,12991537,0,1,40.84998907,yahoo_bootstrap
2024-03-20,42,42,41.15000153,41.20000076,3173221,0,1,40.07189478,yahoo_bootstrap
2024-03-21,41.84999847,42.29999924,40.45000076,40.59999847,3106788,0,1,39.48832128,yahoo_bootstrap
2024-03-22,40.84999847,41.29999924,40,40.65000153,2249783,0,1,39.5369552,yahoo_bootstrap
2024-03-25,41,44.45000076,40.70000076,44.45000076,12641109,0,1,43.23290584,yahoo_bootstrap
2024-03-26,44.95000076,45.34999847,42.65000153,43.09999847,12691959,0,1,41.91986825,yahoo_bootstrap
2024-03-27,42.59999847,43,41.20000076,42.54999924,4374993,0,1,41.38492867,yahoo_bootstrap
2024-03-28,42.59999847,44.54999924,42.20000076,42.20000076,5010354,0,1,41.04451357,yahoo_bootstrap
2024-03-29,42.5,44.90000153,42.20000076,43.65000153,5992000,0,1,42.45481156,yahoo_bootstrap
2024-04-01,43.79999924,45.40000153,43.29999924,44.15000153,5845668,0,1,42.94112095,yahoo_bootstrap
2024-04-02,44.25,44.40000153,43.65000153,43.79999924,2138265,0,1,42.60070215,yahoo_bootstrap
2024-04-03,43.75,45.15000153,43.5,44.54999924,4119783,0,1,43.33016624,yahoo_bootstrap
2024-04-08,44.29999924,46.75,43.84999847,46.75,6410146,0,1,45.46992831,yahoo_bootstrap
2024-04-09,46.75,46.75,45.15000153,46.34999847,4886320,0,1,45.08087931,yahoo_bootstrap
2024-04-10,47.45000076,48.20000076,44.15000153,45.5,10739053,0,1,44.25415483,yahoo_bootstrap
2024-04-11,44.79999924,45.34999847,44.20000076,44.20000076,3093391,0,1,42.98975115,yahoo_bootstrap
2024-04-12,44.5,45.20000076,43.70000076,45.04999924,3092535,0,1,43.81647564,yahoo_bootstrap
2024-04-15,45.04999924,45.45000076,43.15000153,43.29999924,3802637,0,1,42.11439276,yahoo_bootstrap
2024-04-16,42.59999847,43,40.5,40.95000076,3406535,0,1,39.82874009,yahoo_bootstrap
2024-04-17,42,43.20000076,41.15000153,42.45000076,2388565,0,1,41.28766827,yahoo_bootstrap
2024-04-18,42.09999847,42.20000076,41.20000076,41.45000076,1848338,0,1,40.31504948,yahoo_bootstrap
2024-04-19,42.04999924,42.70000076,39.54999924,40.84999847,2716122,0,1,39.73147598,yahoo_bootstrap
2024-04-22,40.95000076,41.04999924,39.45000076,39.54999924,1561998,0,1,38.4670723,yahoo_bootstrap
2024-04-23,40,40.54999924,39.59999847,40.40000153,1060070,0,1,39.2938005,yahoo_bootstrap
2024-04-24,41.29999924,44.40000153,41.09999847,44.40000153,10257968,0,1,43.18427565,yahoo_bootstrap
2024-04-25,44.25,46.20000076,43.25,43.75,12899228,0,1,42.55207195,yahoo_bootstrap
2024-04-26,44.34999847,45.59999847,43.79999924,44.04999924,7466333,0,1,42.84385685,yahoo_bootstrap
2024-04-29,44.29999924,47,44.29999924,44.75,4552396,0,1,43.52469074,yahoo_bootstrap
2024-04-30,44.65000153,49.20000076,44.25,49.20000076,20689492,0,1,47.85284508,yahoo_bootstrap
2024-05-02,50.20000076,50.70000076,46.79999924,48.34999847,26027186,0,1,47.02611689,yahoo_bootstrap
2024-05-03,48.59999847,48.75,45.34999847,45.34999847,15550038,0,1,44.10826052,yahoo_bootstrap
2024-05-06,46,46.95000076,44.79999924,45.09999847,8648851,0,1,43.86510583,yahoo_bootstrap
2024-05-07,45.29999924,46.09999847,43.90000153,44.84999847,4372053,0,1,43.62195113,yahoo_bootstrap
2024-05-08,45.20000076,45.29999924,44.34999847,44.54999924,1980330,0,1,43.33016624,yahoo_bootstrap
2024-05-09,45,45.15000153,43.84999847,43.84999847,1973380,0,1,42.64933234,yahoo_bootstrap
2024-05-10,43.95000076,44.09999847,42.59999847,43.15000153,2494792,0,1,41.96850217,yahoo_bootstrap
2024-05-13,42.5,45.25,41.04999924,44.45000076,4234495,0,1,43.23290584,yahoo_bootstrap
2024-05-14,44.20000076,44.90000153,42.95000076,44.25,4044608,0,1,43.03838135,yahoo_bootstrap
2024-05-15,44.15000153,45.70000076,44.15000153,44.65000153,2813387,0,1,43.42743035,yahoo_bootstrap
2024-05-16,44.95000076,46.75,44.95000076,46,8104750,0,1,44.74046422,yahoo_bootstrap
2024-05-17,46.09999847,46.29999924,45,45.04999924,2219650,0,1,43.81647564,yahoo_bootstrap
2024-05-20,46,47.45000076,45.75,46.70000076,6622485,0,1,45.42129811,yahoo_bootstrap
2024-05-21,47.09999847,47.20000076,45.79999924,46.70000076,3296373,0,1,45.42129811,yahoo_bootstrap
2024-05-22,46.5,47.15000153,45.65000153,45.79999924,3234286,0,1,44.54593973,yahoo_bootstrap
2024-05-23,46,46.5,45.09999847,45.25,2235231,0,1,44.01100013,yahoo_bootstrap
2024-05-24,44.90000153,45.20000076,44.40000153,44.90000153,2115712,0,1,43.67058505,yahoo_bootstrap
2024-05-27,44.90000153,47.59999847,44.84999847,46.59999847,4124668,0,1,45.32403401,yahoo_bootstrap
2024-05-28,47.09999847,47.20000076,45.90000153,46.09999847,2321722,0,1,44.83772461,yahoo_bootstrap
2024-05-29,46.09999847,46.5,45.25,45.45000076,1631550,0,1,44.20552463,yahoo_bootstrap
2024-05-30,45,45.40000153,44.29999924,44.29999924,2026603,0,1,43.08701155,yahoo_bootstrap
2024-05-31,44.54999924,47.09999847,44.54999924,44.70000076,4363062,0,1,43.47606054,yahoo_bootstrap
2024-06-03,45.29999924,48.09999847,45.20000076,47.20000076,8971018,0,1,45.90760751,yahoo_bootstrap
2024-06-04,48,49,46.5,46.84999847,5400340,0,1,45.5671887,yahoo_bootstrap
2024-06-05,46.79999924,47.45000076,45.84999847,46.40000153,1776519,0,1,45.12951323,yahoo_bootstrap
2024-06-06,46.70000076,46.90000153,45.40000153,45.70000076,3070869,0,1,44.44867933,yahoo_bootstrap
2024-06-07,46.29999924,47.34999847,46.04999924,46.59999847,3887111,0,1,45.32403401,yahoo_bootstrap
2024-06-11,46.79999924,46.95000076,45.59999847,45.75,1534200,0,1,44.49730953,yahoo_bootstrap
2024-06-12,45.65000153,46.29999924,45.25,46.20000076,1250021,0,1,44.93498872,yahoo_bootstrap
2024-06-13,46.95000076,47.09999847,46.25,46.79999924,1456963,0,1,45.51855851,yahoo_bootstrap
2024-06-14,47,49.70000076,46.90000153,49.5,9139744,0,1,48.14462998,yahoo_bootstrap
2024-06-17,49.79999924,50,47.54999924,48.54999924,4834917,0,1,47.22064139,yahoo_bootstrap
2024-06-18,49.20000076,49.29999924,48.09999847,49.09999847,2632690,0,1,47.75558098,yahoo_bootstrap
2024-06-19,50.70000076,54,49.75,54,10937538,0,1,52.52141452,yahoo_bootstrap
2024-06-20,55,59.40000153,53.70000076,59.40000153,38437714,0,1,57.77355746,yahoo_bootstrap
2024-06-21,60.59999847,62.70000076,59,60.40000153,47450297,0,1,58.74617625,yahoo_bootstrap
2024-06-24,60.09999847,60.09999847,57.20000076,58.09999847,10731151,0,1,56.50915006,yahoo_bootstrap
2024-06-25,58.09999847,59.29999924,55.70000076,58.70000076,7539348,0,1,57.09272356,yahoo_bootstrap
2024-06-26,58.29999924,61,57.29999924,57.70000076,9641345,0,1,56.12010478,yahoo_bootstrap
2024-06-27,57.09999847,58.20000076,56.09999847,56.59999847,3868949,0,1,55.05022188,yahoo_bootstrap
2024-06-28,57.09999847,58.29999924,55.90000153,56,3679106,0,1,54.4666521,yahoo_bootstrap
2024-07-01,56.59999847,56.59999847,53.40000153,53.59999847,5799079,0,1,52.13236552,yahoo_bootstrap
2024-07-02,54,54.29999924,52.70000076,53.09999847,2622794,0,1,51.64605613,yahoo_bootstrap
2024-07-03,54,57.5,53.90000153,54.20000076,7051129,0,1,52.71593902,yahoo_bootstrap
2024-07-04,54.70000076,55.5,54.09999847,55,3045324,0,1,53.49403331,yahoo_bootstrap
2024-07-05,55.40000153,57.40000153,55.29999924,56,3973264,0,1,54.4666521,yahoo_bootstrap
2024-07-08,55.5,57.90000153,54.40000153,56.29999924,9844768,0.5,1,55.25175625,yahoo_bootstrap
2024-07-09,56.5,57.70000076,53.40000153,55.40000153,5984069,0,1,54.36851549,yahoo_bootstrap
2024-07-10,56.40000153,60.90000153,55.5,60.90000153,14893021,0,1,59.76611164,yahoo_bootstrap
2024-07-11,57.79999924,58.59999847,55,55.29999924,16256548,0,1,54.27037513,yahoo_bootstrap
2024-07-12,54.70000076,59.59999847,54,55.90000153,13285169,0,1,54.85920605,yahoo_bootstrap
2024-07-15,56.40000153,56.40000153,53.70000076,54,6510762,0,1,52.99458042,yahoo_bootstrap
2024-07-16,54.09999847,56.20000076,54.09999847,55.09999847,2963852,0,1,54.07409815,yahoo_bootstrap
2024-07-17,55.70000076,56.20000076,54.09999847,54.5,3033355,0,1,53.48527098,yahoo_bootstrap
2024-07-18,53.5,53.79999924,52.59999847,53.29999924,3217358,0,1,52.30761289,yahoo_bootstrap
2024-07-19,53.29999924,54.79999924,52.90000153,53,2478959,0,1,52.0131993,yahoo_bootstrap
2024-07-22,53,54.40000153,51.59999847,52.90000153,3479509,0,1,51.91506269,yahoo_bootstrap
2024-07-23,53.5,54.5,52.79999924,53,2326112,0,1,52.0131993,yahoo_bootstrap
2024-07-26,51,51.70000076,50.20000076,51.20000076,2232070,0,1,50.24671403,yahoo_bootstrap
2024-07-29,52.70000076,54.29999924,50.20000076,50.5,3983124,0,1,49.5597465,yahoo_bootstrap
2024-07-30,50.20000076,51,49.54999924,50.59999847,1715639,0,1,49.65788311,yahoo_bootstrap
2024-07-31,50.40000153,53.20000076,50.20000076,51.70000076,5431078,0,1,50.73740459,yahoo_bootstrap
2024-08-01,53,54.20000076,52.09999847,52.29999924,3646118,0,1,51.32623177,yahoo_bootstrap
2024-08-02,51.09999847,51.40000153,48,48,4234150,0,1,47.10629371,yahoo_bootstrap
2024-08-05,45.20000076,46.54999924,43.20000076,43.70000076,4041273,0,1,42.88635564,yahoo_bootstrap
2024-08-06,45,45.59999847,39.70000076,42.34999847,4009006,0,1,41.56148888,yahoo_bootstrap
2024-08-07,43.15000153,46.54999924,43.04999924,46.54999924,3267750,0,1,45.68329034,yahoo_bootstrap
2024-08-08,45.29999924,47.04999924,45.29999924,45.45000076,2396486,0,1,44.6037726,yahoo_bootstrap
2024-08-09,46.45000076,47.29999924,45.70000076,45.70000076,1749662,0,1,44.84911788,yahoo_bootstrap
2024-08-12,46.09999847,48.34999847,46.09999847,47.5,2093700,0,1,46.61560315,yahoo_bootstrap
2024-08-13,47.90000153,48.70000076,47.34999847,48.25,1809296,0,1,47.35163899,yahoo_bootstrap
2024-08-14,49.09999847,49.29999924,48.25,48.5,1228958,0,1,47.59698427,yahoo_bootstrap
2024-08-15,49,49.29999924,48.25,48.59999847,1112748,0,1,47.69512088,yahoo_bootstrap
2024-08-16,49.54999924,51,49.40000153,49.75,2915531,0,1,48.82371066,yahoo_bootstrap
2024-08-19,50.20000076,50.20000076,49.25,49.5,862240,0,1,48.57836538,yahoo_bootstrap
2024-08-20,49.84999847,50.40000153,49.34999847,49.54999924,1140559,0,1,48.62743369,yahoo_bootstrap
2024-08-21,49.45000076,49.45000076,48.25,48.75,1291210,0,1,47.84232955,yahoo_bootstrap
2024-08-22,49.15000153,49.5,48.15000153,48.20000076,1096759,0,1,47.30257068,yahoo_bootstrap
2024-08-23,48.15000153,48.70000076,47.40000153,48.65000153,849592,0,1,47.74419294,yahoo_bootstrap
2024-08-26,49,49.29999924,47.75,47.95000076,1016753,0,1,47.0572254,yahoo_bootstrap
2024-08-27,47.84999847,48.34999847,47.34999847,47.95000076,713591,0,1,47.0572254,yahoo_bootstrap
2024-08-28,48.40000153,49.04999924,48.04999924,48.15000153,1016222,0,1,47.25350238,yahoo_bootstrap
2024-08-29,47.75,48.15000153,47.40000153,47.90000153,1074136,0,1,47.0081571,yahoo_bootstrap
2024-08-30,48.40000153,49.5,48.34999847,48.84999847,1933933,0,1,47.94046616,yahoo_bootstrap
2024-09-02,49,50,48.40000153,48.65000153,3157720,0,1,47.74419294,yahoo_bootstrap
2024-09-03,49.79999924,53.29999924,49.5,50.59999847,9885514,0,1,49.65788311,yahoo_bootstrap
2024-09-04,45.90000153,47.5,45.54999924,46.15000153,6737533,0,1,45.29074014,yahoo_bootstrap
2024-09-05,46.59999847,48.25,45.5,45.5,3436433,0,1,44.65284091,yahoo_bootstrap
2024-09-06,45.5,46.04999924,45.09999847,45.29999924,1367652,0,1,44.45656394,yahoo_bootstrap
2024-09-09,43.79999924,45.29999924,43.59999847,45.15000153,969204,0,1,44.30935902,yahoo_bootstrap
2024-09-10,45.34999847,45.59999847,42.25,44,1319203,0,1,43.18076923,yahoo_bootstrap
2024-09-11,44.5,45.15000153,44.40000153,44.90000153,774300,0,1,44.06401374,yahoo_bootstrap
2024-09-12,45.70000076,47.29999924,45.59999847,47.09999847,2858215,0,1,46.2230492,yahoo_bootstrap
2024-09-13,47.09999847,47.34999847,46.59999847,46.79999924,1013329,0,1,45.92863562,yahoo_bootstrap
2024-09-16,47.20000076,47.45000076,46.65000153,47,988729,0,1,46.12491259,yahoo_bootstrap
2024-09-18,47,47.15000153,46.59999847,46.84999847,843064,0,1,45.97770392,yahoo_bootstrap
2024-09-19,47.40000153,47.54999924,46.79999924,46.79999924,864240,0,1,45.92863562,yahoo_bootstrap
2024-09-20,47.5,47.70000076,46.54999924,46.65000153,1144733,0,1,45.7814307,yahoo_bootstrap
2024-09-23,46.59999847,47.40000153,46.5,46.75,958053,0,1,45.87956731,yahoo_bootstrap
2024-09-24,47.40000153,47.40000153,46.25,46.70000076,949507,0,1,45.830499,yahoo_bootstrap
2024-09-25,47.34999847,48.09999847,47.25,47.5,1687484,0,1,46.61560315,yahoo_bootstrap
2024-09-26,47.79999924,48.09999847,46.54999924,46.54999924,1323020,0,1,45.68329034,yahoo_bootstrap
2024-09-27,47.15000153,47.70000076,46.75,47.40000153,1192505,0,1,46.51746654,yahoo_bootstrap
2024-09-30,47.40000153,51.59999847,46.90000153,50.59999847,7815915,0,1,49.65788311,yahoo_bootstrap
2024-10-01,51.29999924,52.09999847,49.15000153,49.5,7950490,0,1,48.57836538,yahoo_bootstrap
2024-10-04,50.09999847,54.40000153,49.75,54.40000153,15890461,0,1,53.38713437,yahoo_bootstrap
2024-10-07,55.79999924,58.29999924,55.40000153,56,33494846,0,1,54.95734266,yahoo_bootstrap
2024-10-08,55.29999924,58.79999924,54,54,18326136,0,1,52.99458042,yahoo_bootstrap
2024-10-09,55.70000076,56.40000153,53.59999847,53.59999847,7570300,0,1,52.60202647,yahoo_bootstrap
2024-10-11,52.09999847,53.29999924,51,51.5,4730763,0,1,50.54112762,yahoo_bootstrap
2024-10-14,51.79999924,53.90000153,50.90000153,53.29999924,3874260,0,1,52.30761289,yahoo_bootstrap
2024-10-15,53.09999847,55.40000153,52.09999847,52.40000153,4949941,0,1,51.42437213,yahoo_bootstrap
2024-10-16,51.70000076,52.5,51.5,51.5,1795631,0,1,50.54112762,yahoo_bootstrap
2024-10-17,52.59999847,53.5,51.90000153,52.20000076,1817994,0,1,51.22809515,yahoo_bootstrap
2024-10-18,52.90000153,56,51.70000076,54.29999924,6570297,0,1,53.28899401,yahoo_bootstrap
2024-10-21,54.79999924,55.40000153,53.5,53.5,3690316,0,1,52.50388986,yahoo_bootstrap
2024-10-22,53.5,55.20000076,53.29999924,55,3198875,0,1,53.97596154,yahoo_bootstrap
2024-10-23,54.5,56.40000153,54.29999924,55.20000076,4190248,0,1,54.17223851,yahoo_bootstrap
2024-10-24,55.20000076,55.5,53.40000153,53.59999847,2685044,0,1,52.60202647,yahoo_bootstrap
2024-10-25,54.5,56,53.90000153,54.90000153,3807051,0,1,53.87782493,yahoo_bootstrap
2024-10-28,54.90000153,55,52.70000076,53.09999847,3146042,0,1,52.11133591,yahoo_bootstrap
2024-10-29,53.09999847,53.5,51.5,52.59999847,1754034,0,1,51.62064535,yahoo_bootstrap
2024-10-30,53.20000076,53.20000076,51.29999924,51.40000153,1707407,0,1,50.44299101,yahoo_bootstrap
2024-11-01,49.90000153,50.90000153,49.65000153,50.59999847,2296350,0,1,49.65788311,yahoo_bootstrap
2024-11-04,50.70000076,52.40000153,50.40000153,51.90000153,1420219,0,1,50.93368157,yahoo_bootstrap
2024-11-05,51.29999924,53.90000153,51.29999924,51.70000076,1989719,0,1,50.73740459,yahoo_bootstrap
2024-11-06,52,52.59999847,51.5,51.5,913290,0,1,50.54112762,yahoo_bootstrap
2024-11-07,51.29999924,53.29999924,51.29999924,52.59999847,1451865,0,1,51.62064535,yahoo_bootstrap
2024-11-08,53,53.20000076,51.5,51.59999847,1310521,0,1,50.63926423,yahoo_bootstrap
2024-11-11,52,53.70000076,52,52.90000153,2232587,0,1,51.91506269,yahoo_bootstrap
2024-11-12,52.70000076,55.29999924,52.09999847,54.29999924,3918459,0,1,53.28899401,yahoo_bootstrap
2024-11-13,55.29999924,55.90000153,54.09999847,54.5,5495763,0,1,53.48527098,yahoo_bootstrap
2024-11-14,54.59999847,55,53.5,53.90000153,2207178,0,1,52.89644381,yahoo_bootstrap
2024-11-15,54.5,54.59999847,53.20000076,53.29999924,1320628,0,1,52.30761289,yahoo_bootstrap
2024-11-18,52.79999924,53.09999847,50.90000153,52.09999847,2030501,0,1,51.12995479,yahoo_bootstrap
2024-11-19,52.09999847,52.70000076,51.40000153,51.59999847,1278857,0,1,50.63926423,yahoo_bootstrap
2024-11-20,51.40000153,51.40000153,51.40000153,51.40000153,1029670,0,1,50.44299101,yahoo_bootstrap
2024-11-21,51.5,52.90000153,51.09999847,51.90000153,1310300,0,1,50.93368157,yahoo_bootstrap
2024-11-22,52.59999847,55.59999847,52.40000153,53.09999847,4738256,0,1,52.11133591,yahoo_bootstrap
2024-11-25,53.79999924,54.79999924,52.90000153,53.09999847,2225093,0,1,52.11133591,yahoo_bootstrap
2024-11-26,52.70000076,53.59999847,52.20000076,52.29999924,1602265,0,1,51.32623177,yahoo_bootstrap
2024-11-27,52.29999924,52.79999924,51.5,51.59999847,1398830,0,1,50.63926423,yahoo_bootstrap
2024-11-28,51.59999847,51.90000153,50,50.09999847,2077373,0,1,49.16719255,yahoo_bootstrap
2024-11-29,49.90000153,51.59999847,48.65000153,51.09999847,1949302,0,1,50.14857367,yahoo_bootstrap
2024-12-02,51.20000076,52.20000076,50.90000153,51.70000076,1079722,0,1,50.73740459,yahoo_bootstrap
2024-12-03,52,53.20000076,51.70000076,52,1669960,0,1,51.03181818,yahoo_bootstrap
2024-12-04,52,52.59999847,51.5,52.09999847,1080653,0,1,51.12995479,yahoo_bootstrap
2024-12-05,52.29999924,52.59999847,51.59999847,51.59999847,960267,0,1,50.63926423,yahoo_bootstrap
2024-12-06,51.79999924,52.70000076,51.70000076,52,1371645,0,1,51.03181818,yahoo_bootstrap
2024-12-09,52.09999847,52.09999847,51,51.20000076,976401,0,1,50.24671403,yahoo_bootstrap
2024-12-10,51.70000076,53.70000076,49.84999847,50.20000076,4313488,0,1,49.26533291,yahoo_bootstrap
2024-12-11,49.90000153,50.20000076,48.54999924,48.59999847,2230277,0,1,47.69512088,yahoo_bootstrap
2024-12-12,49,49.45000076,47.90000153,48.15000153,1218396,0,1,47.25350238,yahoo_bootstrap
2024-12-13,48.29999924,50.20000076,47.90000153,49.20000076,2451014,0,1,48.28395179,yahoo_bootstrap
2024-12-16,49,49,47.15000153,47.40000153,1821772,0,1,46.51746654,yahoo_bootstrap
2024-12-17,47.59999847,48.34999847,47.34999847,47.70000076,871337,0,1,46.81188012,yahoo_bootstrap
2024-12-18,47.20000076,48.20000076,46.70000076,47.70000076,1072094,0,1,46.81188012,yahoo_bootstrap
2024-12-19,46.59999847,47.40000153,46.54999924,47.20000076,849211,0,1,46.32118956,yahoo_bootstrap
2024-12-20,47,47.75,46.70000076,46.84999847,683420,0,1,45.97770392,yahoo_bootstrap
2024-12-23,47.5,48.25,47.29999924,47.84999847,646978,0,1,46.95908504,yahoo_bootstrap
2024-12-24,48.15000153,48.59999847,47.59999847,47.65000153,535604,0,1,46.76281182,yahoo_bootstrap
2024-12-25,48.15000153,48.40000153,47.84999847,48.25,385886,0,1,47.35163899,yahoo_bootstrap
2024-12-26,48.45000076,49.04999924,48.04999924,48.90000153,694939,0,1,47.98953821,yahoo_bootstrap
2024-12-27,49.20000076,49.29999924,48.54999924,48.54999924,689873,0,1,47.64605258,yahoo_bootstrap
2024-12-30,48.5,48.54999924,48.09999847,48.09999847,303368,0,1,47.20443032,yahoo_bootstrap
2024-12-31,48,48.09999847,46.84999847,47.34999847,814866,0,1,46.46839448,yahoo_bootstrap
2025-01-02,47.20000076,48.59999847,47.04999924,47.79999924,602167,0,1,46.91001674,yahoo_bootstrap
2025-01-03,47.79999924,48.45000076,47.29999924,47.40000153,318208,0,1,46.51746654,yahoo_bootstrap
2025-01-06,47.54999924,47.95000076,47.20000076,47.59999847,533260,0,1,46.71373976,yahoo_bootstrap
2025-01-07,48.20000076,49.15000153,47.75,48.15000153,707635,0,1,47.25350238,yahoo_bootstrap
2025-01-08,48,48.04999924,47.40000153,47.54999924,415774,0,1,46.66467146,yahoo_bootstrap
2025-01-09,47.54999924,48.34999847,46,46.20000076,813585,0,1,45.33980844,yahoo_bootstrap
2025-01-10,46.09999847,47.20000076,45.70000076,45.79999924,527028,0,1,44.9472545,yahoo_bootstrap
2025-01-13,45.70000076,45.70000076,44.65000153,45,748381,0,1,44.16215035,yahoo_bootstrap
2025-01-14,44.95000076,45.65000153,44.75,45.54999924,396041,0,1,44.70190922,yahoo_bootstrap
2025-01-15,45.25,45.70000076,44.04999924,44.09999847,732400,0,1,43.27890584,yahoo_bootstrap
2025-01-16,44.45000076,44.79999924,43.90000153,43.90000153,926010,0,1,43.08263262,yahoo_bootstrap
2025-01-17,44.20000076,45.09999847,43.75,44.70000076,882055,0,1,43.86773676,yahoo_bootstrap
2025-01-20,44.65000153,45.09999847,44.29999924,44.70000076,594064,0,1,43.86773676,yahoo_bootstrap
2025-01-21,44.70000076,45.29999924,44.70000076,44.90000153,431012,0,1,44.06401374,yahoo_bootstrap
2025-01-22,45.09999847,46.75,45.09999847,46.40000153,885712,0,1,45.53608542,yahoo_bootstrap
2025-02-03,50,50,47.40000153,49.29999924,4403357,0,1,48.38208841,yahoo_bootstrap
2025-02-04,49.40000153,49.90000153,48.70000076,49.09999847,1211417,0,1,48.18581144,yahoo_bootstrap
2025-02-05,49.09999847,50.70000076,49.09999847,50.29999924,1743250,0,1,49.36346953,yahoo_bootstrap
2025-02-06,50.29999924,50.70000076,49.65000153,50,1099707,0,1,49.06905594,yahoo_bootstrap
2025-02-07,50.20000076,50.5,49.90000153,50.20000076,856883,0,1,49.26533291,yahoo_bootstrap
2025-02-10,49.59999847,50.5,48.20000076,50.5,1050813,0,1,49.5597465,yahoo_bootstrap
2025-02-11,50.29999924,50.70000076,49.84999847,49.84999847,574157,0,1,48.92184727,yahoo_bootstrap
2025-02-12,50,50.29999924,49,49.20000076,611255,0,1,48.28395179,yahoo_bootstrap
2025-02-13,49,50.09999847,49,49.70000076,708659,0,1,48.77464235,yahoo_bootstrap
2025-02-14,50.20000076,50.20000076,49.34999847,50,687782,0,1,49.06905594,yahoo_bootstrap
2025-02-17,50.29999924,50.40000153,49.79999924,49.79999924,498556,0,1,48.87277897,yahoo_bootstrap
2025-02-18,49.79999924,51,49.79999924,50.5,1107096,0,1,49.5597465,yahoo_bootstrap
2025-02-19,50.5,50.70000076,50,50.09999847,388182,0,1,49.16719255,yahoo_bootstrap
2025-02-20,50.09999847,50.70000076,49.90000153,50.09999847,444305,0,1,49.16719255,yahoo_bootstrap
2025-02-21,50.09999847,50.29999924,49.95000076,50.09999847,340535,0,1,49.16719255,yahoo_bootstrap
2025-02-24,50,51.40000153,49.90000153,50.59999847,1037240,0,1,49.65788311,yahoo_bootstrap
2025-02-25,50.90000153,51.20000076,49.40000153,49.40000153,1596229,0,1,48.48022877,yahoo_bootstrap
2025-02-26,49.40000153,49.54999924,49.04999924,49.09999847,585692,0,1,48.18581144,yahoo_bootstrap
2025-02-27,49.09999847,49.79999924,48.20000076,48.29999924,873086,0,1,47.4007073,yahoo_bootstrap
2025-03-03,47.70000076,48.04999924,46.29999924,46.70000076,1205405,0,1,45.830499,yahoo_bootstrap
2025-03-04,45.70000076,46.45000076,45.20000076,46.45000076,887324,0,1,45.58515372,yahoo_bootstrap
2025-03-05,46.29999924,47.04999924,46.20000076,47.04999924,471317,0,1,46.1739809,yahoo_bootstrap
2025-03-06,47.15000153,47.20000076,46.40000153,46.40000153,640407,0,1,45.53608542,yahoo_bootstrap
2025-03-07,46,46.29999924,45.59999847,45.59999847,799016,0,1,44.75097752,yahoo_bootstrap
2025-03-10,45.59999847,46.04999924,45.34999847,45.40000153,407504,0,1,44.5547043,yahoo_bootstrap
2025-03-11,44.5,45.15000153,43.54999924,44.84999847,885688,0,1,44.01494168,yahoo_bootstrap
2025-03-12,44.65000153,45.5,44.65000153,45.15000153,497891,0,1,44.30935902,yahoo_bootstrap
2025-03-13,45.25,46.09999847,44.65000153,44.65000153,342521,0,1,43.81866846,yahoo_bootstrap
2025-03-14,45.40000153,45.40000153,44.59999847,45,233112,0,1,44.16215035,yahoo_bootstrap
2025-03-17,45,45.90000153,45,45.59999847,298464,0,1,44.75097752,yahoo_bootstrap
2025-03-18,46.09999847,46.25,45.70000076,45.70000076,261416,0,1,44.84911788,yahoo_bootstrap
2025-03-19,45.70000076,45.95000076,45.20000076,45.25,267606,0,1,44.40749563,yahoo_bootstrap
2025-03-20,45.40000153,45.84999847,45.40000153,45.79999924,143728,0,1,44.9472545,yahoo_bootstrap
2025-03-21,45.65000153,46.04999924,45.45000076,45.54999924,223900,0,1,44.70190922,yahoo_bootstrap
2025-03-24,45.90000153,45.90000153,45,45.15000153,266233,0,1,44.30935902,yahoo_bootstrap
2025-03-25,45.20000076,46.5,45.15000153,45.15000153,393237,0,1,44.30935902,yahoo_bootstrap
2025-03-26,45.09999847,45.59999847,45.09999847,45.5,154782,0,1,44.65284091,yahoo_bootstrap
2025-03-27,44.65000153,44.84999847,43.84999847,44,789800,0,1,43.18076923,yahoo_bootstrap
2025-03-28,43.79999924,43.79999924,42,42.34999847,1014829,0,1,41.56148888,yahoo_bootstrap
2025-03-31,40.65000153,41.25,39.54999924,39.79999924,1253375,0,1,39.05896779,yahoo_bootstrap
2025-04-01,40.20000076,41.15000153,40.09999847,40.95000076,461364,0,1,40.18755756,yahoo_bootstrap
2025-04-02,40.95000076,41.65000153,40.79999924,41.5,324035,0,1,40.72731643,yahoo_bootstrap
2025-04-07,37.34999847,37.34999847,37.34999847,37.34999847,64235,0,1,36.65458329,yahoo_bootstrap
2025-04-08,33.65000153,33.65000153,33.65000153,33.65000153,445371,0,1,33.02347615,yahoo_bootstrap
2025-04-09,30.39999962,30.79999924,30.29999924,30.29999924,764073,0,1,29.73584716,yahoo_bootstrap
2025-04-10,32.25,33.29999924,32.15000153,33.29999924,2000479,0,1,32.67999051,yahoo_bootstrap
2025-04-11,31.5,33.40000153,30,33.25,1177579,0,1,32.6309222,yahoo_bootstrap
2025-04-14,34,35.5,33.65000153,33.84999847,1298184,0,1,33.21974937,yahoo_bootstrap
2025-04-15,34,36.15000153,33.90000153,36.04999924,919050,0,1,35.37878859,yahoo_bootstrap
2025-04-16,35.79999924,36.04999924,35.40000153,35.70000076,635227,0,1,35.03530669,yahoo_bootstrap
2025-04-17,35.5,35.79999924,34.90000153,35.65000153,600154,0,1,34.98623839,yahoo_bootstrap
2025-04-18,35.34999847,36.09999847,35.34999847,35.54999924,335111,0,1,34.88809803,yahoo_bootstrap
2025-04-21,35.40000153,35.59999847,34.40000153,34.40000153,501548,0,1,33.75951199,yahoo_bootstrap
2025-04-22,33.5,34.90000153,33.5,34.59999847,458002,0,1,33.95578521,yahoo_bootstrap
2025-04-23,35.95000076,36.59999847,35.90000153,36.25,564124,0,1,35.57506556,yahoo_bootstrap
2025-04-24,36.25,37.04999924,36.25,36.59999847,486250,0,1,35.91854745,yahoo_bootstrap
2025-04-25,37.45000076,37.95000076,37.09999847,37.84999847,662834,0,1,37.14527385,yahoo_bootstrap
2025-04-28,38.34999847,38.5,37.84999847,37.95000076,488151,0,1,37.24341421,yahoo_bootstrap
2025-04-29,38.90000153,39.70000076,38.59999847,39.29999924,702056,0,1,38.56827723,yahoo_bootstrap
2025-04-30,39.04999924,39.45000076,38.45000076,38.54999924,597504,0,1,37.83224139,yahoo_bootstrap
2025-05-02,38.59999847,39.79999924,38.59999847,39.5,397948,0,1,38.7645542,yahoo_bootstrap
2025-05-05,39.70000076,39.70000076,38.04999924,38.59999847,509485,0,1,37.88130969,yahoo_bootstrap
2025-05-06,38.09999847,38.90000153,38.09999847,38.65000153,170387,0,1,37.93038175,yahoo_bootstrap
2025-05-07,38.29999924,38.70000076,38.20000076,38.34999847,233533,0,1,37.63596441,yahoo_bootstrap
2025-05-08,38.45000076,39.59999847,38.45000076,39.59999847,348681,0,1,38.86269081,yahoo_bootstrap
2025-05-09,39.29999924,39.84999847,39.29999924,39.70000076,257424,0,1,38.96083117,yahoo_bootstrap
2025-05-12,39.79999924,40.20000076,39.75,40.20000076,283702,0,1,39.45152172,yahoo_bootstrap
2025-05-13,43.45000076,43.45000076,41.79999924,41.90000153,1001467,0,1,41.11987038,yahoo_bootstrap
2025-05-14,43.15000153,43.70000076,42.79999924,43.25,786005,0,1,42.44473339,yahoo_bootstrap
2025-05-15,43,43.84999847,43,43.45000076,395228,0,1,42.64101036,yahoo_bootstrap
2025-05-16,43.70000076,44.15000153,43.5,43.95000076,504101,0,1,43.13170092,yahoo_bootstrap
2025-05-19,43.59999847,43.90000153,42.59999847,42.70000076,397338,0,1,41.90497452,yahoo_bootstrap
2025-05-20,42.75,43.15000153,42.09999847,42.25,236792,0,1,41.46335227,yahoo_bootstrap
2025-05-21,42.29999924,42.90000153,42.29999924,42.75,140058,0,1,41.95404283,yahoo_bootstrap
2025-05-22,42.59999847,43.29999924,42.5,43.20000076,180637,0,1,42.39566508,yahoo_bootstrap
2025-05-23,43.04999924,43.5,42.79999924,42.95000076,207096,0,1,42.1503198,yahoo_bootstrap
2025-05-26,42.90000153,43.90000153,42.90000153,43.25,228341,0,1,42.44473339,yahoo_bootstrap
2025-05-27,43.20000076,44,42.90000153,42.90000153,233113,0,1,42.1012515,yahoo_bootstrap
2025-05-28,43.15000153,43.70000076,42.54999924,42.95000076,239520,0,1,42.1503198,yahoo_bootstrap
2025-05-29,43.04999924,43.40000153,42.79999924,43.34999847,225213,0,1,42.54287,yahoo_bootstrap
2025-06-02,42.90000153,43.09999847,42.09999847,42.34999847,247954,0,1,41.56148888,yahoo_bootstrap
2025-06-03,42.5,42.75,42.09999847,42.40000153,160402,0,1,41.61056094,yahoo_bootstrap
2025-06-04,42.40000153,44.40000153,42.40000153,44,620476,0,1,43.18076923,yahoo_bootstrap
2025-06-05,43.84999847,44.34999847,43.59999847,44.20000076,286585,0,1,43.3770462,yahoo_bootstrap
2025-06-06,44.04999924,45.29999924,44.04999924,44.54999924,455414,0,1,43.7205281,yahoo_bootstrap
2025-06-09,44.95000076,44.95000076,44.04999924,44.34999847,276545,0,1,43.52425112,yahoo_bootstrap
2025-06-10,44.5,44.95000076,44.34999847,44.75,399305,0,1,43.91680507,yahoo_bootstrap
2025-06-11,45,45.25,44.09999847,44.20000076,318375,0,1,43.3770462,yahoo_bootstrap
2025-06-12,44.54999924,44.79999924,43.84999847,44.25,262092,0,1,43.42611451,yahoo_bootstrap
2025-06-13,44.09999847,44.09999847,43.09999847,43.25,296514,0,1,42.44473339,yahoo_bootstrap
2025-06-16,43.25,43.25,42.75,43.20000076,203205,0,1,42.39566508,yahoo_bootstrap
2025-06-17,43.5,43.54999924,43,43.40000153,232003,0,1,42.59194206,yahoo_bootstrap
2025-06-18,43.65000153,47.70000076,43.40000153,47.70000076,2382005,0,1,46.81188012,yahoo_bootstrap
2025-06-19,48.5,51.29999924,47.70000076,48.54999924,9919903,0,1,47.64605258,yahoo_bootstrap
2025-06-20,48.40000153,49.54999924,47.84999847,49.40000153,2760730,0,1,48.48022877,yahoo_bootstrap
2025-06-23,48.54999924,54.29999924,47.70000076,54.29999924,6903102,0,1,53.28899401,yahoo_bootstrap
2025-06-24,55.59999847,56.5,52.20000076,52.70000076,31868331,0,1,51.71878571,yahoo_bootstrap
2025-06-25,52.70000076,54.79999924,51.5,53.29999924,11574950,0,1,52.30761289,yahoo_bootstrap
2025-06-26,53.29999924,54.29999924,51.90000153,52.5,5729532,0,1,51.52250874,yahoo_bootstrap
2025-06-27,54,57.59999847,51.40000153,52,17151529,0,1,51.03181818,yahoo_bootstrap
2025-06-30,51.90000153,54.90000153,51.5,53.5,7998998,0,1,52.50388986,yahoo_bootstrap
2025-07-01,53.5,54.29999924,52.70000076,53.5,2919302,0,1,52.50388986,yahoo_bootstrap
2025-07-02,52.79999924,53.59999847,52.70000076,53.29999924,1325174,0,1,52.30761289,yahoo_bootstrap
2025-07-03,53.70000076,54.29999924,53.29999924,53.59999847,1854312,0,1,52.60202647,yahoo_bootstrap
2025-07-04,53.40000153,55.79999924,52.20000076,54.90000153,3974868,0,1,53.87782493,yahoo_bootstrap
2025-07-07,55.40000153,56.09999847,52.79999924,53.09999847,4135021,0,1,52.11133591,yahoo_bootstrap
2025-07-08,52.5,54.59999847,52.5,53.5,3739105,0,1,52.50388986,yahoo_bootstrap
2025-07-09,54.90000153,55.5,53.40000153,55,3496061,0,1,53.97596154,yahoo_bootstrap
2025-07-10,55.09999847,55.09999847,52.79999924,52.79999924,2217426,0.5,1,52.29230694,yahoo_bootstrap
2025-07-11,53.5,56.40000153,53.40000153,54.40000153,6469634,0,1,53.87692459,yahoo_bootstrap
2025-07-14,54.40000153,55,53.5,53.90000153,1570451,0,1,53.38173228,yahoo_bootstrap
2025-07-15,54.09999847,56.79999924,53.59999847,56.79999924,6166718,0,1,56.2538454,yahoo_bootstrap
2025-07-16,58,61.40000153,55.40000153,61,30677444,0,1,60.41346154,yahoo_bootstrap
2025-07-17,61.29999924,64.30000305,58,64.30000305,22729796,0,1,63.68173379,yahoo_bootstrap
2025-07-18,65.5,67.40000153,62.90000153,65.09999847,36780776,0,1,64.47403695,yahoo_bootstrap
2025-07-21,64.69999695,67.5,63.59999847,66.5,15595385,0,1,65.86057692,yahoo_bootstrap
2025-07-22,66.80000305,69.5,64.19999695,64.90000153,21152427,0,1,64.27596305,yahoo_bootstrap
2025-07-23,66.69999695,71.30000305,66.69999695,71.30000305,27468507,0,1,70.6144261,yahoo_bootstrap
2025-07-24,73.09999847,74,69.80000305,71.40000153,31910675,0,1,70.71346305,yahoo_bootstrap
2025-07-25,71,72.09999847,69.19999695,70.5,8867199,0,1,69.82211538,yahoo_bootstrap
2025-07-28,71.19999695,73.30000305,70.30000305,71.80000305,13207206,0,1,71.10961841,yahoo_bootstrap
2025-07-29,72.40000153,76.5,71.5,76.5,29476428,0,1,75.76442308,yahoo_bootstrap
2025-07-30,76.19999695,77.5,73.30000305,75.40000153,22604241,0,1,74.67500152,yahoo_bootstrap
2025-07-31,74.30000305,82.90000153,73.5,82,32211055,0,1,81.21153846,yahoo_bootstrap
2025-08-04,80,80.69999695,77.09999847,78.19999695,9762119,0,1,77.4480739,yahoo_bootstrap
2025-08-05,78.5,79.40000153,75.59999847,76.19999695,10789300,0,1,75.46730467,yahoo_bootstrap
2025-08-06,75.5,78,74.80000305,75.30000305,8299957,0,1,74.57596456,yahoo_bootstrap
2025-08-07,76.09999847,76.40000153,74.19999695,74.5,6028912,0,1,73.78365385,yahoo_bootstrap
2025-08-08,74.80000305,78.40000153,74.59999847,74.69999695,12570624,0,1,73.98172775,yahoo_bootstrap
2025-08-11,75.40000153,79.80000305,73.40000153,79.09999847,14582739,0,1,78.33942156,yahoo_bootstrap
2025-08-12,79,85.19999695,77.5,83.59999847,28697824,0,1,82.79615233,yahoo_bootstrap
2025-08-13,85.30000305,91,82.5,90.19999695,43521709,0,1,89.33268929,yahoo_bootstrap
2025-08-14,90.59999847,95.19999695,90.59999847,93.69999695,30994275,0,1,92.79903544,yahoo_bootstrap
2025-08-15,93.69999695,96,91.90000153,92.80000305,21836328,0,1,91.90769533,yahoo_bootstrap
2025-08-18,95.09999847,102,93.90000153,102,28338028,0,1,101.01923077,yahoo_bootstrap
2025-08-19,105,110,100.5,103,46331723,0,1,102.00961538,yahoo_bootstrap
2025-08-20,103.5,113,103,113,48539677,0,1,111.91346154,yahoo_bootstrap
2025-08-21,115,115,106,107.5,54059590,0,1,106.46634615,yahoo_bootstrap
2025-08-22,109,113.5,104,107.5,33190742,0,1,106.46634615,yahoo_bootstrap
2025-08-25,113,114.5,100.5,102,27394746,0,1,101.01923077,yahoo_bootstrap
2025-08-26,101.5,103.5,96.30000305,96.69999695,21879344,0,1,95.77018929,yahoo_bootstrap
2025-08-27,98.5,106,97.19999695,106,30285955,0,1,104.98076923,yahoo_bootstrap
2025-08-28,107,113.5,103.5,109.5,38830780,0,1,108.44711538,yahoo_bootstrap
2025-08-29,111,116,109,114,36997367,0,1,112.90384615,yahoo_bootstrap
2025-09-01,113,116,105.5,106.5,21125246,0,1,105.47596154,yahoo_bootstrap
2025-09-02,108.5,113.5,102,103.5,24188439,0,1,102.50480769,yahoo_bootstrap
2025-09-03,104,108.5,102,104.5,11348400,0,1,103.49519231,yahoo_bootstrap
2025-09-04,106,106.5,97.09999847,97.69999695,16239419,0,1,96.7605739,yahoo_bootstrap
2025-09-05,98.5,101.5,98,100.5,8872060,0,1,99.53365385,yahoo_bootstrap
2025-09-08,102,103,97,97,9070238,0,1,96.06730769,yahoo_bootstrap
2025-09-09,97.80000305,101,95.30000305,95.40000153,11150800,0,1,94.48269382,yahoo_bootstrap
2025-09-10,95.59999847,100,95,97.5,12026270,0,1,96.5625,yahoo_bootstrap
2025-09-11,96.5,101,95.5,96.80000305,13035656,0,1,95.86923379,yahoo_bootstrap
2025-09-12,98.40000153,104.5,97.40000153,99,15569064,0,1,98.04807692,yahoo_bootstrap
2025-09-15,99.09999847,100,96.40000153,99.09999847,11433080,0,1,98.14711387,yahoo_bootstrap
2025-09-16,99.09999847,108,98,104.5,22171254,0,1,103.49519231,yahoo_bootstrap
2025-09-17,104.5,105.5,99.90000153,101,10485321,0,1,100.02884615,yahoo_bootstrap
2025-09-18,100.5,105.5,98.30000305,104,10348435,0,1,103,yahoo_bootstrap
2025-09-19,103,107.5,102.5,105,9605696,0,1,103.99038462,yahoo_bootstrap
2025-09-22,104.5,114,104,108,16806273,0,1,106.96153846,yahoo_bootstrap
2025-09-23,108.5,110,102,103.5,11850163,0,1,102.50480769,yahoo_bootstrap
2025-09-24,102.5,103.5,99.59999847,101,4408780,0,1,100.02884615,yahoo_bootstrap
2025-09-25,100.5,102,99.09999847,99.09999847,4283998,0,1,98.14711387,yahoo_bootstrap
2025-09-26,98.59999847,99.59999847,94.5,96,6011901,0,1,95.07692308,yahoo_bootstrap
2025-09-30,97.5,98.40000153,96,96.5,3636615,0,1,95.57211538,yahoo_bootstrap
2025-10-01,96.69999695,103,96.69999695,96.80000305,7763098,0,1,95.86923379,yahoo_bootstrap
2025-10-02,99.30000305,99.90000153,96.5,97.30000305,3993219,0,1,96.3644261,yahoo_bootstrap
2025-10-03,97.30000305,99.40000153,96.90000153,97.5,2920522,0,1,96.5625,yahoo_bootstrap
2025-10-07,97.59999847,101.5,97.30000305,97.69999695,5572412,0,1,96.7605739,yahoo_bootstrap
2025-10-08,97.5,100.5,95.40000153,96.90000153,6286012,0,1,95.96827075,yahoo_bootstrap
2025-10-09,97.30000305,99.5,97,97.19999695,4052425,0,1,96.26538159,yahoo_bootstrap
2025-10-13,90.5,97,90.19999695,97,3879485,0,1,96.06730769,yahoo_bootstrap
2025-10-14,98.09999847,102.5,94.80000305,94.90000153,10866841,0,1,93.98750152,yahoo_bootstrap
2025-10-15,96.5,100.5,95.90000153,99.5,8036997,0,1,98.54326923,yahoo_bootstrap
2025-10-16,99.19999695,100.5,97,97.09999847,7522336,0,1,96.16634464,yahoo_bootstrap
2025-10-17,97.09999847,97.80000305,94.5,94.59999847,4673864,0,1,93.6903831,yahoo_bootstrap
2025-10-20,95,100.5,95,97.80000305,7402750,0,1,96.85961841,yahoo_bootstrap
2025-10-21,98.69999695,102,98.5,101.5,7818030,0,1,100.52403846,yahoo_bootstrap
2025-10-22,100.5,102,99.19999695,100.5,5817397,0,1,99.53365385,yahoo_bootstrap
2025-10-23,99.19999695,100.5,97.30000305,98.90000153,4368676,0,1,97.94903998,yahoo_bootstrap
2025-10-27,102,108.5,101.5,108.5,15733286,0,1,107.45673077,yahoo_bootstrap
2025-10-28,109,110,97.69999695,100,26139498,0,1,99.03846154,yahoo_bootstrap
2025-10-29,102,110,102,110,29229352,0,1,108.94230769,yahoo_bootstrap
2025-10-30,108.5,109,102,103,17982759,0,1,102.00961538,yahoo_bootstrap
2025-10-31,104,105,101,102,11685103,0,1,101.01923077,yahoo_bootstrap
2025-11-03,102,103.5,101,102.5,5648733,0,1,101.51442308,yahoo_bootstrap
2025-11-04,103.5,104.5,98,98,6570503,0,1,97.05769231,yahoo_bootstrap
2025-11-05,95.80000305,97.69999695,93.30000305,95.09999847,12619861,0,1,94.18557541,yahoo_bootstrap
2025-11-06,95.80000305,97.5,95.09999847,96.09999847,5635141,0,1,95.17596002,yahoo_bootstrap
2025-11-07,95,96.19999695,93.80000305,95.40000153,3923320,0,1,94.48269382,yahoo_bootstrap
2025-11-10,95.69999695,98.09999847,95.40000153,96.80000305,3833758,0,1,95.86923379,yahoo_bootstrap
2025-11-11,97.19999695,99.90000153,97.19999695,97.69999695,5136564,0,1,96.7605739,yahoo_bootstrap
2025-11-12,101,104,99.19999695,100.5,11523706,0,1,99.53365385,yahoo_bootstrap
2025-11-13,102,106,99.5,99.90000153,8439882,0,1,98.93942459,yahoo_bootstrap
2025-11-14,98,99.30000305,96,96,5558365,0,1,95.07692308,yahoo_bootstrap
2025-11-17,96.69999695,97.09999847,91.80000305,91.80000305,4754358,0,1,90.91731071,yahoo_bootstrap
2025-11-18,90.5,92.59999847,88.40000153,89.19999695,4548347,0,1,88.34230467,yahoo_bootstrap
2025-11-19,89.19999695,90.80000305,88.69999695,88.90000153,2203395,0,1,88.04519382,yahoo_bootstrap
2025-11-20,91.5,93.80000305,91.5,92.59999847,2929403,0,1,91.70961387,yahoo_bootstrap
2025-11-21,90,91.30000305,87.69999695,89,2855670,0,1,88.14423077,yahoo_bootstrap
2025-11-24,90.09999847,90.59999847,88.59999847,88.69999695,1774882,0,1,87.84711236,yahoo_bootstrap
2025-11-25,90.40000153,97.5,90.19999695,97.5,5716682,0,1,96.5625,yahoo_bootstrap
2025-11-26,101.5,107,101,107,15950686,0,1,105.97115385,yahoo_bootstrap
2025-11-27,109,117.5,108.5,117.5,38163054,0,1,116.37019231,yahoo_bootstrap
2025-11-28,118.5,120,112.5,119,32427998,0,1,117.85576923,yahoo_bootstrap
2025-12-01,120.5,123,116.5,121,14692789,0,1,119.83653846,yahoo_bootstrap
2025-12-02,121,121,109,109.5,16401279,0,1,108.44711538,yahoo_bootstrap
2025-12-03,110.5,111,103.5,104.5,10109092,0,1,103.49519231,yahoo_bootstrap
2025-12-04,104,105,102,103,4604789,0,1,102.00961538,yahoo_bootstrap
2025-12-05,103.5,104.5,101.5,104,3020739,0,1,103,yahoo_bootstrap
2025-12-08,104.5,108.5,103.5,107,5790640,0,1,105.97115385,yahoo_bootstrap
2025-12-09,107,114.5,106.5,111,11697294,0,1,109.93269231,yahoo_bootstrap
2025-12-10,111,111,106.5,107.5,5604032,0,1,106.46634615,yahoo_bootstrap
2025-12-11,110,110,107,108.5,5517689,0,1,107.45673077,yahoo_bootstrap
2025-12-12,109.5,110,105.5,107,3169032,0,1,105.97115385,yahoo_bootstrap
2025-12-15,104.5,107.5,102,106.5,2663306,0,1,105.47596154,yahoo_bootstrap
2025-12-16,105.5,105.5,101,101.5,4602718,0,1,100.52403846,yahoo_bootstrap
2025-12-17,103,104,102,103.5,1482016,0,1,102.50480769,yahoo_bootstrap
2025-12-18,103,104,101,101,1812023,0,1,100.02884615,yahoo_bootstrap
2025-12-19,102.5,103,100.5,101.5,1759648,0,1,100.52403846,yahoo_bootstrap
2025-12-22,103,105,102.5,104.5,1734301,0,1,103.49519231,yahoo_bootstrap
2025-12-23,105.5,105.5,102.5,103,1633020,0,1,102.00961538,yahoo_bootstrap
2025-12-24,104,104,102.5,102.5,1199156,0,1,101.51442308,yahoo_bootstrap
2025-12-26,104.5,105.5,102.5,103,1948486,0,1,102.00961538,yahoo_bootstrap
2025-12-29,104,105,100.5,103.5,2868925,0,1,102.50480769,yahoo_bootstrap
2025-12-30,103,103,100.5,102.5,2293571,0,1,101.51442308,yahoo_bootstrap
2025-12-31,103,104.5,102,103,1898307,0,1,102.00961538,yahoo_bootstrap
2026-01-02,103.5,104.5,101,101,2651930,0,1,100.02884615,yahoo_bootstrap
2026-01-05,102,102.5,97,97.5,5272415,0,1,96.5625,yahoo_bootstrap
2026-01-06,97.80000305,99.80000305,97.30000305,97.59999847,2371018,0,1,96.66153695,yahoo_bootstrap
2026-01-07,98,98.69999695,96.09999847,97.30000305,2265002,0,1,96.3644261,yahoo_bootstrap
2026-01-08,97.19999695,98.09999847,96,96,2239196,0,1,95.07692308,yahoo_bootstrap
2026-01-09,96.09999847,100.5,96.09999847,97.69999695,4365175,0,1,96.7605739,yahoo_bootstrap
2026-01-12,98.5,103,98.5,101,5691121,0,1,100.02884615,yahoo_bootstrap
2026-01-13,102,103,97.69999695,97.90000153,4171928,0,1,96.95865536,yahoo_bootstrap
2026-01-14,98.5,100.5,98.09999847,99.5,2266014,0,1,98.54326923,yahoo_bootstrap
2026-01-15,99.5,102,99.19999695,100.5,2818136,0,1,99.53365385,yahoo_bootstrap
2026-01-16,101.5,103.5,100.5,101.5,4092331,0,1,100.52403846,yahoo_bootstrap
2026-01-19,102,102,98.5,98.80000305,3666925,0,1,97.85000302,yahoo_bootstrap
2026-01-20,99.09999847,103,98.09999847,99,5335760,0,1,98.04807692,yahoo_bootstrap
2026-01-21,97.90000153,100,97,97,2841012,0,1,96.06730769,yahoo_bootstrap
2026-01-22,98.90000153,101.5,98.30000305,99,3132885,0,1,98.04807692,yahoo_bootstrap
2026-01-23,100.5,101,98.19999695,98.5,2151630,0,1,97.55288462,yahoo_bootstrap
2026-01-26,98.80000305,100.5,97.59999847,98.09999847,1834410,0,1,97.15672925,yahoo_bootstrap
2026-01-27,99,100.5,98.09999847,98.5,2218347,0,1,97.55288462,yahoo_bootstrap
2026-01-28,100,102,98.69999695,100,4394269,0,1,99.03846154,yahoo_bootstrap
2026-01-29,101.5,102,95.30000305,96,5514297,0,1,95.07692308,yahoo_bootstrap
2026-01-30,96,98.40000153,93.40000153,98.09999847,3089981,0,1,97.15672925,yahoo_bootstrap
2026-02-02,98,98,92.30000305,93.30000305,2953978,0,1,92.40288764,yahoo_bootstrap
2026-02-03,95.19999695,99.30000305,95.19999695,96.90000153,3022095,0,1,95.96827075,yahoo_bootstrap
2026-02-04,97,101,96.59999847,98.90000153,3755951,0,1,97.94903998,yahoo_bootstrap
2026-02-05,99.09999847,99.09999847,95,95.19999695,3017570,0,1,94.28461236,yahoo_bootstrap
2026-02-06,94.80000305,96.09999847,90.30000305,95.5,2893618,0,1,94.58173077,yahoo_bootstrap
2026-02-09,96.59999847,99.5,96.5,98,3352813,0,1,97.05769231,yahoo_bootstrap
2026-02-10,99.19999695,99.19999695,95.59999847,96.09999847,1941714,0,1,95.17596002,yahoo_bootstrap
2026-02-11,95.19999695,96.40000153,94.59999847,95.80000305,1260653,0,1,94.87884917,yahoo_bootstrap
2026-02-23,97,99.19999695,96.5,96.90000153,1977507,0,1,95.96827075,yahoo_bootstrap
2026-02-24,98,99.40000153,97.09999847,98.30000305,2983805,0,1,97.35481071,yahoo_bootstrap
2026-02-25,100,106.5,97.30000305,102.5,8095191,0,1,101.51442308,yahoo_bootstrap
2026-02-26,107.5,112.5,105,112.5,20260936,0,1,111.41826923,yahoo_bootstrap
2026-03-02,103.5,110.5,103.5,106.5,10801363,0,1,105.47596154,yahoo_bootstrap
2026-03-03,106.5,108,95.90000153,96.69999695,9854136,0,1,95.77018929,yahoo_bootstrap
2026-03-04,95,95.90000153,89,90.09999847,5160642,0,1,89.23365233,yahoo_bootstrap
2026-03-05,93.09999847,95.30000305,92.19999695,93.69999695,3917273,0,1,92.79903544,yahoo_bootstrap
2026-03-06,91.5,94.90000153,91.5,93,1658816,0,1,92.10576923,yahoo_bootstrap
2026-03-09,84.90000153,87.40000153,84.69999695,86.90000153,3119785,0,1,86.06442459,yahoo_bootstrap
2026-03-10,90.19999695,93.19999695,89.19999695,92.30000305,2495395,0,1,91.41250302,yahoo_bootstrap
2026-03-11,95,96,93.40000153,94.90000153,3125015,0,1,93.98750152,yahoo_bootstrap
2026-03-12,94,96,90.5,90.80000305,3450620,0,1,89.9269261,yahoo_bootstrap
2026-03-13,89,92.80000305,88,91.40000153,1964806,0,1,90.52115536,yahoo_bootstrap
2026-03-16,96.80000305,100.5,96.5,100.5,5082095,0,1,99.53365385,yahoo_bootstrap
2026-03-17,102,106.5,99.69999695,102.5,15182270,0,1,101.51442308,yahoo_bootstrap
2026-03-18,105,112.5,102.5,112.5,11839923,0,1,111.41826923,yahoo_bootstrap
2026-03-19,112,116,107.5,108,19822911,0,1,106.96153846,yahoo_bootstrap
2026-03-20,110.5,118.5,110.5,113,21729095,0,1,111.91346154,yahoo_bootstrap
2026-03-23,107,109.5,102,102,7727512,0,1,101.01923077,yahoo_bootstrap
2026-03-24,104,104.5,97.5,100,6603331,0,1,99.03846154,yahoo_bootstrap
2026-03-25,103.5,106.5,102.5,103,5011337,0,1,102.00961538,yahoo_bootstrap
2026-03-26,104,107,102,102.5,4668882,0,1,101.51442308,yahoo_bootstrap
2026-03-27,99.40000153,106,98.5,104.5,4865894,0,1,103.49519231,yahoo_bootstrap
2026-03-30,100.5,102,99.09999847,101.5,2736428,0,1,100.52403846,yahoo_bootstrap
2026-03-31,99.90000153,103,95.90000153,97.30000305,3187511,0,1,96.3644261,yahoo_bootstrap
2026-04-01,101.5,103,99.09999847,99.5,2743182,0,1,98.54326923,yahoo_bootstrap
2026-04-02,100.5,102.5,98.59999847,99.59999847,3082745,0,1,98.64230618,yahoo_bootstrap
2026-04-07,101,103,92.59999847,92.59999847,7063900,0,1,91.70961387,yahoo_bootstrap
2026-04-08,95.69999695,98.59999847,94.09999847,98.09999847,8831522,0,1,97.15672925,yahoo_bootstrap
2026-04-09,100,107.5,99,107.5,10720524,0,1,106.46634615,yahoo_bootstrap
2026-04-10,111,118,110,118,12920919,0,1,116.86538462,yahoo_bootstrap
2026-04-13,118,122,112,113,16129238,0,1,111.91346154,yahoo_bootstrap
2026-04-14,116.5,121,114,118.5,10714125,0,1,117.36057692,yahoo_bootstrap
2026-04-15,122,122.5,114,115.5,8215455,0,1,114.38942308,yahoo_bootstrap
2026-04-16,115.5,116,111,114.5,5405022,0,1,113.39903846,yahoo_bootstrap
2026-04-17,113,116,112.5,114.5,5104455,0,1,113.39903846,yahoo_bootstrap
2026-04-20,115.5,117,111.5,112,8157138,0,1,110.92307692,yahoo_bootstrap
2026-04-21,113,115.5,110,115.5,4015798,0,1,114.38942308,yahoo_bootstrap
2026-04-22,114.5,116.5,113,113.5,3945669,0,1,112.40865385,yahoo_bootstrap
2026-04-23,116,121,109.5,114.5,16388208,0,1,113.39903846,yahoo_bootstrap
2026-04-24,117.5,125.5,111,118,28114623,0,1,116.86538462,yahoo_bootstrap
2026-04-27,118,119,109,118,12179804,0,1,116.86538462,yahoo_bootstrap
2026-04-28,118,118.5,114.5,114.5,4457177,0,1,113.39903846,yahoo_bootstrap
2026-04-29,114.5,115.5,111.5,114,2924231,0,1,112.90384615,yahoo_bootstrap
2026-04-30,114,115,112,112.5,2510848,0,1,111.41826923,yahoo_bootstrap
2026-05-04,113.5,117.5,112.5,114.5,4125101,0,1,113.39903846,yahoo_bootstrap
2026-05-05,115.5,119,112.5,118,4214942,0,1,116.86538462,yahoo_bootstrap
2026-05-06,120,120,114.5,117,5626418,0,1,115.875,yahoo_bootstrap
2026-05-07,119,119.5,115,116.5,5089542,0,1,115.37980769,yahoo_bootstrap
2026-05-08,117,117,110,112.5,5236912,0,1,111.41826923,yahoo_bootstrap
2026-05-11,116,123.5,115.5,123.5,6209721,0,1,122.3125,yahoo_bootstrap
2026-05-12,130,135.5,130,135.5,3170033,0,1,134.19711538,yahoo_bootstrap
2026-05-13,140,146,135.5,142.5,22066017,0,1,141.12980769,yahoo_bootstrap
2026-05-14,144.5,149.5,132,134,15916109,0,1,132.71153846,yahoo_bootstrap
2026-05-15,136.5,138.5,129,129.5,7754468,0,1,128.25480769,yahoo_bootstrap
2026-05-18,128,128,122.5,126.5,4768148,0,1,125.28365385,yahoo_bootstrap
2026-05-19,128,139,124.5,139,14366896,0,1,137.66346154,yahoo_bootstrap
2026-05-20,148.5,149,137.5,137.5,22807047,0,1,136.17788462,yahoo_bootstrap
2026-05-21,138.5,151,138.5,151,12185167,0,1,149.54807692,yahoo_bootstrap
2026-05-22,160,163.5,153,153.5,17079681,0,1,152.02403846,yahoo_bootstrap
2026-05-25,158,168.5,158,168.5,5885362,0,1,166.87980769,yahoo_bootstrap
2026-05-26,175,177,165,171.5,13605921,0,1,169.85096154,yahoo_bootstrap
2026-05-27,174,188,166,168,11824865,0,1,166.38461538,yahoo_bootstrap
2026-05-28,169.5,172.5,166.5,168.5,5676915,0,1,166.87980769,yahoo_bootstrap
2026-05-29,172.5,174,165.5,168.5,5675689,0,1,166.87980769,yahoo_bootstrap
2026-06-01,171.5,175,164,166,6515628,0,1,164.40384615,yahoo_bootstrap
2026-06-02,167,167,157.5,161,4487624,0,1,159.45192308,yahoo_bootstrap
2026-06-03,160,167.5,159.5,166.5,4736284,0,1,164.89903846,yahoo_bootstrap
2026-06-04,162,164.5,159.5,160,2457694,0,1,158.46153846,yahoo_bootstrap
2026-06-05,162,171,161.5,167,10482586,0,1,165.39423077,yahoo_bootstrap
2026-06-08,150.5,167.5,150.5,166.5,5909320,0,1,164.89903846,yahoo_bootstrap
2026-06-09,167.5,171.5,162,168.5,7310331,0,1,166.87980769,yahoo_bootstrap
2026-06-10,166.5,171,156.5,157,5601591,0,1,155.49038462,yahoo_bootstrap
2026-06-11,154.5,160,150,153.5,3519467,0,1,152.02403846,yahoo_bootstrap
2026-06-12,159,162,154,156,3449023,0,1,154.5,yahoo_bootstrap
2026-06-15,160.5,171.5,158.5,171.5,5586293,0,1,169.85096154,yahoo_bootstrap
2026-06-16,174,180.5,168.5,170,8737203,0,1,168.36538462,yahoo_bootstrap
2026-06-17,168.5,187,166.5,187,11814254,0,1,185.20192308,yahoo_bootstrap
2026-06-18,192,205.5,192,205.5,5628668,0,1,203.52403846,yahoo_bootstrap
2026-06-22,226,226,226,226,2169123,0,1,223.82692308,yahoo_bootstrap
2026-06-23,237.5,248.5,216.5,217.5,18991844,0,1,215.40865385,yahoo_bootstrap
2026-06-24,221,227,210,220.5,10738724,0,1,218.37980769,yahoo_bootstrap
2026-06-25,220.5,234.5,216,234.5,4012648,0,1,232.24519231,yahoo_bootstrap
2026-06-26,226,238,221.5,230,4419116,0,1,227.78846154,yahoo_bootstrap
2026-06-29,235,235,208.5,210,1883504,0,1,207.98076923,yahoo_bootstrap
2026-06-30,212,222,212,217,1081235,0,1,214.91346154,yahoo_bootstrap
2026-07-01,225,227,217.5,218,759184,0,1,215.90384615,yahoo_bootstrap
2026-07-02,212,215,210,214,707847,0,1,211.94230769,yahoo_bootstrap
2026-07-03,213.5,226.5,210,221.5,1019921,0,1,219.37019231,yahoo_bootstrap
2026-07-06,225.5,225.5,205.5,216,1243721,0,1,213.92307692,yahoo_bootstrap
2026-07-07,219,219,205.5,205.5,949553,0,1,203.52403846,yahoo_bootstrap
2026-07-08,207.5,219,202,218,1094294,0,1,215.90384615,yahoo_bootstrap
2026-07-09,217.5,223.5,207,208,3226728,0,1,206,yahoo_bootstrap
2026-07-10,208,208,208,208,0,0,1,206,yahoo_bootstrap
2026-07-13,197,200,185.5,185.5,3604994,2,1,185.5,yahoo_bootstrap
2026-07-14,180,184,169,184,4397325,0,1,184,yahoo_bootstrap
2026-07-15,186.5,192,178,178.5,3202764,0,1,178.5,yahoo_bootstrap
2026-07-16,175,181.5,172,177,2071761,0,1,177,yahoo_bootstrap
2026-07-17,172,172,159.5,159.5,2626233,0,1,159.5,yahoo_bootstrap
2026-07-20,158.5,158.5,144,153,3546186,0,1,153,yahoo_bootstrap
2026-07-21,158.5,158.5,152,155.5,2172843,0,1,155.5,yahoo_bootstrap
2026-07-22,166,171,161.5,161.5,4830488,0,1,161.5,yahoo_bootstrap
2026-07-23,169,174.5,161,165.5,5743007,0,1,165.5,yahoo_bootstrap
2026-07-24,166.5,166.5,153.5,156,2497425,0,1,156,yahoo_bootstrap
2026-07-27,155,157,148.5,155,1440050,0,1,155,yahoo_bootstrap
2026-07-28,148,148,141,142.5,2162918,0,1,142.5,yahoo_bootstrap
2026-07-29,143,146,128.5,136.5,3769968,0,1,136.5,yahoo_bootstrap
2026-07-30,137,139,127,129.5,2674976,0,1,129.5,yahoo_bootstrap
2026-07-31,142,142,142,142,658168,0,1,142,yahoo_bootstrap
2026-08-03,145.5,152,143.5,149,2205571,0,1,149,yahoo_daily
2026-08-04,147.5,154,146,152.5,1567217,0,1,152.5,yahoo_daily
2026-08-05,157.5,161,155.5,159.5,1892702,0,1,159.5,yahoo_daily
2026-08-06,157,165.5,153,162.5,1933825,0,1,162.5,yahoo_daily
2026-08-07,163.5,164.5,158,159.5,1734149,0,1,159.5,yahoo_daily
2026-08-10,162,166.5,161,163.5,2003533,0,1,163.5,yahoo_daily
2026-08-11,168.5,179,167,172,3323060,0,1,172,yahoo_daily
2026-08-12,165,166,160.5,161.5,3502419,0,1,161.5,yahoo_daily
2026-08-13,163.5,170,163,164,2939436,0,1,164,yahoo_daily
2026-08-14,164.5,164.5,158.5,160,1674545,0,1,160,yahoo_daily
2026-08-17,160.5,169,158,167,2039431,0,1,167,yahoo_daily
2026-08-18,168,168.5,158.5,159,3044372,0,1,159,yahoo_daily
2026-08-19,153,163,153,155.5,3228871,0,1,155.5,yahoo_daily
2026-08-20,157.5,159.5,153,155.5,2813074,0,1,155.5,yahoo_daily
2026-08-21,157.5,163,155.5,158.5,1646899,0,1,158.5,yahoo_daily
2026-08-24,159,161.5,154,155.5,1454302,0,1,155.5,yahoo_daily
2026-08-25,154,156,150,156,1046214,0,1,156,yahoo_daily
2026-08-26,157.5,161,157,161,1554254,0,1,161,yahoo_daily
2026-08-27,162,165,160.5,160.5,1601351,0,1,160.5,yahoo_daily
2026-08-28,163,167,161.5,164,2323046,0,1,164,yahoo_daily
2026-08-31,162,166,158,159.5,1797689,0,1,159.5,yahoo_daily
2026-09-01,161,171,159,166.5,3895739,0,1,166.5,yahoo_daily
2026-09-02,164.5,168,161,161.5,1625861,0,1,161.5,yahoo_daily
