date,open,high,low,close,volume,dividend,split_factor,adjusted_close,source
2021-08-26,29.6411705,29.83943939,28.89766312,28.94723129,40016845,0,1,26.74916714,yahoo_bootstrap
2021-08-27,28.94723129,29.24463463,28.64982796,28.89766312,30410759,0,1,26.70336285,yahoo_bootstrap
2021-08-30,29.14550018,29.49246979,28.94723129,29.39333534,25373972,0,1,27.16139695,yahoo_bootstrap
2021-08-31,29.39333534,29.54203606,28.94723129,29.24463463,32512827,0,1,27.0239876,yahoo_bootstrap
2021-09-01,29.34376717,30.43424606,29.19506645,30.28554535,64790276,0,1,27.98585834,yahoo_bootstrap
2021-09-02,30.13684273,30.48381233,29.69073868,29.69073868,52353469,0,1,27.43621742,yahoo_bootstrap
2021-09-03,30.08727646,30.68208122,29.93857384,30.58294868,81021109,0,1,28.26067881,yahoo_bootstrap
2021-09-06,30.58294868,31.32645416,29.93857384,30.03770828,66937041,0,1,27.75684041,yahoo_bootstrap
2021-09-07,30.13684273,30.23597717,29.54203606,29.88900757,28661424,0,1,27.61943106,yahoo_bootstrap
2021-09-08,29.93857384,29.93857384,28.45155907,28.60026169,52271046,0,1,26.42854414,yahoo_bootstrap
2021-09-09,28.15415573,29.39333534,28.10458946,29.14550018,32641887,0,1,26.93238078,yahoo_bootstrap
2021-09-10,29.2942009,29.93857384,28.94723129,29.83943939,34904308,0,1,27.57362677,yahoo_bootstrap
2021-09-13,29.74030685,29.93857384,29.44290352,29.44290352,19252296,0,1,27.20720124,yahoo_bootstrap
2021-09-14,29.74030685,30.03770828,29.09593201,29.14550018,22679855,0,1,26.93238078,yahoo_bootstrap
2021-09-15,29.14550018,29.14550018,28.60026169,28.64982796,20171072,0,1,26.47434667,yahoo_bootstrap
2021-09-16,28.79852867,28.89766312,28.4019928,28.45155907,15496532,0,1,26.29113303,yahoo_bootstrap
2021-09-17,28.15415573,28.4019928,27.36108017,27.46021652,74072550,0,1,25.37506658,yahoo_bootstrap
2021-09-22,26.71670723,27.36108017,25.97319984,27.11324501,53262830,0,1,25.05444183,yahoo_bootstrap
2021-09-23,27.41064835,27.55934906,26.61757469,26.71670723,35730533,0,1,24.68801454,yahoo_bootstrap
2021-09-24,27.06367874,27.26194763,26.76627541,27.11324501,22116783,0,1,25.05444183,yahoo_bootstrap
2021-09-27,27.26194763,27.65848351,27.21237946,27.41064835,24124175,0,1,25.32926229,yahoo_bootstrap
2021-09-28,27.26194763,27.26194763,26.81584167,26.91497612,17827996,0,1,24.87122818,yahoo_bootstrap
2021-09-29,26.17146873,26.27060318,25.8740654,26.02276611,42341007,0,1,24.04676679,yahoo_bootstrap
2021-09-30,26.17146873,26.76627541,26.12190247,26.27060318,31005477,0,1,24.27578473,yahoo_bootstrap
2021-10-01,26.12190247,26.17146873,25.22969246,25.37839317,37878291,0,1,23.45132333,yahoo_bootstrap
2021-10-04,25.57666206,26.17146873,24.78358841,24.83315468,31001367,0,1,22.9474867,yahoo_bootstrap
2021-10-05,24.33748245,25.57666206,24.23834991,25.47752953,30155350,0,1,23.54293192,yahoo_bootstrap
2021-10-06,25.77493286,25.82449913,24.4366188,24.53575134,27490026,0,1,22.67266623,yahoo_bootstrap
2021-10-07,24.78358841,25.47752953,24.73402023,25.27926064,20271924,0,1,23.35971828,yahoo_bootstrap
2021-10-08,25.57666206,26.12190247,25.18012428,25.3288269,24993245,0,1,23.40552081,yahoo_bootstrap
2021-10-12,24.9818573,25.22969246,24.48618507,24.83315468,24652594,0,1,22.9474867,yahoo_bootstrap
2021-10-13,24.88272285,25.03142357,23.5444088,23.79224396,45914502,0,1,21.98561596,yahoo_bootstrap
2021-10-14,24.23834991,25.08099174,24.23834991,24.9818573,43751723,0,1,23.08489781,yahoo_bootstrap
2021-10-15,25.67579651,25.77493286,25.18012428,25.52709579,32373312,0,1,23.58873445,yahoo_bootstrap
2021-10-18,25.52709579,25.72536469,25.03142357,25.27926064,19059113,0,1,23.35971828,yahoo_bootstrap
2021-10-19,24.68445396,24.73402023,23.79224396,24.48618507,80887821,0,1,22.62686371,yahoo_bootstrap
2021-10-20,24.38705063,24.93228912,24.23834991,24.68445396,36389398,0,1,22.81007735,yahoo_bootstrap
2021-10-21,24.48618507,25.22969246,24.38705063,24.78358841,28377420,0,1,22.90168417,yahoo_bootstrap
2021-10-22,24.78358841,25.18012428,24.58531952,24.88272285,29766305,0,1,22.99329099,yahoo_bootstrap
2021-10-25,24.83315468,25.47752953,24.68445396,25.47752953,19231987,0,1,23.54293192,yahoo_bootstrap
2021-10-26,25.72536469,26.07233429,25.62623024,25.8740654,40319541,0,1,23.90935744,yahoo_bootstrap
2021-10-27,25.67579651,25.92363358,25.27926064,25.92363358,30703009,0,1,23.95516173,yahoo_bootstrap
2021-10-28,25.82449913,26.4193058,25.67579651,25.92363358,34136676,0,1,23.95516173,yahoo_bootstrap
2021-10-29,26.12190247,26.46887207,25.8740654,26.07233429,29300467,0,1,24.09257108,yahoo_bootstrap
2021-11-01,26.36973763,26.46887207,25.97319984,26.12190247,20704873,0,1,24.13837538,yahoo_bootstrap
2021-11-02,26.32017136,27.01411057,25.97319984,25.97319984,45029381,0,1,24.00096426,yahoo_bootstrap
2021-11-03,26.12190247,27.01411057,26.12190247,27.01411057,47323623,0,1,24.962835,yahoo_bootstrap
2021-11-04,27.11324501,27.16281319,26.32017136,26.32017136,39284424,0,1,24.32158902,yahoo_bootstrap
2021-11-05,26.86540985,26.91497612,26.46887207,26.61757469,28032286,0,1,24.59640948,yahoo_bootstrap
2021-11-08,26.81584167,27.36108017,26.71670723,27.11324501,31759581,0,1,25.05444183,yahoo_bootstrap
2021-11-09,27.55934906,27.95588684,27.50978279,27.90632057,37331088,0,1,25.7872964,yahoo_bootstrap
2021-11-10,27.95588684,28.15415573,27.41064835,28.10458946,39662369,0,1,25.97051004,yahoo_bootstrap
2021-11-11,27.65848351,28.35242462,27.50978279,28.10458946,45007751,0,1,25.97051004,yahoo_bootstrap
2021-11-12,28.55069351,29.69073868,28.50112534,29.09593201,90862758,0,1,26.88657649,yahoo_bootstrap
2021-11-15,29.93857384,30.23597717,29.6411705,29.88900757,71238340,0,1,27.61943106,yahoo_bootstrap
2021-11-16,29.88900757,30.48381233,29.78987312,30.33511162,60959361,0,1,28.03166087,yahoo_bootstrap
2021-11-17,30.7316494,31.17775345,29.78987312,30.03770828,67471991,0,1,27.75684041,yahoo_bootstrap
2021-11-18,30.1864109,30.63251495,29.93857384,30.28554535,41617106,0,1,27.98585834,yahoo_bootstrap
2021-11-19,30.63251495,30.68208122,29.24463463,29.44290352,47885091,0,1,27.20720124,yahoo_bootstrap
2021-11-22,30.38467979,31.52472305,30.28554535,31.47515678,145569034,0,1,29.08513844,yahoo_bootstrap
2021-11-23,31.37602234,31.92126274,30.7316494,31.02905273,91514197,0,1,28.67290862,yahoo_bootstrap
2021-11-24,31.12818718,31.27688789,30.23597717,30.97948456,44264889,0,1,28.62710433,yahoo_bootstrap
2021-11-25,31.37602234,31.42559052,30.7316494,30.88035011,35730810,0,1,28.53549751,yahoo_bootstrap
2021-11-26,30.88035011,30.88035011,29.78987312,29.88900757,59172399,0,1,27.61943106,yahoo_bootstrap
2021-11-29,29.19506645,30.83078384,29.09593201,30.63251495,50650131,0,1,28.30648134,yahoo_bootstrap
2021-11-30,31.27688789,32.56563568,31.17775345,31.77256012,133926569,0,1,29.3599589,yahoo_bootstrap
2021-12-01,31.57429123,32.36736679,31.22732162,32.11952972,74628575,0,1,29.68058189,yahoo_bootstrap
2021-12-02,32.21866608,32.86303711,31.32645416,31.47515678,97174828,0,1,29.08513844,yahoo_bootstrap
2021-12-03,31.82212639,32.46649933,31.77256012,32.31779861,49248606,0,1,29.86379554,yahoo_bootstrap
2021-12-06,32.02039719,32.02039719,31.22732162,31.6238575,49505637,0,1,29.22254779,yahoo_bootstrap
2021-12-07,31.72299385,31.82212639,30.92991829,31.22732162,45917480,0,1,28.85612226,yahoo_bootstrap
2021-12-08,31.72299385,31.87169456,31.12818718,31.17775345,33303847,0,1,28.81031797,yahoo_bootstrap
2021-12-09,31.42559052,31.6238575,30.92991829,31.12818718,21246581,0,1,28.76451544,yahoo_bootstrap
2021-12-10,31.07862091,31.12818718,30.53338051,30.63251495,26401802,0,1,28.30648134,yahoo_bootstrap
2021-12-13,30.58294868,31.02905273,30.38467979,30.43424606,17378250,0,1,28.12326769,yahoo_bootstrap
2021-12-14,30.08727646,30.33511162,29.59160423,29.6411705,27752146,0,1,27.39041312,yahoo_bootstrap
2021-12-15,29.74030685,30.68208122,29.74030685,30.48381233,19258742,0,1,28.16907022,yahoo_bootstrap
2021-12-16,30.88035011,31.07862091,30.43424606,30.53338051,24145568,0,1,28.21487452,yahoo_bootstrap
2021-12-17,30.48381233,30.68208122,30.13684273,30.28554535,15223389,0,1,27.98585834,yahoo_bootstrap
2021-12-20,30.08727646,30.83078384,29.98814201,30.28554535,14167752,0,1,27.98585834,yahoo_bootstrap
2021-12-21,30.88035011,31.32645416,30.58294868,30.68208122,44380046,0,1,28.35228387,yahoo_bootstrap
2021-12-22,31.52472305,32.02039719,30.97948456,30.97948456,56851745,0,1,28.62710433,yahoo_bootstrap
2021-12-23,31.52472305,31.57429123,31.02905273,31.17775345,20862166,0,1,28.81031797,yahoo_bootstrap
2021-12-24,31.57429123,31.87169456,31.32645416,31.37602234,47520184,0,1,28.99353162,yahoo_bootstrap
2021-12-27,31.67342567,31.67342567,31.12818718,31.12818718,24120409,0,1,28.76451544,yahoo_bootstrap
2021-12-28,31.32645416,31.6238575,31.17775345,31.32645416,19280504,0,1,28.94772732,yahoo_bootstrap
2021-12-29,31.47515678,31.57429123,31.32645416,31.37602234,12594020,0,1,28.99353162,yahoo_bootstrap
2021-12-30,31.72299385,33.75524521,31.57429123,33.70568085,231350269,0,1,31.14629103,yahoo_bootstrap
2022-01-03,33.4082756,33.4082756,31.6238575,31.82212639,123038128,0,1,29.40576143,yahoo_bootstrap
2022-01-04,32.02039719,32.11952972,31.32645416,31.42559052,47562443,0,1,29.03933591,yahoo_bootstrap
2022-01-05,31.57429123,31.92126274,31.02905273,31.02905273,46257915,0,1,28.67290862,yahoo_bootstrap
2022-01-06,30.78121567,30.78121567,30.13684273,30.38467979,45169928,0,1,28.07746517,yahoo_bootstrap
2022-01-07,30.53338051,30.7316494,29.88900757,30.03770828,33183407,0,1,27.75684041,yahoo_bootstrap
2022-01-10,29.78987312,30.53338051,29.6411705,30.38467979,22617199,0,1,28.07746517,yahoo_bootstrap
2022-01-11,30.1864109,30.43424606,29.6411705,29.74030685,26353055,0,1,27.48202171,yahoo_bootstrap
2022-01-12,29.93857384,30.13684273,29.24463463,29.83943939,33022148,0,1,27.57362677,yahoo_bootstrap
2022-01-13,29.98814201,30.13684273,29.74030685,29.83943939,14297172,0,1,27.57362677,yahoo_bootstrap
2022-01-14,29.78987312,29.83943939,29.04636574,29.44290352,26223285,0,1,27.20720124,yahoo_bootstrap
2022-01-17,29.49246979,30.38467979,29.44290352,30.33511162,20558912,0,1,28.03166087,yahoo_bootstrap
2022-01-18,30.38467979,30.78121567,30.1864109,30.1864109,28929461,0,1,27.89425152,yahoo_bootstrap
2022-01-19,29.88900757,30.48381233,29.83943939,30.1864109,19336597,0,1,27.89425152,yahoo_bootstrap
2022-01-20,30.08727646,30.58294868,29.98814201,30.48381233,13649025,0,1,28.16907022,yahoo_bootstrap
2022-01-21,30.1864109,30.38467979,29.6411705,29.74030685,20825825,0,1,27.48202171,yahoo_bootstrap
2022-01-24,29.34376717,29.44290352,28.7489624,29.24463463,15512466,0,1,27.0239876,yahoo_bootstrap
2022-01-25,29.04636574,29.59160423,28.99679756,29.34376717,19505583,0,1,27.11559266,yahoo_bootstrap
2022-01-26,29.34376717,30.43424606,29.34376717,29.69073868,29556619,0,1,27.43621742,yahoo_bootstrap
2022-02-07,30.13684273,30.23597717,29.59160423,30.13684273,19197361,0,1,27.84844723,yahoo_bootstrap
2022-02-08,30.23597717,32.02039719,30.1864109,31.57429123,67732777,0,1,29.17674526,yahoo_bootstrap
2022-02-09,32.02039719,32.41693115,31.82212639,32.26823044,54496592,0,1,29.81799124,yahoo_bootstrap
2022-02-10,32.41693115,33.21000671,32.41693115,33.01173782,92394639,0,1,30.50504152,yahoo_bootstrap
2022-02-11,32.76390457,33.16044235,32.61520386,32.81347275,41388936,0,1,30.32183141,yahoo_bootstrap
2022-02-14,32.31779861,32.31779861,30.7316494,31.82212639,82462755,0,1,29.40576143,yahoo_bootstrap
2022-02-15,32.11952972,32.5160675,31.72299385,31.87169456,33385105,0,1,29.45156572,yahoo_bootstrap
2022-02-16,32.7143364,33.70568085,32.66476822,33.55697632,99054697,0,1,31.00887816,yahoo_bootstrap
2022-02-17,33.75524521,36.13447189,33.75524521,34.69702148,249973268,0,1,32.06235572,yahoo_bootstrap
2022-02-18,34.69702148,36.08490372,34.44918823,35.63880157,161341000,0,1,32.93262317,yahoo_bootstrap
2022-02-21,35.29182816,35.34139633,34.20135117,34.44918823,87827156,0,1,31.83334131,yahoo_bootstrap
2022-02-22,33.90394974,33.9535141,32.86303711,33.85438156,70205441,0,1,31.28370038,yahoo_bootstrap
2022-02-23,34.54832077,34.89529037,33.90394974,34.49875641,58493338,0,1,31.8791456,yahoo_bootstrap
2022-02-24,33.21000671,33.60654449,32.36736679,32.5160675,66985646,0,1,30.04700918,yahoo_bootstrap
2022-02-25,33.21000671,33.50741196,32.56563568,32.7143364,34146223,0,1,30.23022282,yahoo_bootstrap
2022-03-01,33.45784378,33.85438156,33.21000671,33.70568085,31788114,0,1,31.14629103,yahoo_bootstrap
2022-03-02,33.30914307,33.60654449,32.81347275,33.45784378,18730437,0,1,30.9172731,yahoo_bootstrap
2022-03-03,34.39962006,34.69702148,33.90394974,34.20135117,38144121,0,1,31.60432338,yahoo_bootstrap
2022-03-04,33.65611267,34.30048752,33.45784378,33.55697632,22443919,0,1,31.00887816,yahoo_bootstrap
2022-03-07,32.91260529,32.96217346,31.72299385,32.06996155,32494035,0,1,29.6347776,yahoo_bootstrap
2022-03-08,31.72299385,32.66476822,31.02905273,31.02905273,32833289,0,1,28.67290862,yahoo_bootstrap
2022-03-09,31.72299385,31.82212639,31.22732162,31.47515678,20329320,0,1,29.08513844,yahoo_bootstrap
2022-03-10,32.7143364,33.35871124,32.36736679,33.01173782,33372177,0,1,30.50504152,yahoo_bootstrap
2022-03-11,32.5160675,33.50741196,32.46649933,33.35871124,29496778,0,1,30.82566804,yahoo_bootstrap
2022-03-14,33.9535141,34.20135117,33.4082756,33.90394974,24386191,0,1,31.32950468,yahoo_bootstrap
2022-03-15,33.85438156,33.85438156,32.81347275,32.96217346,21146332,0,1,30.45924076,yahoo_bootstrap
2022-03-16,33.50741196,33.60654449,32.02039719,32.36736679,24568768,0,1,29.90959983,yahoo_bootstrap
2022-03-17,33.65611267,34.69702148,33.35871124,34.59788895,73715160,0,1,31.97075066,yahoo_bootstrap
2022-03-18,34.59788895,35.68836594,34.25091934,35.19269562,89308886,0,1,32.52039159,yahoo_bootstrap
2022-03-21,35.68836594,35.88663483,34.49875641,34.64745712,36247505,0,1,32.01655496,yahoo_bootstrap
2022-03-22,34.69702148,34.74658966,33.65611267,34.00308228,26729482,0,1,31.42110974,yahoo_bootstrap
2022-03-23,34.59788895,35.34139633,34.35005188,34.59788895,66270045,0,1,31.97075066,yahoo_bootstrap
2022-03-24,33.90394974,34.10221863,31.77256012,31.92126274,166607262,0,1,29.49737001,yahoo_bootstrap
2022-03-25,31.72299385,32.02039719,31.22732162,31.77256012,64888670,0,1,29.3599589,yahoo_bootstrap
2022-03-28,31.47515678,31.57429123,31.02905273,31.27688789,29218225,0,1,28.90192479,yahoo_bootstrap
2022-03-29,31.47515678,31.92126274,31.32645416,31.57429123,28418988,0,1,29.17674526,yahoo_bootstrap
2022-03-30,32.11952972,32.1690979,31.27688789,31.32645416,27926520,0,1,28.94772732,yahoo_bootstrap
2022-03-31,31.52472305,31.67342567,30.83078384,30.92991829,34297664,0,1,28.5813018,yahoo_bootstrap
2022-04-01,30.58294868,30.58294868,29.59160423,29.78987312,88923436,0,1,27.52782424,yahoo_bootstrap
2022-04-06,29.54203606,29.59160423,28.69939423,28.94723129,91660341,0,1,26.74916714,yahoo_bootstrap
2022-04-07,29.04636574,29.44290352,28.30285835,28.35242462,63444563,0,1,26.19952621,yahoo_bootstrap
2022-04-08,28.7489624,28.84809685,28.25329018,28.35242462,30566130,0,1,26.19952621,yahoo_bootstrap
2022-04-11,28.60026169,28.69939423,27.65848351,27.8567524,36869745,0,1,25.7414921,yahoo_bootstrap
2022-04-12,27.75761986,27.8567524,26.66714096,27.21237946,90765091,0,1,25.14604865,yahoo_bootstrap
2022-04-13,27.60891724,28.20372391,27.46021652,28.20372391,41500840,0,1,26.06211686,yahoo_bootstrap
2022-04-14,28.25329018,28.25329018,26.91497612,27.06367874,80076668,0,1,25.0086393,yahoo_bootstrap
2022-04-15,26.86540985,27.3115139,26.61757469,26.76627541,47038179,0,1,24.73381883,yahoo_bootstrap
2022-04-18,26.56800652,27.16281319,26.27060318,27.01411057,26560883,0,1,24.962835,yahoo_bootstrap
2022-04-19,27.36108017,27.55934906,27.11324501,27.16281319,26370508,0,1,25.10024612,yahoo_bootstrap
2022-04-20,27.60891724,28.05502129,27.46021652,28.00545502,44947450,0,1,25.87890322,yahoo_bootstrap
2022-04-21,28.35242462,28.35242462,27.75761986,28.25329018,38129423,0,1,26.10791939,yahoo_bootstrap
2022-04-22,27.55934906,28.15415573,27.46021652,27.8567524,32317470,0,1,25.7414921,yahoo_bootstrap
2022-04-25,27.11324501,27.21237946,26.66714096,26.76627541,29924322,0,1,24.73381883,yahoo_bootstrap
2022-04-26,27.11324501,27.11324501,26.46887207,26.71670723,16137322,0,1,24.68801454,yahoo_bootstrap
2022-04-27,25.8740654,26.27060318,25.3288269,26.22103691,34619908,0,1,24.2299822,yahoo_bootstrap
2022-04-28,26.27060318,26.9645443,26.02276611,26.81584167,22146622,0,1,24.77962136,yahoo_bootstrap
2022-04-29,27.36108017,27.65848351,26.91497612,27.01411057,24735096,0,1,24.962835,yahoo_bootstrap
2022-05-03,26.9645443,27.26194763,26.91497612,27.11324501,10796822,0,1,25.05444183,yahoo_bootstrap
2022-05-04,27.26194763,27.46021652,26.71670723,27.01411057,23814969,0,1,24.962835,yahoo_bootstrap
2022-05-05,27.55934906,28.10458946,27.41064835,28.00545502,41343358,0,1,25.87890322,yahoo_bootstrap
2022-05-06,27.50978279,27.75761986,27.06367874,27.60891724,28612692,0,1,25.51247593,yahoo_bootstrap
2022-05-09,27.21237946,27.50978279,26.91497612,26.9645443,17042933,0,1,24.91703247,yahoo_bootstrap
2022-05-10,26.4193058,27.41064835,26.4193058,27.36108017,24456328,0,1,25.283458,yahoo_bootstrap
2022-05-11,27.36108017,27.50978279,27.06367874,27.36108017,16055202,0,1,25.283458,yahoo_bootstrap
2022-05-12,27.16281319,27.55934906,26.86540985,27.01411057,22311537,0,1,24.962835,yahoo_bootstrap
2022-05-13,27.41064835,27.60891724,27.11324501,27.55934906,18862747,0,1,25.46667164,yahoo_bootstrap
2022-05-16,28.00545502,28.20372391,27.55934906,27.65848351,29332588,0,1,25.55827846,yahoo_bootstrap
2022-05-17,27.90632057,28.20372391,27.75761986,28.20372391,22662485,0,1,26.06211686,yahoo_bootstrap
2022-05-18,28.50112534,29.14550018,28.45155907,28.94723129,58697166,0,1,26.74916714,yahoo_bootstrap
2022-05-19,28.25329018,29.04636574,28.10458946,29.04636574,36641849,0,1,26.84077396,yahoo_bootstrap
2022-05-20,29.14550018,29.19506645,28.64982796,28.69939423,24759971,0,1,26.5201492,yahoo_bootstrap
2022-05-23,28.79852867,28.94723129,28.15415573,28.45155907,20984767,0,1,26.29113303,yahoo_bootstrap
2022-05-24,28.69939423,28.69939423,27.75761986,28.00545502,22690195,0,1,25.87890322,yahoo_bootstrap
2022-05-25,28.25329018,28.45155907,27.75761986,28.25329018,24585420,0,1,26.10791939,yahoo_bootstrap
2022-05-26,28.69939423,28.69939423,28.00545502,28.00545502,16040839,0,1,25.87890322,yahoo_bootstrap
2022-05-27,28.35242462,28.50112534,28.20372391,28.25329018,11678780,0,1,26.10791939,yahoo_bootstrap
2022-05-30,28.7489624,28.89766312,28.60026169,28.84809685,20638160,0,1,26.65756032,yahoo_bootstrap
2022-05-31,28.7489624,29.04636574,28.55069351,29.04636574,25070832,0,1,26.84077396,yahoo_bootstrap
2022-06-01,28.84809685,28.94723129,28.64982796,28.69939423,15821860,0,1,26.5201492,yahoo_bootstrap
2022-06-02,28.60026169,28.94723129,28.4019928,28.64982796,16637854,0,1,26.47434667,yahoo_bootstrap
2022-06-06,28.69939423,28.94723129,28.25329018,28.84809685,18544808,0,1,26.65756032,yahoo_bootstrap
2022-06-07,28.84809685,28.94723129,28.60026169,28.7489624,12437901,0,1,26.5659535,yahoo_bootstrap
2022-06-08,28.84809685,28.94723129,28.55069351,28.55069351,11949848,0,1,26.38273985,yahoo_bootstrap
2022-06-09,28.4019928,28.55069351,28.25329018,28.25329018,9876230,0,1,26.10791939,yahoo_bootstrap
2022-06-10,28.00545502,28.00545502,27.50978279,27.60891724,23735263,0,1,25.51247593,yahoo_bootstrap
2022-06-13,26.9645443,26.9645443,26.46887207,26.51843834,25917196,0,1,24.5048009,yahoo_bootstrap
2022-06-14,26.22103691,27.11324501,26.17146873,26.9645443,16986679,0,1,24.91703247,yahoo_bootstrap
2022-06-15,27.06367874,27.06367874,26.56800652,26.61757469,21927428,0,1,24.59640948,yahoo_bootstrap
2022-06-16,26.22103691,26.27060318,25.18012428,25.22969246,28555630,0.981248,1,24.20627004,yahoo_bootstrap
2022-06-17,24.78358841,24.93228912,24.04007912,24.53575134,29752527,0,1,23.5404781,yahoo_bootstrap
2022-06-20,24.68445396,24.68445396,23.39570618,23.44527435,24122308,0,1,22.49423544,yahoo_bootstrap
2022-06-21,23.74267769,24.08964729,23.29657364,24.08964729,20108894,0,1,23.1124699,yahoo_bootstrap
2022-06-22,23.99051285,23.99051285,22.60263252,22.60263252,23929491,0,1,21.6857747,yahoo_bootstrap
2022-06-23,22.85046768,23.49484062,22.50349808,22.80090141,22926936,0,1,21.87600097,yahoo_bootstrap
2022-06-24,23.29657364,23.34613991,22.80090141,22.85046768,14098377,0,1,21.92355663,yahoo_bootstrap
2022-06-27,23.34613991,23.59397507,23.19743729,23.5444088,12632690,0,1,22.58934857,yahoo_bootstrap
2022-06-28,23.49484062,23.49484062,22.85046768,22.9991703,11169997,0,1,22.06622725,yahoo_bootstrap
2022-06-29,22.70176697,23.14787102,22.60263252,22.94960213,10192192,0,1,22.01866976,yahoo_bootstrap
2022-06-30,22.60263252,22.60263252,21.21475029,21.51215363,47394521,0,1,20.63953022,yahoo_bootstrap
2022-07-01,21.21475029,21.71042252,19.72773552,19.87643814,58173425,0,1,19.07016623,yahoo_bootstrap
2022-07-04,19.82686996,20.47124481,19.47990036,19.87643814,41257991,0,1,19.07016623,yahoo_bootstrap
2022-07-05,19.92600441,20.17384148,18.98422813,19.43033218,55152523,0,1,18.64215621,yahoo_bootstrap
2022-07-06,19.08336258,19.47990036,18.53812408,18.53812408,54486925,0,1,17.78613982,yahoo_bootstrap
2022-07-07,18.6868248,19.62860107,18.58769035,19.57903481,43950117,0,1,18.78482682,yahoo_bootstrap
2022-07-08,19.7773037,20.32254219,19.47990036,20.07470512,29949318,0,1,19.26039067,yahoo_bootstrap
2022-07-11,20.17384148,20.32254219,19.7773037,20.22340775,16559461,0,1,19.40306129,yahoo_bootstrap
2022-07-12,19.87643814,19.87643814,19.38076591,19.52946663,19986027,0,1,18.73726934,yahoo_bootstrap
2022-07-13,20.27297592,20.61994553,20.1242733,20.37210846,23281199,0,1,19.54573008,yahoo_bootstrap
2022-07-14,20.07470512,20.81821442,19.82686996,20.81821442,19442874,0,1,19.9737401,yahoo_bootstrap
2022-07-15,20.81821442,21.11561775,20.52081108,21.01648331,15820575,0,1,20.16396637,yahoo_bootstrap
2022-07-18,21.06604958,21.61128807,20.91734886,21.36345291,24284804,0,1,20.49686143,yahoo_bootstrap
2022-07-19,21.16518402,21.80955696,21.06604958,21.75999069,17381758,0,1,20.87731397,yahoo_bootstrap
2022-07-20,22.25566292,22.50349808,21.95825958,22.05739212,22682572,0,1,21.16265155,yahoo_bootstrap
2022-07-21,22.1069603,22.70176697,22.00782585,22.70176697,17456477,0,1,21.78088784,yahoo_bootstrap
2022-07-22,22.70176697,23.19743729,22.45393181,23.04873657,25822839,0,1,22.1137829,yahoo_bootstrap
2022-07-25,22.9991703,23.09830475,22.60263252,22.75133324,13226689,0,1,21.82844349,yahoo_bootstrap
2022-07-26,22.55306435,22.70176697,22.20609474,22.35479546,16367116,0,1,21.44799095,yahoo_bootstrap
2022-07-27,22.50349808,22.9991703,22.05739212,22.65219879,20178371,0,1,21.73333036,yahoo_bootstrap
2022-07-28,22.85046768,22.90003586,22.40436363,22.50349808,11266243,0,1,21.59066157,yahoo_bootstrap
2022-07-29,22.75133324,22.9991703,22.65219879,22.94960213,15782169,0,1,22.01866976,yahoo_bootstrap
2022-08-01,22.90003586,22.90003586,22.35479546,22.65219879,10204640,0,1,21.73333036,yahoo_bootstrap
2022-08-02,22.30522919,22.30522919,21.75999069,21.95825958,16900720,0,1,21.06754024,yahoo_bootstrap
2022-08-03,22.00782585,22.30522919,21.90869141,22.1069603,9131987,0,1,21.21020903,yahoo_bootstrap
2022-08-04,22.1069603,22.30522919,21.80955696,22.05739212,9387852,0,1,21.16265155,yahoo_bootstrap
2022-08-05,22.60263252,23.19743729,22.60263252,22.90003586,26668662,0,1,21.97111411,yahoo_bootstrap
2022-08-08,22.65219879,22.70176697,22.05739212,22.25566292,19539948,0,1,21.35287965,yahoo_bootstrap
2022-08-09,21.90869141,21.95825958,20.86778069,21.26431847,35973375,0,1,20.40174829,yahoo_bootstrap
2022-08-10,20.76864624,20.91734886,20.57037735,20.57037735,27543738,0,1,19.73595635,yahoo_bootstrap
2022-08-11,21.01648331,21.36345291,20.81821442,21.11561775,21257377,0,1,20.25907951,yahoo_bootstrap
2022-08-12,21.06604958,21.66085625,21.06604958,21.61128807,14658266,0,1,20.73464335,yahoo_bootstrap
2022-08-15,21.85912514,22.25566292,21.85912514,22.25566292,14534520,0,1,21.35287965,yahoo_bootstrap
2022-08-16,22.25566292,22.40436363,22.00782585,22.00782585,13957860,0,1,21.11509589,yahoo_bootstrap
2022-08-17,21.90869141,22.25566292,21.75999069,22.25566292,11921631,0,1,21.35287965,yahoo_bootstrap
2022-08-18,22.1069603,22.15652847,21.80955696,22.15652847,10695632,0,1,21.25776651,yahoo_bootstrap
2022-08-19,22.20609474,22.75133324,22.15652847,22.55306435,14331346,0,1,21.63821722,yahoo_bootstrap
2022-08-22,22.20609474,22.35479546,22.00782585,22.15652847,7291115,0,1,21.25776651,yahoo_bootstrap
2022-08-23,22.00782585,22.1069603,21.75999069,21.95825958,7415725,0,1,21.06754024,yahoo_bootstrap
2022-08-24,22.05739212,22.1069603,21.46258736,21.5617218,14583770,0,1,20.6870877,yahoo_bootstrap
2022-08-25,21.71042252,22.30522919,21.61128807,22.15652847,11367624,0,1,21.25776651,yahoo_bootstrap
2022-08-26,22.50349808,22.70176697,22.30522919,22.40436363,14615789,0,1,21.49554843,yahoo_bootstrap
2022-08-29,21.71042252,21.75999069,21.41301918,21.5617218,15322850,0,1,20.6870877,yahoo_bootstrap
2022-08-30,21.5617218,21.71042252,21.46258736,21.66085625,11100697,0,1,20.78220083,yahoo_bootstrap
2022-08-31,21.5617218,22.00782585,21.51215363,22.00782585,10039320,0,1,21.11509589,yahoo_bootstrap
2022-09-01,21.71042252,21.71042252,21.46258736,21.51215363,12473071,0,1,20.63953022,yahoo_bootstrap
2022-09-02,21.66085625,21.66085625,21.01648331,21.01648331,14104360,0,1,20.16396637,yahoo_bootstrap
2022-09-05,21.01648331,21.06604958,20.6695118,20.81821442,8290147,0,1,19.9737401,yahoo_bootstrap
2022-09-06,21.01648331,21.06604958,20.22340775,20.32254219,16243676,0,1,19.49817442,yahoo_bootstrap
2022-09-07,20.17384148,20.52081108,20.02513885,20.22340775,9842411,0,1,19.40306129,yahoo_bootstrap
2022-09-08,20.52081108,21.11561775,20.32254219,21.01648331,13641654,0,1,20.16396637,yahoo_bootstrap
2022-09-12,21.26431847,21.66085625,21.26431847,21.41301918,11300865,0,1,20.54441708,yahoo_bootstrap
2022-09-13,21.51215363,21.61128807,21.26431847,21.36345291,7039812,0,1,20.49686143,yahoo_bootstrap
2022-09-14,20.71907997,21.16518402,20.57037735,21.06604958,10952954,0,1,20.21152202,yahoo_bootstrap
2022-09-15,21.11561775,21.41301918,20.91734886,21.11561775,8739183,0,1,20.25907951,yahoo_bootstrap
2022-09-16,20.86778069,20.86778069,20.52081108,20.52081108,17863761,0,1,19.68840069,yahoo_bootstrap
2022-09-19,20.6695118,20.6695118,20.22340775,20.37210846,5554573,0,1,19.54573008,yahoo_bootstrap
2022-09-20,20.52081108,20.71907997,20.22340775,20.32254219,8077416,0,1,19.49817442,yahoo_bootstrap
2022-09-21,20.27297592,20.42167664,20.1242733,20.17384148,7065922,0,1,19.35550564,yahoo_bootstrap
2022-09-22,20.02513885,20.1242733,19.7773037,19.97557259,7726008,0,1,19.16527937,yahoo_bootstrap
2022-09-23,20.02513885,20.22340775,19.87643814,19.92600441,6815718,0,1,19.11772188,yahoo_bootstrap
2022-09-26,19.72773552,19.72773552,18.83552742,18.93466187,16989050,0,1,18.16659236,yahoo_bootstrap
2022-09-27,18.83552742,19.43033218,18.83552742,19.33119965,12194546,0,1,18.5470449,yahoo_bootstrap
2022-09-28,19.52946663,19.62860107,18.43898964,18.43898964,19297395,0,1,17.69102668,yahoo_bootstrap
2022-09-29,18.93466187,19.97557259,18.73639107,19.18249702,30434250,0,1,18.40437428,yahoo_bootstrap
2022-09-30,18.83552742,19.57903481,18.83552742,19.57903481,17890914,0,1,18.78482682,yahoo_bootstrap
2022-10-03,19.33119965,19.72773552,19.18249702,19.52946663,8058830,0,1,18.73726934,yahoo_bootstrap
2022-10-04,20.02513885,20.32254219,19.87643814,20.27297592,13732921,0,1,19.45061877,yahoo_bootstrap
2022-10-05,20.61994553,20.71907997,20.17384148,20.42167664,19233283,0,1,19.59328756,yahoo_bootstrap
2022-10-06,20.47124481,20.47124481,20.02513885,20.27297592,12543502,0,1,19.45061877,yahoo_bootstrap
2022-10-07,20.07470512,20.27297592,19.87643814,20.02513885,8406979,0,1,19.21283502,yahoo_bootstrap
2022-10-11,19.43033218,19.57903481,18.83552742,18.83552742,16795980,0,1,18.07147923,yahoo_bootstrap
2022-10-12,19.23206329,19.47990036,18.88509369,19.33119965,17439486,0,1,18.5470449,yahoo_bootstrap
2022-10-13,19.0337944,19.13293076,18.33985519,18.38942146,16720622,0,1,17.6434692,yahoo_bootstrap
2022-10-14,18.98422813,19.52946663,18.78595924,19.38076591,16387337,0,1,18.59460055,yahoo_bootstrap
2022-10-17,18.93466187,19.7773037,18.83552742,19.72773552,14274385,0,1,18.92749561,yahoo_bootstrap
2022-10-18,19.92600441,20.61994553,19.72773552,20.61994553,25056853,0,1,19.78351383,yahoo_bootstrap
2022-10-19,20.47124481,20.57037735,20.07470512,20.07470512,17273137,0,1,19.26039067,yahoo_bootstrap
2022-10-20,19.62860107,20.32254219,19.18249702,20.32254219,25442556,0,1,19.49817442,yahoo_bootstrap
2022-10-21,20.07470512,20.32254219,19.7773037,19.87643814,8616590,0,1,19.07016623,yahoo_bootstrap
2022-10-24,20.47124481,20.71907997,20.1242733,20.1242733,12757198,0,1,19.30794815,yahoo_bootstrap
2022-10-25,20.1242733,20.27297592,19.62860107,19.67816925,15732808,0,1,18.87993996,yahoo_bootstrap
2022-10-26,19.87643814,19.87643814,19.08336258,19.18249702,16678612,0,1,18.40437428,yahoo_bootstrap
2022-10-27,19.23206329,19.7773037,19.23206329,19.62860107,12221862,0,1,18.83238248,yahoo_bootstrap
2022-10-28,19.33119965,19.47990036,18.98422813,19.0337944,9531585,0,1,18.26170367,yahoo_bootstrap
2022-10-31,19.43033218,19.57903481,19.23206329,19.33119965,10236383,0,1,18.5470449,yahoo_bootstrap
2022-11-01,19.28163147,19.82686996,19.23206329,19.67816925,7061337,0,1,18.87993996,yahoo_bootstrap
2022-11-02,19.72773552,20.07470512,19.57903481,19.92600441,8272128,0,1,19.11772188,yahoo_bootstrap
2022-11-03,19.57903481,20.02513885,19.52946663,19.97557259,5989596,0,1,19.16527937,yahoo_bootstrap
2022-11-04,19.72773552,20.02513885,19.62860107,20.02513885,10347882,0,1,19.21283502,yahoo_bootstrap
2022-11-07,20.1242733,20.52081108,20.02513885,20.37210846,18286828,0,1,19.54573008,yahoo_bootstrap
2022-11-08,20.71907997,20.76864624,20.17384148,20.22340775,14877510,0,1,19.40306129,yahoo_bootstrap
2022-11-09,20.52081108,20.81821442,20.32254219,20.81821442,21840425,0,1,19.9737401,yahoo_bootstrap
2022-11-10,20.52081108,20.96691513,20.47124481,20.91734886,13078300,0,1,20.06885324,yahoo_bootstrap
2022-11-11,22.30522919,22.35479546,21.5617218,21.66085625,42948630,0,1,20.78220083,yahoo_bootstrap
2022-11-14,21.66085625,21.75999069,21.11561775,21.5617218,28447994,0,1,20.6870877,yahoo_bootstrap
2022-11-15,21.51215363,22.00782585,21.46258736,21.90869141,22267337,0,1,21.01998276,yahoo_bootstrap
2022-11-16,21.95825958,22.40436363,21.75999069,22.1069603,28752525,0,1,21.21020903,yahoo_bootstrap
2022-11-17,21.80955696,21.95825958,21.36345291,21.66085625,22468208,0,1,20.78220083,yahoo_bootstrap
2022-11-18,21.66085625,22.05739212,21.51215363,21.71042252,22074491,0,1,20.82975649,yahoo_bootstrap
2022-11-21,21.85912514,21.85912514,21.21475029,21.26431847,13148650,0,1,20.40174829,yahoo_bootstrap
2022-11-22,21.31388664,21.36345291,20.96691513,21.31388664,9778124,0,1,20.44930578,yahoo_bootstrap
2022-11-23,21.51215363,21.61128807,21.31388664,21.36345291,7545646,0,1,20.49686143,yahoo_bootstrap
2022-11-24,21.51215363,21.71042252,21.41301918,21.71042252,8954978,0,1,20.82975649,yahoo_bootstrap
2022-11-25,21.66085625,21.80955696,21.41301918,21.46258736,8382235,0,1,20.59197456,yahoo_bootstrap
2022-11-28,21.31388664,21.41301918,21.11561775,21.16518402,9369362,0,1,20.30663516,yahoo_bootstrap
2022-11-29,21.21475029,21.21475029,20.71907997,21.06604958,14290552,0,1,20.21152202,yahoo_bootstrap
2022-11-30,20.96691513,21.11561775,20.86778069,21.01648331,19197637,0,1,20.16396637,yahoo_bootstrap
2022-12-01,21.41301918,22.15652847,21.41301918,21.75999069,36857100,0,1,20.87731397,yahoo_bootstrap
2022-12-02,21.66085625,22.00782585,21.66085625,21.80955696,15736291,0,1,20.92486962,yahoo_bootstrap
2022-12-05,21.85912514,22.25566292,21.80955696,21.90869141,14364152,0,1,21.01998276,yahoo_bootstrap
2022-12-06,21.80955696,21.80955696,21.01648331,21.01648331,25492953,0,1,20.16396637,yahoo_bootstrap
2022-12-07,20.96691513,21.21475029,20.81821442,20.91734886,18523398,0,1,20.06885324,yahoo_bootstrap
2022-12-08,20.86778069,20.86778069,20.47124481,20.61994553,16485925,0,1,19.78351383,yahoo_bootstrap
2022-12-09,20.76864624,20.81821442,20.52081108,20.52081108,13607452,0,1,19.68840069,yahoo_bootstrap
2022-12-12,20.42167664,20.76864624,20.27297592,20.76864624,7425055,0,1,19.92618262,yahoo_bootstrap
2022-12-13,20.76864624,20.91734886,20.37210846,20.47124481,12523608,0,1,19.64084504,yahoo_bootstrap
2022-12-14,20.61994553,21.06604958,20.61994553,20.96691513,14497015,0,1,20.11640889,yahoo_bootstrap
2022-12-15,20.81821442,21.06604958,20.81821442,20.91734886,6236985,0,1,20.06885324,yahoo_bootstrap
2022-12-16,20.71907997,20.86778069,20.57037735,20.6695118,14066234,0,1,19.83106948,yahoo_bootstrap
2022-12-19,20.52081108,20.91734886,20.37210846,20.81821442,8992036,0,1,19.9737401,yahoo_bootstrap
2022-12-20,21.01648331,21.01648331,20.1242733,20.17384148,13903826,0,1,19.35550564,yahoo_bootstrap
2022-12-21,20.32254219,20.37210846,19.82686996,19.87643814,11403447,0,1,19.07016623,yahoo_bootstrap
2022-12-22,20.1242733,20.22340775,20.02513885,20.1242733,6707588,0,1,19.30794815,yahoo_bootstrap
2022-12-23,19.82686996,19.92600441,19.57903481,19.92600441,9589525,0,1,19.11772188,yahoo_bootstrap
2022-12-26,19.97557259,19.97557259,19.82686996,19.82686996,4414797,0,1,19.02260875,yahoo_bootstrap
2022-12-27,19.87643814,20.07470512,19.82686996,19.87643814,4876833,0,1,19.07016623,yahoo_bootstrap
2022-12-28,19.82686996,19.82686996,19.23206329,19.28163147,17869469,0,1,18.49948742,yahoo_bootstrap
2022-12-29,19.08336258,19.43033218,18.93466187,19.28163147,8522638,0,1,18.49948742,yahoo_bootstrap
2022-12-30,19.47990036,19.57903481,19.38076591,19.43033218,6767509,0,1,18.64215621,yahoo_bootstrap
2023-01-03,19.28163147,19.57903481,19.18249702,19.57903481,6253915,0,1,18.78482682,yahoo_bootstrap
2023-01-04,19.57903481,19.67816925,19.43033218,19.57903481,6691493,0,1,18.78482682,yahoo_bootstrap
2023-01-05,20.02513885,20.32254219,19.72773552,19.82686996,22211024,0,1,19.02260875,yahoo_bootstrap
2023-01-06,19.82686996,20.02513885,19.72773552,20.02513885,6787295,0,1,19.21283502,yahoo_bootstrap
2023-01-09,20.22340775,20.32254219,20.02513885,20.32254219,14992427,0,1,19.49817442,yahoo_bootstrap
2023-01-10,20.37210846,20.81821442,20.32254219,20.71907997,25993996,0,1,19.87862696,yahoo_bootstrap
2023-01-11,20.81821442,20.91734886,20.57037735,20.76864624,10599458,0,1,19.92618262,yahoo_bootstrap
2023-01-12,20.76864624,20.81821442,20.52081108,20.6695118,8487293,0,1,19.83106948,yahoo_bootstrap
2023-01-13,20.76864624,20.96691513,20.47124481,20.52081108,8496581,0,1,19.68840069,yahoo_bootstrap
2023-01-16,20.52081108,20.76864624,20.52081108,20.61994553,6059402,0,1,19.78351383,yahoo_bootstrap
2023-01-17,20.61994553,20.81821442,20.57037735,20.81821442,8280530,0,1,19.9737401,yahoo_bootstrap
2023-01-30,21.16518402,21.66085625,21.16518402,21.61128807,32312231,0,1,20.73464335,yahoo_bootstrap
2023-01-31,21.51215363,21.66085625,21.31388664,21.36345291,16358138,0,1,20.49686143,yahoo_bootstrap
2023-02-01,21.46258736,22.15652847,21.16518402,21.90869141,35426009,0,1,21.01998276,yahoo_bootstrap
2023-02-02,22.05739212,23.5444088,22.00782585,23.39570618,90933811,0,1,22.44667796,yahoo_bootstrap
2023-02-03,23.14787102,23.5444088,22.90003586,23.04873657,33001848,0,1,22.1137829,yahoo_bootstrap
2023-02-06,22.80090141,22.9991703,22.20609474,22.30522919,24603636,0,1,21.4004353,yahoo_bootstrap
2023-02-07,22.30522919,22.50349808,21.85912514,22.00782585,24961175,0,1,21.11509589,yahoo_bootstrap
2023-02-08,22.30522919,22.65219879,22.1069603,22.50349808,25161948,0,1,21.59066157,yahoo_bootstrap
2023-02-09,22.90003586,23.09830475,22.35479546,22.70176697,50654294,0,1,21.78088784,yahoo_bootstrap
2023-02-10,22.65219879,22.65219879,22.05739212,22.15652847,33533545,0,1,21.25776651,yahoo_bootstrap
2023-02-13,22.00782585,22.25566292,21.80955696,22.15652847,13578227,0,1,21.25776651,yahoo_bootstrap
2023-02-14,22.40436363,22.50349808,22.25566292,22.30522919,16201668,0,1,21.4004353,yahoo_bootstrap
2023-02-15,22.30522919,22.45393181,22.1069603,22.15652847,20455673,0,1,21.25776651,yahoo_bootstrap
2023-02-16,22.40436363,23.29657364,22.35479546,23.19743729,47507888,0,1,22.25645169,yahoo_bootstrap
2023-02-17,23.19743729,23.39570618,22.70176697,22.94960213,34048120,0,1,22.01866976,yahoo_bootstrap
2023-02-20,23.09830475,23.69310951,22.85046768,23.64354324,38825140,0,1,22.68446171,yahoo_bootstrap
2023-02-21,23.5444088,23.8913784,23.29657364,23.44527435,32192324,0,1,22.49423544,yahoo_bootstrap
2023-02-22,23.19743729,23.24700546,22.80090141,22.85046768,32179535,0,1,21.92355663,yahoo_bootstrap
2023-02-23,23.09830475,23.14787102,22.80090141,22.85046768,22321570,0,1,21.92355663,yahoo_bootstrap
2023-02-24,22.9991703,23.19743729,22.85046768,22.85046768,28381650,0,1,21.92355663,yahoo_bootstrap
2023-03-01,22.80090141,22.85046768,22.15652847,22.30522919,30181313,0,1,21.4004353,yahoo_bootstrap
2023-03-02,23.44527435,24.23834991,23.24700546,23.79224396,121997722,0,1,22.8271305,yahoo_bootstrap
2023-03-03,24.18878174,25.8740654,23.99051285,25.37839317,162360822,0,1,24.34893883,yahoo_bootstrap
2023-03-06,25.08099174,25.52709579,24.78358841,24.93228912,73842243,0,1,23.92093064,yahoo_bootstrap
2023-03-07,24.78358841,24.83315468,24.33748245,24.68445396,42949054,0,1,23.68314871,yahoo_bootstrap
2023-03-08,24.4366188,24.93228912,24.33748245,24.88272285,35685775,0,1,23.87337498,yahoo_bootstrap
2023-03-09,25.42796135,25.47752953,24.88272285,24.88272285,44561296,0,1,23.87337498,yahoo_bootstrap
2023-03-10,24.58531952,24.58531952,23.79224396,23.8913784,55617827,0,1,22.92224363,yahoo_bootstrap
2023-03-13,23.5444088,24.33748245,23.5444088,24.23834991,31824075,0,1,23.25514052,yahoo_bootstrap
2023-03-14,23.99051285,24.18878174,23.64354324,23.64354324,22817335,0,1,22.68446171,yahoo_bootstrap
2023-03-15,24.04007912,24.13921547,23.74267769,23.74267769,15699187,0,1,22.77957484,yahoo_bootstrap
2023-03-16,23.59397507,23.94094658,23.44527435,23.79224396,16892033,0,1,22.8271305,yahoo_bootstrap
2023-03-17,24.08964729,24.13921547,23.69310951,23.69310951,23752070,0,1,22.73201736,yahoo_bootstrap
2023-03-20,23.8913784,24.23834991,23.79224396,24.18878174,19634777,0,1,23.20758304,yahoo_bootstrap
2023-03-21,24.38705063,24.6348877,24.13921547,24.38705063,24856329,0,1,23.39780931,yahoo_bootstrap
2023-03-22,24.48618507,24.58531952,24.23834991,24.28791618,14450023,0,1,23.30269617,yahoo_bootstrap
2023-03-23,24.28791618,24.58531952,24.18878174,24.48618507,10341262,0,1,23.49292244,yahoo_bootstrap
2023-03-24,24.88272285,25.52709579,24.68445396,25.3288269,76124806,0,1,24.30138318,yahoo_bootstrap
2023-03-27,25.52709579,25.72536469,24.88272285,24.88272285,39675042,0,1,23.87337498,yahoo_bootstrap
2023-03-28,24.93228912,25.03142357,24.38705063,24.4366188,16788177,0,1,23.44536679,yahoo_bootstrap
2023-03-29,24.58531952,24.6348877,24.13921547,24.28791618,12296662,0,1,23.30269617,yahoo_bootstrap
2023-03-30,25.47752953,25.52709579,24.88272285,25.03142357,57700083,0,1,24.01604377,yahoo_bootstrap
2023-03-31,25.67579651,27.11324501,25.47752953,26.27060318,138775486,0,1,25.20495705,yahoo_bootstrap
2023-04-06,25.82449913,26.02276611,25.27926064,25.37839317,71263562,0,1,24.34893883,yahoo_bootstrap
2023-04-07,25.67579651,26.56800652,25.62623024,26.27060318,65839263,0,1,25.20495705,yahoo_bootstrap
2023-04-10,26.66714096,27.06367874,25.97319984,26.17146873,71102290,0,1,25.10984391,yahoo_bootstrap
2023-04-11,26.91497612,27.26194763,26.51843834,26.66714096,76160664,0,1,25.58540959,yahoo_bootstrap
2023-04-12,26.86540985,26.86540985,26.36973763,26.66714096,35105604,0,1,25.58540959,yahoo_bootstrap
2023-04-13,26.61757469,26.66714096,26.17146873,26.17146873,34461607,0,1,25.10984391,yahoo_bootstrap
2023-04-14,26.27060318,26.32017136,25.82449913,26.02276611,25572168,0,1,24.9671733,yahoo_bootstrap
2023-04-17,26.02276611,26.36973763,25.82449913,26.32017136,19729553,0,1,25.25251453,yahoo_bootstrap
2023-04-18,26.32017136,26.32017136,25.67579651,25.77493286,22176222,0,1,24.7293932,yahoo_bootstrap
2023-04-19,25.82449913,25.8740654,25.57666206,25.57666206,14848423,0,1,24.5391651,yahoo_bootstrap
2023-04-20,25.77493286,25.77493286,25.03142357,25.27926064,21383646,0,1,24.25382753,yahoo_bootstrap
2023-04-21,25.37839317,25.52709579,24.78358841,24.83315468,24478782,0,1,23.8258175,yahoo_bootstrap
2023-04-24,24.78358841,25.3288269,24.68445396,25.03142357,17055130,0,1,24.01604377,yahoo_bootstrap
2023-04-25,25.18012428,25.22969246,24.28791618,24.38705063,27466545,0,1,23.39780931,yahoo_bootstrap
2023-04-26,24.48618507,24.53575134,24.08964729,24.53575134,22255935,0,1,23.5404781,yahoo_bootstrap
2023-04-27,24.88272285,25.27926064,24.83315468,25.27926064,31861891,0,1,24.25382753,yahoo_bootstrap
2023-04-28,25.92363358,26.27060318,25.57666206,25.72536469,58527236,0,1,24.68183572,yahoo_bootstrap
2023-05-02,25.82449913,25.82449913,25.08099174,25.3288269,31283609,0,1,24.30138318,yahoo_bootstrap
2023-05-03,25.08099174,25.18012428,24.88272285,25.03142357,19322205,0,1,24.01604377,yahoo_bootstrap
2023-05-04,24.88272285,25.13055801,24.68445396,24.83315468,17031433,0,1,23.8258175,yahoo_bootstrap
2023-05-05,24.4366188,24.58531952,24.08964729,24.4366188,26955151,0,1,23.44536679,yahoo_bootstrap
2023-05-08,24.68445396,24.73402023,24.23834991,24.28791618,18936015,0,1,23.30269617,yahoo_bootstrap
2023-05-09,24.33748245,24.58531952,24.13921547,24.28791618,13299369,0,1,23.30269617,yahoo_bootstrap
2023-05-10,24.13921547,24.13921547,23.5444088,24.04007912,20746704,0,1,23.06491242,yahoo_bootstrap
2023-05-11,24.04007912,24.13921547,23.5444088,23.5444088,12830812,0,1,22.58934857,yahoo_bootstrap
2023-05-12,23.69310951,23.84181213,23.39570618,23.69310951,12461353,0,1,22.73201736,yahoo_bootstrap
2023-05-15,23.59397507,23.59397507,23.04873657,23.29657364,15217096,0,1,22.35156665,yahoo_bootstrap
2023-05-16,23.79224396,24.08964729,23.69310951,23.8913784,15409851,0,1,22.92224363,yahoo_bootstrap
2023-05-17,24.08964729,24.6348877,23.74267769,24.4366188,25907843,0,1,23.44536679,yahoo_bootstrap
2023-05-18,24.78358841,25.57666206,24.78358841,25.57666206,48107428,0,1,24.5391651,yahoo_bootstrap
2023-05-19,25.47752953,25.97319984,25.42796135,25.77493286,44851511,0,1,24.7293932,yahoo_bootstrap
2023-05-22,26.32017136,26.56800652,25.52709579,25.57666206,38590266,0,1,24.5391651,yahoo_bootstrap
2023-05-23,25.62623024,25.8740654,25.13055801,25.27926064,29117606,0,1,24.25382753,yahoo_bootstrap
2023-05-24,25.37839317,25.92363358,25.03142357,25.77493286,27243991,0,1,24.7293932,yahoo_bootstrap
2023-05-25,26.17146873,26.27060318,25.77493286,25.82449913,34426953,0,1,24.77694885,yahoo_bootstrap
2023-05-26,26.07233429,26.22103691,25.77493286,25.82449913,17336915,0,1,24.77694885,yahoo_bootstrap
2023-05-29,26.12190247,27.06367874,26.12190247,26.66714096,74110796,0,1,25.58540959,yahoo_bootstrap
2023-05-30,26.66714096,26.76627541,26.07233429,26.46887207,28529705,0,1,25.39518332,yahoo_bootstrap
2023-05-31,26.27060318,27.06367874,26.22103691,26.4193058,39890077,0,1,25.34762767,yahoo_bootstrap
2023-06-01,26.4193058,26.46887207,25.97319984,26.36973763,20959577,0,1,25.30007018,yahoo_bootstrap
2023-06-02,26.61757469,28.60026169,26.56800652,28.25329018,112046642,0,1,27.10721792,yahoo_bootstrap
2023-06-05,28.64982796,28.7489624,27.90632057,27.90632057,46584908,0,1,26.77432286,yahoo_bootstrap
2023-06-06,28.4019928,28.7489624,28.05502129,28.45155907,34920147,0,1,27.29744419,yahoo_bootstrap
2023-06-07,28.60026169,28.69939423,28.10458946,28.35242462,22053463,0,1,27.20233106,yahoo_bootstrap
2023-06-08,28.20372391,28.25329018,26.61757469,26.9645443,63041541,0,1,25.87074899,yahoo_bootstrap
2023-06-09,27.41064835,27.95588684,27.36108017,27.8567524,37866246,0,1,26.72676538,yahoo_bootstrap
2023-06-12,28.05502129,28.7489624,27.80718613,28.35242462,38834891,0,1,27.20233106,yahoo_bootstrap
2023-06-13,28.69939423,29.19506645,28.45155907,28.69939423,43427266,0,1,27.53522612,yahoo_bootstrap
2023-06-14,28.7489624,29.24463463,28.45155907,28.99679756,37597980,0,1,27.82056552,yahoo_bootstrap
2023-06-15,29.34376717,29.44290352,28.79852867,28.84809685,26075459,0,1,27.67789673,yahoo_bootstrap
2023-06-16,28.84809685,29.24463463,28.25329018,28.94723129,33582386,0,1,27.77300987,yahoo_bootstrap
2023-06-19,28.7489624,28.79852867,28.20372391,28.30285835,34668625,0,1,27.15477541,yahoo_bootstrap
2023-06-20,28.45155907,28.84809685,28.30285835,28.60026169,18626480,0,1,27.44011481,yahoo_bootstrap
2023-06-21,28.60026169,28.79852867,27.95588684,28.69939423,34994781,0,1,27.53522612,yahoo_bootstrap
2023-06-26,28.15415573,28.20372391,27.26194763,27.75761986,55365246,0,1,26.63165408,yahoo_bootstrap
2023-06-27,27.55934906,27.60891724,26.4193058,26.71670723,56833869,0,1,25.63296524,yahoo_bootstrap
2023-06-28,27.06367874,27.41064835,26.86540985,26.9645443,17322968,0,1,25.87074899,yahoo_bootstrap
2023-06-29,27.50978279,29.34376717,27.50978279,28.25329018,97776713,0,1,27.10721792,yahoo_bootstrap
2023-06-30,27.60891724,27.60891724,27.16281319,27.21237946,60873672,0,1,26.10853092,yahoo_bootstrap
2023-07-03,27.36108017,27.46021652,27.11324501,27.16281319,16022601,0,1,26.06097527,yahoo_bootstrap
2023-07-04,27.26194763,27.41064835,26.91497612,27.26194763,15878029,0,1,26.1560884,yahoo_bootstrap
2023-07-05,27.26194763,27.50978279,27.06367874,27.21237946,16261894,0,1,26.10853092,yahoo_bootstrap
2023-07-06,26.9645443,27.3115139,26.81584167,27.01411057,14361041,0,1,25.91830465,yahoo_bootstrap
2023-07-07,26.86540985,26.86540985,26.12190247,26.17146873,39201611,0,1,25.10984391,yahoo_bootstrap
2023-07-10,26.27060318,26.76627541,26.27060318,26.46887207,14498440,0,1,25.39518332,yahoo_bootstrap
2023-07-11,26.9645443,27.26194763,26.91497612,27.26194763,18915596,0,1,26.1560884,yahoo_bootstrap
2023-07-12,27.70805168,28.20372391,27.55934906,27.65848351,42429395,0,1,26.53653911,yahoo_bootstrap
2023-07-13,28.10458946,28.94723129,27.90632057,28.35242462,78272903,0,1,27.20233106,yahoo_bootstrap
2023-07-14,28.84809685,28.89766312,28.10458946,28.10458946,25661087,0,1,26.96454914,yahoo_bootstrap
2023-07-17,28.00545502,28.99679756,27.65848351,28.55069351,34839521,0,1,27.39255733,yahoo_bootstrap
2023-07-18,28.79852867,28.79852867,27.95588684,28.00545502,24141079,0,1,26.869436,yahoo_bootstrap
2023-07-19,28.15415573,28.25329018,27.60891724,27.70805168,18367670,0,1,26.58409659,yahoo_bootstrap
2023-07-20,27.75761986,28.00545502,27.41064835,27.55934906,12422724,0,1,26.44142598,yahoo_bootstrap
2023-07-21,26.9645443,27.36108017,26.56800652,27.21237946,43564673,0,1,26.10853092,yahoo_bootstrap
2023-07-24,27.06367874,27.16281319,26.81584167,27.01411057,11908594,0,1,25.91830465,yahoo_bootstrap
2023-07-25,27.21237946,27.26194763,26.86540985,26.91497612,11128918,0,1,25.82319151,yahoo_bootstrap
2023-07-26,26.9645443,27.06367874,26.56800652,26.56800652,17792454,0,1,25.49029645,yahoo_bootstrap
2023-07-27,27.01411057,27.95588684,26.9645443,27.95588684,35364069,0,1,26.82187852,yahoo_bootstrap
2023-07-28,28.25329018,28.64982796,27.95588684,28.35242462,42070382,0,1,27.20233106,yahoo_bootstrap
2023-07-31,28.7489624,29.98814201,28.7489624,29.09593201,115573797,0,1,27.91567866,yahoo_bootstrap
2023-08-01,29.69073868,29.83943939,28.99679756,29.04636574,40075204,0,1,27.86812301,yahoo_bootstrap
2023-08-02,28.84809685,28.84809685,27.75761986,27.8567524,32633125,0,1,26.72676538,yahoo_bootstrap
2023-08-04,27.60891724,27.60891724,26.12190247,27.01411057,108388962,0,1,25.91830465,yahoo_bootstrap
2023-08-07,27.06367874,27.50978279,26.86540985,27.46021652,20692968,0,1,26.34631467,yahoo_bootstrap
2023-08-08,27.55934906,27.55934906,26.81584167,26.86540985,19576561,0,1,25.77563586,yahoo_bootstrap
2023-08-09,26.71670723,27.06367874,26.36973763,26.81584167,30544081,0,1,25.72807838,yahoo_bootstrap
2023-08-10,26.81584167,26.91497612,26.4193058,26.56800652,20409314,0,1,25.49029645,yahoo_bootstrap
2023-08-11,26.86540985,26.86540985,26.36973763,26.56800652,10951612,0,1,25.49029645,yahoo_bootstrap
2023-08-14,26.32017136,26.36973763,25.08099174,25.22969246,40468814,0,1,24.20627004,yahoo_bootstrap
2023-08-15,25.97319984,26.22103691,25.77493286,25.92363358,18578509,0,1,24.87206199,yahoo_bootstrap
2023-08-16,25.47752953,25.57666206,25.22969246,25.42796135,16875792,0,1,24.39649631,yahoo_bootstrap
2023-08-17,25.13055801,25.67579651,24.83315468,25.67579651,20923682,0,1,24.63427824,yahoo_bootstrap
2023-08-18,25.72536469,25.97319984,25.22969246,25.42796135,15849458,0,1,24.39649631,yahoo_bootstrap
2023-08-21,25.57666206,25.62623024,24.93228912,25.27926064,18865954,0,1,24.25382753,yahoo_bootstrap
2023-08-22,25.3288269,25.67579651,25.03142357,25.03142357,17155331,0,1,24.01604377,yahoo_bootstrap
2023-08-23,25.03142357,25.52709579,24.88272285,25.47752953,15317245,0,1,24.4440538,yahoo_bootstrap
2023-08-24,25.92363358,26.17146873,25.57666206,26.02276611,21925049,0,1,24.9671733,yahoo_bootstrap
2023-08-25,25.82449913,25.8740654,25.47752953,25.52709579,11391001,0,1,24.49160945,yahoo_bootstrap
2023-08-28,25.62623024,25.62623024,25.13055801,25.22969246,10027110,0,1,24.20627004,yahoo_bootstrap
2023-08-29,25.52709579,25.97319984,25.3288269,25.97319984,15564855,0,1,24.91961764,yahoo_bootstrap
2023-08-30,26.56800652,26.56800652,25.77493286,26.07233429,31320700,0,1,25.01473078,yahoo_bootstrap
2023-08-31,26.22103691,26.56800652,26.07233429,26.12190247,19830995,0,1,25.06228826,yahoo_bootstrap
2023-09-01,26.46887207,27.01411057,26.36973763,26.86540985,37390054,0,1,25.77563586,yahoo_bootstrap
2023-09-04,26.56800652,26.9645443,26.46887207,26.91497612,16372062,0,1,25.82319151,yahoo_bootstrap
2023-09-05,27.06367874,27.36108017,26.76627541,26.9645443,26344884,0,1,25.87074899,yahoo_bootstrap
2023-09-06,26.9645443,26.9645443,26.46887207,26.61757469,14501301,0,1,25.53785394,yahoo_bootstrap
2023-09-07,26.51843834,27.01411057,26.46887207,26.66714096,14344188,0,1,25.58540959,yahoo_bootstrap
2023-09-08,26.76627541,26.91497612,26.4193058,26.46887207,10510273,0,1,25.39518332,yahoo_bootstrap
2023-09-11,26.71670723,26.71670723,26.17146873,26.22103691,10218275,0,1,25.1574014,yahoo_bootstrap
2023-09-12,26.46887207,26.76627541,26.27060318,26.66714096,8419807,0,1,25.58540959,yahoo_bootstrap
2023-09-13,26.71670723,26.76627541,26.4193058,26.71670723,9091823,0,1,25.63296524,yahoo_bootstrap
2023-09-14,26.86540985,27.06367874,26.81584167,27.06367874,16578450,0,1,25.96586213,yahoo_bootstrap
2023-09-15,27.3115139,27.90632057,27.11324501,27.90632057,47611029,0,1,26.77432286,yahoo_bootstrap
2023-09-18,27.75761986,28.05502129,27.46021652,27.55934906,23256344,0,1,26.44142598,yahoo_bootstrap
2023-09-19,27.90632057,28.05502129,27.46021652,27.60891724,24781615,0,1,26.48898346,yahoo_bootstrap
2023-09-20,27.36108017,27.36108017,26.27060318,26.27060318,29640900,0.981248,1,26.13377712,yahoo_bootstrap
2023-09-21,26.22103691,26.46887207,25.92363358,26.27060318,11843860,0,1,26.13377712,yahoo_bootstrap
2023-09-22,26.22103691,26.4193058,25.8740654,26.12190247,9441899,0,1,25.98585089,yahoo_bootstrap
2023-09-25,26.46887207,26.46887207,25.8740654,25.97319984,11673792,0,1,25.83792276,yahoo_bootstrap
2023-09-26,25.92363358,26.02276611,25.47752953,25.47752953,17067960,0,1,25.34483406,yahoo_bootstrap
2023-09-27,25.42796135,26.02276611,25.22969246,25.52709579,13529547,0,1,25.39414217,yahoo_bootstrap
2023-09-28,25.77493286,25.77493286,25.08099174,25.08099174,24253562,0,1,24.95036158,yahoo_bootstrap
2023-10-02,25.27926064,25.77493286,25.18012428,25.37839317,11243335,0,1,25.24621404,yahoo_bootstrap
2023-10-03,25.37839317,26.12190247,25.27926064,25.62623024,19517095,0,1,25.49276029,yahoo_bootstrap
2023-10-04,25.42796135,25.42796135,25.08099174,25.27926064,14277233,0,1,25.14759782,yahoo_bootstrap
2023-10-05,25.47752953,26.61757469,25.42796135,26.51843834,35623786,0,1,26.38032147,yahoo_bootstrap
2023-10-06,26.76627541,27.41064835,26.51843834,27.21237946,51348457,0,1,27.07064831,yahoo_bootstrap
2023-10-11,27.75761986,27.90632057,27.11324501,27.70805168,78815879,0,1,27.56373891,yahoo_bootstrap
2023-10-12,27.8567524,28.84809685,27.36108017,28.64982796,88552567,0,1,28.5006101,yahoo_bootstrap
2023-10-13,28.60026169,28.64982796,27.95588684,28.10458946,26385407,0,1,27.95821139,yahoo_bootstrap
2023-10-16,27.70000076,27.75,25.85000038,26.04999924,96427991,0,1,25.91432216,yahoo_bootstrap
2023-10-17,26.25,26.89999962,26.10000038,26.60000038,35949056,0,1,26.46145871,yahoo_bootstrap
2023-10-18,26.79999924,26.79999924,25.89999962,25.95000076,36601830,0,1,25.81484451,yahoo_bootstrap
2023-10-19,25.85000038,26.45000076,25.70000076,26.39999962,29488736,0,1,26.26249962,yahoo_bootstrap
2023-10-20,26.04999924,26.25,25.89999962,26.04999924,13681917,0,1,25.91432216,yahoo_bootstrap
2023-10-23,26,26.35000038,25.85000038,25.85000038,10067673,0,1,25.71536496,yahoo_bootstrap
2023-10-24,26,26.20000076,25.75,26.04999924,10727258,0,1,25.91432216,yahoo_bootstrap
2023-10-25,26.04999924,26.25,25.79999924,25.79999924,14378281,0,1,25.66562424,yahoo_bootstrap
2023-10-26,25.39999962,25.39999962,24.60000038,24.64999962,46154586,0,1,24.5216142,yahoo_bootstrap
2023-10-27,24.70000076,24.89999962,24.60000038,24.60000038,13087959,0,1,24.47187538,yahoo_bootstrap
2023-10-30,24.85000038,25.45000076,24.75,25.35000038,21260216,0,1,25.21796913,yahoo_bootstrap
2023-10-31,25.64999962,26,24.95000076,24.95000076,35937889,0,1,24.82005284,yahoo_bootstrap
2023-11-01,25.35000038,25.39999962,24.95000076,24.95000076,11528709,0,1,24.82005284,yahoo_bootstrap
2023-11-02,25.39999962,25.70000076,25.25,25.54999924,17001084,0,1,25.41692632,yahoo_bootstrap
2023-11-03,25.75,25.75,25.20000076,25.35000038,18538365,0,1,25.21796913,yahoo_bootstrap
2023-11-06,25.45000076,26.10000038,25.45000076,25.85000038,28971468,0,1,25.71536496,yahoo_bootstrap
2023-11-07,25.60000038,25.60000038,25.29999924,25.39999962,14889072,0,1,25.26770795,yahoo_bootstrap
2023-11-08,25.60000038,25.75,25.25,25.39999962,11806324,0,1,25.26770795,yahoo_bootstrap
2023-11-09,25.5,25.5,24.95000076,25.10000038,12506452,0,1,24.96927121,yahoo_bootstrap
2023-11-10,25.10000038,25.20000076,25,25,6920573,0,1,24.86979167,yahoo_bootstrap
2023-11-13,25.39999962,25.5,25.10000038,25.5,13720669,0,1,25.3671875,yahoo_bootstrap
2023-11-14,25.54999924,26.29999924,25.5,26.20000076,55456950,0,1,26.06354243,yahoo_bootstrap
2023-11-15,26.64999962,28.79999924,26.64999962,28.60000038,222410771,0,1,28.45104205,yahoo_bootstrap
2023-11-16,28.60000038,28.75,27.54999924,27.64999962,106980781,0,1,27.5059892,yahoo_bootstrap
2023-11-17,27.79999924,28,27.29999924,27.64999962,40650281,0,1,27.5059892,yahoo_bootstrap
2023-11-20,27.95000076,28.20000076,27.75,27.85000038,33221179,0,1,27.7049483,yahoo_bootstrap
2023-11-21,28.10000038,28.10000038,27.54999924,27.79999924,23576485,0,1,27.65520757,yahoo_bootstrap
2023-11-22,27.70000076,27.75,27.39999962,27.60000038,18066601,0,1,27.45625038,yahoo_bootstrap
2023-11-23,27.75,27.95000076,27.39999962,27.5,14257996,0,1,27.35677083,yahoo_bootstrap
2023-11-24,27.70000076,27.85000038,27.14999962,27.39999962,20046084,0,1,27.25729129,yahoo_bootstrap
2023-11-27,27.54999924,27.70000076,26.79999924,26.79999924,20214998,0,1,26.66041591,yahoo_bootstrap
2023-11-28,27.10000038,27.85000038,26.85000038,27.85000038,26360332,0,1,27.7049483,yahoo_bootstrap
2023-11-29,28,28.60000038,27.70000076,28.45000076,46479616,0,1,28.30182368,yahoo_bootstrap
2023-11-30,28.70000076,29.29999924,28.04999924,28.35000038,63817880,0,1,28.20234413,yahoo_bootstrap
2023-12-01,28.20000076,28.25,27.85000038,28.10000038,15037728,0,1,27.95364621,yahoo_bootstrap
2023-12-04,28.20000076,28.60000038,28.04999924,28.10000038,14352839,0,1,27.95364621,yahoo_bootstrap
2023-12-05,27.85000038,27.85000038,27.35000038,27.45000076,24134146,0,1,27.30703201,yahoo_bootstrap
2023-12-06,27.70000076,27.70000076,27.14999962,27.20000076,19215398,0,1,27.05833409,yahoo_bootstrap
2023-12-07,27.39999962,27.39999962,26.95000076,27,22335659,0,1,26.859375,yahoo_bootstrap
2023-12-08,27.35000038,27.54999924,27.14999962,27.39999962,16828645,0,1,27.25729129,yahoo_bootstrap
2023-12-11,27.54999924,27.89999962,27.39999962,27.79999924,21873668,0,1,27.65520757,yahoo_bootstrap
2023-12-12,28.10000038,28.20000076,27.35000038,27.45000076,22536188,0,1,27.30703201,yahoo_bootstrap
2023-12-13,27.60000038,27.75,27.35000038,27.54999924,14220456,0,1,27.40650966,yahoo_bootstrap
2023-12-14,27.95000076,28.39999962,27.45000076,27.54999924,29406751,0,1,27.40650966,yahoo_bootstrap
2023-12-15,28,28.95000076,27.95000076,28.54999924,103466701,0,1,28.40130132,yahoo_bootstrap
2023-12-18,28.54999924,29.5,27.95000076,28.54999924,101623385,0,1,28.40130132,yahoo_bootstrap
2023-12-19,28.5,28.54999924,27.70000076,27.85000038,41460413,0,1,27.7049483,yahoo_bootstrap
2023-12-20,27.85000038,28.10000038,27.79999924,27.89999962,25072365,0,1,27.75468712,yahoo_bootstrap
2023-12-21,27.75,28.75,27.60000038,28.39999962,48150038,0,1,28.25208295,yahoo_bootstrap
2023-12-22,29.20000076,29.89999962,28.39999962,28.5,121214372,0,1,28.3515625,yahoo_bootstrap
2023-12-25,28.60000038,28.64999962,28.14999962,28.20000076,22780573,0,1,28.05312576,yahoo_bootstrap
2023-12-26,28.39999962,29.10000038,28.35000038,28.95000076,40644701,0,1,28.79921951,yahoo_bootstrap
2023-12-27,29,30.20000076,28.89999962,29.75,101440820,0,1,29.59505208,yahoo_bootstrap
2023-12-28,30.20000076,31.79999924,29.75,30.75,165077219,0,1,30.58984375,yahoo_bootstrap
2023-12-29,31.29999924,31.60000038,30.20000076,30.45000076,104088133,0,1,30.29140701,yahoo_bootstrap
2024-01-02,30.54999924,30.95000076,29.89999962,30,49198317,0,1,29.84375,yahoo_bootstrap
2024-01-03,29.54999924,29.64999962,29,29.35000038,41423798,0,1,29.1971358,yahoo_bootstrap
2024-01-04,29.45000076,29.60000038,28.95000076,29.10000038,22604271,0,1,28.94843788,yahoo_bootstrap
2024-01-05,29.10000038,29.29999924,28.70000076,28.85000038,29464418,0,1,28.69973996,yahoo_bootstrap
2024-01-08,29.04999924,29.20000076,28.25,28.54999924,26652506,0,1,28.40130132,yahoo_bootstrap
2024-01-09,28.79999924,28.79999924,28.10000038,28.10000038,25591988,0,1,27.95364621,yahoo_bootstrap
2024-01-10,28.10000038,28.20000076,27.79999924,28.10000038,12638281,0,1,27.95364621,yahoo_bootstrap
2024-01-11,28.29999924,28.29999924,27.70000076,27.85000038,24175072,0,1,27.7049483,yahoo_bootstrap
2024-01-12,27.79999924,28.04999924,27.70000076,27.95000076,18799813,0,1,27.80442784,yahoo_bootstrap
2024-01-15,28.14999962,29.29999924,28.04999924,29,48957029,0,1,28.84895833,yahoo_bootstrap
2024-01-16,28.70000076,28.70000076,28,28.10000038,36954768,0,1,27.95364621,yahoo_bootstrap
2024-01-17,28,28.04999924,26.79999924,26.85000038,76641277,0,1,26.71015663,yahoo_bootstrap
2024-01-18,27,27.64999962,26.89999962,27.5,45761041,0,1,27.35677083,yahoo_bootstrap
2024-01-19,27.75,27.89999962,27.5,27.64999962,18905214,0,1,27.5059892,yahoo_bootstrap
2024-01-22,27.85000038,28.20000076,27.54999924,27.89999962,23710606,0,1,27.75468712,yahoo_bootstrap
2024-01-23,28.10000038,28.75,27.85000038,28.14999962,53325675,0,1,28.00338504,yahoo_bootstrap
2024-01-24,28.35000038,28.89999962,27.89999962,27.89999962,45965391,0,1,27.75468712,yahoo_bootstrap
2024-01-25,28.5,28.60000038,27.75,27.85000038,34534272,0,1,27.7049483,yahoo_bootstrap
2024-01-26,27.95000076,28.45000076,27.70000076,28,36655176,0,1,27.85416667,yahoo_bootstrap
2024-01-29,28,28,27.60000038,27.89999962,14608830,0,1,27.75468712,yahoo_bootstrap
2024-01-30,27.85000038,27.89999962,27.29999924,27.35000038,22352660,0,1,27.20755246,yahoo_bootstrap
2024-01-31,27.25,27.54999924,27.04999924,27.20000076,19916629,0,1,27.05833409,yahoo_bootstrap
2024-02-01,27.20000076,27.39999962,27.10000038,27.35000038,8989366,0,1,27.20755246,yahoo_bootstrap
2024-02-02,27.45000076,27.5,27.04999924,27.04999924,12662805,0,1,26.90911382,yahoo_bootstrap
2024-02-05,27,27.20000076,26.89999962,27.10000038,11459261,0,1,26.95885455,yahoo_bootstrap
2024-02-15,27.25,27.25,26.20000076,26.35000038,56010654,0,1,26.2127608,yahoo_bootstrap
2024-02-16,26.5,27.29999924,26.45000076,27.14999962,32082189,0,1,27.00859337,yahoo_bootstrap
2024-02-19,27.64999962,27.79999924,27.35000038,27.70000076,29275641,0,1,27.55572993,yahoo_bootstrap
2024-02-20,27.85000038,27.85000038,27.20000076,27.29999924,20985455,0,1,27.15781174,yahoo_bootstrap
2024-02-21,27.29999924,27.79999924,27.29999924,27.70000076,22594824,0,1,27.55572993,yahoo_bootstrap
2024-02-22,27.79999924,28.10000038,27.60000038,27.89999962,21054730,0,1,27.75468712,yahoo_bootstrap
2024-02-23,28.14999962,28.20000076,27.64999962,27.64999962,28873936,0,1,27.5059892,yahoo_bootstrap
2024-02-26,27.64999962,27.70000076,27.35000038,27.54999924,15472051,0,1,27.40650966,yahoo_bootstrap
2024-02-27,28,28.10000038,27.39999962,27.45000076,22930782,0,1,27.30703201,yahoo_bootstrap
2024-02-29,27.5,27.95000076,27.20000076,27.95000076,21683644,0,1,27.80442784,yahoo_bootstrap
2024-03-01,27.95000076,27.95000076,27.60000038,27.70000076,14088332,0,1,27.55572993,yahoo_bootstrap
2024-03-04,28.14999962,28.5,27.75,27.75,30790544,0,1,27.60546875,yahoo_bootstrap
2024-03-05,27.79999924,28,27.29999924,27.54999924,13596999,0,1,27.40650966,yahoo_bootstrap
2024-03-06,27.5,27.70000076,27.20000076,27.20000076,15931397,0,1,27.05833409,yahoo_bootstrap
2024-03-07,27.70000076,28.70000076,27.60000038,27.64999962,74561868,0,1,27.5059892,yahoo_bootstrap
2024-03-08,28.04999924,28.45000076,27.10000038,27.60000038,49120163,0,1,27.45625038,yahoo_bootstrap
2024-03-11,27.70000076,28.10000038,27.29999924,27.45000076,29477823,0,1,27.30703201,yahoo_bootstrap
2024-03-12,27.54999924,27.64999962,27.29999924,27.5,19036449,0,1,27.35677083,yahoo_bootstrap
2024-03-13,27.60000038,27.70000076,26.79999924,26.79999924,42883017,0,1,26.66041591,yahoo_bootstrap
2024-03-14,26.75,27.10000038,26.60000038,26.79999924,14808251,0,1,26.66041591,yahoo_bootstrap
2024-03-15,26.89999962,26.89999962,26.5,26.5,19745086,0,1,26.36197917,yahoo_bootstrap
2024-03-18,26.5,26.95000076,26.29999924,26.89999962,11176778,0,1,26.75989545,yahoo_bootstrap
2024-03-19,26.89999962,27,26.60000038,26.60000038,15591906,0,1,26.46145871,yahoo_bootstrap
2024-03-20,26.64999962,26.70000076,26.04999924,26.04999924,29868419,0,1,25.91432216,yahoo_bootstrap
2024-03-21,27.20000076,27.89999962,27.10000038,27.70000076,90291682,0,1,27.55572993,yahoo_bootstrap
2024-03-22,28,28.14999962,27.20000076,27.5,61391673,0,1,27.35677083,yahoo_bootstrap
2024-03-25,27.39999962,27.79999924,27.10000038,27.45000076,23971947,0,1,27.30703201,yahoo_bootstrap
2024-03-26,27.85000038,28.10000038,27.04999924,27.10000038,44430817,0,1,26.95885455,yahoo_bootstrap
2024-03-27,27.04999924,27.14999962,26.79999924,26.95000076,16902302,0,1,26.80963618,yahoo_bootstrap
2024-03-28,27.04999924,27.39999962,26.85000038,27,13314223,0,1,26.859375,yahoo_bootstrap
2024-03-29,27.10000038,27.35000038,27,27.04999924,9683000,0,1,26.90911382,yahoo_bootstrap
2024-04-01,27.39999962,27.75,27.20000076,27.45000076,18621239,0,1,27.30703201,yahoo_bootstrap
2024-04-02,27.70000076,27.79999924,27,27.04999924,23124038,0,1,26.90911382,yahoo_bootstrap
2024-04-03,26.79999924,26.89999962,26.54999924,26.70000076,16219463,0,1,26.56093826,yahoo_bootstrap
2024-04-08,26.89999962,27.14999962,26.70000076,26.79999924,9143283,0,1,26.66041591,yahoo_bootstrap
2024-04-09,27.20000076,27.20000076,26.79999924,27,21780302,0,1,26.859375,yahoo_bootstrap
2024-04-10,27.04999924,28.20000076,26.89999962,27.54999924,71224472,0,1,27.40650966,yahoo_bootstrap
2024-04-11,27.5,27.60000038,27.14999962,27.29999924,22638723,0,1,27.15781174,yahoo_bootstrap
2024-04-12,27.25,27.35000038,26.85000038,26.89999962,38437762,0,1,26.75989545,yahoo_bootstrap
2024-04-15,26.60000038,26.85000038,26.25,26.64999962,40279907,0,1,26.51119754,yahoo_bootstrap
2024-04-16,26.35000038,26.5,25.29999924,25.5,59146130,0,1,25.3671875,yahoo_bootstrap
2024-04-17,25.75,26.04999924,25.64999962,26.04999924,24842274,0,1,25.91432216,yahoo_bootstrap
2024-04-18,25.75,26,25.54999924,25.89999962,17999118,0,1,25.76510379,yahoo_bootstrap
2024-04-19,25.75,25.85000038,24.95000076,25.39999962,37207112,0,1,25.26770795,yahoo_bootstrap
2024-04-22,25.35000038,25.35000038,24.54999924,24.70000076,29629534,0,1,24.57135493,yahoo_bootstrap
2024-04-23,24.95000076,25.20000076,24.64999962,24.89999962,18351636,0,1,24.77031212,yahoo_bootstrap
2024-04-24,25.10000038,25.64999962,25.04999924,25.64999962,18631584,0,1,25.51640587,yahoo_bootstrap
2024-04-25,25.29999924,25.64999962,25.20000076,25.20000076,20471656,0,1,25.06875076,yahoo_bootstrap
2024-04-26,25.20000076,25.54999924,25.10000038,25.14999962,33326719,0,1,25.01901004,yahoo_bootstrap
2024-04-29,25.5,26.04999924,25.5,26,21682785,0,1,25.86458333,yahoo_bootstrap
2024-04-30,26.04999924,26.14999962,25.85000038,26,12606430,0,1,25.86458333,yahoo_bootstrap
2024-05-02,25.89999962,26,25.70000076,25.89999962,8591577,0,1,25.76510379,yahoo_bootstrap
2024-05-03,25.70000076,25.75,25.20000076,25.20000076,29529956,0,1,25.06875076,yahoo_bootstrap
2024-05-06,25.25,26.04999924,25.25,25.45000076,31220208,0,1,25.31744868,yahoo_bootstrap
2024-05-07,25.70000076,26.20000076,25.14999962,25.25,36962965,0,1,25.11848958,yahoo_bootstrap
2024-05-08,25.35000038,25.5,25.10000038,25.35000038,13962354,0,1,25.21796913,yahoo_bootstrap
2024-05-09,25.39999962,25.45000076,24.89999962,24.89999962,21096475,0,1,24.77031212,yahoo_bootstrap
2024-05-10,25,25.29999924,24.79999924,25.29999924,14561837,0,1,25.16822841,yahoo_bootstrap
2024-05-13,25.5,25.70000076,25.20000076,25.45000076,16067505,0,1,25.31744868,yahoo_bootstrap
2024-05-14,25.60000038,25.64999962,25.25,25.60000038,12718287,0,1,25.46666705,yahoo_bootstrap
2024-05-15,25.75,25.95000076,25.35000038,25.5,23696617,0,1,25.3671875,yahoo_bootstrap
2024-05-16,25.79999924,25.79999924,25.5,25.60000038,20749001,0,1,25.46666705,yahoo_bootstrap
2024-05-17,25.54999924,25.70000076,25.35000038,25.35000038,11858452,0,1,25.21796913,yahoo_bootstrap
2024-05-20,25.5,25.70000076,25.29999924,25.5,8491565,0,1,25.3671875,yahoo_bootstrap
2024-05-21,25.70000076,25.70000076,25.29999924,25.45000076,8039093,0,1,25.31744868,yahoo_bootstrap
2024-05-22,25.70000076,25.95000076,25.54999924,25.85000038,21233609,0,1,25.71536496,yahoo_bootstrap
2024-05-23,25.89999962,25.95000076,25.60000038,25.70000076,15398368,0,1,25.56614659,yahoo_bootstrap
2024-05-24,25.70000076,26.29999924,25.64999962,25.85000038,28867772,0,1,25.71536496,yahoo_bootstrap
2024-05-27,26.10000038,26.14999962,25.79999924,26,15847731,0,1,25.86458333,yahoo_bootstrap
2024-05-28,26.04999924,26.54999924,25.70000076,26.45000076,35352202,0,1,26.31224034,yahoo_bootstrap
2024-05-29,26.54999924,26.54999924,26.04999924,26.04999924,16741522,0,1,25.91432216,yahoo_bootstrap
2024-05-30,25.89999962,25.89999962,25.39999962,25.39999962,22401388,0,1,25.26770795,yahoo_bootstrap
2024-05-31,25.5,25.54999924,25,25,32516285,0,1,24.86979167,yahoo_bootstrap
2024-06-03,25.29999924,25.35000038,25.10000038,25.20000076,7960366,0,1,25.06875076,yahoo_bootstrap
2024-06-04,24.85000038,24.85000038,24,24.10000038,61110821,0,1,23.97447955,yahoo_bootstrap
2024-06-05,24.04999924,24.39999962,23.89999962,23.89999962,39621477,0,1,23.77552045,yahoo_bootstrap
2024-06-06,24.20000076,24.35000038,23.89999962,23.89999962,25570590,0,1,23.77552045,yahoo_bootstrap
2024-06-07,24.04999924,24.54999924,24,24.45000076,19934712,0,1,24.32265701,yahoo_bootstrap
2024-06-11,24.60000038,24.60000038,24,24.04999924,24518591,0,1,23.92473882,yahoo_bootstrap
2024-06-12,24.25,24.5,24,24,24850335,0,1,23.875,yahoo_bootstrap
2024-06-13,24.29999924,24.85000038,24.20000076,24.64999962,30102732,0,1,24.5216142,yahoo_bootstrap
2024-06-14,24.85000038,24.85000038,24.35000038,24.64999962,15809001,0,1,24.5216142,yahoo_bootstrap
2024-06-17,24.64999962,25.5,24.54999924,25.5,36600490,0,1,25.3671875,yahoo_bootstrap
2024-06-18,25.95000076,26.85000038,25.5,26.79999924,115510962,0,1,26.66041591,yahoo_bootstrap
2024-06-19,26.95000076,27.25,26.25,26.29999924,72654226,0,1,26.16302007,yahoo_bootstrap
2024-06-20,26.39999962,27.29999924,26.20000076,26.70000076,61278569,0,1,26.56093826,yahoo_bootstrap
2024-06-21,26.54999924,27.20000076,26.35000038,26.95000076,37748526,0,1,26.80963618,yahoo_bootstrap
2024-06-24,26.79752159,26.79752159,26.00204849,26.15119934,27362901,0,1,26.01499518,yahoo_bootstrap
2024-06-25,26.05176544,26.10148239,25.55459404,25.80317879,19590159,0,1,25.66878723,yahoo_bootstrap
2024-06-26,25.70374489,25.80317879,25.20657349,25.25629044,27288727,0,1,25.12474726,yahoo_bootstrap
2024-06-27,25.15685654,25.15685654,24.85855484,24.90827179,20363306,0,1,24.77854121,yahoo_bootstrap
2024-06-28,24.90827179,25.85289574,24.90827179,25.55459404,23842746,0,1,25.4214972,yahoo_bootstrap
2024-07-01,25.55459404,25.65402794,25.20657349,25.35572433,18274860,0,1,25.22366327,yahoo_bootstrap
2024-07-02,25.39999962,25.5,25.14999962,25.39999962,20387685,0,1,25.26770795,yahoo_bootstrap
2024-07-03,25.5,26.64999962,25.25,26.29999924,53281192,0,1,26.16302007,yahoo_bootstrap
2024-07-04,26.5,26.70000076,26,26.29999924,26198804,0,1,26.16302007,yahoo_bootstrap
2024-07-05,26.29999924,26.35000038,25.95000076,25.95000076,21384071,0,1,25.81484451,yahoo_bootstrap
2024-07-08,26.10000038,26.25,25.75,25.95000076,37688369,0,1,25.81484451,yahoo_bootstrap
2024-07-09,26.04999924,26.04999924,25.20000076,25.54999924,29681960,0,1,25.41692632,yahoo_bootstrap
2024-07-10,25.60000038,25.70000076,25.29999924,25.39999962,16789639,0,1,25.26770795,yahoo_bootstrap
2024-07-11,25.5,25.85000038,25.14999962,25.79999924,20020787,0,1,25.66562424,yahoo_bootstrap
2024-07-12,25.60000038,26.10000038,25.45000076,25.79999924,21199857,0,1,25.66562424,yahoo_bootstrap
2024-07-15,25.85000038,25.85000038,25.25,25.35000038,22071963,0,1,25.21796913,yahoo_bootstrap
2024-07-16,25.39999962,25.70000076,25.29999924,25.35000038,14674560,0,1,25.21796913,yahoo_bootstrap
2024-07-17,25.45000076,25.60000038,25.20000076,25.25,20800173,0,1,25.11848958,yahoo_bootstrap
2024-07-18,25.20000076,25.35000038,24.70000076,25.25,26902510,0,1,25.11848958,yahoo_bootstrap
2024-07-19,25.04999924,25.20000076,24.35000038,24.39999962,33542550,0,1,24.27291629,yahoo_bootstrap
2024-07-22,24.39999962,24.5,23.54999924,23.85000038,33794189,0,1,23.72578163,yahoo_bootstrap
2024-07-23,24.10000038,24.39999962,23.89999962,23.89999962,21147599,0,1,23.77552045,yahoo_bootstrap
2024-07-26,23.60000038,23.64999962,23.20000076,23.45000076,26860237,0,1,23.32786534,yahoo_bootstrap
2024-07-29,23.60000038,23.85000038,23.20000076,23.20000076,16140665,0,1,23.07916743,yahoo_bootstrap
2024-07-30,22.85000038,23.04999924,22.10000038,22.70000076,49571379,0,1,22.58177159,yahoo_bootstrap
2024-07-31,22.5,23.35000038,22.29999924,23.14999962,34251357,0,1,23.0294267,yahoo_bootstrap
2024-08-01,23.5,23.70000076,23.20000076,23.29999924,26293417,0,1,23.17864507,yahoo_bootstrap
2024-08-02,23.54999924,24.10000038,23.20000076,23.20000076,54074339,0,1,23.07916743,yahoo_bootstrap
2024-08-05,22.29999924,22.39999962,21.39999962,22,57848276,0,1,21.88541667,yahoo_bootstrap
2024-08-06,22.79999924,23.5,22,23.10000038,53341474,0,1,22.97968788,yahoo_bootstrap
2024-08-07,23,23.70000076,22.89999962,23.54999924,30127218,0,1,23.42734299,yahoo_bootstrap
2024-08-08,23.10000038,23.25,22.64999962,22.64999962,25937633,0,1,22.53203087,yahoo_bootstrap
2024-08-09,23.14999962,23.54999924,22.89999962,22.89999962,31109166,0,1,22.78072879,yahoo_bootstrap
2024-08-12,23.10000038,23.70000076,23.10000038,23.35000038,26154550,0,1,23.2283858,yahoo_bootstrap
2024-08-13,23.5,23.60000038,23.25,23.60000038,12943801,0,1,23.47708371,yahoo_bootstrap
2024-08-14,23.85000038,24.35000038,23.70000076,24.20000076,26137755,0,1,24.07395909,yahoo_bootstrap
2024-08-15,24.39999962,24.39999962,23.79999924,23.79999924,15353342,0,1,23.67604091,yahoo_bootstrap
2024-08-16,24.20000076,24.35000038,23.89999962,23.95000076,17649286,0,1,23.82526118,yahoo_bootstrap
2024-08-19,23.95000076,24.14999962,23.70000076,24,22354405,0,1,23.875,yahoo_bootstrap
2024-08-20,23.89999962,24.14999962,23.64999962,23.75,39784199,0,1,23.62630208,yahoo_bootstrap
2024-08-21,23.79999924,23.85000038,23.35000038,23.35000038,24506735,0,1,23.2283858,yahoo_bootstrap
2024-08-22,23.39999962,23.85000038,23.35000038,23.75,15240477,0,1,23.62630208,yahoo_bootstrap
2024-08-23,23.5,23.54999924,23.20000076,23.39999962,17544379,0,1,23.27812462,yahoo_bootstrap
2024-08-26,23.5,23.95000076,23.39999962,23.54999924,23033713,0,1,23.42734299,yahoo_bootstrap
2024-08-27,23.5,23.54999924,23.29999924,23.39999962,13585717,0,1,23.27812462,yahoo_bootstrap
2024-08-28,23.5,23.60000038,23.25,23.45000076,11376105,0,1,23.32786534,yahoo_bootstrap
2024-08-29,23.25,23.60000038,23.14999962,23.54999924,11735928,0,1,23.42734299,yahoo_bootstrap
2024-08-30,23.54999924,24.29999924,23.54999924,24.04999924,42854323,0,1,23.92473882,yahoo_bootstrap
2024-09-02,24.14999962,24.20000076,23.54999924,23.70000076,15402767,0,1,23.57656326,yahoo_bootstrap
2024-09-03,23.70000076,23.75,23.20000076,23.20000076,13528068,0,1,23.07916743,yahoo_bootstrap
2024-09-04,22.04999924,22.25,21.60000038,22.10000038,39378029,0,1,21.98489621,yahoo_bootstrap
2024-09-05,22.20000076,22.35000038,21.39999962,21.39999962,34304933,0,1,21.28854129,yahoo_bootstrap
2024-09-06,21.5,21.64999962,21.25,21.39999962,20254435,0,1,21.28854129,yahoo_bootstrap
2024-09-09,20.89999962,21.29999924,20.79999924,21.20000076,17069403,0,1,21.08958409,yahoo_bootstrap
2024-09-10,21.29999924,21.35000038,20.45000076,20.45000076,23657758,0,1,20.34349034,yahoo_bootstrap
2024-09-11,20.5,21,20.5,20.79999924,11127709,0,1,20.69166591,yahoo_bootstrap
2024-09-12,21.25,21.29999924,20.95000076,21.04999924,8936991,0,1,20.94036382,yahoo_bootstrap
2024-09-13,21.04999924,21.14999962,20.95000076,21.04999924,7011212,0,1,20.94036382,yahoo_bootstrap
2024-09-16,20.64999962,21.04999924,20.54999924,21.04999924,17798173,0,1,20.94036382,yahoo_bootstrap
2024-09-18,21.04999924,21.10000038,20.39999962,20.39999962,22699046,0,1,20.29374962,yahoo_bootstrap
2024-09-19,20.39999962,20.70000076,20.10000038,20.39999962,26717844,0,1,20.29374962,yahoo_bootstrap
2024-09-20,20.60000038,20.95000076,20.45000076,20.45000076,42041349,0,1,20.34349034,yahoo_bootstrap
2024-09-23,20.75,20.95000076,20.54999924,20.64999962,15236552,0,1,20.54244754,yahoo_bootstrap
2024-09-24,20.60000038,20.60000038,20.10000038,20.39999962,27922790,0,1,20.29374962,yahoo_bootstrap
2024-09-25,20.5,20.85000038,20.5,20.75,29401019,0,1,20.64192708,yahoo_bootstrap
2024-09-26,21.5,21.75,20.89999962,20.89999962,48158626,0,1,20.79114545,yahoo_bootstrap
2024-09-27,21.29999924,21.54999924,21.25,21.45000076,36180032,0,1,21.33828201,yahoo_bootstrap
2024-09-30,21.20000076,21.75,21.14999962,21.35000038,31334603,0,1,21.23880246,yahoo_bootstrap
2024-10-01,21.35000038,21.45000076,20.89999962,21,20181820,0,1,20.890625,yahoo_bootstrap
2024-10-04,21,21.25,20.70000076,20.85000038,17727492,0,1,20.74140663,yahoo_bootstrap
2024-10-07,20.95000076,21,20.54999924,20.70000076,14585573,0,1,20.59218826,yahoo_bootstrap
2024-10-08,20.70000076,20.79999924,20.29999924,20.35000038,17985391,0,1,20.2440108,yahoo_bootstrap
2024-10-09,20.60000038,20.64999962,20.25,20.25,15416041,0,1,20.14453125,yahoo_bootstrap
2024-10-11,20.35000038,20.35000038,20.04999924,20.04999924,23211972,0,1,19.94557216,yahoo_bootstrap
2024-10-14,20.14999962,20.20000076,20,20.10000038,14601244,0,1,19.99531288,yahoo_bootstrap
2024-10-15,20.14999962,20.5,20.14999962,20.35000038,16223639,0,1,20.2440108,yahoo_bootstrap
2024-10-16,20.20000076,20.20000076,19.95000076,20,21487059,0,1,19.89583333,yahoo_bootstrap
2024-10-17,20.14999962,20.5,20.10000038,20.25,18243371,0,1,20.14453125,yahoo_bootstrap
2024-10-18,20.35000038,20.39999962,20,20.10000038,14954332,0,1,19.99531288,yahoo_bootstrap
2024-10-21,20.20000076,20.39999962,19.95000076,20.25,21002423,0,1,20.14453125,yahoo_bootstrap
2024-10-22,20.25,20.25,20,20.20000076,18837596,0,1,20.09479243,yahoo_bootstrap
2024-10-23,20.14999962,20.45000076,20.10000038,20.20000076,13741030,0,1,20.09479243,yahoo_bootstrap
2024-10-24,20.14999962,20.14999962,19.89999962,19.95000076,21562747,0,1,19.84609451,yahoo_bootstrap
2024-10-25,20,20.04999924,19.60000038,19.79999924,30167277,0,1,19.69687424,yahoo_bootstrap
2024-10-28,19.89999962,19.89999962,19.5,19.75,17681322,0,1,19.64713542,yahoo_bootstrap
2024-10-29,19.75,19.75,19.20000076,19.20000076,21407345,0,1,19.10000076,yahoo_bootstrap
2024-10-30,19.29999924,19.5,19.04999924,19.25,17927620,0,1,19.14973958,yahoo_bootstrap
2024-11-01,19,19.39999962,18.79999924,19.35000038,23809305,0,1,19.24921913,yahoo_bootstrap
2024-11-04,19.35000038,19.35000038,19.04999924,19.20000076,14312586,0,1,19.10000076,yahoo_bootstrap
2024-11-05,19.10000038,19.25,18.89999962,19,21371395,0,1,18.90104167,yahoo_bootstrap
2024-11-06,19.14999962,19.29999924,18.85000038,18.89999962,23004427,0,1,18.80156212,yahoo_bootstrap
2024-11-07,18.95000076,19.85000038,18.89999962,19.79999924,43018650,0,1,19.69687424,yahoo_bootstrap
2024-11-08,19.89999962,20.04999924,19.35000038,19.5,28433771,0,1,19.3984375,yahoo_bootstrap
2024-11-11,19.39999962,19.39999962,19,19.20000076,21306097,0,1,19.10000076,yahoo_bootstrap
2024-11-12,18.95000076,19.10000038,18.70000076,18.70000076,27655198,0,1,18.60260493,yahoo_bootstrap
2024-11-13,18.70000076,18.75,18.29999924,18.35000038,24555023,0,1,18.25442746,yahoo_bootstrap
2024-11-14,18.35000038,18.35000038,17.70000076,17.70000076,28312230,0,1,17.60781326,yahoo_bootstrap
2024-11-15,17.75,18.14999962,17.75,18,30757629,0,1,17.90625,yahoo_bootstrap
2024-11-18,18,18.04999924,17.70000076,17.79999924,28679392,0,1,17.70729091,yahoo_bootstrap
2024-11-19,17.95000076,18.14999962,17.79999924,18,20206088,0,1,17.90625,yahoo_bootstrap
2024-11-20,17.79999924,17.79999924,17.79999924,17.79999924,24850865,0,1,17.70729091,yahoo_bootstrap
2024-11-21,17.79999924,18,17.5,17.79999924,31582075,0,1,17.70729091,yahoo_bootstrap
2024-11-22,17.89999962,18.10000038,17.89999962,18.04999924,18337158,0,1,17.95598882,yahoo_bootstrap
2024-11-25,18.10000038,18.14999962,17.60000038,17.60000038,300020104,0,1,17.50833371,yahoo_bootstrap
2024-11-26,17.79999924,17.85000038,17.45000076,17.45000076,31150942,0,1,17.35911534,yahoo_bootstrap
2024-11-27,17.5,17.5,16.60000038,16.60000038,48408864,0,1,16.51354205,yahoo_bootstrap
2024-11-28,16.5,16.60000038,16.04999924,16.04999924,49643057,0,1,15.96640549,yahoo_bootstrap
2024-11-29,16.04999924,16.25,15.89999962,16.04999924,24316297,0,1,15.96640549,yahoo_bootstrap
2024-12-02,16.14999962,16.29999924,15.85000038,15.85000038,26734988,0,1,15.7674483,yahoo_bootstrap
2024-12-03,16,16.20000076,15.85000038,15.89999962,21615586,0,1,15.81718712,yahoo_bootstrap
2024-12-04,16.04999924,16.20000076,15.94999981,16,19255983,0,1,15.91666667,yahoo_bootstrap
2024-12-05,16.10000038,16.25,15.85000038,15.85000038,19104109,0,1,15.7674483,yahoo_bootstrap
2024-12-06,15.80000019,16.45000076,15.75,16.14999962,38884176,0,1,16.06588504,yahoo_bootstrap
2024-12-09,16.20000076,16.25,15.89999962,15.89999962,20231753,0,1,15.81718712,yahoo_bootstrap
2024-12-10,15.94999981,16.20000076,15.80000019,15.80000019,19863662,0,1,15.71770852,yahoo_bootstrap
2024-12-11,15.80000019,15.80000019,15.19999981,15.25,42752963,0,1,15.17057292,yahoo_bootstrap
2024-12-12,15.39999962,15.80000019,15.10000038,15.10000038,30680371,0,1,15.02135455,yahoo_bootstrap
2024-12-13,15.19999981,15.19999981,14.80000019,15,26965682,0,1,14.921875,yahoo_bootstrap
2024-12-16,15.10000038,15.10000038,14.39999962,14.44999981,36885679,0,1,14.37473939,yahoo_bootstrap
2024-12-17,14.75,15.25,14.75,14.89999962,41518850,0,1,14.82239545,yahoo_bootstrap
2024-12-18,15.10000038,15.89999962,15.05000019,15.60000038,50697749,0,1,15.51875038,yahoo_bootstrap
2024-12-19,15.19999981,15.89999962,15.14999962,15.69999981,40007686,0,1,15.61822898,yahoo_bootstrap
2024-12-20,15.39999962,15.39999962,15,15,31297305,0,1,14.921875,yahoo_bootstrap
2024-12-23,15.25,15.55000019,15.19999981,15.19999981,18617882,0,1,15.12083314,yahoo_bootstrap
2024-12-24,15.35000038,16,15.35000038,15.60000038,36943426,0,1,15.51875038,yahoo_bootstrap
2024-12-25,15.75,15.80000019,15.44999981,15.60000038,12544991,0,1,15.51875038,yahoo_bootstrap
2024-12-26,15.60000038,15.75,15.39999962,15.44999981,9061520,0,1,15.36953106,yahoo_bootstrap
2024-12-27,15.5,15.5,15.14999962,15.25,10271652,0,1,15.17057292,yahoo_bootstrap
2024-12-30,15.25,15.25,15,15,7501790,0,1,14.921875,yahoo_bootstrap
2024-12-31,14.89999962,14.94999981,14.64999962,14.80000019,11459067,0,1,14.72291686,yahoo_bootstrap
2025-01-02,14.60000038,14.80000019,14.5,14.5,13248335,0,1,14.42447917,yahoo_bootstrap
2025-01-03,14.60000038,14.85000038,14.39999962,14.39999962,13828299,0,1,14.32499962,yahoo_bootstrap
2025-01-06,14.60000038,14.89999962,14.39999962,14.80000019,17140993,0,1,14.72291686,yahoo_bootstrap
2025-01-07,15.10000038,15.55000019,14.64999962,14.64999962,29905323,0,1,14.57369754,yahoo_bootstrap
2025-01-08,14.75,14.75,14.44999981,14.5,12999680,0,1,14.42447917,yahoo_bootstrap
2025-01-09,14.5,14.55000019,13.69999981,13.69999981,29248665,0,1,13.62864564,yahoo_bootstrap
2025-01-10,13.80000019,14.14999962,13.75,13.80000019,19494666,0,1,13.72812519,yahoo_bootstrap
2025-01-13,13.64999962,13.69999981,13.19999981,13.35000038,26834190,0,1,13.28046913,yahoo_bootstrap
2025-01-14,13.44999981,13.69999981,13.39999962,13.55000019,16445873,0,1,13.47942727,yahoo_bootstrap
2025-01-15,13.55000019,13.85000038,13.30000019,13.64999962,24677243,0,1,13.57890587,yahoo_bootstrap
2025-01-16,13.89999962,14.39999962,13.75,14,39012535,0,1,13.92708333,yahoo_bootstrap
2025-01-17,13.94999981,14.14999962,13.85000038,14.05000019,17691322,0,1,13.97682311,yahoo_bootstrap
2025-01-20,14.30000019,14.30000019,13.94999981,14.10000038,17914739,0,1,14.02656288,yahoo_bootstrap
2025-01-21,14.05000019,14.30000019,14,14.14999962,12949991,0,1,14.0763017,yahoo_bootstrap
2025-01-22,14.25,14.35000038,14.05000019,14.35000038,16642197,0,1,14.2752608,yahoo_bootstrap
2025-02-03,14.60000038,14.60000038,14,14.30000019,36854047,0,1,14.22552102,yahoo_bootstrap
2025-02-04,14.30000019,14.39999962,13.89999962,14.05000019,21183729,0,1,13.97682311,yahoo_bootstrap
2025-02-05,14.19999981,14.60000038,14.14999962,14.19999981,24625125,0,1,14.12604148,yahoo_bootstrap
2025-02-06,14.25,14.55000019,14.19999981,14.5,19715059,0,1,14.42447917,yahoo_bootstrap
2025-02-07,14.44999981,14.5,14.25,14.35000038,10041805,0,1,14.2752608,yahoo_bootstrap
2025-02-10,14.19999981,14.30000019,14.05000019,14.25,12571932,0,1,14.17578125,yahoo_bootstrap
2025-02-11,14.35000038,14.55000019,14.25,14.25,11358982,0,1,14.17578125,yahoo_bootstrap
2025-02-12,14.30000019,14.69999981,14.25,14.55000019,18132658,0,1,14.47421894,yahoo_bootstrap
2025-02-13,14.60000038,16,14.44999981,16,48066248,0,1,15.91666667,yahoo_bootstrap
2025-02-14,16.5,17.5,15.55000019,17.14999962,244174482,0,1,17.0606767,yahoo_bootstrap
2025-02-17,17.14999962,18.70000076,16.85000038,18.54999924,230373795,0,1,18.45338466,yahoo_bootstrap
2025-02-18,18.45000076,19.35000038,18.10000038,18.75,236041618,0,1,18.65234375,yahoo_bootstrap
2025-02-19,19,19.64999962,18.64999962,19.20000076,248352086,0,1,19.10000076,yahoo_bootstrap
2025-02-20,19.20000076,19.25,17.70000076,18.95000076,257605201,0,1,18.85130284,yahoo_bootstrap
2025-02-21,18.70000076,19.5,18.29999924,18.85000038,198780719,0,1,18.7518233,yahoo_bootstrap
2025-02-24,18.64999962,18.95000076,18.39999962,18.85000038,79620537,0,1,18.7518233,yahoo_bootstrap
2025-02-25,18.29999924,19.5,18.04999924,19.10000038,158949904,0,1,19.00052121,yahoo_bootstrap
2025-02-26,18.89999962,19.64999962,18.54999924,18.60000038,112961909,0,1,18.50312538,yahoo_bootstrap
2025-02-27,18.70000076,19.04999924,18.45000076,18.70000076,88088912,0,1,18.60260493,yahoo_bootstrap
2025-03-03,18.39999962,18.95000076,18.14999962,18.70000076,82942387,0,1,18.60260493,yahoo_bootstrap
2025-03-04,18.29999924,18.54999924,18.14999962,18.54999924,64944435,0,1,18.45338466,yahoo_bootstrap
2025-03-05,18.5,19.10000038,18.35000038,18.79999924,54388457,0,1,18.70208257,yahoo_bootstrap
2025-03-06,18.89999962,18.95000076,18.14999962,18.14999962,49595910,0,1,18.05546837,yahoo_bootstrap
2025-03-07,18.14999962,18.70000076,18.04999924,18.25,67887769,0,1,18.15494792,yahoo_bootstrap
2025-03-10,18.95000076,19.54999924,18.89999962,19,189430138,0,1,18.90104167,yahoo_bootstrap
2025-03-11,18.64999962,19.14999962,18.35000038,19.10000038,109934543,0,1,19.00052121,yahoo_bootstrap
2025-03-12,19.04999924,21,18.79999924,21,268845833,0,1,20.890625,yahoo_bootstrap
2025-03-13,21.39999962,22.10000038,20.39999962,20.70000076,397266012,0,1,20.59218826,yahoo_bootstrap
2025-03-14,21,21.14999962,20.35000038,20.95000076,174762544,0,1,20.84088618,yahoo_bootstrap
2025-03-17,21.14999962,21.54999924,20.29999924,20.45000076,153993173,0,1,20.34349034,yahoo_bootstrap
2025-03-18,20.64999962,20.95000076,20.10000038,20.35000038,91878831,0,1,20.2440108,yahoo_bootstrap
2025-03-19,20.45000076,21.10000038,20.29999924,20.5,124877303,0,1,20.39322917,yahoo_bootstrap
2025-03-20,20.70000076,21.20000076,20.54999924,21.10000038,125247605,0,1,20.99010455,yahoo_bootstrap
2025-03-21,21.10000038,21.60000038,20.5,21.04999924,138059939,0,1,20.94036382,yahoo_bootstrap
2025-03-24,20.89999962,21,19.95000076,19.95000076,103307658,0,1,19.84609451,yahoo_bootstrap
2025-03-25,20.20000076,20.39999962,19.20000076,19.35000038,71609476,0,1,19.24921913,yahoo_bootstrap
2025-03-26,19.54999924,19.95000076,19.35000038,19.45000076,55506771,0,1,19.34869868,yahoo_bootstrap
2025-03-27,19.10000038,19.85000038,19.10000038,19.25,47646691,0,1,19.14973958,yahoo_bootstrap
2025-03-28,19.29999924,19.39999962,18.5,18.70000076,58129238,0,1,18.60260493,yahoo_bootstrap
2025-03-31,17.79999924,18.35000038,17.35000038,17.54999924,74342659,0,1,17.45859299,yahoo_bootstrap
2025-04-01,17.95000076,18.20000076,17.79999924,18.10000038,50304817,0,1,18.00572955,yahoo_bootstrap
2025-04-02,18.14999962,18.85000038,17.79999924,18.70000076,52937317,0,1,18.60260493,yahoo_bootstrap
2025-04-07,16.85000038,16.85000038,16.85000038,16.85000038,4663752,0,1,16.76223996,yahoo_bootstrap
2025-04-08,15.35000038,16.04999924,15.19999981,15.19999981,87072573,0,1,15.12083314,yahoo_bootstrap
2025-04-09,14.55000019,14.80000019,13.69999981,13.69999981,88966253,0,1,13.62864564,yahoo_bootstrap
2025-04-10,15.05000019,15.05000019,15.05000019,15.05000019,34646906,0,1,14.97161477,yahoo_bootstrap
2025-04-11,14.19999981,15.44999981,13.60000038,15.30000019,106182041,0,1,15.22031269,yahoo_bootstrap
2025-04-14,15.69999981,16.29999924,15.69999981,15.89999962,81927153,0,1,15.81718712,yahoo_bootstrap
2025-04-15,16.25,16.5,16,16.29999924,42180347,0,1,16.21510341,yahoo_bootstrap
2025-04-16,16.20000076,16.20000076,15.5,15.55000019,51760965,0,1,15.46901061,yahoo_bootstrap
2025-04-17,15.5,15.75,15.19999981,15.39999962,40699350,0,1,15.31979129,yahoo_bootstrap
2025-04-18,15.44999981,16.39999962,15.39999962,15.89999962,103416840,0,1,15.81718712,yahoo_bootstrap
2025-04-21,15.89999962,16.04999924,15.30000019,15.35000038,125062182,0,1,15.27005246,yahoo_bootstrap
2025-04-22,15.39999962,16.25,15.25,15.39999962,130022009,0,1,15.31979129,yahoo_bootstrap
2025-04-23,16.10000038,16.14999962,15.60000038,15.60000038,76827008,0,1,15.51875038,yahoo_bootstrap
2025-04-24,15.69999981,15.85000038,15.39999962,15.39999962,48769378,0,1,15.31979129,yahoo_bootstrap
2025-04-25,15.75,15.94999981,15.60000038,15.80000019,49543285,0,1,15.71770852,yahoo_bootstrap
2025-04-28,15.89999962,16,15.60000038,15.69999981,30031790,0,1,15.61822898,yahoo_bootstrap
2025-04-29,15.75,16,15.69999981,15.94999981,33554836,0,1,15.86692689,yahoo_bootstrap
2025-04-30,16.04999924,16.14999962,15.69999981,15.75,45897279,0,1,15.66796875,yahoo_bootstrap
2025-05-02,16,16.25,15.89999962,15.94999981,33740248,0,1,15.86692689,yahoo_bootstrap
2025-05-05,16.10000038,16.10000038,15.25,15.44999981,39233191,0,1,15.36953106,yahoo_bootstrap
2025-05-06,15.30000019,15.80000019,15.25,15.69999981,24646254,0,1,15.61822898,yahoo_bootstrap
2025-05-07,15.75,15.80000019,15.44999981,15.55000019,17160267,0,1,15.46901061,yahoo_bootstrap
2025-05-08,15.85000038,16.20000076,15.60000038,15.60000038,44767287,0,1,15.51875038,yahoo_bootstrap
2025-05-09,15.80000019,15.85000038,15.39999962,15.55000019,18233999,0,1,15.46901061,yahoo_bootstrap
2025-05-12,15.80000019,16.64999962,15.75,16.54999924,75864557,0,1,16.46380132,yahoo_bootstrap
2025-05-13,17.10000038,18.20000076,16.79999924,17.89999962,205882737,0,1,17.80677045,yahoo_bootstrap
2025-05-14,17.85000038,18.35000038,17.70000076,18.14999962,151691894,0,1,18.05546837,yahoo_bootstrap
2025-05-15,18.45000076,18.89999962,17.89999962,18.10000038,134280659,0,1,18.00572955,yahoo_bootstrap
2025-05-16,18.10000038,18.20000076,17.79999924,17.95000076,48967603,0,1,17.85651118,yahoo_bootstrap
2025-05-19,17.95000076,18.14999962,17.70000076,17.75,37966897,0,1,17.65755208,yahoo_bootstrap
2025-05-20,18.14999962,18.79999924,17.95000076,18.54999924,119813897,0,1,18.45338466,yahoo_bootstrap
2025-05-21,18.60000038,18.70000076,18.10000038,18.14999962,76835000,0,1,18.05546837,yahoo_bootstrap
2025-05-22,18.10000038,18.14999962,17.70000076,17.85000038,49581049,0,1,17.75703163,yahoo_bootstrap
2025-05-23,17.95000076,18.10000038,17.75,17.75,25609003,0,1,17.65755208,yahoo_bootstrap
2025-05-26,17.75,17.79999924,17.29999924,17.45000076,35164530,0,1,17.35911534,yahoo_bootstrap
2025-05-27,17.45000076,17.64999962,17.20000076,17.35000038,26902262,0,1,17.2596358,yahoo_bootstrap
2025-05-28,17.79999924,18.04999924,17.29999924,17.39999962,48904576,0,1,17.30937462,yahoo_bootstrap
2025-05-29,17.60000038,17.89999962,17.39999962,17.70000076,48905397,0,1,17.60781326,yahoo_bootstrap
2025-06-02,17.5,17.54999924,16.85000038,16.89999962,36170501,0,1,16.81197879,yahoo_bootstrap
2025-06-03,17.10000038,17.20000076,16.70000076,16.70000076,26577704,0,1,16.61302159,yahoo_bootstrap
2025-06-04,17,18,16.95000076,17.64999962,68980531,0,1,17.55807254,yahoo_bootstrap
2025-06-05,17.85000038,18.60000038,17.70000076,18.10000038,105942435,0,1,18.00572955,yahoo_bootstrap
2025-06-06,18.10000038,18.39999962,18,18.35000038,52530626,0,1,18.25442746,yahoo_bootstrap
2025-06-09,18.45000076,18.79999924,18.29999924,18.39999962,66055839,0,1,18.30416629,yahoo_bootstrap
2025-06-10,18.60000038,19.29999924,18.45000076,18.79999924,99755044,0,1,18.70208257,yahoo_bootstrap
2025-06-11,19.10000038,19.25,18.64999962,18.79999924,61589844,0,1,18.70208257,yahoo_bootstrap
2025-06-12,18.79999924,18.89999962,18.60000038,18.79999924,28575325,0,1,18.70208257,yahoo_bootstrap
2025-06-13,18.70000076,18.70000076,18.20000076,18.45000076,41074281,0,1,18.35390701,yahoo_bootstrap
2025-06-16,18.5,18.64999962,18.14999962,18.39999962,45698266,0,1,18.30416629,yahoo_bootstrap
2025-06-17,18.54999924,19,18.54999924,18.75,56717147,0,1,18.65234375,yahoo_bootstrap
2025-06-18,18.89999962,19.85000038,18.85000038,19.64999962,194455556,0,1,19.54765587,yahoo_bootstrap
2025-06-19,20,20.29999924,19.14999962,19.60000038,151913540,0,1,19.49791705,yahoo_bootstrap
2025-06-20,19.60000038,19.75,18.79999924,18.95000076,83242837,0,1,18.85130284,yahoo_bootstrap
2025-06-23,18.54999924,19.64999962,18.5,19.60000038,81643055,0,1,19.49791705,yahoo_bootstrap
2025-06-24,20.10000038,21.25,19.85000038,20.04999924,242728419,0,1,19.94557216,yahoo_bootstrap
2025-06-25,20.20000076,21,20.04999924,20.25,147173426,0,1,20.14453125,yahoo_bootstrap
2025-06-26,20.75,21.5,20.5,20.85000038,215795000,0,1,20.74140663,yahoo_bootstrap
2025-06-27,21.20000076,21.70000076,20.70000076,21.14999962,169476773,0,1,21.03984337,yahoo_bootstrap
2025-06-30,21.25,21.29999924,20.14999962,20.14999962,104273199,0,1,20.0450517,yahoo_bootstrap
2025-07-01,20.14999962,20.45000076,19.79999924,19.85000038,76497947,0,1,19.74661496,yahoo_bootstrap
2025-07-02,19.89999962,20.10000038,19.5,19.54999924,68658528,0,1,19.44817632,yahoo_bootstrap
2025-07-03,19.54999924,19.85000038,19.5,19.75,32847264,0,1,19.64713542,yahoo_bootstrap
2025-07-04,19.89999962,19.89999962,18.95000076,19.14999962,56693886,0,1,19.05026004,yahoo_bootstrap
2025-07-07,19.04999924,19.29999924,18.85000038,19.10000038,29262405,0,1,19.00052121,yahoo_bootstrap
2025-07-08,19.10000038,19.29999924,18.79999924,18.89999962,41816884,0,1,18.80156212,yahoo_bootstrap
2025-07-09,18.85000038,19.14999962,18.79999924,18.95000076,18968902,0,1,18.85130284,yahoo_bootstrap
2025-07-10,19,19,18.39999962,18.5,28387934,0,1,18.40364583,yahoo_bootstrap
2025-07-11,18.39999962,18.60000038,18,18.45000076,41875225,0,1,18.35390701,yahoo_bootstrap
2025-07-14,18.39999962,18.54999924,18.20000076,18.25,23564791,0,1,18.15494792,yahoo_bootstrap
2025-07-15,18.29999924,18.39999962,17.70000076,17.89999962,43325690,0,1,17.80677045,yahoo_bootstrap
2025-07-16,18.14999962,18.14999962,17.60000038,17.64999962,37272922,0,1,17.55807254,yahoo_bootstrap
2025-07-17,17.64999962,18.10000038,17.54999924,17.89999962,39469406,0,1,17.80677045,yahoo_bootstrap
2025-07-18,18,18.04999924,17.64999962,17.64999962,21941344,0,1,17.55807254,yahoo_bootstrap
2025-07-21,17.70000076,17.75,17.39999962,17.39999962,23974620,0,1,17.30937462,yahoo_bootstrap
2025-07-22,17.45000076,17.64999962,17.14999962,17.14999962,24724136,0,1,17.0606767,yahoo_bootstrap
2025-07-23,17.25,17.75,17.25,17.60000038,28252138,0,1,17.50833371,yahoo_bootstrap
2025-07-24,17.70000076,17.75,17.14999962,17.35000038,31032305,0,1,17.2596358,yahoo_bootstrap
2025-07-25,17.35000038,17.60000038,17.29999924,17.45000076,11883397,0,1,17.35911534,yahoo_bootstrap
2025-07-28,17.5,17.75,17.35000038,17.5,17650073,0,1,17.40885417,yahoo_bootstrap
2025-07-29,17.70000076,18,17.39999962,17.39999962,37816398,0,1,17.30937462,yahoo_bootstrap
2025-07-30,17.39999962,17.89999962,17.25,17.85000038,29709657,0,1,17.75703163,yahoo_bootstrap
2025-07-31,17.70000076,17.79999924,17.35000038,17.35000038,25386588,0,1,17.2596358,yahoo_bootstrap
2025-08-04,17.39999962,17.45000076,17.10000038,17.35000038,24578716,0,1,17.2596358,yahoo_bootstrap
2025-08-05,17.54999924,17.95000076,17.45000076,17.60000038,23098196,0,1,17.50833371,yahoo_bootstrap
2025-08-06,17.5,17.54999924,17.04999924,17.04999924,46640613,0,1,16.96119716,yahoo_bootstrap
2025-08-07,17.14999962,17.25,16.5,16.5,46158035,0,1,16.4140625,yahoo_bootstrap
2025-08-08,16.75,18.04999924,16.75,17.45000076,102895136,0,1,17.35911534,yahoo_bootstrap
2025-08-11,17.60000038,17.64999962,17.35000038,17.39999962,30505847,0,1,17.30937462,yahoo_bootstrap
2025-08-12,17.70000076,18.60000038,17.70000076,18.45000076,104210516,0,1,18.35390701,yahoo_bootstrap
2025-08-13,18.75,18.85000038,18.10000038,18.10000038,62781178,0,1,18.00572955,yahoo_bootstrap
2025-08-14,18.14999962,18.39999962,18,18,34552098,0,1,17.90625,yahoo_bootstrap
2025-08-15,18.10000038,18.45000076,17.75,18.39999962,39417962,0,1,18.30416629,yahoo_bootstrap
2025-08-18,18.54999924,19.35000038,18.14999962,19.10000038,107713720,0,1,19.00052121,yahoo_bootstrap
2025-08-19,19.14999962,19.25,18.54999924,18.60000038,49108480,0,1,18.50312538,yahoo_bootstrap
2025-08-20,18.45000076,18.60000038,17.95000076,18,46954458,0,1,17.90625,yahoo_bootstrap
2025-08-21,18.10000038,18.5,18.04999924,18.39999962,35282943,0,1,18.30416629,yahoo_bootstrap
2025-08-22,18.29999924,18.45000076,18.04999924,18.20000076,18415471,0,1,18.10520909,yahoo_bootstrap
2025-08-25,18.45000076,18.75,18.39999962,18.39999962,29261395,0,1,18.30416629,yahoo_bootstrap
2025-08-26,18.45000076,18.89999962,18.29999924,18.75,30514859,0,1,18.65234375,yahoo_bootstrap
2025-08-27,19.04999924,20,19,19.79999924,95146604,0,1,19.69687424,yahoo_bootstrap
2025-08-28,19.89999962,20.04999924,19.60000038,19.60000038,54339331,0,1,19.49791705,yahoo_bootstrap
2025-08-29,19.79999924,20.54999924,19.70000076,19.70000076,82391021,0,1,19.59739659,yahoo_bootstrap
2025-09-01,19.70000076,20.35000038,19.60000038,20.29999924,79062706,0,1,20.19427007,yahoo_bootstrap
2025-09-02,20.5,20.64999962,19.79999924,19.95000076,100834075,0,1,19.84609451,yahoo_bootstrap
2025-09-03,19.95000076,20.54999924,19.89999962,20.10000038,65240332,0,1,19.99531288,yahoo_bootstrap
2025-09-04,20.39999962,20.79999924,20.29999924,20.5,65532974,0,1,20.39322917,yahoo_bootstrap
2025-09-05,20.64999962,22.54999924,20.60000038,22.54999924,226629036,0,1,22.43255132,yahoo_bootstrap
2025-09-08,24.64999962,24.79999924,22.75,24.60000038,435706691,0,1,24.47187538,yahoo_bootstrap
2025-09-09,24.39999962,24.89999962,23.70000076,24.54999924,237398509,0,1,24.42213466,yahoo_bootstrap
2025-09-10,24.85000038,25.70000076,24.5,24.95000076,284634798,0,1,24.82005284,yahoo_bootstrap
2025-09-11,25.70000076,26.60000038,24.70000076,25,311276352,0,1,24.86979167,yahoo_bootstrap
2025-09-12,26.14999962,26.54999924,24.89999962,25.45000076,274921180,0,1,25.31744868,yahoo_bootstrap
2025-09-15,26.95000076,27.10000038,25.70000076,26.79999924,467481131,0,1,26.66041591,yahoo_bootstrap
2025-09-16,26.5,28.89999962,25.75,27.95000076,639359881,0,1,27.80442784,yahoo_bootstrap
2025-09-17,28.10000038,29.79999924,27.29999924,29.39999962,442590512,0,1,29.24687462,yahoo_bootstrap
2025-09-18,30.25,32.29999924,30.25,32.29999924,445214363,0,1,32.13177007,yahoo_bootstrap
2025-09-19,34,34.29999924,32.5,33.5,580346156,0,1,33.32552083,yahoo_bootstrap
2025-09-22,33.79999924,35.29999924,33.40000153,34.25,378074121,0,1,34.07161458,yahoo_bootstrap
2025-09-23,35,36.84999847,34.90000153,36.45000076,533104264,0,1,36.26015701,yahoo_bootstrap
2025-09-24,36,36.04999924,34.29999924,35.20000076,398560215,0,1,35.01666743,yahoo_bootstrap
2025-09-25,34.20000076,35.70000076,33.20000076,33.40000153,451823059,0,1,33.22604318,yahoo_bootstrap
2025-09-26,32.95000076,33.20000076,31.20000076,31.39999962,310981574,0,1,31.23645795,yahoo_bootstrap
2025-09-30,34,34.15000153,32.95000076,34.04999924,280805174,0,1,33.87265549,yahoo_bootstrap
2025-10-01,33.40000153,35.20000076,33.20000076,33.79999924,332941155,0,1,33.62395757,yahoo_bootstrap
2025-10-02,36,36.5,35.04999924,36,465307876,0,1,35.8125,yahoo_bootstrap
2025-10-03,35.79999924,39.25,35.34999847,38.79999924,577862375,0,1,38.59791591,yahoo_bootstrap
2025-10-07,40.75,42.65000153,40.75,42.65000153,271727982,0,1,42.4278661,yahoo_bootstrap
2025-10-08,41.95000076,42.15000153,39.34999847,41.25,465592338,0,1,41.03515625,yahoo_bootstrap
2025-10-09,42.90000153,44.34999847,41.70000076,43.45000076,545408606,0,1,43.22369868,yahoo_bootstrap
2025-10-13,40.34999847,43.79999924,40.34999847,43,398243728,0,1,42.77604167,yahoo_bootstrap
2025-10-14,44.90000153,45.54999924,40.15000153,40.70000076,596430919,0,1,40.48802159,yahoo_bootstrap
2025-10-15,41.45000076,41.65000153,39.29999924,40,308233472,0,1,39.79166667,yahoo_bootstrap
2025-10-16,41.09999847,44,41.09999847,44,435729166,0,1,43.77083333,yahoo_bootstrap
2025-10-17,44,44.95000076,43.54999924,43.95000076,455366007,0,1,43.72109451,yahoo_bootstrap
2025-10-20,45.59999847,48,44.04999924,46.34999847,577538761,0,1,46.10859223,yahoo_bootstrap
2025-10-21,45.70000076,45.75,44.59999847,44.59999847,77179502,0,1,44.36770682,yahoo_bootstrap
2025-10-22,43.70000076,45.45000076,43.70000076,45.45000076,55498173,0,1,45.21328201,yahoo_bootstrap
2025-10-23,44.95000076,46.5,44.70000076,46.29999924,44843467,0,1,46.05885341,yahoo_bootstrap
2025-10-27,50.90000153,50.90000153,50.20000076,50.90000153,84707458,0,1,50.63489735,yahoo_bootstrap
2025-10-28,50.90000153,54.5,50.90000153,54,97233823,0,1,53.71875,yahoo_bootstrap
2025-10-29,54.40000153,54.5,51.90000153,54,70106713,0,1,53.71875,yahoo_bootstrap
2025-10-30,55.70000076,57,53.40000153,55.20000076,73330604,0,1,54.91250076,yahoo_bootstrap
2025-10-31,55.20000076,55.20000076,53.5,54.20000076,56070261,0,1,53.91770909,yahoo_bootstrap
2025-11-03,55.5,57.5,55.09999847,56.59999847,67864506,0,1,56.30520682,yahoo_bootstrap
2025-11-04,56.79999924,56.79999924,53,53.29999924,40870067,0,1,53.02239507,yahoo_bootstrap
2025-11-05,48.59999847,56,48.59999847,56,47673290,0,1,55.70833333,yahoo_bootstrap
2025-11-06,58.59999847,59,58,59,40500980,0,1,58.69270833,yahoo_bootstrap
2025-11-07,58.5,59.20000076,57.59999847,58.09999847,22639314,0,1,57.79739432,yahoo_bootstrap
2025-11-10,61.40000153,63.90000153,60.79999924,63.90000153,31555194,0,1,63.56718902,yahoo_bootstrap
2025-11-11,64.90000153,66.09999847,64.5,64.5,43024791,0,1,64.1640625,yahoo_bootstrap
2025-11-12,63.09999847,65.90000153,63,64.80000305,22985092,0,1,64.46250304,yahoo_bootstrap
2025-11-13,66,69.09999847,61.70000076,64.19999695,32168250,0,1,63.86562196,yahoo_bootstrap
2025-11-14,60,62.20000076,59.09999847,60.29999924,34236482,0,1,59.98593674,yahoo_bootstrap
2025-11-17,66.30000305,66.30000305,65.09999847,66.19999695,44855578,0,1,65.8552053,yahoo_bootstrap
2025-11-18,66.5,66.69999695,59.59999847,61.40000153,463949642,0,1,61.08020985,yahoo_bootstrap
2025-11-19,59.5,61.40000153,58.09999847,59.40000153,261729688,0,1,59.09062652,yahoo_bootstrap
2025-11-20,63.40000153,63.90000153,53.5,58,431032362,0,1,57.69791667,yahoo_bootstrap
2025-11-21,52.20000076,53.20000076,52.20000076,52.20000076,152253340,0,1,51.92812576,yahoo_bootstrap
2025-11-24,53,55.5,52.29999924,54.59999847,233007493,0,1,54.31562348,yahoo_bootstrap
2025-11-25,59.09999847,59.40000153,55.90000153,57.5,219027962,0,1,57.20052083,yahoo_bootstrap
2025-11-26,57,57.79999924,52.70000076,53.59999847,193897954,0,1,53.32083182,yahoo_bootstrap
2025-11-27,55.20000076,57,54.70000076,56.90000153,160460855,0,1,56.60364735,yahoo_bootstrap
2025-11-28,57.29999924,59.5,55.79999924,58,183626964,0,1,57.69791667,yahoo_bootstrap
2025-12-01,57.90000153,59,56.29999924,57.59999847,112786339,0,1,57.29999848,yahoo_bootstrap
2025-12-02,58.90000153,58.90000153,56.09999847,56.59999847,116317913,0,1,56.30520682,yahoo_bootstrap
2025-12-03,57.29999924,58.5,55.5,55.79999924,141991826,0,1,55.50937424,yahoo_bootstrap
2025-12-04,55,58.90000153,53.70000076,57.79999924,244160914,0,1,57.49895757,yahoo_bootstrap
2025-12-05,58.09999847,62.79999924,56.40000153,61.79999924,342364309,0,1,61.47812424,yahoo_bootstrap
2025-12-08,63.5,67.90000153,63.5,67.90000153,311165596,0,1,67.54635568,yahoo_bootstrap
2025-12-09,71,71.59999847,66.90000153,71.30000305,593228772,0,1,70.92864887,yahoo_bootstrap
2025-12-10,71,73.40000153,67.30000305,67.5,406047688,0,1,67.1484375,yahoo_bootstrap
2025-12-11,69.59999847,70.5,67.5,68.40000153,287478205,0,1,68.04375152,yahoo_bootstrap
2025-12-12,69.19999695,75.19999695,68.5,74.59999847,541392970,0,1,74.21145682,yahoo_bootstrap
2025-12-15,72,72.80000305,69,71.09999847,425943138,0,1,70.72968598,yahoo_bootstrap
2025-12-16,70,71.90000153,68.80000305,70.59999847,345979444,0,1,70.23229015,yahoo_bootstrap
2025-12-17,71.30000305,74.40000153,70.19999695,73.90000153,452634891,0,1,73.51510568,yahoo_bootstrap
2025-12-18,75,77.80000305,73.90000153,74.5,529721687,0,1,74.11197917,yahoo_bootstrap
2025-12-19,76.90000153,77.5,71.19999695,71.30000305,492854977,0,1,70.92864887,yahoo_bootstrap
2025-12-22,73.90000153,75,72.80000305,73.09999847,237733596,0,1,72.71926932,yahoo_bootstrap
2025-12-23,74,74.40000153,72.40000153,73,154581257,0,1,72.61979167,yahoo_bootstrap
2025-12-24,73.59999847,77.19999695,72.5,76.90000153,319929713,0,1,76.49948068,yahoo_bootstrap
2025-12-26,78,79.09999847,76,76.5,273384221,0,1,76.1015625,yahoo_bootstrap
2025-12-29,76.90000153,77.90000153,75.59999847,76.90000153,165844266,0,1,76.49948068,yahoo_bootstrap
2025-12-30,77.19999695,84.40000153,77.19999695,83.69999695,403355883,0,1,83.26405946,yahoo_bootstrap
2025-12-31,84.09999847,86.5,82.19999695,82.59999847,338827327,0,1,82.16979015,yahoo_bootstrap
2026-01-02,83.09999847,90.80000305,82.09999847,90.80000305,412664367,0,1,90.32708637,yahoo_bootstrap
2026-01-05,95,96.80000305,91.59999847,95.5,433233373,0,1,95.00260417,yahoo_bootstrap
2026-01-06,95.80000305,104.5,95,104,401519278,0,1,103.45833333,yahoo_bootstrap
2026-01-07,109,110.5,104.5,106.5,349333813,0,1,105.9453125,yahoo_bootstrap
2026-01-08,105.5,109.5,104,108.5,199305421,0,1,107.93489583,yahoo_bootstrap
2026-01-09,103.5,103.5,97.69999695,97.80000305,80826831,0,1,97.29062804,yahoo_bootstrap
2026-01-12,98.09999847,102.5,96.5,102,55473193,0,1,101.46875,yahoo_bootstrap
2026-01-13,104.5,104.5,98.5,99.80000305,41949387,0,1,99.28021137,yahoo_bootstrap
2026-01-14,99,100.5,99,99.80000305,23207546,0,1,99.28021137,yahoo_bootstrap
2026-01-15,99.80000305,100,99.09999847,99.19999695,22209895,0,1,98.6833303,yahoo_bootstrap
2026-01-16,102,108,100.5,106.5,50187737,0,1,105.9453125,yahoo_bootstrap
2026-01-19,115,117,115,116.5,53878993,0,1,115.89322917,yahoo_bootstrap
2026-01-20,105.5,114.5,105.5,113,50919746,0,1,112.41145833,yahoo_bootstrap
2026-01-21,112,112,103,105.5,63561383,0,1,104.95052083,yahoo_bootstrap
2026-01-22,113.5,113.5,104.5,104.5,56609929,0,1,103.95572917,yahoo_bootstrap
2026-01-23,107,107,99.40000153,103,48889584,0,1,102.46354167,yahoo_bootstrap
2026-01-26,107,113,107,113,58355135,0,1,112.41145833,yahoo_bootstrap
2026-01-27,113.5,120.5,110,115.5,278718118,0,1,114.8984375,yahoo_bootstrap
2026-01-28,120.5,127,120,127,181306216,0,1,126.33854167,yahoo_bootstrap
2026-01-29,133,136,124,130,387822875,0,1,129.32291667,yahoo_bootstrap
2026-01-30,132.5,136,128.5,128.5,248256361,0,1,127.83072917,yahoo_bootstrap
2026-02-02,121.5,122.5,116,116,162798671,0,1,115.39583333,yahoo_bootstrap
2026-02-03,123.5,123.5,104.5,105.5,446395429,0,1,104.95052083,yahoo_bootstrap
2026-02-04,105,111.5,104.5,108.5,208672622,0,1,107.93489583,yahoo_bootstrap
2026-02-05,102.5,107.5,101,102.5,145713292,0,1,101.96614583,yahoo_bootstrap
2026-02-06,100,102,95,97.80000305,231242639,0,1,97.29062804,yahoo_bootstrap
2026-02-09,106,107.5,101,107.5,153756321,0,1,106.94010417,yahoo_bootstrap
2026-02-10,108,109,102.5,103.5,197884652,0,1,102.9609375,yahoo_bootstrap
2026-02-11,101.5,109,101.5,105.5,201852742,0,1,104.95052083,yahoo_bootstrap
2026-02-23,114.5,116,112.5,115,170398493,0,1,114.40104167,yahoo_bootstrap
2026-02-24,115,123.5,113,122,247211557,0,1,121.36458333,yahoo_bootstrap
2026-02-25,122,124,115,118,168820084,0,1,117.38541667,yahoo_bootstrap
2026-02-26,119.5,124,116,122.5,179034587,0,1,121.86197917,yahoo_bootstrap
2026-03-02,115,127,115,124.5,154454824,0,1,123.8515625,yahoo_bootstrap
2026-03-03,125,125,112.5,112.5,187993914,0,1,111.9140625,yahoo_bootstrap
2026-03-04,106,109.5,102,104,180166754,0,1,103.45833333,yahoo_bootstrap
2026-03-05,113.5,114,109,112,164400380,0,1,111.41666667,yahoo_bootstrap
2026-03-06,110,113,105.5,106.5,121644964,0,1,105.9453125,yahoo_bootstrap
2026-03-09,95.90000153,101,95.90000153,101,166319493,0,1,100.47395833,yahoo_bootstrap
2026-03-10,108,109,101.5,105.5,162997237,0,1,104.95052083,yahoo_bootstrap
2026-03-11,109,115,107.5,114,180693023,0,1,113.40625,yahoo_bootstrap
2026-03-12,114.5,117.5,109,109,166186883,0,1,108.43229167,yahoo_bootstrap
2026-03-13,109,114.5,108,109,171591816,0,1,108.43229167,yahoo_bootstrap
2026-03-16,113.5,118,113,117,199547521,0,1,116.390625,yahoo_bootstrap
2026-03-17,121.5,126,119.5,123.5,234411445,0,1,122.85677083,yahoo_bootstrap
2026-03-18,129,129.5,120.5,128,294009796,0,1,127.33333333,yahoo_bootstrap
2026-03-19,123.5,125.5,120,122,196236526,0,1,121.36458333,yahoo_bootstrap
2026-03-20,124,124.5,110,110,333969259,0,1,109.42708333,yahoo_bootstrap
2026-03-23,103.5,109.5,103.5,107.5,146975829,0,1,106.94010417,yahoo_bootstrap
2026-03-24,109.5,109.5,97,99.5,219474874,0,1,98.98177083,yahoo_bootstrap
2026-03-25,99,103,98.09999847,98.19999695,197568906,0,1,97.68853863,yahoo_bootstrap
2026-03-26,100,104.5,96,96,187684038,0,1,95.5,yahoo_bootstrap
2026-03-27,90.19999695,92.40000153,87.19999695,92.40000153,156697189,0.5,1,92.40000153,yahoo_bootstrap
2026-03-30,91.19999695,96.80000305,90.59999847,93,151065269,0,1,93,yahoo_bootstrap
2026-03-31,88,95.5,85.19999695,90.19999695,246396898,0,1,90.19999695,yahoo_bootstrap
2026-04-01,97.09999847,97.19999695,91.30000305,93.09999847,204494213,0,1,93.09999847,yahoo_bootstrap
2026-04-02,96,97.59999847,91.80000305,91.80000305,182614532,0,1,91.80000305,yahoo_bootstrap
2026-04-07,95,95.80000305,89.09999847,89.40000153,168420585,0,1,89.40000153,yahoo_bootstrap
2026-04-08,93.09999847,95.80000305,92.19999695,95.59999847,170255203,0,1,95.59999847,yahoo_bootstrap
2026-04-09,96,96.19999695,90.30000305,91,133744895,0,1,91,yahoo_bootstrap
2026-04-10,93,97.5,92.30000305,93.5,165392603,0,1,93.5,yahoo_bootstrap
2026-04-13,93.80000305,95.19999695,91.5,94.40000153,95066611,0,1,94.40000153,yahoo_bootstrap
2026-04-14,96.80000305,98,93.5,93.5,166319361,0,1,93.5,yahoo_bootstrap
2026-04-15,95.59999847,96.59999847,90.09999847,90.19999695,126143808,0,1,90.19999695,yahoo_bootstrap
2026-04-16,90.59999847,90.90000153,88.30000305,89.59999847,110222111,0,1,89.59999847,yahoo_bootstrap
2026-04-17,90,90.69999695,86.80000305,87.80000305,118916574,0,1,87.80000305,yahoo_bootstrap
2026-04-20,87.5,88.40000153,83.80000305,85.69999695,162330262,0,1,85.69999695,yahoo_bootstrap
2026-04-21,88.09999847,92.80000305,88,91.09999847,184027211,0,1,91.09999847,yahoo_bootstrap
2026-04-22,91.5,91.5,88.90000153,90.59999847,93783269,0,1,90.59999847,yahoo_bootstrap
2026-04-23,93,93.40000153,84.30000305,87.80000305,169558383,0,1,87.80000305,yahoo_bootstrap
2026-04-24,88.59999847,88.90000153,84,88.19999695,121480957,0,1,88.19999695,yahoo_bootstrap
2026-04-27,89.80000305,95.59999847,89.09999847,93.90000153,267988012,0,1,93.90000153,yahoo_bootstrap
2026-04-28,95.30000305,96.90000153,93.5,95.5,218067493,0,1,95.5,yahoo_bootstrap
2026-04-29,94.5,96,92.09999847,92.69999695,129011903,0,1,92.69999695,yahoo_bootstrap
2026-04-30,94.19999695,94.59999847,88.80000305,89.80000305,114844011,0,1,89.80000305,yahoo_bootstrap
2026-05-04,91.90000153,98.40000153,91.09999847,95.40000153,196983547,0,1,95.40000153,yahoo_bootstrap
2026-05-05,96.80000305,100.5,96.59999847,98.80000305,194835806,0,1,98.80000305,yahoo_bootstrap
2026-05-06,108.5,108.5,104,108.5,238452458,0,1,108.5,yahoo_bootstrap
2026-05-07,113,117,106.5,114,336211456,0,1,114,yahoo_bootstrap
2026-05-08,111,115,103.5,107,172404054,0,1,107,yahoo_bootstrap
2026-05-11,115,117.5,113,117.5,160199413,0,1,117.5,yahoo_bootstrap
2026-05-12,118.5,123.5,116,121.5,314987398,0,1,121.5,yahoo_bootstrap
2026-05-13,117,122,115,122,132008605,0,1,122,yahoo_bootstrap
2026-05-14,127,134,124.5,134,415035169,0,1,134,yahoo_bootstrap
2026-05-15,132.5,136.5,127.5,129.5,346042628,0,1,129.5,yahoo_bootstrap
2026-05-18,126,134,119,130.5,191092652,0,1,130.5,yahoo_bootstrap
2026-05-19,125,127,117.5,117.5,182547420,0,1,117.5,yahoo_bootstrap
2026-05-20,117.5,119,112,115.5,149555448,0,1,115.5,yahoo_bootstrap
2026-05-21,120,122.5,113.5,114,208024328,0,1,114,yahoo_bootstrap
2026-05-22,116.5,125,115.5,125,190947918,0,1,125,yahoo_bootstrap
2026-05-25,120.5,133,119,128.5,355151055,0,1,128.5,yahoo_bootstrap
2026-05-26,133.5,141,133,141,331776431,0,1,141,yahoo_bootstrap
2026-05-27,155,155,146,155,435175038,0,1,155,yahoo_bootstrap
2026-05-28,151,156.5,142,144,355178736,0,1,144,yahoo_bootstrap
2026-05-29,155,158,151,158,246818638,0,1,158,yahoo_bootstrap
2026-06-01,168,173.5,166,168,291787237,0,1,168,yahoo_bootstrap
2026-06-02,174,184.5,171.5,184.5,267833818,0,1,184.5,yahoo_bootstrap
2026-06-03,188,193,177,177.5,326857110,0,1,177.5,yahoo_bootstrap
2026-06-04,175,188,175,179.5,225186549,0,1,179.5,yahoo_bootstrap
2026-06-05,169,172.5,162,162,223760723,0,1,162,yahoo_bootstrap
2026-06-08,146,157,146,154,177615934,0,1,154,yahoo_bootstrap
2026-06-09,160.5,161,153.5,156.5,201187040,0,1,156.5,yahoo_bootstrap
2026-06-10,152,163.5,148,149,183620313,0,1,149,yahoo_bootstrap
2026-06-11,154,162.5,149,156.5,235866654,0,1,156.5,yahoo_bootstrap
2026-06-12,169.5,172,166,172,210182598,0,1,172,yahoo_bootstrap
2026-06-15,179.5,189,175,189,226447543,0,1,189,yahoo_bootstrap
2026-06-16,198.5,201,191.5,197,351775125,0,1,197,yahoo_bootstrap
2026-06-17,195,199,186.5,199,223485557,0,1,199,yahoo_bootstrap
2026-06-18,203.5,218.5,201.5,218.5,334192828,0,1,218.5,yahoo_bootstrap
2026-06-22,229.5,233.5,219,222,398844926,0,1,222,yahoo_bootstrap
2026-06-23,219,222,205.5,211.5,259055229,0,1,211.5,yahoo_bootstrap
2026-06-24,208.5,217,201,205,246450870,0,1,205,yahoo_bootstrap
2026-06-25,219.5,222.5,211,219.5,225279506,0,1,219.5,yahoo_bootstrap
2026-06-26,220,225,203,206.5,251095011,0,1,206.5,yahoo_bootstrap
2026-06-29,209,212.5,201,203,148328628,0,1,203,yahoo_bootstrap
2026-06-30,209,210.5,197.5,207.5,214758456,0,1,207.5,yahoo_bootstrap
2026-07-01,207,207.5,188,190,226559570,0,1,190,yahoo_bootstrap
2026-07-02,176,186,176,183.5,161087169,0,1,183.5,yahoo_bootstrap
2026-07-03,180.5,188,177,184.5,139567309,0,1,184.5,yahoo_bootstrap
2026-07-06,191,200,183,183,161367756,0,1,183,yahoo_bootstrap
2026-07-07,184,186,172,174,139511792,0,1,174,yahoo_bootstrap
2026-07-08,177.5,181.5,165,168.5,144149101,0,1,168.5,yahoo_bootstrap
2026-07-09,173.5,184,170,176.5,157519173,0,1,176.5,yahoo_bootstrap
2026-07-10,176.5,176.5,176.5,176.5,0,0,1,176.5,yahoo_bootstrap
2026-07-13,181.5,183,166,167,147361888,0,1,167,yahoo_bootstrap
2026-07-14,170,172.5,156,164.5,133967594,0,1,164.5,yahoo_bootstrap
2026-07-15,175.5,180.5,173.5,180.5,93992314,0,1,180.5,yahoo_bootstrap
2026-07-16,176,180.5,171,172,149041282,0,1,172,yahoo_bootstrap
2026-07-17,159.5,162.5,155,155,107329072,0,1,155,yahoo_bootstrap
2026-07-20,155,157,146,151,106235090,0,1,151,yahoo_bootstrap
2026-07-21,156,158,152,155.5,103510503,0,1,155.5,yahoo_bootstrap
2026-07-22,165,171,164.5,171,95243145,0,1,171,yahoo_bootstrap
2026-07-23,172,172,157,161,156338876,0,1,161,yahoo_bootstrap
2026-07-24,158.5,164,153.5,154.5,134075464,0,1,154.5,yahoo_bootstrap
2026-07-27,155,161,150,160,109653338,0,1,160,yahoo_daily
2026-07-28,144,147,144,144,66979775,0,1,144,yahoo_daily
2026-07-29,137,137.5,130,130,81127552,0,1,130,yahoo_daily
2026-07-30,123.5,133,117,118.5,206938248,0,1,118.5,yahoo_daily
2026-07-31,130,130,130,130,17621531,0,1,130,yahoo_daily
2026-08-03,134,143,133.5,143,76959170,0,1,143,yahoo_daily
2026-08-04,145,157,144,157,120497613,0,1,157,yahoo_daily
2026-08-05,167,172.5,164.5,169,226250751,0,1,169,yahoo_daily
2026-08-06,165.5,173,162,171,183981432,0,1,171,yahoo_daily
2026-08-07,170,170.5,160.5,163.5,174570426,0,1,163.5,yahoo_daily
2026-08-10,169,179.5,168.5,179.5,152302514,0,1,179.5,yahoo_daily
2026-08-11,178,181,172.5,178,193341844,0,1,178,yahoo_daily
2026-08-12,186.5,193,174.5,177,205042570,0,1,177,yahoo_daily
2026-08-13,183,185,177,177,225611977,0,1,177,yahoo_daily
2026-08-14,183,191,180.5,183.5,235495660,0,1,183.5,yahoo_daily
2026-08-17,185.5,190,181.5,181.5,127288594,0,1,181.5,yahoo_daily
2026-08-18,186,192,176,176.5,181363996,0,1,176.5,yahoo_daily
2026-08-19,167,169.5,165,168,108762105,0,1,168,yahoo_daily
2026-08-20,174,180.5,172,176.5,148615065,0,1,176.5,yahoo_daily
2026-08-21,176,182,174.5,181,113013293,0,1,181,yahoo_daily
2026-08-24,179.5,184.5,175.5,177,98368002,0,1,177,yahoo_daily
2026-08-25,172,179,168.5,179,92077564,0,1,179,yahoo_daily
2026-08-26,179.5,182.5,178,181.5,85543492,0,1,181.5,yahoo_daily
