date,open,high,low,close,volume,dividend,split_factor,adjusted_close,source
2021-08-26,24.25,24.25,23.89999962,24.14999962,7308502,0,1,19.96434938,yahoo_bootstrap
2021-08-27,24.20000076,24.29999924,24.04999924,24.20000076,3912498,0,1,20.00568438,yahoo_bootstrap
2021-08-30,24.29999924,24.35000038,23.95000076,24.35000038,5582839,0,1,20.12968624,yahoo_bootstrap
2021-08-31,24.29999924,24.35000038,24.04999924,24.29999924,7616197,0,1,20.08835124,yahoo_bootstrap
2021-09-01,24.10000038,24.35000038,24.10000038,24.35000038,5093895,0,1,20.12968624,yahoo_bootstrap
2021-09-02,24.35000038,24.39999962,24.20000076,24.35000038,5509613,0,1,20.12968624,yahoo_bootstrap
2021-09-03,24.39999962,24.45000076,24.20000076,24.45000076,6602563,0,1,20.21235466,yahoo_bootstrap
2021-09-06,24.5,24.5,24.14999962,24.14999962,4874885,0,1,19.96434938,yahoo_bootstrap
2021-09-07,24.20000076,24.75,24.14999962,24.75,10375931,0,1,20.46035838,yahoo_bootstrap
2021-09-08,24.75,24.75,24.14999962,24.45000076,7498598,0,1,20.21235466,yahoo_bootstrap
2021-09-09,24.35000038,24.54999924,24.25,24.5,5479056,0,1,20.25368809,yahoo_bootstrap
2021-09-10,24.5,24.54999924,24.35000038,24.54999924,3754274,0,1,20.29502152,yahoo_bootstrap
2021-09-13,24.54999924,24.70000076,24.35000038,24.70000076,6086167,0,1,20.41902495,yahoo_bootstrap
2021-09-14,24.70000076,24.79999924,24.60000038,24.64999962,5756886,0,1,20.37768995,yahoo_bootstrap
2021-09-15,24.64999962,24.95000076,24.54999924,24.85000038,8573955,0,1,20.54302681,yahoo_bootstrap
2021-09-16,24.85000038,24.95000076,24.60000038,24.89999962,5256582,0,1,20.58436024,yahoo_bootstrap
2021-09-17,24.89999962,24.89999962,24.70000076,24.89999962,11154186,0,1,20.58436024,yahoo_bootstrap
2021-09-22,24.60000038,25.39999962,24.5,25.39999962,20056494,0,1,20.99770081,yahoo_bootstrap
2021-09-23,25.75,26.29999924,25.45000076,25.5,21488921,0,1,21.08036924,yahoo_bootstrap
2021-09-24,25.79999924,25.89999962,25.64999962,25.75,18049085,0,1,21.28703953,yahoo_bootstrap
2021-09-27,26,26.25,25.89999962,26.10000038,18211224,0,1,21.57637824,yahoo_bootstrap
2021-09-28,26.10000038,26.39999962,26,26.39999962,16676577,0,1,21.82438196,yahoo_bootstrap
2021-09-29,26.14999962,26.20000076,25.79999924,26,16220372,0,1,21.49370981,yahoo_bootstrap
2021-09-30,25.79999924,25.95000076,25.45000076,25.79999924,11239699,0,1,21.32837296,yahoo_bootstrap
2021-10-01,25.5,25.70000076,25.14999962,25.54999924,11284846,0,1,21.12170267,yahoo_bootstrap
2021-10-04,25.75,26,25.54999924,25.85000038,12562858,0,1,21.36970796,yahoo_bootstrap
2021-10-05,25.79999924,25.89999962,25.60000038,25.75,7303021,0,1,21.28703953,yahoo_bootstrap
2021-10-06,25.85000038,26.20000076,25.79999924,26.20000076,17559067,0,1,21.65904667,yahoo_bootstrap
2021-10-07,26.39999962,26.79999924,26.29999924,26.29999924,21350822,0,1,21.74171353,yahoo_bootstrap
2021-10-08,26.29999924,26.79999924,26.29999924,26.70000076,18261659,0,1,22.07238724,yahoo_bootstrap
2021-10-12,26.39999962,26.89999962,26.29999924,26.64999962,14124339,0,1,22.03105224,yahoo_bootstrap
2021-10-13,26.70000076,26.79999924,26.45000076,26.5,8947081,0,1,21.90705039,yahoo_bootstrap
2021-10-14,26.70000076,26.79999924,26.39999962,26.5,5093736,0,1,21.90705039,yahoo_bootstrap
2021-10-15,26.70000076,26.75,26.35000038,26.54999924,8624009,0,1,21.94838382,yahoo_bootstrap
2021-10-18,26.54999924,26.60000038,26.39999962,26.45000076,7382523,0,1,21.86571696,yahoo_bootstrap
2021-10-19,26.39999962,26.5,26,26.20000076,9887065,0,1,21.65904667,yahoo_bootstrap
2021-10-20,26.35000038,26.70000076,26.20000076,26.45000076,10482161,0,1,21.86571696,yahoo_bootstrap
2021-10-21,26.5,26.60000038,26.35000038,26.35000038,12374330,0,1,21.78304853,yahoo_bootstrap
2021-10-22,26.54999924,26.95000076,26.39999962,26.89999962,19059285,0,1,22.23772253,yahoo_bootstrap
2021-10-25,26.89999962,26.89999962,26.64999962,26.75,5246926,0,1,22.11372067,yahoo_bootstrap
2021-10-26,26.79999924,26.85000038,26.54999924,26.79999924,5996216,0,1,22.1550541,yahoo_bootstrap
2021-10-27,26.79999924,26.95000076,26.64999962,26.95000076,6935713,0,1,22.27905753,yahoo_bootstrap
2021-10-28,26.95000076,26.95000076,26.75,26.89999962,3518787,0,1,22.23772253,yahoo_bootstrap
2021-10-29,26.89999962,26.89999962,26.35000038,26.54999924,6533720,0,1,21.94838382,yahoo_bootstrap
2021-11-01,26.60000038,26.70000076,26.35000038,26.54999924,4730745,0,1,21.94838382,yahoo_bootstrap
2021-11-02,26.75,26.75,26.45000076,26.60000038,5395620,0,1,21.98971882,yahoo_bootstrap
2021-11-03,26.60000038,26.64999962,26.20000076,26.25,4567942,0,1,21.7003801,yahoo_bootstrap
2021-11-04,26.20000076,26.60000038,26.04999924,26.54999924,6236966,0,1,21.94838382,yahoo_bootstrap
2021-11-05,26.39999962,26.5,26.20000076,26.5,4678541,0,1,21.90705039,yahoo_bootstrap
2021-11-08,26.29999924,26.45000076,26.25,26.45000076,3928276,0,1,21.86571696,yahoo_bootstrap
2021-11-09,26.25,26.29999924,26,26.29999924,6564374,0,1,21.74171353,yahoo_bootstrap
2021-11-10,26.29999924,26.35000038,26,26.35000038,7087607,0,1,21.78304853,yahoo_bootstrap
2021-11-11,26.35000038,26.39999962,26.04999924,26.39999962,5775995,0,1,21.82438196,yahoo_bootstrap
2021-11-12,26.39999962,26.60000038,26.25,26.5,4619167,0,1,21.90705039,yahoo_bootstrap
2021-11-15,26.60000038,26.70000076,26.45000076,26.64999962,8486150,0,1,22.03105224,yahoo_bootstrap
2021-11-16,26.75,27,26.75,27,13963375,0,1,22.32039096,yahoo_bootstrap
2021-11-17,27.04999924,27.10000038,26.64999962,26.85000038,7389881,0,1,22.1963891,yahoo_bootstrap
2021-11-18,26.79999924,26.79999924,26.25,26.45000076,7138621,0,1,21.86571696,yahoo_bootstrap
2021-11-19,26.45000076,26.45000076,26.10000038,26.10000038,4927573,0,1,21.57637824,yahoo_bootstrap
2021-11-22,26.10000038,26.20000076,25.95000076,26.10000038,4063517,0,1,21.57637824,yahoo_bootstrap
2021-11-23,26.04999924,26.14999962,25.70000076,25.79999924,8752357,0,1,21.32837296,yahoo_bootstrap
2021-11-24,25.75,26.04999924,25.75,25.95000076,4151743,0,1,21.45237638,yahoo_bootstrap
2021-11-25,26.10000038,26.10000038,25.85000038,26,3780387,0,1,21.49370981,yahoo_bootstrap
2021-11-26,26,26.10000038,25.70000076,25.79999924,4562918,0,1,21.32837296,yahoo_bootstrap
2021-11-29,25.70000076,26.14999962,25.5,26.04999924,6343753,0,1,21.53504324,yahoo_bootstrap
2021-11-30,26.20000076,26.45000076,25.79999924,25.79999924,19426125,0,1,21.32837296,yahoo_bootstrap
2021-12-01,25.79999924,26.29999924,25.79999924,26.25,5355107,0,1,21.7003801,yahoo_bootstrap
2021-12-02,25.45000076,25.85000038,25.20000076,25.54999924,23317432,0,1,21.12170267,yahoo_bootstrap
2021-12-03,25.45000076,25.79999924,25.25,25.64999962,8564818,0,1,21.2043711,yahoo_bootstrap
2021-12-06,25.45000076,25.89999962,25.35000038,25.54999924,8463233,0,1,21.12170267,yahoo_bootstrap
2021-12-07,25.54999924,25.75,25.39999962,25.64999962,7406697,0,1,21.2043711,yahoo_bootstrap
2021-12-08,25.64999962,25.70000076,25.45000076,25.45000076,8034294,0,1,21.03903581,yahoo_bootstrap
2021-12-09,25.5,25.75,25.5,25.64999962,4311815,0,1,21.2043711,yahoo_bootstrap
2021-12-10,25.60000038,25.75,25.5,25.54999924,7167387,0,1,21.12170267,yahoo_bootstrap
2021-12-13,25.54999924,25.75,25.54999924,25.70000076,3096805,0,1,21.2457061,yahoo_bootstrap
2021-12-14,25.60000038,25.70000076,25.5,25.5,3919321,0,1,21.08036924,yahoo_bootstrap
2021-12-15,25.5,25.54999924,25.29999924,25.29999924,4119512,0,1,20.91503238,yahoo_bootstrap
2021-12-16,25.35000038,25.5,25.20000076,25.5,4520834,0,1,21.08036924,yahoo_bootstrap
2021-12-17,25.5,25.5,25.04999924,25.29999924,11049208,0,1,20.91503238,yahoo_bootstrap
2021-12-20,25.04999924,25.10000038,24.64999962,24.95000076,12310015,0,1,20.62569524,yahoo_bootstrap
2021-12-21,24.75,25.10000038,24.70000076,24.95000076,7911513,0,1,20.62569524,yahoo_bootstrap
2021-12-22,25,25.14999962,24.79999924,24.89999962,5923702,0,1,20.58436024,yahoo_bootstrap
2021-12-23,25.10000038,25.10000038,24.79999924,24.85000038,6373647,0,1,20.54302681,yahoo_bootstrap
2021-12-24,24.95000076,25,24.89999962,25,2099992,0,1,20.66702867,yahoo_bootstrap
2021-12-27,25.04999924,25.04999924,24.85000038,25,3162985,0,1,20.66702867,yahoo_bootstrap
2021-12-28,25,25.04999924,24.89999962,25,3334112,0,1,20.66702867,yahoo_bootstrap
2021-12-29,25,25.10000038,24.89999962,25.04999924,2983070,0,1,20.7083621,yahoo_bootstrap
2021-12-30,25.04999924,25.10000038,24.95000076,24.95000076,3238481,0,1,20.62569524,yahoo_bootstrap
2022-01-03,25.04999924,25.20000076,25,25,3286694,0,1,20.66702867,yahoo_bootstrap
2022-01-04,25,25.10000038,25,25,3712230,0,1,20.66702867,yahoo_bootstrap
2022-01-05,24.95000076,25,24.75,24.75,6868815,0,1,20.46035838,yahoo_bootstrap
2022-01-06,24.79999924,25.10000038,24.70000076,25.10000038,5607909,0,1,20.7496971,yahoo_bootstrap
2022-01-07,25.14999962,25.20000076,24.89999962,24.95000076,5209945,0,1,20.62569524,yahoo_bootstrap
2022-01-10,24.95000076,25.45000076,24.85000038,25.45000076,6649503,0,1,21.03903581,yahoo_bootstrap
2022-01-11,25.5,25.54999924,25.10000038,25.25,5274056,0,1,20.87369895,yahoo_bootstrap
2022-01-12,25.25,25.29999924,25.04999924,25.20000076,2931395,0,1,20.83236552,yahoo_bootstrap
2022-01-13,25.20000076,25.39999962,25.10000038,25.39999962,5005804,0,1,20.99770081,yahoo_bootstrap
2022-01-14,25.35000038,25.35000038,24.95000076,25,6746676,0,1,20.66702867,yahoo_bootstrap
2022-01-17,24.95000076,25.10000038,24.85000038,24.95000076,6014276,0,1,20.62569524,yahoo_bootstrap
2022-01-18,25.14999962,25.29999924,25.10000038,25.14999962,4247923,0,1,20.79103052,yahoo_bootstrap
2022-01-19,25.10000038,25.29999924,25.10000038,25.14999962,5135696,0,1,20.79103052,yahoo_bootstrap
2022-01-20,25.29999924,25.5,25.20000076,25.45000076,4736913,0,1,21.03903581,yahoo_bootstrap
2022-01-21,25.20000076,25.54999924,25,25.14999962,15745964,0,1,20.79103052,yahoo_bootstrap
2022-01-24,25.14999962,25.5,25.10000038,25.45000076,8648336,0,1,21.03903581,yahoo_bootstrap
2022-01-25,25.04999924,25.5,25,25.45000076,8864408,0,1,21.03903581,yahoo_bootstrap
2022-01-26,25.39999962,25.70000076,25.14999962,25.20000076,5630225,0,1,20.83236552,yahoo_bootstrap
2022-02-07,25.35000038,25.5,25.14999962,25.39999962,6406749,0,1,20.99770081,yahoo_bootstrap
2022-02-08,25.39999962,25.64999962,25.29999924,25.5,5155584,0,1,21.08036924,yahoo_bootstrap
2022-02-09,25.5,25.89999962,25.5,25.85000038,6263057,0,1,21.36970796,yahoo_bootstrap
2022-02-10,25.95000076,25.95000076,25.64999962,25.89999962,4321949,0,1,21.41104138,yahoo_bootstrap
2022-02-11,25.75,25.89999962,25.64999962,25.79999924,3614093,0,1,21.32837296,yahoo_bootstrap
2022-02-14,25.60000038,25.64999962,25.20000076,25.39999962,6939785,0,1,20.99770081,yahoo_bootstrap
2022-02-15,25.39999962,25.54999924,25.20000076,25.20000076,6405978,0,1,20.83236552,yahoo_bootstrap
2022-02-16,25.5,25.75,25.35000038,25.70000076,5953529,0,1,21.2457061,yahoo_bootstrap
2022-02-17,25.89999962,25.89999962,25.60000038,25.85000038,5194676,0,1,21.36970796,yahoo_bootstrap
2022-02-18,25.5,25.85000038,25.5,25.70000076,3341788,0,1,21.2457061,yahoo_bootstrap
2022-02-21,25.60000038,25.89999962,25.54999924,25.70000076,4377408,0,1,21.2457061,yahoo_bootstrap
2022-02-22,25.75,25.95000076,25.39999962,25.95000076,8091021,0,1,21.45237638,yahoo_bootstrap
2022-02-23,25.89999962,26.04999924,25.70000076,25.79999924,5351527,0,1,21.32837296,yahoo_bootstrap
2022-02-24,25.75,25.75,25.29999924,25.45000076,10264972,0,1,21.03903581,yahoo_bootstrap
2022-02-25,25.45000076,25.79999924,25.29999924,25.64999962,11880863,0,1,21.2043711,yahoo_bootstrap
2022-03-01,25.70000076,25.95000076,25.5,25.95000076,6569133,0,1,21.45237638,yahoo_bootstrap
2022-03-02,25.89999962,26,25.64999962,25.85000038,5090261,0,1,21.36970796,yahoo_bootstrap
2022-03-03,25.95000076,26,25.75,25.85000038,3927822,0,1,21.36970796,yahoo_bootstrap
2022-03-04,25.54999924,25.60000038,25.25,25.29999924,7682801,0,1,20.91503238,yahoo_bootstrap
2022-03-07,25.04999924,25.25,24.54999924,24.79999924,15236122,0,1,20.50169181,yahoo_bootstrap
2022-03-08,24.79999924,24.89999962,24.60000038,24.64999962,10491811,0,1,20.37768995,yahoo_bootstrap
2022-03-09,24.79999924,24.95000076,24.70000076,24.75,4289516,0,1,20.46035838,yahoo_bootstrap
2022-03-10,24.85000038,25.14999962,24.85000038,25.04999924,4387737,0,1,20.7083621,yahoo_bootstrap
2022-03-11,25.04999924,25.14999962,24.95000076,25.14999962,2168096,0,1,20.79103052,yahoo_bootstrap
2022-03-14,25.14999962,25.29999924,24.95000076,25.10000038,3550596,0,1,20.7496971,yahoo_bootstrap
2022-03-15,25.10000038,25.10000038,24.89999962,25.04999924,4468199,0,1,20.7083621,yahoo_bootstrap
2022-03-16,24.89999962,25.10000038,24.60000038,25.04999924,9920521,0,1,20.7083621,yahoo_bootstrap
2022-03-17,25.45000076,25.45000076,24.89999962,25.04999924,9325316,0,1,20.7083621,yahoo_bootstrap
2022-03-18,25.10000038,25.20000076,24.95000076,25,14563026,0,1,20.66702867,yahoo_bootstrap
2022-03-21,24.95000076,25.29999924,24.95000076,25.20000076,4705663,0,1,20.83236552,yahoo_bootstrap
2022-03-22,25.10000038,25.14999962,24.85000038,25,6815156,0,1,20.66702867,yahoo_bootstrap
2022-03-23,25.14999962,25.14999962,24.95000076,25.04999924,4980989,0,1,20.7083621,yahoo_bootstrap
2022-03-24,25,25.04999924,24.89999962,25,3609158,0,1,20.66702867,yahoo_bootstrap
2022-03-25,24.89999962,25.29999924,24.89999962,25.29999924,5387196,0,1,20.91503238,yahoo_bootstrap
2022-03-28,25,25.14999962,24.85000038,25.10000038,5663138,0,1,20.7496971,yahoo_bootstrap
2022-03-29,25.10000038,25.14999962,24.85000038,24.85000038,6918370,0,1,20.54302681,yahoo_bootstrap
2022-03-30,24.85000038,24.95000076,24.75,24.79999924,8494344,0,1,20.50169181,yahoo_bootstrap
2022-03-31,24.95000076,24.95000076,24.70000076,24.70000076,6726866,0,1,20.41902495,yahoo_bootstrap
2022-04-01,24.60000038,24.85000038,24.54999924,24.85000038,5794767,0,1,20.54302681,yahoo_bootstrap
2022-04-06,24.75,25,24.54999924,24.89999962,7553482,0,1,20.58436024,yahoo_bootstrap
2022-04-07,24.60000038,24.85000038,24.54999924,24.54999924,10524914,0,1,20.29502152,yahoo_bootstrap
2022-04-08,24.64999962,24.95000076,24.54999924,24.79999924,6479834,0,1,20.50169181,yahoo_bootstrap
2022-04-11,24.95000076,25,24.60000038,24.85000038,7611061,0,1,20.54302681,yahoo_bootstrap
2022-04-12,24.79999924,25.04999924,24.79999924,24.79999924,9220114,0,1,20.50169181,yahoo_bootstrap
2022-04-13,25.10000038,25.45000076,24.95000076,25.39999962,8214953,0,1,20.99770081,yahoo_bootstrap
2022-04-14,25.39999962,25.54999924,25.25,25.54999924,6585261,0,1,21.12170267,yahoo_bootstrap
2022-04-15,25.45000076,25.5,25.14999962,25.35000038,5408474,0,1,20.95636738,yahoo_bootstrap
2022-04-18,25.20000076,25.5,25.10000038,25.39999962,5595370,0,1,20.99770081,yahoo_bootstrap
2022-04-19,25.5,25.54999924,25.25,25.39999962,4143928,0,1,20.99770081,yahoo_bootstrap
2022-04-20,25.35000038,25.5,25.20000076,25.20000076,7464889,0,1,20.83236552,yahoo_bootstrap
2022-04-21,25.25,25.35000038,25.04999924,25.25,5144832,0,1,20.87369895,yahoo_bootstrap
2022-04-22,25.10000038,25.25,24.89999962,25.10000038,6201386,0,1,20.7496971,yahoo_bootstrap
2022-04-25,24.75,25,24.60000038,24.79999924,8219085,0,1,20.50169181,yahoo_bootstrap
2022-04-26,24.75,25.29999924,24.75,25.25,4653407,0,1,20.87369895,yahoo_bootstrap
2022-04-27,25,25.20000076,24.79999924,24.89999962,6696190,0,1,20.58436024,yahoo_bootstrap
2022-04-28,24.89999962,25.10000038,24.70000076,24.85000038,5532218,0,1,20.54302681,yahoo_bootstrap
2022-04-29,24.89999962,25.39999962,24.89999962,25.39999962,6225416,0,1,20.99770081,yahoo_bootstrap
2022-05-03,25.39999962,25.5,25.10000038,25.35000038,4106770,0,1,20.95636738,yahoo_bootstrap
2022-05-04,25.39999962,25.79999924,25.25,25.60000038,6617207,0,1,21.16303767,yahoo_bootstrap
2022-05-05,25.75,25.89999962,25.60000038,25.89999962,5944886,0,1,21.41104138,yahoo_bootstrap
2022-05-06,25.39999962,25.89999962,25.39999962,25.79999924,7218011,0,1,21.32837296,yahoo_bootstrap
2022-05-09,25.39999962,25.89999962,25.35000038,25.85000038,8908218,0,1,21.36970796,yahoo_bootstrap
2022-05-10,25.75,25.85000038,25.39999962,25.85000038,10170952,0,1,21.36970796,yahoo_bootstrap
2022-05-11,25.79999924,25.85000038,25.29999924,25.79999924,8583459,0,1,21.32837296,yahoo_bootstrap
2022-05-12,25.60000038,25.60000038,24.95000076,25.20000076,8074013,0,1,20.83236552,yahoo_bootstrap
2022-05-13,25.39999962,25.60000038,25.20000076,25.39999962,8742134,0,1,20.99770081,yahoo_bootstrap
2022-05-16,25.70000076,26.45000076,25.54999924,26.45000076,17307790,0,1,21.86571696,yahoo_bootstrap
2022-05-17,26.20000076,26.39999962,25.85000038,26,10477331,0,1,21.49370981,yahoo_bootstrap
2022-05-18,25.85000038,26.35000038,25.75,26.20000076,9040556,0,1,21.65904667,yahoo_bootstrap
2022-05-19,25.85000038,26.20000076,25.79999924,26.14999962,6109850,0,1,21.61771167,yahoo_bootstrap
2022-05-20,26.29999924,26.29999924,25.75,25.95000076,6407083,0,1,21.45237638,yahoo_bootstrap
2022-05-23,26,26,25.60000038,25.60000038,4672591,0,1,21.16303767,yahoo_bootstrap
2022-05-24,25.54999924,25.70000076,25.29999924,25.39999962,5768308,0,1,20.99770081,yahoo_bootstrap
2022-05-25,25.5,25.95000076,25.25,25.64999962,6714793,0,1,21.2043711,yahoo_bootstrap
2022-05-26,25.89999962,25.95000076,25.60000038,25.89999962,6098777,0,1,21.41104138,yahoo_bootstrap
2022-05-27,25.89999962,26.10000038,25.60000038,25.70000076,7636239,0,1,21.2457061,yahoo_bootstrap
2022-05-30,25.85000038,26.14999962,25.75,26.14999962,8804116,0,1,21.61771167,yahoo_bootstrap
2022-05-31,25.89999962,25.95000076,25.75,25.79999924,46298063,0,1,21.32837296,yahoo_bootstrap
2022-06-01,25.64999962,25.79999924,25.39999962,25.54999924,7204720,0,1,21.12170267,yahoo_bootstrap
2022-06-02,25.35000038,25.70000076,25.29999924,25.5,5303137,0,1,21.08036924,yahoo_bootstrap
2022-06-06,25.79999924,26.10000038,25.45000076,26.10000038,9017888,0,1,21.57637824,yahoo_bootstrap
2022-06-07,25.85000038,26,25.70000076,25.85000038,8027012,0,1,21.36970796,yahoo_bootstrap
2022-06-08,25.85000038,26.04999924,25.75,26.04999924,4860956,0,1,21.53504324,yahoo_bootstrap
2022-06-09,26,26.04999924,25.75,25.75,4335687,0,1,21.28703953,yahoo_bootstrap
2022-06-10,25.5,25.64999962,25.39999962,25.45000076,4252318,0,1,21.03903581,yahoo_bootstrap
2022-06-13,25.14999962,25.60000038,25,25.45000076,8979381,0,1,21.03903581,yahoo_bootstrap
2022-06-14,25.39999962,25.85000038,25.20000076,25.85000038,6767065,0,1,21.36970796,yahoo_bootstrap
2022-06-15,25.60000038,25.85000038,25.25,25.29999924,8158578,0,1,20.91503238,yahoo_bootstrap
2022-06-16,25.64999962,25.64999962,25.29999924,25.29999924,6174664,0,1,20.91503238,yahoo_bootstrap
2022-06-17,25.04999924,25.25,24.70000076,25.14999962,17880867,0,1,20.79103052,yahoo_bootstrap
2022-06-20,24.95000076,25.25,24.60000038,24.70000076,15299338,0,1,20.41902495,yahoo_bootstrap
2022-06-21,25.04999924,25.14999962,24.70000076,24.95000076,11092473,0,1,20.62569524,yahoo_bootstrap
2022-06-22,25.10000038,25.14999962,24.75,24.79999924,12011043,0,1,20.50169181,yahoo_bootstrap
2022-06-23,25,25.20000076,24.75,24.85000038,12209612,0,1,20.54302681,yahoo_bootstrap
2022-06-24,25.20000076,25.25,25,25.14999962,3951465,0,1,20.79103052,yahoo_bootstrap
2022-06-27,25.29999924,25.5,25.25,25.39999962,4509318,0,1,20.99770081,yahoo_bootstrap
2022-06-28,25.45000076,25.60000038,25.35000038,25.45000076,4039637,0,1,21.03903581,yahoo_bootstrap
2022-06-29,25.5,25.5,25.04999924,25.25,5075501,0,1,20.87369895,yahoo_bootstrap
2022-06-30,25.39999962,25.39999962,24.89999962,25.14999962,10240577,0,1,20.79103052,yahoo_bootstrap
2022-07-01,25.10000038,25.29999924,24.60000038,24.75,8448319,0,1,20.46035838,yahoo_bootstrap
2022-07-04,24.45000076,25.04999924,24.29999924,24.64999962,6460043,0,1,20.37768995,yahoo_bootstrap
2022-07-05,25.10000038,25.10000038,24.5,24.75,4551016,0,1,20.46035838,yahoo_bootstrap
2022-07-06,24.79999924,24.79999924,24.10000038,24.10000038,7566612,0,1,19.92301595,yahoo_bootstrap
2022-07-07,24.10000038,24.25,23.85000038,24,9218348,0,1,19.84034752,yahoo_bootstrap
2022-07-08,23.89999962,24.10000038,23.75,24,4453473,0,1,19.84034752,yahoo_bootstrap
2022-07-11,24.14999962,24.5,24,24.10000038,9966452,0,1,19.92301595,yahoo_bootstrap
2022-07-12,24,24,23.35000038,23.70000076,10816309,0,1,19.5923438,yahoo_bootstrap
2022-07-13,23.89999962,24.5,23.85000038,24,16119176,0,1,19.84034752,yahoo_bootstrap
2022-07-14,22.89999962,23.20000076,22.60000038,22.70000076,15494072,1.4,1,19.92813734,yahoo_bootstrap
2022-07-15,22.70000076,22.79999924,22.29999924,22.45000076,11726062,0,1,19.70866446,yahoo_bootstrap
2022-07-18,22.45000076,22.5,22.04999924,22.20000076,11348084,0,1,19.48919159,yahoo_bootstrap
2022-07-19,22.20000076,22.39999962,22.04999924,22.39999962,4472631,0,1,19.66476889,yahoo_bootstrap
2022-07-20,22.60000038,22.75,22.5,22.54999924,5567575,0,1,19.79645228,yahoo_bootstrap
2022-07-21,22.70000076,22.89999962,22.5,22.75,6038659,0,1,19.97203124,yahoo_bootstrap
2022-07-22,22.79999924,23,22.70000076,22.95000076,5897892,0,1,20.14761021,yahoo_bootstrap
2022-07-25,22.95000076,23.39999962,22.79999924,23.29999924,4067644,0,1,20.45487089,yahoo_bootstrap
2022-07-26,23.14999962,23.25,22.75,23,5853909,0,1,20.19150411,yahoo_bootstrap
2022-07-27,23.14999962,23.45000076,23,23.39999962,4639560,0,1,20.54266037,yahoo_bootstrap
2022-07-28,23.54999924,23.70000076,23.39999962,23.60000038,4576205,0,1,20.71823934,yahoo_bootstrap
2022-07-29,23.79999924,23.79999924,23.5,23.70000076,6418419,0,1,20.80602882,yahoo_bootstrap
2022-08-01,23.70000076,23.89999962,23.39999962,23.70000076,5965969,0,1,20.80602882,yahoo_bootstrap
2022-08-02,23.39999962,24,23.39999962,23.75,6284983,0,1,20.84992273,yahoo_bootstrap
2022-08-03,23.70000076,24.20000076,23.60000038,24.10000038,6031532,0,1,21.15718508,yahoo_bootstrap
2022-08-04,23.89999962,24.20000076,23.79999924,24.04999924,4403253,0,1,21.1132895,yahoo_bootstrap
2022-08-05,24.20000076,24.39999962,24.04999924,24.14999962,5786101,0,1,21.20107899,yahoo_bootstrap
2022-08-08,24.20000076,24.29999924,24,24.20000076,3727088,0,1,21.24497456,yahoo_bootstrap
2022-08-09,24.14999962,24.5,24.10000038,24.45000076,4730891,0,1,21.46444743,yahoo_bootstrap
2022-08-10,24.25,24.54999924,24.20000076,24.20000076,6310987,0,1,21.24497456,yahoo_bootstrap
2022-08-11,24.70000076,24.70000076,24.14999962,24.54999924,7352684,0,1,21.55223525,yahoo_bootstrap
2022-08-12,24.5,24.70000076,24.29999924,24.5,5541109,0,1,21.50834134,yahoo_bootstrap
2022-08-15,24.20000076,24.39999962,23.95000076,24.14999962,8059873,0,1,21.20107899,yahoo_bootstrap
2022-08-16,24,24.39999962,23.95000076,24.14999962,7374755,0,1,21.20107899,yahoo_bootstrap
2022-08-17,24.25,24.35000038,24,24.29999924,5152658,0,1,21.33276237,yahoo_bootstrap
2022-08-18,24.25,24.25,23.95000076,23.95000076,6745761,0,1,21.02550169,yahoo_bootstrap
2022-08-19,23.95000076,24.14999962,23.85000038,24.04999924,5806201,0,1,21.1132895,yahoo_bootstrap
2022-08-22,23.95000076,24.14999962,23.89999962,24.14999962,3038000,0,1,21.20107899,yahoo_bootstrap
2022-08-23,24,24.20000076,23.85000038,23.89999962,7110706,0,1,20.98160611,yahoo_bootstrap
2022-08-24,23.89999962,24.10000038,23.75,24.04999924,8505185,0,1,21.1132895,yahoo_bootstrap
2022-08-25,24.04999924,24.14999962,23.64999962,23.79999924,8168011,0,1,20.89381663,yahoo_bootstrap
2022-08-26,23.79999924,24,23.70000076,23.75,5632376,0,1,20.84992273,yahoo_bootstrap
2022-08-29,23.29999924,23.54999924,23.10000038,23.20000076,14586668,0,1,20.36708308,yahoo_bootstrap
2022-08-30,23.14999962,23.25,22.79999924,23,21106263,0,1,20.19150411,yahoo_bootstrap
2022-08-31,22.89999962,23.20000076,22.85000038,23.14999962,10527328,0,1,20.3231875,yahoo_bootstrap
2022-09-01,22.85000038,23,22.64999962,22.75,18005365,0,1,19.97203124,yahoo_bootstrap
2022-09-02,22.85000038,23,22.70000076,22.70000076,12663368,0,1,19.92813734,yahoo_bootstrap
2022-09-05,22.70000076,22.95000076,22.64999962,22.95000076,7643746,0,1,20.14761021,yahoo_bootstrap
2022-09-06,23,23.04999924,22.75,22.85000038,7416744,0,1,20.05982072,yahoo_bootstrap
2022-09-07,22.64999962,23,22.60000038,22.79999924,8285518,0,1,20.01592515,yahoo_bootstrap
2022-09-08,22.89999962,23.54999924,22.79999924,23.5,9074007,0,1,20.63044985,yahoo_bootstrap
2022-09-12,23.54999924,23.54999924,23.25,23.35000038,7071348,0,1,20.49876647,yahoo_bootstrap
2022-09-13,23.54999924,23.54999924,23.29999924,23.5,3875067,0,1,20.63044985,yahoo_bootstrap
2022-09-14,23.04999924,23.25,23,23,6142773,0,1,20.19150411,yahoo_bootstrap
2022-09-15,22.95000076,23.14999962,22.89999962,22.95000076,7048884,0,1,20.14761021,yahoo_bootstrap
2022-09-16,22.79999924,23.10000038,22.75,22.89999962,16386267,0,1,20.10371463,yahoo_bootstrap
2022-09-19,22.95000076,23.14999962,22.79999924,23,6646921,0,1,20.19150411,yahoo_bootstrap
2022-09-20,23.10000038,23.20000076,22.95000076,23.20000076,8656247,0,1,20.36708308,yahoo_bootstrap
2022-09-21,23.10000038,23.10000038,22.85000038,22.85000038,9223377,0,1,20.05982072,yahoo_bootstrap
2022-09-22,22.70000076,23,22.60000038,22.75,13724053,0,1,19.97203124,yahoo_bootstrap
2022-09-23,22.79999924,22.89999962,22.70000076,22.70000076,4761680,0,1,19.92813734,yahoo_bootstrap
2022-09-26,22.60000038,22.85000038,22.45000076,22.54999924,13588541,0,1,19.79645228,yahoo_bootstrap
2022-09-27,22.79999924,22.89999962,22.54999924,22.64999962,8158770,0,1,19.88424176,yahoo_bootstrap
2022-09-28,22.75,23,22.60000038,22.85000038,14634590,0,1,20.05982072,yahoo_bootstrap
2022-09-29,23.04999924,24.35000038,22.95000076,23.39999962,20906522,0,1,20.54266037,yahoo_bootstrap
2022-09-30,23.29999924,23.29999924,22.89999962,22.89999962,10230420,0,1,20.10371463,yahoo_bootstrap
2022-10-03,22.70000076,22.89999962,22.64999962,22.70000076,8074835,0,1,19.92813734,yahoo_bootstrap
2022-10-04,22.89999962,23.20000076,22.89999962,23.04999924,6324521,0,1,20.23539802,yahoo_bootstrap
2022-10-05,23.10000038,23.25,22.85000038,22.85000038,7946515,0,1,20.05982072,yahoo_bootstrap
2022-10-06,22.89999962,23.29999924,22.75,22.85000038,7961315,0,1,20.05982072,yahoo_bootstrap
2022-10-07,22.95000076,23.10000038,22.85000038,23,4510549,0,1,20.19150411,yahoo_bootstrap
2022-10-11,22.95000076,23.25,22.75,22.85000038,13717263,0,1,20.05982072,yahoo_bootstrap
2022-10-12,22.79999924,23.29999924,22.79999924,23.25,9559367,0,1,20.41097698,yahoo_bootstrap
2022-10-13,23.10000038,23.35000038,23,23.25,10316698,0,1,20.41097698,yahoo_bootstrap
2022-10-14,23.29999924,23.5,23.14999962,23.14999962,7513296,0,1,20.3231875,yahoo_bootstrap
2022-10-17,23.14999962,23.39999962,22.89999962,23.14999962,12051087,0,1,20.3231875,yahoo_bootstrap
2022-10-18,23.20000076,23.20000076,22.60000038,22.75,14515692,0,1,19.97203124,yahoo_bootstrap
2022-10-19,22.5,22.85000038,22.29999924,22.64999962,10754149,0,1,19.88424176,yahoo_bootstrap
2022-10-20,22.5,23.5,22.45000076,23.5,21767474,0,1,20.63044985,yahoo_bootstrap
2022-10-21,23.14999962,23.14999962,22.85000038,22.85000038,4157834,0,1,20.05982072,yahoo_bootstrap
2022-10-24,23.04999924,23.14999962,22.70000076,23.10000038,5533792,0,1,20.2792936,yahoo_bootstrap
2022-10-25,23.25,23.45000076,22.95000076,23.45000076,7871217,0,1,20.58655595,yahoo_bootstrap
2022-10-26,23.10000038,23.60000038,23.10000038,23.5,6637828,0,1,20.63044985,yahoo_bootstrap
2022-10-27,23.5,23.70000076,23.29999924,23.54999924,7248193,0,1,20.67434376,yahoo_bootstrap
2022-10-28,23.64999962,23.64999962,23.25,23.5,4198303,0,1,20.63044985,yahoo_bootstrap
2022-10-31,23.54999924,24.39999962,23.39999962,24.39999962,9174079,0,1,21.42055186,yahoo_bootstrap
2022-11-01,23.89999962,24.10000038,23.60000038,24.10000038,5159267,0,1,21.15718508,yahoo_bootstrap
2022-11-02,23.95000076,24.10000038,23.79999924,23.85000038,5103792,0,1,20.93771221,yahoo_bootstrap
2022-11-03,23.5,23.70000076,23.29999924,23.39999962,5325620,0,1,20.54266037,yahoo_bootstrap
2022-11-04,23.29999924,23.64999962,23.25,23.64999962,4472941,0,1,20.76213324,yahoo_bootstrap
2022-11-07,23.75,23.79999924,23.45000076,23.79999924,4982210,0,1,20.89381663,yahoo_bootstrap
2022-11-08,23.75,24,23.64999962,24,4897239,0,1,21.0693956,yahoo_bootstrap
2022-11-09,24,24.20000076,23.89999962,23.95000076,4887366,0,1,21.02550169,yahoo_bootstrap
2022-11-10,23.95000076,24.14999962,23.79999924,23.95000076,3064651,0,1,21.02550169,yahoo_bootstrap
2022-11-11,24.10000038,24.20000076,23.89999962,24.10000038,6421155,0,1,21.15718508,yahoo_bootstrap
2022-11-14,24.70000076,25.79999924,24.54999924,25.70000076,35372329,0,1,22.56181179,yahoo_bootstrap
2022-11-15,25.45000076,25.75,25.20000076,25.75,10971675,0,1,22.60570569,yahoo_bootstrap
2022-11-16,25.39999962,25.60000038,25.29999924,25.35000038,9146346,0,1,22.25454943,yahoo_bootstrap
2022-11-17,25.04999924,25.35000038,24.64999962,25.35000038,7617982,0,1,22.25454943,yahoo_bootstrap
2022-11-18,25.04999924,25.20000076,24.79999924,25,5132153,0,1,21.94728708,yahoo_bootstrap
2022-11-21,24.64999962,24.79999924,24.35000038,24.5,8178903,0,1,21.50834134,yahoo_bootstrap
2022-11-22,24.20000076,24.29999924,23.29999924,23.5,19618541,0,1,20.63044985,yahoo_bootstrap
2022-11-23,23.5,23.60000038,23.39999962,23.39999962,7908554,0,1,20.54266037,yahoo_bootstrap
2022-11-24,23.60000038,24.39999962,23.5,24.39999962,11956674,0,1,21.42055186,yahoo_bootstrap
2022-11-25,23.85000038,24,23.60000038,24,11717970,0,1,21.0693956,yahoo_bootstrap
2022-11-28,23.70000076,24.39999962,23.64999962,24.39999962,11316378,0,1,21.42055186,yahoo_bootstrap
2022-11-29,24.29999924,24.70000076,24,24.70000076,14409698,0,1,21.6839203,yahoo_bootstrap
2022-11-30,24.39999962,24.79999924,24.14999962,24.79999924,41524539,0,1,21.77170812,yahoo_bootstrap
2022-12-01,24.70000076,24.75,24.14999962,24.20000076,16829432,0,1,21.24497456,yahoo_bootstrap
2022-12-02,24.04999924,24.14999962,23.75,23.89999962,12326433,0,1,20.98160611,yahoo_bootstrap
2022-12-05,23.79999924,24.20000076,23.70000076,24.20000076,9320435,0,1,21.24497456,yahoo_bootstrap
2022-12-06,23.95000076,24.35000038,23.95000076,24.35000038,8746086,0,1,21.37665795,yahoo_bootstrap
2022-12-07,24.14999962,24.35000038,24,24.25,7284422,0,1,21.28886847,yahoo_bootstrap
2022-12-08,24.25,24.35000038,24.10000038,24.35000038,6853028,0,1,21.37665795,yahoo_bootstrap
2022-12-09,24.35000038,24.5,24.29999924,24.5,6119459,0,1,21.50834134,yahoo_bootstrap
2022-12-12,24.39999962,24.79999924,24.29999924,24.79999924,9054803,0,1,21.77170812,yahoo_bootstrap
2022-12-13,24.75,24.85000038,24.60000038,24.70000076,10312244,0,1,21.6839203,yahoo_bootstrap
2022-12-14,24.85000038,25.14999962,24.64999962,25.14999962,10110419,0,1,22.07897047,yahoo_bootstrap
2022-12-15,25.04999924,25.25,24.85000038,25.10000038,9382820,0,1,22.03507656,yahoo_bootstrap
2022-12-16,24.75,25.70000076,24.64999962,25.70000076,35272499,0,1,22.56181179,yahoo_bootstrap
2022-12-19,25.39999962,25.85000038,25.25,25.85000038,35602269,0,1,22.69349517,yahoo_bootstrap
2022-12-20,25.5,25.79999924,25.35000038,25.64999962,25739538,0,1,22.51791621,yahoo_bootstrap
2022-12-21,25.35000038,25.89999962,25.35000038,25.75,26653395,0,1,22.60570569,yahoo_bootstrap
2022-12-22,25.70000076,26,25.64999962,25.95000076,23385220,0,1,22.78128466,yahoo_bootstrap
2022-12-23,25.64999962,26,25.54999924,26,6518145,0,1,22.82517856,yahoo_bootstrap
2022-12-26,26,26.14999962,25.89999962,26.10000038,4274989,0,1,22.91296804,yahoo_bootstrap
2022-12-27,26,26.14999962,26,26.14999962,4435085,0,1,22.95686195,yahoo_bootstrap
2022-12-28,25.95000076,26.14999962,25.89999962,26.10000038,4949690,0,1,22.91296804,yahoo_bootstrap
2022-12-29,25.85000038,26.20000076,25.79999924,26.10000038,7900715,0,1,22.91296804,yahoo_bootstrap
2022-12-30,26,26.35000038,26,26.25,7350356,0,1,23.04465143,yahoo_bootstrap
2023-01-03,26,26.29999924,26,26.10000038,5214054,0,1,22.91296804,yahoo_bootstrap
2023-01-04,26.14999962,26.29999924,26.10000038,26.10000038,3551433,0,1,22.91296804,yahoo_bootstrap
2023-01-05,26.25,26.29999924,26.04999924,26.20000076,3362468,0,1,23.00075753,yahoo_bootstrap
2023-01-06,26.14999962,26.25,26.04999924,26.10000038,2817872,0,1,22.91296804,yahoo_bootstrap
2023-01-09,26.25,26.5,26.25,26.5,8470693,0,1,23.2641243,yahoo_bootstrap
2023-01-10,26.5,26.60000038,26.45000076,26.54999924,6034559,0,1,23.30801821,yahoo_bootstrap
2023-01-11,26.60000038,26.79999924,26.14999962,26.20000076,6002769,0,1,23.00075753,yahoo_bootstrap
2023-01-12,26.14999962,26.25,25.5,25.60000038,7977442,0,1,22.4740223,yahoo_bootstrap
2023-01-13,25.79999924,26,25.75,25.89999962,4149234,0,1,22.73738908,yahoo_bootstrap
2023-01-16,26,26.20000076,25.79999924,26,3476234,0,1,22.82517856,yahoo_bootstrap
2023-01-17,25.89999962,26,25.70000076,25.70000076,5540845,0,1,22.56181179,yahoo_bootstrap
2023-01-30,26,26.10000038,25.35000038,25.54999924,15026450,0,1,22.43012673,yahoo_bootstrap
2023-01-31,25.5,25.75,25.20000076,25.25,11121607,0,1,22.16675995,yahoo_bootstrap
2023-02-01,25.25,25.60000038,25.25,25.5,6721717,0,1,22.38623282,yahoo_bootstrap
2023-02-02,25.60000038,25.70000076,25.35000038,25.45000076,8487289,0,1,22.34233891,yahoo_bootstrap
2023-02-03,25.45000076,25.70000076,25.39999962,25.64999962,4240420,0,1,22.51791621,yahoo_bootstrap
2023-02-06,25.54999924,25.95000076,25.54999924,25.64999962,11096702,0,1,22.51791621,yahoo_bootstrap
2023-02-07,25.89999962,25.95000076,25.70000076,25.89999962,5859363,0,1,22.73738908,yahoo_bootstrap
2023-02-08,25.95000076,26.10000038,25.89999962,25.95000076,4440059,0,1,22.78128466,yahoo_bootstrap
2023-02-09,25.79999924,26.04999924,25.79999924,25.79999924,5380032,0,1,22.6495996,yahoo_bootstrap
2023-02-10,25.70000076,25.95000076,25.60000038,25.60000038,6791198,0,1,22.4740223,yahoo_bootstrap
2023-02-13,25.54999924,26,25.54999924,25.75,8402359,0,1,22.60570569,yahoo_bootstrap
2023-02-14,26,26.10000038,25.75,26.04999924,3041982,0,1,22.86907247,yahoo_bootstrap
2023-02-15,26.10000038,26.20000076,25.95000076,26.10000038,4829946,0,1,22.91296804,yahoo_bootstrap
2023-02-16,26.10000038,26.45000076,26.10000038,26.25,8570846,0,1,23.04465143,yahoo_bootstrap
2023-02-17,26.25,26.5,26.10000038,26.39999962,6082585,0,1,23.17633482,yahoo_bootstrap
2023-02-20,26.39999962,26.75,26.29999924,26.64999962,7133433,0,1,23.39580769,yahoo_bootstrap
2023-02-21,26.64999962,26.64999962,26.45000076,26.54999924,2393134,0,1,23.30801821,yahoo_bootstrap
2023-02-22,26.39999962,26.79999924,26.29999924,26.79999924,6739075,0,1,23.52749108,yahoo_bootstrap
2023-02-23,26.79999924,26.95000076,26.70000076,26.79999924,3804307,0,1,23.52749108,yahoo_bootstrap
2023-02-24,26.79999924,26.89999962,26.54999924,26.60000038,5759769,0,1,23.35191379,yahoo_bootstrap
2023-03-01,26.64999962,27.04999924,26.60000038,26.95000076,11902618,0,1,23.65917614,yahoo_bootstrap
2023-03-02,26.95000076,26.95000076,26.54999924,26.75,6752885,0,1,23.48359718,yahoo_bootstrap
2023-03-03,26.95000076,26.95000076,26.70000076,26.70000076,2852164,0,1,23.43970327,yahoo_bootstrap
2023-03-06,26.89999962,27.20000076,26.79999924,27.14999962,9107807,0,1,23.83475343,yahoo_bootstrap
2023-03-07,27.14999962,27.25,27.10000038,27.25,5188667,0,1,23.92254292,yahoo_bootstrap
2023-03-08,27.20000076,27.25,27.04999924,27.20000076,3708911,0,1,23.87864901,yahoo_bootstrap
2023-03-09,27.14999962,27.14999962,26.75,27,5154194,0,1,23.70307005,yahoo_bootstrap
2023-03-10,26.70000076,27.25,26.70000076,27.04999924,10292683,0,1,23.74696395,yahoo_bootstrap
2023-03-13,27.04999924,27.5,26.95000076,27.35000038,15740197,0,1,24.0103324,yahoo_bootstrap
2023-03-14,26.95000076,27.45000076,26.89999962,27.14999962,9603236,0,1,23.83475343,yahoo_bootstrap
2023-03-15,26.95000076,27.39999962,26.95000076,27.20000076,9716222,0,1,23.87864901,yahoo_bootstrap
2023-03-16,27.20000076,28,27.14999962,28,18287804,0,1,24.58096153,yahoo_bootstrap
2023-03-17,28,28.20000076,27.75,28.14999962,23795566,0,1,24.71264492,yahoo_bootstrap
2023-03-20,28.25,28.54999924,28.10000038,28.54999924,9756916,0,1,25.06380118,yahoo_bootstrap
2023-03-21,28.54999924,29.5,28.5,29.39999962,21006606,0,1,25.81000927,yahoo_bootstrap
2023-03-22,29.5,30.25,29.45000076,30.20000076,20733438,0,1,26.51232346,yahoo_bootstrap
2023-03-23,30.14999962,31.20000076,30,31.14999962,25051177,0,1,27.34631937,yahoo_bootstrap
2023-03-24,31.20000076,31.35000038,30.35000038,30.75,16503180,0,1,26.99516311,yahoo_bootstrap
2023-03-27,30.5,31.20000076,30.5,30.79999924,14552454,0,1,27.03905701,yahoo_bootstrap
2023-03-28,30.70000076,31.04999924,30.45000076,30.95000076,13641874,0,1,27.17074207,yahoo_bootstrap
2023-03-29,30.70000076,31.10000038,30.70000076,31.10000038,10959307,0,1,27.30242546,yahoo_bootstrap
2023-03-30,31.35000038,31.79999924,30.89999962,31.79999924,16608916,0,1,27.9169485,yahoo_bootstrap
2023-03-31,31.89999962,32.04999924,31.70000076,31.95000076,13345657,0,1,28.04863355,yahoo_bootstrap
2023-04-06,32.34999847,33.90000153,31.85000038,33.90000153,29741007,0,1,29.76052262,yahoo_bootstrap
2023-04-07,33.90000153,33.90000153,31.5,31.5,25084292,0,1,27.65358172,yahoo_bootstrap
2023-04-10,31.70000076,32.59999847,31.5,32.40000153,12862694,0,1,28.4436854,yahoo_bootstrap
2023-04-11,32.40000153,33.29999924,32.40000153,32.70000076,13834540,0,1,28.70705217,yahoo_bootstrap
2023-04-12,32.54999924,32.84999847,32.09999847,32.79999924,15722021,0,1,28.79483998,yahoo_bootstrap
2023-04-13,32.5,32.75,32.04999924,32.34999847,15451384,0,1,28.39978814,yahoo_bootstrap
2023-04-14,32,32.15000153,31.20000076,31.60000038,15861698,0,1,27.7413712,yahoo_bootstrap
2023-04-17,31.20000076,32,31.20000076,31.70000076,9343987,0,1,27.82916068,yahoo_bootstrap
2023-04-18,31.70000076,32.20000076,31.45000076,32.20000076,12677552,0,1,28.26810643,yahoo_bootstrap
2023-04-19,32.20000076,33.59999847,32.15000153,32.5,20011561,0,1,28.5314732,yahoo_bootstrap
2023-04-20,32.04999924,32.75,31.95000076,32.40000153,10192054,0,1,28.4436854,yahoo_bootstrap
2023-04-21,32.40000153,33.20000076,32.09999847,32.40000153,13324095,0,1,28.4436854,yahoo_bootstrap
2023-04-24,31.95000076,33.15000153,31.89999962,33.15000153,13292161,0,1,29.10210401,yahoo_bootstrap
2023-04-25,32.70000076,32.79999924,31.60000038,31.70000076,11191820,0,1,27.82916068,yahoo_bootstrap
2023-04-26,31.25,32.20000076,31.25,32.15000153,11102072,0,1,28.22421253,yahoo_bootstrap
2023-04-27,32.09999847,32.95000076,32.09999847,32.95000076,10618835,0,1,28.92652504,yahoo_bootstrap
2023-04-28,32.59999847,33.09999847,32.45000076,33.09999847,11852002,0,1,29.05820675,yahoo_bootstrap
2023-05-02,33.09999847,33.20000076,32.75,33.04999924,7883916,0,1,29.01431285,yahoo_bootstrap
2023-05-03,32.70000076,32.95000076,32.45000076,32.84999847,4668069,0,1,28.83873388,yahoo_bootstrap
2023-05-04,32.34999847,32.59999847,31.89999962,32.34999847,10253636,0,1,28.39978814,yahoo_bootstrap
2023-05-05,32,32.29999924,31.75,32.09999847,6341906,0,1,28.18031527,yahoo_bootstrap
2023-05-08,32.5,33,32.25,32.75,8698392,0,1,28.75094607,yahoo_bootstrap
2023-05-09,32.20000076,32.70000076,32.20000076,32.70000076,8246612,0,1,28.70705217,yahoo_bootstrap
2023-05-10,32.25,32.5,31.5,31.75,8382494,0,1,27.87305459,yahoo_bootstrap
2023-05-11,31.54999924,32.5,31.54999924,32.25,8661268,0,1,28.31200033,yahoo_bootstrap
2023-05-12,32.25,33.29999924,32.09999847,32.75,19127854,0,1,28.75094607,yahoo_bootstrap
2023-05-15,31,31.35000038,29.85000038,30.95000076,32375837,0,1,27.17074207,yahoo_bootstrap
2023-05-16,30,31,29.10000038,30.79999924,33490220,0,1,27.03905701,yahoo_bootstrap
2023-05-17,30,30.95000076,29.64999962,30.45000076,21910981,0,1,26.73179633,yahoo_bootstrap
2023-05-18,30.39999962,30.75,30.20000076,30.54999924,17786778,0,1,26.81958414,yahoo_bootstrap
2023-05-19,30.79999924,31.5,30.64999962,31.45000076,17206330,0,1,27.60968781,yahoo_bootstrap
2023-05-22,30.85000038,31.35000038,30.29999924,30.54999924,22723511,0,1,26.81958414,yahoo_bootstrap
2023-05-23,30.5,31,30.39999962,31,18438529,0,1,27.21463598,yahoo_bootstrap
2023-05-24,30.95000076,30.95000076,30.35000038,30.85000038,22885255,0,1,27.08295259,yahoo_bootstrap
2023-05-25,31.35000038,33.25,31.25,33.25,64632355,0,1,29.18989182,yahoo_bootstrap
2023-05-26,33.59999847,34.45000076,32.29999924,34.09999847,72619746,0,1,29.93609823,yahoo_bootstrap
2023-05-29,34.5,37.5,34.45000076,37.5,50473668,0,1,32.92093062,yahoo_bootstrap
2023-05-30,38.29999924,39,36.5,37.70000076,134968416,0,1,33.09650958,yahoo_bootstrap
2023-05-31,38,38.25,36.04999924,36.84999847,70991349,0,1,32.35029981,yahoo_bootstrap
2023-06-01,36.20000076,36.29999924,35.29999924,35.54999924,41048382,0,1,31.20904156,yahoo_bootstrap
2023-06-02,35.95000076,37.59999847,35.84999847,36.25,63980764,0,1,31.82356627,yahoo_bootstrap
2023-06-05,36.45000076,36.75,35.79999924,36.25,22222081,0,1,31.82356627,yahoo_bootstrap
2023-06-06,36.29999924,36.29999924,35.29999924,36.20000076,26257102,0,1,31.77967236,yahoo_bootstrap
2023-06-07,36.29999924,36.90000153,36,36.75,24096184,0,1,32.26251201,yahoo_bootstrap
2023-06-08,36.79999924,37.09999847,36.09999847,36.40000153,16992432,0,1,31.95525133,yahoo_bootstrap
2023-06-09,37.09999847,38.90000153,36.84999847,38.65000153,84248606,0,1,33.93050717,yahoo_bootstrap
2023-06-12,38.79999924,39,36.84999847,36.95000076,43692104,0,1,32.43809097,yahoo_bootstrap
2023-06-13,38.04999924,40.59999847,38.04999924,40.59999847,129264983,0,1,35.64239287,yahoo_bootstrap
2023-06-14,41,44.45000076,40.59999847,42.95000076,184167282,0,1,37.70543987,yahoo_bootstrap
2023-06-15,43.5,46.34999847,43.34999847,46,158294915,0,1,40.38300823,yahoo_bootstrap
2023-06-16,46.20000076,47.34999847,44.84999847,45.5,137817557,0,1,39.94406248,yahoo_bootstrap
2023-06-19,45.20000076,45.25,43.70000076,44.09999847,81256894,0,1,38.71501307,yahoo_bootstrap
2023-06-20,44,44,42.40000153,43.09999847,77205961,0,1,37.83712158,yahoo_bootstrap
2023-06-21,43.70000076,45.25,43.54999924,44.75,80311881,0,1,39.28564387,yahoo_bootstrap
2023-06-26,44.04999924,45.15000153,43.40000153,44.34999847,49193041,0,1,38.93448594,yahoo_bootstrap
2023-06-27,43.84999847,44.15000153,42.65000153,42.90000153,38281335,0,1,37.66154597,yahoo_bootstrap
2023-06-28,43.79999924,44.45000076,42.59999847,42.70000076,43393815,0,1,37.485967,yahoo_bootstrap
2023-06-29,43,43.5,42.40000153,43.15000153,26531863,0,1,37.88101884,yahoo_bootstrap
2023-06-30,43.34999847,43.75,42.75,43.20000076,38307088,0,1,37.92491274,yahoo_bootstrap
2023-07-03,44,45.59999847,43.95000076,44.15000153,79374345,0,1,38.75891033,yahoo_bootstrap
2023-07-04,44.29999924,48.54999924,44.29999924,47.15000153,178991293,0,1,41.39258478,yahoo_bootstrap
2023-07-05,47.29999924,47.40000153,45.09999847,45.20000076,95827123,0,1,39.68069571,yahoo_bootstrap
2023-07-06,44.5,46.59999847,44,44.70000076,75409914,0,1,39.24174997,yahoo_bootstrap
2023-07-07,44.5,46,44.45000076,44.59999847,63557596,0,1,39.15395881,yahoo_bootstrap
2023-07-10,45.45000076,45.79999924,44.25,44.40000153,47542236,0,1,38.9783832,yahoo_bootstrap
2023-07-11,45.04999924,47.25,45.04999924,47.25,111235996,0,1,41.48037258,yahoo_bootstrap
2023-07-12,47.15000153,48.79999924,46.79999924,47.59999847,194297654,1.5,1,43.15771959,yahoo_bootstrap
2023-07-13,48.90000153,52.29999924,48.90000153,50.79999924,166377172,0,1,46.05907968,yahoo_bootstrap
2023-07-14,53.79999924,55.79999924,52.20000076,55.79999924,217188548,0,1,50.59245374,yahoo_bootstrap
2023-07-17,57.90000153,61.29999924,57.40000153,61.29999924,108250617,0,1,55.57916519,yahoo_bootstrap
2023-07-18,65,67.40000153,61.29999924,65.5,297370495,0,1,59.38720009,yahoo_bootstrap
2023-07-19,69,70.69999695,61.5,63.59999847,278859857,0,1,57.66451656,yahoo_bootstrap
2023-07-20,62.5,63.59999847,60.40000153,62.29999924,49842525,0,1,56.48584001,yahoo_bootstrap
2023-07-21,60.70000076,67.59999847,60.5,67,44208335,0,1,60.7472123,yahoo_bootstrap
2023-07-24,70.5,70.5,67.30000305,70.19999695,56403535,0,1,63.64856893,yahoo_bootstrap
2023-07-25,72.5,73.5,70.19999695,72,51257278,0,1,65.28058636,yahoo_bootstrap
2023-07-26,72,72,69.5,70,34230860,0,1,63.46723674,yahoo_bootstrap
2023-07-27,71,72,68,68.09999847,34974904,0,1,61.74455321,yahoo_bootstrap
2023-07-28,68.40000153,69.90000153,64.69999695,69.90000153,41930986,0,1,63.37657064,yahoo_bootstrap
2023-07-31,71.90000153,71.90000153,63,63.70000076,45650165,0,1,57.75518612,yahoo_bootstrap
2023-08-01,63,65,60,64.09999847,36207907,0,1,58.11785397,yahoo_bootstrap
2023-08-02,63.79999924,63.79999924,57.70000076,58.90000153,38614286,0,1,53.40314773,yahoo_bootstrap
2023-08-04,56,60,54.5,58,118725101,0,1,52.58713901,yahoo_bootstrap
2023-08-07,59.20000076,63.79999924,58.20000076,63.79999924,102867294,0,1,57.84585222,yahoo_bootstrap
2023-08-08,63,64.90000153,60.20000076,60.90000153,160206319,0,1,55.21649735,yahoo_bootstrap
2023-08-09,58.79999924,61.70000076,58.29999924,59.5,78146312,0,1,53.94715122,yahoo_bootstrap
2023-08-10,58.09999847,58.70000076,55,57.5,87494910,0,1,52.1338016,yahoo_bootstrap
2023-08-11,58.70000076,59.5,57.40000153,57.5,71671347,0,1,52.1338016,yahoo_bootstrap
2023-08-14,53.5,56.70000076,52.40000153,53.09999847,105190734,0,1,48.14443105,yahoo_bootstrap
2023-08-15,55.79999924,57,54.5,54.59999847,80593165,0,1,49.50444327,yahoo_bootstrap
2023-08-16,54,58,53.70000076,58,93667715,0,1,52.58713901,yahoo_bootstrap
2023-08-17,56.79999924,59.90000153,56.59999847,59.5,102531191,0,1,53.94715122,yahoo_bootstrap
2023-08-18,59.5,60.20000076,55.70000076,57,85887350,0,1,51.6804642,yahoo_bootstrap
2023-08-21,57.70000076,59.40000153,57.5,57.90000153,53879440,0,1,52.49647292,yahoo_bootstrap
2023-08-22,60,60.40000153,58,58.20000076,68585518,0,1,52.76847466,yahoo_bootstrap
2023-08-23,58.29999924,59.59999847,57.29999924,59.20000076,41860368,0,1,53.67514947,yahoo_bootstrap
2023-08-24,62.90000153,63.29999924,58.29999924,58.59999847,95115339,0,1,53.13114251,yahoo_bootstrap
2023-08-25,57,57.59999847,55.29999924,55.79999924,63316661,0,1,50.59245374,yahoo_bootstrap
2023-08-28,56.20000076,56.5,54.40000153,54.5,34789277,0,1,49.41377717,yahoo_bootstrap
2023-08-29,55.29999924,55.70000076,53.70000076,54.59999847,27544717,0,1,49.50444327,yahoo_bootstrap
2023-08-30,55.79999924,56.29999924,54.5,54.59999847,27476038,0,1,49.50444327,yahoo_bootstrap
2023-08-31,54.29999924,56.40000153,53.29999924,56.40000153,49885761,0,1,51.1364607,yahoo_bootstrap
2023-09-01,56.20000076,56.29999924,53.5,53.59999847,44086894,0,1,48.59776846,yahoo_bootstrap
2023-09-04,53.79999924,54.70000076,53.59999847,54.70000076,21315476,0,1,49.59511282,yahoo_bootstrap
2023-09-05,54,55.90000153,54,55.90000153,25260485,0,1,50.68312329,yahoo_bootstrap
2023-09-06,56.5,57.5,56.20000076,56.59999847,35978809,0,1,51.31779289,yahoo_bootstrap
2023-09-07,55.70000076,55.90000153,54.79999924,54.79999924,24000268,0,1,49.68577893,yahoo_bootstrap
2023-09-08,54.40000153,55.09999847,53.79999924,54,22469690,0,1,48.96043977,yahoo_bootstrap
2023-09-11,54.5,54.5,51.29999924,52.09999847,48446739,0,1,47.23775624,yahoo_bootstrap
2023-09-12,52.29999924,52.5,51.20000076,51.29999924,31993805,0,1,46.51241709,yahoo_bootstrap
2023-09-13,51.70000076,51.70000076,50.40000153,51,24743796,0,1,46.24041534,yahoo_bootstrap
2023-09-14,51.90000153,52.79999924,51.59999847,52.09999847,25086798,0,1,47.23775624,yahoo_bootstrap
2023-09-15,52.5,52.59999847,51.09999847,52.09999847,37657148,0,1,47.23775624,yahoo_bootstrap
2023-09-18,51.09999847,51.09999847,49.5,49.65000153,28463957,0,1,45.01640573,yahoo_bootstrap
2023-09-19,49.75,50.5,48.5,48.5,30597670,0,1,43.97372831,yahoo_bootstrap
2023-09-20,48.40000153,49.84999847,48.20000076,48.5,31774252,0,1,43.97372831,yahoo_bootstrap
2023-09-21,48.20000076,48.70000076,47.20000076,48.29999924,32974917,0,1,43.79239266,yahoo_bootstrap
2023-09-22,48.09999847,49.34999847,47.65000153,49.34999847,20079119,0,1,44.74440051,yahoo_bootstrap
2023-09-25,49.29999924,49.95000076,49.04999924,49.45000076,19011622,0,1,44.83507007,yahoo_bootstrap
2023-09-26,49.45000076,49.84999847,48.5,48.70000076,15007356,0,1,44.15506396,yahoo_bootstrap
2023-09-27,48.75,49.04999924,48.20000076,48.84999847,12113505,0,1,44.29106311,yahoo_bootstrap
2023-09-28,49.20000076,50.59999847,48.90000153,49,28232507,0,1,44.42706571,yahoo_bootstrap
2023-10-02,49.95000076,53.09999847,49.70000076,52.20000076,69360751,0,1,47.3284258,yahoo_bootstrap
2023-10-03,52.29999924,52.29999924,50.40000153,50.59999847,32242923,0,1,45.87774402,yahoo_bootstrap
2023-10-04,49.34999847,50.29999924,49.09999847,50.09999847,25209728,0,1,45.42440662,yahoo_bootstrap
2023-10-05,50.5,51.29999924,50,50.79999924,17634985,0,1,46.05907968,yahoo_bootstrap
2023-10-06,51.09999847,52,50.70000076,51.09999847,17771142,0,1,46.33108143,yahoo_bootstrap
2023-10-11,52.09999847,52.09999847,48.09999847,48.09999847,56274368,0,1,43.611057,yahoo_bootstrap
2023-10-12,48.59999847,49.29999924,47.75,48.25,29638792,0,1,43.74705961,yahoo_bootstrap
2023-10-13,47.75,48,46.20000076,47.34999847,45949124,0,1,42.93105089,yahoo_bootstrap
2023-10-16,46.70000076,47.29999924,45.70000076,46.20000076,30512261,0,1,41.88837693,yahoo_bootstrap
2023-10-17,46.84999847,47,44.65000153,44.95000076,40119383,0,1,40.75503342,yahoo_bootstrap
2023-10-18,44.5,45.09999847,43.20000076,44.5,64190046,0,1,40.34702907,yahoo_bootstrap
2023-10-19,43.75,44.15000153,43.09999847,43.45000076,33844775,0,1,39.39502121,yahoo_bootstrap
2023-10-20,43.04999924,44.34999847,42.25,43.65000153,33611713,0,1,39.57635687,yahoo_bootstrap
2023-10-23,43.15000153,44.40000153,43.04999924,43.45000076,17982376,0,1,39.39502121,yahoo_bootstrap
2023-10-24,43.65000153,44.75,43.29999924,44.59999847,22336895,0,1,40.43769516,yahoo_bootstrap
2023-10-25,44.90000153,44.95000076,43.90000153,43.95000076,17871136,0,1,39.84835861,yahoo_bootstrap
2023-10-26,42.84999847,43.75,42.54999924,43,19914988,0,1,38.98701685,yahoo_bootstrap
2023-10-27,43.15000153,43.70000076,42.79999924,42.95000076,14252062,0,1,38.9416838,yahoo_bootstrap
2023-10-30,42.75,43.20000076,41.70000076,41.90000153,29928200,0,1,37.98967595,yahoo_bootstrap
2023-10-31,42.20000076,42.45000076,40.04999924,40.20000076,36151555,0,1,36.44832807,yahoo_bootstrap
2023-11-01,40.5,40.84999847,40.20000076,40.70000076,20821800,0,1,36.90166548,yahoo_bootstrap
2023-11-02,41.95000076,42.90000153,41.34999847,41.75,30868973,0,1,37.85367334,yahoo_bootstrap
2023-11-03,42.04999924,42.15000153,41.15000153,41.5,16244520,0,1,37.62700464,yahoo_bootstrap
2023-11-06,42.09999847,42.90000153,42.04999924,42.20000076,18162545,0,1,38.26167769,yahoo_bootstrap
2023-11-07,41.5,42.59999847,41.04999924,42,20888537,0,1,38.08034204,yahoo_bootstrap
2023-11-08,42.34999847,44.29999924,42.29999924,43.20000076,40260631,0,1,39.1683525,yahoo_bootstrap
2023-11-09,43.09999847,43.09999847,42.45000076,42.65000153,15924331,0,1,38.66968206,yahoo_bootstrap
2023-11-10,42.5,42.90000153,42.15000153,42.5,11440808,0,1,38.53367945,yahoo_bootstrap
2023-11-13,42.79999924,44.15000153,42.40000153,43.54999924,31743671,0,1,39.48568731,yahoo_bootstrap
2023-11-14,43.90000153,44.04999924,42.90000153,43.40000153,17025132,0,1,39.34968816,yahoo_bootstrap
2023-11-15,44.25,44.65000153,42.70000076,42.70000076,33945023,0,1,38.7150151,yahoo_bootstrap
2023-11-16,43.20000076,44.20000076,42.59999847,43.04999924,32634823,0,1,39.0323499,yahoo_bootstrap
2023-11-17,43.29999924,43.5,42.34999847,42.65000153,22498319,0,1,38.66968206,yahoo_bootstrap
2023-11-20,42.29999924,42.45000076,41.29999924,42.15000153,40892127,0,1,38.21634465,yahoo_bootstrap
2023-11-21,43.09999847,45.15000153,43,44,77535087,0,1,39.89369166,yahoo_bootstrap
2023-11-22,43.20000076,43.40000153,42.25,42.34999847,48449690,0,1,38.39767684,yahoo_bootstrap
2023-11-23,42.45000076,42.95000076,42.09999847,42.09999847,18904345,0,1,38.17100813,yahoo_bootstrap
2023-11-24,42.20000076,42.34999847,41.59999847,41.79999924,18616235,0,1,37.89900639,yahoo_bootstrap
2023-11-27,41.90000153,41.90000153,40.5,40.84999847,26721958,0,1,37.03766462,yahoo_bootstrap
2023-11-28,41.09999847,41.75,40.90000153,41.65000153,21254328,0,1,37.76300724,yahoo_bootstrap
2023-11-29,41.5,42.25,41.29999924,41.59999847,22124837,0,1,37.71767073,yahoo_bootstrap
2023-11-30,41.59999847,42.40000153,41.04999924,42.40000153,72946490,0,1,38.44301335,yahoo_bootstrap
2023-12-01,42.5,42.5,41.54999924,41.95000076,18083961,0,1,38.03500899,yahoo_bootstrap
2023-12-04,42.25,42.40000153,41.59999847,41.59999847,14878918,0,1,37.71767073,yahoo_bootstrap
2023-12-05,41.29999924,41.29999924,40.54999924,40.70000076,20194883,0,1,36.90166548,yahoo_bootstrap
2023-12-06,41.25,42.25,41.25,41.5,20447197,0,1,37.62700464,yahoo_bootstrap
2023-12-07,41.5,42.20000076,41,41.70000076,18682195,0,1,37.80834029,yahoo_bootstrap
2023-12-08,43.20000076,43.5,42.09999847,42.29999924,29398826,0,1,38.3523438,yahoo_bootstrap
2023-12-11,42.65000153,43.29999924,42.09999847,42.45000076,22165193,0,1,38.48834639,yahoo_bootstrap
2023-12-12,42.75,42.90000153,42.45000076,42.75,20434882,0,1,38.76034815,yahoo_bootstrap
2023-12-13,47,47,47,47,34752959,0,1,42.61371609,yahoo_bootstrap
2023-12-14,51.70000076,51.70000076,51.70000076,51.70000076,25750497,0,1,46.87508839,yahoo_bootstrap
2023-12-15,53.70000076,54.90000153,47.90000153,48.40000153,391014025,0,1,43.88306222,yahoo_bootstrap
2023-12-18,47.5,47.79999924,46.5,46.65000153,114519506,0,1,42.2963813,yahoo_bootstrap
2023-12-19,46.79999924,47.29999924,45.04999924,45.04999924,89252149,0,1,40.84569952,yahoo_bootstrap
2023-12-20,45.54999924,49.54999924,45.29999924,49,199875940,0,1,44.42706571,yahoo_bootstrap
2023-12-21,47.5,50.79999924,47.20000076,50,184042399,0,1,45.33374053,yahoo_bootstrap
2023-12-22,50.90000153,51.5,50,50.59999847,121465758,0,1,45.87774402,yahoo_bootstrap
2023-12-25,50.59999847,52.90000153,50.09999847,51.59999847,125572550,0,1,46.78441883,yahoo_bootstrap
2023-12-26,52,52.20000076,51.09999847,51.29999924,73460384,0,1,46.51241709,yahoo_bootstrap
2023-12-27,51.29999924,52.29999924,50.90000153,51.90000153,78819954,0,1,47.05642405,yahoo_bootstrap
2023-12-28,52.29999924,53.5,51.90000153,52.59999847,108107287,0,1,47.69109365,yahoo_bootstrap
2023-12-29,52.79999924,53.40000153,51.79999924,52.79999924,75818667,0,1,47.87242931,yahoo_bootstrap
2024-01-02,53,53,51,51.09999847,61160321,0,1,46.33108143,yahoo_bootstrap
2024-01-03,50.5,51.40000153,50,50.79999924,38580230,0,1,46.05907968,yahoo_bootstrap
2024-01-04,50.70000076,51.20000076,50.29999924,51,33624819,0,1,46.24041534,yahoo_bootstrap
2024-01-05,51.5,52.29999924,50.59999847,50.79999924,48206658,0,1,46.05907968,yahoo_bootstrap
2024-01-08,51.40000153,52.29999924,51.20000076,51.20000076,41524253,0,1,46.42175099,yahoo_bootstrap
2024-01-09,52.29999924,52.70000076,50.20000076,50.20000076,61096961,0,1,45.51507618,yahoo_bootstrap
2024-01-10,49.79999924,50.90000153,49,49.04999924,49317367,0,1,44.47239877,yahoo_bootstrap
2024-01-11,49.45000076,51,49.04999924,51,42107279,0,1,46.24041534,yahoo_bootstrap
2024-01-12,50.70000076,51.90000153,50.40000153,51.09999847,49608539,0,1,46.33108143,yahoo_bootstrap
2024-01-15,51.79999924,51.90000153,50.40000153,50.5,40896681,0,1,45.78707793,yahoo_bootstrap
2024-01-16,50.20000076,50.79999924,50.09999847,50.09999847,26675578,0,1,45.42440662,yahoo_bootstrap
2024-01-17,50.20000076,50.5,49,49.04999924,43407216,0,1,44.47239877,yahoo_bootstrap
2024-01-18,49.29999924,49.90000153,48.59999847,49.25,24733194,0,1,44.65373442,yahoo_bootstrap
2024-01-19,49.90000153,52.40000153,49.65000153,51.90000153,97317062,0,1,47.05642405,yahoo_bootstrap
2024-01-22,53.29999924,56.79999924,53.20000076,56,249889630,0,1,50.77378939,yahoo_bootstrap
2024-01-23,56.59999847,57.70000076,55.59999847,57.20000076,161579140,0,1,51.86179985,yahoo_bootstrap
2024-01-24,57.70000076,58.20000076,56.29999924,56.5,98082381,0,1,51.22712679,yahoo_bootstrap
2024-01-25,57.5,58,56,56.20000076,82715780,0,1,50.95512504,yahoo_bootstrap
2024-01-26,56,56.70000076,55.09999847,55.40000153,59604611,0,1,50.22978589,yahoo_bootstrap
2024-01-29,55.59999847,56.29999924,55.40000153,55.79999924,46631431,0,1,50.59245374,yahoo_bootstrap
2024-01-30,56.5,56.70000076,55.09999847,56.09999847,61777865,0,1,50.86445548,yahoo_bootstrap
2024-01-31,55.70000076,55.90000153,54.90000153,54.90000153,41348827,0,1,49.77644848,yahoo_bootstrap
2024-02-01,54.59999847,55.29999924,54,55.29999924,38475709,0,1,50.13911633,yahoo_bootstrap
2024-02-02,55.79999924,56.5,55.70000076,56.29999924,46281823,0,1,51.04579114,yahoo_bootstrap
2024-02-05,56.20000076,57,55.79999924,56.5,42612443,0,1,51.22712679,yahoo_bootstrap
2024-02-15,59,59.59999847,57.09999847,58,109043813,0,1,52.58713901,yahoo_bootstrap
2024-02-16,58,58.5,57.20000076,58.09999847,68480816,0,1,52.6778051,yahoo_bootstrap
2024-02-19,57.90000153,58.29999924,56.5,56.5,42653088,0,1,51.22712679,yahoo_bootstrap
2024-02-20,56.70000076,57.29999924,56.09999847,57,29921269,0,1,51.6804642,yahoo_bootstrap
2024-02-21,56.20000076,57.20000076,56.20000076,56.59999847,27111774,0,1,51.31779289,yahoo_bootstrap
2024-02-22,57.90000153,58.5,56.29999924,56.29999924,71184748,0,1,51.04579114,yahoo_bootstrap
2024-02-23,57.09999847,57.40000153,55,55.09999847,58008713,0,1,49.95778067,yahoo_bootstrap
2024-02-26,55.09999847,55.70000076,54.70000076,55,23545461,0,1,49.86711458,yahoo_bootstrap
2024-02-27,55.29999924,55.59999847,52.79999924,54.09999847,35531800,0,1,49.05110586,yahoo_bootstrap
2024-02-29,54.29999924,55.40000153,53.90000153,55,23358842,0,1,49.86711458,yahoo_bootstrap
2024-03-01,55.59999847,56.29999924,55.5,56,27616145,0,1,50.77378939,yahoo_bootstrap
2024-03-04,56.79999924,57.20000076,55.5,55.59999847,33159583,0,1,50.41111808,yahoo_bootstrap
2024-03-05,56,56.79999924,55.59999847,56.5,33286799,0,1,51.22712679,yahoo_bootstrap
2024-03-06,56,56.70000076,55.70000076,56.59999847,27864281,0,1,51.31779289,yahoo_bootstrap
2024-03-07,56.90000153,57,55.09999847,55.09999847,31317457,0,1,49.95778067,yahoo_bootstrap
2024-03-08,55.20000076,55.79999924,53.59999847,54.20000076,28861482,0,1,49.14177542,yahoo_bootstrap
2024-03-11,54.29999924,56.29999924,54.29999924,54.90000153,30112305,0,1,49.77644848,yahoo_bootstrap
2024-03-12,55.09999847,55.59999847,54.70000076,55.59999847,16506519,0,1,50.41111808,yahoo_bootstrap
2024-03-13,56.5,57.59999847,54.70000076,54.70000076,66755895,0,1,49.59511282,yahoo_bootstrap
2024-03-14,55.40000153,56.20000076,54.29999924,54.90000153,48321534,0,1,49.77644848,yahoo_bootstrap
2024-03-15,55,55.79999924,54.09999847,54.09999847,56178623,0,1,49.05110586,yahoo_bootstrap
2024-03-18,54.29999924,55.79999924,53.5,55.70000076,33460625,0,1,50.50178763,yahoo_bootstrap
2024-03-19,55.79999924,56.70000076,55.29999924,56.09999847,73344548,0,1,50.86445548,yahoo_bootstrap
2024-03-20,56.59999847,56.79999924,54.09999847,54.29999924,71676214,0,1,49.23244152,yahoo_bootstrap
2024-03-21,54.90000153,56.29999924,54.5,56.20000076,48581298,0,1,50.95512504,yahoo_bootstrap
2024-03-22,57.5,61.79999924,57.29999924,61.09999847,319636791,0,1,55.39782953,yahoo_bootstrap
2024-03-25,61.40000153,61.40000153,58.59999847,59,141698326,0,1,53.49381382,yahoo_bootstrap
2024-03-26,58.79999924,59.40000153,56.40000153,57.29999924,97932866,0,1,51.95246595,yahoo_bootstrap
2024-03-27,57.90000153,58.70000076,57.59999847,58.70000076,51350532,0,1,53.22181207,yahoo_bootstrap
2024-03-28,58.70000076,58.90000153,57.59999847,58.5,45597788,0,1,53.04047641,yahoo_bootstrap
2024-03-29,59.29999924,61.5,58.70000076,59.70000076,190447000,0,1,54.12848688,yahoo_bootstrap
2024-04-01,60.29999924,60.5,58.79999924,58.79999924,61007026,0,1,53.31247817,yahoo_bootstrap
2024-04-02,58.90000153,59.5,58.59999847,59,37305608,0,1,53.49381382,yahoo_bootstrap
2024-04-03,58.20000076,60.09999847,58,59.20000076,45875363,0,1,53.67514947,yahoo_bootstrap
2024-04-08,59.40000153,59.5,58.09999847,58.29999924,39827228,0,1,52.85914076,yahoo_bootstrap
2024-04-09,58.90000153,59.29999924,57.79999924,57.79999924,35359460,0,1,52.40580336,yahoo_bootstrap
2024-04-10,58.29999924,58.70000076,57.59999847,57.79999924,24531237,0,1,52.40580336,yahoo_bootstrap
2024-04-11,57.79999924,58.20000076,57.29999924,58,23555474,0,1,52.58713901,yahoo_bootstrap
2024-04-12,58.09999847,58.09999847,57.40000153,57.40000153,23779668,0,1,52.04313551,yahoo_bootstrap
2024-04-15,57.09999847,57.20000076,56,56,30857032,0,1,50.77378939,yahoo_bootstrap
2024-04-16,55.5,55.90000153,53.29999924,53.90000153,45452804,0,1,48.86977367,yahoo_bootstrap
2024-04-17,54.20000076,54.59999847,53.70000076,54.09999847,26374143,0,1,49.05110586,yahoo_bootstrap
2024-04-18,53.59999847,54.40000153,53,53.70000076,27469180,0,1,48.68843801,yahoo_bootstrap
2024-04-19,53.5,54.40000153,51.29999924,53,44817992,0,1,48.05376496,yahoo_bootstrap
2024-04-22,52.5,52.70000076,50.70000076,50.79999924,32115396,0,1,46.05907968,yahoo_bootstrap
2024-04-23,51.79999924,52.09999847,51,51.40000153,14908674,0,1,46.60308665,yahoo_bootstrap
2024-04-24,52.5,54.90000153,52.40000153,54.29999924,33809174,0,1,49.23244152,yahoo_bootstrap
2024-04-25,53.5,53.79999924,53.09999847,53.20000076,17084281,0,1,48.23510061,yahoo_bootstrap
2024-04-26,54.40000153,54.40000153,53.29999924,53.29999924,16771126,0,1,48.32576671,yahoo_bootstrap
2024-04-29,54,54.20000076,53.5,53.79999924,13919806,0,1,48.77910412,yahoo_bootstrap
2024-04-30,53.59999847,53.70000076,53,53.09999847,12476287,0,1,48.14443105,yahoo_bootstrap
2024-05-02,52.20000076,53.09999847,51.79999924,52.5,17195432,0,1,47.60042755,yahoo_bootstrap
2024-05-03,53,53.29999924,52,52,11636915,0,1,47.14709015,yahoo_bootstrap
2024-05-06,52.5,53.09999847,52.20000076,52.40000153,15359239,0,1,47.50976146,yahoo_bootstrap
2024-05-07,52.70000076,53.09999847,51.79999924,52.79999924,16543023,0,1,47.87242931,yahoo_bootstrap
2024-05-08,54,56,53.90000153,54.40000153,55303888,0,1,49.32311108,yahoo_bootstrap
2024-05-09,54,54.90000153,53.79999924,54.59999847,16280782,0,1,49.50444327,yahoo_bootstrap
2024-05-10,55.09999847,57.20000076,53.79999924,57,67608360,0,1,51.6804642,yahoo_bootstrap
2024-05-13,57,57.29999924,56.20000076,56.79999924,33583197,0,1,51.49912855,yahoo_bootstrap
2024-05-14,56.79999924,59,56.40000153,59,73446070,0,1,53.49381382,yahoo_bootstrap
2024-05-15,56,56,54.5,54.5,102004886,0,1,49.41377717,yahoo_bootstrap
2024-05-16,55,55,53,53,80618630,0,1,48.05376496,yahoo_bootstrap
2024-05-17,53,53.90000153,53,53.5,35729199,0,1,48.50710236,yahoo_bootstrap
2024-05-20,53.79999924,54.5,53.09999847,53.40000153,32017769,0,1,48.41643627,yahoo_bootstrap
2024-05-21,53.79999924,54.70000076,53.59999847,54.5,26220555,0,1,49.41377717,yahoo_bootstrap
2024-05-22,54.79999924,56.40000153,54.40000153,55.70000076,60011901,0,1,50.50178763,yahoo_bootstrap
2024-05-23,55.5,55.59999847,53.70000076,54,45136540,0,1,48.96043977,yahoo_bootstrap
2024-05-24,53.79999924,55,53.70000076,55,23724146,0,1,49.86711458,yahoo_bootstrap
2024-05-27,55.59999847,56.20000076,55.29999924,56,38927944,0,1,50.77378939,yahoo_bootstrap
2024-05-28,56.40000153,57.09999847,55.29999924,56.40000153,50524576,0,1,51.1364607,yahoo_bootstrap
2024-05-29,56.70000076,56.79999924,55.59999847,55.79999924,26020263,0,1,50.59245374,yahoo_bootstrap
2024-05-30,55,55.20000076,54.09999847,54.40000153,27971069,0,1,49.32311108,yahoo_bootstrap
2024-05-31,54.59999847,55.09999847,53.5,53.5,45153596,0,1,48.50710236,yahoo_bootstrap
2024-06-03,54.59999847,56.20000076,54.59999847,54.70000076,56699430,0,1,49.59511282,yahoo_bootstrap
2024-06-04,54.90000153,55.5,54.20000076,54.40000153,26766454,0,1,49.32311108,yahoo_bootstrap
2024-06-05,54.59999847,55.20000076,53.70000076,53.90000153,23427851,0,1,48.86977367,yahoo_bootstrap
2024-06-06,54.5,54.70000076,53.70000076,53.70000076,18964110,0,1,48.68843801,yahoo_bootstrap
2024-06-07,53.79999924,53.79999924,52.70000076,53,28395374,0,1,48.05376496,yahoo_bootstrap
2024-06-11,53.5,54.79999924,52.90000153,52.90000153,48963047,0,1,47.96309886,yahoo_bootstrap
2024-06-12,53.79999924,54.5,53,53.70000076,41365894,0,1,48.68843801,yahoo_bootstrap
2024-06-13,54.40000153,56.40000153,54.09999847,55.70000076,75091399,0,1,50.50178763,yahoo_bootstrap
2024-06-14,56,56.09999847,55,55.40000153,24448033,0,1,50.22978589,yahoo_bootstrap
2024-06-17,55.40000153,55.40000153,54.29999924,54.5,22830100,0,1,49.41377717,yahoo_bootstrap
2024-06-18,54.90000153,55.29999924,54.40000153,54.79999924,12574067,0,1,49.68577893,yahoo_bootstrap
2024-06-19,55.20000076,56.59999847,54.70000076,56.20000076,53327229,0,1,50.95512504,yahoo_bootstrap
2024-06-20,56.90000153,57.70000076,56.09999847,57.20000076,62300865,0,1,51.86179985,yahoo_bootstrap
2024-06-21,57,57,55.79999924,56.59999847,30300268,0,1,51.31779289,yahoo_bootstrap
2024-06-24,57.09999847,57.20000076,56.40000153,57,34042627,0,1,51.6804642,yahoo_bootstrap
2024-06-25,57,57,55,56.70000076,28966687,0,1,51.40846244,yahoo_bootstrap
2024-06-26,56.70000076,57.20000076,55.79999924,56.29999924,20642437,0,1,51.04579114,yahoo_bootstrap
2024-06-27,55.70000076,56,55,55.59999847,15628883,0,1,50.41111808,yahoo_bootstrap
2024-06-28,55.79999924,56.20000076,55.59999847,55.79999924,12598058,0,1,50.59245374,yahoo_bootstrap
2024-07-01,56.20000076,56.70000076,55.59999847,56.20000076,13340683,0,1,50.95512504,yahoo_bootstrap
2024-07-02,56.09999847,56.09999847,55.20000076,55.59999847,13994691,0,1,50.41111808,yahoo_bootstrap
2024-07-03,56.20000076,56.40000153,55.09999847,55.29999924,19562770,0,1,50.13911633,yahoo_bootstrap
2024-07-04,55.90000153,56.59999847,55.70000076,56.09999847,22197174,0,1,50.86445548,yahoo_bootstrap
2024-07-05,56.79999924,58.70000076,56.40000153,56.40000153,65172346,0,1,51.1364607,yahoo_bootstrap
2024-07-08,56.5,56.90000153,55.70000076,56.29999924,25765758,0,1,51.04579114,yahoo_bootstrap
2024-07-09,56.5,56.59999847,55.09999847,56,24312335,0,1,50.77378939,yahoo_bootstrap
2024-07-10,55.90000153,57.29999924,55.40000153,57,45866931,0,1,51.6804642,yahoo_bootstrap
2024-07-11,58.29999924,59.59999847,56,58.09999847,117543774,1.5,1,54.10152957,yahoo_bootstrap
2024-07-12,57.5,59.70000076,56.70000076,59,109756946,0,1,54.93959257,yahoo_bootstrap
2024-07-15,60,61.79999924,56.59999847,56.59999847,133337656,0,1,52.70476026,yahoo_bootstrap
2024-07-16,57.09999847,57.09999847,55.40000153,56.09999847,45987525,0,1,52.2391705,yahoo_bootstrap
2024-07-17,56.70000076,58.20000076,56.40000153,56.40000153,52797252,0,1,52.5185272,yahoo_bootstrap
2024-07-18,55.20000076,55.79999924,54.40000153,54.59999847,63032083,0,1,50.84240119,yahoo_bootstrap
2024-07-19,54.90000153,55.5,53.59999847,53.59999847,37993721,0,1,49.91122166,yahoo_bootstrap
2024-07-22,53.40000153,53.5,50.79999924,51.40000153,39568451,0,1,47.86262953,yahoo_bootstrap
2024-07-23,52,52.40000153,51.29999924,51.59999847,20732679,0,1,48.04886259,yahoo_bootstrap
2024-07-26,50.40000153,50.59999847,49.5,49.5,33774810,0,1,46.09338699,yahoo_bootstrap
2024-07-29,50.5,50.70000076,47,47,50543810,0,1,43.76543815,yahoo_bootstrap
2024-07-30,47,47.45000076,45.90000153,47.29999924,25472250,0,1,44.0447913,yahoo_bootstrap
2024-07-31,46.84999847,48.79999924,46.5,47.70000076,25748295,0,1,44.41726453,yahoo_bootstrap
2024-08-01,49,49.90000153,48.84999847,49.65000153,29773474,0,1,46.23306534,yahoo_bootstrap
2024-08-02,48.04999924,48.84999847,47.5,47.79999924,30943182,0,1,44.51038107,yahoo_bootstrap
2024-08-05,45.5,45.5,43.04999924,43.34999847,44905773,0,1,40.36663142,yahoo_bootstrap
2024-08-06,45.09999847,45.40000153,41.20000076,42.95000076,40303243,0,1,39.99416174,yahoo_bootstrap
2024-08-07,43.04999924,45.20000076,42.84999847,44.70000076,40513893,0,1,41.62372593,yahoo_bootstrap
2024-08-08,44.59999847,45.20000076,43.90000153,44.20000076,35990949,0,1,41.15813616,yahoo_bootstrap
2024-08-09,45.54999924,47.15000153,45.45000076,46.15000153,36097499,0,1,42.97393697,yahoo_bootstrap
2024-08-12,46.95000076,48.34999847,46.79999924,48.29999924,26175405,0,1,44.97597084,yahoo_bootstrap
2024-08-13,48.90000153,48.95000076,47.54999924,47.79999924,24346550,0,1,44.51038107,yahoo_bootstrap
2024-08-14,49.09999847,49.09999847,47,47.70000076,47046794,0,1,44.41726453,yahoo_bootstrap
2024-08-15,47.79999924,48.04999924,47.34999847,47.34999847,16460520,0,1,44.09134956,yahoo_bootstrap
2024-08-16,48,48.15000153,47.54999924,47.54999924,15203823,0,1,44.27758619,yahoo_bootstrap
2024-08-19,47.65000153,47.79999924,47.09999847,47.09999847,12514331,0,1,43.85855468,yahoo_bootstrap
2024-08-20,44.79999924,46.5,44.79999924,45.90000153,53437426,0,1,42.74114209,yahoo_bootstrap
2024-08-21,45.65000153,46.70000076,45.34999847,45.34999847,32056236,0,1,42.22899049,yahoo_bootstrap
2024-08-22,45.54999924,45.70000076,45.15000153,45.40000153,16238627,0,1,42.27555232,yahoo_bootstrap
2024-08-23,45,45.59999847,44.65000153,45.5,15061881,0,1,42.36866885,yahoo_bootstrap
2024-08-26,45.90000153,46.75,45.79999924,46,20009412,0,1,42.83425862,yahoo_bootstrap
2024-08-27,46,46.25,45.5,46,15302816,0,1,42.83425862,yahoo_bootstrap
2024-08-28,46.20000076,46.59999847,45.65000153,46.59999847,13790668,0,1,43.39296491,yahoo_bootstrap
2024-08-29,45.79999924,46.09999847,45.25,45.79999924,19696355,0,1,42.648022,yahoo_bootstrap
2024-08-30,45.90000153,46.09999847,45.54999924,45.59999847,14426036,0,1,42.46178538,yahoo_bootstrap
2024-09-02,45.90000153,45.95000076,45.45000076,45.45000076,9511026,0,1,42.32211058,yahoo_bootstrap
2024-09-03,45.34999847,45.40000153,44.59999847,44.59999847,15993411,0,1,41.53060584,yahoo_bootstrap
2024-09-04,42.59999847,42.90000153,41.25,42.25,28205409,0,1,39.34233536,yahoo_bootstrap
2024-09-05,42.75,43.20000076,41.79999924,41.79999924,15276131,0,1,38.92330386,yahoo_bootstrap
2024-09-06,42.34999847,43.34999847,41.79999924,43.29999924,17721744,0,1,40.32007316,yahoo_bootstrap
2024-09-09,41.65000153,42.59999847,41.65000153,42.25,21500379,0,1,39.34233536,yahoo_bootstrap
2024-09-10,42.79999924,42.79999924,41.25,41.45000076,18314707,0,1,38.59739244,yahoo_bootstrap
2024-09-11,41.65000153,41.90000153,41.34999847,41.34999847,9173868,0,1,38.50427235,yahoo_bootstrap
2024-09-12,42.79999924,43.25,42.54999924,42.84999847,16819195,0,1,39.90104165,yahoo_bootstrap
2024-09-13,42.84999847,43.15000153,42.59999847,43.04999924,8317360,0,1,40.08727828,yahoo_bootstrap
2024-09-16,43.34999847,43.59999847,43.09999847,43.54999924,7301872,0,1,40.55286805,yahoo_bootstrap
2024-09-18,43.59999847,43.70000076,42.5,42.5,12831847,0,1,39.57513024,yahoo_bootstrap
2024-09-19,42.79999924,43.84999847,42.5,43.84999847,12948784,0,1,40.83222119,yahoo_bootstrap
2024-09-20,44.09999847,44.25,43.20000076,43.20000076,19241313,0,1,40.22695662,yahoo_bootstrap
2024-09-23,43.70000076,43.84999847,43.40000153,43.70000076,9283274,0,1,40.69254639,yahoo_bootstrap
2024-09-24,43.65000153,43.65000153,42.79999924,43.29999924,15559466,0,1,40.32007316,yahoo_bootstrap
2024-09-25,43.95000076,44.34999847,43.79999924,43.84999847,20170732,0,1,40.83222119,yahoo_bootstrap
2024-09-26,44.29999924,44.5,43.40000153,43.65000153,17692197,0,1,40.64598813,yahoo_bootstrap
2024-09-27,44.09999847,44.79999924,44.04999924,44.34999847,16306423,0,1,41.29781096,yahoo_bootstrap
2024-09-30,44,44.65000153,43.09999847,43.09999847,20860035,0,1,40.13383654,yahoo_bootstrap
2024-10-01,43.5,44.79999924,43.5,44.40000153,15368930,0,1,41.34437278,yahoo_bootstrap
2024-10-04,44.34999847,44.70000076,43.59999847,43.79999924,17942448,0,1,40.78566293,yahoo_bootstrap
2024-10-07,43.75,43.75,42.70000076,43.20000076,25358288,0,1,40.22695662,yahoo_bootstrap
2024-10-08,42.75,42.84999847,42.20000076,42.20000076,22464380,0,1,39.29577709,yahoo_bootstrap
2024-10-09,43,45.40000153,42.95000076,44.20000076,61208920,0,1,41.15813616,yahoo_bootstrap
2024-10-11,44.5,45.09999847,44.29999924,44.40000153,27620699,0,1,41.34437278,yahoo_bootstrap
2024-10-14,44.5,44.75,44.04999924,44.20000076,12269189,0,1,41.15813616,yahoo_bootstrap
2024-10-15,44.54999924,45.59999847,44.40000153,44.90000153,24114665,0,1,41.80996255,yahoo_bootstrap
2024-10-16,44.25,45.04999924,43.90000153,44.79999924,15793012,0,1,41.71684247,yahoo_bootstrap
2024-10-17,45,45.5,44.84999847,45.5,15776552,0,1,42.36866885,yahoo_bootstrap
2024-10-18,46.20000076,46.59999847,45.15000153,45.5,30241873,0,1,42.36866885,yahoo_bootstrap
2024-10-21,46,46,45.29999924,45.59999847,13848650,0,1,42.46178538,yahoo_bootstrap
2024-10-22,45.70000076,46.34999847,45.54999924,46,18328210,0,1,42.83425862,yahoo_bootstrap
2024-10-23,46.04999924,46.09999847,45.40000153,45.84999847,12434612,0,1,42.69458026,yahoo_bootstrap
2024-10-24,45.54999924,45.95000076,45.20000076,45.20000076,13705917,0,1,42.08931569,yahoo_bootstrap
2024-10-25,45.59999847,46.34999847,45.29999924,46.29999924,18366618,0,1,43.11361177,yahoo_bootstrap
2024-10-28,46.5,46.59999847,45.09999847,45.40000153,18847233,0,1,42.27555232,yahoo_bootstrap
2024-10-29,45.09999847,45.70000076,44.75,45.65000153,13729597,0,1,42.5083472,yahoo_bootstrap
2024-10-30,45.95000076,46.20000076,45.29999924,45.40000153,13352951,0,1,42.27555232,yahoo_bootstrap
2024-11-01,44.5,45.79999924,44.20000076,45.70000076,16140588,0,1,42.55490546,yahoo_bootstrap
2024-11-04,45.70000076,46.04999924,45.25,45.95000076,15195510,0,1,42.78770035,yahoo_bootstrap
2024-11-05,45.59999847,50.29999924,45.59999847,50.20000076,111582774,0,1,46.74521337,yahoo_bootstrap
2024-11-06,52,53.79999924,51.40000153,52.09999847,164756592,0,1,48.51445235,yahoo_bootstrap
2024-11-07,52,53.40000153,51.59999847,52.5,78542483,0,1,48.88692559,yahoo_bootstrap
2024-11-08,53.29999924,54.09999847,51.79999924,52.40000153,76157025,0,1,48.79380906,yahoo_bootstrap
2024-11-11,53.20000076,54.79999924,52.70000076,54.09999847,109603901,0,1,50.37681142,yahoo_bootstrap
2024-11-12,51.59999847,52.29999924,50.5,50.59999847,106929129,0,1,47.11768305,yahoo_bootstrap
2024-11-13,50.29999924,51.5,50.20000076,51,37351536,0,1,47.49015629,yahoo_bootstrap
2024-11-14,50.79999924,51.09999847,49.5,50,32203986,0,1,46.55897676,yahoo_bootstrap
2024-11-15,50.59999847,50.59999847,49.25,49.25,23937868,0,1,45.8605921,yahoo_bootstrap
2024-11-18,49.29999924,51.09999847,48.90000153,48.90000153,44520722,0,1,45.53468069,yahoo_bootstrap
2024-11-19,49,50.20000076,49,49.20000076,25227442,0,1,45.81403384,yahoo_bootstrap
2024-11-20,49,49,49,49,48477593,0,1,45.62779722,yahoo_bootstrap
2024-11-21,49,52,48.70000076,51,62789648,0,1,47.49015629,yahoo_bootstrap
2024-11-22,51.90000153,52.20000076,50.70000076,50.70000076,46983378,0,1,47.21080314,yahoo_bootstrap
2024-11-25,50.90000153,51.29999924,50.20000076,50.20000076,31243751,0,1,46.74521337,yahoo_bootstrap
2024-11-26,49.84999847,51.40000153,49.59999847,50.79999924,29076622,0,1,47.30391968,yahoo_bootstrap
2024-11-27,50.70000076,51.20000076,48.84999847,48.84999847,31809113,0,1,45.48811887,yahoo_bootstrap
2024-11-28,49,49.29999924,48,48.20000076,24411966,0,1,44.8828543,yahoo_bootstrap
2024-11-29,47.84999847,49.40000153,47.79999924,49,17045121,0,1,45.62779722,yahoo_bootstrap
2024-12-02,49.5,49.70000076,48.75,48.95000076,15608199,0,1,45.58123895,yahoo_bootstrap
2024-12-03,49.40000153,50.20000076,49.40000153,50,15252772,0,1,46.55897676,yahoo_bootstrap
2024-12-04,50.09999847,50.70000076,49.79999924,50.59999847,13275789,0,1,47.11768305,yahoo_bootstrap
2024-12-05,50.90000153,51.09999847,50.20000076,50.20000076,14491235,0,1,46.74521337,yahoo_bootstrap
2024-12-06,50.40000153,50.90000153,50.20000076,50.5,9150394,0,1,47.02456652,yahoo_bootstrap
2024-12-09,50.5,51.20000076,50.29999924,50.29999924,12901613,0,1,46.83832991,yahoo_bootstrap
2024-12-10,50.79999924,51,49.29999924,49.40000153,16001780,0,1,46.00027046,yahoo_bootstrap
2024-12-11,48.90000153,50.29999924,48.90000153,49.59999847,12488097,0,1,46.18650352,yahoo_bootstrap
2024-12-12,50,51.40000153,49.54999924,51,29940008,0,1,47.49015629,yahoo_bootstrap
2024-12-13,50.59999847,50.70000076,49.54999924,49.59999847,17455285,0,1,46.18650352,yahoo_bootstrap
2024-12-16,50,50,48.5,48.5,13520137,0,1,45.16220745,yahoo_bootstrap
2024-12-17,48.59999847,49.65000153,48.59999847,49.65000153,12234166,0,1,46.23306534,yahoo_bootstrap
2024-12-18,49.40000153,49.59999847,48.65000153,49.15000153,10847218,0,1,45.76747558,yahoo_bootstrap
2024-12-19,48,50.20000076,47.90000153,50.20000076,15099206,0,1,46.74521337,yahoo_bootstrap
2024-12-20,49.75,50.5,49.45000076,49.45000076,27836132,0,1,46.04682872,yahoo_bootstrap
2024-12-23,50,50.90000153,50,50.20000076,18969592,0,1,46.74521337,yahoo_bootstrap
2024-12-24,50.70000076,50.79999924,50.09999847,50.40000153,12261748,0,1,46.93144999,yahoo_bootstrap
2024-12-25,50.79999924,50.79999924,50.09999847,50.5,10674765,0,1,47.02456652,yahoo_bootstrap
2024-12-26,50.5,51.29999924,50.20000076,50.5,14308953,0,1,47.02456652,yahoo_bootstrap
2024-12-27,50.90000153,51.20000076,50.20000076,50.79999924,11014487,0,1,47.30391968,yahoo_bootstrap
2024-12-30,51,51,50.29999924,50.40000153,6666251,0,1,46.93144999,yahoo_bootstrap
2024-12-31,50.09999847,50.40000153,49.84999847,50.09999847,6779638,0,1,46.65209328,yahoo_bootstrap
2025-01-02,50.29999924,51.59999847,50.09999847,50.70000076,20695310,0,1,47.21080314,yahoo_bootstrap
2025-01-03,51.29999924,52.5,50.59999847,52,38004823,0,1,48.42133583,yahoo_bootstrap
2025-01-06,52.90000153,53.70000076,52.20000076,52.5,41957448,0,1,48.88692559,yahoo_bootstrap
2025-01-07,53.09999847,53.29999924,51.70000076,51.70000076,25637249,0,1,48.14198267,yahoo_bootstrap
2025-01-08,51.59999847,52.70000076,51.59999847,52.59999847,17739521,0,1,48.98004212,yahoo_bootstrap
2025-01-09,52.09999847,52.40000153,50.79999924,50.79999924,19501430,0,1,47.30391968,yahoo_bootstrap
2025-01-10,51.5,51.70000076,50.09999847,50.29999924,19769408,0,1,46.83832991,yahoo_bootstrap
2025-01-13,50.29999924,51,49.90000153,50,25213616,0,1,46.55897676,yahoo_bootstrap
2025-01-14,50.70000076,50.70000076,48.84999847,49.90000153,28996389,0,1,46.46586023,yahoo_bootstrap
2025-01-15,50.20000076,50.40000153,48.59999847,48.59999847,16201660,0,1,45.25532398,yahoo_bootstrap
2025-01-16,49.54999924,49.90000153,49.09999847,49.20000076,9817948,0,1,45.81403384,yahoo_bootstrap
2025-01-17,49.45000076,49.45000076,48.95000076,49.40000153,9025954,0,1,46.00027046,yahoo_bootstrap
2025-01-20,49.70000076,50.20000076,49.40000153,49.95000076,9427604,0,1,46.51241849,yahoo_bootstrap
2025-01-21,50.29999924,50.70000076,49.90000153,49.90000153,14783355,0,1,46.46586023,yahoo_bootstrap
2025-01-22,50.09999847,50.29999924,48.84999847,49.29999924,18824922,0,1,45.90715037,yahoo_bootstrap
2025-02-03,46.29999924,46.40000153,45.09999847,46,27402436,0,1,42.83425862,yahoo_bootstrap
2025-02-04,46.75,46.75,44.5,44.5,24784868,0,1,41.43748931,yahoo_bootstrap
2025-02-05,45,45.65000153,45,45.45000076,9223669,0,1,42.32211058,yahoo_bootstrap
2025-02-06,46,46,45.40000153,45.70000076,8626092,0,1,42.55490546,yahoo_bootstrap
2025-02-07,45.79999924,46.15000153,45.5,45.79999924,12706397,0,1,42.648022,yahoo_bootstrap
2025-02-10,45.59999847,45.65000153,44.79999924,44.90000153,14110240,0,1,41.80996255,yahoo_bootstrap
2025-02-11,45.09999847,45.75,45.04999924,45.5,9229367,0,1,42.36866885,yahoo_bootstrap
2025-02-12,45.79999924,46.45000076,45.59999847,46.45000076,17563138,0,1,43.25329011,yahoo_bootstrap
2025-02-13,47.04999924,49.75,47.04999924,48,42049804,0,1,44.69661769,yahoo_bootstrap
2025-02-14,47.59999847,47.75,47,47.45000076,16646863,0,1,44.18446965,yahoo_bootstrap
2025-02-17,47.90000153,48.04999924,47.40000153,47.95000076,13023597,0,1,44.65005942,yahoo_bootstrap
2025-02-18,49.90000153,49.90000153,48.09999847,48.5,26899508,0,1,45.16220745,yahoo_bootstrap
2025-02-19,48.40000153,48.54999924,46.95000076,46.95000076,35095115,0,1,43.71887988,yahoo_bootstrap
2025-02-20,47.04999924,47.34999847,46.59999847,46.59999847,17280532,0,1,43.39296491,yahoo_bootstrap
2025-02-21,46.65000153,48.5,46.65000153,48.5,28985849,0,1,45.16220745,yahoo_bootstrap
2025-02-24,47.84999847,48.65000153,47.65000153,48.5,17741931,0,1,45.16220745,yahoo_bootstrap
2025-02-25,48.5,48.5,47.5,47.70000076,13312526,0,1,44.41726453,yahoo_bootstrap
2025-02-26,47.34999847,47.95000076,47.04999924,47.95000076,10773628,0,1,44.65005942,yahoo_bootstrap
2025-02-27,48,48,46.5,46.5,22390837,0,1,43.29984838,yahoo_bootstrap
2025-03-03,45.95000076,46.75,45.84999847,46.34999847,12118945,0,1,43.16017003,yahoo_bootstrap
2025-03-04,45.95000076,47.65000153,45.59999847,47.5,13974941,0,1,44.23102792,yahoo_bootstrap
2025-03-05,47.54999924,47.79999924,47.25,47.65000153,7098739,0,1,44.37070627,yahoo_bootstrap
2025-03-06,47.90000153,47.90000153,46.95000076,46.95000076,11364039,0,1,43.71887988,yahoo_bootstrap
2025-03-07,47.25,49.34999847,47.20000076,48.95000076,59689268,0,1,45.58123895,yahoo_bootstrap
2025-03-10,49,49.20000076,48,48.09999847,22320254,0,1,44.78973421,yahoo_bootstrap
2025-03-11,47.29999924,48.29999924,47.04999924,47.79999924,20978158,0,1,44.51038107,yahoo_bootstrap
2025-03-12,47.65000153,47.65000153,46.65000153,46.65000153,31577936,0,1,43.43952674,yahoo_bootstrap
2025-03-13,47.20000076,47.45000076,46,46,12822221,0,1,42.83425862,yahoo_bootstrap
2025-03-14,46.45000076,46.75,45.79999924,46.5,11173597,0,1,43.29984838,yahoo_bootstrap
2025-03-17,46.84999847,47.15000153,46.54999924,46.65000153,6711378,0,1,43.43952674,yahoo_bootstrap
2025-03-18,47.09999847,47.70000076,47.09999847,47.59999847,11749074,0,1,44.32414445,yahoo_bootstrap
2025-03-19,47.79999924,47.79999924,47.09999847,47.09999847,10100313,0,1,43.85855468,yahoo_bootstrap
2025-03-20,47.75,47.79999924,47.04999924,47.25,5648353,0,1,43.99823303,yahoo_bootstrap
2025-03-21,47.29999924,47.5,46.90000153,47.5,9100404,0,1,44.23102792,yahoo_bootstrap
2025-03-24,47.34999847,47.5,46,46,16561225,0,1,42.83425862,yahoo_bootstrap
2025-03-25,46.40000153,46.54999924,45.54999924,45.54999924,11668222,0,1,42.41522712,yahoo_bootstrap
2025-03-26,45.59999847,46.09999847,45.54999924,45.84999847,8710067,0,1,42.69458026,yahoo_bootstrap
2025-03-27,45.09999847,45.5,44.20000076,44.70000076,19107683,0,1,41.62372593,yahoo_bootstrap
2025-03-28,44.15000153,44.20000076,43.34999847,44.04999924,18756053,0,1,41.01845781,yahoo_bootstrap
2025-03-31,41.79999924,42.59999847,41.34999847,42.20000076,26603256,0,1,39.29577709,yahoo_bootstrap
2025-04-01,42.45000076,43.34999847,41.79999924,43.29999924,15449611,0,1,40.32007316,yahoo_bootstrap
2025-04-02,42.84999847,43.40000153,42.59999847,42.84999847,11790981,0,1,39.90104165,yahoo_bootstrap
2025-04-07,38.59999847,38.59999847,38.59999847,38.59999847,4420903,0,1,35.94352863,yahoo_bootstrap
2025-04-08,34.75,36.75,34.75,36.70000076,48362199,0,1,34.17428965,yahoo_bootstrap
2025-04-09,36.45000076,37.70000076,33.29999924,33.90000153,47313762,0,1,31.56698766,yahoo_bootstrap
2025-04-10,37.25,37.25,37.25,37.25,4692865,0,1,34.68643768,yahoo_bootstrap
2025-04-11,37.09999847,40,35.79999924,40,31333410,0,1,37.2471814,yahoo_bootstrap
2025-04-14,41.15000153,43.5,41.15000153,41.65000153,29940890,0,1,38.78362906,yahoo_bootstrap
2025-04-15,41.95000076,41.95000076,40.90000153,41.34999847,17876593,0,1,38.50427235,yahoo_bootstrap
2025-04-16,40.79999924,40.90000153,40.29999924,40.40000153,13202998,0,1,37.61965464,yahoo_bootstrap
2025-04-17,40.04999924,40.95000076,39.84999847,40.40000153,10559336,0,1,37.61965464,yahoo_bootstrap
2025-04-18,40.04999924,40.5,39.79999924,39.79999924,12545297,0,1,37.06094479,yahoo_bootstrap
2025-04-21,39.90000153,40.15000153,39.65000153,39.84999847,9450546,0,1,37.10750305,yahoo_bootstrap
2025-04-22,39.5,40,39.20000076,39.34999847,10018860,0,1,36.64191328,yahoo_bootstrap
2025-04-23,40.09999847,40.5,40.04999924,40.29999924,7396562,0,1,37.52653456,yahoo_bootstrap
2025-04-24,40.20000076,40.40000153,39.75,39.90000153,7744359,0,1,37.15406488,yahoo_bootstrap
2025-04-25,40.45000076,41,40.20000076,40.20000076,7979896,0,1,37.43341802,yahoo_bootstrap
2025-04-28,40.09999847,40.79999924,40.09999847,40.70000076,8591823,0,1,37.89900779,yahoo_bootstrap
2025-04-29,40.90000153,42.09999847,40.90000153,41.5,14546512,0,1,38.64395071,yahoo_bootstrap
2025-04-30,41.65000153,41.65000153,40.65000153,40.65000153,8269075,0,1,37.85244953,yahoo_bootstrap
2025-05-02,40.90000153,41.70000076,40.75,41.70000076,12309103,0,1,38.83018732,yahoo_bootstrap
2025-05-05,42.29999924,42.29999924,40.59999847,40.79999924,10440859,0,1,37.99212432,yahoo_bootstrap
2025-05-06,41,41.70000076,40.75,41.29999924,10306443,0,1,38.45771409,yahoo_bootstrap
2025-05-07,41.09999847,41.29999924,40.25,40.29999924,13335029,0,1,37.52653456,yahoo_bootstrap
2025-05-08,41.20000076,41.65000153,40.84999847,41.25,14059072,0,1,38.41115582,yahoo_bootstrap
2025-05-09,41.54999924,41.70000076,41.15000153,41.40000153,9937366,0,1,38.55083418,yahoo_bootstrap
2025-05-12,42,42.59999847,41.95000076,42.59999847,12275219,0,1,39.66824677,yahoo_bootstrap
2025-05-13,43.79999924,43.79999924,42.70000076,42.90000153,14015862,0,1,39.94760348,yahoo_bootstrap
2025-05-14,42.84999847,42.84999847,42.09999847,42.20000076,22795689,0,1,39.29577709,yahoo_bootstrap
2025-05-15,42.34999847,42.70000076,41.75,41.75,15282272,0,1,38.87674559,yahoo_bootstrap
2025-05-16,41.70000076,42.09999847,41.15000153,41.29999924,21081045,0,1,38.45771409,yahoo_bootstrap
2025-05-19,41.29999924,42,41.15000153,41.45000076,10600319,0,1,38.59739244,yahoo_bootstrap
2025-05-20,41.95000076,42.29999924,41.29999924,41.29999924,10345930,0,1,38.45771409,yahoo_bootstrap
2025-05-21,41.54999924,42.45000076,41.54999924,42.45000076,13145294,0,1,39.52857197,yahoo_bootstrap
2025-05-22,42,42.09999847,41.54999924,42.09999847,12952421,0,1,39.202657,yahoo_bootstrap
2025-05-23,41.84999847,41.90000153,41.29999924,41.5,15690982,0,1,38.64395071,yahoo_bootstrap
2025-05-26,41.59999847,42.59999847,41.59999847,42.59999847,23688774,0,1,39.66824677,yahoo_bootstrap
2025-05-27,42.40000153,42.45000076,41.59999847,41.59999847,23640378,0,1,38.73706724,yahoo_bootstrap
2025-05-28,42.09999847,42.20000076,41.5,41.84999847,23939229,0,1,38.96986212,yahoo_bootstrap
2025-05-29,42.34999847,42.5,41.54999924,42.15000153,37861090,0,1,39.24921883,yahoo_bootstrap
2025-06-02,41.95000076,41.95000076,40.15000153,40.40000153,29182983,0,1,37.61965464,yahoo_bootstrap
2025-06-03,40.84999847,40.84999847,40.09999847,40.54999924,26652719,0,1,37.75932944,yahoo_bootstrap
2025-06-04,40.65000153,41.59999847,40.65000153,41.59999847,16919635,0,1,38.73706724,yahoo_bootstrap
2025-06-05,41.65000153,41.79999924,41.45000076,41.59999847,9294042,0,1,38.73706724,yahoo_bootstrap
2025-06-06,41.54999924,41.59999847,41,41.09999847,8751015,0,1,38.27147747,yahoo_bootstrap
2025-06-09,41.59999847,41.59999847,41.09999847,41.40000153,6341330,0,1,38.55083418,yahoo_bootstrap
2025-06-10,41.5,42,41.40000153,41.84999847,8547855,0,1,38.96986212,yahoo_bootstrap
2025-06-11,42.15000153,42.15000153,41.75,42.09999847,6431350,0,1,39.202657,yahoo_bootstrap
2025-06-12,42.09999847,43.25,41.95000076,43.04999924,18379180,0,1,40.08727828,yahoo_bootstrap
2025-06-13,42.90000153,44.09999847,42.54999924,43.79999924,22048174,0,1,40.78566293,yahoo_bootstrap
2025-06-16,43.29999924,43.90000153,43.04999924,43.90000153,10913263,0,1,40.87878302,yahoo_bootstrap
2025-06-17,44.09999847,44.40000153,42.75,42.79999924,13339118,0,1,39.8544834,yahoo_bootstrap
2025-06-18,42.65000153,43,42.04999924,42.25,9969159,0,1,39.34233536,yahoo_bootstrap
2025-06-19,42.09999847,42.15000153,41.20000076,41.20000076,10904839,0,1,38.36459755,yahoo_bootstrap
2025-06-20,41.45000076,41.5,40.29999924,40.34999847,16631706,0,1,37.57309282,yahoo_bootstrap
2025-06-23,40,40.34999847,39.59999847,40.20000076,13065056,0,1,37.43341802,yahoo_bootstrap
2025-06-24,41,41.40000153,40.79999924,41.04999924,10586270,0,1,38.22491921,yahoo_bootstrap
2025-06-25,41.25,41.54999924,41.15000153,41.29999924,14800268,0,1,38.45771409,yahoo_bootstrap
2025-06-26,41.59999847,42.20000076,41.5,42.09999847,17006178,0,1,39.202657,yahoo_bootstrap
2025-06-27,42.25,42.5,42,42.5,9341328,0,1,39.57513024,yahoo_bootstrap
2025-06-30,42.59999847,43,42.25,42.29999924,11740881,0,1,39.38889363,yahoo_bootstrap
2025-07-01,42.59999847,43.29999924,42.5,42.79999924,8743071,0,1,39.8544834,yahoo_bootstrap
2025-07-02,42.79999924,44,42.75,44,19006039,0,1,40.97189954,yahoo_bootstrap
2025-07-03,45.15000153,45.20000076,43.79999924,44.34999847,19062256,0,1,41.29781096,yahoo_bootstrap
2025-07-04,44.29999924,44.45000076,43.75,44,14062161,0,1,40.97189954,yahoo_bootstrap
2025-07-07,44.25,44.40000153,43.59999847,43.65000153,11696356,0,1,40.64598813,yahoo_bootstrap
2025-07-08,43.5,43.54999924,42.59999847,42.59999847,11713203,0,1,39.66824677,yahoo_bootstrap
2025-07-09,42.84999847,44.20000076,42.70000076,44,21529918,0,1,40.97189954,yahoo_bootstrap
2025-07-10,42.5,42.54999924,41.25,41.70000076,22659520,1.7,1,40.39073859,yahoo_bootstrap
2025-07-11,41.75,42,41.40000153,42,9348342,0,1,40.6813187,yahoo_bootstrap
2025-07-14,41.79999924,42,41.5,41.65000153,8667684,0,1,40.34230919,yahoo_bootstrap
2025-07-15,41.5,44.79999924,41.20000076,43.79999924,39366331,0,1,42.42480305,yahoo_bootstrap
2025-07-16,43.79999924,43.79999924,42.5,42.5,22699834,0,1,41.16562011,yahoo_bootstrap
2025-07-17,42.54999924,43.04999924,42.40000153,42.45000076,10487190,0,1,41.1171907,yahoo_bootstrap
2025-07-18,43.15000153,43.79999924,43.04999924,43.20000076,15384318,0,1,41.84364282,yahoo_bootstrap
2025-07-21,43,43.59999847,42.95000076,43.40000153,13513997,0,1,42.03736414,yahoo_bootstrap
2025-07-22,43.45000076,43.90000153,42.25,42.34999847,18158710,0,1,41.0203282,yahoo_bootstrap
2025-07-23,42.84999847,42.90000153,42.5,42.75,12633961,0,1,41.40777082,yahoo_bootstrap
2025-07-24,43.04999924,43.54999924,42.45000076,42.70000076,18442150,0,1,41.35934141,yahoo_bootstrap
2025-07-25,42.84999847,43.5,42.84999847,43.29999924,17470245,0,1,41.94050163,yahoo_bootstrap
2025-07-28,43.65000153,43.84999847,43.04999924,43.75,11916662,0,1,42.37637364,yahoo_bootstrap
2025-07-29,44.09999847,44.09999847,43.04999924,43.65000153,10305265,0,1,42.27951484,yahoo_bootstrap
2025-07-30,43.90000153,44.34999847,43.54999924,44.15000153,14282575,0,1,42.76381626,yahoo_bootstrap
2025-07-31,44.34999847,44.5,43.90000153,44.5,22250826,0,1,43.10282576,yahoo_bootstrap
2025-08-04,43.79999924,43.79999924,43.20000076,43.65000153,10329842,0,1,42.27951484,yahoo_bootstrap
2025-08-05,44.09999847,44.5,43.95000076,44.5,13180877,0,1,43.10282576,yahoo_bootstrap
2025-08-06,44.59999847,44.59999847,43.90000153,43.95000076,9355138,0,1,42.57009494,yahoo_bootstrap
2025-08-07,44.40000153,44.54999924,43.65000153,44.20000076,17594798,0,1,42.81224565,yahoo_bootstrap
2025-08-08,43.90000153,43.95000076,42.70000076,42.79999924,23540658,0,1,41.45620022,yahoo_bootstrap
2025-08-11,42.75,43.09999847,42.40000153,42.84999847,7879545,0,1,41.50462962,yahoo_bootstrap
2025-08-12,42.84999847,42.84999847,42.04999924,42.09999847,17721126,0,1,40.7781775,yahoo_bootstrap
2025-08-13,42.25,42.45000076,41.54999924,41.90000153,20963082,0,1,40.5844599,yahoo_bootstrap
2025-08-14,42.04999924,42.15000153,41.59999847,41.75,14140733,0,1,40.43916799,yahoo_bootstrap
2025-08-15,42,42,40.84999847,41.15000153,19441867,0,1,39.85800778,yahoo_bootstrap
2025-08-18,41.20000076,41.70000076,40.90000153,41.70000076,18738810,0,1,40.39073859,yahoo_bootstrap
2025-08-19,41.40000153,41.40000153,40.84999847,40.90000153,12514904,0,1,39.61585707,yahoo_bootstrap
2025-08-20,40.90000153,41.29999924,40.70000076,41.20000076,15248385,0,1,39.90643717,yahoo_bootstrap
2025-08-21,41.29999924,41.34999847,40.75,40.90000153,12620279,0,1,39.61585707,yahoo_bootstrap
2025-08-22,41,41.70000076,40.90000153,40.90000153,14126545,0,1,39.61585707,yahoo_bootstrap
2025-08-25,41.40000153,41.59999847,40.90000153,41,9999853,0,1,39.71271587,yahoo_bootstrap
2025-08-26,41.04999924,41.40000153,40.95000076,41.40000153,10734432,0,1,40.10015848,yahoo_bootstrap
2025-08-27,41.65000153,41.79999924,41.40000153,41.40000153,9210757,0,1,40.10015848,yahoo_bootstrap
2025-08-28,41.5,41.59999847,41.20000076,41.34999847,6975650,0,1,40.05172538,yahoo_bootstrap
2025-08-29,41.70000076,41.95000076,41.15000153,41.15000153,11537102,0,1,39.85800778,yahoo_bootstrap
2025-09-01,41.15000153,41.15000153,40.29999924,40.90000153,14117481,0,1,39.61585707,yahoo_bootstrap
2025-09-02,41.54999924,41.54999924,40.45000076,40.54999924,13303813,0,1,39.27684386,yahoo_bootstrap
2025-09-03,40.70000076,40.84999847,40.5,40.54999924,4972700,0,1,39.27684386,yahoo_bootstrap
2025-09-04,40.84999847,41.45000076,40.84999847,41.29999924,8973428,0,1,40.00329598,yahoo_bootstrap
2025-09-05,41.65000153,41.70000076,41.15000153,41.70000076,8745830,0,1,40.39073859,yahoo_bootstrap
2025-09-08,41.84999847,42.20000076,41.5,41.84999847,9826932,0,1,40.53602679,yahoo_bootstrap
2025-09-09,42.54999924,42.59999847,41.90000153,42.20000076,17715558,0,1,40.87504,yahoo_bootstrap
2025-09-10,42.34999847,42.40000153,41.70000076,42,16095603,0,1,40.6813187,yahoo_bootstrap
2025-09-11,42.29999924,42.40000153,41.70000076,41.70000076,12451999,0,1,40.39073859,yahoo_bootstrap
2025-09-12,42,44,42,43.40000153,44196080,0,1,42.03736414,yahoo_bootstrap
2025-09-15,43.79999924,43.90000153,43.20000076,43.59999847,15433976,0,1,42.23108174,yahoo_bootstrap
2025-09-16,43.75,43.75,42.90000153,43.25,13516514,0,1,41.89207223,yahoo_bootstrap
2025-09-17,43.25,43.5,42.65000153,42.75,8897890,0,1,41.40777082,yahoo_bootstrap
2025-09-18,42.95000076,43.29999924,42.59999847,43.29999924,8819721,0,1,41.94050163,yahoo_bootstrap
2025-09-19,43.59999847,45.45000076,43.54999924,44.54999924,38427204,0,1,43.15125517,yahoo_bootstrap
2025-09-22,45.09999847,45.34999847,44.34999847,44.65000153,15619454,0,1,43.24811767,yahoo_bootstrap
2025-09-23,44.95000076,45.29999924,44.75,45,19073916,0,1,43.58712718,yahoo_bootstrap
2025-09-24,45.20000076,45.20000076,44.09999847,44.65000153,13802845,0,1,43.24811767,yahoo_bootstrap
2025-09-25,45.09999847,48.5,45.09999847,47.09999847,64742738,0,1,45.62119163,yahoo_bootstrap
2025-09-26,47.09999847,47.15000153,44.54999924,44.90000153,30668648,0,1,43.49026837,yahoo_bootstrap
2025-09-30,45.65000153,47,45.20000076,45.75,24085951,0,1,44.3135793,yahoo_bootstrap
2025-10-01,45.65000153,47.20000076,44.95000076,45.04999924,27443043,0,1,43.63555658,yahoo_bootstrap
2025-10-02,45.5,46.40000153,45.20000076,45.5,12991988,0,1,44.07142859,yahoo_bootstrap
2025-10-03,45.65000153,45.75,45.15000153,45.75,10392282,0,1,44.3135793,yahoo_bootstrap
2025-10-07,46.70000076,47.25,46.25,46.5,34266246,0,1,45.04003141,yahoo_bootstrap
2025-10-08,46.79999924,47.59999847,46.59999847,46.90000153,39411214,0,1,45.42747403,yahoo_bootstrap
2025-10-09,47.34999847,48,46.25,46.34999847,28528845,0,1,44.89473951,yahoo_bootstrap
2025-10-13,44,45.25,43.84999847,45.25,22408568,0,1,43.82927788,yahoo_bootstrap
2025-10-14,45.25,45.40000153,43,43.04999924,26088943,0,1,41.69835093,yahoo_bootstrap
2025-10-15,43.59999847,43.59999847,42.90000153,43.40000153,7343281,0,1,42.03736414,yahoo_bootstrap
2025-10-16,44,44.09999847,43.5,43.79999924,8192959,0,1,42.42480305,yahoo_bootstrap
2025-10-17,43.79999924,44.75,43.70000076,43.84999847,10999260,0,1,42.47323244,yahoo_bootstrap
2025-10-20,44.29999924,45.40000153,44.04999924,45.09999847,12541052,0,1,43.68398598,yahoo_bootstrap
2025-10-21,45.29999924,45.70000076,44.90000153,45.40000153,13004048,0,1,43.97456979,yahoo_bootstrap
2025-10-22,44.79999924,46.09999847,44.79999924,46,19561607,0,1,44.55573,yahoo_bootstrap
2025-10-23,46,46.70000076,45.59999847,45.84999847,15283032,0,1,44.4104381,yahoo_bootstrap
2025-10-27,46.90000153,47.65000153,46.40000153,46.75,18699019,0,1,45.28218212,yahoo_bootstrap
2025-10-28,47,47,46.15000153,47,15115249,0,1,45.52433283,yahoo_bootstrap
2025-10-29,47.5,49.79999924,47.29999924,47.54999924,48400364,0,1,46.05706365,yahoo_bootstrap
2025-10-30,47.40000153,47.75,46.15000153,46.70000076,18031987,0,1,45.23375272,yahoo_bootstrap
2025-10-31,47.15000153,47.15000153,45.90000153,45.90000153,11496204,0,1,44.4588712,yahoo_bootstrap
2025-11-03,46.25,46.25,45.29999924,45.54999924,8744011,0,1,44.11985799,yahoo_bootstrap
2025-11-04,45.40000153,45.90000153,44.25,44.29999924,11633616,0,1,42.90910446,yahoo_bootstrap
2025-11-05,43.79999924,43.79999924,43.09999847,43.54999924,15558483,0,1,42.18265234,yahoo_bootstrap
2025-11-06,43.54999924,43.70000076,43.04999924,43.20000076,14425401,0,1,41.84364282,yahoo_bootstrap
2025-11-07,43.04999924,43.15000153,42.25,42.34999847,13382152,0,1,41.0203282,yahoo_bootstrap
2025-11-10,42.75,43.45000076,42.5,43.29999924,10450461,0,1,41.94050163,yahoo_bootstrap
2025-11-11,43.5,43.5,42,42,14562453,0,1,40.6813187,yahoo_bootstrap
2025-11-12,42.79999924,43.79999924,42.59999847,42.79999924,21252671,0,1,41.45620022,yahoo_bootstrap
2025-11-13,43,43.75,43,43.65000153,20725833,0,1,42.27951484,yahoo_bootstrap
2025-11-14,43.20000076,43.20000076,42.20000076,42.25,19133389,0,1,40.9234694,yahoo_bootstrap
2025-11-17,42.25,42.54999924,41.59999847,41.59999847,13951282,0,1,40.29387608,yahoo_bootstrap
2025-11-18,41.5,41.75,40.65000153,40.84999847,16571120,0,1,39.56742397,yahoo_bootstrap
2025-11-19,40.95000076,41.25,40.5,40.65000153,10064187,0,1,39.37370636,yahoo_bootstrap
2025-11-20,41.59999847,41.90000153,41.40000153,41.70000076,9132620,0,1,40.39073859,yahoo_bootstrap
2025-11-21,41.25,41.59999847,40.70000076,40.79999924,12044721,0,1,39.51899457,yahoo_bootstrap
2025-11-24,41.15000153,41.5,40.79999924,41.04999924,15006005,0,1,39.76114528,yahoo_bootstrap
2025-11-25,41.40000153,41.45000076,41,41.04999924,8555761,0,1,39.76114528,yahoo_bootstrap
2025-11-26,41.95000076,44.29999924,41.95000076,43.40000153,41696948,0,1,42.03736414,yahoo_bootstrap
2025-11-27,43.59999847,44.25,43.09999847,43.5,26688681,0,1,42.13422294,yahoo_bootstrap
2025-11-28,44.25,44.29999924,43.29999924,43.59999847,22952206,0,1,42.23108174,yahoo_bootstrap
2025-12-01,43.5,45.20000076,43.34999847,44.04999924,24398311,0,1,42.66695375,yahoo_bootstrap
2025-12-02,44.59999847,44.70000076,43.84999847,44.15000153,15256248,0,1,42.76381626,yahoo_bootstrap
2025-12-03,44.15000153,45.20000076,44.04999924,45.09999847,20047742,0,1,43.68398598,yahoo_bootstrap
2025-12-04,45.40000153,46.09999847,45.20000076,46.04999924,21836722,0,1,44.60415941,yahoo_bootstrap
2025-12-05,46.15000153,48,45.90000153,47.09999847,49227230,0,1,45.62119163,yahoo_bootstrap
2025-12-08,47.84999847,47.84999847,46.90000153,47.29999924,20134415,0,1,45.81491294,yahoo_bootstrap
2025-12-09,46.95000076,46.95000076,45.09999847,45.40000153,26787329,0,1,43.97456979,yahoo_bootstrap
2025-12-10,45.29999924,45.29999924,44,44.5,18331378,0,1,43.10282576,yahoo_bootstrap
2025-12-11,44.79999924,44.79999924,43.84999847,44.04999924,9450830,0,1,42.66695375,yahoo_bootstrap
2025-12-12,44.34999847,44.40000153,43.59999847,43.65000153,7471509,0,1,42.27951484,yahoo_bootstrap
2025-12-15,43.5,43.5,42.84999847,43.34999847,7896398,0,1,41.98893103,yahoo_bootstrap
2025-12-16,42.84999847,43,42.40000153,42.5,10377776,0,1,41.16562011,yahoo_bootstrap
2025-12-17,42.5,43.04999924,42.34999847,42.34999847,9175227,0,1,41.0203282,yahoo_bootstrap
2025-12-18,42.29999924,42.54999924,42.15000153,42.20000076,7255491,0,1,40.87504,yahoo_bootstrap
2025-12-19,42.65000153,43,42.54999924,43,7893572,0,1,41.64992152,yahoo_bootstrap
2025-12-22,43.45000076,43.5,43.04999924,43.09999847,6444376,0,1,41.74678032,yahoo_bootstrap
2025-12-23,43.25,43.40000153,42.59999847,43.04999924,10586938,0,1,41.69835093,yahoo_bootstrap
2025-12-24,43.5,43.75,42.90000153,43.15000153,17594000,0,1,41.79521343,yahoo_bootstrap
2025-12-26,43.34999847,43.34999847,42.5,42.5,10403085,0,1,41.16562011,yahoo_bootstrap
2025-12-29,42.59999847,42.90000153,42.29999924,42.5,5603225,0,1,41.16562011,yahoo_bootstrap
2025-12-30,42.5,42.5,42.04999924,42.29999924,7846517,0,1,40.97189881,yahoo_bootstrap
2025-12-31,42.59999847,43.40000153,42.54999924,42.90000153,16714757,0,1,41.55306272,yahoo_bootstrap
2026-01-02,43.5,44.75,43.34999847,44.54999924,23118757,0,1,43.15125517,yahoo_bootstrap
2026-01-05,45.04999924,45.04999924,43.75,43.84999847,16382062,0,1,42.47323244,yahoo_bootstrap
2026-01-06,44.29999924,44.29999924,43,43.20000076,14835866,0,1,41.84364282,yahoo_bootstrap
2026-01-07,43.29999924,43.95000076,43.20000076,43.84999847,11878144,0,1,42.47323244,yahoo_bootstrap
2026-01-08,44,44,42.84999847,42.90000153,11733324,0,1,41.55306272,yahoo_bootstrap
2026-01-09,43.15000153,43.15000153,42.29999924,42.90000153,9056242,0,1,41.55306272,yahoo_bootstrap
2026-01-12,43.04999924,43.90000153,43,43.65000153,10681563,0,1,42.27951484,yahoo_bootstrap
2026-01-13,43.90000153,44.45000076,43.20000076,43.34999847,11302035,0,1,41.98893103,yahoo_bootstrap
2026-01-14,43.79999924,45.09999847,43.70000076,44.15000153,23369351,0,1,42.76381626,yahoo_bootstrap
2026-01-15,44,44.20000076,43.5,44.15000153,10266779,0,1,42.76381626,yahoo_bootstrap
2026-01-16,44.59999847,44.59999847,44.20000076,44.34999847,11950890,0,1,42.95753386,yahoo_bootstrap
2026-01-19,44.54999924,46,44.29999924,44.65000153,28710381,0,1,43.24811767,yahoo_bootstrap
2026-01-20,44.84999847,45.15000153,44.34999847,44.79999924,17322745,0,1,43.39340587,yahoo_bootstrap
2026-01-21,45.09999847,49,44.95000076,46.54999924,100801901,0,1,45.08846082,yahoo_bootstrap
2026-01-22,48.65000153,51.20000076,48,51.20000076,140929546,0,1,49.59246543,yahoo_bootstrap
2026-01-23,54.5,55,47.79999924,48,186613643,0,1,46.49293565,yahoo_bootstrap
2026-01-26,48.25,48.5,46.15000153,46.54999924,57494541,0,1,45.08846082,yahoo_bootstrap
2026-01-27,46.79999924,47.15000153,45.34999847,45.5,38811361,0,1,44.07142859,yahoo_bootstrap
2026-01-28,46.20000076,46.59999847,45.5,46.09999847,26202267,0,1,44.6525888,yahoo_bootstrap
2026-01-29,46.59999847,46.59999847,44.25,45.04999924,31650484,0,1,43.63555658,yahoo_bootstrap
2026-01-30,45.04999924,45.09999847,43.84999847,45,19889457,0,1,43.58712718,yahoo_bootstrap
2026-02-02,44.75,45.29999924,43.79999924,43.84999847,20026581,0,1,42.47323244,yahoo_bootstrap
2026-02-03,44.65000153,45.75,43.90000153,44.04999924,23391190,0,1,42.66695375,yahoo_bootstrap
2026-02-04,44,44.84999847,43.54999924,44.79999924,11219372,0,1,43.39340587,yahoo_bootstrap
2026-02-05,44.5,45.45000076,44.04999924,44.04999924,14110404,0,1,42.66695375,yahoo_bootstrap
2026-02-06,43.79999924,43.79999924,42.04999924,43.79999924,32202827,0,1,42.42480305,yahoo_bootstrap
2026-02-09,44.75,45.09999847,44.34999847,44.79999924,15798120,0,1,43.39340587,yahoo_bootstrap
2026-02-10,44.84999847,45.45000076,44.59999847,45.04999924,13084468,0,1,43.63555658,yahoo_bootstrap
2026-02-11,45.29999924,45.70000076,44.90000153,45.34999847,17708177,0,1,43.92613668,yahoo_bootstrap
2026-02-23,45.75,46.09999847,44.84999847,44.84999847,23589381,0,1,43.44183527,yahoo_bootstrap
2026-02-24,44.75,45.29999924,44.59999847,44.95000076,12416060,0,1,43.53869777,yahoo_bootstrap
2026-02-25,45.29999924,46.75,45.20000076,46.40000153,30979970,0,1,44.94317261,yahoo_bootstrap
2026-02-26,46.40000153,46.5,45.5,46.25,19770733,0,1,44.79788071,yahoo_bootstrap
2026-03-02,45.45000076,45.5,44.75,44.75,17229227,0,1,43.34497647,yahoo_bootstrap
2026-03-03,44.40000153,44.65000153,42.59999847,42.84999847,30576714,0,1,41.50462962,yahoo_bootstrap
2026-03-04,42.04999924,42.29999924,40.15000153,40.25,31436802,0,1,38.98626375,yahoo_bootstrap
2026-03-05,41.59999847,42.09999847,41.40000153,41.90000153,13271659,0,1,40.5844599,yahoo_bootstrap
2026-03-06,41.40000153,41.90000153,41.29999924,41.79999924,8989948,0,1,40.4875974,yahoo_bootstrap
2026-03-09,39.40000153,40.09999847,38.54999924,40.04999924,18025998,0,1,38.79254245,yahoo_bootstrap
2026-03-10,41.40000153,41.40000153,40.04999924,40.90000153,12602806,0,1,39.61585707,yahoo_bootstrap
2026-03-11,42.45000076,43.75,42.29999924,43,26735816,0,1,41.64992152,yahoo_bootstrap
2026-03-12,42.5,43.29999924,42.34999847,42.95000076,13530170,0,1,41.60149212,yahoo_bootstrap
2026-03-13,42.34999847,43.25,42.20000076,42.65000153,11866712,0,1,41.31091202,yahoo_bootstrap
2026-03-16,42.5,43.20000076,42.5,43.09999847,9343458,0,1,41.74678032,yahoo_bootstrap
2026-03-17,43.54999924,44.59999847,43.5,44,22354918,0,1,42.61852435,yahoo_bootstrap
2026-03-18,44.65000153,44.95000076,44.09999847,44.34999847,18968251,0,1,42.95753386,yahoo_bootstrap
2026-03-19,44.34999847,44.40000153,43.20000076,43.45000076,12761689,0,1,42.08579353,yahoo_bootstrap
2026-03-20,43.45000076,43.70000076,42.65000153,42.79999924,15771194,0,1,41.45620022,yahoo_bootstrap
2026-03-23,41.79999924,42.95000076,41.59999847,41.95000076,11590430,0,1,40.63288929,yahoo_bootstrap
2026-03-24,42.75,42.90000153,41.90000153,42.25,9035570,0,1,40.9234694,yahoo_bootstrap
2026-03-25,43.40000153,43.40000153,42.34999847,42.90000153,9644332,0,1,41.55306272,yahoo_bootstrap
2026-03-26,43.20000076,43.59999847,42.95000076,42.95000076,10282502,0,1,41.60149212,yahoo_bootstrap
2026-03-27,43.25,43.84999847,42.54999924,43.09999847,18085996,0,1,41.74678032,yahoo_bootstrap
2026-03-30,41.90000153,42.09999847,41.40000153,41.40000153,15258412,0,1,40.10015848,yahoo_bootstrap
2026-03-31,41,41,39.95000076,40.04999924,26732439,0,1,38.79254245,yahoo_bootstrap
2026-04-01,41.09999847,41.25,40.54999924,41.09999847,12247474,0,1,39.80957467,yahoo_bootstrap
2026-04-02,41.09999847,41.40000153,40.59999847,40.84999847,8154367,0,1,39.56742397,yahoo_bootstrap
2026-04-07,41,41.65000153,40.5,40.84999847,10898068,0,1,39.56742397,yahoo_bootstrap
2026-04-08,41.79999924,42.65000153,41.54999924,42.65000153,21083201,0,1,41.31091202,yahoo_bootstrap
2026-04-09,43,43.79999924,42.15000153,43.79999924,22090726,0,1,42.42480305,yahoo_bootstrap
2026-04-10,44,44.75,43.90000153,44.29999924,20192388,0,1,42.90910446,yahoo_bootstrap
2026-04-13,44,44.75,43.40000153,44.54999924,12849565,0,1,43.15125517,yahoo_bootstrap
2026-04-14,44.59999847,45.09999847,44.54999924,44.59999847,24259240,0,1,43.19968456,yahoo_bootstrap
2026-04-15,45.15000153,45.90000153,44,44.45000076,21714741,0,1,43.05439636,yahoo_bootstrap
2026-04-16,44.79999924,45.45000076,44.20000076,45,19133590,0,1,43.58712718,yahoo_bootstrap
2026-04-17,45.25,46.29999924,44.95000076,45.75,34642540,0,1,44.3135793,yahoo_bootstrap
2026-04-20,45.95000076,47.25,45.54999924,46.59999847,35874864,0,1,45.13689022,yahoo_bootstrap
2026-04-21,47,47.79999924,46.75,47.34999847,29328827,0,1,45.86334233,yahoo_bootstrap
2026-04-22,47.59999847,48.29999924,46.84999847,47.75,36521848,0,1,46.25078495,yahoo_bootstrap
2026-04-23,48.34999847,48.54999924,45.29999924,46.29999924,37518179,0,1,44.84631011,yahoo_bootstrap
2026-04-24,46.59999847,48.20000076,46.59999847,48.09999847,44090013,0,1,46.58979445,yahoo_bootstrap
2026-04-27,50.29999924,50.29999924,46.34999847,46.70000076,43620158,0,1,45.23375272,yahoo_bootstrap
2026-04-28,46.34999847,46.70000076,45.15000153,46.34999847,22659246,0,1,44.89473951,yahoo_bootstrap
2026-04-29,46.40000153,46.90000153,45.90000153,46.29999924,15144652,0,1,44.84631011,yahoo_bootstrap
2026-04-30,46.45000076,46.65000153,45.79999924,45.90000153,15057849,0,1,44.4588712,yahoo_bootstrap
2026-05-04,46.65000153,46.70000076,45.84999847,46.5,14141348,0,1,45.04003141,yahoo_bootstrap
2026-05-05,46.70000076,47,46.29999924,46.95000076,12614127,0,1,45.47590342,yahoo_bootstrap
2026-05-06,47.29999924,49.45000076,47.15000153,49.20000076,44433354,0,1,47.65525978,yahoo_bootstrap
2026-05-07,49.54999924,50.59999847,48.5,49.95000076,41843012,0,1,48.3817119,yahoo_bootstrap
2026-05-08,50,51,48.84999847,49.54999924,37076607,0,1,47.9942693,yahoo_bootstrap
2026-05-11,50.29999924,50.5,49.09999847,50.20000076,30272298,0,1,48.62386261,yahoo_bootstrap
2026-05-12,50.40000153,50.40000153,47.75,48.70000076,28789079,0,1,47.17095837,yahoo_bootstrap
2026-05-13,48.65000153,53.5,48.40000153,52.79999924,138561016,0,1,51.14222848,yahoo_bootstrap
2026-05-14,53.5,53.90000153,51.59999847,53.20000076,79798602,0,1,51.52967109,yahoo_bootstrap
2026-05-15,54.40000153,55.29999924,51.90000153,52.20000076,50902933,0,1,50.56106826,yahoo_bootstrap
2026-05-18,52.5,52.5,50.09999847,51.90000153,27643523,0,1,50.27048816,yahoo_bootstrap
2026-05-19,51.70000076,53.29999924,51.20000076,51.70000076,31795658,0,1,50.07676685,yahoo_bootstrap
2026-05-20,52.59999847,52.70000076,50.40000153,51.40000153,35016689,0,1,49.78618674,yahoo_bootstrap
2026-05-21,52.40000153,54.20000076,51.90000153,54.09999847,52394910,0,1,52.40141141,yahoo_bootstrap
2026-05-22,56.79999924,59.5,54.79999924,59.5,122076259,0,1,57.63186815,yahoo_bootstrap
2026-05-25,65.40000153,65.40000153,62.90000153,65.40000153,134294148,0,1,63.34662631,yahoo_bootstrap
2026-05-26,69,69.5,61.5,62.59999847,190179518,0,1,60.63453543,yahoo_bootstrap
2026-05-27,63.70000076,63.70000076,60.79999924,62,78780447,0,1,60.05337522,yahoo_bootstrap
2026-05-28,62,67.30000305,61.29999924,63.90000153,135046422,0,1,61.89372207,yahoo_bootstrap
2026-05-29,68.09999847,70.19999695,67.69999695,70.19999695,218849810,0,1,67.99591544,yahoo_bootstrap
2026-06-01,71.5,77.19999695,69.19999695,77.19999695,239298782,0,1,74.77613522,yahoo_bootstrap
2026-06-02,77,83.5,75.30000305,80.59999847,293885292,0,1,78.0693863,yahoo_bootstrap
2026-06-03,82.5,88.59999847,81,85.40000153,196383672,0,1,82.71868283,yahoo_bootstrap
2026-06-04,84.59999847,85.80000305,77.80000305,77.80000305,135650876,0,1,75.35730283,yahoo_bootstrap
2026-06-05,76.5,79.19999695,73.19999695,76.80000305,112135902,0,1,74.3887,yahoo_bootstrap
2026-06-08,69.19999695,69.19999695,69.19999695,69.19999695,16374425,0,1,67.02731261,yahoo_bootstrap
2026-06-09,69.30000305,70.90000153,67.40000153,70.59999847,94765242,0,1,68.38335804,yahoo_bootstrap
2026-06-10,68.59999847,71.09999847,65.59999847,66.19999695,65850282,0,1,64.12150413,yahoo_bootstrap
2026-06-11,64.80000305,66.40000153,63.59999847,65.40000153,45261337,0,1,63.34662631,yahoo_bootstrap
2026-06-12,68.5,69.19999695,66.09999847,66.19999695,41066599,0,1,64.12150413,yahoo_bootstrap
2026-06-15,68.19999695,69.40000153,66.80000305,67.09999847,33556815,0,1,64.99324815,yahoo_bootstrap
2026-06-16,68.19999695,68.59999847,66.19999695,66.59999847,28846150,0,1,64.50894674,yahoo_bootstrap
2026-06-17,66.19999695,67.5,65.30000305,67.5,18565317,0,1,65.38069076,yahoo_bootstrap
2026-06-18,68.59999847,68.59999847,67,67.69999695,37376386,0,1,65.57440837,yahoo_bootstrap
2026-06-22,68.30000305,71.5,67.5,67.80000305,62601216,0,1,65.67127457,yahoo_bootstrap
2026-06-23,68.40000153,69.19999695,65.80000305,66.09999847,32214886,0,1,64.02464532,yahoo_bootstrap
2026-06-24,65.59999847,67.40000153,64.30000305,66.40000153,25245817,0,1,64.31522914,yahoo_bootstrap
2026-06-25,66.90000153,67.30000305,66.09999847,66.69999695,21270147,0,1,64.60580555,yahoo_bootstrap
2026-06-26,66,66.30000305,63.09999847,63.29999924,33884057,0,1,61.31255816,yahoo_bootstrap
2026-06-29,64,67.09999847,63.79999924,64.30000305,24164949,0,1,62.28116467,yahoo_bootstrap
2026-06-30,66.5,68.5,65.80000305,66.59999847,37657581,0,1,64.50894674,yahoo_bootstrap
2026-07-01,68.19999695,69.19999695,66.69999695,66.90000153,38488505,0,1,64.79953055,yahoo_bootstrap
2026-07-02,65.80000305,68.30000305,65.59999847,67.19999695,24396499,0,1,65.09010696,yahoo_bootstrap
2026-07-03,66.90000153,68.5,66.69999695,67.59999847,23041933,0,1,65.47754956,yahoo_bootstrap
2026-07-06,67.90000153,69.19999695,67.19999695,67.19999695,25826078,0,1,65.09010696,yahoo_bootstrap
2026-07-07,67.5,68.19999695,65.40000153,65.40000153,25352639,0,1,63.34662631,yahoo_bootstrap
2026-07-08,66,67.40000153,63.59999847,66.19999695,22781134,0,1,64.12150413,yahoo_bootstrap
2026-07-09,69,72.80000305,67.90000153,69.80000305,143018285,0,1,67.60848022,yahoo_bootstrap
2026-07-10,69.80000305,69.80000305,69.80000305,69.80000305,0,0,1,67.60848022,yahoo_bootstrap
2026-07-13,70,71.30000305,64.5,64.69999695,63397878,0,1,62.6685999,yahoo_bootstrap
2026-07-14,65,65.30000305,60.90000153,63.70000076,37754579,0,1,61.70000076,yahoo_bootstrap
2026-07-15,61.5,62.09999847,60.40000153,61.09999847,44151248,2,1,61.09999847,yahoo_bootstrap
2026-07-16,61,61.70000076,59.29999924,60.70000076,31154676,0,1,60.70000076,yahoo_bootstrap
2026-07-17,59.59999847,61.20000076,58.40000153,58.5,43202360,0,1,58.5,yahoo_bootstrap
2026-07-20,59.09999847,61.09999847,56.90000153,57.20000076,33563596,0,1,57.20000076,yahoo_bootstrap
2026-07-21,59.59999847,60.79999924,59.09999847,60.09999847,27128420,0,1,60.09999847,yahoo_bootstrap
2026-07-22,60.5,63.20000076,60.40000153,61.70000076,35922167,0,1,61.70000076,yahoo_bootstrap
2026-07-23,63.09999847,64.90000153,62.29999924,63,40665047,0,1,63,yahoo_bootstrap
2026-07-24,62.09999847,65,62,64.5,43383621,0,1,64.5,yahoo_bootstrap
2026-07-27,64.19999695,64.59999847,61.40000153,63.79999924,23986628,0,1,63.79999924,yahoo_daily
2026-07-28,61.29999924,61.90000153,58.79999924,58.79999924,22255787,0,1,58.79999924,yahoo_daily
2026-07-29,60,61.59999847,58,60.29999924,52511593,0,1,60.29999924,yahoo_daily
2026-07-30,59.29999924,59.59999847,56.79999924,57.5,37667133,0,1,57.5,yahoo_daily
2026-07-31,63.20000076,63.20000076,60.40000153,61.79999924,29453576,0,1,61.79999924,yahoo_daily
2026-08-03,60.70000076,64.59999847,59.59999847,63.90000153,33605670,0,1,63.90000153,yahoo_daily
2026-08-04,63.5,66.80000305,62.90000153,66,34255963,0,1,66,yahoo_daily
2026-08-05,67,67.5,65.19999695,65.69999695,45125427,0,1,65.69999695,yahoo_daily
2026-08-06,65.19999695,66.19999695,64.40000153,65.5,17879016,0,1,65.5,yahoo_daily
2026-08-07,65.5,65.59999847,63.59999847,64,13785063,0,1,64,yahoo_daily
2026-08-10,64.5,66,64.40000153,66,18445064,0,1,66,yahoo_daily
2026-08-11,65.90000153,66,64.19999695,65.09999847,14536989,0,1,65.09999847,yahoo_daily
2026-08-12,66,71.09999847,65.90000153,69,79065006,0,1,69,yahoo_daily
2026-08-13,69.5,72.59999847,68.19999695,68.80000305,70942744,0,1,68.80000305,yahoo_daily
2026-08-14,71,73.5,69.40000153,69.90000153,58765423,0,1,69.90000153,yahoo_daily
2026-08-17,68.90000153,69,66,66.69999695,36259716,0,1,66.69999695,yahoo_daily
2026-08-18,66.5,66.80000305,64.30000305,64.90000153,19175069,0,1,64.90000153,yahoo_daily
2026-08-19,63.59999847,65.30000305,63.29999924,65.19999695,15026166,0,1,65.19999695,yahoo_daily
2026-08-20,65.5,66,63.90000153,64.5,12646751,0,1,64.5,yahoo_daily
2026-08-21,64.5,65.90000153,64,65.69999695,12481095,0,1,65.69999695,yahoo_daily
2026-08-24,65.90000153,67.30000305,65.5,66.09999847,12719578,0,1,66.09999847,yahoo_daily
2026-08-25,65.69999695,65.90000153,64,65.40000153,11545178,0,1,65.40000153,yahoo_daily
2026-08-26,65.59999847,67,65.5,66.80000305,12780999,0,1,66.80000305,yahoo_daily
2026-08-27,67.69999695,67.69999695,65.5,65.59999847,13661187,0,1,65.59999847,yahoo_daily
