date,open,high,low,close,volume,dividend,split_factor,adjusted_close,source
2021-09-07,41.67832184,41.74825287,38.9510498,39.72027969,55337732,0,1,30.12860187,yahoo_bootstrap
2021-09-08,38.81118774,39.86013794,37.76223755,37.83216858,37218370,0,1,28.696433,yahoo_bootstrap
2021-09-09,37.20279694,39.58041763,37.20279694,38.81118774,41080125,0,1,29.43903801,yahoo_bootstrap
2021-09-10,38.46153641,39.58041763,38.32167816,39.09090805,28249312,0,1,29.65121128,yahoo_bootstrap
2021-09-13,39.09090805,39.37062836,37.90209579,38.1818161,15034427,0,1,28.96164742,yahoo_bootstrap
2021-09-14,38.1818161,38.74125671,37.90209579,37.97202682,11248588,0,1,28.80251819,yahoo_bootstrap
2021-09-15,38.11188889,38.32167816,37.55244827,37.55244827,9051307,0,1,28.48425972,yahoo_bootstrap
2021-09-16,38.04195786,38.81118774,37.41258621,37.48251724,14986498,0,1,28.43121568,yahoo_bootstrap
2021-09-17,37.62237549,37.90209579,36.99300766,37.76223755,10117415,0,1,28.64338896,yahoo_bootstrap
2021-09-22,36.15384674,36.92307663,36.08391571,36.43356705,8824101,0,1,27.63556664,yahoo_bootstrap
2021-09-23,37.20279694,37.62237549,36.57342529,36.71328735,6485166,0,1,27.84773991,yahoo_bootstrap
2021-09-24,37.34265518,37.90209579,37.06293869,37.48251724,8082281,0,1,28.43121568,yahoo_bootstrap
2021-09-27,37.69230652,37.90209579,37.06293869,37.06293869,4438436,0,1,28.11295722,yahoo_bootstrap
2021-09-28,36.8531456,37.20279694,36.36363602,36.43356705,4178844,0,1,27.63556664,yahoo_bootstrap
2021-09-29,35.38461685,35.87412643,34.54545212,34.82517242,9617913,0,1,26.41556814,yahoo_bootstrap
2021-09-30,34.96503448,35.73426437,34.33566284,35.38461685,7361302,0,1,26.83991758,yahoo_bootstrap
2021-10-01,34.82517242,35.24475479,33.56643295,33.7062912,7507831,0,1,25.56687505,yahoo_bootstrap
2021-10-04,34.12587357,34.4755249,32.16783142,32.16783142,8840195,0,1,24.3999235,yahoo_bootstrap
2021-10-05,31.53846169,33.77622223,31.0489502,33.56643295,11584520,0,1,25.46078986,yahoo_bootstrap
2021-10-06,34.54545212,34.54545212,33.07692337,33.7062912,9354799,0,1,25.56687505,yahoo_bootstrap
2021-10-07,34.33566284,35.10489655,34.12587357,34.4755249,9839263,0,1,26.15035372,yahoo_bootstrap
2021-10-08,34.89510345,34.89510345,33.7062912,33.91608429,6450422,0,1,25.72600718,yahoo_bootstrap
2021-10-12,33.63636398,33.77622223,32.58741379,33.07692337,6000729,0,1,25.08948736,yahoo_bootstrap
2021-10-13,33.1468544,33.35664368,31.74825096,31.88811111,6324252,0,1,24.18775022,yahoo_bootstrap
2021-10-14,32.51748276,32.657341,31.88811111,32.3776207,5814772,0,1,24.55905273,yahoo_bootstrap
2021-10-15,33.28671265,34.26573563,33.21678162,33.35664368,12160917,0,1,25.30166063,yahoo_bootstrap
2021-10-18,33.56643295,33.63636398,32.86713028,33.00699234,4541541,0,1,25.03644332,yahoo_bootstrap
2021-10-19,33.28671265,33.84615326,33.1468544,33.63636398,5379663,0,1,25.5138339,yahoo_bootstrap
2021-10-20,33.98601151,34.1958046,33.35664368,33.63636398,6041102,0,1,25.5138339,yahoo_bootstrap
2021-10-21,33.7062912,34.40559387,33.21678162,33.35664368,6571647,0,1,25.30166063,yahoo_bootstrap
2021-10-22,33.63636398,34.40559387,33.07692337,34.12587357,8436340,0,1,25.88513641,yahoo_bootstrap
2021-10-25,33.84615326,34.1958046,33.00699234,34.05594254,8469557,0,1,25.83209237,yahoo_bootstrap
2021-10-26,34.33566284,34.82517242,33.77622223,33.84615326,7861768,0,1,25.67296314,yahoo_bootstrap
2021-10-27,33.84615326,34.82517242,33.84615326,34.75524521,10217013,0,1,26.362527,yahoo_bootstrap
2021-10-28,34.75524521,34.82517242,33.77622223,33.91608429,9186309,0,1,25.72600718,yahoo_bootstrap
2021-10-29,34.05594254,34.26573563,33.35664368,33.42657471,6331358,0,1,25.35470468,yahoo_bootstrap
2021-11-01,33.49650192,34.4755249,33.49650192,34.1958046,7777926,0,1,25.93818045,yahoo_bootstrap
2021-11-02,34.61538315,35.94405365,33.84615326,33.98601151,18853697,0,1,25.77904833,yahoo_bootstrap
2021-11-03,34.26573563,34.54545212,33.35664368,34.33566284,8235325,0,1,26.04426564,yahoo_bootstrap
2021-11-04,34.68531418,34.82517242,34.12587357,34.1958046,5415512,0,1,25.93818045,yahoo_bootstrap
2021-11-05,34.82517242,35.66433334,34.26573563,35.31468582,14311023,0,1,26.78687354,yahoo_bootstrap
2021-11-08,35.17482376,35.94405365,34.75524521,35.5244751,11573704,0,1,26.94600278,yahoo_bootstrap
2021-11-09,36.08391571,36.92307663,35.03496552,35.31468582,20917530,0,1,26.78687354,yahoo_bootstrap
2021-11-10,35.10489655,35.31468582,34.4755249,34.75524521,6455373,0,1,26.362527,yahoo_bootstrap
2021-11-11,34.4755249,36.15384674,34.4755249,35.59440613,13387731,0,1,26.99904682,yahoo_bootstrap
2021-11-12,35.59440613,36.08391571,34.82517242,34.96503448,12716226,0,1,26.52165622,yahoo_bootstrap
2021-11-15,35.38461685,36.08391571,35.03496552,35.66433334,10580808,0,1,27.05208796,yahoo_bootstrap
2021-11-16,36.22377777,36.57342529,35.5244751,36.01398468,13304942,0,1,27.31730528,yahoo_bootstrap
2021-11-17,36.57342529,37.62237549,36.01398468,37.20279694,20798040,0,1,28.21904242,yahoo_bootstrap
2021-11-18,36.92307663,37.20279694,36.29370499,36.36363602,10298227,0,1,27.5825226,yahoo_bootstrap
2021-11-19,37.06293869,40,36.71328735,37.20279694,75968787,0,1,28.21904242,yahoo_bootstrap
2021-11-22,37.62237549,37.76223755,36.36363602,36.36363602,20703730,0,1,27.5825226,yahoo_bootstrap
2021-11-23,35.8041954,36.8531456,35.38461685,35.73426437,14421956,0,1,27.105132,yahoo_bootstrap
2021-11-24,35.59440613,36.08391571,35.38461685,35.94405365,5302257,0,1,27.26426124,yahoo_bootstrap
2021-11-25,36.22377777,36.57342529,35.66433334,35.73426437,5719149,0,1,27.105132,yahoo_bootstrap
2021-11-26,36.36363602,36.92307663,35.17482376,35.24475479,12011628,0,1,26.7338295,yahoo_bootstrap
2021-11-29,34.05594254,35.24475479,33.77622223,34.75524521,8096117,0,1,26.362527,yahoo_bootstrap
2021-11-30,35.59440613,36.78321457,35.45454407,36.01398468,14560849,0,1,27.31730528,yahoo_bootstrap
2021-12-01,35.94405365,37.76223755,35.8041954,37.55244827,22275549,0,1,28.48425972,yahoo_bootstrap
2021-12-02,37.76223755,38.46153641,36.43356705,36.43356705,29266671,0,1,27.63556664,yahoo_bootstrap
2021-12-03,36.99300766,37.69230652,36.71328735,37.41258621,12659763,0,1,28.37817164,yahoo_bootstrap
2021-12-06,37.48251724,37.62237549,36.71328735,37.27272797,7701899,0,1,28.27208646,yahoo_bootstrap
2021-12-07,37.27272797,37.41258621,36.36363602,36.71328735,9189009,0,1,27.84773991,yahoo_bootstrap
2021-12-08,37.41258621,37.76223755,36.64335632,36.71328735,10570275,0,1,27.84773991,yahoo_bootstrap
2021-12-09,36.71328735,37.13286591,36.22377777,36.43356705,7600788,0,1,27.63556664,yahoo_bootstrap
2021-12-10,36.22377777,36.43356705,35.66433334,35.73426437,6596908,0,1,27.105132,yahoo_bootstrap
2021-12-13,36.08391571,36.36363602,35.73426437,35.94405365,3475186,0,1,27.26426124,yahoo_bootstrap
2021-12-14,35.73426437,35.8041954,35.03496552,35.24475479,4912458,0,1,26.7338295,yahoo_bootstrap
2021-12-15,35.31468582,36.15384674,35.24475479,35.73426437,3981291,0,1,27.105132,yahoo_bootstrap
2021-12-16,36.36363602,36.57342529,35.66433334,35.8041954,5580213,0,1,27.15817604,yahoo_bootstrap
2021-12-17,35.59440613,35.59440613,35.17482376,35.24475479,3225194,0,1,26.7338295,yahoo_bootstrap
2021-12-20,35.45454407,35.59440613,34.96503448,35.10489655,2204293,0,1,26.62774431,yahoo_bootstrap
2021-12-21,35.38461685,35.66433334,35.10489655,35.24475479,2736946,0,1,26.7338295,yahoo_bootstrap
2021-12-22,35.66433334,36.01398468,35.31468582,35.31468582,3085965,0,1,26.78687354,yahoo_bootstrap
2021-12-23,35.66433334,35.94405365,35.5244751,35.66433334,2800820,0,1,27.05208796,yahoo_bootstrap
2021-12-24,35.94405365,36.22377777,35.66433334,35.66433334,4219393,0,1,27.05208796,yahoo_bootstrap
2021-12-27,35.87412643,36.22377777,35.59440613,36.08391571,3954577,0,1,27.37034932,yahoo_bootstrap
2021-12-28,36.50349426,36.71328735,36.08391571,36.08391571,6439234,0,1,27.37034932,yahoo_bootstrap
2021-12-29,36.22377777,36.50349426,36.08391571,36.22377777,3351603,0,1,27.4764374,yahoo_bootstrap
2021-12-30,36.43356705,36.92307663,36.29370499,36.78321457,9532857,0,1,27.90078106,yahoo_bootstrap
2022-01-03,37.06293869,37.13286591,35.94405365,36.01398468,6379233,0,1,27.31730528,yahoo_bootstrap
2022-01-04,36.08391571,36.22377777,35.24475479,35.38461685,4547663,0,1,26.83991758,yahoo_bootstrap
2022-01-05,35.38461685,35.87412643,35.17482376,35.24475479,3672505,0,1,26.7338295,yahoo_bootstrap
2022-01-06,35.03496552,35.03496552,34.68531418,34.82517242,3187288,0,1,26.41556814,yahoo_bootstrap
2022-01-07,35.10489655,35.38461685,33.98601151,34.1958046,5851227,0,1,25.93818045,yahoo_bootstrap
2022-01-10,33.98601151,34.33566284,33.7062912,33.84615326,3142401,0,1,25.67296314,yahoo_bootstrap
2022-01-11,33.84615326,34.05594254,33.28671265,33.35664368,3765782,0,1,25.30166063,yahoo_bootstrap
2022-01-12,33.7062912,33.84615326,33.35664368,33.42657471,2458425,0,1,25.35470468,yahoo_bootstrap
2022-01-13,33.42657471,34.12587357,33.42657471,34.05594254,3107859,0,1,25.83209237,yahoo_bootstrap
2022-01-14,34.05594254,34.1958046,33.35664368,33.63636398,2573775,0,1,25.5138339,yahoo_bootstrap
2022-01-17,33.77622223,34.68531418,33.77622223,34.54545212,6399471,0,1,26.20339487,yahoo_bootstrap
2022-01-18,34.68531418,34.89510345,34.1958046,34.26573563,3833820,0,1,25.9912245,yahoo_bootstrap
2022-01-19,34.05594254,34.26573563,33.7062912,33.77622223,1712845,0,1,25.6199191,yahoo_bootstrap
2022-01-20,33.84615326,34.05594254,33.63636398,33.98601151,1318005,0,1,25.77904833,yahoo_bootstrap
2022-01-21,33.77622223,34.05594254,33.1468544,33.21678162,2679983,0,1,25.19557255,yahoo_bootstrap
2022-01-24,32.72727203,32.79720306,31.95804024,32.44755173,2555926,0,1,24.61209677,yahoo_bootstrap
2022-01-25,32.30769348,32.44755173,31.88811111,31.88811111,2653476,0,1,24.18775022,yahoo_bootstrap
2022-01-26,31.18881035,31.74825096,30.76922989,31.25874138,5059116,0,1,23.71036109,yahoo_bootstrap
2022-02-07,31.67832184,31.88811111,30.97901917,31.88811111,3181521,0,1,24.18775022,yahoo_bootstrap
2022-02-08,32.09790039,32.86713028,31.95804024,32.657341,3747044,0,1,24.771226,yahoo_bootstrap
2022-02-09,33.1468544,33.7062912,32.93706131,33.49650192,3940839,0,1,25.40774582,yahoo_bootstrap
2022-02-10,33.56643295,33.91608429,33.21678162,33.35664368,2404561,0,1,25.30166063,yahoo_bootstrap
2022-02-11,33.07692337,33.42657471,32.93706131,33.28671265,1273936,0,1,25.24861659,yahoo_bootstrap
2022-02-14,32.79720306,32.79720306,31.88811111,31.88811111,3103291,0,1,24.18775022,yahoo_bootstrap
2022-02-15,31.95804024,32.86713028,31.95804024,32.09790039,2460528,0,1,24.34687946,yahoo_bootstrap
2022-02-16,32.79720306,33.00699234,32.58741379,32.657341,2304693,0,1,24.771226,yahoo_bootstrap
2022-02-17,32.657341,33.00699234,32.58741379,32.58741379,2636031,0,1,24.71818486,yahoo_bootstrap
2022-02-18,32.09790039,32.51748276,32.09790039,32.44755173,2148750,0,1,24.61209677,yahoo_bootstrap
2022-02-21,32.23776245,32.657341,32.02797318,32.51748276,1471276,0,1,24.66514081,yahoo_bootstrap
2022-02-22,32.30769348,32.3776207,31.60839081,31.81818008,2141421,0,1,24.13470618,yahoo_bootstrap
2022-02-23,31.81818008,32.16783142,31.74825096,32.02797318,1436484,0,1,24.29383831,yahoo_bootstrap
2022-02-24,31.88811111,31.88811111,30.69930077,30.69930077,3922128,0,1,23.28601454,yahoo_bootstrap
2022-02-25,31.25874138,31.53846169,30.76922989,30.97901917,2437655,0,1,23.49818637,yahoo_bootstrap
2022-03-01,31.11888123,32.44755173,31.11888123,32.30769348,3524628,0,1,24.50601158,yahoo_bootstrap
2022-03-02,31.81818008,32.51748276,31.60839081,32.44755173,2254703,0,1,24.61209677,yahoo_bootstrap
2022-03-03,32.93706131,33.07692337,32.44755173,32.58741379,2336176,0,1,24.71818486,yahoo_bootstrap
2022-03-04,32.58741379,32.58741379,32.16783142,32.16783142,1219387,0,1,24.3999235,yahoo_bootstrap
2022-03-07,31.95804024,31.95804024,30.83916092,31.0489502,2548799,0,1,23.55123041,yahoo_bootstrap
2022-03-08,30.48950958,31.18881035,29.65034866,29.79020882,3550207,0,1,22.59645068,yahoo_bootstrap
2022-03-09,30.20978928,31.0489502,29.93006897,30.90909004,3108023,0,1,23.44514377,yahoo_bootstrap
2022-03-10,31.88811111,31.95804024,31.46853065,31.53846169,1932911,0,1,23.92253436,yahoo_bootstrap
2022-03-11,31.88811111,32.86713028,31.67832184,32.72727203,7408305,0,1,24.82427004,yahoo_bootstrap
2022-03-14,33.21678162,33.7062912,33.07692337,33.56643295,8283252,0,1,25.46078986,yahoo_bootstrap
2022-03-15,33.1468544,33.28671265,32.44755173,32.657341,3496004,0,1,24.771226,yahoo_bootstrap
2022-03-16,33.21678162,33.35664368,32.51748276,33.00699234,3174932,0,1,25.03644332,yahoo_bootstrap
2022-03-17,33.63636398,33.84615326,33.35664368,33.42657471,4042532,0,1,25.35470468,yahoo_bootstrap
2022-03-18,33.35664368,33.84615326,33.28671265,33.63636398,2914355,0,1,25.5138339,yahoo_bootstrap
2022-03-21,33.91608429,34.40559387,33.63636398,33.77622223,5749086,0,1,25.6199191,yahoo_bootstrap
2022-03-22,33.77622223,34.12587357,33.56643295,34.05594254,2967653,0,1,25.83209237,yahoo_bootstrap
2022-03-23,34.1958046,34.4755249,33.98601151,34.05594254,3492672,0,1,25.83209237,yahoo_bootstrap
2022-03-24,33.84615326,33.98601151,33.49650192,33.98601151,2249221,0,1,25.77904833,yahoo_bootstrap
2022-03-25,34.05594254,34.12587357,33.7062912,33.7062912,1293837,0,1,25.56687505,yahoo_bootstrap
2022-03-28,33.84615326,33.91608429,33.28671265,33.84615326,1444411,0,1,25.67296314,yahoo_bootstrap
2022-03-29,33.7062912,33.98601151,33.7062912,33.98601151,1429119,0,1,25.77904833,yahoo_bootstrap
2022-03-30,34.26573563,34.26573563,33.84615326,34.05594254,1813789,0,1,25.83209237,yahoo_bootstrap
2022-03-31,34.05594254,34.05594254,33.7062912,33.7062912,1106220,0,1,25.56687505,yahoo_bootstrap
2022-04-01,33.42657471,33.77622223,33.28671265,33.63636398,1043719,0,1,25.5138339,yahoo_bootstrap
2022-04-06,33.35664368,33.56643295,33.28671265,33.49650192,802261,0,1,25.40774582,yahoo_bootstrap
2022-04-07,33.35664368,33.56643295,32.657341,32.657341,1986372,0,1,24.771226,yahoo_bootstrap
2022-04-08,32.72727203,33.07692337,32.72727203,33.00699234,1018839,0,1,25.03644332,yahoo_bootstrap
2022-04-11,33.21678162,33.21678162,32.02797318,32.02797318,2311393,0,1,24.29383831,yahoo_bootstrap
2022-04-12,31.81818008,32.657341,31.67832184,32.02797318,1640701,0,1,24.29383831,yahoo_bootstrap
2022-04-13,32.30769348,33.21678162,32.23776245,33.07692337,1767569,0,1,25.08948736,yahoo_bootstrap
2022-04-14,33.21678162,33.21678162,32.93706131,33.00699234,807393,0,1,25.03644332,yahoo_bootstrap
2022-04-15,32.86713028,32.86713028,32.3776207,32.51748276,1053397,0,1,24.66514081,yahoo_bootstrap
2022-04-18,32.3776207,32.657341,31.95804024,32.51748276,1441438,0,1,24.66514081,yahoo_bootstrap
2022-04-19,32.79720306,32.93706131,32.44755173,32.51748276,891356,0,1,24.66514081,yahoo_bootstrap
2022-04-20,32.72727203,32.93706131,32.51748276,32.86713028,1048497,0,1,24.93035523,yahoo_bootstrap
2022-04-21,33.00699234,33.35664368,32.86713028,33.00699234,1141137,0,1,25.03644332,yahoo_bootstrap
2022-04-22,32.79720306,32.86713028,32.30769348,32.3776207,1076761,0,1,24.55905273,yahoo_bootstrap
2022-04-25,31.88811111,31.88811111,30.83916092,30.83916092,3262506,0,1,23.39210118,yahoo_bootstrap
2022-04-26,31.11888123,31.25874138,30.62936974,30.76922989,1700263,0,1,23.33905713,yahoo_bootstrap
2022-04-27,29.86013985,30.48950958,29.44055939,30.27972031,2739238,0,1,22.96775463,yahoo_bootstrap
2022-04-28,30.76922989,32.657341,30.76922989,31.39860153,8053631,0,1,23.81644772,yahoo_bootstrap
2022-04-29,32.02797318,32.23776245,31.25874138,31.3286705,2259514,0,1,23.76340368,yahoo_bootstrap
2022-05-03,31.3286705,31.53846169,31.0489502,31.0489502,1212286,0,1,23.55123041,yahoo_bootstrap
2022-05-04,31.0489502,31.67832184,31.0489502,31.53846169,1158995,0,1,23.92253436,yahoo_bootstrap
2022-05-05,32.09790039,32.44755173,32.02797318,32.09790039,1922980,0,1,24.34687946,yahoo_bootstrap
2022-05-06,31.39860153,32.09790039,31.18881035,32.02797318,1232141,0,1,24.29383831,yahoo_bootstrap
2022-05-09,31.88811111,32.02797318,31.11888123,31.11888123,1381067,0,1,23.60427445,yahoo_bootstrap
2022-05-10,30.76922989,31.74825096,30.48950958,31.67832184,1298548,0,1,24.028621,yahoo_bootstrap
2022-05-11,31.81818008,31.95804024,31.46853065,31.53846169,1204702,0,1,23.92253436,yahoo_bootstrap
2022-05-12,31.46853065,31.67832184,30.69930077,30.69930077,1604989,0,1,23.28601454,yahoo_bootstrap
2022-05-13,31.18881035,31.39860153,30.90909004,31.25874138,1303361,0,1,23.71036109,yahoo_bootstrap
2022-05-16,31.67832184,32.02797318,31.3286705,31.46853065,1485915,0,1,23.86949031,yahoo_bootstrap
2022-05-17,31.60839081,32.30769348,31.60839081,32.23776245,1745287,0,1,24.45296754,yahoo_bootstrap
2022-05-18,32.86713028,33.00699234,32.44755173,32.72727203,2419859,0,1,24.82427004,yahoo_bootstrap
2022-05-19,31.88811111,32.86713028,31.81818008,32.79720306,1540724,0,1,24.87731408,yahoo_bootstrap
2022-05-20,33.00699234,33.00699234,32.51748276,32.657341,840856,0,1,24.771226,yahoo_bootstrap
2022-05-23,32.79720306,32.93706131,32.51748276,32.51748276,1081617,0,1,24.66514081,yahoo_bootstrap
2022-05-24,32.79720306,32.79720306,32.02797318,32.09790039,1315958,0,1,24.34687946,yahoo_bootstrap
2022-05-25,32.16783142,32.30769348,31.88811111,32.09790039,1082041,0,1,24.34687946,yahoo_bootstrap
2022-05-26,32.3776207,32.3776207,31.88811111,31.95804024,679096,0,1,24.24079282,yahoo_bootstrap
2022-05-27,32.30769348,32.30769348,31.95804024,31.95804024,720385,0,1,24.24079282,yahoo_bootstrap
2022-05-30,32.23776245,32.44755173,32.23776245,32.30769348,802020,0,1,24.50601158,yahoo_bootstrap
2022-05-31,32.3776207,32.58741379,32.16783142,32.3776207,950495,0,1,24.55905273,yahoo_bootstrap
2022-06-01,32.51748276,33.00699234,32.44755173,32.72727203,1320412,0,1,24.82427004,yahoo_bootstrap
2022-06-02,32.79720306,32.86713028,32.44755173,32.58741379,845712,0,1,24.71818486,yahoo_bootstrap
2022-06-06,32.72727203,33.07692337,32.44755173,32.86713028,1479486,0,1,24.93035523,yahoo_bootstrap
2022-06-07,32.86713028,32.86713028,32.58741379,32.72727203,654051,0,1,24.82427004,yahoo_bootstrap
2022-06-08,33.35664368,33.35664368,32.79720306,32.79720306,881875,0,1,24.87731408,yahoo_bootstrap
2022-06-09,32.657341,32.93706131,32.58741379,32.72727203,1084434,0,1,24.82427004,yahoo_bootstrap
2022-06-10,32.58741379,33.07692337,32.51748276,32.93706131,1144590,0,1,24.98339928,yahoo_bootstrap
2022-06-13,32.51748276,32.51748276,32.02797318,32.09790039,1735062,0,1,24.34687946,yahoo_bootstrap
2022-06-14,31.81818008,32.02797318,31.3286705,31.81818008,1655526,0,1,24.13470618,yahoo_bootstrap
2022-06-15,31.88811111,32.16783142,31.60839081,31.88811111,982636,0,1,24.18775022,yahoo_bootstrap
2022-06-16,32.23776245,32.44755173,31.3286705,31.3286705,1350749,0,1,23.76340368,yahoo_bootstrap
2022-06-17,30.90909004,31.11888123,30.55944061,30.55944061,2085000,0,1,23.1799279,yahoo_bootstrap
2022-06-20,30.55944061,30.83916092,29.44055939,29.51048851,2877229,0,1,22.38427741,yahoo_bootstrap
2022-06-21,29.72027969,30.62936974,29.65034866,30.62936974,1560702,0,1,23.2329705,yahoo_bootstrap
2022-06-22,30.69930077,30.76922989,29.37062836,29.58041954,1818765,0,1,22.43732145,yahoo_bootstrap
2022-06-23,29.72027969,29.79020882,28.11188889,28.60139847,2507073,0,1,21.69471499,yahoo_bootstrap
2022-06-24,28.9510479,29.2307682,28.25174713,28.39160728,1436724,0,1,21.53558431,yahoo_bootstrap
2022-06-27,29.09090805,29.37062836,28.88111877,29.16083908,1487734,0,1,22.11906154,yahoo_bootstrap
2022-06-28,28.9510479,29.09090805,28.25174713,28.53146744,1233154,0,1,21.64167095,yahoo_bootstrap
2022-06-29,28.32167816,28.53146744,28.11188889,28.18181801,856878,0,1,21.37645508,yahoo_bootstrap
2022-06-30,28.04195786,28.18181801,26.8531456,26.8531456,2798567,0,1,20.36863131,yahoo_bootstrap
2022-07-01,26.8531456,27.27272606,25.59440422,25.59440422,2783442,0,1,19.41385158,yahoo_bootstrap
2022-07-04,25.45454407,25.94405556,24.96503448,25.17482567,2288811,0,1,19.09559312,yahoo_bootstrap
2022-07-05,25.73426437,26.29370689,25.38461494,26.01398659,1698313,0,1,19.73211294,yahoo_bootstrap
2022-07-06,26.29370689,26.29370689,24.89510345,25.17482567,1624335,0,1,19.09559312,yahoo_bootstrap
2022-07-07,25.31468582,26.43356514,25.10489464,26.36363602,2419911,0,1,19.99732881,yahoo_bootstrap
2022-07-08,26.57342529,27.06293678,26.50349617,26.92307663,2299845,0,1,20.42167535,yahoo_bootstrap
2022-07-11,26.71328545,26.99300575,26.29370689,26.71328545,880301,0,1,20.26254468,yahoo_bootstrap
2022-07-12,25.94405556,26.08391571,25.03496552,25.03496552,1748411,0,1,18.98950649,yahoo_bootstrap
2022-07-13,25.87412453,26.50349617,25.87412453,26.22377586,1672465,0,1,19.89124217,yahoo_bootstrap
2022-07-14,25.17482567,26.57342529,25.17482567,26.43356514,1557313,0,1,20.0503714,yahoo_bootstrap
2022-07-15,26.50349617,26.99300575,26.29370689,26.8531456,1759161,0,1,20.36863131,yahoo_bootstrap
2022-07-18,26.92307663,27.83216667,26.92307663,27.55244637,2556781,0,1,20.8990645,yahoo_bootstrap
2022-07-19,27.27272606,27.55244637,26.92307663,27.55244637,1416087,0,1,20.8990645,yahoo_bootstrap
2022-07-20,27.97202682,28.11188889,27.48251724,27.6223774,1680010,0,1,20.95210854,yahoo_bootstrap
2022-07-21,27.6223774,28.74125862,27.6223774,28.39160728,3804178,0,1,21.53558431,yahoo_bootstrap
2022-07-22,28.60139847,28.60139847,28.04195786,28.11188889,1220043,0,1,21.32341249,yahoo_bootstrap
2022-07-25,27.97202682,28.18181801,27.6223774,27.97202682,1111084,0,1,21.2173244,yahoo_bootstrap
2022-07-26,27.83216667,27.9020977,27.13286781,27.20279694,1541775,0,1,20.63384863,yahoo_bootstrap
2022-07-27,27.13286781,27.48251724,26.8531456,27.41258621,1261022,0,1,20.79297786,yahoo_bootstrap
2022-07-28,27.83216667,27.97202682,27.13286781,27.13286781,1388201,0,1,20.58080603,yahoo_bootstrap
2022-07-29,27.48251724,27.83216667,27.48251724,27.69230652,1045954,0,1,21.00515113,yahoo_bootstrap
2022-08-01,27.69230652,27.97202682,27.41258621,27.9020977,966628,0,1,21.16428181,yahoo_bootstrap
2022-08-02,27.48251724,27.48251724,27.20279694,27.34265709,1101705,0,1,20.73993526,yahoo_bootstrap
2022-08-03,27.34265709,27.69230652,27.06293678,27.06293678,904337,0,1,20.52776199,yahoo_bootstrap
2022-08-04,27.06293678,27.27272606,26.43356514,26.99300575,1083901,0,1,20.47471795,yahoo_bootstrap
2022-08-05,27.34265709,27.9020977,27.34265709,27.83216667,1607305,0,1,21.11123777,yahoo_bootstrap
2022-08-08,27.55244637,27.83216667,27.48251724,27.83216667,536439,0,1,21.11123777,yahoo_bootstrap
2022-08-09,27.76223755,28.25174713,27.55244637,28.04195786,1226217,0,1,21.27036845,yahoo_bootstrap
2022-08-10,28.04195786,29.2307682,27.9020977,29.09090805,4044295,0,1,22.0660175,yahoo_bootstrap
2022-08-11,29.65034866,30.13986015,29.16083908,29.65034866,4775073,0,1,22.49036404,yahoo_bootstrap
2022-08-12,29.58041954,30.62936974,29.58041954,30.48950958,3073153,0,1,23.12688386,yahoo_bootstrap
2022-08-15,30.83916092,32.16783142,30.83916092,32.09790039,7726087,0,1,24.34687946,yahoo_bootstrap
2022-08-16,31.81818008,32.58741379,31.74825096,32.23776245,4971811,0,1,24.45296754,yahoo_bootstrap
2022-08-17,32.16783142,32.86713028,32.16783142,32.657341,3507551,0,1,24.771226,yahoo_bootstrap
2022-08-18,32.58741379,32.93706131,32.3776207,32.86713028,2513317,0,1,24.93035523,yahoo_bootstrap
2022-08-19,33.1468544,33.28671265,32.86713028,33.1468544,2639697,0,1,25.1425314,yahoo_bootstrap
2022-08-22,33.1468544,33.49650192,32.86713028,33.42657471,2892890,0,1,25.35470468,yahoo_bootstrap
2022-08-23,33.42657471,33.49650192,32.93706131,33.1468544,6203229,0,1,25.1425314,yahoo_bootstrap
2022-08-24,32.61538315,32.76922989,31.30769157,31.46153831,5104194,1.230769,1.1,27.26289817,yahoo_bootstrap
2022-08-25,31.53846169,31.84615326,31.46153831,31.61538315,1482421,0,1,27.39621194,yahoo_bootstrap
2022-08-26,32,32.07692337,31.61538315,31.76922989,1147190,0,1,27.52952735,yahoo_bootstrap
2022-08-29,30.84615326,30.92307663,30.46153831,30.76922989,1200199,0,1,26.66298046,yahoo_bootstrap
2022-08-30,30.76922989,31.38461494,30.76922989,31.15384674,758041,0,1,26.996269,yahoo_bootstrap
2022-08-31,30.92307663,31.15384674,30.76922989,31,710353,0,1,26.86295359,yahoo_bootstrap
2022-09-01,31,31.2307682,30.69230652,30.92307663,1172370,0,1,26.79629588,yahoo_bootstrap
2022-09-02,30.84615326,31.15384674,30.61538315,30.61538315,957650,0,1,26.52966505,yahoo_bootstrap
2022-09-05,30.53846169,30.61538315,29.69230652,29.69230652,1354754,0,1,25.72977587,yahoo_bootstrap
2022-09-06,29.69230652,30,29,29,1515459,0,1,25.12985981,yahoo_bootstrap
2022-09-07,28.46153831,28.76922989,28.2307682,28.38461494,1291585,0,1,24.5965998,yahoo_bootstrap
2022-09-08,28.61538315,28.92307663,28.46153831,28.61538315,888098,0,1,24.79657127,yahoo_bootstrap
2022-09-12,29.07692337,29.46153831,29.07692337,29.2307682,914659,0,1,25.32983127,yahoo_bootstrap
2022-09-13,29.46153831,29.61538315,29.15384674,29.2307682,766714,0,1,25.32983127,yahoo_bootstrap
2022-09-14,28.46153831,29.07692337,28.46153831,29,687162,0,1,25.12985981,yahoo_bootstrap
2022-09-15,29.15384674,30.38461494,29.07692337,29.76922989,1915511,0,1,25.79643357,yahoo_bootstrap
2022-09-16,29.69230652,29.69230652,29.07692337,29.07692337,1106293,0,1,25.19651751,yahoo_bootstrap
2022-09-19,29,29.30769157,28.69230652,28.69230652,805520,0,1,24.86322898,yahoo_bootstrap
2022-09-20,28.69230652,29.15384674,28.69230652,28.84615326,566281,0,1,24.99654439,yahoo_bootstrap
2022-09-21,28.76922989,28.76922989,28.30769157,28.30769157,615050,0,1,24.52994209,yahoo_bootstrap
2022-09-22,27.84615326,28.30769157,27.84615326,28.15384674,550572,0,1,24.39662833,yahoo_bootstrap
2022-09-23,27.92307663,28.53846169,27.92307663,28.15384674,685166,0,1,24.39662833,yahoo_bootstrap
2022-09-26,27.76922989,27.84615326,27.07692337,27.2307682,1200910,0,1,23.59673749,yahoo_bootstrap
2022-09-27,27.07692337,27.30769157,26.61538315,27.07692337,944912,0,1,23.46342373,yahoo_bootstrap
2022-09-28,27.07692337,27.2307682,25.46153831,25.53846169,1962588,0,1,22.13027455,yahoo_bootstrap
2022-09-29,26.07692337,26.30769157,25.53846169,25.84615326,994310,0,1,22.39690372,yahoo_bootstrap
2022-09-30,24.84615326,25.92307663,24.84615326,25.84615326,1194141,0,1,22.39690372,yahoo_bootstrap
2022-10-03,25.38461494,26,25.2307682,25.61538315,747635,0,1,22.1969306,yahoo_bootstrap
2022-10-04,26.15384674,26.61538315,26.07692337,26.46153831,1107317,0,1,22.93016372,yahoo_bootstrap
2022-10-05,26.92307663,27.2307682,26.46153831,26.69230652,1182396,0,1,23.1301352,yahoo_bootstrap
2022-10-06,26.61538315,26.84615326,26.46153831,26.69230652,699341,0,1,23.1301352,yahoo_bootstrap
2022-10-07,26.46153831,26.69230652,26.2307682,26.30769157,809029,0,1,22.79684831,yahoo_bootstrap
2022-10-11,25.38461494,25.69230652,24.84615326,24.84615326,1055798,0,1,21.53035683,yahoo_bootstrap
2022-10-12,24.76922989,24.92307663,23.92307663,24.15384674,1602235,0,1,20.93044077,yahoo_bootstrap
2022-10-13,24.30769157,24.46153831,22.76922989,22.84615326,2095386,0,1,19.79726305,yahoo_bootstrap
2022-10-14,23.61538315,24.15384674,23.53846169,23.92307663,1476777,0,1,20.73046765,yahoo_bootstrap
2022-10-17,23.46153831,23.84615326,22.76922989,23.76922989,1631200,0,1,20.59715224,yahoo_bootstrap
2022-10-18,24.15384674,24.46153831,23.84615326,24.2307682,1022800,0,1,20.99709682,yahoo_bootstrap
2022-10-19,24.15384674,24.53846169,23.92307663,23.92307663,844245,0,1,20.73046765,yahoo_bootstrap
2022-10-20,23.46153831,23.53846169,23.07692337,23.38461494,1041264,0,1,20.26386535,yahoo_bootstrap
2022-10-21,23.30769157,23.53846169,23.15384674,23.15384674,610684,0,1,20.06389388,yahoo_bootstrap
2022-10-24,23.69230652,24.15384674,23.38461494,23.38461494,1128927,0,1,20.26386535,yahoo_bootstrap
2022-10-25,23.46153831,23.61538315,23.07692337,23.15384674,631107,0,1,20.06389388,yahoo_bootstrap
2022-10-26,23.46153831,23.46153831,23,23,636253,0,1,19.93057847,yahoo_bootstrap
2022-10-27,23.2307682,23.46153831,23.15384674,23.38461494,764871,0,1,20.26386535,yahoo_bootstrap
2022-10-28,23.30769157,23.61538315,22.92307663,23,1039789,0,1,19.93057847,yahoo_bootstrap
2022-10-31,23.2307682,23.61538315,23.2307682,23.38461494,955419,0,1,20.26386535,yahoo_bootstrap
2022-11-01,23.38461494,23.84615326,23.2307682,23.84615326,936247,0,1,20.66380994,yahoo_bootstrap
2022-11-02,23.76922989,24.15384674,23.69230652,23.92307663,885520,0,1,20.73046765,yahoo_bootstrap
2022-11-03,23.53846169,23.76922989,23.46153831,23.69230652,514346,0,1,20.53049453,yahoo_bootstrap
2022-11-04,23.69230652,24.30769157,23.46153831,24.2307682,970904,0,1,20.99709682,yahoo_bootstrap
2022-11-07,24.46153831,25.2307682,24.38461494,25,3842969,0,1,21.66367225,yahoo_bootstrap
2022-11-08,25,25.2307682,24.61538315,24.69230652,2083474,0,1,21.39704142,yahoo_bootstrap
2022-11-09,24.84615326,25.61538315,24.84615326,25.2307682,3818638,0,1,21.86364371,yahoo_bootstrap
2022-11-10,25,25.61538315,24.84615326,25.38461494,1442180,0,1,21.99695913,yahoo_bootstrap
2022-11-11,26.84615326,27.07692337,25.61538315,25.61538315,4339476,0,1,22.1969306,yahoo_bootstrap
2022-11-14,25.38461494,26,25.38461494,25.84615326,1324265,0,1,22.39690372,yahoo_bootstrap
2022-11-15,25.76922989,26.76922989,25.76922989,26.38461494,2706451,0,1,22.86350602,yahoo_bootstrap
2022-11-16,26.38461494,26.53846169,26,26.07692337,1392598,0,1,22.59687684,yahoo_bootstrap
2022-11-17,25.84615326,26.30769157,25.84615326,26.30769157,865757,0,1,22.79684831,yahoo_bootstrap
2022-11-18,26.46153831,26.61538315,25.92307663,25.92307663,1016622,0,1,22.46356143,yahoo_bootstrap
2022-11-21,26,26,25.69230652,25.76922989,433887,0,1,22.33024602,yahoo_bootstrap
2022-11-22,25.76922989,25.92307663,25.61538315,25.84615326,616584,0,1,22.39690372,yahoo_bootstrap
2022-11-23,26.15384674,26.2307682,25.84615326,25.84615326,479624,0,1,22.39690372,yahoo_bootstrap
2022-11-24,26,26.2307682,25.92307663,26.15384674,734297,0,1,22.66353455,yahoo_bootstrap
2022-11-25,26.2307682,26.38461494,25.92307663,26,634208,0,1,22.53021914,yahoo_bootstrap
2022-11-28,26,26.07692337,25.69230652,26,548929,0,1,22.53021914,yahoo_bootstrap
2022-11-29,26,26,25.69230652,26,521480,0,1,22.53021914,yahoo_bootstrap
2022-11-30,26.46153831,27.61538315,26.30769157,27.46153831,5532850,0,1,23.79671061,yahoo_bootstrap
2022-12-01,27.76922989,27.84615326,27.07692337,27.15384674,3687858,0,1,23.53008144,yahoo_bootstrap
2022-12-02,27.15384674,27.46153831,27.07692337,27.38461494,954720,0,1,23.73005291,yahoo_bootstrap
2022-12-05,27.2307682,27.46153831,26.92307663,27,1337306,0,1,23.39676603,yahoo_bootstrap
2022-12-06,26.92307663,27,26.07692337,26.07692337,1642717,0,1,22.59687684,yahoo_bootstrap
2022-12-07,25.92307663,26.2307682,25.46153831,25.69230652,1405135,0,1,22.26358831,yahoo_bootstrap
2022-12-08,25.61538315,25.69230652,25.2307682,25.30769157,1394640,0,1,21.93030142,yahoo_bootstrap
2022-12-09,25.69230652,25.92307663,25.46153831,25.69230652,1105607,0,1,22.26358831,yahoo_bootstrap
2022-12-12,25.53846169,25.69230652,25.15384674,25.30769157,935233,0,1,21.93030142,yahoo_bootstrap
2022-12-13,25.46153831,25.61538315,25.30769157,25.53846169,801382,0,1,22.13027455,yahoo_bootstrap
2022-12-14,25.69230652,26.69230652,25.53846169,26.2307682,5175100,0,1,22.7301906,yahoo_bootstrap
2022-12-15,26.15384674,26.15384674,25.84615326,26,850433,0,1,22.53021914,yahoo_bootstrap
2022-12-16,25.53846169,25.61538315,25.38461494,25.53846169,979192,0,1,22.13027455,yahoo_bootstrap
2022-12-19,25.38461494,25.46153831,24.76922989,24.76922989,1081366,0,1,21.46369913,yahoo_bootstrap
2022-12-20,24.76922989,24.92307663,24.07692337,24.15384674,1126790,0,1,20.93044077,yahoo_bootstrap
2022-12-21,24.15384674,24.61538315,24.15384674,24.30769157,709761,0,1,21.06375453,yahoo_bootstrap
2022-12-22,24.69230652,25,24.61538315,24.76922989,834702,0,1,21.46369913,yahoo_bootstrap
2022-12-23,24.30769157,24.61538315,24.15384674,24.53846169,600877,0,1,21.26372766,yahoo_bootstrap
2022-12-26,24.69230652,24.76922989,24.38461494,24.46153831,346640,0,1,21.19706994,yahoo_bootstrap
2022-12-27,24.53846169,26,24.46153831,25.84615326,4958110,0,1,22.39690372,yahoo_bootstrap
2022-12-28,25.84615326,26.07692337,25.46153831,25.53846169,3620851,0,1,22.13027455,yahoo_bootstrap
2022-12-29,25.2307682,25.38461494,24.84615326,25,1434384,0,1,21.66367225,yahoo_bootstrap
2022-12-30,25.30769157,25.38461494,25,25,868761,0,1,21.66367225,yahoo_bootstrap
2023-01-03,25,25.2307682,24.76922989,24.92307663,818471,0,1,21.59701454,yahoo_bootstrap
2023-01-04,25.2307682,25.61538315,25.15384674,25.53846169,1410608,0,1,22.13027455,yahoo_bootstrap
2023-01-05,25.76922989,25.76922989,25.30769157,25.38461494,812712,0,1,21.99695913,yahoo_bootstrap
2023-01-06,25.38461494,25.61538315,25.30769157,25.46153831,683431,0,1,22.06361683,yahoo_bootstrap
2023-01-09,26,26.30769157,25.92307663,25.92307663,2035506,0,1,22.46356143,yahoo_bootstrap
2023-01-10,26.07692337,26.2307682,25.92307663,26,1259265,0,1,22.53021914,yahoo_bootstrap
2023-01-11,26.15384674,26.15384674,25.92307663,26,518063,0,1,22.53021914,yahoo_bootstrap
2023-01-12,26,26.07692337,25.61538315,25.61538315,789125,0,1,22.1969306,yahoo_bootstrap
2023-01-13,25.92307663,26,25.38461494,25.38461494,746683,0,1,21.99695913,yahoo_bootstrap
2023-01-16,25.38461494,25.53846169,25.2307682,25.53846169,515262,0,1,22.13027455,yahoo_bootstrap
2023-01-17,25.53846169,25.69230652,25.38461494,25.69230652,589771,0,1,22.26358831,yahoo_bootstrap
2023-01-30,26.2307682,26.46153831,26.07692337,26.38461494,1933319,0,1,22.86350602,yahoo_bootstrap
2023-01-31,26.30769157,26.69230652,26.2307682,26.61538315,1470254,0,1,23.06347749,yahoo_bootstrap
2023-02-01,26.84615326,26.84615326,26.46153831,26.69230652,1201376,0,1,23.1301352,yahoo_bootstrap
2023-02-02,27,28.61538315,27,28.38461494,8275982,0,1,24.5965998,yahoo_bootstrap
2023-02-03,28.46153831,28.46153831,27.53846169,27.84615326,3630599,0,1,24.1299975,yahoo_bootstrap
2023-02-06,27.69230652,27.84615326,27.38461494,27.46153831,1110248,0,1,23.79671061,yahoo_bootstrap
2023-02-07,27.61538315,27.76922989,27.38461494,27.69230652,1080963,0,1,23.99668209,yahoo_bootstrap
2023-02-08,27.92307663,28.2307682,27.84615326,28.07692337,1909393,0,1,24.32997062,yahoo_bootstrap
2023-02-09,28,28,27.61538315,27.61538315,1407686,0,1,23.93002438,yahoo_bootstrap
2023-02-10,27.53846169,27.61538315,27,27.07692337,1465001,0,1,23.46342373,yahoo_bootstrap
2023-02-13,27.07692337,27.15384674,26.76922989,27,706054,0,1,23.39676603,yahoo_bootstrap
2023-02-14,27.30769157,27.38461494,27.15384674,27.38461494,518783,0,1,23.73005291,yahoo_bootstrap
2023-02-15,27.30769157,27.38461494,27,27.15384674,694309,0,1,23.53008144,yahoo_bootstrap
2023-02-16,27.15384674,27.46153831,27.15384674,27.38461494,656417,0,1,23.73005291,yahoo_bootstrap
2023-02-17,27.2307682,27.61538315,27.15384674,27.53846169,683047,0,1,23.86336833,yahoo_bootstrap
2023-02-20,27.53846169,28.07692337,27.46153831,27.92307663,1397268,0,1,24.19665521,yahoo_bootstrap
2023-02-21,28,28,27.76922989,27.84615326,694304,0,1,24.1299975,yahoo_bootstrap
2023-02-22,27.53846169,27.53846169,27.30769157,27.46153831,731890,0,1,23.79671061,yahoo_bootstrap
2023-02-23,28,28.92307663,27.92307663,28.92307663,6411993,0,1,25.0632021,yahoo_bootstrap
2023-02-24,28.92307663,29.07692337,28.30769157,28.38461494,4275986,0,1,24.5965998,yahoo_bootstrap
2023-03-01,28.15384674,28.53846169,27.92307663,28.30769157,1275430,0,1,24.52994209,yahoo_bootstrap
2023-03-02,28.53846169,28.53846169,28.15384674,28.46153831,1124073,0,1,24.6632575,yahoo_bootstrap
2023-03-03,28.61538315,29,28.46153831,28.76922989,3459954,0,1,24.92988669,yahoo_bootstrap
2023-03-06,29.15384674,29.30769157,28.84615326,28.84615326,2042434,0,1,24.99654439,yahoo_bootstrap
2023-03-07,28.76922989,29,28.53846169,28.92307663,1785741,0,1,25.0632021,yahoo_bootstrap
2023-03-08,28.61538315,29.2307682,28.61538315,29.07692337,1909640,0,1,25.19651751,yahoo_bootstrap
2023-03-09,29.15384674,29.53846169,29.07692337,29.07692337,2451826,0,1,25.19651751,yahoo_bootstrap
2023-03-10,28.92307663,28.92307663,28.46153831,28.53846169,1820055,0,1,24.72991522,yahoo_bootstrap
2023-03-13,28.30769157,28.69230652,27.92307663,28.38461494,1107308,0,1,24.5965998,yahoo_bootstrap
2023-03-14,28.15384674,28.38461494,28.07692337,28.15384674,549316,0,1,24.39662833,yahoo_bootstrap
2023-03-15,28.46153831,28.84615326,28.30769157,28.30769157,949267,0,1,24.52994209,yahoo_bootstrap
2023-03-16,28.2307682,28.46153831,27.69230652,27.84615326,1310367,0,1,24.1299975,yahoo_bootstrap
2023-03-17,28.15384674,29,28.15384674,28.84615326,2093944,0,1,24.99654439,yahoo_bootstrap
2023-03-20,28.76922989,29,28.61538315,28.84615326,805577,0,1,24.99654439,yahoo_bootstrap
2023-03-21,29.07692337,29.2307682,29,29.07692337,1253040,0,1,25.19651751,yahoo_bootstrap
2023-03-22,29.30769157,29.46153831,29,29.07692337,1325553,0,1,25.19651751,yahoo_bootstrap
2023-03-23,29.07692337,29.07692337,28.84615326,29,895007,0,1,25.12985981,yahoo_bootstrap
2023-03-24,29.07692337,29.2307682,28.92307663,29.07692337,1106853,0,1,25.19651751,yahoo_bootstrap
2023-03-27,29.15384674,29.2307682,28.92307663,29.07692337,517602,0,1,25.19651751,yahoo_bootstrap
2023-03-28,29.07692337,29.15384674,28.61538315,28.61538315,837516,0,1,24.79657127,yahoo_bootstrap
2023-03-29,28.76922989,28.92307663,28.30769157,28.30769157,710054,0,1,24.52994209,yahoo_bootstrap
2023-03-30,28.69230652,28.92307663,28.61538315,28.69230652,675006,0,1,24.86322898,yahoo_bootstrap
2023-03-31,28.84615326,29,28.76922989,28.92307663,717172,0,1,25.0632021,yahoo_bootstrap
2023-04-06,28.69230652,28.92307663,28.69230652,28.76922989,565446,0,1,24.92988669,yahoo_bootstrap
2023-04-07,28.92307663,29.07692337,28.84615326,28.92307663,547421,0,1,25.0632021,yahoo_bootstrap
2023-04-10,29.2307682,29.2307682,28.84615326,28.84615326,644354,0,1,24.99654439,yahoo_bootstrap
2023-04-11,28.92307663,28.92307663,28.69230652,28.76922989,558494,0,1,24.92988669,yahoo_bootstrap
2023-04-12,28.76922989,29.15384674,28.76922989,29.15384674,941963,0,1,25.26317522,yahoo_bootstrap
2023-04-13,29.15384674,29.15384674,28.76922989,28.84615326,611523,0,1,24.99654439,yahoo_bootstrap
2023-04-14,29,29,28.61538315,28.61538315,767747,0,1,24.79657127,yahoo_bootstrap
2023-04-17,28.61538315,28.61538315,28.46153831,28.46153831,1091333,0,1,24.6632575,yahoo_bootstrap
2023-04-18,28.53846169,28.76922989,28.30769157,28.30769157,1116872,0,1,24.52994209,yahoo_bootstrap
2023-04-19,28.53846169,28.53846169,27.69230652,27.76922989,1869602,0,1,24.0633398,yahoo_bootstrap
2023-04-20,27.84615326,28,27.53846169,27.53846169,1195306,0,1,23.86336833,yahoo_bootstrap
2023-04-21,27.53846169,27.69230652,27.15384674,27.15384674,1001421,0,1,23.53008144,yahoo_bootstrap
2023-04-24,27.15384674,27.38461494,27.07692337,27.2307682,453883,0,1,23.59673749,yahoo_bootstrap
2023-04-25,27.2307682,27.46153831,26.53846169,26.53846169,1198848,0,1,22.99682144,yahoo_bootstrap
2023-04-26,26.2307682,26.69230652,26.2307682,26.69230652,631009,0,1,23.1301352,yahoo_bootstrap
2023-04-27,26.69230652,26.92307663,26.38461494,26.76922989,478895,0,1,23.19679291,yahoo_bootstrap
2023-04-28,27.07692337,27.15384674,26.76922989,26.92307663,624978,0,1,23.33010832,yahoo_bootstrap
2023-05-02,26.92307663,27.15384674,26.84615326,27.07692337,467454,0,1,23.46342373,yahoo_bootstrap
2023-05-03,27,27,26.76922989,26.92307663,540666,0,1,23.33010832,yahoo_bootstrap
2023-05-04,26.84615326,26.92307663,26.69230652,26.84615326,331657,0,1,23.26345061,yahoo_bootstrap
2023-05-05,27,27,26.69230652,26.69230652,401801,0,1,23.1301352,yahoo_bootstrap
2023-05-08,26.84615326,26.92307663,26.69230652,26.69230652,372058,0,1,23.1301352,yahoo_bootstrap
2023-05-09,26.84615326,26.84615326,26.38461494,26.46153831,462416,0,1,22.93016372,yahoo_bootstrap
2023-05-10,26.53846169,26.76922989,26.46153831,26.61538315,322408,0,1,23.06347749,yahoo_bootstrap
2023-05-11,26.76922989,26.76922989,26.15384674,26.2307682,837081,0,1,22.7301906,yahoo_bootstrap
2023-05-12,26.38461494,26.38461494,26,26.38461494,402773,0,1,22.86350602,yahoo_bootstrap
2023-05-15,26.38461494,26.61538315,26.2307682,26.30769157,405245,0,1,22.79684831,yahoo_bootstrap
2023-05-16,26.38461494,26.76922989,26.38461494,26.69230652,466029,0,1,23.1301352,yahoo_bootstrap
2023-05-17,26.69230652,26.92307663,26.53846169,26.84615326,568971,0,1,23.26345061,yahoo_bootstrap
2023-05-18,26.84615326,27.30769157,26.84615326,27.15384674,940609,0,1,23.53008144,yahoo_bootstrap
2023-05-19,27.15384674,27.38461494,26.84615326,26.84615326,781079,0,1,23.26345061,yahoo_bootstrap
2023-05-22,26.84615326,27,26.76922989,26.84615326,393396,0,1,23.26345061,yahoo_bootstrap
2023-05-23,26.84615326,27.07692337,26.84615326,27,536859,0,1,23.39676603,yahoo_bootstrap
2023-05-24,27,27.2307682,26.92307663,27.2307682,415615,0,1,23.59673749,yahoo_bootstrap
2023-05-25,27.07692337,27.30769157,26.92307663,26.92307663,393799,0,1,23.33010832,yahoo_bootstrap
2023-05-26,27.07692337,27.15384674,26.92307663,27,635429,0,1,23.39676603,yahoo_bootstrap
2023-05-29,27.30769157,27.76922989,27.30769157,27.30769157,1442216,0,1,23.6633952,yahoo_bootstrap
2023-05-30,27.38461494,27.38461494,27.2307682,27.2307682,418524,0,1,23.59673749,yahoo_bootstrap
2023-05-31,27.46153831,27.46153831,27,27.15384674,458151,0,1,23.53008144,yahoo_bootstrap
2023-06-01,27.2307682,27.30769157,27,27.2307682,488753,0,1,23.59673749,yahoo_bootstrap
2023-06-02,27,27.30769157,27,27.2307682,916832,0,1,23.59673749,yahoo_bootstrap
2023-06-05,27.38461494,27.84615326,27.30769157,27.61538315,1241154,0,1,23.93002438,yahoo_bootstrap
2023-06-06,27.69230652,27.69230652,27.38461494,27.53846169,509473,0,1,23.86336833,yahoo_bootstrap
2023-06-07,27.53846169,27.69230652,27.46153831,27.53846169,760855,0,1,23.86336833,yahoo_bootstrap
2023-06-08,27.46153831,27.69230652,27.38461494,27.38461494,648848,0,1,23.73005291,yahoo_bootstrap
2023-06-09,27.53846169,27.61538315,27.38461494,27.46153831,576147,0,1,23.79671061,yahoo_bootstrap
2023-06-12,27.46153831,27.53846169,27.2307682,27.38461494,537754,0,1,23.73005291,yahoo_bootstrap
2023-06-13,27.38461494,27.69230652,27.38461494,27.46153831,929495,0,1,23.79671061,yahoo_bootstrap
2023-06-14,27.69230652,28.46153831,27.61538315,28.15384674,3955419,0,1,24.39662833,yahoo_bootstrap
2023-06-15,28.38461494,28.38461494,27.76922989,28.07692337,1398224,0,1,24.32997062,yahoo_bootstrap
2023-06-16,28.15384674,28.30769157,27.84615326,28.2307682,1208128,0,1,24.46328438,yahoo_bootstrap
2023-06-19,28,28.38461494,28,28.2307682,874909,0,1,24.46328438,yahoo_bootstrap
2023-06-20,28.2307682,28.2307682,28,28.07692337,487018,0,1,24.32997062,yahoo_bootstrap
2023-06-21,28.2307682,28.69230652,28.07692337,28.46153831,2121728,0,1,24.6632575,yahoo_bootstrap
2023-06-26,28.46153831,28.46153831,28,28.07692337,1171981,0,1,24.32997062,yahoo_bootstrap
2023-06-27,28.07692337,28.15384674,27.61538315,27.69230652,1013328,0,1,23.99668209,yahoo_bootstrap
2023-06-28,27.84615326,27.92307663,27.69230652,27.69230652,661190,0,1,23.99668209,yahoo_bootstrap
2023-06-29,27.84615326,27.92307663,27.69230652,27.76922989,525948,0,1,24.0633398,yahoo_bootstrap
2023-06-30,27.92307663,28.15384674,27.69230652,28.07692337,932579,0,1,24.32997062,yahoo_bootstrap
2023-07-03,28.07692337,28.46153831,28.07692337,28.2307682,1162326,0,1,24.46328438,yahoo_bootstrap
2023-07-04,28.38461494,28.61538315,28.2307682,28.53846169,2214268,0,1,24.72991522,yahoo_bootstrap
2023-07-05,29.07692337,29.38461494,28.76922989,29,4146106,0,1,25.12985981,yahoo_bootstrap
2023-07-06,29,29,28.46153831,28.53846169,4038652,0,1,24.72991522,yahoo_bootstrap
2023-07-07,27,27.15384674,26.76922989,27,3357636,1.538462,1,24.7299155,yahoo_bootstrap
2023-07-10,27,27.07692337,26.38461494,26.61538315,1129832,0,1,24.37763616,yahoo_bootstrap
2023-07-11,26.76922989,26.76922989,26.2307682,26.30769157,1041288,0,1,24.09581443,yahoo_bootstrap
2023-07-12,26.30769157,26.38461494,25.76922989,26,1693902,0,1,23.81399271,yahoo_bootstrap
2023-07-13,26,26.07692337,25.61538315,25.69230652,1336774,0,1,23.53216923,yahoo_bootstrap
2023-07-14,25.69230652,25.92307663,25.53846169,25.76922989,1260097,0,1,23.6026251,yahoo_bootstrap
2023-07-17,25.84615326,28.30769157,25.76922989,28.30769157,3962831,0,1,25.92766002,yahoo_bootstrap
2023-07-18,28.92307663,29.15384674,27.30769157,27.69230652,6745989,0,1,25.36401483,yahoo_bootstrap
2023-07-19,27.84615326,28.30769157,26.84615326,27.15384674,2540503,0,1,24.87082724,yahoo_bootstrap
2023-07-20,26.69230652,26.92307663,26.30769157,26.53846169,1460128,0,1,24.30718204,yahoo_bootstrap
2023-07-21,26.15384674,26.46153831,26,26.30769157,1163702,0,1,24.09581443,yahoo_bootstrap
2023-07-24,26.2307682,26.2307682,25.76922989,25.84615326,1286689,0,1,23.67308097,yahoo_bootstrap
2023-07-25,25.92307663,26.46153831,25.92307663,26.2307682,1065480,0,1,24.02535856,yahoo_bootstrap
2023-07-26,26.15384674,26.69230652,26.15384674,26.30769157,889321,0,1,24.09581443,yahoo_bootstrap
2023-07-27,26.38461494,28.2307682,26.38461494,27.61538315,3902524,0,1,25.29355896,yahoo_bootstrap
2023-07-28,28.15384674,28.92307663,27.61538315,28.30769157,7156811,0,1,25.92766002,yahoo_bootstrap
2023-07-31,29.84615326,31.07692337,29.84615326,31.07692337,14694774,0,1,28.46406256,yahoo_bootstrap
2023-08-01,33.23077011,33.23077011,30.76922989,31.38461494,35451647,0,1,28.74588428,yahoo_bootstrap
2023-08-02,30.92307663,32,29.84615326,30,13085930,0,1,27.47768389,yahoo_bootstrap
2023-08-04,29.76922989,30.30769157,28.76922989,29.76922989,4468690,0,1,27.26631629,yahoo_bootstrap
2023-08-07,29.76922989,30.53846169,29.07692337,30,3950059,0,1,27.47768389,yahoo_bootstrap
2023-08-08,30,33,30,32.76922989,22116184,0,1,30.01408468,yahoo_bootstrap
2023-08-09,32.76922989,34.92307663,31.07692337,34.53845978,42183296,0,1,31.63456267,yahoo_bootstrap
2023-08-10,33.84615326,36.92307663,33.76922989,35.76922989,47862059,0,1,32.76185307,yahoo_bootstrap
2023-08-11,35.30769348,36.92307663,35.15384674,36.92307663,45024740,0,1,33.8186876,yahoo_bootstrap
2023-08-14,36.92307663,40.61538315,36.46153641,39.61538315,71959870,0,1,36.28463252,yahoo_bootstrap
2023-08-15,40,40.38461685,38.69230652,39.53845978,63945809,0,1,36.21417665,yahoo_bootstrap
2023-08-16,38.69230652,39.23077011,36.15384674,36.92307663,52080000,0,1,33.8186876,yahoo_bootstrap
2023-08-17,37.69230652,40.61538315,37.38461685,40.61538315,49957073,0,1,37.20055531,yahoo_bootstrap
2023-08-18,41,44.38461685,39.76922989,40.61538315,120551041,0,1,37.20055531,yahoo_bootstrap
2023-08-21,40.76922989,44.61538315,40.69230652,44.61538315,107612086,0,1,40.8642465,yahoo_bootstrap
2023-08-22,46.15384674,47.38461685,44.92307663,46.15384674,118314039,0,1,42.27336037,yahoo_bootstrap
2023-08-23,45.53845978,50.76922989,45.23077011,50.76922989,94462882,0,1,46.50069501,yahoo_bootstrap
2023-08-24,53.46153641,55.84615326,49.46153641,52.76922989,192853429,0,1,48.33254061,yahoo_bootstrap
2023-08-25,51.69230652,55.07692337,49.53845978,51.84615326,121018387,0,1,47.48707368,yahoo_bootstrap
2023-08-28,52.53845978,53.30769348,50.53845978,51.46153641,64667766,0,1,47.13479434,yahoo_bootstrap
2023-08-29,52.23077011,55.61538315,51.15384674,51.69230652,147122767,0,1,47.34616194,yahoo_bootstrap
2023-08-30,52.69230652,53.69230652,50.38461685,53,121824562,0,1,48.54390821,yahoo_bootstrap
2023-08-31,53.69230652,54.61538315,52.76922989,54.61538315,80346435,0,1,50.02347446,yahoo_bootstrap
2023-09-01,55.53845978,59.69230652,55.38461685,58.15384674,152044702,0,1,53.26443393,yahoo_bootstrap
2023-09-04,57.53845978,57.69230652,55.07692337,55.15384674,81119411,0,1,50.51666554,yahoo_bootstrap
2023-09-05,54.61538315,57.07692337,53.53845978,56.30769348,76334119,0,1,51.57350007,yahoo_bootstrap
2023-09-06,57.46153641,58.76922989,55.92307663,56.07692337,93836316,0,1,51.36213247,yahoo_bootstrap
2023-09-07,55.53845978,57.38461685,55.15384674,57.23077011,46563229,0,1,52.418967,yahoo_bootstrap
2023-09-08,57.53845978,58.15384674,56.23077011,58.15384674,63082023,0,1,53.26443393,yahoo_bootstrap
2023-09-11,58.92307663,60.38461685,54.69230652,56,99539739,0,1,51.2916766,yahoo_bootstrap
2023-09-12,56.38461685,56.76922989,52.92307663,53.61538315,74091083,0,1,49.10755167,yahoo_bootstrap
2023-09-13,53.92307663,55.69230652,53.30769348,55.53845978,44619524,0,1,50.86894139,yahoo_bootstrap
2023-09-14,55.84615326,58.46153641,55.07692337,57.76922989,67733233,0,1,52.91215459,yahoo_bootstrap
2023-09-15,58.76922989,60,58.23077011,59.84615326,83206483,0,1,54.81445605,yahoo_bootstrap
2023-09-18,59.53845978,60.38461685,55.46153641,55.46153641,107846428,0,1,50.79848552,yahoo_bootstrap
2023-09-19,55.76922989,57.69230652,55.23077011,57.23077011,55090467,0,1,52.418967,yahoo_bootstrap
2023-09-20,57.15384674,57.46153641,55.69230652,56.46153641,42429331,0,1,51.71440832,yahoo_bootstrap
2023-09-21,56.23077011,57.38461685,55.92307663,56.30769348,35836396,0,1,51.57350007,yahoo_bootstrap
2023-09-22,55.92307663,57.84615326,55.07692337,57.76922989,53724284,0,1,52.91215459,yahoo_bootstrap
2023-09-25,58.07692337,58.92307663,57,58,50152451,0,1,53.12352219,yahoo_bootstrap
2023-09-26,57.76922989,59.61538315,57.38461685,57.46153641,51951602,0,1,52.63033111,yahoo_bootstrap
2023-09-27,57.53845978,58.61538315,57.23077011,58.46153641,30948125,0,1,53.54625391,yahoo_bootstrap
2023-09-28,59.15384674,59.92307663,57.92307663,58.07692337,51499767,0,1,53.19397806,yahoo_bootstrap
2023-10-02,59.07692337,59.30769348,56.15384674,56.15384674,55620485,0,1,51.43258834,yahoo_bootstrap
2023-10-03,55.61538315,56.84615326,55.38461685,56,26110192,0,1,51.2916766,yahoo_bootstrap
2023-10-04,55.46153641,57.69230652,55.46153641,57.46153641,26749780,0,1,52.63033111,yahoo_bootstrap
2023-10-05,57.69230652,58.92307663,57.53845978,58.38461685,38117795,0,1,53.47580153,yahoo_bootstrap
2023-10-06,58.84615326,59.38461685,56.92307663,57.23077011,42123142,0,1,52.418967,yahoo_bootstrap
2023-10-11,59.61538315,62.92307663,58.76922989,62.92307663,69689011,0,1,57.63268031,yahoo_bootstrap
2023-10-12,66.15384674,69.15384674,64.92307281,69.15384674,137445201,0,1,63.33958469,yahoo_bootstrap
2023-10-13,69.2307663,74.38461304,66.53845978,73.38461304,208066794,0,1,67.21463999,yahoo_bootstrap
2023-10-16,73.69230652,76.92307281,72.84615326,76.84615326,126288165,0,1,70.38514359,yahoo_bootstrap
2023-10-17,76.84615326,84.30769348,76.38461304,83.2307663,188657825,0,1,76.23295622,yahoo_bootstrap
2023-10-18,84.46154022,84.46154022,75.38461304,76.15384674,37199117,0,1,69.75104426,yahoo_bootstrap
2023-10-19,74.7692337,82.15384674,74,82.15384674,24865763,0,1,75.24658104,yahoo_bootstrap
2023-10-20,81.07691956,84.15384674,80.7692337,82.61538696,18036234,0,1,75.66931625,yahoo_bootstrap
2023-10-23,81.53845978,84.15384674,81.53845978,83.07691956,13938670,0,1,76.09204448,yahoo_bootstrap
2023-10-24,80,82.15384674,77.07691956,79.84615326,20652534,0,1,73.13291198,yahoo_bootstrap
2023-10-25,81.07691956,83.53845978,80.7692337,81.53845978,11967114,0,1,74.6829341,yahoo_bootstrap
2023-10-26,78.61538696,81.53845978,78.61538696,79.53845978,8227089,0,1,72.8510885,yahoo_bootstrap
2023-10-27,80.92307281,80.92307281,76.92307281,76.92307281,12410152,0,1,70.45559596,yahoo_bootstrap
2023-10-30,76.15384674,79.69230652,76,79.38461304,9740041,0,1,72.71017677,yahoo_bootstrap
2023-10-31,80.15384674,80.92307281,76.61538696,76.61538696,11315855,0,1,70.17377947,yahoo_bootstrap
2023-11-01,78.46154022,82.15384674,76.38461304,82.15384674,12096650,0,1,75.24658104,yahoo_bootstrap
2023-11-02,85.38461304,90.30769348,82.61538696,89.38461304,24711441,0,1,81.86940473,yahoo_bootstrap
2023-11-03,91.53845978,93.84615326,80.46154022,80.46154022,142982416,0,1,73.69655892,yahoo_bootstrap
2023-11-06,80.46154022,83.2307663,78,82.61538696,77175974,0,1,75.66931625,yahoo_bootstrap
2023-11-07,82,84.15384674,80.46154022,81.2307663,50689142,0,1,74.40111062,yahoo_bootstrap
2023-11-08,75.38461304,78.7692337,75.38461304,75.38461304,79233945,0,1,69.04648558,yahoo_bootstrap
2023-11-09,75.07691956,76.30769348,67.92307281,67.92307281,100648872,0,1,62.21229079,yahoo_bootstrap
2023-11-10,69.46154022,70.61538696,68.69230652,69.38461304,69933361,0,1,63.5509488,yahoo_bootstrap
2023-11-13,69.7692337,70.38461304,67.84615326,69.84615326,43052989,0,1,63.97368401,yahoo_bootstrap
2023-11-14,70.53845978,71.69230652,70,70.30769348,35354396,0,1,64.39641922,yahoo_bootstrap
2023-11-15,72.69230652,75.38461304,72.61538696,74.07691956,73968898,0,1,67.84873931,yahoo_bootstrap
2023-11-16,74.7692337,74.84615326,72.69230652,74.61538696,35735823,0,1,68.34193388,yahoo_bootstrap
2023-11-17,75.07691956,76.61538696,74.2307663,75.38461304,37809008,0,1,69.04648558,yahoo_bootstrap
2023-11-20,75.69230652,78.46154022,74.84615326,76.30769348,48062690,0,1,69.891956,yahoo_bootstrap
2023-11-21,78.15384674,78.7692337,75.53845978,75.92307281,34824444,0,1,69.53967316,yahoo_bootstrap
2023-11-22,76.15384674,79.2307663,75.69230652,77.38461304,50364260,0,1,70.87833117,yahoo_bootstrap
2023-11-23,78.30769348,78.7692337,74.07691956,74.2307663,47030473,0,1,67.98965105,yahoo_bootstrap
2023-11-24,75.07691956,75.15384674,72.30769348,72.30769348,26236514,0,1,66.22826481,yahoo_bootstrap
2023-11-27,72.30769348,73.07691956,70.84615326,70.92307281,17137469,0,1,64.96005918,yahoo_bootstrap
2023-11-28,71.53845978,74.46154022,71.2307663,74.46154022,24225655,0,1,68.20102214,yahoo_bootstrap
2023-11-29,74.61538696,75.84615326,73.53845978,73.84615326,21750599,0,1,67.6373752,yahoo_bootstrap
2023-11-30,74.2307663,75.2307663,73.53845978,74.61538696,24109278,0,1,68.34193388,yahoo_bootstrap
2023-12-01,74.61538696,75.84615326,73.84615326,74.30769348,22393735,0,1,68.06011041,yahoo_bootstrap
2023-12-04,74.7692337,76,72.92307281,72.92307281,23595482,0,1,66.79190477,yahoo_bootstrap
2023-12-05,72,72.15384674,70.38461304,70.53845978,17258862,0,1,64.60778334,yahoo_bootstrap
2023-12-06,70.61538696,71.7692337,70.46154022,70.46154022,11188614,0,1,64.53733096,yahoo_bootstrap
2023-12-07,70.92307281,70.92307281,69.07691956,69.07691956,13982790,0,1,63.26912533,yahoo_bootstrap
2023-12-08,69.2307663,70.46154022,69,69,12764535,0,1,63.19867295,yahoo_bootstrap
2023-12-11,69.38461304,71.46154022,68.30769348,70.7692337,16530909,0,1,64.81915443,yahoo_bootstrap
2023-12-12,71.30769348,72.2307663,69.53845978,69.7692337,16863012,0,1,63.90323163,yahoo_bootstrap
2023-12-13,70.15384674,72.84615326,69.2307663,72.84615326,20179718,0,1,66.7214524,yahoo_bootstrap
2023-12-14,75.53845978,80,75,80,126363613,0,1,73.27382371,yahoo_bootstrap
2023-12-15,80,81.69230652,72.69230652,73.07691956,148455279,0,1,66.93281652,yahoo_bootstrap
2023-12-18,72.30769348,72.69230652,70.92307281,71.07691956,24282218,0,1,65.10097092,yahoo_bootstrap
2023-12-19,70.92307281,72.53845978,70.84615326,72.15384674,17450962,0,1,66.08735308,yahoo_bootstrap
2023-12-20,72.30769348,73.53845978,71.84615326,73,16142523,0,1,66.86236414,yahoo_bootstrap
2023-12-21,72,72.46154022,71.38461304,71.38461304,10652959,0,1,65.3827944,yahoo_bootstrap
2023-12-22,71.53845978,72.07691956,70.84615326,70.84615326,9215376,0,1,64.88960681,yahoo_bootstrap
2023-12-25,71.46154022,71.84615326,70.15384674,70.15384674,8552353,0,1,64.25550749,yahoo_bootstrap
2023-12-26,70.7692337,71.30769348,70.30769348,70.53845978,7235827,0,1,64.60778334,yahoo_bootstrap
2023-12-27,70.92307281,72.61538696,70.69230652,71.30769348,11627441,0,1,65.31234202,yahoo_bootstrap
2023-12-28,71.92307281,72.15384674,70.15384674,70.2307663,9041547,0,1,64.32595986,yahoo_bootstrap
2023-12-29,70.38461304,70.69230652,69.7692337,70.15384674,6021148,0,1,64.25550749,yahoo_bootstrap
2024-01-02,70.46154022,70.7692337,69.2307663,69.46154022,5523523,0,1,63.62140816,yahoo_bootstrap
2024-01-03,69.53845978,72.15384674,69.30769348,71.7692337,13728516,0,1,65.73507723,yahoo_bootstrap
2024-01-04,71.7692337,72.15384674,70.2307663,70.30769348,8325470,0,1,64.39641922,yahoo_bootstrap
2024-01-05,70.30769348,71.38461304,69.46154022,69.61538696,6243099,0,1,63.7623199,yahoo_bootstrap
2024-01-08,69.84615326,70.30769348,68.92307281,68.92307281,5208214,0,1,63.12821359,yahoo_bootstrap
2024-01-09,68.7692337,68.84615326,62.69230652,64,32125502,0,1,58.61905897,yahoo_bootstrap
2024-01-10,64,66.69230652,63.76922989,66.46154022,13688759,0,1,60.87363977,yahoo_bootstrap
2024-01-11,66.61538696,67.2307663,65.61538696,67.15384674,10188495,0,1,61.5077391,yahoo_bootstrap
2024-01-12,66.38461304,66.7692337,65.46154022,65.46154022,5977191,0,1,59.95771698,yahoo_bootstrap
2024-01-15,65.7692337,66.53845978,65.30769348,65.38461304,4949566,0,1,59.88725762,yahoo_bootstrap
2024-01-16,65.15384674,65.2307663,64,64.07691956,6302369,0,1,58.68951135,yahoo_bootstrap
2024-01-17,64.15384674,66.2307663,63,65,11391985,0,1,59.53498177,yahoo_bootstrap
2024-01-18,64.92307281,65.30769348,63.38461685,63.53845978,6484288,0,1,58.19632376,yahoo_bootstrap
2024-01-19,64.07691956,65.2307663,63.76922989,65,6555974,0,1,59.53498177,yahoo_bootstrap
2024-01-22,65.07691956,69.2307663,65.07691956,67.92307281,19303373,0,1,62.21229079,yahoo_bootstrap
2024-01-23,67.69230652,68.84615326,66.7692337,67.46154022,9870721,0,1,61.78956257,yahoo_bootstrap
2024-01-24,67.92307281,68.2307663,66.69230652,66.69230652,5613333,0,1,61.08500389,yahoo_bootstrap
2024-01-25,66.92307281,67.46154022,65.92307281,66.38461304,4916315,0,1,60.80318041,yahoo_bootstrap
2024-01-26,66.38461304,67.07691956,64.84615326,64.84615326,4289105,0,1,59.39407003,yahoo_bootstrap
2024-01-29,64.7692337,65.2307663,64.07691956,65.07691956,3589073,0,1,59.60543415,yahoo_bootstrap
2024-01-30,65.30769348,65.30769348,64.30769348,64.38461304,3806729,0,1,58.97133482,yahoo_bootstrap
2024-01-31,64.38461304,64.84615326,63.69230652,63.69230652,4313454,0,1,58.3372355,yahoo_bootstrap
2024-02-01,63.53845978,65.84615326,63.23077011,65.69230652,8451146,0,1,60.16908109,yahoo_bootstrap
2024-02-02,66.15384674,66.7692337,64.07691956,64.15384674,7858035,0,1,58.75997071,yahoo_bootstrap
2024-02-05,64.07691956,64.53845978,62.84615326,62.84615326,7112354,0,1,57.56222444,yahoo_bootstrap
2024-02-15,64,67.61538696,63.53845978,67.2307663,15507733,0,1,61.57819147,yahoo_bootstrap
2024-02-16,67.92307281,70.46154022,67.38461304,69.15384674,24477334,0,1,63.33958469,yahoo_bootstrap
2024-02-19,69.2307663,69.2307663,67.84615326,68.15384674,7554290,0,1,62.42366189,yahoo_bootstrap
2024-02-20,68.2307663,69.69230652,66.92307281,66.92307281,9618874,0,1,61.29636799,yahoo_bootstrap
2024-02-21,67,68.46154022,66.7692337,67.69230652,6260456,0,1,62.00092668,yahoo_bootstrap
2024-02-22,68.61538696,69,67.69230652,67.69230652,6279185,0,1,62.00092668,yahoo_bootstrap
2024-02-23,68.46154022,68.46154022,65.69230652,65.69230652,8431488,0,1,60.16908109,yahoo_bootstrap
2024-02-26,65.92307281,71.07691956,65.92307281,70.53845978,30639988,0,1,64.60778334,yahoo_bootstrap
2024-02-27,71.38461304,74.15384674,67.2307663,67.38461304,64020806,0,1,61.71910321,yahoo_bootstrap
2024-02-29,67.30769348,67.38461304,66.15384674,66.2307663,10307758,0,1,60.66226868,yahoo_bootstrap
2024-03-01,67,69.2307663,66.30769348,67.07691956,13652610,0,1,61.43727974,yahoo_bootstrap
2024-03-04,67.84615326,69.84615326,66.69230652,66.69230652,13807926,0,1,61.08500389,yahoo_bootstrap
2024-03-05,66.92307281,67.69230652,66.46154022,67.07691956,6059437,0,1,61.43727974,yahoo_bootstrap
2024-03-06,67,67.15384674,66,66.15384674,5896582,0,1,60.5918163,yahoo_bootstrap
2024-03-07,66.2307663,66.84615326,64.07691956,64.07691956,10368636,0,1,58.68951135,yahoo_bootstrap
2024-03-08,64,64.84615326,62.38461685,62.53845978,12147384,0,1,57.28040096,yahoo_bootstrap
2024-03-11,62.46153641,63.53845978,61.76922989,62.61538315,4942024,0,1,57.35085683,yahoo_bootstrap
2024-03-12,62.69230652,63.92307663,62.69230652,63.84615326,4347227,0,1,58.47814723,yahoo_bootstrap
2024-03-13,64,65.2307663,62.38461685,62.38461685,5528651,0,1,57.13949272,yahoo_bootstrap
2024-03-14,62.53845978,62.61538315,60.53845978,60.69230652,7810506,0,1,55.58946711,yahoo_bootstrap
2024-03-15,60.69230652,61.07692337,59.69230652,60,6629365,0,1,54.95536778,yahoo_bootstrap
2024-03-18,60.46153641,60.61538315,59.15384674,60.53845978,6533859,0,1,55.44855537,yahoo_bootstrap
2024-03-19,60.76922989,61,59.92307663,60,3819611,0,1,54.95536778,yahoo_bootstrap
2024-03-20,60.15384674,60.61538315,59.38461685,59.38461685,4413646,0,1,54.39172433,yahoo_bootstrap
2024-03-21,60,61,59.76922989,60.92307663,5166163,0,1,55.80083471,yahoo_bootstrap
2024-03-22,62.07692337,62.15384674,61.07692337,61.84615326,5492283,0,1,56.64630164,yahoo_bootstrap
2024-03-25,61.84615326,62.30769348,61,61,3809132,0,1,55.87129058,yahoo_bootstrap
2024-03-26,61.46153641,61.61538315,59.61538315,59.61538315,3743502,0,1,54.60308844,yahoo_bootstrap
2024-03-27,59.61538315,59.84615326,58.61538315,58.69230652,4008367,0,1,53.75762152,yahoo_bootstrap
2024-03-28,59.07692337,59.15384674,57.53845978,57.69230652,4665656,0,1,52.84169872,yahoo_bootstrap
2024-03-29,57.69230652,58.46153641,57.53845978,58,2613650,0,1,53.12352219,yahoo_bootstrap
2024-04-01,58.53845978,59.53845978,58.38461685,59.23077011,3560124,0,1,54.25081259,yahoo_bootstrap
2024-04-02,59.84615326,59.84615326,58.38461685,58.61538315,3011420,0,1,53.68716565,yahoo_bootstrap
2024-04-03,64.46154022,64.46154022,64.46154022,64.46154022,9393753,0,1,59.04179418,yahoo_bootstrap
2024-04-08,70.84615326,70.84615326,70.84615326,70.84615326,8564430,0,1,64.88960681,yahoo_bootstrap
2024-04-09,77.84615326,77.84615326,74.2307663,77.84615326,110471970,0,1,71.30106638,yahoo_bootstrap
2024-04-10,76.92307281,82,75.15384674,81.84615326,122265356,0,1,74.96475757,yahoo_bootstrap
2024-04-11,81.53845978,90,80.15384674,90,95768300,0,1,82.43305168,yahoo_bootstrap
2024-04-12,92.15384674,98.7692337,89.38461304,94.46154022,215139065,0,1,86.51947807,yahoo_bootstrap
2024-04-15,93.07691956,96.92307281,92,95.38461304,20569182,0,1,87.36494151,yahoo_bootstrap
2024-04-16,94.46154022,97.69230652,91.38461304,96.92307281,23784454,0,1,88.77405188,yahoo_bootstrap
2024-04-17,100,106.46154022,100,106,23558891,0,1,97.08781642,yahoo_bootstrap
2024-04-18,103.07691956,113.07691956,103.07691956,106.46154022,23060311,0,1,97.51055163,yahoo_bootstrap
2024-04-19,105.84615326,108.46154022,95.84615326,104.92307281,28792415,0,1,96.10143426,yahoo_bootstrap
2024-04-22,106.7692337,107.07691956,95.53845978,97.2307663,18303658,0,1,89.05587537,yahoo_bootstrap
2024-04-23,100.61538696,100.7692337,94.30769348,99.2307663,13621002,0,1,90.88772096,yahoo_bootstrap
2024-04-24,101.53845978,107.69230652,101.07691956,107.69230652,17214682,0,1,98.63783854,yahoo_bootstrap
2024-04-25,105.38461304,111.69230652,105.38461304,111.69230652,14992558,0,1,102.30152973,yahoo_bootstrap
2024-04-26,116.92307281,116.92307281,105.53845978,105.53845978,19834878,0,1,96.66508121,yahoo_bootstrap
2024-04-29,106.46154022,110.15384674,95.07691956,95.2307663,78120885,0,1,87.22402977,yahoo_bootstrap
2024-04-30,93.2307663,100,90,95.07691956,80732880,0,1,87.08311804,yahoo_bootstrap
2024-05-02,95.07691956,96.92307281,89.2307663,89.38461304,50370728,0,1,81.86940473,yahoo_bootstrap
2024-05-03,90.92307281,92,85.84615326,86.46154022,52289237,0,1,79.1920957,yahoo_bootstrap
2024-05-06,89.07691956,89.69230652,86.7692337,88.61538696,25778116,0,1,81.16485303,yahoo_bootstrap
2024-05-07,88.92307281,89.38461304,83.07691956,84.61538696,32744260,0,1,77.50116184,yahoo_bootstrap
2024-05-08,85.69230652,92.7692337,84.61538696,90.92307281,48571042,0,1,83.27851511,yahoo_bootstrap
2024-05-09,90.92307281,92.7692337,86.15384674,86.46154022,43903930,0,1,79.1920957,yahoo_bootstrap
2024-05-10,86.92307281,88.30769348,83.07691956,84.92307281,24401786,0,1,77.78297833,yahoo_bootstrap
2024-05-13,85.38461304,88.15384674,82.30769348,85.69230652,30566710,0,1,78.48753702,yahoo_bootstrap
2024-05-14,85.2307663,92.61538696,85.07691956,91.2307663,51186961,0,1,83.56033859,yahoo_bootstrap
2024-05-15,95.2307663,96.61538696,90,91.07691956,56499999,0,1,83.41942685,yahoo_bootstrap
2024-05-16,91.84615326,94.92307281,90.30769348,90.30769348,39727084,0,1,82.71487515,yahoo_bootstrap
2024-05-17,90.30769348,96.15384674,89.53845978,93.84615326,63495696,0,1,85.95583113,yahoo_bootstrap
2024-05-20,93.84615326,98.30769348,92,93.84615326,62855222,0,1,85.95583113,yahoo_bootstrap
2024-05-21,93.84615326,95.69230652,92.30769348,92.61538696,31148284,0,1,84.82854421,yahoo_bootstrap
2024-05-22,92.61538696,95.84615326,91.53845978,94.92307281,30367033,0,1,86.94220629,yahoo_bootstrap
2024-05-23,94.92307281,95.69230652,91.38461304,91.38461304,27462733,0,1,83.70125032,yahoo_bootstrap
2024-05-24,90.7692337,100,90,95.84615326,73834532,0,1,87.78767672,yahoo_bootstrap
2024-05-27,97.2307663,104.46154022,95.38461304,95.84615326,122881272,0,1,87.78767672,yahoo_bootstrap
2024-05-28,95.84615326,97.69230652,93.53845978,93.53845978,57407192,0,1,85.67400765,yahoo_bootstrap
2024-05-29,93.84615326,95.07691956,92,92,27740974,0,1,84.26489727,yahoo_bootstrap
2024-05-30,92,93.69230652,89.2307663,89.53845978,27362925,0,1,82.01031647,yahoo_bootstrap
2024-05-31,90.30769348,91.53845978,87.38461304,87.84615326,20368853,0,1,80.46029435,yahoo_bootstrap
2024-06-03,88.61538696,89.38461304,86.46154022,88.46154022,18732463,0,1,81.02394129,yahoo_bootstrap
2024-06-04,89.69230652,91.2307663,88.15384674,89.38461304,22183272,0,1,81.86940473,yahoo_bootstrap
2024-06-05,89.07691956,89.53845978,86.7692337,86.92307281,12506430,0,1,79.61482392,yahoo_bootstrap
2024-06-06,87.69230652,88,85.38461304,85.69230652,12097688,0,1,78.48753702,yahoo_bootstrap
2024-06-07,86.15384674,87.2307663,85.84615326,86.92307281,7163871,0,1,79.61482392,yahoo_bootstrap
2024-06-11,87.07691956,88.30769348,85.53845978,85.53845978,7874450,0,1,78.34662528,yahoo_bootstrap
2024-06-12,86.30769348,87.07691956,85.38461304,85.84615326,5990489,0,1,78.62844875,yahoo_bootstrap
2024-06-13,86.46154022,90.46154022,85.84615326,90.46154022,20679322,0,1,82.85578689,yahoo_bootstrap
2024-06-14,91.07691956,91.69230652,88.46154022,88.61538696,19874255,0,1,81.16485303,yahoo_bootstrap
2024-06-17,88.7692337,92.61538696,88,91.07691956,24403892,0,1,83.41942685,yahoo_bootstrap
2024-06-18,92.15384674,93.2307663,90.46154022,90.46154022,20836700,0,1,82.85578689,yahoo_bootstrap
2024-06-19,92,92.7692337,90.46154022,91.07691956,15335615,0,1,83.41942685,yahoo_bootstrap
2024-06-20,92,94.15384674,91.07691956,92.30769348,20561955,0,1,84.54672074,yahoo_bootstrap
2024-06-21,92.30769348,93.07691956,90.15384674,90.92307281,12034731,0,1,83.27851511,yahoo_bootstrap
2024-06-24,90.7692337,90.92307281,88.46154022,88.61538696,7500049,0,1,81.16485303,yahoo_bootstrap
2024-06-25,88.61538696,90,86.7692337,90,6540769,0,1,82.43305168,yahoo_bootstrap
2024-06-26,91.07691956,92.15384674,89.2307663,89.2307663,8556332,0,1,81.728493,yahoo_bootstrap
2024-06-27,89.38461304,89.53845978,87.69230652,87.69230652,4651323,0,1,80.31938261,yahoo_bootstrap
2024-06-28,88.15384674,88.61538696,86.92307281,86.92307281,5147364,0,1,79.61482392,yahoo_bootstrap
2024-07-01,87.2307663,87.53845978,84.92307281,84.92307281,5847355,0.461538,1,78.19818956,yahoo_bootstrap
2024-07-02,85.07691956,85.84615326,83.07691956,83.07691956,7608843,0,1,76.49822938,yahoo_bootstrap
2024-07-03,83.84615326,84.46154022,83.07691956,83.07691956,4633107,0,1,76.49822938,yahoo_bootstrap
2024-07-04,84.46154022,91.38461304,84,91.38461304,23505757,0,1,84.14805372,yahoo_bootstrap
2024-07-05,97.69230652,100.30769348,94.7692337,98.30769348,96569664,0,1,90.52290968,yahoo_bootstrap
2024-07-08,101.38461304,102.7692337,95.53845978,95.84615326,63271430,0,1,88.25629376,yahoo_bootstrap
2024-07-09,97.69230652,98.30769348,92.30769348,94.46154022,27536277,0,1,86.98132538,yahoo_bootstrap
2024-07-10,94.46154022,96.61538696,93.53845978,95.38461304,27890781,0,1,87.83130196,yahoo_bootstrap
2024-07-11,96.92307281,98.15384674,92.92307281,93.69230652,31071168,0,1,86.27300571,yahoo_bootstrap
2024-07-12,92.61538696,93.69230652,90.30769348,90.30769348,14759449,0,1,83.15641321,yahoo_bootstrap
2024-07-15,90.7692337,91.84615326,88,88.30769348,12369153,0,1,81.31478909,yahoo_bootstrap
2024-07-16,88.7692337,92.92307281,88.7692337,88.7692337,14978969,0,1,81.73978089,yahoo_bootstrap
2024-07-17,89.53845978,90.92307281,88.61538696,89.38461304,8134807,0,1,82.30642961,yahoo_bootstrap
2024-07-18,89.07691956,92,86.92307281,90.15384674,15098994,0,1,83.01474927,yahoo_bootstrap
2024-07-19,90.15384674,90.15384674,90.15384674,90.15384674,0,5.384615,1,88.28791803,yahoo_bootstrap
2024-07-22,90.15384674,90.15384674,90.15384674,90.15384674,0,0,1,88.28791803,yahoo_bootstrap
2024-07-23,90.15384674,90.15384674,90.15384674,90.15384674,0,0,1,88.28791803,yahoo_bootstrap
2024-07-26,90.15384674,90.15384674,90.15384674,90.15384674,0,0,1,88.28791803,yahoo_bootstrap
2024-07-29,85.5,87.69999695,76.30000305,76.30000305,28923171,0,0.65,74.72080958,yahoo_bootstrap
2024-07-30,76.30000305,76.40000153,69.19999695,71,23046462,0,1,69.53050154,yahoo_bootstrap
2024-07-31,70.90000153,78.09999847,69.5,78.09999847,24444907,0,1,76.4835502,yahoo_bootstrap
2024-08-01,79.69999695,83.5,76.30000305,76.80000305,57681773,0,1,75.21046099,yahoo_bootstrap
2024-08-02,74.19999695,78.30000305,72.69999695,74.09999847,20482180,0,1,72.56633885,yahoo_bootstrap
2024-08-05,72,73.40000153,66.69999695,66.69999695,19842024,0,1,65.31949635,yahoo_bootstrap
2024-08-06,66.69999695,66.69999695,66.69999695,66.69999695,0,0,1,65.31949635,yahoo_bootstrap
2024-08-07,67.90000153,72.90000153,67.59999847,70.59999847,17384639,0,1,69.13877891,yahoo_bootstrap
2024-08-08,70,70,67.5,67.5,9927779,0,1,66.10294161,yahoo_bootstrap
2024-08-09,71,71,68.40000153,68.40000153,12203444,0,1,66.98431566,yahoo_bootstrap
2024-08-12,68.19999695,71.19999695,67.69999695,69.69999695,11080361,0,1,68.25740487,yahoo_bootstrap
2024-08-13,70,71,68.80000305,70.30000305,7527090,0,1,68.84499254,yahoo_bootstrap
2024-08-14,71,72.30000305,69.90000153,69.90000153,11514561,0,1,68.45326992,yahoo_bootstrap
2024-08-15,70,70.5,68.5,69.19999695,5128712,0,1,67.76775345,yahoo_bootstrap
2024-08-16,70.40000153,75.59999847,70,72.69999695,33285107,0,1,71.19531338,yahoo_bootstrap
2024-08-19,73.09999847,73.59999847,71.69999695,72.19999695,10755422,0,1,70.70566196,yahoo_bootstrap
2024-08-20,72.59999847,74.90000153,72.5,72.69999695,15913076,0,1,71.19531338,yahoo_bootstrap
2024-08-21,72.19999695,73.5,71.30000305,71.30000305,9930404,0,1,69.82429538,yahoo_bootstrap
2024-08-22,71.59999847,74.5,71.40000153,73.80000305,15734126,0,1,72.27255248,yahoo_bootstrap
2024-08-23,72.5,73.40000153,71.09999847,72.19999695,15153337,0,1,70.70566196,yahoo_bootstrap
2024-08-26,72.40000153,73.19999695,70.5,70.5,9486530,0,1,69.04085012,yahoo_bootstrap
2024-08-27,70.40000153,71.19999695,69.5,70,6833685,0,1,68.55119871,yahoo_bootstrap
2024-08-28,70.40000153,71.19999695,69.69999695,69.69999695,6463685,0,1,68.25740487,yahoo_bootstrap
2024-08-29,69.19999695,71.69999695,68.5,70.40000153,6744318,0,1,68.94292134,yahoo_bootstrap
2024-08-30,70.80000305,71,69.09999847,69.09999847,6132888,0,1,67.66982465,yahoo_bootstrap
2024-09-02,69.40000153,70.59999847,68.19999695,68.19999695,5590914,0,1,66.78845061,yahoo_bootstrap
2024-09-03,68.5,68.80000305,66.90000153,66.90000153,6256604,0,1,65.5153614,yahoo_bootstrap
2024-09-04,63.09999847,64.5,61.5,62.40000153,9689148,0,1,61.10849863,yahoo_bootstrap
2024-09-05,63.09999847,63.79999924,61.20000076,61.20000076,5768844,0,1,59.93333447,yahoo_bootstrap
2024-09-06,61.59999847,62.70000076,61.20000076,62.5,6323995,0,1,61.20642742,yahoo_bootstrap
2024-09-09,60.90000153,62.29999924,60.90000153,62.09999847,4033813,0,1,60.81470478,yahoo_bootstrap
2024-09-10,62.70000076,63,59.29999924,60,8445976,0,1,58.75817032,yahoo_bootstrap
2024-09-11,60.90000153,61.40000153,60,60.40000153,3091153,0,1,59.14989295,yahoo_bootstrap
2024-09-12,61.59999847,63.40000153,61.29999924,62.59999847,7870168,0,1,61.3043562,yahoo_bootstrap
2024-09-13,63,63.09999847,61.5,63,4658111,0,1,61.69607883,yahoo_bootstrap
2024-09-16,63.20000076,63.20000076,62.40000153,62.90000153,2657220,0,1,61.59815005,yahoo_bootstrap
2024-09-18,62.90000153,63.09999847,61.79999924,61.79999924,2549558,0,1,60.52091468,yahoo_bootstrap
2024-09-19,62.40000153,63.40000153,61.5,63,4237014,0,1,61.69607883,yahoo_bootstrap
2024-09-20,64.09999847,64.09999847,62.70000076,63.29999924,4753030,0,1,61.98986894,yahoo_bootstrap
2024-09-23,63.5,63.90000153,63.20000076,63.59999847,2368530,0,1,62.28365904,yahoo_bootstrap
2024-09-24,64,64.09999847,62.5,62.70000076,3132409,0,1,61.40228873,yahoo_bootstrap
2024-09-25,63.09999847,65.19999695,63.09999847,64.19999695,7272678,0,1,62.87123925,yahoo_bootstrap
2024-09-26,64.80000305,70.59999847,64.59999847,70.59999847,26289721,0,1,69.13877891,yahoo_bootstrap
2024-09-27,71.09999847,74.5,69,71,70048595,0,1,69.53050154,yahoo_bootstrap
2024-09-30,70,74.59999847,69.59999847,71,41331072,0,1,69.53050154,yahoo_bootstrap
2024-10-01,71.5,73.5,69.69999695,70.40000153,24253511,0,1,68.94292134,yahoo_bootstrap
2024-10-04,70.40000153,70.5,68.09999847,68.5,8962007,0,1,67.08224445,yahoo_bootstrap
2024-10-07,68.80000305,72.5,68.5,70.80000305,17515761,0,1,69.33464396,yahoo_bootstrap
2024-10-08,75.80000305,77.80000305,73.30000305,77.80000305,83326116,0,1,76.18976383,yahoo_bootstrap
2024-10-09,79,84.80000305,78.80000305,80.40000153,139282489,0,1,78.73594973,yahoo_bootstrap
2024-10-11,81.5,81.90000153,78,78,45497568,0,1,76.38562141,yahoo_bootstrap
2024-10-14,78,79.5,77.09999847,78.69999695,23724326,0,1,77.07113041,yahoo_bootstrap
2024-10-15,79.5,85.5,79,79,69738783,0,1,77.36492425,yahoo_bootstrap
2024-10-16,79,80.80000305,78.40000153,79,32059816,0,1,77.36492425,yahoo_bootstrap
2024-10-17,79.40000153,80.30000305,77.19999695,77.30000305,21688083,0,1,75.70011241,yahoo_bootstrap
2024-10-18,78.09999847,82.19999695,76.40000153,80.40000153,47353244,0,1,78.73594973,yahoo_bootstrap
2024-10-21,80.69999695,84.30000305,80.19999695,84.09999847,74394166,0,1,82.35936723,yahoo_bootstrap
2024-10-22,81.19999695,82.40000153,79.69999695,79.80000305,48942704,0,1,78.14836951,yahoo_bootstrap
2024-10-23,80.59999847,81.69999695,79.59999847,79.59999847,22740890,0,1,77.95250446,yahoo_bootstrap
2024-10-24,80,80.80000305,77,77.19999695,18185357,0,1,75.60217616,yahoo_bootstrap
2024-10-25,77.90000153,78.69999695,77.5,77.59999847,8777160,0,1,75.99389878,yahoo_bootstrap
2024-10-28,78.09999847,79.5,76.80000305,77.69999695,15605448,0,1,76.09182758,yahoo_bootstrap
2024-10-29,77,77.90000153,75.80000305,75.80000305,12273184,0,1,74.23115816,yahoo_bootstrap
2024-10-30,76,79.40000153,76,77.30000305,19310047,0,1,75.70011241,yahoo_bootstrap
2024-11-01,75.80000305,77.5,75.69999695,77.30000305,6402894,0,1,75.70011241,yahoo_bootstrap
2024-11-04,77.59999847,78,76.09999847,76.19999695,7039715,0,1,74.62287332,yahoo_bootstrap
2024-11-05,76.09999847,77.90000153,76,76.59999847,7508088,0,1,75.01459594,yahoo_bootstrap
2024-11-06,77.80000305,78.80000305,77.09999847,77.19999695,9715760,0,1,75.60217616,yahoo_bootstrap
2024-11-07,77.5,79.19999695,77.5,78.59999847,10600507,0,1,76.97320162,yahoo_bootstrap
2024-11-08,80.5,81.19999695,76.40000153,76.69999695,20114151,0,1,75.11252474,yahoo_bootstrap
2024-11-11,76.69999695,77.09999847,75.19999695,75.90000153,7152182,0,1,74.32908695,yahoo_bootstrap
2024-11-12,75.59999847,76,73.09999847,73.69999695,9984223,0,1,72.17461622,yahoo_bootstrap
2024-11-13,73,74.40000153,72.19999695,72.19999695,8546244,0,1,70.70566196,yahoo_bootstrap
2024-11-14,72.5,73.5,72,72.30000305,6103836,0,1,70.80359822,yahoo_bootstrap
2024-11-15,73,74.40000153,72.30000305,72.30000305,6858535,0,1,70.80359822,yahoo_bootstrap
2024-11-18,72.30000305,72.30000305,69.40000153,69.40000153,8402476,0,1,67.9636185,yahoo_bootstrap
2024-11-19,70.30000305,71.5,69.69999695,70.59999847,6229082,0,1,69.13877891,yahoo_bootstrap
2024-11-20,71.90000153,71.90000153,71.90000153,71.90000153,8165457,0,1,70.4118756,yahoo_bootstrap
2024-11-21,71.59999847,72.40000153,71.19999695,71.59999847,4599064,0,1,70.11808175,yahoo_bootstrap
2024-11-22,72.09999847,72.90000153,71.19999695,71.19999695,4112262,0,1,69.72635912,yahoo_bootstrap
2024-11-25,71.80000305,72.5,71.59999847,72.19999695,3625315,0,1,70.70566196,yahoo_bootstrap
2024-11-26,72.19999695,72.19999695,70.90000153,71.59999847,3691406,0,1,70.11808175,yahoo_bootstrap
2024-11-27,71.80000305,72.09999847,68.69999695,68.69999695,6049370,0,1,67.27810203,yahoo_bootstrap
2024-11-28,68.40000153,69.19999695,67.59999847,68.19999695,4342334,0,1,66.78845061,yahoo_bootstrap
2024-11-29,68.19999695,69.30000305,67.5,69,3328680,0,1,67.57189587,yahoo_bootstrap
2024-12-02,69.69999695,70.59999847,69.09999847,69.09999847,4486014,0,1,67.66982465,yahoo_bootstrap
2024-12-03,69.59999847,70.80000305,69.40000153,69.5,4261091,0,1,68.06154729,yahoo_bootstrap
2024-12-04,69.90000153,71.30000305,69.69999695,70.59999847,5389709,0,1,69.13877891,yahoo_bootstrap
2024-12-05,70.90000153,73.09999847,70.19999695,72.69999695,9541965,0,1,71.19531338,yahoo_bootstrap
2024-12-06,73.5,73.59999847,71.80000305,72.40000153,8191967,0,1,70.90152702,yahoo_bootstrap
2024-12-09,72.5,74.90000153,72.5,73.30000305,11060018,0,1,71.78290106,yahoo_bootstrap
2024-12-10,75.90000153,79.5,74.19999695,74.19999695,43847082,0,1,72.66426764,yahoo_bootstrap
2024-12-11,73.69999695,75.59999847,72.90000153,73.09999847,12593436,0,1,71.58703601,yahoo_bootstrap
2024-12-12,73.59999847,73.90000153,71.59999847,71.59999847,7274496,0,1,70.11808175,yahoo_bootstrap
2024-12-13,71.5,73.5,71.09999847,73.40000153,9378988,0,1,71.88082985,yahoo_bootstrap
2024-12-16,71.80000305,72.5,69.19999695,69.69999695,13306060,0,1,68.25740487,yahoo_bootstrap
2024-12-17,70,73.59999847,70,73,18863071,0,1,71.48910722,yahoo_bootstrap
2024-12-18,73.30000305,73.69999695,72.09999847,72.30000305,8687848,0,1,70.80359822,yahoo_bootstrap
2024-12-19,70.5,71.30000305,70.30000305,71.19999695,5633408,0,1,69.72635912,yahoo_bootstrap
2024-12-20,71.40000153,71.5,70.09999847,70.09999847,3984390,0,1,68.64912749,yahoo_bootstrap
2024-12-23,70.69999695,71.80000305,70.59999847,71.09999847,3318887,0,1,69.62843033,yahoo_bootstrap
2024-12-24,71.69999695,72.40000153,70.90000153,70.90000153,4850755,0,1,69.43257276,yahoo_bootstrap
2024-12-25,71.5,72.30000305,71.30000305,71.40000153,3564802,0,1,69.92222418,yahoo_bootstrap
2024-12-26,71.90000153,72.69999695,71.30000305,71.5,4847771,0,1,70.02015296,yahoo_bootstrap
2024-12-27,71.59999847,75.5,71.40000153,72.30000305,15268959,0,1,70.80359822,yahoo_bootstrap
2024-12-30,72.69999695,72.69999695,70.80000305,70.80000305,4621634,0,1,69.33464396,yahoo_bootstrap
2024-12-31,70.5,71.19999695,70.19999695,71.19999695,3508673,0,1,69.72635912,yahoo_bootstrap
2025-01-02,71.30000305,71.5,69.90000153,69.90000153,3607918,0,1,68.45326992,yahoo_bootstrap
2025-01-03,70.40000153,73,69.30000305,69.90000153,7824541,0,1,68.45326992,yahoo_bootstrap
2025-01-06,70.69999695,70.69999695,69.59999847,70.19999695,3264905,0,1,68.74705629,yahoo_bootstrap
2025-01-07,71.19999695,71.19999695,69.80000305,69.80000305,2862165,0,1,68.35534112,yahoo_bootstrap
2025-01-08,68.80000305,69.30000305,67.5,67.5,8661750,0,1,66.10294161,yahoo_bootstrap
2025-01-09,66.90000153,67.19999695,63.5,63.5,10954606,0,1,62.18573025,yahoo_bootstrap
2025-01-10,63,64.40000153,62.90000153,63.40000153,3325882,0,1,62.08780147,yahoo_bootstrap
2025-01-13,63,63.20000076,60.09999847,60.79999924,7975226,0,1,59.54161185,yahoo_bootstrap
2025-01-14,61.20000076,62.59999847,61.09999847,62.40000153,4183725,0,1,61.10849863,yahoo_bootstrap
2025-01-15,62.79999924,63.20000076,61.70000076,61.70000076,3071615,0,1,60.42298589,yahoo_bootstrap
2025-01-16,62.79999924,63,62,62,2667580,0,1,60.716776,yahoo_bootstrap
2025-01-17,62.40000153,62.5,61.70000076,62.09999847,2132941,0,1,60.81470478,yahoo_bootstrap
2025-01-20,62.5,63.09999847,61.90000153,63,3087324,0,1,61.69607883,yahoo_bootstrap
2025-01-21,62.79999924,63.59999847,62.59999847,62.59999847,2321999,0,1,61.3043562,yahoo_bootstrap
2025-01-22,62.90000153,63.29999924,61.90000153,62.5,3228170,0,1,61.20642742,yahoo_bootstrap
2025-02-03,61.20000076,63.5,60.5,62.79999924,3904829,0,1,61.50021752,yahoo_bootstrap
2025-02-04,63.09999847,65,62.5,64,6257082,0,1,62.67538167,yahoo_bootstrap
2025-02-05,64.40000153,66.40000153,64.40000153,64.59999847,5061223,0,1,63.26296188,yahoo_bootstrap
2025-02-06,65.19999695,65.59999847,64.19999695,64.19999695,2364071,0,1,62.87123925,yahoo_bootstrap
2025-02-07,64.40000153,66.19999695,64.40000153,65.90000153,4199127,0,1,64.53605856,yahoo_bootstrap
2025-02-10,67,68.09999847,66,66.5,9228819,0,1,65.12363877,yahoo_bootstrap
2025-02-11,66.5,66.90000153,65.90000153,66.09999847,3553531,0,1,64.73191614,yahoo_bootstrap
2025-02-12,66.59999847,66.90000153,65,65,3210744,0,1,63.65468451,yahoo_bootstrap
2025-02-13,65.30000305,66.90000153,65.30000305,66.5,4597329,0,1,65.12363877,yahoo_bootstrap
2025-02-14,67.09999847,70.59999847,66.59999847,68.19999695,15104878,0,1,66.78845061,yahoo_bootstrap
2025-02-17,68.5,68.80000305,67.5,67.69999695,4708830,0,1,66.29879919,yahoo_bootstrap
2025-02-18,68.19999695,69.40000153,68,68.30000305,4208239,0,1,66.88638687,yahoo_bootstrap
2025-02-19,68.90000153,69.19999695,68.30000305,68.5,2829322,0,1,67.08224445,yahoo_bootstrap
2025-02-20,69.40000153,69.80000305,68.09999847,68.09999847,5514705,0,1,66.69052181,yahoo_bootstrap
2025-02-21,67.80000305,68.59999847,67.80000305,68.5,2311542,0,1,67.08224445,yahoo_bootstrap
2025-02-24,68.19999695,68.80000305,67.80000305,68.30000305,2245274,0,1,66.88638687,yahoo_bootstrap
2025-02-25,68,68.09999847,67.5,67.80000305,2150797,0,1,66.39673545,yahoo_bootstrap
2025-02-26,68.19999695,69,67.69999695,67.80000305,2334693,0,1,66.39673545,yahoo_bootstrap
2025-02-27,68,68.59999847,66.59999847,66.59999847,2924890,0,1,65.22156756,yahoo_bootstrap
2025-03-03,65,65,63.20000076,63.40000153,5255504,0,1,62.08780147,yahoo_bootstrap
2025-03-04,62.5,63.29999924,61.70000076,63.09999847,2742819,0,1,61.79400762,yahoo_bootstrap
2025-03-05,63.70000076,64.80000305,63.29999924,64.40000153,2591572,0,1,63.06710431,yahoo_bootstrap
2025-03-06,64.59999847,65,64,64,1796277,0,1,62.67538167,yahoo_bootstrap
2025-03-07,63.59999847,64.5,63.5,63.70000076,1652514,0,1,62.38159157,yahoo_bootstrap
2025-03-10,64.30000305,64.80000305,63.29999924,63.29999924,2275368,0,1,61.98986894,yahoo_bootstrap
2025-03-11,62.09999847,62.20000076,60.59999847,62,3247745,0,1,60.716776,yahoo_bootstrap
2025-03-12,62.09999847,62.79999924,61.79999924,62,1926419,0,1,60.716776,yahoo_bootstrap
2025-03-13,62.5,63.70000076,60.90000153,60.90000153,3508135,0,1,59.63954437,yahoo_bootstrap
2025-03-14,60.90000153,61,59.79999924,60.70000076,3848161,0,1,59.44368305,yahoo_bootstrap
2025-03-17,61.79999924,61.79999924,60.29999924,60.29999924,2235846,0,1,59.05196043,yahoo_bootstrap
2025-03-18,60.59999847,61.40000153,60.5,61.09999847,1441918,0,1,59.83540194,yahoo_bootstrap
2025-03-19,61.29999924,61.79999924,60.70000076,60.70000076,1917764,0,1,59.44368305,yahoo_bootstrap
2025-03-20,61.09999847,61.70000076,61,61.40000153,1564573,0,1,60.12919579,yahoo_bootstrap
2025-03-21,61.59999847,61.90000153,60.40000153,61.09999847,3365514,0,1,59.83540194,yahoo_bootstrap
2025-03-24,61.29999924,61.59999847,60.09999847,60.09999847,1882702,0,1,58.8560991,yahoo_bootstrap
2025-03-25,60.59999847,61,58.20000076,58.5,4680541,0,1,57.28921606,yahoo_bootstrap
2025-03-26,59,59.5,58.90000153,59,3368677,0,1,57.77886748,yahoo_bootstrap
2025-03-27,58.59999847,58.70000076,57.59999847,58,2715446,0,1,56.79956464,yahoo_bootstrap
2025-03-28,57.70000076,57.70000076,55,55,6043507,0,1,53.86165613,yahoo_bootstrap
2025-03-31,51.29999924,54.09999847,51,51.09999847,10194422,0,1,50.04237356,yahoo_bootstrap
2025-04-01,53.20000076,55.79999924,52.5,54.40000153,9999314,0,1,53.27407592,yahoo_bootstrap
2025-04-02,55,55,53,53.79999924,5024880,0,1,52.68649197,yahoo_bootstrap
2025-04-07,48.45000076,48.45000076,48.45000076,48.45000076,475198,0,1,47.44722328,yahoo_bootstrap
2025-04-08,43.65000153,43.65000153,43.65000153,43.65000153,2036293,0,1,42.74657041,yahoo_bootstrap
2025-04-09,39.29999924,40.65000153,39.29999924,39.29999924,8326685,0,1,38.48660081,yahoo_bootstrap
2025-04-10,43,43.20000076,42.29999924,43.20000076,8222529,0,1,42.30588337,yahoo_bootstrap
2025-04-11,41.5,45.75,39.20000076,45.75,9762826,0,1,44.80310487,yahoo_bootstrap
2025-04-14,48,48.79999924,46,46.84999847,8308044,0,1,45.88033649,yahoo_bootstrap
2025-04-15,47,48.59999847,46.84999847,48.59999847,4488043,0,1,47.59411646,yahoo_bootstrap
2025-04-16,47.75,48.79999924,47.04999924,47.04999924,4165115,0,1,46.07619781,yahoo_bootstrap
2025-04-17,46.70000076,48.20000076,46.34999847,47.95000076,3665585,0,1,46.95757186,yahoo_bootstrap
2025-04-18,48.29999924,48.29999924,47.59999847,47.79999924,2025431,0,1,46.81067494,yahoo_bootstrap
2025-04-21,48.04999924,49.20000076,47.20000076,47.20000076,4033196,0,1,46.22309473,yahoo_bootstrap
2025-04-22,46.15000153,47,44.84999847,45.15000153,4393741,0,1,44.21552466,yahoo_bootstrap
2025-04-23,46.5,47.75,46.5,47.45000076,4469062,0,1,46.46792044,yahoo_bootstrap
2025-04-24,48.04999924,48.04999924,46.34999847,46.59999847,3023121,0,1,45.63551078,yahoo_bootstrap
2025-04-25,47.59999847,48.34999847,47.54999924,48.09999847,3838096,0,1,47.10446504,yahoo_bootstrap
2025-04-28,48.79999924,49.09999847,48.04999924,49,3479799,0,1,47.98583909,yahoo_bootstrap
2025-04-29,49.5,49.84999847,48.5,49.84999847,2764080,0,1,48.81824501,yahoo_bootstrap
2025-04-30,49.84999847,50.59999847,48.54999924,48.54999924,3849858,0,1,47.54515207,yahoo_bootstrap
2025-05-02,49,50.40000153,49,49.84999847,3152652,0,1,48.81824501,yahoo_bootstrap
2025-05-05,50.70000076,50.70000076,47.5,48.5,4125895,0,1,47.49618767,yahoo_bootstrap
2025-05-06,48.09999847,49,47.65000153,48.84999847,1357595,0,1,47.83894217,yahoo_bootstrap
2025-05-07,49.09999847,49.20000076,48.25,48.75,1645022,0,1,47.74101338,yahoo_bootstrap
2025-05-08,49,49.90000153,49,49.04999924,2348177,0,1,48.03480349,yahoo_bootstrap
2025-05-09,49.29999924,49.65000153,48.45000076,49.34999847,1853241,0,1,48.32859359,yahoo_bootstrap
2025-05-12,49.5,51.5,49.5,50.40000153,4145078,0,1,49.35686457,yahoo_bootstrap
2025-05-13,51.40000153,51.40000153,50.20000076,50.40000153,2818141,0,1,49.35686457,yahoo_bootstrap
2025-05-14,51,52.79999924,50.90000153,51.59999847,4264528,0,1,50.53202498,yahoo_bootstrap
2025-05-15,51.70000076,51.79999924,50.79999924,51,1916910,0,1,49.94444477,yahoo_bootstrap
2025-05-16,51.09999847,51.40000153,50.70000076,50.79999924,1672106,0,1,49.74858346,yahoo_bootstrap
2025-05-19,51,51.5,49.75,49.79999924,2416052,0,1,48.76928062,yahoo_bootstrap
2025-05-20,50.5,50.59999847,49.65000153,49.90000153,1445558,0,1,48.86721315,yahoo_bootstrap
2025-05-21,50.40000153,51.59999847,50.29999924,51.40000153,3846748,0,1,50.3361674,yahoo_bootstrap
2025-05-22,50.79999924,50.90000153,50.20000076,50.5,1539452,0,1,49.45479335,yahoo_bootstrap
2025-05-23,50.59999847,50.79999924,49.45000076,49.45000076,2025897,0,1,48.42652612,yahoo_bootstrap
2025-05-26,49.54999924,49.84999847,48.79999924,48.84999847,1398639,0,1,47.83894217,yahoo_bootstrap
2025-05-27,48.75,49,47.29999924,47.5,2391472,0,1,46.51688484,yahoo_bootstrap
2025-05-28,48,48.59999847,47.09999847,47.40000153,1482326,0,1,46.41895605,yahoo_bootstrap
2025-05-29,47.70000076,48.09999847,47.45000076,47.79999924,2067597,0,1,46.81067494,yahoo_bootstrap
2025-06-02,47.5,47.5,45.75,45.84999847,2024156,0,1,44.90103365,yahoo_bootstrap
2025-06-03,45.79999924,46.59999847,45.59999847,46.40000153,1826995,0,1,45.43965321,yahoo_bootstrap
2025-06-04,46.79999924,47.40000153,46.79999924,46.95000076,2109488,0,1,45.97826902,yahoo_bootstrap
2025-06-05,47.79999924,47.95000076,46.79999924,46.90000153,1896675,0,1,45.92930463,yahoo_bootstrap
2025-06-06,46.90000153,47.40000153,46.34999847,47.29999924,1047548,0,1,46.32102352,yahoo_bootstrap
2025-06-09,48.15000153,48.90000153,46.70000076,46.79999924,3909854,0,1,45.8313721,yahoo_bootstrap
2025-06-10,47.29999924,48.15000153,47.29999924,47.95000076,3017414,0,1,46.95757186,yahoo_bootstrap
2025-06-11,48.15000153,48.90000153,47.95000076,48.45000076,3182996,0,1,47.44722328,yahoo_bootstrap
2025-06-12,48.59999847,49.34999847,48,48.84999847,2597145,0,1,47.83894217,yahoo_bootstrap
2025-06-13,48.75,48.75,47.65000153,47.65000153,2900251,0,1,46.66378176,yahoo_bootstrap
2025-06-16,47.59999847,48.25,46.79999924,47.95000076,1668034,0,1,46.95757186,yahoo_bootstrap
2025-06-17,48.65000153,51.09999847,48.40000153,48.79999924,9401807,0,1,47.78997778,yahoo_bootstrap
2025-06-18,49.15000153,49.40000153,48.70000076,48.84999847,2279680,0,1,47.83894217,yahoo_bootstrap
2025-06-19,49,49,48,48.40000153,2138297,0,1,47.39825889,yahoo_bootstrap
2025-06-20,48.79999924,48.79999924,46.40000153,46.40000153,3106951,0,1,45.43965321,yahoo_bootstrap
2025-06-23,45.79999924,46.09999847,44.79999924,46,1957564,0,1,45.04793058,yahoo_bootstrap
2025-06-24,46.84999847,47.45000076,46.65000153,47.40000153,1930363,0,1,46.41895605,yahoo_bootstrap
2025-06-25,47.59999847,49.40000153,47.40000153,48.79999924,4928914,0,1,47.78997778,yahoo_bootstrap
2025-06-26,49.5,49.79999924,48.65000153,48.70000076,3373632,0,1,47.69204899,yahoo_bootstrap
2025-06-27,49.20000076,50.20000076,49,49.59999847,5969816,0,1,48.5734193,yahoo_bootstrap
2025-06-30,49.59999847,50,48.20000076,48.40000153,3347883,0,1,47.39825889,yahoo_bootstrap
2025-07-01,48.5,49.34999847,48.15000153,48.20000076,2209241,0,1,47.20239757,yahoo_bootstrap
2025-07-02,48,48.75,48,48.09999847,1167836,0,1,47.10446504,yahoo_bootstrap
2025-07-03,48.25,49.09999847,48.25,48.59999847,1867201,0,1,47.59411646,yahoo_bootstrap
2025-07-04,48.75,49.59999847,46.79999924,47.09999847,3447750,0,1,46.1251622,yahoo_bootstrap
2025-07-07,46.79999924,47.09999847,45.90000153,46.40000153,1498289,0,1,45.43965321,yahoo_bootstrap
2025-07-08,46.45000076,46.45000076,44.79999924,45,2902502,0,1,44.06862774,yahoo_bootstrap
2025-07-09,48,49.5,47.79999924,49.5,4437065,0,1,48.47549051,yahoo_bootstrap
2025-07-10,51.09999847,54,50.70000076,53.40000153,54984657,0,1,52.29477308,yahoo_bootstrap
2025-07-11,52.79999924,53.79999924,52.09999847,52.79999924,16679195,0,1,51.70718914,yahoo_bootstrap
2025-07-14,52.40000153,53.5,51,51.59999847,10679654,0,1,50.53202498,yahoo_bootstrap
2025-07-15,51.59999847,52,50.70000076,51.09999847,8718875,0,1,50.04237356,yahoo_bootstrap
2025-07-16,51.40000153,53.70000076,51.40000153,52.40000153,21451926,0,1,51.31547024,yahoo_bootstrap
2025-07-17,52.40000153,52.40000153,51.29999924,51.59999847,7755159,0,1,50.53202498,yahoo_bootstrap
2025-07-18,52.09999847,52.29999924,50.70000076,51.09999847,5846150,0,1,50.04237356,yahoo_bootstrap
2025-07-21,51.79999924,52.79999924,50.90000153,52,8032027,0,1,50.92374761,yahoo_bootstrap
2025-07-22,52.5,57.20000076,52.20000076,56.40000153,50536381,0,1,55.2326816,yahoo_bootstrap
2025-07-23,56.90000153,60.29999924,56.90000153,58,56983111,0,1,56.79956464,yahoo_bootstrap
2025-07-24,58,58,55.59999847,55.90000153,20276482,0,1,54.74303018,yahoo_bootstrap
2025-07-25,56,56.59999847,55.20000076,55.20000076,8400810,0,1,54.05751744,yahoo_bootstrap
2025-07-28,55.5,55.79999924,54.20000076,54.5,6684782,0,1,53.37200471,yahoo_bootstrap
2025-07-29,56.79999924,58.70000076,55.40000153,55.59999847,23588839,0,1,54.44923633,yahoo_bootstrap
2025-07-30,56.29999924,56.29999924,54.70000076,54.79999924,6994310,0.5,1,54.15278026,yahoo_bootstrap
2025-07-31,55.29999924,56.09999847,54.29999924,55.40000153,6959599,0,1,54.74569618,yahoo_bootstrap
2025-08-04,54.59999847,55.20000076,53.5,54.29999924,6932383,0,1,53.65868554,yahoo_bootstrap
2025-08-05,54.79999924,55.79999924,54.79999924,55.29999924,7590379,0,1,54.64687498,yahoo_bootstrap
2025-08-06,55.29999924,55.5,54.20000076,54.5,5718120,0,1,53.85632418,yahoo_bootstrap
2025-08-07,55,56.09999847,54.70000076,55.90000153,7938323,0,1,55.2397909,yahoo_bootstrap
2025-08-08,57,58,54.79999924,55,15058082,0,1,54.3504189,yahoo_bootstrap
2025-08-11,55.29999924,55.40000153,53.70000076,53.90000153,7004697,0,1,53.26341203,yahoo_bootstrap
2025-08-12,54.5,55.40000153,54.09999847,54.29999924,4888174,0,1,53.65868554,yahoo_bootstrap
2025-08-13,55.20000076,57.79999924,55.20000076,55.90000153,19558309,0,1,55.2397909,yahoo_bootstrap
2025-08-14,57,57.09999847,55.59999847,56.40000153,8283406,0,1,55.73388562,yahoo_bootstrap
2025-08-15,57.29999924,57.29999924,56.09999847,56.09999847,8154415,0,1,55.43742576,yahoo_bootstrap
2025-08-18,56.09999847,56.5,55.29999924,56.09999847,5999433,0,1,55.43742576,yahoo_bootstrap
2025-08-19,57.29999924,57.70000076,55.40000153,55.40000153,12652542,0,1,54.74569618,yahoo_bootstrap
2025-08-20,55.59999847,56.29999924,54.29999924,54.40000153,9020692,0,1,53.75750675,yahoo_bootstrap
2025-08-21,54.5,54.90000153,53.70000076,54.29999924,6366579,0,1,53.65868554,yahoo_bootstrap
2025-08-22,54.5,54.70000076,52.79999924,52.90000153,6509151,0,1,52.2752226,yahoo_bootstrap
2025-08-25,53.79999924,55,53.70000076,54.40000153,5444827,0,1,53.75750675,yahoo_bootstrap
2025-08-26,54.40000153,55,53.79999924,54.70000076,3336741,0,1,54.05396282,yahoo_bootstrap
2025-08-27,54.79999924,55.70000076,54.79999924,55.40000153,4901578,0,1,54.74569618,yahoo_bootstrap
2025-08-28,55.40000153,55.79999924,54.5,55.09999847,4134634,0,1,54.44923633,yahoo_bootstrap
2025-08-29,55.5,56.40000153,55.29999924,56,8085358,0,1,55.33860833,yahoo_bootstrap
2025-09-01,56.09999847,56.09999847,54,54.59999847,6516155,0,1,53.95514161,yahoo_bootstrap
2025-09-02,54.79999924,55.70000076,53.09999847,53.29999924,5366473,0,1,52.67049611,yahoo_bootstrap
2025-09-03,53.40000153,54.5,53.40000153,54.5,2585527,0,1,53.85632418,yahoo_bootstrap
2025-09-04,54.70000076,57.20000076,54.70000076,55.09999847,11475921,0,1,54.44923633,yahoo_bootstrap
2025-09-05,55.90000153,56.70000076,54.79999924,56.29999924,7007334,0,1,55.63506441,yahoo_bootstrap
2025-09-08,56.20000076,57.20000076,56,56.70000076,7414317,0,1,56.03034169,yahoo_bootstrap
2025-09-09,58.70000076,60.20000076,57.29999924,58,33143989,0,1,57.3149872,yahoo_bootstrap
2025-09-10,57.59999847,57.59999847,55.59999847,56,15393546,0,1,55.33860833,yahoo_bootstrap
2025-09-11,56.09999847,56.5,53.79999924,54,9573422,0,1,53.36222946,yahoo_bootstrap
2025-09-12,54.5,55.70000076,54.5,55.5,5296108,0,1,54.84451362,yahoo_bootstrap
2025-09-15,55.29999924,56.5,54.70000076,54.79999924,5449716,0,1,54.15278026,yahoo_bootstrap
2025-09-16,55.40000153,56.09999847,55,55.5,4954785,0,1,54.84451362,yahoo_bootstrap
2025-09-17,55.40000153,56.5,55.40000153,55.90000153,5784194,0,1,55.2397909,yahoo_bootstrap
2025-09-18,56.20000076,61.40000153,56.20000076,61.40000153,31361556,0,1,60.67483279,yahoo_bootstrap
2025-09-19,64.40000153,66.59999847,61.90000153,63.20000076,71103233,0,1,62.45357301,yahoo_bootstrap
2025-09-22,62.59999847,62.59999847,59.59999847,60,18645690,0,1,59.29136607,yahoo_bootstrap
2025-09-23,60.09999847,60.5,58.59999847,58.59999847,12912179,0,1,57.90789935,yahoo_bootstrap
2025-09-24,58.79999924,59.40000153,57.90000153,58,7253454,0,1,57.3149872,yahoo_bootstrap
2025-09-25,58.29999924,59.29999924,57.09999847,57.59999847,7674988,0,1,56.91970992,yahoo_bootstrap
2025-09-26,57.40000153,58.09999847,55.09999847,55.20000076,8640654,0,1,54.54805754,yahoo_bootstrap
2025-09-30,55.59999847,57.5,55.5,57.29999924,6584741,0,1,56.62325385,yahoo_bootstrap
2025-10-01,57.40000153,58,56.5,56.5,4924441,0,1,55.83270305,yahoo_bootstrap
2025-10-02,56.90000153,57.40000153,55.79999924,55.79999924,3969536,0,1,55.1409697,yahoo_bootstrap
2025-10-03,55.79999924,56.29999924,55.29999924,55.90000153,3211389,0,1,55.2397909,yahoo_bootstrap
2025-10-07,56.09999847,57.79999924,56.09999847,57.20000076,4953923,0,1,56.52443641,yahoo_bootstrap
2025-10-08,59,61.20000076,58.5,58.79999924,29677869,0,1,58.105538,yahoo_bootstrap
2025-10-09,59,60.40000153,58.5,58.70000076,13085327,0,1,58.00672056,yahoo_bootstrap
2025-10-13,55.29999924,57.79999924,55.20000076,57.79999924,7536652,0,1,57.11734856,yahoo_bootstrap
2025-10-14,58.20000076,60.09999847,56.40000153,56.79999924,10575472,0,1,56.12915913,yahoo_bootstrap
2025-10-15,57,57.79999924,56,56.90000153,5349406,0,1,56.22798034,yahoo_bootstrap
2025-10-16,57.20000076,58.29999924,56.40000153,56.79999924,5103852,0,1,56.12915913,yahoo_bootstrap
2025-10-17,56.29999924,57.09999847,55.79999924,56,5366103,0,1,55.33860833,yahoo_bootstrap
2025-10-20,56.5,57.5,56.09999847,56.79999924,4940294,0,1,56.12915913,yahoo_bootstrap
2025-10-21,57,58.70000076,57,58.29999924,9103044,0,1,57.61144328,yahoo_bootstrap
2025-10-22,58,58.79999924,57.59999847,58.29999924,4984931,0,1,57.61144328,yahoo_bootstrap
2025-10-23,57.70000076,58,57,58,4372508,0,1,57.3149872,yahoo_bootstrap
2025-10-27,58.90000153,61.70000076,58.40000153,61.59999847,15012071,0,1,60.87246765,yahoo_bootstrap
2025-10-28,61.40000153,61.40000153,57.20000076,57.29999924,26450260,0,1,56.62325385,yahoo_bootstrap
2025-10-29,57.29999924,57.79999924,56.59999847,56.59999847,6603692,0,1,55.93152048,yahoo_bootstrap
2025-10-30,56.90000153,57.20000076,55.29999924,55.29999924,7601167,0,1,54.64687498,yahoo_bootstrap
2025-10-31,55.5,55.90000153,55.09999847,55.40000153,3702563,0,1,54.74569618,yahoo_bootstrap
2025-11-03,55.40000153,56.20000076,55.20000076,55.20000076,3733823,0,1,54.54805754,yahoo_bootstrap
2025-11-04,55.5,55.70000076,53.29999924,53.40000153,6845721,0,1,52.76931732,yahoo_bootstrap
2025-11-05,52.79999924,53.40000153,52,52.90000153,4416537,0,1,52.2752226,yahoo_bootstrap
2025-11-06,53.20000076,54.09999847,52.90000153,53.79999924,2768503,0,1,53.16459083,yahoo_bootstrap
2025-11-07,53.59999847,53.59999847,52.29999924,52.59999847,2382696,0,1,51.97876274,yahoo_bootstrap
2025-11-10,52.40000153,52.59999847,51,51.90000153,4152536,0,1,51.28703316,yahoo_bootstrap
2025-11-11,52.40000153,53,52.09999847,52.09999847,2427090,0,1,51.48466803,yahoo_bootstrap
2025-11-12,52.40000153,53.20000076,52.29999924,52.29999924,2659333,0,1,51.68230667,yahoo_bootstrap
2025-11-13,52.29999924,52.59999847,51.40000153,51.59999847,3500263,0,1,50.99057331,yahoo_bootstrap
2025-11-14,50.5,51.20000076,50,50.20000076,3739679,0,1,49.60711036,yahoo_bootstrap
2025-11-17,50.29999924,50.5,49,49,4043302,0,1,48.42128229,yahoo_bootstrap
2025-11-18,49,49.40000153,47.5,47.59999847,4148408,0,1,47.03781557,yahoo_bootstrap
2025-11-19,47.54999924,48,46.54999924,46.70000076,2886989,0,1,46.14844734,yahoo_bootstrap
2025-11-20,47.75,48.20000076,47.15000153,47.95000076,2170763,0,1,47.38368414,yahoo_bootstrap
2025-11-21,46.54999924,47.29999924,46.04999924,46.40000153,2427246,0,1,45.85199127,yahoo_bootstrap
2025-11-24,47.04999924,47.29999924,46.40000153,47.09999847,1736336,0,1,46.54372085,yahoo_bootstrap
2025-11-25,47.59999847,48,47.5,47.95000076,1674592,0,1,47.38368414,yahoo_bootstrap
2025-11-26,48.29999924,49.29999924,48.25,48.29999924,3254213,0,1,47.72954894,yahoo_bootstrap
2025-11-27,48.45000076,48.95000076,48.40000153,48.75,1215768,0,1,48.17423493,yahoo_bootstrap
2025-11-28,48.75,49.20000076,48.34999847,48.5,2167599,0,1,47.92718757,yahoo_bootstrap
2025-12-01,48.79999924,49.40000153,48.34999847,48.75,2078639,0,1,48.17423493,yahoo_bootstrap
2025-12-02,49.09999847,49.75,48.65000153,48.79999924,1986354,0,1,48.22364365,yahoo_bootstrap
2025-12-03,48.95000076,49.45000076,48.95000076,49.15000153,1356996,0,1,48.56951222,yahoo_bootstrap
2025-12-04,49.45000076,50,49.20000076,49.20000076,1857636,0,1,48.61892093,yahoo_bootstrap
2025-12-05,49.40000153,50.09999847,49.20000076,49.54999924,2691127,0,1,48.96478573,yahoo_bootstrap
2025-12-08,49.59999847,52.70000076,49.59999847,52.09999847,5695743,0,1,51.48466803,yahoo_bootstrap
2025-12-09,50.59999847,50.59999847,49.29999924,49.29999924,7818463,0,1,48.71773837,yahoo_bootstrap
2025-12-10,48.90000153,49.09999847,47.5,47.5,5052748,0,1,46.93899814,yahoo_bootstrap
2025-12-11,47.95000076,49,47.95000076,48.29999924,2602979,0,1,47.72954894,yahoo_bootstrap
2025-12-12,48.65000153,48.79999924,47.84999847,47.95000076,1406477,0,1,47.38368414,yahoo_bootstrap
2025-12-15,47,48.25,46.65000153,47.5,1727414,0,1,46.93899814,yahoo_bootstrap
2025-12-16,47.29999924,47.40000153,46.34999847,46.90000153,2015922,0,1,46.34608599,yahoo_bootstrap
2025-12-17,47.04999924,48.29999924,47.04999924,47.95000076,1975618,0,1,47.38368414,yahoo_bootstrap
2025-12-18,48,48,47.20000076,47.25,1209643,0,1,46.69195078,yahoo_bootstrap
2025-12-19,47.59999847,48.09999847,47.40000153,48.09999847,1486808,0,1,47.53191029,yahoo_bootstrap
2025-12-22,48.29999924,48.90000153,48.25,48.59999847,1716693,0,1,48.02600501,yahoo_bootstrap
2025-12-23,48.79999924,48.84999847,47.90000153,47.90000153,1442506,0,1,47.33427543,yahoo_bootstrap
2025-12-24,48.15000153,48.25,47.09999847,47.15000153,2063562,0,1,46.59313335,yahoo_bootstrap
2025-12-26,47.20000076,47.70000076,47.20000076,47.25,1525670,0,1,46.69195078,yahoo_bootstrap
2025-12-29,47.34999847,47.90000153,47.09999847,47.15000153,1343676,0,1,46.59313335,yahoo_bootstrap
2025-12-30,47.04999924,47.04999924,46.54999924,46.75,1415019,0,1,46.19785606,yahoo_bootstrap
2025-12-31,46.59999847,47.15000153,46.40000153,46.59999847,1705267,0,1,46.04962614,yahoo_bootstrap
2026-01-02,46.70000076,47.5,46.59999847,46.70000076,2087427,0,1,46.14844734,yahoo_bootstrap
2026-01-05,46.90000153,47.29999924,46.04999924,46.15000153,2937066,0,1,45.60494392,yahoo_bootstrap
2026-01-06,46.29999924,46.90000153,46.15000153,46.5,2460209,0,1,45.95080871,yahoo_bootstrap
2026-01-07,46.75,49.29999924,46.75,48.40000153,9299785,0,1,47.82837014,yahoo_bootstrap
2026-01-08,49,51.40000153,47.95000076,48.20000076,11575483,0,1,47.63073149,yahoo_bootstrap
2026-01-09,49,49.75,47.95000076,48.79999924,6344349,0,1,48.22364365,yahoo_bootstrap
2026-01-12,49.70000076,49.70000076,48.84999847,49.09999847,4278330,0,1,48.52009972,yahoo_bootstrap
2026-01-13,50,50,48.59999847,49.04999924,4760609,0,1,48.47069101,yahoo_bootstrap
2026-01-14,49.15000153,49.84999847,48.84999847,49.45000076,4001651,0,1,48.86596829,yahoo_bootstrap
2026-01-15,49.45000076,49.5,48.59999847,48.79999924,2858155,0,1,48.22364365,yahoo_bootstrap
2026-01-16,48.95000076,49.79999924,48.75,49.5,5284184,0,1,48.91537701,yahoo_bootstrap
2026-01-19,50.79999924,52.59999847,49.75,52,12428071,0,1,51.3858506,yahoo_bootstrap
2026-01-20,51.40000153,53,50.5,51.79999924,11100316,0,1,51.18821196,yahoo_bootstrap
2026-01-21,52.59999847,56.90000153,51,56.90000153,29758659,0,1,56.22798034,yahoo_bootstrap
2026-01-22,59.29999924,60.40000153,53.90000153,55.09999847,54810486,0,1,54.44923633,yahoo_bootstrap
2026-01-23,55.09999847,55.79999924,53.5,53.5,10372729,0,1,52.86813475,yahoo_bootstrap
2026-01-26,53.70000076,55.79999924,53.29999924,55,10034935,0,1,54.3504189,yahoo_bootstrap
2026-01-27,57,60.5,56.20000076,60.5,40923066,0,1,59.78546079,yahoo_bootstrap
2026-01-28,62,63.5,57.29999924,58.20000076,73147187,0,1,57.51262584,yahoo_bootstrap
2026-01-29,56.5,57.40000153,54,55.29999924,18671845,0,1,54.64687498,yahoo_bootstrap
2026-01-30,55.5,55.5,52.09999847,52.90000153,9822690,0,1,52.2752226,yahoo_bootstrap
2026-02-02,51.90000153,52.29999924,50,50.70000076,6268228,0,1,50.10120508,yahoo_bootstrap
2026-02-03,51.40000153,51.90000153,50.20000076,50.5,5344507,0,1,49.90356644,yahoo_bootstrap
2026-02-04,50,51.09999847,49.70000076,51.09999847,3616205,0,1,50.49647859,yahoo_bootstrap
2026-02-05,50.79999924,51.29999924,49.90000153,50.09999847,3320244,0,1,49.50828916,yahoo_bootstrap
2026-02-06,50,50.29999924,48.15000153,49.15000153,3625217,0,1,48.56951222,yahoo_bootstrap
2026-02-09,50.20000076,50.79999924,49.45000076,49.5,2792737,0,1,48.91537701,yahoo_bootstrap
2026-02-10,52.5,54.40000153,52.40000153,54.40000153,18369582,0,1,53.75750675,yahoo_bootstrap
2026-02-11,54.40000153,55.90000153,53,55,20617664,0,1,54.3504189,yahoo_bootstrap
2026-02-23,55.90000153,56.5,53.79999924,54.90000153,9961769,0,1,54.25160147,yahoo_bootstrap
2026-02-24,54.5,57,54.40000153,55.90000153,11177085,0,1,55.2397909,yahoo_bootstrap
2026-02-25,56.09999847,56.59999847,54.29999924,54.59999847,7852902,0,1,53.95514161,yahoo_bootstrap
2026-02-26,54.79999924,55.70000076,54.20000076,54.79999924,5294716,0,1,54.15278026,yahoo_bootstrap
2026-03-02,53.5,54.40000153,52.5,53.79999924,4130361,0,1,53.16459083,yahoo_bootstrap
2026-03-03,54,54.59999847,51.79999924,51.90000153,5117028,0,1,51.28703316,yahoo_bootstrap
2026-03-04,51.20000076,51.20000076,48.34999847,48.40000153,5677215,0,1,47.82837014,yahoo_bootstrap
2026-03-05,50,50.79999924,49.34999847,50.29999924,3368612,0,1,49.70592781,yahoo_bootstrap
2026-03-06,49.79999924,50.70000076,49.45000076,50.70000076,1849031,0,1,50.10120508,yahoo_bootstrap
2026-03-09,45.75,47.40000153,45.65000153,47,3842243,0,1,46.44490342,yahoo_bootstrap
2026-03-10,49.5,49.70000076,48.54999924,49.70000076,3792173,0,1,49.11301565,yahoo_bootstrap
2026-03-11,50.70000076,51.79999924,50.40000153,51.5,3083548,0,1,50.89175588,yahoo_bootstrap
2026-03-12,51.5,51.70000076,50.5,51,2649068,0,1,50.39766116,yahoo_bootstrap
2026-03-13,50.5,51.40000153,50,50.59999847,2007353,0,1,50.00238387,yahoo_bootstrap
2026-03-16,51.09999847,51.20000076,50.09999847,50.70000076,2416731,0,1,50.10120508,yahoo_bootstrap
2026-03-17,51.40000153,52.09999847,51,51.09999847,3017237,0,1,50.49647859,yahoo_bootstrap
2026-03-18,51.29999924,53.59999847,51.29999924,52.79999924,5558731,0,1,52.17640139,yahoo_bootstrap
2026-03-19,52.40000153,52.79999924,50.70000076,51,3414897,0,1,50.39766116,yahoo_bootstrap
2026-03-20,51.09999847,52.70000076,50.40000153,50.59999847,4152478,0,1,50.00238387,yahoo_bootstrap
2026-03-23,49.15000153,50.20000076,48.40000153,49.09999847,2610294,0,1,48.52009972,yahoo_bootstrap
2026-03-24,50.40000153,51.09999847,48.70000076,48.90000153,2156023,0,1,48.32246486,yahoo_bootstrap
2026-03-25,50.29999924,50.5,49.79999924,50,1871366,0,1,49.40947173,yahoo_bootstrap
2026-03-26,50.5,51.5,48.65000153,48.65000153,2679944,0,1,48.0754175,yahoo_bootstrap
2026-03-27,48.09999847,49.20000076,47.90000153,48.90000153,2546686,0,1,48.32246486,yahoo_bootstrap
2026-03-30,47.90000153,48.84999847,47.75,48.59999847,2381148,0,1,48.02600501,yahoo_bootstrap
2026-03-31,48.15000153,48.5,46.20000076,46.29999924,3495757,0,1,45.75317007,yahoo_bootstrap
2026-04-01,48,48.29999924,47.34999847,47.65000153,1853499,0,1,47.08722807,yahoo_bootstrap
2026-04-02,48.20000076,48.54999924,46.29999924,46.29999924,2446923,0,1,45.75317007,yahoo_bootstrap
2026-04-07,47.25,49,46.70000076,47.34999847,4545634,0,1,46.79076821,yahoo_bootstrap
2026-04-08,48.04999924,48.75,48.04999924,48.45000076,2911667,0,1,47.87777885,yahoo_bootstrap
2026-04-09,48.5,48.5,47,47.15000153,3080134,0,1,46.59313335,yahoo_bootstrap
2026-04-10,47.04999924,48.09999847,47.04999924,47.20000076,2566335,0,1,46.64254206,yahoo_bootstrap
2026-04-13,47.20000076,47.20000076,46.5,46.75,2629827,0,1,46.19785606,yahoo_bootstrap
2026-04-14,47.15000153,48.40000153,46.90000153,48.15000153,4150403,0,1,47.58132278,yahoo_bootstrap
2026-04-15,48.5,48.95000076,48.04999924,48.5,4097015,0,1,47.92718757,yahoo_bootstrap
2026-04-16,49,53.29999924,49,53.29999924,22223309,0,1,52.67049611,yahoo_bootstrap
2026-04-17,52.29999924,57.20000076,51.59999847,54.40000153,39211083,0,1,53.75750675,yahoo_bootstrap
2026-04-20,56,59.29999924,55.40000153,55.59999847,26763851,0,1,54.94333105,yahoo_bootstrap
2026-04-21,56.29999924,58.5,56,57.20000076,20008223,0,1,56.52443641,yahoo_bootstrap
2026-04-22,57.40000153,60.79999924,56.5,59.70000076,32982288,0,1,58.99490999,yahoo_bootstrap
2026-04-23,59.40000153,59.40000153,53.79999924,54.09999847,26852002,0,1,53.4610469,yahoo_bootstrap
2026-04-24,54.09999847,56.59999847,54.09999847,55,14680309,0,1,54.3504189,yahoo_bootstrap
2026-04-27,55.29999924,56.29999924,53,53,7733337,0,1,52.37404003,yahoo_bootstrap
2026-04-28,52.59999847,55,51.79999924,53.09999847,7073116,0,1,52.47285746,yahoo_bootstrap
2026-04-29,52.79999924,53.09999847,51.20000076,51.29999924,5398015,0,1,50.69411724,yahoo_bootstrap
2026-04-30,53.90000153,54.90000153,52,52,10373731,0,1,51.3858506,yahoo_bootstrap
2026-05-04,53,55.59999847,53,54.40000153,10583513,0,1,53.75750675,yahoo_bootstrap
2026-05-05,54.79999924,57,54.40000153,55.79999924,11047740,0,1,55.1409697,yahoo_bootstrap
2026-05-06,57.5,59.40000153,56.09999847,57.20000076,23785817,0,1,56.52443641,yahoo_bootstrap
2026-05-07,58.70000076,60.90000153,57.70000076,57.90000153,26935565,0,1,57.21616977,yahoo_bootstrap
2026-05-08,58,62.20000076,57.09999847,59.40000153,34312823,0,1,58.69845392,yahoo_bootstrap
2026-05-11,60.59999847,62.5,57.79999924,61,25560851,0,1,60.27955551,yahoo_bootstrap
2026-05-12,61,66.5,58.70000076,63.20000076,42208396,0,1,62.45357301,yahoo_bootstrap
2026-05-13,61.59999847,62.59999847,59,59.90000153,17977997,0,1,59.19254864,yahoo_bootstrap
2026-05-14,60.5,64.5,58.90000153,63,36861002,0,1,62.25593437,yahoo_bootstrap
2026-05-15,63.09999847,64.30000305,59.70000076,60.5,29699590,0,1,59.78546079,yahoo_bootstrap
2026-05-18,59.70000076,61.5,57.5,61.40000153,10950853,0,1,60.67483279,yahoo_bootstrap
2026-05-19,60.79999924,64.69999695,60.29999924,60.5,22402684,0,1,59.78546079,yahoo_bootstrap
2026-05-20,60.79999924,62.09999847,59.40000153,60.09999847,13648320,0,1,59.3901835,yahoo_bootstrap
2026-05-21,61.29999924,63.59999847,61.29999924,62.79999924,19271325,0,1,62.05829574,yahoo_bootstrap
2026-05-22,65.19999695,68.69999695,64,66.69999695,45364285,0,1,65.91223227,yahoo_bootstrap
2026-05-25,68.90000153,72,66.40000153,69.19999695,44305397,0,1,68.38270585,yahoo_bootstrap
2026-05-26,69.19999695,69.19999695,66.09999847,67.59999847,24623471,0,1,66.80160426,yahoo_bootstrap
2026-05-27,69,71.80000305,66.30000305,66.80000305,26889113,0,1,66.01105724,yahoo_bootstrap
2026-05-28,67.30000305,68,64.5,64.69999695,18125710,0,1,63.9358534,yahoo_bootstrap
2026-05-29,66.09999847,67.5,63.59999847,66.90000153,16474223,0,1,66.10987468,yahoo_bootstrap
2026-06-01,67.90000153,68.80000305,66.5,67.09999847,16041547,0,1,66.30750954,yahoo_bootstrap
2026-06-02,68.19999695,69.80000305,64.09999847,66.80000305,18027226,0,1,66.01105724,yahoo_bootstrap
2026-06-03,67.5,68.30000305,65.40000153,65.40000153,11498608,0,1,64.62759053,yahoo_bootstrap
2026-06-04,64.5,65,63,63.09999847,8232672,0,1,62.35475181,yahoo_bootstrap
2026-06-05,62.59999847,64,61.29999924,62.5,9466642,0,1,61.76183966,yahoo_bootstrap
2026-06-08,56.29999924,57.59999847,56.29999924,57.09999847,8510096,0,1,56.4256152,yahoo_bootstrap
2026-06-09,57.5,58.70000076,56.29999924,58.29999924,7415837,0,1,57.61144328,yahoo_bootstrap
2026-06-10,57.5,59.29999924,55,55.09999847,6948165,0,1,54.44923633,yahoo_bootstrap
2026-06-11,54.5,56.5,53.59999847,56.40000153,7169409,0,1,55.73388562,yahoo_bootstrap
2026-06-12,58,60.59999847,58,58.5,8561417,0,1,57.80908192,yahoo_bootstrap
2026-06-15,60,61.79999924,59.59999847,61.29999924,7340377,0,1,60.57601159,yahoo_bootstrap
2026-06-16,61.90000153,61.90000153,59,59,5464580,0,1,58.30317664,yahoo_bootstrap
2026-06-17,58.29999924,59.5,58.20000076,59,3037823,0,1,58.30317664,yahoo_bootstrap
2026-06-18,59.5,63.40000153,59.29999924,62.90000153,8906165,0,1,62.15711694,yahoo_bootstrap
2026-06-22,68.19999695,69.09999847,67.59999847,69.09999847,14651539,0,1,68.28388841,yahoo_bootstrap
2026-06-23,70.80000305,72.09999847,65.5,65.90000153,45317450,0,1,65.12168525,yahoo_bootstrap
2026-06-24,65.5,72,65.19999695,69.19999695,34678782,0,1,68.38270585,yahoo_bootstrap
2026-06-25,72,76.09999847,70.90000153,76.09999847,73597642,0,1,75.20121446,yahoo_bootstrap
2026-06-26,74,74.19999695,68.5,68.59999847,64054202,0,1,67.7897937,yahoo_bootstrap
2026-06-29,67,70,66.30000305,68.69999695,18037725,0,1,67.88861114,yahoo_bootstrap
2026-06-30,70.09999847,71,68.19999695,69,23141266,0,1,68.18507098,yahoo_bootstrap
2026-07-01,71.19999695,75.90000153,71.19999695,73.5,82161259,0,1,72.63192344,yahoo_bootstrap
2026-07-02,72.5,72.90000153,70,71.09999847,29306610,0,1,70.26026728,yahoo_bootstrap
2026-07-03,70.19999695,71.69999695,69.19999695,70.59999847,12918194,0,1,69.76617257,yahoo_bootstrap
2026-07-06,71.5,72.19999695,68,68.30000305,19912883,0,1,67.49334139,yahoo_bootstrap
2026-07-07,68.59999847,69.90000153,65.59999847,65.69999695,14224477,0,1,64.92404283,yahoo_bootstrap
2026-07-08,66.19999695,67.19999695,64.59999847,67,11890766,0,1,66.20869211,yahoo_bootstrap
2026-07-09,67.40000153,67.5,65.19999695,65.59999847,7200572,0,1,64.82522539,yahoo_bootstrap
2026-07-10,65.59999847,65.59999847,65.59999847,65.59999847,0,0,1,64.82522539,yahoo_bootstrap
2026-07-13,67.40000153,69.19999695,64.5,65.5,10855460,0,1,64.72640796,yahoo_bootstrap
2026-07-14,65,65.19999695,59.09999847,62.09999847,12703832,0,1,61.36656237,yahoo_bootstrap
2026-07-15,63.20000076,66.19999695,63.09999847,65,11418696,0,1,64.23231324,yahoo_bootstrap
2026-07-16,64,64.80000305,62.29999924,63,6201451,0,1,62.25593437,yahoo_bootstrap
2026-07-17,60,60.40000153,56.70000076,56.70000076,13402092,0,1,56.03034169,yahoo_bootstrap
2026-07-20,56.70000076,56.70000076,52.5,56.70000076,6168134,0,1,56.03034169,yahoo_bootstrap
2026-07-21,57.40000153,57.70000076,56.29999924,57.40000153,5983797,0,1,56.72207505,yahoo_bootstrap
2026-07-22,58.40000153,59.79999924,57.90000153,59,7283697,0,1,58.30317664,yahoo_bootstrap
2026-07-23,59.29999924,60,56.59999847,57.09999847,5571481,0,1,56.4256152,yahoo_bootstrap
2026-07-24,56.09999847,57.20000076,55.09999847,55.29999924,3783710,0,1,54.64687498,yahoo_bootstrap
2026-07-27,55.29999924,55.70000076,53.20000076,54.59999847,3956586,0,1,53.95514161,yahoo_bootstrap
2026-07-28,52,52,49.15000153,49.20000076,6332267,0,1,48.61892093,yahoo_bootstrap
2026-07-29,49.5,49.5,44.29999924,45.5,9479517,0,1,44.96261927,yahoo_bootstrap
2026-07-30,45.34999847,47.59999847,44.5,44.79999924,10173495,0,1,44.27088592,yahoo_bootstrap
2026-07-31,48.75,49.25,46.75,49.20000076,8090233,0,1,48.61892093,yahoo_bootstrap
2026-08-03,48.5,50.5,48.29999924,49.84999847,5993708,0,1,49.2612418,yahoo_bootstrap
2026-08-04,49.25,51.40000153,49.04999924,51.40000153,4806073,0,1,50.79293845,yahoo_bootstrap
2026-08-05,54,54.40000153,52.59999847,52.70000076,7028625,0,1,52.07758395,yahoo_bootstrap
2026-08-06,52.29999924,53,51.20000076,53,3565971,0,1,52.37404003,yahoo_bootstrap
2026-08-07,54.5,54.70000076,53.40000153,53.70000076,7640834,0,1,53.06577339,yahoo_daily
2026-08-10,54.59999847,54.79999924,53.59999847,54,5429866,0,1,53.36222946,yahoo_daily
2026-08-11,54.20000076,57.29999924,53.29999924,57,9253551,0,1,56.32679777,yahoo_daily
2026-08-12,56.90000153,58.5,55.29999924,55.40000153,7518948,0,1,54.74569618,yahoo_daily
2026-08-13,55.59999847,56.5,54.40000153,54.40000153,5504501,0,1,53.75750675,yahoo_daily
2026-08-14,54.70000076,55.20000076,53.40000153,53.40000153,2900988,0,1,52.76931731,yahoo_daily
2026-08-17,53.29999924,54.09999847,53,53.09999847,2176494,0,1,52.47285747,yahoo_daily
2026-08-18,53.09999847,53.59999847,51.29999924,51.29999924,3239506,0,1,50.69411724,yahoo_daily
2026-08-19,50,51.40000153,49.84999847,50.79999924,2033723,0.605882,1,50.79999924,yahoo_daily
2026-08-20,51.90000153,52.20000076,50.5,51,1491907,0,1,51,yahoo_daily
2026-08-21,51.09999847,51.5,50.40000153,50.70000076,1765227,0,1,50.70000076,yahoo_daily
2026-08-24,50.40000153,52.59999847,50.40000153,50.59999847,4123123,0,1,50.59999847,yahoo_daily
2026-08-25,50.59999847,50.59999847,49.20000076,50.40000153,2859570,0,1,50.40000153,yahoo_daily
2026-08-26,50.5,51.59999847,50.40000153,51.29999924,1899813,0,1,51.29999924,yahoo_daily
2026-08-27,51.59999847,51.79999924,50.5,50.70000076,2699700,0,1,50.70000076,yahoo_daily
2026-08-28,51,53.29999924,51,51.79999924,5547724,0,1,51.79999924,yahoo_daily
2026-08-31,50.59999847,51.29999924,50.40000153,51.09999847,3135212,0,1,51.09999847,yahoo_daily
2026-09-01,51.79999924,53.09999847,51.20000076,51.5,4351957,0,1,51.5,yahoo_daily
2026-09-02,51,51.90000153,50.90000153,51,1890400,0,1,51,yahoo_daily
2026-09-03,51.29999924,51.90000153,50.09999847,50.09999847,3420025,0,1,50.09999847,yahoo_daily
2026-09-04,50.70000076,51.20000076,50.40000153,51.09999847,1943252,0,1,51.09999847,yahoo_daily
2026-09-07,52,53.40000153,51.09999847,52.5,9098728,0,1,52.5,yahoo_daily
