date,open,high,low,close,volume,dividend,split_factor,adjusted_close,source
2021-08-30,131.25,131.25,127.5,127.5,613316,0,1,109.03148898,yahoo_bootstrap
2021-08-31,128.125,128.75,124.5,126.25,847587,0,1,107.96255281,yahoo_bootstrap
2021-09-01,124,127.5,124,126.875,666824,2.5,1,110.6888799,yahoo_bootstrap
2021-09-02,127.5,127.5,123.125,123.125,932155,0,1,107.41728739,yahoo_bootstrap
2021-09-03,120,121.875,118.125,119.25,2338410,0,1,104.0366418,yahoo_bootstrap
2021-09-06,119.125,119.625,116.5,116.625,1230571,0,1,101.74652704,yahoo_bootstrap
2021-09-07,117.5,118.875,114.375,114.75,1156570,0,1,100.11073079,yahoo_bootstrap
2021-09-08,115.5,116.625,112.125,112.375,1471231,0,1,98.0387222,yahoo_bootstrap
2021-09-09,112.875,115.625,111.5,114.625,768636,0,1,100.00167771,yahoo_bootstrap
2021-09-10,114.625,116.25,114.625,115.875,392660,0,1,101.09220854,yahoo_bootstrap
2021-09-13,116.75,116.75,114.5,114.5,374352,0,1,99.89262462,yahoo_bootstrap
2021-09-14,116.125,118,113.75,114.25,609544,0,1,99.67451845,yahoo_bootstrap
2021-09-15,114.375,114.375,111.5,111.75,864940,0,1,97.49345678,yahoo_bootstrap
2021-09-16,112.5,112.75,110.625,110.625,560841,0,1,96.51197903,yahoo_bootstrap
2021-09-17,110.25,112.375,109,112.125,760930,0,1,97.82061603,yahoo_bootstrap
2021-09-22,109.625,110.5,107.75,108.75,811044,0,1,94.87618277,yahoo_bootstrap
2021-09-23,110,112.125,109,111.25,628907,0,1,97.05724445,yahoo_bootstrap
2021-09-24,112.5,112.875,111.375,111.375,384272,0,1,97.16629753,yahoo_bootstrap
2021-09-27,112.125,113,110.875,112.25,443737,0,1,97.92966912,yahoo_bootstrap
2021-09-28,111.25,111.25,108,108.625,893154,0,1,94.76712969,yahoo_bootstrap
2021-09-29,107,107,101.25,102.5,1360368,0,1,89.42352859,yahoo_bootstrap
2021-09-30,104,106.25,103.5,105.5,957235,0,1,92.0408026,yahoo_bootstrap
2021-10-01,104.25,104.25,100,100.625,1235729,0,1,87.78773234,yahoo_bootstrap
2021-10-04,101.875,102.5,97.375,98.625,1200468,0,1,86.042883,yahoo_bootstrap
2021-10-05,96.625,101,94.75,100.625,876144,0,1,87.78773234,yahoo_bootstrap
2021-10-06,100.375,100.375,95.375,95.375,1316066,0,1,83.20750282,yahoo_bootstrap
2021-10-07,96.875,101.25,96.875,101.125,1359200,0,1,88.22394467,yahoo_bootstrap
2021-10-08,101.875,102,99.375,99.875,877843,0,1,87.13341383,yahoo_bootstrap
2021-10-12,99.375,101.375,98.875,100.875,551465,0,1,88.0058385,yahoo_bootstrap
2021-10-13,101,101,96.25,98,934802,0,1,85.49761758,yahoo_bootstrap
2021-10-14,98.125,99,96,96.5,834840,0,1,84.18898058,yahoo_bootstrap
2021-10-15,98.5,102.875,98.5,102.25,1433086,0,1,89.20542242,yahoo_bootstrap
2021-10-18,102.25,103.5,100.25,100.75,621462,0,1,87.89678542,yahoo_bootstrap
2021-10-19,102.5,103.5,101.5,103.125,497633,0,1,89.96879401,yahoo_bootstrap
2021-10-20,103.125,104.375,102.25,103.625,370833,0,1,90.40500634,yahoo_bootstrap
2021-10-21,103.625,106,103.125,104,622323,0,1,90.7321656,yahoo_bootstrap
2021-10-22,106,107.25,103.625,105,671020,0,1,91.60459026,yahoo_bootstrap
2021-10-25,103.75,106.5,103.75,105.5,416435,0,1,92.0408026,yahoo_bootstrap
2021-10-26,105.5,107.375,105.5,106.375,461928,0,1,92.80417418,yahoo_bootstrap
2021-10-27,107,107.375,105.375,107.25,436306,0,1,93.56754577,yahoo_bootstrap
2021-10-28,108.75,113.5,106.875,107.375,1966669,0,1,93.67659885,yahoo_bootstrap
2021-10-29,107.375,109.625,107,108.5,799294,0,1,94.65807661,yahoo_bootstrap
2021-11-01,108.75,110.375,108.75,109.375,472159,0,1,95.42144819,yahoo_bootstrap
2021-11-02,110.5,110.5,103.625,103.75,1170100,0,1,90.51405943,yahoo_bootstrap
2021-11-03,104.625,111,104.375,108.75,1960512,0,1,94.87618277,yahoo_bootstrap
2021-11-04,110.625,112,108.125,108.75,1238815,0,1,94.87618277,yahoo_bootstrap
2021-11-05,111.5,112.5,108.875,109.5,1376809,0,1,95.53050128,yahoo_bootstrap
2021-11-08,109,109,106.25,106.875,785696,0,1,93.24038652,yahoo_bootstrap
2021-11-09,107.75,110.75,107,110.25,833664,0,1,96.18481978,yahoo_bootstrap
2021-11-10,110.25,111.375,108.375,109.875,611099,0,1,95.85766053,yahoo_bootstrap
2021-11-11,109.375,111,108.625,108.875,573588,0,1,94.98523586,yahoo_bootstrap
2021-11-12,110,110.125,108.125,108.125,497812,0,1,94.33091736,yahoo_bootstrap
2021-11-15,109,114.375,108.5,113.375,2578880,0,1,98.91114687,yahoo_bootstrap
2021-11-16,113.75,114.5,111.375,112,1054509,0,1,97.71156295,yahoo_bootstrap
2021-11-17,112.375,117.5,112.375,116.75,2172765,0,1,101.85558013,yahoo_bootstrap
2021-11-18,118.125,118.25,114,115,1952535,0,1,100.32883696,yahoo_bootstrap
2021-11-19,116.5,117.75,114.625,115.5,1062206,0,1,100.76504929,yahoo_bootstrap
2021-11-22,117.5,119,116.25,117,1675965,0,1,102.07368629,yahoo_bootstrap
2021-11-23,117,122.875,115.125,119.375,4331441,0,1,104.14569488,yahoo_bootstrap
2021-11-24,120,131.25,120,131.25,10171631,0,1,114.50573783,yahoo_bootstrap
2021-11-25,135.625,143.75,131.875,139.375,19780218,0,1,121.59418827,yahoo_bootstrap
2021-11-26,141.25,148.75,131.875,144.375,37117572,0,1,125.95631161,yahoo_bootstrap
2021-11-29,138.75,145.625,133.125,141.875,18267032,0,1,123.77524994,yahoo_bootstrap
2021-11-30,145.625,154.375,145,146.25,28124692,0,1,127.59210787,yahoo_bootstrap
2021-12-01,143.75,151.25,143.125,146.25,19233676,0,1,127.59210787,yahoo_bootstrap
2021-12-02,148.125,150.625,140,141.25,13647852,0,1,123.22998452,yahoo_bootstrap
2021-12-03,145.625,146.25,141.25,145.625,7647724,0,1,127.04684245,yahoo_bootstrap
2021-12-06,144.375,145.625,141.25,143.125,4625757,0,1,124.86578078,yahoo_bootstrap
2021-12-07,144.375,144.375,129.375,131.875,17326726,0,1,115.05100325,yahoo_bootstrap
2021-12-08,134.375,134.375,130,131.25,5300892,0,1,114.50573783,yahoo_bootstrap
2021-12-09,131.25,133.75,130.625,132.5,2388387,0,1,115.59626867,yahoo_bootstrap
2021-12-10,131.875,132.5,125.625,126.25,4368724,0,1,110.14361448,yahoo_bootstrap
2021-12-13,126.25,130.625,123.875,128.75,3801322,0,1,112.32467616,yahoo_bootstrap
2021-12-14,125.625,128.75,125,126.25,1973419,0,1,110.14361448,yahoo_bootstrap
2021-12-15,126.25,130,125,125.625,2811057,0,1,109.59834907,yahoo_bootstrap
2021-12-16,127.5,128.75,125.625,126.25,1628688,0,1,110.14361448,yahoo_bootstrap
2021-12-17,125.625,127.5,123.875,124.375,2384644,0,1,108.50781823,yahoo_bootstrap
2021-12-20,124.25,124.75,121.75,122,3096672,0,1,106.43580964,yahoo_bootstrap
2021-12-21,123,124.375,121.25,123,1610400,0,1,107.30823431,yahoo_bootstrap
2021-12-22,123.875,125.625,123.375,123.875,2333740,0,1,108.0716059,yahoo_bootstrap
2021-12-23,124.625,126.875,123.375,123.375,2621752,0,1,107.63539356,yahoo_bootstrap
2021-12-24,124.375,124.375,121.875,122,1700022,0,1,106.43580964,yahoo_bootstrap
2021-12-27,122.25,126.25,121.625,124.125,2290639,0,1,108.28971206,yahoo_bootstrap
2021-12-28,125,125.625,123.125,124.125,1710543,0,1,108.28971206,yahoo_bootstrap
2021-12-29,124.375,125.625,123.5,123.875,970560,0,1,108.0716059,yahoo_bootstrap
2021-12-30,124.375,127.5,124,126.25,2673464,0,1,110.14361448,yahoo_bootstrap
2022-01-03,128.125,130.625,125,130.625,4350205,0,1,113.96047241,yahoo_bootstrap
2022-01-04,131.25,135,129.375,131.875,7834453,0,1,115.05100325,yahoo_bootstrap
2022-01-05,131.875,132.5,128.125,128.75,2978419,0,1,112.32467616,yahoo_bootstrap
2022-01-06,128.125,128.125,125,125,2129028,0,1,109.05308365,yahoo_bootstrap
2022-01-07,126.25,126.875,122,122.375,2421862,0,1,106.76296889,yahoo_bootstrap
2022-01-10,121.125,124.25,120.625,122.5,2000024,0,1,106.87202198,yahoo_bootstrap
2022-01-11,121.875,122.25,118,118.375,2336295,0,1,103.27327021,yahoo_bootstrap
2022-01-12,119,119.875,115.375,116.375,1846811,0,1,101.52842088,yahoo_bootstrap
2022-01-13,117,117.125,115,115.75,814733,0,1,100.98315546,yahoo_bootstrap
2022-01-14,115.625,115.75,112,114.5,1854651,0,1,99.89262462,yahoo_bootstrap
2022-01-17,114.5,118.75,113.5,118.375,933658,0,1,103.27327021,yahoo_bootstrap
2022-01-18,118.75,121.125,117.125,117.5,1698944,0,1,102.50989863,yahoo_bootstrap
2022-01-19,116.25,117.25,115.625,116,635029,0,1,101.20126163,yahoo_bootstrap
2022-01-20,116,116.25,114.375,115.25,476857,0,1,100.54694312,yahoo_bootstrap
2022-01-21,114.375,114.75,112.5,112.5,984482,0,1,98.14777528,yahoo_bootstrap
2022-01-24,111.25,113.125,110,113.125,906800,0,1,98.6930407,yahoo_bootstrap
2022-01-25,113,113.625,110.375,110.375,774035,0,1,96.29387286,yahoo_bootstrap
2022-01-26,110,112.25,109.75,110.25,757292,0,1,96.18481978,yahoo_bootstrap
2022-02-07,112.375,114.875,110.875,114.75,648204,0,1,100.11073079,yahoo_bootstrap
2022-02-08,114.75,116.5,114,116.125,531475,0,1,101.31031471,yahoo_bootstrap
2022-02-09,116.5,117.375,116.375,117.125,543328,0,1,102.18273938,yahoo_bootstrap
2022-02-10,118.25,118.875,116.5,117.25,593729,0,1,102.29179246,yahoo_bootstrap
2022-02-11,116.25,117.125,116.25,116.25,284522,0,1,101.41936779,yahoo_bootstrap
2022-02-14,114.625,114.625,112.125,112.625,557624,0,1,98.25682837,yahoo_bootstrap
2022-02-15,113.125,114.875,113.125,113.75,346023,0,1,99.23830612,yahoo_bootstrap
2022-02-16,115.375,116.125,115.125,115.875,367076,0,1,101.09220854,yahoo_bootstrap
2022-02-17,115.875,116.875,114.25,114.375,508067,0,1,99.78357154,yahoo_bootstrap
2022-02-18,113.25,115.5,113.25,115.25,467700,0,1,100.54694312,yahoo_bootstrap
2022-02-21,115.875,115.875,114.25,115,245440,0,1,100.32883696,yahoo_bootstrap
2022-02-22,114.5,114.625,111.25,112.5,744119,0,1,98.14777528,yahoo_bootstrap
2022-02-23,112.75,113.375,112.25,112.75,310584,0,1,98.36588145,yahoo_bootstrap
2022-02-24,112.25,112.375,108.375,109.125,905021,0,1,95.20334202,yahoo_bootstrap
2022-02-25,110.25,112.25,109.125,109.625,473437,0,1,95.63955436,yahoo_bootstrap
2022-03-01,110.875,113.375,110.875,112.875,537076,0,1,98.47493453,yahoo_bootstrap
2022-03-02,111.875,112.5,111,112.125,334392,0,1,97.82061603,yahoo_bootstrap
2022-03-03,112.875,113.375,111.5,111.5,535465,0,1,97.27535061,yahoo_bootstrap
2022-03-04,110.875,111.25,110,110.125,394750,0,1,96.07576669,yahoo_bootstrap
2022-03-07,109,109.125,102.625,103.75,1174113,0,1,90.51405943,yahoo_bootstrap
2022-03-08,100,105,99.25,99.5,1122649,0,1,86.80625458,yahoo_bootstrap
2022-03-09,101,101.875,99.875,100.75,331288,0,1,87.89678542,yahoo_bootstrap
2022-03-10,102.5,103.375,102.5,102.875,395090,0,1,89.75068784,yahoo_bootstrap
2022-03-11,102.75,103.625,100.625,101,302603,0,1,88.11489159,yahoo_bootstrap
2022-03-14,101,101.75,100.125,100.75,246517,0,1,87.89678542,yahoo_bootstrap
2022-03-15,100.75,100.75,98.125,98.125,715757,0,1,85.60667066,yahoo_bootstrap
2022-03-16,98.75,100.375,96.25,97,931248,0,1,84.62519291,yahoo_bootstrap
2022-03-17,99.125,100.875,98.25,100.5,867864,0,1,87.67867925,yahoo_bootstrap
2022-03-18,99.75,99.75,98.25,98.875,575800,0,1,86.26098917,yahoo_bootstrap
2022-03-21,99.75,101,99.5,100.5,488681,0,1,87.67867925,yahoo_bootstrap
2022-03-22,100.5,102,100.125,102,430016,0,1,88.98731626,yahoo_bootstrap
2022-03-23,102.875,103.25,102.25,102.75,357160,0,1,89.64163476,yahoo_bootstrap
2022-03-24,101.375,102.625,101.375,102.125,309388,0,1,89.09636934,yahoo_bootstrap
2022-03-25,102.875,103.125,100.875,101,369779,0,1,88.11489159,yahoo_bootstrap
2022-03-28,102.5,106.125,102.5,106.125,1981601,0,1,92.58606802,yahoo_bootstrap
2022-03-29,106.25,108.125,103.75,104.875,1490405,0,1,91.49553718,yahoo_bootstrap
2022-03-30,105.25,106,104.5,104.5,552504,0,1,91.16837793,yahoo_bootstrap
2022-03-31,105.625,105.75,104.125,104.375,298521,0,1,91.05932485,yahoo_bootstrap
2022-04-01,103.125,103.125,101.5,101.875,431040,0,1,88.87826317,yahoo_bootstrap
2022-04-06,101.875,102.375,100,100.5,432411,0,1,87.67867925,yahoo_bootstrap
2022-04-07,100,100,96.375,96.75,734677,0,1,84.40708674,yahoo_bootstrap
2022-04-08,96.125,97.5,96.125,97,389460,0,1,84.62519291,yahoo_bootstrap
2022-04-11,96.75,96.75,90.75,91,1202709,0,1,79.3906449,yahoo_bootstrap
2022-04-12,89.375,90.375,87.375,88.5,990965,0,1,77.20958322,yahoo_bootstrap
2022-04-13,88.875,90.25,88.875,89.875,454253,0,1,78.40916714,yahoo_bootstrap
2022-04-14,90.125,90.375,88.75,89,345991,0,1,77.64579556,yahoo_bootstrap
2022-04-15,88.75,88.75,86,86.125,719517,0,1,75.13757463,yahoo_bootstrap
2022-04-18,83.75,86.25,82.875,84.625,840289,0,1,73.82893763,yahoo_bootstrap
2022-04-19,85.625,87.125,85,85.125,473046,0,1,74.26514996,yahoo_bootstrap
2022-04-20,86.25,87,85,86.375,441273,0,1,75.3556808,yahoo_bootstrap
2022-04-21,87.5,87.875,86.25,86.375,321252,0,1,75.3556808,yahoo_bootstrap
2022-04-22,86.125,86.125,84.375,84.75,400408,0,1,73.93799071,yahoo_bootstrap
2022-04-25,83.125,83.125,78.75,79,1218253,0,1,68.92154887,yahoo_bootstrap
2022-04-26,80.25,82,79.25,81.375,696100,0,1,70.99355745,yahoo_bootstrap
2022-04-27,77.25,81,76.625,79.625,909040,0,1,69.46681428,yahoo_bootstrap
2022-04-28,79.75,81.75,78.875,81,637680,0,1,70.6663982,yahoo_bootstrap
2022-04-29,82.25,82.625,81.25,82.25,340476,0,1,71.75692904,yahoo_bootstrap
2022-05-03,81.125,83.25,81.125,82.875,282088,0,1,72.30219446,yahoo_bootstrap
2022-05-04,81.5,84,81.5,83.625,253256,0,1,72.95651296,yahoo_bootstrap
2022-05-05,85,85.375,83.75,84,409616,0,1,73.28367221,yahoo_bootstrap
2022-05-06,81.875,82.125,80.5,81.75,253013,0,1,71.32071671,yahoo_bootstrap
2022-05-09,80.125,81.125,78.5,78.5,445407,0,1,68.48533653,yahoo_bootstrap
2022-05-10,75.375,79.375,75.375,78.875,449640,0,1,68.81249578,yahoo_bootstrap
2022-05-11,79.25,79.25,76.5,77,288240,0,1,67.17669953,yahoo_bootstrap
2022-05-12,77.125,77.5,74.75,74.875,489920,0,1,65.32279711,yahoo_bootstrap
2022-05-13,76.125,77.75,75.75,77.25,410403,0,1,67.39480569,yahoo_bootstrap
2022-05-16,77.875,78.75,77.5,77.875,373477,0,1,67.94007111,yahoo_bootstrap
2022-05-17,77.875,81.125,77.875,81,518092,0,1,70.6663982,yahoo_bootstrap
2022-05-18,83.625,83.625,81.25,81.375,470021,0,1,70.99355745,yahoo_bootstrap
2022-05-19,79.875,81.625,78.875,81.625,397634,0,1,71.21166362,yahoo_bootstrap
2022-05-20,82.375,82.375,81,81,178757,0,1,70.6663982,yahoo_bootstrap
2022-05-23,81.25,82.125,80.75,81.25,216464,0,1,70.88450437,yahoo_bootstrap
2022-05-24,81.25,81.5,79.625,79.875,196953,0,1,69.68492045,yahoo_bootstrap
2022-05-25,80.375,80.875,79.5,80.375,248008,0,1,70.12113279,yahoo_bootstrap
2022-05-26,81.375,82.75,81,81.875,469900,0,1,71.42976979,yahoo_bootstrap
2022-05-27,82.75,83,82,82.25,220463,0,1,71.75692904,yahoo_bootstrap
2022-05-30,83.25,84,82.75,83.375,348456,0,1,72.73840679,yahoo_bootstrap
2022-05-31,83.375,84.625,82.625,84.375,269860,0,1,73.61083146,yahoo_bootstrap
2022-06-01,84.375,86.5,84.375,86.125,594863,0,1,75.13757463,yahoo_bootstrap
2022-06-02,86.125,86.75,85.25,85.375,304853,0,1,74.48325613,yahoo_bootstrap
2022-06-06,85.25,86.75,84.375,86.625,300133,0,1,75.57378697,yahoo_bootstrap
2022-06-07,86.625,87.25,84.5,84.5,406004,0,1,73.71988455,yahoo_bootstrap
2022-06-08,84.75,85.625,84.375,84.625,302404,0,1,73.82893763,yahoo_bootstrap
2022-06-09,84.625,85.25,84.125,84.375,166098,0,1,73.61083146,yahoo_bootstrap
2022-06-10,83.25,84.125,83,83.5,176592,0,1,72.84745988,yahoo_bootstrap
2022-06-13,81.875,81.875,79.375,79.375,518284,0,1,69.24870812,yahoo_bootstrap
2022-06-14,78.125,80,77.75,79.75,345120,0,1,69.57586737,yahoo_bootstrap
2022-06-15,79.375,80.75,79.25,79.75,241045,0,1,69.57586737,yahoo_bootstrap
2022-06-16,80.875,81.125,76.25,76.25,514960,0,1,66.52238103,yahoo_bootstrap
2022-06-17,73.875,75.5,73.875,74,545800,0,1,64.55942552,yahoo_bootstrap
2022-06-20,74.5,74.5,68,68,994140,0,1,59.3248775,yahoo_bootstrap
2022-06-21,71,73,69.625,72.75,666594,0,1,63.46889468,yahoo_bootstrap
2022-06-22,73.75,74,69.375,69.375,529690,0,1,60.52446142,yahoo_bootstrap
2022-06-23,70.5,70.875,68.25,69.375,472076,0,1,60.52446142,yahoo_bootstrap
2022-06-24,70.125,71.375,69.625,70,340866,0,1,61.06972684,yahoo_bootstrap
2022-06-27,72,72.125,71.25,71.875,394841,0,1,62.7055231,yahoo_bootstrap
2022-06-28,71.875,71.875,70.125,70.25,477290,0,1,61.28783301,yahoo_bootstrap
2022-06-29,67.5,67.5,64.875,65.375,554968,2.5,1,59.13936654,yahoo_bootstrap
2022-06-30,65.375,65.375,62.0625,62.4375,677158,0,1,56.48205275,yahoo_bootstrap
2022-07-01,62.0625,62.75,57.6875,57.6875,993402,0,1,52.1851198,yahoo_bootstrap
2022-07-04,59.375,62.375,58,61.5,1114531,0,1,55.63397388,yahoo_bootstrap
2022-07-05,63.375,63.75,61,62.1875,683540,0,1,56.25589838,yahoo_bootstrap
2022-07-06,61.625,62.75,61.25,61.375,466398,0,1,55.52089669,yahoo_bootstrap
2022-07-07,62.1875,63.25,60.5625,63,550458,0,1,56.99090007,yahoo_bootstrap
2022-07-08,64.375,67,64,66,834933,0,1,59.70475245,yahoo_bootstrap
2022-07-11,65.875,66,63.5,63.625,430800,0,1,57.55628598,yahoo_bootstrap
2022-07-12,63.125,63.375,61,61.0625,465009,0,1,55.23820374,yahoo_bootstrap
2022-07-13,62.75,64.375,62.375,63.75,602504,0,1,57.66936316,yahoo_bootstrap
2022-07-14,63.75,65.5,62.75,65.375,378840,0,1,59.13936654,yahoo_bootstrap
2022-07-15,66.25,71.875,65.875,71.875,3569305,0,1,65.01938004,yahoo_bootstrap
2022-07-18,72.625,75,70.875,73.75,6514544,0,1,66.71553778,yahoo_bootstrap
2022-07-19,72.5,73.75,70.875,71.25,1498118,0,1,64.45399413,yahoo_bootstrap
2022-07-20,72.5,72.5,69.5,69.5,1435287,0,1,62.87091357,yahoo_bootstrap
2022-07-21,69.5,71.875,69.125,71.5,1107888,0,1,64.68014849,yahoo_bootstrap
2022-07-22,71.25,71.5,69.875,69.875,785040,0,1,63.21014512,yahoo_bootstrap
2022-07-25,69.375,71.125,68.75,70.375,601811,0,1,63.66245385,yahoo_bootstrap
2022-07-26,70,71.75,68.375,68.375,856882,0,1,61.85321892,yahoo_bootstrap
2022-07-27,69,69.75,67.875,69.375,498208,0,1,62.75783638,yahoo_bootstrap
2022-07-28,70.125,70.625,67.875,68,540604,0,1,61.51398738,yahoo_bootstrap
2022-07-29,69.125,69.875,68.5,68.875,492000,0,1,62.30552765,yahoo_bootstrap
2022-08-01,68.5,68.875,67.625,68.625,280655,0,1,62.07937329,yahoo_bootstrap
2022-08-02,68.125,68.125,65.25,65.625,686407,0,1,59.3655209,yahoo_bootstrap
2022-08-03,65.625,66.375,64.5,64.625,439870,0,1,58.46090344,yahoo_bootstrap
2022-08-04,65.25,65.25,62.5,64.625,577600,0,1,58.46090344,yahoo_bootstrap
2022-08-05,65,66.125,64.75,65.25,485104,0,1,59.02628936,yahoo_bootstrap
2022-08-08,64.75,64.75,63.625,64.625,376280,0,1,58.46090344,yahoo_bootstrap
2022-08-09,64.5,64.875,63.5,64.5,347280,0,1,58.34782626,yahoo_bootstrap
2022-08-10,64.125,65.875,63.875,65.25,408240,0,1,59.02628936,yahoo_bootstrap
2022-08-11,66.125,66.875,65.625,66.25,523595,0,1,59.93090682,yahoo_bootstrap
2022-08-12,66.5,69.125,66,68.875,681103,0,1,62.30552765,yahoo_bootstrap
2022-08-15,69,69.75,68.125,69.5,513320,0,1,62.87091357,yahoo_bootstrap
2022-08-16,68.875,70,68.5,69,572429,0,1,62.41860484,yahoo_bootstrap
2022-08-17,69.5,70.875,69.375,70,546180,0,1,63.3232223,yahoo_bootstrap
2022-08-18,69.5,71,69.125,70.625,404663,0,1,63.88860821,yahoo_bootstrap
2022-08-19,71.125,71.625,70.375,71.25,536220,0,1,64.45399413,yahoo_bootstrap
2022-08-22,71.25,71.625,70.125,71.25,218400,0,1,64.45399413,yahoo_bootstrap
2022-08-23,71.25,76.25,70.375,75.375,1556721,0,1,68.18554115,yahoo_bootstrap
2022-08-24,76.875,79.125,75.25,77.5,2209862,0,1,70.10785326,yahoo_bootstrap
2022-08-25,77.875,78,76.75,76.875,851224,0,1,69.54246735,yahoo_bootstrap
2022-08-26,77,78.125,76.75,76.75,662712,0,1,69.42939016,yahoo_bootstrap
2022-08-29,75.125,75.125,72.375,72.625,797611,0,1,65.69784313,yahoo_bootstrap
2022-08-30,73.125,74.125,72.625,73,419502,0,1,66.03707468,yahoo_bootstrap
2022-08-31,72.5,73.25,72,72.875,805334,0,1,65.9239975,yahoo_bootstrap
2022-09-01,72.875,72.875,72.875,72.875,0,2,0.8,67.78428667,yahoo_bootstrap
2022-09-02,72.875,72.875,72.875,72.875,0,0,1,67.78428667,yahoo_bootstrap
2022-09-05,72.875,72.875,72.875,72.875,0,0,1,67.78428667,yahoo_bootstrap
2022-09-06,72.875,72.875,72.875,72.875,0,0,1,67.78428667,yahoo_bootstrap
2022-09-07,72.875,72.875,72.875,72.875,0,0,1,67.78428667,yahoo_bootstrap
2022-09-08,72.875,72.875,72.875,72.875,0,0,1,67.78428667,yahoo_bootstrap
2022-09-12,70.40000153,70.80000305,67.09999847,67.19999695,578876,0,1,62.50571331,yahoo_bootstrap
2022-09-13,67.80000305,68,64,64,918988,0,1,59.52925347,yahoo_bootstrap
2022-09-14,61.20000076,62.20000076,60.70000076,61,970302,0,1,56.73881972,yahoo_bootstrap
2022-09-15,61,62.79999924,60.70000076,61,779138,0,1,56.73881972,yahoo_bootstrap
2022-09-16,60.59999847,61.09999847,59,59,628989,0,1,54.87853055,yahoo_bootstrap
2022-09-19,59.5,59.5,58.20000076,58.59999847,312061,0,1,54.50647129,yahoo_bootstrap
2022-09-20,59.29999924,59.5,58.09999847,58.09999847,255920,0,1,54.041399,yahoo_bootstrap
2022-09-21,58.20000076,58.70000076,56.5,56.70000076,676536,0,1,52.73919871,yahoo_bootstrap
2022-09-22,56.5,56.5,55.40000153,55.70000076,333599,0,1,51.80905412,yahoo_bootstrap
2022-09-23,55.70000076,56.70000076,54.5,54.5,318876,0,1,50.69287991,yahoo_bootstrap
2022-09-26,53.70000076,53.70000076,50.20000076,50.5,855236,0,1,46.97230157,yahoo_bootstrap
2022-09-27,51.09999847,52,50,52,403929,0,1,48.36751845,yahoo_bootstrap
2022-09-28,52.29999924,52.29999924,48.20000076,48.40000153,730282,0,1,45.01899936,yahoo_bootstrap
2022-09-29,49.75,50.70000076,48.84999847,49.5,569815,0,1,46.04215698,yahoo_bootstrap
2022-09-30,49,50.5,48,50.40000153,483429,0,1,46.87928853,yahoo_bootstrap
2022-10-03,49.40000153,51.70000076,49.40000153,50.70000076,422415,0,1,47.15833119,yahoo_bootstrap
2022-10-04,52.20000076,52.29999924,51.20000076,51.70000076,426278,0,1,48.08847578,yahoo_bootstrap
2022-10-05,52.5,53.40000153,51.79999924,52.29999924,449241,0,1,48.64656112,yahoo_bootstrap
2022-10-06,53.09999847,53.09999847,51.79999924,52,215944,0,1,48.36751845,yahoo_bootstrap
2022-10-07,51.5,52.5,51.09999847,51.29999924,210820,0,1,47.71641653,yahoo_bootstrap
2022-10-11,50.5,50.59999847,49.5,49.84999847,393165,0,1,46.36770617,yahoo_bootstrap
2022-10-12,49.84999847,50.5,49.25,49.59999847,363259,0,1,46.13517002,yahoo_bootstrap
2022-10-13,50,50,48.20000076,48.20000076,573486,0,1,44.83296973,yahoo_bootstrap
2022-10-14,49.20000076,51.20000076,49.20000076,50.40000153,373209,0,1,46.87928853,yahoo_bootstrap
2022-10-17,49.84999847,51.40000153,48.90000153,51.29999924,349965,0,1,47.71641653,yahoo_bootstrap
2022-10-18,51.90000153,52,51.20000076,51.70000076,241595,0,1,48.08847578,yahoo_bootstrap
2022-10-19,51.90000153,52.20000076,50.70000076,50.79999924,180336,0,1,47.25134424,yahoo_bootstrap
2022-10-20,50.79999924,50.79999924,49.70000076,50.20000076,300544,0,1,46.6932589,yahoo_bootstrap
2022-10-21,50.20000076,50.79999924,49.84999847,49.95000076,161520,0,1,46.46072275,yahoo_bootstrap
2022-10-24,50.90000153,51.5,50.5,50.5,236065,0,1,46.97230157,yahoo_bootstrap
2022-10-25,51,51.09999847,49.84999847,49.95000076,261453,0,1,46.46072275,yahoo_bootstrap
2022-10-26,50.20000076,50.29999924,49.79999924,49.90000153,224006,0,1,46.41421624,yahoo_bootstrap
2022-10-27,50,51.79999924,50,51.59999847,225600,0,1,47.99545919,yahoo_bootstrap
2022-10-28,51.29999924,51.40000153,49.95000076,50.09999847,280800,0,1,46.60024231,yahoo_bootstrap
2022-10-31,50.5,52.59999847,50.29999924,51.90000153,464400,0,1,48.27450541,yahoo_bootstrap
2022-11-01,51.90000153,52.20000076,51.40000153,51.90000153,348387,0,1,48.27450541,yahoo_bootstrap
2022-11-02,52,52.79999924,51.79999924,52.70000076,278788,0,1,49.01862036,yahoo_bootstrap
2022-11-03,52.09999847,53.29999924,51.59999847,53.09999847,303336,0,1,49.39067607,yahoo_bootstrap
2022-11-04,52.79999924,54.29999924,52.40000153,54.20000076,394817,0,1,50.41383724,yahoo_bootstrap
2022-11-07,55.5,56.20000076,54.5,54.5,837671,0,1,50.69287991,yahoo_bootstrap
2022-11-08,54.70000076,55.5,53.79999924,53.90000153,366039,0,1,50.13479458,yahoo_bootstrap
2022-11-09,54.59999847,56.29999924,54.29999924,55.79999924,833962,0,1,51.90206717,yahoo_bootstrap
2022-11-10,55.09999847,56,55,55.09999847,408842,0,1,51.25096524,yahoo_bootstrap
2022-11-11,56.79999924,57.40000153,55.59999847,55.59999847,468548,0,1,51.71603753,yahoo_bootstrap
2022-11-14,56.20000076,57.29999924,55.79999924,57.20000076,515832,0,1,53.204271,yahoo_bootstrap
2022-11-15,58,58.40000153,57.09999847,57.5,460029,0,1,53.48331367,yahoo_bootstrap
2022-11-16,58.09999847,59,57.40000153,58.29999924,652897,0,1,54.22742863,yahoo_bootstrap
2022-11-17,58.29999924,58.70000076,57.5,57.90000153,397858,0,1,53.85537293,yahoo_bootstrap
2022-11-18,58,58.09999847,56.40000153,56.40000153,405510,0,1,52.46015605,yahoo_bootstrap
2022-11-21,57,57.59999847,56.40000153,56.70000076,264723,0,1,52.73919871,yahoo_bootstrap
2022-11-22,56.79999924,56.79999924,55.70000076,56,237709,0,1,52.08809679,yahoo_bootstrap
2022-11-23,56.59999847,56.90000153,56.20000076,56.29999924,111239,0,1,52.36713946,yahoo_bootstrap
2022-11-24,56.40000153,57.20000076,56.09999847,57.20000076,208842,0,1,53.204271,yahoo_bootstrap
2022-11-25,57.5,58.79999924,57.40000153,57.40000153,473345,0,1,53.39030063,yahoo_bootstrap
2022-11-28,57.40000153,57.5,56.5,56.59999847,180948,0,1,52.64618212,yahoo_bootstrap
2022-11-29,56.59999847,56.70000076,55.70000076,56.70000076,193534,0,1,52.73919871,yahoo_bootstrap
2022-11-30,56.70000076,58.29999924,56.70000076,58.20000076,307600,0,1,54.13441559,yahoo_bootstrap
2022-12-01,59,59.70000076,58.5,58.5,455158,0,1,54.41345825,yahoo_bootstrap
2022-12-02,58.5,60.90000153,58.29999924,60.70000076,625872,0,1,56.45977705,yahoo_bootstrap
2022-12-05,61.79999924,65.69999695,61,64.5,1488275,0,1,59.99432577,yahoo_bootstrap
2022-12-06,64,64.5,61.29999924,61.29999924,1007491,0,1,57.01786239,yahoo_bootstrap
2022-12-07,61.40000153,61.90000153,59.40000153,59.40000153,734375,0,1,55.2505898,yahoo_bootstrap
2022-12-08,59.29999924,60.29999924,59,59.59999847,289789,0,1,55.43661587,yahoo_bootstrap
2022-12-09,60.70000076,62.20000076,60.40000153,61.5,792878,0,1,57.20389201,yahoo_bootstrap
2022-12-12,61.20000076,61.59999847,60.20000076,60.5,258593,0,1,56.27374742,yahoo_bootstrap
2022-12-13,61.09999847,61.09999847,59.29999924,59.5,335189,0,1,55.34360284,yahoo_bootstrap
2022-12-14,59.70000076,60.5,59.20000076,60.40000153,199582,0,1,56.18073439,yahoo_bootstrap
2022-12-15,60.59999847,61.09999847,60.20000076,60.70000076,200579,0,1,56.45977705,yahoo_bootstrap
2022-12-16,59.79999924,60,59.29999924,59.40000153,254471,0,1,55.2505898,yahoo_bootstrap
2022-12-19,58.79999924,59,57.79999924,58,399335,0,1,53.94838596,yahoo_bootstrap
2022-12-20,57.79999924,58.40000153,55.79999924,55.79999924,372799,0,1,51.90206717,yahoo_bootstrap
2022-12-21,56,56.20000076,55.29999924,55.70000076,228160,0,1,51.80905412,yahoo_bootstrap
2022-12-22,56.29999924,56.59999847,55.90000153,56.20000076,194534,0,1,52.27412641,yahoo_bootstrap
2022-12-23,56,56.09999847,55,56,152343,0,1,52.08809679,yahoo_bootstrap
2022-12-26,56.29999924,56.29999924,55.40000153,55.5,119915,0,1,51.6230245,yahoo_bootstrap
2022-12-27,55.79999924,56.5,55.70000076,55.90000153,117410,0,1,51.99508375,yahoo_bootstrap
2022-12-28,55.59999847,55.59999847,54.09999847,54.20000076,280355,0,1,50.41383724,yahoo_bootstrap
2022-12-29,54.09999847,54.09999847,53.29999924,53.90000153,166420,0,1,50.13479458,yahoo_bootstrap
2022-12-30,54.70000076,54.70000076,53.5,53.5,189122,0,1,49.76273533,yahoo_bootstrap
2023-01-03,53.09999847,54,52.90000153,53.90000153,129652,0,1,50.13479458,yahoo_bootstrap
2023-01-04,53.5,54.40000153,53.5,54,205476,0,1,50.22780762,yahoo_bootstrap
2023-01-05,54.29999924,55.40000153,54.29999924,54.40000153,223344,0,1,50.59986688,yahoo_bootstrap
2023-01-06,54.40000153,57.40000153,54.40000153,57.29999924,1010366,0,1,53.29728404,yahoo_bootstrap
2023-01-09,58.09999847,58.90000153,57.09999847,58.90000153,924855,0,1,54.78551751,yahoo_bootstrap
2023-01-10,58.90000153,59.09999847,57.79999924,58.59999847,466669,0,1,54.50647129,yahoo_bootstrap
2023-01-11,58.70000076,59.29999924,58.59999847,59,350601,0,1,54.87853055,yahoo_bootstrap
2023-01-12,59.20000076,59.79999924,58.5,58.59999847,377414,0,1,54.50647129,yahoo_bootstrap
2023-01-13,60.29999924,60.29999924,58.09999847,58.20000076,564205,0,1,54.13441559,yahoo_bootstrap
2023-01-16,58.20000076,58.59999847,57.29999924,57.5,247717,0,1,53.48331367,yahoo_bootstrap
2023-01-17,58,58.20000076,57.5,57.5,124992,0,1,53.48331367,yahoo_bootstrap
2023-01-30,59,59.20000076,58.20000076,58.90000153,366784,0,1,54.78551751,yahoo_bootstrap
2023-01-31,58.90000153,61.5,58.90000153,60.70000076,752134,0,1,56.45977705,yahoo_bootstrap
2023-02-01,61.20000076,64.59999847,61.20000076,63.79999924,1761930,0,1,59.34322385,yahoo_bootstrap
2023-02-02,64.40000153,65,63.40000153,64.69999695,1135933,0,1,60.18035185,yahoo_bootstrap
2023-02-03,64.40000153,65,63.09999847,63.5,540726,0,1,59.06418118,yahoo_bootstrap
2023-02-06,63.20000076,64.19999695,62.5,62.70000076,360951,0,1,58.32006622,yahoo_bootstrap
2023-02-07,62.20000076,62.70000076,61.90000153,62.20000076,276040,0,1,57.85499393,yahoo_bootstrap
2023-02-08,62.59999847,62.59999847,62,62.20000076,272266,0,1,57.85499393,yahoo_bootstrap
2023-02-09,61.79999924,61.90000153,60.20000076,60.5,638563,0,1,56.27374742,yahoo_bootstrap
2023-02-10,60.40000153,60.79999924,60,60.20000076,306494,0,1,55.99470476,yahoo_bootstrap
2023-02-13,60.20000076,60.59999847,59,59,392512,0,1,54.87853055,yahoo_bootstrap
2023-02-14,60.29999924,64.40000153,60.20000076,62.59999847,1636165,0,1,58.22704963,yahoo_bootstrap
2023-02-15,63,63.29999924,61.79999924,63,951237,0,1,58.59910889,yahoo_bootstrap
2023-02-16,63.59999847,69.30000305,62.79999924,69.30000305,5800506,0,1,64.45902261,yahoo_bootstrap
2023-02-17,69.30000305,72.5,68.90000153,71.5,12792140,0,1,66.50533787,yahoo_bootstrap
2023-02-20,71.80000305,71.80000305,69.40000153,70.40000153,3318141,0,1,65.48218024,yahoo_bootstrap
2023-02-21,69.5,70.59999847,69.40000153,69.40000153,1678987,0,1,64.55203566,yahoo_bootstrap
2023-02-22,69,69,66.80000305,67.19999695,1607466,0,1,62.50571331,yahoo_bootstrap
2023-02-23,67.59999847,68.90000153,67.40000153,68.09999847,978440,0,1,63.34284485,yahoo_bootstrap
2023-02-24,68.69999695,68.69999695,66.80000305,66.80000305,837312,0,1,62.13366115,yahoo_bootstrap
2023-03-01,66.80000305,66.80000305,65.80000305,65.80000305,690397,0,1,61.20351657,yahoo_bootstrap
2023-03-02,65.5,66.40000153,65.5,66.09999847,607260,0,1,61.48255568,yahoo_bootstrap
2023-03-03,66.80000305,70.90000153,66.69999695,69.09999847,3751159,0,1,64.27298944,yahoo_bootstrap
2023-03-06,72,76,71.40000153,76,8776144,0,1,70.6909885,yahoo_bootstrap
2023-03-07,75.59999847,78.69999695,74,76.80000305,7949327,0,1,71.43510701,yahoo_bootstrap
2023-03-08,76.19999695,83.40000153,75.5,80,9253563,0,1,74.41156684,yahoo_bootstrap
2023-03-09,81.5,82.90000153,79.69999695,80.69999695,6223585,0,1,75.06266522,yahoo_bootstrap
2023-03-10,79.40000153,79.80000305,76.30000305,78.5,3674748,0,1,73.01634996,yahoo_bootstrap
2023-03-13,77.40000153,77.80000305,74.69999695,77,2570784,0,1,71.62113309,yahoo_bootstrap
2023-03-14,76,76.59999847,75,75.30000305,1691597,0,1,70.03989013,yahoo_bootstrap
2023-03-15,77.80000305,79.30000305,75.90000153,76.30000305,3567307,0,1,70.97003471,yahoo_bootstrap
2023-03-16,75.59999847,76.59999847,73.5,74.5,1643740,0,1,69.29577162,yahoo_bootstrap
2023-03-17,75.80000305,76.5,74.80000305,75,1453068,0,1,69.76084392,yahoo_bootstrap
2023-03-20,74.19999695,76.59999847,73.59999847,76.5,1497227,0,1,71.15606079,yahoo_bootstrap
2023-03-21,77.5,77.59999847,75.09999847,75.09999847,1762170,0,1,69.85385695,yahoo_bootstrap
2023-03-22,76.19999695,76.30000305,75.09999847,75.40000153,1036840,0,1,70.13290317,yahoo_bootstrap
2023-03-23,75.59999847,79.30000305,75.59999847,79.09999847,4802664,0,1,73.57443529,yahoo_bootstrap
2023-03-24,79.40000153,79.40000153,78,78.09999847,1863804,0,1,72.64429071,yahoo_bootstrap
2023-03-27,78.09999847,78.69999695,76.5,76.59999847,1144399,0,1,71.24907383,yahoo_bootstrap
2023-03-28,77.5,77.5,73,73.30000305,2149571,0,1,68.17960096,yahoo_bootstrap
2023-03-29,73.59999847,74.80000305,72.09999847,72.19999695,1344182,0,1,67.15643624,yahoo_bootstrap
2023-03-30,73.09999847,73.5,72.09999847,72.59999847,897314,0,1,67.52849549,yahoo_bootstrap
2023-03-31,73.30000305,75.80000305,72.69999695,74,1758933,0,1,68.83069933,yahoo_bootstrap
2023-04-06,74.09999847,74.09999847,72.69999695,72.80000305,729677,0,1,67.71452866,yahoo_bootstrap
2023-04-07,73.30000305,73.59999847,72.30000305,72.5,648946,0,1,67.43548245,yahoo_bootstrap
2023-04-10,73.5,77.19999695,73.30000305,74.80000305,3652750,0,1,69.57481784,yahoo_bootstrap
2023-04-11,75.09999847,75.59999847,74.40000153,75,1170970,0,1,69.76084392,yahoo_bootstrap
2023-04-12,75.5,78.09999847,74.69999695,77,2949831,0,1,71.62113309,yahoo_bootstrap
2023-04-13,78.19999695,78.80000305,75.5,75.5,4031595,0,1,70.22591621,yahoo_bootstrap
2023-04-14,77.30000305,78.69999695,76,76.80000305,2522851,0,1,71.43510701,yahoo_bootstrap
2023-04-17,76.90000153,77.59999847,75.69999695,77.40000153,1384797,0,1,71.99319234,yahoo_bootstrap
2023-04-18,78,78.90000153,76.19999695,76.90000153,2466571,0,1,71.52812005,yahoo_bootstrap
2023-04-19,77.30000305,77.59999847,74.30000305,74.69999695,1609270,0,1,69.4817977,yahoo_bootstrap
2023-04-20,74.5,75.40000153,73.19999695,73.19999695,1152525,0,1,68.08658082,yahoo_bootstrap
2023-04-21,73.69999695,73.80000305,70,70.30000305,1684553,0,1,65.3891672,yahoo_bootstrap
2023-04-24,70.30000305,71.80000305,69.90000153,71.09999847,630990,0,1,66.13327861,yahoo_bootstrap
2023-04-25,71.30000305,71.30000305,67.5,68.19999695,980198,0,1,63.4358579,yahoo_bootstrap
2023-04-26,67,68.40000153,66.80000305,67.80000305,783466,0,1,63.06380574,yahoo_bootstrap
2023-04-27,67.69999695,68.5,66.59999847,67.90000153,549697,0,1,63.15681878,yahoo_bootstrap
2023-04-28,68.90000153,70.69999695,68.90000153,69,646600,0,1,64.1799764,yahoo_bootstrap
2023-05-02,69.30000305,69.59999847,68.30000305,68.90000153,248335,0,1,64.08696337,yahoo_bootstrap
2023-05-03,68.5,68.5,67.69999695,67.69999695,375700,0,1,62.9707856,yahoo_bootstrap
2023-05-04,67.69999695,68.40000153,67.30000305,67.5,278816,0,1,62.78475952,yahoo_bootstrap
2023-05-05,67.59999847,71.80000305,67.59999847,70.30000305,2038224,0,1,65.3891672,yahoo_bootstrap
2023-05-08,70.30000305,70.80000305,69.69999695,70.19999695,650901,0,1,65.29614707,yahoo_bootstrap
2023-05-09,69.90000153,69.90000153,68,68.30000305,598340,0,1,63.52887803,yahoo_bootstrap
2023-05-10,68,68.80000305,67.59999847,68.59999847,240108,0,1,63.80791714,yahoo_bootstrap
2023-05-11,68.90000153,69,67.09999847,67.19999695,437160,0,1,62.50571331,yahoo_bootstrap
2023-05-12,67.5,68.09999847,67,68,182276,0,1,63.24983182,yahoo_bootstrap
2023-05-15,68,68,66.59999847,67.30000305,205305,0,1,62.59873344,yahoo_bootstrap
2023-05-16,67.90000153,69,67.59999847,69,315066,0,1,64.1799764,yahoo_bootstrap
2023-05-17,69.40000153,69.90000153,68.80000305,69.5,366911,0,1,64.64504869,yahoo_bootstrap
2023-05-18,70.30000305,70.69999695,69.80000305,70.5,515321,0,1,65.57519328,yahoo_bootstrap
2023-05-19,71,71.40000153,70,70.09999847,351024,0,1,65.20313402,yahoo_bootstrap
2023-05-22,70.09999847,71.40000153,70.09999847,71.09999847,520280,0,1,66.13327861,yahoo_bootstrap
2023-05-23,70.80000305,71.19999695,70.30000305,70.5,270902,0,1,65.57519328,yahoo_bootstrap
2023-05-24,70.40000153,70.40000153,69.30000305,69.80000305,300448,0,1,64.92409491,yahoo_bootstrap
2023-05-25,70.09999847,70.59999847,69,69,284422,0,1,64.1799764,yahoo_bootstrap
2023-05-26,69.19999695,69.59999847,67.5,67.80000305,501846,0,1,63.06380574,yahoo_bootstrap
2023-05-29,68.40000153,70.19999695,68.30000305,69.90000153,409040,0,1,65.01710795,yahoo_bootstrap
2023-05-30,70,70,68.59999847,69,252099,0,1,64.1799764,yahoo_bootstrap
2023-05-31,69.09999847,71.19999695,69.09999847,70.69999695,543585,0,1,65.76121936,yahoo_bootstrap
2023-06-01,71.09999847,71.30000305,70.19999695,70.90000153,445160,0,1,65.94725254,yahoo_bootstrap
2023-06-02,72,73.90000153,71.40000153,73,1925463,0,1,67.90055474,yahoo_bootstrap
2023-06-05,73.90000153,74,72.30000305,73.40000153,1050274,0,1,68.272614,yahoo_bootstrap
2023-06-06,73,73.09999847,71.09999847,71.09999847,714696,0,1,66.13327861,yahoo_bootstrap
2023-06-07,70.90000153,71.90000153,70.90000153,71.59999847,387976,0,1,66.5983509,yahoo_bootstrap
2023-06-08,71.30000305,71.30000305,69.5,69.5,689137,0,1,64.64504869,yahoo_bootstrap
2023-06-09,70.30000305,70.40000153,69.19999695,69.59999847,381158,0,1,64.73806173,yahoo_bootstrap
2023-06-12,69.69999695,69.90000153,68.69999695,68.80000305,339336,0,1,63.99395032,yahoo_bootstrap
2023-06-13,69.09999847,69.80000305,69.09999847,69.40000153,337033,0,1,64.55203566,yahoo_bootstrap
2023-06-14,69,70.40000153,69,69,429620,0,1,64.1799764,yahoo_bootstrap
2023-06-15,69,70.40000153,68.69999695,69.69999695,558348,0,1,64.83107477,yahoo_bootstrap
2023-06-16,70,70.19999695,68.90000153,69,560002,0,1,64.1799764,yahoo_bootstrap
2023-06-19,68.69999695,68.69999695,67.80000305,68.19999695,422934,0,1,63.4358579,yahoo_bootstrap
2023-06-20,68.19999695,68.80000305,67.90000153,68,191390,0,1,63.24983182,yahoo_bootstrap
2023-06-21,68,68.19999695,67.5,68.19999695,362052,0,1,63.4358579,yahoo_bootstrap
2023-06-26,68.19999695,68.19999695,66.80000305,67.09999847,263664,0,1,62.41270027,yahoo_bootstrap
2023-06-27,66.80000305,67.5,66.5,66.59999847,351254,0,1,61.94762797,yahoo_bootstrap
2023-06-28,66.59999847,67.69999695,66.59999847,66.69999695,225600,0,1,62.04064102,yahoo_bootstrap
2023-06-29,66.80000305,68.40000153,66.80000305,67.80000305,327875,0,1,63.06380574,yahoo_bootstrap
2023-06-30,67.80000305,67.90000153,67,67.40000153,188707,0,1,62.69174649,yahoo_bootstrap
2023-07-03,67.5,68.40000153,67.5,67.80000305,329632,0,1,63.06380574,yahoo_bootstrap
2023-07-04,67.80000305,68.30000305,67.30000305,68,297390,0,1,63.24983182,yahoo_bootstrap
2023-07-05,68.40000153,69,67.80000305,67.80000305,318079,0,1,63.06380574,yahoo_bootstrap
2023-07-06,68,68.09999847,67.09999847,67.90000153,229220,0,1,63.15681878,yahoo_bootstrap
2023-07-07,67.80000305,67.80000305,66.69999695,67.30000305,263465,0,1,62.59873344,yahoo_bootstrap
2023-07-10,66.80000305,67.30000305,66.40000153,66.5,288754,0,1,61.85461494,yahoo_bootstrap
2023-07-11,67,67.30000305,66.5,66.80000305,175610,0,1,62.13366115,yahoo_bootstrap
2023-07-12,66.80000305,67.19999695,66.5,66.5,270342,0,1,61.85461494,yahoo_bootstrap
2023-07-13,66.59999847,67.30000305,66.19999695,66.19999695,352792,0,1,61.57556873,yahoo_bootstrap
2023-07-14,66.40000153,67,65.90000153,66,372332,0,1,61.38954265,yahoo_bootstrap
2023-07-17,65.40000153,66.69999695,64.69999695,66.09999847,521430,0,1,61.48255568,yahoo_bootstrap
2023-07-18,66.59999847,66.69999695,64.80000305,64.90000153,668326,0,1,60.36638502,yahoo_bootstrap
2023-07-19,65.09999847,65.09999847,63.5,63.70000076,368835,0,1,59.25021081,yahoo_bootstrap
2023-07-20,63.70000076,64.30000305,63.59999847,63.90000153,157497,0,1,59.43624044,yahoo_bootstrap
2023-07-21,63.59999847,64,62.90000153,63.90000153,332000,0,1,59.43624044,yahoo_bootstrap
2023-07-24,63.70000076,63.70000076,62.29999924,62.29999924,350243,0,1,57.94800697,yahoo_bootstrap
2023-07-25,63.29999924,63.5,62.5,63.09999847,161614,0,1,58.69212192,yahoo_bootstrap
2023-07-26,63.5,63.59999847,62.59999847,62.59999847,224737,0,1,58.22704963,yahoo_bootstrap
2023-07-27,63.20000076,65.59999847,63,65,479314,0,1,60.45939806,yahoo_bootstrap
2023-07-28,65.59999847,66,64.80000305,65.5,283243,0,1,60.92447035,yahoo_bootstrap
2023-07-31,65.5,65.59999847,64.09999847,64.30000305,275898,0,1,59.80829969,yahoo_bootstrap
2023-08-01,64.30000305,65.30000305,63.79999924,63.90000153,215425,0,1,59.43624044,yahoo_bootstrap
2023-08-02,63.90000153,64.59999847,62.70000076,62.79999924,318712,0,1,58.41307926,yahoo_bootstrap
2023-08-04,62.79999924,63.20000076,62.59999847,62.79999924,405091,0,1,58.41307926,yahoo_bootstrap
2023-08-07,61.79999924,62.29999924,61.40000153,62.20000076,221988,1.5,1,59.27069526,yahoo_bootstrap
2023-08-08,62.09999847,62.20000076,61.20000076,61.20000076,191009,0,1,58.31779021,yahoo_bootstrap
2023-08-09,61,61.5,60.20000076,60.40000153,229693,0,1,57.5554669,yahoo_bootstrap
2023-08-10,60.09999847,60.09999847,58.59999847,58.59999847,411752,0,1,55.84023488,yahoo_bootstrap
2023-08-11,59.20000076,59.40000153,58.59999847,58.79999924,214503,0,1,56.03081662,yahoo_bootstrap
2023-08-14,59.20000076,59.20000076,57,57.5,274839,0,1,54.79204077,yahoo_bootstrap
2023-08-15,58.70000076,59.40000153,57.90000153,59.29999924,232218,0,1,56.50726915,yahoo_bootstrap
2023-08-16,58.29999924,59.79999924,58.29999924,59.79999924,177281,0,1,56.98372168,yahoo_bootstrap
2023-08-17,58.59999847,61.70000076,58.59999847,60.90000153,322084,0,1,58.03191942,yahoo_bootstrap
2023-08-18,60.29999924,61.79999924,60.29999924,61.20000076,260715,0,1,58.31779021,yahoo_bootstrap
2023-08-21,62.29999924,62.29999924,60.5,60.70000076,97777,0,1,57.84133768,yahoo_bootstrap
2023-08-22,60.90000153,61.29999924,60.40000153,60.70000076,146248,0,1,57.84133768,yahoo_bootstrap
2023-08-23,60.70000076,61.79999924,60.70000076,61.5,125150,0,1,58.603661,yahoo_bootstrap
2023-08-24,61.59999847,62.79999924,61.09999847,61.5,205441,0,1,58.603661,yahoo_bootstrap
2023-08-25,60.90000153,61.70000076,60.59999847,61.59999847,100337,0,1,58.69895005,yahoo_bootstrap
2023-08-28,61.59999847,62.40000153,61.20000076,61.79999924,123805,0,1,58.88953179,yahoo_bootstrap
2023-08-29,61.79999924,62.29999924,61.40000153,62,92117,0,1,59.08011353,yahoo_bootstrap
2023-08-30,62.20000076,63.29999924,62.20000076,62.79999924,288975,0,1,59.84243685,yahoo_bootstrap
2023-08-31,62.79999924,64.19999695,62.79999924,63.90000153,254840,0,1,60.89063459,yahoo_bootstrap
2023-09-01,64,69.30000305,63.79999924,66.69999695,3295971,0,1,63.55876439,yahoo_bootstrap
2023-09-04,66.90000153,68.19999695,66.5,66.59999847,1454606,0,1,63.46347533,yahoo_bootstrap
2023-09-05,66.30000305,68.59999847,66.19999695,67.90000153,875774,0,1,64.70225482,yahoo_bootstrap
2023-09-06,67.30000305,68,66.90000153,67.5,277296,0,1,64.32109134,yahoo_bootstrap
2023-09-07,67.5,68.09999847,66.80000305,67.40000153,382354,0,1,64.22580229,yahoo_bootstrap
2023-09-08,66.80000305,67.69999695,66.19999695,67.69999695,304510,0,1,64.51166945,yahoo_bootstrap
2023-09-11,67.69999695,68.30000305,67,67.5,378977,0,1,64.32109134,yahoo_bootstrap
2023-09-12,67.5,68.30000305,67.09999847,68,440024,0,1,64.79754387,yahoo_bootstrap
2023-09-13,67.80000305,68.69999695,67.40000153,67.90000153,365671,0,1,64.70225482,yahoo_bootstrap
2023-09-14,68.5,68.80000305,68,68.40000153,749411,0,1,65.17870735,yahoo_bootstrap
2023-09-15,68.80000305,69,68.09999847,68.59999847,525541,0,1,65.36928545,yahoo_bootstrap
2023-09-18,68.30000305,69.30000305,67.90000153,68.80000305,505641,0,1,65.55987082,yahoo_bootstrap
2023-09-19,68.90000153,69.59999847,67.19999695,67.40000153,587621,0,1,64.22580229,yahoo_bootstrap
2023-09-20,67.69999695,68.09999847,66.80000305,66.90000153,191917,0,1,63.74934977,yahoo_bootstrap
2023-09-21,66.90000153,67.19999695,66.09999847,66.80000305,196680,0,1,63.65406071,yahoo_bootstrap
2023-09-22,66.30000305,67.19999695,66.30000305,66.90000153,178800,0,1,63.74934977,yahoo_bootstrap
2023-09-25,67.09999847,67.19999695,66.69999695,66.90000153,92029,0,1,63.74934977,yahoo_bootstrap
2023-09-26,66.90000153,67.19999695,65.59999847,65.69999695,268983,0,1,62.60585933,yahoo_bootstrap
2023-09-27,65.69999695,66,64.90000153,65.59999847,157160,0,1,62.51057028,yahoo_bootstrap
2023-09-28,65.69999695,66.59999847,65.69999695,66.30000305,182096,0,1,63.17760818,yahoo_bootstrap
2023-10-02,66.69999695,67.09999847,66.5,67,147628,0,1,63.84463881,yahoo_bootstrap
2023-10-03,67.19999695,67.5,66.5,66.5,122047,0,1,63.36818628,yahoo_bootstrap
2023-10-04,65.90000153,66.40000153,65.59999847,66,96635,0,1,62.89173376,yahoo_bootstrap
2023-10-05,66.5,66.69999695,65.59999847,65.59999847,158458,0,1,62.51057028,yahoo_bootstrap
2023-10-06,65.90000153,65.90000153,65.09999847,65.19999695,106082,0,1,62.1294068,yahoo_bootstrap
2023-10-11,65.19999695,65.40000153,64,64.09999847,200403,0,1,61.08121269,yahoo_bootstrap
2023-10-12,64,66.69999695,64,66.59999847,412876,0,1,63.46347533,yahoo_bootstrap
2023-10-13,66.59999847,69.19999695,66.09999847,67.90000153,886428,0,1,64.70225482,yahoo_bootstrap
2023-10-16,68,68,67,67,208135,0,1,63.84463881,yahoo_bootstrap
2023-10-17,67.69999695,68.90000153,67,67,569389,0,1,63.84463881,yahoo_bootstrap
2023-10-18,67,67,65.09999847,65.09999847,277875,0,1,62.03411775,yahoo_bootstrap
2023-10-19,65.09999847,65.5,64.40000153,65,158468,0,1,61.9388287,yahoo_bootstrap
2023-10-20,64.80000305,64.80000305,63.29999924,63.79999924,228768,0,1,60.79534191,yahoo_bootstrap
2023-10-23,63.20000076,64.09999847,63,63.59999847,119700,0,1,60.60476016,yahoo_bootstrap
2023-10-24,63.79999924,64,63,64,120172,0,1,60.98592364,yahoo_bootstrap
2023-10-25,63.90000153,64.80000305,63.90000153,64.09999847,171315,0,1,61.08121269,yahoo_bootstrap
2023-10-26,63.90000153,63.90000153,62.29999924,62.40000153,226897,0,1,59.46127701,yahoo_bootstrap
2023-10-27,62.40000153,63.5,62.40000153,62.59999847,95010,0,1,59.65185511,yahoo_bootstrap
2023-10-30,62.59999847,63.70000076,62.59999847,63.29999924,111317,0,1,60.31888938,yahoo_bootstrap
2023-10-31,63.5,63.79999924,61.5,61.59999847,165374,0,1,58.69895005,yahoo_bootstrap
2023-11-01,62.29999924,65.80000305,61.79999924,61.79999924,1173507,0,1,58.88953179,yahoo_bootstrap
2023-11-02,62.70000076,64.80000305,62.5,64.59999847,709749,0,1,61.55766522,yahoo_bootstrap
2023-11-03,65.09999847,65.40000153,64.40000153,64.80000305,238817,0,1,61.74825059,yahoo_bootstrap
2023-11-06,65.09999847,65.80000305,64.80000305,65.80000305,293075,0,1,62.70115565,yahoo_bootstrap
2023-11-07,65.80000305,67.40000153,65.5,66.5,583980,0,1,63.36818628,yahoo_bootstrap
2023-11-08,66.90000153,67.30000305,65.5,65.59999847,277596,0,1,62.51057028,yahoo_bootstrap
2023-11-09,65.80000305,65.80000305,64.90000153,65,133530,0,1,61.9388287,yahoo_bootstrap
2023-11-10,64.59999847,65.30000305,64.40000153,64.5,114625,0,1,61.46237617,yahoo_bootstrap
2023-11-13,65,65,63.79999924,63.90000153,191687,0,1,60.89063459,yahoo_bootstrap
2023-11-14,63.90000153,64.40000153,63.59999847,63.70000076,152480,0,1,60.70005285,yahoo_bootstrap
2023-11-15,64.09999847,65,64.09999847,64.80000305,198832,0,1,61.74825059,yahoo_bootstrap
2023-11-16,65.19999695,65.5,64.69999695,65.5,190480,0,1,62.41528123,yahoo_bootstrap
2023-11-17,65.5,65.59999847,64.90000153,65.30000305,148101,0,1,62.22470312,yahoo_bootstrap
2023-11-20,66,68,65.80000305,68,1018529,0,1,64.79754387,yahoo_bootstrap
2023-11-21,68.19999695,68.5,67,67.40000153,704863,0,1,64.22580229,yahoo_bootstrap
2023-11-22,67.5,68.40000153,67.40000153,68,600873,0,1,64.79754387,yahoo_bootstrap
2023-11-23,68.5,69.40000153,68.19999695,68.59999847,692797,0,1,65.36928545,yahoo_bootstrap
2023-11-24,69,74.90000153,68.59999847,73.69999695,7259663,0,1,70.22909979,yahoo_bootstrap
2023-11-27,77,77.30000305,73.30000305,74.40000153,4304101,0,1,70.89613769,yahoo_bootstrap
2023-11-28,74.5,75.59999847,73.90000153,75.09999847,2633387,0,1,71.56316832,yahoo_bootstrap
2023-11-29,75.40000153,78.5,75.30000305,77.80000305,6908932,0,1,74.13601633,yahoo_bootstrap
2023-11-30,77.59999847,78.30000305,75.59999847,75.69999695,2940527,0,1,72.1349099,yahoo_bootstrap
2023-12-01,75.69999695,76.69999695,75.5,75.90000153,1149842,0,1,72.32549528,yahoo_bootstrap
2023-12-04,77,77.80000305,76,76,1292635,0,1,72.42078433,yahoo_bootstrap
2023-12-05,76,77.90000153,74.90000153,74.90000153,1405029,0,1,71.37259022,yahoo_bootstrap
2023-12-06,75.90000153,75.90000153,73.59999847,74,1620252,0,1,70.51497421,yahoo_bootstrap
2023-12-07,74.5,75.40000153,74,74.09999847,964873,0,1,70.61026326,yahoo_bootstrap
2023-12-08,75.19999695,76.40000153,74,76.19999695,1773022,0,1,72.61136243,yahoo_bootstrap
2023-12-11,76.59999847,77.40000153,74.19999695,74.19999695,2059780,0,1,70.70555232,yahoo_bootstrap
2023-12-12,74.80000305,75,73.80000305,73.80000305,609518,0,1,70.32439611,yahoo_bootstrap
2023-12-13,74.30000305,75.09999847,74,74.59999847,589952,0,1,71.08671579,yahoo_bootstrap
2023-12-14,75.19999695,76.5,74.59999847,75.09999847,1448706,0,1,71.56316832,yahoo_bootstrap
2023-12-15,75.40000153,75.90000153,74.19999695,74.5,889137,0,1,70.99142674,yahoo_bootstrap
2023-12-18,74.30000305,74.30000305,71.40000153,72.19999695,1229923,0,1,68.7997422,yahoo_bootstrap
2023-12-19,72.19999695,72.19999695,70.40000153,70.69999695,534395,0,1,67.37038462,yahoo_bootstrap
2023-12-20,71.09999847,71.90000153,70.80000305,71.19999695,390591,0,1,67.84683715,yahoo_bootstrap
2023-12-21,70.59999847,71.30000305,70.40000153,70.80000305,427900,0,1,67.46568094,yahoo_bootstrap
2023-12-22,70.80000305,70.80000305,70.09999847,70.09999847,351222,0,1,66.79864303,yahoo_bootstrap
2023-12-25,70.5,70.5,69.5,70,248945,0,1,66.70335398,yahoo_bootstrap
2023-12-26,70,70.69999695,70,70.5,254939,0,1,67.17980651,yahoo_bootstrap
2023-12-27,70.59999847,71,70.19999695,70.30000305,301475,0,1,66.98922841,yahoo_bootstrap
2023-12-28,70.80000305,71,70,70.09999847,338611,0,1,66.79864303,yahoo_bootstrap
2023-12-29,69.90000153,70.5,69,70.5,369592,0,1,67.17980651,yahoo_bootstrap
2024-01-02,70.40000153,70.5,69.5,69.5,244900,0,1,66.22690146,yahoo_bootstrap
2024-01-03,69.5,69.5,68.80000305,68.90000153,297787,0,1,65.65515988,yahoo_bootstrap
2024-01-04,68.59999847,69.19999695,67.59999847,67.59999847,469360,0,1,64.41638039,yahoo_bootstrap
2024-01-05,67.80000305,68.19999695,67.59999847,67.80000305,188838,0,1,64.60696577,yahoo_bootstrap
2024-01-08,68,68.30000305,66.90000153,66.90000153,228872,0,1,63.74934977,yahoo_bootstrap
2024-01-09,67.09999847,67.30000305,66,66,271109,0,1,62.89173376,yahoo_bootstrap
2024-01-10,66.59999847,66.59999847,65.40000153,65.40000153,213535,0,1,62.31999218,yahoo_bootstrap
2024-01-11,65,65.5,64.80000305,65.09999847,341315,0,1,62.03411775,yahoo_bootstrap
2024-01-12,65.69999695,65.69999695,64.5,64.5,370185,0,1,61.46237617,yahoo_bootstrap
2024-01-15,65.5,66.30000305,64.90000153,65.5,286136,0,1,62.41528123,yahoo_bootstrap
2024-01-16,65.30000305,65.30000305,64,64.09999847,369245,0,1,61.08121269,yahoo_bootstrap
2024-01-17,66,69.30000305,64.5,64.5,1872070,0,1,61.46237617,yahoo_bootstrap
2024-01-18,65,65.59999847,64.19999695,64.80000305,348237,0,1,61.74825059,yahoo_bootstrap
2024-01-19,65.19999695,65.19999695,63.70000076,64.19999695,523107,0,1,61.17650175,yahoo_bootstrap
2024-01-22,64.59999847,65.30000305,64.19999695,65.09999847,400843,0,1,62.03411775,yahoo_bootstrap
2024-01-23,65.80000305,66.09999847,65.40000153,65.69999695,236357,0,1,62.60585933,yahoo_bootstrap
2024-01-24,65.69999695,66.30000305,65.59999847,65.69999695,218964,0,1,62.60585933,yahoo_bootstrap
2024-01-25,66.09999847,66.09999847,64.80000305,64.80000305,214152,0,1,61.74825059,yahoo_bootstrap
2024-01-26,64.80000305,65.30000305,64.40000153,64.40000153,169408,0,1,61.36708712,yahoo_bootstrap
2024-01-29,64.19999695,64.90000153,64.19999695,64.90000153,140758,0,1,61.84353965,yahoo_bootstrap
2024-01-30,65.09999847,65.09999847,64.09999847,64.19999695,220000,0,1,61.17650175,yahoo_bootstrap
2024-01-31,64,64.80000305,64,64,123700,0,1,60.98592364,yahoo_bootstrap
2024-02-01,64,64.19999695,63.70000076,63.79999924,220253,0,1,60.79534191,yahoo_bootstrap
2024-02-02,63.79999924,64.5,63.79999924,63.79999924,266866,0,1,60.79534191,yahoo_bootstrap
2024-02-05,63.70000076,63.70000076,62.40000153,62.59999847,398255,0,1,59.65185511,yahoo_bootstrap
2024-02-15,62.79999924,64.69999695,62.79999924,64.30000305,601995,0,1,61.27179807,yahoo_bootstrap
2024-02-16,64.19999695,65.40000153,64.09999847,65,370465,0,1,61.9388287,yahoo_bootstrap
2024-02-19,65,65.80000305,65,65.5,320540,0,1,62.41528123,yahoo_bootstrap
2024-02-20,65.80000305,65.80000305,64.59999847,64.59999847,295226,0,1,61.55766522,yahoo_bootstrap
2024-02-21,64.90000153,65.09999847,64.59999847,64.90000153,193693,0,1,61.84353965,yahoo_bootstrap
2024-02-22,65.09999847,65.5,64.59999847,64.80000305,320435,0,1,61.74825059,yahoo_bootstrap
2024-02-23,65,65.09999847,63.90000153,63.90000153,335991,0,1,60.89063459,yahoo_bootstrap
2024-02-26,64,64.5,64,64.19999695,161712,0,1,61.17650175,yahoo_bootstrap
2024-02-27,65.09999847,65.30000305,63.40000153,63.5,388113,0,1,60.50947111,yahoo_bootstrap
2024-02-29,64.80000305,66.80000305,64.19999695,66.80000305,1291562,0,1,63.65406071,yahoo_bootstrap
2024-03-01,67.5,67.59999847,65.59999847,65.90000153,822713,0,1,62.79644471,yahoo_bootstrap
2024-03-04,66.69999695,66.69999695,65,65.40000153,385685,0,1,62.31999218,yahoo_bootstrap
2024-03-05,65.59999847,65.80000305,64.80000305,64.80000305,344998,0,1,61.74825059,yahoo_bootstrap
2024-03-06,64.80000305,65.90000153,64.69999695,64.90000153,403939,0,1,61.84353965,yahoo_bootstrap
2024-03-07,65.19999695,65.30000305,63.59999847,63.70000076,567034,0,1,60.70005285,yahoo_bootstrap
2024-03-08,64.5,64.5,62.79999924,62.90000153,445142,0,1,59.93772954,yahoo_bootstrap
2024-03-11,62.90000153,63.29999924,62.79999924,62.79999924,271701,0,1,59.84243685,yahoo_bootstrap
2024-03-12,63.29999924,63.90000153,62.90000153,63.90000153,216610,0,1,60.89063459,yahoo_bootstrap
2024-03-13,63.70000076,64.30000305,61.79999924,61.79999924,691963,0,1,58.88953179,yahoo_bootstrap
2024-03-14,61.79999924,62.70000076,61,61.29999924,413361,0,1,58.41307926,yahoo_bootstrap
2024-03-15,61.90000153,61.90000153,60.29999924,60.40000153,492321,0,1,57.5554669,yahoo_bootstrap
2024-03-18,60.59999847,60.59999847,59.29999924,59.90000153,502676,0,1,57.07901437,yahoo_bootstrap
2024-03-19,59.90000153,60.29999924,59.40000153,59.70000076,274580,0,1,56.88843262,yahoo_bootstrap
2024-03-20,60,61,59.70000076,60.09999847,299403,0,1,57.26959246,yahoo_bootstrap
2024-03-21,60.5,60.5,59.40000153,59.59999847,376304,0,1,56.79313993,yahoo_bootstrap
2024-03-22,59.79999924,60.20000076,59.29999924,59.90000153,239033,0,1,57.07901437,yahoo_bootstrap
2024-03-25,60.40000153,61.20000076,60.09999847,60.59999847,246797,0,1,57.74604499,yahoo_bootstrap
2024-03-26,60.90000153,60.90000153,59.40000153,59.5,306783,0,1,56.69785089,yahoo_bootstrap
2024-03-27,59.5,59.79999924,59.29999924,59.70000076,127672,0,1,56.88843262,yahoo_bootstrap
2024-03-28,59.59999847,60.70000076,59.59999847,60,304951,0,1,57.17430341,yahoo_bootstrap
2024-03-29,60.90000153,61.40000153,60.20000076,60.40000153,248000,0,1,57.5554669,yahoo_bootstrap
2024-04-01,60.59999847,63.79999924,60.59999847,62.79999924,1727451,0,1,59.84243685,yahoo_bootstrap
2024-04-02,62.79999924,63,61.90000153,61.90000153,608554,0,1,58.98482448,yahoo_bootstrap
2024-04-03,61.79999924,62.5,61.5,61.70000076,320538,0,1,58.79424274,yahoo_bootstrap
2024-04-08,62.20000076,64.19999695,61.79999924,63.20000076,705445,0,1,60.22360032,yahoo_bootstrap
2024-04-09,63.5,64.90000153,63.20000076,64.19999695,983925,0,1,61.17650175,yahoo_bootstrap
2024-04-10,64.5,64.59999847,63.90000153,64,499922,0,1,60.98592364,yahoo_bootstrap
2024-04-11,64.09999847,65.30000305,63.79999924,64.5,581238,0,1,61.46237617,yahoo_bootstrap
2024-04-12,64.90000153,65.19999695,64.40000153,64.59999847,422278,0,1,61.55766522,yahoo_bootstrap
2024-04-15,64.40000153,64.59999847,63.5,63.5,441544,0,1,60.50947111,yahoo_bootstrap
2024-04-16,63.40000153,63.40000153,61.40000153,61.40000153,477471,0,1,58.50837195,yahoo_bootstrap
2024-04-17,61.90000153,63.70000076,61.90000153,63.5,451432,0,1,60.50947111,yahoo_bootstrap
2024-04-18,63.59999847,64.09999847,63.40000153,63.79999924,237203,0,1,60.79534191,yahoo_bootstrap
2024-04-19,63.5,63.79999924,60.79999924,62,456237,0,1,59.08011353,yahoo_bootstrap
2024-04-22,62.90000153,63,61.59999847,61.59999847,237387,0,1,58.69895005,yahoo_bootstrap
2024-04-23,62.5,62.5,61.5,61.79999924,154200,0,1,58.88953179,yahoo_bootstrap
2024-04-24,62.20000076,62.90000153,62,62.90000153,280400,0,1,59.93772954,yahoo_bootstrap
2024-04-25,62.79999924,62.79999924,61.70000076,61.79999924,430776,0,1,58.88953179,yahoo_bootstrap
2024-04-26,62.70000076,63,61.90000153,62.59999847,328820,0,1,59.65185511,yahoo_bootstrap
2024-04-29,63.29999924,64.59999847,63.20000076,63.90000153,464089,0,1,60.89063459,yahoo_bootstrap
2024-04-30,63.59999847,64.30000305,63.20000076,63.29999924,209464,0,1,60.31888938,yahoo_bootstrap
2024-05-02,62.59999847,63.59999847,62.59999847,63.29999924,196041,0,1,60.31888938,yahoo_bootstrap
2024-05-03,64.69999695,68.90000153,64.59999847,66.09999847,4970707,0,1,62.9870228,yahoo_bootstrap
2024-05-06,67,67.69999695,66,66.19999695,1305205,0,1,63.08231186,yahoo_bootstrap
2024-05-07,66.30000305,66.59999847,64.19999695,65.40000153,874769,0,1,62.31999218,yahoo_bootstrap
2024-05-08,66.30000305,66.69999695,65,65.19999695,367409,0,1,62.1294068,yahoo_bootstrap
2024-05-09,65.19999695,66,64.19999695,64.19999695,458875,0,1,61.17650175,yahoo_bootstrap
2024-05-10,64.80000305,64.90000153,63.79999924,64.59999847,371612,0,1,61.55766522,yahoo_bootstrap
2024-05-13,65.19999695,65.19999695,63.90000153,64.80000305,255537,0,1,61.74825059,yahoo_bootstrap
2024-05-14,64.69999695,65.09999847,64.40000153,64.90000153,244885,0,1,61.84353965,yahoo_bootstrap
2024-05-15,65.19999695,66.19999695,65,65.90000153,571069,0,1,62.79644471,yahoo_bootstrap
2024-05-16,66.40000153,66.80000305,65.59999847,65.80000305,407654,0,1,62.70115565,yahoo_bootstrap
2024-05-17,66,66.09999847,65.40000153,65.59999847,245070,0,1,62.51057028,yahoo_bootstrap
2024-05-20,66.30000305,66.69999695,66.09999847,66.19999695,578771,0,1,63.08231186,yahoo_bootstrap
2024-05-21,66.30000305,66.59999847,65.30000305,65.80000305,257805,0,1,62.70115565,yahoo_bootstrap
2024-05-22,65.69999695,66.30000305,65.69999695,66.19999695,358502,0,1,63.08231186,yahoo_bootstrap
2024-05-23,66,66.59999847,65.19999695,65.40000153,415893,0,1,62.31999218,yahoo_bootstrap
2024-05-24,64.69999695,68.40000153,64.59999847,67.80000305,2114158,0,1,64.60696577,yahoo_bootstrap
2024-05-27,69.5,71.30000305,67.80000305,69.80000305,2606762,0,1,66.51277588,yahoo_bootstrap
2024-05-28,69.69999695,70.30000305,69,69.19999695,898624,0,1,65.94102703,yahoo_bootstrap
2024-05-29,70.19999695,72,69.30000305,70.69999695,2346096,0,1,67.37038462,yahoo_bootstrap
2024-05-30,70,70.19999695,68,68.09999847,1148503,0,1,64.89283292,yahoo_bootstrap
2024-05-31,69.59999847,74.90000153,69.59999847,70.09999847,6480092,0,1,66.79864303,yahoo_bootstrap
2024-06-03,71.80000305,71.80000305,70.30000305,70.90000153,1469627,0,1,67.56096999,yahoo_bootstrap
2024-06-04,71.5,71.69999695,70.5,70.90000153,963058,0,1,67.56096999,yahoo_bootstrap
2024-06-05,71.19999695,71.30000305,70.30000305,71,644336,0,1,67.65625904,yahoo_bootstrap
2024-06-06,71.59999847,72.5,69.09999847,69.09999847,1562299,0,1,65.84573797,yahoo_bootstrap
2024-06-07,69.5,72,69.5,71.09999847,1306511,0,1,67.75154809,yahoo_bootstrap
2024-06-11,71.30000305,71.30000305,68.30000305,69,1092518,0,1,65.75044893,yahoo_bootstrap
2024-06-12,69,69.40000153,68.09999847,69.30000305,498390,0,1,66.03632335,yahoo_bootstrap
2024-06-13,69.80000305,70.90000153,69.80000305,70.69999695,639855,0,1,67.37038462,yahoo_bootstrap
2024-06-14,71.09999847,73.30000305,71.09999847,72,1551742,0,1,68.6091641,yahoo_bootstrap
2024-06-17,71.80000305,72.5,71.40000153,72,648060,0,1,68.6091641,yahoo_bootstrap
2024-06-18,72.40000153,72.5,71,71.19999695,525048,0,1,67.84683715,yahoo_bootstrap
2024-06-19,71.80000305,71.80000305,70,70,577935,0,1,66.70335398,yahoo_bootstrap
2024-06-20,70.09999847,71,70,70.5,317839,0,1,67.17980651,yahoo_bootstrap
2024-06-21,71.30000305,74.09999847,71.30000305,74.09999847,3643773,0,1,70.61026326,yahoo_bootstrap
2024-06-24,73.80000305,74.69999695,72.5,72.5,1894319,0,1,69.08561663,yahoo_bootstrap
2024-06-25,73.80000305,73.80000305,70.59999847,71.5,781285,0,1,68.13271157,yahoo_bootstrap
2024-06-26,71.69999695,72.30000305,70.80000305,72.09999847,547408,0,1,68.70445315,yahoo_bootstrap
2024-06-27,71.5,71.5,70.09999847,70.09999847,696668,0,1,66.79864303,yahoo_bootstrap
2024-06-28,70.19999695,71.09999847,70.09999847,70.5,384071,0,1,67.17980651,yahoo_bootstrap
2024-07-01,70.5,70.5,68.69999695,68.90000153,796368,0,1,65.65515988,yahoo_bootstrap
2024-07-02,69,69,68.40000153,68.5,378438,0,1,65.2739964,yahoo_bootstrap
2024-07-03,69.40000153,70.40000153,68.80000305,70.19999695,411632,0,1,66.89393209,yahoo_bootstrap
2024-07-04,70.5,70.69999695,69.80000305,70.19999695,293958,0,1,66.89393209,yahoo_bootstrap
2024-07-05,71.30000305,74.40000153,71.30000305,73.30000305,2489531,0,1,69.84794358,yahoo_bootstrap
2024-07-08,73.80000305,73.80000305,72.09999847,72.30000305,739877,0,1,68.89503852,yahoo_bootstrap
2024-07-09,72.5,73.09999847,70.30000305,71.30000305,732799,0,1,67.94213346,yahoo_bootstrap
2024-07-10,71.69999695,72.30000305,71.59999847,71.69999695,503904,0,1,68.32328967,yahoo_bootstrap
2024-07-11,72.09999847,75.59999847,71.19999695,74.40000153,2718326,0,1,70.89613769,yahoo_bootstrap
2024-07-12,73.09999847,74.69999695,72.80000305,72.80000305,1286899,0,1,69.37149105,yahoo_bootstrap
2024-07-15,73,73.30000305,71.5,72.30000305,633578,0,1,68.89503852,yahoo_bootstrap
2024-07-16,73.80000305,77.59999847,72.5,74.09999847,4186545,0,1,70.61026326,yahoo_bootstrap
2024-07-17,75,76.19999695,74.40000153,74.5,1630608,0,1,70.99142674,yahoo_bootstrap
2024-07-18,73.30000305,74.40000153,71.30000305,73,836094,0,1,69.56206915,yahoo_bootstrap
2024-07-19,73.19999695,73.19999695,70.5,70.5,861291,0,1,67.17980651,yahoo_bootstrap
2024-07-22,70.5,70.5,68.30000305,68.69999695,644585,0,1,65.4645745,yahoo_bootstrap
2024-07-23,69.59999847,69.80000305,68.69999695,68.69999695,404800,0,1,65.4645745,yahoo_bootstrap
2024-07-26,67.80000305,68.09999847,67.09999847,67.59999847,500600,0,1,64.41638039,yahoo_bootstrap
2024-07-29,68.59999847,68.59999847,66,66,509839,0,1,62.89173376,yahoo_bootstrap
2024-07-30,66,66.80000305,64.69999695,66.59999847,407008,0,1,63.46347533,yahoo_bootstrap
2024-07-31,67.40000153,70.5,67.40000153,68.19999695,1771944,0,1,64.98812198,yahoo_bootstrap
2024-08-01,68.90000153,70,68.59999847,69.69999695,582560,0,1,66.41747956,yahoo_bootstrap
2024-08-02,68,69.19999695,67.69999695,67.90000153,467623,0,1,64.70225482,yahoo_bootstrap
2024-08-05,66.80000305,66.80000305,61.20000076,61.20000076,1159069,0,1,58.31779021,yahoo_bootstrap
2024-08-06,61.40000153,62.40000153,55.20000076,58.70000076,921553,0.8,1,56.67639547,yahoo_bootstrap
2024-08-07,59.5,62.70000076,59.40000153,62.5,452115,0,1,60.34539474,yahoo_bootstrap
2024-08-08,60.09999847,61.90000153,60.09999847,61.20000076,349097,0,1,59.09021126,yahoo_bootstrap
2024-08-09,62.5,63.40000153,61.5,61.5,416619,0,1,59.37986842,yahoo_bootstrap
2024-08-12,61.59999847,62.90000153,61.59999847,61.70000076,275600,0,1,59.57297442,yahoo_bootstrap
2024-08-13,62.40000153,62.5,61.20000076,62.09999847,218076,0,1,59.95918273,yahoo_bootstrap
2024-08-14,64.30000305,64.40000153,63.20000076,63.5,567600,0,1,61.31092105,yahoo_bootstrap
2024-08-15,63.90000153,65.69999695,63.59999847,65.40000153,565060,0,1,63.14542253,yahoo_bootstrap
2024-08-16,67,67.69999695,66.40000153,67.09999847,519561,0,1,64.78681431,yahoo_bootstrap
2024-08-19,67.80000305,68.30000305,66.80000305,68.09999847,379399,0,1,65.75234063,yahoo_bootstrap
2024-08-20,68.30000305,68.30000305,67.5,67.5,275881,0,1,65.17302632,yahoo_bootstrap
2024-08-21,67.19999695,68.30000305,66.80000305,67.80000305,289806,0,1,65.46268716,yahoo_bootstrap
2024-08-22,68.19999695,68.19999695,67.30000305,67.30000305,122576,0,1,64.979924,yahoo_bootstrap
2024-08-23,67.5,68,66.59999847,68,227237,0,1,65.65578947,yahoo_bootstrap
2024-08-26,68,68.80000305,67.69999695,67.80000305,248349,0,1,65.46268716,yahoo_bootstrap
2024-08-27,67.80000305,68.40000153,67.5,68.30000305,144316,0,1,65.94545031,yahoo_bootstrap
2024-08-28,67.80000305,68.09999847,67.69999695,67.80000305,125541,0,1,65.46268716,yahoo_bootstrap
2024-08-29,67.5,68.30000305,67.19999695,68.09999847,191749,0,1,65.75234063,yahoo_bootstrap
2024-08-30,69,70.80000305,68.90000153,69.59999847,540801,0,1,67.2006301,yahoo_bootstrap
2024-09-02,70.5,71.40000153,70,70.40000153,801504,0,1,67.97305411,yahoo_bootstrap
2024-09-03,72,72,69.09999847,69.19999695,348902,0,1,66.81441811,yahoo_bootstrap
2024-09-04,66.09999847,66.59999847,64.5,65.40000153,622862,0,1,63.14542253,yahoo_bootstrap
2024-09-05,67.19999695,67.19999695,65.59999847,65.90000153,300985,0,1,63.62818569,yahoo_bootstrap
2024-09-06,66.59999847,66.90000153,66,66.80000305,188401,0,1,64.49716084,yahoo_bootstrap
2024-09-09,64.59999847,65.69999695,64.59999847,65.59999847,194812,0,1,63.33852484,yahoo_bootstrap
2024-09-10,65.69999695,66.19999695,63.40000153,63.79999924,263614,0,1,61.60057821,yahoo_bootstrap
2024-09-11,63.79999924,64,63.20000076,63.59999847,115400,0,1,61.40747221,yahoo_bootstrap
2024-09-12,64.90000153,65.19999695,64.09999847,64.69999695,133932,0,1,62.46954969,yahoo_bootstrap
2024-09-13,64.90000153,65.09999847,64.19999695,64.90000153,155049,0,1,62.66265937,yahoo_bootstrap
2024-09-16,65,66.19999695,65,66,109209,0,1,63.72473684,yahoo_bootstrap
2024-09-18,66,66.09999847,65.30000305,65.30000305,167041,0,1,63.04887137,yahoo_bootstrap
2024-09-19,65.30000305,66.59999847,65.30000305,66.5,124127,0,1,64.2075,yahoo_bootstrap
2024-09-20,67,67.40000153,65.90000153,66.30000305,266703,0,1,64.01439768,yahoo_bootstrap
2024-09-23,66.80000305,67.40000153,66.40000153,66.80000305,155465,0,1,64.49716084,yahoo_bootstrap
2024-09-24,67,67.19999695,66.19999695,67.19999695,150092,0,1,64.88336548,yahoo_bootstrap
2024-09-25,67.40000153,68.09999847,66.90000153,67.19999695,280305,0,1,64.88336548,yahoo_bootstrap
2024-09-26,68.5,69.30000305,67.30000305,67.5,286280,0,1,65.17302632,yahoo_bootstrap
2024-09-27,68.30000305,68.30000305,67.40000153,67.5,148199,0,1,65.17302632,yahoo_bootstrap
2024-09-30,67,68,66.5,67,128299,0,1,64.69026316,yahoo_bootstrap
2024-10-01,66.80000305,67,66.09999847,67,154284,0,1,64.69026316,yahoo_bootstrap
2024-10-04,67.40000153,67.40000153,65.80000305,65.90000153,208597,0,1,63.62818569,yahoo_bootstrap
2024-10-07,66,66.59999847,66,66.59999847,161522,0,1,64.30405115,yahoo_bootstrap
2024-10-08,66.19999695,66.30000305,65.59999847,65.59999847,162000,0,1,63.33852484,yahoo_bootstrap
2024-10-09,65.69999695,66.19999695,65.59999847,65.90000153,148171,0,1,63.62818569,yahoo_bootstrap
2024-10-11,66,66.19999695,65.69999695,65.80000305,192506,0,1,63.53163452,yahoo_bootstrap
2024-10-14,66,67,65.69999695,66.69999695,210717,0,1,64.40060232,yahoo_bootstrap
2024-10-15,67,67.80000305,66.90000153,67.19999695,290498,0,1,64.88336548,yahoo_bootstrap
2024-10-16,67.19999695,67.5,66.90000153,67.30000305,166806,0,1,64.979924,yahoo_bootstrap
2024-10-17,67.40000153,68.19999695,67.40000153,67.90000153,215357,0,1,65.55923832,yahoo_bootstrap
2024-10-18,68.5,68.5,67.30000305,67.30000305,172360,0,1,64.979924,yahoo_bootstrap
2024-10-21,68,68,67.30000305,67.80000305,185839,0,1,65.46268716,yahoo_bootstrap
2024-10-22,68,68.19999695,67.59999847,67.69999695,250560,0,1,65.36612863,yahoo_bootstrap
2024-10-23,68.09999847,68.30000305,67.80000305,67.90000153,233429,0,1,65.55923832,yahoo_bootstrap
2024-10-24,68.30000305,68.80000305,67.5,68,317190,0,1,65.65578947,yahoo_bootstrap
2024-10-25,68.40000153,68.40000153,67.59999847,68.09999847,188856,0,1,65.75234063,yahoo_bootstrap
2024-10-28,68.30000305,68.5,66.80000305,67.19999695,192201,0,1,64.88336548,yahoo_bootstrap
2024-10-29,67.59999847,67.59999847,65.69999695,65.90000153,247165,0,1,63.62818569,yahoo_bootstrap
2024-10-30,66.69999695,66.69999695,64.19999695,64.30000305,314854,0,1,62.08334505,yahoo_bootstrap
2024-11-01,63.20000076,63.90000153,62.90000153,63.90000153,311651,0,1,61.69713306,yahoo_bootstrap
2024-11-04,63.79999924,64.19999695,63.20000076,63.79999924,130025,0,1,61.60057821,yahoo_bootstrap
2024-11-05,63.59999847,64.5,63.40000153,64,141468,0,1,61.79368421,yahoo_bootstrap
2024-11-06,64.40000153,64.59999847,64,64.59999847,87893,0,1,62.37299852,yahoo_bootstrap
2024-11-07,64.59999847,67.09999847,64.59999847,66.69999695,256949,0,1,64.40060232,yahoo_bootstrap
2024-11-08,67,67,66,66.09999847,159407,0,1,63.821288,yahoo_bootstrap
2024-11-11,66,66.40000153,65.69999695,66.30000305,99739,0,1,64.01439768,yahoo_bootstrap
2024-11-12,65,65.80000305,65,65.19999695,226204,0,1,62.95231284,yahoo_bootstrap
2024-11-13,64.80000305,66,64.19999695,64.40000153,174723,0,1,62.17989621,yahoo_bootstrap
2024-11-14,64.30000305,64.40000153,63,63,337644,0,1,60.82815789,yahoo_bootstrap
2024-11-15,63,63.90000153,62.5,62.5,216659,0,1,60.34539474,yahoo_bootstrap
2024-11-18,63,63,62,62.40000153,146115,0,1,60.24884358,yahoo_bootstrap
2024-11-19,62.40000153,62.70000076,62.09999847,62.40000153,125857,0,1,60.24884358,yahoo_bootstrap
2024-11-20,61.59999847,61.59999847,61.59999847,61.59999847,188444,0,1,59.47641958,yahoo_bootstrap
2024-11-21,61.59999847,62.5,61.40000153,62,117942,0,1,59.86263158,yahoo_bootstrap
2024-11-22,62,63.09999847,62,62.70000076,160521,0,1,60.53850073,yahoo_bootstrap
2024-11-25,63.59999847,64.80000305,62.79999924,64.19999695,247285,0,1,61.98678653,yahoo_bootstrap
2024-11-26,64.59999847,64.59999847,63.59999847,63.70000076,91478,0,1,61.50402705,yahoo_bootstrap
2024-11-27,63.79999924,63.79999924,62,62,153311,0,1,59.86263158,yahoo_bootstrap
2024-11-28,62.90000153,63.59999847,61,63.40000153,335377,0,1,61.2143699,yahoo_bootstrap
2024-11-29,63.20000076,69.19999695,62.59999847,68.30000305,2872571,0,1,65.94545031,yahoo_bootstrap
2024-12-02,70.80000305,74.80000305,70.80000305,73.80000305,8458202,0,1,71.25584505,yahoo_bootstrap
2024-12-03,74.19999695,78.5,73.80000305,75.5,13112695,0,1,72.89723684,yahoo_bootstrap
2024-12-04,75,83,74.90000153,83,16547821,0,1,80.13868421,yahoo_bootstrap
2024-12-05,85.40000153,90.09999847,81.59999847,82.40000153,37683536,0,1,79.5593699,yahoo_bootstrap
2024-12-06,82.40000153,83.59999847,79.19999695,79.30000305,10657191,0,1,76.56623979,yahoo_bootstrap
2024-12-09,80,80,73,74.40000153,7599213,0,1,71.83515937,yahoo_bootstrap
2024-12-10,73.90000153,75.90000153,71.40000153,71.90000153,4692474,0,1,69.42134358,yahoo_bootstrap
2024-12-11,72,73.19999695,71.09999847,71.5,2494743,0,1,69.03513158,yahoo_bootstrap
2024-12-12,71.90000153,72.40000153,69.30000305,69.5,2749881,0,1,67.10407895,yahoo_bootstrap
2024-12-13,69.5,70.5,68,68.80000305,2848497,0,1,66.42821347,yahoo_bootstrap
2024-12-16,68.80000305,69,65.19999695,65.30000305,2448668,0,1,63.04887137,yahoo_bootstrap
2024-12-17,65.59999847,69.40000153,65.5,69,2747602,0,1,66.62131579,yahoo_bootstrap
2024-12-18,67.69999695,71.5,67.19999695,69,3595100,0,1,66.62131579,yahoo_bootstrap
2024-12-19,67.69999695,70,67.59999847,68.5,1181056,0,1,66.13855263,yahoo_bootstrap
2024-12-20,68.69999695,69.30000305,67.30000305,67.40000153,1289001,0,1,65.07647516,yahoo_bootstrap
2024-12-23,67.59999847,68.90000153,67.59999847,67.80000305,619498,0,1,65.46268716,yahoo_bootstrap
2024-12-24,68.5,69.19999695,66.69999695,67,1168601,0,1,64.69026316,yahoo_bootstrap
2024-12-25,67.59999847,70.19999695,67.30000305,69.5,2006355,0,1,67.10407895,yahoo_bootstrap
2024-12-26,70.5,71.40000153,69,70.40000153,2957230,0,1,67.97305411,yahoo_bootstrap
2024-12-27,70.80000305,70.90000153,69,69.19999695,1261564,0,1,66.81441811,yahoo_bootstrap
2024-12-30,69.30000305,70.40000153,68.09999847,68.30000305,603730,0,1,65.94545031,yahoo_bootstrap
2024-12-31,67.69999695,69,67.19999695,69,752142,0,1,66.62131579,yahoo_bootstrap
2025-01-02,68.69999695,68.90000153,67.40000153,67.40000153,713178,0,1,65.07647516,yahoo_bootstrap
2025-01-03,68,69.59999847,67,67,1300375,0,1,64.69026316,yahoo_bootstrap
2025-01-06,67.5,68.5,66.30000305,67.80000305,935641,0,1,65.46268716,yahoo_bootstrap
2025-01-07,68.5,68.5,67.19999695,67.40000153,586232,0,1,65.07647516,yahoo_bootstrap
2025-01-08,67.40000153,68.30000305,67.30000305,67.40000153,510664,0,1,65.07647516,yahoo_bootstrap
2025-01-09,67.59999847,68.19999695,63.40000153,63.40000153,1514211,0,1,61.2143699,yahoo_bootstrap
2025-01-10,63.5,63.79999924,62.5,62.79999924,706631,0,1,60.6350519,yahoo_bootstrap
2025-01-13,62.79999924,62.79999924,60.29999924,60.59999847,805184,0,1,58.51089326,yahoo_bootstrap
2025-01-14,61.29999924,61.79999924,60.59999847,61.5,397691,0,1,59.37986842,yahoo_bootstrap
2025-01-15,62.40000153,62.5,61.59999847,61.79999924,453229,0,1,59.66952558,yahoo_bootstrap
2025-01-16,63,63,62,62,517608,0,1,59.86263158,yahoo_bootstrap
2025-01-17,62.20000076,63.70000076,62,62.79999924,629406,0,1,60.6350519,yahoo_bootstrap
2025-01-20,63.29999924,65.59999847,62.79999924,64.19999695,879800,0,1,61.98678653,yahoo_bootstrap
2025-01-21,65.69999695,69.80000305,65.5,68,7869251,0,1,65.65578947,yahoo_bootstrap
2025-01-22,69,71,66.80000305,68.30000305,9160009,0,1,65.94545031,yahoo_bootstrap
2025-02-03,65.90000153,66.5,63.40000153,65.69999695,1110310,0,1,63.435076,yahoo_bootstrap
2025-02-04,65.5,68.5,65.30000305,66,1389710,0,1,63.72473684,yahoo_bootstrap
2025-02-05,66.59999847,71,66.30000305,70.09999847,3900381,0,1,67.68339326,yahoo_bootstrap
2025-02-06,71.19999695,71.5,69,69,3209176,0,1,66.62131579,yahoo_bootstrap
2025-02-07,69.59999847,71,69.40000153,70.59999847,1858909,0,1,68.16615642,yahoo_bootstrap
2025-02-10,69.09999847,70.19999695,69,69.09999847,908167,0,1,66.71786694,yahoo_bootstrap
2025-02-11,69.19999695,70.19999695,68.69999695,69.09999847,1107432,0,1,66.71786694,yahoo_bootstrap
2025-02-12,69.80000305,70.5,68.09999847,68.5,1189037,0,1,66.13855263,yahoo_bootstrap
2025-02-13,69.09999847,71,68.90000153,69.90000153,1962573,0,1,67.49029095,yahoo_bootstrap
2025-02-14,70.80000305,70.90000153,69,69.19999695,1592983,0,1,66.81441811,yahoo_bootstrap
2025-02-17,69.40000153,70.09999847,68.5,68.69999695,748979,0,1,66.33165495,yahoo_bootstrap
2025-02-18,68.80000305,69.09999847,68.19999695,68.40000153,585098,0,1,66.04200148,yahoo_bootstrap
2025-02-19,68.5,69,68,68,593973,0,1,65.65578947,yahoo_bootstrap
2025-02-20,68.40000153,69.30000305,68,68.30000305,705906,0,1,65.94545031,yahoo_bootstrap
2025-02-21,68.5,69.40000153,68.19999695,69.40000153,606032,0,1,67.00752779,yahoo_bootstrap
2025-02-24,69.19999695,70,68.69999695,69.30000305,600684,0,1,66.91097663,yahoo_bootstrap
2025-02-25,69.30000305,69.30000305,68.09999847,68.09999847,863241,0,1,65.75234063,yahoo_bootstrap
2025-02-26,67.69999695,68.09999847,66.80000305,67.5,774200,0,1,65.17302632,yahoo_bootstrap
2025-02-27,68.09999847,68.09999847,66,66.19999695,696962,0,1,63.91783916,yahoo_bootstrap
2025-03-03,65.80000305,65.80000305,64.19999695,64.30000305,605692,0,1,62.08334505,yahoo_bootstrap
2025-03-04,63.40000153,65,62.29999924,64.5,526083,0,1,62.27644737,yahoo_bootstrap
2025-03-05,64.80000305,65.5,64.09999847,64.80000305,359198,0,1,62.56610821,yahoo_bootstrap
2025-03-06,65.30000305,65.30000305,63.79999924,64,341000,0,1,61.79368421,yahoo_bootstrap
2025-03-07,63.70000076,64.09999847,63,63.09999847,384460,0,1,60.92470905,yahoo_bootstrap
2025-03-10,63,63.90000153,62.59999847,63.29999924,326386,0,1,61.11781506,yahoo_bootstrap
2025-03-11,62.5,63.09999847,61,62.90000153,456228,0,1,60.73160674,yahoo_bootstrap
2025-03-12,63.29999924,64.69999695,62.90000153,64.09999847,318553,0,1,61.89023536,yahoo_bootstrap
2025-03-13,64.19999695,65,62.79999924,62.90000153,387498,0,1,60.73160674,yahoo_bootstrap
2025-03-14,63,63.29999924,62,63.29999924,316332,0,1,61.11781506,yahoo_bootstrap
2025-03-17,63.40000153,64.09999847,63.09999847,63.29999924,171610,0,1,61.11781506,yahoo_bootstrap
2025-03-18,64,68,64,67.59999847,2503147,0,1,65.26957747,yahoo_bootstrap
2025-03-19,67.90000153,69.30000305,65.90000153,65.90000153,2156856,0,1,63.62818569,yahoo_bootstrap
2025-03-20,67.40000153,68,66.59999847,67.40000153,1002370,0,1,65.07647516,yahoo_bootstrap
2025-03-21,67.5,67.80000305,66.19999695,66.19999695,482213,0,1,63.91783916,yahoo_bootstrap
2025-03-24,66.5,66.69999695,64.59999847,64.80000305,497404,0,1,62.56610821,yahoo_bootstrap
2025-03-25,65.5,67.19999695,64,64.19999695,621010,0,1,61.98678653,yahoo_bootstrap
2025-03-26,64.30000305,64.59999847,63.90000153,64.19999695,253598,0,1,61.98678653,yahoo_bootstrap
2025-03-27,63.70000076,63.79999924,62.5,63.20000076,386009,0,1,61.02126389,yahoo_bootstrap
2025-03-28,63,63,60.59999847,61.29999924,884363,0,1,59.18676242,yahoo_bootstrap
2025-03-31,60,60.20000076,57,57.5,1036399,0,1,55.51776316,yahoo_bootstrap
2025-04-01,57.70000076,58.90000153,57.5,58.20000076,377941,0,1,56.19363231,yahoo_bootstrap
2025-04-02,58.20000076,63.79999924,57.70000076,61.90000153,1013112,0,1,59.76608042,yahoo_bootstrap
2025-04-07,55.79999924,55.79999924,55.79999924,55.79999924,87005,0,1,53.87636769,yahoo_bootstrap
2025-04-08,50.29999924,51.20000076,50.29999924,50.29999924,1068655,0,1,48.56597295,yahoo_bootstrap
2025-04-09,45.5,47.34999847,45.29999924,45.29999924,1314505,0,1,43.73834137,yahoo_bootstrap
2025-04-10,49.79999924,49.79999924,49,49.79999924,876080,0,1,48.08320979,yahoo_bootstrap
2025-04-11,47.5,51.20000076,46,51,858797,0,1,49.24184211,yahoo_bootstrap
2025-04-14,51.20000076,53.79999924,50.5,52.20000076,736570,0,1,50.40047442,yahoo_bootstrap
2025-04-15,52.20000076,54.09999847,52.20000076,53.59999847,418924,0,1,51.75220905,yahoo_bootstrap
2025-04-16,53.09999847,53.09999847,51.90000153,52,308201,0,1,50.20736842,yahoo_bootstrap
2025-04-17,51.5,52.70000076,51.09999847,52.20000076,247734,0,1,50.40047442,yahoo_bootstrap
2025-04-18,54.59999847,56.5,52.29999924,52.79999924,1031050,0,1,50.97978874,yahoo_bootstrap
2025-04-21,53.20000076,53.20000076,50.29999924,50.5,307330,0,1,48.75907895,yahoo_bootstrap
2025-04-22,50.20000076,51.29999924,50.09999847,50.20000076,238300,0,1,48.46942179,yahoo_bootstrap
2025-04-23,51.20000076,52.40000153,51.20000076,52.20000076,291155,0,1,50.40047442,yahoo_bootstrap
2025-04-24,52.59999847,52.59999847,51.59999847,52,137200,0,1,50.20736842,yahoo_bootstrap
2025-04-25,52.90000153,53.79999924,52.59999847,52.90000153,448845,0,1,51.07634358,yahoo_bootstrap
2025-04-28,53,54.90000153,53,54.59999847,432120,0,1,52.71773536,yahoo_bootstrap
2025-04-29,55.79999924,58.20000076,55.5,57.79999924,2576135,0,1,55.80742032,yahoo_bootstrap
2025-04-30,57.29999924,57.90000153,56.20000076,56.40000153,813929,0,1,54.45568569,yahoo_bootstrap
2025-05-02,57.70000076,57.79999924,56.29999924,56.70000076,398390,0,1,54.74534284,yahoo_bootstrap
2025-05-05,56.90000153,57,52.79999924,54,629051,0,1,52.13842105,yahoo_bootstrap
2025-05-06,53.90000153,55,53.70000076,54.40000153,191112,0,1,52.52463306,yahoo_bootstrap
2025-05-07,54.5,55.59999847,54.40000153,55.20000076,297133,0,1,53.29705337,yahoo_bootstrap
2025-05-08,55.70000076,57.79999924,55.70000076,56.79999924,709996,0,1,54.841894,yahoo_bootstrap
2025-05-09,57.59999847,57.59999847,56.09999847,56.79999924,371735,0,1,54.841894,yahoo_bootstrap
2025-05-12,57.5,59.5,57.40000153,59.29999924,843765,0,1,57.25570979,yahoo_bootstrap
2025-05-13,61.29999924,61.79999924,59.59999847,59.59999847,1418388,0,1,57.54536694,yahoo_bootstrap
2025-05-14,60.59999847,62.90000153,59.79999924,61.90000153,1214792,0,1,59.76608042,yahoo_bootstrap
2025-05-15,62.20000076,62.70000076,61.40000153,61.5,1069200,0,1,59.37986842,yahoo_bootstrap
2025-05-16,61.79999924,62.40000153,61.70000076,62,581513,0,1,59.86263158,yahoo_bootstrap
2025-05-19,61.90000153,61.90000153,60.5,60.70000076,388973,0,1,58.6074481,yahoo_bootstrap
2025-05-20,61.5,61.70000076,60.09999847,60.29999924,211945,0,1,58.22123611,yahoo_bootstrap
2025-05-21,60.79999924,61.20000076,60.29999924,61.09999847,227244,0,1,58.99365642,yahoo_bootstrap
2025-05-22,60.79999924,60.90000153,60,60.70000076,210022,0,1,58.6074481,yahoo_bootstrap
2025-05-23,61.20000076,61.29999924,60.40000153,60.40000153,177100,0,1,58.31779095,yahoo_bootstrap
2025-05-26,60.90000153,60.90000153,60.20000076,60.59999847,172811,0,1,58.51089326,yahoo_bootstrap
2025-05-27,60.29999924,61.20000076,60.09999847,60.20000076,170058,0,1,58.12468494,yahoo_bootstrap
2025-05-28,60.90000153,61.70000076,59.90000153,60.20000076,262356,0,1,58.12468494,yahoo_bootstrap
2025-05-29,60.90000153,61.20000076,60.5,60.70000076,241026,0,1,58.6074481,yahoo_bootstrap
2025-06-02,60.09999847,60.20000076,58.40000153,58.40000153,320327,0,1,56.38673832,yahoo_bootstrap
2025-06-03,58.79999924,59.59999847,58.70000076,58.70000076,200053,0,1,56.67639547,yahoo_bootstrap
2025-06-04,59.29999924,61.09999847,59.29999924,60.70000076,568543,0,1,58.6074481,yahoo_bootstrap
2025-06-05,61.40000153,61.40000153,59.5,59.70000076,220241,0,1,57.64192179,yahoo_bootstrap
2025-06-06,59.70000076,59.70000076,58.79999924,59.09999847,180459,0,1,57.06260379,yahoo_bootstrap
2025-06-09,59.5,59.90000153,58.90000153,59.29999924,192869,0,1,57.25570979,yahoo_bootstrap
2025-06-10,59.09999847,59.29999924,57.90000153,58.20000076,628506,0,1,56.19363231,yahoo_bootstrap
2025-06-11,58.40000153,59.09999847,57.90000153,58.59999847,264261,0,1,56.57984063,yahoo_bootstrap
2025-06-12,58.20000076,58.79999924,58.20000076,58.40000153,158199,0,1,56.38673832,yahoo_bootstrap
2025-06-13,58.20000076,58.20000076,56.79999924,56.79999924,343051,0,1,54.841894,yahoo_bootstrap
2025-06-16,56.59999847,57.29999924,56.09999847,57,204110,0,1,55.035,yahoo_bootstrap
2025-06-17,57.20000076,58.70000076,57.20000076,57.5,339312,0,1,55.51776316,yahoo_bootstrap
2025-06-18,58,58.09999847,57.5,57.70000076,218289,0,1,55.71086915,yahoo_bootstrap
2025-06-19,57.79999924,57.90000153,56.09999847,56.20000076,293443,0,1,54.26257968,yahoo_bootstrap
2025-06-20,56.20000076,56.29999924,55,55.5,236610,0,1,53.58671053,yahoo_bootstrap
2025-06-23,54.5,55.09999847,53.5,54.79999924,196577,0,1,52.91084137,yahoo_bootstrap
2025-06-24,55.70000076,57.09999847,55.70000076,56.70000076,274320,0,1,54.74534284,yahoo_bootstrap
2025-06-25,56.70000076,57.40000153,56.5,56.59999847,125506,0,1,54.648788,yahoo_bootstrap
2025-06-26,56.90000153,57.20000076,56.5,56.79999924,169325,0,1,54.841894,yahoo_bootstrap
2025-06-27,56.59999847,58.09999847,56.59999847,57.29999924,305875,0,1,55.32465716,yahoo_bootstrap
2025-06-30,57.5,57.59999847,56.20000076,56.5,119709,0,1,54.55223684,yahoo_bootstrap
2025-07-01,57,57.40000153,56.59999847,56.59999847,133424,0,1,54.648788,yahoo_bootstrap
2025-07-02,56.59999847,57.40000153,56.29999924,57.09999847,118600,0,1,55.13155115,yahoo_bootstrap
2025-07-03,57.29999924,58.20000076,57.29999924,57.90000153,268723,0,1,55.90397516,yahoo_bootstrap
2025-07-04,58.20000076,58.29999924,56.5,56.59999847,224600,0,1,54.648788,yahoo_bootstrap
2025-07-07,57,57,55.29999924,55.70000076,127740,0,1,53.77981652,yahoo_bootstrap
2025-07-08,55.40000153,55.59999847,54.79999924,55.09999847,141600,0,1,53.20049852,yahoo_bootstrap
2025-07-09,55.09999847,56,55.09999847,55.5,207968,0,1,53.58671053,yahoo_bootstrap
2025-07-10,55.40000153,55.79999924,55.09999847,55.09999847,136015,0,1,53.20049852,yahoo_bootstrap
2025-07-11,55.20000076,56,55.20000076,55.90000153,119800,0,1,53.97292253,yahoo_bootstrap
2025-07-14,55.40000153,55.70000076,55.09999847,55.29999924,114768,0,1,53.39360453,yahoo_bootstrap
2025-07-15,55.29999924,56.20000076,55.29999924,56,132535,0,1,54.06947368,yahoo_bootstrap
2025-07-16,56.29999924,57.59999847,56.29999924,57.29999924,362651,0,1,55.32465716,yahoo_bootstrap
2025-07-17,57.59999847,58.09999847,57,57.90000153,300688,0,1,55.90397516,yahoo_bootstrap
2025-07-18,58.5,58.5,57.29999924,57.79999924,197311,0,1,55.80742032,yahoo_bootstrap
2025-07-21,57.90000153,58.40000153,57.5,57.59999847,156200,0,1,55.61431431,yahoo_bootstrap
2025-07-22,58.09999847,58.20000076,56.09999847,56.5,249892,0,1,54.55223684,yahoo_bootstrap
2025-07-23,57.29999924,58.40000153,57,58.29999924,315404,0,1,56.29018348,yahoo_bootstrap
2025-07-24,58.70000076,59.09999847,58,58.20000076,165595,0,1,56.19363231,yahoo_bootstrap
2025-07-25,58.5,58.79999924,58.20000076,58.59999847,192182,0,1,56.57984063,yahoo_bootstrap
2025-07-28,59.09999847,59.29999924,58.40000153,59,233665,0,1,56.96605263,yahoo_bootstrap
2025-07-29,59.20000076,59.70000076,58.5,59.09999847,375806,0,1,57.06260379,yahoo_bootstrap
2025-07-30,59.40000153,59.40000153,58.29999924,58.70000076,203533,0,1,56.67639547,yahoo_bootstrap
2025-07-31,58.70000076,58.70000076,57.59999847,57.70000076,275428,0,1,55.71086915,yahoo_bootstrap
2025-08-04,57.59999847,58.40000153,57,58.40000153,125214,0,1,56.38673832,yahoo_bootstrap
2025-08-05,58.40000153,60,58.40000153,60,909730,0,1,57.93157895,yahoo_bootstrap
2025-08-06,59,59.70000076,57.59999847,57.59999847,517820,1.5,1,57.04032237,yahoo_bootstrap
2025-08-07,58.29999924,58.29999924,56.90000153,57.29999924,222109,0,1,56.74323811,yahoo_bootstrap
2025-08-08,57.40000153,57.5,56.90000153,57.29999924,270537,0,1,56.74323811,yahoo_bootstrap
2025-08-11,56.90000153,56.90000153,55.70000076,56.29999924,374468,0,1,55.75295471,yahoo_bootstrap
2025-08-12,55.90000153,59,55.90000153,58.40000153,584238,0,1,57.83255212,yahoo_bootstrap
2025-08-13,58.5,60.70000076,58.5,58.90000153,921833,0,1,58.32769382,yahoo_bootstrap
2025-08-14,58.5,59,57.20000076,57.5,726878,0,1,56.94129555,yahoo_bootstrap
2025-08-15,58,58,57.09999847,57.90000153,277925,0,1,57.33741042,yahoo_bootstrap
2025-08-18,57.90000153,58.5,57.79999924,58.09999847,249400,0,1,57.53546407,yahoo_bootstrap
2025-08-19,58.09999847,58.09999847,57.20000076,57.29999924,249169,0,1,56.74323811,yahoo_bootstrap
2025-08-20,56.90000153,57,55.59999847,55.79999924,359398,0,1,55.25781301,yahoo_bootstrap
2025-08-21,56.70000076,58.29999924,56.29999924,58,381522,0,1,57.43643725,yahoo_bootstrap
2025-08-22,57.90000153,59.5,57.90000153,58.40000153,344027,0,1,57.83255212,yahoo_bootstrap
2025-08-25,59.5,61,59.29999924,59.70000076,754830,0,1,59.11991978,yahoo_bootstrap
2025-08-26,59.70000076,59.79999924,59.20000076,59.5,162718,0,1,58.92186235,yahoo_bootstrap
2025-08-27,59.70000076,60.40000153,59.70000076,60.09999847,485399,0,1,59.51603087,yahoo_bootstrap
2025-08-28,59.90000153,60.09999847,58.90000153,59.59999847,437225,0,1,59.02088917,yahoo_bootstrap
2025-08-29,59.59999847,59.79999924,58.79999924,59.5,281815,0,1,58.92186235,yahoo_bootstrap
2025-09-01,58.79999924,59.5,57.40000153,57.79999924,296950,0,1,57.23837981,yahoo_bootstrap
2025-09-02,57.59999847,58.20000076,56.40000153,57.09999847,313470,0,1,56.54518067,yahoo_bootstrap
2025-09-03,57.40000153,57.79999924,57.09999847,57.59999847,122734,0,1,57.04032237,yahoo_bootstrap
2025-09-04,57.29999924,58.29999924,57.29999924,57.90000153,165285,0,1,57.33741042,yahoo_bootstrap
2025-09-05,58,58.29999924,57.40000153,57.70000076,126708,0,1,57.13935298,yahoo_bootstrap
2025-09-08,57.70000076,59.40000153,57.70000076,58.09999847,210096,0,1,57.53546407,yahoo_bootstrap
2025-09-09,58.59999847,59.70000076,58.59999847,59,253680,0,1,58.42672065,yahoo_bootstrap
2025-09-10,59,59.20000076,58.20000076,59.09999847,235078,0,1,58.52574747,yahoo_bootstrap
2025-09-11,58.79999924,59.20000076,57.40000153,57.5,280292,0,1,56.94129555,yahoo_bootstrap
2025-09-12,57.70000076,63.20000076,57.70000076,63.20000076,2865185,0,1,62.58591168,yahoo_bootstrap
2025-09-15,63.5,64.09999847,59.40000153,60,4967671,0,1,59.41700405,yahoo_bootstrap
2025-09-16,59.5,61.09999847,59.5,60,833687,0,1,59.41700405,yahoo_bootstrap
2025-09-17,60.20000076,66,60.20000076,66,5233009,0,1,65.35870445,yahoo_bootstrap
2025-09-18,67.5,69.40000153,66.5,68.30000305,14741033,0,1,67.6363593,yahoo_bootstrap
2025-09-19,67.80000305,75.09999847,66.69999695,73.09999847,27080497,0,1,72.38971508,yahoo_bootstrap
2025-09-22,74.80000305,79.80000305,72.30000305,72.40000153,23183552,0,1,71.69651973,yahoo_bootstrap
2025-09-23,72.5,73,69.5,73,8551097,0,1,72.29068826,yahoo_bootstrap
2025-09-24,74,80.30000305,73.40000153,80.30000305,20937008,0,1,79.51976011,yahoo_bootstrap
2025-09-25,82.19999695,85,74.40000153,78.19999695,45100498,0,1,77.44015892,yahoo_bootstrap
2025-09-26,78.09999847,85,77.40000153,78.30000305,43088780,0,1,77.5391933,yahoo_bootstrap
2025-09-30,78.59999847,81.09999847,75.90000153,80.30000305,15298477,0,1,79.51976011,yahoo_bootstrap
2025-10-01,80,84.09999847,78.30000305,79.09999847,16382880,0,1,78.33141549,yahoo_bootstrap
2025-10-02,79.59999847,80.69999695,77.30000305,77.30000305,8377675,0,1,76.5489099,yahoo_bootstrap
2025-10-03,78.19999695,82.80000305,78.09999847,81.09999847,19949898,0,1,80.31198229,yahoo_bootstrap
2025-10-07,81.09999847,85,80.19999695,81.30000305,19087291,0,1,80.51004351,yahoo_bootstrap
2025-10-08,81.30000305,82.09999847,79.59999847,80.5,5988428,0,1,79.71781377,yahoo_bootstrap
2025-10-09,81.30000305,82.5,78.5,78.90000153,6027687,0,1,78.13336184,yahoo_bootstrap
2025-10-13,73,77.90000153,73,77.40000153,3868804,0,1,76.64793674,yahoo_bootstrap
2025-10-14,78.19999695,78.80000305,74.5,74.80000305,5024862,0,1,74.0732014,yahoo_bootstrap
2025-10-15,75.5,76,74.40000153,75,1702483,0,1,74.27125506,yahoo_bootstrap
2025-10-16,75.69999695,80.30000305,75.5,78.80000305,5641188,0,1,78.034335,yahoo_bootstrap
2025-10-17,78,86.59999847,78,86.59999847,28721670,0,1,85.75854099,yahoo_bootstrap
2025-10-20,88.90000153,95.19999695,88.09999847,95.19999695,53463111,0,1,94.27497674,yahoo_bootstrap
2025-10-21,99.40000153,103,94.90000153,95.69999695,66751888,0,1,94.77011844,yahoo_bootstrap
2025-10-22,94.59999847,101,94.40000153,97.59999847,29016563,0,1,96.6516584,yahoo_bootstrap
2025-10-23,97.09999847,106,96.69999695,98.59999847,51215471,0,1,97.6419418,yahoo_bootstrap
2025-10-27,103,105,100.5,103,29545727,0,1,101.99919028,yahoo_bootstrap
2025-10-28,102.5,102.5,98.40000153,99.80000305,12479990,0,1,98.83028642,yahoo_bootstrap
2025-10-29,101.5,103.5,95.69999695,97.30000305,14243769,0,1,96.35457792,yahoo_bootstrap
2025-10-30,97.30000305,99.80000305,94,96.40000153,11852599,0,1,95.46332135,yahoo_bootstrap
2025-10-31,96.40000153,97.80000305,93,93.80000305,6932800,0,1,92.88858602,yahoo_bootstrap
2025-11-03,95,96.80000305,92.69999695,94.69999695,9174298,0,1,93.77983504,yahoo_bootstrap
2025-11-04,95.59999847,95.69999695,89.59999847,89.59999847,5886692,0,1,88.7293912,yahoo_bootstrap
2025-11-05,87.30000305,88.80000305,85.40000153,87.30000305,4318105,0,1,86.45174391,yahoo_bootstrap
2025-11-06,88,89.5,86.5,88.59999847,5047126,0,1,87.7391078,yahoo_bootstrap
2025-11-07,87.59999847,87.59999847,84.59999847,85.30000305,2819860,0,1,84.47117711,yahoo_bootstrap
2025-11-10,84,86.5,81.40000153,82.40000153,4302620,0,1,81.59935374,yahoo_bootstrap
2025-11-11,83,90.5,83,87.19999695,8755160,0,1,86.35270953,yahoo_bootstrap
2025-11-12,86.59999847,91.90000153,85.59999847,88.80000305,10339652,0,1,87.93716901,yahoo_bootstrap
2025-11-13,89,97.59999847,88,97.59999847,22745669,0,1,96.6516584,yahoo_bootstrap
2025-11-14,96,103,95.30000305,98.30000305,46041383,0,1,97.34486132,yahoo_bootstrap
2025-11-17,99.09999847,101,94.09999847,96.59999847,18218654,0,1,95.661375,yahoo_bootstrap
2025-11-18,95.69999695,100.5,93.69999695,93.69999695,24274824,0,1,92.78955164,yahoo_bootstrap
2025-11-19,93.5,99.5,92.40000153,95.69999695,21847290,0,1,94.77011844,yahoo_bootstrap
2025-11-20,98.19999695,100.5,94.19999695,96.19999695,17544820,0,1,95.26526014,yahoo_bootstrap
2025-11-21,95.19999695,98,93,93.19999695,15032811,0,1,92.29440994,yahoo_bootstrap
2025-11-24,94,95.80000305,92.5,93.90000153,8120492,0,1,92.98761285,yahoo_bootstrap
2025-11-25,94.80000305,95.19999695,92.09999847,92.30000305,5846696,0,1,91.40316092,yahoo_bootstrap
2025-11-26,92.80000305,93.09999847,89.90000153,92.09999847,4768813,0,1,91.2050997,yahoo_bootstrap
2025-11-27,92.40000153,94.19999695,91.40000153,93.19999695,4424492,0,1,92.29440994,yahoo_bootstrap
2025-11-28,96,97.5,92,93.59999847,7384812,0,1,92.6905248,yahoo_bootstrap
2025-12-01,94.19999695,94.40000153,91.69999695,92.80000305,2655054,0,1,91.89830262,yahoo_bootstrap
2025-12-02,92.80000305,94.09999847,90.5,90.5,2620000,0,1,89.62064777,yahoo_bootstrap
2025-12-03,90.5,95.69999695,90.5,93.80000305,7686607,0,1,92.88858602,yahoo_bootstrap
2025-12-04,94.19999695,97.40000153,93.5,94,6534107,0,1,93.08663968,yahoo_bootstrap
2025-12-05,93.09999847,95.80000305,93.09999847,95.09999847,2850889,0,1,94.1759499,yahoo_bootstrap
2025-12-08,96.09999847,96.30000305,93.80000305,94.5,3360149,0,1,93.58178138,yahoo_bootstrap
2025-12-09,95,98,94.90000153,96.69999695,8934559,0,1,95.76040184,yahoo_bootstrap
2025-12-10,96.59999847,101,95.90000153,97.09999847,11994403,0,1,96.1565167,yahoo_bootstrap
2025-12-11,97.69999695,99,93.19999695,94.40000153,6326902,0,1,93.48275455,yahoo_bootstrap
2025-12-12,94.09999847,95.30000305,92.59999847,93.19999695,2408998,0,1,92.29440994,yahoo_bootstrap
2025-12-15,91.5,94.30000305,91.19999695,91.19999695,2308168,0,1,90.31384313,yahoo_bootstrap
2025-12-16,90.80000305,92,87.69999695,89.40000153,1917143,0,1,88.53133755,yahoo_bootstrap
2025-12-17,90.19999695,91.30000305,89.40000153,90.80000305,1287940,0,1,89.91773581,yahoo_bootstrap
2025-12-18,91,92.30000305,89.59999847,90.30000305,1402666,0,1,89.42259411,yahoo_bootstrap
2025-12-19,91.69999695,92.59999847,89.69999695,89.69999695,1351219,0,1,88.82841803,yahoo_bootstrap
2025-12-22,90.69999695,91.90000153,90.09999847,91.90000153,1218829,0,1,91.00704605,yahoo_bootstrap
2025-12-23,92.30000305,92.80000305,89.59999847,89.59999847,1812752,0,1,88.7293912,yahoo_bootstrap
2025-12-24,90.09999847,93.40000153,89.59999847,89.59999847,2865233,0,1,88.7293912,yahoo_bootstrap
2025-12-26,90.69999695,91,89.09999847,89.69999695,1113837,0,1,88.82841803,yahoo_bootstrap
2025-12-29,90.40000153,91.30000305,88.90000153,89.09999847,1153380,0,1,88.2342495,yahoo_bootstrap
2025-12-30,88.69999695,89.59999847,87,88,1675034,0,1,87.14493927,yahoo_bootstrap
2025-12-31,88.40000153,91.90000153,87.30000305,91,3321986,0,1,90.11578947,yahoo_bootstrap
2026-01-02,92,97.19999695,91.59999847,96.40000153,9476866,0,1,95.46332135,yahoo_bootstrap
2026-01-05,96.80000305,97.80000305,92.59999847,92.69999695,7432615,0,1,91.79926823,yahoo_bootstrap
2026-01-06,93.5,96.19999695,92.69999695,94.90000153,4680967,0,1,93.97789625,yahoo_bootstrap
2026-01-07,95.40000153,96.59999847,93,93.30000305,3565930,0,1,92.39344432,yahoo_bootstrap
2026-01-08,93.59999847,93.59999847,88,88.80000305,4238063,0,1,87.93716901,yahoo_bootstrap
2026-01-09,88.40000153,91.80000305,88,90.59999847,2992185,0,1,89.7196746,yahoo_bootstrap
2026-01-12,90.69999695,96.19999695,90.69999695,93.90000153,4415885,0,1,92.98761285,yahoo_bootstrap
2026-01-13,93.90000153,95.80000305,91.90000153,95.5,4980079,0,1,94.57206478,yahoo_bootstrap
2026-01-14,98.30000305,103,96.80000305,100,25896081,0,1,99.02834008,yahoo_bootstrap
2026-01-15,100,104.5,98,98.19999695,15107243,0,1,97.24582694,yahoo_bootstrap
2026-01-16,99,108,95.80000305,104.5,21533382,0,1,103.48461538,yahoo_bootstrap
2026-01-19,106.5,108,102.5,107,19917341,0,1,105.96032389,yahoo_bootstrap
2026-01-20,104.5,106,101.5,104,7978203,0,1,102.98947368,yahoo_bootstrap
2026-01-21,102,106,100.5,103,6201543,0,1,101.99919028,yahoo_bootstrap
2026-01-22,106.5,109.5,105,105.5,18360247,0,1,104.47489879,yahoo_bootstrap
2026-01-23,107.5,108.5,100.5,102,6999199,0,1,101.00890688,yahoo_bootstrap
2026-01-26,102,103,98.69999695,102,4042895,0,1,101.00890688,yahoo_bootstrap
2026-01-27,102,103,100,100,3518417,0,1,99.02834008,yahoo_bootstrap
2026-01-28,101,101.5,98.5,99,3032882,0,1,98.03805668,yahoo_bootstrap
2026-01-29,99.90000153,99.90000153,94.69999695,95,3547765,0,1,94.07692308,yahoo_bootstrap
2026-01-30,95,95.90000153,90.59999847,91,3898604,0,1,90.11578947,yahoo_bootstrap
2026-02-02,88.5,89,83.30000305,84.90000153,2946414,0,1,84.07506224,yahoo_bootstrap
2026-02-03,87,87.40000153,83.09999847,85.30000305,2027244,0,1,84.47117711,yahoo_bootstrap
2026-02-04,85.30000305,86.90000153,84.69999695,86.19999695,1591110,0,1,85.36242613,yahoo_bootstrap
2026-02-05,85.09999847,86.59999847,83.69999695,83.69999695,1427254,0,1,82.88671763,yahoo_bootstrap
2026-02-06,83,83.40000153,80.19999695,81.09999847,1392376,0,1,80.31198229,yahoo_bootstrap
2026-02-09,83.69999695,84.30000305,82,83,725250,0,1,82.19352227,yahoo_bootstrap
2026-02-10,85.80000305,86.59999847,83.69999695,84.59999847,1214647,0,1,83.77797419,yahoo_bootstrap
2026-02-11,84.59999847,85.5,83.59999847,85.30000305,889399,0,1,84.47117711,yahoo_bootstrap
2026-02-23,89.90000153,92.5,89.5,91.5,3181382,0,1,90.61093117,yahoo_bootstrap
2026-02-24,92,96.59999847,91.80000305,95.59999847,4255887,0,1,94.6710916,yahoo_bootstrap
2026-02-25,97,97,94,95.69999695,2302441,0,1,94.77011844,yahoo_bootstrap
2026-02-26,96,96,92.59999847,94.90000153,1668242,0,1,93.97789625,yahoo_bootstrap
2026-03-02,90.5,94,90.5,92.59999847,1112444,0,1,91.7002414,yahoo_bootstrap
2026-03-03,94.19999695,95.59999847,88.19999695,89.30000305,1643493,0,1,88.43231071,yahoo_bootstrap
2026-03-04,87,87.69999695,81.90000153,82.80000305,1603377,0,1,81.99546861,yahoo_bootstrap
2026-03-05,85.80000305,87.59999847,84.69999695,85.19999695,1054230,0,1,84.37214273,yahoo_bootstrap
2026-03-06,85.80000305,87.09999847,84.5,85.5,736855,0,1,84.66923077,yahoo_bootstrap
2026-03-09,77.19999695,78.90000153,77,78.5,1194391,0,1,77.73724696,yahoo_bootstrap
2026-03-10,81.59999847,82.09999847,79.59999847,80.30000305,889600,0,1,79.51976011,yahoo_bootstrap
2026-03-11,81.5,82.69999695,81.5,81.59999847,734439,0,1,80.80712399,yahoo_bootstrap
2026-03-12,80.59999847,81.69999695,79.30000305,79.80000305,954409,0,1,79.0246184,yahoo_bootstrap
2026-03-13,78.90000153,81.69999695,77.69999695,80.5,786198,0,1,79.71781377,yahoo_bootstrap
2026-03-16,82,83.69999695,79.59999847,82,655920,0,1,81.20323887,yahoo_bootstrap
2026-03-17,83.19999695,87,82.40000153,86.09999847,3483282,0,1,85.26339929,yahoo_bootstrap
2026-03-18,86.09999847,87.69999695,82.90000153,84.30000305,2393087,0,1,83.48089371,yahoo_bootstrap
2026-03-19,83.5,84.90000153,82.59999847,82.59999847,986431,0,1,81.79740739,yahoo_bootstrap
2026-03-20,83.09999847,85.30000305,80.80000305,80.80000305,825368,0,1,80.01490181,yahoo_bootstrap
2026-03-23,77.80000305,79,76.80000305,77.5,747350,0,1,76.74696356,yahoo_bootstrap
2026-03-24,78.90000153,79.59999847,75.59999847,76.90000153,682726,0,1,76.15279504,yahoo_bootstrap
2026-03-25,78.80000305,79.80000305,77.90000153,77.90000153,804424,0,1,77.14307844,yahoo_bootstrap
2026-03-26,78.80000305,79.80000305,75.80000305,75.80000305,945139,0,1,75.0634848,yahoo_bootstrap
2026-03-27,74.19999695,77.19999695,73.5,76.5,1026887,0,1,75.75668016,yahoo_bootstrap
2026-03-30,74.09999847,79.19999695,73.59999847,78.40000153,1164756,0,1,77.63822014,yahoo_bootstrap
2026-03-31,78.80000305,79,73.80000305,73.90000153,1881412,0,1,73.18194483,yahoo_bootstrap
2026-04-01,76.5,77.59999847,76.09999847,76.09999847,746924,0,1,75.36056529,yahoo_bootstrap
2026-04-02,76.80000305,77.40000153,72.5,72.59999847,827456,0,1,71.89457338,yahoo_bootstrap
2026-04-07,73.40000153,74.80000305,72.69999695,74.19999695,617490,0,1,73.47902532,yahoo_bootstrap
2026-04-08,76,78.19999695,76,78.09999847,1071043,0,1,77.34113209,yahoo_bootstrap
2026-04-09,78.5,79.5,77.19999695,77.90000153,1088480,0,1,77.14307844,yahoo_bootstrap
2026-04-10,78.90000153,80.5,77.90000153,77.90000153,1413492,0,1,77.14307844,yahoo_bootstrap
2026-04-13,82.19999695,85.59999847,81.80000305,85.59999847,4844003,0,1,84.76825759,yahoo_bootstrap
2026-04-14,87.90000153,89.5,83.80000305,85.19999695,9333178,0,1,84.37214273,yahoo_bootstrap
2026-04-15,86,90.80000305,85.19999695,85.90000153,8564767,0,1,85.06534564,yahoo_bootstrap
2026-04-16,85.90000153,92.69999695,83.59999847,87.5,8751837,0,1,86.64979757,yahoo_bootstrap
2026-04-17,87.5,91.80000305,86,88,6059926,0,1,87.14493927,yahoo_bootstrap
2026-04-20,90.90000153,95.90000153,88.30000305,89.19999695,7212592,0,1,88.33327633,yahoo_bootstrap
2026-04-21,89.80000305,90.69999695,87.90000153,88.09999847,2828871,0,1,87.2439661,yahoo_bootstrap
2026-04-22,88.5,88.5,85.80000305,85.80000305,2936639,0,1,84.96631881,yahoo_bootstrap
2026-04-23,86.30000305,86.59999847,78.90000153,80.59999847,3301700,0,1,79.81684059,yahoo_bootstrap
2026-04-24,81,82.90000153,78.30000305,79.19999695,1568390,0,1,78.43044232,yahoo_bootstrap
2026-04-27,79,80.90000153,77.19999695,80.30000305,1593545,0,1,79.51976011,yahoo_bootstrap
2026-04-28,80,88.30000305,80,88.30000305,7453420,0,1,87.44202731,yahoo_bootstrap
2026-04-29,88.30000305,90.5,87.19999695,87.59999847,8261310,0,1,86.7488244,yahoo_bootstrap
2026-04-30,88.19999695,89.90000153,85,85,3712653,0,1,84.17408907,yahoo_bootstrap
2026-05-04,86.40000153,89.90000153,85.09999847,87.59999847,3303086,0,1,86.7488244,yahoo_bootstrap
2026-05-05,88.30000305,90.40000153,87.59999847,90,5054954,0,1,89.12550607,yahoo_bootstrap
2026-05-06,91,92.5,86.30000305,88.69999695,4740268,0,1,87.83813463,yahoo_bootstrap
2026-05-07,91,96.5,88.19999695,91.30000305,11465674,0,1,90.41287751,yahoo_bootstrap
2026-05-08,92.09999847,95.5,89.5,90.40000153,8973842,0,1,89.52162095,yahoo_bootstrap
2026-05-11,90,91.80000305,86.5,91.5,4857792,0,1,90.61093117,yahoo_bootstrap
2026-05-12,91.5,95.90000153,89.59999847,94.80000305,10275909,0,1,93.87886942,yahoo_bootstrap
2026-05-13,93.80000305,96.40000153,91.69999695,96,7000893,0,1,95.06720648,yahoo_bootstrap
2026-05-14,103.5,105.5,98.09999847,101,18565569,0,1,100.01862348,yahoo_bootstrap
2026-05-15,100,110.5,99.40000153,99.40000153,21311167,0,1,98.43417156,yahoo_bootstrap
2026-05-18,101,104.5,99.40000153,103,13079753,0,1,101.99919028,yahoo_bootstrap
2026-05-19,100,103,98.69999695,101.5,8106972,0,1,100.51376518,yahoo_bootstrap
2026-05-20,101.5,111.5,101,111.5,11873830,0,1,110.41659919,yahoo_bootstrap
2026-05-21,116.5,122.5,116.5,122.5,10618673,0,1,121.3097166,yahoo_bootstrap
2026-05-22,131.5,134.5,125.5,134.5,27905512,0,1,133.19311741,yahoo_bootstrap
2026-05-25,142,145,133.5,138,39794123,0,1,136.65910931,yahoo_bootstrap
2026-05-26,134,135.5,126,134,17063548,0,1,132.69797571,yahoo_bootstrap
2026-05-27,137,147,133,147,32581803,0,1,145.57165992,yahoo_bootstrap
2026-05-28,148,161.5,145,161.5,29577745,0,1,159.93076923,yahoo_bootstrap
2026-05-29,171.5,176.5,158.5,166.5,46947635,0,1,164.88218623,yahoo_bootstrap
2026-06-01,163.5,175,158,164,7632210,0,1,162.40647773,yahoo_bootstrap
2026-06-02,160.5,162.5,150,162.5,4498905,0,1,160.92105263,yahoo_bootstrap
2026-06-03,161.5,162.5,155,155.5,2873910,0,1,153.98906883,yahoo_bootstrap
2026-06-04,149,152,145,145,2799171,0,1,143.59109312,yahoo_bootstrap
2026-06-05,142.5,156,132,156,3459842,0,1,154.48421053,yahoo_bootstrap
2026-06-08,140.5,153,140.5,150,2642137,0,1,148.54251012,yahoo_bootstrap
2026-06-09,157,165,151,165,4875688,0,1,163.39676113,yahoo_bootstrap
2026-06-10,162,178,158.5,158.5,8072973,0,1,156.95991903,yahoo_bootstrap
2026-06-11,164,164,147.5,161,4140233,0,1,159.43562753,yahoo_bootstrap
2026-06-12,173,177,169,172.5,9278036,0,1,170.82388664,yahoo_bootstrap
2026-06-15,183.5,189.5,182,189.5,13207446,0,1,187.65870445,yahoo_bootstrap
2026-06-16,197,202.5,178,181.5,39571894,0,1,179.73643725,yahoo_bootstrap
2026-06-17,178,199.5,178,199.5,26790633,0,1,197.56153846,yahoo_bootstrap
2026-06-18,212,219,211,219,18636151,0,1,216.87206478,yahoo_bootstrap
2026-06-22,224.5,228,214.5,219,32838420,0,1,216.87206478,yahoo_bootstrap
2026-06-23,217,217.5,200,200.5,13716325,0,1,198.55182186,yahoo_bootstrap
2026-06-24,199,214.5,195.5,211.5,17234700,0,1,209.44493927,yahoo_bootstrap
2026-06-25,219,227,205.5,212,27089549,0,1,209.94008097,yahoo_bootstrap
2026-06-26,207.5,217,197,197.5,15339932,0,1,195.58097166,yahoo_bootstrap
2026-06-29,197.5,200.5,188,192.5,11131531,0,1,190.62955466,yahoo_bootstrap
2026-06-30,195,211.5,193.5,211.5,8304920,0,1,209.44493927,yahoo_bootstrap
2026-07-01,220,232.5,220,232.5,28343569,0,1,230.24089069,yahoo_bootstrap
2026-07-02,225.5,237,213.5,217,32210910,0,1,214.89149798,yahoo_bootstrap
2026-07-03,213.5,230,205,216,30517777,0,1,213.90121457,yahoo_bootstrap
2026-07-06,220,227.5,203,208.5,14355464,0,1,206.47408907,yahoo_bootstrap
2026-07-07,208,216,191.5,197,13112300,0,1,195.08582996,yahoo_bootstrap
2026-07-08,197,199.5,185,192,12530985,0,1,190.13441296,yahoo_bootstrap
2026-07-09,196.5,199.5,188.5,188.5,9502478,0,1,186.66842105,yahoo_bootstrap
2026-07-10,188.5,188.5,188.5,188.5,0,0,1,186.66842105,yahoo_bootstrap
2026-07-13,190.5,200.5,180,185,13854867,0,1,183.20242915,yahoo_bootstrap
2026-07-14,181.5,188.5,167,172,11098918,0,1,170.32874494,yahoo_bootstrap
2026-07-15,177,177,166.5,170,9016661,0,1,168.34817814,yahoo_bootstrap
2026-07-16,167,172,163,164.5,6544400,0,1,162.90161943,yahoo_bootstrap
2026-07-17,156.5,159,148.5,148.5,5704425,0,1,147.05708502,yahoo_bootstrap
2026-07-20,147,147,134,135.5,6377864,0,1,134.18340081,yahoo_bootstrap
2026-07-21,140,142.5,136,139,8425857,0,1,137.64939271,yahoo_bootstrap
2026-07-22,149,152.5,145,145.5,6629613,0,1,144.08623482,yahoo_bootstrap
2026-07-23,145,149.5,139.5,142.5,5083497,0,1,141.11538462,yahoo_bootstrap
2026-07-24,140,141,131,131,3033401,0,1,129.72712551,yahoo_bootstrap
2026-07-27,131.5,136.5,127,131,5555675,0,1,129.72712551,yahoo_bootstrap
2026-07-28,124,124,118.5,118.5,4114384,0,1,117.348583,yahoo_daily
2026-07-29,115,118.5,107,107.5,6132368,0,1,106.45546559,yahoo_daily
2026-07-30,106.5,114.5,103.5,106,8120304,0,1,104.97004049,yahoo_daily
2026-07-31,116,116.5,112,116.5,4717811,0,1,115.36801619,yahoo_daily
2026-08-03,116,126.5,115,121,6814379,0,1,119.8242915,yahoo_daily
2026-08-04,121,124.5,117.5,122,4383395,0,1,120.8145749,yahoo_daily
2026-08-05,127.5,130,122.5,123.5,4235739,0,1,122.3,yahoo_daily
2026-08-06,121,124.5,117,123,2191563,1.2,1,123,yahoo_daily
2026-08-07,122.5,124.5,114.5,117.5,2368077,0,1,117.5,yahoo_daily
2026-08-10,121,124.5,119,124,3513125,0,1,124,yahoo_daily
2026-08-11,122,133,122,128.5,12703416,0,1,128.5,yahoo_daily
2026-08-12,126.5,131.5,125,127,6493592,0,1,127,yahoo_daily
2026-08-13,130,139.5,130,139.5,12006891,0,1,139.5,yahoo_daily
2026-08-14,139,139.5,128.5,130.5,11355691,0,1,130.5,yahoo_daily
2026-08-17,128,129,124,128,3208200,0,1,128,yahoo_daily
2026-08-18,127,128.5,122,122.5,2881251,0,1,122.5,yahoo_daily
2026-08-19,117,132,117,127,8482463,0,1,127,yahoo_daily
2026-08-20,128,129.5,122.5,125,3000852,0,1,125,yahoo_daily
2026-08-21,124,126.5,121,122.5,2140781,0,1,122.5,yahoo_daily
2026-08-24,122.5,125,120,120.5,1609378,0,1,120.5,yahoo_daily
2026-08-25,120.5,123.5,116,122.5,1722156,0,1,122.5,yahoo_daily
2026-08-26,122.5,125,121,124,1999323,0,1,124,yahoo_daily
2026-08-27,125.5,132,122.5,130.5,6696339,0,1,130.5,yahoo_daily
