date,open,high,low,close,volume,dividend,split_factor,adjusted_close,source
2021-09-07,17.89999962,17.89999962,17.10000038,17.29999924,142003,0,1,16.63423273,yahoo_bootstrap
2021-09-08,17.20000076,17.29999924,16.85000038,17,84508,0,1,16.34577855,yahoo_bootstrap
2021-09-09,17.25,17.29999924,16.79999924,17.20000076,124200,0,1,16.53808256,yahoo_bootstrap
2021-09-10,17.20000076,17.54999924,17.10000038,17.54999924,181060,0,1,16.87461183,yahoo_bootstrap
2021-09-13,17.75,17.75,17.29999924,17.70000076,116188,0,1,17.01884075,yahoo_bootstrap
2021-09-14,17.89999962,17.89999962,17.04999924,17.5,274001,0,1,16.82653674,yahoo_bootstrap
2021-09-15,17.25,17.45000076,16.75,16.79999924,331452,0,1,16.15347454,yahoo_bootstrap
2021-09-16,17.04999924,17.04999924,16.54999924,16.79999924,162003,0,1,16.15347454,yahoo_bootstrap
2021-09-17,16.89999962,17.04999924,16.60000038,17,240647,0,1,16.34577855,yahoo_bootstrap
2021-09-22,16.64999962,16.79999924,16.45000076,16.70000076,203100,0,1,16.05732437,yahoo_bootstrap
2021-09-23,16.75,17,16.60000038,16.79999924,150032,0,1,16.15347454,yahoo_bootstrap
2021-09-24,17.10000038,17.10000038,16.79999924,17,141116,0,1,16.34577855,yahoo_bootstrap
2021-09-27,17.25,18.70000076,17.25,18.70000076,1062306,0,1,17.98035714,yahoo_bootstrap
2021-09-28,19.5,19.54999924,18.14999962,18.14999962,2884003,0,1,17.45152203,yahoo_bootstrap
2021-09-29,18.5,19.45000076,18.5,18.54999924,2142146,0,1,17.83612822,yahoo_bootstrap
2021-09-30,18.54999924,19.20000076,18.20000076,18.39999962,1008326,0,1,17.69190112,yahoo_bootstrap
2021-10-01,18.20000076,18.79999924,17.5,17.64999962,921237,0,1,16.97076384,yahoo_bootstrap
2021-10-04,18.04999924,18.04999924,16.75,17.10000038,520530,0,1,16.44193055,yahoo_bootstrap
2021-10-05,17,17.60000038,16.60000038,17.60000038,325030,0,1,16.92268875,yahoo_bootstrap
2021-10-06,17.60000038,17.75,17.10000038,17.60000038,162000,0,1,16.92268875,yahoo_bootstrap
2021-10-07,17.79999924,18.20000076,17.79999924,18.04999924,225338,0,1,17.35537002,yahoo_bootstrap
2021-10-08,18.20000076,18.60000038,17.95000076,18.20000076,249085,0,1,17.49959894,yahoo_bootstrap
2021-10-12,17.85000038,18.10000038,17.64999962,17.70000076,211567,0,1,17.01884075,yahoo_bootstrap
2021-10-13,17.79999924,18.20000076,17.70000076,18,120803,0,1,17.30729494,yahoo_bootstrap
2021-10-14,18,18.20000076,17.79999924,18,141000,0,1,17.30729494,yahoo_bootstrap
2021-10-15,18.29999924,18.29999924,17.89999962,18.20000076,190026,0,1,17.49959894,yahoo_bootstrap
2021-10-18,18.35000038,18.39999962,17.95000076,18.20000076,101474,0,1,17.49959894,yahoo_bootstrap
2021-10-19,18.29999924,18.45000076,18.14999962,18.45000076,217142,0,1,17.73997804,yahoo_bootstrap
2021-10-20,19,20.25,18.60000038,18.70000076,3107130,0,1,17.98035714,yahoo_bootstrap
2021-10-21,18.79999924,18.95000076,18.04999924,18.35000038,632000,0,1,17.64382604,yahoo_bootstrap
2021-10-22,18.35000038,18.54999924,18.20000076,18.54999924,173000,0,1,17.83612822,yahoo_bootstrap
2021-10-25,18.75,18.79999924,18.29999924,18.64999962,154000,0,1,17.93228022,yahoo_bootstrap
2021-10-26,18.70000076,18.79999924,18.39999962,18.64999962,205000,0,1,17.93228022,yahoo_bootstrap
2021-10-27,18.64999962,19,18.35000038,19,302001,0,1,18.26881132,yahoo_bootstrap
2021-10-28,19,19,18.60000038,18.89999962,279000,0,1,18.17265932,yahoo_bootstrap
2021-10-29,19,19,18.70000076,18.95000076,149100,0,1,18.22073623,yahoo_bootstrap
2021-11-01,18.95000076,19.45000076,18.79999924,19.04999924,472174,0,1,18.31688641,yahoo_bootstrap
2021-11-02,19.14999962,19.35000038,18.64999962,19.04999924,260030,0,1,18.31688641,yahoo_bootstrap
2021-11-03,19.10000038,20.20000076,18.75,19.75,7578035,0,1,18.98994861,yahoo_bootstrap
2021-11-04,19.60000038,19.85000038,19.45000076,19.64999962,755126,0,1,18.89379661,yahoo_bootstrap
2021-11-05,19.64999962,19.95000076,19.35000038,19.70000076,454000,0,1,18.94187352,yahoo_bootstrap
2021-11-08,19.75,19.89999962,19.29999924,19.54999924,237000,0,1,18.7976446,yahoo_bootstrap
2021-11-09,19.64999962,19.64999962,19,19.29999924,302100,0,1,18.55726551,yahoo_bootstrap
2021-11-10,19.10000038,19.39999962,18.79999924,19.20000076,253271,0,1,18.46111533,yahoo_bootstrap
2021-11-11,19,19.29999924,18.85000038,19.20000076,408000,0,1,18.46111533,yahoo_bootstrap
2021-11-12,19.20000076,19.20000076,18.70000076,18.95000076,258013,0,1,18.22073623,yahoo_bootstrap
2021-11-15,19,19.10000038,18.79999924,18.95000076,235165,0,1,18.22073623,yahoo_bootstrap
2021-11-16,18.70000076,19,18.54999924,19,258500,0,1,18.26881132,yahoo_bootstrap
2021-11-17,19,19,18.79999924,19,206250,0,1,18.26881132,yahoo_bootstrap
2021-11-18,19,19,18.64999962,18.85000038,199236,0,1,18.12458423,yahoo_bootstrap
2021-11-19,18.89999962,19.54999924,18.89999962,19.04999924,696000,0,1,18.31688641,yahoo_bootstrap
2021-11-22,19.29999924,20.25,19,20.04999924,1093003,0,1,19.27840279,yahoo_bootstrap
2021-11-23,19.95000076,19.95000076,19.39999962,19.60000038,563500,0,1,18.84572152,yahoo_bootstrap
2021-11-24,19.79999924,19.79999924,19.45000076,19.60000038,176023,0,1,18.84572152,yahoo_bootstrap
2021-11-25,19.64999962,20.04999924,19.64999962,19.89999962,397127,0,1,19.1341757,yahoo_bootstrap
2021-11-26,21.10000038,21.79999924,20.54999924,20.75,3510250,0,1,19.95146499,yahoo_bootstrap
2021-11-29,20.29999924,20.29999924,18.75,19.25,1468000,0,1,18.50919042,yahoo_bootstrap
2021-11-30,19.45000076,20.64999962,19.45000076,20.20000076,1243290,0,1,19.42263171,yahoo_bootstrap
2021-12-01,20.10000038,22.20000076,19.70000076,22.20000076,7735783,0,1,21.34566448,yahoo_bootstrap
2021-12-02,23,23.79999924,21.60000038,22.29999924,8890149,0,1,21.44181466,yahoo_bootstrap
2021-12-03,22.29999924,23.10000038,21.5,22.25,2723220,0,1,21.39373957,yahoo_bootstrap
2021-12-06,22.25,24.45000076,22,23.04999924,12951106,0,1,22.16295195,yahoo_bootstrap
2021-12-07,23.35000038,24,23.04999924,23.39999962,3951100,0,1,22.49948305,yahoo_bootstrap
2021-12-08,24,24.04999924,22.85000038,23.29999924,2552812,0,1,22.40333105,yahoo_bootstrap
2021-12-09,23.75,23.75,22.20000076,22.39999962,2044104,0,1,21.53796667,yahoo_bootstrap
2021-12-10,21.85000038,22.14999962,21.5,21.60000038,1260298,0,1,20.76875429,yahoo_bootstrap
2021-12-13,21.70000076,23.75,21.5,23.75,5678740,0,1,22.83601415,yahoo_bootstrap
2021-12-14,23.75,23.75,22.25,22.54999924,3622054,0,1,21.68219376,yahoo_bootstrap
2021-12-15,22.54999924,23.95000076,22.54999924,23.60000038,2667000,0,1,22.69178706,yahoo_bootstrap
2021-12-16,23.85000038,25.25,23.29999924,23.5,8243507,0,1,22.59563505,yahoo_bootstrap
2021-12-17,23.5,23.89999962,22.79999924,22.95000076,1341527,0,1,22.06680177,yahoo_bootstrap
2021-12-20,23,23,22.29999924,22.5,816000,0,1,21.63411867,yahoo_bootstrap
2021-12-21,22.5,23.25,22.29999924,22.5,1363922,0,1,21.63411867,yahoo_bootstrap
2021-12-22,22.89999962,23.25,22.70000076,22.70000076,612102,0,1,21.82642268,yahoo_bootstrap
2021-12-23,22.60000038,23.04999924,22.5,22.70000076,622001,0,1,21.82642268,yahoo_bootstrap
2021-12-24,22.54999924,22.85000038,22.20000076,22.39999962,701150,0,1,21.53796667,yahoo_bootstrap
2021-12-27,22.64999962,22.79999924,22.45000076,22.70000076,365025,0,1,21.82642268,yahoo_bootstrap
2021-12-28,22.89999962,23.04999924,22.39999962,22.39999962,542000,0,1,21.53796667,yahoo_bootstrap
2021-12-29,22.45000076,23.20000076,22.45000076,22.75,739000,0,1,21.87449777,yahoo_bootstrap
2021-12-30,22.79999924,22.95000076,22.5,22.5,482100,0,1,21.63411867,yahoo_bootstrap
2022-01-03,22.39999962,22.95000076,22.39999962,22.75,475207,0,1,21.87449777,yahoo_bootstrap
2022-01-04,22.85000038,23.35000038,22.75,23.04999924,934095,0,1,22.16295195,yahoo_bootstrap
2022-01-05,23.04999924,23.29999924,22.04999924,22.20000076,811400,0,1,21.34566448,yahoo_bootstrap
2022-01-06,22,22,21.20000076,21.25,785456,0,1,20.43222319,yahoo_bootstrap
2022-01-07,21.35000038,21.39999962,20.29999924,20.60000038,582000,0,1,19.8072379,yahoo_bootstrap
2022-01-10,20.54999924,21,20.45000076,20.64999962,206002,0,1,19.85531299,yahoo_bootstrap
2022-01-11,21.04999924,21.04999924,20.5,20.70000076,337001,0,1,19.90338991,yahoo_bootstrap
2022-01-12,20.70000076,21,20.5,20.85000038,275199,0,1,20.047617,yahoo_bootstrap
2022-01-13,21,21,20.5,20.5,262008,0,1,19.7110859,yahoo_bootstrap
2022-01-14,20.5,20.5,19.85000038,20,476303,0,1,19.23032771,yahoo_bootstrap
2022-01-17,20.04999924,20.79999924,20,20.79999924,240024,0,1,19.99954008,yahoo_bootstrap
2022-01-18,20.89999962,21,20.64999962,20.85000038,180003,0,1,20.047617,yahoo_bootstrap
2022-01-19,20.75,20.85000038,20.54999924,20.85000038,163005,0,1,20.047617,yahoo_bootstrap
2022-01-20,20.95000076,21.79999924,20.79999924,21.60000038,623192,0,1,20.76875429,yahoo_bootstrap
2022-01-21,21.60000038,21.89999962,21.04999924,21.35000038,519000,0,1,20.52837519,yahoo_bootstrap
2022-01-24,20.95000076,21,20,20.95000076,252667,0,1,20.143769,yahoo_bootstrap
2022-01-25,20.79999924,20.89999962,20.29999924,20.39999962,272005,0,1,19.61493389,yahoo_bootstrap
2022-01-26,20.29999924,20.79999924,20.20000076,20.60000038,158003,0,1,19.8072379,yahoo_bootstrap
2022-02-07,20.89999962,21.5,20.75,21.5,337001,0,1,20.67260228,yahoo_bootstrap
2022-02-08,21.54999924,22.10000038,21.54999924,21.89999962,333004,0,1,21.05720847,yahoo_bootstrap
2022-02-09,22.10000038,22.45000076,21.75,22.10000038,421035,0,1,21.24951248,yahoo_bootstrap
2022-02-10,22.29999924,22.29999924,21.89999962,22.04999924,319088,0,1,21.20143556,yahoo_bootstrap
2022-02-11,21.85000038,22.29999924,21.85000038,22.20000076,293004,0,1,21.34566448,yahoo_bootstrap
2022-02-14,22,22,21.35000038,21.64999962,281001,0,1,20.81682938,yahoo_bootstrap
2022-02-15,21.64999962,22.29999924,21.64999962,22,323012,0,1,21.15336048,yahoo_bootstrap
2022-02-16,22.20000076,22.95000076,22.20000076,22.79999924,646000,0,1,21.92257285,yahoo_bootstrap
2022-02-17,23,23,21.89999962,22,607372,0,1,21.15336048,yahoo_bootstrap
2022-02-18,21.85000038,22.64999962,21.85000038,22.5,532004,0,1,21.63411867,yahoo_bootstrap
2022-02-21,22.45000076,22.45000076,22.04999924,22.39999962,165008,0,1,21.53796667,yahoo_bootstrap
2022-02-22,22.20000076,22.20000076,21.14999962,21.39999962,467006,0,1,20.57645028,yahoo_bootstrap
2022-02-23,21.5,21.54999924,21.04999924,21.25,268006,0,1,20.43222319,yahoo_bootstrap
2022-02-24,21,21,19.85000038,20.10000038,486410,0,1,19.32647971,yahoo_bootstrap
2022-02-25,20.20000076,20.54999924,20.10000038,20.39999962,143002,0,1,19.61493389,yahoo_bootstrap
2022-03-01,20.70000076,21.35000038,20.70000076,20.85000038,328150,0,1,20.047617,yahoo_bootstrap
2022-03-02,20.85000038,21.14999962,20.60000038,21.10000038,174000,0,1,20.2879961,yahoo_bootstrap
2022-03-03,21.35000038,21.70000076,21.04999924,21.29999924,401358,0,1,20.48029828,yahoo_bootstrap
2022-03-04,21.29999924,21.29999924,20.79999924,20.89999962,168011,0,1,20.09569209,yahoo_bootstrap
2022-03-07,20.89999962,20.89999962,19.54999924,20.29999924,390000,0,1,19.51878189,yahoo_bootstrap
2022-03-08,20.25,20.54999924,19.64999962,20,226201,0,1,19.23032771,yahoo_bootstrap
2022-03-09,20.20000076,20.39999962,19.85000038,20.39999962,141004,0,1,19.61493389,yahoo_bootstrap
2022-03-10,20.29999924,20.64999962,20.20000076,20.54999924,152000,0,1,19.75916099,yahoo_bootstrap
2022-03-11,20.39999962,20.54999924,19.85000038,20.25,155000,0,1,19.4707068,yahoo_bootstrap
2022-03-14,20.39999962,20.39999962,19.85000038,20.14999962,109001,0,1,19.3745548,yahoo_bootstrap
2022-03-15,20.14999962,20.14999962,19.5,19.5,201000,0,1,18.74956951,yahoo_bootstrap
2022-03-16,19.95000076,20,19.35000038,20,250155,0,1,19.23032771,yahoo_bootstrap
2022-03-17,20.25,20.5,19.95000076,20.5,276500,0,1,19.7110859,yahoo_bootstrap
2022-03-18,20.10000038,20.45000076,20.10000038,20.39999962,125567,0,1,19.61493389,yahoo_bootstrap
2022-03-21,20.5,21,20.5,20.64999962,232052,0,1,19.85531299,yahoo_bootstrap
2022-03-22,20.64999962,20.95000076,20.64999962,20.89999962,130002,0,1,20.09569209,yahoo_bootstrap
2022-03-23,20.85000038,20.95000076,20.60000038,20.75,146026,0,1,19.95146499,yahoo_bootstrap
2022-03-24,20.75,20.79999924,20.20000076,20.60000038,274010,0,1,19.8072379,yahoo_bootstrap
2022-03-25,20.70000076,20.85000038,20.45000076,20.70000076,217000,0,1,19.90338991,yahoo_bootstrap
2022-03-28,20.5,21.04999924,20.20000076,20.95000076,257000,0,1,20.143769,yahoo_bootstrap
2022-03-29,21,21.70000076,20.85000038,21,238339,0,1,20.19184409,yahoo_bootstrap
2022-03-30,21.10000038,21.45000076,21,21.45000076,288103,0,1,20.6245272,yahoo_bootstrap
2022-03-31,21.45000076,22.20000076,21.45000076,21.85000038,736000,0,1,21.00913338,yahoo_bootstrap
2022-04-01,21.70000076,21.79999924,21.29999924,21.79999924,255101,0,1,20.96105647,yahoo_bootstrap
2022-04-06,22.29999924,23,22.29999924,22.64999962,1853177,0,1,21.77834576,yahoo_bootstrap
2022-04-07,22.5,22.85000038,22.39999962,22.54999924,924200,0,1,21.68219376,yahoo_bootstrap
2022-04-08,22.89999962,22.89999962,21.64999962,21.85000038,674174,0,1,21.00913338,yahoo_bootstrap
2022-04-11,21.85000038,21.85000038,20.70000076,20.70000076,319100,0,1,19.90338991,yahoo_bootstrap
2022-04-12,20.45000076,21.10000038,20.45000076,21.10000038,215710,0,1,20.2879961,yahoo_bootstrap
2022-04-13,21.10000038,21.10000038,20.70000076,21,258001,0,1,20.19184409,yahoo_bootstrap
2022-04-14,21.04999924,21.14999962,20.95000076,21.10000038,141001,0,1,20.2879961,yahoo_bootstrap
2022-04-15,21.20000076,21.20000076,20.20000076,20.25,298040,0,1,19.4707068,yahoo_bootstrap
2022-04-18,20.25,20.29999924,19.85000038,20,236000,0,1,19.23032771,yahoo_bootstrap
2022-04-19,20,20.39999962,20,20.20000076,102014,0,1,19.42263171,yahoo_bootstrap
2022-04-20,20.39999962,20.95000076,20.20000076,20.70000076,175196,0,1,19.90338991,yahoo_bootstrap
2022-04-21,20.85000038,20.85000038,20.35000038,20.5,110000,0,1,19.7110859,yahoo_bootstrap
2022-04-22,20.39999962,20.45000076,20.10000038,20.39999962,172000,0,1,19.61493389,yahoo_bootstrap
2022-04-25,20,20,18.95000076,18.95000076,489091,0,1,18.22073623,yahoo_bootstrap
2022-04-26,18.95000076,19.29999924,18.60000038,18.95000076,298287,0,1,18.22073623,yahoo_bootstrap
2022-04-27,18.20000076,18.5,17.54999924,18.10000038,422001,0,1,17.40344694,yahoo_bootstrap
2022-04-28,17.95000076,18.60000038,17.95000076,18.25,226001,0,1,17.54767403,yahoo_bootstrap
2022-04-29,18.35000038,18.39999962,18.14999962,18.25,116000,0,1,17.54767403,yahoo_bootstrap
2022-05-03,18.29999924,18.54999924,18.04999924,18.25,90001,0,1,17.54767403,yahoo_bootstrap
2022-05-04,18.39999962,18.89999962,18.25,18.60000038,165000,0,1,17.88420513,yahoo_bootstrap
2022-05-05,18.70000076,18.89999962,18.54999924,18.75,135020,0,1,18.02843222,yahoo_bootstrap
2022-05-06,18.29999924,19.20000076,18.25,19.10000038,167002,0,1,18.36496332,yahoo_bootstrap
2022-05-09,18.70000076,18.95000076,18.35000038,18.70000076,73052,0,1,17.98035714,yahoo_bootstrap
2022-05-10,18.79999924,19.39999962,18.64999962,19.14999962,297057,0,1,18.41303841,yahoo_bootstrap
2022-05-11,19.14999962,19.14999962,18.60000038,18.95000076,159000,0,1,18.22073623,yahoo_bootstrap
2022-05-12,18.85000038,19.10000038,18.14999962,18.45000076,200001,0,1,17.73997804,yahoo_bootstrap
2022-05-13,18.5,18.60000038,18,18.60000038,164001,0,1,17.88420513,yahoo_bootstrap
2022-05-16,18.64999962,18.75,18.14999962,18.29999924,131000,0,1,17.59574912,yahoo_bootstrap
2022-05-17,18.5,19.45000076,18.45000076,19.45000076,353001,0,1,18.70149442,yahoo_bootstrap
2022-05-18,19.60000038,19.70000076,19.35000038,19.54999924,123000,0,1,18.7976446,yahoo_bootstrap
2022-05-19,19.25,19.5,18.89999962,19.5,62000,0,1,18.74956951,yahoo_bootstrap
2022-05-20,19.70000076,19.89999962,19.29999924,19.75,265000,0,1,18.98994861,yahoo_bootstrap
2022-05-23,20,20,19.5,19.95000076,90002,0,1,19.18225262,yahoo_bootstrap
2022-05-24,20.25,20.25,19.39999962,19.95000076,121020,0,1,19.18225262,yahoo_bootstrap
2022-05-25,19.95000076,20.10000038,19.45000076,20,202001,0,1,19.23032771,yahoo_bootstrap
2022-05-26,20.04999924,20.04999924,19.54999924,19.95000076,109001,0,1,19.18225262,yahoo_bootstrap
2022-05-27,19.95000076,20,19.75,19.95000076,172000,0,1,19.18225262,yahoo_bootstrap
2022-05-30,19.95000076,20.10000038,19.60000038,19.85000038,150000,0,1,19.08610061,yahoo_bootstrap
2022-05-31,19.79999924,19.85000038,19.64999962,19.85000038,81000,0,1,19.08610061,yahoo_bootstrap
2022-06-01,19.64999962,19.89999962,19.64999962,19.79999924,148000,0,1,19.0380237,yahoo_bootstrap
2022-06-02,19.79999924,19.89999962,19.70000076,19.79999924,95000,0,1,19.0380237,yahoo_bootstrap
2022-06-06,19.79999924,19.89999962,19.54999924,19.79999924,85000,0,1,19.0380237,yahoo_bootstrap
2022-06-07,19.79999924,19.89999962,19.5,19.89999962,190003,0,1,19.1341757,yahoo_bootstrap
2022-06-08,19.79999924,20,19.75,19.95000076,123001,0,1,19.18225262,yahoo_bootstrap
2022-06-09,19.95000076,20,19.79999924,20,112001,0,1,19.23032771,yahoo_bootstrap
2022-06-10,19.95000076,20.95000076,19.79999924,20.70000076,332415,0,1,19.90338991,yahoo_bootstrap
2022-06-13,21.60000038,21.79999924,20.70000076,20.85000038,1121001,0,1,20.047617,yahoo_bootstrap
2022-06-14,20.5,21.95000076,20.29999924,21.75,947305,0,1,20.91298138,yahoo_bootstrap
2022-06-15,21.70000076,22.35000038,20.89999962,21.14999962,1369976,0,1,20.33607118,yahoo_bootstrap
2022-06-16,21.20000076,21.5,20.10000038,20.14999962,549068,0,1,19.3745548,yahoo_bootstrap
2022-06-17,19.75,20.54999924,19.75,20.54999924,330000,0,1,19.75916099,yahoo_bootstrap
2022-06-20,20.60000038,20.70000076,19.45000076,19.45000076,363003,0,1,18.70149442,yahoo_bootstrap
2022-06-21,19.89999962,20.20000076,19.75,20,253000,0,1,19.23032771,yahoo_bootstrap
2022-06-22,20,20,19.10000038,19.29999924,286000,0,1,18.55726551,yahoo_bootstrap
2022-06-23,19.29999924,19.79999924,19.10000038,19.20000076,228000,0,1,18.46111533,yahoo_bootstrap
2022-06-24,19.5,19.60000038,19.35000038,19.54999924,94001,0,1,18.7976446,yahoo_bootstrap
2022-06-27,19.64999962,20,19.60000038,20,169002,0,1,19.23032771,yahoo_bootstrap
2022-06-28,19.75,19.95000076,19.5,19.95000076,159200,0,1,19.18225262,yahoo_bootstrap
2022-06-29,19.85000038,20,19.70000076,20,132001,0,1,19.23032771,yahoo_bootstrap
2022-06-30,20,20,19.25,19.45000076,171000,0,1,18.70149442,yahoo_bootstrap
2022-07-01,19.20000076,19.35000038,18.14999962,18.89999962,280000,0,1,18.17265932,yahoo_bootstrap
2022-07-04,18.45000076,19,18.20000076,18.64999962,154304,0,1,17.93228022,yahoo_bootstrap
2022-07-05,19,19.20000076,18.60000038,19.14999962,83025,0,1,18.41303841,yahoo_bootstrap
2022-07-06,18.89999962,19.04999924,18.10000038,18.60000038,106000,0,1,17.88420513,yahoo_bootstrap
2022-07-07,18.70000076,19.14999962,18.5,19.10000038,84001,0,1,18.36496332,yahoo_bootstrap
2022-07-08,19.04999924,19.04999924,18.54999924,18.64999962,272004,0,1,17.93228022,yahoo_bootstrap
2022-07-11,18.70000076,18.70000076,18.14999962,18.39999962,113126,0,1,17.69190112,yahoo_bootstrap
2022-07-12,18.10000038,18.10000038,17.29999924,17.5,175000,0,1,16.82653674,yahoo_bootstrap
2022-07-13,17.70000076,18,17.5,17.79999924,197001,0,1,17.11499093,yahoo_bootstrap
2022-07-14,17.79999924,18.14999962,17.75,18,83000,0,1,17.30729494,yahoo_bootstrap
2022-07-15,18,18.14999962,17.64999962,18.14999962,104005,0,1,17.45152203,yahoo_bootstrap
2022-07-18,18.20000076,18.45000076,18.20000076,18.20000076,119000,0,1,17.49959894,yahoo_bootstrap
2022-07-19,18.20000076,18.45000076,18.20000076,18.39999962,94001,0,1,17.69190112,yahoo_bootstrap
2022-07-20,18.60000038,18.60000038,18.20000076,18.39999962,88000,0,1,17.69190112,yahoo_bootstrap
2022-07-21,18.5,19.39999962,18.5,19.25,172000,0,1,18.50919042,yahoo_bootstrap
2022-07-22,19.25,19.25,18.79999924,19,132000,0,1,18.26881132,yahoo_bootstrap
2022-07-25,18.85000038,18.95000076,18.54999924,18.70000076,107080,0,1,17.98035714,yahoo_bootstrap
2022-07-26,18.60000038,18.79999924,18.5,18.75,67001,0,1,18.02843222,yahoo_bootstrap
2022-07-27,18.60000038,18.64999962,18.29999924,18.64999962,170001,0,1,17.93228022,yahoo_bootstrap
2022-07-28,18.70000076,18.85000038,18.5,18.70000076,171000,0,1,17.98035714,yahoo_bootstrap
2022-07-29,18.79999924,19.14999962,18.75,19,136589,0,1,18.26881132,yahoo_bootstrap
2022-08-01,18.89999962,19.45000076,18.70000076,19.35000038,251002,0,1,18.60534242,yahoo_bootstrap
2022-08-02,19.29999924,19.29999924,18.79999924,19.10000038,141000,0,1,18.36496332,yahoo_bootstrap
2022-08-03,19.10000038,19.10000038,18.29999924,18.29999924,188000,0,1,17.59574912,yahoo_bootstrap
2022-08-04,18.85000038,18.85000038,18.25,18.75,107000,0,1,18.02843222,yahoo_bootstrap
2022-08-05,18.75,19,18.75,18.89999962,86184,0,1,18.17265932,yahoo_bootstrap
2022-08-08,18.89999962,18.95000076,18.39999962,18.64999962,147484,0,1,17.93228022,yahoo_bootstrap
2022-08-09,18.89999962,19.20000076,18.45000076,19.10000038,252000,0,1,18.36496332,yahoo_bootstrap
2022-08-10,19.10000038,19.45000076,19,19.14999962,312628,0,1,18.41303841,yahoo_bootstrap
2022-08-11,19.14999962,19.29999924,18.89999962,19.10000038,181018,0,1,18.36496332,yahoo_bootstrap
2022-08-12,19.20000076,19.79999924,19.20000076,19.39999962,644000,0,1,18.65341751,yahoo_bootstrap
2022-08-15,19.5,19.70000076,19.20000076,19.64999962,369000,0,1,18.89379661,yahoo_bootstrap
2022-08-16,19.64999962,19.89999962,19.5,19.85000038,334000,0,1,19.08610061,yahoo_bootstrap
2022-08-17,19.95000076,19.95000076,19.54999924,19.70000076,295127,0,1,18.94187352,yahoo_bootstrap
2022-08-18,19.79999924,19.79999924,19.54999924,19.75,172002,0,1,18.98994861,yahoo_bootstrap
2022-08-19,19.75,19.89999962,19.64999962,19.85000038,206000,0,1,19.08610061,yahoo_bootstrap
2022-08-22,19.79999924,21.20000076,19.64999962,20.60000038,508000,0,1,19.8072379,yahoo_bootstrap
2022-08-23,20.20000076,20.54999924,20,20.10000038,207000,0,1,19.32647971,yahoo_bootstrap
2022-08-24,20.29999924,20.29999924,19.85000038,20.25,170000,0,1,19.4707068,yahoo_bootstrap
2022-08-25,20.5,21.45000076,20.5,21.39999962,1224050,0,1,20.57645028,yahoo_bootstrap
2022-08-26,21.60000038,23.25,21.5,22.75,4109254,0,1,21.87449777,yahoo_bootstrap
2022-08-29,22.29999924,24.29999924,22.04999924,24.04999924,7894460,0,1,23.12446834,yahoo_bootstrap
2022-08-30,24,25.25,23.79999924,24.20000076,7542063,0,1,23.26869725,yahoo_bootstrap
2022-08-31,24.20000076,24.60000038,23.64999962,24.5,2210011,0,1,23.55715144,yahoo_bootstrap
2022-09-01,24.60000038,25.14999962,23.60000038,23.60000038,2968456,0,1,22.69178706,yahoo_bootstrap
2022-09-02,23.60000038,23.95000076,23,23.35000038,1986140,0,1,22.45140796,yahoo_bootstrap
2022-09-05,23.20000076,23.39999962,22.45000076,22.95000076,1900001,0,1,22.06680177,yahoo_bootstrap
2022-09-06,23.04999924,23.79999924,21.85000038,21.89999962,3222100,0,1,21.05720847,yahoo_bootstrap
2022-09-07,21.89999962,22.54999924,21.5,22.20000076,1169161,0,1,21.34566448,yahoo_bootstrap
2022-09-08,22.89999962,23.39999962,22.70000076,23.20000076,1706305,0,1,22.30718087,yahoo_bootstrap
2022-09-12,23.89999962,23.89999962,23,23.04999924,1115001,0,1,22.16295195,yahoo_bootstrap
2022-09-13,23.25,23.64999962,22.95000076,23.04999924,850301,0,1,22.16295195,yahoo_bootstrap
2022-09-14,22.54999924,24.25,22.39999962,24,1986620,0,1,23.07639325,yahoo_bootstrap
2022-09-15,24.5,24.5,23.39999962,23.39999962,2558118,0,1,22.49948305,yahoo_bootstrap
2022-09-16,23.39999962,24.04999924,23.29999924,23.35000038,1106150,0,1,22.45140796,yahoo_bootstrap
2022-09-19,23.39999962,23.70000076,22.75,22.79999924,809000,0,1,21.92257285,yahoo_bootstrap
2022-09-20,23.14999962,24.35000038,23.04999924,24.25,3928172,0,1,23.31677234,yahoo_bootstrap
2022-09-21,24.14999962,25.14999962,23.75,24.85000038,5938266,0,1,23.89368254,yahoo_bootstrap
2022-09-22,25.70000076,25.70000076,24.5,24.5,5494267,0,1,23.55715144,yahoo_bootstrap
2022-09-23,24.39999962,24.79999924,23.64999962,24.14999962,2271100,0,1,23.22062034,yahoo_bootstrap
2022-09-26,23.89999962,23.89999962,22.5,22.64999962,1783256,0,1,21.77834576,yahoo_bootstrap
2022-09-27,23.20000076,23.75,22.39999962,23.60000038,1410070,0,1,22.69178706,yahoo_bootstrap
2022-09-28,23.39999962,23.5,21.25,21.29999924,2032219,0,1,20.48029828,yahoo_bootstrap
2022-09-29,21.5,22.5,21.5,22,1057000,0,1,21.15336048,yahoo_bootstrap
2022-09-30,21.54999924,22.85000038,21.29999924,22.75,706000,0,1,21.87449777,yahoo_bootstrap
2022-10-03,22.45000076,23.60000038,22.45000076,23.29999924,1266086,0,1,22.40333105,yahoo_bootstrap
2022-10-04,24,24.35000038,23.25,24.20000076,1686083,0,1,23.26869725,yahoo_bootstrap
2022-10-05,24.5,24.79999924,23.79999924,23.79999924,2109103,0,1,22.88408924,yahoo_bootstrap
2022-10-06,24.04999924,24.79999924,24,24.25,1605000,0,1,23.31677234,yahoo_bootstrap
2022-10-07,24.39999962,25.20000076,24.14999962,24.25,3091037,0,1,23.31677234,yahoo_bootstrap
2022-10-11,23.5,23.5,22.04999924,22.5,1661000,0,1,21.63411867,yahoo_bootstrap
2022-10-12,23,24.75,22.85000038,24.75,5434655,0,1,23.79753054,yahoo_bootstrap
2022-10-13,24.70000076,25.70000076,22.39999962,23.85000038,16670179,0,1,22.93216615,yahoo_bootstrap
2022-10-14,24.95000076,26.20000076,24.20000076,26.20000076,12708879,0,1,25.19173003,yahoo_bootstrap
2022-10-17,26,27.20000076,25.20000076,26.60000038,24589257,0,1,25.57633621,yahoo_bootstrap
2022-10-18,26.85000038,27.20000076,25.70000076,26.39999962,11910367,0,1,25.38403221,yahoo_bootstrap
2022-10-19,26.39999962,26.79999924,25.14999962,25.20000076,7937100,0,1,24.23021364,yahoo_bootstrap
2022-10-20,25.25,25.70000076,24.04999924,25.64999962,6908156,0,1,24.66289492,yahoo_bootstrap
2022-10-21,25.64999962,25.95000076,25.04999924,25.39999962,4632150,0,1,24.42251582,yahoo_bootstrap
2022-10-24,26,26.64999962,25.14999962,25.25,6714000,0,1,24.27828873,yahoo_bootstrap
2022-10-25,25.5,26.10000038,24.45000076,24.75,4937663,0,1,23.79753054,yahoo_bootstrap
2022-10-26,25,25.20000076,23.20000076,23.60000038,3476238,0,1,22.69178706,yahoo_bootstrap
2022-10-27,24.20000076,24.95000076,23.89999962,24.64999962,2844928,0,1,23.70137853,yahoo_bootstrap
2022-10-28,24.35000038,24.60000038,23.54999924,23.60000038,1949000,0,1,22.69178706,yahoo_bootstrap
2022-10-31,24.10000038,25.85000038,23.85000038,25.5,4993537,0,1,24.51866782,yahoo_bootstrap
2022-11-01,25.5,26.54999924,25.25,26.14999962,6454077,0,1,25.14365311,yahoo_bootstrap
2022-11-02,26.20000076,26.64999962,25.75,26.5,4295057,0,1,25.48018421,yahoo_bootstrap
2022-11-03,26.14999962,27.70000076,26,26.45000076,9318100,0,1,25.43210912,yahoo_bootstrap
2022-11-04,26.39999962,27.20000076,25.29999924,27.14999962,10139910,0,1,26.1051695,yahoo_bootstrap
2022-11-07,27.5,27.79999924,26.75,27.25,6430228,0,1,26.2013215,yahoo_bootstrap
2022-11-08,27.75,29.95000076,26.60000038,26.64999962,16665591,0,1,25.6244113,yahoo_bootstrap
2022-11-09,27.10000038,29.10000038,27,27.29999924,14058500,0,1,26.24939659,yahoo_bootstrap
2022-11-10,27.35000038,27.64999962,26.20000076,26.45000076,4451200,0,1,25.43210912,yahoo_bootstrap
2022-11-11,27.25,27.39999962,26.10000038,26.39999962,3590050,0,1,25.38403221,yahoo_bootstrap
2022-11-14,26.64999962,27.5,26.60000038,27.29999924,2967643,0,1,26.24939659,yahoo_bootstrap
2022-11-15,27.39999962,27.5,26.29999924,26.54999924,3109200,0,1,25.5282593,yahoo_bootstrap
2022-11-16,26.85000038,27.5,26.45000076,26.5,3310214,0,1,25.48018421,yahoo_bootstrap
2022-11-17,26.60000038,27.29999924,26.5,27.10000038,2174500,0,1,26.05709441,yahoo_bootstrap
2022-11-18,27.39999962,28.70000076,27.04999924,28.04999924,8889010,0,1,26.97053388,yahoo_bootstrap
2022-11-21,28.60000038,29.5,27.89999962,28.85000038,11327776,0,1,27.73974808,yahoo_bootstrap
2022-11-22,29.20000076,29.45000076,27.89999962,28.85000038,6663213,0,1,27.73974808,yahoo_bootstrap
2022-11-23,28.89999962,29.14999962,28,28,6849250,0,1,26.92245879,yahoo_bootstrap
2022-11-24,28.20000076,28.20000076,27.5,27.70000076,2197062,0,1,26.6340046,yahoo_bootstrap
2022-11-25,27.70000076,28,27.04999924,27.04999924,2451706,0,1,26.00901749,yahoo_bootstrap
2022-11-28,26.89999962,28.95000076,26.60000038,28.45000076,7063456,0,1,27.35514189,yahoo_bootstrap
2022-11-29,28.20000076,28.89999962,28.10000038,28.29999924,3877560,0,1,27.21091297,yahoo_bootstrap
2022-11-30,28.35000038,30.29999924,28.29999924,29.60000038,11412659,0,1,28.46088537,yahoo_bootstrap
2022-12-01,30.64999962,31,29.64999962,30.14999962,10636787,0,1,28.98971865,yahoo_bootstrap
2022-12-02,30.45000076,30.70000076,28.95000076,29,5939056,0,1,27.88397517,yahoo_bootstrap
2022-12-05,29,29.35000038,28.64999962,28.95000076,2819740,0,1,27.83590008,yahoo_bootstrap
2022-12-06,28.95000076,29.14999962,28.25,28.39999962,2799103,0,1,27.30706498,yahoo_bootstrap
2022-12-07,28.39999962,29.10000038,27.79999924,28.25,3595000,0,1,27.16283788,yahoo_bootstrap
2022-12-08,28.25,30.04999924,28.20000076,29.75,5716172,0,1,28.60511246,yahoo_bootstrap
2022-12-09,30.20000076,30.25,29.04999924,29.04999924,3653235,0,1,27.93205026,yahoo_bootstrap
2022-12-12,29,29,28.35000038,28.60000038,1888000,0,1,27.49936898,yahoo_bootstrap
2022-12-13,28.89999962,28.89999962,28.20000076,28.20000076,1886100,0,1,27.1147628,yahoo_bootstrap
2022-12-14,28.39999962,28.95000076,28.10000038,28.60000038,2172001,0,1,27.49936898,yahoo_bootstrap
2022-12-15,28.70000076,29.14999962,28.60000038,28.64999962,1762209,0,1,27.54744407,yahoo_bootstrap
2022-12-16,28.20000076,28.29999924,27.20000076,27.20000076,3752082,0,1,26.15324641,yahoo_bootstrap
2022-12-19,27.04999924,27.54999924,26.89999962,27,1005019,0,1,25.9609424,yahoo_bootstrap
2022-12-20,27.10000038,27.35000038,26,26,1527005,0,1,24.99942602,yahoo_bootstrap
2022-12-21,26.20000076,26.60000038,26,26.14999962,722001,0,1,25.14365311,yahoo_bootstrap
2022-12-22,26.64999962,26.70000076,26.14999962,26.29999924,747040,0,1,25.2878802,yahoo_bootstrap
2022-12-23,26,26,25.64999962,25.85000038,871001,0,1,24.85519893,yahoo_bootstrap
2022-12-26,25.89999962,26.14999962,25.54999924,25.89999962,764005,0,1,24.90327401,yahoo_bootstrap
2022-12-27,26,26.29999924,25.89999962,26,569052,0,1,24.99942602,yahoo_bootstrap
2022-12-28,25.95000076,26,24.89999962,24.95000076,1324152,0,1,23.98983454,yahoo_bootstrap
2022-12-29,24.64999962,25.20000076,24.5,25.14999962,575000,0,1,24.18213672,yahoo_bootstrap
2022-12-30,25.39999962,25.5,24.79999924,24.79999924,599150,0,1,23.84560562,yahoo_bootstrap
2023-01-03,24.89999962,26.04999924,24.70000076,26,1116020,0,1,24.99942602,yahoo_bootstrap
2023-01-04,25.95000076,26.64999962,25.89999962,26.25,1390462,0,1,25.23980511,yahoo_bootstrap
2023-01-05,26.60000038,26.75,26,26,599050,0,1,24.99942602,yahoo_bootstrap
2023-01-06,26.10000038,26.14999962,25.85000038,25.95000076,413000,0,1,24.95135093,yahoo_bootstrap
2023-01-09,26.29999924,26.45000076,26,26.14999962,444435,0,1,25.14365311,yahoo_bootstrap
2023-01-10,27.20000076,27.95000076,26.60000038,27.45000076,5344620,0,1,26.39362551,yahoo_bootstrap
2023-01-11,27.89999962,28.45000076,27.29999924,27.39999962,5457068,0,1,26.34554859,yahoo_bootstrap
2023-01-12,27.5,27.5,26.35000038,26.39999962,2071251,0,1,25.38403221,yahoo_bootstrap
2023-01-13,26.64999962,26.75,25.79999924,25.89999962,951001,0,1,24.90327401,yahoo_bootstrap
2023-01-16,26.10000038,26.39999962,25.79999924,26.29999924,666013,0,1,25.2878802,yahoo_bootstrap
2023-01-17,26.29999924,26.45000076,26.14999962,26.14999962,644000,0,1,25.14365311,yahoo_bootstrap
2023-01-30,26.64999962,27.04999924,26.60000038,26.79999924,808000,0,1,25.7686384,yahoo_bootstrap
2023-01-31,26.79999924,27.25,26.79999924,27,769001,0,1,25.9609424,yahoo_bootstrap
2023-02-01,27.20000076,28.70000076,27.20000076,28.45000076,5426502,0,1,27.35514189,yahoo_bootstrap
2023-02-02,28.60000038,29.14999962,28.39999962,28.79999924,6626504,0,1,27.69167117,yahoo_bootstrap
2023-02-03,29.10000038,29.95000076,28.85000038,29.10000038,6535254,0,1,27.98012718,yahoo_bootstrap
2023-02-06,29,30,29,29.60000038,2468154,0,1,28.46088537,yahoo_bootstrap
2023-02-07,29.95000076,30.35000038,29.54999924,30.04999924,2984315,0,1,28.89356665,yahoo_bootstrap
2023-02-08,30.45000076,31.64999962,30.25,31,8087216,0,1,29.80700794,yahoo_bootstrap
2023-02-09,31.20000076,31.95000076,30.29999924,30.39999962,5262251,0,1,29.23009775,yahoo_bootstrap
2023-02-10,29.79999924,30.10000038,28.5,28.70000076,5345317,0,1,27.59552099,yahoo_bootstrap
2023-02-13,28.54999924,28.89999962,28.29999924,28.79999924,1452975,0,1,27.69167117,yahoo_bootstrap
2023-02-14,29.10000038,29.29999924,28.20000076,28.25,1782000,0,1,27.16283788,yahoo_bootstrap
2023-02-15,28.25,28.64999962,28.25,28.5,1164000,0,1,27.40321698,yahoo_bootstrap
2023-02-16,28.79999924,29.14999962,28.70000076,28.79999924,1389062,0,1,27.69167117,yahoo_bootstrap
2023-02-17,28.5,28.89999962,28.29999924,28.79999924,713179,0,1,27.69167117,yahoo_bootstrap
2023-02-20,28.95000076,29.39999962,28.89999962,29.39999962,1668343,0,1,28.26858136,yahoo_bootstrap
2023-02-21,29.5,29.64999962,29.25,29.35000038,1219549,0,1,28.22050627,yahoo_bootstrap
2023-02-22,28.89999962,29.95000076,28.89999962,29.89999962,2214063,0,1,28.74933955,yahoo_bootstrap
2023-02-23,30.29999924,30.35000038,29.14999962,29.20000076,2975054,0,1,28.07627918,yahoo_bootstrap
2023-02-24,29.29999924,29.39999962,28.20000076,28.35000038,2298320,0,1,27.25898989,yahoo_bootstrap
2023-03-01,28.20000076,29.39999962,27.79999924,29.29999924,2085381,0,1,28.17242936,yahoo_bootstrap
2023-03-02,29.5,30,29.20000076,29.89999962,4339025,0,1,28.74933955,yahoo_bootstrap
2023-03-03,30.04999924,30.10000038,29.5,29.60000038,1409399,0,1,28.46088537,yahoo_bootstrap
2023-03-06,29.89999962,30.29999924,29.70000076,30,1793507,0,1,28.84549156,yahoo_bootstrap
2023-03-07,30.25,30.95000076,30.25,30.60000038,2700103,0,1,29.42240176,yahoo_bootstrap
2023-03-08,30.45000076,31.79999924,30.39999962,31.45000076,4910168,0,1,30.23969105,yahoo_bootstrap
2023-03-09,34,34.54999924,33.34999847,34.54999924,13626522,0,1,33.22039038,yahoo_bootstrap
2023-03-10,34.79999924,37.59999847,34.70000076,36.70000076,34549781,0,1,35.28765207,yahoo_bootstrap
2023-03-13,37.54999924,38.29999924,34.79999924,37.75,26790482,0,1,36.29724354,yahoo_bootstrap
2023-03-14,37,37.90000153,35.90000153,37.90000153,12018838,0,1,36.44147247,yahoo_bootstrap
2023-03-15,38.20000076,38.95000076,36.54999924,36.79999924,18373420,0,1,35.38380225,yahoo_bootstrap
2023-03-16,36,36.70000076,34.70000076,35.20000076,9558418,0,1,33.84537749,yahoo_bootstrap
2023-03-17,35.90000153,36.40000153,35.09999847,35.15000153,5416294,0,1,33.79730241,yahoo_bootstrap
2023-03-20,35.15000153,35.79999924,34.45000076,35.79999924,4092678,0,1,34.42228586,yahoo_bootstrap
2023-03-21,36,37.84999847,35.45000076,37.59999847,11458285,0,1,36.15301462,yahoo_bootstrap
2023-03-22,37.59999847,37.90000153,36.25,36.79999924,9554156,0,1,35.38380225,yahoo_bootstrap
2023-03-23,36.29999924,36.54999924,34.79999924,34.84999847,7114436,0,1,33.50884456,yahoo_bootstrap
2023-03-24,35.04999924,35.40000153,34.59999847,35.15000153,4737315,0,1,33.79730241,yahoo_bootstrap
2023-03-27,35.40000153,36.54999924,34.90000153,35.15000153,10248800,0,1,33.79730241,yahoo_bootstrap
2023-03-28,34.79999924,35.04999924,33.09999847,33.5,6292141,0,1,32.21079891,yahoo_bootstrap
2023-03-29,33.70000076,33.90000153,33.09999847,33.34999847,3807051,0,1,32.06656998,yahoo_bootstrap
2023-03-30,33.95000076,34.75,33.90000153,34.29999924,5260167,0,1,32.98001128,yahoo_bootstrap
2023-03-31,34.65000153,34.79999924,34.15000153,34.40000153,2780911,0,1,33.07616513,yahoo_bootstrap
2023-04-06,34.45000076,35.45000076,34.09999847,35.45000076,3495000,0,1,34.08575659,yahoo_bootstrap
2023-04-07,35.40000153,35.40000153,34.70000076,35,3150000,0,1,33.65307349,yahoo_bootstrap
2023-04-10,35.04999924,35.70000076,34.90000153,35.40000153,2906253,0,1,34.03768151,yahoo_bootstrap
2023-04-11,35.59999847,37.70000076,35.20000076,37.5,12158405,0,1,36.05686445,yahoo_bootstrap
2023-04-12,37.90000153,37.90000153,36.75,37.70000076,8885204,0,1,36.24916846,yahoo_bootstrap
2023-04-13,37.90000153,41.45000076,37.34999847,41.45000076,18922779,0,1,39.8548549,yahoo_bootstrap
2023-04-14,42.5,42.79999924,40.59999847,41.5,16682283,0,1,39.90292999,yahoo_bootstrap
2023-04-17,41.54999924,42.09999847,40.54999924,41.5,8415394,0,1,39.90292999,yahoo_bootstrap
2023-04-18,42.15000153,44.75,40.95000076,41.09999847,16921150,0,1,39.51832196,yahoo_bootstrap
2023-04-19,40.75,41.65000153,40.25,41.09999847,6491686,0,1,39.51832196,yahoo_bootstrap
2023-04-20,42,42,39.5,39.95000076,5049100,0,1,38.41258032,yahoo_bootstrap
2023-04-21,40.40000153,40.59999847,38.20000076,38.59999847,3909191,0,1,37.114531,yahoo_bootstrap
2023-04-24,39.5,39.65000153,38.59999847,39.65000153,2741236,0,1,38.12412615,yahoo_bootstrap
2023-04-25,39.90000153,40.09999847,37.59999847,37.79999924,6304200,0,1,36.34531863,yahoo_bootstrap
2023-04-26,37.79999924,38.40000153,37.5,38.15000153,2216023,0,1,36.68185157,yahoo_bootstrap
2023-04-27,38.5,38.5,37.5,37.79999924,1767530,0,1,36.34531863,yahoo_bootstrap
2023-04-28,38.29999924,38.95000076,38,38.70000076,4124535,0,1,37.21068484,yahoo_bootstrap
2023-05-02,39.20000076,39.70000076,38.70000076,39.29999924,6151500,0,1,37.78759321,yahoo_bootstrap
2023-05-03,40,40,38.04999924,38.04999924,4834101,0,1,36.58569773,yahoo_bootstrap
2023-05-04,37.70000076,38.04999924,36.20000076,36.90000153,4646336,0,1,35.47995609,yahoo_bootstrap
2023-05-05,36.65000153,38.09999847,36.25,37.29999924,5687901,0,1,35.86456044,yahoo_bootstrap
2023-05-08,38,38,36.45000076,36.5,3433595,0,1,35.09534806,yahoo_bootstrap
2023-05-09,36.40000153,36.40000153,34.70000076,34.75,4755000,0,1,33.41269439,yahoo_bootstrap
2023-05-10,34.75,35.15000153,34.45000076,34.45000076,1812885,0,1,33.1242402,yahoo_bootstrap
2023-05-11,34.45000076,34.5,33.20000076,33.29999924,3161360,0,1,32.0184949,yahoo_bootstrap
2023-05-12,33.90000153,33.90000153,32.70000076,33.65000153,1745036,0,1,32.35502784,yahoo_bootstrap
2023-05-15,33.5,33.54999924,32.54999924,33.04999924,1616289,0,1,31.7781158,yahoo_bootstrap
2023-05-16,33.70000076,33.75,33.04999924,33.04999924,1437052,0,1,31.7781158,yahoo_bootstrap
2023-05-17,33.15000153,33.54999924,33,33.34999847,1326092,0,1,32.06656998,yahoo_bootstrap
2023-05-18,33.54999924,34.09999847,33.45000076,34,2114071,0,1,32.6915571,yahoo_bootstrap
2023-05-19,34.20000076,34.40000153,33.04999924,33.15000153,2338300,0,1,31.87426964,yahoo_bootstrap
2023-05-22,33.34999847,33.79999924,33.29999924,33.54999924,1104327,0,1,32.258874,yahoo_bootstrap
2023-05-23,33.90000153,34,33.34999847,33.79999924,1274500,0,1,32.49925309,yahoo_bootstrap
2023-05-24,33.65000153,33.75,33.04999924,33.34999847,1453000,0,1,32.06656998,yahoo_bootstrap
2023-05-25,33.5,33.59999847,32.65000153,32.75,1634001,0,1,31.48966162,yahoo_bootstrap
2023-05-26,33,33,32,32.15000153,2115200,0,1,30.91275326,yahoo_bootstrap
2023-05-29,32.5,33.84999847,32.40000153,33.34999847,2703001,0,1,32.06656998,yahoo_bootstrap
2023-05-30,33.29999924,33.40000153,32.54999924,32.54999924,1692000,0,1,31.29735761,yahoo_bootstrap
2023-05-31,32.59999847,33.25,32.59999847,32.95000076,997002,0,1,31.68196563,yahoo_bootstrap
2023-06-01,32.75,33.20000076,32.59999847,33.04999924,786674,0,1,31.7781158,yahoo_bootstrap
2023-06-02,33.09999847,34.75,33,34.65000153,4347500,0,1,33.31654422,yahoo_bootstrap
2023-06-05,34.59999847,34.79999924,34.04999924,34.04999924,2142559,0,1,32.73963219,yahoo_bootstrap
2023-06-06,34.5,34.5,33.54999924,33.79999924,1607246,0,1,32.49925309,yahoo_bootstrap
2023-06-07,34.20000076,34.40000153,33.84999847,33.95000076,1101066,0,1,32.64348201,yahoo_bootstrap
2023-06-08,33.40000153,33.40000153,31.14999962,31.54999924,6058067,0,1,30.33584123,yahoo_bootstrap
2023-06-09,31.70000076,31.95000076,31.35000038,31.45000076,1662317,0,1,30.23969105,yahoo_bootstrap
2023-06-12,31.89999962,31.89999962,30.95000076,30.95000076,1639055,0,1,29.75893286,yahoo_bootstrap
2023-06-13,31.29999924,31.29999924,30.64999962,30.79999924,862001,0,1,29.61470394,yahoo_bootstrap
2023-06-14,31,31.45000076,30.89999962,31.10000038,857070,0,1,29.90315995,yahoo_bootstrap
2023-06-15,31,31.39999962,30.79999924,31.14999962,747004,0,1,29.95123504,yahoo_bootstrap
2023-06-16,31.5,31.54999924,30.89999962,31.10000038,1018778,0,1,29.90315995,yahoo_bootstrap
2023-06-19,31.14999962,33,31.14999962,32.09999847,3877200,0,1,30.8646745,yahoo_bootstrap
2023-06-20,32.5,33.15000153,32.25,32.79999924,2888000,0,1,31.53773671,yahoo_bootstrap
2023-06-21,32.5,34.20000076,32.40000153,33.70000076,5394100,0,1,32.40310292,yahoo_bootstrap
2023-06-26,33.29999924,33.5,32.65000153,32.70000076,1649189,0,1,31.44158653,yahoo_bootstrap
2023-06-27,32.70000076,32.70000076,31.39999962,31.54999924,1341000,0,1,30.33584123,yahoo_bootstrap
2023-06-28,32.09999847,32.29999924,31.60000038,31.75,486002,0,1,30.52814523,yahoo_bootstrap
2023-06-29,31.79999924,32.95000076,31.79999924,32.84999847,1317000,0,1,31.58581179,yahoo_bootstrap
2023-06-30,32.79999924,32.79999924,32.40000153,32.79999924,538001,0,1,31.53773671,yahoo_bootstrap
2023-07-03,33.09999847,34.70000076,32.59999847,34.15000153,5362050,0,1,32.83578603,yahoo_bootstrap
2023-07-04,34.20000076,35.84999847,33.59999847,35.5,7069406,0,1,34.13383168,yahoo_bootstrap
2023-07-05,35.54999924,35.84999847,34.45000076,34.54999924,3268747,0,1,33.22039038,yahoo_bootstrap
2023-07-06,34.54999924,35,34.09999847,34.15000153,1508101,0,1,32.83578603,yahoo_bootstrap
2023-07-07,34.15000153,34.45000076,33.04999924,34.20000076,2083001,0,1,32.88386111,yahoo_bootstrap
2023-07-10,34.34999847,35.09999847,34.15000153,34.70000076,1605300,0,1,33.3646193,yahoo_bootstrap
2023-07-11,35.95000076,35.95000076,34.15000153,34.15000153,2095060,0,1,32.83578603,yahoo_bootstrap
2023-07-12,34.25,34.84999847,33.25,33.45000076,1257350,0,1,32.16272382,yahoo_bootstrap
2023-07-13,33.84999847,35.5,33.70000076,34.40000153,4549285,0,1,33.07616513,yahoo_bootstrap
2023-07-14,34.5,35.09999847,34.34999847,34.45000076,1532514,0,1,33.1242402,yahoo_bootstrap
2023-07-17,34.90000153,35.75,33.84999847,34.70000076,5142000,0,1,33.3646193,yahoo_bootstrap
2023-07-18,34.70000076,34.79999924,33.5,33.5,2027100,0,1,32.21079891,yahoo_bootstrap
2023-07-19,34,34,32.04999924,32.15000153,1692078,0,1,30.91275326,yahoo_bootstrap
2023-07-20,32.04999924,32.79999924,32.04999924,32.45000076,635001,0,1,31.20120743,yahoo_bootstrap
2023-07-21,33,33.70000076,32.79999924,33.65000153,1990106,0,1,32.35502784,yahoo_bootstrap
2023-07-24,33.20000076,33.5,32.20000076,32.25,1650000,0,1,31.00890343,yahoo_bootstrap
2023-07-25,32.40000153,34.5,32.40000153,34.04999924,2152036,0,1,32.73963219,yahoo_bootstrap
2023-07-26,34.04999924,34.04999924,33,33,1115000,0,1,31.73004071,yahoo_bootstrap
2023-07-27,33.04999924,33.84999847,33.04999924,33.15000153,664295,0,1,31.87426964,yahoo_bootstrap
2023-07-28,33.25,33.65000153,32.5,32.65000153,886275,0,1,31.39351145,yahoo_bootstrap
2023-07-31,32.75,34.5,32.75,32.95000076,4215057,0,1,31.68196563,yahoo_bootstrap
2023-08-01,33.09999847,33.75,32.5,32.84999847,1292000,0,1,31.58581179,yahoo_bootstrap
2023-08-02,32.95000076,33.09999847,31.60000038,31.64999962,1191582,0,1,30.43199323,yahoo_bootstrap
2023-08-04,31.64999962,32.15000153,31,31.79999924,533317,0,1,30.57622032,yahoo_bootstrap
2023-08-07,31.64999962,32,31.35000038,32,399755,0,1,30.76852433,yahoo_bootstrap
2023-08-08,31.64999962,32,31.10000038,31.20000076,953655,0,1,29.99931195,yahoo_bootstrap
2023-08-09,31.35000038,31.5,30.04999924,30.10000038,1376173,0,1,28.94164356,yahoo_bootstrap
2023-08-10,30.10000038,30.10000038,29,29.10000038,1162129,0,1,27.98012718,yahoo_bootstrap
2023-08-11,29.29999924,29.79999924,28.54999924,28.60000038,725001,0,1,27.49936898,yahoo_bootstrap
2023-08-14,28.29999924,28.29999924,27.54999924,28.20000076,793125,0,1,27.1147628,yahoo_bootstrap
2023-08-15,28.54999924,28.89999962,28.39999962,28.54999924,284005,0,1,27.45129207,yahoo_bootstrap
2023-08-16,28.10000038,28.54999924,27.39999962,28.14999962,504491,0,1,27.06668588,yahoo_bootstrap
2023-08-17,27.79999924,28.70000076,27.45000076,28.60000038,523000,0,1,27.49936898,yahoo_bootstrap
2023-08-18,28.25,28.70000076,27.70000076,27.70000076,644001,0,1,26.6340046,yahoo_bootstrap
2023-08-21,27.85000038,28.45000076,27.79999924,28.25,465000,0,1,27.16283788,yahoo_bootstrap
2023-08-22,28.45000076,28.45000076,27.39999962,27.45000076,470004,0,1,26.39362551,yahoo_bootstrap
2023-08-23,27.95000076,28,27.45000076,27.5,590198,0,1,26.4417006,yahoo_bootstrap
2023-08-24,27.79999924,28.14999962,27.25,27.64999962,515002,0,1,26.58592769,yahoo_bootstrap
2023-08-25,27.35000038,27.79999924,27.14999962,27.35000038,418052,0,1,26.2974735,yahoo_bootstrap
2023-08-28,27.35000038,27.35000038,26.70000076,26.85000038,871000,0,1,25.81671531,yahoo_bootstrap
2023-08-29,27,27.64999962,27,27.45000076,455010,0,1,26.39362551,yahoo_bootstrap
2023-08-30,27.70000076,28.39999962,27.39999962,28.04999924,639902,0,1,26.97053388,yahoo_bootstrap
2023-08-31,28.35000038,28.39999962,27.75,27.89999962,224216,0,1,26.82630678,yahoo_bootstrap
2023-09-01,27.85000038,28.39999962,27.79999924,27.95000076,259000,0,1,26.8743837,yahoo_bootstrap
2023-09-04,28.35000038,28.35000038,27.54999924,27.70000076,263000,0,1,26.6340046,yahoo_bootstrap
2023-09-05,27.79999924,28.25,27.79999924,28,224369,0,1,26.92245879,yahoo_bootstrap
2023-09-06,28,30.39999962,27.85000038,29.5,3254150,0,1,28.36473337,yahoo_bootstrap
2023-09-07,29,29.89999962,28.60000038,29.39999962,1185691,0,1,28.26858136,yahoo_bootstrap
2023-09-08,29.54999924,29.54999924,28.70000076,28.70000076,591067,0,1,27.59552099,yahoo_bootstrap
2023-09-11,29.25,29.25,28.14999962,28.14999962,373034,0,1,27.06668588,yahoo_bootstrap
2023-09-12,28.04999924,28.35000038,27.95000076,28,333266,0,1,26.92245879,yahoo_bootstrap
2023-09-13,28.14999962,28.45000076,28,28.10000038,144474,0,1,27.01861079,yahoo_bootstrap
2023-09-14,28.14999962,30.29999924,28.14999962,29.35000038,1547220,0,1,28.22050627,yahoo_bootstrap
2023-09-15,29,29.35000038,28.89999962,29,373060,0,1,27.88397517,yahoo_bootstrap
2023-09-18,28.95000076,29.14999962,28.75,29.04999924,190133,0,1,27.93205026,yahoo_bootstrap
2023-09-19,29.10000038,29.39999962,28.79999924,28.79999924,312244,0,1,27.69167117,yahoo_bootstrap
2023-09-20,28.64999962,28.79999924,28.25,28.39999962,187000,0,1,27.30706498,yahoo_bootstrap
2023-09-21,28.39999962,28.39999962,27.70000076,28,257000,0,1,26.92245879,yahoo_bootstrap
2023-09-22,27.89999962,28.5,27.70000076,28.45000076,215000,0,1,27.35514189,yahoo_bootstrap
2023-09-25,28.5,29,28.5,28.70000076,222000,0,1,27.59552099,yahoo_bootstrap
2023-09-26,29,29,28.04999924,28.04999924,221001,0,1,26.97053388,yahoo_bootstrap
2023-09-27,28.45000076,28.45000076,27.89999962,28.14999962,152148,0,1,27.06668588,yahoo_bootstrap
2023-09-28,28.04999924,28.64999962,28.04999924,28.25,171000,0,1,27.16283788,yahoo_bootstrap
2023-10-02,28.25,28.85000038,28.25,28.64999962,208003,0,1,27.54744407,yahoo_bootstrap
2023-10-03,28.54999924,28.60000038,27.95000076,28.04999924,261000,0,1,26.97053388,yahoo_bootstrap
2023-10-04,27.75,27.79999924,27.10000038,27.14999962,427100,0,1,26.1051695,yahoo_bootstrap
2023-10-05,27.45000076,27.85000038,27.35000038,27.70000076,247000,0,1,26.6340046,yahoo_bootstrap
2023-10-06,27.70000076,28.14999962,27.70000076,27.70000076,168005,0,1,26.6340046,yahoo_bootstrap
2023-10-11,27.70000076,27.79999924,25.54999924,25.60000038,1015000,0,1,24.61481983,yahoo_bootstrap
2023-10-12,26,26.45000076,25.64999962,26.39999962,472000,0,1,25.38403221,yahoo_bootstrap
2023-10-13,26.20000076,26.79999924,25.89999962,25.89999962,272000,0,1,24.90327401,yahoo_bootstrap
2023-10-16,25.89999962,25.89999962,25.20000076,25.20000076,568284,0,1,24.23021364,yahoo_bootstrap
2023-10-17,25.54999924,25.60000038,25,25,322006,0,1,24.03790963,yahoo_bootstrap
2023-10-18,25,25.04999924,24.14999962,24.20000076,566244,0,1,23.26869725,yahoo_bootstrap
2023-10-19,24.29999924,24.85000038,24.10000038,24.5,376001,0,1,23.55715144,yahoo_bootstrap
2023-10-20,24.5,24.5,23.79999924,24.10000038,244100,0,1,23.17254525,yahoo_bootstrap
2023-10-23,23.89999962,24.60000038,23.89999962,24.20000076,241000,0,1,23.26869725,yahoo_bootstrap
2023-10-24,24.64999962,24.70000076,24.10000038,24.70000076,230001,0,1,23.74945545,yahoo_bootstrap
2023-10-25,24.75,25.29999924,24.70000076,24.89999962,283005,0,1,23.94175763,yahoo_bootstrap
2023-10-26,24.54999924,24.79999924,24.35000038,24.35000038,221000,0,1,23.41292435,yahoo_bootstrap
2023-10-27,24.75,24.75,24.25,24.25,186000,0,1,23.31677234,yahoo_bootstrap
2023-10-30,24.45000076,24.54999924,24.20000076,24.29999924,140000,0,1,23.36484743,yahoo_bootstrap
2023-10-31,24.45000076,24.60000038,23.60000038,23.64999962,260071,0,1,22.73986215,yahoo_bootstrap
2023-11-01,23.79999924,24.04999924,23.5,23.70000076,307006,0,1,22.78793906,yahoo_bootstrap
2023-11-02,24.20000076,24.85000038,24.20000076,24.5,232253,0,1,23.55715144,yahoo_bootstrap
2023-11-03,25.10000038,26.5,25.04999924,25.75,1340509,0,1,24.75904692,yahoo_bootstrap
2023-11-06,25.89999962,26.04999924,25.60000038,25.85000038,390197,0,1,24.85519893,yahoo_bootstrap
2023-11-07,25.85000038,26.29999924,25.60000038,26.14999962,482101,0,1,25.14365311,yahoo_bootstrap
2023-11-08,26.35000038,26.39999962,26,26.29999924,167100,0,1,25.2878802,yahoo_bootstrap
2023-11-09,26.45000076,26.70000076,26.20000076,26.25,555991,0,1,25.23980511,yahoo_bootstrap
2023-11-10,26.25,26.25,25.85000038,26,288001,0,1,24.99942602,yahoo_bootstrap
2023-11-13,26,26,25.5,25.60000038,221000,0,1,24.61481983,yahoo_bootstrap
2023-11-14,25.85000038,25.89999962,25.64999962,25.85000038,166001,0,1,24.85519893,yahoo_bootstrap
2023-11-15,26,26.60000038,25.89999962,26.39999962,468004,0,1,25.38403221,yahoo_bootstrap
2023-11-16,26.60000038,27,26.39999962,27,545128,0,1,25.9609424,yahoo_bootstrap
2023-11-17,26.60000038,27.04999924,26.14999962,26.5,519000,0.5,1,25.9609424,yahoo_bootstrap
2023-11-20,26.54999924,27.04999924,26.54999924,26.95000076,342000,0,1,26.40178934,yahoo_bootstrap
2023-11-21,27.10000038,27.29999924,26.85000038,26.95000076,297000,0,1,26.40178934,yahoo_bootstrap
2023-11-22,27.04999924,27.5,26.95000076,27.29999924,338410,0,1,26.74466822,yahoo_bootstrap
2023-11-23,27.39999962,27.45000076,27,27.04999924,247127,0,1,26.49975367,yahoo_bootstrap
2023-11-24,27.04999924,27.29999924,27,27,138000,0,1,26.4507715,yahoo_bootstrap
2023-11-27,27,27.04999924,26.79999924,26.89999962,168000,0,1,26.35280531,yahoo_bootstrap
2023-11-28,26.89999962,27.10000038,26.79999924,26.85000038,211253,0,1,26.30382315,yahoo_bootstrap
2023-11-29,26.95000076,27.60000038,26.95000076,27.14999962,408022,0,1,26.59771986,yahoo_bootstrap
2023-11-30,27.75,29.85000038,27.70000076,29.85000038,4049254,0,1,29.24279776,yahoo_bootstrap
2023-12-01,30,30.25,29.04999924,29.29999924,5015890,0,1,28.70398463,yahoo_bootstrap
2023-12-04,29.5,29.5,28.39999962,28.54999924,1546433,0,1,27.96924098,yahoo_bootstrap
2023-12-05,28.54999924,30.14999962,28.20000076,30.04999924,2424019,0,1,29.43872828,yahoo_bootstrap
2023-12-06,30.20000076,30.39999962,29.39999962,29.39999962,3018300,0,1,28.80195082,yahoo_bootstrap
2023-12-07,29.54999924,30.25,29.5,29.75,1458000,0,1,29.14483157,yahoo_bootstrap
2023-12-08,29.85000038,31.75,29.45000076,31,5650798,0,1,30.36940432,yahoo_bootstrap
2023-12-11,31.10000038,31.39999962,30.5,30.5,1600000,0,1,29.87957522,yahoo_bootstrap
2023-12-12,30.5,31.64999962,30.25,31,3636533,0,1,30.36940432,yahoo_bootstrap
2023-12-13,31,31.29999924,30.54999924,30.60000038,1406304,0,1,29.97754141,yahoo_bootstrap
2023-12-14,31,31.10000038,30.45000076,30.5,922209,0,1,29.87957522,yahoo_bootstrap
2023-12-15,30.75,30.89999962,29.75,29.79999924,989047,0,1,29.19381373,yahoo_bootstrap
2023-12-18,30.60000038,31.39999962,30.04999924,30.14999962,1721130,0,1,29.53669447,yahoo_bootstrap
2023-12-19,30.14999962,30.5,29.14999962,30.29999924,876253,0,1,29.68364283,yahoo_bootstrap
2023-12-20,30.5,30.85000038,30.25,30.35000038,581750,0,1,29.73262686,yahoo_bootstrap
2023-12-21,30.20000076,30.20000076,29.60000038,29.79999924,317002,0,1,29.19381373,yahoo_bootstrap
2023-12-22,30.14999962,30.14999962,29.54999924,29.54999924,262000,0,1,28.94889918,yahoo_bootstrap
2023-12-25,29.60000038,29.75,28.89999962,28.89999962,478001,0,1,28.31212172,yahoo_bootstrap
2023-12-26,29.04999924,29.54999924,29.04999924,29.20000076,262000,0,1,28.6060203,yahoo_bootstrap
2023-12-27,29.29999924,29.45000076,29,29,298507,0,1,28.41008791,yahoo_bootstrap
2023-12-28,29.20000076,30,29.20000076,29.20000076,371000,0,1,28.6060203,yahoo_bootstrap
2023-12-29,29.60000038,29.60000038,29.10000038,29.14999962,194481,0,1,28.55703627,yahoo_bootstrap
2024-01-02,29.79999924,30.25,29.60000038,30.10000038,1193214,0,1,29.48771231,yahoo_bootstrap
2024-01-03,30.10000038,30.10000038,29.39999962,29.39999962,664230,0,1,28.80195082,yahoo_bootstrap
2024-01-04,29.60000038,29.60000038,28.54999924,28.54999924,807192,0,1,27.96924098,yahoo_bootstrap
2024-01-05,28.5,29.10000038,28.5,28.85000038,278001,0,1,28.26313955,yahoo_bootstrap
2024-01-08,29.14999962,29.14999962,28.60000038,28.64999962,227000,0,1,28.06720717,yahoo_bootstrap
2024-01-09,28.79999924,28.79999924,28.10000038,28.20000076,489000,0,1,27.62636209,yahoo_bootstrap
2024-01-10,28.20000076,28.25,27.60000038,27.79999924,257317,0,1,27.23449732,yahoo_bootstrap
2024-01-11,27.95000076,28.14999962,27.85000038,28.04999924,157004,0,1,27.47941187,yahoo_bootstrap
2024-01-12,28.04999924,28.04999924,27.54999924,27.54999924,195000,0,1,26.98958277,yahoo_bootstrap
2024-01-15,27.85000038,28.39999962,27.79999924,28.20000076,183000,0,1,27.62636209,yahoo_bootstrap
2024-01-16,28.04999924,28.04999924,27.70000076,27.85000038,245000,0,1,27.28348135,yahoo_bootstrap
2024-01-17,28,28,27.20000076,27.25,288000,0,1,26.69568606,yahoo_bootstrap
2024-01-18,27.14999962,27.70000076,27.14999962,27.5,173200,0,1,26.94060061,yahoo_bootstrap
2024-01-19,27.54999924,28,27.39999962,27.45000076,142001,0,1,26.89161844,yahoo_bootstrap
2024-01-22,27.45000076,28.29999924,27.45000076,28.20000076,277001,0,1,27.62636209,yahoo_bootstrap
2024-01-23,28.29999924,28.45000076,28,28.20000076,167143,0,1,27.62636209,yahoo_bootstrap
2024-01-24,28.5,29.20000076,28.39999962,29,637100,0,1,28.41008791,yahoo_bootstrap
2024-01-25,29,29.04999924,28.54999924,28.54999924,181000,0,1,27.96924098,yahoo_bootstrap
2024-01-26,28.64999962,29,28.39999962,28.5,219153,0,1,27.92025881,yahoo_bootstrap
2024-01-29,28.45000076,29,28.45000076,28.79999924,202926,0,1,28.21415553,yahoo_bootstrap
2024-01-30,28.60000038,28.95000076,28.39999962,28.45000076,208300,0,1,27.87127664,yahoo_bootstrap
2024-01-31,28.5,28.95000076,28.45000076,28.45000076,198020,0,1,27.87127664,yahoo_bootstrap
2024-02-01,28.45000076,29.20000076,28.45000076,28.5,219000,0,1,27.92025881,yahoo_bootstrap
2024-02-02,28.85000038,28.85000038,28.54999924,28.60000038,181001,0,1,28.018225,yahoo_bootstrap
2024-02-05,28.60000038,28.60000038,27.95000076,28.14999962,173000,0,1,27.57737807,yahoo_bootstrap
2024-02-15,28.39999962,29.60000038,28.39999962,29,556228,0,1,28.41008791,yahoo_bootstrap
2024-02-16,29.39999962,30,29.39999962,30,1108633,0,1,29.38974612,yahoo_bootstrap
2024-02-19,29.85000038,30.35000038,29.85000038,30,714157,0,1,29.38974612,yahoo_bootstrap
2024-02-20,30.10000038,30.14999962,29.45000076,29.95000076,407000,0,1,29.34076395,yahoo_bootstrap
2024-02-21,30.10000038,30.14999962,29.54999924,29.89999962,430025,0,1,29.29177992,yahoo_bootstrap
2024-02-22,30,30.14999962,29.70000076,29.95000076,418001,0,1,29.34076395,yahoo_bootstrap
2024-02-23,30.25,30.25,29.25,29.29999924,324551,0,1,28.70398463,yahoo_bootstrap
2024-02-26,29.5,29.89999962,29.35000038,29.75,295001,0,1,29.14483157,yahoo_bootstrap
2024-02-27,29.89999962,29.95000076,29.04999924,29.79999924,531010,0,1,29.19381373,yahoo_bootstrap
2024-02-29,30,30,29.60000038,29.79999924,570545,0,1,29.19381373,yahoo_bootstrap
2024-03-01,29.79999924,29.79999924,29.25,29.29999924,391005,0,1,28.70398463,yahoo_bootstrap
2024-03-04,29.39999962,29.95000076,29.39999962,29.70000076,436025,0,1,29.0958494,yahoo_bootstrap
2024-03-05,29.79999924,29.89999962,29.25,29.39999962,314001,0,1,28.80195082,yahoo_bootstrap
2024-03-06,29.25,30.5,29.25,30.25,1090002,0,1,29.63466067,yahoo_bootstrap
2024-03-07,30.60000038,30.60000038,29.04999924,29.04999924,983077,0,1,28.45907008,yahoo_bootstrap
2024-03-08,29.10000038,29.20000076,27.60000038,27.64999962,1012775,0,1,27.08754897,yahoo_bootstrap
2024-03-11,27.60000038,28,27.39999962,27.64999962,284129,0,1,27.08754897,yahoo_bootstrap
2024-03-12,27.79999924,28,27.70000076,27.79999924,245042,0,1,27.23449732,yahoo_bootstrap
2024-03-13,27.79999924,27.79999924,26.45000076,26.5,829001,0,1,25.9609424,yahoo_bootstrap
2024-03-14,26.5,27,26.20000076,26.70000076,274000,0,1,26.15687479,yahoo_bootstrap
2024-03-15,26.64999962,26.64999962,25.79999924,26.04999924,406006,0,1,25.52009547,yahoo_bootstrap
2024-03-18,26.04999924,26.35000038,26,26.35000038,170044,0,1,25.81399404,yahoo_bootstrap
2024-03-19,26.35000038,26.35000038,25.89999962,25.89999962,314000,0,1,25.37314711,yahoo_bootstrap
2024-03-20,26,26.20000076,25.89999962,26.04999924,218007,0,1,25.52009547,yahoo_bootstrap
2024-03-21,26.25,26.5,26.10000038,26.10000038,310172,0,1,25.56907949,yahoo_bootstrap
2024-03-22,26.20000076,28.35000038,26.20000076,27.14999962,1172076,0,1,26.59771986,yahoo_bootstrap
2024-03-25,27.25,27.25,26.70000076,26.95000076,316000,0,1,26.40178934,yahoo_bootstrap
2024-03-26,27.04999924,27.20000076,26.39999962,26.39999962,445002,0,1,25.86297621,yahoo_bootstrap
2024-03-27,26.29999924,26.79999924,26.29999924,26.39999962,268505,0,1,25.86297621,yahoo_bootstrap
2024-03-28,26.39999962,26.89999962,26.20000076,26.20000076,239000,0,1,25.66704569,yahoo_bootstrap
2024-03-29,26.25,26.29999924,26,26.10000038,145000,0,1,25.56907949,yahoo_bootstrap
2024-04-01,26.14999962,26.75,26.10000038,26.54999924,331002,0,1,26.00992457,yahoo_bootstrap
2024-04-02,26.5,26.75,26.25,26.25,175026,0,1,25.71602785,yahoo_bootstrap
2024-04-03,26.25,26.39999962,26.10000038,26.25,157059,0,1,25.71602785,yahoo_bootstrap
2024-04-08,26.25,26.60000038,26.25,26.45000076,152020,0,1,25.91196024,yahoo_bootstrap
2024-04-09,26.64999962,26.64999962,26.39999962,26.5,218001,0,1,25.9609424,yahoo_bootstrap
2024-04-10,26.5,26.75,26.5,26.54999924,151500,0,1,26.00992457,yahoo_bootstrap
2024-04-11,26.54999924,26.54999924,26,26.10000038,286037,0,1,25.56907949,yahoo_bootstrap
2024-04-12,26.14999962,26.39999962,26.04999924,26.10000038,185253,0,1,25.56907949,yahoo_bootstrap
2024-04-15,26.14999962,26.29999924,25.95000076,25.95000076,270251,0,1,25.42213114,yahoo_bootstrap
2024-04-16,25.75,25.75,25.04999924,25.04999924,452214,0,1,24.54043726,yahoo_bootstrap
2024-04-17,25.14999962,25.39999962,24.89999962,25.10000038,280000,0,1,24.58942129,yahoo_bootstrap
2024-04-18,24.89999962,25.35000038,24.85000038,25.14999962,180000,0,1,24.63840346,yahoo_bootstrap
2024-04-19,25,25.04999924,24.04999924,24.14999962,432000,0,1,23.65874525,yahoo_bootstrap
2024-04-22,24.14999962,24.5,24,24,231000,0,1,23.51179689,yahoo_bootstrap
2024-04-23,24,24.35000038,24,24.04999924,149006,0,1,23.56077906,yahoo_bootstrap
2024-04-24,24.29999924,24.75,24.29999924,24.60000038,229000,0,1,24.09959219,yahoo_bootstrap
2024-04-25,24.60000038,24.60000038,24.20000076,24.20000076,105000,0,1,23.70772928,yahoo_bootstrap
2024-04-26,24.5,24.5,24.20000076,24.25,120308,0,1,23.75671144,yahoo_bootstrap
2024-04-29,24.54999924,24.70000076,24.5,24.70000076,151001,0,1,24.19755838,yahoo_bootstrap
2024-04-30,24.70000076,24.79999924,24.5,24.64999962,117001,0,1,24.14857435,yahoo_bootstrap
2024-05-02,24.64999962,24.75,24.5,24.64999962,131045,0,1,24.14857435,yahoo_bootstrap
2024-05-03,24.5,24.79999924,24.5,24.54999924,198000,0,1,24.05060816,yahoo_bootstrap
2024-05-06,24.64999962,24.64999962,24.20000076,24.25,154001,0,1,23.75671144,yahoo_bootstrap
2024-05-07,24.29999924,24.5,24.20000076,24.5,155100,0,1,24.001626,yahoo_bootstrap
2024-05-08,24.35000038,24.60000038,24.29999924,24.35000038,174012,0,1,23.85467764,yahoo_bootstrap
2024-05-09,24.35000038,24.54999924,24.14999962,24.20000076,159000,0,1,23.70772928,yahoo_bootstrap
2024-05-10,24.25,24.25,23.75,23.75,265024,0,1,23.26688234,yahoo_bootstrap
2024-05-13,24.10000038,24.10000038,23.60000038,23.75,127002,0,1,23.26688234,yahoo_bootstrap
2024-05-14,24,24.14999962,23.85000038,23.95000076,145010,0,1,23.46281473,yahoo_bootstrap
2024-05-15,24.20000076,24.5,23.85000038,24.10000038,291189,0,1,23.60976309,yahoo_bootstrap
2024-05-16,24.45000076,24.45000076,24.10000038,24.25,89000,0,1,23.75671144,yahoo_bootstrap
2024-05-17,24.25,24.5,24.20000076,24.35000038,107476,0,1,23.85467764,yahoo_bootstrap
2024-05-20,24.5,24.85000038,24.39999962,24.85000038,213000,0,1,24.34450674,yahoo_bootstrap
2024-05-21,24.85000038,25.35000038,24.70000076,25.25,227288,0,1,24.73636965,yahoo_bootstrap
2024-05-22,25.29999924,25.29999924,24.95000076,24.95000076,214134,0,1,24.44247293,yahoo_bootstrap
2024-05-23,24.79999924,24.89999962,24.54999924,24.60000038,167000,0,1,24.09959219,yahoo_bootstrap
2024-05-24,24.45000076,24.89999962,24.45000076,24.89999962,99005,0,1,24.3934889,yahoo_bootstrap
2024-05-27,24.89999962,25.29999924,24.89999962,25.14999962,229732,0,1,24.63840346,yahoo_bootstrap
2024-05-28,25.45000076,25.70000076,25.29999924,25.45000076,239000,0,1,24.93230203,yahoo_bootstrap
2024-05-29,25.45000076,25.70000076,25.35000038,25.5,240001,0,1,24.9812842,yahoo_bootstrap
2024-05-30,25.20000076,25.60000038,25,25,172031,0,1,24.4914551,yahoo_bootstrap
2024-05-31,25.04999924,25.35000038,24.95000076,25,69000,0,1,24.4914551,yahoo_bootstrap
2024-06-03,25.10000038,25.14999962,24.29999924,24.75,155091,0,1,24.24654055,yahoo_bootstrap
2024-06-04,24.70000076,25.04999924,24.45000076,24.45000076,238152,0,1,23.95264383,yahoo_bootstrap
2024-06-05,24.39999962,24.70000076,24.20000076,24.20000076,151120,0,1,23.70772928,yahoo_bootstrap
2024-06-06,24.5,24.54999924,23.85000038,23.89999962,174082,0,1,23.4138307,yahoo_bootstrap
2024-06-07,23.89999962,24.5,23.89999962,24.25,164000,0,1,23.75671144,yahoo_bootstrap
2024-06-11,24.25,24.29999924,23.79999924,23.79999924,261020,0,1,23.31586451,yahoo_bootstrap
2024-06-12,23.79999924,23.79999924,23.39999962,23.45000076,165000,0,1,22.97298563,yahoo_bootstrap
2024-06-13,23.5,23.5,23.29999924,23.35000038,148033,0,1,22.87501943,yahoo_bootstrap
2024-06-14,23.35000038,23.95000076,23.29999924,23.79999924,161531,0,1,23.31586451,yahoo_bootstrap
2024-06-17,23.85000038,24.29999924,23.85000038,24.20000076,175732,0,1,23.70772928,yahoo_bootstrap
2024-06-18,24.39999962,24.39999962,23.89999962,24.14999962,160100,0,1,23.65874525,yahoo_bootstrap
2024-06-19,24.14999962,24.20000076,23.85000038,23.89999962,145306,0,1,23.4138307,yahoo_bootstrap
2024-06-20,23.85000038,24.14999962,23.79999924,24,136026,0,1,23.51179689,yahoo_bootstrap
2024-06-21,24.20000076,24.25,23.85000038,24.14999962,125000,0,1,23.65874525,yahoo_bootstrap
2024-06-24,24.04999924,24.14999962,23.5,23.89999962,214002,0,1,23.4138307,yahoo_bootstrap
2024-06-25,23.89999962,24.10000038,23.54999924,24.10000038,121001,0,1,23.60976309,yahoo_bootstrap
2024-06-26,24.20000076,24.75,24.20000076,24.29999924,341160,0,1,23.80569361,yahoo_bootstrap
2024-06-27,24.10000038,24.20000076,23.89999962,23.95000076,79000,0,1,23.46281473,yahoo_bootstrap
2024-06-28,24.14999962,24.20000076,24,24,116253,0,1,23.51179689,yahoo_bootstrap
2024-07-01,23.89999962,24.25,23.89999962,23.89999962,68263,0,1,23.4138307,yahoo_bootstrap
2024-07-02,24.04999924,24.04999924,23.75,23.79999924,105021,0,1,23.31586451,yahoo_bootstrap
2024-07-03,23.79999924,24.5,23.79999924,24.29999924,183015,0,1,23.80569361,yahoo_bootstrap
2024-07-04,24.60000038,24.60000038,24.20000076,24.35000038,117291,0,1,23.85467764,yahoo_bootstrap
2024-07-05,24.35000038,25,23.95000076,24.95000076,493250,0,1,24.44247293,yahoo_bootstrap
2024-07-08,25,25.39999962,24.60000038,24.79999924,333010,0,1,24.29552271,yahoo_bootstrap
2024-07-09,25.04999924,25.04999924,24.20000076,24.25,248125,0,1,23.75671144,yahoo_bootstrap
2024-07-10,24.29999924,24.39999962,24.25,24.25,113083,0,1,23.75671144,yahoo_bootstrap
2024-07-11,24.29999924,24.79999924,24.10000038,24.70000076,271150,0,1,24.19755838,yahoo_bootstrap
2024-07-12,24.64999962,25.29999924,24.60000038,24.89999962,303050,0,1,24.3934889,yahoo_bootstrap
2024-07-15,25.10000038,25.10000038,24.5,24.5,155096,0,1,24.001626,yahoo_bootstrap
2024-07-16,24.79999924,25.35000038,24.5,24.60000038,155291,0,1,24.09959219,yahoo_bootstrap
2024-07-17,24.64999962,25.04999924,24.64999962,24.85000038,253150,0,1,24.34450674,yahoo_bootstrap
2024-07-18,24.85000038,24.95000076,24.29999924,24.5,233000,0,1,24.001626,yahoo_bootstrap
2024-07-19,24.85000038,24.85000038,24,24.04999924,432021,0,1,23.56077906,yahoo_bootstrap
2024-07-22,23.79999924,23.79999924,22.79999924,23.04999924,431000,0,1,22.58112085,yahoo_bootstrap
2024-07-23,23.20000076,23.5,23.10000038,23.25,170001,0,1,22.77705324,yahoo_bootstrap
2024-07-26,22.85000038,23.10000038,22.5,23,126002,0,1,22.53213869,yahoo_bootstrap
2024-07-29,23.25,23.60000038,22.75,23,263000,0,1,22.53213869,yahoo_bootstrap
2024-07-30,22.89999962,23.39999962,22.85000038,23.20000076,107000,0,1,22.72807107,yahoo_bootstrap
2024-07-31,23.20000076,24.25,23.20000076,23.64999962,105102,0,1,23.16891615,yahoo_bootstrap
2024-08-01,23.70000076,24.45000076,23.70000076,24.35000038,265000,0,1,23.85467764,yahoo_bootstrap
2024-08-02,24.10000038,24.10000038,23.20000076,23.20000076,246001,0,1,22.72807107,yahoo_bootstrap
2024-08-05,23.10000038,23.10000038,20.89999962,20.89999962,439100,0,1,20.47485609,yahoo_bootstrap
2024-08-06,20.95000076,21.14999962,18.85000038,19.70000076,657000,0,1,19.29926736,yahoo_bootstrap
2024-08-07,19.70000076,21.29999924,19.70000076,20.45000076,179049,0,1,20.03401101,yahoo_bootstrap
2024-08-08,19.79999924,20.20000076,19.79999924,19.89999962,111200,0,1,19.49519788,yahoo_bootstrap
2024-08-09,20.29999924,20.85000038,20.29999924,20.45000076,154000,0,1,20.03401101,yahoo_bootstrap
2024-08-12,20.79999924,21,20.5,20.60000038,73359,0,1,20.18095937,yahoo_bootstrap
2024-08-13,20.39999962,20.64999962,20.39999962,20.64999962,42085,0,1,20.22994154,yahoo_bootstrap
2024-08-14,20.64999962,21.10000038,20.64999962,20.75,121497,0,1,20.32790773,yahoo_bootstrap
2024-08-15,20.75,20.95000076,20.75,20.95000076,80200,0,1,20.52384012,yahoo_bootstrap
2024-08-16,21.14999962,21.35000038,21.04999924,21.10000038,191020,0,1,20.67078847,yahoo_bootstrap
2024-08-19,21.10000038,21.25,21,21.20000076,79000,0,1,20.76875467,yahoo_bootstrap
2024-08-20,21.29999924,21.39999962,21.14999962,21.20000076,81030,0,1,20.76875467,yahoo_bootstrap
2024-08-21,20.95000076,21.39999962,20.95000076,21.35000038,71346,0,1,20.91570303,yahoo_bootstrap
2024-08-22,21.54999924,21.60000038,21.35000038,21.35000038,222448,0,1,20.91570303,yahoo_bootstrap
2024-08-23,21.75,22.89999962,21.5,22.5,479395,0,1,22.04230959,yahoo_bootstrap
2024-08-26,22.79999924,22.79999924,21.95000076,22.14999962,204055,0,1,21.69942884,yahoo_bootstrap
2024-08-27,21.85000038,21.95000076,21.70000076,21.75,95021,0.2,1,21.50171232,yahoo_bootstrap
2024-08-28,21.70000076,21.75,21.60000038,21.64999962,80644,0,1,21.4028535,yahoo_bootstrap
2024-08-29,21.95000076,22,21.54999924,21.54999924,144159,0,1,21.30399468,yahoo_bootstrap
2024-08-30,22.20000076,22.20000076,21.60000038,21.64999962,64030,0,1,21.4028535,yahoo_bootstrap
2024-09-02,21.60000038,21.75,21.45000076,21.54999924,109001,0,1,21.30399468,yahoo_bootstrap
2024-09-03,21.39999962,21.89999962,21.39999962,21.45000076,33554,0,1,21.20513773,yahoo_bootstrap
2024-09-04,20.35000038,21.70000076,19.89999962,20.10000038,323100,0,1,19.87054832,yahoo_bootstrap
2024-09-05,20.70000076,21.10000038,20.10000038,20.10000038,67016,0,1,19.87054832,yahoo_bootstrap
2024-09-06,19.95000076,20.35000038,19.95000076,20.14999962,35007,0,1,19.91997679,yahoo_bootstrap
2024-09-09,19.60000038,20,19.60000038,19.85000038,79003,0,1,19.6234022,yahoo_bootstrap
2024-09-10,20.04999924,20.54999924,19.20000076,19.25,248149,0,1,19.03025114,yahoo_bootstrap
2024-09-11,19.54999924,19.54999924,19.20000076,19.39999962,80000,0,1,19.17853843,yahoo_bootstrap
2024-09-12,19.79999924,20.35000038,19.60000038,19.79999924,144000,0,1,19.57397185,yahoo_bootstrap
2024-09-13,19.95000076,20.04999924,19.79999924,19.79999924,88000,0,1,19.57397185,yahoo_bootstrap
2024-09-16,20.29999924,20.29999924,19.95000076,20.14999962,56100,0,1,19.91997679,yahoo_bootstrap
2024-09-18,20.10000038,20.29999924,19.89999962,19.89999962,52329,0,1,19.67283067,yahoo_bootstrap
2024-09-19,20.45000076,20.45000076,20,20.20000076,97024,0,1,19.96940714,yahoo_bootstrap
2024-09-20,20.64999962,20.64999962,20.20000076,20.35000038,81002,0,1,20.11769444,yahoo_bootstrap
2024-09-23,20.5,21.29999924,20.25,20.85000038,377006,0,1,20.61198667,yahoo_bootstrap
2024-09-24,21,21.14999962,20.5,20.60000038,105100,0,1,20.36484055,yahoo_bootstrap
2024-09-25,20.5,21,20.45000076,20.89999962,157001,0,1,20.66141515,yahoo_bootstrap
2024-09-26,21.04999924,21.39999962,20.89999962,20.95000076,69318,0,1,20.7108455,yahoo_bootstrap
2024-09-27,21,21.25,20.85000038,20.95000076,127126,0,1,20.7108455,yahoo_bootstrap
2024-09-30,21,21.10000038,20.89999962,21.04999924,62025,0,1,20.80970244,yahoo_bootstrap
2024-10-01,21.14999962,21.39999962,20.89999962,21.10000038,66030,0,1,20.85913279,yahoo_bootstrap
2024-10-04,21.10000038,21.35000038,20.89999962,21.10000038,77001,0,1,20.85913279,yahoo_bootstrap
2024-10-07,21.14999962,21.29999924,21.04999924,21.25,124001,0,1,21.00742009,yahoo_bootstrap
2024-10-08,21.25,21.54999924,21.10000038,21.39999962,205025,0,1,21.15570738,yahoo_bootstrap
2024-10-09,21.64999962,22.54999924,21.5,22.04999924,931091,0,1,21.79828692,yahoo_bootstrap
2024-10-11,22.29999924,22.29999924,21.45000076,21.54999924,284241,0,1,21.30399468,yahoo_bootstrap
2024-10-14,21.5,21.5,21,21.14999962,142170,0,1,20.90856126,yahoo_bootstrap
2024-10-15,21.20000076,21.5,21,21,61000,0,1,20.76027397,yahoo_bootstrap
2024-10-16,21,21.39999962,21,21.29999924,81000,0,1,21.05684856,yahoo_bootstrap
2024-10-17,21.35000038,21.75,21.20000076,21.29999924,46120,0,1,21.05684856,yahoo_bootstrap
2024-10-18,21.64999962,21.64999962,21.29999924,21.29999924,133000,0,1,21.05684856,yahoo_bootstrap
2024-10-21,21.29999924,21.60000038,21.29999924,21.29999924,63001,0,1,21.05684856,yahoo_bootstrap
2024-10-22,21.29999924,21.64999962,21.29999924,21.45000076,62030,0,1,21.20513773,yahoo_bootstrap
2024-10-23,21.64999962,22.39999962,21.64999962,22.04999924,228000,0,1,21.79828692,yahoo_bootstrap
2024-10-24,21.79999924,24.25,21.79999924,24.25,2265141,0,1,23.97317351,yahoo_bootstrap
2024-10-25,25.20000076,26.64999962,25.14999962,26.64999962,5091820,0,1,26.34577587,yahoo_bootstrap
2024-10-28,27.60000038,29.29999924,26.64999962,29.29999924,10894442,0,1,28.96552436,yahoo_bootstrap
2024-10-29,30.29999924,30.5,27,27.35000038,20609300,0,1,27.03778576,yahoo_bootstrap
2024-10-30,27.75,28.89999962,26.10000038,27.14999962,9093253,0,1,26.84006811,yahoo_bootstrap
2024-11-01,27.60000038,29.85000038,26.10000038,29.85000038,10149409,0,1,29.50924695,yahoo_bootstrap
2024-11-04,30.70000076,30.70000076,27.89999962,28.04999924,14796263,0,1,27.72979376,yahoo_bootstrap
2024-11-05,27.79999924,30,27.54999924,27.64999962,7088000,0,1,27.33436035,yahoo_bootstrap
2024-11-06,28.14999962,28.14999962,26.75,26.75,2714127,0,1,26.4446347,yahoo_bootstrap
2024-11-07,26.95000076,27.20000076,26.54999924,26.70000076,1485000,0,1,26.39520623,yahoo_bootstrap
2024-11-08,26.64999962,26.85000038,25.5,25.95000076,1484000,0,1,25.65376787,yahoo_bootstrap
2024-11-11,25.89999962,27.89999962,25.89999962,26.5,3113352,0,1,26.19748858,yahoo_bootstrap
2024-11-12,26.60000038,27.29999924,25.89999962,26.25,1395032,0,1,25.95034246,yahoo_bootstrap
2024-11-13,26.89999962,27.85000038,26.45000076,26.64999962,2102091,0,1,26.34577587,yahoo_bootstrap
2024-11-14,26.75,28.5,26.75,26.89999962,4921218,0,1,26.59292199,yahoo_bootstrap
2024-11-15,26.89999962,27.10000038,26.04999924,26.04999924,2441375,0,1,25.75262481,yahoo_bootstrap
2024-11-18,26.04999924,26.20000076,24.25,25.70000076,2846250,0,1,25.40662175,yahoo_bootstrap
2024-11-19,25.29999924,28.25,25.29999924,28.25,4235576,0,1,27.92751141,yahoo_bootstrap
2024-11-20,28.35000038,28.35000038,28.35000038,28.35000038,29103402,0,1,28.02637023,yahoo_bootstrap
2024-11-21,29,29.79999924,27.60000038,28.45000076,12989568,0,1,28.12522906,yahoo_bootstrap
2024-11-22,28.29999924,29.20000076,27.79999924,28.79999924,5504207,0,1,28.47123212,yahoo_bootstrap
2024-11-25,28.89999962,29.54999924,28.20000076,28.35000038,3982821,0,1,28.02637023,yahoo_bootstrap
2024-11-26,27.75,28.39999962,27.64999962,27.79999924,1727166,0,1,27.48264764,yahoo_bootstrap
2024-11-27,28.10000038,28.25,26.20000076,26.20000076,2021471,0,1,25.90091399,yahoo_bootstrap
2024-11-28,26.45000076,26.45000076,25.5,25.89999962,1012000,0,1,25.60433752,yahoo_bootstrap
2024-11-29,26.10000038,27.45000076,25.60000038,26.39999962,1195001,0,1,26.09862976,yahoo_bootstrap
2024-12-02,26.54999924,27,26.14999962,26.14999962,831555,0,1,25.85148364,yahoo_bootstrap
2024-12-03,26.20000076,26.89999962,26.10000038,26.25,584001,0,1,25.95034246,yahoo_bootstrap
2024-12-04,26.45000076,28.54999924,26.29999924,28.10000038,3899883,0,1,27.77922411,yahoo_bootstrap
2024-12-05,27.89999962,28.20000076,27.39999962,27.95000076,1472314,0,1,27.63093682,yahoo_bootstrap
2024-12-06,27.95000076,28.14999962,27,27.10000038,952078,0,1,26.79063964,yahoo_bootstrap
2024-12-09,26.85000038,26.85000038,26.04999924,26.14999962,763100,0,1,25.85148364,yahoo_bootstrap
2024-12-10,26.29999924,26.45000076,25.70000076,25.85000038,374002,0,1,25.55490905,yahoo_bootstrap
2024-12-11,25.85000038,26.14999962,25.60000038,25.60000038,437041,0,1,25.30776293,yahoo_bootstrap
2024-12-12,25.89999962,26.60000038,25.64999962,25.85000038,645574,0,1,25.55490905,yahoo_bootstrap
2024-12-13,25.85000038,25.85000038,24.75,25,638501,0,1,24.71461187,yahoo_bootstrap
2024-12-16,25.29999924,25.29999924,23.75,23.75,841300,0,1,23.47888127,yahoo_bootstrap
2024-12-17,23.75,24.14999962,23.54999924,23.64999962,321020,0,1,23.38002245,yahoo_bootstrap
2024-12-18,23.75,24.89999962,23,24.60000038,993126,0,1,24.31917845,yahoo_bootstrap
2024-12-19,24,24.20000076,23.60000038,23.70000076,302027,0,1,23.4294528,yahoo_bootstrap
2024-12-20,23.70000076,25.45000076,23.70000076,23.79999924,461130,0,1,23.52830975,yahoo_bootstrap
2024-12-23,24,24.45000076,23.85000038,24.20000076,239126,0,1,23.92374504,yahoo_bootstrap
2024-12-24,24.39999962,26.60000038,24.29999924,26.60000038,2743597,0,1,26.2963474,yahoo_bootstrap
2024-12-25,26.10000038,26.5,25.95000076,26.25,2131654,0,1,25.95034246,yahoo_bootstrap
2024-12-26,26.39999962,28.10000038,26.25,26.75,4154000,0,1,26.4446347,yahoo_bootstrap
2024-12-27,26.89999962,27,26,26,1009885,0,1,25.70319634,yahoo_bootstrap
2024-12-30,26.20000076,26.29999924,25.29999924,25.64999962,804209,0,1,25.3571914,yahoo_bootstrap
2024-12-31,25.60000038,26.35000038,25.39999962,26.04999924,727072,0,1,25.75262481,yahoo_bootstrap
2025-01-02,26.29999924,26.54999924,25.60000038,25.60000038,450109,0,1,25.30776293,yahoo_bootstrap
2025-01-03,25.64999962,25.89999962,24.60000038,24.60000038,574095,0,1,24.31917845,yahoo_bootstrap
2025-01-06,24.70000076,25.35000038,24.70000076,24.85000038,302012,0,1,24.56632457,yahoo_bootstrap
2025-01-07,25.10000038,25.10000038,24.35000038,24.39999962,295000,0,1,24.12146081,yahoo_bootstrap
2025-01-08,24.54999924,25.79999924,24.45000076,25.45000076,821139,0,1,25.15947563,yahoo_bootstrap
2025-01-09,25.45000076,25.45000076,23.79999924,23.79999924,590140,0,1,23.52830975,yahoo_bootstrap
2025-01-10,23.79999924,24.29999924,23.5,23.60000038,280100,0,1,23.33059398,yahoo_bootstrap
2025-01-13,23.60000038,23.60000038,22.60000038,22.75,500101,0,1,22.4902968,yahoo_bootstrap
2025-01-14,23.04999924,23.35000038,22.75,23.25,280001,0,1,22.98458904,yahoo_bootstrap
2025-01-15,23.25,23.39999962,22.89999962,23,152000,0,1,22.73744292,yahoo_bootstrap
2025-01-16,23.70000076,23.70000076,23,23,218073,0,1,22.73744292,yahoo_bootstrap
2025-01-17,23.20000076,23.25,22.79999924,22.95000076,203030,0,1,22.68801445,yahoo_bootstrap
2025-01-20,23,24.20000076,22.79999924,23.70000076,753002,0,1,23.4294528,yahoo_bootstrap
2025-01-21,23.60000038,23.70000076,23.39999962,23.60000038,134000,0,1,23.33059398,yahoo_bootstrap
2025-01-22,24,24,23.20000076,23.45000076,190000,0,1,23.18230668,yahoo_bootstrap
2025-02-03,23.45000076,23.75,22.70000076,23.5,363002,0,1,23.23173516,yahoo_bootstrap
2025-02-04,23.85000038,23.85000038,23.20000076,23.20000076,105000,0,1,22.93516056,yahoo_bootstrap
2025-02-05,23.35000038,23.89999962,23.35000038,23.60000038,147001,0,1,23.33059398,yahoo_bootstrap
2025-02-06,23.54999924,25.20000076,23.54999924,24.5,743002,0,1,24.22031963,yahoo_bootstrap
2025-02-07,24.39999962,24.79999924,24.25,24.5,158007,0,1,24.22031963,yahoo_bootstrap
2025-02-10,24.20000076,24.64999962,24.04999924,24.5,119001,0,1,24.22031963,yahoo_bootstrap
2025-02-11,24.70000076,24.70000076,24.20000076,24.20000076,141002,0,1,23.92374504,yahoo_bootstrap
2025-02-12,24.29999924,24.79999924,24.25,24.35000038,193000,0,1,24.07203233,yahoo_bootstrap
2025-02-13,24.29999924,24.79999924,24.29999924,24.70000076,181000,0,1,24.41803728,yahoo_bootstrap
2025-02-14,24.5,24.85000038,24.39999962,24.79999924,151000,0,1,24.51689422,yahoo_bootstrap
2025-02-17,25,26,24.64999962,25.35000038,931401,0,1,25.06061681,yahoo_bootstrap
2025-02-18,25.35000038,25.79999924,25.14999962,25.39999962,219144,0,1,25.11004528,yahoo_bootstrap
2025-02-19,25.64999962,25.75,25.35000038,25.64999962,337142,0,1,25.3571914,yahoo_bootstrap
2025-02-20,25.75,26.25,25.45000076,25.70000076,492000,0,1,25.40662175,yahoo_bootstrap
2025-02-21,25.70000076,26.54999924,25.70000076,25.79999924,1085421,0,1,25.5054787,yahoo_bootstrap
2025-02-24,25.60000038,25.79999924,25.39999962,25.39999962,252159,0,1,25.11004528,yahoo_bootstrap
2025-02-25,25.54999924,25.60000038,24.89999962,25.04999924,220050,0,1,24.76404034,yahoo_bootstrap
2025-02-26,25.20000076,25.20000076,24.70000076,24.75,221050,0,1,24.46746575,yahoo_bootstrap
2025-02-27,25.10000038,25.45000076,24.64999962,24.70000076,190100,0,1,24.41803728,yahoo_bootstrap
2025-03-03,24.60000038,24.60000038,23.89999962,24.10000038,236407,0,1,23.82488622,yahoo_bootstrap
2025-03-04,23.70000076,24.20000076,23.45000076,24.14999962,134338,0,1,23.87431469,yahoo_bootstrap
2025-03-05,24.70000076,24.70000076,24.20000076,24.25,98030,0,1,23.97317351,yahoo_bootstrap
2025-03-06,24.25,24.29999924,23.79999924,23.79999924,104060,0,1,23.52830975,yahoo_bootstrap
2025-03-07,24,24.10000038,23.39999962,23.39999962,143116,0,1,23.13287633,yahoo_bootstrap
2025-03-10,23.79999924,23.95000076,23.14999962,23.54999924,132100,0,1,23.28116363,yahoo_bootstrap
2025-03-11,23.04999924,24,22.64999962,23.95000076,269001,0,1,23.67659892,yahoo_bootstrap
2025-03-12,24,24.14999962,23.79999924,23.95000076,117200,0,1,23.67659892,yahoo_bootstrap
2025-03-13,24.04999924,25.75,24.04999924,24.20000076,941160,0,1,23.92374504,yahoo_bootstrap
2025-03-14,24.10000038,24.60000038,24.04999924,24.5,213000,0,1,24.22031963,yahoo_bootstrap
2025-03-17,24.60000038,24.95000076,24.29999924,24.29999924,166050,0,1,24.02260198,yahoo_bootstrap
2025-03-18,24.35000038,24.75,24,24.14999962,160150,0,1,23.87431469,yahoo_bootstrap
2025-03-19,24.14999962,24.35000038,24,24.20000076,125000,0,1,23.92374504,yahoo_bootstrap
2025-03-20,24.39999962,25.35000038,24.39999962,25.25,505030,0,1,24.96175799,yahoo_bootstrap
2025-03-21,25.39999962,25.5,24.85000038,24.95000076,260061,0,1,24.66518339,yahoo_bootstrap
2025-03-24,25.14999962,25.25,24.64999962,24.70000076,238000,0,1,24.41803728,yahoo_bootstrap
2025-03-25,24.70000076,25.29999924,24.70000076,25.14999962,282100,0,1,24.86289916,yahoo_bootstrap
2025-03-26,25.20000076,25.79999924,25.10000038,25.60000038,442014,0,1,25.30776293,yahoo_bootstrap
2025-03-27,25.60000038,26.25,25.14999962,25.60000038,499515,0,1,25.30776293,yahoo_bootstrap
2025-03-28,25.64999962,25.64999962,24.89999962,25,397050,0,1,24.71461187,yahoo_bootstrap
2025-03-31,24.35000038,24.35000038,22.54999924,22.60000038,576185,0,1,22.3420095,yahoo_bootstrap
2025-04-01,22.75,23.39999962,22.39999962,22.85000038,338113,0,1,22.58915562,yahoo_bootstrap
2025-04-02,22.89999962,23.10000038,22.45000076,23,231100,0,1,22.73744292,yahoo_bootstrap
2025-04-07,20.70000076,20.70000076,20.70000076,20.70000076,36050,0,1,20.46369938,yahoo_bootstrap
2025-04-08,18.64999962,20.20000076,18.64999962,18.64999962,528122,0,1,18.43710008,yahoo_bootstrap
2025-04-09,17.79999924,17.79999924,16.79999924,16.79999924,563260,0,1,16.60821842,yahoo_bootstrap
2025-04-10,18.14999962,18.45000076,17.64999962,18.14999962,862004,0,1,17.94280784,yahoo_bootstrap
2025-04-11,17.60000038,18,16.54999924,17.89999962,395200,0,1,17.69566172,yahoo_bootstrap
2025-04-14,18.70000076,19.39999962,18.14999962,18.25,302050,0,1,18.04166666,yahoo_bootstrap
2025-04-15,18.54999924,19.04999924,18.54999924,18.89999962,279100,0,1,18.6842462,yahoo_bootstrap
2025-04-16,18.75,19.14999962,18.25,18.25,186050,0,1,18.04166666,yahoo_bootstrap
2025-04-17,18.25,18.54999924,17.95000076,18.25,150024,0,1,18.04166666,yahoo_bootstrap
2025-04-18,18.85000038,18.85000038,18.04999924,18.04999924,101125,0,1,17.84394902,yahoo_bootstrap
2025-04-21,18.29999924,18.29999924,17.20000076,17.29999924,87000,0,1,17.10251066,yahoo_bootstrap
2025-04-22,16.85000038,17.39999962,16.85000038,17.14999962,148000,0,1,16.95422337,yahoo_bootstrap
2025-04-23,17.60000038,17.95000076,17.60000038,17.89999962,393006,0,1,17.69566172,yahoo_bootstrap
2025-04-24,18.04999924,18.10000038,17.79999924,17.79999924,156000,0,1,17.5968029,yahoo_bootstrap
2025-04-25,18.10000038,18.35000038,18.10000038,18.29999924,172001,0,1,18.09109514,yahoo_bootstrap
2025-04-28,18.5,19.04999924,18.45000076,18.75,203000,0,1,18.5359589,yahoo_bootstrap
2025-04-29,19,19.20000076,18.79999924,19.20000076,170015,0,1,18.98082267,yahoo_bootstrap
2025-04-30,19.20000076,19.39999962,18.75,18.75,108253,0,1,18.5359589,yahoo_bootstrap
2025-05-02,18.79999924,19.20000076,18.79999924,19,89000,0,1,18.78310502,yahoo_bootstrap
2025-05-05,19.20000076,19.20000076,18.04999924,18.20000076,133000,0,1,17.99223819,yahoo_bootstrap
2025-05-06,18.20000076,18.79999924,18.20000076,18.64999962,36001,0,1,18.43710008,yahoo_bootstrap
2025-05-07,18.64999962,18.89999962,18.39999962,18.64999962,71001,0,1,18.43710008,yahoo_bootstrap
2025-05-08,18.85000038,18.89999962,18.70000076,18.85000038,92100,0,1,18.63481772,yahoo_bootstrap
2025-05-09,19,19.20000076,18.70000076,19,97100,0,1,18.78310502,yahoo_bootstrap
2025-05-12,19.10000038,19.39999962,19.10000038,19.35000038,138100,0,1,19.12910996,yahoo_bootstrap
2025-05-13,19.60000038,19.75,19.20000076,19.35000038,127100,0,1,19.12910996,yahoo_bootstrap
2025-05-14,19.39999962,19.60000038,19.25,19.60000038,179100,0,1,19.37625608,yahoo_bootstrap
2025-05-15,19.85000038,21.20000076,19.25,20.20000076,1179307,0,1,19.96940714,yahoo_bootstrap
2025-05-16,20.20000076,20.39999962,19.70000076,20,481010,0,1,19.77168949,yahoo_bootstrap
2025-05-19,20.29999924,20.29999924,19.29999924,19.60000038,187232,0,1,19.37625608,yahoo_bootstrap
2025-05-20,20,20,19.45000076,19.79999924,110082,0,1,19.57397185,yahoo_bootstrap
2025-05-21,19.79999924,19.89999962,19.64999962,19.75,75050,0,1,19.52454338,yahoo_bootstrap
2025-05-22,19.64999962,19.64999962,19.35000038,19.64999962,73035,0,1,19.42568455,yahoo_bootstrap
2025-05-23,19.54999924,19.64999962,19.5,19.5,73005,0,1,19.27739726,yahoo_bootstrap
2025-05-26,19.45000076,19.70000076,19.39999962,19.64999962,78001,0,1,19.42568455,yahoo_bootstrap
2025-05-27,19.70000076,20,19.54999924,19.64999962,71003,0,1,19.42568455,yahoo_bootstrap
2025-05-28,19.75,19.89999962,19.39999962,19.5,64000,0,1,19.27739726,yahoo_bootstrap
2025-05-29,19.45000076,19.45000076,18.79999924,19.10000038,95020,0,1,18.88196384,yahoo_bootstrap
2025-06-02,19,19,18.35000038,18.60000038,109002,0,1,18.3876716,yahoo_bootstrap
2025-06-03,18.60000038,18.85000038,18.35000038,18.39999962,114002,0,1,18.18995396,yahoo_bootstrap
2025-06-04,18.60000038,18.89999962,18.5,18.70000076,98587,0,1,18.48653043,yahoo_bootstrap
2025-06-05,18.64999962,18.79999924,18.29999924,18.5,108100,0,1,18.28881278,yahoo_bootstrap
2025-06-06,18.5,18.70000076,18.45000076,18.45000076,34000,0,1,18.23938431,yahoo_bootstrap
2025-06-09,18.39999962,18.5,18.14999962,18.20000076,116100,0,1,17.99223819,yahoo_bootstrap
2025-06-10,18.60000038,18.64999962,18.29999924,18.60000038,59010,0,1,18.3876716,yahoo_bootstrap
2025-06-11,18.60000038,18.60000038,18.14999962,18.25,106000,0,1,18.04166666,yahoo_bootstrap
2025-06-12,18.54999924,18.60000038,18.25,18.39999962,129000,0,1,18.18995396,yahoo_bootstrap
2025-06-13,18.35000038,18.35000038,17.89999962,17.89999962,140001,0,1,17.69566172,yahoo_bootstrap
2025-06-16,17.70000076,17.89999962,17.5,17.70000076,73000,0,1,17.49794595,yahoo_bootstrap
2025-06-17,17.64999962,18,17.64999962,17.75,132100,0,1,17.54737443,yahoo_bootstrap
2025-06-18,17.64999962,17.89999962,17.60000038,17.79999924,51000,0,1,17.5968029,yahoo_bootstrap
2025-06-19,17.70000076,17.70000076,17.10000038,17.14999962,136564,0,1,16.95422337,yahoo_bootstrap
2025-06-20,17.14999962,17.45000076,16.79999924,17.04999924,137000,0,1,16.85536454,yahoo_bootstrap
2025-06-23,16.89999962,17.04999924,16.39999962,16.79999924,106092,0,1,16.60821842,yahoo_bootstrap
2025-06-24,16.89999962,17.79999924,16.89999962,17.60000038,141016,0,1,17.39908713,yahoo_bootstrap
2025-06-25,17.75,17.79999924,17.60000038,17.60000038,55020,0,1,17.39908713,yahoo_bootstrap
2025-06-26,17.89999962,17.95000076,17.75,17.95000076,118031,0,1,17.74509207,yahoo_bootstrap
2025-06-27,18.29999924,18.35000038,17.89999962,18,172000,0,1,17.79452054,yahoo_bootstrap
2025-06-30,17.95000076,17.95000076,17.64999962,17.75,72000,0,1,17.54737443,yahoo_bootstrap
2025-07-01,17.79999924,18.29999924,17.79999924,17.89999962,92000,0,1,17.69566172,yahoo_bootstrap
2025-07-02,18.25,18.25,17.85000038,18,37075,0,1,17.79452054,yahoo_bootstrap
2025-07-03,18.10000038,18.25,18,18.14999962,55000,0,1,17.94280784,yahoo_bootstrap
2025-07-04,18.39999962,18.39999962,17.89999962,17.89999962,66000,0,1,17.69566172,yahoo_bootstrap
2025-07-07,17.54999924,17.64999962,17.39999962,17.39999962,101022,0,1,17.20136948,yahoo_bootstrap
2025-07-08,17.39999962,17.45000076,16.89999962,16.95000076,182001,0,1,16.7565076,yahoo_bootstrap
2025-07-09,16.70000076,17.29999924,16.70000076,17.20000076,50015,0,1,17.00365372,yahoo_bootstrap
2025-07-10,17.25,17.25,17.04999924,17.10000038,51015,0,1,16.90479489,yahoo_bootstrap
2025-07-11,17.79999924,18.39999962,17.60000038,17.60000038,259001,0,1,17.39908713,yahoo_bootstrap
2025-07-14,17.79999924,17.79999924,17.54999924,17.54999924,54000,0,1,17.34965678,yahoo_bootstrap
2025-07-15,17.54999924,18,17.5,17.70000076,33002,0,1,17.49794595,yahoo_bootstrap
2025-07-16,17.75,18.29999924,17.75,18,144010,0,1,17.79452054,yahoo_bootstrap
2025-07-17,18.10000038,18.60000038,18,18.45000076,202022,0,1,18.23938431,yahoo_bootstrap
2025-07-18,18.54999924,18.54999924,18.29999924,18.29999924,96046,0,1,18.09109514,yahoo_bootstrap
2025-07-21,18.10000038,18.14999962,18,18.04999924,40000,0,1,17.84394902,yahoo_bootstrap
2025-07-22,18.04999924,18.20000076,17.60000038,17.75,89020,0,1,17.54737443,yahoo_bootstrap
2025-07-23,17.79999924,18.04999924,17.79999924,18,60000,0,1,17.79452054,yahoo_bootstrap
2025-07-24,18,18.04999924,17.75,17.79999924,97000,0,1,17.5968029,yahoo_bootstrap
2025-07-25,17.89999962,17.89999962,17.79999924,17.79999924,62000,0,1,17.5968029,yahoo_bootstrap
2025-07-28,17.79999924,18,17.70000076,17.79999924,88100,0,1,17.5968029,yahoo_bootstrap
2025-07-29,17.79999924,18,17.5,17.64999962,94000,0,1,17.4485156,yahoo_bootstrap
2025-07-30,17.60000038,18,17.60000038,17.85000038,84000,0,1,17.64623325,yahoo_bootstrap
2025-07-31,17.85000038,17.89999962,17.70000076,17.70000076,38500,0,1,17.49794595,yahoo_bootstrap
2025-08-04,17.5,17.95000076,17.5,17.75,74100,0,1,17.54737443,yahoo_bootstrap
2025-08-05,17.95000076,19.5,17.95000076,19.5,982149,0,1,19.27739726,yahoo_bootstrap
2025-08-06,20.20000076,21.45000076,20.10000038,21.14999962,4397364,0,1,20.90856126,yahoo_bootstrap
2025-08-07,20.79999924,20.85000038,19.5,19.75,1897051,0,1,19.52454338,yahoo_bootstrap
2025-08-08,19.70000076,20,19.20000076,19.5,945254,0,1,19.27739726,yahoo_bootstrap
2025-08-11,19.79999924,20.60000038,19.79999924,19.95000076,1194003,0,1,19.72226102,yahoo_bootstrap
2025-08-12,19.79999924,19.79999924,19.5,19.60000038,466500,0,1,19.37625608,yahoo_bootstrap
2025-08-13,19.75,19.79999924,18.70000076,18.95000076,524000,0,1,18.73367655,yahoo_bootstrap
2025-08-14,19.10000038,19.39999962,19.10000038,19.14999962,181369,0,1,18.93139231,yahoo_bootstrap
2025-08-15,19.14999962,19.60000038,19.14999962,19.45000076,301001,0,1,19.22796878,yahoo_bootstrap
2025-08-18,19.60000038,19.75,19.5,19.60000038,270049,0,1,19.37625608,yahoo_bootstrap
2025-08-19,19.95000076,20.04999924,19.10000038,19.14999962,236049,0,1,18.93139231,yahoo_bootstrap
2025-08-20,19.10000038,19.20000076,18.54999924,18.70000076,252218,0,1,18.48653043,yahoo_bootstrap
2025-08-21,18.60000038,19.14999962,18.60000038,19.04999924,214555,0,1,18.83253349,yahoo_bootstrap
2025-08-22,19.64999962,20.54999924,19.35000038,19.64999962,1312043,0,1,19.42568455,yahoo_bootstrap
2025-08-25,19.89999962,20,19.54999924,19.60000038,396001,0,1,19.37625608,yahoo_bootstrap
2025-08-26,19.64999962,19.70000076,19.45000076,19.60000038,168002,0,1,19.37625608,yahoo_bootstrap
2025-08-27,19.64999962,20.89999962,19.64999962,20.14999962,943367,0,1,19.91997679,yahoo_bootstrap
2025-08-28,20.25,20.60000038,20.14999962,20.35000038,463503,0,1,20.11769444,yahoo_bootstrap
2025-08-29,20.60000038,20.60000038,19.85000038,19.85000038,351000,0,1,19.6234022,yahoo_bootstrap
2025-09-01,19.95000076,19.95000076,19.20000076,19.35000038,247528,0,1,19.12910996,yahoo_bootstrap
2025-09-02,19.39999962,19.39999962,18.79999924,19,199012,0,1,18.78310502,yahoo_bootstrap
2025-09-03,19.20000076,20.89999962,19.20000076,20.35000038,1750379,0,1,20.11769444,yahoo_bootstrap
2025-09-04,20.39999962,20.39999962,19.79999924,19.85000038,511000,0,1,19.6234022,yahoo_bootstrap
2025-09-05,19.89999962,19.89999962,19.60000038,19.60000038,180311,0,1,19.37625608,yahoo_bootstrap
2025-09-08,19.64999962,20.10000038,19.39999962,19.45000076,150000,0,1,19.22796878,yahoo_bootstrap
2025-09-09,19.5,20.54999924,19.39999962,19.89999962,479002,0,1,19.67283067,yahoo_bootstrap
2025-09-10,20.25,20.64999962,19.95000076,20.25,757015,0,1,20.01883561,yahoo_bootstrap
2025-09-11,20.45000076,21.04999924,20.04999924,20.89999962,1241123,0,1,20.66141515,yahoo_bootstrap
2025-09-12,20.89999962,22.95000076,20.20000076,22.95000076,2720525,0,1,22.68801445,yahoo_bootstrap
2025-09-15,24.10000038,24.35000038,21.64999962,21.85000038,5139115,0,1,21.60057115,yahoo_bootstrap
2025-09-16,21.75,22.10000038,21.10000038,21.35000038,967000,0,1,21.10627891,yahoo_bootstrap
2025-09-17,21.45000076,21.54999924,21.14999962,21.14999962,415052,0,1,20.90856126,yahoo_bootstrap
2025-09-18,21.14999962,21.35000038,20.95000076,21.10000038,382001,0,1,20.85913279,yahoo_bootstrap
2025-09-19,21.35000038,22.29999924,21.14999962,21.39999962,1003001,0,1,21.15570738,yahoo_bootstrap
2025-09-22,21.54999924,22,21.20000076,21.79999924,554100,0,1,21.5511408,yahoo_bootstrap
2025-09-23,21.95000076,22,21.29999924,21.5,397002,0,1,21.25456621,yahoo_bootstrap
2025-09-24,21.45000076,21.85000038,21.04999924,21.70000076,439065,0,1,21.45228385,yahoo_bootstrap
2025-09-25,21.95000076,23.25,21.89999962,22.04999924,2184251,0,1,21.79828692,yahoo_bootstrap
2025-09-26,22.20000076,22.29999924,21.54999924,21.95000076,571041,0,1,21.69942997,yahoo_bootstrap
2025-09-30,21.95000076,21.95000076,21.35000038,21.79999924,369001,0,1,21.5511408,yahoo_bootstrap
2025-10-01,22,22.04999924,21.25,21.29999924,310351,0,1,21.05684856,yahoo_bootstrap
2025-10-02,21.5,21.64999962,21.10000038,21.10000038,338075,0,1,20.85913279,yahoo_bootstrap
2025-10-03,21,21.10000038,20.14999962,20.29999924,748906,0,1,20.06826408,yahoo_bootstrap
2025-10-07,20.79999924,22.29999924,20.20000076,22.29999924,1221219,0,1,22.04543303,yahoo_bootstrap
2025-10-08,22.5,23.5,22.45000076,23.20000076,2941488,0,1,22.93516056,yahoo_bootstrap
2025-10-09,22.70000076,23.10000038,22.25,22.35000038,1070098,0,1,22.09486338,yahoo_bootstrap
2025-10-13,21,21.60000038,20.54999924,21.35000038,699000,0,1,21.10627891,yahoo_bootstrap
2025-10-14,21.60000038,21.89999962,20.75,21.14999962,1168200,0,1,20.90856126,yahoo_bootstrap
2025-10-15,21.75,22.10000038,21,21,583004,0,1,20.76027397,yahoo_bootstrap
2025-10-16,21.14999962,21.29999924,20.95000076,21.14999962,285001,0,1,20.90856126,yahoo_bootstrap
2025-10-17,21.04999924,21.25,20.89999962,20.89999962,295020,0,1,20.66141515,yahoo_bootstrap
2025-10-20,21.25,21.25,20.64999962,21.20000076,233001,0,1,20.95799161,yahoo_bootstrap
2025-10-21,21.45000076,22,21.14999962,21.20000076,407000,0,1,20.95799161,yahoo_bootstrap
2025-10-22,21.39999962,21.70000076,21,21.39999962,348050,0,1,21.15570738,yahoo_bootstrap
2025-10-23,21.14999962,21.14999962,20.79999924,20.95000076,316000,0,1,20.7108455,yahoo_bootstrap
2025-10-27,21.39999962,22.25,21.04999924,21.89999962,1079087,0,1,21.64999962,yahoo_bootstrap
2025-10-28,22.10000038,22.64999962,21.54999924,21.70000076,886039,0,1,21.45228385,yahoo_bootstrap
2025-10-29,21.79999924,22,21.29999924,21.5,385100,0,1,21.25456621,yahoo_bootstrap
2025-10-30,21.64999962,22,21.04999924,21.10000038,281100,0,1,20.85913279,yahoo_bootstrap
2025-10-31,21.10000038,21.10000038,20.60000038,20.70000076,333000,0,1,20.46369938,yahoo_bootstrap
2025-11-03,20.70000076,20.70000076,20.25,20.39999962,340000,0,1,20.16712291,yahoo_bootstrap
2025-11-04,20.75,20.79999924,20,20.04999924,269050,0,1,19.82111797,yahoo_bootstrap
2025-11-05,20.20000076,20.20000076,19.60000038,19.75,210000,0,1,19.52454338,yahoo_bootstrap
2025-11-06,20,20.39999962,19.79999924,19.95000076,259000,0,1,19.72226102,yahoo_bootstrap
2025-11-07,19.95000076,20.29999924,19.60000038,19.70000076,216001,0,1,19.4751149,yahoo_bootstrap
2025-11-10,20.45000076,20.60000038,19.85000038,20.20000076,348032,0,1,19.96940714,yahoo_bootstrap
2025-11-11,20.60000038,20.70000076,20,20.20000076,288000,0,1,19.96940714,yahoo_bootstrap
2025-11-12,20.25,20.70000076,20.25,20.5,300013,0,1,20.26598173,yahoo_bootstrap
2025-11-13,21.20000076,21.20000076,20.64999962,20.89999962,366000,0,1,20.66141515,yahoo_bootstrap
2025-11-14,20.70000076,20.85000038,20.45000076,20.54999924,202200,0,1,20.3154102,yahoo_bootstrap
2025-11-17,21.20000076,21.39999962,20.70000076,20.79999924,513060,0,1,20.56255632,yahoo_bootstrap
2025-11-18,20.5,22.85000038,20.29999924,22.85000038,3536100,0,1,22.58915562,yahoo_bootstrap
2025-11-19,23.29999924,25.10000038,22.5,25.10000038,17093643,0,1,24.81347069,yahoo_bootstrap
2025-11-20,26.5,26.75,24.35000038,24.85000038,13693326,0,1,24.56632457,yahoo_bootstrap
2025-11-21,23.79999924,24.35000038,23.14999962,23.70000076,2548151,0,1,23.4294528,yahoo_bootstrap
2025-11-24,24,26.04999924,23.5,26.04999924,6482126,0,1,25.75262481,yahoo_bootstrap
2025-11-25,27.79999924,28.64999962,27.54999924,28.64999962,8642687,0,1,28.32294482,yahoo_bootstrap
2025-11-26,29.64999962,30.60000038,26.29999924,26.60000038,23134658,0,1,26.2963474,yahoo_bootstrap
2025-11-27,29,29.25,28,29.25,4558733,0,1,28.91609588,yahoo_bootstrap
2025-11-28,30.25,30.25,28.20000076,28.85000038,12399631,0,1,28.52066247,yahoo_bootstrap
2025-12-01,28.60000038,28.79999924,27.5,27.60000038,3283590,0,1,27.28493188,yahoo_bootstrap
2025-12-02,28.25,29.75,27.54999924,27.54999924,5174100,0,1,27.23550153,yahoo_bootstrap
2025-12-03,27.70000076,28.85000038,27.25,27.75,3851302,0,1,27.43321917,yahoo_bootstrap
2025-12-04,27.89999962,27.95000076,26.70000076,27.04999924,2392447,0,1,26.74120929,yahoo_bootstrap
2025-12-05,26.85000038,27.5,26.29999924,27.10000038,1608108,0,1,26.79063964,yahoo_bootstrap
2025-12-08,27.29999924,29.79999924,27.20000076,29.79999924,10654429,0,1,29.45981659,yahoo_bootstrap
2025-12-09,30.5,31.39999962,29.20000076,30.75,17781028,0,1,30.3989726,yahoo_bootstrap
2025-12-10,30.89999962,31.79999924,29.75,29.95000076,10012479,0,1,29.60810577,yahoo_bootstrap
2025-12-11,29.75,30.29999924,29.10000038,29.60000038,4483232,0,1,29.26210083,yahoo_bootstrap
2025-12-12,29.60000038,31.60000038,29.5,30.25,10642719,0,1,29.90468036,yahoo_bootstrap
2025-12-15,30.39999962,33.25,30,33.25,15548887,0,1,32.87043378,yahoo_bootstrap
2025-12-16,33.34999847,35.54999924,30.64999962,33,43346661,0,1,32.62328766,yahoo_bootstrap
2025-12-17,32.70000076,33.95000076,31.70000076,32.09999847,10197786,0,1,31.73356012,yahoo_bootstrap
2025-12-18,31.95000076,33,31.14999962,31.35000038,6432737,0,1,30.99212366,yahoo_bootstrap
2025-12-19,31.35000038,33,31.35000038,31.70000076,6342155,0,1,31.3381286,yahoo_bootstrap
2025-12-22,32.54999924,34.34999847,32.04999924,33.65000153,9992843,0,1,33.26586909,yahoo_bootstrap
2025-12-23,34.5,37,34.5,37,11960059,0,1,36.57762556,yahoo_bootstrap
2025-12-24,38.25,40,36.15000153,38.70000076,41865871,0,1,38.25821992,yahoo_bootstrap
2025-12-26,39.09999847,42.54999924,38.70000076,42.54999924,23404201,0,1,42.06426865,yahoo_bootstrap
2025-12-29,45,46.79999924,42.65000153,46.79999924,39988741,0,1,46.26575266,yahoo_bootstrap
2025-12-30,49,49.29999924,47,48.09999847,49999713,0,1,47.55091172,yahoo_bootstrap
2025-12-31,47.25,50.20000076,45.29999924,45.59999847,22526444,0,1,45.07945053,yahoo_bootstrap
2026-01-02,44.79999924,46.79999924,44,46.09999847,4155450,0,1,45.57374277,yahoo_bootstrap
2026-01-05,46.09999847,46.09999847,43.95000076,44.45000076,2662775,0,1,43.94258065,yahoo_bootstrap
2026-01-06,44.09999847,44.90000153,43.90000153,43.90000153,1589495,0,1,43.39885995,yahoo_bootstrap
2026-01-07,44.20000076,44.20000076,42.20000076,42.95000076,2528143,0,1,42.45970394,yahoo_bootstrap
2026-01-08,42.70000076,43.70000076,42.34999847,42.34999847,1735668,0,1,41.86655099,yahoo_bootstrap
2026-01-09,42.65000153,43.34999847,41.20000076,43,1394340,0,1,42.50913241,yahoo_bootstrap
2026-01-12,44.40000153,47.29999924,44.40000153,47.29999924,4875273,0,1,46.7600449,yahoo_bootstrap
2026-01-13,47.59999847,47.70000076,45.20000076,46.15000153,2823331,0,1,45.62317502,yahoo_bootstrap
2026-01-14,46.65000153,48.29999924,46.29999924,47.95000076,3041035,0,1,47.40262631,yahoo_bootstrap
2026-01-15,48.95000076,48.95000076,47.45000076,48.25,2347451,0,1,47.6992009,yahoo_bootstrap
2026-01-16,48.25,48.70000076,48.15000153,48.15000153,2262627,0,1,47.60034397,yahoo_bootstrap
2026-01-19,47.20000076,51.90000153,46.5,51.5,4596298,0,1,50.91210045,yahoo_bootstrap
2026-01-20,50.40000153,51,47.5,48.65000153,8586533,0,1,48.09463621,yahoo_bootstrap
2026-01-21,47.40000153,48.29999924,45.09999847,45.54999924,5998179,0,1,45.03002207,yahoo_bootstrap
2026-01-22,46.29999924,47.54999924,43.70000076,44,5622651,0,1,43.49771689,yahoo_bootstrap
2026-01-23,44.20000076,48.29999924,44.09999847,45.20000076,11424080,0,1,44.68401901,yahoo_bootstrap
2026-01-26,45.70000076,48.20000076,44.54999924,47,6893200,0,1,46.46347031,yahoo_bootstrap
2026-01-27,47.84999847,48,45.04999924,45.15000153,5861311,0,1,44.63459054,yahoo_bootstrap
2026-01-28,45,45.40000153,43.54999924,43.59999847,3983973,0,1,43.10228158,yahoo_bootstrap
2026-01-29,43.90000153,43.95000076,42.04999924,42.45000076,3763520,0,1,41.9654117,yahoo_bootstrap
2026-01-30,43.25,43.5,38.95000076,39.70000076,3961737,0,1,39.2468044,yahoo_bootstrap
2026-02-02,38.84999847,42.04999924,38.75,40.5,4012125,0,1,40.03767122,yahoo_bootstrap
2026-02-03,41.40000153,44.54999924,41.40000153,44.54999924,7726351,0,1,44.0414376,yahoo_bootstrap
2026-02-04,47.84999847,48.79999924,47.20000076,48.40000153,20976791,0,1,47.84749009,yahoo_bootstrap
2026-02-05,46.15000153,48.20000076,44.70000076,44.70000076,6110831,0,1,44.18972677,yahoo_bootstrap
2026-02-06,42.29999924,42.65000153,40.59999847,40.84999847,3630775,0,1,40.38367428,yahoo_bootstrap
2026-02-09,42.45000076,42.45000076,39.70000076,39.70000076,3095506,0,1,39.2468044,yahoo_bootstrap
2026-02-10,39.84999847,43.65000153,38.70000076,43.65000153,5252477,0,1,43.15171383,yahoo_bootstrap
2026-02-11,43.5,44.09999847,40.65000153,41.5,6295304,0,1,41.0262557,yahoo_bootstrap
2026-02-23,41.59999847,45.65000153,41.40000153,45.65000153,6398451,0,1,45.12888278,yahoo_bootstrap
2026-02-24,48.29999924,50.20000076,48.29999924,50.20000076,11620063,0,1,49.62694138,yahoo_bootstrap
2026-02-25,54.70000076,55.20000076,53.79999924,55.20000076,5137793,0,1,54.56986375,yahoo_bootstrap
2026-02-26,57.70000076,58.09999847,53.59999847,56.79999924,27694122,0,1,56.15159741,yahoo_bootstrap
2026-03-02,53.59999847,59.90000153,53.09999847,56,15183090,0,1,55.36073058,yahoo_bootstrap
2026-03-03,56,57.40000153,51,51.79999924,10624435,0,1,51.20867504,yahoo_bootstrap
2026-03-04,51,51.5,46.79999924,47.20000076,4623012,0,1,46.66118796,yahoo_bootstrap
2026-03-05,49.40000153,51.90000153,48.34999847,49.25,6541131,0,1,48.68778538,yahoo_bootstrap
2026-03-06,49,50.70000076,47.84999847,49.09999847,3268179,0,1,48.53949619,yahoo_bootstrap
2026-03-09,44.20000076,45.5,44.20000076,45.20000076,2472331,0,1,44.68401901,yahoo_bootstrap
2026-03-10,47.70000076,47.79999924,44.59999847,46.20000076,1945302,0,1,45.67260348,yahoo_bootstrap
2026-03-11,46.45000076,49.45000076,46.45000076,48.40000153,3139356,0,1,47.84749009,yahoo_bootstrap
2026-03-12,47.70000076,50.29999924,47.09999847,47.15000153,3579508,0,1,46.61175949,yahoo_bootstrap
2026-03-13,46.5,47,45.75,46.25,2141780,0,1,45.72203195,yahoo_bootstrap
2026-03-16,46.70000076,50.79999924,46.65000153,50.79999924,5463108,0,1,50.22009056,yahoo_bootstrap
2026-03-17,54.5,55.79999924,54.40000153,55.79999924,5288141,0,1,55.16301294,yahoo_bootstrap
2026-03-18,60.79999924,61,55.20000076,58.79999924,23206809,0,1,58.12876636,yahoo_bootstrap
2026-03-19,58.5,60,57.79999924,58,8900974,0,1,57.33789953,yahoo_bootstrap
2026-03-20,59,59.90000153,56.09999847,56.90000153,5059220,0,1,56.25045812,yahoo_bootstrap
2026-03-23,53.79999924,57.40000153,53.09999847,54.5,4081452,0,1,53.87785387,yahoo_bootstrap
2026-03-24,56,56.79999924,51.20000076,52.79999924,4016008,0,1,52.19725951,yahoo_bootstrap
2026-03-25,55,56.70000076,54.09999847,54.29999924,3838183,0,1,53.68013622,yahoo_bootstrap
2026-03-26,55.5,59.70000076,54.79999924,55.70000076,17808501,0,1,55.06415599,yahoo_bootstrap
2026-03-27,54.70000076,57.70000076,53.20000076,55.59999847,8017501,0,1,54.96529528,yahoo_bootstrap
2026-03-30,54,54.5,50.40000153,52.29999924,4014639,0,1,51.70296727,yahoo_bootstrap
2026-03-31,50.79999924,52.70000076,48.79999924,49.15000153,3267600,0,1,48.58892844,yahoo_bootstrap
2026-04-01,51.90000153,52.90000153,49.90000153,50.09999847,2827703,0,1,49.52808067,yahoo_bootstrap
2026-04-02,50,51.70000076,48.54999924,48.54999924,2725360,0,1,47.99577549,yahoo_bootstrap
2026-04-07,49.75,50,48.04999924,48.5,1656312,0,1,47.94634702,yahoo_bootstrap
2026-04-08,50.20000076,51.70000076,49.79999924,51.20000076,2762128,0,1,50.61552586,yahoo_bootstrap
2026-04-09,51.70000076,51.79999924,48.20000076,48.75,3551177,0,1,48.19349314,yahoo_bootstrap
2026-04-10,49.95000076,53.59999847,49.95000076,53.59999847,7113058,0,1,52.98812633,yahoo_bootstrap
2026-04-13,54.79999924,54.90000153,51.70000076,52.40000153,4950165,0,1,51.80182799,yahoo_bootstrap
2026-04-14,53,53.5,51,51.59999847,3186629,0,1,51.01095738,yahoo_bootstrap
2026-04-15,52.5,55,51.5,51.79999924,4761020,0,1,51.20867504,yahoo_bootstrap
2026-04-16,52.20000076,53,50.5,50.59999847,2402408,0,1,50.02237291,yahoo_bootstrap
2026-04-17,51.29999924,53.20000076,50.90000153,52,3355377,0,1,51.40639268,yahoo_bootstrap
2026-04-20,52.5,52.59999847,49.70000076,49.75,3852023,0,1,49.18207762,yahoo_bootstrap
2026-04-21,49.79999924,51.20000076,49.20000076,50.79999924,2859353,0,1,50.22009056,yahoo_bootstrap
2026-04-22,51.09999847,51.40000153,49.75,49.84999847,2766205,0,1,49.28093455,yahoo_bootstrap
2026-04-23,50.20000076,50.40000153,44.90000153,45.79999924,4145525,0,1,45.27716819,yahoo_bootstrap
2026-04-24,46.20000076,46.5,42.90000153,43.54999924,2574500,0,1,43.05285312,yahoo_bootstrap
2026-04-27,43.70000076,45.04999924,42,44.70000076,2143220,0,1,44.18972677,yahoo_bootstrap
2026-04-28,44.70000076,44.84999847,43.79999924,44.59999847,1283100,0,1,44.09086606,yahoo_bootstrap
2026-04-29,44.5,45.15000153,44,44.84999847,967090,0,1,44.33801218,yahoo_bootstrap
2026-04-30,45,45.29999924,43.25,43.54999924,1440200,0,1,43.05285312,yahoo_bootstrap
2026-05-04,44.20000076,45.65000153,43.79999924,44.65000153,1317000,0,1,44.14029831,yahoo_bootstrap
2026-05-05,44.70000076,45.59999847,44.29999924,45.29999924,1217002,0,1,44.78287595,yahoo_bootstrap
2026-05-06,46.15000153,46.20000076,44,44.29999924,1450100,0,1,43.79429148,yahoo_bootstrap
2026-05-07,44.90000153,45.79999924,44,45.20000076,1272001,0,1,44.68401901,yahoo_bootstrap
2026-05-08,45.75,49.29999924,45.59999847,46.09999847,4007096,0,1,45.57374277,yahoo_bootstrap
2026-05-11,46.75,46.75,44.20000076,45.40000153,1635396,0,1,44.88173666,yahoo_bootstrap
2026-05-12,45.79999924,46.25,44.79999924,45,973301,0,1,44.48630136,yahoo_bootstrap
2026-05-13,45.5,45.5,43.90000153,43.95000076,1033772,0,1,43.44828841,yahoo_bootstrap
2026-05-14,44.34999847,44.75,43.79999924,43.84999847,1008554,0,1,43.3494277,yahoo_bootstrap
2026-05-15,44.25,45.40000153,42.75,43.20000076,1187415,0,1,42.70685006,yahoo_bootstrap
2026-05-18,42.70000076,47.5,42.09999847,47.5,3681660,0,1,46.95776255,yahoo_bootstrap
2026-05-19,47.65000153,51.40000153,47,49.95000076,11059283,0,1,49.37979526,yahoo_bootstrap
2026-05-20,50.59999847,50.90000153,48.5,49.29999924,10423482,0,1,48.73721385,yahoo_bootstrap
2026-05-21,50.29999924,53.59999847,49.75,51.09999847,10667500,0,1,50.51666514,yahoo_bootstrap
2026-05-22,51.5,52.70000076,51.20000076,51.5,6740251,0,1,50.91210045,yahoo_bootstrap
2026-05-25,51.90000153,52.59999847,50.70000076,51.90000153,5735780,0,1,51.30753575,yahoo_bootstrap
2026-05-26,51.5,53.09999847,49.04999924,51.5,5233202,0,1,50.91210045,yahoo_bootstrap
2026-05-27,51.70000076,52,49.45000076,49.54999924,2928753,0,1,48.98435997,yahoo_bootstrap
2026-05-28,50.20000076,52.5,49.65000153,51,4917112,0,1,50.41780821,yahoo_bootstrap
2026-05-29,51.90000153,52.59999847,50.5,51.20000076,4182633,0,1,50.61552586,yahoo_bootstrap
2026-06-01,52.09999847,53.90000153,51.59999847,53.20000076,9018610,0,1,52.5926948,yahoo_bootstrap
2026-06-02,53,53.40000153,50.70000076,53.29999924,5843186,0,1,52.69155175,yahoo_bootstrap
2026-06-03,55.29999924,56.70000076,54.5,55.09999847,13764901,0,1,54.47100304,yahoo_bootstrap
2026-06-04,54.59999847,54.59999847,52.70000076,52.70000076,2981163,0,1,52.09840257,yahoo_bootstrap
2026-06-05,51.59999847,52.09999847,50.20000076,51.09999847,1764193,0,1,50.51666514,yahoo_bootstrap
2026-06-08,46,54.09999847,46,53.40000153,4825072,0,1,52.79041246,yahoo_bootstrap
2026-06-09,55.59999847,56.79999924,53.70000076,54.20000076,6459155,0,1,53.58127928,yahoo_bootstrap
2026-06-10,55.09999847,59.59999847,55.09999847,59.59999847,21164263,0,1,58.91963318,yahoo_bootstrap
2026-06-11,61,61,55.09999847,57.5,18185596,0,1,56.84360729,yahoo_bootstrap
2026-06-12,60.5,63.20000076,59.20000076,61.20000076,23193353,0,1,60.5013706,yahoo_bootstrap
2026-06-15,64.69999695,67.30000305,61,62.5,17894139,0,1,61.78652967,yahoo_bootstrap
2026-06-16,63,64.40000153,59.20000076,59.5,7506843,0,1,58.82077624,yahoo_bootstrap
2026-06-17,58.40000153,59.20000076,57.09999847,57.70000076,3687396,0,1,57.04132494,yahoo_bootstrap
2026-06-18,58,58.59999847,56.20000076,56.5,3219064,0,1,55.85502282,yahoo_bootstrap
2026-06-22,57,58,56,56.70000076,3128238,0,1,56.05274047,yahoo_bootstrap
2026-06-23,56.70000076,56.70000076,51.5,51.90000153,5095418,0,1,51.30753575,yahoo_bootstrap
2026-06-24,51,53.20000076,50.90000153,51.70000076,2318210,0,1,51.10981809,yahoo_bootstrap
2026-06-25,52.29999924,52.40000153,50.59999847,50.59999847,1673800,0,1,50.02237291,yahoo_bootstrap
2026-06-26,50.09999847,50.5,47.54999924,47.54999924,2604860,0,1,47.00719102,yahoo_bootstrap
2026-06-29,47.54999924,48.5,46.29999924,46.54999924,1684013,0,1,46.01860655,yahoo_bootstrap
2026-06-30,47.40000153,48.45000076,46.70000076,47.70000076,1647050,0,1,47.15548019,yahoo_bootstrap
2026-07-01,48.5,48.79999924,46.84999847,48.5,1837032,0,1,47.94634702,yahoo_bootstrap
2026-07-02,48.09999847,49.20000076,47.20000076,48.25,1752100,0,1,47.6992009,yahoo_bootstrap
2026-07-03,47.79999924,49.20000076,47.59999847,48.45000076,1457000,0,1,47.89691855,yahoo_bootstrap
2026-07-06,49.04999924,49.65000153,48.04999924,48.5,1145000,0,1,47.94634702,yahoo_bootstrap
2026-07-07,48.5,49.09999847,45.25,45.65000153,1564033,0,1,45.12888278,yahoo_bootstrap
2026-07-08,45.45000076,46.79999924,44.5,46.29999924,1119501,0,1,45.77146043,yahoo_bootstrap
2026-07-09,46.65000153,48,45.20000076,45.29999924,1467326,0,1,44.78287595,yahoo_bootstrap
2026-07-10,45.29999924,45.29999924,45.29999924,45.29999924,0,0,1,44.78287595,yahoo_bootstrap
2026-07-13,46.09999847,47.04999924,44.59999847,45.75,2483200,0,1,45.22773972,yahoo_bootstrap
2026-07-14,45.40000153,46.90000153,43,44,3348226,0,1,43.49771689,yahoo_bootstrap
2026-07-15,44.59999847,46.40000153,44.59999847,45.15000153,1290082,0,1,44.63459054,yahoo_bootstrap
2026-07-16,45,45.40000153,44,44,722350,0,1,43.49771689,yahoo_bootstrap
2026-07-17,43.20000076,43.20000076,40.45000076,40.70000076,1349413,0,1,40.23538887,yahoo_bootstrap
2026-07-20,40.75,41.20000076,38.09999847,39.90000153,1051308,0,1,39.44452205,yahoo_bootstrap
2026-07-21,40.20000076,40.90000153,39.90000153,40.40000153,555080,0,1,39.93881429,yahoo_bootstrap
2026-07-22,41,42.09999847,41,41.5,495000,0,1,41.0262557,yahoo_bootstrap
2026-07-23,41.70000076,42.54999924,41.20000076,41.84999847,525020,0,1,41.37225875,yahoo_bootstrap
2026-07-24,41.70000076,41.70000076,40.25,40.25,583032,0,1,39.79052511,yahoo_bootstrap
2026-07-27,40.34999847,40.79999924,39.59999847,40.5,379594,0,1,40.03767122,yahoo_bootstrap
2026-07-28,39.90000153,39.90000153,38,38.09999847,850774,0,1,37.66506697,yahoo_bootstrap
2026-07-29,39.09999847,39.15000153,34.59999847,36.65000153,1339057,0,1,36.23162251,yahoo_bootstrap
2026-07-30,35.95000076,37.20000076,34.5,34.59999847,758005,0,1,34.20502131,yahoo_bootstrap
2026-07-31,37.15000153,37.59999847,36.29999924,37.40000153,638430,0,1,36.97306087,yahoo_bootstrap
2026-08-03,37,40.45000076,37,39.95000076,854000,0,1,39.49395052,yahoo_bootstrap
2026-08-04,39.25,40.5,39.25,39.95000076,725430,0,1,39.49395052,yahoo_bootstrap
2026-08-05,41.20000076,41.5,40.29999924,40.34999847,569050,0,1,39.88938204,yahoo_bootstrap
2026-08-06,40.95000076,42.29999924,40,42.04999924,920420,0,1,41.56997641,yahoo_bootstrap
2026-08-07,43.40000153,43.59999847,40.70000076,40.79999924,1053001,0,1,40.33424582,yahoo_daily
2026-08-10,41.70000076,44.84999847,41.70000076,44.84999847,1953621,0,1,44.33801218,yahoo_daily
2026-08-11,45.5,46,44.15000153,44.25,2079006,0,1,43.744863,yahoo_daily
2026-08-12,44.59999847,46.29999924,44.5,45.75,1423211,0,1,45.22773972,yahoo_daily
2026-08-13,46.75,47,45.40000153,45.40000153,1008005,0,1,44.88173666,yahoo_daily
2026-08-14,45.45000076,45.90000153,44.09999847,44.09999847,813217,0,1,43.59657383,yahoo_daily
2026-08-17,44.20000076,45.04999924,44.15000153,44.75,460191,0,1,44.23915524,yahoo_daily
2026-08-18,44.75,44.84999847,43.20000076,43.25,575369,0,1,42.75627853,yahoo_daily
2026-08-19,43,44.95000076,42.65000153,43.90000153,619080,0,1,43.39885995,yahoo_daily
2026-08-20,44.45000076,44.45000076,43.40000153,43.75,409000,0,1,43.25057077,yahoo_daily
2026-08-21,43.54999924,43.79999924,43.25,43.79999924,283000,0,1,43.29999924,yahoo_daily
2026-08-24,43.79999924,44.45000076,43.04999924,43.04999924,469100,0.5,1,43.04999924,yahoo_daily
2026-08-25,42.5,43.04999924,42,42.79999924,380086,0,1,42.79999924,yahoo_daily
2026-08-26,43.40000153,44.5,43.25,44.04999924,546369,0,1,44.04999924,yahoo_daily
2026-08-27,44.40000153,45.20000076,43.75,43.75,517000,0,1,43.75,yahoo_daily
2026-08-28,44.15000153,45.25,43.79999924,43.84999847,484128,0,1,43.84999847,yahoo_daily
2026-08-31,43.79999924,44.40000153,43.04999924,43.20000076,345000,0,1,43.20000076,yahoo_daily
2026-09-01,43,44.04999924,43,43.20000076,429679,0,1,43.20000076,yahoo_daily
2026-09-02,43.04999924,43.40000153,42.90000153,42.95000076,314025,0,1,42.95000076,yahoo_daily
2026-09-03,43.29999924,43.40000153,41.54999924,41.65000153,468001,0,1,41.65000153,yahoo_daily
2026-09-04,41.90000153,45.79999924,41.90000153,45.79999924,4395415,0,1,45.79999924,yahoo_daily
2026-09-07,47.84999847,49.29999924,46.20000076,48.34999847,9598401,0,1,48.34999847,yahoo_daily
2026-09-08,47.95000076,49.59999847,45.84999847,45.95000076,4623244,0,1,45.95000076,yahoo_daily
