date,open,high,low,close,volume,dividend,split_factor,adjusted_close,source
2021-08-27,57.29143524,58.37987518,54.91666412,55.60930634,12222621,0,1,46.70033463,yahoo_bootstrap
2021-08-30,56.10404968,59.36936569,55.70825577,59.27041626,15672939,0,1,49.77491099,yahoo_bootstrap
2021-08-31,58.87461853,59.56726456,57.48933411,58.57777405,12589809,0,1,49.19323455,yahoo_bootstrap
2021-09-01,58.67672348,64.41576385,58.47882462,63.12942505,37712178,0,1,53.01568153,yahoo_bootstrap
2021-09-02,63.12942505,65.60314941,61.94203949,62.93152618,32082564,0,1,52.84948734,yahoo_bootstrap
2021-09-03,64.11891174,66.19683838,62.53573227,63.03047562,28980642,0,1,52.93258444,yahoo_bootstrap
2021-09-06,64.01996613,65.00945282,59.96305847,61.05149841,17712569,0,1,51.27065222,yahoo_bootstrap
2021-09-07,60.45780563,61.74414062,55.11455917,55.60930634,21907026,0,1,46.70033463,yahoo_bootstrap
2021-09-08,55.80720139,57.19248962,54.2240181,55.11455917,10572377,0,1,46.28484917,yahoo_bootstrap
2021-09-09,55.11455917,57.7861824,54.61981583,57.39038467,9681932,0,1,48.19607266,yahoo_bootstrap
2021-09-10,56.89564133,58.77567291,56.89564133,58.77567291,7879953,0,1,49.35942873,yahoo_bootstrap
2021-09-13,58.77567291,59.17146683,57.09354019,57.88513184,5346558,0,1,48.61155812,yahoo_bootstrap
2021-09-14,58.67672348,58.77567291,56.10404968,56.20299911,5265815,0,1,47.19891397,yahoo_bootstrap
2021-09-15,56.40089798,56.79669189,55.21350861,56.20299911,3822203,0,1,47.19891397,yahoo_bootstrap
2021-09-16,56.10404968,56.69774246,55.11455917,55.21350861,3964108,0,1,46.36794627,yahoo_bootstrap
2021-09-17,55.11455917,56.30194855,51.9481926,56.20299911,15570586,0,1,47.19891397,yahoo_bootstrap
2021-09-22,54.42191696,55.41140747,53.63032532,53.82822418,5908540,0,1,45.20459339,yahoo_bootstrap
2021-09-23,54.81771469,56.00510025,53.82822418,54.02612305,4203281,0,1,45.37078758,yahoo_bootstrap
2021-09-24,55.01561356,55.01561356,53.63032532,54.2240181,3146642,0,1,45.53697856,yahoo_bootstrap
2021-09-27,54.61981583,54.91666412,52.44293976,52.83873367,4056826,0,1,44.37362568,yahoo_bootstrap
2021-09-28,52.73978424,53.92717361,51.05765533,52.04714203,6169848,0,1,43.70885216,yahoo_bootstrap
2021-09-29,50.6618576,51.84924698,49.96921539,49.96921539,3786441,0,1,41.96382285,yahoo_bootstrap
2021-09-30,49.87026596,51.25555038,49.87026596,51.15660477,2921063,0,1,42.96098475,yahoo_bootstrap
2021-10-01,50.6618576,50.6618576,47.79233932,47.79233932,6301170,0,1,40.13569645,yahoo_bootstrap
2021-10-04,48.08918762,49.27657318,47.19864655,48.039711,4195426,0,1,40.34343758,yahoo_bootstrap
2021-10-05,47.29759216,52.24504089,46.30810547,51.75029755,9012095,0,1,43.45956409,yahoo_bootstrap
2021-10-06,52.44293976,54.2240181,51.15660477,53.43243027,11592828,0,1,44.87220823,yahoo_bootstrap
2021-10-07,53.63032532,55.90615082,53.5313797,55.90615082,11592508,0,1,46.9496227,yahoo_bootstrap
2021-10-08,55.31245804,56.40089798,54.42191696,55.41140747,9120411,0,1,46.53414045,yahoo_bootstrap
2021-10-12,55.11455917,55.60930634,53.92717361,54.91666412,5009588,0,1,46.11865819,yahoo_bootstrap
2021-10-13,55.11455917,56.30194855,53.13558197,53.5313797,7265262,0,1,44.95530532,yahoo_bootstrap
2021-10-14,54.02612305,54.52086639,51.84924698,52.93768311,4889132,0,1,44.45672278,yahoo_bootstrap
2021-10-15,54.2240181,57.48933411,53.63032532,57.48933411,14824706,0,1,48.27916975,yahoo_bootstrap
2021-10-18,56.89564133,58.18197632,56.10404968,58.18197632,9726327,0,1,48.86084619,yahoo_bootstrap
2021-10-19,57.58828354,58.67672348,57.09354019,57.98408127,7039226,0,1,48.69465521,yahoo_bootstrap
2021-10-20,57.98408127,59.17146683,56.69774246,57.19248962,6622354,0,1,48.02988168,yahoo_bootstrap
2021-10-21,57.29143524,60.16095734,55.41140747,55.60930634,14756402,0,1,46.70033463,yahoo_bootstrap
2021-10-22,55.60930634,57.88513184,55.31245804,57.58828354,10187741,0,1,48.36226684,yahoo_bootstrap
2021-10-25,57.19248962,58.47882462,56.30194855,57.7861824,5995753,0,1,48.52846102,yahoo_bootstrap
2021-10-26,57.88513184,59.96305847,56.99459076,57.68723297,10948247,0,1,48.44536393,yahoo_bootstrap
2021-10-27,57.68723297,62.83257675,57.68723297,61.54624176,23255130,0,1,51.68613448,yahoo_bootstrap
2021-10-28,62.73362732,64.71260834,61.3483429,62.04098511,33622614,0,1,52.10161673,yahoo_bootstrap
2021-10-29,62.3378334,67.97792053,61.94203949,65.60314941,27189712,0,1,55.0930992,yahoo_bootstrap
2021-11-01,66.29579163,67.48317719,64.81155396,67.48317719,21289732,0,1,56.67193433,yahoo_bootstrap
2021-11-02,67.97792053,68.27477264,62.13993454,63.12942505,22906661,0,1,53.01568153,yahoo_bootstrap
2021-11-03,63.32732391,64.31681061,61.05149841,62.3378334,9602232,0,1,52.350908,yahoo_bootstrap
2021-11-04,62.83257675,64.21786499,61.54624176,62.04098511,8089303,0,1,52.10161673,yahoo_bootstrap
2021-11-05,62.04098511,62.83257675,59.17146683,59.76515961,13020983,0,1,50.19039324,yahoo_bootstrap
2021-11-08,59.86410904,60.75465012,58.18197632,59.86410904,7144795,0,1,50.27349033,yahoo_bootstrap
2021-11-09,60.16095734,61.74414062,59.66621017,61.54624176,7360260,0,1,51.68613448,yahoo_bootstrap
2021-11-10,61.05149841,62.13993454,60.65570068,61.44729233,4892901,0,1,51.60303739,yahoo_bootstrap
2021-11-11,60.85359955,62.73362732,60.65570068,61.84309006,5087713,0,1,51.93542575,yahoo_bootstrap
2021-11-12,61.3483429,61.64519119,58.77567291,59.0725174,9895363,0,1,49.60871681,yahoo_bootstrap
2021-11-15,59.17146683,63.03047562,59.17146683,62.13993454,11923444,0,1,52.18471382,yahoo_bootstrap
2021-11-16,62.13993454,63.82206726,61.44729233,63.12942505,8949994,0,1,53.01568153,yahoo_bootstrap
2021-11-17,62.83257675,64.81155396,62.23888397,62.3378334,10171637,0,1,52.350908,yahoo_bootstrap
2021-11-18,62.53573227,64.31681061,62.23888397,63.03047562,6771309,0,1,52.93258444,yahoo_bootstrap
2021-11-19,64.01996613,64.21786499,61.64519119,61.84309006,6493450,0,1,51.93542575,yahoo_bootstrap
2021-11-22,62.3378334,62.43678284,60.25990677,60.25990677,5762460,0,1,50.6058787,yahoo_bootstrap
2021-11-23,60.25990677,61.05149841,59.36936569,59.56726456,3556376,0,1,50.02420226,yahoo_bootstrap
2021-11-24,59.66621017,60.65570068,59.17146683,60.65570068,2221459,0,1,50.93826385,yahoo_bootstrap
2021-11-25,60.55675125,61.24939346,59.36936569,59.36936569,2725006,0,1,49.85800808,yahoo_bootstrap
2021-11-26,59.17146683,59.36936569,57.09354019,57.19248962,5482317,0,1,48.02988168,yahoo_bootstrap
2021-11-29,55.41140747,59.17146683,55.21350861,58.37987518,4435672,0,1,49.02704037,yahoo_bootstrap
2021-11-30,58.87461853,61.3483429,58.87461853,61.3483429,5011711,0,1,51.5199403,yahoo_bootstrap
2021-12-01,60.45780563,61.74414062,59.96305847,61.64519119,3642100,0,1,51.76923156,yahoo_bootstrap
2021-12-02,60.85359955,62.13993454,60.0620079,60.0620079,3534613,0,1,50.43968451,yahoo_bootstrap
2021-12-03,60.16095734,62.93152618,60.16095734,62.43678284,6903508,0,1,52.4340051,yahoo_bootstrap
2021-12-06,63.42627335,64.21786499,62.3378334,63.22837448,9157637,0,1,53.09877862,yahoo_bootstrap
2021-12-07,63.92101669,65.99894714,61.64519119,62.73362732,15670841,0,1,52.68329316,yahoo_bootstrap
2021-12-08,63.72311783,64.81155396,62.83257675,64.51470947,9754201,0,1,54.1790344,yahoo_bootstrap
2021-12-09,64.61366272,65.40525055,63.82206726,64.51470947,8974443,0,1,54.1790344,yahoo_bootstrap
2021-12-10,64.01996613,65.60314941,62.73362732,65.00945282,7700284,0,1,54.59451665,yahoo_bootstrap
2021-12-13,65.00945282,66.09789276,62.43678284,62.83257675,9138092,0,1,52.76639025,yahoo_bootstrap
2021-12-14,62.3378334,62.73362732,60.0620079,60.0620079,6011105,0,1,50.43968451,yahoo_bootstrap
2021-12-15,60.16095734,60.95254898,59.86410904,60.16095734,2731423,0,1,50.52278161,yahoo_bootstrap
2021-12-16,60.75465012,61.44729233,60.0620079,60.3588562,2022464,0,1,50.68897579,yahoo_bootstrap
2021-12-17,60.3588562,60.3588562,58.97356796,59.36936569,2719035,0,1,49.85800808,yahoo_bootstrap
2021-12-20,60.0620079,62.04098511,59.56726456,60.55675125,3815371,0,1,50.85516677,yahoo_bootstrap
2021-12-21,61.15044785,64.71260834,60.16095734,64.11891174,13177071,0,1,53.84664603,yahoo_bootstrap
2021-12-22,64.11891174,70.4516449,64.11891174,70.4516449,37339954,0,1,59.16483425,yahoo_bootstrap
2021-12-23,72.23272705,77.18017578,72.23272705,77.08122253,61426643,0,1,64.73231052,yahoo_bootstrap
2021-12-24,77.97176361,79.5549469,74.80539703,76.8833313,32309492,0,1,64.56612275,yahoo_bootstrap
2021-12-27,75.99279022,80.94023132,75.30014801,76.58647919,29641966,0,1,64.31682828,yahoo_bootstrap
2021-12-28,77.18017578,79.75284576,76.19068146,78.36756134,17396171,0,1,65.81256951,yahoo_bootstrap
2021-12-29,78.96125793,80.24758911,76.98227692,77.77387238,19871189,0,1,65.31399337,yahoo_bootstrap
2021-12-30,77.08122253,78.56546021,74.80539703,75.69593811,13149201,0,1,63.56895766,yahoo_bootstrap
2022-01-03,76.2896347,76.58647919,73.61801147,73.91486359,8702742,0,1,62.07322283,yahoo_bootstrap
2022-01-04,75.0032959,76.09173584,73.91486359,75.0032959,10748453,0,1,62.98728122,yahoo_bootstrap
2022-01-05,74.31065369,74.70645142,70.74849701,71.63903046,11121435,0,1,60.16199294,yahoo_bootstrap
2022-01-06,71.63903046,72.82642365,70.94638824,71.54008484,5628549,0,1,60.07889905,yahoo_bootstrap
2022-01-07,71.93588257,72.23272705,68.27477264,69.75900269,10177989,0,1,58.58315781,yahoo_bootstrap
2022-01-10,68.07687378,69.95690155,67.38423157,67.87897491,5374771,0,1,57.00432268,yahoo_bootstrap
2022-01-11,67.87897491,68.37371826,65.5042038,65.80104828,6527401,0,1,55.25929338,yahoo_bootstrap
2022-01-12,66.49369049,67.28527832,64.81155396,64.9105072,4510057,0,1,54.51142276,yahoo_bootstrap
2022-01-13,66.29579163,66.49369049,64.11891174,64.11891174,5582897,0,1,53.84664603,yahoo_bootstrap
2022-01-14,63.6241684,64.51470947,61.84309006,62.43678284,6029058,0,1,52.4340051,yahoo_bootstrap
2022-01-17,62.43678284,65.60314941,62.04098511,64.41576385,7173962,0,1,54.09594051,yahoo_bootstrap
2022-01-18,64.41576385,65.10840607,62.43678284,62.73362732,6608963,0,1,52.68329316,yahoo_bootstrap
2022-01-19,61.44729233,62.93152618,61.3483429,62.23888397,2359436,0,1,52.26781091,yahoo_bootstrap
2022-01-20,62.23888397,62.73362732,61.3483429,61.94203949,3629118,0,1,52.01852284,yahoo_bootstrap
2022-01-21,61.3483429,62.53573227,59.96305847,59.96305847,4033959,0,1,50.35658742,yahoo_bootstrap
2022-01-24,59.0725174,61.05149841,57.98408127,60.55675125,3630632,0,1,50.85516677,yahoo_bootstrap
2022-01-25,60.3588562,60.45780563,57.98408127,57.98408127,4094203,0,1,48.69465521,yahoo_bootstrap
2022-01-26,58.0830307,59.27041626,57.39038467,58.28092575,2403903,0,1,48.94394328,yahoo_bootstrap
2022-02-07,58.97356796,60.25990677,58.47882462,60.25990677,1993101,0,1,50.6058787,yahoo_bootstrap
2022-02-08,60.3588562,61.24939346,59.86410904,60.55675125,2193499,0,1,50.85516677,yahoo_bootstrap
2022-02-09,61.15044785,62.53573227,60.85359955,61.94203949,3583403,0,1,52.01852284,yahoo_bootstrap
2022-02-10,62.3378334,62.43678284,60.65570068,60.75465012,2533124,0,1,51.02136095,yahoo_bootstrap
2022-02-11,60.16095734,60.75465012,59.96305847,60.16095734,1644332,0,1,50.52278161,yahoo_bootstrap
2022-02-14,59.36936569,59.36936569,58.18197632,58.47882462,2139810,0,1,49.11013746,yahoo_bootstrap
2022-02-15,59.27041626,59.27041626,57.88513184,58.0830307,1319226,0,1,48.7777523,yahoo_bootstrap
2022-02-16,59.0725174,59.46831512,58.57777405,59.36936569,1295789,0,1,49.85800808,yahoo_bootstrap
2022-02-17,59.66621017,60.95254898,59.36936569,59.76515961,2360596,0,1,50.19039324,yahoo_bootstrap
2022-02-18,58.87461853,59.0725174,58.57777405,58.87461853,1474497,0,1,49.44252262,yahoo_bootstrap
2022-02-21,58.37987518,58.57777405,57.98408127,57.98408127,1816181,0,1,48.69465521,yahoo_bootstrap
2022-02-22,57.7861824,57.98408127,55.31245804,56.20299911,3182384,0,1,47.19891397,yahoo_bootstrap
2022-02-23,56.69774246,58.47882462,56.40089798,58.18197632,1719082,0,1,48.86084619,yahoo_bootstrap
2022-02-24,56.99459076,57.29143524,54.91666412,55.41140747,2499167,0,1,46.53414045,yahoo_bootstrap
2022-02-25,56.10404968,56.79669189,55.21350861,56.00510025,1588945,0,1,47.03271979,yahoo_bootstrap
2022-03-01,56.69774246,57.98408127,56.30194855,57.88513184,1607798,0,1,48.61155812,yahoo_bootstrap
2022-03-02,57.39038467,58.18197632,57.09354019,58.18197632,1158093,0,1,48.86084619,yahoo_bootstrap
2022-03-03,58.97356796,59.17146683,57.68723297,58.0830307,1069086,0,1,48.7777523,yahoo_bootstrap
2022-03-04,57.39038467,57.48933411,56.40089798,56.79669189,1237075,0,1,47.69749331,yahoo_bootstrap
2022-03-07,55.70825577,56.00510025,53.82822418,54.32296753,3129589,0,1,45.62007565,yahoo_bootstrap
2022-03-08,53.03663254,55.5103569,52.54188919,53.13558197,3061190,0,1,44.62291696,yahoo_bootstrap
2022-03-09,53.82822418,54.42191696,53.2345314,54.32296753,1201142,0,1,45.62007565,yahoo_bootstrap
2022-03-10,55.21350861,57.29143524,54.81771469,56.40089798,2452274,0,1,47.36510816,yahoo_bootstrap
2022-03-11,56.10404968,56.10404968,54.61981583,54.81771469,1731958,0,1,46.0355611,yahoo_bootstrap
2022-03-14,55.31245804,56.00510025,54.91666412,55.21350861,1085408,0,1,46.36794627,yahoo_bootstrap
2022-03-15,55.21350861,55.21350861,52.73978424,52.73978424,1753439,0,1,44.29052859,yahoo_bootstrap
2022-03-16,53.43243027,54.32296753,52.54188919,52.93768311,1602872,0,1,44.45672278,yahoo_bootstrap
2022-03-17,54.32296753,54.91666412,54.02612305,54.81771469,1441854,0,1,46.0355611,yahoo_bootstrap
2022-03-18,55.11455917,55.70825577,54.52086639,55.70825577,1030192,0,1,46.78343172,yahoo_bootstrap
2022-03-21,56.20299911,59.17146683,56.20299911,58.77567291,5975089,0,1,49.35942873,yahoo_bootstrap
2022-03-22,58.28092575,60.25990677,57.19248962,59.17146683,4199004,0,1,49.6918139,yahoo_bootstrap
2022-03-23,59.86410904,60.0620079,58.47882462,58.47882462,2864164,0,1,49.11013746,yahoo_bootstrap
2022-03-24,58.0830307,59.0725174,57.7861824,58.87461853,1674498,0,1,49.44252262,yahoo_bootstrap
2022-03-25,59.56726456,59.76515961,58.0830307,58.0830307,2034497,0,1,48.7777523,yahoo_bootstrap
2022-03-28,57.7861824,57.88513184,56.69774246,57.7861824,1072445,0,1,48.52846102,yahoo_bootstrap
2022-03-29,58.0830307,58.77567291,56.89564133,56.89564133,1430116,0,1,47.78059041,yahoo_bootstrap
2022-03-30,57.39038467,58.47882462,57.29143524,57.48933411,1733803,0,1,48.27916975,yahoo_bootstrap
2022-03-31,57.48933411,57.88513184,56.40089798,56.40089798,990679,0,1,47.36510816,yahoo_bootstrap
2022-04-01,55.70825577,56.40089798,55.21350861,56.20299911,912096,0,1,47.19891397,yahoo_bootstrap
2022-04-06,56.20299911,56.20299911,54.91666412,54.91666412,997824,0,1,46.11865819,yahoo_bootstrap
2022-04-07,54.91666412,55.70825577,52.93768311,53.03663254,1598697,0,1,44.53981987,yahoo_bootstrap
2022-04-08,53.33348083,54.2240181,53.33348083,53.82822418,732408,0,1,45.20459339,yahoo_bootstrap
2022-04-11,53.72927475,53.72927475,50.85975647,51.05765533,2290140,0,1,42.87788765,yahoo_bootstrap
2022-04-12,50.06816483,51.45344925,49.6723671,50.26606369,1455397,0,1,42.21311413,yahoo_bootstrap
2022-04-13,50.56290817,51.35449982,50.16711426,51.25555038,1226132,0,1,43.04407863,yahoo_bootstrap
2022-04-14,51.35449982,51.45344925,50.26606369,50.36500931,810013,0,1,42.29620802,yahoo_bootstrap
2022-04-15,50.26606369,50.26606369,48.48498154,48.58393097,1757609,0,1,40.80046998,yahoo_bootstrap
2022-04-18,48.13866043,48.78182983,47.49549103,48.28708267,1654742,0,1,40.55117871,yahoo_bootstrap
2022-04-19,48.58393097,49.17762375,48.3860321,48.43550873,565139,0,1,40.67582595,yahoo_bootstrap
2022-04-20,48.93025208,51.84924698,48.78182983,51.65134811,3814711,0,1,43.37646699,yahoo_bootstrap
2022-04-21,50.6618576,51.75029755,50.46395874,51.05765533,2207235,0,1,42.87788765,yahoo_bootstrap
2022-04-22,50.16711426,50.6618576,49.07867432,49.17762375,1823867,0,1,41.29904933,yahoo_bootstrap
2022-04-25,47.49549103,47.99023819,45.02176666,45.12071609,3315952,0,1,37.8920846,yahoo_bootstrap
2022-04-26,46.50600433,47.00074768,45.66493607,46.35757828,1632211,0,1,38.93079344,yahoo_bootstrap
2022-04-27,44.52702332,46.01125717,43.93333054,45.81335831,1961617,0,1,38.47376104,yahoo_bootstrap
2022-04-28,45.91230774,48.08918762,45.31861496,46.85232544,1891470,0,1,39.34627889,yahoo_bootstrap
2022-04-29,47.3965416,47.94076157,46.50600433,46.50600433,984860,0,1,39.05544067,yahoo_bootstrap
2022-05-03,46.50600433,47.19864655,45.96178436,46.70389938,521784,0,1,39.22163165,yahoo_bootstrap
2022-05-04,46.70389938,47.69338989,46.70389938,47.34706879,771155,0,1,39.76176115,yahoo_bootstrap
2022-05-05,48.18813324,48.78182983,47.79233932,47.79233932,1362419,0,1,40.13569645,yahoo_bootstrap
2022-05-06,46.90179825,47.05022049,46.30810547,47.05022049,693413,0,1,39.51246987,yahoo_bootstrap
2022-05-09,47.05022049,47.05022049,44.77439499,44.77439499,1214868,0,1,37.60124639,yahoo_bootstrap
2022-05-10,44.77439499,46.70389938,44.27965164,46.4070549,1652462,0,1,38.97234358,yahoo_bootstrap
2022-05-11,46.4070549,46.95127487,46.01125717,46.4070549,656911,0,1,38.97234358,yahoo_bootstrap
2022-05-12,46.4070549,47.09969711,45.02176666,45.02176666,1008654,0,1,37.80898751,yahoo_bootstrap
2022-05-13,46.35757828,46.95127487,46.20915604,46.80284882,1069397,0,1,39.30472875,yahoo_bootstrap
2022-05-16,47.54496765,47.84181213,46.80284882,47.05022049,820675,0,1,39.51246987,yahoo_bootstrap
2022-05-17,47.09969711,48.28708267,47.09969711,48.28708267,1040611,0,1,40.55117871,yahoo_bootstrap
2022-05-18,49.47447205,49.47447205,47.94076157,48.28708267,1059277,0,1,40.55117871,yahoo_bootstrap
2022-05-19,47.09969711,48.6828804,46.85232544,48.6828804,810541,0,1,40.88356707,yahoo_bootstrap
2022-05-20,48.28708267,48.6828804,48.18813324,48.58393097,570720,0,1,40.80046998,yahoo_bootstrap
2022-05-23,49.12815094,49.42499542,48.6828804,48.6828804,865698,0,1,40.88356707,yahoo_bootstrap
2022-05-24,49.12815094,49.12815094,47.29759216,47.54496765,599298,0,1,39.92795533,yahoo_bootstrap
2022-05-25,47.79233932,48.78182983,47.59444046,48.78182983,699392,0,1,40.96666416,yahoo_bootstrap
2022-05-26,48.78182983,49.27657318,47.99023819,48.039711,554973,0,1,40.34343758,yahoo_bootstrap
2022-05-27,48.43550873,49.02920151,48.23760986,48.3860321,542704,0,1,40.6342758,yahoo_bootstrap
2022-05-30,49.17762375,49.37552261,48.88077545,49.22710037,839941,0,1,41.34059947,yahoo_bootstrap
2022-05-31,49.37552261,49.77131653,49.02920151,49.6723671,966342,0,1,41.71453158,yahoo_bootstrap
2022-06-01,49.6723671,50.56290817,49.57342148,49.77131653,998535,0,1,41.79762867,yahoo_bootstrap
2022-06-02,49.47447205,49.77131653,49.27657318,49.57342148,416420,0,1,41.63143769,yahoo_bootstrap
2022-06-06,49.96921539,50.06816483,48.6828804,49.87026596,651346,0,1,41.88072576,yahoo_bootstrap
2022-06-07,50.06816483,51.35449982,49.6723671,50.36500931,2237756,0,1,42.29620802,yahoo_bootstrap
2022-06-08,50.36500931,50.6618576,49.27657318,49.27657318,1260934,0,1,41.38214642,yahoo_bootstrap
2022-06-09,49.27657318,50.16711426,48.97972488,49.77131653,876512,0,1,41.79762867,yahoo_bootstrap
2022-06-10,49.57342148,49.57342148,48.97972488,49.02920151,623068,0,1,41.17440529,yahoo_bootstrap
2022-06-13,47.99023819,47.99023819,46.60495377,46.60495377,1267653,0,1,39.13853777,yahoo_bootstrap
2022-06-14,46.60495377,47.14916992,45.41756439,46.80284882,835831,0,1,39.30472875,yahoo_bootstrap
2022-06-15,47.3965416,47.3965416,46.30810547,46.4070549,723100,0,1,38.97234358,yahoo_bootstrap
2022-06-16,46.95127487,47.7428627,45.36809158,45.36809158,1008823,0,1,38.09982893,yahoo_bootstrap
2022-06-17,44.77439499,45.26914215,44.03227997,44.62597275,1094503,0,1,37.47660235,yahoo_bootstrap
2022-06-20,44.67544556,45.02176666,42.05329895,42.05329895,1733338,0,1,35.31608759,yahoo_bootstrap
2022-06-21,42.05329895,44.72492218,42.05329895,44.42807388,942977,0,1,37.31040816,yahoo_bootstrap
2022-06-22,44.27965164,44.42807388,42.25119781,42.30067444,1094705,0,1,35.52383192,yahoo_bootstrap
2022-06-23,43.04278946,44.62597275,42.69646835,44.03227997,2066769,0,1,36.97802301,yahoo_bootstrap
2022-06-24,44.23017883,45.51651382,44.23017883,44.52702332,1372575,0,1,37.39350526,yahoo_bootstrap
2022-06-27,46.25862885,47.00074768,45.71441269,46.95127487,2394330,0,1,39.42937598,yahoo_bootstrap
2022-06-28,46.95127487,47.05022049,45.71441269,46.80284882,1118871,0,1,39.30472875,yahoo_bootstrap
2022-06-29,45.86283493,46.50600433,45.56598663,45.96178436,848923,0,1,38.59840827,yahoo_bootstrap
2022-06-30,46.01125717,46.01125717,43.63648224,43.73543167,1108652,0,1,36.72873173,yahoo_bootstrap
2022-07-01,43.53753281,44.52702332,40.42064285,40.51959229,2226546,0,1,34.02809069,yahoo_bootstrap
2022-07-04,41.31118393,41.36065674,39.77747345,39.97537231,1009611,0,1,33.57105828,yahoo_bootstrap
2022-07-05,41.11328506,41.8554039,40.17327118,41.50908279,1156253,0,1,34.85905839,yahoo_bootstrap
2022-07-06,41.90487671,41.90487671,39.82695007,39.82695007,841979,0,1,33.44641424,yahoo_bootstrap
2022-07-07,40.02484512,42.74594116,38.49113846,42.15224838,2668415,0,1,35.39918468,yahoo_bootstrap
2022-07-08,43.24068832,44.97229385,42.74594116,44.32912445,2755966,0,1,37.22731107,yahoo_bootstrap
2022-07-11,44.1312294,44.72492218,43.33963776,43.53753281,1318861,0,1,36.56253755,yahoo_bootstrap
2022-07-12,42.54804611,42.89436722,40.86591339,40.86591339,1410580,0,1,34.3189289,yahoo_bootstrap
2022-07-13,41.75645447,42.84489059,41.75645447,42.30067444,1047105,0,1,35.52383192,yahoo_bootstrap
2022-07-14,41.8554039,43.88385773,41.45960617,43.78490829,1416912,0,1,36.77028187,yahoo_bootstrap
2022-07-15,44.1312294,45.61546326,43.53753281,45.21966553,1861616,0,1,37.9751817,yahoo_bootstrap
2022-07-18,45.7638855,46.90179825,45.66493607,46.20915604,2042750,0,1,38.80614941,yahoo_bootstrap
2022-07-19,45.71441269,47.24811935,45.4670372,46.80284882,1699029,0,1,39.30472875,yahoo_bootstrap
2022-07-20,47.29759216,47.49549103,46.20915604,46.25862885,1721880,0,1,38.84769635,yahoo_bootstrap
2022-07-21,46.25862885,47.7428627,46.0607338,47.14916992,1328384,0,1,39.59556696,yahoo_bootstrap
2022-07-22,47.49549103,47.49549103,46.45652771,46.60495377,789295,0,1,39.13853777,yahoo_bootstrap
2022-07-25,46.60495377,47.05022049,46.0607338,46.60495377,469177,0,1,39.13853777,yahoo_bootstrap
2022-07-26,46.55547714,46.55547714,44.52702332,45.41756439,891405,0,1,38.14137587,yahoo_bootstrap
2022-07-27,45.41756439,46.45652771,45.26914215,46.4070549,625605,0,1,38.97234358,yahoo_bootstrap
2022-07-28,47.05022049,47.14916992,45.71441269,45.7638855,681199,0,1,38.43221409,yahoo_bootstrap
2022-07-29,46.4070549,47.24811935,46.4070549,46.90179825,980303,0,1,39.38782584,yahoo_bootstrap
2022-08-01,46.80284882,51.55239868,46.55547714,51.55239868,5037281,0,1,43.2933699,yahoo_bootstrap
2022-08-02,51.15660477,52.14609146,49.27657318,49.57342148,10003542,0,1,41.63143769,yahoo_bootstrap
2022-08-03,49.47447205,51.25555038,46.80284882,47.54496765,7563355,0,1,39.92795533,yahoo_bootstrap
2022-08-04,48.78182983,50.56290817,47.7428627,48.48498154,7741214,0,1,40.71737289,yahoo_bootstrap
2022-08-05,49.37552261,53.33348083,49.17762375,53.33348083,13109017,0,1,44.78911114,yahoo_bootstrap
2022-08-08,53.33348083,53.63032532,51.45344925,52.73978424,10782761,0,1,44.29052859,yahoo_bootstrap
2022-08-09,53.5313797,54.32296753,51.75029755,53.2345314,7253316,0,1,44.70601405,yahoo_bootstrap
2022-08-10,52.64083862,54.2240181,52.44293976,53.2345314,6375644,0,1,44.70601405,yahoo_bootstrap
2022-08-11,52.83873367,54.42191696,52.14609146,53.43243027,10218706,2.056556,1,46.67537079,yahoo_bootstrap
2022-08-12,53.43243027,55.11455917,52.73978424,53.43243027,6884712,0,1,46.67537079,yahoo_bootstrap
2022-08-15,53.5313797,54.12507248,52.34399033,53.43243027,4738928,0,1,46.67537079,yahoo_bootstrap
2022-08-16,53.5313797,54.12507248,51.84924698,51.84924698,5081345,0,1,45.29239669,yahoo_bootstrap
2022-08-17,52.64083862,52.93768311,51.15660477,51.35449982,4618543,0,1,44.86021521,yahoo_bootstrap
2022-08-18,51.35449982,53.43243027,51.05765533,53.13558197,4097567,0,1,46.4160619,yahoo_bootstrap
2022-08-19,52.73978424,55.01561356,52.73978424,54.2240181,8354338,0,1,47.36685451,yahoo_bootstrap
2022-08-22,53.5313797,56.10404968,52.93768311,53.92717361,5648367,0,1,47.10754894,yahoo_bootstrap
2022-08-23,54.61981583,56.89564133,53.92717361,55.60930634,7503142,0,1,48.57695935,yahoo_bootstrap
2022-08-24,55.5103569,56.00510025,53.82822418,54.81771469,4772259,0,1,47.88547229,yahoo_bootstrap
2022-08-25,54.81771469,55.5103569,54.32296753,54.52086639,4135111,0,1,47.6261634,yahoo_bootstrap
2022-08-26,54.91666412,56.89564133,54.91666412,56.00510025,7191076,0,1,48.9227012,yahoo_bootstrap
2022-08-29,53.43243027,57.19248962,52.83873367,56.99459076,6621111,0,1,49.78706084,yahoo_bootstrap
2022-08-30,57.39038467,59.27041626,56.49984741,58.0830307,10617125,0,1,50.73785678,yahoo_bootstrap
2022-08-31,57.68723297,60.45780563,57.48933411,58.77567291,11301992,0,1,51.34290753,yahoo_bootstrap
2022-09-01,57.88513184,59.17146683,57.09354019,57.09354019,8691548,0,1,49.87349714,yahoo_bootstrap
2022-09-02,56.99459076,57.39038467,55.31245804,56.30194855,7294308,0,1,49.18201009,yahoo_bootstrap
2022-09-05,56.30194855,56.79669189,55.21350861,55.5103569,4488567,0,1,48.49052304,yahoo_bootstrap
2022-09-06,55.31245804,56.30194855,53.13558197,54.02612305,5343811,0,1,47.19398525,yahoo_bootstrap
2022-09-07,54.12507248,54.42191696,53.2345314,53.5313797,2693352,0,1,46.76180709,yahoo_bootstrap
2022-09-08,53.82822418,54.12507248,52.64083862,53.92717361,4343219,0,1,47.10754894,yahoo_bootstrap
2022-09-12,55.01561356,55.31245804,54.2240181,54.52086639,2349797,0,1,47.6261634,yahoo_bootstrap
2022-09-13,54.71876526,55.31245804,53.63032532,53.82822418,1821233,0,1,47.02111265,yahoo_bootstrap
2022-09-14,52.64083862,53.72927475,52.34399033,53.33348083,1309816,0,1,46.58893449,yahoo_bootstrap
2022-09-15,53.5313797,54.42191696,52.24504089,52.64083862,2307906,0,1,45.98388374,yahoo_bootstrap
2022-09-16,52.44293976,52.54188919,50.9587059,51.65134811,2457944,0,1,45.11952409,yahoo_bootstrap
2022-09-19,51.84924698,51.84924698,50.76080704,51.65134811,1124155,0,1,45.11952409,yahoo_bootstrap
2022-09-20,52.24504089,52.64083862,51.55239868,51.65134811,752437,0,1,45.11952409,yahoo_bootstrap
2022-09-21,51.9481926,51.9481926,51.05765533,51.45344925,1196071,0,1,44.9466515,yahoo_bootstrap
2022-09-22,50.36500931,51.65134811,50.26606369,51.25555038,1145095,0,1,44.7737789,yahoo_bootstrap
2022-09-23,51.45344925,51.9481926,49.57342148,49.96921539,1569402,0,1,43.6501137,yahoo_bootstrap
2022-09-26,49.47447205,49.47447205,46.90179825,47.44601822,3064307,0,1,41.44599978,yahoo_bootstrap
2022-09-27,48.3860321,48.3860321,46.45652771,47.00074768,2446933,0,1,41.0570381,yahoo_bootstrap
2022-09-28,47.00074768,47.29759216,44.27965164,44.27965164,2081950,0,1,38.68005158,yahoo_bootstrap
2022-09-29,45.02176666,45.91230774,44.57649612,45.12071609,1133918,0,1,39.41475511,yahoo_bootstrap
2022-09-30,43.93333054,45.51651382,43.43858337,45.12071609,1364391,0,1,39.41475511,yahoo_bootstrap
2022-10-03,44.32912445,45.41756439,43.93333054,44.72492218,1174343,0,1,39.06901325,yahoo_bootstrap
2022-10-04,45.4670372,46.30810547,45.31861496,45.91230774,1080537,0,1,40.10624216,yahoo_bootstrap
2022-10-05,46.85232544,46.90179825,45.61546326,45.66493607,1038919,0,1,39.89015309,yahoo_bootstrap
2022-10-06,45.91230774,47.05022049,45.91230774,46.75337601,1649492,0,1,40.84094903,yahoo_bootstrap
2022-10-07,46.1102066,46.95127487,45.7638855,46.1102066,957109,0,1,40.27911475,yahoo_bootstrap
2022-10-11,45.51651382,45.51651382,43.48806,43.63648224,1920132,0,1,38.11821731,yahoo_bootstrap
2022-10-12,43.38911057,43.98280334,42.39962387,43.48806,1129370,0,1,37.98856453,yahoo_bootstrap
2022-10-13,43.63648224,43.63648224,40.51959229,40.61854172,2785274,0,1,35.48192523,yahoo_bootstrap
2022-10-14,42.39962387,43.38911057,42.20172501,43.14173889,1839332,0,1,37.68603916,yahoo_bootstrap
2022-10-17,42.35014725,43.04278946,40.81643677,42.89436722,1686728,0,1,37.46995008,yahoo_bootstrap
2022-10-18,43.8343811,44.03227997,42.44909668,43.63648224,864902,0,1,38.11821731,yahoo_bootstrap
2022-10-19,43.63648224,44.27965164,42.89436722,43.24068832,917028,0,1,37.77247545,yahoo_bootstrap
2022-10-20,42.74594116,42.74594116,41.36065674,42.10277557,900464,0,1,36.77846303,yahoo_bootstrap
2022-10-21,41.8554039,42.54804611,41.41013336,42.15224838,1335031,0,1,36.82167951,yahoo_bootstrap
2022-10-24,43.43858337,44.03227997,42.49856949,42.89436722,1563636,0,1,37.46995008,yahoo_bootstrap
2022-10-25,42.74594116,43.14173889,41.36065674,41.5585556,1086459,0,1,36.30306506,yahoo_bootstrap
2022-10-26,41.8554039,43.04278946,40.96486282,41.2122345,2043212,0,1,36.00053969,yahoo_bootstrap
2022-10-27,41.41013336,42.69646835,41.36065674,42.64699554,1549474,0,1,37.253861,yahoo_bootstrap
2022-10-28,42.54804611,42.84489059,41.50908279,42.00382614,1556407,0,1,36.69202673,yahoo_bootstrap
2022-10-31,42.44909668,43.43858337,42.25119781,43.38911057,1485721,0,1,37.90212824,yahoo_bootstrap
2022-11-01,42.69646835,44.23017883,42.69646835,43.78490829,1257214,0,1,38.24787342,yahoo_bootstrap
2022-11-02,44.1312294,44.47755051,43.38911057,44.08175278,1058165,0,1,38.50717899,yahoo_bootstrap
2022-11-03,43.53753281,44.42807388,43.14173889,43.93333054,1294617,0,1,38.37752621,yahoo_bootstrap
2022-11-04,43.73543167,44.67544556,43.53753281,44.62597275,872623,0,1,38.98257696,yahoo_bootstrap
2022-11-07,47.05022049,47.29759216,44.77439499,45.31861496,2389181,0,1,39.58762771,yahoo_bootstrap
2022-11-08,45.12071609,46.30810547,44.62597275,44.92282104,1385613,0,1,39.24188585,yahoo_bootstrap
2022-11-09,45.56598663,46.1102066,45.07124329,45.17019272,729022,0,1,39.45797493,yahoo_bootstrap
2022-11-10,44.72492218,45.51651382,44.57649612,44.92282104,489444,0,1,39.24188585,yahoo_bootstrap
2022-11-11,46.15967941,46.25862885,45.21966553,45.61546326,1431733,0,1,39.8469366,yahoo_bootstrap
2022-11-14,46.1102066,46.45652771,45.7638855,46.20915604,1547858,0,1,40.36555106,yahoo_bootstrap
2022-11-15,46.45652771,46.80284882,45.81335831,46.30810547,839868,0,1,40.45198735,yahoo_bootstrap
2022-11-16,46.50600433,46.75337601,45.71441269,46.15967941,760105,0,1,40.32233124,yahoo_bootstrap
2022-11-17,46.50600433,48.23760986,46.15967941,47.3965416,2872289,0,1,41.40277997,yahoo_bootstrap
2022-11-18,47.7428627,47.79233932,45.86283493,46.1102066,3491842,0,1,40.27911475,yahoo_bootstrap
2022-11-21,45.7638855,46.1102066,45.31861496,45.61546326,1026156,0,1,39.8469366,yahoo_bootstrap
2022-11-22,46.01125717,46.01125717,45.07124329,45.51651382,537651,0,1,39.7605003,yahoo_bootstrap
2022-11-23,46.01125717,46.30810547,45.66493607,46.01125717,705414,0,1,40.19267846,yahoo_bootstrap
2022-11-24,46.55547714,46.55547714,46.0607338,46.35757828,798738,0,1,40.49520384,yahoo_bootstrap
2022-11-25,46.55547714,47.00074768,46.0607338,46.0607338,1074493,0,1,40.23589828,yahoo_bootstrap
2022-11-28,45.96178436,48.23760986,45.51651382,47.99023819,4895747,0,1,41.92139775,yahoo_bootstrap
2022-11-29,48.039711,48.039711,47.14916992,47.69338989,2141761,0,1,41.66208885,yahoo_bootstrap
2022-11-30,47.54496765,48.039711,47.09969711,47.64391327,1338121,0,1,41.61886904,yahoo_bootstrap
2022-12-01,48.3365593,49.07867432,47.94076157,48.3860321,2749903,0,1,42.2671396,yahoo_bootstrap
2022-12-02,48.039711,49.96921539,48.039711,49.6723671,6124992,0,1,43.39080481,yahoo_bootstrap
2022-12-05,49.17762375,50.06816483,48.97972488,49.22710037,4210100,0,1,43.00184647,yahoo_bootstrap
2022-12-06,48.6828804,48.97972488,47.3965416,47.89128876,2625907,0,1,41.83496145,yahoo_bootstrap
2022-12-07,47.89128876,48.13866043,46.90179825,47.3965416,1435594,0,1,41.40277997,yahoo_bootstrap
2022-12-08,47.64391327,48.23760986,47.54496765,48.08918762,1274495,0,1,42.00783404,yahoo_bootstrap
2022-12-09,48.3860321,48.58393097,47.59444046,47.89128876,747860,0,1,41.83496145,yahoo_bootstrap
2022-12-12,47.7428627,48.18813324,47.29759216,47.94076157,510414,0,1,41.87817794,yahoo_bootstrap
2022-12-13,48.039711,48.23760986,47.3965416,47.59444046,678127,0,1,41.57565256,yahoo_bootstrap
2022-12-14,47.99023819,48.43550873,47.64391327,48.3860321,913774,0,1,42.2671396,yahoo_bootstrap
2022-12-15,48.3860321,48.6828804,48.08918762,48.3860321,389362,0,1,42.2671396,yahoo_bootstrap
2022-12-16,47.79233932,48.13866043,47.44601822,47.69338989,686578,0,1,41.66208885,yahoo_bootstrap
2022-12-19,47.64391327,47.64391327,46.95127487,47.19864655,384425,0,1,41.2299107,yahoo_bootstrap
2022-12-20,47.19864655,47.69338989,45.21966553,45.51651382,1038919,0,1,39.7605003,yahoo_bootstrap
2022-12-21,45.56598663,45.91230774,45.56598663,45.56598663,359781,0,1,39.80371678,yahoo_bootstrap
2022-12-22,46.1102066,47.34706879,46.0607338,46.35757828,547759,0,1,40.49520384,yahoo_bootstrap
2022-12-23,45.91230774,46.1102066,45.02176666,45.91230774,359846,0,1,40.10624216,yahoo_bootstrap
2022-12-26,46.01125717,46.45652771,45.71441269,45.86283493,160688,0,1,40.06302568,yahoo_bootstrap
2022-12-27,46.20915604,46.4070549,45.66493607,45.66493607,394209,0,1,39.89015309,yahoo_bootstrap
2022-12-28,45.31861496,45.36809158,44.52702332,44.67544556,721998,0,1,39.02579344,yahoo_bootstrap
2022-12-29,44.42807388,44.42807388,43.63648224,44.08175278,515125,0,1,38.50717899,yahoo_bootstrap
2022-12-30,44.42807388,44.77439499,43.88385773,44.27965164,345991,0,1,38.68005158,yahoo_bootstrap
2023-01-03,43.73543167,44.92282104,43.73543167,44.82387161,210209,0,1,39.15544955,yahoo_bootstrap
2023-01-04,44.97229385,45.36809158,44.42807388,44.52702332,454779,0,1,38.89614066,yahoo_bootstrap
2023-01-05,45.31861496,45.31861496,44.52702332,44.72492218,304421,0,1,39.06901325,yahoo_bootstrap
2023-01-06,44.82387161,45.61546326,44.82387161,45.31861496,579101,0,1,39.58762771,yahoo_bootstrap
2023-01-09,45.81335831,46.1102066,45.4670372,46.0607338,426556,0,1,40.23589828,yahoo_bootstrap
2023-01-10,46.30810547,46.55547714,46.15967941,46.20915604,361812,0,1,40.36555106,yahoo_bootstrap
2023-01-11,46.20915604,46.4070549,46.0607338,46.20915604,269836,0,1,40.36555106,yahoo_bootstrap
2023-01-12,46.20915604,46.70389938,45.81335831,46.1102066,304229,0,1,40.27911475,yahoo_bootstrap
2023-01-13,46.50600433,46.50600433,45.56598663,45.81335831,229613,0,1,40.01980587,yahoo_bootstrap
2023-01-16,45.86283493,45.86283493,45.36809158,45.81335831,406270,0,1,40.01980587,yahoo_bootstrap
2023-01-17,45.81335831,46.55547714,45.81335831,46.15967941,357871,0,1,40.32233124,yahoo_bootstrap
2023-01-30,46.70389938,47.24811935,46.55547714,47.19864655,959141,0,1,41.2299107,yahoo_bootstrap
2023-01-31,47.09969711,47.7428627,47.00074768,47.69338989,1524038,0,1,41.66208885,yahoo_bootstrap
2023-02-01,47.84181213,48.48498154,47.79233932,48.28708267,1150776,0,1,42.18070331,yahoo_bootstrap
2023-02-02,48.6828804,48.93025208,48.08918762,48.3365593,1217173,0,1,42.22392313,yahoo_bootstrap
2023-02-03,48.3365593,48.78182983,48.039711,48.28708267,832804,0,1,42.18070331,yahoo_bootstrap
2023-02-06,48.08918762,48.3860321,47.89128876,48.3860321,512435,0,1,42.2671396,yahoo_bootstrap
2023-02-07,48.3860321,48.63340378,48.23760986,48.3365593,331934,0,1,42.22392313,yahoo_bootstrap
2023-02-08,48.3365593,48.53445435,47.59444046,47.89128876,1013917,0,1,41.83496145,yahoo_bootstrap
2023-02-09,47.79233932,48.13866043,47.54496765,47.79233932,548868,0,1,41.74852515,yahoo_bootstrap
2023-02-10,47.84181213,47.89128876,46.95127487,47.14916992,591816,0,1,41.18669088,yahoo_bootstrap
2023-02-13,47.7428627,47.7428627,47.05022049,47.19864655,284003,0,1,41.2299107,yahoo_bootstrap
2023-02-14,47.24811935,47.59444046,47.14916992,47.24811935,930783,0,1,41.27312718,yahoo_bootstrap
2023-02-15,47.69338989,47.69338989,47.09969711,47.19864655,433561,0,1,41.2299107,yahoo_bootstrap
2023-02-16,47.49549103,47.69338989,47.29759216,47.59444046,566959,0,1,41.57565256,yahoo_bootstrap
2023-02-17,47.49549103,47.69338989,47.05022049,47.19864655,651851,0,1,41.2299107,yahoo_bootstrap
2023-02-20,47.24811935,47.59444046,47.00074768,47.09969711,782221,0,1,41.1434744,yahoo_bootstrap
2023-02-21,47.3965416,50.36500931,47.19864655,49.87026596,6201576,0,1,43.5636774,yahoo_bootstrap
2023-02-22,49.27657318,49.42499542,48.78182983,49.37552261,2203527,0,1,43.13149925,yahoo_bootstrap
2023-02-23,49.57342148,50.26606369,49.12815094,49.42499542,1773078,0,1,43.17471573,yahoo_bootstrap
2023-02-24,49.6723671,49.87026596,48.23760986,48.53445435,1647314,0,1,42.39679239,yahoo_bootstrap
2023-03-01,48.48498154,48.58393097,48.13866043,48.43550873,540136,0,1,42.31035942,yahoo_bootstrap
2023-03-02,48.78182983,48.78182983,48.13866043,48.3365593,531587,0,1,42.22392313,yahoo_bootstrap
2023-03-03,48.53445435,49.96921539,48.28708267,49.07867432,1608293,0,1,42.87219036,yahoo_bootstrap
2023-03-06,49.37552261,50.46395874,49.32604599,49.87026596,1865510,0,1,43.5636774,yahoo_bootstrap
2023-03-07,50.36500931,51.15660477,50.06816483,50.56290817,2479255,0,1,44.16872815,yahoo_bootstrap
2023-03-08,50.06816483,51.15660477,50.06816483,50.56290817,1300973,0,1,44.16872815,yahoo_bootstrap
2023-03-09,51.35449982,53.82822418,51.15660477,52.34399033,5971279,0,1,45.72457485,yahoo_bootstrap
2023-03-10,51.9481926,52.04714203,50.26606369,50.85975647,2677510,0,1,44.42803705,yahoo_bootstrap
2023-03-13,50.36500931,50.85975647,49.27657318,50.46395874,1862597,0,1,44.08229186,yahoo_bootstrap
2023-03-14,50.85975647,52.44293976,50.6618576,51.9481926,4013441,0,1,45.37882966,yahoo_bootstrap
2023-03-15,52.44293976,54.71876526,51.55239868,53.43243027,9502046,0,1,46.67537079,yahoo_bootstrap
2023-03-16,53.13558197,54.02612305,51.35449982,52.14609146,4787805,0,1,45.55170225,yahoo_bootstrap
2023-03-17,52.93768311,53.43243027,52.34399033,52.73978424,2522886,0,1,46.07031671,yahoo_bootstrap
2023-03-20,53.5313797,54.32296753,53.03663254,53.33348083,3358046,0,1,46.58893449,yahoo_bootstrap
2023-03-21,53.72927475,53.92717361,52.73978424,52.73978424,2489943,0,1,46.07031671,yahoo_bootstrap
2023-03-22,53.43243027,53.43243027,52.24504089,53.2345314,1703520,0,1,46.50249819,yahoo_bootstrap
2023-03-23,53.5313797,53.82822418,53.03663254,53.43243027,1698885,0,1,46.67537079,yahoo_bootstrap
2023-03-24,54.02612305,57.88513184,54.02612305,56.99459076,13683178,0,1,49.78706084,yahoo_bootstrap
2023-03-27,57.88513184,58.77567291,56.20299911,56.49984741,12287026,0,1,49.35488269,yahoo_bootstrap
2023-03-28,56.59879684,56.59879684,54.2240181,55.31245804,4471722,0,1,48.31765045,yahoo_bootstrap
2023-03-29,55.21350861,55.80720139,54.2240181,54.71876526,2464371,0,1,47.799036,yahoo_bootstrap
2023-03-30,55.80720139,56.30194855,55.21350861,55.70825577,2919744,0,1,48.66339564,yahoo_bootstrap
2023-03-31,56.00510025,56.79669189,56.00510025,56.30194855,2103155,0,1,49.18201009,yahoo_bootstrap
2023-04-06,56.89564133,57.88513184,56.59879684,56.59879684,3256487,0,1,49.44131898,yahoo_bootstrap
2023-04-07,57.48933411,57.48933411,55.90615082,56.99459076,2171272,0,1,49.78706084,yahoo_bootstrap
2023-04-10,57.09354019,57.7861824,55.90615082,57.39038467,2747950,0,1,50.1328027,yahoo_bootstrap
2023-04-11,57.88513184,57.88513184,56.40089798,56.59879684,2576328,0,1,49.44131898,yahoo_bootstrap
2023-04-12,57.09354019,57.09354019,55.5103569,55.80720139,2734501,0,1,48.74982861,yahoo_bootstrap
2023-04-13,55.80720139,56.59879684,54.81771469,55.5103569,2310853,0,1,48.49052304,yahoo_bootstrap
2023-04-14,55.60930634,56.00510025,55.21350861,55.5103569,1451372,0,1,48.49052304,yahoo_bootstrap
2023-04-17,56.10404968,57.7861824,55.21350861,57.39038467,6516134,0,1,50.1328027,yahoo_bootstrap
2023-04-18,57.09354019,57.68723297,55.80720139,56.40089798,3134040,0,1,49.26844639,yahoo_bootstrap
2023-04-19,56.69774246,57.68723297,56.10404968,56.40089798,3112317,0,1,49.26844639,yahoo_bootstrap
2023-04-20,56.40089798,56.40089798,53.2345314,53.2345314,4883658,0,1,46.50249819,yahoo_bootstrap
2023-04-21,53.2345314,53.63032532,51.05765533,52.14609146,3478648,0,1,45.55170225,yahoo_bootstrap
2023-04-24,52.14609146,53.2345314,51.9481926,52.54188919,883283,0,1,45.89744744,yahoo_bootstrap
2023-04-25,52.54188919,52.73978424,50.56290817,51.15660477,1884981,0,1,44.68734594,yahoo_bootstrap
2023-04-26,50.76080704,51.65134811,50.26606369,51.35449982,961634,0,1,44.86021521,yahoo_bootstrap
2023-04-27,51.84924698,51.84924698,50.56290817,51.35449982,673428,0,1,44.86021521,yahoo_bootstrap
2023-04-28,51.84924698,52.44293976,51.55239868,52.24504089,969226,0,1,45.63813855,yahoo_bootstrap
2023-05-02,52.24504089,52.73978424,51.9481926,52.44293976,1176465,0,1,45.81101115,yahoo_bootstrap
2023-05-03,53.33348083,53.33348083,52.24504089,52.73978424,1393648,0,1,46.07031671,yahoo_bootstrap
2023-05-04,52.83873367,52.93768311,52.14609146,52.44293976,1076312,0,1,45.81101115,yahoo_bootstrap
2023-05-05,52.44293976,52.93768311,52.34399033,52.73978424,715520,0,1,46.07031671,yahoo_bootstrap
2023-05-08,51.84924698,51.84924698,50.26606369,51.15660477,1768619,0,1,44.68734594,yahoo_bootstrap
2023-05-09,51.25555038,51.35449982,48.78182983,48.93025208,2284147,0,1,42.74253758,yahoo_bootstrap
2023-05-10,49.47447205,49.47447205,48.53445435,48.93025208,798391,0,1,42.74253758,yahoo_bootstrap
2023-05-11,49.07867432,49.27657318,47.69338989,48.43550873,1565678,0,1,42.31035942,yahoo_bootstrap
2023-05-12,48.3860321,49.57342148,48.13866043,49.42499542,726659,0,1,43.17471573,yahoo_bootstrap
2023-05-15,49.42499542,49.77131653,48.6828804,49.42499542,667071,0,1,43.17471573,yahoo_bootstrap
2023-05-16,49.87026596,50.36500931,49.57342148,49.87026596,689296,0,1,43.5636774,yahoo_bootstrap
2023-05-17,49.87026596,50.6618576,49.6723671,50.46395874,795359,0,1,44.08229186,yahoo_bootstrap
2023-05-18,50.46395874,50.85975647,49.77131653,49.87026596,822646,0,1,43.5636774,yahoo_bootstrap
2023-05-19,50.16711426,50.6618576,49.47447205,49.87026596,898463,0,1,43.5636774,yahoo_bootstrap
2023-05-22,49.77131653,50.56290817,49.77131653,50.56290817,525577,0,1,44.16872815,yahoo_bootstrap
2023-05-23,50.6618576,50.6618576,50.06816483,50.26606369,521694,0,1,43.9094226,yahoo_bootstrap
2023-05-24,50.26606369,50.76080704,50.06816483,50.56290817,640229,0,1,44.16872815,yahoo_bootstrap
2023-05-25,50.36500931,50.6618576,49.96921539,50.16711426,458117,0,1,43.8229863,yahoo_bootstrap
2023-05-26,50.56290817,50.56290817,49.02920151,49.22710037,737994,0,1,43.00184647,yahoo_bootstrap
2023-05-29,49.6723671,50.26606369,49.57342148,49.87026596,422342,0,1,43.5636774,yahoo_bootstrap
2023-05-30,49.87026596,50.36500931,49.57342148,49.96921539,339569,0,1,43.6501137,yahoo_bootstrap
2023-05-31,49.96921539,50.16711426,49.77131653,49.87026596,326999,0,1,43.5636774,yahoo_bootstrap
2023-06-01,49.77131653,50.56290817,49.47447205,50.36500931,575428,0,1,43.99585556,yahoo_bootstrap
2023-06-02,50.6618576,51.05765533,50.26606369,50.36500931,654600,0,1,43.99585556,yahoo_bootstrap
2023-06-05,50.85975647,51.25555038,50.16711426,50.46395874,890883,0,1,44.08229186,yahoo_bootstrap
2023-06-06,50.46395874,50.76080704,49.77131653,50.16711426,489160,0,1,43.8229863,yahoo_bootstrap
2023-06-07,50.46395874,50.76080704,49.57342148,50.46395874,455805,0,1,44.08229186,yahoo_bootstrap
2023-06-08,50.36500931,50.36500931,49.6723671,50.06816483,474489,0,1,43.73655,yahoo_bootstrap
2023-06-09,50.06816483,50.56290817,49.87026596,50.16711426,320557,0,1,43.8229863,yahoo_bootstrap
2023-06-12,50.46395874,50.46395874,49.77131653,50.06816483,544948,0,1,43.73655,yahoo_bootstrap
2023-06-13,50.36500931,50.46395874,49.87026596,50.36500931,616936,0,1,43.99585556,yahoo_bootstrap
2023-06-14,50.46395874,52.04714203,50.46395874,51.05765533,2084006,0,1,44.60090964,yahoo_bootstrap
2023-06-15,51.05765533,51.05765533,50.46395874,50.76080704,912772,0,1,44.34160075,yahoo_bootstrap
2023-06-16,50.6618576,50.76080704,49.37552261,49.96921539,1368635,0,1,43.6501137,yahoo_bootstrap
2023-06-19,49.6723671,50.46395874,49.17762375,50.16711426,656277,0,1,43.8229863,yahoo_bootstrap
2023-06-20,50.16711426,50.16711426,49.57342148,49.57342148,444421,0,1,43.30437185,yahoo_bootstrap
2023-06-21,49.57342148,49.6723671,49.32604599,49.6723671,433556,0,1,43.39080481,yahoo_bootstrap
2023-06-26,49.57342148,49.57342148,48.97972488,49.17762375,476229,0,1,42.95862665,yahoo_bootstrap
2023-06-27,48.6828804,49.87026596,48.53445435,48.78182983,779468,0,1,42.61288479,yahoo_bootstrap
2023-06-28,48.93025208,48.93025208,48.3860321,48.58393097,675859,0,1,42.4400122,yahoo_bootstrap
2023-06-29,48.58393097,48.93025208,48.48498154,48.53445435,278931,0,1,42.39679239,yahoo_bootstrap
2023-06-30,48.97972488,48.97972488,48.43550873,48.58393097,220315,0,1,42.4400122,yahoo_bootstrap
2023-07-03,48.78182983,48.97972488,48.43550873,48.58393097,654116,0,1,42.4400122,yahoo_bootstrap
2023-07-04,48.63340378,48.78182983,48.3365593,48.48498154,710861,0,1,42.35357591,yahoo_bootstrap
2023-07-05,48.6828804,49.57342148,48.53445435,48.97972488,694398,0,1,42.78575406,yahoo_bootstrap
2023-07-06,48.93025208,49.47447205,48.43550873,48.73235321,860140,0,1,42.56966498,yahoo_bootstrap
2023-07-07,48.83130264,49.07867432,48.43550873,48.73235321,396163,0,1,42.56966498,yahoo_bootstrap
2023-07-10,48.73235321,49.47447205,48.73235321,48.88077545,425977,0,1,42.69931776,yahoo_bootstrap
2023-07-11,49.07867432,49.6723671,48.83130264,49.27657318,837358,0,1,43.04506295,yahoo_bootstrap
2023-07-12,49.07867432,49.57342148,48.73235321,48.97972488,627877,0,1,42.78575406,yahoo_bootstrap
2023-07-13,49.17762375,49.77131653,48.48498154,48.58393097,839827,0,1,42.4400122,yahoo_bootstrap
2023-07-14,48.97972488,48.97972488,48.43550873,48.73235321,521906,0,1,42.56966498,yahoo_bootstrap
2023-07-17,48.88077545,49.37552261,48.53445435,49.17762375,579157,0,1,42.95862665,yahoo_bootstrap
2023-07-18,49.37552261,49.42499542,48.58393097,48.93025208,677116,0,1,42.74253758,yahoo_bootstrap
2023-07-19,48.93025208,49.12815094,48.53445435,48.73235321,708446,0,1,42.56966498,yahoo_bootstrap
2023-07-20,48.88077545,48.88077545,48.58393097,48.63340378,366810,0,1,42.48322868,yahoo_bootstrap
2023-07-21,48.58393097,49.02920151,47.99023819,48.28708267,667085,0,1,42.18070331,yahoo_bootstrap
2023-07-24,48.23760986,48.3365593,47.09969711,47.49549103,1062275,0,1,41.48921626,yahoo_bootstrap
2023-07-25,48.3365593,49.42499542,47.44601822,49.22710037,1094670,0,1,43.00184647,yahoo_bootstrap
2023-07-26,49.22710037,50.56290817,49.22710037,49.96921539,1751255,0,1,43.6501137,yahoo_bootstrap
2023-07-27,50.06816483,50.46395874,49.57342148,49.96921539,655893,0,1,43.6501137,yahoo_bootstrap
2023-07-28,49.6723671,49.96921539,49.47447205,49.6723671,575362,0,1,43.39080481,yahoo_bootstrap
2023-07-31,50.46395874,50.46395874,49.22710037,49.32604599,494295,0,1,43.08827943,yahoo_bootstrap
2023-08-01,50.06816483,50.06816483,49.27657318,49.57342148,298270,0,1,43.30437185,yahoo_bootstrap
2023-08-02,49.87026596,49.87026596,48.63340378,48.73235321,732187,0,1,42.56966498,yahoo_bootstrap
2023-08-04,49.37552261,49.37552261,47.99023819,48.78182983,345279,0,1,42.61288479,yahoo_bootstrap
2023-08-07,49.27657318,50.9587059,49.22710037,49.6723671,1765713,0,1,43.39080481,yahoo_bootstrap
2023-08-08,50.16711426,50.36500931,49.27657318,49.47447205,1138098,0,1,43.21793555,yahoo_bootstrap
2023-08-09,49.77131653,49.77131653,49.22710037,49.42499542,881785,0,1,43.17471573,yahoo_bootstrap
2023-08-10,47.19864655,47.49549103,46.75337601,46.75337601,668166,2.275826,1,42.81228585,yahoo_bootstrap
2023-08-11,46.80284882,47.34706879,46.35757828,46.45652771,400252,0,1,42.54046046,yahoo_bootstrap
2023-08-14,46.4070549,46.90179825,45.31861496,45.91230774,752913,0,1,42.04211568,yahoo_bootstrap
2023-08-15,46.60495377,46.60495377,45.51651382,45.71441269,615828,0,1,41.86090226,yahoo_bootstrap
2023-08-16,45.71441269,46.01125717,45.12071609,45.71441269,477396,0,1,41.86090226,yahoo_bootstrap
2023-08-17,45.86283493,45.91230774,45.12071609,45.4670372,452758,0,1,41.63437936,yahoo_bootstrap
2023-08-18,45.66493607,45.91230774,44.77439499,45.07124329,483077,0,1,41.27194902,yahoo_bootstrap
2023-08-21,45.56598663,45.56598663,44.62597275,45.07124329,332494,0,1,41.27194902,yahoo_bootstrap
2023-08-22,45.51651382,45.51651382,44.42807388,44.67544556,375092,0,1,40.90951518,yahoo_bootstrap
2023-08-23,44.72492218,44.82387161,44.03227997,44.42807388,459833,0,1,40.68299577,yahoo_bootstrap
2023-08-24,44.27965164,45.4670372,44.27965164,45.4670372,300154,0,1,41.63437936,yahoo_bootstrap
2023-08-25,45.41756439,45.61546326,44.97229385,45.26914215,140053,0,1,41.45316593,yahoo_bootstrap
2023-08-28,45.41756439,45.66493607,45.07124329,45.31861496,163720,0,1,41.49846842,yahoo_bootstrap
2023-08-29,45.21966553,46.30810547,45.21966553,46.15967941,271857,0,1,42.26863508,yahoo_bootstrap
2023-08-30,46.30810547,47.49549103,46.30810547,47.24811935,527712,0,1,43.26532465,yahoo_bootstrap
2023-08-31,47.24811935,47.94076157,47.09969711,47.14916992,339569,0,1,43.17471619,yahoo_bootstrap
2023-09-01,47.59444046,49.47447205,47.3965416,48.97972488,2830550,0,1,44.85096396,yahoo_bootstrap
2023-09-04,48.83130264,49.77131653,48.83130264,49.6723671,1104616,0,1,45.48521969,yahoo_bootstrap
2023-09-05,50.46395874,51.15660477,50.36500931,50.36500931,3107815,0,1,46.11947541,yahoo_bootstrap
2023-09-06,50.06816483,50.76080704,49.77131653,50.16711426,1005468,0,1,45.93826198,yahoo_bootstrap
2023-09-07,50.26606369,50.85975647,49.87026596,50.26606369,1030106,0,1,46.02887044,yahoo_bootstrap
2023-09-08,50.76080704,50.76080704,49.6723671,50.36500931,1017814,0,1,46.11947541,yahoo_bootstrap
2023-09-11,50.56290817,51.45344925,50.36500931,50.36500931,1707201,0,1,46.11947541,yahoo_bootstrap
2023-09-12,50.85975647,50.9587059,50.16711426,50.56290817,930187,0,1,46.30069233,yahoo_bootstrap
2023-09-13,50.56290817,50.6618576,49.96921539,50.26606369,859948,0,1,46.02887044,yahoo_bootstrap
2023-09-14,50.46395874,51.45344925,50.46395874,51.25555038,1536956,0,1,46.93494805,yahoo_bootstrap
2023-09-15,51.25555038,51.55239868,50.56290817,50.9587059,1049026,0,1,46.66312616,yahoo_bootstrap
2023-09-18,51.15660477,51.15660477,50.36500931,50.6618576,455790,0,1,46.39130078,yahoo_bootstrap
2023-09-19,50.6618576,51.25555038,50.06816483,50.26606369,686596,0,1,46.02887044,yahoo_bootstrap
2023-09-20,50.26606369,50.85975647,49.27657318,49.77131653,697380,0,1,45.57582815,yahoo_bootstrap
2023-09-21,50.16711426,50.16711426,48.93025208,48.97972488,556154,0,1,44.85096396,yahoo_bootstrap
2023-09-22,48.97972488,49.27657318,48.23760986,48.93025208,523532,0,1,44.80566148,yahoo_bootstrap
2023-09-25,48.97972488,49.17762375,48.48498154,48.78182983,327441,0,1,44.66975053,yahoo_bootstrap
2023-09-26,48.78182983,48.78182983,47.99023819,48.3860321,504054,0,1,44.30731669,yahoo_bootstrap
2023-09-27,48.48498154,48.83130264,48.039711,48.48498154,285106,0,1,44.39792516,yahoo_bootstrap
2023-09-28,48.58393097,48.93025208,48.3365593,48.48498154,191007,0,1,44.39792516,yahoo_bootstrap
2023-10-02,48.73235321,50.16711426,48.73235321,50.16711426,606777,0,1,45.93826198,yahoo_bootstrap
2023-10-03,50.16711426,50.6618576,49.96921539,50.26606369,569010,0,1,46.02887044,yahoo_bootstrap
2023-10-04,50.16711426,50.26606369,49.57342148,50.16711426,347654,0,1,45.93826198,yahoo_bootstrap
2023-10-05,50.16711426,50.6618576,50.06816483,50.16711426,307229,0,1,45.93826198,yahoo_bootstrap
2023-10-06,50.46395874,50.46395874,49.57342148,49.96921539,467435,0,1,45.75704506,yahoo_bootstrap
2023-10-11,49.96921539,51.25555038,49.96921539,51.15660477,2602682,0,1,46.84434309,yahoo_bootstrap
2023-10-12,51.25555038,51.75029755,50.85975647,51.15660477,1003828,0,1,46.84434309,yahoo_bootstrap
2023-10-13,51.15660477,51.35449982,50.76080704,51.15660477,555843,0,1,46.84434309,yahoo_bootstrap
2023-10-16,51.15660477,51.45344925,50.76080704,50.9587059,429514,0,1,46.66312616,yahoo_bootstrap
2023-10-17,51.35449982,51.75029755,50.9587059,50.9587059,747860,0,1,46.66312616,yahoo_bootstrap
2023-10-18,51.05765533,51.25555038,50.46395874,50.56290817,2055637,0,1,46.30069233,yahoo_bootstrap
2023-10-19,50.26606369,50.76080704,50.26606369,50.6618576,427494,0,1,46.39130078,yahoo_bootstrap
2023-10-20,50.85975647,50.85975647,49.96921539,50.6618576,453769,0,1,46.39130078,yahoo_bootstrap
2023-10-23,50.46395874,53.33348083,50.46395874,52.44293976,2681079,0,1,48.02224608,yahoo_bootstrap
2023-10-24,52.83873367,53.03663254,52.04714203,52.54188919,1498838,0,1,48.11285453,yahoo_bootstrap
2023-10-25,52.73978424,54.42191696,52.73978424,53.03663254,2706451,0,1,48.56589334,yahoo_bootstrap
2023-10-26,52.24504089,53.82822418,52.24504089,53.03663254,2072241,0,1,48.56589334,yahoo_bootstrap
2023-10-27,53.33348083,55.11455917,53.2345314,54.02612305,3850568,0,1,49.47197445,yahoo_bootstrap
2023-10-30,55.60930634,55.60930634,52.83873367,53.03663254,3715931,0,1,48.56589334,yahoo_bootstrap
2023-10-31,53.43243027,53.82822418,52.24504089,52.54188919,1809873,0,1,48.11285453,yahoo_bootstrap
2023-11-01,52.54188919,52.83873367,51.55239868,52.54188919,849010,0,1,48.11285453,yahoo_bootstrap
2023-11-02,52.93768311,53.33348083,52.54188919,52.93768311,584442,0,1,48.47528488,yahoo_bootstrap
2023-11-03,53.33348083,53.33348083,52.44293976,52.73978424,759793,0,1,48.29406796,yahoo_bootstrap
2023-11-06,53.33348083,54.42191696,53.33348083,54.12507248,2224425,0,1,49.5625829,yahoo_bootstrap
2023-11-07,54.2240181,55.41140747,53.63032532,55.21350861,3740641,0,1,50.55926898,yahoo_bootstrap
2023-11-08,55.21350861,55.41140747,54.32296753,54.91666412,3792966,0,1,50.28744708,yahoo_bootstrap
2023-11-09,54.91666412,55.21350861,54.32296753,54.81771469,1571568,0,1,50.19683863,yahoo_bootstrap
2023-11-10,54.91666412,55.41140747,54.61981583,54.81771469,870458,0,1,50.19683863,yahoo_bootstrap
2023-11-13,55.41140747,55.60930634,54.2240181,54.71876526,1301866,0,1,50.10623017,yahoo_bootstrap
2023-11-14,55.01561356,55.80720139,54.81771469,55.70825577,1751731,0,1,51.01231127,yahoo_bootstrap
2023-11-15,55.90615082,56.20299911,55.01561356,55.01561356,1262774,0,1,50.37805555,yahoo_bootstrap
2023-11-16,55.41140747,55.5103569,54.52086639,54.71876526,650582,0,1,50.10623017,yahoo_bootstrap
2023-11-17,54.81771469,55.41140747,54.71876526,54.91666412,658319,0,1,50.28744708,yahoo_bootstrap
2023-11-20,55.31245804,56.20299911,55.21350861,56.10404968,1821510,0,1,51.37474161,yahoo_bootstrap
2023-11-21,56.49984741,56.69774246,55.60930634,56.10404968,1383368,0,1,51.37474161,yahoo_bootstrap
2023-11-22,56.00510025,61.64519119,55.80720139,61.64519119,10990943,0,1,56.4487909,yahoo_bootstrap
2023-11-23,62.04098511,63.6241684,59.66621017,60.3588562,17422574,0,1,55.27088791,yahoo_bootstrap
2023-11-24,60.25990677,61.64519119,59.66621017,61.15044785,5260204,0,1,55.9957521,yahoo_bootstrap
2023-11-27,60.95254898,63.6241684,60.3588562,62.13993454,9066272,0,1,56.90182971,yahoo_bootstrap
2023-11-28,62.04098511,63.12942505,61.44729233,62.3378334,3364920,0,1,57.08304662,yahoo_bootstrap
2023-11-29,63.12942505,63.82206726,62.23888397,62.73362732,4565114,0,1,57.44547697,yahoo_bootstrap
2023-11-30,62.93152618,63.52522278,62.3378334,62.43678284,2764773,0,1,57.17365509,yahoo_bootstrap
2023-12-01,62.6346817,67.68107605,62.23888397,65.99894714,12472431,0,1,60.43554566,yahoo_bootstrap
2023-12-04,66.39473724,67.38423157,65.60314941,66.29579163,5051024,0,1,60.70736755,yahoo_bootstrap
2023-12-05,65.70209503,66.19683838,64.71260834,65.99894714,2956074,0,1,60.43554566,yahoo_bootstrap
2023-12-06,65.99894714,67.28527832,65.30630493,65.60314941,2721013,0,1,60.07311182,yahoo_bootstrap
2023-12-07,66.19683838,68.37371826,66.09789276,66.79053497,6449023,0,1,61.16040635,yahoo_bootstrap
2023-12-08,66.79053497,68.86846161,66.59263611,68.07687378,5177636,0,1,62.33831284,yahoo_bootstrap
2023-12-11,68.27477264,71.63903046,67.87897491,70.25374603,7698031,0,1,64.33168497,yahoo_bootstrap
2023-12-12,70.55059814,72.7274704,69.95690155,71.93588257,7179521,0,1,65.8720253,yahoo_bootstrap
2023-12-13,71.93588257,74.11275482,71.24324036,73.32116699,5762625,0,1,67.14053674,yahoo_bootstrap
2023-12-14,73.81591034,76.38858032,73.71696472,75.99279022,6776608,0,1,69.58695467,yahoo_bootstrap
2023-12-15,75.89383698,76.98227692,72.52957153,73.22221375,10734748,0,1,67.04992479,yahoo_bootstrap
2023-12-18,73.22221375,73.61801147,70.84744263,71.34218597,6310560,0,1,65.32837453,yahoo_bootstrap
2023-12-19,71.54008484,71.93588257,68.57161713,69.85795593,7202442,0,1,63.96925812,yahoo_bootstrap
2023-12-20,70.55059814,71.04534149,69.26425934,70.0558548,3539926,0,1,64.15047504,yahoo_bootstrap
2023-12-21,69.26425934,70.4516449,69.06636047,69.95690155,1328704,0,1,64.05986309,yahoo_bootstrap
2023-12-22,70.84744263,71.44113922,69.66005707,70.35269928,2218312,0,1,64.42229693,yahoo_bootstrap
2023-12-25,70.35269928,71.04534149,70.15480042,70.15480042,1122447,0,1,64.24108001,yahoo_bootstrap
2023-12-26,73.22221375,73.22221375,70.35269928,71.7379837,4370243,0,1,65.69080837,yahoo_bootstrap
2023-12-27,71.63903046,72.43062592,71.04534149,71.14428711,1915241,0,1,65.14715762,yahoo_bootstrap
2023-12-28,71.44113922,72.7274704,71.24324036,71.83692932,1965842,0,1,65.78141334,yahoo_bootstrap
2023-12-29,71.83692932,71.93588257,70.35269928,71.44113922,1626132,0,1,65.41898649,yahoo_bootstrap
2024-01-02,71.7379837,72.13378143,70.74849701,71.24324036,1206424,0,1,65.23776957,yahoo_bootstrap
2024-01-03,71.14428711,71.83692932,69.75900269,70.4516449,1891091,0,1,64.5129019,yahoo_bootstrap
2024-01-04,69.95690155,70.94638824,69.36320496,69.66005707,1636599,0,1,63.7880412,yahoo_bootstrap
2024-01-05,69.85795593,70.94638824,69.85795593,70.0558548,1130502,0,1,64.15047504,yahoo_bootstrap
2024-01-08,71.04534149,71.04534149,69.16531372,69.75900269,1112245,0,1,63.87864617,yahoo_bootstrap
2024-01-09,69.85795593,70.4516449,68.76951599,69.85795593,1790903,0,1,63.96925812,yahoo_bootstrap
2024-01-10,69.36320496,70.0558548,69.16531372,69.85795593,792428,0,1,63.96925812,yahoo_bootstrap
2024-01-11,70.0558548,72.03482819,69.95690155,70.64954376,2745102,0,1,64.69411881,yahoo_bootstrap
2024-01-12,70.55059814,71.93588257,69.85795593,70.35269928,2035406,0,1,64.42229693,yahoo_bootstrap
2024-01-15,70.4516449,74.31065369,70.4516449,72.82642365,5158957,0,1,66.68749794,yahoo_bootstrap
2024-01-16,72.62852478,74.70645142,72.03482819,73.71696472,5030170,0,1,67.50297058,yahoo_bootstrap
2024-01-17,73.12326813,73.81591034,71.7379837,72.3316803,2847402,0,1,66.23445914,yahoo_bootstrap
2024-01-18,72.03482819,72.82642365,70.74849701,71.34218597,1635412,0,1,65.32837453,yahoo_bootstrap
2024-01-19,71.54008484,71.93588257,70.84744263,71.04534149,1183162,0,1,65.05655265,yahoo_bootstrap
2024-01-22,71.14428711,73.91486359,71.14428711,73.61801147,4041410,0,1,67.41235862,yahoo_bootstrap
2024-01-23,73.61801147,76.19068146,73.32116699,75.49803925,5233354,0,1,69.13390889,yahoo_bootstrap
2024-01-24,76.19068146,76.19068146,72.23272705,72.23272705,4752955,0,1,66.14384718,yahoo_bootstrap
2024-01-25,72.7274704,72.7274704,68.67056274,69.26425934,4719995,0,1,63.42560737,yahoo_bootstrap
2024-01-26,69.16531372,71.04534149,69.16531372,70.74849701,2055641,0,1,64.78473077,yahoo_bootstrap
2024-01-29,70.90000153,71.90000153,70.69999695,71.69999695,1795227,0,1,65.65602373,yahoo_bootstrap
2024-01-30,71.5,72.30000305,70.90000153,71.19999695,1063159,0,1,65.19817138,yahoo_bootstrap
2024-01-31,70.90000153,71.30000305,70.40000153,70.90000153,1204273,0,1,64.92346417,yahoo_bootstrap
2024-02-01,71.30000305,71.40000153,68.30000305,69,3577566,0,1,63.18362385,yahoo_bootstrap
2024-02-02,69.30000305,70.69999695,68.40000153,70.19999695,2262069,0,1,64.28246669,yahoo_bootstrap
2024-02-05,70,70.40000153,69,69.69999695,1208100,0,1,63.82461434,yahoo_bootstrap
2024-02-15,71,74.80000305,70.5,74.09999847,5477014,0,1,67.85371638,yahoo_bootstrap
2024-02-16,74.59999847,80.30000305,74.40000153,78.69999695,9829206,0,1,72.06595658,yahoo_bootstrap
2024-02-19,79,81.69999695,78.19999695,80.40000153,10082923,0,1,73.62265875,yahoo_bootstrap
2024-02-20,79.90000153,81.59999847,78.69999695,80.40000153,4778490,0,1,73.62265875,yahoo_bootstrap
2024-02-21,81.69999695,84.59999847,80.5,82.59999847,10894682,0,1,75.63720628,yahoo_bootstrap
2024-02-22,83,83.30000305,80.69999695,80.80000305,4316833,0,1,73.98894202,yahoo_bootstrap
2024-02-23,80.80000305,81.30000305,78.90000153,79.80000305,5311080,0,1,73.07323733,yahoo_bootstrap
2024-02-26,80,83.40000153,79.19999695,81.30000305,5223347,0,1,74.44679437,yahoo_bootstrap
2024-02-27,83,84.5,80.59999847,82.19999695,7542400,0,1,75.27092301,yahoo_bootstrap
2024-02-29,82.69999695,84.90000153,81.90000153,84.59999847,6591800,0,1,77.46861566,yahoo_bootstrap
2024-03-01,84.40000153,84.5,82.59999847,82.59999847,5814164,0,1,75.63720628,yahoo_bootstrap
2024-03-04,82.59999847,84.40000153,81.80000305,83.30000305,6394253,0,1,76.27820376,yahoo_bootstrap
2024-03-05,83.90000153,84.40000153,82.09999847,83.40000153,2793338,0,1,76.36977283,yahoo_bootstrap
2024-03-06,82.69999695,85,82.69999695,83.09999847,4112476,0,1,76.09505862,yahoo_bootstrap
2024-03-07,83.59999847,84,80.5,80.90000153,5807190,0,1,74.0805111,yahoo_bootstrap
2024-03-08,80.69999695,81.09999847,75.59999847,75.59999847,9052265,0,1,69.22727342,yahoo_bootstrap
2024-03-11,75.69999695,77.59999847,74.80000305,76.19999695,3993145,0,1,69.77669485,yahoo_bootstrap
2024-03-12,77.40000153,79.19999695,76.69999695,77,3697081,0,1,70.50926139,yahoo_bootstrap
2024-03-13,77,77.30000305,73.90000153,75.09999847,4033931,0,1,68.76942108,yahoo_bootstrap
2024-03-14,75.19999695,75.5,73.40000153,74.30000305,2078466,0,1,68.03686152,yahoo_bootstrap
2024-03-15,74,74.80000305,72.69999695,72.69999695,2263271,0,1,66.57172842,yahoo_bootstrap
2024-03-18,72.40000153,74.5,71.59999847,73.80000305,1978649,0,1,67.57900917,yahoo_bootstrap
2024-03-19,73.19999695,76.40000153,73.09999847,75.09999847,2641148,0,1,68.76942108,yahoo_bootstrap
2024-03-20,74.90000153,77.40000153,74.40000153,76,3566641,0,1,69.5935567,yahoo_bootstrap
2024-03-21,76.40000153,77,75.19999695,76,1842564,0,1,69.5935567,yahoo_bootstrap
2024-03-22,76.5,76.5,74.59999847,76.19999695,1128596,0,1,69.77669485,yahoo_bootstrap
2024-03-25,76.80000305,78.19999695,76.09999847,77,2291140,0,1,70.50926139,yahoo_bootstrap
2024-03-26,77.30000305,77.30000305,73.19999695,74.59999847,3167795,0,1,68.31156873,yahoo_bootstrap
2024-03-27,74.90000153,75.59999847,73.59999847,73.80000305,1397594,0,1,67.57900917,yahoo_bootstrap
2024-03-28,74.40000153,74.40000153,72.40000153,73.09999847,1582529,0,1,66.93801169,yahoo_bootstrap
2024-03-29,73.09999847,73.59999847,72.09999847,72.59999847,1422000,0,1,66.48015934,yahoo_bootstrap
2024-04-01,72.80000305,74.5,72.80000305,74.19999695,1667254,0,1,67.94528546,yahoo_bootstrap
2024-04-02,74.59999847,75,74,74.90000153,1122342,0,1,68.58628294,yahoo_bootstrap
2024-04-03,75.40000153,76.09999847,74.09999847,74.5,1451539,0,1,68.21999966,yahoo_bootstrap
2024-04-08,74.59999847,79.30000305,74.59999847,77.69999695,5405520,0,1,71.15025189,yahoo_bootstrap
2024-04-09,78,80.40000153,76.40000153,78.30000305,5084108,0,1,71.69968029,yahoo_bootstrap
2024-04-10,80.19999695,83,79.19999695,79.90000153,8588455,0,1,73.16480641,yahoo_bootstrap
2024-04-11,79.69999695,79.69999695,78,78.30000305,3035816,0,1,71.69968029,yahoo_bootstrap
2024-04-12,79.19999695,80.19999695,77.69999695,79,2563513,0,1,72.34067078,yahoo_bootstrap
2024-04-15,78.59999847,78.80000305,76.80000305,77.09999847,2133112,0,1,70.60083046,yahoo_bootstrap
2024-04-16,76.09999847,76.5,73,73.5,3829818,0,1,67.30429497,yahoo_bootstrap
2024-04-17,75,75.19999695,74.09999847,74.09999847,1583250,0,1,67.85371638,yahoo_bootstrap
2024-04-18,73.90000153,75.80000305,73.40000153,75.30000305,1401961,0,1,68.95256621,yahoo_bootstrap
2024-04-19,75,75,70.40000153,73.40000153,3496636,0,1,67.2127259,yahoo_bootstrap
2024-04-22,73.90000153,74.19999695,71,71.19999695,2138349,0,1,65.19817138,yahoo_bootstrap
2024-04-23,72.40000153,72.90000153,70.80000305,71.30000305,1671617,0,1,65.28974744,yahoo_bootstrap
2024-04-24,72.19999695,74,71.69999695,73.59999847,1026429,0,1,67.39586404,yahoo_bootstrap
2024-04-25,73,73.80000305,72.59999847,72.90000153,586688,0,1,66.75487355,yahoo_bootstrap
2024-04-26,73.5,74.80000305,72.69999695,72.90000153,1175754,0,1,66.75487355,yahoo_bootstrap
2024-04-29,73.5,74.59999847,73.19999695,74.30000305,1007020,0,1,68.03686152,yahoo_bootstrap
2024-04-30,75.19999695,75.19999695,74.19999695,74.19999695,717240,0,1,67.94528546,yahoo_bootstrap
2024-05-02,74.19999695,74.90000153,73.59999847,74.59999847,814380,0,1,68.31156873,yahoo_bootstrap
2024-05-03,75,75.40000153,73.30000305,73.80000305,1083080,0,1,67.57900917,yahoo_bootstrap
2024-05-06,74.19999695,74.5,73.19999695,73.80000305,681056,0,1,67.57900917,yahoo_bootstrap
2024-05-07,74.19999695,74.5,72.19999695,73.40000153,1323374,0,1,67.2127259,yahoo_bootstrap
2024-05-08,74.5,77,74.5,76.5,4042137,0,1,70.05140905,yahoo_bootstrap
2024-05-09,77.90000153,81.30000305,77,77,10898689,0,1,70.50926139,yahoo_bootstrap
2024-05-10,77,80.19999695,76.30000305,79.19999695,8186256,0,1,72.52380893,yahoo_bootstrap
2024-05-13,81.5,82.59999847,79,80.5,9898326,0,1,73.71422782,yahoo_bootstrap
2024-05-14,81.19999695,88.5,79.80000305,88.5,20029231,0,1,81.03986537,yahoo_bootstrap
2024-05-15,89.30000305,93.5,88.80000305,90.69999695,25796375,0,1,83.0544129,yahoo_bootstrap
2024-05-16,91.90000153,92.80000305,89.30000305,89.80000305,9999572,0,1,82.23028426,yahoo_bootstrap
2024-05-17,89.80000305,96,88.19999695,93.19999695,14738483,0,1,85.34367464,yahoo_bootstrap
2024-05-20,93.90000153,93.90000153,90.80000305,91.80000305,6804887,0,1,84.06169365,yahoo_bootstrap
2024-05-21,92.40000153,92.40000153,89.30000305,90.09999847,5325900,0,1,82.50499148,yahoo_bootstrap
2024-05-22,90.80000305,91.30000305,89.30000305,90.19999695,3684697,0,1,82.59656056,yahoo_bootstrap
2024-05-23,90.40000153,90.5,88.59999847,89.5,3566968,0,1,81.95557006,yahoo_bootstrap
2024-05-24,89.19999695,92.40000153,88.90000153,91.80000305,5246125,0,1,84.06169365,yahoo_bootstrap
2024-05-27,93.5,93.5,90.30000305,91.5,5512470,0,1,83.78697945,yahoo_bootstrap
2024-05-28,91.80000305,94.5,91.19999695,93.09999847,6936586,0,1,85.25210556,yahoo_bootstrap
2024-05-29,93.30000305,100,93.30000305,95.30000305,19005808,0,1,87.26666008,yahoo_bootstrap
2024-05-30,93.80000305,96.80000305,92.09999847,93.80000305,7092444,0,1,85.89310304,yahoo_bootstrap
2024-05-31,94.59999847,97.5,93,93.09999847,6816240,0,1,85.25210556,yahoo_bootstrap
2024-06-03,93.80000305,95.40000153,93,94.30000305,3302217,0,1,86.35095538,yahoo_bootstrap
2024-06-04,95.09999847,95.09999847,92.90000153,93.90000153,2852637,0,1,85.98467212,yahoo_bootstrap
2024-06-05,94.09999847,94.59999847,91.19999695,91.80000305,3524809,0,1,84.06169365,yahoo_bootstrap
2024-06-06,93.09999847,93.69999695,91.59999847,91.80000305,2113215,0,1,84.06169365,yahoo_bootstrap
2024-06-07,91.80000305,94.80000305,91.69999695,93.19999695,2605785,0,1,85.34367464,yahoo_bootstrap
2024-06-11,95.5,97.30000305,93.80000305,95.19999695,6990681,0,1,87.17508402,yahoo_bootstrap
2024-06-12,96.80000305,104.5,96.5,104.5,21336846,0,1,95.69114046,yahoo_bootstrap
2024-06-13,105,108.5,102,107,19051926,0,1,97.9804022,yahoo_bootstrap
2024-06-14,107,108,104,105,5538021,0,1,96.14899281,yahoo_bootstrap
2024-06-17,106.5,111,105,107.5,6959429,0,1,98.43825454,yahoo_bootstrap
2024-06-18,111,118,111,114,15711220,0,1,104.39033505,yahoo_bootstrap
2024-06-19,115,116,108.5,109.5,8479962,0,1,100.26966393,yahoo_bootstrap
2024-06-20,111,112,108.5,110,3224961,0,1,100.72751628,yahoo_bootstrap
2024-06-21,111,111,106.5,106.5,3437055,0,1,97.52254985,yahoo_bootstrap
2024-06-24,106.5,107.5,104.5,105.5,2134006,0,1,96.60684516,yahoo_bootstrap
2024-06-25,105.5,107,102.5,106.5,2700435,0,1,97.52254985,yahoo_bootstrap
2024-06-26,107,113.5,107,109.5,7563673,0,1,100.26966393,yahoo_bootstrap
2024-06-27,109,111,107.5,109,3065617,0,1,99.81181158,yahoo_bootstrap
2024-06-28,109.5,114,109.5,110.5,4989068,0,1,101.18536863,yahoo_bootstrap
2024-07-01,111.5,112.5,109.5,110.5,2447535,0,1,101.18536863,yahoo_bootstrap
2024-07-02,113,113.5,109,109.5,3822812,0,1,100.26966393,yahoo_bootstrap
2024-07-03,111,112.5,108.5,109.5,3741340,0,1,100.26966393,yahoo_bootstrap
2024-07-04,111.5,111.5,107,109.5,3254192,0,1,100.26966393,yahoo_bootstrap
2024-07-05,110.5,119,110,117,11781415,0,1,107.13744913,yahoo_bootstrap
2024-07-08,118,118,111,111,5598511,0,1,101.64322097,yahoo_bootstrap
2024-07-09,110,112,108.5,110,3146920,0,1,100.72751628,yahoo_bootstrap
2024-07-10,110.5,113.5,109.5,110,2613320,0,1,100.72751628,yahoo_bootstrap
2024-07-11,110.5,115.5,110.5,112,4059129,0,1,102.55892567,yahoo_bootstrap
2024-07-12,111,113.5,107,112,4492271,0,1,102.55892567,yahoo_bootstrap
2024-07-15,113,114.5,110.5,111,2140321,0,1,101.64322097,yahoo_bootstrap
2024-07-16,111.5,112,108,110,3086181,0,1,100.72751628,yahoo_bootstrap
2024-07-17,111,113,109.5,111,2637491,0,1,101.64322097,yahoo_bootstrap
2024-07-18,109.5,110,107,110,2598220,0,1,100.72751628,yahoo_bootstrap
2024-07-19,110,110,108,108.5,1718526,0,1,99.35395924,yahoo_bootstrap
2024-07-22,106.5,108,99.90000153,101.5,5696790,0,1,92.94402638,yahoo_bootstrap
2024-07-23,104,104.5,101.5,103,1830300,0,1,94.31758342,yahoo_bootstrap
2024-07-26,99.5,103,98.30000305,102,2323523,0,1,93.40187873,yahoo_bootstrap
2024-07-29,103.5,103.5,98.5,98.59999847,2393315,0,1,90.28848137,yahoo_bootstrap
2024-07-30,96.19999695,100.5,96.19999695,100,3609151,0,1,91.57046934,yahoo_bootstrap
2024-07-31,99,100.5,98.5,98.59999847,1147660,0,1,90.28848137,yahoo_bootstrap
2024-08-01,100,101.5,98.69999695,99.5,1384647,0,1,91.112617,yahoo_bootstrap
2024-08-02,97.5,98.19999695,94.5,94.59999847,2587673,0,1,86.6256626,yahoo_bootstrap
2024-08-05,85.69999695,88.59999847,85.19999695,85.19999695,3600850,0,1,78.01803709,yahoo_bootstrap
2024-08-06,83,88.19999695,76.80000305,86.59999847,10346333,0,1,79.30002505,yahoo_bootstrap
2024-08-07,86,95,86,92.69999695,3973503,0,1,84.88582229,yahoo_bootstrap
2024-08-08,93,99.5,92.90000153,96.59999847,5220428,0,1,88.45707199,yahoo_bootstrap
2024-08-09,100,105,99.40000153,101,5855349,0,1,92.48617404,yahoo_bootstrap
2024-08-12,103,106,101.5,104,5120307,0,1,95.23328812,yahoo_bootstrap
2024-08-13,104.5,107,102.5,104.5,5329941,2.5,1,98.04806511,yahoo_bootstrap
2024-08-14,107,107.5,102,103,4060079,0,1,96.64067661,yahoo_bootstrap
2024-08-15,102.5,104,102,102.5,1737621,0,1,96.17154711,yahoo_bootstrap
2024-08-16,104.5,105.5,102,102.5,2463467,0,1,96.17154711,yahoo_bootstrap
2024-08-19,103.5,103.5,101.5,103,1374225,0,1,96.64067661,yahoo_bootstrap
2024-08-20,104,108.5,103.5,105.5,5974647,0,1,98.9863241,yahoo_bootstrap
2024-08-21,105,110.5,104,109.5,7672428,0,1,102.73936009,yahoo_bootstrap
2024-08-22,109.5,110.5,105.5,106,4028577,0,1,99.4554536,yahoo_bootstrap
2024-08-23,105,106.5,104,106.5,1870962,0,1,99.9245831,yahoo_bootstrap
2024-08-26,107.5,108,105,105.5,1802335,0,1,98.9863241,yahoo_bootstrap
2024-08-27,106,109,105,109,3098716,0,1,102.27023059,yahoo_bootstrap
2024-08-28,108.5,108.5,106.5,107.5,1972507,0,1,100.8628421,yahoo_bootstrap
2024-08-29,106,110.5,106,110,3514710,0,1,103.20848959,yahoo_bootstrap
2024-08-30,110.5,111,107.5,107.5,5631410,0,1,100.8628421,yahoo_bootstrap
2024-09-02,108,110.5,106,106.5,2512350,0,1,99.9245831,yahoo_bootstrap
2024-09-03,108,108.5,102.5,104,3354212,0,1,97.57893561,yahoo_bootstrap
2024-09-04,98.5,101.5,95.09999847,97.80000305,5730083,0,1,91.76173269,yahoo_bootstrap
2024-09-05,100,100,95.19999695,95.90000153,3419285,0,1,89.97903917,yahoo_bootstrap
2024-09-06,96.19999695,99.59999847,95.5,97.90000153,1541050,0,1,91.85555717,yahoo_bootstrap
2024-09-09,95.09999847,98.59999847,95.09999847,97.90000153,1667158,0,1,91.85555717,yahoo_bootstrap
2024-09-10,98.80000305,99.40000153,93.19999695,96.19999695,2410190,0,1,90.26051258,yahoo_bootstrap
2024-09-11,94.5,95.90000153,93.90000153,95,1110069,0,1,89.13460464,yahoo_bootstrap
2024-09-12,96.69999695,97.30000305,95.80000305,96,1081127,0,1,90.07286364,yahoo_bootstrap
2024-09-13,96.69999695,96.80000305,95.30000305,96.30000305,694004,0,1,90.3543442,yahoo_bootstrap
2024-09-16,95.5,96.5,94.19999695,95.30000305,946202,0,1,89.4160852,yahoo_bootstrap
2024-09-18,95,95.5,92.19999695,93.09999847,1833729,0,1,87.35191111,yahoo_bootstrap
2024-09-19,93.40000153,98.40000153,91.80000305,97,2919520,0,1,91.01112263,yahoo_bootstrap
2024-09-20,97.5,99.09999847,95.19999695,95.90000153,6484519,0,1,89.97903917,yahoo_bootstrap
2024-09-23,96,98.5,93.30000305,93.69999695,2325336,0,1,87.91486509,yahoo_bootstrap
2024-09-24,94.09999847,94.40000153,91,92.5,1995543,0,1,86.78895715,yahoo_bootstrap
2024-09-25,94.19999695,97.30000305,93.5,95,2319705,0,1,89.13460464,yahoo_bootstrap
2024-09-26,95.19999695,96.30000305,93,93,1409001,0,1,87.25808665,yahoo_bootstrap
2024-09-27,94.80000305,94.80000305,92.90000153,92.90000153,983795,0,1,87.16426219,yahoo_bootstrap
2024-09-30,93.09999847,93.30000305,90.80000305,91,1492734,0,1,85.38156866,yahoo_bootstrap
2024-10-01,91.69999695,92.5,90.09999847,90.90000153,1075103,0,1,85.28774419,yahoo_bootstrap
2024-10-04,92.5,92.5,88.30000305,88.5,2020823,0,1,83.03592117,yahoo_bootstrap
2024-10-07,89.80000305,90.30000305,88.90000153,89.40000153,885629,0,1,83.8803557,yahoo_bootstrap
2024-10-08,89.40000153,89.40000153,85.69999695,87.09999847,2281266,0,1,81.72235714,yahoo_bootstrap
2024-10-09,88.5,90,87.80000305,88.5,1269210,0,1,83.03592117,yahoo_bootstrap
2024-10-11,88.80000305,89.40000153,86.40000153,86.69999695,1122719,0,1,81.34705211,yahoo_bootstrap
2024-10-14,87,91.80000305,86.69999695,91,1930930,0,1,85.38156866,yahoo_bootstrap
2024-10-15,91,92.19999695,90.09999847,90.09999847,1371926,0,1,84.53713413,yahoo_bootstrap
2024-10-16,89.90000153,95,89.90000153,92.59999847,4018599,0,1,86.88278162,yahoo_bootstrap
2024-10-17,94.19999695,95,91.40000153,91.5,2924650,0,1,85.85069816,yahoo_bootstrap
2024-10-18,91.90000153,92.90000153,90.90000153,90.90000153,1011589,0,1,85.28774419,yahoo_bootstrap
2024-10-21,91.80000305,92.40000153,90.19999695,91.19999695,994817,0,1,85.56921759,yahoo_bootstrap
2024-10-22,93.40000153,94.5,90.19999695,90.90000153,2831200,0,1,85.28774419,yahoo_bootstrap
2024-10-23,91,91.30000305,89.5,90.19999695,1100219,0,1,84.6309586,yahoo_bootstrap
2024-10-24,90.5,90.5,88.30000305,88.90000153,1381206,0,1,83.4112262,yahoo_bootstrap
2024-10-25,89.5,90,88.59999847,89.69999695,842336,0,1,84.1618291,yahoo_bootstrap
2024-10-28,90,90.80000305,88.5,89.90000153,695893,0,1,84.3494852,yahoo_bootstrap
2024-10-29,90,90,87.69999695,88.19999695,1208448,0,1,82.75444061,yahoo_bootstrap
2024-10-30,89.40000153,89.40000153,87,87.59999847,498405,0,1,82.19148663,yahoo_bootstrap
2024-11-01,86.19999695,87.90000153,85.5,87.80000305,693544,0,1,82.37914273,yahoo_bootstrap
2024-11-04,87.90000153,87.90000153,86.30000305,86.80000305,589699,0,1,81.44088373,yahoo_bootstrap
2024-11-05,87.90000153,90.80000305,87.5,89.5,1371126,0,1,83.97418016,yahoo_bootstrap
2024-11-06,89.59999847,90.59999847,89.19999695,89.59999847,670059,0,1,84.06800463,yahoo_bootstrap
2024-11-07,89.59999847,92.80000305,89.59999847,91.5,1650000,0,1,85.85069816,yahoo_bootstrap
2024-11-08,91.40000153,92.5,89.80000305,90.09999847,904942,0,1,84.53713413,yahoo_bootstrap
2024-11-11,90.19999695,91.09999847,89.19999695,90,987793,0,1,84.44330966,yahoo_bootstrap
2024-11-12,90,90,86.69999695,86.80000305,1397405,0,1,81.44088373,yahoo_bootstrap
2024-11-13,86.69999695,94.80000305,86.19999695,92.09999847,5980204,0,1,86.41365212,yahoo_bootstrap
2024-11-14,94.40000153,95.19999695,89.5,89.5,9279505,0,1,83.97418016,yahoo_bootstrap
2024-11-15,90.5,92.59999847,89.30000305,89.59999847,4048352,0,1,84.06800463,yahoo_bootstrap
2024-11-18,89,90.40000153,85.59999847,86.5,4026321,0,1,81.15940317,yahoo_bootstrap
2024-11-19,88,89.80000305,86.5,87.40000153,4672610,0,1,82.00383771,yahoo_bootstrap
2024-11-20,86.69999695,86.69999695,86.69999695,86.69999695,1695953,0,1,81.34705211,yahoo_bootstrap
2024-11-21,87.09999847,89.69999695,86.80000305,87.09999847,2605985,0,1,81.72235714,yahoo_bootstrap
2024-11-22,88.19999695,89.59999847,87.90000153,88.5,1633135,0,1,83.03592117,yahoo_bootstrap
2024-11-25,89.5,90.80000305,89,90.09999847,2764821,0,1,84.53713413,yahoo_bootstrap
2024-11-26,91.09999847,91.09999847,88.90000153,88.90000153,1738074,0,1,83.4112262,yahoo_bootstrap
2024-11-27,89,89.09999847,85.40000153,85.40000153,2375850,0,1,80.12731971,yahoo_bootstrap
2024-11-28,85.90000153,85.90000153,82.5,83.80000305,2981675,0,1,78.62610675,yahoo_bootstrap
2024-11-29,83.69999695,86.59999847,82.90000153,86.5,1580228,0,1,81.15940317,yahoo_bootstrap
2024-12-02,86.90000153,87.5,85.80000305,87,1245436,0,1,81.62853267,yahoo_bootstrap
2024-12-03,89,91,88.09999847,88.19999695,3550312,0,1,82.75444061,yahoo_bootstrap
2024-12-04,88.30000305,93.80000305,88,93,5797396,0,1,87.25808665,yahoo_bootstrap
2024-12-05,93.80000305,93.80000305,90.59999847,90.90000153,5085665,0,1,85.28774419,yahoo_bootstrap
2024-12-06,90.90000153,91.19999695,89.19999695,89.69999695,1729354,0,1,84.1618291,yahoo_bootstrap
2024-12-09,90.5,91.30000305,88.5,88.69999695,1871210,0,1,83.2235701,yahoo_bootstrap
2024-12-10,89.19999695,89.5,86.5,86.69999695,1708400,0,1,81.34705211,yahoo_bootstrap
2024-12-11,86.5,87.30000305,86,86.09999847,1143210,0,1,80.78409814,yahoo_bootstrap
2024-12-12,86.80000305,87.40000153,85.30000305,85.90000153,1095459,0,1,80.59644921,yahoo_bootstrap
2024-12-13,85.5,86.59999847,84.69999695,85,1139019,0,1,79.75201468,yahoo_bootstrap
2024-12-16,85.19999695,85.5,82.09999847,82.09999847,2059288,0,1,77.03106216,yahoo_bootstrap
2024-12-17,82.19999695,84.40000153,82.19999695,83.90000153,909025,0,1,78.71993122,yahoo_bootstrap
2024-12-18,83.40000153,84.5,82.40000153,84.5,747175,0,1,79.28288518,yahoo_bootstrap
2024-12-19,82.59999847,84.40000153,82.59999847,84,797929,0,1,78.81375568,yahoo_bootstrap
2024-12-20,84,85.80000305,83.5,84,1207534,0,1,78.81375568,yahoo_bootstrap
2024-12-23,84.69999695,87.69999695,84.69999695,85.30000305,1495417,0,1,80.03349524,yahoo_bootstrap
2024-12-24,86.19999695,86.40000153,84.40000153,84.5,928058,0,1,79.28288518,yahoo_bootstrap
2024-12-25,84.59999847,87.09999847,84.59999847,86.40000153,1486117,0,1,81.06557871,yahoo_bootstrap
2024-12-26,87,88.59999847,86.40000153,87.59999847,1702076,0,1,82.19148663,yahoo_bootstrap
2024-12-27,88,88,85.90000153,86.19999695,947184,0,1,80.87792261,yahoo_bootstrap
2024-12-30,86.69999695,86.69999695,85.30000305,85.5,406731,0,1,80.22114418,yahoo_bootstrap
2024-12-31,85.30000305,86.5,84.59999847,85.90000153,562373,0,1,80.59644921,yahoo_bootstrap
2025-01-02,85.30000305,85.80000305,84,84.09999847,997636,0,1,78.90758015,yahoo_bootstrap
2025-01-03,84.5,85.59999847,83.69999695,83.80000305,834102,0,1,78.62610675,yahoo_bootstrap
2025-01-06,84.69999695,86.69999695,83.80000305,86.19999695,1425002,0,1,80.87792261,yahoo_bootstrap
2025-01-07,87.19999695,87.19999695,85.40000153,86,831065,0,1,80.69027368,yahoo_bootstrap
2025-01-08,86.40000153,87.40000153,86.09999847,86.30000305,868378,0,1,80.97175424,yahoo_bootstrap
2025-01-09,86.80000305,86.80000305,83,83.5,1587005,0,1,78.34462619,yahoo_bootstrap
2025-01-10,84,85.69999695,83.40000153,83.80000305,1003200,0,1,78.62610675,yahoo_bootstrap
2025-01-13,83.40000153,83.40000153,80,80.90000153,1750560,0,1,75.90515423,yahoo_bootstrap
2025-01-14,81.5,82.40000153,80.5,82.19999695,606060,0,1,77.12488663,yahoo_bootstrap
2025-01-15,81.69999695,83,81,81,630008,0,1,75.99897869,yahoo_bootstrap
2025-01-16,83,83,81.80000305,82,497002,0,1,76.93723769,yahoo_bootstrap
2025-01-17,82.5,82.80000305,81.40000153,82.40000153,411737,0,1,77.31254273,yahoo_bootstrap
2025-01-20,83.40000153,83.59999847,81.90000153,83.30000305,871434,0,1,78.15697725,yahoo_bootstrap
2025-01-21,83,83.80000305,82.59999847,83.30000305,391305,0,1,78.15697725,yahoo_bootstrap
2025-01-22,83.5,85,83,84.59999847,1013383,0,1,79.37670965,yahoo_bootstrap
2025-02-03,83,84.19999695,81.40000153,83.5,819393,0,1,78.34462619,yahoo_bootstrap
2025-02-04,84.40000153,84.40000153,82.5,83.09999847,685055,0,1,77.96932115,yahoo_bootstrap
2025-02-05,83.69999695,85.5,83,84.69999695,740917,0,1,79.47053412,yahoo_bootstrap
2025-02-06,85.5,88.5,84.59999847,87.90000153,2022388,0,1,82.4729672,yahoo_bootstrap
2025-02-07,88.69999695,91.30000305,87.59999847,89.19999695,4561099,0,1,83.6926996,yahoo_bootstrap
2025-02-10,89.19999695,92.30000305,88.80000305,91.40000153,3690235,0,1,85.75687369,yahoo_bootstrap
2025-02-11,92,93,90.59999847,91.19999695,4817956,0,1,85.56921759,yahoo_bootstrap
2025-02-12,91.19999695,93.09999847,90.09999847,91.19999695,3049803,0,1,85.56921759,yahoo_bootstrap
2025-02-13,91.80000305,93.5,90.80000305,91,2479744,0,1,85.38156866,yahoo_bootstrap
2025-02-14,91.5,91.90000153,90.40000153,91,1235152,0,1,85.38156866,yahoo_bootstrap
2025-02-17,92,94.19999695,91.19999695,93.90000153,4945565,0,1,88.10252118,yahoo_bootstrap
2025-02-18,94.19999695,94.5,92.59999847,93.09999847,2810100,0,1,87.35191111,yahoo_bootstrap
2025-02-19,93.5,94.5,92.69999695,93.30000305,1799842,0,1,87.53956721,yahoo_bootstrap
2025-02-20,93.90000153,94.80000305,92.80000305,93.40000153,1648579,0,1,87.63339168,yahoo_bootstrap
2025-02-21,93.19999695,93.5,92.5,92.80000305,1226164,0,1,87.07043771,yahoo_bootstrap
2025-02-24,93.59999847,94.59999847,93,93.5,2278860,0,1,87.72721615,yahoo_bootstrap
2025-02-25,93,93.5,92.40000153,92.90000153,1236232,0,1,87.16426219,yahoo_bootstrap
2025-02-26,92.59999847,94.19999695,92.59999847,92.90000153,1219142,0,1,87.16426219,yahoo_bootstrap
2025-02-27,93,94.09999847,91.5,91.69999695,1626570,0,1,86.03834709,yahoo_bootstrap
2025-03-03,90.80000305,93.80000305,90.69999695,93,2131894,0,1,87.25808665,yahoo_bootstrap
2025-03-04,92.5,93.90000153,91.59999847,93.69999695,2092049,0,1,87.91486509,yahoo_bootstrap
2025-03-05,94,94.30000305,92.90000153,93.69999695,1357427,0,1,87.91486509,yahoo_bootstrap
2025-03-06,94.19999695,99,93.19999695,95.80000305,7995535,0,1,89.8852147,yahoo_bootstrap
2025-03-07,95,96.80000305,92.09999847,92.09999847,4537292,0,1,86.41365212,yahoo_bootstrap
2025-03-10,92.30000305,93.80000305,92,92,1580520,0,1,86.31982765,yahoo_bootstrap
2025-03-11,89.5,90,86.90000153,89.69999695,2455200,0,1,84.1618291,yahoo_bootstrap
2025-03-12,91,91.40000153,89.90000153,90.59999847,910117,0,1,85.00626362,yahoo_bootstrap
2025-03-13,91.5,93.19999695,88.90000153,88.90000153,1524034,0,1,83.4112262,yahoo_bootstrap
2025-03-14,88.90000153,89.80000305,86.69999695,88.80000305,1560034,0,1,83.31740173,yahoo_bootstrap
2025-03-17,90.30000305,90.69999695,89.19999695,89.19999695,727621,0,1,83.6926996,yahoo_bootstrap
2025-03-18,90.19999695,91.59999847,90,90.80000305,1377069,0,1,85.19391972,yahoo_bootstrap
2025-03-19,91,91.5,89.5,89.90000153,817864,0,1,84.3494852,yahoo_bootstrap
2025-03-20,90.69999695,91,89.80000305,90.19999695,743589,0,1,84.6309586,yahoo_bootstrap
2025-03-21,90.40000153,91,89.59999847,91,1015117,0,1,85.38156866,yahoo_bootstrap
2025-03-24,91,91.40000153,90.30000305,90.40000153,660306,0,1,84.8186147,yahoo_bootstrap
2025-03-25,90.80000305,91.19999695,89.59999847,89.59999847,737030,0,1,84.06800463,yahoo_bootstrap
2025-03-26,90.30000305,91.5,90.19999695,90.59999847,898030,0,1,85.00626362,yahoo_bootstrap
2025-03-27,89.90000153,90,88.40000153,89,851002,0,1,83.50505066,yahoo_bootstrap
2025-03-28,89,89,84.40000153,85.30000305,2313269,0,1,80.03349524,yahoo_bootstrap
2025-03-31,81.80000305,83.40000153,80.90000153,81,2269560,0,1,75.99897869,yahoo_bootstrap
2025-04-01,81.59999847,83,81.5,81.5,872947,0,1,76.46810819,yahoo_bootstrap
2025-04-02,82.59999847,82.59999847,80.80000305,82.09999847,589000,0,1,77.03106216,yahoo_bootstrap
2025-04-07,73.90000153,73.90000153,73.90000153,73.90000153,287220,0,1,69.33734126,yahoo_bootstrap
2025-04-08,66.59999847,67.09999847,66.59999847,66.59999847,4867210,0,1,62.48804771,yahoo_bootstrap
2025-04-09,61.59999847,64.80000305,60,60,5079172,0,1,56.29553977,yahoo_bootstrap
2025-04-10,66,66,66,66,1407000,0,1,61.92509375,yahoo_bootstrap
2025-04-11,63.59999847,67,59.70000076,66.90000153,2992161,0,1,62.76952828,yahoo_bootstrap
2025-04-14,68.59999847,71.09999847,67.09999847,67.40000153,3069000,0,1,63.23865778,yahoo_bootstrap
2025-04-15,68.09999847,70.59999847,67.5,70.40000153,2027382,0,1,66.05343477,yahoo_bootstrap
2025-04-16,70,70.40000153,68,68.19999695,1749892,0,1,63.98926068,yahoo_bootstrap
2025-04-17,68.19999695,69.30000305,67.09999847,68.80000305,1369020,0,1,64.5522218,yahoo_bootstrap
2025-04-18,68.59999847,69.09999847,67.80000305,67.80000305,857246,0,1,63.61396281,yahoo_bootstrap
2025-04-21,67.69999695,67.90000153,65.09999847,65.09999847,1049195,0,1,61.08065922,yahoo_bootstrap
2025-04-22,64.5,66.19999695,64.19999695,64.90000153,1128649,0,1,60.89301029,yahoo_bootstrap
2025-04-23,66.5,67.69999695,66.5,67,1105653,0,1,62.86335275,yahoo_bootstrap
2025-04-24,68,68,66.80000305,67,686225,0,1,62.86335275,yahoo_bootstrap
2025-04-25,68.90000153,69.5,68.09999847,68.30000305,1958329,0,1,64.0830923,yahoo_bootstrap
2025-04-28,68.69999695,70.69999695,68.5,69.90000153,1958300,0,1,65.58430527,yahoo_bootstrap
2025-04-29,70.5,73.40000153,70.40000153,73.19999695,4106124,0,1,68.68055566,yahoo_bootstrap
2025-04-30,73.5,74,72.19999695,72.69999695,2708062,0,1,68.21142616,yahoo_bootstrap
2025-05-02,73.5,73.80000305,72.80000305,73.80000305,1758263,0,1,69.24351678,yahoo_bootstrap
2025-05-05,72.80000305,72.80000305,66.5,67.5,5113899,0,1,63.33248225,yahoo_bootstrap
2025-05-06,67.80000305,69.30000305,67.69999695,69.30000305,1522171,0,1,65.0213513,yahoo_bootstrap
2025-05-07,69.30000305,69.69999695,68.30000305,68.90000153,1338103,0,1,64.64604628,yahoo_bootstrap
2025-05-08,70.90000153,72.09999847,70.40000153,70.69999695,1919858,0,1,66.33490817,yahoo_bootstrap
2025-05-09,71.5,72.30000305,70.5,71.69999695,1535338,0,1,67.27316717,yahoo_bootstrap
2025-05-12,72.5,74.59999847,72.40000153,74.09999847,2520499,0,1,69.52499019,yahoo_bootstrap
2025-05-13,76.09999847,76.59999847,73.40000153,73.59999847,2799117,0,1,69.05586069,yahoo_bootstrap
2025-05-14,74.80000305,75.09999847,73.80000305,74.80000305,1437383,0,1,70.18177578,yahoo_bootstrap
2025-05-15,75.30000305,75.40000153,74,74.59999847,1193308,0,1,69.99411968,yahoo_bootstrap
2025-05-16,74.69999695,75.09999847,74.09999847,74.40000153,737041,0,1,69.80647076,yahoo_bootstrap
2025-05-19,74.5,75.59999847,73.69999695,73.69999695,1480247,0,1,69.14968516,yahoo_bootstrap
2025-05-20,74.5,74.69999695,73.80000305,74,646012,0,1,69.43116572,yahoo_bootstrap
2025-05-21,74.09999847,75,74.09999847,74.80000305,713458,0,1,70.18177578,yahoo_bootstrap
2025-05-22,74.5,74.5,73.90000153,74,626073,0,1,69.43116572,yahoo_bootstrap
2025-05-23,74.5,74.80000305,73.80000305,73.80000305,808005,0,1,69.24351678,yahoo_bootstrap
2025-05-26,73.80000305,74.5,73,74,450048,0,1,69.43116572,yahoo_bootstrap
2025-05-27,74,74.40000153,72.59999847,72.59999847,682272,0,1,68.11760169,yahoo_bootstrap
2025-05-28,73,73.80000305,71.80000305,72.30000305,649310,0,1,67.83612829,yahoo_bootstrap
2025-05-29,73.40000153,74.69999695,72.90000153,74.09999847,879015,0,1,69.52499019,yahoo_bootstrap
2025-06-02,73.69999695,74.69999695,72.30000305,72.90000153,786300,0,1,68.39908226,yahoo_bootstrap
2025-06-03,73.09999847,76.90000153,73.09999847,75.5,1962882,0,1,70.83855422,yahoo_bootstrap
2025-06-04,76.30000305,76.90000153,75.5,75.59999847,1230260,0,1,70.93237868,yahoo_bootstrap
2025-06-05,76.5,76.5,75,75.09999847,756204,0,1,70.46324918,yahoo_bootstrap
2025-06-06,74.90000153,76.5,74.80000305,75.69999695,956328,0,1,71.02620315,yahoo_bootstrap
2025-06-09,74,74,70.30000305,72.5,3407005,0,1,68.02377723,yahoo_bootstrap
2025-06-10,72.5,73.30000305,72.30000305,72.80000305,876227,0,1,68.30525779,yahoo_bootstrap
2025-06-11,73.30000305,74.59999847,72.80000305,74,997000,0,1,69.43116572,yahoo_bootstrap
2025-06-12,74,77.80000305,73.5,76.90000153,2641450,0,1,72.15211825,yahoo_bootstrap
2025-06-13,76.19999695,76.19999695,74.69999695,74.69999695,1296482,0,1,70.08794416,yahoo_bootstrap
2025-06-16,74.80000305,74.80000305,72.59999847,74,1203196,0,1,69.43116572,yahoo_bootstrap
2025-06-17,74.09999847,74.59999847,73.19999695,73.40000153,703015,0,1,68.86821176,yahoo_bootstrap
2025-06-18,74.19999695,74.80000305,73.59999847,73.80000305,479010,0,1,69.24351678,yahoo_bootstrap
2025-06-19,74,74,71.5,71.69999695,1351232,0,1,67.27316717,yahoo_bootstrap
2025-06-20,71.5,72,70.30000305,70.69999695,1189010,0,1,66.33490817,yahoo_bootstrap
2025-06-23,69.90000153,71.80000305,69.09999847,71.09999847,716553,0,1,66.7102132,yahoo_bootstrap
2025-06-24,72,73.5,72,73.09999847,844542,0,1,68.58673119,yahoo_bootstrap
2025-06-25,73.40000153,74.09999847,72.69999695,72.90000153,594115,0,1,68.39908226,yahoo_bootstrap
2025-06-26,73.5,74.30000305,72.90000153,72.90000153,641001,0,1,68.39908226,yahoo_bootstrap
2025-06-27,73.5,73.5,72.5,72.59999847,458007,0,1,68.11760169,yahoo_bootstrap
2025-06-30,72.80000305,72.90000153,71.09999847,71.09999847,719207,0,1,66.7102132,yahoo_bootstrap
2025-07-01,71.19999695,72.5,71.19999695,71.5,529058,0,1,67.08551823,yahoo_bootstrap
2025-07-02,71.5,72.80000305,71.30000305,72,353080,0,1,67.55464773,yahoo_bootstrap
2025-07-03,72.09999847,72.69999695,72,72.40000153,645173,0,1,67.92995276,yahoo_bootstrap
2025-07-04,72.69999695,73,70.5,70.59999847,995266,0,1,66.2410837,yahoo_bootstrap
2025-07-07,70.59999847,71,69.40000153,69.90000153,703106,0,1,65.58430527,yahoo_bootstrap
2025-07-08,69.90000153,70.19999695,69.09999847,69.5,619844,0,1,65.20900024,yahoo_bootstrap
2025-07-09,69.80000305,70.40000153,69.5,70,430981,0,1,65.67812974,yahoo_bootstrap
2025-07-10,70,70.59999847,69.69999695,70.5,353050,0,1,66.14725923,yahoo_bootstrap
2025-07-11,70.59999847,72.19999695,70.59999847,72,705205,0,1,67.55464773,yahoo_bootstrap
2025-07-14,72.5,72.5,70.69999695,70.69999695,307164,0,1,66.33490817,yahoo_bootstrap
2025-07-15,70.69999695,71.90000153,70.69999695,71.5,350015,0,1,67.08551823,yahoo_bootstrap
2025-07-16,71.30000305,72.5,71.19999695,71.69999695,425015,0,1,67.27316717,yahoo_bootstrap
2025-07-17,71.80000305,76.30000305,71.80000305,75.69999695,3265344,0,1,71.02620315,yahoo_bootstrap
2025-07-18,76.69999695,79.90000153,76.30000305,77.5,6099012,0,1,72.71507221,yahoo_bootstrap
2025-07-21,78.30000305,81.80000305,77.90000153,79.5,5657510,0,1,74.5915902,yahoo_bootstrap
2025-07-22,80,80,75.90000153,77,3976025,0,1,72.24594271,yahoo_bootstrap
2025-07-23,77.80000305,79,77.40000153,78.19999695,1396800,0,1,73.37185064,yahoo_bootstrap
2025-07-24,78.5,79.5,77.5,78.5,1015081,0,1,73.6533312,yahoo_bootstrap
2025-07-25,78.80000305,78.90000153,77.5,77.69999695,755015,0,1,72.90272115,yahoo_bootstrap
2025-07-28,78.19999695,82.5,77,81.30000305,3893160,0,1,76.28045926,yahoo_bootstrap
2025-07-29,81.80000305,82.5,79.09999847,80,4689020,0,1,75.0607197,yahoo_bootstrap
2025-07-30,80.59999847,80.90000153,78.59999847,80,1755363,0,1,75.0607197,yahoo_bootstrap
2025-07-31,80.40000153,81.90000153,80.09999847,80.40000153,2558916,0,1,75.43602473,yahoo_bootstrap
2025-08-04,79.30000305,80.69999695,78.40000153,79.30000305,1389210,0,1,74.40394126,yahoo_bootstrap
2025-08-05,78.5,83,77.69999695,80.30000305,6729181,0,1,75.34220026,yahoo_bootstrap
2025-08-06,81.69999695,84.19999695,81,83.59999847,8626543,0,1,78.43845065,yahoo_bootstrap
2025-08-07,84.19999695,85,83,83.09999847,6127302,0,1,77.96932115,yahoo_bootstrap
2025-08-08,82.80000305,84.19999695,82,84.09999847,3845164,0,1,78.90758015,yahoo_bootstrap
2025-08-11,83.90000153,84.80000305,82.90000153,83.30000305,2721867,0,1,78.15697725,yahoo_bootstrap
2025-08-12,83,89.40000153,82.5,88.59999847,8048232,0,1,83.12974563,yahoo_bootstrap
2025-08-13,89,93.5,86.30000305,88.69999695,10739672,0,1,83.2235701,yahoo_bootstrap
2025-08-14,87,90.80000305,86.59999847,87.40000153,8061019,3.497377,1,85.36991185,yahoo_bootstrap
2025-08-15,89.19999695,91.5,86.80000305,89,6227083,0,1,86.93274624,yahoo_bootstrap
2025-08-18,89,97.5,87.5,93.5,12430045,0,1,91.32822218,yahoo_bootstrap
2025-08-19,93.19999695,93.59999847,90,90,7581713,0,1,87.90951867,yahoo_bootstrap
2025-08-20,88.09999847,89.59999847,86.80000305,87.90000153,5149794,0,1,85.85829806,yahoo_bootstrap
2025-08-21,89,91.5,88.30000305,90.69999695,4899369,0,1,88.59325639,yahoo_bootstrap
2025-08-22,91.09999847,93.09999847,89.80000305,90,8854712,0,1,87.90951867,yahoo_bootstrap
2025-08-25,91.30000305,94.30000305,91.30000305,91.69999695,7175894,0,1,89.57002882,yahoo_bootstrap
2025-08-26,91.69999695,94.30000305,90.5,94.30000305,5991852,0,1,92.1096431,yahoo_bootstrap
2025-08-27,94.30000305,96.09999847,93.59999847,95.09999847,5415720,0,1,92.89105657,yahoo_bootstrap
2025-08-28,95.19999695,99.69999695,94.90000153,98.09999847,9381845,0,1,95.82137386,yahoo_bootstrap
2025-08-29,99.40000153,107.5,99.40000153,102.5,18945614,0,1,100.11917404,yahoo_bootstrap
2025-09-01,102.5,106.5,101,102.5,11276365,0,1,100.11917404,yahoo_bootstrap
2025-09-02,106,107.5,99.40000153,101.5,10851225,0,1,99.14240161,yahoo_bootstrap
2025-09-03,102.5,104.5,100.5,103.5,4963715,0,1,101.09594647,yahoo_bootstrap
2025-09-04,104.5,106,103,103.5,6275650,0,1,101.09594647,yahoo_bootstrap
2025-09-05,104.5,112.5,102.5,110.5,20562153,0,1,107.93335348,yahoo_bootstrap
2025-09-08,112.5,116,108,114,15437733,0,1,111.35205698,yahoo_bootstrap
2025-09-09,116.5,120,113.5,117,13476167,0,1,114.28237427,yahoo_bootstrap
2025-09-10,118.5,120,117,117.5,7604740,0,1,114.77076049,yahoo_bootstrap
2025-09-11,119,121,114.5,115.5,10214156,0,1,112.81721563,yahoo_bootstrap
2025-09-12,116.5,118,110.5,112.5,9714325,0,1,109.88689834,yahoo_bootstrap
2025-09-15,112,112,105.5,107.5,7106416,0,1,105.00303619,yahoo_bootstrap
2025-09-16,109,110,106.5,107,5469074,0,1,104.51464998,yahoo_bootstrap
2025-09-17,107,108.5,105.5,106,3912217,0,1,103.53787755,yahoo_bootstrap
2025-09-18,107.5,110,106,108.5,4895585,0,1,105.97980862,yahoo_bootstrap
2025-09-19,109.5,112,107,110,5730136,0,1,107.44496727,yahoo_bootstrap
2025-09-22,110.5,113.5,108,110,5442915,0,1,107.44496727,yahoo_bootstrap
2025-09-23,110.5,111.5,108,108.5,4062553,0,1,105.97980862,yahoo_bootstrap
2025-09-24,108,109.5,107.5,108,2365897,0,1,105.49142241,yahoo_bootstrap
2025-09-25,108,110.5,102.5,103,6636762,0,1,100.60756026,yahoo_bootstrap
2025-09-26,102.5,104,99.5,102,4878158,0,1,99.63078783,yahoo_bootstrap
2025-09-30,103,106,102,105,2905036,0,1,102.56110512,yahoo_bootstrap
2025-10-01,106,107,104,104,1778800,0,1,101.58433269,yahoo_bootstrap
2025-10-02,105.5,105.5,102,104,1975323,0,1,101.58433269,yahoo_bootstrap
2025-10-03,104,106,103.5,104,1386360,0,1,101.58433269,yahoo_bootstrap
2025-10-07,106,109,105,107.5,4344629,0,1,105.00303619,yahoo_bootstrap
2025-10-08,105.5,106,102,105,3702886,0,1,102.56110512,yahoo_bootstrap
2025-10-09,106,106,104,104.5,1523837,0,1,102.0727189,yahoo_bootstrap
2025-10-13,100,102,99.40000153,101.5,2970547,0,1,99.14240161,yahoo_bootstrap
2025-10-14,102.5,103.5,96.90000153,97.80000305,5158592,0,1,95.5283466,yahoo_bootstrap
2025-10-15,98.40000153,101,97.09999847,99.80000305,2392153,0,1,97.48189146,yahoo_bootstrap
2025-10-16,100,101,99,100.5,1537260,0,1,98.16562918,yahoo_bootstrap
2025-10-17,99.80000305,99.90000153,98.80000305,99.19999695,1119214,0,1,96.89582205,yahoo_bootstrap
2025-10-20,100,102.5,99.5,101,1512314,0,1,98.6540154,yahoo_bootstrap
2025-10-21,102.5,106.5,102.5,102.5,3802550,0,1,100.11917404,yahoo_bootstrap
2025-10-22,102.5,104.5,100.5,100.5,1780352,0,1,98.16562918,yahoo_bootstrap
2025-10-23,100.5,101.5,99.59999847,99.90000153,1294958,0,1,97.57956722,yahoo_bootstrap
2025-10-27,102,102.5,99.80000305,100.5,1382311,0,1,98.16562918,yahoo_bootstrap
2025-10-28,101,101,94.5,94.80000305,5499326,0,1,92.59802931,yahoo_bootstrap
2025-10-29,94.59999847,96,94.40000153,94.5,2696026,0,1,92.30499461,yahoo_bootstrap
2025-10-30,94.80000305,95.40000153,92.5,93,1994106,0,1,90.83983596,yahoo_bootstrap
2025-10-31,95,97.30000305,93.5,96.5,3317095,0,1,94.25853946,yahoo_bootstrap
2025-11-03,97,99.59999847,94.40000153,97,3151041,0,1,94.74692568,yahoo_bootstrap
2025-11-04,101,102,96.5,96.59999847,4939489,0,1,94.35621521,yahoo_bootstrap
2025-11-05,95.09999847,96.19999695,93.5,95.40000153,2285185,0,1,93.18409129,yahoo_bootstrap
2025-11-06,96.30000305,97.09999847,93.19999695,94.5,1972596,0,1,92.30499461,yahoo_bootstrap
2025-11-07,93.80000305,94.5,92.80000305,93.59999847,1252125,0,1,91.42589792,yahoo_bootstrap
2025-11-10,93.69999695,95.30000305,92.80000305,93.19999695,997609,0,1,91.03518747,yahoo_bootstrap
2025-11-11,93.30000305,96.5,93.30000305,94.5,1486750,0,1,92.30499461,yahoo_bootstrap
2025-11-12,95,96,93.5,93.5,1462255,0,1,91.32822218,yahoo_bootstrap
2025-11-13,94,95.30000305,93,94.69999695,1417570,0,1,92.50034611,yahoo_bootstrap
2025-11-14,92.5,93.30000305,91,91,1785823,0,1,88.8862911,yahoo_bootstrap
2025-11-17,90,91.5,89.40000153,89.59999847,1606510,0,1,87.51880821,yahoo_bootstrap
2025-11-18,88.80000305,89.90000153,87.19999695,87.5,1619231,0,1,85.4675876,yahoo_bootstrap
2025-11-19,87.69999695,87.90000153,85.90000153,86.5,1140226,0,1,84.49081517,yahoo_bootstrap
2025-11-20,88.59999847,89.40000153,87.90000153,88.19999695,701404,0,1,86.15132532,yahoo_bootstrap
2025-11-21,86.69999695,87.59999847,84.5,85.5,1175019,0,1,83.51404274,yahoo_bootstrap
2025-11-24,86.30000305,86.30000305,85.09999847,86.09999847,790398,0,1,84.1001047,yahoo_bootstrap
2025-11-25,87.69999695,87.69999695,85.90000153,86.59999847,546220,0,1,84.58849092,yahoo_bootstrap
2025-11-26,87.19999695,87.90000153,87.19999695,87.90000153,708164,0,1,85.85829806,yahoo_bootstrap
2025-11-27,87.90000153,88.5,87,87.09999847,617427,0,1,85.07687713,yahoo_bootstrap
2025-11-28,87.90000153,87.90000153,86.90000153,87.80000305,456117,0,1,85.76062231,yahoo_bootstrap
2025-12-01,87.5,89,86.80000305,87.09999847,1003541,0,1,85.07687713,yahoo_bootstrap
2025-12-02,87.5,88.90000153,87,87.09999847,732147,0,1,85.07687713,yahoo_bootstrap
2025-12-03,87.5,88.80000305,87.09999847,87.5,673053,0,1,85.4675876,yahoo_bootstrap
2025-12-04,87.90000153,88.80000305,86.69999695,86.90000153,794039,0,1,84.88152563,yahoo_bootstrap
2025-12-05,87.30000305,87.90000153,86.09999847,86.5,542555,0,1,84.49081517,yahoo_bootstrap
2025-12-08,86.59999847,87.69999695,86.09999847,87.30000305,690010,0,1,85.27223609,yahoo_bootstrap
2025-12-09,88,90.69999695,87.30000305,89.69999695,2754223,0,1,87.61648396,yahoo_bootstrap
2025-12-10,89.59999847,92,88.69999695,89.59999847,2232510,0,1,87.51880821,yahoo_bootstrap
2025-12-11,90.5,91.59999847,89.40000153,89.40000153,1464000,0,1,87.32345671,yahoo_bootstrap
2025-12-12,90.19999695,90.30000305,88.80000305,88.80000305,1077223,0,1,86.73739474,yahoo_bootstrap
2025-12-15,87.5,89.19999695,87,88.90000153,636236,0,1,86.83507049,yahoo_bootstrap
2025-12-16,88.19999695,90.80000305,87.69999695,88.59999847,1527770,0,1,86.54203578,yahoo_bootstrap
2025-12-17,89.19999695,89.59999847,88,88.59999847,724300,0,1,86.54203578,yahoo_bootstrap
2025-12-18,88.69999695,88.80000305,87.5,87.90000153,988860,0,1,85.85829806,yahoo_bootstrap
2025-12-19,88.40000153,90.5,88.40000153,89.90000153,1293751,0,1,87.81184292,yahoo_bootstrap
2025-12-22,90.5,90.80000305,89.40000153,89.40000153,1381652,0,1,87.32345671,yahoo_bootstrap
2025-12-23,90.09999847,90.19999695,88.40000153,88.5,1237108,0,1,86.44436003,yahoo_bootstrap
2025-12-24,89.30000305,90.09999847,87.19999695,87.40000153,1350101,0,1,85.36991185,yahoo_bootstrap
2025-12-26,88.30000305,88.30000305,86.40000153,87.19999695,939218,0,1,85.17455289,yahoo_bootstrap
2025-12-29,87.5,87.90000153,87,87.90000153,434050,0,1,85.85829806,yahoo_bootstrap
2025-12-30,87.09999847,87.19999695,86.40000153,86.90000153,629235,0,1,84.88152563,yahoo_bootstrap
2025-12-31,86.5,87.5,86.19999695,86.59999847,691400,0,1,84.58849092,yahoo_bootstrap
2026-01-02,86.5,91.59999847,86.5,91,3098401,0,1,88.8862911,yahoo_bootstrap
2026-01-05,92.40000153,92.40000153,88.80000305,89.30000305,2245513,0,1,87.22578095,yahoo_bootstrap
2026-01-06,89.90000153,89.90000153,88.59999847,89.30000305,1427024,0,1,87.22578095,yahoo_bootstrap
2026-01-07,89.5,91.90000153,89.19999695,90.19999695,1600737,0,1,88.10487018,yahoo_bootstrap
2026-01-08,92.69999695,94,90.19999695,90.80000305,2783330,0,1,88.69093959,yahoo_bootstrap
2026-01-09,90,93.30000305,88.80000305,92,2097508,0,1,89.86306353,yahoo_bootstrap
2026-01-12,93,93,91.19999695,91.40000153,1399647,0,1,89.27700157,yahoo_bootstrap
2026-01-13,91.5,92.80000305,90.5,90.5,1565020,0,1,88.39790489,yahoo_bootstrap
2026-01-14,91.69999695,93.40000153,91.09999847,93.19999695,2300337,0,1,91.03518747,yahoo_bootstrap
2026-01-15,93,93.19999695,91.69999695,92.80000305,1008381,0,1,90.64448445,yahoo_bootstrap
2026-01-16,92.80000305,93.19999695,90.30000305,90.90000153,1909069,0,1,88.78861535,yahoo_bootstrap
2026-01-19,91,97.19999695,90,95.5,5522596,0,1,93.28176704,yahoo_bootstrap
2026-01-20,95.5,97.59999847,94,94.19999695,3001371,0,1,92.0119599,yahoo_bootstrap
2026-01-21,93.5,94,91.5,91.80000305,1775879,0,1,89.66771202,yahoo_bootstrap
2026-01-22,93.09999847,93.80000305,91.40000153,91.80000305,1581264,0,1,89.66771202,yahoo_bootstrap
2026-01-23,92,92.69999695,90.69999695,91.19999695,958514,0,1,89.08164261,yahoo_bootstrap
2026-01-26,91.30000305,92.69999695,91,91.19999695,953939,0,1,89.08164261,yahoo_bootstrap
2026-01-27,91.30000305,92,90.40000153,90.69999695,1085235,0,1,88.59325639,yahoo_bootstrap
2026-01-28,90.59999847,91,89.69999695,90,1345000,0,1,87.90951867,yahoo_bootstrap
2026-01-29,90.09999847,91.19999695,87.40000153,87.5,1894328,0,1,85.4675876,yahoo_bootstrap
2026-01-30,87,87.5,83.09999847,83.80000305,2392266,0,1,81.85353259,yahoo_bootstrap
2026-02-02,82,82.5,80.40000153,81.90000153,1845108,0,1,79.99766349,yahoo_bootstrap
2026-02-03,82.90000153,83.40000153,81.40000153,82.69999695,756237,0,1,80.77907696,yahoo_bootstrap
2026-02-04,82.69999695,83.40000153,82.19999695,82.69999695,688010,0,1,80.77907696,yahoo_bootstrap
2026-02-05,82.90000153,83,80.90000153,81.19999695,927100,0,1,79.31391831,yahoo_bootstrap
2026-02-06,81.19999695,81.19999695,78,80.40000153,1291100,0,1,78.53250484,yahoo_bootstrap
2026-02-09,83.90000153,84.40000153,82.19999695,82.5,1057225,0,1,80.58372545,yahoo_bootstrap
2026-02-10,83,83.40000153,82,82.19999695,503508,0,1,80.29069074,yahoo_bootstrap
2026-02-11,82.40000153,83,81.90000153,82.90000153,585589,0,1,80.97443592,yahoo_bootstrap
2026-02-23,84,85.59999847,83,85,1080113,0,1,83.02565652,yahoo_bootstrap
2026-02-24,85,85.90000153,84.80000305,85,982896,0,1,83.02565652,yahoo_bootstrap
2026-02-25,85.30000305,86.09999847,84.59999847,84.80000305,895988,0,1,82.83030502,yahoo_bootstrap
2026-02-26,84.59999847,85.19999695,83.90000153,84.59999847,1291778,0,1,82.63494606,yahoo_bootstrap
2026-03-02,81.90000153,84.59999847,81.80000305,83.69999695,775088,0,1,81.75584939,yahoo_bootstrap
2026-03-03,83.80000305,84,80.30000305,80.40000153,1629186,0,1,78.53250484,yahoo_bootstrap
2026-03-04,80,80,75.30000305,75.90000153,2106043,0,1,74.13702891,yahoo_bootstrap
2026-03-05,77.5,79.30000305,77.5,78.59999847,1002150,0,1,76.77431148,yahoo_bootstrap
2026-03-06,78.19999695,79.59999847,77.40000153,78,751030,0,1,76.18824952,yahoo_bootstrap
2026-03-09,73.40000153,74.59999847,72.19999695,73,1320058,0,1,71.30438737,yahoo_bootstrap
2026-03-10,74.30000305,75.59999847,74,75,744294,0,1,73.25793223,yahoo_bootstrap
2026-03-11,76,81.09999847,76,79.69999695,1685182,0,1,77.84875967,yahoo_bootstrap
2026-03-12,78.69999695,78.90000153,76.80000305,77,959043,0,1,75.21147709,yahoo_bootstrap
2026-03-13,75.90000153,83,75.69999695,82.30000305,1927160,0,1,80.38837394,yahoo_bootstrap
2026-03-16,82.30000305,84.19999695,80.19999695,80.30000305,2033763,0,1,78.43482908,yahoo_bootstrap
2026-03-17,81,83.80000305,80.5,83,1632455,0,1,81.07211166,yahoo_bootstrap
2026-03-18,84.19999695,86.5,82.90000153,85.69999695,2051727,0,1,83.70939425,yahoo_bootstrap
2026-03-19,84.80000305,88.40000153,84.19999695,86,3453860,0,1,84.00242895,yahoo_bootstrap
2026-03-20,85.59999847,87,83.90000153,84,2252412,0,1,82.04888409,yahoo_bootstrap
2026-03-23,80.90000153,83.59999847,80.19999695,82.90000153,1021500,0,1,80.97443592,yahoo_bootstrap
2026-03-24,83.90000153,85.19999695,82.40000153,83.59999847,1683450,0,1,81.65817363,yahoo_bootstrap
2026-03-25,85.09999847,85.5,84.30000305,84.59999847,901178,0,1,82.63494606,yahoo_bootstrap
2026-03-26,85.40000153,85.80000305,83.69999695,84.5,1155202,0,1,82.53727031,yahoo_bootstrap
2026-03-27,83.09999847,86.19999695,82.80000305,86,1229162,0,1,84.00242895,yahoo_bootstrap
2026-03-30,85.90000153,87.30000305,84.5,84.5,898608,0,1,82.53727031,yahoo_bootstrap
2026-03-31,84.30000305,84.90000153,81,81.5,944526,0,1,79.60695302,yahoo_bootstrap
2026-04-01,83.59999847,84.69999695,83.59999847,84.40000153,532076,0,1,82.43959456,yahoo_bootstrap
2026-04-02,84,86.90000153,83.19999695,83.90000153,879557,0,1,81.95120835,yahoo_bootstrap
2026-04-07,85.19999695,86.5,84.69999695,86.30000305,1265692,0,1,84.29546366,yahoo_bootstrap
2026-04-08,93,94.90000153,92.5,94.90000153,6533329,0,1,92.69570507,yahoo_bootstrap
2026-04-09,96.80000305,103.5,96.59999847,101.5,10752893,0,1,99.14240161,yahoo_bootstrap
2026-04-10,105.5,106,99,99.90000153,4460244,0,1,97.57956722,yahoo_bootstrap
2026-04-13,100.5,103.5,100.5,102,5201131,0,1,99.63078783,yahoo_bootstrap
2026-04-14,103.5,111,103,105.5,11571831,0,1,103.04949133,yahoo_bootstrap
2026-04-15,107.5,112.5,103.5,108,8819230,0,1,105.49142241,yahoo_bootstrap
2026-04-16,110.5,110.5,105,107.5,5960712,0,1,105.00303619,yahoo_bootstrap
2026-04-17,108.5,116,108,115,10653181,0,1,112.32882941,yahoo_bootstrap
2026-04-20,119.5,124,118,121.5,13107819,0,1,118.67785021,yahoo_bootstrap
2026-04-21,120,126.5,119,122,10829073,0,1,119.16623642,yahoo_bootstrap
2026-04-22,122,122.5,118,121.5,6311160,0,1,118.67785021,yahoo_bootstrap
2026-04-23,122,123,113.5,117.5,10502447,0,1,114.77076049,yahoo_bootstrap
2026-04-24,122.5,129,121,123.5,12965550,0,1,120.63139507,yahoo_bootstrap
2026-04-27,123.5,123.5,118,120.5,8065622,0,1,117.70107778,yahoo_bootstrap
2026-04-28,118.5,120.5,117,118.5,5212262,0,1,115.74753292,yahoo_bootstrap
2026-04-29,118.5,118.5,113,114,5696217,0,1,111.35205698,yahoo_bootstrap
2026-04-30,116,118,114.5,117,3631846,0,1,114.28237427,yahoo_bootstrap
2026-05-04,112,115,110,114,6627692,0,1,111.35205698,yahoo_bootstrap
2026-05-05,115,117.5,113,116,4545542,0,1,113.30560184,yahoo_bootstrap
2026-05-06,117.5,117.5,109,114,5663312,0,1,111.35205698,yahoo_bootstrap
2026-05-07,115,119,113,114.5,4729712,0,1,111.8404432,yahoo_bootstrap
2026-05-08,115,115.5,109,112,6297474,0,1,109.39851212,yahoo_bootstrap
2026-05-11,116,122,111.5,119.5,8462636,0,1,116.72430535,yahoo_bootstrap
2026-05-12,122,122.5,115.5,118.5,6450904,0,1,115.74753292,yahoo_bootstrap
2026-05-13,116,119,114,118.5,2837652,0,1,115.74753292,yahoo_bootstrap
2026-05-14,119,121,117,119,3648125,0,1,116.23591913,yahoo_bootstrap
2026-05-15,121,121,114.5,115,4865479,0,1,112.32882941,yahoo_bootstrap
2026-05-18,115,122.5,112,118.5,6455844,0,1,115.74753292,yahoo_bootstrap
2026-05-19,119.5,121,113,115,4131121,0,1,112.32882941,yahoo_bootstrap
2026-05-20,115,118.5,113,114,2710832,0,1,111.35205698,yahoo_bootstrap
2026-05-21,116.5,122,116,120,5439217,0,1,117.21269156,yahoo_bootstrap
2026-05-22,123.5,124.5,119,121,6949836,0,1,118.18946399,yahoo_bootstrap
2026-05-25,123,127.5,122,124.5,7923779,0,1,121.6081675,yahoo_bootstrap
2026-05-26,126.5,133,123,131,11901401,0,1,127.95718829,yahoo_bootstrap
2026-05-27,132,135,126.5,129,7964704,0,1,126.00364343,yahoo_bootstrap
2026-05-28,130,132,119.5,122,9034462,0,1,119.16623642,yahoo_bootstrap
2026-05-29,127,127,120.5,122,5252556,0,1,119.16623642,yahoo_bootstrap
2026-06-01,124.5,127,121,122,3257164,0,1,119.16623642,yahoo_bootstrap
2026-06-02,122.5,123,114.5,119,5604065,0,1,116.23591913,yahoo_bootstrap
2026-06-03,121,125,118.5,123,4531214,0,1,120.14300885,yahoo_bootstrap
2026-06-04,123,123.5,119.5,121,3133308,0,1,118.18946399,yahoo_bootstrap
2026-06-05,120.5,123,115.5,120,3013055,0,1,117.21269156,yahoo_bootstrap
2026-06-08,108.5,119,108,118,4592629,0,1,115.2591467,yahoo_bootstrap
2026-06-09,122,126,119.5,125.5,6428823,0,1,122.58493993,yahoo_bootstrap
2026-06-10,123.5,127.5,118,118.5,5026861,0,1,115.74753292,yahoo_bootstrap
2026-06-11,119,123,116.5,119,3397072,0,1,116.23591913,yahoo_bootstrap
2026-06-12,123,124.5,120.5,123,2572411,0,1,120.14300885,yahoo_bootstrap
2026-06-15,126,131,125,128,7984016,0,1,125.026871,yahoo_bootstrap
2026-06-16,127,128,116.5,119.5,8156746,0,1,116.72430535,yahoo_bootstrap
2026-06-17,120.5,123.5,119,122.5,2899831,0,1,119.65462264,yahoo_bootstrap
2026-06-18,123.5,126,122,125,3397718,0,1,122.09655371,yahoo_bootstrap
2026-06-22,126,127,122.5,125.5,4298819,0,1,122.58493993,yahoo_bootstrap
2026-06-23,126.5,130,123,128.5,5578062,0,1,125.51525721,yahoo_bootstrap
2026-06-24,126.5,130,124,127.5,4268075,0,1,124.53848479,yahoo_bootstrap
2026-06-25,127.5,133,126,130.5,5882855,0,1,127.46880207,yahoo_bootstrap
2026-06-26,129,132,125.5,126,4397204,0,1,123.07332614,yahoo_bootstrap
2026-06-29,128,131,125,126.5,3071300,0,1,123.56171236,yahoo_bootstrap
2026-06-30,127.5,132,126,130,4563766,0,1,126.98041586,yahoo_bootstrap
2026-07-01,131.5,133,126.5,128.5,4186930,0,1,125.51525721,yahoo_bootstrap
2026-07-02,127.5,134,123,134,6196722,0,1,130.88750558,yahoo_bootstrap
2026-07-03,132.5,136,130,133,4872025,0,1,129.91073315,yahoo_bootstrap
2026-07-06,134,138,133,136,4086657,0,1,132.84105044,yahoo_bootstrap
2026-07-07,138,140,128.5,131,5962200,0,1,127.95718829,yahoo_bootstrap
2026-07-08,137,140,127.5,132,7079559,0,1,128.93396072,yahoo_bootstrap
2026-07-09,133,133,128,129,2623065,0,1,126.00364343,yahoo_bootstrap
2026-07-10,129,129,129,129,0,0,1,126.00364343,yahoo_bootstrap
2026-07-13,129,130.5,123.5,126.5,2643471,0,1,123.56171236,yahoo_bootstrap
2026-07-14,126.5,127,117,122,4838305,0,1,119.16623642,yahoo_bootstrap
2026-07-15,124,129.5,122,129.5,2536380,0,1,126.49202964,yahoo_bootstrap
2026-07-16,127,132,125.5,131.5,2055073,0,1,128.4455745,yahoo_bootstrap
2026-07-17,128,129,118.5,118.5,3742417,0,1,115.74753292,yahoo_bootstrap
2026-07-20,119,119,107,113.5,5493359,0,1,110.86367077,yahoo_bootstrap
2026-07-21,117,118,114.5,117,1952411,0,1,114.28237427,yahoo_bootstrap
2026-07-22,119.5,122,117.5,121,1197410,0,1,118.18946399,yahoo_bootstrap
2026-07-23,121.5,122.5,118.5,120.5,1280341,0,1,117.70107778,yahoo_bootstrap
2026-07-24,119.5,123,117.5,119,1114303,0,1,116.23591913,yahoo_bootstrap
2026-07-27,118.5,120,115.5,118.5,1521552,0,1,115.74753292,yahoo_daily
2026-07-28,113,114.5,110.5,111,2278428,0,1,108.4217397,yahoo_daily
2026-07-29,111.5,112.5,100.5,106,3950124,0,1,103.53787755,yahoo_daily
2026-07-30,105,109,102.5,105.5,1748626,0,1,103.04949133,yahoo_daily
2026-07-31,115,115,109,113.5,1675210,0,1,110.86367077,yahoo_daily
2026-08-03,112.5,120.5,111.5,119,1728235,0,1,116.23591913,yahoo_daily
2026-08-04,118,121.5,118,119,1098411,0,1,116.23591913,yahoo_daily
2026-08-05,122,127,122,124.5,2017201,0,1,121.6081675,yahoo_daily
2026-08-06,124,128,120.5,127.5,1863023,0,1,124.53848479,yahoo_daily
2026-08-07,125.5,128,124,125.5,1027372,0,1,122.58493993,yahoo_daily
2026-08-10,128.5,128.5,124.5,126,1928845,0,1,123.07332614,yahoo_daily
2026-08-11,127,127,122,124.5,1561420,0,1,121.6081675,yahoo_daily
2026-08-12,124.5,128,123,128,2208742,0,1,125.026871,yahoo_daily
2026-08-13,126,126.5,121.5,123,2014655,2.973129,1,123,yahoo_daily
2026-08-14,123,123,118.5,120,2033023,0,1,120,yahoo_daily
2026-08-17,118.5,120,117,119.5,940276,0,1,119.5,yahoo_daily
2026-08-18,118.5,123,117,119.5,2100713,0,1,119.5,yahoo_daily
2026-08-19,117.5,121,117,119,2068053,0,1,119,yahoo_daily
2026-08-20,118.5,121,118,119.5,1371705,0,1,119.5,yahoo_daily
2026-08-21,119,120.5,114.5,116.5,1891035,0,1,116.5,yahoo_daily
2026-08-24,116,118,114,115.5,845199,0,1,115.5,yahoo_daily
2026-08-25,115,120.5,112.5,120.5,2178743,0,1,120.5,yahoo_daily
2026-08-26,120,127,119.5,125.5,3487670,0,1,125.5,yahoo_daily
