date,open,high,low,close,volume,dividend,split_factor,adjusted_close,source
2021-08-26,22.0472126,22.11205864,21.78783417,21.91752434,1702611,0,1,14.60987491,yahoo_bootstrap
2021-08-27,21.91752434,22.30659294,21.8526783,22.11205864,3219966,0,1,14.73954839,yahoo_bootstrap
2021-08-30,22.17690277,22.37143707,22.11205864,22.2417469,1366259,0,1,14.82599654,yahoo_bootstrap
2021-08-31,22.30659294,22.30659294,21.91752434,21.98236847,2007104,0,1,14.65309898,yahoo_bootstrap
2021-09-01,22.0472126,22.82534981,22.0472126,22.63081551,4257580,0,1,15.08534351,yahoo_bootstrap
2021-09-02,22.82534981,22.82534981,22.17690277,22.17690277,2411034,0,1,14.78277246,yahoo_bootstrap
2021-09-03,22.30659294,22.50112534,22.17690277,22.30659294,1879335,0,1,14.86922188,yahoo_bootstrap
2021-09-06,22.30659294,22.30659294,21.39876556,21.52845573,3513108,0,1,14.35052793,yahoo_bootstrap
2021-09-07,22.0472126,22.63081551,21.98236847,22.11205864,5018405,0,1,14.73954839,yahoo_bootstrap
2021-09-08,22.11205864,22.17690277,21.6581459,21.72298813,2963739,0,1,14.48020015,yahoo_bootstrap
2021-09-09,21.6581459,21.98236847,21.6581459,21.98236847,1114025,0,1,14.65309898,yahoo_bootstrap
2021-09-10,21.98236847,22.56597137,21.98236847,22.30659294,3064474,0,1,14.86922188,yahoo_bootstrap
2021-09-13,22.4362812,22.69566154,22.30659294,22.50112534,3914528,0,1,14.9988941,yahoo_bootstrap
2021-09-14,22.69566154,22.82534981,22.50112534,22.50112534,2164227,0,1,14.9988941,yahoo_bootstrap
2021-09-15,22.50112534,22.69566154,22.37143707,22.56597137,2019573,0,1,15.04211944,yahoo_bootstrap
2021-09-16,22.56597137,22.69566154,22.30659294,22.4362812,1505071,0,1,14.95567002,yahoo_bootstrap
2021-09-17,22.4362812,22.50112534,22.17690277,22.50112534,1598257,0,1,14.9988941,yahoo_bootstrap
2021-09-22,21.98236847,22.17690277,21.6581459,21.78783417,3726677,0,1,14.52342549,yahoo_bootstrap
2021-09-23,22.0472126,22.0472126,21.8526783,21.98236847,2017872,0,1,14.65309898,yahoo_bootstrap
2021-09-24,22.11205864,22.82534981,22.11205864,22.69566154,4539617,0,1,15.12856885,yahoo_bootstrap
2021-09-27,22.89019585,23.34410858,22.82534981,23.27926254,7284625,0,1,15.51758804,yahoo_bootstrap
2021-09-28,23.27926254,23.53864288,22.95503998,23.01988411,3430823,0,1,15.34469049,yahoo_bootstrap
2021-09-29,22.69566154,22.69566154,22.2417469,22.4362812,2900563,0,1,14.95567002,yahoo_bootstrap
2021-09-30,22.63081551,22.69566154,22.4362812,22.56597137,1800346,0,1,15.04211944,yahoo_bootstrap
2021-10-01,22.30659294,22.4362812,21.8526783,21.91752434,3359899,0,1,14.60987491,yahoo_bootstrap
2021-10-04,22.0472126,22.2417469,21.52845573,21.59329987,2924103,0,1,14.39375201,yahoo_bootstrap
2021-10-05,21.33392143,21.98236847,21.20423126,21.8526783,1983754,0,1,14.56664956,yahoo_bootstrap
2021-10-06,22.0472126,22.0472126,21.59329987,21.72298813,1390532,0,1,14.48020015,yahoo_bootstrap
2021-10-07,22.30659294,23.08472824,22.11205864,23.01988411,7197172,0,1,15.34469049,yahoo_bootstrap
2021-10-08,22.89019585,23.34410858,22.82534981,23.21441841,5594495,0,1,15.47436397,yahoo_bootstrap
2021-10-12,23.34410858,23.47379875,22.76050568,22.95503998,5566614,0,1,15.30146642,yahoo_bootstrap
2021-10-13,23.27926254,23.27926254,22.56597137,22.76050568,2077717,0,1,15.17179293,yahoo_bootstrap
2021-10-14,22.95503998,23.01988411,22.50112534,22.76050568,2239408,0,1,15.17179293,yahoo_bootstrap
2021-10-15,23.01988411,23.27926254,22.76050568,22.76050568,2505983,0,1,15.17179293,yahoo_bootstrap
2021-10-18,22.89019585,23.14957428,22.82534981,22.82534981,2092567,0,1,15.215017,yahoo_bootstrap
2021-10-19,23.14957428,23.47379875,23.08472824,23.27926254,5429509,0,1,15.51758804,yahoo_bootstrap
2021-10-20,23.40895271,23.47379875,22.89019585,22.95503998,3057751,0,1,15.30146642,yahoo_bootstrap
2021-10-21,22.95503998,23.21441841,22.89019585,23.01988411,2411287,0,1,15.34469049,yahoo_bootstrap
2021-10-22,23.21441841,23.21441841,22.89019585,23.01988411,1749908,0,1,15.34469049,yahoo_bootstrap
2021-10-25,23.08472824,23.08472824,22.4362812,22.69566154,3653341,0,1,15.12856885,yahoo_bootstrap
2021-10-26,22.76050568,22.82534981,22.37143707,22.37143707,2775533,0,1,14.91244595,yahoo_bootstrap
2021-10-27,22.30659294,22.50112534,22.2417469,22.4362812,3166580,0,1,14.95567002,yahoo_bootstrap
2021-10-28,22.50112534,23.60348701,22.50112534,22.95503998,16950014,0,1,15.30146642,yahoo_bootstrap
2021-10-29,22.95503998,22.95503998,22.95503998,22.95503998,0,0.79096,0.9390112,15.84752327,yahoo_bootstrap
2021-11-01,22.95503998,22.95503998,22.95503998,22.95503998,0,0,1,15.84752327,yahoo_bootstrap
2021-11-02,22.95503998,22.95503998,22.95503998,22.95503998,0,0,1,15.84752327,yahoo_bootstrap
2021-11-03,22.95503998,22.95503998,22.95503998,22.95503998,0,0,1,15.84752327,yahoo_bootstrap
2021-11-04,22.95503998,22.95503998,22.95503998,22.95503998,0,0,1,15.84752327,yahoo_bootstrap
2021-11-05,22.95503998,22.95503998,22.95503998,22.95503998,0,0,1,15.84752327,yahoo_bootstrap
2021-11-08,22.22482491,23.80796242,22.22482491,23.32084274,10469668,0,1,16.10006336,yahoo_bootstrap
2021-11-09,23.44262123,23.74707222,22.95550346,23.13817215,5039058,0,1,15.97395265,yahoo_bootstrap
2021-11-10,22.59016228,22.65105247,22.16393471,22.22482491,6646588,0,1,15.34340303,yahoo_bootstrap
2021-11-11,22.10304451,22.2857132,21.92037392,22.04215431,2785164,0,1,15.21729231,yahoo_bootstrap
2021-11-12,22.22482491,22.2857132,21.92037392,21.92037392,2425388,0,1,15.13321851,yahoo_bootstrap
2021-11-15,21.92037392,22.04215431,21.43325424,21.55503464,4347488,0,1,14.8809984,yahoo_bootstrap
2021-11-16,21.67681313,21.79859352,21.43325424,21.49414444,2684856,0,1,14.83896149,yahoo_bootstrap
2021-11-17,21.61592484,22.16393471,21.43325424,22.10304451,4693047,0,1,15.25932922,yahoo_bootstrap
2021-11-18,22.04215431,22.10304451,21.85948372,21.98126411,3459636,0,1,15.17525541,yahoo_bootstrap
2021-11-19,21.98126411,22.16393471,21.73770332,21.73770332,2803573,0.170492,1,15.12441642,yahoo_bootstrap
2021-11-22,21.85948372,22.89461327,21.85948372,22.40749359,8587178,0,1,15.59043561,yahoo_bootstrap
2021-11-23,22.89461327,23.50351143,22.65105247,22.77283287,11983190,0,1,15.8446273,yahoo_bootstrap
2021-11-24,22.65105247,23.62529182,22.65105247,23.56440163,12950584,0,1,16.39537617,yahoo_bootstrap
2021-11-25,23.80796242,24.35597038,23.62529182,24.1733017,16677005,0,1,16.81902986,yahoo_bootstrap
2021-11-26,24.47775078,24.59953117,23.9906311,23.9906311,13605491,0,1,16.69193335,yahoo_bootstrap
2021-11-29,23.86885262,24.23419189,22.77283287,22.89461327,10740149,0,1,15.9293583,yahoo_bootstrap
2021-11-30,23.32084274,23.38173294,22.34660339,22.34660339,7926146,0,1,15.54807011,yahoo_bootstrap
2021-12-01,22.34660339,22.40749359,22.04215431,22.2857132,3693981,0,1,15.50570461,yahoo_bootstrap
2021-12-02,22.40749359,22.46838379,21.79859352,21.92037392,6483936,0,1,15.25151293,yahoo_bootstrap
2021-12-03,22.16393471,22.22482491,21.85948372,21.98126411,3138615,0,1,15.29387843,yahoo_bootstrap
2021-12-06,22.04215431,22.04215431,21.67681313,21.85948372,3566003,0,1,15.20914743,yahoo_bootstrap
2021-12-07,22.04215431,22.2857132,21.92037392,22.22482491,3685891,0,1,15.46334044,yahoo_bootstrap
2021-12-08,22.40749359,22.52927399,21.98126411,21.98126411,3382101,0,1,15.29387843,yahoo_bootstrap
2021-12-09,22.04215431,22.95550346,21.92037392,22.40749359,13166608,0,1,15.59043561,yahoo_bootstrap
2021-12-10,20.94613457,21.18969536,20.4590168,20.94613457,29558342,0,1,14.57366756,yahoo_bootstrap
2021-12-13,21.18969536,21.61592484,20.94613457,21.25058556,8501976,0,1,14.78549507,yahoo_bootstrap
2021-12-14,21.25058556,21.25058556,20.76346588,20.82435417,6284792,0,1,14.48893655,yahoo_bootstrap
2021-12-15,20.70257568,21.18969536,20.70257568,21.18969536,3164159,0,1,14.74312956,yahoo_bootstrap
2021-12-16,21.31147575,21.31147575,21.00702477,21.18969536,2909143,0,1,14.74312956,yahoo_bootstrap
2021-12-17,21.18969536,21.18969536,20.88524437,21.18969536,3394563,0,1,14.74312956,yahoo_bootstrap
2021-12-20,21.18969536,21.18969536,20.88524437,20.94613457,2301575,0,1,14.57366756,yahoo_bootstrap
2021-12-21,20.88524437,21.06791496,20.76346588,20.94613457,2415084,0,1,14.57366756,yahoo_bootstrap
2021-12-22,21.12880516,21.12880516,20.88524437,20.88524437,1465603,0,1,14.53130205,yahoo_bootstrap
2021-12-23,21.00702477,21.37236595,20.88524437,21.25058556,7288407,0,1,14.78549507,yahoo_bootstrap
2021-12-24,21.25058556,21.31147575,21.06791496,21.12880516,1821052,0,1,14.70076406,yahoo_bootstrap
2021-12-27,21.18969536,21.25058556,21.06791496,21.12880516,1855324,0,1,14.70076406,yahoo_bootstrap
2021-12-28,21.25058556,21.25058556,21.12880516,21.12880516,1597723,0,1,14.70076406,yahoo_bootstrap
2021-12-29,21.25058556,21.61592484,21.12880516,21.55503464,4281326,0,1,14.99732125,yahoo_bootstrap
2021-12-30,21.55503464,21.61592484,21.37236595,21.43325424,1510916,0,1,14.91259024,yahoo_bootstrap
2022-01-03,21.43325424,21.55503464,21.00702477,21.06791496,2627551,0,1,14.65839856,yahoo_bootstrap
2022-01-04,21.00702477,21.18969536,21.00702477,21.00702477,1543058,0,1,14.61603306,yahoo_bootstrap
2022-01-05,21.18969536,21.25058556,21.06791496,21.12880516,1454681,0,1,14.70076406,yahoo_bootstrap
2022-01-06,21.06791496,21.12880516,20.94613457,21.00702477,1470434,0,1,14.61603306,yahoo_bootstrap
2022-01-07,21.06791496,21.06791496,20.64168549,20.76346588,3487994,0,1,14.44657238,yahoo_bootstrap
2022-01-10,20.70257568,20.94613457,20.70257568,20.76346588,1044197,0,1,14.44657238,yahoo_bootstrap
2022-01-11,20.88524437,21.12880516,20.82435417,20.82435417,1330105,0,1,14.48893655,yahoo_bootstrap
2022-01-12,20.88524437,21.00702477,20.76346588,20.82435417,1405524,0,1,14.48893655,yahoo_bootstrap
2022-01-13,20.82435417,21.00702477,20.82435417,20.88524437,1002354,0,1,14.53130205,yahoo_bootstrap
2022-01-14,20.88524437,20.88524437,20.51990509,20.64168549,2505732,0,1,14.36184138,yahoo_bootstrap
2022-01-17,20.64168549,20.76346588,20.51990509,20.76346588,1112582,0,1,14.44657238,yahoo_bootstrap
2022-01-18,20.76346588,20.94613457,20.76346588,20.88524437,1115794,0,1,14.53130205,yahoo_bootstrap
2022-01-19,20.76346588,20.88524437,20.70257568,20.76346588,823392,0,1,14.44657238,yahoo_bootstrap
2022-01-20,20.82435417,21.00702477,20.82435417,20.82435417,1073520,0,1,14.48893655,yahoo_bootstrap
2022-01-21,20.70257568,20.70257568,20.51990509,20.58079529,1775887,0,1,14.31947587,yahoo_bootstrap
2022-01-24,20.4590168,20.4590168,20.21545601,20.3372364,1547025,0,1,14.15001519,yahoo_bootstrap
2022-01-25,20.3372364,20.4590168,19.78922653,19.85011673,2842050,0,1,13.81109251,yahoo_bootstrap
2022-01-26,19.85011673,20.03278542,19.66744614,19.78922653,2015691,0,1,13.768727,yahoo_bootstrap
2022-02-07,19.91100693,20.3372364,19.85011673,20.21545601,1012609,0,1,14.06528419,yahoo_bootstrap
2022-02-08,20.27634621,20.51990509,20.27634621,20.4590168,1206937,0,1,14.2347462,yahoo_bootstrap
2022-02-09,20.64168549,20.70257568,20.51990509,20.64168549,1154894,0,1,14.36184138,yahoo_bootstrap
2022-02-10,20.64168549,20.76346588,20.51990509,20.70257568,934397,0,1,14.40420687,yahoo_bootstrap
2022-02-11,20.64168549,20.70257568,20.51990509,20.58079529,720070,0,1,14.31947587,yahoo_bootstrap
2022-02-14,20.3981266,20.3981266,20.09367561,20.09367561,1350743,0,1,13.98055318,yahoo_bootstrap
2022-02-15,20.09367561,20.3981266,20.03278542,20.03278542,1176426,0,1,13.93818769,yahoo_bootstrap
2022-02-16,20.27634621,20.3372364,20.15456581,20.27634621,765945,0,1,14.10764969,yahoo_bootstrap
2022-02-17,20.27634621,20.3981266,20.09367561,20.15456581,1018162,0,1,14.02291869,yahoo_bootstrap
2022-02-18,20.09367561,20.27634621,19.97189522,20.21545601,914216,0,1,14.06528419,yahoo_bootstrap
2022-02-21,20.09367561,20.58079529,20.03278542,20.51990509,1512085,0,1,14.27711037,yahoo_bootstrap
2022-02-22,20.3981266,20.3981266,20.03278542,20.15456581,1505914,0,1,14.02291869,yahoo_bootstrap
2022-02-23,20.21545601,20.3372364,20.09367561,20.15456581,788924,0,1,14.02291869,yahoo_bootstrap
2022-02-24,20.03278542,20.03278542,19.54566765,19.66744614,3074741,0,1,13.683996,yahoo_bootstrap
2022-02-25,19.66744614,19.85011673,19.48477745,19.54566765,2065873,0,1,13.59926633,yahoo_bootstrap
2022-03-01,19.60655785,19.91100693,19.54566765,19.85011673,1271335,0,1,13.81109251,yahoo_bootstrap
2022-03-02,19.72833633,19.91100693,19.66744614,19.85011673,722212,0,1,13.81109251,yahoo_bootstrap
2022-03-03,19.91100693,20.09367561,19.72833633,19.72833633,1016531,0,1,13.7263615,yahoo_bootstrap
2022-03-04,19.66744614,19.72833633,19.54566765,19.60655785,1205865,0,1,13.64163183,yahoo_bootstrap
2022-03-07,19.54566765,19.54566765,18.81498718,18.87587738,2744191,0,1,13.13324713,yahoo_bootstrap
2022-03-08,18.4496479,18.69320869,18.14519882,18.26697731,3112474,0,1,12.70959344,yahoo_bootstrap
2022-03-09,18.4496479,18.5105381,18.20608711,18.38875771,2466046,0,1,12.79432445,yahoo_bootstrap
2022-03-10,18.5714283,18.99765778,18.5714283,18.81498718,1875425,0,1,13.09088163,yahoo_bootstrap
2022-03-11,18.69320869,18.87587738,18.6323185,18.69320869,1019992,0,1,13.00615195,yahoo_bootstrap
2022-03-14,18.75409889,18.93676758,18.75409889,18.87587738,760121,0,1,13.13324713,yahoo_bootstrap
2022-03-15,18.81498718,18.81498718,18.38875771,18.4496479,1190058,0,1,12.83668995,yahoo_bootstrap
2022-03-16,18.5714283,18.69320869,18.4496479,18.5105381,1098544,0,1,12.87905545,yahoo_bootstrap
2022-03-17,18.75409889,19.18032646,18.69320869,19.11943626,1836421,0,1,13.30270781,yahoo_bootstrap
2022-03-18,19.11943626,19.24121666,18.99765778,19.24121666,759246,0,1,13.38743882,yahoo_bootstrap
2022-03-21,19.60655785,19.97189522,19.54566765,19.85011673,3593432,0,1,13.81109251,yahoo_bootstrap
2022-03-22,19.97189522,20.09367561,19.78922653,20.03278542,1934360,0,1,13.93818769,yahoo_bootstrap
2022-03-23,20.09367561,20.21545601,20.03278542,20.09367561,1367814,0,1,13.98055318,yahoo_bootstrap
2022-03-24,20.03278542,20.15456581,19.85011673,20.15456581,1377419,0,1,14.02291869,yahoo_bootstrap
2022-03-25,20.15456581,20.21545601,19.97189522,20.03278542,1100892,0,1,13.93818769,yahoo_bootstrap
2022-03-28,20.03278542,20.15456581,19.72833633,20.09367561,1494469,0,1,13.98055318,yahoo_bootstrap
2022-03-29,20.09367561,20.27634621,20.09367561,20.09367561,1322302,0,1,13.98055318,yahoo_bootstrap
2022-03-30,20.15456581,20.3372364,20.15456581,20.21545601,1397534,0,1,14.06528419,yahoo_bootstrap
2022-03-31,20.27634621,20.51990509,20.27634621,20.3981266,1966236,0,1,14.19238069,yahoo_bootstrap
2022-04-01,20.27634621,20.51990509,20.21545601,20.4590168,1098615,0,1,14.2347462,yahoo_bootstrap
2022-04-06,20.4590168,20.58079529,20.27634621,20.51990509,1005126,0,1,14.27711037,yahoo_bootstrap
2022-04-07,20.51990509,20.58079529,20.03278542,20.03278542,1934033,0,1,13.93818769,yahoo_bootstrap
2022-04-08,20.21545601,20.51990509,20.09367561,20.3372364,1127909,0,1,14.15001519,yahoo_bootstrap
2022-04-11,20.21545601,20.21545601,19.72833633,19.78922653,1632051,0,1,13.768727,yahoo_bootstrap
2022-04-12,19.66744614,19.85011673,19.54566765,19.72833633,1387963,0,1,13.7263615,yahoo_bootstrap
2022-04-13,19.85011673,19.97189522,19.72833633,19.91100693,1298492,0,1,13.85345801,yahoo_bootstrap
2022-04-14,19.91100693,19.97189522,19.72833633,19.78922653,548007,0,1,13.768727,yahoo_bootstrap
2022-04-15,19.72833633,19.72833633,19.54566765,19.54566765,833114,0,1,13.59926633,yahoo_bootstrap
2022-04-18,19.54566765,19.60655785,19.30210686,19.30210686,1087404,0,1,13.42980432,yahoo_bootstrap
2022-04-19,19.30210686,19.48477745,19.24121666,19.30210686,972630,0,1,13.42980432,yahoo_bootstrap
2022-04-20,19.42388725,19.48477745,19.30210686,19.42388725,615318,0,1,13.51453532,yahoo_bootstrap
2022-04-21,19.48477745,19.48477745,19.30210686,19.36299706,507180,0,1,13.47216982,yahoo_bootstrap
2022-04-22,19.30210686,19.30210686,19.18032646,19.24121666,774512,0,1,13.38743882,yahoo_bootstrap
2022-04-25,18.99765778,18.99765778,18.38875771,18.5714283,1885739,0,1,12.92142095,yahoo_bootstrap
2022-04-26,18.6323185,18.75409889,18.32786751,18.32786751,1570658,0,1,12.75195895,yahoo_bootstrap
2022-04-27,18.02341843,18.02341843,17.29273987,17.65807915,2817152,0,1,12.28594108,yahoo_bootstrap
2022-04-28,17.77985954,17.84074974,17.53629875,17.71896935,1206114,0,1,12.32830659,yahoo_bootstrap
2022-04-29,17.90163994,17.96252823,17.59718895,17.65807915,1593674,0,1,12.28594108,yahoo_bootstrap
2022-05-03,16.5011692,16.5620594,15.89227104,15.89227104,8802847,0,1,11.05734684,yahoo_bootstrap
2022-05-04,15.89227104,16.07494164,15.40515232,15.58782196,5526147,0,1,10.84552066,yahoo_bootstrap
2022-05-05,15.83138084,16.01405144,15.83138084,15.95316124,2312641,0,1,11.09971234,yahoo_bootstrap
2022-05-06,15.46604156,15.89227104,15.40515232,15.89227104,2728012,0,1,11.05734684,yahoo_bootstrap
2022-05-09,15.6487112,15.7096014,15.03981209,15.03981209,2697176,0,1,10.46423247,yahoo_bootstrap
2022-05-10,14.61358261,15.58782196,14.61358261,15.52693176,2634473,0,1,10.80315515,yahoo_bootstrap
2022-05-11,15.40515232,15.46604156,15.03981209,15.16159153,1342703,0,1,10.54896281,yahoo_bootstrap
2022-05-12,15.16159153,15.34426212,14.91803169,14.97892189,916938,0,1,10.42186697,yahoo_bootstrap
2022-05-13,15.03981209,15.28337193,14.97892189,15.03981209,840748,0,1,10.46423247,yahoo_bootstrap
2022-05-16,15.22248173,15.46604156,15.10070229,15.28337193,739345,0,1,10.63369382,yahoo_bootstrap
2022-05-17,15.34426212,15.6487112,15.22248173,15.58782196,1423372,0,1,10.84552066,yahoo_bootstrap
2022-05-18,15.7096014,16.07494164,15.7096014,16.01405144,1907286,0,1,11.14207784,yahoo_bootstrap
2022-05-19,15.6487112,15.83138084,15.58782196,15.7096014,1103870,0,1,10.930251,yahoo_bootstrap
2022-05-20,15.83138084,16.01405144,15.77049065,15.83138084,900945,0,1,11.01498134,yahoo_bootstrap
2022-05-23,16.01405144,16.01405144,15.83138084,15.89227104,708546,0,1,11.05734684,yahoo_bootstrap
2022-05-24,16.01405144,16.01405144,15.77049065,15.77049065,471753,0,1,10.97261584,yahoo_bootstrap
2022-05-25,15.77049065,15.89227104,15.7096014,15.83138084,524352,0,1,11.01498134,yahoo_bootstrap
2022-05-26,15.89227104,16.01405144,15.77049065,15.83138084,573388,0,1,11.01498134,yahoo_bootstrap
2022-05-27,15.95316124,16.37939072,15.89227104,16.31850052,8807209,0,1,11.35390403,yahoo_bootstrap
2022-05-30,16.37939072,16.37939072,16.01405144,16.07494164,1877367,0,1,11.18444335,yahoo_bootstrap
2022-05-31,16.07494164,16.13583183,15.89227104,15.89227104,1634829,0,1,11.05734684,yahoo_bootstrap
2022-06-01,15.89227104,16.07494164,15.89227104,15.95316124,523955,0,1,11.09971234,yahoo_bootstrap
2022-06-02,15.89227104,16.13583183,15.89227104,16.01405144,496606,0,1,11.14207784,yahoo_bootstrap
2022-06-06,16.01405144,16.07494164,15.89227104,16.01405144,516285,0,1,11.14207784,yahoo_bootstrap
2022-06-07,16.13583183,16.19672012,16.01405144,16.13583183,643612,0,1,11.22680884,yahoo_bootstrap
2022-06-08,16.25761032,17.35362816,16.25761032,17.04917908,14320430,0,1,11.86228739,yahoo_bootstrap
2022-06-09,16.74473,17.35362816,16.74473,17.04917908,9385437,0,1,11.86228739,yahoo_bootstrap
2022-06-10,16.6229496,16.80562019,16.5011692,16.6229496,2658477,0,1,11.56573021,yahoo_bootstrap
2022-06-13,16.31850052,16.37939072,15.95316124,16.01405144,2084214,0,1,11.14207784,yahoo_bootstrap
2022-06-14,15.83138084,16.19672012,15.77049065,16.13583183,1369333,0,1,11.22680884,yahoo_bootstrap
2022-06-15,16.01405144,16.37939072,15.95316124,16.25761032,1325516,0,1,11.31153852,yahoo_bootstrap
2022-06-16,16.37939072,16.5011692,16.01405144,16.01405144,1172169,0,1,11.14207784,yahoo_bootstrap
2022-06-17,15.89227104,16.13583183,15.83138084,15.95316124,1087549,0,1,11.09971234,yahoo_bootstrap
2022-06-20,16.01405144,16.01405144,15.34426212,15.34426212,1682784,0,1,10.67605931,yahoo_bootstrap
2022-06-21,15.52693176,16.07494164,15.46604156,16.01405144,1536865,0,1,11.14207784,yahoo_bootstrap
2022-06-22,15.95316124,15.95316124,15.58782196,15.58782196,930299,0,1,10.84552066,yahoo_bootstrap
2022-06-23,15.46604156,15.83138084,15.28337193,15.46604156,1179368,0,1,10.76078965,yahoo_bootstrap
2022-06-24,15.6487112,16.01405144,15.6487112,16.01405144,971856,0,1,11.14207784,yahoo_bootstrap
2022-06-27,16.19672012,16.31850052,16.07494164,16.25761032,982080,0,1,11.31153852,yahoo_bootstrap
2022-06-28,16.13583183,16.25761032,15.95316124,16.01405144,647622,0,1,11.14207784,yahoo_bootstrap
2022-06-29,15.95316124,16.07494164,15.83138084,15.83138084,558111,0,1,11.01498134,yahoo_bootstrap
2022-06-30,15.83138084,15.83138084,15.34426212,15.40515232,1393610,0,1,10.71842482,yahoo_bootstrap
2022-07-01,15.28337193,15.40515232,14.49180317,14.55269337,2446727,0,1,10.12531045,yahoo_bootstrap
2022-07-04,14.49180317,14.97892189,14.49180317,14.55269337,914704,0,1,10.12531045,yahoo_bootstrap
2022-07-05,14.79625225,15.03981209,14.55269337,14.79625225,896258,0,1,10.29477113,yahoo_bootstrap
2022-07-06,14.97892189,15.22248173,14.49180317,14.49180317,1417690,0,1,10.08294495,yahoo_bootstrap
2022-07-07,14.67447281,14.73536205,14.30913258,14.73536205,794737,0,1,10.25240562,yahoo_bootstrap
2022-07-08,14.73536205,15.03981209,14.73536205,14.79625225,1022384,0,1,10.29477113,yahoo_bootstrap
2022-07-11,14.85714245,14.85714245,14.43091297,14.55269337,631982,0,1,10.12531045,yahoo_bootstrap
2022-07-12,14.43091297,14.43091297,13.57845402,13.63934422,1858753,0,1,9.48983058,yahoo_bootstrap
2022-07-13,14.00468254,14.24824333,13.9437933,14.12646294,1019867,0,1,9.8287526,yahoo_bootstrap
2022-07-14,14.00468254,14.37002277,13.82201385,14.24824333,887445,0,1,9.9134836,yahoo_bootstrap
2022-07-15,14.24824333,14.43091297,14.12646294,14.43091297,950532,0,1,10.04057944,yahoo_bootstrap
2022-07-18,14.37002277,14.73536205,14.37002277,14.61358261,1280838,0,1,10.16767528,yahoo_bootstrap
2022-07-19,14.91803169,14.91803169,14.61358261,14.67447281,680527,0,1,10.21004079,yahoo_bootstrap
2022-07-20,14.85714245,14.91803169,14.67447281,14.73536205,1052558,0,1,10.25240562,yahoo_bootstrap
2022-07-21,14.73536205,15.03981209,14.49180317,15.03981209,1310225,0,1,10.46423247,yahoo_bootstrap
2022-07-22,15.16159153,15.22248173,14.85714245,15.16159153,1194034,0,1,10.54896281,yahoo_bootstrap
2022-07-25,15.16159153,15.22248173,14.97892189,15.22248173,696538,0,1,10.59132831,yahoo_bootstrap
2022-07-26,15.03981209,15.16159153,14.85714245,14.91803169,710777,0,1,10.37950146,yahoo_bootstrap
2022-07-27,14.91803169,14.91803169,14.55269337,14.91803169,970122,0,1,10.37950146,yahoo_bootstrap
2022-07-28,14.97892189,15.10070229,14.73536205,14.79625225,716552,0,1,10.29477113,yahoo_bootstrap
2022-07-29,14.97892189,14.97892189,14.73536205,14.79625225,563940,0,1,10.29477113,yahoo_bootstrap
2022-08-01,14.85714245,15.03981209,14.73536205,14.97892189,581268,0,1,10.42186697,yahoo_bootstrap
2022-08-02,14.73536205,14.79625225,14.49180317,14.55269337,1211364,0,1,10.12531045,yahoo_bootstrap
2022-08-03,14.73536205,14.79625225,14.49180317,14.55269337,533630,0,1,10.12531045,yahoo_bootstrap
2022-08-04,14.61358261,14.67447281,14.12646294,14.37002277,1134934,0,1,9.99821394,yahoo_bootstrap
2022-08-05,14.24824333,14.43091297,14.24824333,14.43091297,1239926,0,1,10.04057944,yahoo_bootstrap
2022-08-08,14.43091297,14.73536205,14.24824333,14.61358261,1059218,0,1,10.16767528,yahoo_bootstrap
2022-08-09,14.61358261,14.79625225,14.49180317,14.79625225,997713,0,1,10.29477113,yahoo_bootstrap
2022-08-10,14.79625225,14.91803169,14.73536205,14.85714245,721244,0,1,10.33713663,yahoo_bootstrap
2022-08-11,14.97892189,15.10070229,14.79625225,15.03981209,1601688,0,1,10.46423247,yahoo_bootstrap
2022-08-12,15.16159153,15.40515232,15.03981209,15.34426212,1572236,0,1,10.67605931,yahoo_bootstrap
2022-08-15,15.40515232,15.40515232,15.22248173,15.40515232,866403,0,1,10.71842482,yahoo_bootstrap
2022-08-16,15.46604156,15.58782196,15.34426212,15.46604156,967468,0,1,10.76078965,yahoo_bootstrap
2022-08-17,15.58782196,15.89227104,15.52693176,15.58782196,2391677,0,1,10.84552066,yahoo_bootstrap
2022-08-18,15.58782196,15.7096014,15.34426212,15.6487112,1042686,0,1,10.88788549,yahoo_bootstrap
2022-08-19,15.6487112,15.95316124,15.58782196,15.83138084,1343622,0,1,11.01498134,yahoo_bootstrap
2022-08-22,15.6487112,15.89227104,15.58782196,15.77049065,1200526,0,1,10.97261584,yahoo_bootstrap
2022-08-23,15.58782196,15.77049065,15.40515232,15.6487112,1548665,0,1,10.88788549,yahoo_bootstrap
2022-08-24,15.95316124,16.19672012,15.58782196,15.6487112,1731861,0,1,10.88788549,yahoo_bootstrap
2022-08-25,15.89227104,15.89227104,15.7096014,15.77049065,896248,0,1,10.97261584,yahoo_bootstrap
2022-08-26,15.83138084,15.95316124,15.7096014,15.89227104,1399889,0,1,11.05734684,yahoo_bootstrap
2022-08-29,15.46604156,15.58782196,15.40515232,15.46604156,1575722,0,1,10.76078965,yahoo_bootstrap
2022-08-30,15.40515232,15.7096014,15.40515232,15.6487112,1664737,0,1,10.88788549,yahoo_bootstrap
2022-08-31,15.6487112,15.83138084,15.58782196,15.58782196,4872843,0,1,10.84552066,yahoo_bootstrap
2022-09-01,14.76885223,15.02458954,14.64098263,15.02458954,5953878,0.959016,1.05,11.69589449,yahoo_bootstrap
2022-09-02,15.21639347,15.21639347,14.70491791,14.70491791,1702281,0,1,11.44704605,yahoo_bootstrap
2022-09-05,14.70491791,14.70491791,14.12950802,14.19344234,2031351,0,1,11.0488878,yahoo_bootstrap
2022-09-06,14.25737667,14.25737667,13.61803246,13.61803246,1952271,0,1,10.60095987,yahoo_bootstrap
2022-09-07,13.55409813,13.55409813,12.97868824,12.97868824,3408712,0,1,10.10326225,yahoo_bootstrap
2022-09-08,13.17049122,13.49016285,12.91475391,13.36229515,1829825,0,1,10.40188112,yahoo_bootstrap
2022-09-12,13.55409813,13.93770409,13.42622852,13.93770409,1451939,0,1,10.84980831,yahoo_bootstrap
2022-09-13,13.93770409,14.06557274,13.74590111,13.87376976,822696,0,1,10.80003862,yahoo_bootstrap
2022-09-14,13.49016285,13.93770409,13.49016285,13.80983639,754545,0,1,10.75026968,yahoo_bootstrap
2022-09-15,13.80983639,13.93770409,13.68196678,13.80983639,877755,0,1,10.75026968,yahoo_bootstrap
2022-09-16,13.74590111,13.80983639,13.36229515,13.36229515,1303926,0,1,10.40188112,yahoo_bootstrap
2022-09-19,13.36229515,13.42622852,13.10655689,13.10655689,1154685,0,1,10.20280162,yahoo_bootstrap
2022-09-20,13.23442554,13.29835987,12.97868824,13.10655689,786250,0,1,10.20280162,yahoo_bootstrap
2022-09-21,12.97868824,13.29835987,12.97868824,12.97868824,1054869,0,1,10.10326225,yahoo_bootstrap
2022-09-22,12.91475391,13.17049122,12.78688526,13.04262161,985822,0,1,10.15303119,yahoo_bootstrap
2022-09-23,13.04262161,13.10655689,12.85081863,12.91475391,1120068,0,1,10.05349256,yahoo_bootstrap
2022-09-26,12.78688526,12.85081863,12.16032696,12.16032696,3106658,0,1,9.46620876,yahoo_bootstrap
2022-09-27,12.18590069,12.40327835,12.08360577,12.35213089,1145815,0,1,9.61551856,yahoo_bootstrap
2022-09-28,12.35213089,12.35213089,11.72557259,11.72557259,1766516,0,1,9.12777414,yahoo_bootstrap
2022-09-29,11.82786846,12.59508133,11.82786846,12.51836014,2106952,0,1,9.74491975,yahoo_bootstrap
2022-09-30,12.17311382,12.46721268,12.00688457,12.36491776,1466806,0,1,9.62547251,yahoo_bootstrap
2022-10-03,12.18590069,12.45442581,12.18590069,12.30098343,582829,0,1,9.57570281,yahoo_bootstrap
2022-10-04,12.54393387,12.62065506,12.44163895,12.51836014,878229,0,1,9.74491975,yahoo_bootstrap
2022-10-05,12.72294998,12.85081863,12.59508133,12.59508133,1286572,0,1,9.80464338,yahoo_bootstrap
2022-10-06,12.64622879,12.72294998,12.47999859,12.59508133,545815,0,1,9.80464338,yahoo_bootstrap
2022-10-07,12.47999859,12.85081863,12.47999859,12.78688526,995508,0,1,9.95395318,yahoo_bootstrap
2022-10-11,12.73573685,12.73573685,12.31377029,12.31377029,1138191,0,1,9.58565675,yahoo_bootstrap
2022-10-12,12.31377029,12.40327835,12.14754009,12.35213089,862290,0,1,9.61551856,yahoo_bootstrap
2022-10-13,12.36491776,12.44163895,11.64885235,11.7383604,1424200,0,1,9.13772881,yahoo_bootstrap
2022-10-14,11.93016338,12.09639263,11.93016338,12.03245926,967212,0,1,9.36667012,yahoo_bootstrap
2022-10-17,11.96852398,11.96852398,11.53376961,11.78950787,1146116,0,1,9.17754457,yahoo_bootstrap
2022-10-18,11.91737747,12.01967239,11.76393414,11.86622906,664677,0,1,9.23726819,yahoo_bootstrap
2022-10-19,11.90458965,12.01967239,11.82786846,11.86622906,868916,0,1,9.23726819,yahoo_bootstrap
2022-10-20,11.82786846,11.84065533,11.49540901,11.64885235,1112342,0,1,9.06805125,yahoo_bootstrap
2022-10-21,11.64885235,11.64885235,11.53376961,11.54655743,591064,0,1,8.98841976,yahoo_bootstrap
2022-10-24,11.69999886,11.69999886,11.52098274,11.52098274,691252,0,1,8.96851113,yahoo_bootstrap
2022-10-25,11.59770393,11.64885235,11.38032722,11.41868782,1012248,0,1,8.88887963,yahoo_bootstrap
2022-10-26,11.40590096,11.64885235,11.40590096,11.57213116,739187,0,1,9.00832763,yahoo_bootstrap
2022-10-27,11.59770393,11.82786846,11.59770393,11.69999886,735205,0,1,9.10786627,yahoo_bootstrap
2022-10-28,11.75114727,11.75114727,11.64885235,11.7383604,696300,0,1,9.13772881,yahoo_bootstrap
2022-10-31,11.78950787,11.96852398,11.78950787,11.85344219,524510,0,1,9.22731425,yahoo_bootstrap
2022-11-01,11.90458965,12.04524517,11.85344219,12.04524517,561300,0,1,9.37662332,yahoo_bootstrap
2022-11-02,12.12196732,12.31377029,12.08360577,12.28819561,942425,0,1,9.56574813,yahoo_bootstrap
2022-11-03,12.24983597,12.24983597,12.16032696,12.17311382,507057,0,1,9.47616269,yahoo_bootstrap
2022-11-04,12.17311382,12.31377029,12.12196732,12.30098343,476389,0,1,9.57570281,yahoo_bootstrap
2022-11-07,12.31377029,12.31377029,12.21147537,12.24983597,863257,0,1,9.53588706,yahoo_bootstrap
2022-11-08,12.24983597,12.31377029,12.10918045,12.14754009,812514,0,1,9.45625482,yahoo_bootstrap
2022-11-09,12.41606522,13.36229515,12.41606522,13.29835987,6646400,0,1,10.35211069,yahoo_bootstrap
2022-11-10,13.23442554,13.23442554,12.85081863,12.85081863,3007077,0,1,10.00372213,yahoo_bootstrap
2022-11-11,13.10655689,13.17049122,12.7740984,12.7740984,2620369,0,1,9.94399925,yahoo_bootstrap
2022-11-14,12.85081863,13.04262161,12.7740984,12.97868824,1490940,0,1,10.10326225,yahoo_bootstrap
2022-11-15,12.97868824,13.10655689,12.85081863,12.97868824,1720802,0,1,10.10326225,yahoo_bootstrap
2022-11-16,12.78688526,13.10655689,12.78688526,12.85081863,2392384,0,1,10.00372213,yahoo_bootstrap
2022-11-17,12.85081863,13.10655689,12.85081863,12.97868824,1307927,0,1,10.10326225,yahoo_bootstrap
2022-11-18,13.04262161,13.10655689,12.85081863,12.91475391,1396498,0,1,10.05349256,yahoo_bootstrap
2022-11-21,12.85081863,12.97868824,12.7740984,12.78688526,1205718,0,1,9.95395318,yahoo_bootstrap
2022-11-22,12.91475391,12.97868824,12.78688526,12.78688526,1097059,0,1,9.95395318,yahoo_bootstrap
2022-11-23,12.91475391,12.91475391,12.78688526,12.91475391,881818,0,1,10.05349256,yahoo_bootstrap
2022-11-24,12.97868824,12.97868824,12.73573685,12.73573685,1000464,0,1,9.91413669,yahoo_bootstrap
2022-11-25,12.78688526,12.91475391,12.73573685,12.85081863,1377188,0,1,10.00372213,yahoo_bootstrap
2022-11-28,12.91475391,13.36229515,12.63344193,12.68459034,19020162,0,1,9.87432168,yahoo_bootstrap
2022-11-29,12.60786819,12.62065506,12.13475418,12.21147537,8410192,0,1,9.50602525,yahoo_bootstrap
2022-11-30,12.21147537,12.45442581,12.19868755,12.35213089,13352614,0,1,9.61551856,yahoo_bootstrap
2022-12-01,12.50557327,13.04262161,12.49278641,12.97868824,5810285,0,1,10.10326225,yahoo_bootstrap
2022-12-02,12.97868824,13.10655689,12.85081863,13.10655689,2070171,0,1,10.20280162,yahoo_bootstrap
2022-12-05,13.10655689,13.29835987,13.04262161,13.17049122,2416163,0,1,10.25257131,yahoo_bootstrap
2022-12-06,13.17049122,13.23442554,12.91475391,12.97868824,1675125,0,1,10.10326225,yahoo_bootstrap
2022-12-07,12.91475391,12.97868824,12.74852371,12.78688526,1625737,0,1,9.95395318,yahoo_bootstrap
2022-12-08,12.7740984,12.7740984,12.59508133,12.62065506,1281951,0,1,9.82455125,yahoo_bootstrap
2022-12-09,12.74852371,12.74852371,12.59508133,12.65901566,1026788,0,1,9.85441307,yahoo_bootstrap
2022-12-12,12.65901566,12.65901566,12.40327835,12.50557327,607402,0,1,9.73496581,yahoo_bootstrap
2022-12-13,12.55672073,12.62065506,12.50557327,12.50557327,727733,0,1,9.73496581,yahoo_bootstrap
2022-12-14,12.59508133,12.60786819,12.47999859,12.47999859,919604,0,1,9.7150572,yahoo_bootstrap
2022-12-15,12.47999859,12.76131058,12.47999859,12.71016312,1024422,0,1,9.89422882,yahoo_bootstrap
2022-12-16,12.531147,12.62065506,12.44163895,12.44163895,1416283,0,1,9.68519613,yahoo_bootstrap
2022-12-19,12.44163895,12.74852371,12.37770367,12.62065506,1323329,0,1,9.82455125,yahoo_bootstrap
2022-12-20,12.60786819,12.76131058,12.37770367,12.39049053,1359867,0,1,9.64537963,yahoo_bootstrap
2022-12-21,12.40327835,12.54393387,12.40327835,12.42885208,710779,0,1,9.67524219,yahoo_bootstrap
2022-12-22,12.50557327,12.67180347,12.50557327,12.5695076,573525,0,1,9.7847355,yahoo_bootstrap
2022-12-23,12.46721268,12.72294998,12.45442581,12.6973772,864137,0,1,9.88427562,yahoo_bootstrap
2022-12-26,12.71016312,12.85081863,12.6973772,12.6973772,738928,0,1,9.88427562,yahoo_bootstrap
2022-12-27,12.78688526,12.85081863,12.71016312,12.72294998,545989,0,1,9.90418275,yahoo_bootstrap
2022-12-28,12.7740984,12.78688526,12.55672073,12.58229542,607058,0,1,9.79469018,yahoo_bootstrap
2022-12-29,12.58229542,12.73573685,12.40327835,12.62065506,791053,0,1,9.82455125,yahoo_bootstrap
2022-12-30,12.68459034,12.91475391,12.65901566,12.78688526,1868595,0,1,9.95395318,yahoo_bootstrap
2023-01-03,12.97868824,12.97868824,12.64622879,12.6973772,754351,0,1,9.88427562,yahoo_bootstrap
2023-01-04,12.7740984,12.85081863,12.74852371,12.85081863,814930,0,1,10.00372213,yahoo_bootstrap
2023-01-05,12.85081863,12.91475391,12.7740984,12.7740984,717300,0,1,9.94399925,yahoo_bootstrap
2023-01-06,12.78688526,12.85081863,12.76131058,12.78688526,560692,0,1,9.95395318,yahoo_bootstrap
2023-01-09,12.85081863,12.85081863,12.73573685,12.73573685,640198,0,1,9.91413669,yahoo_bootstrap
2023-01-10,12.73573685,12.7740984,12.73573685,12.76131058,348856,0,1,9.93404457,yahoo_bootstrap
2023-01-11,12.78688526,12.85081863,12.72294998,12.72294998,587919,0,1,9.90418275,yahoo_bootstrap
2023-01-12,12.78688526,12.78688526,12.67180347,12.67180347,515180,0,1,9.86436774,yahoo_bootstrap
2023-01-13,12.6973772,12.72294998,12.65901566,12.67180347,521007,0,1,9.86436774,yahoo_bootstrap
2023-01-16,12.71016312,12.71016312,12.49278641,12.531147,917759,0,1,9.75487369,yahoo_bootstrap
2023-01-17,12.47999859,12.62065506,12.47999859,12.54393387,398628,0,1,9.76482763,yahoo_bootstrap
2023-01-30,12.62065506,12.78688526,12.5695076,12.60786819,933578,0,1,9.81459731,yahoo_bootstrap
2023-01-31,12.5695076,12.85081863,12.5695076,12.78688526,1346765,0,1,9.95395318,yahoo_bootstrap
2023-02-01,12.78688526,12.97868824,12.7740984,12.91475391,1248723,0,1,10.05349256,yahoo_bootstrap
2023-02-02,12.97868824,13.17049122,12.91475391,13.10655689,1532517,0,1,10.20280162,yahoo_bootstrap
2023-02-03,13.17049122,13.23442554,12.97868824,13.10655689,1015707,0,1,10.20280162,yahoo_bootstrap
2023-02-06,13.04262161,13.10655689,12.97868824,12.97868824,620854,0,1,10.10326225,yahoo_bootstrap
2023-02-07,13.04262161,13.17049122,12.97868824,13.04262161,889410,0,1,10.15303119,yahoo_bootstrap
2023-02-08,13.17049122,13.17049122,13.04262161,13.10655689,714661,0,1,10.20280162,yahoo_bootstrap
2023-02-09,13.10655689,13.10655689,12.97868824,12.97868824,420136,0,1,10.10326225,yahoo_bootstrap
2023-02-10,13.04262161,13.04262161,12.78688526,12.85081863,664603,0,1,10.00372213,yahoo_bootstrap
2023-02-13,12.85081863,12.85081863,12.6973772,12.78688526,501027,0,1,9.95395318,yahoo_bootstrap
2023-02-14,12.78688526,12.91475391,12.78688526,12.85081863,541816,0,1,10.00372213,yahoo_bootstrap
2023-02-15,12.85081863,12.97868824,12.85081863,12.91475391,703060,0,1,10.05349256,yahoo_bootstrap
2023-02-16,12.97868824,13.04262161,12.91475391,13.04262161,613840,0,1,10.15303119,yahoo_bootstrap
2023-02-17,13.04262161,13.23442554,12.97868824,13.17049122,1316092,0,1,10.25257131,yahoo_bootstrap
2023-02-20,13.29835987,13.68196678,13.23442554,13.61803246,3460612,0,1,10.60095987,yahoo_bootstrap
2023-02-21,13.61803246,13.80983639,13.49016285,13.61803246,1437561,0,1,10.60095987,yahoo_bootstrap
2023-02-22,13.42622852,13.80983639,13.36229515,13.74590111,1893789,0,1,10.70049925,yahoo_bootstrap
2023-02-23,13.80983639,13.87376976,13.55409813,13.61803246,1285140,0,1,10.60095987,yahoo_bootstrap
2023-02-24,13.61803246,13.87376976,13.49016285,13.68196678,2049193,0,1,10.65072956,yahoo_bootstrap
2023-03-01,13.74590111,13.74590111,13.55409813,13.61803246,875456,0,1,10.60095987,yahoo_bootstrap
2023-03-02,13.55409813,13.68196678,13.29835987,13.36229515,1320821,0,1,10.40188112,yahoo_bootstrap
2023-03-03,13.55409813,13.68196678,13.36229515,13.55409813,1271663,0,1,10.55119018,yahoo_bootstrap
2023-03-06,13.74590111,13.87376976,13.55409813,13.68196678,1657065,0,1,10.65072956,yahoo_bootstrap
2023-03-07,13.68196678,13.80983639,13.61803246,13.74590111,1045413,0,1,10.70049925,yahoo_bootstrap
2023-03-08,13.74590111,14.00163937,13.68196678,14.00163937,1477527,0,1,10.89957874,yahoo_bootstrap
2023-03-09,14.19344234,14.44917965,13.93770409,14.00163937,3522166,0,1,10.89957874,yahoo_bootstrap
2023-03-10,13.93770409,13.93770409,13.36229515,13.55409813,2496155,0,1,10.55119018,yahoo_bootstrap
2023-03-13,13.42622852,13.49016285,13.17049122,13.36229515,1235306,0,1,10.40188112,yahoo_bootstrap
2023-03-14,13.42622852,13.42622852,12.85081863,12.97868824,3238581,0,1,10.10326225,yahoo_bootstrap
2023-03-15,13.04262161,13.10655689,12.97868824,13.04262161,1256137,0,1,10.15303119,yahoo_bootstrap
2023-03-16,12.97868824,13.04262161,12.78688526,12.78688526,1716963,0,1,9.95395318,yahoo_bootstrap
2023-03-17,12.91475391,13.04262161,12.91475391,13.04262161,1001935,0,1,10.15303119,yahoo_bootstrap
2023-03-20,13.04262161,13.10655689,12.91475391,13.04262161,546969,0,1,10.15303119,yahoo_bootstrap
2023-03-21,13.10655689,13.23442554,13.04262161,13.17049122,934489,0,1,10.25257131,yahoo_bootstrap
2023-03-22,13.29835987,13.36229515,13.23442554,13.29835987,1077387,0,1,10.35211069,yahoo_bootstrap
2023-03-23,13.23442554,13.42622852,13.23442554,13.23442554,633189,0,1,10.302341,yahoo_bootstrap
2023-03-24,13.23442554,13.29835987,13.04262161,13.17049122,1066352,0,1,10.25257131,yahoo_bootstrap
2023-03-27,13.17049122,13.23442554,13.10655689,13.10655689,550178,0,1,10.20280162,yahoo_bootstrap
2023-03-28,13.17049122,13.17049122,12.97868824,13.04262161,594504,0,1,10.15303119,yahoo_bootstrap
2023-03-29,13.04262161,13.04262161,12.91475391,12.91475391,554498,0,1,10.05349256,yahoo_bootstrap
2023-03-30,12.97868824,13.04262161,12.91475391,12.97868824,455609,0,1,10.10326225,yahoo_bootstrap
2023-03-31,12.97868824,12.97868824,12.91475391,12.97868824,752524,0,1,10.10326225,yahoo_bootstrap
2023-04-06,12.97868824,12.97868824,12.78688526,12.85081863,1040328,0,1,10.00372213,yahoo_bootstrap
2023-04-07,12.97868824,12.97868824,12.85081863,12.85081863,646335,0,1,10.00372213,yahoo_bootstrap
2023-04-10,12.91475391,12.97868824,12.85081863,12.85081863,580227,0,1,10.00372213,yahoo_bootstrap
2023-04-11,12.91475391,13.04262161,12.91475391,12.91475391,662418,0,1,10.05349256,yahoo_bootstrap
2023-04-12,12.97868824,13.17049122,12.91475391,13.10655689,1503884,0,1,10.20280162,yahoo_bootstrap
2023-04-13,13.10655689,13.17049122,12.97868824,13.04262161,1223555,0,1,10.15303119,yahoo_bootstrap
2023-04-14,13.10655689,13.23442554,13.04262161,13.17049122,1344428,0,1,10.25257131,yahoo_bootstrap
2023-04-17,13.17049122,13.29835987,13.10655689,13.29835987,1310933,0,1,10.35211069,yahoo_bootstrap
2023-04-18,13.29835987,13.36229515,13.17049122,13.36229515,1271171,0,1,10.40188112,yahoo_bootstrap
2023-04-19,13.36229515,13.42622852,13.23442554,13.42622852,1543538,0,1,10.45165006,yahoo_bootstrap
2023-04-20,13.42622852,13.42622852,13.17049122,13.36229515,1646336,0,1,10.40188112,yahoo_bootstrap
2023-04-21,13.36229515,13.36229515,13.10655689,13.17049122,1549270,0,1,10.25257131,yahoo_bootstrap
2023-04-24,13.10655689,13.49016285,13.04262161,13.42622852,2048041,0,1,10.45165006,yahoo_bootstrap
2023-04-25,13.61803246,14.19344234,13.55409813,13.61803246,7466773,0,1,10.60095987,yahoo_bootstrap
2023-04-26,13.61803246,14.00163937,13.42622852,14.00163937,3582600,0,1,10.89957874,yahoo_bootstrap
2023-04-27,14.00163937,14.321311,13.93770409,14.25737667,4751412,0,1,11.09865749,yahoo_bootstrap
2023-04-28,14.321311,14.70491791,14.25737667,14.64098263,4918681,0,1,11.39727562,yahoo_bootstrap
2023-05-02,14.76885223,15.08852386,14.44917965,14.70491791,3977538,0,1,11.44704605,yahoo_bootstrap
2023-05-03,14.57704926,15.08852386,14.44917965,15.08852386,4578471,0,1,11.74566417,yahoo_bootstrap
2023-05-04,15.08852386,15.72786808,15.08852386,15.66393375,8669513,0,1,12.19359211,yahoo_bootstrap
2023-05-05,15.72786808,15.85573673,15.40819645,15.85573673,5719710,0,1,12.34290117,yahoo_bootstrap
2023-05-08,15.98360634,16.04754066,15.59999943,16.04754066,5039054,0,1,12.49221098,yahoo_bootstrap
2023-05-09,15.98360634,16.23934364,15.91967201,16.23934364,3857956,0,1,12.64152004,yahoo_bootstrap
2023-05-10,16.23934364,16.6229496,16.23934364,16.6229496,6556168,0,1,12.94013817,yahoo_bootstrap
2023-05-11,16.94262123,17.13442612,16.43114662,16.75081825,8453600,0,1,13.03967755,yahoo_bootstrap
2023-05-12,16.75081825,16.94262123,16.04754066,16.17540932,7432256,0,1,12.59175036,yahoo_bootstrap
2023-05-15,16.04754066,16.04754066,15.15245914,15.21639347,7247747,0,1,11.8452043,yahoo_bootstrap
2023-05-16,15.5360651,15.79180336,15.47213078,15.72786808,3160027,0,1,12.2433618,yahoo_bootstrap
2023-05-17,15.72786808,15.85573673,15.59999943,15.79180336,2424820,0,1,12.29313223,yahoo_bootstrap
2023-05-18,15.98360634,16.75081825,15.85573673,16.6229496,7042394,0,1,12.94013817,yahoo_bootstrap
2023-05-19,16.75081825,16.87868881,16.17540932,16.17540932,4839245,0,1,12.59175036,yahoo_bootstrap
2023-05-22,16.04754066,16.30327797,15.85573673,15.98360634,2134440,0,1,12.4424413,yahoo_bootstrap
2023-05-23,16.04754066,16.6229496,16.04754066,16.55901527,2858501,0,1,12.89036848,yahoo_bootstrap
2023-05-24,16.6229496,16.6229496,16.23934364,16.43114662,2080033,0,1,12.79082911,yahoo_bootstrap
2023-05-25,16.43114662,16.43114662,15.98360634,15.98360634,2502893,0,1,12.4424413,yahoo_bootstrap
2023-05-26,16.04754066,16.11147499,15.72786808,15.79180336,2235038,0,1,12.29313223,yahoo_bootstrap
2023-05-29,15.79180336,16.43114662,15.72786808,16.23934364,4165916,0,1,12.64152004,yahoo_bootstrap
2023-05-30,16.3672123,16.49508095,16.11147499,16.23934364,2161175,0,1,12.64152004,yahoo_bootstrap
2023-05-31,16.23934364,16.94262123,16.23934364,16.94262123,6413044,0,1,13.18898661,yahoo_bootstrap
2023-06-01,17.51803207,18.60491753,17.26229477,17.77376938,34022355,0,1,13.83599404,yahoo_bootstrap
2023-06-02,18.09344292,19.43606567,18.09344292,19.30819511,30495784,0,1,15.03046804,yahoo_bootstrap
2023-06-05,19.56393433,19.62786865,18.34918022,18.86065483,12616454,0,1,14.68208022,yahoo_bootstrap
2023-06-06,18.5409832,18.73278618,18.09344292,18.15737724,8567826,0,1,14.13461365,yahoo_bootstrap
2023-06-07,18.15737724,18.41311455,17.8377037,18.22131157,5414643,0,1,14.18438334,yahoo_bootstrap
2023-06-08,18.2852459,18.2852459,17.64590073,17.8377037,5219135,0,1,13.88576373,yahoo_bootstrap
2023-06-09,18.09344292,18.22131157,17.77376938,18.02950859,3367041,0,1,14.03507428,yahoo_bootstrap
2023-06-12,18.2852459,18.2852459,17.5819664,17.64590073,3584142,0,1,13.73645467,yahoo_bootstrap
2023-06-13,17.8377037,18.34918022,17.70983505,18.15737724,4911605,0,1,14.13461365,yahoo_bootstrap
2023-06-14,18.02950859,18.34918022,17.8377037,18.02950859,2930346,0,1,14.03507428,yahoo_bootstrap
2023-06-15,18.02950859,19.11639214,18.02950859,18.92458916,8438743,0,1,14.73184991,yahoo_bootstrap
2023-06-16,18.98852348,19.11639214,17.90163994,18.47704887,11705668,0,1,14.38346209,yahoo_bootstrap
2023-06-19,18.34918022,18.98852348,18.34918022,18.60491753,4720060,0,1,14.48300147,yahoo_bootstrap
2023-06-20,18.92458916,19.11639214,18.66885185,18.66885185,3784996,0,1,14.53277116,yahoo_bootstrap
2023-06-21,18.86065483,19.56393433,18.7967205,19.05245972,8391198,0,1,14.83139077,yahoo_bootstrap
2023-06-26,19.11639214,19.18032646,18.60491753,18.92458916,3321404,0,1,14.73184991,yahoo_bootstrap
2023-06-27,18.98852348,19.2442627,18.66885185,18.7967205,3575410,0,1,14.63231053,yahoo_bootstrap
2023-06-28,19.05245972,19.2442627,18.92458916,19.05245972,3343938,0,1,14.83139077,yahoo_bootstrap
2023-06-29,19.2442627,19.30819511,18.98852348,19.18032646,3605305,0,1,14.93092866,yahoo_bootstrap
2023-06-30,19.30819511,19.30819511,18.7967205,18.7967205,2946834,0,1,14.63231053,yahoo_bootstrap
2023-07-03,18.92458916,19.05245972,18.73278618,18.86065483,2529823,0,1,14.68208022,yahoo_bootstrap
2023-07-04,18.92458916,18.98852348,18.5409832,18.86065483,3556187,0,1,14.68208022,yahoo_bootstrap
2023-07-05,18.86065483,19.18032646,18.86065483,18.92458916,2514374,0,1,14.73184991,yahoo_bootstrap
2023-07-06,19.18032646,19.43606567,19.05245972,19.2442627,5442801,0,1,14.98069984,yahoo_bootstrap
2023-07-07,19.2442627,19.94754028,18.7967205,19.56393433,8909182,0,1,15.22954828,yahoo_bootstrap
2023-07-10,19.43606567,19.49999809,17.8377037,18.02950859,13333654,0,1,14.03507428,yahoo_bootstrap
2023-07-11,18.09344292,19.18032646,18.09344292,18.92458916,7226613,0,1,14.73184991,yahoo_bootstrap
2023-07-12,19.05245972,19.05245972,18.22131157,18.2852459,3662418,0,1,14.23415303,yahoo_bootstrap
2023-07-13,18.5409832,18.5409832,17.90163994,17.90163994,6736077,0,1,13.9355349,yahoo_bootstrap
2023-07-14,18.02950859,18.15737724,17.77376938,17.8377037,2383826,0,1,13.88576373,yahoo_bootstrap
2023-07-17,17.8377037,18.2852459,17.45409775,18.02950859,2730734,0,1,14.03507428,yahoo_bootstrap
2023-07-18,18.02950859,18.15737724,17.8377037,17.96557236,1961571,0,1,13.98530311,yahoo_bootstrap
2023-07-19,18.02950859,18.02950859,17.39016342,17.45409775,2836193,0,1,13.5871456,yahoo_bootstrap
2023-07-20,17.45409775,17.90163994,17.45409775,17.77376938,1579450,0,1,13.83599404,yahoo_bootstrap
2023-07-21,17.5819664,18.22131157,17.5819664,17.96557236,2042925,0,1,13.98530311,yahoo_bootstrap
2023-07-24,18.02950859,18.09344292,17.39016342,17.39016342,2200043,0,1,13.53737591,yahoo_bootstrap
2023-07-25,17.5819664,17.64590073,17.39016342,17.64590073,1117962,0,1,13.73645467,yahoo_bootstrap
2023-07-26,17.70983505,17.77376938,17.39016342,17.51803207,1647132,0,1,13.63691529,yahoo_bootstrap
2023-07-27,17.5819664,18.34918022,17.5819664,18.09344292,4340042,0,1,14.08484397,yahoo_bootstrap
2023-07-28,17.96557236,17.96557236,17.5819664,17.64590073,2419321,0,1,13.73645467,yahoo_bootstrap
2023-07-31,17.77376938,18.02950859,17.51803207,17.5819664,2537887,0,1,13.68668498,yahoo_bootstrap
2023-08-01,17.64590073,17.90163994,17.5819664,17.8377037,1427987,0,1,13.88576373,yahoo_bootstrap
2023-08-02,17.77376938,17.77376938,17.26229477,17.26229477,2796609,0,1,13.43783654,yahoo_bootstrap
2023-08-04,17.26229477,17.5819664,17.07049179,17.5819664,1308299,0,1,13.68668498,yahoo_bootstrap
2023-08-07,17.00655746,17.13442612,15.91967201,16.23934364,7025189,0,1,12.64152004,yahoo_bootstrap
2023-08-08,16.23934364,16.55901527,16.23934364,16.3672123,1497685,0,1,12.74105943,yahoo_bootstrap
2023-08-09,16.43114662,16.6229496,16.3672123,16.3672123,1414500,0,1,12.74105943,yahoo_bootstrap
2023-08-10,16.3672123,16.3672123,15.98360634,16.11147499,1225668,0,1,12.54198067,yahoo_bootstrap
2023-08-11,16.3672123,16.3672123,16.04754066,16.04754066,654757,0,1,12.49221098,yahoo_bootstrap
2023-08-14,15.98360634,15.98360634,15.47213078,15.66393375,1456283,0,1,12.19359211,yahoo_bootstrap
2023-08-15,15.85573673,15.98360634,15.72786808,15.85573673,895152,0,1,12.34290117,yahoo_bootstrap
2023-08-16,15.59999943,15.66393375,15.34426212,15.47213078,1018543,0,1,12.04428305,yahoo_bootstrap
2023-08-17,15.34426212,15.85573673,15.34426212,15.79180336,906571,0,1,12.29313223,yahoo_bootstrap
2023-08-18,15.72786808,15.85573673,15.47213078,15.59999943,901457,0,1,12.14382243,yahoo_bootstrap
2023-08-21,15.66393375,15.79180336,15.59999943,15.66393375,464422,0,1,12.19359211,yahoo_bootstrap
2023-08-22,15.72786808,15.72786808,15.5360651,15.59999943,583798,0,1,12.14382243,yahoo_bootstrap
2023-08-23,15.5360651,15.66393375,15.40819645,15.59999943,871505,0,1,12.14382243,yahoo_bootstrap
2023-08-24,15.66393375,15.85573673,15.5360651,15.59999943,901645,0,1,12.14382243,yahoo_bootstrap
2023-08-25,15.59999943,15.66393375,15.5360651,15.5360651,387339,0,1,12.09405274,yahoo_bootstrap
2023-08-28,15.59999943,15.72786808,15.34426212,15.47213078,912362,0,1,12.04428305,yahoo_bootstrap
2023-08-29,15.5360651,15.66393375,15.40819645,15.5360651,780333,0,1,12.09405274,yahoo_bootstrap
2023-08-30,15.5360651,15.72786808,15.5360651,15.66393375,630804,0,1,12.19359211,yahoo_bootstrap
2023-08-31,15.59999943,15.85573673,15.47213078,15.59999943,1451457,0,1,12.14382243,yahoo_bootstrap
2023-09-01,15.5360651,16.23934364,15.5360651,16.17540932,2559968,0,1,12.59175036,yahoo_bootstrap
2023-09-04,16.23934364,16.30327797,15.91967201,15.98360634,988246,0,1,12.4424413,yahoo_bootstrap
2023-09-05,16.11147499,16.23934364,15.98360634,16.04754066,432902,0,1,12.49221098,yahoo_bootstrap
2023-09-06,16.11147499,16.23934364,15.91967201,16.04754066,869552,0,1,12.49221098,yahoo_bootstrap
2023-09-07,16.30327797,16.87868881,16.30327797,16.55901527,3340039,0,1,12.89036848,yahoo_bootstrap
2023-09-08,16.6229496,16.68688583,16.23934364,16.43114662,1018773,0,1,12.79082911,yahoo_bootstrap
2023-09-11,16.43114662,16.49508095,16.04754066,16.11147499,876300,0,1,12.54198067,yahoo_bootstrap
2023-09-12,16.17540932,16.30327797,16.11147499,16.11147499,828537,0,1,12.54198067,yahoo_bootstrap
2023-09-13,16.3672123,16.43114662,16.11147499,16.17540932,601126,0,1,12.59175036,yahoo_bootstrap
2023-09-14,16.23934364,16.30327797,16.11147499,16.11147499,1303570,0,1,12.54198067,yahoo_bootstrap
2023-09-15,16.17540932,16.30327797,15.91967201,15.98360634,1414562,0,1,12.4424413,yahoo_bootstrap
2023-09-18,15.85573673,16.04754066,15.72786808,15.98360634,611282,0,1,12.4424413,yahoo_bootstrap
2023-09-19,15.91967201,16.11147499,15.91967201,15.91967201,761824,0,1,12.3926716,yahoo_bootstrap
2023-09-20,15.91967201,15.91967201,15.59999943,15.59999943,1335213,0,1,12.14382243,yahoo_bootstrap
2023-09-21,15.59999943,15.59999943,15.21639347,15.21639347,1013698,0,1,11.8452043,yahoo_bootstrap
2023-09-22,14.96065521,15.21639347,14.96065521,15.08852386,840754,0,1,11.74566417,yahoo_bootstrap
2023-09-25,15.08852386,15.79180336,15.08852386,15.66393375,1935622,0,1,12.19359211,yahoo_bootstrap
2023-09-26,15.66393375,15.66393375,15.21639347,15.28032684,987124,0,1,11.89497324,yahoo_bootstrap
2023-09-27,15.28032207,15.28032207,15.28032207,15.28032207,0,0.654098,0.9488461,12.42692317,yahoo_bootstrap
2023-09-28,15.28032207,15.28032207,15.28032207,15.28032207,0,0,1,12.42692317,yahoo_bootstrap
2023-10-02,15.28032207,15.28032207,15.28032207,15.28032207,0,0,1,12.42692317,yahoo_bootstrap
2023-10-03,15.28032207,15.28032207,15.28032207,15.28032207,0,0,1,12.42692317,yahoo_bootstrap
2023-10-04,15.28032207,15.28032207,15.28032207,15.28032207,0,0,1,12.42692317,yahoo_bootstrap
2023-10-05,15.28032207,15.28032207,15.28032207,15.28032207,0,0,1,12.42692317,yahoo_bootstrap
2023-10-06,15.28032207,15.28032207,15.28032207,15.28032207,0,0,1,12.42692317,yahoo_bootstrap
2023-10-11,15.04465485,15.10531902,14.62000847,14.62000847,925091,0,1,11.88991444,yahoo_bootstrap
2023-10-12,14.68067169,14.86266327,14.62000847,14.80199909,612314,0,1,12.03792071,yahoo_bootstrap
2023-10-13,14.80199909,14.92332745,14.68067169,14.74133587,304080,0,1,11.98858555,yahoo_bootstrap
2023-10-16,14.80199909,14.86266327,14.68067169,14.68067169,301681,0,1,11.9392496,yahoo_bootstrap
2023-10-17,14.80199909,14.80199909,14.49868011,14.49868011,706287,0,1,11.79124256,yahoo_bootstrap
2023-10-18,14.49868011,14.62000847,14.19536018,14.25602436,2081254,0,1,11.59389957,yahoo_bootstrap
2023-10-19,14.25602436,14.25602436,14.01336765,14.07403183,1116941,0,1,11.44589175,yahoo_bootstrap
2023-10-20,14.07403183,14.07403183,13.64938545,13.89204025,1149936,0,1,11.2978847,yahoo_bootstrap
2023-10-23,14.01336765,14.37735176,13.89204025,14.19536018,948559,0,1,11.54456363,yahoo_bootstrap
2023-10-24,14.31668758,14.31668758,13.95270443,14.19536018,764631,0,1,11.54456363,yahoo_bootstrap
2023-10-25,14.25602436,14.43801594,14.25602436,14.31668758,652672,0,1,11.64323473,yahoo_bootstrap
2023-10-26,14.19536018,14.31668758,14.13469601,14.13469601,419629,0,1,11.49522769,yahoo_bootstrap
2023-10-27,14.19536018,14.31668758,14.07403183,14.13469601,383727,0,1,11.49522769,yahoo_bootstrap
2023-10-30,14.19536018,14.25602436,14.07403183,14.13469601,317152,0,1,11.49522769,yahoo_bootstrap
2023-10-31,14.19536018,14.25602436,13.83137703,13.83137703,917296,0,1,11.24854954,yahoo_bootstrap
2023-11-01,14.01336765,14.01336765,13.83137703,14.01336765,298255,0,1,11.39655581,yahoo_bootstrap
2023-11-02,14.07403183,14.25602436,14.01336765,14.07403183,750547,0,1,11.44589175,yahoo_bootstrap
2023-11-03,14.13469601,14.31668758,14.13469601,14.25602436,800817,0,1,11.59389957,yahoo_bootstrap
2023-11-06,14.31668758,14.43801594,14.19536018,14.31668758,692964,0,1,11.64323473,yahoo_bootstrap
2023-11-07,14.25602436,14.31668758,14.13469601,14.19536018,311310,0,1,11.54456363,yahoo_bootstrap
2023-11-08,14.31668758,14.31668758,14.13469601,14.13469601,579212,0,1,11.49522769,yahoo_bootstrap
2023-11-09,14.13469601,14.25602436,14.07403183,14.07403183,457459,0,1,11.44589175,yahoo_bootstrap
2023-11-10,14.01336765,14.13469601,13.95270443,14.01336765,341216,0,1,11.39655581,yahoo_bootstrap
2023-11-13,14.13469601,14.19536018,13.83137703,13.89204025,915876,0,1,11.2978847,yahoo_bootstrap
2023-11-14,14.07403183,14.07403183,13.77071285,13.77071285,746381,0,1,11.19921359,yahoo_bootstrap
2023-11-15,13.83137703,14.13469601,13.83137703,14.07403183,1254238,0,1,11.44589175,yahoo_bootstrap
2023-11-16,14.25602436,14.25602436,14.07403183,14.13469601,549984,0,1,11.49522769,yahoo_bootstrap
2023-11-17,14.25602436,14.31668758,14.13469601,14.31668758,758342,0,1,11.64323473,yahoo_bootstrap
2023-11-20,14.31668758,14.49868011,14.25602436,14.49868011,878235,0,1,11.79124256,yahoo_bootstrap
2023-11-21,14.55934429,14.55934429,14.37735176,14.49868011,975578,0,1,11.79124256,yahoo_bootstrap
2023-11-22,14.49868011,14.68067169,14.43801594,14.62000847,1048517,0,1,11.88991444,yahoo_bootstrap
2023-11-23,14.62000847,14.80199909,14.49868011,14.55934429,744374,0,1,11.8405785,yahoo_bootstrap
2023-11-24,14.55934429,14.68067169,14.55934429,14.62000847,354224,0,1,11.88991444,yahoo_bootstrap
2023-11-27,14.62000847,14.68067169,14.31668758,14.37735176,675107,0,1,11.69257068,yahoo_bootstrap
2023-11-28,14.49868011,14.62000847,14.43801594,14.55934429,546320,0,1,11.8405785,yahoo_bootstrap
2023-11-29,14.62000847,14.62000847,14.43801594,14.49868011,487751,0,1,11.79124256,yahoo_bootstrap
2023-11-30,14.55934429,14.55934429,14.43801594,14.49868011,594972,0,1,11.79124256,yahoo_bootstrap
2023-12-01,14.49868011,15.04465485,14.49868011,14.92332745,1709063,0,1,12.1365926,yahoo_bootstrap
2023-12-04,14.98399067,16.37926292,14.98399067,16.37926292,10688381,0,1,13.32065129,yahoo_bootstrap
2023-12-05,16.37926292,16.74324417,15.77262211,15.83328629,12588524,0,1,12.87662861,yahoo_bootstrap
2023-12-06,15.83328629,15.89395046,15.40863895,15.59063053,4081125,0,1,12.67928562,yahoo_bootstrap
2023-12-07,15.71195889,15.95461369,15.59063053,15.65129471,2044572,0,1,12.72862156,yahoo_bootstrap
2023-12-08,15.77262211,16.19726944,15.77262211,16.01527786,2787775,0,1,13.02463565,yahoo_bootstrap
2023-12-11,15.89395046,15.95461369,15.59063053,15.59063053,1640249,0,1,12.67928562,yahoo_bootstrap
2023-12-12,15.71195889,15.77262211,15.52996731,15.59063053,1405239,0,1,12.67928562,yahoo_bootstrap
2023-12-13,15.59063053,15.71195889,15.46930313,15.52996731,690435,0,1,12.62995045,yahoo_bootstrap
2023-12-14,15.65129471,15.83328629,15.59063053,15.59063053,1326913,0,1,12.67928562,yahoo_bootstrap
2023-12-15,15.71195889,15.95461369,15.65129471,15.77262211,1591789,0,1,12.82729267,yahoo_bootstrap
2023-12-18,15.77262211,15.89395046,15.46930313,15.46930313,1034866,0,1,12.58061451,yahoo_bootstrap
2023-12-19,15.46930313,15.46930313,15.10531902,15.1659832,1294956,0,1,12.33393558,yahoo_bootstrap
2023-12-20,15.2873106,15.40863895,15.22664738,15.34797478,627753,0,1,12.48194263,yahoo_bootstrap
2023-12-21,15.22664738,15.40863895,15.10531902,15.2873106,584710,0,1,12.43260669,yahoo_bootstrap
2023-12-22,15.46930313,15.59063053,15.2873106,15.40863895,1218657,0,1,12.53127857,yahoo_bootstrap
2023-12-25,15.40863895,15.46930313,15.34797478,15.34797478,521596,0,1,12.48194263,yahoo_bootstrap
2023-12-26,15.46930313,15.71195889,15.34797478,15.65129471,1185223,0,1,12.72862156,yahoo_bootstrap
2023-12-27,15.71195889,15.89395046,15.52996731,15.71195889,1118630,0,1,12.7779575,yahoo_bootstrap
2023-12-28,15.71195889,15.95461369,15.71195889,15.77262211,1277314,0,1,12.82729267,yahoo_bootstrap
2023-12-29,15.77262211,16.01527786,15.65129471,15.77262211,1087214,0,1,12.82729267,yahoo_bootstrap
2024-01-02,15.77262211,15.77262211,15.59063053,15.71195889,604021,0,1,12.7779575,yahoo_bootstrap
2024-01-03,15.59063053,15.71195889,15.52996731,15.71195889,616681,0,1,12.7779575,yahoo_bootstrap
2024-01-04,15.77262211,15.83328629,15.59063053,15.83328629,1474624,0,1,12.87662861,yahoo_bootstrap
2024-01-05,15.89395046,16.74324417,15.83328629,16.43992615,13008069,0,1,13.36998646,yahoo_bootstrap
2024-01-08,16.43992615,16.86457253,16.19726944,16.68258095,11695402,0,1,13.56732868,yahoo_bootstrap
2024-01-09,16.62191772,16.68258095,16.07594109,16.31859779,4585050,0,1,13.27131458,yahoo_bootstrap
2024-01-10,16.31859779,16.8039093,16.13660622,16.31859779,6057759,0,1,13.27131458,yahoo_bootstrap
2024-01-11,16.37926292,16.74324417,16.37926292,16.43992615,3113899,0,1,13.36998646,yahoo_bootstrap
2024-01-12,16.43992615,16.8039093,16.19726944,16.62191772,5505378,0,1,13.51799351,yahoo_bootstrap
2024-01-15,16.62191772,16.8039093,16.37926292,16.62191772,2316898,0,1,13.51799351,yahoo_bootstrap
2024-01-16,16.62191772,16.62191772,16.43992615,16.50058937,1597457,0,1,13.41932163,yahoo_bootstrap
2024-01-17,16.50058937,16.74324417,16.07594109,16.19726944,2461275,0,1,13.1726427,yahoo_bootstrap
2024-01-18,16.31859779,16.50058937,16.01527786,16.01527786,2711818,0,1,13.02463565,yahoo_bootstrap
2024-01-19,16.19726944,16.25793457,15.65129471,15.65129471,3725466,0,1,12.72862156,yahoo_bootstrap
2024-01-22,15.71195889,16.01527786,15.65129471,15.89395046,1462189,0,1,12.92596454,yahoo_bootstrap
2024-01-23,16.01527786,16.5612545,16.01527786,16.19726944,3472344,0,1,13.1726427,yahoo_bootstrap
2024-01-24,16.37926292,16.62191772,16.31859779,16.37926292,2270893,0,1,13.32065129,yahoo_bootstrap
2024-01-25,16.5612545,16.5612545,16.13660622,16.19726944,1864672,0,1,13.1726427,yahoo_bootstrap
2024-01-26,16.19726944,16.5612545,16.19726944,16.43992615,2274654,0,1,13.36998646,yahoo_bootstrap
2024-01-29,16.43992615,16.43992615,16.19726944,16.25793457,1451537,0,1,13.22197942,yahoo_bootstrap
2024-01-30,16.25793457,16.31859779,16.01527786,16.01527786,1092570,0,1,13.02463565,yahoo_bootstrap
2024-01-31,16.01527786,16.19726944,16.01527786,16.13660622,782888,0,1,13.12330754,yahoo_bootstrap
2024-02-01,16.25793457,16.25793457,16.07594109,16.13660622,662622,0,1,13.12330754,yahoo_bootstrap
2024-02-02,16.25793457,16.25793457,15.77262211,15.83328629,2296538,0,1,12.87662861,yahoo_bootstrap
2024-02-05,15.83328629,15.89395046,15.59063053,15.71195889,1697543,0,1,12.7779575,yahoo_bootstrap
2024-02-15,16.01527786,16.62191772,16.01527786,16.43992615,3797421,0,1,13.36998646,yahoo_bootstrap
2024-02-16,16.43992615,17.22855759,16.37926292,17.10722923,7840810,0,1,13.91267948,yahoo_bootstrap
2024-02-19,17.34988594,18.80581856,17.34988594,18.80581856,26430243,0,1,15.29407963,yahoo_bootstrap
2024-02-20,19.04847527,19.41245842,18.50249863,18.50249863,25857262,0,1,15.0474007,yahoo_bootstrap
2024-02-21,18.80581856,20.32241821,18.56316376,20.32241821,40075596,0,1,16.52747427,yahoo_bootstrap
2024-02-22,20.62573624,21.11104965,19.04847527,19.95843315,43410930,0,1,16.23145862,yahoo_bootstrap
2024-02-23,19.95843315,20.01909828,19.04847527,19.10913849,15181586,0,1,15.54075856,yahoo_bootstrap
2024-02-26,18.98781013,19.23046684,18.62382698,18.92714691,8429838,0,1,15.39275151,yahoo_bootstrap
2024-02-27,19.04847527,19.04847527,18.4418354,18.62382698,5926341,0,1,15.14607258,yahoo_bootstrap
2024-02-29,18.74515533,18.80581856,18.32050705,18.38117218,4762636,0,1,14.94873037,yahoo_bootstrap
2024-03-01,18.38117218,18.38117218,18.07785225,18.07785225,4520611,0,1,14.70205144,yahoo_bootstrap
2024-03-04,17.9565239,18.32050705,17.59254074,18.07785225,7036272,0,1,14.70205144,yahoo_bootstrap
2024-03-05,18.1991806,18.25984383,17.59254074,17.83519554,4182283,0,1,14.50470767,yahoo_bootstrap
2024-03-06,17.83519554,18.13851547,17.77453232,17.9565239,2167983,0,1,14.60337956,yahoo_bootstrap
2024-03-07,17.9565239,17.9565239,17.34988594,17.47121239,4500093,0,1,14.20869358,yahoo_bootstrap
2024-03-08,17.53187752,17.65320396,16.98590088,17.0465641,4324057,0,1,13.86334277,yahoo_bootstrap
2024-03-11,17.10722923,17.47121239,17.10722923,17.41054916,2191091,0,1,14.15935841,yahoo_bootstrap
2024-03-12,17.41054916,17.65320396,17.28922081,17.41054916,2150120,0,1,14.15935841,yahoo_bootstrap
2024-03-13,17.41054916,17.47121239,16.98590088,17.16789246,2519890,0,1,13.96201465,yahoo_bootstrap
2024-03-14,17.59254074,17.59254074,17.22855759,17.22855759,2684147,0,1,14.01135137,yahoo_bootstrap
2024-03-15,17.10722923,17.34988594,16.92523766,16.98590088,1878448,0,1,13.8140076,yahoo_bootstrap
2024-03-18,17.0465641,17.0465641,16.8039093,16.86457253,1284085,0,1,13.71533573,yahoo_bootstrap
2024-03-19,16.86457253,16.92523766,16.68258095,16.68258095,1999001,0,1,13.56732868,yahoo_bootstrap
2024-03-20,16.68258095,16.68258095,16.31859779,16.37926292,3662685,0,1,13.32065129,yahoo_bootstrap
2024-03-21,16.50058937,16.8039093,16.50058937,16.74324417,2042871,0,1,13.61666384,yahoo_bootstrap
2024-03-22,16.74324417,16.92523766,16.5612545,16.86457253,1362970,0,1,13.71533573,yahoo_bootstrap
2024-03-25,16.92523766,17.59254074,16.92523766,17.34988594,4086738,0,1,14.11002325,yahoo_bootstrap
2024-03-26,17.34988594,17.41054916,17.10722923,17.16789246,2407760,0,1,13.96201465,yahoo_bootstrap
2024-03-27,17.16789246,17.47121239,17.16789246,17.41054916,1541028,0,1,14.15935841,yahoo_bootstrap
2024-03-28,17.47121239,17.65320396,17.16789246,17.22855759,2291184,0,1,14.01135137,yahoo_bootstrap
2024-03-29,17.22855759,17.22855759,17.0465641,17.10722923,1000594,0,1,13.91267948,yahoo_bootstrap
2024-04-01,17.16789246,17.59254074,17.16789246,17.47121239,1652529,0,1,14.20869358,yahoo_bootstrap
2024-04-02,17.53187752,17.59254074,17.34988594,17.47121239,1464217,0,1,14.20869358,yahoo_bootstrap
2024-04-03,17.47121239,17.65320396,17.34988594,17.59254074,2030067,0,1,14.30736546,yahoo_bootstrap
2024-04-08,17.59254074,18.13851547,17.53187752,17.9565239,5595839,0,1,14.60337956,yahoo_bootstrap
2024-04-09,17.9565239,18.32050705,17.89586067,17.9565239,4500689,0,1,14.60337956,yahoo_bootstrap
2024-04-10,18.13851547,18.38117218,17.83519554,17.9565239,3505821,0,1,14.60337956,yahoo_bootstrap
2024-04-11,18.1991806,18.62382698,17.9565239,18.01718712,6268179,0,1,14.65271472,yahoo_bootstrap
2024-04-12,18.01718712,18.32050705,17.83519554,18.13851547,3821686,0,1,14.7513866,yahoo_bootstrap
2024-04-15,18.1991806,18.25984383,17.71386719,17.71386719,2903369,0,1,14.40603579,yahoo_bootstrap
2024-04-16,17.71386719,17.71386719,17.10722923,17.22855759,3221077,0,1,14.01135137,yahoo_bootstrap
2024-04-17,17.34988594,17.59254074,17.34988594,17.47121239,1460074,0,1,14.20869358,yahoo_bootstrap
2024-04-18,17.47121239,17.53187752,17.22855759,17.28922081,1378450,0,1,14.06068653,yahoo_bootstrap
2024-04-19,17.22855759,17.28922081,16.50058937,16.86457253,3842637,0,1,13.71533573,yahoo_bootstrap
2024-04-22,16.98590088,17.47121239,16.86457253,17.0465641,2011458,0,1,13.86334277,yahoo_bootstrap
2024-04-23,17.16789246,18.62382698,17.16789246,18.25984383,12596059,0,1,14.85005849,yahoo_bootstrap
2024-04-24,18.01718712,18.25984383,17.83519554,18.1991806,5732519,0,1,14.80072332,yahoo_bootstrap
2024-04-25,18.1991806,18.62382698,18.07785225,18.38117218,5238133,0,1,14.94873037,yahoo_bootstrap
2024-04-26,18.56316376,18.56316376,18.32050705,18.4418354,3617283,0,1,14.99806553,yahoo_bootstrap
2024-04-29,18.80581856,19.10913849,18.50249863,18.74515533,6503273,0,1,15.24474446,yahoo_bootstrap
2024-04-30,18.80581856,18.80581856,18.25984383,18.50249863,2824458,0,1,15.0474007,yahoo_bootstrap
2024-05-02,18.32050705,18.4418354,18.25984383,18.32050705,2030695,0,1,14.89939365,yahoo_bootstrap
2024-05-03,18.4418354,18.62382698,18.1991806,18.32050705,2404994,0,1,14.89939365,yahoo_bootstrap
2024-05-06,18.4418354,18.56316376,18.1991806,18.25984383,1798809,0,1,14.85005849,yahoo_bootstrap
2024-05-07,18.38117218,18.50249863,18.13851547,18.25984383,2090612,0,1,14.85005849,yahoo_bootstrap
2024-05-08,18.1991806,18.1991806,17.89586067,18.1991806,1763402,0,1,14.80072332,yahoo_bootstrap
2024-05-09,18.86648369,19.8371067,18.62382698,18.92714691,17126651,0,1,15.39275151,yahoo_bootstrap
2024-05-10,19.59445,19.65511322,18.92714691,19.04847527,9171385,0,1,15.49142339,yahoo_bootstrap
2024-05-13,19.3517952,19.77644157,19.04847527,19.47312164,11251775,0,1,15.83677265,yahoo_bootstrap
2024-05-14,19.65511322,19.77644157,19.29113007,19.3517952,5620584,0,1,15.73810232,yahoo_bootstrap
2024-05-15,19.47312164,19.89776993,19.23046684,19.29113007,7950765,0,1,15.6887656,yahoo_bootstrap
2024-05-16,19.47312164,21.17171288,19.47312164,21.17171288,43202798,0,1,17.21817434,yahoo_bootstrap
2024-05-17,21.41436768,22.44565582,21.05038452,21.89967918,65215271,0,1,17.81020252,yahoo_bootstrap
2024-05-20,21.59635925,22.80963898,20.9897213,21.96034431,31504264,0,1,17.85953924,yahoo_bootstrap
2024-05-21,22.38499069,23.05229568,21.77835274,22.93096733,27469305,0,1,18.64891119,yahoo_bootstrap
2024-05-22,22.93096733,22.99163055,21.71768761,21.77835274,27813828,0,1,17.7115322,yahoo_bootstrap
2024-05-23,21.77835274,21.77835274,21.2323761,21.35370445,11128556,0,1,17.36618138,yahoo_bootstrap
2024-05-24,21.35370445,23.47694206,21.17171288,23.47694206,43129913,0,1,19.09293233,yahoo_bootstrap
2024-05-27,24.38690186,24.93287659,23.29495049,24.75088501,76161551,0,1,20.12898322,yahoo_bootstrap
2024-05-28,26.08549118,27.17744255,26.02482605,27.17744255,27630943,0,1,22.1024131,yahoo_bootstrap
2024-05-29,28.39072037,29.48267174,27.72341728,28.57271385,132431591,0,1,23.23713586,yahoo_bootstrap
2024-05-30,27.96607208,28.14806557,25.72150803,25.84283638,66235343,0,1,21.01702705,yahoo_bootstrap
2024-05-31,25.84283638,26.38881111,25.11486816,25.17553139,33628240,0,1,20.47433248,yahoo_bootstrap
2024-06-03,25.6608448,25.72150803,24.69022179,25.17553139,20390807,0,1,20.47433248,yahoo_bootstrap
2024-06-04,25.17553139,25.72150803,24.69022179,24.87221336,15635192,0,1,20.2276551,yahoo_bootstrap
2024-06-05,24.99353981,24.99353981,23.90159035,23.90159035,18048714,0,1,19.43828315,yahoo_bootstrap
2024-06-06,24.44756508,24.56889343,23.29495049,23.29495049,15650502,0,1,18.94492529,yahoo_bootstrap
2024-06-07,23.90159035,24.69022179,23.53760529,23.59827042,21234810,0,1,19.19160422,yahoo_bootstrap
2024-06-11,23.71959877,24.5082283,23.35561371,23.47694206,15758457,0,1,19.09293233,yahoo_bootstrap
2024-06-12,23.59827042,23.65893364,23.05229568,23.35561371,9132106,0,1,18.99426046,yahoo_bootstrap
2024-06-13,23.47694206,23.71959877,23.23428535,23.35561371,7550581,0,1,18.99426046,yahoo_bootstrap
2024-06-14,23.53760529,24.08358192,23.41627884,23.53760529,9603912,0,1,19.14226751,yahoo_bootstrap
2024-06-17,23.53760529,24.38690186,23.41627884,23.90159035,10919967,0,1,19.43828315,yahoo_bootstrap
2024-06-18,24.0229187,24.0229187,23.35561371,23.71959877,8081152,0,1,19.2902761,yahoo_bootstrap
2024-06-19,23.78026199,23.96225357,23.05229568,23.17362213,8803397,0,1,18.84625341,yahoo_bootstrap
2024-06-20,23.11295891,23.41627884,23.05229568,23.29495049,6234523,0,1,18.94492529,yahoo_bootstrap
2024-06-21,23.35561371,25.60017967,23.35561371,24.87221336,51454423,0,1,20.2276551,yahoo_bootstrap
2024-06-24,24.87221336,25.47885132,24.2655735,24.2655735,20414059,0,1,19.73429724,yahoo_bootstrap
2024-06-25,24.2655735,24.62955666,23.53760529,24.20490837,8614807,0,1,19.68496052,yahoo_bootstrap
2024-06-26,24.14424515,24.69022179,23.78026199,23.78026199,7332335,0,1,19.33961126,yahoo_bootstrap
2024-06-27,23.84092522,25.53951645,23.53760529,24.75088501,30272463,0,1,20.12898322,yahoo_bootstrap
2024-06-28,25.05420494,25.35752487,24.69022179,24.99353981,16125755,0,1,20.32632543,yahoo_bootstrap
2024-07-01,25.11486816,25.17553139,24.5082283,24.75088501,8624265,0,1,20.12898322,yahoo_bootstrap
2024-07-02,24.75088501,25.11486816,24.69022179,24.99353981,7448226,0,1,20.32632543,yahoo_bootstrap
2024-07-03,25.4181881,25.47885132,24.56889343,24.62955666,12529164,0,1,20.03031134,yahoo_bootstrap
2024-07-04,24.81154823,24.93287659,24.38690186,24.44756508,7610817,0,1,19.88230429,yahoo_bootstrap
2024-07-05,24.56889343,26.44947433,24.56889343,25.35752487,26061050,0,1,20.62234107,yahoo_bootstrap
2024-07-08,25.96416283,26.08549118,24.87221336,24.99353981,14423377,0,1,20.32632543,yahoo_bootstrap
2024-07-09,25.05420494,26.26748276,24.81154823,25.60017967,22286859,0,1,20.81968329,yahoo_bootstrap
2024-07-10,26.57080269,27.66275406,26.20681953,26.93478584,48010666,0,1,21.90506933,yahoo_bootstrap
2024-07-11,27.5414257,28.87603188,26.69213104,27.0561142,60126957,0,1,22.00374122,yahoo_bootstrap
2024-07-12,27.84474564,29.72532654,27.35943413,29.72532654,66652257,0,1,24.17451331,yahoo_bootstrap
2024-07-15,32.33387756,32.69786072,30.39263153,31.54524422,228214869,0,1,25.65458533,yahoo_bootstrap
2024-07-16,31.60590935,32.27321243,30.3319664,30.63528633,89489794,0,1,24.91455009,yahoo_bootstrap
2024-07-17,30.69594955,32.03055573,30.39263153,31.30258942,78655771,0,1,25.45724312,yahoo_bootstrap
2024-07-18,30.69594955,30.81727791,29.48267174,29.78599167,43526199,0,1,24.22385002,yahoo_bootstrap
2024-07-19,29.84665489,30.02864647,28.51204872,28.51204872,27981023,0,1,23.18779914,yahoo_bootstrap
2024-07-22,28.81536865,29.17935181,26.93478584,27.17744255,30294686,0,1,22.1024131,yahoo_bootstrap
2024-07-23,27.66275406,28.39072037,26.44947433,26.93478584,26539074,0,1,21.90506933,yahoo_bootstrap
2024-07-26,25.96416283,26.38881111,24.87221336,25.72150803,14103304,0,1,20.91835517,yahoo_bootstrap
2024-07-29,26.08549118,26.51013947,25.60017967,25.9034996,12370551,0,1,21.06636221,yahoo_bootstrap
2024-07-30,25.9034996,27.11677742,25.53951645,26.8134594,19308805,0,1,21.80639901,yahoo_bootstrap
2024-07-31,26.1461544,26.75279427,25.72150803,25.84283638,13847114,0,1,21.01702705,yahoo_bootstrap
2024-08-01,26.20681953,27.11677742,26.1461544,26.69213104,22350498,0,1,21.70772712,yahoo_bootstrap
2024-08-02,26.08549118,26.38881111,25.72150803,26.02482605,9998851,0,1,21.16503255,yahoo_bootstrap
2024-08-05,24.93287659,24.99353981,23.47694206,23.47694206,13730637,0,1,19.09293233,yahoo_bootstrap
2024-08-06,23.53760529,24.0229187,21.17171288,22.20299911,22251123,0,1,18.05688145,yahoo_bootstrap
2024-08-07,23.53760529,24.38690186,23.17362213,24.38690186,11087993,0,1,19.83296913,yahoo_bootstrap
2024-08-08,24.56889343,26.8134594,24.56889343,26.1461544,40944555,0,1,21.26370443,yahoo_bootstrap
2024-08-09,26.38881111,27.66275406,25.96416283,26.26748276,47961170,0,1,21.36237631,yahoo_bootstrap
2024-08-12,26.93478584,27.66275406,26.38881111,26.87412262,23063593,0,1,21.85573417,yahoo_bootstrap
2024-08-13,27.17744255,27.35943413,26.51013947,26.99544907,13751922,0,1,21.9544045,yahoo_bootstrap
2024-08-14,27.35943413,27.60209084,26.57080269,26.57080269,15907879,0,1,21.60905524,yahoo_bootstrap
2024-08-15,26.69213104,28.33005714,26.51013947,28.02673721,46750366,0,1,22.79311316,yahoo_bootstrap
2024-08-16,28.39072037,28.75470352,27.48076248,27.84474564,31022643,0,1,22.64510612,yahoo_bootstrap
2024-08-19,27.66275406,29.36134338,27.2987709,28.87603188,40754063,0,1,23.48381324,yahoo_bootstrap
2024-08-20,28.63337708,29.17935181,28.39072037,28.63337708,21751770,0,1,23.28647103,yahoo_bootstrap
2024-08-21,28.57271385,28.75470352,27.96607208,28.14806557,9680798,0,1,22.89178505,yahoo_bootstrap
2024-08-22,28.33005714,28.51204872,27.60209084,27.60209084,9999203,0,1,22.44776391,yahoo_bootstrap
2024-08-23,27.2987709,27.60209084,26.93478584,27.5414257,8790497,0,1,22.39842719,yahoo_bootstrap
2024-08-26,27.96607208,28.39072037,27.5414257,27.66275406,8215628,0,1,22.49709907,yahoo_bootstrap
2024-08-27,27.72341728,27.84474564,27.2987709,27.78408051,6057553,0,1,22.59576941,yahoo_bootstrap
2024-08-28,27.96607208,28.08740044,27.35943413,27.5414257,8280854,0,1,22.39842719,yahoo_bootstrap
2024-08-29,27.11677742,28.02673721,27.0561142,27.84474564,6447093,0,1,22.64510612,yahoo_bootstrap
2024-08-30,28.02673721,28.14806557,27.5414257,27.5414257,7010653,0,1,22.39842719,yahoo_bootstrap
2024-09-02,27.90540886,27.90540886,27.0561142,27.0561142,4774122,0,1,22.00374122,yahoo_bootstrap
2024-09-03,27.11677742,27.84474564,27.0561142,27.17744255,6694950,0,1,22.1024131,yahoo_bootstrap
2024-09-04,25.60017967,26.8134594,25.05420494,26.1461544,8416484,0,1,21.26370443,yahoo_bootstrap
2024-09-05,26.93478584,27.42009735,25.78217125,25.9034996,7510388,0,1,21.06636221,yahoo_bootstrap
2024-09-06,26.44947433,26.44947433,25.35752487,25.35752487,7406716,0,1,20.62234107,yahoo_bootstrap
2024-09-09,24.62955666,24.81154823,24.14424515,24.5082283,8360369,0,1,19.93163945,yahoo_bootstrap
2024-09-10,25.29685974,25.78217125,24.5082283,24.81154823,12595114,0,1,20.17831838,yahoo_bootstrap
2024-09-11,24.99353981,25.05420494,24.75088501,24.75088501,4279122,0,1,20.12898322,yahoo_bootstrap
2024-09-12,25.23619652,25.60017967,24.75088501,24.75088501,6991668,0,1,20.12898322,yahoo_bootstrap
2024-09-13,24.93287659,24.99353981,24.62955666,24.75088501,4379903,0,1,20.12898322,yahoo_bootstrap
2024-09-16,24.81154823,25.35752487,24.81154823,24.93287659,5620836,0,1,20.27699027,yahoo_bootstrap
2024-09-18,25.05420494,25.29685974,24.62955666,24.62955666,5382313,0,1,20.03031134,yahoo_bootstrap
2024-09-19,24.62955475,24.62955475,24.62955475,24.62955475,0,0.985245,0.91879474,20.86496139,yahoo_bootstrap
2024-09-20,24.62955475,24.62955475,24.62955475,24.62955475,0,0,1,20.86496139,yahoo_bootstrap
2024-09-23,24.62955475,24.62955475,24.62955475,24.62955475,0,0,1,20.86496139,yahoo_bootstrap
2024-09-24,24.62955475,24.62955475,24.62955475,24.62955475,0,0,1,20.86496139,yahoo_bootstrap
2024-09-25,24.62955475,24.62955475,24.62955475,24.62955475,0,0,1,20.86496139,yahoo_bootstrap
2024-09-26,24.62955475,24.62955475,24.62955475,24.62955475,0,0,1,20.86496139,yahoo_bootstrap
2024-09-27,24.62955475,24.62955475,24.62955475,24.62955475,0,0,1,20.86496139,yahoo_bootstrap
2024-09-30,24.52458954,24.63606453,24.19016266,24.52458954,6792981,0,1,20.77603996,yahoo_bootstrap
2024-10-01,24.74753952,24.80327797,23.91147423,24.19016266,6228874,0,1,20.49272977,yahoo_bootstrap
2024-10-04,24.30163956,24.30163956,23.07540894,23.07540894,5329417,0,1,19.54836461,yahoo_bootstrap
2024-10-07,23.35409737,24.13442612,23.35409737,23.68852425,3650261,0,1,20.0677661,yahoo_bootstrap
2024-10-08,23.7442627,23.96721268,23.6327858,23.79999924,2918030,0,1,20.16220229,yahoo_bootstrap
2024-10-09,24.41311455,24.74753952,23.91147423,23.96721268,9202304,0,1,20.30385738,yahoo_bootstrap
2024-10-11,24.19016266,24.85901642,24.07868767,24.07868767,5633210,0,1,20.39829358,yahoo_bootstrap
2024-10-14,23.96721268,24.30163956,23.85573769,24.02294922,3205516,0,1,20.35107467,yahoo_bootstrap
2024-10-15,24.07868767,24.52458954,24.07868767,24.19016266,3221569,0,1,20.49272977,yahoo_bootstrap
2024-10-16,24.24590111,24.3573761,23.91147423,24.24590111,2923573,0,1,20.53994867,yahoo_bootstrap
2024-10-17,24.46885109,24.69180298,24.30163956,24.46885109,5841881,0,1,20.72882106,yahoo_bootstrap
2024-10-18,24.52458954,24.69180298,23.85573769,23.85573769,6196860,0.657705,1,20.76764033,yahoo_bootstrap
2024-10-21,24.13442612,24.41311455,23.68852425,24.07868767,3673928,0,1,20.96172969,yahoo_bootstrap
2024-10-22,24.13442612,24.13442612,23.68852425,23.85573769,3119521,0,1,20.76764033,yahoo_bootstrap
2024-10-23,23.79999924,26.19672012,23.79999924,26.19672012,19780350,0,1,22.80558532,yahoo_bootstrap
2024-10-24,26.531147,26.80983543,24.97049141,25.0819664,47941224,0,1,21.83513516,yahoo_bootstrap
2024-10-25,25.02622986,25.36065483,24.24590111,24.58032608,14102453,0,1,21.3984316,yahoo_bootstrap
2024-10-28,24.58032608,25.02622986,24.19016266,24.24590111,6862813,0,1,21.10729755,yahoo_bootstrap
2024-10-29,24.19016266,24.52458954,23.68852425,23.79999924,6009443,0,1,20.71911715,yahoo_bootstrap
2024-10-30,23.96721268,24.19016266,23.40983582,23.40983582,4507239,0,1,20.37945993,yahoo_bootstrap
2024-11-01,23.18688583,23.57704926,23.13114738,23.52131081,3346093,0,1,20.47650462,yahoo_bootstrap
2024-11-04,23.6327858,24.30163956,23.40983582,23.96721268,4867711,0,1,20.86468501,yahoo_bootstrap
2024-11-05,23.85573769,24.69180298,23.85573769,24.19016266,5203141,0,1,21.05877438,yahoo_bootstrap
2024-11-06,24.41311455,24.58032608,24.19016266,24.46885109,4699702,0,1,21.30138691,yahoo_bootstrap
2024-11-07,24.19016266,24.52458954,24.07868767,24.3573761,6782743,0,1,21.20434223,yahoo_bootstrap
2024-11-08,24.24590111,24.3573761,23.13114738,23.18688583,13320173,0,1,20.18537056,yahoo_bootstrap
2024-11-11,22.96393394,23.13114738,22.46229553,22.68524551,8984026,0,1,19.74866699,yahoo_bootstrap
2024-11-12,22.51803207,22.7967205,22.18360519,22.29508018,4623102,0,1,19.40900811,yahoo_bootstrap
2024-11-13,22.35081863,22.68524551,22.18360519,22.18360519,3072970,0,1,19.31196343,yahoo_bootstrap
2024-11-14,22.29508018,22.51803207,22.0721302,22.12786865,3685094,0,1,19.26344192,yahoo_bootstrap
2024-11-15,22.18360519,22.9081955,22.18360519,22.35081863,4312534,0,1,19.45753128,yahoo_bootstrap
2024-11-18,22.51803207,22.51803207,22.0721302,22.0721302,3312492,0,1,19.21491874,yahoo_bootstrap
2024-11-19,22.29508018,22.29508018,21.96065521,22.12786865,2590223,0,1,19.26344192,yahoo_bootstrap
2024-11-20,22.18360519,22.23934364,21.62622833,21.62622833,3729062,0,1,18.82673835,yahoo_bootstrap
2024-11-21,21.62622833,22.0721302,21.40327835,21.96065521,2637741,0,1,19.11787406,yahoo_bootstrap
2024-11-22,22.0721302,22.46229553,22.0721302,22.29508018,3369665,0,1,19.40900811,yahoo_bootstrap
2024-11-25,22.51803207,23.01967239,22.35081863,22.85245895,5194294,0,1,19.89423485,yahoo_bootstrap
2024-11-26,22.9081955,23.07540894,22.62950706,22.9081955,3121136,0,1,19.94275637,yahoo_bootstrap
2024-11-27,23.29836082,23.29836082,22.35081863,22.40655708,4344690,0,1,19.50605445,yahoo_bootstrap
2024-11-28,22.29508018,22.46229553,21.68196678,21.68196678,3698468,0,1,18.87526152,yahoo_bootstrap
2024-11-29,21.57049179,21.90491867,21.40327835,21.79344177,2714573,0,1,18.9723062,yahoo_bootstrap
2024-12-02,22.0721302,22.12786865,21.73770332,21.73770332,1522773,0,1,18.92378303,yahoo_bootstrap
2024-12-03,21.84918022,22.23934364,21.84918022,21.96065521,1449636,0,1,19.11787406,yahoo_bootstrap
2024-12-04,22.0721302,22.18360519,21.84918022,22.12786865,2216058,0,1,19.26344192,yahoo_bootstrap
2024-12-05,22.46229553,22.68524551,22.29508018,22.29508018,4723165,0,1,19.40900811,yahoo_bootstrap
2024-12-06,22.40655708,22.51803207,22.01639366,22.01639366,2807740,0,1,19.16639723,yahoo_bootstrap
2024-12-09,22.01639366,22.12786865,21.51475334,21.51475334,3822429,0,1,18.72969367,yahoo_bootstrap
2024-12-10,21.57049179,21.84918022,21.29180336,21.29180336,2871573,0,1,18.5356043,yahoo_bootstrap
2024-12-11,21.29180336,21.57049179,21.12458992,21.29180336,2031771,0,1,18.5356043,yahoo_bootstrap
2024-12-12,21.40327835,22.01639366,21.40327835,21.51475334,2673567,0,1,18.72969367,yahoo_bootstrap
2024-12-13,21.51475334,21.57049179,20.90163994,20.90163994,3374718,0,1,18.19594708,yahoo_bootstrap
2024-12-16,21.12458992,21.18032646,20.6229496,20.90163994,1823011,0,1,18.19594708,yahoo_bootstrap
2024-12-17,20.95737648,21.18032646,20.84590149,21.06885147,1458987,0,1,18.34151327,yahoo_bootstrap
2024-12-18,21.01311493,21.18032646,20.79016304,20.95737648,1980761,0,1,18.24446859,yahoo_bootstrap
2024-12-19,20.45573616,20.84590149,20.34426117,20.79016304,2159870,0,1,18.09890073,yahoo_bootstrap
2024-12-20,21.01311493,21.62622833,21.01311493,21.3475399,5068105,0,1,18.58412581,yahoo_bootstrap
2024-12-23,21.4590168,21.73770332,21.3475399,21.3475399,1822486,0,1,18.58412581,yahoo_bootstrap
2024-12-24,21.51475334,21.57049179,21.12458992,21.18032646,1646904,0,1,18.43855795,yahoo_bootstrap
2024-12-25,21.40327835,21.62622833,21.23606491,21.51475334,1865692,0,1,18.72969367,yahoo_bootstrap
2024-12-26,21.68196678,21.73770332,21.29180336,21.40327835,1633152,0,1,18.63264898,yahoo_bootstrap
2024-12-27,21.40327835,21.4590168,21.18032646,21.29180336,1305132,0,1,18.5356043,yahoo_bootstrap
2024-12-30,21.18032646,21.23606491,20.84590149,20.84590149,1432814,0,1,18.14742391,yahoo_bootstrap
2024-12-31,20.84590149,20.90163994,20.56721306,20.67868805,1363613,0,1,18.00185605,yahoo_bootstrap
2025-01-02,20.39999962,21.06885147,20.39999962,20.7344265,1642815,0,1,18.05037922,yahoo_bootstrap
2025-01-03,20.7344265,21.01311493,20.51147461,20.51147461,1636384,0,1,17.85628819,yahoo_bootstrap
2025-01-06,20.7344265,21.23606491,20.56721306,21.23606491,3155673,0,1,18.48708113,yahoo_bootstrap
2025-01-07,21.4590168,21.73770332,20.84590149,20.90163994,2909569,0,1,18.19594708,yahoo_bootstrap
2025-01-08,21.18032646,21.4590168,20.84590149,21.40327835,3040640,0,1,18.63264898,yahoo_bootstrap
2025-01-09,21.4590168,21.4590168,20.67868805,20.7344265,2311906,0,1,18.05037922,yahoo_bootstrap
2025-01-10,20.79016304,21.01311493,20.0098362,20.12131119,3899961,0,1,17.51663097,yahoo_bootstrap
2025-01-13,20.06557274,20.56721306,19.56393433,20.28852463,6342736,0,1,17.66219883,yahoo_bootstrap
2025-01-14,20.51147461,20.51147461,20.0098362,20.34426117,2925526,0,1,17.71072034,yahoo_bootstrap
2025-01-15,20.34426117,20.7344265,20.0098362,20.0098362,2355370,0,1,17.41958629,yahoo_bootstrap
2025-01-16,20.28852463,20.45573616,20.0098362,20.06557274,1902575,0,1,17.4681078,yahoo_bootstrap
2025-01-17,20.17704964,20.28852463,20.0098362,20.06557274,1513379,0,1,17.4681078,yahoo_bootstrap
2025-01-20,20.12131119,20.17704964,20.0098362,20.12131119,1151517,0,1,17.51663097,yahoo_bootstrap
2025-01-21,20.28852463,20.39999962,19.73114777,19.73114777,2638515,0,1,17.17697375,yahoo_bootstrap
2025-01-22,19.8983593,20.12131119,19.73114777,20.06557274,1741978,0,1,17.4681078,yahoo_bootstrap
2025-02-03,19.73114777,19.84262276,19.34098244,19.78688431,3381885,0,1,17.22549526,yahoo_bootstrap
2025-02-04,19.8983593,20.06557274,19.45245934,19.56393433,2039711,0,1,17.0314059,yahoo_bootstrap
2025-02-05,19.78688431,20.51147461,19.78688431,20.28852463,2961659,0,1,17.66219883,yahoo_bootstrap
2025-02-06,20.6229496,20.6229496,20.28852463,20.56721306,1612594,0,1,17.90481137,yahoo_bootstrap
2025-02-07,20.6229496,20.67868805,20.17704964,20.28852463,1801980,0,1,17.66219883,yahoo_bootstrap
2025-02-10,20.12131119,20.23278618,20.0098362,20.12131119,1435427,0,1,17.51663097,yahoo_bootstrap
2025-02-11,20.17704964,20.34426117,19.84262276,19.84262276,2584462,0,1,17.27401843,yahoo_bootstrap
2025-02-12,19.8983593,20.39999962,19.8983593,20.17704964,2435038,0,1,17.56515415,yahoo_bootstrap
2025-02-13,20.28852463,20.6229496,20.28852463,20.45573616,2795653,0,1,17.80776502,yahoo_bootstrap
2025-02-14,20.51147461,20.7344265,20.34426117,20.67868805,1895500,0,1,18.00185605,yahoo_bootstrap
2025-02-17,20.84590149,20.95737648,20.6229496,20.90163994,2207783,0,1,18.19594708,yahoo_bootstrap
2025-02-18,20.95737648,21.12458992,20.7344265,21.12458992,2332818,0,1,18.39003644,yahoo_bootstrap
2025-02-19,20.95737648,21.40327835,20.95737648,21.29180336,2633752,0,1,18.5356043,yahoo_bootstrap
2025-02-20,21.3475399,21.4590168,20.90163994,20.95737648,2851800,0,1,18.24446859,yahoo_bootstrap
2025-02-21,21.01311493,21.29180336,21.01311493,21.29180336,1687490,0,1,18.5356043,yahoo_bootstrap
2025-02-24,21.23606491,21.40327835,21.18032646,21.3475399,1363356,0,1,18.58412581,yahoo_bootstrap
2025-02-25,21.23606491,21.29180336,21.06885147,21.06885147,1655478,0,1,18.34151327,yahoo_bootstrap
2025-02-26,21.06885147,21.12458992,20.95737648,21.06885147,859033,0,1,18.34151327,yahoo_bootstrap
2025-02-27,21.12458992,21.4590168,20.90163994,20.95737648,2054549,0,1,18.24446859,yahoo_bootstrap
2025-03-03,20.90163994,21.12458992,20.7344265,21.06885147,1212690,0,1,18.34151327,yahoo_bootstrap
2025-03-04,20.95737648,21.3475399,20.67868805,21.29180336,1876300,0,1,18.5356043,yahoo_bootstrap
2025-03-05,21.29180336,21.40327835,21.12458992,21.18032646,1484791,0,1,18.43855795,yahoo_bootstrap
2025-03-06,21.23606491,21.40327835,20.06557274,20.06557274,9578542,0,1,17.4681078,yahoo_bootstrap
2025-03-07,20.06557274,20.23278618,19.78688431,19.78688431,2616455,0,1,17.22549526,yahoo_bootstrap
2025-03-10,19.8983593,19.95409775,19.50819588,19.50819588,2536378,0,1,16.98288272,yahoo_bootstrap
2025-03-11,19.11803246,19.2852459,18.61639214,19.1737709,3742280,0,1,16.69174867,yahoo_bootstrap
2025-03-12,19.39672089,19.50819588,19.06229591,19.34098244,1268433,0,1,16.83731487,yahoo_bootstrap
2025-03-13,19.39672089,19.56393433,18.83934402,18.89508057,2515957,0,1,16.44913447,yahoo_bootstrap
2025-03-14,18.89508057,19.1737709,18.78360558,19.06229591,1849720,0,1,16.59470398,yahoo_bootstrap
2025-03-17,19.34098244,19.45245934,19.06229591,19.45245934,1801259,0,1,16.93436121,yahoo_bootstrap
2025-03-18,19.50819588,19.95409775,19.1737709,19.61967278,4444469,0,1,17.07992907,yahoo_bootstrap
2025-03-19,19.61967278,19.67540932,19.45245934,19.61967278,1284508,0,1,17.07992907,yahoo_bootstrap
2025-03-20,19.61967278,19.8983593,19.39672089,19.50819588,2348552,0,1,16.98288272,yahoo_bootstrap
2025-03-21,19.56393433,19.61967278,19.39672089,19.50819588,1010863,0,1,16.98288272,yahoo_bootstrap
2025-03-24,19.61967278,19.61967278,19.2852459,19.39672089,1361805,0,1,16.88583804,yahoo_bootstrap
2025-03-25,19.50819588,19.56393433,18.95081902,18.95081902,2105446,0,1,16.49765765,yahoo_bootstrap
2025-03-26,19.00655746,19.22950745,18.83934402,18.89508057,1276782,0,1,16.44913447,yahoo_bootstrap
2025-03-27,18.89508057,18.95081902,18.67213058,18.72786713,1267815,0,1,16.30356662,yahoo_bootstrap
2025-03-28,18.72786713,18.72786713,18.05901527,18.11475372,2821974,0,1,15.76982002,yahoo_bootstrap
2025-03-31,17.44590187,17.6131134,16.8885231,16.8885231,5512266,0,1,14.70232352,yahoo_bootstrap
2025-04-01,17.11147499,17.66885185,17,17.6131134,1940706,0,1,15.33311646,yahoo_bootstrap
2025-04-02,17.6131134,17.83606529,17.27868843,17.7245903,1328567,0,1,15.4301628,yahoo_bootstrap
2025-04-07,15.99672127,15.99672127,15.99672127,15.99672127,273751,0,1,13.9259644,yahoo_bootstrap
2025-04-08,14.43606472,14.8262291,14.43606472,14.43606472,3218335,0,1,12.56733301,yahoo_bootstrap
2025-04-09,13.26557255,13.71147537,13.04262161,13.04262161,6396379,0,1,11.35426949,yahoo_bootstrap
2025-04-10,14.15737724,14.32458973,13.76721287,14.32458973,3701179,0,1,12.47028833,yahoo_bootstrap
2025-04-11,13.71147537,14.49180317,13.26557255,14.43606472,4693740,0,1,12.56733301,yahoo_bootstrap
2025-04-14,14.88196659,15.60655689,14.77049065,14.88196659,3608664,0,1,12.95551341,yahoo_bootstrap
2025-04-15,15.10491753,15.77377033,14.99344158,15.66229534,2881910,0,1,13.63482951,yahoo_bootstrap
2025-04-16,15.82950783,15.82950783,15.10491753,15.10491753,2943229,0,1,13.14960361,yahoo_bootstrap
2025-04-17,15.04918003,15.5508194,14.8262291,15.43934441,2815462,0,1,13.44073932,yahoo_bootstrap
2025-04-18,15.5508194,15.99672127,15.43934441,15.43934441,2516197,0,1,13.44073932,yahoo_bootstrap
2025-04-21,15.49508095,15.71803188,15.16065502,15.16065502,3015232,0,1,13.19812595,yahoo_bootstrap
2025-04-22,15.16065502,15.43934441,14.93770409,15.32786846,2479404,0,1,13.3436938,yahoo_bootstrap
2025-04-23,15.60655689,15.71803188,15.43934441,15.49508095,2711537,0,1,13.48926083,yahoo_bootstrap
2025-04-24,15.5508194,15.5508194,15.21639347,15.27213097,1112494,0,1,13.29517147,yahoo_bootstrap
2025-04-25,15.43934441,15.66229534,15.27213097,15.32786846,2604502,0,1,13.3436938,yahoo_bootstrap
2025-04-28,15.49508095,15.77377033,15.43934441,15.77377033,2640118,0,1,13.7318742,yahoo_bootstrap
2025-04-29,15.82950783,16.33114624,15.71803188,16.33114624,2986978,0,1,14.21709845,yahoo_bootstrap
2025-04-30,16.2754097,16.33114624,15.82950783,15.88524532,1885950,0,1,13.82891888,yahoo_bootstrap
2025-05-02,15.99672127,16.05245972,15.77377033,15.88524532,1736826,0,1,13.82891888,yahoo_bootstrap
2025-05-05,16.05245972,16.05245972,15.16065502,15.43934441,2639951,0,1,13.44073932,yahoo_bootstrap
2025-05-06,15.43934441,15.66229534,15.38360596,15.60655689,1516252,0,1,13.58630634,yahoo_bootstrap
2025-05-07,15.60655689,15.60655689,15.38360596,15.43934441,1370602,0,1,13.44073932,yahoo_bootstrap
2025-05-08,15.49508095,15.88524532,15.49508095,15.77377033,1444341,0,1,13.7318742,yahoo_bootstrap
2025-05-09,15.82950783,15.99672127,15.66229534,15.88524532,1636629,0,1,13.82891888,yahoo_bootstrap
2025-05-12,15.94098282,16.16393471,15.94098282,16.10819626,1707998,0,1,14.02300908,yahoo_bootstrap
2025-05-13,16.38688469,16.38688469,15.99672127,15.99672127,1527604,0,1,13.9259644,yahoo_bootstrap
2025-05-14,16.10819626,16.16393471,15.94098282,16.10819626,1434321,0,1,14.02300908,yahoo_bootstrap
2025-05-15,16.16393471,17.66885185,15.88524532,17.66885185,9995711,0,1,15.38163963,yahoo_bootstrap
2025-05-16,17.83606529,18.05901527,17.11147499,17.11147499,17769418,0,1,14.89641455,yahoo_bootstrap
2025-05-19,17.11147499,17.27868843,16.60983658,16.60983658,4660329,0,1,14.45971265,yahoo_bootstrap
2025-05-20,16.8885231,17.11147499,16.72131157,16.72131157,3839272,0,1,14.55675733,yahoo_bootstrap
2025-05-21,16.83278656,16.83278656,16.55409813,16.66557312,2158959,0,1,14.50823416,yahoo_bootstrap
2025-05-22,16.60983658,16.77704811,16.38688469,16.60983658,2166571,0,1,14.45971265,yahoo_bootstrap
2025-05-23,16.55409813,16.77704811,16.38688469,16.44262123,2911206,0,1,14.31414313,yahoo_bootstrap
2025-05-26,16.49835968,16.49835968,16.21967125,16.21967125,1310192,0,1,14.12005376,yahoo_bootstrap
2025-05-27,16.21967125,16.44262123,15.99672127,15.99672127,1402532,0,1,13.9259644,yahoo_bootstrap
2025-05-28,16.16393471,16.21967125,15.77377033,15.82950783,2174118,0,1,13.78039654,yahoo_bootstrap
2025-05-29,15.94098282,16.05245972,15.5508194,15.66229534,2724293,0,1,13.63482951,yahoo_bootstrap
2025-06-02,15.5508194,15.66229534,15.10491753,15.21639347,2390114,0,1,13.24664912,yahoo_bootstrap
2025-06-03,15.27213097,15.38360596,15.10491753,15.16065502,1062254,0,1,13.19812595,yahoo_bootstrap
2025-06-04,15.32786846,15.66229534,15.32786846,15.5508194,1614095,0,1,13.537784,yahoo_bootstrap
2025-06-05,15.60655689,15.82950783,15.49508095,15.60655689,1672979,0,1,13.58630634,yahoo_bootstrap
2025-06-06,15.60655689,15.77377033,15.5508194,15.66229534,688112,0,1,13.63482951,yahoo_bootstrap
2025-06-09,16.05245972,16.16393471,15.60655689,15.71803188,1915988,0,1,13.68335102,yahoo_bootstrap
2025-06-10,15.88524532,16.10819626,15.77377033,15.82950783,1702715,0,1,13.78039654,yahoo_bootstrap
2025-06-11,15.88524532,16.10819626,15.71803188,16.10819626,1431070,0,1,14.02300908,yahoo_bootstrap
2025-06-12,16.10819626,16.33114624,15.99672127,16.33114624,1417581,0,1,14.21709845,yahoo_bootstrap
2025-06-13,16.10819626,16.16393471,15.82950783,15.82950783,1495497,0,1,13.78039654,yahoo_bootstrap
2025-06-16,15.71803188,15.77377033,15.60655689,15.71803188,1010737,0,1,13.68335102,yahoo_bootstrap
2025-06-17,15.82950783,15.88524532,15.5508194,15.66229534,1607280,0,1,13.63482951,yahoo_bootstrap
2025-06-18,15.71803188,16.21967125,15.66229534,16.05245972,2180904,0,1,13.97448757,yahoo_bootstrap
2025-06-19,15.94098282,15.99672127,15.43934441,15.49508095,1712630,0,1,13.48926083,yahoo_bootstrap
2025-06-20,15.5508194,15.5508194,15.10491753,15.16065502,2095104,0,1,13.19812595,yahoo_bootstrap
2025-06-23,15.04918003,15.10491753,14.65901566,15.04918003,1219809,0,1,13.10108126,yahoo_bootstrap
2025-06-24,15.32786846,15.66229534,15.27213097,15.66229534,1381153,0,1,13.63482951,yahoo_bootstrap
2025-06-25,15.71803188,15.77377033,15.5508194,15.5508194,787393,0,1,13.537784,yahoo_bootstrap
2025-06-26,15.5508194,16.05245972,15.5508194,15.88524532,1720800,0,1,13.82891888,yahoo_bootstrap
2025-06-27,15.94098282,16.10819626,15.77377033,15.88524532,908092,0,1,13.82891888,yahoo_bootstrap
2025-06-30,15.94098282,15.99672127,15.5508194,15.60655689,854903,0,1,13.58630634,yahoo_bootstrap
2025-07-01,15.60655689,15.88524532,15.60655689,15.88524532,955307,0,1,13.82891888,yahoo_bootstrap
2025-07-02,15.88524532,15.99672127,15.82950783,15.88524532,887139,0,1,13.82891888,yahoo_bootstrap
2025-07-03,15.94098282,16.16393471,15.94098282,15.94098282,1295793,0,1,13.87744122,yahoo_bootstrap
2025-07-04,16.05245972,16.10819626,15.66229534,15.77377033,931781,0,1,13.7318742,yahoo_bootstrap
2025-07-07,15.82950783,15.82950783,15.49508095,15.60655689,701726,0,1,13.58630634,yahoo_bootstrap
2025-07-08,15.60655689,15.60655689,15.27213097,15.38360596,866154,0,1,13.39221615,yahoo_bootstrap
2025-07-09,15.38360596,15.5508194,15.38360596,15.49508095,464610,0,1,13.48926083,yahoo_bootstrap
2025-07-10,15.43934441,15.49508095,15.21639347,15.21639347,785525,0,1,13.24664912,yahoo_bootstrap
2025-07-11,15.27213097,15.38360596,15.21639347,15.21639347,899974,0,1,13.24664912,yahoo_bootstrap
2025-07-14,15.27213097,15.27213097,14.88196659,14.93770409,1239354,0,1,13.00403575,yahoo_bootstrap
2025-07-15,14.88196659,15.10491753,14.88196659,14.88196659,959700,0,1,12.95551341,yahoo_bootstrap
2025-07-16,14.93770409,15.21639347,14.88196659,14.99344158,1081442,0,1,13.05255809,yahoo_bootstrap
2025-07-17,15.16065502,15.77377033,15.10491753,15.5508194,2607699,0,1,13.537784,yahoo_bootstrap
2025-07-18,15.60655689,15.71803188,15.32786846,15.38360596,1008732,0,1,13.39221615,yahoo_bootstrap
2025-07-21,15.38360596,15.5508194,15.27213097,15.27213097,818225,0,1,13.29517147,yahoo_bootstrap
2025-07-22,15.38360596,15.38360596,14.7147541,14.77049065,2226558,0,1,12.8584679,yahoo_bootstrap
2025-07-23,14.93770409,15.21639347,14.88196659,15.16065502,1487047,0,1,13.19812595,yahoo_bootstrap
2025-07-24,15.16065502,15.27213097,14.99344158,15.21639347,776187,0,1,13.24664912,yahoo_bootstrap
2025-07-25,15.10491753,15.27213097,15.10491753,15.21639347,970803,0,1,13.24664912,yahoo_bootstrap
2025-07-28,15.27213097,15.38360596,15.04918003,15.27213097,899937,0,1,13.29517147,yahoo_bootstrap
2025-07-29,15.27213097,15.32786846,14.99344158,15.10491753,882135,0,1,13.14960361,yahoo_bootstrap
2025-07-30,15.16065502,15.27213097,14.99344158,15.16065502,1230420,0,1,13.19812595,yahoo_bootstrap
2025-07-31,15.27213097,15.27213097,14.77049065,14.8262291,2380270,0,1,12.90699107,yahoo_bootstrap
2025-08-04,14.7147541,15.38360596,14.54753971,15.27213097,2036657,0,1,13.29517147,yahoo_bootstrap
2025-08-05,15.38360596,15.5508194,15.27213097,15.49508095,1438865,0,1,13.48926083,yahoo_bootstrap
2025-08-06,15.49508095,15.60655689,15.38360596,15.43934441,995806,0,1,13.44073932,yahoo_bootstrap
2025-08-07,15.43934441,15.71803188,15.32786846,15.32786846,1278971,0,1,13.3436938,yahoo_bootstrap
2025-08-08,15.21639347,15.21639347,14.38032722,14.54753971,6935203,0,1,12.6643777,yahoo_bootstrap
2025-08-11,14.49180317,14.65901566,14.43606472,14.54753971,1406330,0,1,12.6643777,yahoo_bootstrap
2025-08-12,14.49180317,14.7147541,14.49180317,14.65901566,1277122,0,1,12.76142322,yahoo_bootstrap
2025-08-13,14.77049065,14.93770409,14.43606472,14.54753971,2988816,0,1,12.6643777,yahoo_bootstrap
2025-08-14,14.65901566,15.10491753,14.65901566,14.88196659,4056064,0,1,12.95551341,yahoo_bootstrap
2025-08-15,14.93770409,14.99344158,14.7147541,14.88196659,1540851,0,1,12.95551341,yahoo_bootstrap
2025-08-18,14.88196659,15.49508095,14.8262291,15.21639347,3221021,0,1,13.24664912,yahoo_bootstrap
2025-08-19,15.21639347,15.38360596,14.88196659,15.27213097,2842299,0,1,13.29517147,yahoo_bootstrap
2025-08-20,15.10491753,15.16065502,14.65901566,14.7147541,2860551,0,1,12.80994638,yahoo_bootstrap
2025-08-21,14.77049065,15.16065502,14.77049065,15.10491753,2315407,0,1,13.14960361,yahoo_bootstrap
2025-08-22,15.10491753,15.21639347,14.77049065,14.8262291,1430429,0,1,12.90699107,yahoo_bootstrap
2025-08-25,14.99344158,15.27213097,14.88196659,14.88196659,2291301,0,1,12.95551341,yahoo_bootstrap
2025-08-26,14.88196659,14.99344158,14.77049065,14.88196659,1344492,0,1,12.95551341,yahoo_bootstrap
2025-08-27,15.04918003,15.77377033,15.04918003,15.38360596,6124070,0,1,13.39221615,yahoo_bootstrap
2025-08-28,15.38360596,15.5508194,15.21639347,15.49508095,2012655,0,1,13.48926083,yahoo_bootstrap
2025-08-29,15.60655689,15.66229534,15.21639347,15.32786846,1806142,0,1,13.3436938,yahoo_bootstrap
2025-09-01,15.27213097,15.49508095,15.10491753,15.21639347,1976374,0,1,13.24664912,yahoo_bootstrap
2025-09-02,15.27213097,15.32786846,14.8262291,14.93770409,1404455,0,1,13.00403575,yahoo_bootstrap
2025-09-03,14.88196659,14.99344158,14.8262291,14.99344158,1499771,0,1,13.05255809,yahoo_bootstrap
2025-09-04,15.04918003,15.32786846,15.04918003,15.16065502,1564302,0,1,13.19812595,yahoo_bootstrap
2025-09-05,15.21639347,15.38360596,15.04918003,15.32786846,1222736,0,1,13.3436938,yahoo_bootstrap
2025-09-08,15.38360596,15.71803188,15.27213097,15.38360596,2535035,0,1,13.39221615,yahoo_bootstrap
2025-09-09,15.43934441,15.49508095,15.16065502,15.27213097,1713177,0,1,13.29517147,yahoo_bootstrap
2025-09-10,15.27213097,15.49508095,14.99344158,15.38360596,2660686,0,1,13.39221615,yahoo_bootstrap
2025-09-11,15.38360596,15.38360596,14.65901566,14.7147541,3524890,0,1,12.80994638,yahoo_bootstrap
2025-09-12,14.77049065,14.99344158,14.77049065,14.8262291,1411762,0,1,12.90699107,yahoo_bootstrap
2025-09-15,14.8262291,14.99344158,14.65901566,14.7147541,1433970,0,1,12.80994638,yahoo_bootstrap
2025-09-16,14.77049065,14.88196659,14.60327816,14.8262291,1960800,0,1,12.90699107,yahoo_bootstrap
2025-09-17,14.77049065,15.32786846,14.77049065,14.99344158,3573249,0,1,13.05255809,yahoo_bootstrap
2025-09-18,14.99344158,15.21639347,14.88196659,15.04918003,1974489,0,1,13.10108126,yahoo_bootstrap
2025-09-19,15.16065502,15.27213097,14.93770409,15.16065502,2776349,0,1,13.19812595,yahoo_bootstrap
2025-09-22,15.27213097,15.32786846,15.04918003,15.10491753,1929504,0,1,13.14960361,yahoo_bootstrap
2025-09-23,15.16065502,15.27213097,14.99344158,15.10491753,2821230,0,1,13.14960361,yahoo_bootstrap
2025-09-24,15.04918003,15.16065502,14.8262291,14.88196659,2755642,0,1,12.95551341,yahoo_bootstrap
2025-09-25,14.88196659,14.88196659,14.88196659,14.88196659,0,1.147541,1,14.03797461,yahoo_bootstrap
2025-09-26,14.88196659,14.88196659,14.88196659,14.88196659,0,0,1,14.03797461,yahoo_bootstrap
2025-09-30,14.88196659,14.88196659,14.88196659,14.88196659,0,0,1,14.03797461,yahoo_bootstrap
2025-10-01,14.88196659,14.88196659,14.88196659,14.88196659,0,0,1,14.03797461,yahoo_bootstrap
2025-10-02,14.88196659,14.88196659,14.88196659,14.88196659,0,0,1,14.03797461,yahoo_bootstrap
2025-10-03,14.88196659,14.88196659,14.88196659,14.88196659,0,0,1,14.03797461,yahoo_bootstrap
2025-10-07,13.69999981,13.89999962,13.5,13.69999981,2459616,0,0.89705884,12.92304,yahoo_bootstrap
2025-10-08,13.89999962,15.05000019,13.85000038,15.05000019,10533125,0,1,14.19647862,yahoo_bootstrap
2025-10-09,15.25,16.04999924,15.05000019,15.80000019,20119775,0,1,14.90394432,yahoo_bootstrap
2025-10-13,15.19999981,16.20000076,15,16.20000076,9324613,0,1,15.2812599,yahoo_bootstrap
2025-10-14,16.35000038,16.5,15.14999962,15.25,8760661,0,1,14.38513596,yahoo_bootstrap
2025-10-15,15.30000019,15.5,15.05000019,15.19999981,3250571,0,1,14.3379714,yahoo_bootstrap
2025-10-16,15.30000019,15.5,15.19999981,15.25,2474858,0,1,14.38513596,yahoo_bootstrap
2025-10-17,15.30000019,15.39999962,15.10000038,15.19999981,2005647,0,1,14.3379714,yahoo_bootstrap
2025-10-20,15.35000038,15.39999962,15.05000019,15.25,2201543,0,1,14.38513596,yahoo_bootstrap
2025-10-21,15.39999962,15.75,15.30000019,15.30000019,3472041,0,1,14.43230052,yahoo_bootstrap
2025-10-22,15.30000019,15.64999962,15.25,15.5,2234880,0,1,14.62095786,yahoo_bootstrap
2025-10-23,15.60000038,15.75,15.44999981,15.60000038,3544312,0,1,14.71528698,yahoo_bootstrap
2025-10-27,15.19999981,15.30000019,15.05000019,15.05000019,3452758,0.5,1,14.66656068,yahoo_bootstrap
2025-10-28,15.10000038,15.19999981,14.64999962,14.69999981,2337498,0,1,14.32547751,yahoo_bootstrap
2025-10-29,14.64999962,14.75,14.39999962,14.5,2287881,0,1,14.13057324,yahoo_bootstrap
2025-10-30,14.5,14.5,14.14999962,14.19999981,2994125,0,1,13.83821636,yahoo_bootstrap
2025-10-31,14.39999962,14.39999962,14.05000019,14.05000019,1655064,0,1,13.69203839,yahoo_bootstrap
2025-11-03,14.19999981,14.30000019,14,14.10000038,1400132,0,1,13.74076469,yahoo_bootstrap
2025-11-04,14.10000038,14.14999962,13.85000038,14,2383559,0,1,13.64331209,yahoo_bootstrap
2025-11-05,13.94999981,13.94999981,13.64999962,13.89999962,1465794,0,1,13.54585949,yahoo_bootstrap
2025-11-06,14,14.25,13.89999962,14.14999962,2733223,0,1,13.78949006,yahoo_bootstrap
2025-11-07,14.05000019,14.25,13.69999981,13.75,3032758,0,1,13.39968152,yahoo_bootstrap
2025-11-10,13.80000019,14.19999981,13.69999981,14,2439349,0,1,13.64331209,yahoo_bootstrap
2025-11-11,14.14999962,14.35000038,14.10000038,14.19999981,2478586,0,1,13.83821636,yahoo_bootstrap
2025-11-12,14.30000019,14.75,14.25,14.64999962,3543904,0,1,14.27675121,yahoo_bootstrap
2025-11-13,14.94999981,15.55000019,14.89999962,15.30000019,7554912,0,1,14.91019126,yahoo_bootstrap
2025-11-14,15.25,15.39999962,15.05000019,15.14999962,2857736,0,1,14.76401236,yahoo_bootstrap
2025-11-17,15.25,15.44999981,15.10000038,15.10000038,2387965,0,1,14.71528698,yahoo_bootstrap
2025-11-18,15,15.35000038,14.80000019,15.19999981,3986025,0,1,14.81273866,yahoo_bootstrap
2025-11-19,15.39999962,15.39999962,14.64999962,14.75,3709298,0,1,14.37420381,yahoo_bootstrap
2025-11-20,14.89999962,15.05000019,14.64999962,14.69999981,2174973,0,1,14.32547751,yahoo_bootstrap
2025-11-21,14.60000038,14.85000038,14.5,14.64999962,2412088,0,1,14.27675121,yahoo_bootstrap
2025-11-24,14.75,15,14.25,14.30000019,2765376,0,1,13.93566896,yahoo_bootstrap
2025-11-25,14.44999981,14.60000038,14.39999962,14.60000038,1414134,0,1,14.22802584,yahoo_bootstrap
2025-11-26,14.69999981,15,14.69999981,14.80000019,1661439,0,1,14.42293011,yahoo_bootstrap
2025-11-27,14.85000038,15,14.69999981,14.94999981,1101496,0,1,14.56910808,yahoo_bootstrap
2025-11-28,15,15.25,14.85000038,15.14999962,2086862,0,1,14.76401236,yahoo_bootstrap
2025-12-01,15.14999962,15.25,15,15.10000038,2045197,0,1,14.71528698,yahoo_bootstrap
2025-12-02,15.10000038,15.19999981,15,15,920108,0,1,14.61783438,yahoo_bootstrap
2025-12-03,15.05000019,15.14999962,14.89999962,15,973570,0,1,14.61783438,yahoo_bootstrap
2025-12-04,15,15.25,14.94999981,15,1549982,0,1,14.61783438,yahoo_bootstrap
2025-12-05,15.05000019,15.14999962,14.80000019,14.94999981,1848071,0,1,14.56910808,yahoo_bootstrap
2025-12-08,14.94999981,15,14.75,14.75,1354471,0,1,14.37420381,yahoo_bootstrap
2025-12-09,14.60000038,14.75,14.44999981,14.55000019,1756029,0,1,14.17929954,yahoo_bootstrap
2025-12-10,14.55000019,14.64999962,14.35000038,14.35000038,2171578,0,1,13.98439526,yahoo_bootstrap
2025-12-11,14.5,14.69999981,14.30000019,14.64999962,2042166,0,1,14.27675121,yahoo_bootstrap
2025-12-12,14.75,14.89999962,14.35000038,14.39999962,3091101,0,1,14.03312064,yahoo_bootstrap
2025-12-15,14.35000038,14.89999962,14.30000019,14.85000038,2618315,0,1,14.47165641,yahoo_bootstrap
2025-12-16,14.69999981,14.85000038,14.55000019,14.80000019,2244315,0,1,14.42293011,yahoo_bootstrap
2025-12-17,14.85000038,15.05000019,14.5,14.60000038,3615044,0,1,14.22802584,yahoo_bootstrap
2025-12-18,14.64999962,14.75,14.44999981,14.55000019,2078311,0,1,14.17929954,yahoo_bootstrap
2025-12-19,14.55000019,14.85000038,14.55000019,14.75,1405076,0,1,14.37420381,yahoo_bootstrap
2025-12-22,14.89999962,15.55000019,14.89999962,15.19999981,6844140,0,1,14.81273866,yahoo_bootstrap
2025-12-23,15.25,15.35000038,14.75,14.75,3734334,0,1,14.37420381,yahoo_bootstrap
2025-12-24,14.85000038,14.94999981,14.5,14.60000038,2847051,0,1,14.22802584,yahoo_bootstrap
2025-12-26,14.69999981,14.69999981,14.5,14.60000038,1947795,0,1,14.22802584,yahoo_bootstrap
2025-12-29,14.60000038,15.14999962,14.60000038,14.89999962,4252352,0,1,14.52038178,yahoo_bootstrap
2025-12-30,14.89999962,15.05000019,14.75,15,2262528,0,1,14.61783438,yahoo_bootstrap
2025-12-31,15.10000038,15.39999962,15.05000019,15.14999962,4447758,0,1,14.76401236,yahoo_bootstrap
2026-01-02,15.30000019,15.69999981,15.25,15.39999962,4499249,0,1,15.00764293,yahoo_bootstrap
2026-01-05,15.69999981,16.14999962,15.60000038,15.75,9054055,0,1,15.3487261,yahoo_bootstrap
2026-01-06,15.89999962,17.29999924,15.89999962,17.29999924,28270528,0,1,16.85923491,yahoo_bootstrap
2026-01-07,17.60000038,18,16.75,16.75,35542535,0,1,16.32324839,yahoo_bootstrap
2026-01-08,16.75,16.79999924,15.75,15.80000019,11460352,0,1,15.3974524,yahoo_bootstrap
2026-01-09,15.80000019,16.04999924,15.30000019,15.64999962,5221791,0,1,15.2512735,yahoo_bootstrap
2026-01-12,15.60000038,16.20000076,15.35000038,15.75,6529896,0,1,15.3487261,yahoo_bootstrap
2026-01-13,15.80000019,15.89999962,15.5,15.80000019,3982953,0,1,15.3974524,yahoo_bootstrap
2026-01-14,15.89999962,16.5,15.85000038,16.45000076,7337532,0,1,16.03089245,yahoo_bootstrap
2026-01-15,16.45000076,16.45000076,16.10000038,16.29999924,3533591,0,1,15.88471262,yahoo_bootstrap
2026-01-16,16.5,16.60000038,16.29999924,16.39999962,3565554,0,1,15.98216522,yahoo_bootstrap
2026-01-19,16.25,18,16.25,18,16976589,0,1,17.54140126,yahoo_bootstrap
2026-01-20,19,19.79999924,18.85000038,19.14999962,53852369,0,1,18.66210152,yahoo_bootstrap
2026-01-21,19.14999962,21.04999924,19,21.04999924,34241436,0,1,20.51369351,yahoo_bootstrap
2026-01-22,23,23.14999962,22.60000038,23.14999962,32577845,0,1,22.56019069,yahoo_bootstrap
2026-01-23,23.10000038,23.89999962,21.60000038,22,95298787,0,1,21.43949043,yahoo_bootstrap
2026-01-26,22.20000076,24.20000076,22.20000076,24.20000076,28255788,0,1,23.58344021,yahoo_bootstrap
2026-01-27,24.10000038,24.89999962,22.85000038,23.54999924,64288935,0,1,22.94999924,yahoo_bootstrap
2026-01-28,23,23,22.39999962,22.39999962,7918867,0,1,21.82929897,yahoo_bootstrap
2026-01-29,22.75,22.79999924,21,21.14999962,9469901,0,1,20.61114611,yahoo_bootstrap
2026-01-30,21,21,19.39999962,20.29999924,10025280,0,1,19.78280179,yahoo_bootstrap
2026-02-02,20,21.20000076,20,20.5,5239854,0,1,19.97770699,yahoo_bootstrap
2026-02-03,21.20000076,21.45000076,21.04999924,21.35000038,4083664,0,1,20.80605131,yahoo_bootstrap
2026-02-04,21.35000038,22.95000076,21.35000038,22.79999924,5542838,0,1,22.21910752,yahoo_bootstrap
2026-02-05,22.79999924,23.60000038,22.79999924,22.89999962,7093356,0,1,22.31656012,yahoo_bootstrap
2026-02-06,22.89999962,23.10000038,21.79999924,22.75,3658364,0,1,22.17038215,yahoo_bootstrap
2026-02-09,23.70000076,24.25,22.39999962,23.75,10559878,0,1,23.14490444,yahoo_bootstrap
2026-02-10,24.29999924,25.25,24,25.20000076,18891761,0,1,24.5579625,yahoo_bootstrap
2026-02-11,25.85000038,27.70000076,23.25,27.10000038,95348601,0,1,26.40955449,yahoo_bootstrap
2026-02-23,29.79999924,29.79999924,29.79999924,29.79999924,14563958,0,1,29.04076357,yahoo_bootstrap
2026-02-24,32.75,32.75,32.75,32.75,8899853,0,1,31.91560507,yahoo_bootstrap
2026-02-25,36,36,36,36,14301552,0,1,35.08280252,yahoo_bootstrap
2026-02-26,38.5,39.59999847,37.75,39.59999847,56281896,0,1,38.59108128,yahoo_bootstrap
2026-03-02,41.04999924,43.54999924,41.04999924,43.54999924,24280003,0,1,42.44044508,yahoo_bootstrap
2026-03-03,47.90000153,47.90000153,39.20000076,40.29999924,39819895,0,1,39.27324763,yahoo_bootstrap
2026-03-04,42.59999847,42.59999847,37.95000076,41.5,17180174,0,1,40.44267512,yahoo_bootstrap
2026-03-05,45.5,45.65000153,41.5,43.45000076,17494554,0,1,42.34299434,yahoo_bootstrap
2026-03-06,43.45000076,44.90000153,42.20000076,43.65000153,7938571,0,1,42.53789954,yahoo_bootstrap
2026-03-09,39.29999924,39.29999924,39.29999924,39.29999924,2363245,0,1,38.29872534,yahoo_bootstrap
2026-03-10,39,39,35.40000153,35.40000153,16510645,0,1,34.49809063,yahoo_bootstrap
2026-03-11,38.90000153,38.90000153,37.25,37.45000076,12748346,0,1,36.49586058,yahoo_bootstrap
2026-03-12,37.75,38.84999847,37.09999847,37.59999847,6306100,0,1,36.64203669,yahoo_bootstrap
2026-03-13,36.79999924,41.34999847,36.79999924,41.34999847,8587658,0,1,40.29649529,yahoo_bootstrap
2026-03-16,42.84999847,42.84999847,40.95000076,41.90000153,6338548,0,1,40.83248553,yahoo_bootstrap
2026-03-17,42,44,39,39.90000153,9788659,0,1,38.88344095,yahoo_bootstrap
2026-03-18,39.90000153,39.90000153,38,39,21072336,0,1,38.00636939,yahoo_bootstrap
2026-03-19,40.34999847,42.90000153,39.79999924,42.90000153,22773597,0,1,41.80700782,yahoo_bootstrap
2026-03-20,47.15000153,47.15000153,38.65000153,38.65000153,144123446,0,1,37.66528808,yahoo_bootstrap
2026-03-23,34.79999924,36.09999847,34.79999924,34.79999924,26753616,0,1,33.91337503,yahoo_bootstrap
2026-03-24,36.45000076,36.79999924,31.35000038,31.5,92361496,0,1,30.6974522,yahoo_bootstrap
2026-03-25,33.90000153,34.65000153,31.5,32.59999847,100013963,0,1,31.76942523,yahoo_bootstrap
2026-03-26,32.79999924,33.09999847,29.45000076,31.89999962,71978328,0,1,31.08726075,yahoo_bootstrap
2026-03-27,31.39999962,35.04999924,31,35.04999924,57982216,0,1,34.1570056,yahoo_bootstrap
2026-03-30,35.04999924,35.5,32.09999847,32.70000076,72137762,0,1,31.86687969,yahoo_bootstrap
2026-03-31,32.84999847,34.15000153,30.89999962,31.25,59256526,0,1,30.45382163,yahoo_bootstrap
2026-04-01,33,34.34999847,32.65000153,33.40000153,53404989,0,1,32.54904605,yahoo_bootstrap
2026-04-02,33.65000153,34.70000076,31.79999924,32.20000076,50776313,0,1,31.37961855,yahoo_bootstrap
2026-04-07,33.09999847,35.40000153,33.04999924,35.40000153,59026907,0,1,34.49809063,yahoo_bootstrap
2026-04-08,38.45000076,38.90000153,38.15000153,38.90000153,34438728,0,1,37.90891866,yahoo_bootstrap
2026-04-09,41.29999924,42.75,41,42.75,63246130,0,1,41.66082799,yahoo_bootstrap
2026-04-10,44.59999847,47,40.59999847,45.29999924,226160044,0,1,44.14585909,yahoo_bootstrap
2026-04-13,47.04999924,49.79999924,46.34999847,47.70000076,167125670,0,1,46.48471408,yahoo_bootstrap
2026-04-14,46.5,47.29999924,44.20000076,45.70000076,92978495,0,1,44.53566949,yahoo_bootstrap
2026-04-15,44,44,42.15000153,42.25,16498395,0,1,41.17356684,yahoo_bootstrap
2026-04-16,43.29999924,45,42,44,7130997,0,1,42.87898086,yahoo_bootstrap
2026-04-17,44.45000076,46,44.40000153,44.65000153,5060605,0,1,43.51242184,yahoo_bootstrap
2026-04-20,44.95000076,44.95000076,42.59999847,42.59999847,7386173,0,1,41.51464816,yahoo_bootstrap
2026-04-21,43.5,44.5,41.59999847,44.5,6863751,0,1,43.366242,yahoo_bootstrap
2026-04-22,43.09999847,44.5,43.09999847,44.09999847,4415691,0,1,42.97643159,yahoo_bootstrap
2026-04-23,44.75,44.75,39.79999924,41.40000153,8606603,0,1,40.34522439,yahoo_bootstrap
2026-04-24,42.29999924,42.54999924,38.5,38.5,8180103,0,1,37.51910825,yahoo_bootstrap
2026-04-27,37.09999847,37.09999847,34.65000153,35.25,14314314,0,1,34.3519108,yahoo_bootstrap
2026-04-28,37.5,38.75,36,38.20000076,9033082,0,1,37.2267523,yahoo_bootstrap
2026-04-29,38.84999847,42,37.5,42,85058126,0,1,40.92993627,yahoo_bootstrap
2026-04-30,42,45.5,41.5,42.09999847,108537982,0,1,41.02738701,yahoo_bootstrap
2026-05-04,42.09999847,42.79999924,41.25,42,42591527,0,1,40.92993627,yahoo_bootstrap
2026-05-05,41.54999924,46.20000076,40.34999847,46.20000076,86710157,0,1,45.02293064,yahoo_bootstrap
2026-05-06,47.90000153,48.84999847,43.54999924,44.40000153,129242635,0,1,43.26879126,yahoo_bootstrap
2026-05-07,44.40000153,46.20000076,43.90000153,44.25,51830095,0,1,43.12261143,yahoo_bootstrap
2026-05-08,43.79999924,44.90000153,41.40000153,41.59999847,38087614,0,1,40.54012586,yahoo_bootstrap
2026-05-11,42,43.95000076,41.59999847,43,25492003,0,1,41.90445856,yahoo_bootstrap
2026-05-12,42.59999847,44.79999924,41.75,41.79999924,34829688,0,1,40.73503107,yahoo_bootstrap
2026-05-13,41,41.5,40,41.29999924,21075533,0,1,40.24776993,yahoo_bootstrap
2026-05-14,41.59999847,42.45000076,40.25,40.54999924,24522262,0,1,39.51687821,yahoo_bootstrap
2026-05-15,40.65000153,41.40000153,39.04999924,40.34999847,21680013,0,1,39.321973,yahoo_bootstrap
2026-05-18,40.29999924,40.29999924,37.5,39.75,22669557,0,1,38.73726111,yahoo_bootstrap
2026-05-19,39.75,42.65000153,39.5,41.5,33440322,0,1,40.44267512,yahoo_bootstrap
2026-05-20,41.54999924,44,40.54999924,42.54999924,66189917,0,1,41.46592279,yahoo_bootstrap
2026-05-21,44.29999924,46.79999924,43.20000076,46.79999924,96383562,0,1,45.60764253,yahoo_bootstrap
2026-05-22,50.70000076,51.40000153,50.70000076,51.40000153,28849315,0,1,50.09044731,yahoo_bootstrap
2026-05-25,56.5,56.5,56.5,56.5,6261989,0,1,55.06050951,yahoo_bootstrap
2026-05-26,57.5,57.70000076,50.90000153,51.70000076,127011230,0,1,50.38280325,yahoo_bootstrap
2026-05-27,53.09999847,53.20000076,48.29999924,50.70000076,79637531,0,1,49.40828095,yahoo_bootstrap
2026-05-28,50.70000076,52.79999924,47.20000076,48,70143230,0,1,46.77707002,yahoo_bootstrap
2026-05-29,48.59999847,50.40000153,48.34999847,49.5,36893636,0,1,48.23885346,yahoo_bootstrap
2026-06-01,50.09999847,50.40000153,48.65000153,48.65000153,31079994,0,1,47.410511,yahoo_bootstrap
2026-06-02,49.70000076,50.79999924,47.15000153,47.79999924,31428943,0,1,46.58216482,yahoo_bootstrap
2026-06-03,48.5,52.5,48.5,50.09999847,76178197,0,1,48.82356535,yahoo_bootstrap
2026-06-04,49.09999847,49.40000153,48,49.04999924,23944344,0,1,47.80031769,yahoo_bootstrap
2026-06-05,48,49.29999924,46.20000076,48.40000153,23875187,0,1,47.16688043,yahoo_bootstrap
2026-06-08,43.59999847,43.59999847,43.59999847,43.59999847,6762521,0,1,42.48917045,yahoo_bootstrap
2026-06-09,43.65000153,44.59999847,42.15000153,44.25,29876041,0,1,43.12261143,yahoo_bootstrap
2026-06-10,43.59999847,45,40.70000076,40.79999924,26426918,0,1,39.76050878,yahoo_bootstrap
2026-06-11,40.90000153,42.5,39.5,41,21475124,0,1,39.95541398,yahoo_bootstrap
2026-06-12,42.79999924,43.40000153,41.65000153,41.65000153,12426373,0,1,40.58885496,yahoo_bootstrap
2026-06-15,42.70000076,45.79999924,42.45000076,45,23483998,0,1,43.85350315,yahoo_bootstrap
2026-06-16,45.5,49.5,45.45000076,45.90000153,62911787,0,1,44.7305747,yahoo_bootstrap
2026-06-17,46,49.59999847,45.5,48.59999847,58418126,0,1,47.36178191,yahoo_bootstrap
2026-06-18,49,49.20000076,47.70000076,48.15000153,27141379,0,1,46.92324986,yahoo_bootstrap
2026-06-22,48.25,51.90000153,48.20000076,50.70000076,62156311,0,1,49.40828095,yahoo_bootstrap
2026-06-23,51.09999847,51.20000076,47.34999847,47.34999847,37179566,0,1,46.14362904,yahoo_bootstrap
2026-06-24,46.20000076,48.75,46.15000153,47.09999847,20000635,0,1,45.89999847,yahoo_bootstrap
2026-06-25,47.40000153,48.29999924,46.04999924,46.09999847,13781731,1.2,1,46.09999847,yahoo_bootstrap
2026-06-26,46,46.90000153,42,42.15000153,21421079,0,1,42.15000153,yahoo_bootstrap
2026-06-29,43,43.5,41.5,42.34999847,9916107,0,1,42.34999847,yahoo_bootstrap
2026-06-30,43.09999847,43.90000153,42.54999924,43.29999924,8791121,0,1,43.29999924,yahoo_bootstrap
2026-07-01,44,45,40.79999924,40.90000153,24336567,0,1,40.90000153,yahoo_bootstrap
2026-07-02,40.20000076,42.09999847,39.59999847,41.59999847,12329682,0,1,41.59999847,yahoo_bootstrap
2026-07-03,40.79999924,42,40.54999924,41.70000076,6641336,0,1,41.70000076,yahoo_bootstrap
2026-07-06,42,42.59999847,41,41.04999924,9493851,0,1,41.04999924,yahoo_bootstrap
2026-07-07,41.25,42.25,38.40000153,39.04999924,18090247,0,1,39.04999924,yahoo_bootstrap
2026-07-08,39.09999847,39.25,37.90000153,38.65000153,8757095,0,1,38.65000153,yahoo_bootstrap
2026-07-09,39.04999924,39.34999847,38.20000076,38.40000153,6597363,0,1,38.40000153,yahoo_bootstrap
2026-07-10,38.40000153,38.40000153,38.40000153,38.40000153,0,0,1,38.40000153,yahoo_bootstrap
2026-07-13,39,40.29999924,36.5,38.25,14967810,0,1,38.25,yahoo_bootstrap
2026-07-14,38.34999847,39.25,34.45000076,36,16932853,0,1,36,yahoo_bootstrap
2026-07-15,36.79999924,37.20000076,35.79999924,36.59999847,7027763,0,1,36.59999847,yahoo_bootstrap
2026-07-16,36.59999847,36.65000153,35.15000153,35.20000076,6117094,0,1,35.20000076,yahoo_bootstrap
2026-07-17,34.40000153,34.5,32.04999924,32.15000153,14366150,0,1,32.15000153,yahoo_bootstrap
2026-07-20,32,32.29999924,29.5,30.60000038,13080754,0,1,30.60000038,yahoo_bootstrap
2026-07-21,31.5,31.5,30.25,30.64999962,8753951,0,1,30.64999962,yahoo_bootstrap
2026-07-22,31.5,32.20000076,31.04999924,31.60000038,5963541,0,1,31.60000038,yahoo_bootstrap
2026-07-23,32,32.84999847,31.10000038,31.75,6224009,0,1,31.75,yahoo_bootstrap
2026-07-24,31.39999962,31.60000038,30,30.10000038,5609286,0,1,30.10000038,yahoo_bootstrap
2026-07-27,30.10000038,30.29999924,28.89999962,30.04999924,8165990,0,1,30.04999924,yahoo_daily
2026-07-28,29.20000076,29.20000076,27.39999962,27.45000076,12893284,0,1,27.45000076,yahoo_daily
2026-07-29,27.45000076,27.79999924,24.79999924,26.10000038,15341206,0,1,26.10000038,yahoo_daily
2026-07-30,25.20000076,26.60000038,24.04999924,24.5,10352371,0,1,24.5,yahoo_daily
2026-07-31,26.75,26.95000076,25.95000076,26.70000076,9135832,0,1,26.70000076,yahoo_daily
2026-08-03,26.64999962,28.10000038,26.29999924,27.89999962,7271084,0,1,27.89999962,yahoo_daily
2026-08-04,27.89999962,30.25,27.45000076,30.10000038,9856410,0,1,30.10000038,yahoo_daily
2026-08-05,31.14999962,33.09999847,31,33.09999847,23065365,0,1,33.09999847,yahoo_daily
2026-08-06,33.04999924,33.04999924,30.5,31.70000076,27329347,0,1,31.70000076,yahoo_daily
2026-08-07,32.15000153,33,30.75,30.85000038,11596083,0,1,30.85000038,yahoo_daily
2026-08-10,31.89999962,33.70000076,31.75,33.40000153,15286134,0,1,33.40000153,yahoo_daily
2026-08-11,33.40000153,33.70000076,32.29999924,32.75,10430112,0,1,32.75,yahoo_daily
2026-08-12,33.04999924,33.29999924,32.75,33,6865657,0,1,33,yahoo_daily
2026-08-13,33.29999924,33.54999924,32,32,8236164,0,1,32,yahoo_daily
2026-08-14,32.29999924,32.34999847,31.14999962,31.5,6402210,0,1,31.5,yahoo_daily
2026-08-17,31.5,32.25,30.79999924,32.20000076,7067392,0,1,32.20000076,yahoo_daily
2026-08-18,32.40000153,32.45000076,30.79999924,31.10000038,5026443,0,1,31.10000038,yahoo_daily
2026-08-19,30.45000076,31.79999924,30.20000076,31.29999924,6885349,0,1,31.29999924,yahoo_daily
2026-08-20,31.54999924,32.59999847,30.70000076,32.45000076,6363680,0,1,32.45000076,yahoo_daily
2026-08-21,33,35.65000153,33,35.65000153,35151807,0,1,35.65000153,yahoo_daily
2026-08-24,37.65000153,39.20000076,36.84999847,36.90000153,70051783,0,1,36.90000153,yahoo_daily
2026-08-25,36.15000153,40.54999924,34.5,40.54999924,69855573,0,1,40.54999924,yahoo_daily
2026-08-26,40.90000153,43.5,40.70000076,41.5,127371545,0,1,41.5,yahoo_daily
2026-08-27,40.5,42.34999847,39.79999924,40.04999924,50135319,0,1,40.04999924,yahoo_daily
