date,open,high,low,close,volume,dividend,split_factor,adjusted_close,source
2021-08-26,19.29999924,19.29999924,18.75,18.89999962,26601366,0,1,15.48817355,yahoo_bootstrap
2021-08-27,18.95000076,19.14999962,18.70000076,19.04999924,29925769,0,1,15.61109525,yahoo_bootstrap
2021-08-30,19.14999962,19.20000076,19,19,18453331,0,1,15.57012187,yahoo_bootstrap
2021-08-31,19.10000038,19.35000038,19.04999924,19.20000076,35783863,0,1,15.73401851,yahoo_bootstrap
2021-09-01,19.29999924,19.29999924,18.64999962,18.85000038,29962214,0,1,15.44720017,yahoo_bootstrap
2021-09-02,18.79999924,18.79999924,18.45000076,18.45000076,27456967,0,1,15.11940844,yahoo_bootstrap
2021-09-03,18.5,18.60000038,18.14999962,18.20000076,27533247,0,1,14.91453841,yahoo_bootstrap
2021-09-06,17.79999924,17.95000076,17.54999924,17.70000076,33645282,0,1,14.50479837,yahoo_bootstrap
2021-09-07,17.60000038,18.20000076,17.60000038,17.89999962,20679805,0,1,14.66869345,yahoo_bootstrap
2021-09-08,17.89999962,18.10000038,17.70000076,17.79999924,15309148,0,1,14.58674513,yahoo_bootstrap
2021-09-09,17.79999924,17.85000038,17.25,17.29999924,32986915,0,1,14.17700508,yahoo_bootstrap
2021-09-10,17.35000038,17.89999962,17.35000038,17.79999924,16800393,0,1,14.58674513,yahoo_bootstrap
2021-09-13,17.79999924,18,17.64999962,17.70000076,14563456,0,1,14.50479837,yahoo_bootstrap
2021-09-14,17.75,17.85000038,17.5,17.5,12191483,0,1,14.34090172,yahoo_bootstrap
2021-09-15,17.64999962,17.64999962,17.29999924,17.35000038,14742234,0,1,14.21798002,yahoo_bootstrap
2021-09-16,17.45000076,17.5,17.29999924,17.35000038,9859438,0,1,14.21798002,yahoo_bootstrap
2021-09-17,17.45000076,17.75,17.29999924,17.54999924,18449008,0,1,14.3818751,yahoo_bootstrap
2021-09-22,17.10000038,17.39999962,17.04999924,17.14999962,18367478,0,1,14.05408338,yahoo_bootstrap
2021-09-23,17.25,17.75,17.25,17.64999962,16468936,0,1,14.46382343,yahoo_bootstrap
2021-09-24,17.70000076,18.20000076,17.64999962,17.89999962,21041392,0,1,14.66869345,yahoo_bootstrap
2021-09-27,18.04999924,18.39999962,18,18.35000038,25213444,0,1,15.03746012,yahoo_bootstrap
2021-09-28,18.25,18.75,18,18.60000038,33564390,0,1,15.24233014,yahoo_bootstrap
2021-09-29,18.35000038,18.75,18.20000076,18.60000038,26064254,0,1,15.24233014,yahoo_bootstrap
2021-09-30,18.70000076,19.10000038,18.64999962,18.89999962,41160577,0,1,15.48817355,yahoo_bootstrap
2021-10-01,18.95000076,19.20000076,18.35000038,18.5,46259831,0,1,15.16038182,yahoo_bootstrap
2021-10-04,19.60000038,20.25,18.39999962,18.5,135200916,0,1,15.16038182,yahoo_bootstrap
2021-10-05,18.29999924,18.79999924,18.04999924,18.70000076,42830709,0,1,15.32427846,yahoo_bootstrap
2021-10-06,18.79999924,18.85000038,18.10000038,18.20000076,27528871,0,1,14.91453841,yahoo_bootstrap
2021-10-07,18.29999924,18.5,18.10000038,18.25,25169837,0,1,14.9555118,yahoo_bootstrap
2021-10-08,18.25,18.45000076,18.10000038,18.35000038,13498516,0,1,15.03746012,yahoo_bootstrap
2021-10-12,18.35000038,18.89999962,18.20000076,18.29999924,33107913,0,1,14.99648518,yahoo_bootstrap
2021-10-13,18.45000076,18.85000038,18.39999962,18.70000076,36424683,0,1,15.32427846,yahoo_bootstrap
2021-10-14,18.64999962,18.70000076,18.14999962,18.20000076,34534555,0,1,14.91453841,yahoo_bootstrap
2021-10-15,18.29999924,18.54999924,18.20000076,18.5,14568545,0,1,15.16038182,yahoo_bootstrap
2021-10-18,18.5,18.64999962,18.29999924,18.54999924,14708531,0,1,15.2013552,yahoo_bootstrap
2021-10-19,18.64999962,19.04999924,18.60000038,18.89999962,44563915,0,1,15.48817355,yahoo_bootstrap
2021-10-20,18.89999962,19.04999924,18.64999962,18.64999962,16995273,0,1,15.28330352,yahoo_bootstrap
2021-10-21,18.79999924,18.89999962,18.39999962,18.39999962,18572950,0,1,15.0784335,yahoo_bootstrap
2021-10-22,18.5,18.5,18.20000076,18.20000076,19725220,0,1,14.91453841,yahoo_bootstrap
2021-10-25,18.29999924,18.64999962,18.25,18.35000038,16697992,0,1,15.03746012,yahoo_bootstrap
2021-10-26,18.5,18.5,18.20000076,18.29999924,12611397,0,1,14.99648518,yahoo_bootstrap
2021-10-27,18.25,18.35000038,18.14999962,18.14999962,14607883,0,1,14.87356348,yahoo_bootstrap
2021-10-28,18.14999962,18.75,18.10000038,18.60000038,41101345,0,1,15.24233014,yahoo_bootstrap
2021-10-29,18.5,19,18.29999924,18.85000038,38168618,0,1,15.44720017,yahoo_bootstrap
2021-11-01,19.14999962,20.14999962,19.10000038,19.64999962,125709641,0,1,16.10278362,yahoo_bootstrap
2021-11-02,19.85000038,21.10000038,19.70000076,20.5,207004901,0,1,16.79934202,yahoo_bootstrap
2021-11-03,20.95000076,21.20000076,20.35000038,20.70000076,135551666,0,1,16.96323866,yahoo_bootstrap
2021-11-04,21.45000076,22.10000038,21,21,181593451,0,1,17.20908207,yahoo_bootstrap
2021-11-05,21.60000038,21.75,21,21.60000038,108900767,0,1,17.70077044,yahoo_bootstrap
2021-11-08,22.5,23.70000076,21.95000076,23.5,318692103,0,1,19.25778231,yahoo_bootstrap
2021-11-09,23.54999924,24.95000076,23,24.95000076,339398659,0,1,20.44602908,yahoo_bootstrap
2021-11-10,24.89999962,26.04999924,24.35000038,25.75,407917785,0,1,21.10161253,yahoo_bootstrap
2021-11-11,25.60000038,27.70000076,25.35000038,27.10000038,394713669,0,1,22.20791098,yahoo_bootstrap
2021-11-12,27,27.25,25.5,26.39999962,330094049,0,1,21.63427429,yahoo_bootstrap
2021-11-15,26.45000076,26.85000038,25.39999962,26.75,249370497,0,1,21.92109263,yahoo_bootstrap
2021-11-16,27.5,29.39999962,26.89999962,28,690524356,0,1,22.94544276,yahoo_bootstrap
2021-11-17,28.20000076,29.29999924,27.85000038,29.25,391987740,0,1,23.96979288,yahoo_bootstrap
2021-11-18,29,29,27.85000038,28.29999924,278538711,0,1,23.19128616,yahoo_bootstrap
2021-11-19,28.35000038,28.5,27,27.20000076,265707875,0,1,22.2898593,yahoo_bootstrap
2021-11-22,27.45000076,28,26.35000038,26.39999962,262536653,0,1,21.63427429,yahoo_bootstrap
2021-11-23,26.5,27,25.75,25.79999924,236240148,0,1,21.14258592,yahoo_bootstrap
2021-11-24,26.04999924,28.35000038,26,28.35000038,351059831,0,1,23.2322611,yahoo_bootstrap
2021-11-25,28.79999924,29.35000038,28.14999962,28.70000076,395075855,0,1,23.51907945,yahoo_bootstrap
2021-11-26,27.79999924,28.04999924,25.85000038,25.85000038,416927468,0,1,21.18356086,yahoo_bootstrap
2021-11-29,24.20000076,24.75,23.5,23.75,301590935,0,1,19.46265234,yahoo_bootstrap
2021-11-30,25,26.04999924,24.64999962,25.20000076,220957220,0,1,20.6508991,yahoo_bootstrap
2021-12-01,24.70000076,25.85000038,24.20000076,25.85000038,139901429,0,1,21.18356086,yahoo_bootstrap
2021-12-02,24.85000038,25.5,24.60000038,25,148520635,0,1,20.48700246,yahoo_bootstrap
2021-12-03,25.89999962,26.29999924,25.04999924,25.14999962,142456783,0,1,20.60992416,yahoo_bootstrap
2021-12-06,25.04999924,26.39999962,25.04999924,26.20000076,133634170,0,1,21.4703792,yahoo_bootstrap
2021-12-07,27,27.89999962,26.29999924,27.89999962,296825291,0,1,22.86349444,yahoo_bootstrap
2021-12-08,27.5,28.95000076,27.20000076,28.64999962,319738924,0,1,23.47810451,yahoo_bootstrap
2021-12-09,29.20000076,30.29999924,29,30.10000038,481664888,0,1,24.66635127,yahoo_bootstrap
2021-12-10,29.75,30.54999924,29.10000038,29.29999924,370875202,0,1,24.01076626,yahoo_bootstrap
2021-12-13,29.79999924,29.89999962,27.60000038,27.60000038,302809530,0,1,22.61765103,yahoo_bootstrap
2021-12-14,27.35000038,27.79999924,26.20000076,26.20000076,232616535,0,1,21.4703792,yahoo_bootstrap
2021-12-15,26.5,27.5,26.29999924,27.25,141605732,0,1,22.33083268,yahoo_bootstrap
2021-12-16,27.60000038,27.79999924,26.60000038,26.79999924,138655995,0,1,21.96206602,yahoo_bootstrap
2021-12-17,26.70000076,27.35000038,26.29999924,26.39999962,88789669,0,1,21.63427429,yahoo_bootstrap
2021-12-20,26.45000076,27.39999962,26.10000038,27.25,86645666,0,1,22.33083268,yahoo_bootstrap
2021-12-21,26.85000038,27,26.39999962,26.75,72479882,0,1,21.92109263,yahoo_bootstrap
2021-12-22,27,27.20000076,26.60000038,26.60000038,55516103,0,1,21.79817093,yahoo_bootstrap
2021-12-23,26.89999962,27.04999924,26.54999924,26.60000038,48884250,0,1,21.79817093,yahoo_bootstrap
2021-12-24,27,27.79999924,26.79999924,26.79999924,119306641,0,1,21.96206602,yahoo_bootstrap
2021-12-27,26.79999924,27.39999962,26.39999962,27.39999962,79895392,0,1,22.45375439,yahoo_bootstrap
2021-12-28,27.25,27.60000038,27.14999962,27.39999962,61102906,0,1,22.45375439,yahoo_bootstrap
2021-12-29,27.60000038,28.10000038,27.14999962,27.25,83680712,0,1,22.33083268,yahoo_bootstrap
2021-12-30,27.54999924,27.95000076,27.25,27.95000076,79797385,0,1,22.90446937,yahoo_bootstrap
2022-01-03,28.25,28.29999924,26.60000038,26.85000038,117143905,0,1,22.00304095,yahoo_bootstrap
2022-01-04,27.20000076,27.25,26.54999924,27.25,81994573,0,1,22.33083268,yahoo_bootstrap
2022-01-05,26.95000076,27.79999924,26.89999962,27.29999924,77977151,0,1,22.37180606,yahoo_bootstrap
2022-01-06,27.20000076,27.75,26.89999962,27.29999924,67424948,0,1,22.37180606,yahoo_bootstrap
2022-01-07,27.60000038,27.95000076,25.10000038,27,186105472,0,1,22.12596266,yahoo_bootstrap
2022-01-10,26.89999962,27.20000076,26.20000076,26.25,79050048,0,1,21.51135258,yahoo_bootstrap
2022-01-11,26.35000038,26.64999962,26,26.14999962,51528022,0,1,21.42940426,yahoo_bootstrap
2022-01-12,26.35000038,26.54999924,25.25,25.29999924,82875211,0,1,20.73284587,yahoo_bootstrap
2022-01-13,25.20000076,25.60000038,24.79999924,25.10000038,69966787,0,1,20.56895078,yahoo_bootstrap
2022-01-14,25.25,25.54999924,24.89999962,25.45000076,59239567,0,1,20.85576913,yahoo_bootstrap
2022-01-17,25.25,26.04999924,25.10000038,25.89999962,41398732,0,1,21.22453424,yahoo_bootstrap
2022-01-18,25.89999962,26.14999962,25.60000038,25.60000038,35352009,0,1,20.97869083,yahoo_bootstrap
2022-01-19,25.45000076,25.79999924,25,25.10000038,53257651,0,1,20.56895078,yahoo_bootstrap
2022-01-20,25,25.5,24.70000076,25.29999924,38426590,0,1,20.73284587,yahoo_bootstrap
2022-01-21,24.89999962,25.04999924,24.04999924,24.35000038,65044850,0,1,19.95434071,yahoo_bootstrap
2022-01-24,23.64999962,24.60000038,23.5,24.35000038,60470102,0,1,19.95434071,yahoo_bootstrap
2022-01-25,24.25,24.25,23.54999924,23.54999924,51606334,0,1,19.2987557,yahoo_bootstrap
2022-01-26,23.54999924,24.25,23.54999924,24,34969921,0,1,19.66752236,yahoo_bootstrap
2022-02-07,24.89999962,26.39999962,24.75,26.39999962,122731101,0,1,21.63427429,yahoo_bootstrap
2022-02-08,26,28,25.95000076,27.35000038,229856823,0,1,22.412781,yahoo_bootstrap
2022-02-09,27.95000076,28.79999924,27.85000038,28.39999962,245388406,0,1,23.27323448,yahoo_bootstrap
2022-02-10,28.95000076,29.29999924,28.14999962,28.85000038,251497476,0,1,23.64200115,yahoo_bootstrap
2022-02-11,28.85000038,30.14999962,28.54999924,30.14999962,336211565,0,1,24.70732466,yahoo_bootstrap
2022-02-14,29.64999962,30,28.85000038,29.10000038,272276246,0,1,23.84687118,yahoo_bootstrap
2022-02-15,29.70000076,31.95000076,29.60000038,31.25,479408259,0,1,25.60875308,yahoo_bootstrap
2022-02-16,32.40000153,32.65000153,31.39999962,31.64999962,401758650,0,1,25.9365448,yahoo_bootstrap
2022-02-17,31.89999962,34.79999924,31.85000038,34.79999924,609746944,0,1,28.5179068,yahoo_bootstrap
2022-02-18,34.59999847,35.54999924,33.90000153,35,705678869,0,1,28.68180345,yahoo_bootstrap
2022-02-21,34.29999924,34.5,32.40000153,32.40000153,403323194,0,1,26.55115644,yahoo_bootstrap
2022-02-22,31.89999962,33.25,31.64999962,32.95000076,464099234,0,1,27.00186987,yahoo_bootstrap
2022-02-23,32.5,35.79999924,32.25,35.5,468570698,0,1,29.09154349,yahoo_bootstrap
2022-02-24,34.09999847,35,32,33,622546708,0,1,27.04284325,yahoo_bootstrap
2022-02-25,34.15000153,34.5,32.25,32.25,420665947,0,1,26.42823317,yahoo_bootstrap
2022-03-01,32.79999924,33.09999847,31.75,32.09999847,310244601,0,1,26.30530991,yahoo_bootstrap
2022-03-02,31.79999924,32.29999924,30.70000076,31.39999962,312705313,0,1,25.73167478,yahoo_bootstrap
2022-03-03,31.95000076,33.59999847,31.89999962,32.70000076,312350130,0,1,26.79699984,yahoo_bootstrap
2022-03-04,32.09999847,33.04999924,31.85000038,32.04999924,248793152,0,1,26.26433653,yahoo_bootstrap
2022-03-07,31.5,31.64999962,29.20000076,29.79999924,301657227,0,1,24.42050631,yahoo_bootstrap
2022-03-08,28.35000038,29.70000076,27.5,27.95000076,306265554,0,1,22.90446937,yahoo_bootstrap
2022-03-09,28.85000038,29.10000038,28.25,28.29999924,192298033,0,1,23.19128616,yahoo_bootstrap
2022-03-10,29.64999962,30.60000038,29.45000076,29.79999924,251490256,0,1,24.42050631,yahoo_bootstrap
2022-03-11,29.89999962,30.25,29.29999924,30.25,135842765,0,1,24.78927298,yahoo_bootstrap
2022-03-14,30.29999924,30.54999924,29.60000038,29.60000038,109508150,0,1,24.25661123,yahoo_bootstrap
2022-03-15,30.70000076,30.95000076,29.5,29.5,188870093,0,1,24.1746629,yahoo_bootstrap
2022-03-16,30.64999962,31,30.10000038,31,221926418,0,1,25.40388305,yahoo_bootstrap
2022-03-17,32.54999924,34,31.70000076,33.54999924,407033746,0,1,27.49355668,yahoo_bootstrap
2022-03-18,33.29999924,34.15000153,32.59999847,33.5,274741032,0,1,27.4525833,yahoo_bootstrap
2022-03-21,33.5,33.95000076,32.90000153,33.04999924,179083627,0,1,27.08381663,yahoo_bootstrap
2022-03-22,32.90000153,32.95000076,31.85000038,32.20000076,191105361,0,1,26.38725979,yahoo_bootstrap
2022-03-23,32.54999924,33.09999847,32.29999924,32.45000076,145432653,0,1,26.59212982,yahoo_bootstrap
2022-03-24,32,32.20000076,31.20000076,31.54999924,159084847,0,1,25.85459648,yahoo_bootstrap
2022-03-25,31.75,31.79999924,30.85000038,31,133790518,0,1,25.40388305,yahoo_bootstrap
2022-03-28,30.04999924,31.54999924,30,31.25,65598827,0,1,25.60875308,yahoo_bootstrap
2022-03-29,31.75,33.29999924,31.70000076,32.29999924,166614003,0,1,26.46920656,yahoo_bootstrap
2022-03-30,33.15000153,33.5,32.15000153,32.20000076,119829551,0,1,26.38725979,yahoo_bootstrap
2022-03-31,32.65000153,33.15000153,32.20000076,32.25,102942359,0,1,26.42823317,yahoo_bootstrap
2022-04-01,32,33.09999847,31.89999962,33,126309580,0,1,27.04284325,yahoo_bootstrap
2022-04-06,32.54999924,34.45000076,32.5,34.20000076,178706836,0,1,28.02621999,yahoo_bootstrap
2022-04-07,33.90000153,34.04999924,32,32,233925963,0,1,26.22336315,yahoo_bootstrap
2022-04-08,32.40000153,33.90000153,32.34999847,33.75,203079403,0,1,27.65745332,yahoo_bootstrap
2022-04-11,33.65000153,34.09999847,32.59999847,33.65000153,203026988,0,1,27.57550657,yahoo_bootstrap
2022-04-12,33.65000153,34.20000076,32.79999924,34.09999847,261748333,0,1,27.9442701,yahoo_bootstrap
2022-04-13,35,36.70000076,34.70000076,35.25,573204033,0,1,28.88667347,yahoo_bootstrap
2022-04-14,36.20000076,37.59999847,35.95000076,37.34999847,465007443,0,1,30.60758042,yahoo_bootstrap
2022-04-15,37.04999924,37.20000076,36.09999847,36.29999924,289752934,0,1,29.74712695,yahoo_bootstrap
2022-04-18,36,36,34.15000153,34.45000076,254835993,0,1,28.23109001,yahoo_bootstrap
2022-04-19,35,35.79999924,34.65000153,35.34999847,194216464,0,1,28.96862023,yahoo_bootstrap
2022-04-20,35.95000076,36.29999924,34.79999924,34.79999924,188175250,0,1,28.5179068,yahoo_bootstrap
2022-04-21,35.15000153,35.70000076,34.90000153,35.65000153,109354264,0,1,29.21446676,yahoo_bootstrap
2022-04-22,35.34999847,36.20000076,34.90000153,36.15000153,158695407,0,1,29.62420681,yahoo_bootstrap
2022-04-25,35.29999924,36.25,34.34999847,36.25,189658751,0,1,29.70615357,yahoo_bootstrap
2022-04-26,36.59999847,37.15000153,35,35.04999924,263519528,0,1,28.72277683,yahoo_bootstrap
2022-04-27,33.70000076,34.59999847,33.15000153,34.59999847,194690076,0,1,28.35401015,yahoo_bootstrap
2022-04-28,34.79999924,35.09999847,33.70000076,33.75,126222854,0,1,27.65745332,yahoo_bootstrap
2022-04-29,34.25,35.79999924,34.15000153,35.65000153,199421080,0,1,29.21446676,yahoo_bootstrap
2022-05-03,35.75,36.29999924,35.25,35.5,157170062,0,1,29.09154349,yahoo_bootstrap
2022-05-04,36,36.45000076,35.5,35.70000076,117974884,0,1,29.25544014,yahoo_bootstrap
2022-05-05,36.15000153,36.34999847,35.54999924,35.90000153,128103949,0,1,29.41933679,yahoo_bootstrap
2022-05-06,35.29999924,36.20000076,35.09999847,36.20000076,93690872,0,1,29.66518019,yahoo_bootstrap
2022-05-09,35.95000076,36.34999847,35,35,131049367,0,1,28.68180345,yahoo_bootstrap
2022-05-10,34.09999847,35.70000076,34,35.70000076,121202845,0,1,29.25544014,yahoo_bootstrap
2022-05-11,35.20000076,35.5,34.54999924,34.54999924,115905420,0,1,28.31303678,yahoo_bootstrap
2022-05-12,34.45000076,34.75,31.10000038,31.14999962,317935573,0,1,25.52680475,yahoo_bootstrap
2022-05-13,31.79999924,32,30.89999962,31.79999924,215961844,0,1,26.05946651,yahoo_bootstrap
2022-05-16,31.89999962,32.54999924,31.29999924,32.25,131323188,0,1,26.42823317,yahoo_bootstrap
2022-05-17,32.20000076,32.59999847,31.5,31.79999924,128984258,0,1,26.05946651,yahoo_bootstrap
2022-05-18,32.34999847,32.65000153,31.75,31.75,101705222,0,1,26.01849313,yahoo_bootstrap
2022-05-19,30.5,30.95000076,29.5,30.75,217553520,0,1,25.19901303,yahoo_bootstrap
2022-05-20,30.95000076,31.25,30.5,30.70000076,104823972,0,1,25.15803964,yahoo_bootstrap
2022-05-23,31.10000038,32.5,31.10000038,32.34999847,125036456,0,1,26.51017993,yahoo_bootstrap
2022-05-24,32.59999847,32.75,31.89999962,31.95000076,92202276,0,1,26.18238977,yahoo_bootstrap
2022-05-25,32.29999924,33.59999847,32.29999924,33.54999924,132996763,0,1,27.49355668,yahoo_bootstrap
2022-05-26,33.54999924,33.95000076,32.65000153,32.84999847,134965527,0,1,26.91991998,yahoo_bootstrap
2022-05-27,33.70000076,33.90000153,32.90000153,32.90000153,114173112,0,1,26.96089649,yahoo_bootstrap
2022-05-30,33.90000153,34.70000076,33.59999847,34.20000076,164360918,0,1,28.02621999,yahoo_bootstrap
2022-05-31,34.20000076,34.65000153,33.75,34.09999847,335228966,0,1,27.9442701,yahoo_bootstrap
2022-06-01,34.29999924,34.54999924,33.95000076,34.20000076,89477545,0,1,28.02621999,yahoo_bootstrap
2022-06-02,34.20000076,35.65000153,34.04999924,35.5,177272972,0,1,29.09154349,yahoo_bootstrap
2022-06-06,35.40000153,35.5,34.59999847,34.90000153,111592640,0,1,28.59985669,yahoo_bootstrap
2022-06-07,34.90000153,35.09999847,34.04999924,34.09999847,99254056,0,1,27.9442701,yahoo_bootstrap
2022-06-08,34.5,34.59999847,33.59999847,33.84999847,90488256,0,1,27.73940008,yahoo_bootstrap
2022-06-09,33.59999847,34.25,33.20000076,34.15000153,64226846,0,1,27.98524662,yahoo_bootstrap
2022-06-10,33.54999924,33.90000153,32.84999847,32.84999847,126277692,0,1,26.91991998,yahoo_bootstrap
2022-06-13,32,33.29999924,31.79999924,32.65000153,110575157,0,1,26.75602647,yahoo_bootstrap
2022-06-14,32.15000153,32.5,31.70000076,32.34999847,124633201,0,1,26.51017993,yahoo_bootstrap
2022-06-15,32.40000153,32.70000076,32.09999847,32.09999847,68104841,0,1,26.30530991,yahoo_bootstrap
2022-06-16,33.20000076,33.25,31.29999924,31.45000076,104393487,0,1,25.77264972,yahoo_bootstrap
2022-06-17,31,31,29.04999924,29.89999962,251271457,0,1,24.50245463,yahoo_bootstrap
2022-06-20,29.95000076,30.25,28.70000076,28.70000076,140370697,0,1,23.51907945,yahoo_bootstrap
2022-06-21,29.54999924,31.54999924,29.54999924,31.54999924,177038223,0,1,25.85459648,yahoo_bootstrap
2022-06-22,32.04999924,32.5,30.95000076,31.75,237011603,0,1,26.01849313,yahoo_bootstrap
2022-06-23,31.89999962,32,30.14999962,30.35000038,169629123,0,1,24.8712213,yahoo_bootstrap
2022-06-24,30.75,31.14999962,30.14999962,30.29999924,118296123,0,1,24.83024636,yahoo_bootstrap
2022-06-27,31,31.85000038,30.89999962,31.20000076,114400943,0,1,25.56777969,yahoo_bootstrap
2022-06-28,31.20000076,31.25,30.20000076,31.20000076,75597634,0,1,25.56777969,yahoo_bootstrap
2022-06-29,30.79999924,31.60000038,30.39999962,31.60000038,88131619,0,1,25.89557142,yahoo_bootstrap
2022-06-30,31.70000076,32.15000153,31.20000076,31.64999962,123782698,0,1,25.9365448,yahoo_bootstrap
2022-07-01,31.64999962,31.64999962,29.70000076,29.75,155413696,0,1,24.37953293,yahoo_bootstrap
2022-07-04,30.20000076,31.60000038,30.20000076,31.04999924,123979560,0,1,25.44485643,yahoo_bootstrap
2022-07-05,31.64999962,32.45000076,31.25,32.29999924,141371991,0,1,26.46920656,yahoo_bootstrap
2022-07-06,32.04999924,32.40000153,31.39999962,31.60000038,97316815,0,1,25.89557142,yahoo_bootstrap
2022-07-07,31.95000076,32.40000153,30.85000038,32.40000153,130520172,0,1,26.55115644,yahoo_bootstrap
2022-07-08,32.90000153,33.20000076,32.04999924,32.09999847,118049380,0,1,26.30530991,yahoo_bootstrap
2022-07-11,32.5,33,32.09999847,32.79999924,81708332,0,1,26.87894661,yahoo_bootstrap
2022-07-12,32.20000076,32.29999924,31.14999962,31.64999962,99217617,0,1,25.9365448,yahoo_bootstrap
2022-07-13,32.75,34.70000076,32.34999847,33,215685119,0,1,27.04284325,yahoo_bootstrap
2022-07-14,32.79999924,33.40000153,32.54999924,32.90000153,106700687,0,1,26.96089649,yahoo_bootstrap
2022-07-15,32.90000153,32.90000153,32.15000153,32.34999847,77234902,0,1,26.51017993,yahoo_bootstrap
2022-07-18,32.65000153,33.5,32.59999847,33.15000153,88497002,0,1,27.16576652,yahoo_bootstrap
2022-07-19,33.09999847,34.29999924,33.04999924,34.15000153,145296909,0,1,27.98524662,yahoo_bootstrap
2022-07-20,34.79999924,34.79999924,33.95000076,34,122034595,0,1,27.86232335,yahoo_bootstrap
2022-07-21,34.15000153,34.75,33.70000076,34.25,99322022,0,1,28.06719337,yahoo_bootstrap
2022-07-22,34.15000153,34.5,33.75,34.15000153,56219609,0,1,27.98524662,yahoo_bootstrap
2022-07-25,34.04999924,34.15000153,33.34999847,33.95000076,46295507,0,1,27.82134996,yahoo_bootstrap
2022-07-26,33.70000076,34.40000153,33.54999924,33.79999924,52276822,0,1,27.6984267,yahoo_bootstrap
2022-07-27,33.79999924,34.34999847,33.75,34.29999924,61703995,0,1,28.10816675,yahoo_bootstrap
2022-07-28,34.45000076,34.59999847,33.59999847,33.59999847,75655497,0,1,27.53453005,yahoo_bootstrap
2022-07-29,34,34.15000153,33.79999924,33.90000153,47219325,0,1,27.78037659,yahoo_bootstrap
2022-08-01,34.04999924,34.04999924,32.90000153,32.95000076,65231274,0,1,27.00186987,yahoo_bootstrap
2022-08-02,32.5,32.5,31.54999924,31.54999924,69258639,0,1,25.85459648,yahoo_bootstrap
2022-08-03,31,31.54999924,30.5,30.75,72216922,0,1,25.19901303,yahoo_bootstrap
2022-08-04,29.89999962,30.70000076,29.25,30.54999924,94090689,0.591695,1,25.52629628,yahoo_bootstrap
2022-08-05,31.04999924,31.85000038,30.95000076,31.70000076,57444558,0,1,26.48718925,yahoo_bootstrap
2022-08-08,31.29999924,31.85000038,31,31.64999962,35697510,0,1,26.4454104,yahoo_bootstrap
2022-08-09,31.60000038,32,31.45000076,31.60000038,47750567,0,1,26.40363314,yahoo_bootstrap
2022-08-10,31.25,32,31.10000038,31.64999962,39172016,0,1,26.4454104,yahoo_bootstrap
2022-08-11,32.5,32.5,31.89999962,31.95000076,49327298,0,1,26.69607875,yahoo_bootstrap
2022-08-12,32,32.09999847,31.39999962,31.75,54508136,0,1,26.52896652,yahoo_bootstrap
2022-08-15,31.79999924,31.85000038,31.10000038,31.60000038,41573562,0,1,26.40363314,yahoo_bootstrap
2022-08-16,31.79999924,32.34999847,31.5,32.09999847,64220960,0,1,26.82141054,yahoo_bootstrap
2022-08-17,32.09999847,32.5,32.04999924,32.20000076,47887726,0,1,26.90496825,yahoo_bootstrap
2022-08-18,32.09999847,32.29999924,31.79999924,32.29999924,33371807,0,1,26.98852278,yahoo_bootstrap
2022-08-19,32.29999924,32.29999924,31.60000038,31.70000076,48179931,0,1,26.48718925,yahoo_bootstrap
2022-08-22,31.45000076,32.09999847,31.25,32.04999924,25082000,0,1,26.77963328,yahoo_bootstrap
2022-08-23,31.79999924,32.15000153,31.70000076,31.79999924,32575357,0,1,26.57074378,yahoo_bootstrap
2022-08-24,31.75,32,31.54999924,31.54999924,37040441,0,1,26.36185428,yahoo_bootstrap
2022-08-25,31.79999924,32.29999924,31.75,31.85000038,33219652,0,1,26.61252264,yahoo_bootstrap
2022-08-26,32.15000153,34.70000076,32.04999924,34.15000153,219827713,0,1,28.534307,yahoo_bootstrap
2022-08-29,32.59999847,33.29999924,32.5,32.59999847,109857643,0,1,27.23918954,yahoo_bootstrap
2022-08-30,32.70000076,33.45000076,32.70000076,33,44434009,0,1,27.57341402,yahoo_bootstrap
2022-08-31,33,34.45000076,32.84999847,33.75,91375343,0,1,28.20008252,yahoo_bootstrap
2022-09-01,33.59999847,34.20000076,33.29999924,33.65000153,61286036,0,1,28.116528,yahoo_bootstrap
2022-09-02,34.09999847,34.09999847,32.75,32.79999924,68572973,0,1,27.40630178,yahoo_bootstrap
2022-09-05,32.84999847,33.20000076,32.5,32.59999847,37956649,0,1,27.23918954,yahoo_bootstrap
2022-09-06,32.84999847,33.54999924,32.65000153,32.70000076,43261996,0,1,27.32274725,yahoo_bootstrap
2022-09-07,32.5,32.54999924,32.15000153,32.20000076,34753149,0,1,26.90496825,yahoo_bootstrap
2022-09-08,32.59999847,33.5,32.54999924,33.15000153,43882357,0,1,27.698749,yahoo_bootstrap
2022-09-12,33.59999847,34.09999847,33.54999924,33.90000153,67299832,0,1,28.3254175,yahoo_bootstrap
2022-09-13,34.04999924,34.20000076,33.70000076,33.84999847,50408588,0,1,28.28363704,yahoo_bootstrap
2022-09-14,32.70000076,33.5,32.70000076,33.45000076,36423162,0,1,27.94941575,yahoo_bootstrap
2022-09-15,33.59999847,34.15000153,33.34999847,33.75,37888612,0,1,28.20008252,yahoo_bootstrap
2022-09-16,33.79999924,34.29999924,33.59999847,33.95000076,69093935,0,1,28.36719476,yahoo_bootstrap
2022-09-19,34.20000076,34.5,33.59999847,33.95000076,57724837,0,1,28.36719476,yahoo_bootstrap
2022-09-20,34.25,35.15000153,34.09999847,35.09999847,145101040,0,1,29.32808454,yahoo_bootstrap
2022-09-21,34.90000153,35.09999847,34.40000153,35.09999847,71223124,0,1,29.32808454,yahoo_bootstrap
2022-09-22,34.75,36.20000076,33.59999847,33.90000153,256100704,0,1,28.3254175,yahoo_bootstrap
2022-09-23,33.95000076,34.5,32.59999847,32.75,168132964,0,1,27.36452452,yahoo_bootstrap
2022-09-26,32.25,32.25,31.70000076,31.85000038,87541343,0,1,26.61252264,yahoo_bootstrap
2022-09-27,31.85000038,32.09999847,30.14999962,31,142012087,0,1,25.90229802,yahoo_bootstrap
2022-09-28,29.89999962,29.89999962,27.89999962,27.89999962,225969769,0,1,23.3120679,yahoo_bootstrap
2022-09-29,28.5,29.25,28.25,28.79999924,111887135,0,1,24.06406978,yahoo_bootstrap
2022-09-30,27.5,28.60000038,26.89999962,28.20000076,113842967,0,1,23.56273625,yahoo_bootstrap
2022-10-03,27.64999962,28.70000076,27.5,28,54372052,0,1,23.39562402,yahoo_bootstrap
2022-10-04,28.70000076,28.85000038,27.85000038,27.89999962,61718423,0,1,23.3120679,yahoo_bootstrap
2022-10-05,28.29999924,28.39999962,27.79999924,27.85000038,46031174,0,1,23.27029063,yahoo_bootstrap
2022-10-06,28.04999924,28.85000038,27.85000038,28.60000038,51361993,0,1,23.89695913,yahoo_bootstrap
2022-10-07,28.39999962,29.5,28.29999924,29.14999962,66503045,0,1,24.3565154,yahoo_bootstrap
2022-10-11,28.79999924,28.89999962,27.54999924,28.10000038,53108646,0,1,23.47918013,yahoo_bootstrap
2022-10-12,28.60000038,28.60000038,27.64999962,27.89999962,48044965,0,1,23.3120679,yahoo_bootstrap
2022-10-13,27.64999962,27.70000076,25.14999962,25.14999962,131869813,0,1,21.0142834,yahoo_bootstrap
2022-10-14,25.20000076,25.45000076,23.70000076,24.35000038,204619008,0,1,20.34583763,yahoo_bootstrap
2022-10-17,23.95000076,24.5,22.79999924,24.25,122094614,0,1,20.26228151,yahoo_bootstrap
2022-10-18,24.64999962,24.95000076,24.20000076,24.29999924,67161430,0,1,20.30405878,yahoo_bootstrap
2022-10-19,24.29999924,24.64999962,23.89999962,24.10000038,49242719,0,1,20.13694813,yahoo_bootstrap
2022-10-20,23.60000038,23.64999962,22.89999962,23.5,57170558,0,1,19.63561301,yahoo_bootstrap
2022-10-21,23.75,24.35000038,23.10000038,23.14999962,59380273,0,1,19.3431674,yahoo_bootstrap
2022-10-24,23.70000076,24,23.39999962,23.39999962,31598140,0,1,19.5520569,yahoo_bootstrap
2022-10-25,23.45000076,23.60000038,23,23.10000038,35084170,0,1,19.30139013,yahoo_bootstrap
2022-10-26,23.39999962,23.39999962,22.75,22.89999962,35399932,0,1,19.1342779,yahoo_bootstrap
2022-10-27,23.20000076,23.95000076,23.10000038,23.75,45704658,0,1,19.84450251,yahoo_bootstrap
2022-10-28,23.75,24.45000076,23.60000038,23.64999962,56970465,0,1,19.7609464,yahoo_bootstrap
2022-10-31,23.95000076,24,23.39999962,23.39999962,29620635,0,1,19.5520569,yahoo_bootstrap
2022-11-01,23.5,23.85000038,23.10000038,23.85000038,33792266,0,1,19.92805863,yahoo_bootstrap
2022-11-02,23.79999924,24.10000038,23.75,23.75,25663912,0,1,19.84450251,yahoo_bootstrap
2022-11-03,23.5,23.60000038,23.20000076,23.35000038,35468615,0,1,19.51027963,yahoo_bootstrap
2022-11-04,23.35000038,25,23.35000038,25,65249341,0,1,20.88895001,yahoo_bootstrap
2022-11-07,24.5,24.79999924,24.20000076,24.5,78436872,0,1,20.47117101,yahoo_bootstrap
2022-11-08,24.60000038,26.5,24.54999924,25.39999962,109360234,0,1,21.2231729,yahoo_bootstrap
2022-11-09,25.95000076,26,25.5,25.54999924,42717565,0,1,21.34850628,yahoo_bootstrap
2022-11-10,25.54999924,25.89999962,25.29999924,25.5,31206720,0,1,21.30672902,yahoo_bootstrap
2022-11-11,26.39999962,26.75,25.70000076,25.70000076,59200151,0,1,21.47384125,yahoo_bootstrap
2022-11-14,26.04999924,26.20000076,25.60000038,26.04999924,44865409,0,1,21.76628528,yahoo_bootstrap
2022-11-15,26.20000076,26.35000038,25.79999924,26.04999924,35979287,0,1,21.76628528,yahoo_bootstrap
2022-11-16,26.14999962,26.20000076,25.70000076,25.75,32464182,0,1,21.51561852,yahoo_bootstrap
2022-11-17,25.70000076,26.20000076,25.60000038,25.95000076,29614542,0,1,21.68273075,yahoo_bootstrap
2022-11-18,26.10000038,26.89999962,26,26.25,61744676,0,1,21.93339752,yahoo_bootstrap
2022-11-21,26.29999924,26.45000076,25.60000038,25.75,33786140,0,1,21.51561852,yahoo_bootstrap
2022-11-22,25.54999924,26.04999924,25.54999924,25.70000076,17869870,0,1,21.47384125,yahoo_bootstrap
2022-11-23,26,26.20000076,25.85000038,26.04999924,17861422,0,1,21.76628528,yahoo_bootstrap
2022-11-24,26.29999924,26.5,26,26.14999962,26962049,0,1,21.8498414,yahoo_bootstrap
2022-11-25,26.25,26.70000076,26.04999924,26.04999924,39828509,0,1,21.76628528,yahoo_bootstrap
2022-11-28,25.89999962,26.45000076,25.70000076,26.25,25751825,0,1,21.93339752,yahoo_bootstrap
2022-11-29,26.25,28.39999962,26.14999962,28.29999924,133938015,0,1,23.64629078,yahoo_bootstrap
2022-11-30,27.89999962,28.14999962,27.5,27.95000076,91576683,0,1,23.35384675,yahoo_bootstrap
2022-12-01,28.29999924,28.45000076,27.5,27.79999924,62175224,0,1,23.22851178,yahoo_bootstrap
2022-12-02,27.64999962,28.10000038,27.54999924,27.60000038,26832318,0,1,23.06140113,yahoo_bootstrap
2022-12-05,27.75,28.89999962,27.45000076,28.39999962,91582183,0,1,23.7298469,yahoo_bootstrap
2022-12-06,28.39999962,29.20000076,27.64999962,27.79999924,106247589,0,1,23.22851178,yahoo_bootstrap
2022-12-07,27.75,28.29999924,27.35000038,28,48266341,0,1,23.39562402,yahoo_bootstrap
2022-12-08,28.14999962,28.54999924,27.75,28.04999924,38919216,0,1,23.43740128,yahoo_bootstrap
2022-12-09,28.25,28.70000076,28.14999962,28.35000038,42233435,0,1,23.68806963,yahoo_bootstrap
2022-12-12,28.60000038,28.75,28.04999924,28.04999924,31496525,0,1,23.43740128,yahoo_bootstrap
2022-12-13,28.35000038,28.39999962,27.64999962,27.75,27514727,0,1,23.18673452,yahoo_bootstrap
2022-12-14,27.89999962,28.20000076,27.70000076,28.20000076,22631172,0,1,23.56273625,yahoo_bootstrap
2022-12-15,28.20000076,29,28.04999924,28.75,68353387,0,1,24.02229252,yahoo_bootstrap
2022-12-16,28.5,28.95000076,28.35000038,28.60000038,56828208,0,1,23.89695913,yahoo_bootstrap
2022-12-19,28.60000038,28.70000076,27.89999962,27.95000076,32931223,0,1,23.35384675,yahoo_bootstrap
2022-12-20,28,28.39999962,27,27.04999924,39725752,0,1,22.60184328,yahoo_bootstrap
2022-12-21,27.35000038,27.79999924,27.25,27.64999962,27190496,0,1,23.1031784,yahoo_bootstrap
2022-12-22,28.10000038,29,28,28.70000076,65918135,0,1,23.98051525,yahoo_bootstrap
2022-12-23,28.45000076,28.5,28,28.10000038,27959785,0,1,23.47918013,yahoo_bootstrap
2022-12-26,28.20000076,28.64999962,28.04999924,28.14999962,31284221,0,1,23.5209574,yahoo_bootstrap
2022-12-27,29.20000076,29.79999924,28.35000038,28.45000076,90796921,0,1,23.77162575,yahoo_bootstrap
2022-12-28,28.25,28.60000038,28.20000076,28.20000076,30002348,0,1,23.56273625,yahoo_bootstrap
2022-12-29,28,28.25,27.70000076,28.14999962,24924076,0,1,23.5209574,yahoo_bootstrap
2022-12-30,28.39999962,28.5,28.14999962,28.14999962,16263827,0,1,23.5209574,yahoo_bootstrap
2023-01-03,27.60000038,28.14999962,27.20000076,28.14999962,36290132,0,1,23.5209574,yahoo_bootstrap
2023-01-04,28.10000038,28.29999924,28,28.20000076,13642836,0,1,23.56273625,yahoo_bootstrap
2023-01-05,28.54999924,28.64999962,27.95000076,28,19762990,0,1,23.39562402,yahoo_bootstrap
2023-01-06,28.25,28.25,27.89999962,28.04999924,9173165,0,1,23.43740128,yahoo_bootstrap
2023-01-09,28.45000076,28.70000076,28.14999962,28.29999924,18951417,0,1,23.64629078,yahoo_bootstrap
2023-01-10,28.45000076,28.5,28.20000076,28.29999924,14644609,0,1,23.64629078,yahoo_bootstrap
2023-01-11,28.70000076,29.14999962,28.29999924,28.35000038,67889544,0,1,23.68806963,yahoo_bootstrap
2023-01-12,28.35000038,28.60000038,28.20000076,28.35000038,27045404,0,1,23.68806963,yahoo_bootstrap
2023-01-13,28.45000076,28.85000038,28.39999962,28.64999962,52150170,0,1,23.9387364,yahoo_bootstrap
2023-01-16,28.70000076,28.79999924,28.39999962,28.5,27106405,0,1,23.81340302,yahoo_bootstrap
2023-01-17,28.64999962,28.79999924,28.14999962,28.39999962,31399682,0,1,23.7298469,yahoo_bootstrap
2023-01-30,28.89999962,28.95000076,28.5,28.89999962,43719367,0,1,24.1476259,yahoo_bootstrap
2023-01-31,28.89999962,29.20000076,28.85000038,29,41790322,0,1,24.23118202,yahoo_bootstrap
2023-02-01,29.14999962,30,29.04999924,29.95000076,108604077,0,1,25.02496275,yahoo_bootstrap
2023-02-02,29.79999924,29.85000038,29.25,29.35000038,70211802,0,1,24.52362763,yahoo_bootstrap
2023-02-03,29.5,29.64999962,29.25,29.29999924,26794436,0,1,24.48184878,yahoo_bootstrap
2023-02-06,29.29999924,29.70000076,29.10000038,29.45000076,32510852,0,1,24.60718375,yahoo_bootstrap
2023-02-07,29.5,29.64999962,29.14999962,29.20000076,31956138,0,1,24.39829425,yahoo_bootstrap
2023-02-08,29.25,29.29999924,29,29.10000038,32404816,0,1,24.31473813,yahoo_bootstrap
2023-02-09,29.10000038,29.29999924,29,29.04999924,16773426,0,1,24.27295928,yahoo_bootstrap
2023-02-10,28.89999962,29.10000038,28.25,28.45000076,43733129,0,1,23.77162575,yahoo_bootstrap
2023-02-13,28.5,28.79999924,28.20000076,28.20000076,32396255,0,1,23.56273625,yahoo_bootstrap
2023-02-14,28.35000038,29,28.35000038,28.85000038,57379729,0,1,24.10584863,yahoo_bootstrap
2023-02-15,28.85000038,29,28.45000076,28.5,41725598,0,1,23.81340302,yahoo_bootstrap
2023-02-16,28.60000038,29.89999962,28.60000038,29.70000076,177985232,0,1,24.81607325,yahoo_bootstrap
2023-02-17,29.60000038,30,29.20000076,29.29999924,82575348,0,1,24.48184878,yahoo_bootstrap
2023-02-20,29.39999962,30.35000038,29.35000038,29.60000038,101888809,0,1,24.73251713,yahoo_bootstrap
2023-02-21,29.60000038,29.75,28.85000038,28.89999962,70743318,0,1,24.1476259,yahoo_bootstrap
2023-02-22,28.70000076,28.70000076,28.39999962,28.5,51589655,0,1,23.81340302,yahoo_bootstrap
2023-02-23,28.54999924,28.85000038,28.5,28.54999924,36849333,0,1,23.85518028,yahoo_bootstrap
2023-02-24,28.54999924,28.75,28.29999924,28.29999924,39138593,0,1,23.64629078,yahoo_bootstrap
2023-03-01,28.29999924,28.29999924,27.95000076,28.04999924,39635807,0,1,23.43740128,yahoo_bootstrap
2023-03-02,28.10000038,28.54999924,28.10000038,28.29999924,24685921,0,1,23.64629078,yahoo_bootstrap
2023-03-03,28.45000076,28.64999962,28.35000038,28.35000038,23916602,0,1,23.68806963,yahoo_bootstrap
2023-03-06,28.45000076,28.54999924,28.25,28.29999924,23800385,0,1,23.64629078,yahoo_bootstrap
2023-03-07,28.29999924,28.39999962,28.25,28.29999924,17648541,0,1,23.64629078,yahoo_bootstrap
2023-03-08,28.29999924,28.29999924,28.10000038,28.29999924,24029899,0,1,23.64629078,yahoo_bootstrap
2023-03-09,28.29999924,28.85000038,28.20000076,28.75,69486940,0,1,24.02229252,yahoo_bootstrap
2023-03-10,28.54999924,28.70000076,27.54999924,27.70000076,85420747,0,1,23.14495725,yahoo_bootstrap
2023-03-13,27.39999962,27.85000038,27.10000038,27.79999924,34749775,0,1,23.22851178,yahoo_bootstrap
2023-03-14,27.60000038,27.60000038,26.5,26.5,101514178,0,1,22.14228702,yahoo_bootstrap
2023-03-15,26.85000038,27.14999962,26.60000038,26.70000076,42911403,0,1,22.30939925,yahoo_bootstrap
2023-03-16,26.45000076,26.5,25.75,25.75,53459272,0,1,21.51561852,yahoo_bootstrap
2023-03-17,26,26.20000076,25.85000038,26.10000038,29532207,0,1,21.80806413,yahoo_bootstrap
2023-03-20,26.20000076,26.29999924,26.04999924,26.20000076,12675986,0,1,21.89162025,yahoo_bootstrap
2023-03-21,26.35000038,26.45000076,26.10000038,26.14999962,14077816,0,1,21.8498414,yahoo_bootstrap
2023-03-22,26.35000038,26.79999924,26.25,26.60000038,23490844,0,1,22.22584313,yahoo_bootstrap
2023-03-23,26.60000038,26.95000076,26.39999962,26.60000038,15385261,0,1,22.22584313,yahoo_bootstrap
2023-03-24,26.75,26.75,26.39999962,26.39999962,16453426,0,1,22.0587309,yahoo_bootstrap
2023-03-27,26.39999962,26.64999962,26.25,26.60000038,14675179,0,1,22.22584313,yahoo_bootstrap
2023-03-28,26.60000038,27.14999962,26.60000038,26.70000076,24499393,0,1,22.30939925,yahoo_bootstrap
2023-03-29,26.89999962,27.39999962,26.85000038,27.14999962,30101156,0,1,22.6853994,yahoo_bootstrap
2023-03-30,27.39999962,27.45000076,26.85000038,27,19111620,0,1,22.56006602,yahoo_bootstrap
2023-03-31,27.04999924,27.14999962,26.85000038,26.85000038,16065111,0,1,22.43473263,yahoo_bootstrap
2023-04-06,26.95000076,26.95000076,26.39999962,26.45000076,20026924,0,1,22.10050975,yahoo_bootstrap
2023-04-07,26.54999924,26.70000076,26.5,26.5,10221237,0,1,22.14228702,yahoo_bootstrap
2023-04-10,26.54999924,26.70000076,26.45000076,26.54999924,9885424,0,1,22.18406428,yahoo_bootstrap
2023-04-11,26.70000076,26.85000038,26.54999924,26.79999924,10753602,0,1,22.39295378,yahoo_bootstrap
2023-04-12,26.85000038,26.89999962,26.60000038,26.60000038,12000166,0,1,22.22584313,yahoo_bootstrap
2023-04-13,27.25,27.70000076,27.14999962,27.25,55165268,0,1,22.76895552,yahoo_bootstrap
2023-04-14,27.45000076,27.54999924,27,27.29999924,19511928,0,1,22.81073278,yahoo_bootstrap
2023-04-17,27.29999924,27.29999924,26.85000038,27.04999924,23028423,0,1,22.60184328,yahoo_bootstrap
2023-04-18,27,27,26.60000038,26.64999962,17653151,0,1,22.2676204,yahoo_bootstrap
2023-04-19,26.75,26.89999962,26.64999962,26.64999962,13175265,0,1,22.2676204,yahoo_bootstrap
2023-04-20,26.60000038,26.79999924,26.25,26.25,19256484,0,1,21.93339752,yahoo_bootstrap
2023-04-21,26.35000038,26.45000076,26,26,16508866,0,1,21.72450802,yahoo_bootstrap
2023-04-24,26.04999924,26.14999962,25.89999962,25.95000076,11093185,0,1,21.68273075,yahoo_bootstrap
2023-04-25,26.04999924,26.35000038,25.64999962,25.64999962,24179990,0,1,21.4320624,yahoo_bootstrap
2023-04-26,25.64999962,25.70000076,25.10000038,25.54999924,25498509,0,1,21.34850628,yahoo_bootstrap
2023-04-27,25.89999962,26.79999924,25.85000038,26.35000038,44845184,0,1,22.01695363,yahoo_bootstrap
2023-04-28,26.70000076,26.85000038,26.60000038,26.85000038,23457784,0,1,22.43473263,yahoo_bootstrap
2023-05-02,26.95000076,27.20000076,26.79999924,27.04999924,18072994,0,1,22.60184328,yahoo_bootstrap
2023-05-03,27,27.20000076,26.85000038,27.10000038,16155383,0,1,22.64362213,yahoo_bootstrap
2023-05-04,27.14999962,27.14999962,26.79999924,26.95000076,15156509,0,1,22.51828875,yahoo_bootstrap
2023-05-05,27,27.14999962,26.95000076,27.04999924,11275989,0,1,22.60184328,yahoo_bootstrap
2023-05-08,27.20000076,27.45000076,27.04999924,27.20000076,21509078,0,1,22.72717825,yahoo_bootstrap
2023-05-09,27.35000038,27.39999962,27.10000038,27.14999962,19194091,0,1,22.6853994,yahoo_bootstrap
2023-05-10,28.60000038,28.79999924,27.85000038,28,119291789,0,1,23.39562402,yahoo_bootstrap
2023-05-11,27.89999962,28.45000076,27.39999962,27.64999962,97036476,0,1,23.1031784,yahoo_bootstrap
2023-05-12,27.64999962,28.04999924,27.10000038,28,61927300,0,1,23.39562402,yahoo_bootstrap
2023-05-15,27.95000076,28.39999962,27.60000038,27.79999924,54844208,0,1,23.22851178,yahoo_bootstrap
2023-05-16,27.89999962,28.39999962,27.89999962,28.04999924,71743060,0,1,23.43740128,yahoo_bootstrap
2023-05-17,28.10000038,28.29999924,27.89999962,28.04999924,45631571,0,1,23.43740128,yahoo_bootstrap
2023-05-18,28.20000076,28.45000076,28.14999962,28.29999924,70993556,0,1,23.64629078,yahoo_bootstrap
2023-05-19,28.29999924,30.70000076,28.25,29.60000038,351790098,0,1,24.73251713,yahoo_bootstrap
2023-05-22,29.95000076,30.85000038,29.54999924,30.70000076,263581390,0,1,25.65163125,yahoo_bootstrap
2023-05-23,30.60000038,31.25,30.25,30.35000038,206841526,0,1,25.35918564,yahoo_bootstrap
2023-05-24,30.35000038,31.10000038,30.29999924,31,135555058,0,1,25.90229802,yahoo_bootstrap
2023-05-25,31,32,30.60000038,31.54999924,173581317,0,1,26.36185428,yahoo_bootstrap
2023-05-26,31.79999924,33,31.75,32.29999924,194517293,0,1,26.98852278,yahoo_bootstrap
2023-05-29,32.79999924,34.15000153,32.65000153,33.59999847,252452160,0,1,28.07474754,yahoo_bootstrap
2023-05-30,34,34.29999924,33.15000153,33.54999924,179372625,0,1,28.03297028,yahoo_bootstrap
2023-05-31,33.90000153,34.15000153,33.70000076,33.95000076,130286292,0,1,28.36719476,yahoo_bootstrap
2023-06-01,34,36,33.59999847,36,290723681,0,1,30.08008802,yahoo_bootstrap
2023-06-02,36.34999847,36.95000076,35.59999847,36.45000076,220041940,0,1,30.45608976,yahoo_bootstrap
2023-06-05,36.65000153,36.84999847,35.34999847,35.54999924,145878912,0,1,29.70408629,yahoo_bootstrap
2023-06-06,35.54999924,36.45000076,35.54999924,35.84999847,130341855,0,1,29.95475304,yahoo_bootstrap
2023-06-07,36.15000153,36.40000153,35.5,35.59999847,102896066,0,1,29.74586354,yahoo_bootstrap
2023-06-08,35.59999847,36.15000153,34.79999924,35.90000153,145098041,0,1,29.9965335,yahoo_bootstrap
2023-06-09,36.15000153,36.65000153,35.79999924,35.84999847,97748285,0,1,29.95475304,yahoo_bootstrap
2023-06-12,35.5,35.65000153,33.79999924,34.84999847,159940603,0,1,29.11919504,yahoo_bootstrap
2023-06-13,35.34999847,36.34999847,35.20000076,36.20000076,147219203,0,1,30.24720026,yahoo_bootstrap
2023-06-14,37,39.79999924,36.90000153,39.65000153,419576109,0,1,33.129876,yahoo_bootstrap
2023-06-15,40.59999847,41.84999847,39.70000076,41.34999847,495125588,0,1,34.55032205,yahoo_bootstrap
2023-06-16,41.5,42.15000153,39.79999924,40.20000076,294016795,0,1,33.58943226,yahoo_bootstrap
2023-06-19,40.54999924,41.59999847,40.5,40.70000076,137787188,0,1,34.00721126,yahoo_bootstrap
2023-06-20,41,41.29999924,39.59999847,39.84999847,140736826,0,1,33.29698505,yahoo_bootstrap
2023-06-21,40.25,40.70000076,39.70000076,40.45000076,126996132,0,1,33.79832176,yahoo_bootstrap
2023-06-26,40.34999847,41.40000153,39.84999847,41.34999847,137676936,0,1,34.55032205,yahoo_bootstrap
2023-06-27,41,41.04999924,38.54999924,39.20000076,205248646,0,1,32.75387426,yahoo_bootstrap
2023-06-28,40.20000076,41.29999924,40,41.25,163325042,0,1,34.46676752,yahoo_bootstrap
2023-06-29,41.34999847,41.34999847,39.90000153,40.45000076,159346129,0,1,33.79832176,yahoo_bootstrap
2023-06-30,40.20000076,40.59999847,39.70000076,39.79999924,104173284,0,1,33.25520779,yahoo_bootstrap
2023-07-03,40,40.54999924,39.25,40.09999847,115421101,0,1,33.50587455,yahoo_bootstrap
2023-07-04,40.29999924,40.75,39.75,40.20000076,92792712,0,1,33.58943226,yahoo_bootstrap
2023-07-05,40.40000153,42.40000153,40,40,264502245,0,1,33.42232002,yahoo_bootstrap
2023-07-06,39.59999847,40,39.09999847,39.79999924,115535940,0,1,33.25520779,yahoo_bootstrap
2023-07-07,39.84999847,40.59999847,39.59999847,39.79999924,108958777,0,1,33.25520779,yahoo_bootstrap
2023-07-10,40,40.20000076,39.59999847,39.70000076,67307208,0,1,33.17165326,yahoo_bootstrap
2023-07-11,40.75,41,39.84999847,40.29999924,138197163,0,1,33.67298679,yahoo_bootstrap
2023-07-12,40.59999847,41.09999847,40.5,40.90000153,107758796,0,1,34.1743235,yahoo_bootstrap
2023-07-13,41.29999924,41.34999847,39.40000153,39.75,194997868,0,1,33.21343052,yahoo_bootstrap
2023-07-14,39.40000153,39.5,36.84999847,37.04999924,230550025,0.799071,1,31.59250902,yahoo_bootstrap
2023-07-17,36.90000153,37.5,36.40000153,37.04999924,87735589,0,1,31.59250902,yahoo_bootstrap
2023-07-18,37.45000076,37.90000153,36.59999847,37.40000153,96708348,0,1,31.89095573,yahoo_bootstrap
2023-07-19,37.59999847,37.70000076,35.29999924,36.09999847,127596069,0,1,30.78244401,yahoo_bootstrap
2023-07-20,36.09999847,37.65000153,36.04999924,37.54999924,109192657,0,1,32.01885868,yahoo_bootstrap
2023-07-21,37.54999924,37.84999847,37.04999924,37.09999847,74770306,0,1,31.63514333,yahoo_bootstrap
2023-07-24,37.29999924,37.34999847,36.5,36.75,52914995,0,1,31.33669987,yahoo_bootstrap
2023-07-25,36.90000153,37.20000076,36.20000076,36.90000153,51575995,0,1,31.46460607,yahoo_bootstrap
2023-07-26,37,37.70000076,36.84999847,37.09999847,57548569,0,1,31.63514333,yahoo_bootstrap
2023-07-27,37.25,38.20000076,37.20000076,37.84999847,77618870,0,1,32.27466781,yahoo_bootstrap
2023-07-28,37.75,37.95000076,37.09999847,37.54999924,53757281,0,1,32.01885868,yahoo_bootstrap
2023-07-31,37.65000153,37.75,36.45000076,36.75,51571029,0,1,31.33669987,yahoo_bootstrap
2023-08-01,36.95000076,37.59999847,36.79999924,37.40000153,50396627,0,1,31.89095573,yahoo_bootstrap
2023-08-02,37.40000153,37.84999847,36.40000153,36.70000076,69613555,0,1,31.29406555,yahoo_bootstrap
2023-08-04,36.40000153,36.70000076,36,36.45000076,36087464,0,1,31.08089072,yahoo_bootstrap
2023-08-07,36.40000153,36.40000153,34.5,35.04999924,105122700,0,1,29.88711038,yahoo_bootstrap
2023-08-08,35.29999924,36.5,35.20000076,35.79999924,68129468,0,1,30.52663487,yahoo_bootstrap
2023-08-09,36.15000153,37.09999847,36.09999847,36.15000153,74726762,0,1,30.82508159,yahoo_bootstrap
2023-08-10,36.29999924,36.90000153,35.20000076,36.59999847,78384575,0,1,31.20879367,yahoo_bootstrap
2023-08-11,36,36.84999847,34.70000076,35.54999924,156606135,0,1,30.31346004,yahoo_bootstrap
2023-08-14,35.20000076,35.70000076,33.84999847,34.09999847,114032517,0,1,29.07704538,yahoo_bootstrap
2023-08-15,34.65000153,35.34999847,34.09999847,34.15000153,83877258,0,1,29.11968295,yahoo_bootstrap
2023-08-16,33.90000153,34.20000076,33.29999924,33.5,81448460,0,1,28.56542709,yahoo_bootstrap
2023-08-17,33.09999847,33.95000076,32.79999924,33.5,68161650,0,1,28.56542709,yahoo_bootstrap
2023-08-18,33.79999924,34.20000076,33.20000076,33.20000076,63004259,0,1,28.30961795,yahoo_bootstrap
2023-08-21,33.5,33.79999924,32.84999847,33,46951466,0,1,28.13907743,yahoo_bootstrap
2023-08-22,33.90000153,34.65000153,33.79999924,33.90000153,109723672,0,1,28.90650812,yahoo_bootstrap
2023-08-23,34.54999924,34.90000153,33.20000076,33.29999924,116951068,0,1,28.39488658,yahoo_bootstrap
2023-08-24,33.40000153,33.70000076,33.09999847,33.29999924,64828978,0,1,28.39488658,yahoo_bootstrap
2023-08-25,33.79999924,33.84999847,33.04999924,33.04999924,82615281,0,1,28.18171175,yahoo_bootstrap
2023-08-28,33.25,33.29999924,32.04999924,32.04999924,74780158,0,1,27.32901244,yahoo_bootstrap
2023-08-29,32.34999847,32.59999847,32.04999924,32.29999924,46966784,0,1,27.54218727,yahoo_bootstrap
2023-08-30,32.54999924,32.54999924,31.70000076,31.79999924,65975830,0,1,27.11583761,yahoo_bootstrap
2023-08-31,31.85000038,32.15000153,31.29999924,31.5,67429727,0,1,26.86002846,yahoo_bootstrap
2023-09-01,31.64999962,32.34999847,31.60000038,32,56210703,0,1,27.28637812,yahoo_bootstrap
2023-09-04,32,32.15000153,31.5,32.04999924,35032808,0,1,27.32901244,yahoo_bootstrap
2023-09-05,32.09999847,32.34999847,31.70000076,31.79999924,44567548,0,1,27.11583761,yahoo_bootstrap
2023-09-06,31.79999924,32.04999924,31.64999962,31.64999962,40608132,0,1,26.98793303,yahoo_bootstrap
2023-09-07,31.64999962,31.75,31.14999962,31.25,43576380,0,1,26.64685363,yahoo_bootstrap
2023-09-08,31.25,31.60000038,30.95000076,30.95000076,48246003,0,1,26.39104448,yahoo_bootstrap
2023-09-11,31.10000038,31.14999962,30.29999924,30.35000038,57016281,0,1,25.87942457,yahoo_bootstrap
2023-09-12,30.54999924,31.10000038,30.5,30.70000076,52131352,0,1,26.17786966,yahoo_bootstrap
2023-09-13,30.85000038,30.89999962,30.25,30.70000076,43254471,0,1,26.17786966,yahoo_bootstrap
2023-09-14,30.85000038,30.95000076,30.35000038,30.79999924,49478066,0,1,26.26313829,yahoo_bootstrap
2023-09-15,30.85000038,30.85000038,30.5,30.64999962,50835865,0,1,26.13523372,yahoo_bootstrap
2023-09-18,30.64999962,31,30.39999962,30.5,29534022,0,1,26.00732914,yahoo_bootstrap
2023-09-19,30.60000038,30.60000038,30.25,30.25,37174510,0,1,25.79415431,yahoo_bootstrap
2023-09-20,30.20000076,30.29999924,29.95000076,29.95000076,41452366,0,1,25.53834517,yahoo_bootstrap
2023-09-21,30.14999962,30.25,29.54999924,29.60000038,52055478,0,1,25.23990008,yahoo_bootstrap
2023-09-22,29.5,29.70000076,29.10000038,29.64999962,60065659,0,1,25.2825344,yahoo_bootstrap
2023-09-25,29.79999924,30.60000038,29.60000038,30,63630166,0,1,25.58097949,yahoo_bootstrap
2023-09-26,29.95000076,30.14999962,29.70000076,29.75,33640985,0,1,25.36780466,yahoo_bootstrap
2023-09-27,29.85000038,30.25,29.85000038,30,31683576,0,1,25.58097949,yahoo_bootstrap
2023-09-28,30.14999962,30.20000076,29.75,29.75,31774378,0,1,25.36780466,yahoo_bootstrap
2023-10-02,30,30,29.45000076,29.45000076,44072646,0,1,25.11199551,yahoo_bootstrap
2023-10-03,29.45000076,29.5,28.85000038,28.89999962,62931245,0,1,24.64300991,yahoo_bootstrap
2023-10-04,28.89999962,28.89999962,28.29999924,28.29999924,55035641,0,1,24.13139,yahoo_bootstrap
2023-10-05,29.39999962,30.14999962,29.20000076,29.75,107570728,0,1,25.36780466,yahoo_bootstrap
2023-10-06,29.95000076,30,29.20000076,29.25,60422598,0,1,24.941455,yahoo_bootstrap
2023-10-11,29.29999924,29.29999924,28.29999924,28.35000038,66647164,0,1,24.17402594,yahoo_bootstrap
2023-10-12,28.85000038,29.39999962,28.64999962,29.20000076,63824844,0,1,24.89882068,yahoo_bootstrap
2023-10-13,29,29.10000038,28.64999962,28.70000076,43242957,0,1,24.47247102,yahoo_bootstrap
2023-10-16,28.39999962,28.45000076,27.5,27.5,87234071,0,1,23.4492312,yahoo_bootstrap
2023-10-17,27.70000076,27.75,26.79999924,26.85000038,80654956,0,1,22.89497696,yahoo_bootstrap
2023-10-18,27,27.5,26.5,26.60000038,63300543,0,1,22.68180213,yahoo_bootstrap
2023-10-19,26.35000038,26.95000076,26.20000076,26.95000076,47150690,0,1,22.98024722,yahoo_bootstrap
2023-10-20,26.64999962,26.75,25.89999962,26.5,56308130,0,1,22.59653188,yahoo_bootstrap
2023-10-23,26.35000038,27.5,26.29999924,27.20000076,41630424,0,1,23.19342205,yahoo_bootstrap
2023-10-24,27.39999962,27.79999924,27,27.70000076,46318974,0,1,23.61977171,yahoo_bootstrap
2023-10-25,27.60000038,27.79999924,27.29999924,27.54999924,37978683,0,1,23.49186551,yahoo_bootstrap
2023-10-26,27.35000038,27.95000076,27.29999924,27.29999924,49302268,0,1,23.27869068,yahoo_bootstrap
2023-10-27,27.45000076,28.14999962,27.39999962,27.85000038,47055081,0,1,23.74767628,yahoo_bootstrap
2023-10-30,27.79999924,27.79999924,27.29999924,27.39999962,30504994,0,1,23.36396094,yahoo_bootstrap
2023-10-31,27.70000076,28.10000038,27.35000038,27.39999962,36251960,0,1,23.36396094,yahoo_bootstrap
2023-11-01,27.64999962,28.70000076,27.64999962,28.60000038,96008978,0,1,24.38720077,yahoo_bootstrap
2023-11-02,28.54999924,29.10000038,28.20000076,28.85000038,77947863,0,1,24.6003756,yahoo_bootstrap
2023-11-03,29.20000076,30.20000076,29.10000038,30,125708648,0,1,25.58097949,yahoo_bootstrap
2023-11-06,30.79999924,30.95000076,30,30.10000038,97240866,0,1,25.66624974,yahoo_bootstrap
2023-11-07,30,30.20000076,29.25,29.60000038,59562516,0,1,25.23990008,yahoo_bootstrap
2023-11-08,29.85000038,30.35000038,29.20000076,29.25,90427009,0,1,24.941455,yahoo_bootstrap
2023-11-09,29.25,29.95000076,28.95000076,29.64999962,61419150,0,1,25.2825344,yahoo_bootstrap
2023-11-10,29.5,29.95000076,29.45000076,29.70000076,36537963,0,1,25.32517034,yahoo_bootstrap
2023-11-13,30.04999924,30.10000038,29.20000076,29.54999924,65412919,0,1,25.19726415,yahoo_bootstrap
2023-11-14,29.70000076,30,29.29999924,29.35000038,48001351,0,1,25.02672525,yahoo_bootstrap
2023-11-15,29.70000076,30.5,29.45000076,30.25,100891261,0,1,25.79415431,yahoo_bootstrap
2023-11-16,30.45000076,32.25,30.45000076,32,283299472,0,1,27.28637812,yahoo_bootstrap
2023-11-17,32.5,32.70000076,31.79999924,32.15000153,150751791,0,1,27.41428432,yahoo_bootstrap
2023-11-20,31.10000038,31.85000038,30.64999962,31.54999924,122003567,0,1,26.90266278,yahoo_bootstrap
2023-11-21,31.70000076,31.79999924,31.25,31.39999962,75196240,0,1,26.7747582,yahoo_bootstrap
2023-11-22,31.54999924,32.15000153,31.29999924,31.5,87401069,0,1,26.86002846,yahoo_bootstrap
2023-11-23,31.75,32.29999924,31.39999962,32.20000076,96850352,0,1,27.45691863,yahoo_bootstrap
2023-11-24,31.79999924,31.79999924,31.25,31.25,100641140,0,1,26.64685363,yahoo_bootstrap
2023-11-27,31.5,31.60000038,30.89999962,30.89999962,56599551,0,1,26.34840855,yahoo_bootstrap
2023-11-28,31.29999924,31.64999962,31.10000038,31.45000076,52579354,0,1,26.81739414,yahoo_bootstrap
2023-11-29,31.54999924,31.60000038,30.95000076,31,61130251,0,1,26.4336788,yahoo_bootstrap
2023-11-30,31.14999962,31.29999924,30.89999962,31.29999924,57859871,0,1,26.68948795,yahoo_bootstrap
2023-12-01,31.29999924,31.5,31,31.10000038,44564530,0,1,26.51894906,yahoo_bootstrap
2023-12-04,31.10000038,31.79999924,31,31.5,69568978,0,1,26.86002846,yahoo_bootstrap
2023-12-05,31.5,31.60000038,31.14999962,31.14999962,43836212,0,1,26.56158338,yahoo_bootstrap
2023-12-06,31.14999962,31.75,31.14999962,31.45000076,39562031,0,1,26.81739414,yahoo_bootstrap
2023-12-07,31.79999924,32.25,31.60000038,32.20000076,115263211,0,1,27.45691863,yahoo_bootstrap
2023-12-08,32.40000153,32.90000153,32.09999847,32.34999847,149274593,0,1,27.58482157,yahoo_bootstrap
2023-12-11,32.59999847,32.70000076,32,32.04999924,65058305,0,1,27.32901244,yahoo_bootstrap
2023-12-12,32.09999847,32.45000076,31.60000038,31.79999924,60399403,0,1,27.11583761,yahoo_bootstrap
2023-12-13,31.79999924,31.95000076,31.5,31.64999962,47734606,0,1,26.98793303,yahoo_bootstrap
2023-12-14,31.79999924,32.04999924,31.60000038,31.75,51349526,0,1,27.07320329,yahoo_bootstrap
2023-12-15,31.95000076,32.09999847,31.64999962,31.75,47702765,0,1,27.07320329,yahoo_bootstrap
2023-12-18,31.60000038,31.60000038,30.64999962,30.85000038,104858282,0,1,26.30577423,yahoo_bootstrap
2023-12-19,30.60000038,30.60000038,29.95000076,30.14999962,87266249,0,1,25.70888406,yahoo_bootstrap
2023-12-20,30.10000038,30.60000038,30.10000038,30.60000038,55144646,0,1,26.0925994,yahoo_bootstrap
2023-12-21,30.29999924,31.20000076,30.20000076,31.14999962,46493091,0,1,26.56158338,yahoo_bootstrap
2023-12-22,31.45000076,32.25,31.14999962,31.89999962,99770715,0,1,27.20110786,yahoo_bootstrap
2023-12-25,31.89999962,32.15000153,31.60000038,31.75,64007428,0,1,27.07320329,yahoo_bootstrap
2023-12-26,32,32.09999847,31.60000038,31.60000038,32867895,0,1,26.94529872,yahoo_bootstrap
2023-12-27,31.70000076,31.75,31.04999924,31.10000038,53570980,0,1,26.51894906,yahoo_bootstrap
2023-12-28,31.20000076,31.45000076,31,31.25,31524206,0,1,26.64685363,yahoo_bootstrap
2023-12-29,31.39999962,31.64999962,31.29999924,31.45000076,32243813,0,1,26.81739414,yahoo_bootstrap
2024-01-02,31.95000076,33.59999847,31.89999962,33.5,292393898,0,1,28.56542709,yahoo_bootstrap
2024-01-03,33.45000076,33.65000153,32.90000153,32.95000076,120502696,0,1,28.09644312,yahoo_bootstrap
2024-01-04,33,33.59999847,32.59999847,33.5,114214788,0,1,28.56542709,yahoo_bootstrap
2024-01-05,33.79999924,33.84999847,32.59999847,32.65000153,106324159,0,1,27.84063398,yahoo_bootstrap
2024-01-08,32.70000076,33,32.40000153,32.54999924,48642732,0,1,27.75536209,yahoo_bootstrap
2024-01-09,32.59999847,32.84999847,32.20000076,32.70000076,57672156,0,1,27.88326829,yahoo_bootstrap
2024-01-10,32.5,32.54999924,31.89999962,32,61821581,0,1,27.28637812,yahoo_bootstrap
2024-01-11,32.25,32.75,32.09999847,32.25,54453194,0,1,27.49955295,yahoo_bootstrap
2024-01-12,32.29999924,32.84999847,32.25,32.5,46947158,0,1,27.71272778,yahoo_bootstrap
2024-01-15,32.5,32.5,31.70000076,31.79999924,67359027,0,1,27.11583761,yahoo_bootstrap
2024-01-16,31.70000076,31.85000038,31.45000076,31.5,37835300,0,1,26.86002846,yahoo_bootstrap
2024-01-17,31.5,31.79999924,31,31.04999924,51423860,0,1,26.47631312,yahoo_bootstrap
2024-01-18,31.25,31.75,31.20000076,31.75,33242658,0,1,27.07320329,yahoo_bootstrap
2024-01-19,31.85000038,31.85000038,31.10000038,31.10000038,62528629,0,1,26.51894906,yahoo_bootstrap
2024-01-22,31.10000038,31.20000076,30.5,30.54999924,87249434,0,1,26.04996346,yahoo_bootstrap
2024-01-23,30.5,30.85000038,30.25,30.5,60972496,0,1,26.00732914,yahoo_bootstrap
2024-01-24,30.79999924,31.20000076,30.60000038,31.04999924,50436974,0,1,26.47631312,yahoo_bootstrap
2024-01-25,31.10000038,31.14999962,30.70000076,30.75,30706004,0,1,26.22050397,yahoo_bootstrap
2024-01-26,30.64999962,30.64999962,30.20000076,30.39999962,42561236,0,1,25.92205889,yahoo_bootstrap
2024-01-29,31.95000076,32.20000076,31.79999924,31.89999962,126946682,0,1,27.20110786,yahoo_bootstrap
2024-01-30,31.79999924,31.89999962,31.5,31.70000076,40726403,0,1,27.03056897,yahoo_bootstrap
2024-01-31,31.75,31.95000076,31.35000038,31.60000038,35884774,0,1,26.94529872,yahoo_bootstrap
2024-02-01,31.70000076,32.09999847,31.64999962,32.04999924,40032989,0,1,27.32901244,yahoo_bootstrap
2024-02-02,32.09999847,32.09999847,31.85000038,31.89999962,27786014,0,1,27.20110786,yahoo_bootstrap
2024-02-05,32.04999924,32.29999924,31.79999924,32.25,45499108,0,1,27.49955295,yahoo_bootstrap
2024-02-15,31.79999924,31.79999924,31.14999962,31.35000038,61571883,0,1,26.73212389,yahoo_bootstrap
2024-02-16,31.25,31.75,31.25,31.54999924,25442617,0,1,26.90266278,yahoo_bootstrap
2024-02-19,31.60000038,31.79999924,31.35000038,31.5,23812455,0,1,26.86002846,yahoo_bootstrap
2024-02-20,31.54999924,31.60000038,31.25,31.39999962,23902409,0,1,26.7747582,yahoo_bootstrap
2024-02-21,31.5,31.79999924,31.39999962,31.45000076,23966687,0,1,26.81739414,yahoo_bootstrap
2024-02-22,31.60000038,31.60000038,31.20000076,31.20000076,35362812,0,1,26.60421931,yahoo_bootstrap
2024-02-23,31.20000076,31.25,30.79999924,30.79999924,43945326,0,1,26.26313829,yahoo_bootstrap
2024-02-26,30.79999924,31.10000038,30.70000076,31.04999924,23162600,0,1,26.47631312,yahoo_bootstrap
2024-02-27,31,31.20000076,30.70000076,30.70000076,28951373,0,1,26.17786966,yahoo_bootstrap
2024-02-29,30.70000076,31.45000076,30.70000076,31.45000076,37976031,0,1,26.81739414,yahoo_bootstrap
2024-03-01,31.35000038,31.35000038,30.89999962,31.04999924,23200817,0,1,26.47631312,yahoo_bootstrap
2024-03-04,31.10000038,31.20000076,30.89999962,31.10000038,18915487,0,1,26.51894906,yahoo_bootstrap
2024-03-05,31.14999962,31.54999924,31.14999962,31.25,30311452,0,1,26.64685363,yahoo_bootstrap
2024-03-06,31.20000076,31.25,31,31.04999924,21264418,0,1,26.47631312,yahoo_bootstrap
2024-03-07,31.25,31.5,31.14999962,31.25,33093099,0,1,26.64685363,yahoo_bootstrap
2024-03-08,31.54999924,32.15000153,31.35000038,32.04999924,99569007,0,1,27.32901244,yahoo_bootstrap
2024-03-11,32.20000076,32.25,31.64999962,31.89999962,55481517,0,1,27.20110786,yahoo_bootstrap
2024-03-12,32,32.65000153,32,32.65000153,90421766,0,1,27.84063398,yahoo_bootstrap
2024-03-13,32.65000153,32.95000076,32.25,32.59999847,52707799,0,1,27.7979964,yahoo_bootstrap
2024-03-14,32.95000076,33.34999847,31.79999924,31.85000038,166468474,0,1,27.15847354,yahoo_bootstrap
2024-03-15,31.79999924,31.79999924,31.10000038,31.35000038,75293462,0,1,26.73212389,yahoo_bootstrap
2024-03-18,31.39999962,31.5,31.10000038,31.20000076,37938995,0,1,26.60421931,yahoo_bootstrap
2024-03-19,31.14999962,31.5,31.10000038,31.39999962,35016750,0,1,26.7747582,yahoo_bootstrap
2024-03-20,31.39999962,31.45000076,31.04999924,31.04999924,55499371,0,1,26.47631312,yahoo_bootstrap
2024-03-21,31.20000076,31.25,31,31.14999962,48349168,0,1,26.56158338,yahoo_bootstrap
2024-03-22,31.20000076,31.45000076,31.14999962,31.35000038,31837764,0,1,26.73212389,yahoo_bootstrap
2024-03-25,31.39999962,31.64999962,31.35000038,31.39999962,22127841,0,1,26.7747582,yahoo_bootstrap
2024-03-26,31.39999962,31.39999962,30.89999962,30.95000076,46820496,0,1,26.39104448,yahoo_bootstrap
2024-03-27,31,31.75,30.95000076,31.70000076,48375572,0,1,27.03056897,yahoo_bootstrap
2024-03-28,31.79999924,32.04999924,31.54999924,31.60000038,40332250,0,1,26.94529872,yahoo_bootstrap
2024-03-29,31.70000076,31.85000038,31.60000038,31.75,15152000,0,1,27.07320329,yahoo_bootstrap
2024-04-01,32.04999924,32.59999847,32.04999924,32.34999847,64475338,0,1,27.58482157,yahoo_bootstrap
2024-04-02,32.29999924,32.29999924,31.85000038,31.95000076,45360816,0,1,27.2437438,yahoo_bootstrap
2024-04-03,31.75,31.85000038,31.39999962,31.39999962,42282711,0,1,26.7747582,yahoo_bootstrap
2024-04-08,31.20000076,31.29999924,31.04999924,31.14999962,32636875,0,1,26.56158338,yahoo_bootstrap
2024-04-09,31.14999962,32,31.14999962,31.85000038,60148133,0,1,27.15847354,yahoo_bootstrap
2024-04-10,31.75,31.95000076,31.60000038,31.70000076,32272005,0,1,27.03056897,yahoo_bootstrap
2024-04-11,31.95000076,32.90000153,31.89999962,32.70000076,181923221,0,1,27.88326829,yahoo_bootstrap
2024-04-12,32.59999847,32.65000153,32.04999924,32.29999924,69665950,0,1,27.54218727,yahoo_bootstrap
2024-04-15,31.89999962,32,31.39999962,31.70000076,59379525,0,1,27.03056897,yahoo_bootstrap
2024-04-16,31.70000076,31.70000076,30.95000076,31,89922313,0,1,26.4336788,yahoo_bootstrap
2024-04-17,31.10000038,31.25,30.95000076,31,47905250,0,1,26.4336788,yahoo_bootstrap
2024-04-18,31.14999962,31.95000076,31.14999962,31.5,65535496,0,1,26.86002846,yahoo_bootstrap
2024-04-19,31.60000038,31.89999962,30.85000038,31.10000038,76217467,0,1,26.51894906,yahoo_bootstrap
2024-04-22,31.29999924,32.70000076,31.25,31.60000038,132109556,0,1,26.94529872,yahoo_bootstrap
2024-04-23,31.89999962,32.75,31.85000038,32.59999847,157609892,0,1,27.7979964,yahoo_bootstrap
2024-04-24,32.65000153,35.15000153,32.20000076,34.54999924,385789733,0,1,29.46076073,yahoo_bootstrap
2024-04-25,34.75,35.29999924,34.20000076,34.34999847,263264059,0,1,29.29022021,yahoo_bootstrap
2024-04-26,34.54999924,36.95000076,34.34999847,36.65000153,383447506,0,1,31.25143124,yahoo_bootstrap
2024-04-29,37.5,37.79999924,36,36.25,244937624,0,1,30.91035021,yahoo_bootstrap
2024-04-30,36,36.15000153,35.20000076,35.54999924,146053933,0,1,30.31346004,yahoo_bootstrap
2024-05-02,35.84999847,37.59999847,35.54999924,37,241862731,0,1,31.5498747,yahoo_bootstrap
2024-05-03,37.25,38.45000076,36.90000153,37.70000076,272997864,0,1,32.14676487,yahoo_bootstrap
2024-05-06,38.15000153,38.5,37.29999924,37.34999847,153310477,0,1,31.84831816,yahoo_bootstrap
2024-05-07,37.15000153,37.70000076,36.40000153,36.84999847,127882752,0,1,31.4219685,yahoo_bootstrap
2024-05-08,37.09999847,37.34999847,36.40000153,37.25,128407345,0,1,31.76304953,yahoo_bootstrap
2024-05-09,37.25,37.25,35.79999924,35.90000153,144701370,0,1,30.61190676,yahoo_bootstrap
2024-05-10,36,37.79999924,36,37.59999847,235947817,0,1,32.06149298,yahoo_bootstrap
2024-05-13,36.40000153,36.79999924,35.79999924,36.40000153,195363590,0,1,31.03825641,yahoo_bootstrap
2024-05-14,36.40000153,36.79999924,36.15000153,36.40000153,84507003,0,1,31.03825641,yahoo_bootstrap
2024-05-15,36.70000076,36.75,35.84999847,36,88267477,0,1,30.69717538,yahoo_bootstrap
2024-05-16,36.25,37.20000076,35.90000153,37,134583168,0,1,31.5498747,yahoo_bootstrap
2024-05-17,37.5,37.95000076,37.04999924,37.40000153,145220411,0,1,31.89095573,yahoo_bootstrap
2024-05-20,37.70000076,37.79999924,36.09999847,36.40000153,238202990,0,1,31.03825641,yahoo_bootstrap
2024-05-21,36.34999847,36.90000153,35.65000153,35.75,146831022,0,1,30.48400055,yahoo_bootstrap
2024-05-22,36.04999924,36.20000076,35.20000076,35.25,113895705,0,1,30.0576509,yahoo_bootstrap
2024-05-23,35.09999847,35.29999924,34.29999924,35.20000076,163976769,0,1,30.01501658,yahoo_bootstrap
2024-05-24,34.95000076,35.5,34.70000076,35.5,84864008,0,1,30.27082572,yahoo_bootstrap
2024-05-27,35.5,35.5,35.09999847,35.25,59594305,0,1,30.0576509,yahoo_bootstrap
2024-05-28,35.59999847,36.79999924,35.59999847,36.25,129295338,0,1,30.91035021,yahoo_bootstrap
2024-05-29,36.29999924,36.5,35.59999847,36.04999924,124111231,0,1,30.7398097,yahoo_bootstrap
2024-05-30,36,36.34999847,35.65000153,35.65000153,107248444,0,1,30.39873193,yahoo_bootstrap
2024-05-31,35.90000153,36.25,35.79999924,35.79999924,152516461,0,1,30.52663487,yahoo_bootstrap
2024-06-03,36.09999847,36.15000153,35.25,35.34999847,114992994,0,1,30.14291952,yahoo_bootstrap
2024-06-04,35.5,35.70000076,34.90000153,35.34999847,105151815,0,1,30.14291952,yahoo_bootstrap
2024-06-05,35.59999847,35.90000153,35.29999924,35.65000153,100050325,0,1,30.39873193,yahoo_bootstrap
2024-06-06,35.70000076,36.75,35.5,36.65000153,135698058,0,1,31.25143124,yahoo_bootstrap
2024-06-07,36.59999847,36.95000076,36.34999847,36.90000153,114444769,0,1,31.46460607,yahoo_bootstrap
2024-06-11,37.20000076,37.5,36.65000153,36.70000076,126791359,0,1,31.29406555,yahoo_bootstrap
2024-06-12,36.70000076,36.90000153,36.09999847,36.84999847,87872517,0,1,31.4219685,yahoo_bootstrap
2024-06-13,36.84999847,36.84999847,36.25,36.25,57454077,0,1,30.91035021,yahoo_bootstrap
2024-06-14,36.09999847,36.5,36,36.15000153,40438888,0,1,30.82508159,yahoo_bootstrap
2024-06-17,36.25,36.45000076,36.09999847,36.20000076,31805391,0,1,30.86771589,yahoo_bootstrap
2024-06-18,36.40000153,37.79999924,36.40000153,37.29999924,162562762,0,1,31.80568385,yahoo_bootstrap
2024-06-19,38,38.09999847,37.04999924,37.90000153,134871544,0,1,32.31730539,yahoo_bootstrap
2024-06-20,37.95000076,38.04999924,37.40000153,37.65000153,67715762,0,1,32.10413056,yahoo_bootstrap
2024-06-21,37.70000076,38.29999924,37.5,37.84999847,88784156,0,1,32.27466781,yahoo_bootstrap
2024-06-24,38.09999847,38.25,37.29999924,37.75,79659946,0,1,32.18939919,yahoo_bootstrap
2024-06-25,37.75,37.75,37.09999847,37.75,51872204,0,1,32.18939919,yahoo_bootstrap
2024-06-26,37.90000153,38.15000153,37.54999924,37.84999847,57915364,0,1,32.27466781,yahoo_bootstrap
2024-06-27,37.84999847,39.09999847,37.70000076,38.90000153,167193046,0,1,33.1700047,yahoo_bootstrap
2024-06-28,38.79999924,38.84999847,38.15000153,38.15000153,88679676,0,1,32.53048022,yahoo_bootstrap
2024-07-01,38.20000076,38.75,37.84999847,38.75,92452599,0,1,33.0420985,yahoo_bootstrap
2024-07-02,38.95000076,39.34999847,38.5,38.5,107558127,0,1,32.82892367,yahoo_bootstrap
2024-07-03,38.84999847,38.84999847,38.29999924,38.54999924,70953470,0,1,32.87155799,yahoo_bootstrap
2024-07-04,38.59999847,38.65000153,37.90000153,37.95000076,97862978,0,1,32.3599397,yahoo_bootstrap
2024-07-05,37.95000076,38.04999924,37.34999847,37.34999847,119126307,0,1,31.84831816,yahoo_bootstrap
2024-07-08,35.54999924,36.20000076,35.34999847,35.40000153,112861860,1.8,1,31.7139398,yahoo_bootstrap
2024-07-09,35.59999847,35.79999924,34.79999924,34.79999924,72667556,0,1,31.17641337,yahoo_bootstrap
2024-07-10,34.90000153,35.54999924,34.79999924,35.54999924,65299627,0,1,31.84831885,yahoo_bootstrap
2024-07-11,35.79999924,35.90000153,35,35.09999847,66883824,0,1,31.44517487,yahoo_bootstrap
2024-07-12,35,35.29999924,34.90000153,34.90000153,36621057,0,1,31.26600282,yahoo_bootstrap
2024-07-15,35.04999924,35.09999847,34.15000153,34.25,61068429,0,1,30.68368337,yahoo_bootstrap
2024-07-16,34.45000076,34.75,34.29999924,34.34999847,35952551,0,1,30.77326939,yahoo_bootstrap
2024-07-17,34.84999847,35.04999924,34.34999847,34.34999847,45472466,0,1,30.77326939,yahoo_bootstrap
2024-07-18,34.5,34.5,33.79999924,34.29999924,51582104,0,1,30.72847639,yahoo_bootstrap
2024-07-19,34.40000153,34.40000153,33.5,33.5,62718259,0,1,30.01177789,yahoo_bootstrap
2024-07-22,33.45000076,33.5,32.5,32.90000153,52611805,0,1,29.47425488,yahoo_bootstrap
2024-07-23,33.45000076,34.20000076,33.29999924,34.15000153,37349254,0,1,30.59409734,yahoo_bootstrap
2024-07-26,33.65000153,34.29999924,33.40000153,34.09999847,39288127,0,1,30.5493009,yahoo_bootstrap
2024-07-29,34.29999924,34.59999847,34,34.15000153,30019080,0,1,30.59409734,yahoo_bootstrap
2024-07-30,34,34.25,33.59999847,34.20000076,26407189,0,1,30.63889035,yahoo_bootstrap
2024-07-31,34.04999924,34.70000076,33.84999847,34.45000076,30670054,0,1,30.86285884,yahoo_bootstrap
2024-08-01,34.54999924,34.54999924,34.25,34.54999924,19767361,0,1,30.95244488,yahoo_bootstrap
2024-08-02,34,34.15000153,33.79999924,33.84999847,33664805,0,1,30.32533241,yahoo_bootstrap
2024-08-05,33,33.09999847,30.54999924,30.70000076,89280604,0,1,27.50333147,yahoo_bootstrap
2024-08-06,31.70000076,31.79999924,30.39999962,31.39999962,52965552,0,1,28.13044222,yahoo_bootstrap
2024-08-07,31.5,32.75,31.5,32.59999847,24311509,0,1,29.20548995,yahoo_bootstrap
2024-08-08,32.15000153,32.40000153,31.95000076,32.09999847,24418504,0,1,28.75755297,yahoo_bootstrap
2024-08-09,32.90000153,33.40000153,32.40000153,33.25,42561415,0,1,29.7878094,yahoo_bootstrap
2024-08-12,34.34999847,34.5,33.5,34.45000076,52868783,0,1,30.86285884,yahoo_bootstrap
2024-08-13,34.45000076,34.95000076,34.15000153,34.45000076,43440285,0,1,30.86285884,yahoo_bootstrap
2024-08-14,34.59999847,34.70000076,34.09999847,34.70000076,36025835,0,1,31.08682733,yahoo_bootstrap
2024-08-15,34.84999847,34.84999847,34.5,34.5,22752626,0,1,30.90765186,yahoo_bootstrap
2024-08-16,34.79999924,34.84999847,34.40000153,34.5,24463676,0,1,30.90765186,yahoo_bootstrap
2024-08-19,34.54999924,34.59999847,34.15000153,34.5,20149646,0,1,30.90765186,yahoo_bootstrap
2024-08-20,34.70000076,35,34.65000153,34.95000076,42601829,0,1,31.31079583,yahoo_bootstrap
2024-08-21,35.04999924,35.15000153,34.65000153,34.90000153,34844105,0,1,31.26600282,yahoo_bootstrap
2024-08-22,35,35,34.59999847,34.70000076,13060245,0,1,31.08682733,yahoo_bootstrap
2024-08-23,34.59999847,34.90000153,34.45000076,34.75,12486289,0,1,31.13162035,yahoo_bootstrap
2024-08-26,34.90000153,35,34.54999924,34.70000076,18669796,0,1,31.08682733,yahoo_bootstrap
2024-08-27,34.70000076,35,34.29999924,35,27366770,0,1,31.35558884,yahoo_bootstrap
2024-08-28,35,35,34.79999924,34.90000153,12082578,0,1,31.26600282,yahoo_bootstrap
2024-08-29,35.04999924,35.59999847,34.79999924,35.59999847,69545276,0,1,31.89311185,yahoo_bootstrap
2024-08-30,35.70000076,35.90000153,35.29999924,35.34999847,35261105,0,1,31.66914336,yahoo_bootstrap
2024-09-02,35.5,35.84999847,35.34999847,35.40000153,28631224,0,1,31.7139398,yahoo_bootstrap
2024-09-03,35.45000076,36,35.29999924,35.90000153,54717780,0,1,32.16187679,yahoo_bootstrap
2024-09-04,35.09999847,35.54999924,34.34999847,35.15000153,51182697,0,1,31.48997131,yahoo_bootstrap
2024-09-05,35.25,36.09999847,35.09999847,35.15000153,52322846,0,1,31.48997131,yahoo_bootstrap
2024-09-06,35.25,35.59999847,35,35.25,48385713,0,1,31.57955734,yahoo_bootstrap
2024-09-09,34.70000076,34.95000076,34.54999924,34.90000153,42449763,0,1,31.26600282,yahoo_bootstrap
2024-09-10,35,35.15000153,34.40000153,34.70000076,28675686,0,1,31.08682733,yahoo_bootstrap
2024-09-11,34.95000076,35.5,34.79999924,35.45000076,47436845,0,1,31.75873281,yahoo_bootstrap
2024-09-12,35.54999924,35.90000153,35.29999924,35.54999924,42968360,0,1,31.84831885,yahoo_bootstrap
2024-09-13,35.54999924,35.90000153,35.5,35.90000153,42178594,0,1,32.16187679,yahoo_bootstrap
2024-09-16,35.90000153,35.95000076,35.54999924,35.90000153,29218155,0,1,32.16187679,yahoo_bootstrap
2024-09-18,35.90000153,36.5,35.75,36.20000076,63881557,0,1,32.43063829,yahoo_bootstrap
2024-09-19,36.20000076,37,36.15000153,37,95290406,0,1,33.14733678,yahoo_bootstrap
2024-09-20,37.15000153,37.5,36.95000076,37.20000076,69951564,0,1,33.32651225,yahoo_bootstrap
2024-09-23,37.25,37.5,36.90000153,37.34999847,42949530,0,1,33.4608913,yahoo_bootstrap
2024-09-24,37.40000153,38,37.40000153,37.84999847,78167468,0,1,33.90882828,yahoo_bootstrap
2024-09-25,38.09999847,38.09999847,37.54999924,37.70000076,40511966,0,1,33.77444924,yahoo_bootstrap
2024-09-26,37.70000076,37.90000153,37.09999847,37.29999924,43688317,0,1,33.41609829,yahoo_bootstrap
2024-09-27,37.45000076,37.70000076,37.15000153,37.5,34708007,0,1,33.59527376,yahoo_bootstrap
2024-09-30,37.5,38,37.40000153,37.5,41014604,0,1,33.59527376,yahoo_bootstrap
2024-10-01,37.5,37.79999924,37.09999847,37.79999924,28012385,0,1,33.86403527,yahoo_bootstrap
2024-10-04,35.20000076,36.29999924,35.04999924,35.70000076,90460423,0,1,31.9827013,yahoo_bootstrap
2024-10-07,35.84999847,36.15000153,35.84999847,36.15000153,25621863,0,1,32.38584528,yahoo_bootstrap
2024-10-08,35.90000153,36.40000153,35.75,36.40000153,21959473,0,1,32.60981377,yahoo_bootstrap
2024-10-09,36.40000153,36.45000076,35.79999924,35.95000076,18651662,0,1,32.20666979,yahoo_bootstrap
2024-10-11,35.95000076,36.40000153,35.95000076,36.40000153,16164631,0,1,32.60981377,yahoo_bootstrap
2024-10-14,36.20000076,36.20000076,35.79999924,35.95000076,17927300,0,1,32.20666979,yahoo_bootstrap
2024-10-15,36.09999847,36.70000076,36.04999924,36.29999924,24432127,0,1,32.52022432,yahoo_bootstrap
2024-10-16,36.54999924,37.15000153,36.34999847,37.04999924,60735671,0,1,33.1921298,yahoo_bootstrap
2024-10-17,37,37.54999924,36.90000153,37,32997766,0,1,33.14733678,yahoo_bootstrap
2024-10-18,37.25,37.65000153,37.20000076,37.29999924,44587412,0,1,33.41609829,yahoo_bootstrap
2024-10-21,37.5,37.79999924,37.15000153,37.5,22856328,0,1,33.59527376,yahoo_bootstrap
2024-10-22,37.54999924,37.79999924,37.29999924,37.59999847,30201461,0,1,33.68485979,yahoo_bootstrap
2024-10-23,37.59999847,37.59999847,37,37.04999924,19606490,0,1,33.1921298,yahoo_bootstrap
2024-10-24,36.95000076,37.70000076,36.75,37.54999924,39204900,0,1,33.64006678,yahoo_bootstrap
2024-10-25,37.54999924,37.79999924,37.45000076,37.70000076,38428815,0,1,33.77444924,yahoo_bootstrap
2024-10-28,37.90000153,38.25,37.75,37.95000076,36358312,0,1,33.99841773,yahoo_bootstrap
2024-10-29,37.95000076,37.95000076,37.45000076,37.5,27039135,0,1,33.59527376,yahoo_bootstrap
2024-10-30,37.5,37.75,37.29999924,37.34999847,20589406,0,1,33.4608913,yahoo_bootstrap
2024-11-01,36.34999847,37.54999924,36.29999924,37.5,35841753,0,1,33.59527376,yahoo_bootstrap
2024-11-04,37.5,37.90000153,37.5,37.79999924,20501249,0,1,33.86403527,yahoo_bootstrap
2024-11-05,37.70000076,37.90000153,37.45000076,37.90000153,19796569,0,1,33.95362472,yahoo_bootstrap
2024-11-06,37.95000076,38,37.59999847,37.79999924,14143174,0,1,33.86403527,yahoo_bootstrap
2024-11-07,37.90000153,38.40000153,37.84999847,38.40000153,64371547,0,1,34.4015617,yahoo_bootstrap
2024-11-08,38.40000153,38.75,38.09999847,38.40000153,31144076,0,1,34.4015617,yahoo_bootstrap
2024-11-11,38.65000153,39.34999847,38.59999847,39.25,77370398,0,1,35.1630532,yahoo_bootstrap
2024-11-12,39.20000076,39.84999847,39,39.5,54208243,0,1,35.3870217,yahoo_bootstrap
2024-11-13,39.59999847,39.84999847,39.29999924,39.84999847,44024884,0,1,35.70057621,yahoo_bootstrap
2024-11-14,39.95000076,40.90000153,39.75,40.5,96745712,0,1,36.28289566,yahoo_bootstrap
2024-11-15,40.65000153,41.65000153,40.54999924,41.65000153,99604762,0,1,37.3131521,yahoo_bootstrap
2024-11-18,42,42.20000076,40.84999847,41.15000153,85775469,0,1,36.86521511,yahoo_bootstrap
2024-11-19,41.15000153,41.84999847,41.04999924,41.54999924,47740060,0,1,37.22356265,yahoo_bootstrap
2024-11-20,41.70000076,41.70000076,41.70000076,41.70000076,64536218,0,1,37.3579451,yahoo_bootstrap
2024-11-21,41.70000076,41.90000153,40.75,41.15000153,50565783,0,1,36.86521511,yahoo_bootstrap
2024-11-22,41.59999847,41.75,41.25,41.5,29559523,0,1,37.17876963,yahoo_bootstrap
2024-11-25,41.70000076,41.70000076,39.95000076,40.15000153,115311778,0,1,35.96934114,yahoo_bootstrap
2024-11-26,40.34999847,41.29999924,40.34999847,41.20000076,53436877,0,1,36.91000812,yahoo_bootstrap
2024-11-27,41.70000076,42.20000076,41.5,41.70000076,58743191,0,1,37.3579451,yahoo_bootstrap
2024-11-28,41.75,42,41.45000076,41.84999847,31515584,0,1,37.49232415,yahoo_bootstrap
2024-11-29,41.34999847,41.75,41,41.54999924,32526570,0,1,37.22356265,yahoo_bootstrap
2024-12-02,41.79999924,43.5,41.75,43.5,86800855,0,1,38.97051756,yahoo_bootstrap
2024-12-03,43.59999847,45.29999924,43.29999924,44.59999847,94534094,0,1,39.95597756,yahoo_bootstrap
2024-12-04,45,45.45000076,44.59999847,45,64433245,0,1,40.31432851,yahoo_bootstrap
2024-12-05,44.95000076,45.40000153,44.75,44.95000076,41480465,0,1,40.2695355,yahoo_bootstrap
2024-12-06,45.29999924,45.29999924,44.54999924,45,34600592,0,1,40.31432851,yahoo_bootstrap
2024-12-09,45.40000153,48.25,45.20000076,47.5,117873954,0,1,42.55401343,yahoo_bootstrap
2024-12-10,47.29999924,47.59999847,45.65000153,46.20000076,72022453,0,1,41.38937796,yahoo_bootstrap
2024-12-11,45.54999924,46.34999847,44.70000076,45.04999924,54881170,0,1,40.35912153,yahoo_bootstrap
2024-12-12,45.70000076,45.90000153,44.70000076,45.09999847,56305294,0,1,40.40391454,yahoo_bootstrap
2024-12-13,44.95000076,45.25,43.70000076,44.34999847,65273027,0,1,39.73200906,yahoo_bootstrap
2024-12-16,44.5,44.5,43.40000153,43.75,58346659,0,1,39.19448606,yahoo_bootstrap
2024-12-17,43.70000076,45.84999847,43.70000076,44.45000076,75445018,0,1,39.82159851,yahoo_bootstrap
2024-12-18,44.79999924,46.29999924,44.75,45.29999924,85086684,0,1,40.58309002,yahoo_bootstrap
2024-12-19,44.5,45.09999847,44.20000076,44.54999924,58332903,0,1,39.91118455,yahoo_bootstrap
2024-12-20,44.59999847,45,44,44.59999847,89840221,0,1,39.95597756,yahoo_bootstrap
2024-12-23,44.79999924,45.90000153,44.45000076,45.90000153,78345732,0,1,41.12061645,yahoo_bootstrap
2024-12-24,45.95000076,46.29999924,45.29999924,46.04999924,78582868,0,1,41.2549955,yahoo_bootstrap
2024-12-25,46.04999924,46.04999924,45.15000153,45.75,69714141,0,1,40.98623399,yahoo_bootstrap
2024-12-26,45.84999847,46.40000153,45.34999847,46.25,68139314,0,1,41.43417097,yahoo_bootstrap
2024-12-27,46,46.04999924,45.54999924,45.70000076,23469167,0,1,40.94144097,yahoo_bootstrap
2024-12-30,45.84999847,46,45.40000153,45.45000076,17905755,0,1,40.71747248,yahoo_bootstrap
2024-12-31,45.34999847,45.40000153,44.25,44.34999847,35807269,0,1,39.73200906,yahoo_bootstrap
2025-01-02,44.34999847,46.79999924,44.34999847,46.34999847,65511819,0,1,41.523757,yahoo_bootstrap
2025-01-03,46.25,47.29999924,46.04999924,47,62574701,0,1,42.10607645,yahoo_bootstrap
2025-01-06,47.15000153,47.59999847,46.59999847,47.29999924,49091692,0,1,42.37483796,yahoo_bootstrap
2025-01-07,47.5,47.5,46.75,46.90000153,36916358,0,1,42.01649042,yahoo_bootstrap
2025-01-08,47.09999847,47.65000153,46.84999847,47.20000076,36429480,0,1,42.28525192,yahoo_bootstrap
2025-01-09,47.15000153,47.20000076,45.75,45.90000153,35759666,0,1,41.12061645,yahoo_bootstrap
2025-01-10,45.95000076,46.70000076,45.34999847,46.59999847,21599174,0,1,41.74772549,yahoo_bootstrap
2025-01-13,46.5,47.04999924,45.59999847,45.95000076,31939814,0,1,41.16540946,yahoo_bootstrap
2025-01-14,45.90000153,46.70000076,45.90000153,46.59999847,23764804,0,1,41.74772549,yahoo_bootstrap
2025-01-15,46.59999847,47.04999924,46.09999847,46.09999847,22287221,0,1,41.29978851,yahoo_bootstrap
2025-01-16,46.59999847,46.79999924,45.79999924,46.40000153,26890707,0,1,41.56855344,yahoo_bootstrap
2025-01-17,46.84999847,48.29999924,46.79999924,47.65000153,64817642,0,1,42.6883959,yahoo_bootstrap
2025-01-20,48.04999924,48.04999924,46.90000153,47.25,29740624,0,1,42.33004494,yahoo_bootstrap
2025-01-21,47.04999924,47.40000153,46.79999924,46.90000153,14405728,0,1,42.01649042,yahoo_bootstrap
2025-01-22,47.34999847,48,47.29999924,47.70000076,31956555,0,1,42.73318891,yahoo_bootstrap
2025-02-03,47,47.90000153,45.84999847,46.29999924,41481846,0,1,41.47896399,yahoo_bootstrap
2025-02-04,46.70000076,46.75,45.25,45.29999924,27607597,0,1,40.58309002,yahoo_bootstrap
2025-02-05,45.75,46.59999847,45.75,46.15000153,18674256,0,1,41.34458495,yahoo_bootstrap
2025-02-06,46.15000153,46.29999924,45.90000153,46,16006652,0,1,41.21020248,yahoo_bootstrap
2025-02-07,45.90000153,46.09999847,44.29999924,44.54999924,61869838,0,1,39.91118455,yahoo_bootstrap
2025-02-10,44.54999924,44.84999847,43.70000076,44.34999847,46724698,0,1,39.73200906,yahoo_bootstrap
2025-02-11,44.65000153,44.84999847,43.75,43.79999924,35225780,0,1,39.23927907,yahoo_bootstrap
2025-02-12,44.09999847,44.34999847,43.29999924,43.45000076,42339167,0,1,38.92572455,yahoo_bootstrap
2025-02-13,43.59999847,43.90000153,43.25,43.59999847,29963768,0,1,39.06010359,yahoo_bootstrap
2025-02-14,43.59999847,43.95000076,43.15000153,43.25,39782790,0,1,38.74654907,yahoo_bootstrap
2025-02-17,43.25,44.29999924,43.15000153,44.25,22086281,0,1,39.64242304,yahoo_bootstrap
2025-02-18,44.59999847,44.75,43.75,44.04999924,34001454,0,1,39.46324756,yahoo_bootstrap
2025-02-19,44,44,43.40000153,43.75,31689805,0,1,39.19448606,yahoo_bootstrap
2025-02-20,43.79999924,43.84999847,43.15000153,43.15000153,34677367,0,1,38.65696305,yahoo_bootstrap
2025-02-21,43.09999847,43.40000153,42.5,42.90000153,30812393,0,1,38.43299455,yahoo_bootstrap
2025-02-24,42.70000076,43.75,42.59999847,43.45000076,27668351,0,1,38.92572455,yahoo_bootstrap
2025-02-25,43.15000153,43.59999847,43.09999847,43.09999847,15836135,0,1,38.61216661,yahoo_bootstrap
2025-02-26,43.09999847,43.5,43.04999924,43.04999924,16795069,0,1,38.5673736,yahoo_bootstrap
2025-02-27,43.15000153,43.54999924,42.54999924,43,37475998,0,1,38.52258058,yahoo_bootstrap
2025-03-03,42.54999924,43.25,42.45000076,43.25,19899103,0,1,38.74654907,yahoo_bootstrap
2025-03-04,43.09999847,44.04999924,42.84999847,44.04999924,32369825,0,1,39.46324756,yahoo_bootstrap
2025-03-05,44.20000076,44.45000076,43.90000153,44.09999847,26217365,0,1,39.50804057,yahoo_bootstrap
2025-03-06,44.40000153,45.70000076,44.29999924,45.20000076,60733801,0,1,40.49350399,yahoo_bootstrap
2025-03-07,45.20000076,45.5,44.70000076,45.25,38912955,0,1,40.53829701,yahoo_bootstrap
2025-03-10,45.09999847,45.5,44.90000153,45.25,31422685,0,1,40.53829701,yahoo_bootstrap
2025-03-11,44.59999847,45.5,44,45.25,55359224,0,1,40.53829701,yahoo_bootstrap
2025-03-12,45.29999924,45.34999847,44.54999924,44.90000153,34894201,0,1,40.22474249,yahoo_bootstrap
2025-03-13,45,45.04999924,42.75,42.79999924,79586767,0,1,38.34340511,yahoo_bootstrap
2025-03-14,42.75,43.45000076,42.20000076,43.25,55603152,0,1,38.74654907,yahoo_bootstrap
2025-03-17,43.34999847,43.79999924,42.54999924,42.54999924,46989620,0,1,38.11943661,yahoo_bootstrap
2025-03-18,42.65000153,43.25,42.5,42.75,21431963,0,1,38.29861209,yahoo_bootstrap
2025-03-19,42.75,43.15000153,42.59999847,42.59999847,20557101,0,1,38.16422962,yahoo_bootstrap
2025-03-20,43,43.70000076,42.79999924,43.70000076,30169658,0,1,39.14969304,yahoo_bootstrap
2025-03-21,43.65000153,43.79999924,43.15000153,43.79999924,41848685,0,1,39.23927907,yahoo_bootstrap
2025-03-24,43.70000076,44.25,43.25,43.79999924,36846748,0,1,39.23927907,yahoo_bootstrap
2025-03-25,44.04999924,44.15000153,43.45000076,43.75,28074738,0,1,39.19448606,yahoo_bootstrap
2025-03-26,43.75,44.04999924,43.65000153,43.95000076,20362139,0,1,39.37366153,yahoo_bootstrap
2025-03-27,43.75,43.79999924,43,43.54999924,41447508,0,1,39.01531058,yahoo_bootstrap
2025-03-28,43.34999847,43.45000076,42.29999924,42.70000076,40031150,0,1,38.25381907,yahoo_bootstrap
2025-03-31,41.95000076,42,40.54999924,40.54999924,44821835,0,1,36.32768868,yahoo_bootstrap
2025-04-01,40.70000076,42.09999847,40.65000153,41.65000153,18226098,0,1,37.3131521,yahoo_bootstrap
2025-04-02,41.45000076,42,41.15000153,41.40000153,18742921,0,1,37.0891836,yahoo_bootstrap
2025-04-07,37.29999924,37.29999924,37.29999924,37.29999924,11564422,0,1,33.41609829,yahoo_bootstrap
2025-04-08,35.70000076,37.04999924,35.65000153,36.75,56649155,0,1,32.92336829,yahoo_bootstrap
2025-04-09,36.25,36.90000153,33.5,33.5,64864133,0,1,30.01177789,yahoo_bootstrap
2025-04-10,36.84999847,36.84999847,36.84999847,36.84999847,6864598,0,1,33.01295431,yahoo_bootstrap
2025-04-11,35.5,40.5,35.5,40.5,81043847,0,1,36.28289566,yahoo_bootstrap
2025-04-14,42.70000076,43.5,40.40000153,40.40000153,101000715,0,1,36.19330964,yahoo_bootstrap
2025-04-15,40.04999924,40.95000076,40.04999924,40.20000076,34104401,0,1,36.01413415,yahoo_bootstrap
2025-04-16,40.20000076,40.70000076,39.79999924,40,29214409,0,1,35.83495868,yahoo_bootstrap
2025-04-17,39.84999847,39.90000153,39.04999924,39.20000076,22375299,0,1,35.11826019,yahoo_bootstrap
2025-04-18,39.29999924,39.95000076,39.04999924,39.59999847,22925140,0,1,35.47660772,yahoo_bootstrap
2025-04-21,39.20000076,39.54999924,38.45000076,38.45000076,14956296,0,1,34.44635471,yahoo_bootstrap
2025-04-22,38,38.70000076,37.65000153,37.65000153,17882733,0,1,33.72965623,yahoo_bootstrap
2025-04-23,38.40000153,40,38.40000153,39.65000153,25945622,0,1,35.52140416,yahoo_bootstrap
2025-04-24,39.54999924,39.75,39,39,15161766,0,1,34.93908471,yahoo_bootstrap
2025-04-25,39.59999847,39.70000076,38.70000076,38.70000076,16931046,0,1,34.6703232,yahoo_bootstrap
2025-04-28,38.79999924,38.90000153,38.34999847,38.59999847,14461671,0,1,34.58073375,yahoo_bootstrap
2025-04-29,38.40000153,38.65000153,38.15000153,38.54999924,19537210,0,1,34.53594075,yahoo_bootstrap
2025-04-30,38.54999924,38.59999847,38.04999924,38.5,25209029,0,1,34.49114773,yahoo_bootstrap
2025-05-02,38.65000153,39.40000153,38.40000153,39,29025791,0,1,34.93908471,yahoo_bootstrap
2025-05-05,41.25,41.79999924,40.54999924,41.15000153,85038868,0,1,36.86521511,yahoo_bootstrap
2025-05-06,41.5,44.70000076,41.40000153,43.34999847,165891760,0,1,38.8361351,yahoo_bootstrap
2025-05-07,43.29999924,43.75,42.5,42.79999924,69942742,0,1,38.34340511,yahoo_bootstrap
2025-05-08,42.79999924,43.65000153,42.70000076,43.40000153,35340577,0,1,38.88093154,yahoo_bootstrap
2025-05-09,43.40000153,43.79999924,43.20000076,43.5,34083177,0,1,38.97051756,yahoo_bootstrap
2025-05-12,43.79999924,43.95000076,43.20000076,43.45000076,23278028,0,1,38.92572455,yahoo_bootstrap
2025-05-13,43.70000076,44.09999847,43.20000076,43.75,28974055,0,1,39.19448606,yahoo_bootstrap
2025-05-14,43.54999924,43.54999924,42.40000153,42.75,71498350,0,1,38.29861209,yahoo_bootstrap
2025-05-15,42.84999847,43.29999924,42.59999847,43.20000076,27649705,0,1,38.70175605,yahoo_bootstrap
2025-05-16,43.20000076,44.5,43.09999847,43.40000153,44137483,0,1,38.88093154,yahoo_bootstrap
2025-05-19,43.34999847,43.34999847,42.34999847,42.34999847,32156505,0,1,37.94026113,yahoo_bootstrap
2025-05-20,42.5,43.09999847,42.40000153,42.45000076,21385734,0,1,38.02985058,yahoo_bootstrap
2025-05-21,42.54999924,42.59999847,42.25,42.40000153,19792360,0,1,37.98505757,yahoo_bootstrap
2025-05-22,42.04999924,42.65000153,42.04999924,42.45000076,21636079,0,1,38.02985058,yahoo_bootstrap
2025-05-23,42.59999847,43,42.40000153,42.40000153,18547578,0,1,37.98505757,yahoo_bootstrap
2025-05-26,42.20000076,42.5,42,42,25512692,0,1,37.62670661,yahoo_bootstrap
2025-05-27,42.25,42.54999924,41.65000153,41.65000153,22041579,0,1,37.3131521,yahoo_bootstrap
2025-05-28,41.95000076,42,40.75,40.79999924,34451539,0,1,36.55165717,yahoo_bootstrap
2025-05-29,41,41.25,40.79999924,40.84999847,28429889,0,1,36.59645018,yahoo_bootstrap
2025-06-02,40.79999924,41.29999924,40.65000153,41.09999847,21502166,0,1,36.82041867,yahoo_bootstrap
2025-06-03,41.15000153,41.59999847,41,41,34096830,0,1,36.73083265,yahoo_bootstrap
2025-06-04,41.29999924,41.79999924,41.09999847,41.40000153,49989993,0,1,37.0891836,yahoo_bootstrap
2025-06-05,41.5,41.5,40,40,80731157,0,1,35.83495868,yahoo_bootstrap
2025-06-06,40.04999924,40.34999847,39.84999847,40,48766435,0,1,35.83495868,yahoo_bootstrap
2025-06-09,40.40000153,40.65000153,40,40.20000076,46210223,0,1,36.01413415,yahoo_bootstrap
2025-06-10,40.29999924,40.75,40.25,40.75,51669648,0,1,36.50686415,yahoo_bootstrap
2025-06-11,40.79999924,41.54999924,40.79999924,41.34999847,65425230,0,1,37.04438716,yahoo_bootstrap
2025-06-12,41.34999847,41.40000153,40.40000153,40.59999847,69004780,0,1,36.37248169,yahoo_bootstrap
2025-06-13,40.45000076,40.59999847,40,40,54741183,0,1,35.83495868,yahoo_bootstrap
2025-06-16,39.84999847,39.84999847,38.79999924,39.25,69490765,0,1,35.1630532,yahoo_bootstrap
2025-06-17,39.54999924,39.75,39.20000076,39.29999924,41745677,0,1,35.20784622,yahoo_bootstrap
2025-06-18,39.40000153,39.79999924,39.20000076,39.34999847,34878673,0,1,35.25263923,yahoo_bootstrap
2025-06-19,39.54999924,39.70000076,39.20000076,39.20000076,23162826,0,1,35.11826019,yahoo_bootstrap
2025-06-20,39.40000153,39.40000153,38.5,38.65000153,44417376,0,1,34.62553019,yahoo_bootstrap
2025-06-23,37.70000076,38.04999924,37.5,37.90000153,34875345,0,1,33.95362472,yahoo_bootstrap
2025-06-24,39,39.34999847,38.95000076,39.04999924,36038219,0,1,34.98387773,yahoo_bootstrap
2025-06-25,39.40000153,39.79999924,39.25,39.54999924,31081083,0,1,35.43181471,yahoo_bootstrap
2025-06-26,39.40000153,40.04999924,39.40000153,39.70000076,30705342,0,1,35.56619717,yahoo_bootstrap
2025-06-27,39.70000076,40.04999924,39.59999847,40.04999924,28974046,0,1,35.8797517,yahoo_bootstrap
2025-06-30,40.15000153,40.5,39.90000153,39.90000153,28296446,0,1,35.74537265,yahoo_bootstrap
2025-07-01,40.04999924,40.34999847,40,40.04999924,26408934,0,1,35.8797517,yahoo_bootstrap
2025-07-02,40.15000153,41,39.95000076,40.90000153,38129027,0,1,36.64124662,yahoo_bootstrap
2025-07-03,41,41.45000076,40.95000076,41.45000076,41079864,0,1,37.13397661,yahoo_bootstrap
2025-07-04,41.5,41.59999847,40.65000153,41.40000153,53068771,0,1,37.0891836,yahoo_bootstrap
2025-07-07,41.40000153,41.45000076,40.84999847,40.90000153,41115115,0,1,36.64124662,yahoo_bootstrap
2025-07-08,40.90000153,40.90000153,40.04999924,40.15000153,57324370,0,1,35.96934114,yahoo_bootstrap
2025-07-09,38,38.29999924,37.84999847,38,62156558,2.4,1,36.20754723,yahoo_bootstrap
2025-07-10,38.04999924,38.20000076,37.04999924,37.40000153,58421528,0,1,35.63585058,yahoo_bootstrap
2025-07-11,37.70000076,38.65000153,37.65000153,38.15000153,52944414,0,1,36.35047322,yahoo_bootstrap
2025-07-14,38.40000153,38.70000076,38.15000153,38.20000076,25530226,0,1,36.398114,yahoo_bootstrap
2025-07-15,38.20000076,38.40000153,38.09999847,38.40000153,11374796,0,1,36.58868077,yahoo_bootstrap
2025-07-16,38.40000153,38.95000076,38.29999924,38.5,31108054,0,1,36.68396233,yahoo_bootstrap
2025-07-17,38.70000076,38.90000153,38.54999924,38.90000153,20341721,0,1,37.06509586,yahoo_bootstrap
2025-07-18,39.04999924,39.04999924,38.40000153,38.40000153,25174278,0,1,36.58868077,yahoo_bootstrap
2025-07-21,38.5,38.79999924,38.34999847,38.34999847,20743356,0,1,36.54103634,yahoo_bootstrap
2025-07-22,38.5,38.65000153,38,38,23855325,0,1,36.20754723,yahoo_bootstrap
2025-07-23,38,38.40000153,38,38.40000153,19185464,0,1,36.58868077,yahoo_bootstrap
2025-07-24,38.54999924,38.70000076,38.29999924,38.45000076,16998309,0,1,36.63632154,yahoo_bootstrap
2025-07-25,38.65000153,39.34999847,38.59999847,38.84999847,42377615,0,1,37.01745144,yahoo_bootstrap
2025-07-28,39.15000153,39.20000076,38.54999924,38.65000153,21720055,0,1,36.82688832,yahoo_bootstrap
2025-07-29,38.65000153,38.79999924,38.15000153,38.20000076,26601413,0,1,36.398114,yahoo_bootstrap
2025-07-30,38.5,38.5,38,38.04999924,26725831,0,1,36.25518802,yahoo_bootstrap
2025-07-31,38.04999924,38.20000076,37.70000076,37.84999847,27227029,0,1,36.06462125,yahoo_bootstrap
2025-08-04,37.79999924,38.29999924,37.79999924,38.15000153,15057780,0,1,36.35047322,yahoo_bootstrap
2025-08-05,38.20000076,38.34999847,38.15000153,38.20000076,15345196,0,1,36.398114,yahoo_bootstrap
2025-08-06,38.29999924,38.79999924,38.29999924,38.59999847,22061480,0,1,36.77924389,yahoo_bootstrap
2025-08-07,38.79999924,38.84999847,38.40000153,38.40000153,17897372,0,1,36.58868077,yahoo_bootstrap
2025-08-08,38.45000076,38.70000076,38.45000076,38.59999847,14814296,0,1,36.77924389,yahoo_bootstrap
2025-08-11,38.59999847,38.90000153,38.5,38.70000076,19719773,0,1,36.87452909,yahoo_bootstrap
2025-08-12,38.70000076,38.79999924,38.59999847,38.79999924,11136680,0,1,36.96981066,yahoo_bootstrap
2025-08-13,39.04999924,39.5,39,39.45000076,39950204,0,1,37.58915173,yahoo_bootstrap
2025-08-14,39.54999924,39.90000153,39.5,39.79999924,23320348,0,1,37.92264085,yahoo_bootstrap
2025-08-15,39.90000153,39.90000153,39.5,39.90000153,18531562,0,1,38.01792605,yahoo_bootstrap
2025-08-18,40,40.34999847,39.65000153,40.09999847,31056340,0,1,38.20848918,yahoo_bootstrap
2025-08-19,39.84999847,39.90000153,39.29999924,39.5,28722513,0,1,37.63679252,yahoo_bootstrap
2025-08-20,39.45000076,39.45000076,38.90000153,38.90000153,24668200,0,1,37.06509586,yahoo_bootstrap
2025-08-21,39.20000076,40,39.15000153,39.95000076,23055239,0,1,38.06556683,yahoo_bootstrap
2025-08-22,40.04999924,40.09999847,39.45000076,39.45000076,15425511,0,1,37.58915173,yahoo_bootstrap
2025-08-25,39.70000076,39.70000076,39.34999847,39.5,13942055,0,1,37.63679252,yahoo_bootstrap
2025-08-26,39.40000153,39.40000153,39,39,20705799,0,1,37.16037742,yahoo_bootstrap
2025-08-27,39.20000076,39.34999847,38.95000076,39,14062544,0,1,37.16037742,yahoo_bootstrap
2025-08-28,39,39.59999847,38.79999924,39.04999924,15970465,0,1,37.20801821,yahoo_bootstrap
2025-08-29,39.15000153,39.20000076,38.84999847,38.84999847,17185548,0,1,37.01745144,yahoo_bootstrap
2025-09-01,38.84999847,39.15000153,38.70000076,39,11707119,0,1,37.16037742,yahoo_bootstrap
2025-09-02,39,39.59999847,38.79999924,39.45000076,25251058,0,1,37.58915173,yahoo_bootstrap
2025-09-03,39.5,39.59999847,39.40000153,39.54999924,12008470,0,1,37.68443331,yahoo_bootstrap
2025-09-04,39.54999924,39.79999924,39.5,39.65000153,17682727,0,1,37.77971851,yahoo_bootstrap
2025-09-05,39.75,39.79999924,39.40000153,39.54999924,13066468,0,1,37.68443331,yahoo_bootstrap
2025-09-08,39.59999847,39.79999924,39.34999847,39.75,14481157,0,1,37.87500007,yahoo_bootstrap
2025-09-09,39.79999924,39.84999847,39.5,39.65000153,12049140,0,1,37.77971851,yahoo_bootstrap
2025-09-10,39.59999847,39.79999924,39.40000153,39.59999847,24986682,0,1,37.73207408,yahoo_bootstrap
2025-09-11,39.54999924,39.54999924,37.84999847,37.90000153,83543325,0,1,36.11226567,yahoo_bootstrap
2025-09-12,38.04999924,38.04999924,37.65000153,37.75,29076088,0,1,35.96933969,yahoo_bootstrap
2025-09-15,37.90000153,38.04999924,37.59999847,37.59999847,18758228,0,1,35.8264137,yahoo_bootstrap
2025-09-16,37.79999924,37.90000153,37.59999847,37.75,15835535,0,1,35.96933969,yahoo_bootstrap
2025-09-17,38.04999924,40.90000153,38,38.70000076,46046311,0,1,36.87452909,yahoo_bootstrap
2025-09-18,38.90000153,39.09999847,38.59999847,38.70000076,16341330,0,1,36.87452909,yahoo_bootstrap
2025-09-19,38.79999924,38.90000153,38.40000153,38.54999924,21102406,0,1,36.73160312,yahoo_bootstrap
2025-09-22,38.95000076,38.95000076,38.59999847,38.65000153,13712963,0,1,36.82688832,yahoo_bootstrap
2025-09-23,38.70000076,39,38.54999924,38.84999847,17918416,0,1,37.01745144,yahoo_bootstrap
2025-09-24,38.90000153,38.90000153,38.5,38.5,15492711,0,1,36.68396233,yahoo_bootstrap
2025-09-25,38.59999847,38.79999924,38.45000076,38.45000076,18315505,0,1,36.63632154,yahoo_bootstrap
2025-09-26,38.70000076,38.70000076,38,38.04999924,16475397,0,1,36.25518802,yahoo_bootstrap
2025-09-30,38.29999924,38.40000153,38.04999924,38.09999847,13277381,0,1,36.3028288,yahoo_bootstrap
2025-10-01,38.29999924,38.29999924,37.79999924,37.79999924,18581386,0,1,36.01698047,yahoo_bootstrap
2025-10-02,37.84999847,38.20000076,37.79999924,37.90000153,11168722,0,1,36.11226567,yahoo_bootstrap
2025-10-03,37.90000153,38.04999924,37.79999924,37.84999847,10944125,0,1,36.06462125,yahoo_bootstrap
2025-10-07,37.90000153,38.5,37.75,38.29999924,21059289,0,1,36.49339557,yahoo_bootstrap
2025-10-08,38.25,38.65000153,38.04999924,38.04999924,14862950,0,1,36.25518802,yahoo_bootstrap
2025-10-09,38.20000076,38.25,37.84999847,37.84999847,14578353,0,1,36.06462125,yahoo_bootstrap
2025-10-13,37.25,37.59999847,37.04999924,37.29999924,33717092,0,1,35.54056538,yahoo_bootstrap
2025-10-14,37.29999924,38.40000153,37.29999924,37.54999924,33574600,0,1,35.77877292,yahoo_bootstrap
2025-10-15,37.79999924,37.90000153,37.5,37.65000153,15126540,0,1,35.87405813,yahoo_bootstrap
2025-10-16,37.79999924,38.09999847,37.70000076,37.90000153,14742859,0,1,36.11226567,yahoo_bootstrap
2025-10-17,38.04999924,38.79999924,38,38.34999847,37246554,0,1,36.54103634,yahoo_bootstrap
2025-10-20,38.40000153,38.5,38,38.09999847,19410405,0,1,36.3028288,yahoo_bootstrap
2025-10-21,38.15000153,38.29999924,37.70000076,37.70000076,27718089,0,1,35.9216989,yahoo_bootstrap
2025-10-22,37.90000153,38.20000076,37.75,38.09999847,14798902,0,1,36.3028288,yahoo_bootstrap
2025-10-23,38,38.04999924,37.70000076,37.75,16918942,0,1,35.96933969,yahoo_bootstrap
2025-10-27,37.90000153,38.04999924,37,37,58952311,0,1,35.25471704,yahoo_bootstrap
2025-10-28,37.04999924,37.25,36.20000076,36.25,41091718,0,1,34.5400944,yahoo_bootstrap
2025-10-29,36.25,36.54999924,36.25,36.25,22644556,0,1,34.5400944,yahoo_bootstrap
2025-10-30,36.29999924,36.90000153,36.29999924,36.79999924,22975776,0,1,35.06415028,yahoo_bootstrap
2025-10-31,36.79999924,36.95000076,36.20000076,36.20000076,25090518,0,1,34.49245362,yahoo_bootstrap
2025-11-03,36.29999924,36.59999847,36.04999924,36.20000076,16991579,0,1,34.49245362,yahoo_bootstrap
2025-11-04,36.20000076,36.75,36,36.29999924,22006614,0,1,34.58773519,yahoo_bootstrap
2025-11-05,36.29999924,36.54999924,35.90000153,36.54999924,20896934,0,1,34.82594273,yahoo_bootstrap
2025-11-06,36.59999847,36.79999924,36.34999847,36.45000076,15941554,0,1,34.73066116,yahoo_bootstrap
2025-11-07,36.29999924,36.65000153,36.09999847,36.09999847,11371910,0,1,34.39716841,yahoo_bootstrap
2025-11-10,36.40000153,36.40000153,35.59999847,35.70000076,18607905,0,1,34.01603852,yahoo_bootstrap
2025-11-11,36.09999847,36.34999847,35.95000076,36.09999847,14954115,0,1,34.39716841,yahoo_bootstrap
2025-11-12,36.40000153,36.70000076,36.25,36.5,20095765,0,1,34.77830195,yahoo_bootstrap
2025-11-13,36.5,36.5,35.09999847,35.09999847,70368053,0,1,33.44433822,yahoo_bootstrap
2025-11-14,35.09999847,35.15000153,34.45000076,34.5,41404516,0,1,32.87264157,yahoo_bootstrap
2025-11-17,34.5,34.59999847,34,34,25451381,0,1,32.39622647,yahoo_bootstrap
2025-11-18,33.90000153,33.90000153,33.15000153,33.15000153,45000969,0,1,31.58632227,yahoo_bootstrap
2025-11-19,33.29999924,33.84999847,33.29999924,33.54999924,30732624,0,1,31.96745216,yahoo_bootstrap
2025-11-20,34,34.09999847,33.65000153,33.75,15379272,0,1,32.15801893,yahoo_bootstrap
2025-11-21,33.75,34,33.45000076,33.5,18577352,0,1,31.91981138,yahoo_bootstrap
2025-11-24,33.70000076,33.90000153,33.5,33.65000153,31176341,0,1,32.06273736,yahoo_bootstrap
2025-11-25,33.59999847,33.70000076,33.40000153,33.54999924,12387291,0,1,31.96745216,yahoo_bootstrap
2025-11-26,33.70000076,34.29999924,33.70000076,34.29999924,15647803,0,1,32.68207481,yahoo_bootstrap
2025-11-27,34.45000076,34.45000076,33.95000076,34.15000153,12821455,0,1,32.53915246,yahoo_bootstrap
2025-11-28,34.15000153,34.34999847,34.04999924,34.09999847,11591996,0,1,32.49150803,yahoo_bootstrap
2025-12-01,34.09999847,34.59999847,34.09999847,34.40000153,13031234,0,1,32.77736001,yahoo_bootstrap
2025-12-02,34.40000153,34.54999924,34.09999847,34.5,18094563,0,1,32.87264157,yahoo_bootstrap
2025-12-03,34.5,34.54999924,34.20000076,34.25,14714416,0,1,32.63443402,yahoo_bootstrap
2025-12-04,34.29999924,34.79999924,34.29999924,34.5,13587663,0,1,32.87264157,yahoo_bootstrap
2025-12-05,34.45000076,34.54999924,34.04999924,34.15000153,15642065,0,1,32.53915246,yahoo_bootstrap
2025-12-08,34.40000153,34.54999924,34.09999847,34.29999924,9310355,0,1,32.68207481,yahoo_bootstrap
2025-12-09,34.25,34.25,34,34,14093015,0,1,32.39622647,yahoo_bootstrap
2025-12-10,34,35.04999924,33.90000153,34.84999847,25741619,0,1,33.20613068,yahoo_bootstrap
2025-12-11,35.04999924,35.70000076,34.90000153,35.54999924,37102229,0,1,33.87311254,yahoo_bootstrap
2025-12-12,35.75,35.79999924,35.29999924,35.29999924,16366634,0,1,33.634905,yahoo_bootstrap
2025-12-15,35.5,36.20000076,35.15000153,35.75,28011700,0,1,34.06367931,yahoo_bootstrap
2025-12-16,35.45000076,35.70000076,35.25,35.54999924,27429159,0,1,33.87311254,yahoo_bootstrap
2025-12-17,35.79999924,36,35.65000153,35.79999924,18908150,0,1,34.11132009,yahoo_bootstrap
2025-12-18,36,36,35.70000076,35.84999847,15836541,0,1,34.15896087,yahoo_bootstrap
2025-12-19,36,36.20000076,35.75,36.20000076,25457755,0,1,34.49245362,yahoo_bootstrap
2025-12-22,36.40000153,36.59999847,36.20000076,36.45000076,15699130,0,1,34.73066116,yahoo_bootstrap
2025-12-23,36.5,36.54999924,36.29999924,36.5,10332030,0,1,34.77830195,yahoo_bootstrap
2025-12-24,36.34999847,36.54999924,36.29999924,36.5,10828470,0,1,34.77830195,yahoo_bootstrap
2025-12-26,36.5,36.79999924,36.45000076,36.45000076,15220186,0,1,34.73066116,yahoo_bootstrap
2025-12-29,36.65000153,37.20000076,36.5,36.84999847,23181483,0,1,35.11179106,yahoo_bootstrap
2025-12-30,36.59999847,36.70000076,36.09999847,36.29999924,18940158,0,1,34.58773519,yahoo_bootstrap
2025-12-31,36.5,36.70000076,36.29999924,36.54999924,17870522,0,1,34.82594273,yahoo_bootstrap
2026-01-02,36.70000076,36.75,36.34999847,36.5,18870749,0,1,34.77830195,yahoo_bootstrap
2026-01-05,36.59999847,36.70000076,36.40000153,36.40000153,17341056,0,1,34.68302039,yahoo_bootstrap
2026-01-06,36.59999847,36.65000153,36.20000076,36.29999924,18306535,0,1,34.58773519,yahoo_bootstrap
2026-01-07,36.29999924,36.84999847,36.15000153,36.70000076,23997954,0,1,34.96886871,yahoo_bootstrap
2026-01-08,36.75,36.84999847,36.25,36.45000076,17744562,0,1,34.73066116,yahoo_bootstrap
2026-01-09,36.75,37.15000153,36.5,36.54999924,28130707,0,1,34.82594273,yahoo_bootstrap
2026-01-12,36.90000153,37.34999847,36.70000076,37.09999847,34120455,0,1,35.34999861,yahoo_bootstrap
2026-01-13,37.20000076,37.29999924,36.34999847,36.54999924,30717059,0,1,34.82594273,yahoo_bootstrap
2026-01-14,36.54999924,37.29999924,36.25,37.25,41673260,0,1,35.49292459,yahoo_bootstrap
2026-01-15,37.29999924,37.70000076,36.95000076,37.5,34542432,0,1,35.73113214,yahoo_bootstrap
2026-01-16,37.65000153,37.75,37.34999847,37.54999924,31425515,0,1,35.77877292,yahoo_bootstrap
2026-01-19,37.34999847,37.5,37.15000153,37.15000153,32496502,0,1,35.39764303,yahoo_bootstrap
2026-01-20,37.29999924,38.84999847,37.25,38.20000076,83723744,0,1,36.398114,yahoo_bootstrap
2026-01-21,38.20000076,38.95000076,38.15000153,38.29999924,57483096,0,1,36.49339557,yahoo_bootstrap
2026-01-22,38.84999847,39.5,38.59999847,39.20000076,73014340,0,1,37.35094419,yahoo_bootstrap
2026-01-23,39.45000076,39.5,38.54999924,38.79999924,42306274,0,1,36.96981066,yahoo_bootstrap
2026-01-26,38.79999924,38.79999924,38.09999847,38.5,24449265,0,1,36.68396233,yahoo_bootstrap
2026-01-27,38.54999924,38.75,38.09999847,38.29999924,27616670,0,1,36.49339557,yahoo_bootstrap
2026-01-28,38.5,38.95000076,38,38.09999847,30063579,0,1,36.3028288,yahoo_bootstrap
2026-01-29,38.09999847,38.15000153,37.59999847,37.95000076,24592043,0,1,36.15990645,yahoo_bootstrap
2026-01-30,37.95000076,38.15000153,37.25,37.40000153,25695259,0,1,35.63585058,yahoo_bootstrap
2026-02-02,37.40000153,37.75,37.09999847,37.5,19914634,0,1,35.73113214,yahoo_bootstrap
2026-02-03,37.84999847,38.54999924,37.79999924,38.04999924,32489768,0,1,36.25518802,yahoo_bootstrap
2026-02-04,38.04999924,38.40000153,37.84999847,38.40000153,22435739,0,1,36.58868077,yahoo_bootstrap
2026-02-05,38.34999847,38.79999924,38.29999924,38.45000076,25913839,0,1,36.63632154,yahoo_bootstrap
2026-02-06,38.54999924,38.65000153,38.20000076,38.59999847,24247427,0,1,36.77924389,yahoo_bootstrap
2026-02-09,38.75,38.95000076,38.5,38.79999924,26033044,0,1,36.96981066,yahoo_bootstrap
2026-02-10,38.84999847,39.15000153,38.65000153,39,31893750,0,1,37.16037742,yahoo_bootstrap
2026-02-11,39,39.04999924,38.45000076,38.84999847,30957378,0,1,37.01745144,yahoo_bootstrap
2026-02-23,39,39.04999924,38,38,39939217,0,1,36.20754723,yahoo_bootstrap
2026-02-24,38.04999924,38.09999847,37.79999924,38,34441591,0,1,36.20754723,yahoo_bootstrap
2026-02-25,38.09999847,38.20000076,37.84999847,37.95000076,28813389,0,1,36.15990645,yahoo_bootstrap
2026-02-26,38.04999924,38.40000153,37.65000153,38,51363549,0,1,36.20754723,yahoo_bootstrap
2026-03-02,36.70000076,36.70000076,35.70000076,36.29999924,69764951,0,1,34.58773519,yahoo_bootstrap
2026-03-03,35.84999847,36,35.04999924,35.40000153,51508632,0,1,33.7301902,yahoo_bootstrap
2026-03-04,34.65000153,34.75,33.84999847,33.84999847,47082118,0,1,32.25330049,yahoo_bootstrap
2026-03-05,34.54999924,34.65000153,33.90000153,34.04999924,39871575,0,1,32.44386726,yahoo_bootstrap
2026-03-06,33.70000076,34.40000153,33.65000153,34.25,28268233,0,1,32.63443402,yahoo_bootstrap
2026-03-09,33,33.5,32.20000076,32.5,67956565,0,1,30.96698119,yahoo_bootstrap
2026-03-10,33.25,33.25,32.15000153,32.59999847,39323126,0,1,31.06226275,yahoo_bootstrap
2026-03-11,33,34.25,32.95000076,33.90000153,53157108,0,1,32.30094491,yahoo_bootstrap
2026-03-12,33.90000153,34.29999924,33.70000076,33.70000076,26530840,0,1,32.11037814,yahoo_bootstrap
2026-03-13,33.70000076,34.25,33.25,33.54999924,27341242,0,1,31.96745216,yahoo_bootstrap
2026-03-16,34.84999847,35,34.29999924,34.79999924,41083527,0,1,33.1584899,yahoo_bootstrap
2026-03-17,34.95000076,35.75,34.70000076,35.70000076,32870019,0,1,34.01603852,yahoo_bootstrap
2026-03-18,35.84999847,35.84999847,35.25,35.5,27649597,0,1,33.82547176,yahoo_bootstrap
2026-03-19,35.04999924,35.20000076,34.45000076,34.65000153,42939466,0,1,33.01556755,yahoo_bootstrap
2026-03-20,34.54999924,34.95000076,34.29999924,34.79999924,35181894,0,1,33.1584899,yahoo_bootstrap
2026-03-23,34.09999847,35.09999847,33.79999924,34.84999847,46324425,0,1,33.20613068,yahoo_bootstrap
2026-03-24,35.59999847,36.09999847,35.25,35.29999924,32182572,0,1,33.634905,yahoo_bootstrap
2026-03-25,36,36,35.15000153,35.65000153,20873030,0,1,33.96839774,yahoo_bootstrap
2026-03-26,35.09999847,35.95000076,35.09999847,35.34999847,17226119,0,1,33.68254577,yahoo_bootstrap
2026-03-27,35.75,35.75,34.95000076,35.45000076,21967676,0,1,33.77783097,yahoo_bootstrap
2026-03-30,34.40000153,35.20000076,34.34999847,34.65000153,21917319,0,1,33.01556755,yahoo_bootstrap
2026-03-31,34.34999847,34.45000076,33.84999847,33.95000076,25227459,0,1,32.34858569,yahoo_bootstrap
2026-04-01,34.79999924,35,34.59999847,35,14640745,0,1,33.34905666,yahoo_bootstrap
2026-04-02,35.29999924,35.40000153,34.84999847,34.95000076,13434442,0,1,33.30141588,yahoo_bootstrap
2026-04-07,35.15000153,35.15000153,34.5,34.5,8181888,0,1,32.87264157,yahoo_bootstrap
2026-04-08,35,35.20000076,34.84999847,35.20000076,13663741,0,1,33.53962343,yahoo_bootstrap
2026-04-09,35,35.15000153,34.34999847,34.79999924,16144016,0,1,33.1584899,yahoo_bootstrap
2026-04-10,34.79999924,34.90000153,34.59999847,34.84999847,15116938,0,1,33.20613068,yahoo_bootstrap
2026-04-13,35,35.15000153,34.54999924,35.09999847,19410996,0,1,33.44433822,yahoo_bootstrap
2026-04-14,35.20000076,35.25,35,35.15000153,17266324,0,1,33.49198265,yahoo_bootstrap
2026-04-15,35.20000076,35.34999847,34.75,34.75,27857937,0,1,33.11084912,yahoo_bootstrap
2026-04-16,35,35.25,34.90000153,35.25,16013291,0,1,33.58726421,yahoo_bootstrap
2026-04-17,35.5,35.5,35.09999847,35.29999924,19344256,0,1,33.634905,yahoo_bootstrap
2026-04-20,35.34999847,35.5,35,35.25,24077327,0,1,33.58726421,yahoo_bootstrap
2026-04-21,35.5,35.5,35.20000076,35.34999847,19481897,0,1,33.68254577,yahoo_bootstrap
2026-04-22,35.34999847,35.40000153,34.79999924,35.04999924,28942497,0,1,33.39669745,yahoo_bootstrap
2026-04-23,34.84999847,34.90000153,33.59999847,33.75,64289725,0,1,32.15801893,yahoo_bootstrap
2026-04-24,33.79999924,34,33.54999924,33.75,23963232,0,1,32.15801893,yahoo_bootstrap
2026-04-27,33.54999924,33.65000153,33.20000076,33.34999847,28896070,0,1,31.77688539,yahoo_bootstrap
2026-04-28,33.40000153,33.59999847,33.25,33.34999847,21572373,0,1,31.77688539,yahoo_bootstrap
2026-04-29,33.59999847,34.04999924,33.5,34,21769473,0,1,32.39622647,yahoo_bootstrap
2026-04-30,33.95000076,34.20000076,33.5,33.5,26037241,0,1,31.91981138,yahoo_bootstrap
2026-05-04,33.54999924,33.90000153,33.5,33.79999924,16033185,0,1,32.20565971,yahoo_bootstrap
2026-05-05,33.75,34.29999924,33.40000153,34,22109478,0,1,32.39622647,yahoo_bootstrap
2026-05-06,34.20000076,34.25,33.70000076,33.95000076,34520454,0,1,32.34858569,yahoo_bootstrap
2026-05-07,34.20000076,35.5,34.20000076,35.40000153,43904706,0,1,33.7301902,yahoo_bootstrap
2026-05-08,35.40000153,35.70000076,35.20000076,35.65000153,34255347,0,1,33.96839774,yahoo_bootstrap
2026-05-11,35.90000153,36,35.70000076,35.84999847,23548805,0,1,34.15896087,yahoo_bootstrap
2026-05-12,35.75,35.90000153,35.04999924,35.09999847,35455439,0,1,33.44433822,yahoo_bootstrap
2026-05-13,35,35,34.34999847,34.45000076,21467282,0,1,32.82500078,yahoo_bootstrap
2026-05-14,35.5,36.20000076,34.95000076,35,36950858,0,1,33.34905666,yahoo_bootstrap
2026-05-15,35.20000076,35.40000153,34.65000153,34.65000153,23173355,0,1,33.01556755,yahoo_bootstrap
2026-05-18,34.5,34.75,34.09999847,34.09999847,26271452,0,1,32.49150803,yahoo_bootstrap
2026-05-19,34.09999847,34.84999847,34.09999847,34.45000076,21550924,0,1,32.82500078,yahoo_bootstrap
2026-05-20,34.75,34.75,34.29999924,34.29999924,28728324,0,1,32.68207481,yahoo_bootstrap
2026-05-21,34.79999924,35.45000076,34.70000076,35.29999924,44919769,0,1,33.634905,yahoo_bootstrap
2026-05-22,35.5,35.65000153,35.09999847,35.5,45157305,0,1,33.82547176,yahoo_bootstrap
2026-05-25,36,36.09999847,35.45000076,35.45000076,65979625,0,1,33.77783097,yahoo_bootstrap
2026-05-26,35.79999924,36.04999924,35.20000076,35.20000076,66739427,0,1,33.53962343,yahoo_bootstrap
2026-05-27,35.20000076,35.45000076,34.79999924,34.79999924,67200134,0,1,33.1584899,yahoo_bootstrap
2026-05-28,35.5,36.25,35.29999924,35.29999924,86103797,0,1,33.634905,yahoo_bootstrap
2026-05-29,35.95000076,36.70000076,35.65000153,36.04999924,122730874,0,1,34.34952764,yahoo_bootstrap
2026-06-01,36.45000076,37.84999847,36.29999924,37.70000076,80125373,0,1,35.9216989,yahoo_bootstrap
2026-06-02,37.40000153,37.79999924,36.65000153,37.25,84239218,0,1,35.49292459,yahoo_bootstrap
2026-06-03,37.79999924,38.45000076,37.29999924,37.70000076,80883946,0,1,35.9216989,yahoo_bootstrap
2026-06-04,37.54999924,38.40000153,37.29999924,37.90000153,59002696,0,1,36.11226567,yahoo_bootstrap
2026-06-05,37.95000076,38.09999847,37.34999847,37.70000076,39293891,0,1,35.9216989,yahoo_bootstrap
2026-06-08,36.25,36.59999847,35.84999847,36.40000153,52582945,0,1,34.68302039,yahoo_bootstrap
2026-06-09,36.34999847,37.34999847,36.34999847,37,37126133,0,1,35.25471704,yahoo_bootstrap
2026-06-10,37,37.75,36.90000153,37.25,42184487,0,1,35.49292459,yahoo_bootstrap
2026-06-11,37,37.79999924,36.75,37.70000076,41820517,0,1,35.9216989,yahoo_bootstrap
2026-06-12,38.09999847,39.40000153,38.04999924,38.70000076,75356236,0,1,36.87452909,yahoo_bootstrap
2026-06-15,40,40.45000076,39.40000153,39.95000076,78073546,0,1,38.06556683,yahoo_bootstrap
2026-06-16,40.20000076,40.5,39.29999924,39.75,43046207,0,1,37.87500007,yahoo_bootstrap
2026-06-17,40.34999847,43.29999924,40.04999924,42.54999924,191430222,0,1,40.54292388,yahoo_bootstrap
2026-06-18,43.29999924,43.70000076,42.25,42.54999924,65127485,0,1,40.54292388,yahoo_bootstrap
2026-06-22,41.90000153,42,40.70000076,41.65000153,53864265,0,1,39.68537889,yahoo_bootstrap
2026-06-23,41.95000076,43.09999847,41.5,42.95000076,87050078,0,1,40.9240574,yahoo_bootstrap
2026-06-24,42.95000076,44.79999924,42.54999924,44,89216136,0,1,41.92452838,yahoo_bootstrap
2026-06-25,44.59999847,45.65000153,44.15000153,44.5,69387696,0,1,42.40094347,yahoo_bootstrap
2026-06-26,44.45000076,44.84999847,43.54999924,43.79999924,46061913,0,1,41.73396161,yahoo_bootstrap
2026-06-29,44.65000153,45,43.65000153,43.90000153,43839403,0,1,41.82924682,yahoo_bootstrap
2026-06-30,44.09999847,44.90000153,43.79999924,44.90000153,62617324,0,1,42.78207701,yahoo_bootstrap
2026-07-01,45,45,43.29999924,43.90000153,58969320,0,1,41.82924682,yahoo_bootstrap
2026-07-02,44,44.09999847,43.15000153,43.90000153,30075739,0,1,41.82924682,yahoo_bootstrap
2026-07-03,44,44.29999924,43.40000153,43.84999847,38926428,0,1,41.78160239,yahoo_bootstrap
2026-07-06,44,44.04999924,43.45000076,43.54999924,40879096,0,1,41.49575407,yahoo_bootstrap
2026-07-07,43.5,43.5,42,42.40000153,66121695,0,1,40.40000153,yahoo_bootstrap
2026-07-08,40,41.95000076,39.20000076,39.84999847,110506643,2,1,39.84999847,yahoo_bootstrap
2026-07-09,40,40,38.75,39.59999847,72004090,0,1,39.59999847,yahoo_bootstrap
2026-07-10,39.59999847,39.59999847,39.59999847,39.59999847,0,0,1,39.59999847,yahoo_bootstrap
2026-07-13,40,41.25,39.79999924,40.75,92169405,0,1,40.75,yahoo_bootstrap
2026-07-14,40.5,41.04999924,39.90000153,40.79999924,81337094,0,1,40.79999924,yahoo_bootstrap
2026-07-15,41.29999924,42.20000076,40.65000153,42.15000153,52004610,0,1,42.15000153,yahoo_bootstrap
2026-07-16,42.15000153,42.65000153,41.65000153,41.90000153,26845615,0,1,41.90000153,yahoo_bootstrap
2026-07-17,41.70000076,42.09999847,41.15000153,41.20000076,37695267,0,1,41.20000076,yahoo_bootstrap
2026-07-20,41.65000153,41.90000153,40.75,41.20000076,37109791,0,1,41.20000076,yahoo_bootstrap
2026-07-21,41.90000153,42.5,41.79999924,42.29999924,34613635,0,1,42.29999924,yahoo_bootstrap
2026-07-22,42.59999847,43.65000153,41.95000076,42.09999847,39113739,0,1,42.09999847,yahoo_bootstrap
2026-07-23,42.29999924,42.29999924,40.34999847,40.84999847,38147284,0,1,40.84999847,yahoo_bootstrap
2026-07-24,40.34999847,40.75,40.09999847,40.70000076,31260698,0,1,40.70000076,yahoo_bootstrap
2026-07-27,41.5,42.15000153,41.29999924,41.95000076,48591181,0,1,41.95000076,yahoo_daily
2026-07-28,41.65000153,42.95000076,41.5,42.75,71830841,0,1,42.75,yahoo_daily
2026-07-29,43,43.40000153,40.75,41.45000076,47287363,0,1,41.45000076,yahoo_daily
2026-07-30,41.59999847,41.84999847,41.04999924,41.75,52786396,0,1,41.75,yahoo_daily
2026-07-31,42.5,43.84999847,42.29999924,43.29999924,68777708,0,1,43.29999924,yahoo_daily
2026-08-03,43.29999924,43.79999924,42.90000153,43.70000076,40188850,0,1,43.70000076,yahoo_daily
2026-08-04,42.84999847,44.15000153,42,43.79999924,49491815,0,1,43.79999924,yahoo_daily
2026-08-05,44,44.54999924,43.54999924,43.79999924,44975379,0,1,43.79999924,yahoo_daily
2026-08-06,43.70000076,43.95000076,43.09999847,43.25,19925095,0,1,43.25,yahoo_daily
2026-08-07,43.20000076,44.59999847,42.79999924,44.40000153,37169067,0,1,44.40000153,yahoo_daily
2026-08-10,43,43,41.5,42.65000153,40109545,0,1,42.65000153,yahoo_daily
2026-08-11,42,42.15000153,41.20000076,41.75,36429332,0,1,41.75,yahoo_daily
2026-08-12,41.90000153,42.59999847,41.45000076,42.15000153,22091225,0,1,42.15000153,yahoo_daily
2026-08-13,41.90000153,41.95000076,40.79999924,41,32274717,0,1,41,yahoo_daily
2026-08-14,40.65000153,40.65000153,39.20000076,39.90000153,55183770,0,1,39.90000153,yahoo_daily
2026-08-17,40.04999924,41.79999924,39.90000153,41.79999924,45677618,0,1,41.79999924,yahoo_daily
2026-08-18,41.45000076,42.29999924,41.40000153,41.90000153,28934039,0,1,41.90000153,yahoo_daily
2026-08-19,41.75,41.84999847,41.04999924,41.59999847,17617987,0,1,41.59999847,yahoo_daily
2026-08-20,42.04999924,42.5,41.79999924,42.25,24814646,0,1,42.25,yahoo_daily
2026-08-21,42,42.59999847,41.59999847,42.59999847,26442739,0,1,42.59999847,yahoo_daily
2026-08-24,42.65000153,43.59999847,42.54999924,42.65000153,20144412,0,1,42.65000153,yahoo_daily
2026-08-25,42.65000153,42.75,42,42.20000076,11355527,0,1,42.20000076,yahoo_daily
2026-08-26,42.84999847,43.40000153,42.79999924,43,28367615,0,1,43,yahoo_daily
2026-08-27,43.5,43.5,42.5,42.75,24832582,0,1,42.75,yahoo_daily
2026-08-28,42.59999847,42.59999847,41.59999847,41.79999924,20455708,0,1,41.79999924,yahoo_daily
2026-08-31,41.75,42.04999924,41.45000076,42,20915488,0,1,42,yahoo_daily
2026-09-01,41.54999924,42.40000153,41.5,42.40000153,18705222,0,1,42.40000153,yahoo_daily
2026-09-02,42.15000153,42.29999924,41.70000076,42.15000153,18113352,0,1,42.15000153,yahoo_daily
2026-09-03,42.45000076,42.95000076,42.15000153,42.79999924,26397109,0,1,42.79999924,yahoo_daily
