date,open,high,low,close,volume,dividend,split_factor,adjusted_close,source
2021-08-26,29.14999962,29.39999962,28.95000076,29.10000038,1622385,0,1,26.0833301,yahoo_bootstrap
2021-08-27,29,29.20000076,28.89999962,29.10000038,1236285,0,1,26.0833301,yahoo_bootstrap
2021-08-30,29.20000076,29.25,28.89999962,29,1377232,0,1,25.99369633,yahoo_bootstrap
2021-08-31,28.89999962,29.25,28.89999962,29.14999962,1371570,0,1,26.12814614,yahoo_bootstrap
2021-09-01,29.20000076,29.29999924,28.95000076,29,1102685,0,1,25.99369633,yahoo_bootstrap
2021-09-02,28.95000076,29.04999924,28.79999924,28.89999962,1706864,0,1,25.90406255,yahoo_bootstrap
2021-09-03,28.85000038,28.89999962,28.54999924,28.64999962,2314477,0.2,1,25.85893352,yahoo_bootstrap
2021-09-06,28.75,28.85000038,28,28.10000038,3769222,0,1,25.36251488,yahoo_bootstrap
2021-09-07,28.20000076,28.20000076,27.85000038,27.89999962,2473152,0,1,25.18199808,yahoo_bootstrap
2021-09-08,27.79999924,27.85000038,27.35000038,27.39999962,3439265,0,1,24.73070778,yahoo_bootstrap
2021-09-09,27.29999924,27.54999924,27.20000076,27.29999924,3046339,0,1,24.64044938,yahoo_bootstrap
2021-09-10,27.45000076,27.64999962,27.35000038,27.54999924,1559381,0,1,24.86609453,yahoo_bootstrap
2021-09-13,27.54999924,27.54999924,27.20000076,27.35000038,2339901,0,1,24.68557944,yahoo_bootstrap
2021-09-14,27.54999924,28,27.45000076,27.95000076,2447612,0,1,25.22712814,yahoo_bootstrap
2021-09-15,28.10000038,28.25,27.85000038,28.10000038,2152108,0,1,25.36251488,yahoo_bootstrap
2021-09-16,28.20000076,28.29999924,28.04999924,28.25,1509855,0,1,25.49790163,yahoo_bootstrap
2021-09-17,28.25,28.54999924,28.20000076,28.35000038,1650316,0,1,25.58816003,yahoo_bootstrap
2021-09-22,28,28.25,27.70000076,28.25,1951321,0,1,25.49790163,yahoo_bootstrap
2021-09-23,28.39999962,28.45000076,28.20000076,28.35000038,1596369,0,1,25.58816003,yahoo_bootstrap
2021-09-24,28.39999962,28.54999924,28.14999962,28.20000076,1330926,0,1,25.45277328,yahoo_bootstrap
2021-09-27,28.39999962,28.5,28.10000038,28.10000038,920407,0,1,25.36251488,yahoo_bootstrap
2021-09-28,28.14999962,28.29999924,27.89999962,28.20000076,958585,0,1,25.45277328,yahoo_bootstrap
2021-09-29,28,28.10000038,27.79999924,28.10000038,1632533,0,1,25.36251488,yahoo_bootstrap
2021-09-30,28,28.60000038,27.89999962,28.60000038,1859031,0,1,25.81380518,yahoo_bootstrap
2021-10-01,28.60000038,28.70000076,28.04999924,28.14999962,1863866,0,1,25.40764323,yahoo_bootstrap
2021-10-04,28.39999962,28.60000038,28.10000038,28.25,1563405,0,1,25.49790163,yahoo_bootstrap
2021-10-05,28,28.45000076,27.85000038,28.45000076,950405,0,1,25.67841843,yahoo_bootstrap
2021-10-06,28.5,28.5,28,28.04999924,859588,0,1,25.31738482,yahoo_bootstrap
2021-10-07,28.14999962,28.5,28.14999962,28.39999962,970111,0,1,25.63328837,yahoo_bootstrap
2021-10-08,28.45000076,28.5,28.04999924,28.14999962,579148,0,1,25.40764323,yahoo_bootstrap
2021-10-12,28.04999924,28.14999962,27.85000038,28,877607,0,1,25.27225648,yahoo_bootstrap
2021-10-13,28.10000038,28.10000038,27.79999924,28.10000038,965151,0,1,25.36251488,yahoo_bootstrap
2021-10-14,28.25,28.35000038,28.04999924,28.20000076,708744,0,1,25.45277328,yahoo_bootstrap
2021-10-15,28.20000076,28.29999924,28.10000038,28.20000076,676422,0,1,25.45277328,yahoo_bootstrap
2021-10-18,28.20000076,28.35000038,28.10000038,28.25,841200,0,1,25.49790163,yahoo_bootstrap
2021-10-19,28.35000038,28.64999962,28.29999924,28.45000076,1280926,0,1,25.67841843,yahoo_bootstrap
2021-10-20,28.5,28.54999924,28.20000076,28.25,552550,0,1,25.49790163,yahoo_bootstrap
2021-10-21,28.25,28.39999962,28,28.14999962,1549381,0,1,25.40764323,yahoo_bootstrap
2021-10-22,28.45000076,28.5,27.85000038,27.95000076,1868148,0,1,25.22712814,yahoo_bootstrap
2021-10-25,28.10000038,28.20000076,27.95000076,28.10000038,1407660,0,1,25.36251488,yahoo_bootstrap
2021-10-26,28.25,28.25,28.04999924,28.10000038,678916,0,1,25.36251488,yahoo_bootstrap
2021-10-27,28.10000038,28.39999962,28.04999924,28.25,1271400,0,1,25.49790163,yahoo_bootstrap
2021-10-28,28.25,28.39999962,28.20000076,28.35000038,991285,0,1,25.58816003,yahoo_bootstrap
2021-10-29,28.39999962,28.45000076,28.14999962,28.20000076,1003666,0,1,25.45277328,yahoo_bootstrap
2021-11-01,28.20000076,28.45000076,28.20000076,28.35000038,1059091,0,1,25.58816003,yahoo_bootstrap
2021-11-02,28.5,28.89999962,28.45000076,28.75,2690585,0,1,25.94919192,yahoo_bootstrap
2021-11-03,28.95000076,28.95000076,28.5,28.64999962,1893197,0,1,25.85893352,yahoo_bootstrap
2021-11-04,28.79999924,29.10000038,28.60000038,28.79999924,1899587,0,1,25.99432027,yahoo_bootstrap
2021-11-05,28.70000076,29,28.60000038,28.70000076,1199159,0,1,25.90406358,yahoo_bootstrap
2021-11-08,28.89999962,29.39999962,28.85000038,29.14999962,2840700,0,1,26.31022381,yahoo_bootstrap
2021-11-09,29.14999962,29.45000076,29,29.35000038,2659767,0,1,26.49074062,yahoo_bootstrap
2021-11-10,29.39999962,29.39999962,28.85000038,28.95000076,2180015,0,1,26.12970873,yahoo_bootstrap
2021-11-11,28.95000076,29.20000076,28.89999962,29.10000038,1452453,0,1,26.26509547,yahoo_bootstrap
2021-11-12,29.35000038,29.35000038,28.95000076,29.25,2746554,0,1,26.40048222,yahoo_bootstrap
2021-11-15,29.25,29.25,28.89999962,29,2277938,0,1,26.17483707,yahoo_bootstrap
2021-11-16,29.10000038,30.5,29.10000038,29.79999924,12848175,0,1,26.89690085,yahoo_bootstrap
2021-11-17,30,30.25,29.70000076,30,5131558,0,1,27.07741766,yahoo_bootstrap
2021-11-18,30.10000038,30.45000076,29.85000038,30.35000038,5612841,0,1,27.39332121,yahoo_bootstrap
2021-11-19,30.39999962,30.39999962,29.85000038,30.25,3672232,0,1,27.3030628,yahoo_bootstrap
2021-11-22,30.20000076,30.39999962,30,30.39999962,2977541,0,1,27.43844955,yahoo_bootstrap
2021-11-23,30.20000076,30.39999962,29.85000038,30.20000076,2865544,0,1,27.25793446,yahoo_bootstrap
2021-11-24,30.14999962,30.70000076,30.14999962,30.54999924,4288914,0,1,27.5738363,yahoo_bootstrap
2021-11-25,30.75,30.85000038,30.39999962,30.39999962,2561190,0,1,27.43844955,yahoo_bootstrap
2021-11-26,30.39999962,30.39999962,29.79999924,29.79999924,2974380,0,1,26.89690085,yahoo_bootstrap
2021-11-29,29.35000038,29.45000076,28.79999924,29.20000076,3187387,0,1,26.35535387,yahoo_bootstrap
2021-11-30,29.45000076,29.64999962,29,29,1500202,0,1,26.17483707,yahoo_bootstrap
2021-12-01,29,29.29999924,28.95000076,29.20000076,1053200,0,1,26.35535387,yahoo_bootstrap
2021-12-02,29.10000038,29.29999924,29.04999924,29.04999924,1188236,0,1,26.21996541,yahoo_bootstrap
2021-12-03,29.29999924,29.5,29.14999962,29.35000038,1563264,0,1,26.49074062,yahoo_bootstrap
2021-12-06,29.64999962,29.79999924,29.39999962,29.75,1719324,0,1,26.85177251,yahoo_bootstrap
2021-12-07,30,30.39999962,29.85000038,29.95000076,2931663,0,1,27.03228931,yahoo_bootstrap
2021-12-08,30,30.14999962,29.5,29.64999962,1767286,0,1,26.76151411,yahoo_bootstrap
2021-12-09,29.70000076,29.79999924,29.39999962,29.54999924,1226979,0,1,26.67125571,yahoo_bootstrap
2021-12-10,29.5,29.64999962,29.29999924,29.54999924,1029221,0,1,26.67125571,yahoo_bootstrap
2021-12-13,29.60000038,29.70000076,29.39999962,29.45000076,711148,0,1,26.58099902,yahoo_bootstrap
2021-12-14,29.39999962,29.39999962,29,29,1416370,0,1,26.17483707,yahoo_bootstrap
2021-12-15,29.20000076,29.20000076,29,29,779719,0,1,26.17483707,yahoo_bootstrap
2021-12-16,29.04999924,29.14999962,29,29.10000038,749543,0,1,26.26509547,yahoo_bootstrap
2021-12-17,29.10000038,29.10000038,28.95000076,29.10000038,941000,0,1,26.26509547,yahoo_bootstrap
2021-12-20,29.10000038,29.10000038,28.89999962,29,950111,0,1,26.17483707,yahoo_bootstrap
2021-12-21,28.95000076,29.14999962,28.85000038,29.10000038,870050,0,1,26.26509547,yahoo_bootstrap
2021-12-22,29.10000038,29.35000038,29,29.10000038,1547496,0,1,26.26509547,yahoo_bootstrap
2021-12-23,29.39999962,29.70000076,29.29999924,29.35000038,1349740,0,1,26.49074062,yahoo_bootstrap
2021-12-24,29.39999962,29.60000038,29.29999924,29.39999962,798253,0,1,26.53586896,yahoo_bootstrap
2021-12-27,29.39999962,29.89999962,29.35000038,29.70000076,2248652,0,1,26.80664417,yahoo_bootstrap
2021-12-28,29.89999962,29.89999962,29.45000076,29.54999924,1570506,0,1,26.67125571,yahoo_bootstrap
2021-12-29,29.64999962,29.95000076,29.35000038,29.60000038,4284372,0,1,26.71638577,yahoo_bootstrap
2021-12-30,29.54999924,29.54999924,29.29999924,29.35000038,1742510,0,1,26.49074062,yahoo_bootstrap
2022-01-03,29.35000038,29.5,29.25,29.29999924,873432,0,1,26.44561056,yahoo_bootstrap
2022-01-04,29.29999924,29.60000038,29.29999924,29.5,1282816,0,1,26.62612736,yahoo_bootstrap
2022-01-05,29.5,29.70000076,29.5,29.54999924,962761,0,1,26.67125571,yahoo_bootstrap
2022-01-06,29.70000076,30.10000038,29.64999962,29.64999962,3393850,0,1,26.76151411,yahoo_bootstrap
2022-01-07,30,30.45000076,29.85000038,29.95000076,4944909,0,1,27.03228931,yahoo_bootstrap
2022-01-10,30.45000076,31.14999962,30.10000038,30.39999962,6274451,0,1,27.43844955,yahoo_bootstrap
2022-01-11,30.5,30.54999924,29.89999962,29.95000076,2438596,0,1,27.03228931,yahoo_bootstrap
2022-01-12,30.20000076,30.20000076,29.5,29.70000076,1450414,0,1,26.80664417,yahoo_bootstrap
2022-01-13,29.70000076,30.25,29.70000076,30.14999962,1978609,0,1,27.2128044,yahoo_bootstrap
2022-01-14,30.10000038,30.20000076,29.70000076,29.79999924,1700105,0,1,26.89690085,yahoo_bootstrap
2022-01-17,29.75,29.79999924,29.54999924,29.70000076,817387,0,1,26.80664417,yahoo_bootstrap
2022-01-18,29.75,29.89999962,29.64999962,29.64999962,772497,0,1,26.76151411,yahoo_bootstrap
2022-01-19,29.60000038,29.85000038,29.60000038,29.70000076,1000666,0,1,26.80664417,yahoo_bootstrap
2022-01-20,29.75,29.79999924,29.60000038,29.79999924,657333,0,1,26.89690085,yahoo_bootstrap
2022-01-21,29.60000038,29.64999962,29.29999924,29.45000076,1761805,0,1,26.58099902,yahoo_bootstrap
2022-01-24,29.20000076,29.39999962,29,29.35000038,1688074,0,1,26.49074062,yahoo_bootstrap
2022-01-25,29.25,29.29999924,28.89999962,29.04999924,1939800,0,1,26.21996541,yahoo_bootstrap
2022-01-26,29.04999924,29.35000038,29.04999924,29.10000038,1173490,0,1,26.26509547,yahoo_bootstrap
2022-02-07,29.25,29.60000038,29.25,29.54999924,1023713,0,1,26.67125571,yahoo_bootstrap
2022-02-08,29.39999962,29.95000076,29.39999962,29.70000076,895505,0,1,26.80664417,yahoo_bootstrap
2022-02-09,29.70000076,29.85000038,29.54999924,29.75,824999,0,1,26.85177251,yahoo_bootstrap
2022-02-10,29.85000038,29.89999962,29.60000038,29.64999962,1000108,0,1,26.76151411,yahoo_bootstrap
2022-02-11,29.5,29.75,29.5,29.60000038,953310,0,1,26.71638577,yahoo_bootstrap
2022-02-14,29.45000076,29.45000076,29.10000038,29.25,1386075,0,1,26.40048222,yahoo_bootstrap
2022-02-15,29.25,29.54999924,29.20000076,29.35000038,1098481,0,1,26.49074062,yahoo_bootstrap
2022-02-16,29.54999924,29.79999924,29.39999962,29.45000076,1575403,0,1,26.58099902,yahoo_bootstrap
2022-02-17,29.5,30.04999924,29.5,29.95000076,4794159,0,1,27.03228931,yahoo_bootstrap
2022-02-18,29.85000038,30.29999924,29.79999924,30.14999962,4677007,0,1,27.2128044,yahoo_bootstrap
2022-02-21,30.25,30.35000038,30.04999924,30.04999924,2077814,0,1,27.122546,yahoo_bootstrap
2022-02-22,29.89999962,30.20000076,29.39999962,29.95000076,2654000,0,1,27.03228931,yahoo_bootstrap
2022-02-23,29.95000076,30.10000038,29.5,29.89999962,1278409,0,1,26.98715926,yahoo_bootstrap
2022-02-24,29.95000076,29.95000076,29.45000076,29.45000076,1918350,0,1,26.58099902,yahoo_bootstrap
2022-02-25,29.54999924,29.79999924,29.45000076,29.54999924,1058500,0,1,26.67125571,yahoo_bootstrap
2022-03-01,30,30.89999962,29.85000038,30.04999924,5372712,0,1,27.122546,yahoo_bootstrap
2022-03-02,29.95000076,30.25,29.89999962,30.14999962,1230933,0,1,27.2128044,yahoo_bootstrap
2022-03-03,30.29999924,30.29999924,29.89999962,29.95000076,921750,0,1,27.03228931,yahoo_bootstrap
2022-03-04,29.75,30,29.75,29.89999962,1150005,0,1,26.98715926,yahoo_bootstrap
2022-03-07,30.04999924,30.60000038,29.54999924,29.54999924,2312390,0,1,26.67125571,yahoo_bootstrap
2022-03-08,29.35000038,29.45000076,28.60000038,28.75,3851150,0,1,25.94919192,yahoo_bootstrap
2022-03-09,29.35000038,29.39999962,28.79999924,29.25,1985933,0,1,26.40048222,yahoo_bootstrap
2022-03-10,29.35000038,29.79999924,29.35000038,29.75,1673235,0,1,26.85177251,yahoo_bootstrap
2022-03-11,29.75,29.75,29.39999962,29.39999962,544611,0,1,26.53586896,yahoo_bootstrap
2022-03-14,29.35000038,29.5,29.25,29.29999924,889248,0,1,26.44561056,yahoo_bootstrap
2022-03-15,29.20000076,29.5,29,29,1310611,0,1,26.17483707,yahoo_bootstrap
2022-03-16,29.14999962,29.14999962,28.75,29.10000038,1362074,0,1,26.26509547,yahoo_bootstrap
2022-03-17,29.39999962,29.60000038,29.25,29.5,1097474,0,1,26.62612736,yahoo_bootstrap
2022-03-18,29.54999924,29.64999962,29.39999962,29.54999924,717435,0,1,26.67125571,yahoo_bootstrap
2022-03-21,29.70000076,29.85000038,29.54999924,29.60000038,730100,0,1,26.71638577,yahoo_bootstrap
2022-03-22,29.75,29.75,29.54999924,29.54999924,1002224,0,1,26.67125571,yahoo_bootstrap
2022-03-23,29.70000076,29.85000038,29.5,29.85000038,1150400,0,1,26.94203091,yahoo_bootstrap
2022-03-24,29.79999924,29.85000038,29.60000038,29.70000076,793510,0,1,26.80664417,yahoo_bootstrap
2022-03-25,29.70000076,29.75,29.54999924,29.60000038,807889,0,1,26.71638577,yahoo_bootstrap
2022-03-28,29.45000076,29.5,29.25,29.5,649548,0,1,26.62612736,yahoo_bootstrap
2022-03-29,29.5,29.64999962,29.25,29.29999924,1559158,0,1,26.44561056,yahoo_bootstrap
2022-03-30,29.35000038,29.5,29.29999924,29.35000038,922037,0,1,26.49074062,yahoo_bootstrap
2022-03-31,29.35000038,29.5,29.35000038,29.35000038,687249,0,1,26.49074062,yahoo_bootstrap
2022-04-01,29.35000038,29.39999962,29.25,29.35000038,561265,0,1,26.49074062,yahoo_bootstrap
2022-04-06,29.35000038,29.39999962,29.10000038,29.35000038,1002331,0,1,26.49074062,yahoo_bootstrap
2022-04-07,29.20000076,29.54999924,29.10000038,29.20000076,980161,0,1,26.35535387,yahoo_bootstrap
2022-04-08,29.35000038,29.5,29.25,29.29999924,1699168,0,1,26.44561056,yahoo_bootstrap
2022-04-11,30,30.45000076,29.75,29.79999924,7154643,0,1,26.89690085,yahoo_bootstrap
2022-04-12,29.60000038,30.79999924,29.54999924,30.70000076,7718482,0,1,27.70922476,yahoo_bootstrap
2022-04-13,30.79999924,31.10000038,30.5,30.85000038,10758076,0,1,27.8446115,yahoo_bootstrap
2022-04-14,31.14999962,33.29999924,31.10000038,32.29999924,30693400,0,1,29.15335233,yahoo_bootstrap
2022-04-15,32.25,34.29999924,32.04999924,33.75,33542214,0,1,30.46209487,yahoo_bootstrap
2022-04-18,34,34.29999924,32.84999847,33.5,20473861,0,1,30.23644972,yahoo_bootstrap
2022-04-19,33.59999847,34,32.95000076,34,15611125,0,1,30.68774001,yahoo_bootstrap
2022-04-20,34.20000076,34.70000076,33.5,33.79999924,15524566,0,1,30.50722321,yahoo_bootstrap
2022-04-21,33.79999924,34,32.70000076,32.79999924,13064379,0,1,29.60464262,yahoo_bootstrap
2022-04-22,32.95000076,34.70000076,32.84999847,34.70000076,21316574,0,1,31.31954711,yahoo_bootstrap
2022-04-25,34.09999847,34.70000076,33.70000076,34.20000076,18140700,0,1,30.86825682,yahoo_bootstrap
2022-04-26,34.40000153,35.29999924,33.15000153,34.20000076,21322571,0,1,30.86825682,yahoo_bootstrap
2022-04-27,33.45000076,33.79999924,32.75,33.25,12559186,0,1,30.01080457,yahoo_bootstrap
2022-04-28,33.04999924,33.65000153,32.75,33.20000076,5726434,0,1,29.96567623,yahoo_bootstrap
2022-04-29,33.45000076,33.54999924,33,33.20000076,6726857,0,1,29.96567623,yahoo_bootstrap
2022-05-03,33.59999847,34.15000153,32.70000076,32.84999847,8439130,0,1,29.64977095,yahoo_bootstrap
2022-05-04,32.84999847,32.95000076,32.15000153,32.25,5663113,0,1,29.10822398,yahoo_bootstrap
2022-05-05,32.70000076,33,32.45000076,32.5,4149719,0,1,29.33386913,yahoo_bootstrap
2022-05-06,32,32.79999924,31.89999962,32.5,4853159,0,1,29.33386913,yahoo_bootstrap
2022-05-09,32.5,33.75,32.40000153,32.54999924,10760590,0,1,29.37899747,yahoo_bootstrap
2022-05-10,32.34999847,33.59999847,31.89999962,33.59999847,9063199,0,1,30.3267064,yahoo_bootstrap
2022-05-11,33.29999924,33.79999924,32.84999847,32.90000153,7027584,0,1,29.69490275,yahoo_bootstrap
2022-05-12,32.79999924,32.79999924,31.14999962,31.14999962,9839567,0,1,28.11538499,yahoo_bootstrap
2022-05-13,31.64999962,31.95000076,31.39999962,31.54999924,4415426,0,1,28.47641688,yahoo_bootstrap
2022-05-16,31.75,32.25,31.29999924,31.95000076,3946072,0,1,28.83745049,yahoo_bootstrap
2022-05-17,31.79999924,32.70000076,31.79999924,32.5,4303433,0,1,29.33386913,yahoo_bootstrap
2022-05-18,32.70000076,33.04999924,32.29999924,32.79999924,4523420,0,1,29.60464262,yahoo_bootstrap
2022-05-19,32.29999924,32.84999847,32.20000076,32.45000076,3873298,0,1,29.28874079,yahoo_bootstrap
2022-05-20,32.70000076,33.84999847,32.70000076,33.29999924,11917730,0,1,30.05593291,yahoo_bootstrap
2022-05-23,33.54999924,34.40000153,33.34999847,33.75,14777276,0,1,30.46209487,yahoo_bootstrap
2022-05-24,34.20000076,34.40000153,33.90000153,34,9762941,0,1,30.68774001,yahoo_bootstrap
2022-05-25,33.79999924,34.79999924,33.79999924,33.84999847,14617039,0,1,30.55235154,yahoo_bootstrap
2022-05-26,34.40000153,34.45000076,33.84999847,33.95000076,6468623,0,1,30.64261167,yahoo_bootstrap
2022-05-27,34.09999847,34.54999924,33.40000153,33.5,8358906,0,1,30.23644972,yahoo_bootstrap
2022-05-30,33.90000153,34.34999847,33.79999924,34.20000076,4024175,0,1,30.86825682,yahoo_bootstrap
2022-05-31,34.20000076,34.59999847,34,34.09999847,5889536,0,1,30.77799669,yahoo_bootstrap
2022-06-01,34.20000076,34.79999924,33.79999924,33.90000153,8116216,0,1,30.59748333,yahoo_bootstrap
2022-06-02,33.79999924,33.90000153,33.15000153,33.40000153,5394055,0,1,30.14619304,yahoo_bootstrap
2022-06-06,33.20000076,33.45000076,32.90000153,32.95000076,3108052,0,1,29.74003108,yahoo_bootstrap
2022-06-07,32.90000153,33.90000153,32.84999847,33.59999847,3723675,0,1,30.3267064,yahoo_bootstrap
2022-06-08,34,34.04999924,33.5,34.04999924,4347899,0,1,30.73286836,yahoo_bootstrap
2022-06-09,34.09999847,34.40000153,33.70000076,33.95000076,3861053,0,1,30.64261167,yahoo_bootstrap
2022-06-10,33.59999847,33.70000076,33.40000153,33.45000076,1725016,0,1,30.19132137,yahoo_bootstrap
2022-06-13,33.09999847,33.70000076,32.75,33.45000076,3956784,0,1,30.19132137,yahoo_bootstrap
2022-06-14,33.59999847,33.84999847,32.95000076,33.45000076,2912349,0,1,30.19132137,yahoo_bootstrap
2022-06-15,33.54999924,34.09999847,33.5,34,6697937,0,1,30.68774001,yahoo_bootstrap
2022-06-16,34.40000153,36.29999924,34,34.75,38102763,0,1,31.36467545,yahoo_bootstrap
2022-06-17,35.09999847,38.20000076,34.04999924,38.20000076,69112780,0,1,34.47857917,yahoo_bootstrap
2022-06-20,38.20000076,39.5,34.40000153,34.40000153,127668511,0,1,31.04877363,yahoo_bootstrap
2022-06-21,34.40000153,34.79999924,33.29999924,34.40000153,45706863,0,1,31.04877363,yahoo_bootstrap
2022-06-22,34.40000153,34.40000153,31.35000038,31.35000038,34287811,0,1,28.2959018,yahoo_bootstrap
2022-06-23,31.5,32.75,31.04999924,31.14999962,21249275,0,1,28.11538499,yahoo_bootstrap
2022-06-24,31,32.09999847,31,31.75,11491132,0,1,28.65693369,yahoo_bootstrap
2022-06-27,31.70000076,32.34999847,31.60000038,31.85000038,8627150,0,1,28.74719209,yahoo_bootstrap
2022-06-28,31.89999962,32.70000076,31.85000038,32.15000153,7232734,0,1,29.0179673,yahoo_bootstrap
2022-06-29,32.40000153,33.25,32,32.20000076,13049618,0,1,29.06309564,yahoo_bootstrap
2022-06-30,32.90000153,33.29999924,31.85000038,32.34999847,15528270,0,1,29.19848066,yahoo_bootstrap
2022-07-01,32.75,34.29999924,32.45000076,32.54999924,35694197,0,1,29.37899747,yahoo_bootstrap
2022-07-04,33.20000076,33.75,31.79999924,33.09999847,25530190,0,1,29.8754161,yahoo_bootstrap
2022-07-05,33.90000153,34.90000153,33.25,34.70000076,27068273,0,1,31.31954711,yahoo_bootstrap
2022-07-06,34.65000153,34.84999847,33.59999847,33.84999847,17143180,0,1,30.55235154,yahoo_bootstrap
2022-07-07,34.20000076,34.34999847,33.25,33.40000153,11711603,0,1,30.14619304,yahoo_bootstrap
2022-07-08,33.95000076,34.70000076,32.59999847,32.75,17200227,0,1,29.55951428,yahoo_bootstrap
2022-07-11,33.20000076,34.65000153,33.20000076,34.34999847,21322210,0,1,31.00364184,yahoo_bootstrap
2022-07-12,34,34.84999847,33.65000153,34.25,16725550,0.35,1,31.2316112,yahoo_bootstrap
2022-07-13,35.15000153,36.45000076,34.65000153,36.04999924,35994814,0,1,32.87297985,yahoo_bootstrap
2022-07-14,36.09999847,36.5,35.40000153,35.84999847,19936913,0,1,32.69060478,yahoo_bootstrap
2022-07-15,35.5,35.54999924,34.20000076,35.09999847,14421048,0,1,32.00670088,yahoo_bootstrap
2022-07-18,35.5,35.75,34.5,35,10413645,0,1,31.91551509,yahoo_bootstrap
2022-07-19,35.09999847,35.65000153,34.65000153,35,6167497,0,1,31.91551509,yahoo_bootstrap
2022-07-20,35.20000076,35.79999924,34.75,35.34999847,9401698,0,1,32.23466885,yahoo_bootstrap
2022-07-21,35.34999847,35.34999847,34.20000076,34.70000076,11938837,0,1,31.64195423,yahoo_bootstrap
2022-07-22,35.09999847,35.65000153,34.29999924,35,12697457,0,1,31.91551509,yahoo_bootstrap
2022-07-25,35.09999847,35.45000076,34.90000153,34.95000076,5770741,0,1,31.86992219,yahoo_bootstrap
2022-07-26,35.15000153,35.40000153,34.84999847,35.20000076,6702429,0,1,32.09789016,yahoo_bootstrap
2022-07-27,35.20000076,36.20000076,35.09999847,35.90000153,12992056,0,1,32.73620116,yahoo_bootstrap
2022-07-28,36.04999924,36.09999847,35.20000076,35.25,8852648,0,1,32.14348306,yahoo_bootstrap
2022-07-29,35.40000153,36.09999847,35.09999847,35.90000153,8477479,0,1,32.73620116,yahoo_bootstrap
2022-08-01,36.45000076,37.65000153,35.84999847,37.34999847,30650208,0,1,34.05841257,yahoo_bootstrap
2022-08-02,37.40000153,38.45000076,37.04999924,38.20000076,49076106,0,1,34.83350574,yahoo_bootstrap
2022-08-03,38.70000076,38.79999924,36,37.09999847,42400042,0,1,33.8304446,yahoo_bootstrap
2022-08-04,37,37.45000076,35.40000153,36,17563931,0,1,32.82738695,yahoo_bootstrap
2022-08-05,36,36.40000153,35.5,35.95000076,15636077,0,1,32.78179405,yahoo_bootstrap
2022-08-08,36.34999847,37.95000076,36.25,37,24446026,0,1,33.73925881,yahoo_bootstrap
2022-08-09,37.09999847,37.5,36.79999924,37.15000153,10859709,0,1,33.87604099,yahoo_bootstrap
2022-08-10,37.20000076,37.40000153,36.65000153,36.75,6541856,0,1,33.51129085,yahoo_bootstrap
2022-08-11,37.20000076,37.40000153,36.79999924,36.79999924,5568685,0,1,33.55688375,yahoo_bootstrap
2022-08-12,37.15000153,37.40000153,37,37,4325076,0,1,33.73925881,yahoo_bootstrap
2022-08-15,37.09999847,37.25,36.5,36.90000153,6749738,0,1,33.64807302,yahoo_bootstrap
2022-08-16,37.15000153,37.15000153,35.59999847,35.59999847,11062987,0,1,32.46263681,yahoo_bootstrap
2022-08-17,35.70000076,35.70000076,34.90000153,35.04999924,9644668,0,1,31.96110799,yahoo_bootstrap
2022-08-18,35.09999847,35.45000076,34.84999847,35.40000153,6331308,0,1,32.28026523,yahoo_bootstrap
2022-08-19,35.40000153,35.65000153,35,35.09999847,5401468,0,1,32.00670088,yahoo_bootstrap
2022-08-22,34.79999924,35.45000076,34.65000153,35.25,3670000,0,1,32.14348306,yahoo_bootstrap
2022-08-23,35.29999924,36,35.09999847,35.90000153,6595350,0,1,32.73620116,yahoo_bootstrap
2022-08-24,36.20000076,36.20000076,35.65000153,35.75,4070900,0,1,32.59941899,yahoo_bootstrap
2022-08-25,36,36.09999847,35.65000153,35.75,2408924,0,1,32.59941899,yahoo_bootstrap
2022-08-26,35.90000153,36.20000076,35.75,35.79999924,2803335,0,1,32.64501189,yahoo_bootstrap
2022-08-29,35.29999924,35.5,35,35,3908611,0,1,31.91551509,yahoo_bootstrap
2022-08-30,35.09999847,35.75,35.04999924,35.15000153,3623960,0,1,32.05229727,yahoo_bootstrap
2022-08-31,35.15000153,35.75,35,35.5,4631974,0,1,32.37145102,yahoo_bootstrap
2022-09-01,35.25,35.75,35.25,35.25,2525481,0,1,32.14348306,yahoo_bootstrap
2022-09-02,35.59999847,35.59999847,35.20000076,35.20000076,2342277,0,1,32.09789016,yahoo_bootstrap
2022-09-05,35.20000076,35.70000076,35.20000076,35.34999847,2507240,0,1,32.23466885,yahoo_bootstrap
2022-09-06,35.54999924,36.20000076,35.29999924,35.59999847,5596653,0,1,32.46263681,yahoo_bootstrap
2022-09-07,35.59999847,36.04999924,35.5,35.75,3835819,0,1,32.59941899,yahoo_bootstrap
2022-09-08,35.90000153,36.09999847,35.65000153,36,3551264,0,1,32.82738695,yahoo_bootstrap
2022-09-12,36.45000076,36.84999847,36.40000153,36.79999924,6101471,0,1,33.55688375,yahoo_bootstrap
2022-09-13,37,37,36.40000153,36.70000076,4174726,0,1,33.46569795,yahoo_bootstrap
2022-09-14,36.15000153,37,35.90000153,36.84999847,3434541,0,1,33.60247664,yahoo_bootstrap
2022-09-15,37,37.90000153,36.54999924,36.54999924,7589822,0,1,33.32891578,yahoo_bootstrap
2022-09-16,36.29999924,36.5,35.75,36.04999924,3238418,0,1,32.87297985,yahoo_bootstrap
2022-09-19,36.04999924,36.25,35.45000076,35.59999847,2587002,0,1,32.46263681,yahoo_bootstrap
2022-09-20,35.90000153,36.15000153,35.59999847,36.09999847,1851596,0,1,32.91857274,yahoo_bootstrap
2022-09-21,36,36.15000153,35.5,35.54999924,1996337,0,1,32.41704392,yahoo_bootstrap
2022-09-22,35.29999924,36.15000153,35.29999924,35.95000076,2867666,0,1,32.78179405,yahoo_bootstrap
2022-09-23,36.15000153,36.5,35.84999847,36.09999847,3530521,0,1,32.91857274,yahoo_bootstrap
2022-09-26,36.34999847,37.15000153,35.29999924,35.54999924,14799830,0,1,32.41704392,yahoo_bootstrap
2022-09-27,35.54999924,35.70000076,34,34.15000153,10273458,0,1,31.14042541,yahoo_bootstrap
2022-09-28,34.20000076,34.95000076,33.70000076,33.70000076,6636371,0,1,30.73008237,yahoo_bootstrap
2022-09-29,34.20000076,34.59999847,33.84999847,34,4641599,0,1,31.00364323,yahoo_bootstrap
2022-09-30,33.70000076,33.84999847,32.90000153,33.79999924,3533315,0,1,30.82126817,yahoo_bootstrap
2022-10-03,33.59999847,34.5,33.54999924,34.15000153,2817275,0,1,31.14042541,yahoo_bootstrap
2022-10-04,34.65000153,34.70000076,34.15000153,34.34999847,2068310,0,1,31.32279699,yahoo_bootstrap
2022-10-05,34.70000076,34.70000076,34.04999924,34.09999847,2129135,0,1,31.09482902,yahoo_bootstrap
2022-10-06,34.20000076,34.20000076,33.84999847,33.95000076,1178197,0,1,30.95805033,yahoo_bootstrap
2022-10-07,33.79999924,34.20000076,33.15000153,33.45000076,4010370,0,1,30.5021144,yahoo_bootstrap
2022-10-11,33.09999847,34.04999924,32.95000076,33.54999924,4805332,0,1,30.5933002,yahoo_bootstrap
2022-10-12,33.45000076,33.65000153,32.65000153,32.90000153,3775384,0,1,30.00058558,yahoo_bootstrap
2022-10-13,32.90000153,32.95000076,30.95000076,31.14999962,8657539,0,1,28.40480809,yahoo_bootstrap
2022-10-14,31.89999962,31.95000076,31.14999962,31.45000076,7004737,0,1,28.67837068,yahoo_bootstrap
2022-10-17,31.5,31.85000038,31.25,31.79999924,3531056,0,1,28.99752445,yahoo_bootstrap
2022-10-18,31.95000076,32,31.25,31.29999924,3361852,0,1,28.54158852,yahoo_bootstrap
2022-10-19,31.39999962,31.60000038,31,31.14999962,4829625,0,1,28.40480809,yahoo_bootstrap
2022-10-20,31.35000038,31.35000038,29.79999924,30.25,9385179,0,1,27.58412376,yahoo_bootstrap
2022-10-21,30.39999962,31.89999962,30.04999924,31.60000038,7714750,0,1,28.81515112,yahoo_bootstrap
2022-10-24,32,32.70000076,31.89999962,32.29999924,7707653,0,1,29.45346038,yahoo_bootstrap
2022-10-25,32.5,32.5,31.25,31.35000038,5799737,0,1,28.58718315,yahoo_bootstrap
2022-10-26,31.39999962,31.39999962,30.89999962,31.04999924,3539222,0,1,28.31362055,yahoo_bootstrap
2022-10-27,31.10000038,31.5,31.10000038,31.20000076,1840010,0,1,28.45040272,yahoo_bootstrap
2022-10-28,31.25,31.70000076,30.60000038,30.60000038,2886370,0,1,27.90327926,yahoo_bootstrap
2022-10-31,30.95000076,31.60000038,30.85000038,31.35000038,1957138,0,1,28.58718315,yahoo_bootstrap
2022-11-01,31.5,31.95000076,31.5,31.79999924,3978303,0,1,28.99752445,yahoo_bootstrap
2022-11-02,32,33.09999847,32,32.45000076,7004500,0,1,29.59024254,yahoo_bootstrap
2022-11-03,32.15000153,33.25,31.95000076,33.09999847,4356456,0,1,30.18295716,yahoo_bootstrap
2022-11-04,33.09999847,33.40000153,32.59999847,32.65000153,4089176,0,1,29.77261762,yahoo_bootstrap
2022-11-07,32.79999924,33.40000153,32.70000076,33.04999924,3732294,0,1,30.13736427,yahoo_bootstrap
2022-11-08,33.09999847,33.15000153,31.5,31.60000038,15216257,0,1,28.81515112,yahoo_bootstrap
2022-11-09,31.75,31.75,30.89999962,31.04999924,11334981,0,1,28.31362055,yahoo_bootstrap
2022-11-10,31,31.29999924,30.85000038,31.10000038,3952643,0,1,28.35921519,yahoo_bootstrap
2022-11-11,31.54999924,31.64999962,30.89999962,30.89999962,5437111,0,1,28.17684012,yahoo_bootstrap
2022-11-14,30.95000076,31.35000038,30.85000038,31.14999962,5455719,0,1,28.40480809,yahoo_bootstrap
2022-11-15,31.25,31.39999962,30.79999924,30.95000076,6943630,0,1,28.22243475,yahoo_bootstrap
2022-11-16,31.20000076,31.79999924,31,31.04999924,12224942,0,1,28.31362055,yahoo_bootstrap
2022-11-17,31.10000038,31.10000038,30.5,30.60000038,12247082,0,1,27.90327926,yahoo_bootstrap
2022-11-18,30.70000076,31.29999924,30.54999924,31.04999924,6997851,0,1,28.31362055,yahoo_bootstrap
2022-11-21,31.29999924,31.29999924,30.89999962,30.89999962,3190100,0,1,28.17684012,yahoo_bootstrap
2022-11-22,31.10000038,32.20000076,31.10000038,31.54999924,20719751,0,1,28.76955648,yahoo_bootstrap
2022-11-23,31.95000076,31.95000076,31.45000076,31.54999924,9406265,0,1,28.76955648,yahoo_bootstrap
2022-11-24,31.64999962,31.79999924,31.20000076,31.39999962,6780890,0,1,28.63277605,yahoo_bootstrap
2022-11-25,31.5,31.79999924,31.35000038,31.39999962,4860676,0,1,28.63277605,yahoo_bootstrap
2022-11-28,31.5,32.25,31.35000038,31.89999962,8481215,0,1,29.08871198,yahoo_bootstrap
2022-11-29,32.09999847,35.04999924,31.95000076,33.90000153,66213709,0,1,30.91245744,yahoo_bootstrap
2022-11-30,33.79999924,33.95000076,32.95000076,33.40000153,30396610,0,1,30.45652151,yahoo_bootstrap
2022-12-01,33.5,33.84999847,33,33.09999847,16523234,0,1,30.18295716,yahoo_bootstrap
2022-12-02,33.79999924,35.40000153,33.25,34.79999924,37405146,0,1,31.73314003,yahoo_bootstrap
2022-12-05,34.95000076,38,34.90000153,36.25,48434884,0,1,33.05535492,yahoo_bootstrap
2022-12-06,36.25,36.95000076,34.70000076,35.59999847,27475184,0,1,32.46263681,yahoo_bootstrap
2022-12-07,36.29999924,37,34.34999847,35.84999847,40357398,0,1,32.69060478,yahoo_bootstrap
2022-12-08,35.29999924,36.09999847,34.90000153,35.20000076,20666691,0,1,32.09789016,yahoo_bootstrap
2022-12-09,35.75,35.84999847,34.65000153,34.84999847,15393243,0,1,31.77873292,yahoo_bootstrap
2022-12-12,34.90000153,35.34999847,34.25,34.84999847,9274600,0,1,31.77873292,yahoo_bootstrap
2022-12-13,35.04999924,35.20000076,34.34999847,34.34999847,8292838,0,1,31.32279699,yahoo_bootstrap
2022-12-14,34.34999847,35.04999924,34.29999924,35,8317891,0,1,31.91551509,yahoo_bootstrap
2022-12-15,35.04999924,36.09999847,34.75,35.95000076,19399423,0,1,32.78179405,yahoo_bootstrap
2022-12-16,35.29999924,35.45000076,34.59999847,34.95000076,11595543,0,1,31.86992219,yahoo_bootstrap
2022-12-19,34.95000076,35,34.40000153,34.40000153,5199259,0,1,31.36839337,yahoo_bootstrap
2022-12-20,34.5,34.70000076,33.29999924,33.29999924,9065060,0,1,30.36533224,yahoo_bootstrap
2022-12-21,33.75,33.79999924,33,33.25,5004095,0,1,30.31973934,yahoo_bootstrap
2022-12-22,33.79999924,33.79999924,33.34999847,33.5,5045159,0,1,30.5477073,yahoo_bootstrap
2022-12-23,33.29999924,35,33.04999924,34.54999924,14447955,0,1,31.50517206,yahoo_bootstrap
2022-12-26,35.29999924,35.75,34.84999847,35.25,17862924,0,1,32.14348306,yahoo_bootstrap
2022-12-27,35.70000076,35.75,34.84999847,35,8672420,0,1,31.91551509,yahoo_bootstrap
2022-12-28,35.40000153,35.70000076,35,35.09999847,7900930,0,1,32.00670088,yahoo_bootstrap
2022-12-29,35.09999847,35.25,34.75,35.09999847,6374087,0,1,32.00670088,yahoo_bootstrap
2022-12-30,35,36.40000153,35,35.75,29990104,0,1,32.59941899,yahoo_bootstrap
2023-01-03,35.75,35.90000153,35.04999924,35.40000153,11085510,0,1,32.28026523,yahoo_bootstrap
2023-01-04,35.25,35.75,34.95000076,35.45000076,8494858,0,1,32.32585812,yahoo_bootstrap
2023-01-05,35.59999847,35.84999847,35.09999847,35.25,7999263,0,1,32.14348306,yahoo_bootstrap
2023-01-06,35.25,35.54999924,35.20000076,35.25,4283342,0,1,32.14348306,yahoo_bootstrap
2023-01-09,35.25,35.40000153,34.84999847,34.95000076,6144943,0,1,31.86992219,yahoo_bootstrap
2023-01-10,35.04999924,35.25,34.79999924,34.79999924,4200358,0,1,31.73314003,yahoo_bootstrap
2023-01-11,34.84999847,35.59999847,34.84999847,35.04999924,6076678,0,1,31.96110799,yahoo_bootstrap
2023-01-12,35.25,35.29999924,34.79999924,34.84999847,3459395,0,1,31.77873292,yahoo_bootstrap
2023-01-13,35,35.09999847,34.70000076,34.70000076,3446856,0,1,31.64195423,yahoo_bootstrap
2023-01-16,34.90000153,34.90000153,34.15000153,34.40000153,3965451,0,1,31.36839337,yahoo_bootstrap
2023-01-17,34.5,34.5,34.15000153,34.15000153,4136977,0,1,31.14042541,yahoo_bootstrap
2023-01-30,34.5,34.65000153,34,34.09999847,6845733,0,1,31.09482902,yahoo_bootstrap
2023-01-31,34.20000076,34.75,34.15000153,34.59999847,4691438,0,1,31.55076495,yahoo_bootstrap
2023-02-01,34.70000076,35.15000153,34.34999847,34.54999924,8545280,0,1,31.50517206,yahoo_bootstrap
2023-02-02,34.75,34.95000076,34.29999924,34.45000076,10689398,0,1,31.41398626,yahoo_bootstrap
2023-02-03,34.54999924,35.29999924,34.45000076,34.95000076,9663910,0,1,31.86992219,yahoo_bootstrap
2023-02-06,35.04999924,35.70000076,34.95000076,35.5,9919819,0,1,32.37145102,yahoo_bootstrap
2023-02-07,35.59999847,35.70000076,35.25,35.45000076,4736144,0,1,32.32585812,yahoo_bootstrap
2023-02-08,35.79999924,36.09999847,35.5,35.90000153,10696087,0,1,32.73620116,yahoo_bootstrap
2023-02-09,36.15000153,38,36.09999847,37.34999847,45183223,0,1,34.05841257,yahoo_bootstrap
2023-02-10,37.75,40.34999847,37.59999847,37.95000076,106312417,0,1,34.60553777,yahoo_bootstrap
2023-02-13,38.25,38.59999847,36.84999847,37.65000153,34535389,0,1,34.33197692,yahoo_bootstrap
2023-02-14,37.15000153,37.59999847,37,37.59999847,14845954,0,1,34.28638053,yahoo_bootstrap
2023-02-15,37.59999847,37.84999847,37.20000076,37.29999924,11717338,0,1,34.01281968,yahoo_bootstrap
2023-02-16,37.45000076,38.29999924,37.25,38,13279332,0,1,34.65113067,yahoo_bootstrap
2023-02-17,37.95000076,39.29999924,37.84999847,38.5,28104262,0,1,35.1070666,yahoo_bootstrap
2023-02-20,38.90000153,39.34999847,38.59999847,38.79999924,18650788,0,1,35.38062747,yahoo_bootstrap
2023-02-21,39,39.90000153,38.45000076,38.79999924,30195278,0,1,35.38062747,yahoo_bootstrap
2023-02-22,38.59999847,39.40000153,38.25,39.20000076,16663211,0,1,35.7453776,yahoo_bootstrap
2023-02-23,39.29999924,39.34999847,38.79999924,39.20000076,12836470,0,1,35.7453776,yahoo_bootstrap
2023-02-24,39.20000076,39.20000076,38.25,38.5,13273876,0,1,35.1070666,yahoo_bootstrap
2023-03-01,38.20000076,38.45000076,37.70000076,38,12017252,0,1,34.65113067,yahoo_bootstrap
2023-03-02,38.09999847,38.29999924,37.45000076,37.84999847,10105748,0,1,34.5143485,yahoo_bootstrap
2023-03-03,38.09999847,38.95000076,37.90000153,38.40000153,11468272,0,1,35.01588081,yahoo_bootstrap
2023-03-06,39,39.20000076,38.54999924,38.65000153,12072651,0,1,35.24384878,yahoo_bootstrap
2023-03-07,38.70000076,39.5,38.65000153,39.40000153,14037265,0,1,35.92775267,yahoo_bootstrap
2023-03-08,40.29999924,42.29999924,40.29999924,41,69282057,0,1,37.38674625,yahoo_bootstrap
2023-03-09,41.20000076,42.70000076,40.45000076,42.04999924,45216616,0,1,38.34421101,yahoo_bootstrap
2023-03-10,41.75,41.95000076,40.29999924,40.90000153,21419038,0,1,37.29556046,yahoo_bootstrap
2023-03-13,40,40.09999847,38.15000153,38.95000076,31707384,0,1,35.51740963,yahoo_bootstrap
2023-03-14,39.04999924,40.75,38.84999847,39.84999847,27582587,0,1,36.33809222,yahoo_bootstrap
2023-03-15,40.40000153,41.45000076,40.29999924,41,23434549,0,1,37.38674625,yahoo_bootstrap
2023-03-16,40.79999924,40.90000153,39.59999847,40.20000076,17638918,0,1,36.65724946,yahoo_bootstrap
2023-03-17,40.75,40.95000076,40.09999847,40.25,12067330,0,1,36.70284236,yahoo_bootstrap
2023-03-20,40.5,41.34999847,40.40000153,41,13455062,0,1,37.38674625,yahoo_bootstrap
2023-03-21,41.29999924,41.75,40.75,41,12964148,0,1,37.38674625,yahoo_bootstrap
2023-03-22,41.34999847,41.34999847,40.65000153,40.84999847,11128668,0,1,37.24996408,yahoo_bootstrap
2023-03-23,41.15000153,42.15000153,41.04999924,41.75,22187998,0,1,38.07065015,yahoo_bootstrap
2023-03-24,42.20000076,42.5,41.65000153,42.45000076,22985001,0,1,38.70896114,yahoo_bootstrap
2023-03-27,42.90000153,44.84999847,42.84999847,43.20000076,50851339,0,1,39.39286504,yahoo_bootstrap
2023-03-28,43.20000076,43.34999847,41,41.20000076,34887410,0,1,37.56912132,yahoo_bootstrap
2023-03-29,41.54999924,41.79999924,41.29999924,41.54999924,9597381,0,1,37.88827508,yahoo_bootstrap
2023-03-30,41.90000153,42,41.04999924,41.84999847,10537637,0,1,38.16183594,yahoo_bootstrap
2023-03-31,42.04999924,42.15000153,41.54999924,41.65000153,6648006,0,1,37.97946435,yahoo_bootstrap
2023-04-06,42.09999847,42.5,41.84999847,42,11588784,0,1,38.29861811,yahoo_bootstrap
2023-04-07,42.15000153,42.70000076,41.95000076,42.40000153,12251025,0,1,38.66336825,yahoo_bootstrap
2023-04-10,43.79999924,44.34999847,43.15000153,44.29999924,37520470,0,1,40.3959227,yahoo_bootstrap
2023-04-11,44.79999924,45.29999924,43.59999847,43.79999924,42307806,0,1,39.93998677,yahoo_bootstrap
2023-04-12,47,48.15000153,46.15000153,48.15000153,96116589,0,1,43.90663144,yahoo_bootstrap
2023-04-13,49.90000153,52.90000153,49.5,52.90000153,97477047,0,1,48.23802278,yahoo_bootstrap
2023-04-14,54.79999924,56.59999847,53,54.20000076,168378289,0,1,49.42345549,yahoo_bootstrap
2023-04-17,54,59.5,53.40000153,58,149797186,0,1,52.88856787,yahoo_bootstrap
2023-04-18,57.90000153,58.79999924,54.70000076,55.90000153,123813341,0,1,50.97363836,yahoo_bootstrap
2023-04-19,56.70000076,57.20000076,55.5,56.59999847,50919876,0,1,51.61194587,yahoo_bootstrap
2023-04-20,56.09999847,56.59999847,53.79999924,54.40000153,52519268,0,1,49.60583057,yahoo_bootstrap
2023-04-21,54.29999924,55.29999924,52.59999847,54.70000076,63266241,0,1,49.87939142,yahoo_bootstrap
2023-04-24,54.40000153,57.5,53.90000153,57.5,72913127,0,1,52.43263194,yahoo_bootstrap
2023-04-25,56.40000153,59.20000076,54.70000076,56.40000153,139782742,0,1,51.42957429,yahoo_bootstrap
2023-04-26,56.20000076,56.79999924,54.70000076,55.90000153,62231807,0,1,50.97363836,yahoo_bootstrap
2023-04-27,55.90000153,58.5,55.79999924,57.5,110004544,0,1,52.43263194,yahoo_bootstrap
2023-04-28,58.29999924,59.70000076,57.70000076,58,105106929,0,1,52.88856787,yahoo_bootstrap
2023-05-02,59,59.5,57.29999924,57.40000153,55260166,0,1,52.34144615,yahoo_bootstrap
2023-05-03,58.5,60,57.59999847,58.70000076,78709234,0,1,53.52687886,yahoo_bootstrap
2023-05-04,59.40000153,59.40000153,57.5,57.59999847,44709014,0,1,52.52381773,yahoo_bootstrap
2023-05-05,57.59999847,58.20000076,55.29999924,56.40000153,49873845,0,1,51.42957429,yahoo_bootstrap
2023-05-08,57.5,57.70000076,56.5,56.59999847,27342409,0,1,51.61194587,yahoo_bootstrap
2023-05-09,56.59999847,56.90000153,54.09999847,54.5,42239938,0,1,49.69701636,yahoo_bootstrap
2023-05-10,55,56.40000153,54.29999924,55.29999924,31074310,0,1,50.42651315,yahoo_bootstrap
2023-05-11,55.29999924,56,53.09999847,54,41813457,0,1,49.24108043,yahoo_bootstrap
2023-05-12,53.70000076,54.70000076,52.59999847,54.40000153,24104679,0,1,49.60583057,yahoo_bootstrap
2023-05-15,54.09999847,54.40000153,53.09999847,53.70000076,15348136,0,1,48.96751956,yahoo_bootstrap
2023-05-16,53.70000076,54.29999924,53.40000153,53.70000076,13733197,0,1,48.96751956,yahoo_bootstrap
2023-05-17,53.90000153,56.20000076,53.40000153,55,39521678,0,1,50.15295229,yahoo_bootstrap
2023-05-18,55.70000076,55.79999924,54.40000153,54.5,25660264,0,1,49.69701636,yahoo_bootstrap
2023-05-19,54.5,55.70000076,53.90000153,54.20000076,28942361,0,1,49.42345549,yahoo_bootstrap
2023-05-22,55.09999847,57.29999924,54.90000153,56.90000153,46728525,0,1,51.88551022,yahoo_bootstrap
2023-05-23,57,57.59999847,56.09999847,56.70000076,37037648,0,1,51.70313514,yahoo_bootstrap
2023-05-24,57.09999847,58.5,56.70000076,56.70000076,40075831,0,1,51.70313514,yahoo_bootstrap
2023-05-25,57.20000076,57.29999924,55.5,56,18850637,0,1,51.06482415,yahoo_bootstrap
2023-05-26,55.79999924,56,54.5,54.79999924,20148432,0,1,49.97057722,yahoo_bootstrap
2023-05-29,55.29999924,56.79999924,54.70000076,55.79999924,20555598,0,1,50.88244908,yahoo_bootstrap
2023-05-30,56.20000076,56.59999847,54.59999847,54.79999924,18950664,0,1,49.97057722,yahoo_bootstrap
2023-05-31,55.09999847,55.5,54.70000076,55.40000153,9155771,0,1,50.51770243,yahoo_bootstrap
2023-06-01,55.70000076,55.70000076,54.70000076,55.29999924,8959301,0,1,50.42651315,yahoo_bootstrap
2023-06-02,55.90000153,56.79999924,55.70000076,56.29999924,20763167,0,1,51.33838501,yahoo_bootstrap
2023-06-05,57.29999924,58.09999847,56.79999924,57.29999924,33808219,0,1,52.25025687,yahoo_bootstrap
2023-06-06,58,58.20000076,56.29999924,56.40000153,21104190,0,1,51.42957429,yahoo_bootstrap
2023-06-07,57.29999924,58,56.79999924,57.5,29126557,0,1,52.43263194,yahoo_bootstrap
2023-06-08,58.29999924,58.29999924,56.59999847,57.70000076,36454427,0,1,52.615007,yahoo_bootstrap
2023-06-09,58.5,58.5,57.29999924,57.5,18790920,0,1,52.43263194,yahoo_bootstrap
2023-06-12,57.90000153,58.09999847,56.09999847,56.5,17384709,0,1,51.52076008,yahoo_bootstrap
2023-06-13,56.70000076,57.40000153,56.29999924,56.59999847,10783806,0,1,51.61194587,yahoo_bootstrap
2023-06-14,56.70000076,57.09999847,56,56,12096951,0,1,51.06482415,yahoo_bootstrap
2023-06-15,56.09999847,57.5,54.70000076,57.29999924,26819634,0,1,52.25025687,yahoo_bootstrap
2023-06-16,57.79999924,58.29999924,57.20000076,58.09999847,31220718,0,1,52.97975366,yahoo_bootstrap
2023-06-19,59.20000076,63.90000153,58.90000153,63.90000153,71289333,0,1,58.26861323,yahoo_bootstrap
2023-06-20,65.30000305,66,63.40000153,65,130763288,0,1,59.27167089,yahoo_bootstrap
2023-06-21,67,67.30000305,63.40000153,63.40000153,86632870,0,1,57.81267731,yahoo_bootstrap
2023-06-26,63.59999847,63.90000153,60.5,60.70000076,36642814,0,1,55.35062258,yahoo_bootstrap
2023-06-27,60.70000076,61.5,58.90000153,59.29999924,25445514,0,1,54.07400059,yahoo_bootstrap
2023-06-28,60.20000076,61.90000153,59.5,60.70000076,29797970,0,1,55.35062258,yahoo_bootstrap
2023-06-29,61,61.70000076,60.29999924,60.5,18237787,0,1,55.16824752,yahoo_bootstrap
2023-06-30,60.70000076,60.90000153,59.59999847,60,10966657,0,1,54.71231159,yahoo_bootstrap
2023-07-03,60.5,61.5,59.29999924,61.40000153,19045022,0,1,55.98893359,yahoo_bootstrap
2023-07-04,61.79999924,62,60.70000076,61.29999924,15351686,0,1,55.89774431,yahoo_bootstrap
2023-07-05,61.59999847,63.40000153,61.40000153,61.90000153,29593630,0,1,56.44486952,yahoo_bootstrap
2023-07-06,62.40000153,62.40000153,60.09999847,60.20000076,20927078,0,1,54.89468665,yahoo_bootstrap
2023-07-07,60,60.09999847,58.29999924,59.40000153,14102435,0,1,54.16518987,yahoo_bootstrap
2023-07-10,59.59999847,59.70000076,58.29999924,58.29999924,15194024,0,1,53.16212873,yahoo_bootstrap
2023-07-11,57.90000153,58.5,57.5,57.70000076,10030347,1.08,1,53.60808999,yahoo_bootstrap
2023-07-12,58.09999847,58.29999924,57.20000076,57.20000076,8706644,0,1,53.14354848,yahoo_bootstrap
2023-07-13,57.29999924,57.70000076,56,56.09999847,15384512,0,1,52.12155505,yahoo_bootstrap
2023-07-14,56.40000153,57.20000076,55.59999847,55.70000076,13596434,0,1,51.74992398,yahoo_bootstrap
2023-07-17,55.59999847,55.59999847,54.09999847,54.79999924,16780518,0,1,50.91374786,yahoo_bootstrap
2023-07-18,54.79999924,54.90000153,53.29999924,53.5,19504801,0,1,49.70594067,yahoo_bootstrap
2023-07-19,53.59999847,55.20000076,53.5,53.70000076,12161649,0,1,49.89175797,yahoo_bootstrap
2023-07-20,53.90000153,56.59999847,53.5,55.70000076,21383249,0,1,51.74992398,yahoo_bootstrap
2023-07-21,55.29999924,56.5,54.40000153,54.40000153,16890169,0,1,50.54211679,yahoo_bootstrap
2023-07-24,55,55,53.09999847,53.5,10462757,0,1,49.70594067,yahoo_bootstrap
2023-07-25,53.29999924,54.20000076,52.70000076,54,11042864,0,1,50.17048217,yahoo_bootstrap
2023-07-26,54.29999924,54.59999847,53.40000153,53.40000153,7888415,0,1,49.61303379,yahoo_bootstrap
2023-07-27,54,54.90000153,53.79999924,54.5,7625231,0,1,50.63502367,yahoo_bootstrap
2023-07-28,54.5,54.59999847,53.40000153,53.79999924,7628217,0,1,49.98466486,yahoo_bootstrap
2023-07-31,54.40000153,56.40000153,54.29999924,55.5,19709681,0,1,51.56410667,yahoo_bootstrap
2023-08-01,55.79999924,56.79999924,54.79999924,54.79999924,12679956,0,1,50.91374786,yahoo_bootstrap
2023-08-02,55.09999847,56.09999847,54.79999924,55.20000076,13196615,0,1,51.28538248,yahoo_bootstrap
2023-08-04,55.5,56.5,55.29999924,56.09999847,11952875,0,1,52.12155505,yahoo_bootstrap
2023-08-07,56.20000076,57.20000076,55.20000076,57.20000076,11491528,0,1,53.14354848,yahoo_bootstrap
2023-08-08,58,59.20000076,56.59999847,57.79999924,33354309,0,1,53.70099687,yahoo_bootstrap
2023-08-09,57.70000076,58.90000153,57.40000153,58.29999924,16564033,0,1,54.16553838,yahoo_bootstrap
2023-08-10,58.20000076,58.90000153,57.40000153,58,15366381,0,1,53.88681418,yahoo_bootstrap
2023-08-11,58.09999847,58.40000153,56.09999847,56.79999924,16750592,0,1,52.77191387,yahoo_bootstrap
2023-08-14,56.20000076,56.70000076,53.90000153,54,13869116,0,1,50.17048217,yahoo_bootstrap
2023-08-15,54.40000153,54.59999847,53.40000153,53.90000153,9231624,0,1,50.07757529,yahoo_bootstrap
2023-08-16,54,54.29999924,53,53.79999924,6174779,0,1,49.98466486,yahoo_bootstrap
2023-08-17,53.79999924,55.70000076,53.29999924,55.09999847,9151595,0,1,51.19247205,yahoo_bootstrap
2023-08-18,54.70000076,55.70000076,54.29999924,54.70000076,6645629,0,1,50.82084098,yahoo_bootstrap
2023-08-21,54.79999924,55.79999924,54.79999924,55.5,5253717,0,1,51.56410667,yahoo_bootstrap
2023-08-22,55.59999847,55.79999924,54.09999847,55.5,11741764,0,1,51.56410667,yahoo_bootstrap
2023-08-23,60,61,57.70000076,59,99740148,0,1,54.81589718,yahoo_bootstrap
2023-08-24,59.20000076,62.40000153,59,61.40000153,79233464,0,1,57.04569781,yahoo_bootstrap
2023-08-25,62,62.90000153,60,60.29999924,59747024,0,1,56.02370438,yahoo_bootstrap
2023-08-28,61.59999847,63.29999924,61,61,69967968,0,1,56.67406319,yahoo_bootstrap
2023-08-29,61,61.5,58.59999847,61.5,43438532,0,1,57.13860469,yahoo_bootstrap
2023-08-30,61.29999924,61.79999924,60.59999847,61.59999847,19865314,0,1,57.23151157,yahoo_bootstrap
2023-08-31,61.79999924,63,61.5,62,33982959,0,1,57.60314619,yahoo_bootstrap
2023-09-01,62.09999847,63.20000076,61.59999847,62.40000153,29348156,0,1,57.97478082,yahoo_bootstrap
2023-09-04,62.90000153,63.09999847,61.29999924,61.29999924,24038253,0,1,56.95278738,yahoo_bootstrap
2023-09-05,61.20000076,61.40000153,59.5,59.5,22383585,0,1,55.28043869,yahoo_bootstrap
2023-09-06,59.79999924,60.70000076,59.5,60.29999924,9564841,0,1,56.02370438,yahoo_bootstrap
2023-09-07,60.09999847,61,60.09999847,60.40000153,8016420,0,1,56.11661481,yahoo_bootstrap
2023-09-08,60.70000076,61.90000153,59.70000076,61.90000153,23886681,0,1,57.51023931,yahoo_bootstrap
2023-09-11,62.59999847,63.79999924,60.79999924,60.79999924,47828393,0,1,56.48824588,yahoo_bootstrap
2023-09-12,61.79999924,61.90000153,60.29999924,60.5,18282526,0,1,56.20952169,yahoo_bootstrap
2023-09-13,60.5,60.79999924,59.79999924,59.90000153,11646002,0,1,55.65207331,yahoo_bootstrap
2023-09-14,60.20000076,60.59999847,59.09999847,59.20000076,16023795,0,1,55.00171449,yahoo_bootstrap
2023-09-15,59.29999924,59.70000076,58,58,19949309,0,1,53.88681418,yahoo_bootstrap
2023-09-18,58.09999847,59.79999924,57.59999847,57.59999847,13751625,0,1,53.51517956,yahoo_bootstrap
2023-09-19,57.90000153,58,56.09999847,56.20000076,13676964,0,1,52.21446548,yahoo_bootstrap
2023-09-20,56.29999924,56.70000076,55.70000076,56,10084486,0,1,52.02864817,yahoo_bootstrap
2023-09-21,56.09999847,56.20000076,54.40000153,55.5,10584072,0,1,51.56410667,yahoo_bootstrap
2023-09-22,54.70000076,56.5,54.70000076,55.70000076,9433702,0,1,51.74992398,yahoo_bootstrap
2023-09-25,56,57.29999924,56,56.70000076,9756545,0,1,52.67900698,yahoo_bootstrap
2023-09-26,56.5,56.5,54.5,54.59999847,16498065,0,1,50.72793055,yahoo_bootstrap
2023-09-27,54.40000153,54.79999924,53.90000153,54.40000153,10650632,0,1,50.54211679,yahoo_bootstrap
2023-09-28,54.79999924,55.20000076,54.40000153,54.90000153,5323070,0,1,51.00665829,yahoo_bootstrap
2023-10-02,55.40000153,55.70000076,54.79999924,55,9612166,0,1,51.09956517,yahoo_bootstrap
2023-10-03,55.29999924,55.29999924,54.20000076,54.20000076,6511439,0,1,50.35629947,yahoo_bootstrap
2023-10-04,53.79999924,53.79999924,53.09999847,53.29999924,6956644,0,1,49.52012336,yahoo_bootstrap
2023-10-05,53.5,54,53.20000076,53.59999847,7238088,0,1,49.79884755,yahoo_bootstrap
2023-10-06,53.70000076,54,53.20000076,53.79999924,4216507,0,1,49.98466486,yahoo_bootstrap
2023-10-11,56.20000076,57,53.90000153,53.90000153,22666258,0,1,50.07757529,yahoo_bootstrap
2023-10-12,54.40000153,54.5,53.59999847,54.29999924,5630950,0,1,50.44920636,yahoo_bootstrap
2023-10-13,54.29999924,54.79999924,53.90000153,54.70000076,4618000,0,1,50.82084098,yahoo_bootstrap
2023-10-16,55,55.20000076,53.59999847,53.70000076,7539830,0,1,49.89175797,yahoo_bootstrap
2023-10-17,53.79999924,54.09999847,51.5,51.59999847,14153854,0,1,47.94068154,yahoo_bootstrap
2023-10-18,51.79999924,51.79999924,49.20000076,49.29999924,18970418,0,1,45.80379135,yahoo_bootstrap
2023-10-19,49.54999924,49.95000076,49,49.79999924,7778475,0,1,46.26833285,yahoo_bootstrap
2023-10-20,49.75,49.75,48.09999847,48.45000076,8166020,0,1,45.01407221,yahoo_bootstrap
2023-10-23,48.20000076,48.79999924,47.70000076,48.40000153,5600295,0,1,44.96761877,yahoo_bootstrap
2023-10-24,48.40000153,50.29999924,48.25,50.09999847,8920240,0,1,46.54705703,yahoo_bootstrap
2023-10-25,50.40000153,51.09999847,50,50.5,7208517,0,1,46.91869166,yahoo_bootstrap
2023-10-26,49.90000153,51.40000153,49.25,50,8472030,0,1,46.45415016,yahoo_bootstrap
2023-10-27,50.5,50.5,49.75,50.09999847,3502322,0,1,46.54705703,yahoo_bootstrap
2023-10-30,50.09999847,50.20000076,49.5,49.59999847,2910888,0,1,46.08251553,yahoo_bootstrap
2023-10-31,49.90000153,50.5,48.5,48.54999924,5191823,0,1,45.1069791,yahoo_bootstrap
2023-11-01,48.70000076,49.09999847,48.20000076,48.70000076,3603254,0,1,45.24634296,yahoo_bootstrap
2023-11-02,49.20000076,50.29999924,49.20000076,50.09999847,5973513,0,1,46.54705703,yahoo_bootstrap
2023-11-03,50.70000076,52.09999847,50.5,51.79999924,11378312,0,1,48.12649886,yahoo_bootstrap
2023-11-06,52.79999924,52.79999924,51.5,51.59999847,5941575,0,1,47.94068154,yahoo_bootstrap
2023-11-07,51.59999847,51.70000076,49.29999924,49.34999847,19473405,0,1,45.85024478,yahoo_bootstrap
2023-11-08,49.34999847,51.29999924,49,49.5,12144528,0,1,45.98960865,yahoo_bootstrap
2023-11-09,49.84999847,50,49.09999847,49.09999847,5954962,0,1,45.61797403,yahoo_bootstrap
2023-11-10,49.04999924,49.25,48.54999924,48.54999924,5887824,0,1,45.1069791,yahoo_bootstrap
2023-11-13,48.65000153,49.65000153,48.5,49.15000153,5555160,0,1,45.66443102,yahoo_bootstrap
2023-11-14,49.5,51,49.09999847,49.25,11179296,0,1,45.7573379,yahoo_bootstrap
2023-11-15,49.59999847,49.95000076,49.25,49.25,6565726,0,1,45.7573379,yahoo_bootstrap
2023-11-16,49.54999924,50.59999847,49.5,50.40000153,9666576,0,1,46.82578478,yahoo_bootstrap
2023-11-17,50.70000076,50.70000076,49.95000076,50.40000153,5033009,0,1,46.82578478,yahoo_bootstrap
2023-11-20,50.5,51.29999924,50.5,51.20000076,6482367,0,1,47.56905047,yahoo_bootstrap
2023-11-21,51.5,51.59999847,50.40000153,50.59999847,7540112,0,1,47.01159854,yahoo_bootstrap
2023-11-22,50.5,51.29999924,50.5,50.70000076,4558382,0,1,47.10450896,yahoo_bootstrap
2023-11-23,50.90000153,51.09999847,50.29999924,50.29999924,4041707,0,1,46.73287435,yahoo_bootstrap
2023-11-24,51,53.90000153,50.90000153,52.59999847,36911192,0,1,48.86976454,yahoo_bootstrap
2023-11-27,53.20000076,53.59999847,51.29999924,51.59999847,18134552,0,1,47.94068154,yahoo_bootstrap
2023-11-28,51.70000076,52.59999847,51.29999924,52.29999924,6232519,0,1,48.59104036,yahoo_bootstrap
2023-11-29,52.40000153,52.79999924,51.79999924,51.90000153,3951460,0,1,48.21940928,yahoo_bootstrap
2023-11-30,51.90000153,52.20000076,51.29999924,51.79999924,4501082,0,1,48.12649886,yahoo_bootstrap
2023-12-01,51.79999924,52.70000076,51.70000076,52.29999924,6403098,0,1,48.59104036,yahoo_bootstrap
2023-12-04,52.40000153,53.79999924,52.09999847,53.09999847,8134489,0,1,49.33430604,yahoo_bootstrap
2023-12-05,53.20000076,53.20000076,52.29999924,52.40000153,4262283,0,1,48.68395078,yahoo_bootstrap
2023-12-06,52.59999847,52.90000153,52,52,3615731,0,1,48.31231616,yahoo_bootstrap
2023-12-07,52.20000076,53.5,52.20000076,52.20000076,7493165,0,1,48.49813347,yahoo_bootstrap
2023-12-08,52.29999924,52.70000076,51.5,51.5,6733526,0,1,47.84777466,yahoo_bootstrap
2023-12-11,51.79999924,52.09999847,51.29999924,51.5,2715636,0,1,47.84777466,yahoo_bootstrap
2023-12-12,51.79999924,53.20000076,51.79999924,52.70000076,10130061,0,1,48.96267497,yahoo_bootstrap
2023-12-13,54,54.40000153,51.79999924,51.90000153,21420359,0,1,48.21940928,yahoo_bootstrap
2023-12-14,52.5,52.59999847,52,52,4479858,0,1,48.31231616,yahoo_bootstrap
2023-12-15,52.29999924,52.90000153,51.90000153,52.5,6284415,0,1,48.77685766,yahoo_bootstrap
2023-12-18,52.79999924,53,52.5,52.79999924,4371518,0,1,49.05558186,yahoo_bootstrap
2023-12-19,53.09999847,53.09999847,51.40000153,52,6131402,0,1,48.31231616,yahoo_bootstrap
2023-12-20,52.29999924,53,52,52.70000076,5602704,0,1,48.96267497,yahoo_bootstrap
2023-12-21,52.5,53.70000076,52.09999847,52.09999847,16146380,0,1,48.40522304,yahoo_bootstrap
2023-12-22,52.5,52.79999924,52,52.29999924,5278227,0,1,48.59104036,yahoo_bootstrap
2023-12-25,52.70000076,53.70000076,52.40000153,53.29999924,13132741,0,1,49.52012336,yahoo_bootstrap
2023-12-26,53.59999847,53.70000076,52.90000153,53,6391001,0,1,49.24139916,yahoo_bootstrap
2023-12-27,53.20000076,53.29999924,52.59999847,52.79999924,5577800,0,1,49.05558186,yahoo_bootstrap
2023-12-28,52.90000153,53.40000153,52.79999924,53.09999847,5211157,0,1,49.33430604,yahoo_bootstrap
2023-12-29,53.40000153,53.79999924,53.20000076,53.59999847,8567362,0,1,49.79884755,yahoo_bootstrap
2024-01-02,53.90000153,53.90000153,53.20000076,53.59999847,5486409,0,1,49.79884755,yahoo_bootstrap
2024-01-03,53.70000076,53.70000076,52.70000076,52.70000076,6455673,0,1,48.96267497,yahoo_bootstrap
2024-01-04,52.90000153,53.40000153,52.70000076,52.70000076,4956482,0,1,48.96267497,yahoo_bootstrap
2024-01-05,52.79999924,54.40000153,52.5,54.20000076,13579541,0,1,50.35629947,yahoo_bootstrap
2024-01-08,54.5,55.20000076,53.40000153,53.70000076,18101612,0,1,49.89175797,yahoo_bootstrap
2024-01-09,53.59999847,53.59999847,51.5,51.5,19707908,0,1,47.84777466,yahoo_bootstrap
2024-01-10,51.90000153,53.59999847,51.29999924,51.59999847,23328421,0,1,47.94068154,yahoo_bootstrap
2024-01-11,52,52.20000076,50.20000076,52,15354515,0,1,48.31231616,yahoo_bootstrap
2024-01-12,52.5,53.40000153,52.20000076,53,16344080,0,1,49.24139916,yahoo_bootstrap
2024-01-15,54.20000076,55,52.09999847,52.09999847,29306428,0,1,48.40522304,yahoo_bootstrap
2024-01-16,52,52,51.20000076,51.29999924,7627819,0,1,47.66195735,yahoo_bootstrap
2024-01-17,51.5,51.5,50.20000076,50.20000076,7267101,0,1,46.63996746,yahoo_bootstrap
2024-01-18,50.5,50.59999847,49.5,49.79999924,6245641,0,1,46.26833285,yahoo_bootstrap
2024-01-19,50.20000076,50.40000153,49.90000153,49.95000076,3694728,0,1,46.40769671,yahoo_bootstrap
2024-01-22,50.20000076,50.29999924,49.90000153,49.90000153,3632395,0,1,46.36124328,yahoo_bootstrap
2024-01-23,50,50.5,50,50.20000076,2249513,0,1,46.63996746,yahoo_bootstrap
2024-01-24,50.20000076,51,49.95000076,50.5,3612361,0,1,46.91869166,yahoo_bootstrap
2024-01-25,50.59999847,50.70000076,50.09999847,50.09999847,2536873,0,1,46.54705703,yahoo_bootstrap
2024-01-26,50.09999847,50.20000076,49.90000153,49.90000153,2778735,0,1,46.36124328,yahoo_bootstrap
2024-01-29,50,50.40000153,49.95000076,50.20000076,2589717,0,1,46.63996746,yahoo_bootstrap
2024-01-30,50.40000153,50.40000153,49.79999924,49.79999924,2853321,0,1,46.26833285,yahoo_bootstrap
2024-01-31,49.90000153,49.90000153,48.79999924,49.20000076,7162819,0,1,45.71088446,yahoo_bootstrap
2024-02-01,49.09999847,49.45000076,48.70000076,48.84999847,5436228,0,1,45.38570328,yahoo_bootstrap
2024-02-02,49,49.09999847,48.09999847,48.25,7845511,0,1,44.8282549,yahoo_bootstrap
2024-02-05,48.34999847,48.34999847,47.75,48.09999847,5515445,0,1,44.68889103,yahoo_bootstrap
2024-02-15,48.59999847,49.45000076,48.40000153,49.20000076,4907090,0,1,45.71088446,yahoo_bootstrap
2024-02-16,49.45000076,49.45000076,49.04999924,49.29999924,3459445,0,1,45.80379135,yahoo_bootstrap
2024-02-19,49.5,49.70000076,49.29999924,49.45000076,3464060,0,1,45.94315521,yahoo_bootstrap
2024-02-20,49.5,49.5,49,49.04999924,3756333,0,1,45.5715206,yahoo_bootstrap
2024-02-21,49.09999847,49.40000153,49,49.09999847,2886563,0,1,45.61797403,yahoo_bootstrap
2024-02-22,49.15000153,49.34999847,48.84999847,49.25,3824286,0,1,45.7573379,yahoo_bootstrap
2024-02-23,49.25,49.34999847,48.40000153,48.40000153,7290689,0,1,44.96761877,yahoo_bootstrap
2024-02-26,48.54999924,49.90000153,48.54999924,49.75,7041081,0,1,46.2218794,yahoo_bootstrap
2024-02-27,50,50,48.75,48.90000153,5316150,0,1,45.43216027,yahoo_bootstrap
2024-02-29,49.09999847,49.90000153,49,49.65000153,4520124,0,1,46.12897253,yahoo_bootstrap
2024-03-01,49.65000153,49.79999924,49.34999847,49.59999847,3178174,0,1,46.08251553,yahoo_bootstrap
2024-03-04,49.90000153,50.20000076,49.79999924,49.79999924,4893583,0,1,46.26833285,yahoo_bootstrap
2024-03-05,49.90000153,49.95000076,49.29999924,49.45000076,3421942,0,1,45.94315521,yahoo_bootstrap
2024-03-06,49.45000076,49.59999847,48.90000153,48.90000153,3890471,0,1,45.43216027,yahoo_bootstrap
2024-03-07,49,49.04999924,48.25,48.29999924,5721471,0,1,44.87470834,yahoo_bootstrap
2024-03-08,48,48.29999924,46.95000076,47.09999847,10294328,0,1,43.75980803,yahoo_bootstrap
2024-03-11,47.09999847,48.29999924,47.04999924,47.54999924,3863992,0,1,44.17789609,yahoo_bootstrap
2024-03-12,47.59999847,48.20000076,47.29999924,48.15000153,4156831,0,1,44.73534802,yahoo_bootstrap
2024-03-13,48.15000153,48.15000153,47.45000076,47.54999924,4312752,0,1,44.17789609,yahoo_bootstrap
2024-03-14,47.70000076,47.75,47.04999924,47.15000153,3624004,0,1,43.80626502,yahoo_bootstrap
2024-03-15,47.40000153,48.40000153,47.40000153,47.54999924,6505961,0,1,44.17789609,yahoo_bootstrap
2024-03-18,47.75,48.5,47.29999924,48.40000153,4116173,0,1,44.96761877,yahoo_bootstrap
2024-03-19,48.45000076,48.95000076,48.34999847,48.59999847,3885019,0,1,45.15343253,yahoo_bootstrap
2024-03-20,48.84999847,48.84999847,47.84999847,47.95000076,4150900,0,1,44.54953071,yahoo_bootstrap
2024-03-21,48.20000076,48.79999924,48.09999847,48.70000076,4985302,0,1,45.24634296,yahoo_bootstrap
2024-03-22,48.95000076,50.90000153,48.79999924,50.29999924,17285640,0,1,46.73287435,yahoo_bootstrap
2024-03-25,50.5,50.90000153,49.65000153,50.40000153,7787584,0,1,46.82578478,yahoo_bootstrap
2024-03-26,50.70000076,50.79999924,49.34999847,49.65000153,5232387,0,1,46.12897253,yahoo_bootstrap
2024-03-27,50,53.79999924,50,53.20000076,43287481,0,1,49.42721647,yahoo_bootstrap
2024-03-28,53.79999924,55,52.59999847,52.59999847,40400128,0,1,48.86976454,yahoo_bootstrap
2024-03-29,52.90000153,53.29999924,51.70000076,52.79999924,12330000,0,1,49.05558186,yahoo_bootstrap
2024-04-01,53,54.79999924,52.40000153,54.40000153,24815316,0,1,50.54211679,yahoo_bootstrap
2024-04-02,54.70000076,54.90000153,53.59999847,54.29999924,15828299,0,1,50.44920636,yahoo_bootstrap
2024-04-03,54.59999847,54.70000076,53.5,53.70000076,10277589,0,1,49.89175797,yahoo_bootstrap
2024-04-08,53.20000076,53.79999924,52.70000076,53,8532261,0,1,49.24139916,yahoo_bootstrap
2024-04-09,53.79999924,58.20000076,53.70000076,57.5,57648200,0,1,53.42227268,yahoo_bootstrap
2024-04-10,58,59.29999924,56.70000076,56.79999924,63915061,0,1,52.77191387,yahoo_bootstrap
2024-04-11,57.59999847,57.90000153,55.79999924,55.79999924,27436146,0,1,51.84283087,yahoo_bootstrap
2024-04-12,56.20000076,57.59999847,55.79999924,56.79999924,20868390,0,1,52.77191387,yahoo_bootstrap
2024-04-15,58,60.5,57.20000076,58,75728341,0,1,53.88681418,yahoo_bootstrap
2024-04-16,58.40000153,59.79999924,54.29999924,55.40000153,51244506,0,1,51.47119979,yahoo_bootstrap
2024-04-17,55.40000153,57,55.40000153,55.79999924,15965260,0,1,51.84283087,yahoo_bootstrap
2024-04-18,55.40000153,59.29999924,55.20000076,58.70000076,44085535,0,1,54.53717299,yahoo_bootstrap
2024-04-19,59.29999924,59.70000076,56.79999924,57.59999847,46150729,0,1,53.51517956,yahoo_bootstrap
2024-04-22,58.20000076,59.29999924,56.09999847,56.09999847,29425571,0,1,52.12155505,yahoo_bootstrap
2024-04-23,57.20000076,58.59999847,56.20000076,57.79999924,18684858,0,1,53.70099687,yahoo_bootstrap
2024-04-24,58.09999847,58.29999924,57,57.09999847,25385856,0,1,53.05063806,yahoo_bootstrap
2024-04-25,57.20000076,58.40000153,56.5,57.29999924,17016880,0,1,53.23645537,yahoo_bootstrap
2024-04-26,57.90000153,58.20000076,57,57.70000076,15063804,0,1,53.60808999,yahoo_bootstrap
2024-04-29,58.29999924,58.40000153,57.29999924,57.79999924,12990887,0,1,53.70099687,yahoo_bootstrap
2024-04-30,58,58.29999924,57,57.20000076,10302636,0,1,53.14354848,yahoo_bootstrap
2024-05-02,57.29999924,58.29999924,56.59999847,57.90000153,12584741,0,1,53.7939073,yahoo_bootstrap
2024-05-03,58,58.29999924,56.79999924,56.79999924,10373778,0,1,52.77191387,yahoo_bootstrap
2024-05-06,56.90000153,57.09999847,55.20000076,56,12073588,0,1,52.02864817,yahoo_bootstrap
2024-05-07,56.29999924,56.79999924,55.09999847,55.70000076,8459342,0,1,51.74992398,yahoo_bootstrap
2024-05-08,55.09999847,55.09999847,53.79999924,54.5,20465078,0,1,50.63502367,yahoo_bootstrap
2024-05-09,54.70000076,55.5,53.79999924,53.79999924,10627556,0,1,49.98466486,yahoo_bootstrap
2024-05-10,54.20000076,54.70000076,53.59999847,54.5,6469802,0,1,50.63502367,yahoo_bootstrap
2024-05-13,54.79999924,54.90000153,53.20000076,53.29999924,10678828,0,1,49.52012336,yahoo_bootstrap
2024-05-14,54.29999924,56.59999847,53.70000076,56.29999924,21959424,0,1,52.30737237,yahoo_bootstrap
2024-05-15,57,58.20000076,55.59999847,55.70000076,20980600,0,1,51.74992398,yahoo_bootstrap
2024-05-16,56.40000153,56.59999847,55.29999924,55.70000076,7684011,0,1,51.74992398,yahoo_bootstrap
2024-05-17,55.79999924,57.90000153,55.29999924,57.40000153,22334806,0,1,53.3293658,yahoo_bootstrap
2024-05-20,59,59.40000153,56.59999847,57,41330862,0,1,52.95773118,yahoo_bootstrap
2024-05-21,57.59999847,57.59999847,55.79999924,55.90000153,17661402,0,1,51.9357413,yahoo_bootstrap
2024-05-22,56.20000076,56.29999924,54.59999847,54.59999847,18721530,0,1,50.72793055,yahoo_bootstrap
2024-05-23,56.59999847,57.70000076,55.79999924,56.29999924,43778637,0,1,52.30737237,yahoo_bootstrap
2024-05-24,56,56.09999847,55.09999847,55.90000153,13173082,0,1,51.9357413,yahoo_bootstrap
2024-05-27,56,56.40000153,55.5,55.79999924,8866215,0,1,51.84283087,yahoo_bootstrap
2024-05-28,56.29999924,56.29999924,55.29999924,55.40000153,6292487,0,1,51.47119979,yahoo_bootstrap
2024-05-29,55.40000153,55.40000153,54,54,11700780,0,1,50.17048217,yahoo_bootstrap
2024-05-30,53.70000076,53.79999924,52.90000153,52.90000153,8048305,0,1,49.14849229,yahoo_bootstrap
2024-05-31,53.09999847,53.5,52.90000153,52.90000153,4395761,0,1,49.14849229,yahoo_bootstrap
2024-06-03,53.20000076,53.79999924,53.09999847,53.09999847,3892756,0,1,49.33430604,yahoo_bootstrap
2024-06-04,53.29999924,54.20000076,53.29999924,53.5,4765602,0,1,49.70594067,yahoo_bootstrap
2024-06-05,54.09999847,54.40000153,53.70000076,53.79999924,5521261,0,1,49.98466486,yahoo_bootstrap
2024-06-06,54.40000153,54.5,53.09999847,54,6291204,0,1,50.17048217,yahoo_bootstrap
2024-06-07,54.40000153,55,54,54.59999847,7250850,0,1,50.72793055,yahoo_bootstrap
2024-06-11,54.59999847,54.59999847,53,53,7549399,0,1,49.24139916,yahoo_bootstrap
2024-06-12,53,53.20000076,52.29999924,52.59999847,3430994,0,1,48.86976454,yahoo_bootstrap
2024-06-13,52.79999924,53.20000076,52.59999847,53.09999847,2656840,0,1,49.33430604,yahoo_bootstrap
2024-06-14,53.09999847,53.40000153,52.59999847,52.90000153,3615110,0,1,49.14849229,yahoo_bootstrap
2024-06-17,52.90000153,53.5,52.70000076,52.90000153,3387684,0,1,49.14849229,yahoo_bootstrap
2024-06-18,53.09999847,53.20000076,52.59999847,52.79999924,3282169,0,1,49.05558186,yahoo_bootstrap
2024-06-19,53.20000076,53.20000076,52,52.09999847,7369251,0,1,48.40522304,yahoo_bootstrap
2024-06-20,53.20000076,54.40000153,52.59999847,52.70000076,12039735,0,1,48.96267497,yahoo_bootstrap
2024-06-21,53.09999847,53.20000076,52.29999924,52.29999924,5230813,0,1,48.59104036,yahoo_bootstrap
2024-06-24,52.29999924,52.59999847,51.79999924,52.09999847,6436528,0,1,48.40522304,yahoo_bootstrap
2024-06-25,52.09999847,52.90000153,51.29999924,52.90000153,5197250,0,1,49.14849229,yahoo_bootstrap
2024-06-26,52.79999924,53.40000153,52.40000153,53.40000153,5256023,0,1,49.61303379,yahoo_bootstrap
2024-06-27,53,54,52.70000076,53.70000076,6155561,0,1,49.89175797,yahoo_bootstrap
2024-06-28,53.90000153,54.20000076,53.40000153,53.40000153,5598684,0,1,49.61303379,yahoo_bootstrap
2024-07-01,53.59999847,54,52.90000153,54,7522348,0,1,50.17048217,yahoo_bootstrap
2024-07-02,54,54,53.29999924,53.70000076,3544328,0,1,49.89175797,yahoo_bootstrap
2024-07-03,53.90000153,53.90000153,53.29999924,53.79999924,3997104,0,1,49.98466486,yahoo_bootstrap
2024-07-04,53.79999924,53.90000153,53.29999924,53.70000076,5385911,0,1,49.89175797,yahoo_bootstrap
2024-07-05,53.59999847,54,53.29999924,54,6287768,0,1,50.17048217,yahoo_bootstrap
2024-07-08,54.20000076,54.5,53.29999924,53.59999847,7538111,0,1,49.79884755,yahoo_bootstrap
2024-07-09,53.59999847,53.59999847,52.29999924,52.29999924,8741456,0,1,48.59104036,yahoo_bootstrap
2024-07-10,51.20000076,52.29999924,51.09999847,51.90000153,4230349,1.42,1,49.5651554,yahoo_bootstrap
2024-07-11,52.09999847,52.20000076,51.59999847,51.59999847,3456574,0,1,49.27864869,yahoo_bootstrap
2024-07-12,51.70000076,52.09999847,51.40000153,51.40000153,3118361,0,1,49.0876491,yahoo_bootstrap
2024-07-15,51.5,51.59999847,50.5,50.5,4730048,0,1,48.22813629,yahoo_bootstrap
2024-07-16,50.5,51.40000153,50.40000153,51.09999847,3909571,0,1,48.80114239,yahoo_bootstrap
2024-07-17,51.5,52.79999924,51.40000153,52.40000153,5778342,0,1,50.0426617,yahoo_bootstrap
2024-07-18,53.59999847,54.79999924,52.20000076,52.29999924,24216976,0,1,49.94715825,yahoo_bootstrap
2024-07-19,52.09999847,52.20000076,51,51,4874691,0,1,48.70564259,yahoo_bootstrap
2024-07-22,51.20000076,51.59999847,50.09999847,50.29999924,4494958,0,1,48.03713305,yahoo_bootstrap
2024-07-23,50.70000076,53.5,50.70000076,52.59999847,10161715,0,1,50.23366129,yahoo_bootstrap
2024-07-26,51.79999924,53.29999924,51.79999924,52.59999847,10810000,0,1,50.23366129,yahoo_bootstrap
2024-07-29,53.20000076,53.20000076,51.5,51.5,4992583,0,1,49.18314889,yahoo_bootstrap
2024-07-30,51.59999847,52.5,50.79999924,51.90000153,3966900,0,1,49.5651554,yahoo_bootstrap
2024-07-31,51.5,51.90000153,51.09999847,51.40000153,2864101,0,1,49.0876491,yahoo_bootstrap
2024-08-01,51.70000076,52.70000076,51.5,52.20000076,4819492,0,1,49.85165844,yahoo_bootstrap
2024-08-02,51.70000076,51.90000153,50.40000153,50.5,5070261,0,1,48.22813629,yahoo_bootstrap
2024-08-05,50,50,45.45000076,45.5,11452290,0,1,43.4530733,yahoo_bootstrap
2024-08-06,45.84999847,46.65000153,43,46,7911360,0,1,43.9305796,yahoo_bootstrap
2024-08-07,46.15000153,48.40000153,46.15000153,48.29999924,5353230,0,1,46.12710785,yahoo_bootstrap
2024-08-08,47.70000076,48.20000076,47.25,47.70000076,3404100,0,1,45.55410174,yahoo_bootstrap
2024-08-09,48.09999847,48.45000076,47.5,47.5,3570015,0,1,45.36309849,yahoo_bootstrap
2024-08-12,47.59999847,48.95000076,47.59999847,48.54999924,3502104,0,1,46.365861,yahoo_bootstrap
2024-08-13,48.75,49.04999924,48.04999924,48.84999847,2781266,0,1,46.65236404,yahoo_bootstrap
2024-08-14,49.20000076,49.20000076,48.29999924,48.40000153,3453813,0,1,46.2226113,yahoo_bootstrap
2024-08-15,48.90000153,49.15000153,48.40000153,48.5,2131816,0,1,46.31811109,yahoo_bootstrap
2024-08-16,49.20000076,49.20000076,48.5,48.5,2431413,0,1,46.31811109,yahoo_bootstrap
2024-08-19,48.70000076,48.70000076,47.84999847,48.25,1952147,0,1,46.07935794,yahoo_bootstrap
2024-08-20,48.65000153,49.29999924,48.40000153,49.15000153,3143011,0,1,46.93887075,yahoo_bootstrap
2024-08-21,49.09999847,49.29999924,48.59999847,49.29999924,2795254,0,1,47.08212045,yahoo_bootstrap
2024-08-22,49.79999924,49.95000076,48.90000153,49.45000076,3547554,0,1,47.22537379,yahoo_bootstrap
2024-08-23,49.45000076,50.20000076,48.84999847,50.20000076,3215263,0,1,47.94163324,yahoo_bootstrap
2024-08-26,50.59999847,50.90000153,50.20000076,50.90000153,3595168,0,1,48.6101428,yahoo_bootstrap
2024-08-27,50.79999924,50.79999924,50.09999847,50.29999924,2963427,0,1,48.03713305,yahoo_bootstrap
2024-08-28,50.70000076,50.70000076,49.75,50.5,2547054,0,1,48.22813629,yahoo_bootstrap
2024-08-29,50.40000153,50.40000153,49.90000153,49.90000153,1220745,0,1,47.6551302,yahoo_bootstrap
2024-08-30,50.29999924,50.29999924,49.59999847,49.59999847,1367457,0,1,47.36862349,yahoo_bootstrap
2024-09-02,49.59999847,49.84999847,49.25,49.40000153,1135314,0,1,47.1776239,yahoo_bootstrap
2024-09-03,49.40000153,49.79999924,48.79999924,48.79999924,1629754,0,1,46.60461415,yahoo_bootstrap
2024-09-04,47.29999924,47.70000076,46.5,47.04999924,3973219,0,1,44.9333421,yahoo_bootstrap
2024-09-05,47.20000076,47.5,46.65000153,46.65000153,2651343,0,1,44.55133925,yahoo_bootstrap
2024-09-06,46.5,46.79999924,46.25,46.34999847,3146870,0,1,44.26483254,yahoo_bootstrap
2024-09-09,45.5,46.65000153,45.29999924,46.54999924,3255802,0,1,44.4558358,yahoo_bootstrap
2024-09-10,46.59999847,46.90000153,45.54999924,45.54999924,3173465,0,1,43.5008232,yahoo_bootstrap
2024-09-11,45.54999924,46.09999847,45.20000076,45.29999924,1965336,0,1,43.26207005,yahoo_bootstrap
2024-09-12,45.59999847,46.90000153,45.59999847,46.70000076,3380736,0,1,44.59908914,yahoo_bootstrap
2024-09-13,46.54999924,47.84999847,46.54999924,47.84999847,2382091,0,1,45.69735144,yahoo_bootstrap
2024-09-16,47.5,48.09999847,47.45000076,47.45000076,1567085,0,1,45.31534859,yahoo_bootstrap
2024-09-18,47.75,48.59999847,47.20000076,47.25,2787200,0,1,45.12434534,yahoo_bootstrap
2024-09-19,47.65000153,48.09999847,47.34999847,47.95000076,1524210,0,1,45.79285489,yahoo_bootstrap
2024-09-20,48,48.34999847,47.54999924,47.59999847,1426334,0,1,45.45859829,yahoo_bootstrap
2024-09-23,48.09999847,49.5,48.09999847,48.90000153,6535363,0,1,46.7001176,yahoo_bootstrap
2024-09-24,49.34999847,50.5,49,49.29999924,8608531,0,1,47.08212045,yahoo_bootstrap
2024-09-25,49.40000153,49.70000076,48.75,48.75,4279213,0,1,46.55686424,yahoo_bootstrap
2024-09-26,49.09999847,49.59999847,48.65000153,48.79999924,2615707,0,1,46.60461415,yahoo_bootstrap
2024-09-27,48.70000076,49.29999924,48.54999924,48.65000153,3319210,0,1,46.46136445,yahoo_bootstrap
2024-09-30,48.95000076,49.09999847,48.20000076,48.20000076,3293645,0,1,46.03160804,yahoo_bootstrap
2024-10-01,48.5,48.54999924,47.90000153,48,1851780,0,1,45.84060479,yahoo_bootstrap
2024-10-04,48.29999924,48.54999924,47.54999924,47.59999847,2396224,0,1,45.45859829,yahoo_bootstrap
2024-10-07,47.70000076,48.34999847,47.70000076,48.04999924,2038026,0,1,45.8883547,yahoo_bootstrap
2024-10-08,48.04999924,48.04999924,47,47,3204505,0,1,44.88559219,yahoo_bootstrap
2024-10-09,46.79999924,47.20000076,46.09999847,46.09999847,4383039,0,1,44.02607939,yahoo_bootstrap
2024-10-11,46.09999847,46.09999847,45.75,45.75,3587437,0,1,43.69182645,yahoo_bootstrap
2024-10-14,46.25,47.09999847,45.65000153,45.65000153,7019201,0,1,43.59632665,yahoo_bootstrap
2024-10-15,45.90000153,46.34999847,45.54999924,45.54999924,3846173,0,1,43.5008232,yahoo_bootstrap
2024-10-16,45.59999847,46.09999847,45.59999847,45.59999847,3447783,0,1,43.54857309,yahoo_bootstrap
2024-10-17,46,46.75,45.95000076,46,4487697,0,1,43.9305796,yahoo_bootstrap
2024-10-18,46.09999847,46.40000153,45.59999847,45.70000076,2763599,0,1,43.64407654,yahoo_bootstrap
2024-10-21,45.95000076,45.95000076,45.5,45.59999847,2839948,0,1,43.54857309,yahoo_bootstrap
2024-10-22,45.70000076,46.09999847,45.70000076,45.70000076,2659587,0,1,43.64407654,yahoo_bootstrap
2024-10-23,46.04999924,46.15000153,45.84999847,46,2685815,0,1,43.9305796,yahoo_bootstrap
2024-10-24,46.20000076,46.25,45.45000076,45.5,3592941,0,1,43.4530733,yahoo_bootstrap
2024-10-25,45.65000153,45.75,45.25,45.29999924,3365000,0,1,43.26207005,yahoo_bootstrap
2024-10-28,45.59999847,45.79999924,45.04999924,45.20000076,2343291,0,1,43.16657024,yahoo_bootstrap
2024-10-29,45.20000076,45.20000076,44.20000076,44.54999924,3403900,0,1,42.5458106,yahoo_bootstrap
2024-10-30,44.70000076,44.75,44.25,44.34999847,1514389,0,1,42.35480734,yahoo_bootstrap
2024-11-01,44,44.90000153,43.95000076,44.90000153,1848708,0,1,42.8800672,yahoo_bootstrap
2024-11-04,45,45.09999847,44.84999847,44.90000153,1559400,0,1,42.8800672,yahoo_bootstrap
2024-11-05,45,45.25,44.90000153,45.04999924,1458271,0,1,43.0233169,yahoo_bootstrap
2024-11-06,45.04999924,45.95000076,44.54999924,45.75,4394160,0,1,43.69182645,yahoo_bootstrap
2024-11-07,46.79999924,48,46.25,46.25,9305710,0,1,44.16933274,yahoo_bootstrap
2024-11-08,46.34999847,46.40000153,45.75,45.84999847,3987961,0,1,43.78732624,yahoo_bootstrap
2024-11-11,46.20000076,46.54999924,46,46,4035685,0,1,43.9305796,yahoo_bootstrap
2024-11-12,45.79999924,46.04999924,45.15000153,45.15000153,3840799,0,1,43.11882035,yahoo_bootstrap
2024-11-13,45.15000153,45.20000076,44.84999847,44.90000153,3017499,0,1,42.8800672,yahoo_bootstrap
2024-11-14,44.84999847,45.09999847,43.5,43.5,5355192,0,1,41.5430481,yahoo_bootstrap
2024-11-15,42.54999924,44,42.5,43.09999847,5580463,0,1,41.16104159,yahoo_bootstrap
2024-11-18,43,43.34999847,42.5,43.25,8110016,0,1,41.30429495,yahoo_bootstrap
2024-11-19,43.65000153,44.79999924,43.59999847,44.04999924,11915157,0,1,42.0683043,yahoo_bootstrap
2024-11-20,43.45000076,43.45000076,43.45000076,43.45000076,9828616,0,1,41.49529819,yahoo_bootstrap
2024-11-21,43.5,43.79999924,43.04999924,43.54999924,7690968,0,1,41.590798,yahoo_bootstrap
2024-11-22,43.90000153,45.04999924,43.59999847,44.75,8968616,0,1,42.73681385,yahoo_bootstrap
2024-11-25,45.09999847,45.45000076,44.45000076,44.84999847,5688900,0,1,42.83231364,yahoo_bootstrap
2024-11-26,45.34999847,46.20000076,45,45.04999924,10268568,0,1,43.0233169,yahoo_bootstrap
2024-11-27,45.54999924,45.59999847,44.09999847,44.09999847,4157622,0,1,42.11605419,yahoo_bootstrap
2024-11-28,44.29999924,44.34999847,43.29999924,43.29999924,2732210,0,1,41.35204485,yahoo_bootstrap
2024-11-29,43.09999847,43.25,42.5,43.04999924,2411237,0,1,41.1132917,yahoo_bootstrap
2024-12-02,43.34999847,44.34999847,43.29999924,43.70000076,3257670,0,1,41.73405134,yahoo_bootstrap
2024-12-03,44,44.20000076,43.59999847,43.65000153,1968444,0,1,41.68630145,yahoo_bootstrap
2024-12-04,44,44,43.45000076,43.65000153,1451230,0,1,41.68630145,yahoo_bootstrap
2024-12-05,43.95000076,43.95000076,43.29999924,43.40000153,1868314,0,1,41.4475483,yahoo_bootstrap
2024-12-06,43.15000153,43.40000153,42.90000153,43,2786981,0,1,41.0655418,yahoo_bootstrap
2024-12-09,43.29999924,43.29999924,42.70000076,42.79999924,1996695,0,1,40.87453855,yahoo_bootstrap
2024-12-10,43.29999924,44,43.20000076,43.70000076,3402796,0,1,41.73405134,yahoo_bootstrap
2024-12-11,44.25,45.70000076,43.34999847,43.54999924,10113748,0,1,41.590798,yahoo_bootstrap
2024-12-12,43.75,43.95000076,43.25,43.29999924,1787463,0,1,41.35204485,yahoo_bootstrap
2024-12-13,43.29999924,43.29999924,42.54999924,42.59999847,3015448,0,1,40.68353529,yahoo_bootstrap
2024-12-16,42.70000076,43.40000153,42.59999847,42.75,2285013,0,1,40.82678865,yahoo_bootstrap
2024-12-17,43,43.95000076,42.90000153,43.65000153,3117193,0,1,41.68630145,yahoo_bootstrap
2024-12-18,43.59999847,43.59999847,43.09999847,43.25,1852274,0,1,41.30429495,yahoo_bootstrap
2024-12-19,42.79999924,43.15000153,42.54999924,43.15000153,2167497,0,1,41.20879515,yahoo_bootstrap
2024-12-20,43.15000153,43.15000153,42.59999847,42.70000076,1636867,0,1,40.77903874,yahoo_bootstrap
2024-12-23,43,43.75,42.70000076,43.70000076,2910572,0,1,41.73405134,yahoo_bootstrap
2024-12-24,43.79999924,44.5,43.5,44,3344746,0,1,42.0205544,yahoo_bootstrap
2024-12-25,44.25,44.40000153,43.84999847,43.84999847,1952492,0,1,41.87730104,yahoo_bootstrap
2024-12-26,44.29999924,44.40000153,43.95000076,44.04999924,2212037,0,1,42.0683043,yahoo_bootstrap
2024-12-27,44.20000076,45,44.09999847,44.25,4191004,0,1,42.25930755,yahoo_bootstrap
2024-12-30,44.34999847,46.25,44.25,45.20000076,14260019,0,1,43.16657024,yahoo_bootstrap
2024-12-31,45.59999847,46.20000076,44.75,44.84999847,11428075,0,1,42.83231364,yahoo_bootstrap
2025-01-02,44.70000076,45.29999924,44.5,44.65000153,3588358,0,1,42.64131405,yahoo_bootstrap
2025-01-03,45,45.34999847,44.34999847,44.54999924,3452710,0,1,42.5458106,yahoo_bootstrap
2025-01-06,44.95000076,44.95000076,43.90000153,44.29999924,2746465,0,1,42.30705745,yahoo_bootstrap
2025-01-07,44.54999924,44.54999924,43.84999847,43.90000153,2261998,0,1,41.9250546,yahoo_bootstrap
2025-01-08,44.20000076,44.29999924,43.5,43.79999924,2215126,0,1,41.82955115,yahoo_bootstrap
2025-01-09,44.29999924,44.79999924,42.79999924,42.79999924,4486964,0,1,40.87453855,yahoo_bootstrap
2025-01-10,43.29999924,43.29999924,42.70000076,43.04999924,2306976,0,1,41.1132917,yahoo_bootstrap
2025-01-13,42.90000153,43.65000153,42.59999847,43.65000153,4471062,0,1,41.68630145,yahoo_bootstrap
2025-01-14,43.70000076,44.09999847,43.09999847,44,2385648,0,1,42.0205544,yahoo_bootstrap
2025-01-15,44.5,44.75,44.09999847,44.09999847,3294055,0,1,42.11605419,yahoo_bootstrap
2025-01-16,44.75,45.15000153,44.45000076,45,4793903,0,1,42.975567,yahoo_bootstrap
2025-01-17,44.95000076,45.09999847,44.54999924,44.70000076,1706718,0,1,42.68906394,yahoo_bootstrap
2025-01-20,45.09999847,45.09999847,44.54999924,44.90000153,1790252,0,1,42.8800672,yahoo_bootstrap
2025-01-21,44.95000076,45.75,44.95000076,45.25,3452486,0,1,43.21432015,yahoo_bootstrap
2025-01-22,45.54999924,45.54999924,44.90000153,45.40000153,3313100,0,1,43.3575735,yahoo_bootstrap
2025-02-03,45,45.5,44.79999924,45.15000153,2503477,0,1,43.11882035,yahoo_bootstrap
2025-02-04,45.15000153,45.40000153,44.40000153,44.54999924,1837483,0,1,42.5458106,yahoo_bootstrap
2025-02-05,44.90000153,45,44.70000076,44.75,1093619,0,1,42.73681385,yahoo_bootstrap
2025-02-06,44.84999847,45.95000076,44.70000076,45.75,4529484,0,1,43.69182645,yahoo_bootstrap
2025-02-07,45.84999847,45.90000153,45.20000076,45.34999847,1987424,0,1,43.30981994,yahoo_bootstrap
2025-02-10,44.79999924,44.79999924,43.29999924,44.29999924,5533201,0,1,42.30705745,yahoo_bootstrap
2025-02-11,44.29999924,44.40000153,44,44.04999924,1798393,0,1,42.0683043,yahoo_bootstrap
2025-02-12,44.04999924,44.45000076,43.90000153,44,2203661,0,1,42.0205544,yahoo_bootstrap
2025-02-13,44.34999847,44.40000153,43.95000076,44.25,1469184,0,1,42.25930755,yahoo_bootstrap
2025-02-14,44.15000153,45.5,44.04999924,45.45000076,4560851,0,1,43.40532339,yahoo_bootstrap
2025-02-17,44.29999924,44.45000076,43.29999924,43.90000153,10894183,0,1,41.9250546,yahoo_bootstrap
2025-02-18,44.70000076,44.70000076,43.65000153,43.75,4289327,0,1,41.78180125,yahoo_bootstrap
2025-02-19,43.84999847,44.15000153,43.75,44,2718128,0,1,42.0205544,yahoo_bootstrap
2025-02-20,44.09999847,44.45000076,44.04999924,44.34999847,3089327,0,1,42.35480734,yahoo_bootstrap
2025-02-21,44.65000153,45.25,44.45000076,45.15000153,6003299,0,1,43.11882035,yahoo_bootstrap
2025-02-24,45.09999847,45.15000153,44.75,44.75,3193834,0,1,42.73681385,yahoo_bootstrap
2025-02-25,44.84999847,45.09999847,44.20000076,44.29999924,2469150,0,1,42.30705745,yahoo_bootstrap
2025-02-26,44.45000076,44.65000153,44.04999924,44.04999924,1963155,0,1,42.0683043,yahoo_bootstrap
2025-02-27,44.20000076,44.65000153,44.04999924,44.09999847,1943350,0,1,42.11605419,yahoo_bootstrap
2025-03-03,44,44.04999924,43.40000153,43.45000076,3042497,0,1,41.49529819,yahoo_bootstrap
2025-03-04,43.04999924,43.5,42.75,43.45000076,2231142,0,1,41.49529819,yahoo_bootstrap
2025-03-05,43.5,44.09999847,43.29999924,44,1689561,0,1,42.0205544,yahoo_bootstrap
2025-03-06,44.09999847,44.15000153,43.84999847,43.84999847,1371091,0,1,41.87730104,yahoo_bootstrap
2025-03-07,44.04999924,44.70000076,43.84999847,44.09999847,3348238,0,1,42.11605419,yahoo_bootstrap
2025-03-10,44.45000076,46,43.95000076,45.65000153,10558833,0,1,43.59632665,yahoo_bootstrap
2025-03-11,45.20000076,45.45000076,44.54999924,45.20000076,5292578,0,1,43.16657024,yahoo_bootstrap
2025-03-12,45.25,45.84999847,45.04999924,45.04999924,3911206,0,1,43.0233169,yahoo_bootstrap
2025-03-13,45.20000076,45.75,44.59999847,44.65000153,3865197,0,1,42.64131405,yahoo_bootstrap
2025-03-14,45,45.45000076,44.75,45.20000076,2885008,0,1,43.16657024,yahoo_bootstrap
2025-03-17,45.79999924,48.75,45.70000076,47.54999924,23811241,0,1,45.4108484,yahoo_bootstrap
2025-03-18,48.25,48.40000153,47.15000153,47.20000076,9991161,0,1,45.07659544,yahoo_bootstrap
2025-03-19,47.65000153,51.90000153,47.45000076,51.90000153,40517366,0,1,49.5651554,yahoo_bootstrap
2025-03-20,52.59999847,53,50.5,50.90000153,51039750,0,1,48.6101428,yahoo_bootstrap
2025-03-21,51.59999847,53.09999847,50.90000153,51.70000076,46085696,0,1,49.37415214,yahoo_bootstrap
2025-03-24,52.5,55.5,52.5,54.59999847,88934582,0,1,52.14368649,yahoo_bootstrap
2025-03-25,54,54.70000076,53,54,41744983,0,1,51.57068039,yahoo_bootstrap
2025-03-26,54.40000153,55.90000153,53.5,54.20000076,34798462,0,1,51.76168364,yahoo_bootstrap
2025-03-27,54.20000076,54.79999924,52.29999924,52.40000153,27256736,0,1,50.0426617,yahoo_bootstrap
2025-03-28,52.20000076,53.79999924,51.20000076,52.79999924,51949502,0,1,50.42466455,yahoo_bootstrap
2025-03-31,51.20000076,52.20000076,48.65000153,48.95000076,34510580,0,1,46.74786749,yahoo_bootstrap
2025-04-01,49.75,53.79999924,49.59999847,53.79999924,59223685,0,1,51.37967715,yahoo_bootstrap
2025-04-02,54,55.5,51.59999847,52.20000076,105346939,0,1,49.85165844,yahoo_bootstrap
2025-04-07,47,47,47,47,2389077,0,1,44.88559219,yahoo_bootstrap
2025-04-08,45,48.95000076,44.95000076,47,69762026,0,1,44.88559219,yahoo_bootstrap
2025-04-09,47,47.70000076,42.29999924,42.29999924,60262029,0,1,40.39703225,yahoo_bootstrap
2025-04-10,46.5,46.5,46,46.5,8772712,0,1,44.40808589,yahoo_bootstrap
2025-04-11,46,47.65000153,44.40000153,47.09999847,35055279,0,1,44.98109199,yahoo_bootstrap
2025-04-14,47.34999847,48.29999924,46.79999924,47.54999924,26382973,0,1,45.4108484,yahoo_bootstrap
2025-04-15,48.04999924,49,47.65000153,48.09999847,20451460,0,1,45.93610459,yahoo_bootstrap
2025-04-16,47.95000076,51.59999847,47.75,48.29999924,65208322,0,1,46.12710785,yahoo_bootstrap
2025-04-17,49,49.09999847,46.65000153,47.29999924,31605205,0,1,45.17209525,yahoo_bootstrap
2025-04-18,47.09999847,48,46.79999924,47.29999924,10291436,0,1,45.17209525,yahoo_bootstrap
2025-04-21,47.04999924,47.15000153,45.34999847,46.29999924,10225996,0,1,44.21708265,yahoo_bootstrap
2025-04-22,45.95000076,46.34999847,45.04999924,45.04999924,10384743,0,1,43.0233169,yahoo_bootstrap
2025-04-23,45.84999847,47,45.79999924,46.09999847,11696376,0,1,44.02607939,yahoo_bootstrap
2025-04-24,46.59999847,47,46.20000076,46.70000076,7585817,0,1,44.59908914,yahoo_bootstrap
2025-04-25,47.04999924,47.84999847,46.95000076,47.15000153,14266276,0,1,45.02884555,yahoo_bootstrap
2025-04-28,47.5,47.79999924,46.75,47.75,7959227,0,1,45.60185164,yahoo_bootstrap
2025-04-29,48,48.04999924,47.5,47.79999924,7026014,0,1,45.64960155,yahoo_bootstrap
2025-04-30,47.95000076,48.20000076,46.59999847,46.65000153,7299701,0,1,44.55133925,yahoo_bootstrap
2025-05-02,47,47.75,46.95000076,47.5,6782201,0,1,45.36309849,yahoo_bootstrap
2025-05-05,48,48.5,45.54999924,46.20000076,11006099,0,1,44.12158284,yahoo_bootstrap
2025-05-06,46.29999924,47.25,46.29999924,46.5,13957872,0,1,44.40808589,yahoo_bootstrap
2025-05-07,47,48.34999847,46.54999924,46.79999924,19819410,0,1,44.69458895,yahoo_bootstrap
2025-05-08,46.84999847,47.79999924,46.84999847,47.45000076,10611554,0,1,45.31534859,yahoo_bootstrap
2025-05-09,47.75,48.40000153,47.09999847,47.25,11643880,0,1,45.12434534,yahoo_bootstrap
2025-05-12,47.65000153,47.75,46.65000153,46.95000076,8165325,0,1,44.83784229,yahoo_bootstrap
2025-05-13,47.20000076,47.45000076,46.5,46.54999924,8075265,0,1,44.4558358,yahoo_bootstrap
2025-05-14,46.70000076,46.79999924,46.20000076,46.40000153,7146013,0,1,44.3125861,yahoo_bootstrap
2025-05-15,47,47.40000153,46.45000076,46.90000153,8383136,0,1,44.7900924,yahoo_bootstrap
2025-05-16,47.20000076,47.20000076,46.70000076,47.15000153,4838550,0,1,45.02884555,yahoo_bootstrap
2025-05-19,47.29999924,47.5,46.70000076,46.75,4667980,0,1,44.64683904,yahoo_bootstrap
2025-05-20,46.79999924,47.15000153,45.5,45.5,10471631,0,1,43.4530733,yahoo_bootstrap
2025-05-21,45.59999847,45.95000076,45.04999924,45.15000153,7114007,0,1,43.11882035,yahoo_bootstrap
2025-05-22,45,45,44.20000076,44.29999924,6244863,0,1,42.30705745,yahoo_bootstrap
2025-05-23,44.79999924,44.95000076,43.95000076,44.04999924,7375752,0,1,42.0683043,yahoo_bootstrap
2025-05-26,44.34999847,44.5,44,44.25,2601423,0,1,42.25930755,yahoo_bootstrap
2025-05-27,44.45000076,44.5,43.5,43.54999924,4701886,0,1,41.590798,yahoo_bootstrap
2025-05-28,43.95000076,44.15000153,43,43.04999924,4519202,0,1,41.1132917,yahoo_bootstrap
2025-05-29,43.20000076,43.40000153,42.75,42.90000153,3791619,0,1,40.970042,yahoo_bootstrap
2025-06-02,43.90000153,45.5,43.25,45,20679963,0,1,42.975567,yahoo_bootstrap
2025-06-03,44.84999847,45,44.25,44.34999847,7858214,0,1,42.35480734,yahoo_bootstrap
2025-06-04,44.75,44.79999924,44.15000153,44.34999847,4286454,0,1,42.35480734,yahoo_bootstrap
2025-06-05,44.40000153,44.5,43.59999847,43.75,3484534,0,1,41.78180125,yahoo_bootstrap
2025-06-06,44.15000153,44.54999924,43.79999924,43.84999847,2827586,0,1,41.87730104,yahoo_bootstrap
2025-06-09,44.5,44.5,43.59999847,44.15000153,2659350,0,1,42.16380775,yahoo_bootstrap
2025-06-10,44.15000153,44.40000153,44,44.40000153,2815130,0,1,42.4025609,yahoo_bootstrap
2025-06-11,44.40000153,44.45000076,43.79999924,44.25,2329403,0,1,42.25930755,yahoo_bootstrap
2025-06-12,44.09999847,44.25,43.95000076,44.04999924,2844193,0,1,42.0683043,yahoo_bootstrap
2025-06-13,45.70000076,45.90000153,44.15000153,44.15000153,14143351,0,1,42.16380775,yahoo_bootstrap
2025-06-16,44.54999924,45.54999924,44.34999847,44.40000153,9295516,0,1,42.4025609,yahoo_bootstrap
2025-06-17,44.45000076,44.59999847,44.04999924,44.34999847,3074893,0,1,42.35480734,yahoo_bootstrap
2025-06-18,45.09999847,45.09999847,44.59999847,44.65000153,4816624,0,1,42.64131405,yahoo_bootstrap
2025-06-19,44.59999847,45.40000153,44.20000076,44.79999924,7385320,0,1,42.78456375,yahoo_bootstrap
2025-06-20,44.79999924,44.84999847,43.70000076,43.84999847,5109863,0,1,41.87730104,yahoo_bootstrap
2025-06-23,44.45000076,45.40000153,44.04999924,44.09999847,8324261,0,1,42.11605419,yahoo_bootstrap
2025-06-24,43.79999924,44.15000153,43.54999924,44.04999924,4340291,0,1,42.0683043,yahoo_bootstrap
2025-06-25,44.5,44.65000153,44,44.09999847,3262071,0,1,42.11605419,yahoo_bootstrap
2025-06-26,43.84999847,44.29999924,43.84999847,44.15000153,2240604,0,1,42.16380775,yahoo_bootstrap
2025-06-27,44,44.25,43.65000153,43.90000153,3782303,0,1,41.9250546,yahoo_bootstrap
2025-06-30,43.75,43.84999847,43.20000076,43.20000076,3086885,0,1,41.25654504,yahoo_bootstrap
2025-07-01,43.20000076,43.54999924,43.15000153,43.20000076,1704479,0,1,41.25654504,yahoo_bootstrap
2025-07-02,43.29999924,43.5,43.25,43.29999924,1182267,0,1,41.35204485,yahoo_bootstrap
2025-07-03,43.45000076,43.54999924,43.34999847,43.45000076,1822940,0,1,41.49529819,yahoo_bootstrap
2025-07-04,43.75,43.84999847,43.09999847,43.25,1853788,0,1,41.30429495,yahoo_bootstrap
2025-07-07,43.40000153,43.70000076,43.20000076,43.29999924,1503773,0,1,41.35204485,yahoo_bootstrap
2025-07-08,43.29999924,43.29999924,42.79999924,43,3258723,0,1,41.0655418,yahoo_bootstrap
2025-07-09,42.09999847,42.25,41.79999924,41.95000076,3014405,1.38,1,41.39114631,yahoo_bootstrap
2025-07-10,42,42.20000076,41.59999847,41.70000076,2603419,0,1,41.14447679,yahoo_bootstrap
2025-07-11,41.70000076,42.20000076,41.70000076,41.95000076,2078289,0,1,41.39114631,yahoo_bootstrap
2025-07-14,41.95000076,42.40000153,41.90000153,41.95000076,2417688,0,1,41.39114631,yahoo_bootstrap
2025-07-15,42.04999924,42.04999924,41.59999847,41.70000076,2974227,0,1,41.14447679,yahoo_bootstrap
2025-07-16,41.70000076,41.70000076,41,41,5930468,0,1,40.45380138,yahoo_bootstrap
2025-07-17,41.04999924,41.29999924,40.54999924,40.84999847,4358462,0,1,40.30579816,yahoo_bootstrap
2025-07-18,41.20000076,41.20000076,40.54999924,40.59999847,4360268,0,1,40.05912864,yahoo_bootstrap
2025-07-21,40.59999847,41.29999924,40.40000153,40.59999847,3825931,0,1,40.05912864,yahoo_bootstrap
2025-07-22,40.75,41,40,40.04999924,4746742,0,1,39.51645646,yahoo_bootstrap
2025-07-23,40.15000153,42.15000153,40.15000153,41.65000153,6998017,0,1,41.09514365,yahoo_bootstrap
2025-07-24,42.40000153,43.75,42,42.29999924,18483486,0,1,41.73648214,yahoo_bootstrap
2025-07-25,42.40000153,43.40000153,42.34999847,43.34999847,11321802,0,1,42.77249337,yahoo_bootstrap
2025-07-28,42.79999924,43,42,42.5,9143430,0,1,41.93381851,yahoo_bootstrap
2025-07-29,42.59999847,43.34999847,42.40000153,42.70000076,7834300,0,1,42.13115487,yahoo_bootstrap
2025-07-30,43.25,45.5,43,45.09999847,27028049,0,1,44.49918001,yahoo_bootstrap
2025-07-31,45.09999847,45.15000153,43.70000076,43.70000076,12809141,0,1,43.11783296,yahoo_bootstrap
2025-08-04,42.29999924,45.04999924,42.15000153,44.65000153,14655192,0,1,44.0551779,yahoo_bootstrap
2025-08-05,44.75,44.79999924,44.09999847,44.5,7652948,0,1,43.90717467,yahoo_bootstrap
2025-08-06,44.45000076,47.70000076,44.29999924,46.79999924,36681324,0,1,46.17653351,yahoo_bootstrap
2025-08-07,47.70000076,47.70000076,45.70000076,46.04999924,18781549,0,1,45.43652495,yahoo_bootstrap
2025-08-08,46.09999847,50.59999847,45.54999924,49,66019665,0,1,48.34722604,yahoo_bootstrap
2025-08-11,49.20000076,49.79999924,47.09999847,49.29999924,38635511,0,1,48.64322872,yahoo_bootstrap
2025-08-12,49.5,49.59999847,48.20000076,48.59999847,17234484,0,1,47.9525533,yahoo_bootstrap
2025-08-13,48.84999847,49.75,47.5,47.75,17366937,0,1,47.11387844,yahoo_bootstrap
2025-08-14,47.70000076,48.04999924,47.04999924,47.25,11763622,0,1,46.6205394,yahoo_bootstrap
2025-08-15,47.5,48,46.79999924,47.09999847,9368090,0,1,46.47253618,yahoo_bootstrap
2025-08-18,47.45000076,50.40000153,47.45000076,50,35228367,0,1,49.33390413,yahoo_bootstrap
2025-08-19,50.40000153,50.40000153,47.65000153,47.70000076,23723792,0,1,47.06454529,yahoo_bootstrap
2025-08-20,47.09999847,47.34999847,45.65000153,46.09999847,14939900,0,1,45.4858581,yahoo_bootstrap
2025-08-21,46.40000153,47.40000153,45.79999924,46.45000076,10477093,0,1,45.83119768,yahoo_bootstrap
2025-08-22,47.29999924,50.40000153,47.25,48.34999847,55737845,0,1,47.70588378,yahoo_bootstrap
2025-08-25,49,51.20000076,48.65000153,50.29999924,57500691,0,1,49.6299068,yahoo_bootstrap
2025-08-26,50.29999924,50.79999924,49.5,49.65000153,25995880,0,1,48.98856831,yahoo_bootstrap
2025-08-27,51.5,54.59999847,51.29999924,54.59999847,71576896,0,1,53.8726218,yahoo_bootstrap
2025-08-28,57,60,56.79999924,60,111002406,0,1,59.20068495,yahoo_bootstrap
2025-08-29,63.70000076,64.59999847,61.40000153,62.40000153,218016520,0,1,61.56871386,yahoo_bootstrap
2025-09-01,63,63.79999924,59.09999847,59.59999847,86141293,0,1,58.80601221,yahoo_bootstrap
2025-09-02,61,61.79999924,58,61,59793179,0,1,60.18736303,yahoo_bootstrap
2025-09-03,61.79999924,67.09999847,60.40000153,67.09999847,152843462,0,1,66.20609783,yahoo_bootstrap
2025-09-04,69.59999847,71.5,64.19999695,64.90000153,241448248,0,1,64.03540907,yahoo_bootstrap
2025-09-05,65.90000153,66,64,64.80000305,65427493,0,1,63.93674276,yahoo_bootstrap
2025-09-08,65.5,67.19999695,63,66.5,71567119,0,1,65.61409249,yahoo_bootstrap
2025-09-09,67,67.09999847,65,66,41472112,0,1,65.12075345,yahoo_bootstrap
2025-09-10,66,68.69999695,65.09999847,67.19999695,55504977,0,1,66.30476414,yahoo_bootstrap
2025-09-11,67,67.69999695,63.29999924,63.5,43253458,0,1,62.65405824,yahoo_bootstrap
2025-09-12,63.5,64.19999695,61.90000153,62.20000076,35840504,0,1,61.37137748,yahoo_bootstrap
2025-09-15,62.59999847,66.59999847,62.40000153,63.29999924,56050747,0,1,62.45672187,yahoo_bootstrap
2025-09-16,63.90000153,64,62.59999847,63.59999847,22752476,0,1,62.75272454,yahoo_bootstrap
2025-09-17,63.70000076,64.09999847,62.20000076,63,18748184,0,1,62.1607192,yahoo_bootstrap
2025-09-18,63.90000153,65.80000305,62.20000076,62.79999924,31353482,0,1,61.96338283,yahoo_bootstrap
2025-09-19,62.79999924,63.20000076,62,62,18111505,0,1,61.17404112,yahoo_bootstrap
2025-09-22,62.29999924,67.5,62.09999847,64.90000153,80781841,0,1,64.03540907,yahoo_bootstrap
2025-09-23,64.90000153,65,62.5,62.59999847,38938666,0,1,61.76604646,yahoo_bootstrap
2025-09-24,62.5,62.59999847,60.40000153,60.40000153,29841668,0,1,59.5953577,yahoo_bootstrap
2025-09-25,61,61.20000076,58.59999847,58.79999924,23852717,0,1,58.0166705,yahoo_bootstrap
2025-09-26,58.79999924,59.40000153,56.20000076,56.59999847,26705154,0,1,55.84597796,yahoo_bootstrap
2025-09-30,57.20000076,57.29999924,55.40000153,56.29999924,19485431,0,1,55.5499753,yahoo_bootstrap
2025-10-01,56.40000153,57.79999924,56,56.29999924,14047076,0,1,55.5499753,yahoo_bootstrap
2025-10-02,56.59999847,57.20000076,55.5,55.70000076,10351389,0,1,54.95796995,yahoo_bootstrap
2025-10-03,56.59999847,58.20000076,56.09999847,57.59999847,21665915,0,1,56.83265604,yahoo_bootstrap
2025-10-07,57.79999924,58.20000076,56.59999847,58,13364859,0,1,57.22732879,yahoo_bootstrap
2025-10-08,58.09999847,58.20000076,57.09999847,57.09999847,9931932,0,1,56.339317,yahoo_bootstrap
2025-10-09,58,58.29999924,57,57,12645770,0,1,56.2406507,yahoo_bootstrap
2025-10-13,54.20000076,59.5,54.20000076,58.20000076,31529688,0,1,57.42466515,yahoo_bootstrap
2025-10-14,58.70000076,59.09999847,55.40000153,55.5,25037449,0,1,54.76063358,yahoo_bootstrap
2025-10-15,55.90000153,56.5,55.09999847,55.59999847,6839254,0,1,54.85929988,yahoo_bootstrap
2025-10-16,56.20000076,58.5,56.09999847,57,21316206,0,1,56.2406507,yahoo_bootstrap
2025-10-17,57,57,55.59999847,56,9555461,0,1,55.25397262,yahoo_bootstrap
2025-10-20,56.09999847,56.29999924,55.29999924,55.40000153,7139701,0,1,54.66196728,yahoo_bootstrap
2025-10-21,55.40000153,56.09999847,55.20000076,55.90000153,7598351,0,1,55.15530632,yahoo_bootstrap
2025-10-22,56,56.70000076,55.59999847,56,6460705,0,1,55.25397262,yahoo_bootstrap
2025-10-23,56.40000153,56.70000076,55.40000153,55.5,6798600,0,1,54.76063358,yahoo_bootstrap
2025-10-27,55.79999924,56.20000076,54.20000076,55.29999924,9346219,0,1,54.56329721,yahoo_bootstrap
2025-10-28,55.79999924,55.79999924,53.59999847,54.20000076,9309275,0,1,53.47795282,yahoo_bootstrap
2025-10-29,54.29999924,54.59999847,53.20000076,53.20000076,8210638,0,1,52.49127474,yahoo_bootstrap
2025-10-30,53.20000076,53.40000153,52.40000153,52.59999847,6842394,0,1,51.89926563,yahoo_bootstrap
2025-10-31,52.79999924,53.29999924,52.40000153,52.79999924,4257737,0,1,52.09660201,yahoo_bootstrap
2025-11-03,53.20000076,54.90000153,52.79999924,53.70000076,12130089,0,1,52.98461378,yahoo_bootstrap
2025-11-04,54.5,55.20000076,53.79999924,54,15337305,0,1,53.28061646,yahoo_bootstrap
2025-11-05,53.09999847,55.29999924,53.09999847,53.70000076,18201729,0,1,52.98461378,yahoo_bootstrap
2025-11-06,53.70000076,53.79999924,52.70000076,52.90000153,6632034,0,1,52.19527208,yahoo_bootstrap
2025-11-07,52.79999924,53,51.5,51.79999924,7007108,0,1,51.10992393,yahoo_bootstrap
2025-11-10,51.5,52,50.5,50.90000153,7392798,0,1,50.22191591,yahoo_bootstrap
2025-11-11,50.79999924,51.5,50,50,6371260,0,1,49.33390413,yahoo_bootstrap
2025-11-12,50.5,51,50.20000076,51,4764106,0,1,50.32058221,yahoo_bootstrap
2025-11-13,51.20000076,51.20000076,50.29999924,50.40000153,5822277,0,1,49.72857687,yahoo_bootstrap
2025-11-14,50.09999847,51,49.65000153,49.65000153,6010019,0,1,48.98856831,yahoo_bootstrap
2025-11-17,49.79999924,50,48.40000153,48.59999847,8609512,0,1,47.9525533,yahoo_bootstrap
2025-11-18,48.54999924,48.90000153,47.34999847,47.5,8919028,0,1,46.86720892,yahoo_bootstrap
2025-11-19,47.95000076,47.95000076,47.15000153,47.34999847,4378652,0,1,46.7192057,yahoo_bootstrap
2025-11-20,47.95000076,48.09999847,47.34999847,47.79999924,3274993,0,1,47.1632116,yahoo_bootstrap
2025-11-21,47.29999924,47.75,46.15000153,46.45000076,4970503,0,1,45.83119768,yahoo_bootstrap
2025-11-24,46.79999924,48.75,46.75,48.25,10102655,0,1,47.60721748,yahoo_bootstrap
2025-11-25,48.40000153,51.5,48.25,50.40000153,18730945,0,1,49.72857687,yahoo_bootstrap
2025-11-26,52.5,55.40000153,52.5,55.40000153,37592472,0,1,54.66196728,yahoo_bootstrap
2025-11-27,57.09999847,58.29999924,52.5,52.90000153,68106227,0,1,52.19527208,yahoo_bootstrap
2025-11-28,52.5,53.29999924,51.5,51.70000076,12920695,0,1,51.01125762,yahoo_bootstrap
2025-12-01,52.5,52.5,51.40000153,51.79999924,7677599,0,1,51.10992393,yahoo_bootstrap
2025-12-02,51.70000076,51.90000153,51,51.5,5041151,0,1,50.81392125,yahoo_bootstrap
2025-12-03,51.29999924,51.5,50.5,51,6987000,0,1,50.32058221,yahoo_bootstrap
2025-12-04,51.40000153,52.5,51.40000153,51.70000076,5902737,0,1,51.01125762,yahoo_bootstrap
2025-12-05,51.70000076,52,51.40000153,52,3022115,0,1,51.30726029,yahoo_bootstrap
2025-12-08,52.09999847,52.20000076,51.29999924,51.40000153,4736054,0,1,50.71525495,yahoo_bootstrap
2025-12-09,51.5,52.20000076,50.90000153,50.90000153,4856801,0,1,50.22191591,yahoo_bootstrap
2025-12-10,51,51.70000076,50.09999847,50.20000076,4433239,0,1,49.53124049,yahoo_bootstrap
2025-12-11,50.59999847,51,50.20000076,50.20000076,3537747,0,1,49.53124049,yahoo_bootstrap
2025-12-12,50.79999924,51.79999924,50.40000153,50.5,4666531,0,1,49.82724317,yahoo_bootstrap
2025-12-15,50.09999847,51.90000153,50,51.29999924,5974140,0,1,50.61658488,yahoo_bootstrap
2025-12-16,51.20000076,51.5,49.75,50.09999847,4781513,0,1,49.43257043,yahoo_bootstrap
2025-12-17,50.5,50.5,49.5,49.5,4357842,0,1,48.84056509,yahoo_bootstrap
2025-12-18,50.09999847,50.29999924,49.20000076,49.79999924,4224321,0,1,49.13656776,yahoo_bootstrap
2025-12-19,51.70000076,52.20000076,50.59999847,50.79999924,10186913,0,1,50.12324584,yahoo_bootstrap
2025-12-22,50.90000153,51.29999924,50.5,50.79999924,4035478,0,1,50.12324584,yahoo_bootstrap
2025-12-23,51,53.09999847,50.90000153,51.70000076,15348028,0,1,51.01125762,yahoo_bootstrap
2025-12-24,51.70000076,52,51,51,5661523,0,1,50.32058221,yahoo_bootstrap
2025-12-26,51.29999924,51.40000153,50.40000153,50.59999847,3646085,0,1,49.92590947,yahoo_bootstrap
2025-12-29,51.29999924,52.20000076,51.29999924,51.90000153,7928703,0,1,51.20859399,yahoo_bootstrap
2025-12-30,53.40000153,54.20000076,51.09999847,51.09999847,18863783,0,1,50.41924851,yahoo_bootstrap
2025-12-31,51,51.09999847,50.20000076,50.59999847,4954680,0,1,49.92590947,yahoo_bootstrap
2026-01-02,50.59999847,51.5,50.59999847,51.09999847,3863353,0,1,50.41924851,yahoo_bootstrap
2026-01-05,51.59999847,52.40000153,51.29999924,51.5,6949805,0,1,50.81392125,yahoo_bootstrap
2026-01-06,51.90000153,52.59999847,51.90000153,52.09999847,6458336,0,1,51.40592659,yahoo_bootstrap
2026-01-07,52.09999847,52.09999847,51.09999847,51.70000076,4710934,0,1,51.01125762,yahoo_bootstrap
2026-01-08,52.59999847,56.79999924,52.5,54.90000153,44061789,0,1,54.16862824,yahoo_bootstrap
2026-01-09,55.59999847,56.40000153,52.79999924,53.09999847,32010682,0,1,52.39260467,yahoo_bootstrap
2026-01-12,52.5,55.29999924,52,54.59999847,19309403,0,1,53.8726218,yahoo_bootstrap
2026-01-13,54.90000153,55.90000153,53.40000153,54.79999924,17297531,0,1,54.06995817,yahoo_bootstrap
2026-01-14,55.09999847,56.20000076,54.5,55.40000153,13117841,0,1,54.66196728,yahoo_bootstrap
2026-01-15,55.79999924,56.20000076,54.70000076,56,12189355,0,1,55.25397262,yahoo_bootstrap
2026-01-16,56.59999847,56.79999924,55,55.40000153,10860489,0,1,54.66196728,yahoo_bootstrap
2026-01-19,56,57.70000076,55.70000076,55.79999924,18558838,0,1,55.05663626,yahoo_bootstrap
2026-01-20,57.70000076,59.20000076,56.59999847,57.40000153,36833404,0,1,56.63532345,yahoo_bootstrap
2026-01-21,56.90000153,60,56.5,57.40000153,29993811,0,1,56.63532345,yahoo_bootstrap
2026-01-22,58,58.20000076,56.5,57.20000076,18992064,0,1,56.43798707,yahoo_bootstrap
2026-01-23,58,58,55.90000153,56.5,10457750,0,1,55.74731166,yahoo_bootstrap
2026-01-26,56.70000076,57.5,56.5,57.29999924,9159433,0,1,56.53665338,yahoo_bootstrap
2026-01-27,57.5,57.59999847,54.79999924,54.90000153,13252192,0,1,54.16862824,yahoo_bootstrap
2026-01-28,55.29999924,55.29999924,54,54.5,8164192,0,1,53.7739555,yahoo_bootstrap
2026-01-29,55.09999847,56.59999847,54.5,55.40000153,12183715,0,1,54.66196728,yahoo_bootstrap
2026-01-30,55.79999924,55.79999924,53.09999847,53.20000076,8575470,0,1,52.49127474,yahoo_bootstrap
2026-02-02,53.5,54.29999924,52,52.40000153,7276190,0,1,51.70193303,yahoo_bootstrap
2026-02-03,53,53.90000153,52.79999924,53.29999924,4693000,0,1,52.58994105,yahoo_bootstrap
2026-02-04,53.29999924,54.5,52.79999924,54.09999847,3966526,0,1,53.37928276,yahoo_bootstrap
2026-02-05,53.90000153,53.90000153,52.09999847,52.09999847,6217458,0,1,51.40592659,yahoo_bootstrap
2026-02-06,52.09999847,52.29999924,50.5,51.59999847,5120540,0,1,50.91258755,yahoo_bootstrap
2026-02-09,52.5,52.79999924,51.79999924,51.90000153,3729290,0,1,51.20859399,yahoo_bootstrap
2026-02-10,52,52.5,51.79999924,52.20000076,2822620,0,1,51.50459666,yahoo_bootstrap
2026-02-11,52.20000076,54.90000153,52.20000076,54.40000153,10446409,0,1,53.6752892,yahoo_bootstrap
2026-02-23,56.20000076,57.5,56,56.29999924,17241032,0,1,55.5499753,yahoo_bootstrap
2026-02-24,56.29999924,57.20000076,55.59999847,56.5,11150380,0,1,55.74731166,yahoo_bootstrap
2026-02-25,56.79999924,56.79999924,55.29999924,55.5,8031152,0,1,54.76063358,yahoo_bootstrap
2026-02-26,55.5,55.70000076,54.40000153,55,6185179,0,1,54.26729454,yahoo_bootstrap
2026-03-02,57.5,58.20000076,54.29999924,54.59999847,29023439,0,1,53.8726218,yahoo_bootstrap
2026-03-03,54.79999924,56,54.09999847,54.90000153,9102267,0,1,54.16862824,yahoo_bootstrap
2026-03-04,55.40000153,55.90000153,53.20000076,53.5,12421765,0,1,52.78727742,yahoo_bootstrap
2026-03-05,54.5,55.29999924,54.09999847,54.90000153,7779340,0,1,54.16862824,yahoo_bootstrap
2026-03-06,54.5,55.5,54.29999924,54.90000153,3330575,0,1,54.16862824,yahoo_bootstrap
2026-03-09,52.40000153,52.40000153,50.70000076,50.79999924,9679073,0,1,50.12324584,yahoo_bootstrap
2026-03-10,51.70000076,51.70000076,50.20000076,50.5,7362363,0,1,49.82724317,yahoo_bootstrap
2026-03-11,51,51.59999847,50.70000076,51.40000153,7399210,0,1,50.71525495,yahoo_bootstrap
2026-03-12,51.5,51.5,50.40000153,50.5,5730388,0,1,49.82724317,yahoo_bootstrap
2026-03-13,50.09999847,51.29999924,50.09999847,50.79999924,4489446,0,1,50.12324584,yahoo_bootstrap
2026-03-16,51,51.29999924,50.20000076,50.5,3631689,0,1,49.82724317,yahoo_bootstrap
2026-03-17,51,51,50.5,50.5,3544630,0,1,49.82724317,yahoo_bootstrap
2026-03-18,51,51.5,50.40000153,51.20000076,4858190,0,1,50.51791858,yahoo_bootstrap
2026-03-19,51,51,50.20000076,50.20000076,4352371,0,1,49.53124049,yahoo_bootstrap
2026-03-20,50.29999924,50.5,49.54999924,49.70000076,4287950,0,1,49.03790145,yahoo_bootstrap
2026-03-23,48.84999847,51.20000076,48.5,49.09999847,6519290,0,1,48.44589234,yahoo_bootstrap
2026-03-24,50,50,48.45000076,49.09999847,3366670,0,1,48.44589234,yahoo_bootstrap
2026-03-25,49.79999924,51.20000076,49.70000076,51.20000076,4705580,0,1,50.51791858,yahoo_bootstrap
2026-03-26,51.20000076,51.20000076,49.90000153,49.90000153,5456363,0,1,49.23523783,yahoo_bootstrap
2026-03-27,49,49.34999847,48.20000076,48.5,6140438,0,1,47.853887,yahoo_bootstrap
2026-03-30,48.34999847,49.40000153,48,48.70000076,4742510,0,1,48.05122337,yahoo_bootstrap
2026-03-31,49,49,46.79999924,46.79999924,5903330,0,1,46.17653351,yahoo_bootstrap
2026-04-01,47.70000076,47.84999847,47.04999924,47.04999924,2579466,0,1,46.42320303,yahoo_bootstrap
2026-04-02,47.5,47.54999924,46.59999847,46.70000076,2755462,0,1,46.0778672,yahoo_bootstrap
2026-04-07,46.79999924,47.20000076,46.20000076,46.25,2439710,0,1,45.63386132,yahoo_bootstrap
2026-04-08,46.79999924,47.5,46.59999847,47.40000153,3058815,0,1,46.76854262,yahoo_bootstrap
2026-04-09,47.45000076,47.5,46.40000153,46.54999924,3582996,0,1,45.92986399,yahoo_bootstrap
2026-04-10,46.84999847,46.95000076,46.34999847,46.45000076,2609171,0,1,45.83119768,yahoo_bootstrap
2026-04-13,47.04999924,47.04999924,46.20000076,46.95000076,2794015,0,1,46.32453673,yahoo_bootstrap
2026-04-14,47.34999847,47.65000153,46.90000153,47.5,3484030,0,1,46.86720892,yahoo_bootstrap
2026-04-15,47.59999847,48.65000153,47.54999924,47.70000076,4551329,0,1,47.06454529,yahoo_bootstrap
2026-04-16,47.75,51.70000076,47.75,49.70000076,13274406,0,1,49.03790145,yahoo_bootstrap
2026-04-17,50.20000076,51.09999847,49.65000153,50.40000153,7400440,0,1,49.72857687,yahoo_bootstrap
2026-04-20,51,51.5,50.40000153,50.40000153,6423922,0,1,49.72857687,yahoo_bootstrap
2026-04-21,50.5,50.79999924,49.20000076,49.25,6885531,0,1,48.59389557,yahoo_bootstrap
2026-04-22,50.59999847,51.20000076,49.95000076,50,7342343,0,1,49.33390413,yahoo_bootstrap
2026-04-23,50.5,50.5,48.04999924,49.5,7591859,0,1,48.84056509,yahoo_bootstrap
2026-04-24,49.75,49.75,48.25,48.79999924,4040517,0,1,48.14988968,yahoo_bootstrap
2026-04-27,48.54999924,48.84999847,47.90000153,48.20000076,4176410,0,1,47.55788433,yahoo_bootstrap
2026-04-28,48.29999924,48.29999924,47.25,47.5,4009400,0,1,46.86720892,yahoo_bootstrap
2026-04-29,47.29999924,47.90000153,47.29999924,47.5,2450550,0,1,46.86720892,yahoo_bootstrap
2026-04-30,47.5,47.5,46.90000153,46.95000076,3988910,0,1,46.32453673,yahoo_bootstrap
2026-05-04,46.95000076,49.34999847,46.79999924,48.95000076,5641987,0,1,48.29789289,yahoo_bootstrap
2026-05-05,49,50.5,48.65000153,50,6209656,0,1,49.33390413,yahoo_bootstrap
2026-05-06,50.5,50.5,48.84999847,48.95000076,4550200,0,1,48.29789289,yahoo_bootstrap
2026-05-07,49.04999924,49.70000076,48.5,49.5,3930421,0,1,48.84056509,yahoo_bootstrap
2026-05-08,49.5,51.59999847,49.5,50.09999847,10977884,0,1,49.43257043,yahoo_bootstrap
2026-05-11,48.34999847,48.34999847,46.25,47.20000076,15008702,0,1,46.57120625,yahoo_bootstrap
2026-05-12,47.20000076,47.40000153,46.59999847,46.70000076,8106859,0,1,46.0778672,yahoo_bootstrap
2026-05-13,46.70000076,47.09999847,46.40000153,46.79999924,4737050,0,1,46.17653351,yahoo_bootstrap
2026-05-14,46.90000153,46.90000153,46.34999847,46.34999847,4060871,0,1,45.73252762,yahoo_bootstrap
2026-05-15,46.84999847,47.5,46.45000076,46.45000076,4681605,0,1,45.83119768,yahoo_bootstrap
2026-05-18,46.59999847,46.70000076,45.70000076,45.84999847,4365081,0,1,45.23918857,yahoo_bootstrap
2026-05-19,45.84999847,46.25,45.5,45.79999924,3760328,0,1,45.18985543,yahoo_bootstrap
2026-05-20,45.90000153,46.59999847,45.59999847,45.59999847,3489074,0,1,44.99251905,yahoo_bootstrap
2026-05-21,46.09999847,46.59999847,45.79999924,46.29999924,2230975,0,1,45.68319447,yahoo_bootstrap
2026-05-22,46.59999847,46.65000153,46.25,46.5,3288320,0,1,45.88053084,yahoo_bootstrap
2026-05-25,46.59999847,47,46.20000076,46.40000153,5045349,0,1,45.78186454,yahoo_bootstrap
2026-05-26,46.65000153,46.90000153,45.79999924,45.90000153,4563366,0,1,45.2885255,yahoo_bootstrap
2026-05-27,46,46.04999924,45.5,45.5,4491733,0,1,44.89385276,yahoo_bootstrap
2026-05-28,45.90000153,46.65000153,45.65000153,45.90000153,4392737,0,1,45.2885255,yahoo_bootstrap
2026-05-29,46.59999847,48,46.5,47,8085157,0,1,46.37386988,yahoo_bootstrap
2026-06-01,47.5,48.29999924,47.04999924,47.75,7474957,0,1,47.11387844,yahoo_bootstrap
2026-06-02,48.15000153,48.20000076,46.95000076,47.20000076,4459630,0,1,46.57120625,yahoo_bootstrap
2026-06-03,47.20000076,47.40000153,46.75,46.90000153,4790162,0,1,46.27520358,yahoo_bootstrap
2026-06-04,46.90000153,47,46.54999924,46.54999924,3515340,0,1,45.92986399,yahoo_bootstrap
2026-06-05,46.84999847,47.20000076,45.84999847,46.54999924,4708343,0,1,45.92986399,yahoo_bootstrap
2026-06-08,43.04999924,45.20000076,43,45,4399938,0,1,44.40051371,yahoo_bootstrap
2026-06-09,45.20000076,46.79999924,45.20000076,46.79999924,3219538,0,1,46.17653351,yahoo_bootstrap
2026-06-10,47,47.34999847,46.5,46.59999847,4387531,0,1,45.97919714,yahoo_bootstrap
2026-06-11,46.59999847,46.95000076,46.04999924,46.20000076,2555787,0,1,45.58452816,yahoo_bootstrap
2026-06-12,47.04999924,47.59999847,46.95000076,47.15000153,5663515,0,1,46.5218731,yahoo_bootstrap
2026-06-15,47.70000076,47.75,47.20000076,47.25,3218457,0,1,46.6205394,yahoo_bootstrap
2026-06-16,47.34999847,47.45000076,46.65000153,46.75,2701330,0,1,46.12720036,yahoo_bootstrap
2026-06-17,46.54999924,47.65000153,46.54999924,47.20000076,2935115,0,1,46.57120625,yahoo_bootstrap
2026-06-18,47.20000076,47.25,46.84999847,47.20000076,2752386,0,1,46.57120625,yahoo_bootstrap
2026-06-22,48.09999847,50.79999924,48.09999847,50.09999847,18880606,0,1,49.43257043,yahoo_bootstrap
2026-06-23,51,51.29999924,49.25,49.70000076,9761405,0,1,49.03790145,yahoo_bootstrap
2026-06-24,49.20000076,50.29999924,48.59999847,49.29999924,4575287,0,1,48.64322872,yahoo_bootstrap
2026-06-25,49.70000076,49.70000076,48.40000153,48.40000153,4095029,0,1,47.7552207,yahoo_bootstrap
2026-06-26,48.5,49.90000153,48.15000153,49.20000076,7035587,0,1,48.54456241,yahoo_bootstrap
2026-06-29,50.09999847,53.09999847,50.09999847,52,26162563,0,1,51.30726029,yahoo_bootstrap
2026-06-30,52.20000076,57.20000076,52,56.59999847,64845162,0,1,55.84597796,yahoo_bootstrap
2026-07-01,57.79999924,59.40000153,55.70000076,56.20000076,56801663,0,1,55.45130899,yahoo_bootstrap
2026-07-02,56.20000076,57.59999847,54.29999924,54.59999847,25415451,0,1,53.8726218,yahoo_bootstrap
2026-07-03,55.5,60,55.5,60,45567438,0,1,59.20068495,yahoo_bootstrap
2026-07-06,63.40000153,64.5,60.29999924,60.29999924,82802175,0,1,59.49668763,yahoo_bootstrap
2026-07-07,60.90000153,61.40000153,58.29999924,58.40000153,24605051,0,1,57.62200153,yahoo_bootstrap
2026-07-08,60,60.5,56.79999924,59.59999847,25977451,0.778,1,59.59999847,yahoo_bootstrap
2026-07-09,59.09999847,62.40000153,58,58,30754327,0,1,58,yahoo_bootstrap
2026-07-10,58,58,58,58,0,0,1,58,yahoo_bootstrap
2026-07-13,61.59999847,63.79999924,61.20000076,63.79999924,63964171,0,1,63.79999924,yahoo_bootstrap
2026-07-14,66,69.5,64,67.09999847,138686790,0,1,67.09999847,yahoo_bootstrap
2026-07-15,66.80000305,69,63.5,68.30000305,70178343,0,1,68.30000305,yahoo_bootstrap
2026-07-16,67.5,68.30000305,63.90000153,64.5,40631954,0,1,64.5,yahoo_bootstrap
2026-07-17,62,65,60.79999924,61.20000076,36787834,0,1,61.20000076,yahoo_bootstrap
2026-07-20,63.40000153,67.30000305,61.79999924,65,86421932,0,1,65,yahoo_bootstrap
2026-07-21,63.79999924,71.5,62.59999847,71.5,92088131,0,1,71.5,yahoo_bootstrap
2026-07-22,73,75.30000305,64.40000153,64.40000153,152725936,0,1,64.40000153,yahoo_bootstrap
2026-07-23,64.30000305,65,60.20000076,61.90000153,68732264,0,1,61.90000153,yahoo_bootstrap
2026-07-24,62.79999924,67.80000305,62.40000153,65.40000153,92552303,0,1,65.40000153,yahoo_bootstrap
2026-07-27,65.40000153,65.40000153,61.29999924,61.79999924,46054836,0,1,61.79999924,yahoo_daily
2026-07-28,60.09999847,63.59999847,59.90000153,60.90000153,59434696,0,1,60.90000153,yahoo_daily
2026-07-29,61,62.20000076,58,60.70000076,47138767,0,1,60.70000076,yahoo_daily
2026-07-30,60.20000076,60.90000153,58.20000076,58.59999847,23164749,0,1,58.59999847,yahoo_daily
2026-07-31,61.40000153,62.90000153,59.59999847,61.90000153,49099023,0,1,61.90000153,yahoo_daily
2026-08-03,61.20000076,62.29999924,60.59999847,60.70000076,17737096,0,1,60.70000076,yahoo_daily
2026-08-04,60,62.09999847,59.90000153,60.5,21503232,0,1,60.5,yahoo_daily
2026-08-05,61.59999847,64.5,61.29999924,63.5,38637379,0,1,63.5,yahoo_daily
2026-08-06,63,64,61.5,62.20000076,17895370,0,1,62.20000076,yahoo_daily
2026-08-07,61.59999847,62.59999847,60.70000076,61.70000076,13708640,0,1,61.70000076,yahoo_daily
2026-08-10,61.70000076,62,60.79999924,61,11887417,0,1,61,yahoo_daily
2026-08-11,61.5,64.40000153,59.90000153,62.79999924,30888801,0,1,62.79999924,yahoo_daily
2026-08-12,61.79999924,62.20000076,61.40000153,61.70000076,13042515,0,1,61.70000076,yahoo_daily
2026-08-13,63,65,62.90000153,64.19999695,31658681,0,1,64.19999695,yahoo_daily
2026-08-14,64.19999695,70.59999847,63.20000076,70.59999847,78695977,0,1,70.59999847,yahoo_daily
2026-08-17,72.19999695,73.69999695,65.80000305,71,133841897,0,1,71,yahoo_daily
2026-08-18,71.90000153,76.5,70.69999695,73.30000305,100833268,0,1,73.30000305,yahoo_daily
2026-08-19,73,74,68.5,68.59999847,59472494,0,1,68.59999847,yahoo_daily
2026-08-20,69.09999847,75.40000153,69,72.30000305,79397941,0,1,72.30000305,yahoo_daily
2026-08-21,73,73.5,69,69.30000305,59509395,0,1,69.30000305,yahoo_daily
2026-08-24,69.19999695,70.5,68.5,68.59999847,21106318,0,1,68.59999847,yahoo_daily
2026-08-25,68.59999847,69.19999695,66,66.69999695,20382694,0,1,66.69999695,yahoo_daily
2026-08-26,67,69.90000153,67,69,30995094,0,1,69,yahoo_daily
2026-08-27,69.19999695,75,69,70.30000305,103141832,0,1,70.30000305,yahoo_daily
