date,open,high,low,close,volume,dividend,split_factor,adjusted_close,source
2021-08-26,55.33255386,55.4310112,54.64336014,55.13564301,26641169,0,1,44.41937066,yahoo_bootstrap
2021-08-27,55.33255386,57.00631714,55.13564301,56.80940247,55600785,0,1,45.76781493,yahoo_bootstrap
2021-08-30,57.30168533,58.58161926,57.203228,58.58161926,74158370,0,1,47.19558017,yahoo_bootstrap
2021-08-31,58.3847084,58.97544479,57.89242554,58.6800766,49009049,0,1,47.27490114,yahoo_bootstrap
2021-09-01,58.77853394,58.97544479,58.18779373,58.28625107,27295985,0,1,46.95762032,yahoo_bootstrap
2021-09-02,58.3847084,58.3847084,57.10477066,57.7939682,35965765,0,1,46.56101852,yahoo_bootstrap
2021-09-03,58.28625107,59.07390213,57.99088287,58.6800766,35481296,0,1,47.27490114,yahoo_bootstrap
2021-09-06,58.58161926,58.87698746,57.89242554,58.28625107,22948143,0,1,46.95762032,yahoo_bootstrap
2021-09-07,58.48316193,58.58161926,57.99088287,58.28625107,17220729,0,1,46.95762032,yahoo_bootstrap
2021-09-08,58.28625107,58.3847084,57.00631714,57.59705353,31606331,0,1,46.40237657,yahoo_bootstrap
2021-09-09,57.40014267,57.7939682,56.9078598,57.7939682,15455391,0,1,46.56101852,yahoo_bootstrap
2021-09-10,57.89242554,58.48316193,57.49859619,58.28625107,17885028,0,1,46.95762032,yahoo_bootstrap
2021-09-13,58.28625107,59.566185,58.18779373,58.97544479,46600453,0,1,47.51286099,yahoo_bootstrap
2021-09-14,59.36927032,59.66464233,58.6800766,58.87698746,30165676,0,1,47.43354002,yahoo_bootstrap
2021-09-15,58.48316193,58.97544479,58.18779373,58.58161926,18275313,0,1,47.19558017,yahoo_bootstrap
2021-09-16,58.77853394,59.36927032,58.48316193,58.77853394,20618662,0,1,47.35422212,yahoo_bootstrap
2021-09-17,58.97544479,59.07390213,57.99088287,57.99088287,32889602,0,1,46.71966047,yahoo_bootstrap
2021-09-22,56.3171196,56.41557693,55.03718567,55.92329407,71719541,0,1,45.0539323,yahoo_bootstrap
2021-09-23,56.41557693,56.71094513,56.21866226,56.61249161,19175272,0,1,45.60917605,yahoo_bootstrap
2021-09-24,57.10477066,57.40014267,56.71094513,56.9078598,15175451,0,1,45.8471359,yahoo_bootstrap
2021-09-27,57.10477066,57.99088287,56.9078598,57.7939682,27827524,0,1,46.56101852,yahoo_bootstrap
2021-09-28,57.7939682,58.28625107,57.203228,58.0893364,28074224,0,1,46.79897837,yahoo_bootstrap
2021-09-29,57.10477066,57.49859619,56.3171196,57.10477066,34510298,0,1,46.00577477,yahoo_bootstrap
2021-09-30,57.10477066,57.10477066,56.61249161,57.00631714,17103530,0,1,45.92645687,yahoo_bootstrap
2021-10-01,56.51403427,56.51403427,55.72637939,56.0217514,27376947,0,1,45.13325327,yahoo_bootstrap
2021-10-04,56.21866226,56.41557693,55.4310112,55.72637939,19149124,0,1,44.89529035,yahoo_bootstrap
2021-10-05,55.23410034,55.62792587,54.5449028,55.52946854,31843915,0,1,44.73665148,yahoo_bootstrap
2021-10-06,56.12020874,56.61249161,55.33255386,56.21866226,31309768,0,1,45.29189215,yahoo_bootstrap
2021-10-07,56.51403427,56.80940247,56.21866226,56.21866226,22484176,0,1,45.29189215,yahoo_bootstrap
2021-10-08,56.61249161,56.61249161,56.0217514,56.21866226,12479234,0,1,45.29189215,yahoo_bootstrap
2021-10-12,55.4310112,55.62792587,54.84027481,55.52946854,32109138,0,1,44.73665148,yahoo_bootstrap
2021-10-13,55.82483673,56.21866226,54.93872833,55.33255386,22436740,0,1,44.57800953,yahoo_bootstrap
2021-10-14,55.62792587,56.0217514,55.23410034,55.72637939,18618812,0,1,44.89529035,yahoo_bootstrap
2021-10-15,56.3171196,57.59705353,56.21866226,57.40014267,46255177,0,1,46.2437377,yahoo_bootstrap
2021-10-18,57.59705353,58.28625107,57.49859619,57.7939682,32094075,0,1,46.56101852,yahoo_bootstrap
2021-10-19,58.0893364,58.28625107,57.40014267,57.49859619,23093032,0,1,46.3230556,yahoo_bootstrap
2021-10-20,57.89242554,58.0893364,57.203228,57.40014267,19670745,0,1,46.2437377,yahoo_bootstrap
2021-10-21,57.40014267,58.18779373,57.30168533,57.7939682,21595534,0,1,46.56101852,yahoo_bootstrap
2021-10-22,57.7939682,57.7939682,57.203228,57.40014267,10127952,0,1,46.2437377,yahoo_bootstrap
2021-10-25,57.30168533,57.7939682,57.00631714,57.49859619,8739995,0,1,46.3230556,yahoo_bootstrap
2021-10-26,57.89242554,58.28625107,57.49859619,58.18779373,21546755,0,1,46.87829934,yahoo_bootstrap
2021-10-27,58.0893364,58.0893364,57.40014267,57.7939682,10663213,0,1,46.56101852,yahoo_bootstrap
2021-10-28,57.49859619,57.59705353,57.00631714,57.203228,12879285,0,1,46.08509575,yahoo_bootstrap
2021-10-29,57.00631714,57.40014267,56.61249161,57.203228,17988839,0,1,46.08509575,yahoo_bootstrap
2021-11-01,57.203228,57.59705353,56.71094513,56.71094513,14204004,0,1,45.68849395,yahoo_bootstrap
2021-11-02,56.9078598,57.203228,56.51403427,56.51403427,13041685,0,1,45.52985507,yahoo_bootstrap
2021-11-03,56.61249161,56.9078598,56.41557693,56.71094513,10351117,0,1,45.68849395,yahoo_bootstrap
2021-11-04,57.10477066,57.49859619,56.9078598,57.00631714,15940687,0,1,45.92645687,yahoo_bootstrap
2021-11-05,57.00631714,57.59705353,56.71094513,57.59705353,12931802,0,1,46.40237657,yahoo_bootstrap
2021-11-08,57.40014267,57.7939682,57.30168533,57.7939682,13095097,0,1,46.56101852,yahoo_bootstrap
2021-11-09,57.7939682,57.7939682,57.40014267,57.59705353,12698177,0,1,46.40237657,yahoo_bootstrap
2021-11-10,57.59705353,57.7939682,57.49859619,57.69551086,8301633,0,1,46.48169754,yahoo_bootstrap
2021-11-11,57.7939682,57.7939682,57.30168533,57.69551086,15544444,0,1,46.48169754,yahoo_bootstrap
2021-11-12,57.7939682,58.18779373,57.59705353,57.99088287,21255169,0,1,46.71966047,yahoo_bootstrap
2021-11-15,58.28625107,59.36927032,58.28625107,58.77853394,31008602,0,1,47.35422212,yahoo_bootstrap
2021-11-16,58.97544479,59.07390213,58.58161926,59.07390213,18979473,0,1,47.59218197,yahoo_bootstrap
2021-11-17,59.36927032,61.23994446,59.2708168,61.23994446,77847540,0,1,49.33722804,yahoo_bootstrap
2021-11-18,61.14148712,62.51987839,60.74766159,62.02759552,62091242,0,1,49.97178968,yahoo_bootstrap
2021-11-19,62.02759552,62.02759552,60.64920425,60.84611893,35764634,0,1,49.01994721,yahoo_bootstrap
2021-11-22,60.55075073,60.64920425,59.96001053,60.1569252,26853595,0,1,48.46470654,yahoo_bootstrap
2021-11-23,59.86155319,60.55075073,59.76309967,59.86155319,18474909,0,1,48.22674361,yahoo_bootstrap
2021-11-24,60.1569252,60.84611893,60.05846786,60.1569252,14975675,0,1,48.46470654,yahoo_bootstrap
2021-11-25,60.84611893,60.84611893,60.05846786,60.64920425,20327191,0,1,48.86130526,yahoo_bootstrap
2021-11-26,60.1569252,60.35383606,59.07390213,59.2708168,45777607,0,1,47.75082391,yahoo_bootstrap
2021-11-29,58.58161926,58.97544479,58.0893364,58.3847084,28848246,0,1,47.03694129,yahoo_bootstrap
2021-11-30,58.58161926,59.07390213,58.18779373,59.07390213,44996400,0,1,47.59218197,yahoo_bootstrap
2021-12-01,58.58161926,59.07390213,58.18779373,58.97544479,22845800,0,1,47.51286099,yahoo_bootstrap
2021-12-02,58.48316193,58.6800766,58.28625107,58.58161926,20341940,0,1,47.19558017,yahoo_bootstrap
2021-12-03,58.97544479,59.46772766,58.87698746,58.97544479,14967580,0,1,47.51286099,yahoo_bootstrap
2021-12-06,58.87698746,59.07390213,58.48316193,59.07390213,15447978,0,1,47.59218197,yahoo_bootstrap
2021-12-07,59.17235947,59.76309967,58.6800766,59.76309967,19419379,0,1,48.14742571,yahoo_bootstrap
2021-12-08,60.05846786,60.25537872,59.66464233,59.76309967,19804786,0,1,48.14742571,yahoo_bootstrap
2021-12-09,59.76309967,60.1569252,59.46772766,59.76309967,13858609,0,1,48.14742571,yahoo_bootstrap
2021-12-10,59.86155319,59.86155319,59.36927032,59.566185,13852866,0,1,47.98878377,yahoo_bootstrap
2021-12-13,60.05846786,60.55075073,59.76309967,59.76309967,18977523,0,1,48.14742571,yahoo_bootstrap
2021-12-14,59.66464233,59.66464233,59.17235947,59.2708168,16292706,0,1,47.75082391,yahoo_bootstrap
2021-12-15,58.97544479,59.2708168,58.87698746,58.87698746,16207372,0,1,47.43354002,yahoo_bootstrap
2021-12-16,59.17235947,59.46772766,59.07390213,59.36927032,13009271,0,1,47.83014181,yahoo_bootstrap
2021-12-17,59.36927032,59.76309967,59.2708168,59.566185,15963137,0,1,47.98878377,yahoo_bootstrap
2021-12-20,59.17235947,59.566185,58.97544479,58.97544479,15083251,0,1,47.51286099,yahoo_bootstrap
2021-12-21,58.97544479,59.566185,58.97544479,59.36927032,12814287,0,1,47.83014181,yahoo_bootstrap
2021-12-22,59.36927032,59.566185,59.17235947,59.36927032,9101933,0,1,47.83014181,yahoo_bootstrap
2021-12-23,59.36927032,59.66464233,59.2708168,59.566185,11491174,0,1,47.98878377,yahoo_bootstrap
2021-12-24,59.66464233,60.4522934,59.566185,60.1569252,21822909,0,1,48.46470654,yahoo_bootstrap
2021-12-27,60.4522934,60.55075073,60.1569252,60.35383606,12334157,0,1,48.62334541,yahoo_bootstrap
2021-12-28,60.74766159,61.43685913,60.55075073,61.33840179,34270876,0,1,49.416549,yahoo_bootstrap
2021-12-29,61.83068466,62.32296753,61.53531647,62.02759552,49675714,0,1,49.97178968,yahoo_bootstrap
2021-12-30,62.02759552,62.02759552,61.53531647,61.53531647,16062473,0,1,49.57519096,yahoo_bootstrap
2022-01-03,61.83068466,61.929142,60.64920425,60.64920425,18543676,0,1,48.86130526,yahoo_bootstrap
2022-01-04,60.64920425,61.0430336,60.55075073,61.0430336,15794063,0,1,49.17858916,yahoo_bootstrap
2022-01-05,60.64920425,61.0430336,60.35383606,60.94457626,15297507,0,1,49.09926818,yahoo_bootstrap
2022-01-06,60.94457626,61.33840179,60.4522934,61.0430336,16410627,0,1,49.17858916,yahoo_bootstrap
2022-01-07,61.0430336,61.53531647,60.84611893,61.0430336,21070071,0,1,49.17858916,yahoo_bootstrap
2022-01-10,61.0430336,61.33840179,60.74766159,61.14148712,12278222,0,1,49.25790706,yahoo_bootstrap
2022-01-11,61.53531647,63.89826965,61.14148712,63.50444412,99317151,0,1,51.16159507,yahoo_bootstrap
2022-01-12,63.4059906,63.99672699,62.8152504,63.7013588,50052596,0,1,51.32023703,yahoo_bootstrap
2022-01-13,63.7013588,66.75350952,63.50444412,66.35968781,102744830,0,1,53.46188797,yahoo_bootstrap
2022-01-14,65.96585846,67.34424591,65.47357178,66.65505219,79080616,0,1,53.69984474,yahoo_bootstrap
2022-01-17,66.26123047,66.95042419,65.47357178,65.47357178,38403109,0,1,52.7479992,yahoo_bootstrap
2022-01-18,65.57202911,66.16277313,65.1782074,65.86740112,32965915,0,1,53.06528309,yahoo_bootstrap
2022-01-19,65.37512207,65.47357178,64.58746338,65.07975006,39773480,0,1,52.43072144,yahoo_bootstrap
2022-01-20,64.58746338,65.07975006,63.99672699,64.78437805,34964359,0,1,52.19275852,yahoo_bootstrap
2022-01-21,64.19364166,64.292099,63.20907593,63.4059906,42816020,0,1,51.08227717,yahoo_bootstrap
2022-01-24,63.01216125,63.60290146,62.42142487,63.30753326,31693467,0,1,51.0029562,yahoo_bootstrap
2022-01-25,62.61833572,62.71679306,61.43685913,62.02759552,59782397,0,1,49.97178968,yahoo_bootstrap
2022-01-26,62.02759552,62.71679306,61.83068466,62.32296753,22512004,0,1,50.2097526,yahoo_bootstrap
2022-02-07,62.8152504,64.78437805,62.8152504,64.68592072,46962191,0,1,52.11343755,yahoo_bootstrap
2022-02-08,64.48901367,65.47357178,64.09518433,64.98129272,32606233,0,1,52.35140047,yahoo_bootstrap
2022-02-09,65.37512207,65.37512207,64.58746338,64.98129272,20734922,0,1,52.35140047,yahoo_bootstrap
2022-02-10,64.88283539,64.88283539,64.09518433,64.78437805,19424658,0,1,52.19275852,yahoo_bootstrap
2022-02-11,64.39055634,64.68592072,64.19364166,64.58746338,13579678,0,1,52.03411657,yahoo_bootstrap
2022-02-14,63.50444412,63.50444412,62.61833572,63.20907593,35138880,0,1,50.92363523,yahoo_bootstrap
2022-02-15,63.60290146,63.89826965,63.20907593,63.30753326,20628424,0,1,51.0029562,yahoo_bootstrap
2022-02-16,63.79981613,63.79981613,63.20907593,63.79981613,19911063,0,1,51.399558,yahoo_bootstrap
2022-02-17,63.7013588,63.99672699,63.30753326,63.7013588,22626777,0,1,51.32023703,yahoo_bootstrap
2022-02-18,63.11061859,63.60290146,63.11061859,63.60290146,18181184,0,1,51.24091605,yahoo_bootstrap
2022-02-21,63.30753326,63.7013588,63.01216125,63.60290146,14512804,0,1,51.24091605,yahoo_bootstrap
2022-02-22,63.01216125,63.20907593,62.22451019,62.71679306,27472813,0,1,50.52703343,yahoo_bootstrap
2022-02-23,62.51987839,63.01216125,62.42142487,62.71679306,15633147,0,1,50.52703343,yahoo_bootstrap
2022-02-24,62.22451019,62.51987839,61.53531647,62.02759552,40359662,0,1,49.97178968,yahoo_bootstrap
2022-02-25,61.73222733,62.02759552,60.64920425,61.33840179,57604516,0,1,49.416549,yahoo_bootstrap
2022-03-01,60.74766159,61.73222733,60.55075073,61.63376999,26221496,0,1,49.65450886,yahoo_bootstrap
2022-03-02,61.14148712,61.23994446,60.84611893,61.0430336,19053285,0,1,49.17858916,yahoo_bootstrap
2022-03-03,61.33840179,61.53531647,61.0430336,61.14148712,13658259,0,1,49.25790706,yahoo_bootstrap
2022-03-04,60.84611893,60.84611893,60.25537872,60.25537872,22516725,0,1,48.54402443,yahoo_bootstrap
2022-03-07,59.46772766,59.566185,57.89242554,58.48316193,52547743,0,1,47.1162592,yahoo_bootstrap
2022-03-08,57.30168533,57.89242554,57.10477066,57.59705353,52521052,0,1,46.40237657,yahoo_bootstrap
2022-03-09,58.0893364,58.48316193,57.69551086,58.0893364,18562773,0,1,46.79897837,yahoo_bootstrap
2022-03-10,58.58161926,59.566185,58.58161926,59.36927032,22154019,0,1,47.83014181,yahoo_bootstrap
2022-03-11,59.2708168,59.66464233,58.97544479,59.36927032,12391678,0,1,47.83014181,yahoo_bootstrap
2022-03-14,59.76309967,60.55075073,59.66464233,60.25537872,14715692,0,1,48.54402443,yahoo_bootstrap
2022-03-15,60.35383606,60.55075073,59.96001053,60.35383606,16538172,0,1,48.62334541,yahoo_bootstrap
2022-03-16,60.74766159,61.0430336,60.4522934,61.0430336,22417228,0,1,49.17858916,yahoo_bootstrap
2022-03-17,61.53531647,62.22451019,61.43685913,62.12605286,35990386,0,1,50.05111066,yahoo_bootstrap
2022-03-18,62.42142487,62.8152504,62.12605286,62.32296753,28605665,0,1,50.2097526,yahoo_bootstrap
2022-03-21,62.32296753,62.8152504,62.22451019,62.61833572,17044030,0,1,50.44771245,yahoo_bootstrap
2022-03-22,62.61833572,62.61833572,62.12605286,62.61833572,9970489,0,1,50.44771245,yahoo_bootstrap
2022-03-23,63.11061859,63.99672699,63.01216125,63.79981613,28568678,0,1,51.399558,yahoo_bootstrap
2022-03-24,63.30753326,63.4059906,62.61833572,63.30753326,17799803,0,1,51.0029562,yahoo_bootstrap
2022-03-25,62.8152504,63.01216125,62.51987839,62.51987839,11052557,0,1,50.36839148,yahoo_bootstrap
2022-03-28,61.83068466,62.71679306,61.63376999,62.32296753,9922542,0,1,50.2097526,yahoo_bootstrap
2022-03-29,62.51987839,62.91370773,62.32296753,62.8152504,9100420,0,1,50.6063544,yahoo_bootstrap
2022-03-30,63.11061859,63.50444412,63.01216125,63.4059906,14889417,0,1,51.08227717,yahoo_bootstrap
2022-03-31,63.50444412,63.7013588,63.20907593,63.50444412,15285676,0,1,51.16159507,yahoo_bootstrap
2022-04-01,63.01216125,63.99672699,62.8152504,63.99672699,16543294,0,1,51.55819687,yahoo_bootstrap
2022-04-06,64.09518433,64.48901367,63.50444412,64.48901367,24432720,0,1,51.95480174,yahoo_bootstrap
2022-04-07,64.292099,64.68592072,63.50444412,63.79981613,26966832,0,1,51.399558,yahoo_bootstrap
2022-04-08,63.99672699,64.09518433,63.50444412,63.99672699,13099013,0,1,51.55819687,yahoo_bootstrap
2022-04-11,64.292099,64.68592072,63.11061859,63.79981613,15204200,0,1,51.399558,yahoo_bootstrap
2022-04-12,63.79981613,63.99672699,63.30753326,63.89826965,13855916,0,1,51.4788759,yahoo_bootstrap
2022-04-13,64.292099,64.48901367,63.99672699,64.39055634,14860767,0,1,51.87548077,yahoo_bootstrap
2022-04-14,64.39055634,64.48901367,63.7013588,63.7013588,10936093,0,1,51.32023703,yahoo_bootstrap
2022-04-15,63.4059906,63.50444412,62.8152504,63.01216125,12943168,0,1,50.76499327,yahoo_bootstrap
2022-04-18,62.71679306,62.8152504,61.53531647,61.83068466,13876252,0,1,49.8131508,yahoo_bootstrap
2022-04-19,62.22451019,62.91370773,61.73222733,61.73222733,13942787,0,1,49.73382984,yahoo_bootstrap
2022-04-20,62.22451019,62.91370773,61.83068466,62.91370773,17198148,0,1,50.68567537,yahoo_bootstrap
2022-04-21,62.71679306,62.91370773,62.12605286,62.91370773,15850692,0,1,50.68567537,yahoo_bootstrap
2022-04-22,62.22451019,63.20907593,62.12605286,63.20907593,19169769,0,1,50.92363523,yahoo_bootstrap
2022-04-25,62.51987839,62.8152504,61.929142,62.8152504,22063347,0,1,50.6063544,yahoo_bootstrap
2022-04-26,62.42142487,63.01216125,62.42142487,63.01216125,14189338,0,1,50.76499327,yahoo_bootstrap
2022-04-27,62.02759552,62.22451019,61.0430336,61.0430336,21629798,0,1,49.17858916,yahoo_bootstrap
2022-04-28,61.0430336,61.53531647,60.35383606,61.14148712,24222091,0,1,49.25790706,yahoo_bootstrap
2022-04-29,61.33840179,61.73222733,61.33840179,61.53531647,10450448,0,1,49.57519096,yahoo_bootstrap
2022-05-03,61.53531647,61.53531647,60.84611893,61.33840179,8219379,0,1,49.416549,yahoo_bootstrap
2022-05-04,61.43685913,62.12605286,61.43685913,61.929142,8695837,0,1,49.89247178,yahoo_bootstrap
2022-05-05,62.22451019,62.32296753,61.23994446,61.33840179,30823654,0,1,49.416549,yahoo_bootstrap
2022-05-06,60.1569252,60.64920425,59.86155319,60.25537872,23884130,0,1,48.54402443,yahoo_bootstrap
2022-05-09,59.36927032,59.46772766,57.59705353,57.7939682,37030768,0,1,46.56101852,yahoo_bootstrap
2022-05-10,56.71094513,57.40014267,56.41557693,57.10477066,38801184,0,1,46.00577477,yahoo_bootstrap
2022-05-11,56.71094513,56.80940247,55.13564301,55.33255386,38739741,0,1,44.57800953,yahoo_bootstrap
2022-05-12,54.44644547,54.93872833,53.26496887,53.26496887,47694696,0,1,42.91228443,yahoo_bootstrap
2022-05-13,53.85570908,54.24953461,52.772686,53.46188354,38582173,0,1,43.07092638,yahoo_bootstrap
2022-05-16,53.75725174,53.75725174,51.88657761,52.37886047,29255229,0,1,42.19840181,yahoo_bootstrap
2022-05-17,52.57577133,52.67422867,51.68966293,51.78812027,32610694,0,1,41.72247904,yahoo_bootstrap
2022-05-18,51.78812027,53.75725174,51.68966293,53.26496887,36608835,0,1,42.91228443,yahoo_bootstrap
2022-05-19,52.1819458,52.37886047,51.78812027,51.88657761,25444245,0,1,41.80180002,yahoo_bootstrap
2022-05-20,52.57577133,52.67422867,51.98503494,52.08348846,16717178,0,1,41.96043889,yahoo_bootstrap
2022-05-23,52.57577133,52.57577133,51.19738388,51.49275208,21851037,0,1,41.4845192,yahoo_bootstrap
2022-05-24,51.78812027,52.1819458,51.19738388,51.19738388,28166115,0,1,41.24655934,yahoo_bootstrap
2022-05-25,51.19738388,51.2958374,49.91744614,50.60664368,43772604,0,1,40.77063657,yahoo_bootstrap
2022-05-26,50.90201187,51.68966293,50.50818634,50.7050972,34622073,0,1,40.84995447,yahoo_bootstrap
2022-05-27,51.19738388,52.1819458,51.09892654,51.78812027,30660977,0,1,41.72247904,yahoo_bootstrap
2022-05-30,52.37886047,53.36342621,52.28040314,53.16651154,27662701,0,1,42.83296347,yahoo_bootstrap
2022-05-31,53.36342621,54.84027481,52.67422867,54.84027481,42120792,0,1,44.1814108,yahoo_bootstrap
2022-06-01,54.05261993,54.34798813,53.46188354,53.85570908,27593032,0,1,43.38820721,yahoo_bootstrap
2022-06-02,53.46188354,53.85570908,52.96960068,53.6587944,18244024,0,1,43.22956526,yahoo_bootstrap
2022-06-06,53.46188354,54.15107727,53.16651154,53.9541626,13978933,0,1,43.46752511,yahoo_bootstrap
2022-06-07,53.85570908,54.34798813,53.46188354,53.9541626,17222277,0,1,43.46752511,yahoo_bootstrap
2022-06-08,54.34798813,54.34798813,53.85570908,53.9541626,14932490,0,1,43.46752511,yahoo_bootstrap
2022-06-09,53.75725174,54.15107727,53.56033707,53.9541626,15461043,0,1,43.46752511,yahoo_bootstrap
2022-06-10,53.56033707,54.05261993,53.26496887,53.9541626,11193401,0,1,43.46752511,yahoo_bootstrap
2022-06-13,52.772686,53.16651154,52.28040314,52.96960068,22637022,0,1,42.67432459,yahoo_bootstrap
2022-06-14,52.772686,53.0680542,52.37886047,52.57577133,17399724,0,1,42.35704069,yahoo_bootstrap
2022-06-15,52.57577133,53.16651154,52.47731781,52.772686,14781216,0,1,42.51568263,yahoo_bootstrap
2022-06-16,53.36342621,53.75725174,52.772686,52.87114334,16857169,0,1,42.59500361,yahoo_bootstrap
2022-06-17,51.98503494,52.67422867,51.88657761,52.1819458,30064874,0,1,42.03975987,yahoo_bootstrap
2022-06-20,52.1819458,53.16651154,50.60664368,51.00046921,29358054,0,1,41.0879174,yahoo_bootstrap
2022-06-21,51.88657761,53.9541626,51.59120941,53.36342621,39029111,0,1,42.99160541,yahoo_bootstrap
2022-06-22,53.16651154,53.6587944,52.1819458,52.1819458,20297591,0,1,42.03975987,yahoo_bootstrap
2022-06-23,52.1819458,52.57577133,51.59120941,52.1819458,23931931,0,1,42.03975987,yahoo_bootstrap
2022-06-24,53.0680542,53.0680542,52.37886047,52.57577133,14529006,0,1,42.35704069,yahoo_bootstrap
2022-06-27,52.96960068,53.36342621,52.67422867,52.67422867,15193358,0,1,42.43636167,yahoo_bootstrap
2022-06-28,52.57577133,53.0680542,52.47731781,52.96960068,17056910,0,1,42.67432459,yahoo_bootstrap
2022-06-29,51.68966293,52.28040314,51.59120941,51.98503494,33018176,0,1,41.88112099,yahoo_bootstrap
2022-06-30,51.78812027,51.88657761,50.11436081,50.11436081,38809943,0,1,40.37403477,yahoo_bootstrap
2022-07-01,50.21281815,50.409729,48.9328804,48.9328804,54708765,0,1,39.42218923,yahoo_bootstrap
2022-07-04,44.79771042,45.48690414,44.30542755,44.79771042,69323923,3.445978,1,38.82488637,yahoo_bootstrap
2022-07-05,45.92995834,46.66838455,45.14230728,46.02841568,33469019,0,1,39.8915032,yahoo_bootstrap
2022-07-06,46.02841568,46.02841568,44.10851288,44.25619888,33624077,0,1,38.3555739,yahoo_bootstrap
2022-07-07,44.45310974,44.74848175,43.51777649,44.35465622,40533581,0,1,38.44090405,yahoo_bootstrap
2022-07-08,44.69925308,45.09307861,43.86237335,44.10851288,26237290,0,1,38.2275787,yahoo_bootstrap
2022-07-11,44.35465622,44.55156708,44.10851288,44.35465622,11766820,0,1,38.44090405,yahoo_bootstrap
2022-07-12,43.91160202,44.01005554,43.12394714,43.12394714,21586935,0,1,37.37428391,yahoo_bootstrap
2022-07-13,44.35465622,45.09307861,44.35465622,44.79771042,22065712,0,1,38.82488637,yahoo_bootstrap
2022-07-14,44.40388489,44.79771042,44.10851288,44.30542755,15908384,0,1,38.39823898,yahoo_bootstrap
2022-07-15,44.01005554,44.01005554,43.41931915,43.46854782,23593936,0,1,37.6729394,yahoo_bootstrap
2022-07-18,43.81314468,44.65002441,43.71468735,44.50233841,21331916,0,1,38.56889595,yahoo_bootstrap
2022-07-19,44.15774155,44.40388489,44.01005554,44.25619888,15782828,0,1,38.3555739,yahoo_bootstrap
2022-07-20,44.89616776,45.24076462,44.15774155,44.20697021,21295693,0,1,38.31290883,yahoo_bootstrap
2022-07-21,44.10851288,44.40388489,43.51777649,44.35465622,23793580,0,1,38.44090405,yahoo_bootstrap
2022-07-22,44.99462128,44.99462128,44.01005554,44.30542755,27641954,0,1,38.39823898,yahoo_bootstrap
2022-07-25,44.20697021,44.89616776,44.05928421,44.84693527,13526515,0,1,38.86754813,yahoo_bootstrap
2022-07-26,44.79771042,45.09307861,44.50233841,44.89616776,11568440,0,1,38.91021651,yahoo_bootstrap
2022-07-27,44.89616776,44.89616776,44.30542755,44.55156708,13479616,0,1,38.61156102,yahoo_bootstrap
2022-07-28,44.84693527,45.09307861,44.69925308,45.09307861,15518722,0,1,39.08087348,yahoo_bootstrap
2022-07-29,45.28999329,45.38844681,44.79771042,44.79771042,17754349,0,1,38.82488637,yahoo_bootstrap
2022-08-01,44.79771042,44.84693527,44.50233841,44.74848175,16222521,0,1,38.7822213,yahoo_bootstrap
2022-08-02,44.20697021,44.60079575,43.86237335,44.15774155,34951954,0,1,38.27024377,yahoo_bootstrap
2022-08-03,44.01005554,44.25619888,43.81314468,44.25619888,12287780,0,1,38.3555739,yahoo_bootstrap
2022-08-04,44.25619888,44.35465622,43.96083069,44.15774155,12679483,0,1,38.27024377,yahoo_bootstrap
2022-08-05,44.69925308,45.09307861,44.60079575,45.04384995,20492305,0,1,39.03820842,yahoo_bootstrap
2022-08-08,44.69925308,45.53613281,44.55156708,45.43767548,15843684,0,1,39.37952567,yahoo_bootstrap
2022-08-09,45.48690414,45.73304749,45.19153595,45.38844681,14073073,0,1,39.3368606,yahoo_bootstrap
2022-08-10,45.19153595,45.68381882,45.04384995,45.68381882,14901866,0,1,39.59285102,yahoo_bootstrap
2022-08-11,45.78227234,46.56992722,45.78227234,46.47146988,22982554,0,1,40.27548553,yahoo_bootstrap
2022-08-12,46.47146988,46.66838455,46.27455521,46.52069855,11619127,0,1,40.3181506,yahoo_bootstrap
2022-08-15,46.76683807,46.81606674,46.42224121,46.56992722,10339051,0,1,40.36081567,yahoo_bootstrap
2022-08-16,46.61915588,46.66838455,46.37301254,46.37301254,12456500,0,1,40.19015538,yahoo_bootstrap
2022-08-17,46.42224121,46.71760941,46.32378387,46.71760941,18590548,0,1,40.48880757,yahoo_bootstrap
2022-08-18,46.56992722,46.61915588,46.32378387,46.52069855,11000350,0,1,40.3181506,yahoo_bootstrap
2022-08-19,46.37301254,46.76683807,46.37301254,46.76683807,7806451,0,1,40.53147264,yahoo_bootstrap
2022-08-22,46.37301254,46.47146988,46.12687302,46.17610168,8201591,0,1,40.01949841,yahoo_bootstrap
2022-08-23,45.83150101,45.88072968,45.58536148,45.63459015,13694575,0,1,39.55018595,yahoo_bootstrap
2022-08-24,45.73304749,45.97918701,45.48690414,45.63459015,9919466,0,1,39.55018595,yahoo_bootstrap
2022-08-25,45.63459015,46.12687302,45.63459015,45.83150101,11555931,0,1,39.72084292,yahoo_bootstrap
2022-08-26,46.12687302,46.27455521,45.92995834,46.02841568,10029331,0,1,39.8915032,yahoo_bootstrap
2022-08-29,44.69925308,45.04384995,44.50233841,44.89616776,24752959,0,1,38.91021651,yahoo_bootstrap
2022-08-30,44.40388489,44.55156708,43.66545868,43.76391602,61307097,0,1,37.92892652,yahoo_bootstrap
2022-08-31,43.56700134,44.10851288,43.41931915,43.86237335,25861917,0,1,38.01425665,yahoo_bootstrap
2022-09-01,43.41931915,43.96083069,43.32086182,43.86237335,28249263,0,1,38.01425665,yahoo_bootstrap
2022-09-02,43.66545868,43.71468735,43.37009048,43.37009048,25487883,0,1,37.58760926,yahoo_bootstrap
2022-09-05,43.37009048,43.66545868,43.22240448,43.37009048,18199033,0,1,37.58760926,yahoo_bootstrap
2022-09-06,43.51777649,43.91160202,43.41931915,43.56700134,13905793,0,1,37.75826623,yahoo_bootstrap
2022-09-07,43.32086182,43.32086182,42.43475342,42.48398209,38851978,0,1,36.81964462,yahoo_bootstrap
2022-09-08,42.68089294,42.77935028,42.38552475,42.48398209,26616181,0,1,36.81964462,yahoo_bootstrap
2022-09-12,43.17317581,43.41931915,42.92703629,43.37009048,24566896,0,1,37.58760926,yahoo_bootstrap
2022-09-13,43.41931915,43.51777649,42.97626495,42.97626495,31876489,0,1,37.246292,yahoo_bootstrap
2022-09-14,41.99169922,42.33629608,41.89324188,42.18861389,35139619,0,1,36.5636575,yahoo_bootstrap
2022-09-15,42.23783875,42.77935028,41.99169922,42.43475342,17428617,0,1,36.77697954,yahoo_bootstrap
2022-09-16,42.04092789,42.38552475,41.94247055,42.13938141,29687085,0,1,36.52098912,yahoo_bootstrap
2022-09-19,42.28706741,42.33629608,41.99169922,42.09015656,14889021,0,1,36.47832736,yahoo_bootstrap
2022-09-20,42.38552475,42.58243942,42.28706741,42.38552475,13104514,0,1,36.73431447,yahoo_bootstrap
2022-09-21,42.38552475,42.38552475,41.84401321,41.89324188,16482739,0,1,36.30766708,yahoo_bootstrap
2022-09-22,41.40095901,41.40095901,40.66253662,41.00713348,39030847,0,1,35.53970243,yahoo_bootstrap
2022-09-23,40.90867615,41.54864502,40.90867615,41.45018768,15351743,0,1,35.92368475,yahoo_bootstrap
2022-09-26,41.15481949,41.45018768,40.51485062,40.85944748,26192202,0,1,35.41170722,yahoo_bootstrap
2022-09-27,40.95790482,41.15481949,40.31793976,40.31793976,25032696,0,1,34.94239807,yahoo_bootstrap
2022-09-28,40.46562195,40.51485062,39.18568802,39.18568802,43891769,0,1,33.96110807,yahoo_bootstrap
2022-09-29,39.57951355,39.67797089,39.13645935,39.53028488,33325179,0,1,34.25976025,yahoo_bootstrap
2022-09-30,38.89031982,39.33337402,38.59494781,39.33337402,39963995,0,1,34.08910327,yahoo_bootstrap
2022-10-03,38.79186249,38.84109116,38.39803696,38.39803696,26743090,0,1,33.27847356,yahoo_bootstrap
2022-10-04,38.84109116,39.03800583,38.29957962,38.93954849,29038761,0,1,33.74778602,yahoo_bootstrap
2022-10-05,39.62874222,40.71176529,39.57951355,40.12102509,37795227,0,1,34.77173779,yahoo_bootstrap
2022-10-06,40.56407928,40.56407928,39.92411041,40.17025375,15835427,0,1,34.81440285,yahoo_bootstrap
2022-10-07,40.12102509,40.26871109,39.72719955,39.87488556,16600789,0,1,34.55841574,yahoo_bootstrap
2022-10-11,39.08723068,39.33337402,38.74263382,38.98877335,33677621,0,1,33.79044779,yahoo_bootstrap
2022-10-12,38.98877335,39.28414536,38.49649429,38.93954849,21923607,0,1,33.74778602,yahoo_bootstrap
2022-10-13,38.54571915,38.74263382,36.82273102,36.87195969,79819802,0,1,31.95586631,yahoo_bootstrap
2022-10-14,37.56115723,37.90575409,37.06887436,37.06887436,37620037,0,1,32.12652659,yahoo_bootstrap
2022-10-17,36.92118835,37.41347122,36.28121948,37.06887436,33242905,0,1,32.12652659,yahoo_bootstrap
2022-10-18,37.36424255,37.70883942,36.92118835,37.56115723,26680073,0,1,32.55317399,yahoo_bootstrap
2022-10-19,37.56115723,37.90575409,37.36424255,37.70883942,25570695,0,1,32.68116589,yahoo_bootstrap
2022-10-20,36.82273102,37.51192856,36.52736282,37.26578522,31352470,0,1,32.29718356,yahoo_bootstrap
2022-10-21,36.7242775,36.7242775,35.69048309,35.98585129,49699759,0,1,31.18790166,yahoo_bootstrap
2022-10-24,36.42890549,36.82273102,36.28121948,36.42890549,18929719,0,1,31.57188399,yahoo_bootstrap
2022-10-25,36.7242775,37.06887436,36.42890549,36.92118835,20245957,0,1,31.99853137,yahoo_bootstrap
2022-10-26,37.31501389,38.15189362,37.06887436,37.90575409,28225258,0,1,32.85182617,yahoo_bootstrap
2022-10-27,38.10266876,38.49649429,37.90575409,37.90575409,23572519,0,1,32.85182617,yahoo_bootstrap
2022-10-28,37.95498276,38.00421143,37.41347122,37.65961456,22875297,0,1,32.63850412,yahoo_bootstrap
2022-10-31,37.85652542,37.90575409,37.21655655,37.21655655,18870309,0,1,32.25451849,yahoo_bootstrap
2022-11-01,37.21655655,37.56115723,37.01964569,37.51192856,14234641,0,1,32.51050891,yahoo_bootstrap
2022-11-02,37.21655655,37.90575409,37.11810303,37.90575409,16929725,0,1,32.85182617,yahoo_bootstrap
2022-11-03,37.41347122,38.25035095,37.36424255,38.25035095,20010552,0,1,33.15047835,yahoo_bootstrap
2022-11-04,37.95498276,38.34880829,37.80729675,38.34880829,14694349,0,1,33.23580849,yahoo_bootstrap
2022-11-07,38.64417648,38.93954849,38.44726562,38.93954849,16339389,0,1,33.74778602,yahoo_bootstrap
2022-11-08,39.13645935,39.28414536,38.79186249,39.08723068,17955689,0,1,33.87577793,yahoo_bootstrap
2022-11-09,39.18568802,39.53028488,38.93954849,39.53028488,22344075,0,1,34.25976025,yahoo_bootstrap
2022-11-10,39.33337402,39.38260269,38.93954849,39.03800583,20519143,0,1,33.83311616,yahoo_bootstrap
2022-11-11,40.17025375,41.35173035,40.07179642,41.25327682,60458418,0,1,35.75302778,yahoo_bootstrap
2022-11-14,41.35173035,41.45018768,40.95790482,41.10559082,40096408,0,1,35.62503257,yahoo_bootstrap
2022-11-15,41.10559082,41.79478455,40.90867615,41.74555588,27928936,0,1,36.17967187,yahoo_bootstrap
2022-11-16,41.64710236,41.74555588,40.95790482,41.05636215,23995298,0,1,35.5823675,yahoo_bootstrap
2022-11-17,41.05636215,41.05636215,40.46562195,40.90867615,15766053,0,1,35.45437229,yahoo_bootstrap
2022-11-18,40.85944748,41.59787369,40.76099014,41.25327682,14323440,0,1,35.75302778,yahoo_bootstrap
2022-11-21,41.25327682,41.54864502,40.90867615,41.45018768,19213684,0,1,35.92368475,yahoo_bootstrap
2022-11-22,41.20404816,41.54864502,40.66253662,41.54864502,23592233,0,1,36.0090149,yahoo_bootstrap
2022-11-23,41.69632721,42.13938141,41.45018768,42.09015656,21468926,0,1,36.47832736,yahoo_bootstrap
2022-11-24,42.23783875,42.28706741,41.89324188,41.89324188,21670318,0,1,36.30766708,yahoo_bootstrap
2022-11-25,41.89324188,42.33629608,41.79478455,41.89324188,23998527,0,1,36.30766708,yahoo_bootstrap
2022-11-28,41.54864502,41.79478455,41.05636215,41.35173035,24584453,0,1,35.83835462,yahoo_bootstrap
2022-11-29,41.10559082,42.77935028,40.71176529,42.77935028,49732296,0,1,37.07563173,yahoo_bootstrap
2022-11-30,42.73012161,43.27163315,42.43475342,42.87780762,67207044,0,1,37.16096187,yahoo_bootstrap
2022-12-01,43.37009048,43.81314468,43.07471848,43.46854782,40310280,0,1,37.6729394,yahoo_bootstrap
2022-12-02,43.22240448,43.61623001,43.07471848,43.32086182,33443423,0,1,37.54494419,yahoo_bootstrap
2022-12-05,43.25,43.25,42.75,42.84999847,49006682,0,1,37.13686048,yahoo_bootstrap
2022-12-06,42.59999847,42.65000153,41.40000153,41.40000153,39255654,0,1,35.88018986,yahoo_bootstrap
2022-12-07,41.40000153,42.09999847,41.25,41.40000153,31972738,0,1,35.88018986,yahoo_bootstrap
2022-12-08,41.20000076,41.45000076,40.70000076,40.75,29558960,0,1,35.31685224,yahoo_bootstrap
2022-12-09,41.09999847,41.40000153,40.79999924,41.09999847,24783476,0,1,35.62018584,yahoo_bootstrap
2022-12-12,40.90000153,41.15000153,40.15000153,41,30045794,0,1,35.53352005,yahoo_bootstrap
2022-12-13,41,41.34999847,40.79999924,40.95000076,21082407,0,1,35.49018714,yahoo_bootstrap
2022-12-14,40.95000076,41.20000076,40.79999924,40.90000153,18130576,0,1,35.44685425,yahoo_bootstrap
2022-12-15,40.79999924,40.79999924,40.34999847,40.59999847,19821067,0,1,35.18685023,yahoo_bootstrap
2022-12-16,40.09999847,40.5,40.04999924,40.20000076,35265555,0,1,34.84018373,yahoo_bootstrap
2022-12-19,40.09999847,40.59999847,40.04999924,40.15000153,19914865,0,1,34.79685083,yahoo_bootstrap
2022-12-20,40.09999847,40.25,39.90000153,40.15000153,30764272,0,1,34.79685083,yahoo_bootstrap
2022-12-21,39.95000076,40.15000153,39.84999847,40,18360430,0,1,34.66684883,yahoo_bootstrap
2022-12-22,40.04999924,40.40000153,39.95000076,40.40000153,19066348,0,1,35.01351864,yahoo_bootstrap
2022-12-23,40.34999847,41.5,40.29999924,41.15000153,33851527,0,1,35.66352206,yahoo_bootstrap
2022-12-26,41.15000153,41.20000076,40.90000153,41,9525232,0,1,35.53352005,yahoo_bootstrap
2022-12-27,41,41.29999924,41,41.15000153,8263666,0,1,35.66352206,yahoo_bootstrap
2022-12-28,40.84999847,41.09999847,40.59999847,40.65000153,15973148,0,1,35.23018645,yahoo_bootstrap
2022-12-29,40.5,40.59999847,40.04999924,40.09999847,17156465,0,1,34.75351462,yahoo_bootstrap
2022-12-30,39.75,40.25,39.59999847,40,99028941,0,1,34.66684883,yahoo_bootstrap
2023-01-03,40,40.09999847,39.75,39.95000076,36262120,0,1,34.62351592,yahoo_bootstrap
2023-01-04,39.95000076,40.09999847,39.95000076,39.95000076,18722709,0,1,34.62351592,yahoo_bootstrap
2023-01-05,40.09999847,40.34999847,40,40.25,25031162,0,1,34.88351663,yahoo_bootstrap
2023-01-06,40.20000076,40.79999924,40.15000153,40.75,20440501,0,1,35.31685224,yahoo_bootstrap
2023-01-09,41.15000153,42,41.15000153,42,49821974,0,1,36.40019127,yahoo_bootstrap
2023-01-10,41.95000076,41.95000076,41.40000153,41.70000076,21260377,0,1,36.14019056,yahoo_bootstrap
2023-01-11,41.59999847,41.70000076,41.40000153,41.40000153,15922470,0,1,35.88018986,yahoo_bootstrap
2023-01-12,41.70000076,41.90000153,41.59999847,41.70000076,17638695,0,1,36.14019056,yahoo_bootstrap
2023-01-13,41.84999847,42.29999924,41.75,41.79999924,25102239,0,1,36.22685636,yahoo_bootstrap
2023-01-16,42,42.09999847,41.70000076,41.75,24124139,0,1,36.18352346,yahoo_bootstrap
2023-01-17,41.79999924,42.09999847,41.59999847,42,28387180,0,1,36.40019127,yahoo_bootstrap
2023-01-30,42.95000076,43.15000153,42.20000076,42.70000076,45077920,0,1,37.00686178,yahoo_bootstrap
2023-01-31,42.70000076,42.79999924,42.45000076,42.54999924,33914616,0,1,36.87685978,yahoo_bootstrap
2023-02-01,42.79999924,43,42.65000153,43,27631578,0,1,37.26686249,yahoo_bootstrap
2023-02-02,43.45000076,44.29999924,43.40000153,44.04999924,46116655,0,1,38.17686661,yahoo_bootstrap
2023-02-03,44.20000076,44.20000076,43.25,43.29999924,25806690,0,1,37.5268632,yahoo_bootstrap
2023-02-06,43.15000153,43.20000076,42.59999847,42.65000153,23712390,0,1,36.96352889,yahoo_bootstrap
2023-02-07,42.90000153,43.20000076,42.70000076,42.79999924,14828772,0,1,37.09352758,yahoo_bootstrap
2023-02-08,42.90000153,43,42.70000076,42.84999847,12564973,0,1,37.13686048,yahoo_bootstrap
2023-02-09,42.54999924,42.79999924,42.5,42.59999847,11112472,0,1,36.92019267,yahoo_bootstrap
2023-02-10,42.5,42.79999924,42.34999847,42.65000153,13818734,0,1,36.96352889,yahoo_bootstrap
2023-02-13,42.54999924,42.95000076,42.25,42.90000153,11543802,0,1,37.18019669,yahoo_bootstrap
2023-02-14,43.20000076,43.75,42.95000076,43.59999847,21471857,0,1,37.78686389,yahoo_bootstrap
2023-02-15,43.54999924,43.70000076,42.79999924,42.95000076,23632490,0,1,37.22352959,yahoo_bootstrap
2023-02-16,43.09999847,43.25,42.84999847,43.04999924,13182991,0,1,37.31019539,yahoo_bootstrap
2023-02-17,43.40000153,44.04999924,43.34999847,44,32921863,0,1,38.13353371,yahoo_bootstrap
2023-02-20,44,44.5,44,44.45000076,29828106,0,1,38.52353642,yahoo_bootstrap
2023-02-21,44.25,44.25,43.54999924,43.84999847,18862394,0,1,38.0035317,yahoo_bootstrap
2023-02-22,43.45000076,43.5,43.15000153,43.34999847,18059708,0,1,37.57019609,yahoo_bootstrap
2023-02-23,43.25,43.54999924,43.20000076,43.29999924,18150375,0,1,37.5268632,yahoo_bootstrap
2023-02-24,43.29999924,43.59999847,43.20000076,43.45000076,22078754,0,1,37.6568652,yahoo_bootstrap
2023-03-01,43.34999847,43.54999924,42.59999847,42.75,33761315,0,1,37.05019468,yahoo_bootstrap
2023-03-02,43.20000076,43.20000076,42.59999847,43,11518689,0,1,37.26686249,yahoo_bootstrap
2023-03-03,43,43.20000076,42.90000153,42.90000153,10256714,0,1,37.18019669,yahoo_bootstrap
2023-03-06,43.29999924,43.75,43.20000076,43.59999847,18232571,0,1,37.78686389,yahoo_bootstrap
2023-03-07,43.70000076,43.84999847,43.5,43.75,13610621,0,1,37.9168659,yahoo_bootstrap
2023-03-08,43.40000153,43.75,43.29999924,43.75,13887937,0,1,37.9168659,yahoo_bootstrap
2023-03-09,43.70000076,43.75,43.54999924,43.65000153,17501952,0,1,37.83020011,yahoo_bootstrap
2023-03-10,43.15000153,43.15000153,42.59999847,42.70000076,36595335,0,1,37.00686178,yahoo_bootstrap
2023-03-13,42.29999924,42.40000153,42,42.29999924,24359425,0,1,36.66019197,yahoo_bootstrap
2023-03-14,41.84999847,41.84999847,41.5,41.54999924,32604644,0,1,36.01018856,yahoo_bootstrap
2023-03-15,41.70000076,42,41.5,41.5,16185684,0,1,35.96685566,yahoo_bootstrap
2023-03-16,40.95000076,41,40.5,40.5,37748248,0,1,35.10018444,yahoo_bootstrap
2023-03-17,40.75,41.20000076,40.75,41,30425180,0,1,35.53352005,yahoo_bootstrap
2023-03-20,40.79999924,40.79999924,40,40.20000076,37427141,0,1,34.84018373,yahoo_bootstrap
2023-03-21,40.5,41.15000153,40.40000153,40.75,19744663,0,1,35.31685224,yahoo_bootstrap
2023-03-22,41.04999924,41.45000076,41,41.34999847,28583722,0,1,35.83685365,yahoo_bootstrap
2023-03-23,41.20000076,41.54999924,40.90000153,41.54999924,20207579,0,1,36.01018856,yahoo_bootstrap
2023-03-24,41.59999847,41.59999847,41.20000076,41.29999924,16359955,0,1,35.79352075,yahoo_bootstrap
2023-03-27,41.25,41.5,41.04999924,41.34999847,13583611,0,1,35.83685365,yahoo_bootstrap
2023-03-28,41.54999924,41.79999924,41.5,41.54999924,9414909,0,1,36.01018856,yahoo_bootstrap
2023-03-29,41.54999924,41.84999847,41.40000153,41.84999847,11857019,0,1,36.27018926,yahoo_bootstrap
2023-03-30,41.84999847,41.90000153,41.5,41.59999847,13384923,0,1,36.05352145,yahoo_bootstrap
2023-03-31,41.75,41.95000076,41.59999847,41.79999924,19031565,0,1,36.22685636,yahoo_bootstrap
2023-04-06,42,42,41.5,42,16337101,0,1,36.40019127,yahoo_bootstrap
2023-04-07,42.09999847,42.40000153,42,42.25,17275200,0,1,36.61685907,yahoo_bootstrap
2023-04-10,42.40000153,42.65000153,42.40000153,42.54999924,10745497,0,1,36.87685978,yahoo_bootstrap
2023-04-11,42.59999847,42.65000153,42.34999847,42.65000153,13788419,0,1,36.96352889,yahoo_bootstrap
2023-04-12,42.75,42.95000076,42.70000076,42.95000076,12966061,0,1,37.22352959,yahoo_bootstrap
2023-04-13,42.84999847,42.84999847,42.5,42.59999847,16429265,0,1,36.92019267,yahoo_bootstrap
2023-04-14,42.65000153,43.20000076,42.54999924,43.15000153,17304460,0,1,37.3968645,yahoo_bootstrap
2023-04-17,43.20000076,43.20000076,43,43.20000076,9823221,0,1,37.44019739,yahoo_bootstrap
2023-04-18,43.15000153,43.29999924,42.75,43.09999847,10519946,0,1,37.35352828,yahoo_bootstrap
2023-04-19,43.09999847,43.20000076,42.65000153,42.75,11476745,0,1,37.05019468,yahoo_bootstrap
2023-04-20,42.65000153,42.95000076,42.54999924,42.95000076,9960746,0,1,37.22352959,yahoo_bootstrap
2023-04-21,43,43,42.34999847,42.70000076,12319165,0,1,37.00686178,yahoo_bootstrap
2023-04-24,42.70000076,42.70000076,42.40000153,42.65000153,6130617,0,1,36.96352889,yahoo_bootstrap
2023-04-25,42.70000076,43,42.5,42.59999847,12719409,0,1,36.92019267,yahoo_bootstrap
2023-04-26,42.59999847,42.75,42,42.34999847,15893174,0,1,36.70352487,yahoo_bootstrap
2023-04-27,42.15000153,42.45000076,42,42.25,12118445,0,1,36.61685907,yahoo_bootstrap
2023-04-28,42.04999924,42.75,42,42.45000076,18216849,0,1,36.79019398,yahoo_bootstrap
2023-05-02,42.45000076,42.5,41.90000153,42.5,16420228,0,1,36.83352688,yahoo_bootstrap
2023-05-03,42.40000153,42.45000076,42.09999847,42.40000153,10605485,0,1,36.74686108,yahoo_bootstrap
2023-05-04,42.34999847,42.5,42.09999847,42.5,9481638,0,1,36.83352688,yahoo_bootstrap
2023-05-05,42.5,42.65000153,42.34999847,42.65000153,7100017,0,1,36.96352889,yahoo_bootstrap
2023-05-08,42.79999924,43.04999924,42.65000153,43.04999924,15192178,0,1,37.31019539,yahoo_bootstrap
2023-05-09,43.09999847,43.5,43,43.5,18349309,0,1,37.7001981,yahoo_bootstrap
2023-05-10,43.5,43.5,42.79999924,43.04999924,14564134,0,1,37.31019539,yahoo_bootstrap
2023-05-11,43.34999847,43.70000076,43.25,43.70000076,28023936,0,1,37.873533,yahoo_bootstrap
2023-05-12,43.54999924,43.54999924,42.65000153,42.65000153,29438019,0,1,36.96352889,yahoo_bootstrap
2023-05-15,42.70000076,43.45000076,42.40000153,43.34999847,18152104,0,1,37.57019609,yahoo_bootstrap
2023-05-16,43.5,43.75,43.25,43.59999847,18751956,0,1,37.78686389,yahoo_bootstrap
2023-05-17,43.59999847,44,43.40000153,43.95000076,25528000,0,1,38.09020081,yahoo_bootstrap
2023-05-18,44,44.45000076,43.95000076,44.40000153,29543448,0,1,38.48020352,yahoo_bootstrap
2023-05-19,44.59999847,45.20000076,44.54999924,45.15000153,41659765,0,1,39.13020694,yahoo_bootstrap
2023-05-22,45.15000153,45.5,45.09999847,45.15000153,17778147,0,1,39.13020694,yahoo_bootstrap
2023-05-23,45.15000153,45.40000153,44.70000076,44.79999924,19972619,0,1,38.82687003,yahoo_bootstrap
2023-05-24,44.34999847,44.84999847,44.34999847,44.79999924,17478431,0,1,38.82687003,yahoo_bootstrap
2023-05-25,44.45000076,44.70000076,44,44.04999924,20369273,0,1,38.17686661,yahoo_bootstrap
2023-05-26,43.90000153,44.25,43.75,43.90000153,20704856,0,1,38.04686791,yahoo_bootstrap
2023-05-29,44.40000153,45.5,44.40000153,44.75,37145398,0,1,38.78353712,yahoo_bootstrap
2023-05-30,45,45.09999847,44.45000076,44.5,23260588,0,1,38.56686932,yahoo_bootstrap
2023-05-31,44.54999924,44.95000076,44.29999924,44.29999924,80393531,0,1,38.39353442,yahoo_bootstrap
2023-06-01,44.5,44.70000076,43.79999924,44,20928655,0,1,38.13353371,yahoo_bootstrap
2023-06-02,44.15000153,44.45000076,44.04999924,44.45000076,17058006,0,1,38.52353642,yahoo_bootstrap
2023-06-05,44.59999847,45.70000076,44.54999924,45.25,32917974,0,1,39.21687273,yahoo_bootstrap
2023-06-06,45.25,45.45000076,45.04999924,45.25,13731614,0,1,39.21687273,yahoo_bootstrap
2023-06-07,45.40000153,45.5,45,45.40000153,23312321,0,1,39.34687474,yahoo_bootstrap
2023-06-08,45.45000076,45.45000076,44.20000076,44.59999847,34071418,0,1,38.65353511,yahoo_bootstrap
2023-06-09,44.84999847,44.84999847,44.40000153,44.59999847,21635659,0,1,38.65353511,yahoo_bootstrap
2023-06-12,44.70000076,44.84999847,44,44.04999924,21800246,0,1,38.17686661,yahoo_bootstrap
2023-06-13,44.20000076,44.40000153,43.95000076,44.09999847,23638511,0,1,38.2201995,yahoo_bootstrap
2023-06-14,44.15000153,44.79999924,44.15000153,44.59999847,16789455,0,1,38.65353511,yahoo_bootstrap
2023-06-15,44.59999847,44.65000153,44.20000076,44.34999847,12119675,0,1,38.43686731,yahoo_bootstrap
2023-06-16,44.29999924,44.34999847,43.90000153,43.90000153,24570934,0,1,38.04686791,yahoo_bootstrap
2023-06-19,44,44.09999847,43.65000153,43.90000153,16692295,0,1,38.04686791,yahoo_bootstrap
2023-06-20,44,44.34999847,43.90000153,44.34999847,10247909,0,1,38.43686731,yahoo_bootstrap
2023-06-21,44.25,44.5,44.09999847,44.40000153,11590110,0,1,38.48020352,yahoo_bootstrap
2023-06-26,44.25,44.29999924,44,44.04999924,17185863,0,1,38.17686661,yahoo_bootstrap
2023-06-27,44.04999924,44.29999924,43.90000153,44.15000153,16924994,0,1,38.26353572,yahoo_bootstrap
2023-06-28,43.5,43.75,43.40000153,43.65000153,15068336,0.9,1,38.61741812,yahoo_bootstrap
2023-06-29,43.75,43.79999924,43.40000153,43.40000153,15716145,0,1,38.39624162,yahoo_bootstrap
2023-06-30,43.40000153,43.59999847,43.15000153,43.15000153,15881738,0,1,38.17506512,yahoo_bootstrap
2023-07-03,43.20000076,43.40000153,43.15000153,43.29999924,8134440,0,1,38.30776899,yahoo_bootstrap
2023-07-04,43.29999924,43.34999847,43.04999924,43.04999924,11577180,0,1,38.08659249,yahoo_bootstrap
2023-07-05,43.09999847,43.45000076,43.09999847,43.20000076,9733788,0,1,38.21929974,yahoo_bootstrap
2023-07-06,43.20000076,43.20000076,42.29999924,42.5,26912105,0,1,37.60000487,yahoo_bootstrap
2023-07-07,42.25,42.34999847,42.04999924,42.25,16602621,0,1,37.37882837,yahoo_bootstrap
2023-07-10,42.25,43,42.25,42.65000153,14095730,0,1,37.73271212,yahoo_bootstrap
2023-07-11,43.20000076,43.79999924,43.20000076,43.59999847,19651215,0,1,38.57318011,yahoo_bootstrap
2023-07-12,43.29999924,44,43.29999924,44,19508653,0,1,38.92706386,yahoo_bootstrap
2023-07-13,44.20000076,44.34999847,43.59999847,43.59999847,16725095,0,1,38.57318011,yahoo_bootstrap
2023-07-14,43.84999847,44.09999847,43.70000076,44.09999847,11994107,0,1,39.01553311,yahoo_bootstrap
2023-07-17,44.15000153,45,44.04999924,45,29110411,0,1,39.81176986,yahoo_bootstrap
2023-07-18,45,45.34999847,44.75,45.04999924,26102858,0,1,39.85600449,yahoo_bootstrap
2023-07-19,45.20000076,45.25,44.25,44.5,18779128,0,1,39.36941686,yahoo_bootstrap
2023-07-20,44.70000076,44.95000076,44.54999924,44.75,12763397,0,1,39.59059336,yahoo_bootstrap
2023-07-21,44.59999847,44.75,44.34999847,44.40000153,11636064,0,1,39.28094761,yahoo_bootstrap
2023-07-24,44.40000153,44.40000153,44,44.20000076,10978625,0,1,39.10400573,yahoo_bootstrap
2023-07-25,44.29999924,44.59999847,44.20000076,44.54999924,10788878,0,1,39.41365149,yahoo_bootstrap
2023-07-26,44.75,45.5,44.70000076,45.34999847,32222042,0,1,40.1214156,yahoo_bootstrap
2023-07-27,45.54999924,46,45.5,46,35398258,0,1,40.69647586,yahoo_bootstrap
2023-07-28,45.79999924,45.84999847,45.5,45.75,12630957,0,1,40.47529936,yahoo_bootstrap
2023-07-31,46,46.40000153,45.65000153,45.75,28797783,0,1,40.47529936,yahoo_bootstrap
2023-08-01,46.15000153,47.25,46,47.25,40192967,0,1,41.80235835,yahoo_bootstrap
2023-08-02,46.90000153,46.95000076,45.90000153,46.20000076,36911632,0,1,40.87341773,yahoo_bootstrap
2023-08-04,46.70000076,46.75,46.20000076,46.29999924,22771230,0,1,40.96188698,yahoo_bootstrap
2023-08-07,46.29999924,46.70000076,46.25,46.45000076,13494754,0,1,41.09459423,yahoo_bootstrap
2023-08-08,46.70000076,47.20000076,46.59999847,47.04999924,25045558,0,1,41.62541648,yahoo_bootstrap
2023-08-09,46.95000076,46.95000076,46.40000153,46.45000076,16636529,0,1,41.09459423,yahoo_bootstrap
2023-08-10,46.5,46.84999847,46.40000153,46.59999847,13527840,0,1,41.2272981,yahoo_bootstrap
2023-08-11,47,47.09999847,46.34999847,46.45000076,16249119,0,1,41.09459423,yahoo_bootstrap
2023-08-14,46.15000153,46.15000153,44.90000153,45.40000153,22526024,0,1,40.16565361,yahoo_bootstrap
2023-08-15,45.40000153,45.59999847,45.29999924,45.40000153,11646302,0,1,40.16565361,yahoo_bootstrap
2023-08-16,45.04999924,45.34999847,44.65000153,45.09999847,17591979,0,1,39.9002391,yahoo_bootstrap
2023-08-17,44.75,45.54999924,44.5,45.29999924,14693346,0,1,40.07718099,yahoo_bootstrap
2023-08-18,45.04999924,45.45000076,44.79999924,45.20000076,11066174,0,1,39.98871173,yahoo_bootstrap
2023-08-21,45.25,45.45000076,45.15000153,45.40000153,7896093,0,1,40.16565361,yahoo_bootstrap
2023-08-22,45.45000076,45.5,44.79999924,45,10336363,0,1,39.81176986,yahoo_bootstrap
2023-08-23,44.84999847,45,44.5,44.70000076,14429337,0,1,39.54635873,yahoo_bootstrap
2023-08-24,44.70000076,44.84999847,44.20000076,44.65000153,19201425,0,1,39.50212411,yahoo_bootstrap
2023-08-25,44.40000153,44.70000076,44.20000076,44.5,9162423,0,1,39.36941686,yahoo_bootstrap
2023-08-28,44.5,45.40000153,44.5,45.40000153,13192888,0,1,40.16565361,yahoo_bootstrap
2023-08-29,45.59999847,46.04999924,45.45000076,46.04999924,13665900,0,1,40.74071048,yahoo_bootstrap
2023-08-30,46.09999847,46.15000153,45.75,46.09999847,10934619,0,1,40.7849451,yahoo_bootstrap
2023-08-31,46.04999924,46.04999924,45.59999847,45.59999847,22654901,0,1,40.3425921,yahoo_bootstrap
2023-09-01,45.84999847,46.79999924,45.75,46.59999847,19193548,0,1,41.2272981,yahoo_bootstrap
2023-09-04,46.59999847,46.70000076,46.25,46.65000153,7298639,0,1,41.27153611,yahoo_bootstrap
2023-09-05,46.65000153,46.79999924,46.29999924,46.45000076,7849485,0,1,41.09459423,yahoo_bootstrap
2023-09-06,46.5,46.54999924,45.75,45.79999924,15153174,0,1,40.51953398,yahoo_bootstrap
2023-09-07,45.70000076,45.79999924,45.45000076,45.70000076,7077882,0,1,40.43106473,yahoo_bootstrap
2023-09-08,45.59999847,46.29999924,45.59999847,46.29999924,8230642,0,1,40.96188698,yahoo_bootstrap
2023-09-11,46.29999924,46.54999924,46,46.54999924,9322089,0,1,41.18306348,yahoo_bootstrap
2023-09-12,46.54999924,46.65000153,46.09999847,46.65000153,12274928,0,1,41.27153611,yahoo_bootstrap
2023-09-13,46.5,46.75,46.5,46.75,7921298,0,1,41.36000535,yahoo_bootstrap
2023-09-14,46.84999847,47,46.59999847,46.90000153,13347312,0,1,41.49271261,yahoo_bootstrap
2023-09-15,46.90000153,46.90000153,46.59999847,46.65000153,18166631,0,1,41.27153611,yahoo_bootstrap
2023-09-18,46.59999847,46.59999847,46.29999924,46.40000153,9915365,0,1,41.05035961,yahoo_bootstrap
2023-09-19,46.45000076,46.59999847,46.29999924,46.34999847,12155578,0,1,41.0061216,yahoo_bootstrap
2023-09-20,46.29999924,46.34999847,45.65000153,45.70000076,19194476,0,1,40.43106473,yahoo_bootstrap
2023-09-21,45.5,45.54999924,44.70000076,44.90000153,25786769,0,1,39.72330061,yahoo_bootstrap
2023-09-22,44.84999847,45,44.54999924,44.70000076,14849503,0,1,39.54635873,yahoo_bootstrap
2023-09-25,44.75,45,44.59999847,44.84999847,12515932,0,1,39.67906261,yahoo_bootstrap
2023-09-26,44.70000076,44.84999847,44.40000153,44.45000076,13592490,0,1,39.32518223,yahoo_bootstrap
2023-09-27,44.29999924,44.70000076,44.20000076,44.59999847,12826800,0,1,39.45788611,yahoo_bootstrap
2023-09-28,44.59999847,44.95000076,44.54999924,44.54999924,11709653,0,1,39.41365149,yahoo_bootstrap
2023-10-02,44.65000153,44.75,44.45000076,44.5,9808027,0,1,39.36941686,yahoo_bootstrap
2023-10-03,44.20000076,44.29999924,44,44,16489470,0,1,38.92706386,yahoo_bootstrap
2023-10-04,43.84999847,43.95000076,43.5,43.54999924,24415074,0,1,38.52894549,yahoo_bootstrap
2023-10-05,43.54999924,44.15000153,43.40000153,44.04999924,13315708,0,1,38.97129849,yahoo_bootstrap
2023-10-06,44.25,44.59999847,44.15000153,44.54999924,8311526,0,1,39.41365149,yahoo_bootstrap
2023-10-11,45.04999924,45.95000076,44.95000076,45.95000076,33041627,0,1,40.65224123,yahoo_bootstrap
2023-10-12,45.95000076,46.15000153,45.5,46.15000153,17947151,0,1,40.82918311,yahoo_bootstrap
2023-10-13,45.84999847,45.84999847,45.29999924,45.29999924,16023433,0,1,40.07718099,yahoo_bootstrap
2023-10-16,45.04999924,45.5,45,45.5,7411565,0,1,40.25412286,yahoo_bootstrap
2023-10-17,45.54999924,45.59999847,45.15000153,45.25,8336233,0,1,40.03294636,yahoo_bootstrap
2023-10-18,45.5,45.59999847,45.20000076,45.59999847,20529787,0,1,40.3425921,yahoo_bootstrap
2023-10-19,45.20000076,45.34999847,44.84999847,45.09999847,13146819,0,1,39.9002391,yahoo_bootstrap
2023-10-20,44.59999847,44.95000076,43.75,44.70000076,26926642,0,1,39.54635873,yahoo_bootstrap
2023-10-23,44.45000076,44.79999924,44,44.09999847,14983219,0,1,39.01553311,yahoo_bootstrap
2023-10-24,44.09999847,44.34999847,43.84999847,44.15000153,9559466,0,1,39.05977111,yahoo_bootstrap
2023-10-25,44.20000076,44.34999847,44.09999847,44.15000153,6332569,0,1,39.05977111,yahoo_bootstrap
2023-10-26,43.75,44.20000076,43.54999924,43.84999847,10856280,0,1,38.79435661,yahoo_bootstrap
2023-10-27,43.95000076,44.40000153,43.90000153,44.20000076,5915192,0,1,39.10400573,yahoo_bootstrap
2023-10-30,44.20000076,44.40000153,43.75,43.95000076,13371272,0,1,38.88282923,yahoo_bootstrap
2023-10-31,44.25,44.25,43.84999847,43.90000153,9158146,0,1,38.83859462,yahoo_bootstrap
2023-11-01,44.20000076,44.5,44,44.29999924,9333175,0,1,39.19247499,yahoo_bootstrap
2023-11-02,44.70000076,44.95000076,44.54999924,44.84999847,14387892,0,1,39.67906261,yahoo_bootstrap
2023-11-03,45,45.34999847,44.79999924,45.34999847,11132598,0,1,40.1214156,yahoo_bootstrap
2023-11-06,45.65000153,45.70000076,45.25,45.34999847,11837901,0,1,40.1214156,yahoo_bootstrap
2023-11-07,45.20000076,45.25,44.95000076,45.20000076,8921848,0,1,39.98871173,yahoo_bootstrap
2023-11-08,45.40000153,45.40000153,45,45.04999924,5428905,0,1,39.85600449,yahoo_bootstrap
2023-11-09,45.15000153,45.20000076,44.95000076,45.15000153,5283630,0,1,39.94447711,yahoo_bootstrap
2023-11-10,44.79999924,45.09999847,44.79999924,44.95000076,5174134,0,1,39.76753523,yahoo_bootstrap
2023-11-13,45.45000076,45.79999924,45.20000076,45.25,13826876,0,1,40.03294636,yahoo_bootstrap
2023-11-14,45.54999924,45.75,45.34999847,45.45000076,17268934,0,1,40.20988823,yahoo_bootstrap
2023-11-15,45.90000153,46,45.45000076,45.75,22992419,0,1,40.47529936,yahoo_bootstrap
2023-11-16,45.79999924,45.84999847,45.5,45.65000153,17524774,0,1,40.38683011,yahoo_bootstrap
2023-11-17,45.54999924,45.95000076,45.54999924,45.79999924,16173201,0,1,40.51953398,yahoo_bootstrap
2023-11-20,46,46,45.45000076,45.70000076,10582199,0,1,40.43106473,yahoo_bootstrap
2023-11-21,45.75,46.45000076,45.75,46.15000153,27290008,0,1,40.82918311,yahoo_bootstrap
2023-11-22,46.09999847,46.29999924,46.04999924,46.29999924,10383618,0,1,40.96188698,yahoo_bootstrap
2023-11-23,46.40000153,46.5,46.15000153,46.29999924,12747824,0,1,40.96188698,yahoo_bootstrap
2023-11-24,46.40000153,46.5,46.09999847,46.29999924,7185740,0,1,40.96188698,yahoo_bootstrap
2023-11-27,46.09999847,46.65000153,45.65000153,45.75,16042874,0,1,40.47529936,yahoo_bootstrap
2023-11-28,45.70000076,46.04999924,45.54999924,46,18068603,0,1,40.69647586,yahoo_bootstrap
2023-11-29,45.84999847,46.09999847,45.75,45.75,11989238,0,1,40.47529936,yahoo_bootstrap
2023-11-30,45.84999847,46.5,45.75,46.5,33581478,0,1,41.13882885,yahoo_bootstrap
2023-12-01,46.25,46.25,45.90000153,46.04999924,13828296,0,1,40.74071048,yahoo_bootstrap
2023-12-04,46.34999847,46.40000153,46,46.25,12839352,0,1,40.91765235,yahoo_bootstrap
2023-12-05,45.90000153,45.95000076,45.40000153,45.54999924,22178333,0,1,40.29835748,yahoo_bootstrap
2023-12-06,45.54999924,45.79999924,45.40000153,45.45000076,14764383,0,1,40.20988823,yahoo_bootstrap
2023-12-07,45.29999924,45.40000153,44.79999924,45,22523861,0,1,39.81176986,yahoo_bootstrap
2023-12-08,45,45.20000076,44.79999924,44.84999847,20276648,0,1,39.67906261,yahoo_bootstrap
2023-12-11,44.84999847,44.95000076,44.75,44.84999847,13732183,0,1,39.67906261,yahoo_bootstrap
2023-12-12,44.75,44.84999847,44.59999847,44.75,16838581,0,1,39.59059336,yahoo_bootstrap
2023-12-13,44.75,44.90000153,44.59999847,44.70000076,15653415,0,1,39.54635873,yahoo_bootstrap
2023-12-14,45.34999847,45.95000076,45.15000153,45.90000153,37739504,0,1,40.60800661,yahoo_bootstrap
2023-12-15,46.04999924,46.09999847,45.59999847,45.84999847,29841765,0,1,40.5637686,yahoo_bootstrap
2023-12-18,45.59999847,45.65000153,45.25,45.5,10665285,0,1,40.25412286,yahoo_bootstrap
2023-12-19,45.34999847,45.40000153,44.84999847,44.90000153,19170782,0,1,39.72330061,yahoo_bootstrap
2023-12-20,45.04999924,45.09999847,44.79999924,44.84999847,16947070,0,1,39.67906261,yahoo_bootstrap
2023-12-21,44.59999847,44.79999924,44.59999847,44.70000076,11045862,0,1,39.54635873,yahoo_bootstrap
2023-12-22,44.70000076,44.84999847,44.59999847,44.65000153,12753891,0,1,39.50212411,yahoo_bootstrap
2023-12-25,44.79999924,45.09999847,44.70000076,44.84999847,9367581,0,1,39.67906261,yahoo_bootstrap
2023-12-26,45,45.29999924,44.95000076,45.20000076,9292816,0,1,39.98871173,yahoo_bootstrap
2023-12-27,45.25,45.5,45.15000153,45.45000076,12547679,0,1,40.20988823,yahoo_bootstrap
2023-12-28,45.45000076,45.79999924,45.34999847,45.79999924,15438371,0,1,40.51953398,yahoo_bootstrap
2023-12-29,45.75,45.79999924,45.5,45.75,14718236,0,1,40.47529936,yahoo_bootstrap
2024-01-02,45.59999847,45.59999847,45.25,45.5,8594338,0,1,40.25412286,yahoo_bootstrap
2024-01-03,45.04999924,45.25,44.79999924,44.95000076,16720297,0,1,39.76753523,yahoo_bootstrap
2024-01-04,44.84999847,44.95000076,44.70000076,44.70000076,13536046,0,1,39.54635873,yahoo_bootstrap
2024-01-05,44.70000076,44.95000076,44.70000076,44.84999847,9460556,0,1,39.67906261,yahoo_bootstrap
2024-01-08,44.90000153,45.5,44.84999847,45.09999847,14758089,0,1,39.9002391,yahoo_bootstrap
2024-01-09,45.09999847,45.25,44.75,44.75,12202162,0,1,39.59059336,yahoo_bootstrap
2024-01-10,45,45.09999847,44.70000076,44.70000076,7485398,0,1,39.54635873,yahoo_bootstrap
2024-01-11,44.59999847,44.75,44.40000153,44.59999847,14848145,0,1,39.45788611,yahoo_bootstrap
2024-01-12,44.5,44.65000153,44.5,44.5,11633882,0,1,39.36941686,yahoo_bootstrap
2024-01-15,44.65000153,44.90000153,44.45000076,44.45000076,17671440,0,1,39.32518223,yahoo_bootstrap
2024-01-16,44.29999924,44.34999847,43.70000076,44,29185028,0,1,38.92706386,yahoo_bootstrap
2024-01-17,43.79999924,43.90000153,43.29999924,43.29999924,37085046,0,1,38.30776899,yahoo_bootstrap
2024-01-18,43.25,43.54999924,43.09999847,43.29999924,16805896,0,1,38.30776899,yahoo_bootstrap
2024-01-19,43.15000153,43.79999924,43.15000153,43.79999924,18578828,0,1,38.75012199,yahoo_bootstrap
2024-01-22,43.90000153,44,43.84999847,43.84999847,9150527,0,1,38.79435661,yahoo_bootstrap
2024-01-23,44.20000076,44.20000076,43.84999847,44.20000076,10793433,0,1,39.10400573,yahoo_bootstrap
2024-01-24,44.15000153,44.40000153,44,44.20000076,12359456,0,1,39.10400573,yahoo_bootstrap
2024-01-25,44.20000076,44.34999847,44.15000153,44.34999847,11779164,0,1,39.23670961,yahoo_bootstrap
2024-01-26,44.29999924,44.54999924,44.25,44.5,12814578,0,1,39.36941686,yahoo_bootstrap
2024-01-29,44.29999924,44.5,44.25,44.40000153,10211380,0,1,39.28094761,yahoo_bootstrap
2024-01-30,44.40000153,44.40000153,43.90000153,43.90000153,15675025,0,1,38.83859462,yahoo_bootstrap
2024-01-31,43.90000153,44.15000153,43.79999924,44.15000153,13853540,0,1,39.05977111,yahoo_bootstrap
2024-02-01,44.40000153,44.5,44.20000076,44.45000076,11301348,0,1,39.32518223,yahoo_bootstrap
2024-02-02,44.40000153,44.45000076,44.04999924,44.09999847,9944655,0,1,39.01553311,yahoo_bootstrap
2024-02-05,43.90000153,44.04999924,43.70000076,43.90000153,17242323,0,1,38.83859462,yahoo_bootstrap
2024-02-15,44,44.5,43.95000076,44.04999924,18973352,0,1,38.97129849,yahoo_bootstrap
2024-02-16,44.29999924,44.54999924,44.20000076,44.54999924,10241018,0,1,39.41365149,yahoo_bootstrap
2024-02-19,44.59999847,45.04999924,44.54999924,45,21577471,0,1,39.81176986,yahoo_bootstrap
2024-02-20,45,45.09999847,44.79999924,45.09999847,12780176,0,1,39.9002391,yahoo_bootstrap
2024-02-21,45.04999924,45.04999924,44.70000076,44.75,14884476,0,1,39.59059336,yahoo_bootstrap
2024-02-22,44.75,44.90000153,44.70000076,44.90000153,9841691,0,1,39.72330061,yahoo_bootstrap
2024-02-23,44.79999924,44.84999847,44.45000076,44.45000076,14521845,0,1,39.32518223,yahoo_bootstrap
2024-02-26,44.34999847,44.5,44.29999924,44.29999924,16996562,0,1,39.19247499,yahoo_bootstrap
2024-02-27,44.29999924,44.75,44.20000076,44.29999924,17596584,0,1,39.19247499,yahoo_bootstrap
2024-02-29,44.29999924,45.04999924,44.25,45.04999924,27458500,0,1,39.85600449,yahoo_bootstrap
2024-03-01,45.04999924,45.04999924,44.65000153,44.65000153,12188479,0,1,39.50212411,yahoo_bootstrap
2024-03-04,44.65000153,44.84999847,44.59999847,44.65000153,16542104,0,1,39.50212411,yahoo_bootstrap
2024-03-05,44.65000153,44.95000076,44.65000153,44.65000153,12718033,0,1,39.50212411,yahoo_bootstrap
2024-03-06,44.65000153,44.95000076,44.54999924,44.54999924,17710428,0,1,39.41365149,yahoo_bootstrap
2024-03-07,44.59999847,45,44.54999924,44.84999847,19189914,0,1,39.67906261,yahoo_bootstrap
2024-03-08,44.79999924,45.29999924,44.75,45.29999924,41256409,0,1,40.07718099,yahoo_bootstrap
2024-03-11,45.90000153,46.5,45.70000076,46.04999924,52841794,0,1,40.74071048,yahoo_bootstrap
2024-03-12,46.09999847,46.5,46,46.5,39706120,0,1,41.13882885,yahoo_bootstrap
2024-03-13,46.54999924,46.84999847,46.45000076,46.79999924,36295169,0,1,41.40423998,yahoo_bootstrap
2024-03-14,46.90000153,48.40000153,46.90000153,48.29999924,74186786,0,1,42.73129898,yahoo_bootstrap
2024-03-15,48.5,48.5,47.29999924,47.65000153,67083796,0,1,42.1562421,yahoo_bootstrap
2024-03-18,47.70000076,48.15000153,47.25,47.54999924,25477256,0,1,42.06776948,yahoo_bootstrap
2024-03-19,47.34999847,48,47.15000153,47.75,20605850,0,1,42.24471135,yahoo_bootstrap
2024-03-20,47.75,47.95000076,47.45000076,47.5,19653760,0,1,42.02353485,yahoo_bootstrap
2024-03-21,47.70000076,48.65000153,47.70000076,48.54999924,44610683,0,1,42.95247547,yahoo_bootstrap
2024-03-22,48.90000153,49.29999924,48.20000076,48.54999924,36280103,0,1,42.95247547,yahoo_bootstrap
2024-03-25,48.59999847,48.59999847,47.79999924,48.09999847,23185710,0,1,42.5543571,yahoo_bootstrap
2024-03-26,47.90000153,48.45000076,47.84999847,48.34999847,15633362,0,1,42.77553359,yahoo_bootstrap
2024-03-27,48.09999847,48.34999847,48.04999924,48.20000076,10609472,0,1,42.64282972,yahoo_bootstrap
2024-03-28,48.40000153,48.45000076,48,48.25,13552454,0,1,42.68706435,yahoo_bootstrap
2024-03-29,48.25,48.70000076,48.15000153,48.5,11902000,0,1,42.90824085,yahoo_bootstrap
2024-04-01,48.90000153,49.20000076,48.70000076,48.95000076,19040501,0,1,43.30635922,yahoo_bootstrap
2024-04-02,48.75,49.04999924,48.70000076,48.95000076,10606932,0,1,43.30635922,yahoo_bootstrap
2024-04-03,48.75,48.75,48.04999924,48.04999924,20409376,0,1,42.51012248,yahoo_bootstrap
2024-04-08,48,48.5,47.75,48.34999847,14821759,0,1,42.77553359,yahoo_bootstrap
2024-04-09,48.54999924,49.45000076,48.45000076,49.45000076,38494383,0,1,43.74871222,yahoo_bootstrap
2024-04-10,49.5,49.5,48.75,48.75,28882840,0,1,43.12941735,yahoo_bootstrap
2024-04-11,49.70000076,50.5,49.40000153,49.70000076,44039125,0,1,43.96988872,yahoo_bootstrap
2024-04-12,49.65000153,49.65000153,48.95000076,49.04999924,27730193,0,1,43.39482847,yahoo_bootstrap
2024-04-15,48.75,49.29999924,48.40000153,48.95000076,23788713,0,1,43.30635922,yahoo_bootstrap
2024-04-16,48.54999924,48.79999924,47.54999924,47.84999847,34286492,0,1,42.3331806,yahoo_bootstrap
2024-04-17,47.79999924,48.15000153,47.59999847,47.90000153,17332692,0,1,42.3774186,yahoo_bootstrap
2024-04-18,47.90000153,48.65000153,47.5,48.45000076,20325610,0,1,42.86400622,yahoo_bootstrap
2024-04-19,47.79999924,48.20000076,47.04999924,47.45000076,30954485,0,1,41.97930022,yahoo_bootstrap
2024-04-22,47.90000153,48.59999847,47.75,48.40000153,22153307,0,1,42.8197716,yahoo_bootstrap
2024-04-23,48.54999924,48.95000076,48.5,48.75,15723227,0,1,43.12941735,yahoo_bootstrap
2024-04-24,49.04999924,49.5,49,49.25,24012003,0,1,43.57177035,yahoo_bootstrap
2024-04-25,48.70000076,48.79999924,48.34999847,48.54999924,19379964,0,1,42.95247547,yahoo_bootstrap
2024-04-26,48.59999847,49.20000076,48.59999847,48.90000153,13314079,0,1,43.2621246,yahoo_bootstrap
2024-04-29,49.29999924,50.90000153,49.25,50.79999924,54662846,0,1,44.94306397,yahoo_bootstrap
2024-04-30,50.79999924,51.20000076,50.5,50.5,35944685,0,1,44.67765284,yahoo_bootstrap
2024-05-02,50.20000076,50.70000076,50,50.29999924,23499014,0,1,44.50071097,yahoo_bootstrap
2024-05-03,50.40000153,50.70000076,50.09999847,50.20000076,14900507,0,1,44.41224171,yahoo_bootstrap
2024-05-06,50.59999847,51.29999924,50.5,50.90000153,29378952,0,1,45.03153659,yahoo_bootstrap
2024-05-07,51.5,51.5,50.59999847,50.90000153,17174115,0,1,45.03153659,yahoo_bootstrap
2024-05-08,50.90000153,51.09999847,50.70000076,50.90000153,14720994,0,1,45.03153659,yahoo_bootstrap
2024-05-09,51.20000076,52.40000153,51,51.70000076,38031799,0,1,45.73930071,yahoo_bootstrap
2024-05-10,53,55.5,53,55.5,110819018,0,1,49.10118283,yahoo_bootstrap
2024-05-13,56.29999924,56.40000153,54.70000076,55.09999847,56197441,0,1,48.74729907,yahoo_bootstrap
2024-05-14,55.20000076,55.70000076,54.20000076,54.29999924,34279644,0,1,48.03953496,yahoo_bootstrap
2024-05-15,55,57,54.70000076,56.59999847,77902548,0,1,50.07435807,yahoo_bootstrap
2024-05-16,57,57.40000153,56.29999924,56.40000153,59682185,0,1,49.89741958,yahoo_bootstrap
2024-05-17,56.40000153,56.79999924,56.09999847,56.40000153,31089850,0,1,49.89741958,yahoo_bootstrap
2024-05-20,56.79999924,56.90000153,55.70000076,56,22312535,0,1,49.54353582,yahoo_bootstrap
2024-05-21,55.79999924,55.90000153,54.59999847,55.40000153,35314051,0,1,49.01271358,yahoo_bootstrap
2024-05-22,55.5,56,55.29999924,56,18502022,0,1,49.54353582,yahoo_bootstrap
2024-05-23,55.20000076,55.40000153,54.59999847,54.79999924,29820556,0,1,48.48188796,yahoo_bootstrap
2024-05-24,54.40000153,55.29999924,54.40000153,54.90000153,15696064,0,1,48.57036058,yahoo_bootstrap
2024-05-27,55.70000076,56,55.20000076,55.59999847,21737408,0,1,49.18965207,yahoo_bootstrap
2024-05-28,55.59999847,57.29999924,55.59999847,56.79999924,42788393,0,1,50.25129995,yahoo_bootstrap
2024-05-29,56.79999924,56.79999924,55.40000153,55.59999847,37270612,0,1,49.18965207,yahoo_bootstrap
2024-05-30,55.5,56.70000076,55.40000153,55.59999847,32809994,0,1,49.18965207,yahoo_bootstrap
2024-05-31,56,56.70000076,55.59999847,56.20000076,46587800,0,1,49.7204777,yahoo_bootstrap
2024-06-03,56.59999847,56.79999924,56.09999847,56.70000076,18443934,0,1,50.16283069,yahoo_bootstrap
2024-06-04,56.29999924,56.5,55.79999924,56.40000153,17506522,0,1,49.89741958,yahoo_bootstrap
2024-06-05,56.5,57,56.09999847,56.5,15821156,0,1,49.98588882,yahoo_bootstrap
2024-06-06,56.59999847,57.59999847,56.59999847,57.5,43909193,0,1,50.87059482,yahoo_bootstrap
2024-06-07,57.5,58.40000153,57.5,58.20000076,28016517,0,1,51.48988969,yahoo_bootstrap
2024-06-11,58.79999924,59.70000076,58.29999924,58.70000076,50455531,0,1,51.93224269,yahoo_bootstrap
2024-06-12,58.09999847,58.40000153,57.59999847,57.90000153,30709932,0,1,51.22447857,yahoo_bootstrap
2024-06-13,58.40000153,58.79999924,57.79999924,58.09999847,32885334,0,1,51.40141706,yahoo_bootstrap
2024-06-14,58.59999847,58.59999847,57.5,58.20000076,22570629,0,1,51.48988969,yahoo_bootstrap
2024-06-17,58.20000076,58.20000076,57.40000153,57.5,19688095,0,1,50.87059482,yahoo_bootstrap
2024-06-18,58,58.90000153,58,58.90000153,28703145,0,1,52.10918457,yahoo_bootstrap
2024-06-19,59.09999847,59.29999924,58.20000076,59,29967420,0,1,52.19765381,yahoo_bootstrap
2024-06-20,59,60.20000076,58.79999924,60.09999847,43213257,0,1,53.17082906,yahoo_bootstrap
2024-06-21,60.09999847,60.40000153,59.70000076,60.09999847,44553804,0,1,53.17082906,yahoo_bootstrap
2024-06-24,60.29999924,60.5,59.59999847,60.29999924,26401745,0,1,53.34777094,yahoo_bootstrap
2024-06-25,60.79999924,61.20000076,60.09999847,60.5,30590909,0,1,53.52471281,yahoo_bootstrap
2024-06-26,60.29999924,60.5,59,59.5,38888351,0,1,52.64000681,yahoo_bootstrap
2024-06-27,58.90000153,59.09999847,58.29999924,59.09999847,47169410,0,1,52.28612306,yahoo_bootstrap
2024-06-28,59.09999847,59.59999847,58.59999847,59,48245179,0,1,52.19765381,yahoo_bootstrap
2024-07-01,57.90000153,58.09999847,56.70000076,58.09999847,68014318,2,1,53.20497556,yahoo_bootstrap
2024-07-02,57.79999924,58.5,57.40000153,58.20000076,25123181,0,1,53.29655249,yahoo_bootstrap
2024-07-03,58.70000076,61.59999847,58.59999847,61.5,82983423,0,1,56.31852122,yahoo_bootstrap
2024-07-04,61.79999924,62.20000076,60.40000153,60.70000076,54381074,0,1,55.58592327,yahoo_bootstrap
2024-07-05,61.29999924,61.5,60.5,61.29999924,38153115,0,1,56.13537086,yahoo_bootstrap
2024-07-08,61.5,62.40000153,61,62.29999924,41291332,0,1,57.05111917,yahoo_bootstrap
2024-07-09,62.5,63.20000076,61,62.09999847,44984901,0,1,56.86796881,yahoo_bootstrap
2024-07-10,62.59999847,63.70000076,62.40000153,63.59999847,46214319,0,1,58.24159128,yahoo_bootstrap
2024-07-11,64.40000153,66.09999847,63.79999924,65.5,74786743,0,1,59.98151447,yahoo_bootstrap
2024-07-12,65.19999695,66.09999847,64.59999847,65.69999695,38164611,0,1,60.16466134,yahoo_bootstrap
2024-07-15,66,66,64.09999847,65,33842043,0,1,59.52364031,yahoo_bootstrap
2024-07-16,65.69999695,65.80000305,64.59999847,65.40000153,33390002,0,1,59.88994104,yahoo_bootstrap
2024-07-17,65.69999695,66.19999695,64.80000305,65.30000305,39102467,0,1,59.7983676,yahoo_bootstrap
2024-07-18,64.69999695,65.59999847,63.09999847,64.19999695,48543601,0,1,58.79103887,yahoo_bootstrap
2024-07-19,64.69999695,64.69999695,61.70000076,62.59999847,52547992,0,1,57.32584296,yahoo_bootstrap
2024-07-22,62.09999847,62.20000076,59.5,60,47711977,0,1,54.94489875,yahoo_bootstrap
2024-07-23,61.09999847,61.5,60.70000076,61.5,21678619,0,1,56.31852122,yahoo_bootstrap
2024-07-26,59.70000076,61.70000076,59.5,61.5,37439149,0,1,56.31852122,yahoo_bootstrap
2024-07-29,62.40000153,63.20000076,61.79999924,62.70000076,30437537,0,1,57.41741989,yahoo_bootstrap
2024-07-30,62.5,62.5,60.70000076,61.70000076,21728973,0,1,56.50167158,yahoo_bootstrap
2024-07-31,60.79999924,62.79999924,60.79999924,62.40000153,18511247,0,1,57.1426961,yahoo_bootstrap
2024-08-01,62.90000153,63.09999847,62.40000153,62.79999924,24088468,0,1,57.50899333,yahoo_bootstrap
2024-08-02,61.5,61.70000076,60.59999847,61.29999924,28645559,0,1,56.13537086,yahoo_bootstrap
2024-08-05,59,59.20000076,55.29999924,55.59999847,67951804,0,1,50.91560478,yahoo_bootstrap
2024-08-06,57,57.70000076,54,56.09999847,47848163,0,1,51.37347893,yahoo_bootstrap
2024-08-07,56.09999847,58.70000076,56.09999847,58.59999847,41171470,0,1,53.66284971,yahoo_bootstrap
2024-08-08,57.5,58.79999924,57.20000076,57.79999924,22098747,0,1,52.93025177,yahoo_bootstrap
2024-08-09,61.29999924,61.5,60.09999847,60.5,48640357,0,1,55.40277291,yahoo_bootstrap
2024-08-12,61.20000076,61.59999847,60.40000153,61,28181159,0,1,55.86064706,yahoo_bootstrap
2024-08-13,61.09999847,61.5,60.59999847,61.29999924,20254165,0,1,56.13537086,yahoo_bootstrap
2024-08-14,61.79999924,62.5,61.40000153,61.90000153,27932712,0,1,56.68482195,yahoo_bootstrap
2024-08-15,62.59999847,62.79999924,61.5,61.59999847,19576689,0,1,56.41009465,yahoo_bootstrap
2024-08-16,62.59999847,63.29999924,62.09999847,63,40751327,0,1,57.69214369,yahoo_bootstrap
2024-08-19,63.20000076,63.20000076,62.20000076,62.29999924,19025333,0,1,57.05111917,yahoo_bootstrap
2024-08-20,62.5,62.5,61.09999847,61.70000076,23860267,0,1,56.50167158,yahoo_bootstrap
2024-08-21,61.40000153,62.20000076,61.29999924,61.90000153,17824051,0,1,56.68482195,yahoo_bootstrap
2024-08-22,61.70000076,61.79999924,61,61.40000153,15049844,0,1,56.22694779,yahoo_bootstrap
2024-08-23,60.70000076,61.70000076,60.5,61.5,10674672,0,1,56.31852122,yahoo_bootstrap
2024-08-26,62.29999924,64.19999695,62.20000076,63.90000153,45897812,0,1,58.51631857,yahoo_bootstrap
2024-08-27,63.5,63.70000076,62.79999924,63.09999847,24131732,0,1,57.78371712,yahoo_bootstrap
2024-08-28,63.40000153,63.5,62.59999847,63.5,13255685,0,1,58.15001785,yahoo_bootstrap
2024-08-29,63.09999847,63.40000153,62.70000076,63.09999847,14112990,0,1,57.78371712,yahoo_bootstrap
2024-08-30,63.40000153,63.70000076,63,63.5,30136194,0,1,58.15001785,yahoo_bootstrap
2024-09-02,63.79999924,65.19999695,63.70000076,64.69999695,31737202,0,1,59.24891303,yahoo_bootstrap
2024-09-03,64.80000305,64.80000305,63.5,63.70000076,16384725,0,1,58.3331682,yahoo_bootstrap
2024-09-04,61,62.20000076,60.59999847,61.59999847,36450780,0,1,56.41009465,yahoo_bootstrap
2024-09-05,62,63.59999847,61.70000076,62.40000153,30481021,0,1,57.1426961,yahoo_bootstrap
2024-09-06,62.20000076,63.70000076,61.79999924,63.5,24581221,0,1,58.15001785,yahoo_bootstrap
2024-09-09,62,62.59999847,61.29999924,62.5,29662372,0,1,57.23426953,yahoo_bootstrap
2024-09-10,62.5,63.40000153,62,62.59999847,18738850,0,1,57.32584296,yahoo_bootstrap
2024-09-11,62.29999924,62.90000153,62.29999924,62.5,18759780,0,1,57.23426953,yahoo_bootstrap
2024-09-12,63.20000076,63.29999924,62.5,62.90000153,19992848,0,1,57.60057026,yahoo_bootstrap
2024-09-13,63.09999847,63.70000076,62.5,63.20000076,15437217,0,1,57.87529405,yahoo_bootstrap
2024-09-16,63.29999924,63.40000153,62.70000076,63.09999847,9224361,0,1,57.78371712,yahoo_bootstrap
2024-09-18,63,63.40000153,62.79999924,63.20000076,12969687,0,1,57.87529405,yahoo_bootstrap
2024-09-19,63.40000153,64.80000305,63.29999924,64.80000305,34318662,0,1,59.34049345,yahoo_bootstrap
2024-09-20,65,65.40000153,64.5,64.69999695,40165846,0,1,59.24891303,yahoo_bootstrap
2024-09-23,64.90000153,65.40000153,64.5,65.40000153,21522538,0,1,59.88994104,yahoo_bootstrap
2024-09-24,65.5,66.5,65.30000305,66.30000305,43299635,0,1,60.71411591,yahoo_bootstrap
2024-09-25,67,67.09999847,66.40000153,67.09999847,31977429,0,1,61.44671037,yahoo_bootstrap
2024-09-26,67.59999847,68.59999847,67.40000153,68.30000305,44203669,0,1,62.54561254,yahoo_bootstrap
2024-09-27,69,69,66.90000153,67.5,36299707,0,1,61.8130111,yahoo_bootstrap
2024-09-30,67.40000153,67.69999695,66.5,66.5,29637285,0,1,60.89726278,yahoo_bootstrap
2024-10-01,66.90000153,67.09999847,66.19999695,66.69999695,11996810,0,1,61.08040965,yahoo_bootstrap
2024-10-04,66,66.90000153,65.80000305,66,24322395,0,1,60.43938863,yahoo_bootstrap
2024-10-07,66.59999847,68,66.5,68,29051653,0,1,62.27088525,yahoo_bootstrap
2024-10-08,67.5,68.19999695,67,67.69999695,24875376,0,1,61.99615797,yahoo_bootstrap
2024-10-09,68.30000305,68.5,67.59999847,67.80000305,17309623,0,1,62.08773838,yahoo_bootstrap
2024-10-11,68.59999847,68.59999847,67.59999847,68,21663134,0,1,62.27088525,yahoo_bootstrap
2024-10-14,68,68.09999847,67.09999847,67.69999695,10554371,0,1,61.99615797,yahoo_bootstrap
2024-10-15,67.80000305,68.80000305,67.5,68.80000305,28862968,0,1,63.0034867,yahoo_bootstrap
2024-10-16,68,68.59999847,67.40000153,67.80000305,21791724,0,1,62.08773838,yahoo_bootstrap
2024-10-17,67.90000153,68.69999695,67.90000153,68.59999847,13945412,0,1,62.82033284,yahoo_bootstrap
2024-10-18,68.80000305,69.90000153,68.5,69.80000305,42577824,0,1,63.91923501,yahoo_bootstrap
2024-10-21,69.80000305,69.80000305,68,68.30000305,38717417,0,1,62.54561254,yahoo_bootstrap
2024-10-22,68.19999695,69.30000305,67.80000305,69.30000305,26585760,0,1,63.46136085,yahoo_bootstrap
2024-10-23,69,69.40000153,68.69999695,69.19999695,17460484,0,1,63.36978043,yahoo_bootstrap
2024-10-24,68.80000305,69,68.19999695,68.19999695,16149286,0,1,62.45403212,yahoo_bootstrap
2024-10-25,68.5,69,68.09999847,69,11712474,0,1,63.18663356,yahoo_bootstrap
2024-10-28,68.90000153,69.80000305,68.5,69.30000305,22253036,0,1,63.46136085,yahoo_bootstrap
2024-10-29,69.19999695,69.19999695,68,68.5,21295784,0,1,62.72875941,yahoo_bootstrap
2024-10-30,68.80000305,69,68.5,68.90000153,14846643,0,1,63.09506013,yahoo_bootstrap
2024-11-01,68.09999847,68.80000305,67.40000153,68.59999847,25933667,0,1,62.82033284,yahoo_bootstrap
2024-11-04,68.59999847,69.59999847,68.5,69.59999847,27759924,0,1,63.73608115,yahoo_bootstrap
2024-11-05,69.09999847,69.80000305,68.59999847,69.80000305,12529086,0,1,63.91923501,yahoo_bootstrap
2024-11-06,69.59999847,69.69999695,69,69.09999847,12043658,0,1,63.27820699,yahoo_bootstrap
2024-11-07,69,70.40000153,69,69.80000305,25062035,0,1,63.91923501,yahoo_bootstrap
2024-11-08,70,70.19999695,69.40000153,69.5,15125052,0,1,63.64450772,yahoo_bootstrap
2024-11-11,69.69999695,69.80000305,68.09999847,68.69999695,20916698,0,1,62.91190628,yahoo_bootstrap
2024-11-12,67.80000305,68.19999695,67.19999695,67.5,40494368,0,1,61.8130111,yahoo_bootstrap
2024-11-13,67.09999847,67.5,66.19999695,66.80000305,37216440,0,1,61.17199007,yahoo_bootstrap
2024-11-14,66.5,67.09999847,66.09999847,66.19999695,26613329,0,1,60.6225355,yahoo_bootstrap
2024-11-15,67,68.30000305,66.59999847,66.90000153,29043099,0,1,61.26356351,yahoo_bootstrap
2024-11-18,67.30000305,67.5,66.59999847,67,19670848,0,1,61.35513694,yahoo_bootstrap
2024-11-19,67.30000305,67.69999695,66.5,67.69999695,29378666,0,1,61.99615797,yahoo_bootstrap
2024-11-20,67.40000153,67.40000153,67.40000153,67.40000153,25128583,0,1,61.72143767,yahoo_bootstrap
2024-11-21,66.90000153,67,66.19999695,66.59999847,29047535,0,1,60.98883621,yahoo_bootstrap
2024-11-22,67,67.30000305,66.5,66.80000305,20542663,0,1,61.17199007,yahoo_bootstrap
2024-11-25,67.40000153,68,67.09999847,67.30000305,45994278,0,1,61.62986423,yahoo_bootstrap
2024-11-26,67.09999847,67.5,66.30000305,67.40000153,14985040,0,1,61.72143767,yahoo_bootstrap
2024-11-27,67.09999847,67.30000305,66.5,66.5,12375995,0,1,60.89726278,yahoo_bootstrap
2024-11-28,66.80000305,66.80000305,66.09999847,66.30000305,12375048,0,1,60.71411591,yahoo_bootstrap
2024-11-29,65.80000305,66.09999847,65,65.69999695,23113400,0,1,60.16466134,yahoo_bootstrap
2024-12-02,66.09999847,67.69999695,66,67.59999847,20298415,0,1,61.90458453,yahoo_bootstrap
2024-12-03,67.90000153,68.90000153,67.80000305,68.90000153,29913884,0,1,63.09506013,yahoo_bootstrap
2024-12-04,69,69,68.40000153,69,15588054,0,1,63.18663356,yahoo_bootstrap
2024-12-05,69.19999695,69.30000305,68.80000305,69.19999695,12754696,0,1,63.36978043,yahoo_bootstrap
2024-12-06,69.09999847,69.19999695,68.40000153,68.69999695,10241647,0,1,62.91190628,yahoo_bootstrap
2024-12-09,68.69999695,69.40000153,68.59999847,69.19999695,18164014,0,1,63.36978043,yahoo_bootstrap
2024-12-10,68.80000305,69.19999695,68.40000153,68.59999847,12441774,0,1,62.82033284,yahoo_bootstrap
2024-12-11,68.30000305,69.19999695,68,68.40000153,19996762,0,1,62.63718598,yahoo_bootstrap
2024-12-12,69,69.80000305,68.59999847,69.59999847,36133386,0,1,63.73608115,yahoo_bootstrap
2024-12-13,69.30000305,69.80000305,69,69.5,13686022,0,1,63.64450772,yahoo_bootstrap
2024-12-16,69.5,70.69999695,69.40000153,70.09999847,34902926,0,1,64.19395531,yahoo_bootstrap
2024-12-17,69.59999847,70,68.59999847,68.59999847,24837503,0,1,62.82033284,yahoo_bootstrap
2024-12-18,68.5,69.40000153,68.19999695,68.80000305,15857184,0,1,63.0034867,yahoo_bootstrap
2024-12-19,67.5,67.69999695,67.09999847,67.69999695,26330204,0,1,61.99615797,yahoo_bootstrap
2024-12-20,67.19999695,67.69999695,66.90000153,67.30000305,26899589,0,1,61.62986423,yahoo_bootstrap
2024-12-23,68,69,68,69,17122496,0,1,63.18663356,yahoo_bootstrap
2024-12-24,69,69.09999847,68.59999847,68.90000153,6153683,0,1,63.09506013,yahoo_bootstrap
2024-12-25,69,69.09999847,68.40000153,68.69999695,5986895,0,1,62.91190628,yahoo_bootstrap
2024-12-26,68.90000153,69,68.40000153,68.69999695,3532796,0,1,62.91190628,yahoo_bootstrap
2024-12-27,68.59999847,69.30000305,68.5,69.30000305,10258701,0,1,63.46136085,yahoo_bootstrap
2024-12-30,69.19999695,69.80000305,69,69.19999695,16911590,0,1,63.36978043,yahoo_bootstrap
2024-12-31,68.59999847,68.69999695,68.09999847,68.30000305,13746482,0,1,62.54561254,yahoo_bootstrap
2025-01-02,68.69999695,68.69999695,67.30000305,68,24306565,0,1,62.27088525,yahoo_bootstrap
2025-01-03,68.09999847,68.30000305,67.5,67.80000305,18132652,0,1,62.08773838,yahoo_bootstrap
2025-01-06,68.30000305,69.19999695,68.09999847,68.80000305,27528633,0,1,63.0034867,yahoo_bootstrap
2025-01-07,69.09999847,69.19999695,68.30000305,69.09999847,23548626,0,1,63.27820699,yahoo_bootstrap
2025-01-08,68.80000305,69.40000153,68.59999847,68.80000305,24392294,0,1,63.0034867,yahoo_bootstrap
2025-01-09,68.59999847,69.30000305,68.30000305,68.30000305,11260509,0,1,62.54561254,yahoo_bootstrap
2025-01-10,67.5,67.59999847,64.69999695,65.09999847,79078935,0,1,59.61521374,yahoo_bootstrap
2025-01-13,65,65.69999695,63.59999847,64.19999695,36934824,0,1,58.79103887,yahoo_bootstrap
2025-01-14,64.5,65.69999695,64.5,65.5,22041903,0,1,59.98151447,yahoo_bootstrap
2025-01-15,65.5,65.80000305,64.59999847,64.69999695,20181926,0,1,59.24891303,yahoo_bootstrap
2025-01-16,65.59999847,65.90000153,65.30000305,65.5,14008135,0,1,59.98151447,yahoo_bootstrap
2025-01-17,65.80000305,66.09999847,64.90000153,65.5,12841817,0,1,59.98151447,yahoo_bootstrap
2025-01-20,65.69999695,65.90000153,65,65.09999847,9452883,0,1,59.61521374,yahoo_bootstrap
2025-01-21,65.30000305,66.19999695,65.09999847,65.90000153,10512224,0,1,60.3478152,yahoo_bootstrap
2025-01-22,66.5,67.30000305,66.40000153,66.80000305,26391399,0,1,61.17199007,yahoo_bootstrap
2025-02-03,65.09999847,66.30000305,64.90000153,66,22126880,0,1,60.43938863,yahoo_bootstrap
2025-02-04,66.5,66.80000305,65.09999847,65.19999695,15388000,0,1,59.70678718,yahoo_bootstrap
2025-02-05,65.90000153,66.69999695,65.69999695,66.5,15759429,0,1,60.89726278,yahoo_bootstrap
2025-02-06,66.80000305,66.90000153,66.30000305,66.90000153,9897240,0,1,61.26356351,yahoo_bootstrap
2025-02-07,66.59999847,67.19999695,66.40000153,66.90000153,10923854,0,1,61.26356351,yahoo_bootstrap
2025-02-10,66.69999695,68,66.59999847,67.40000153,16377780,0,1,61.72143767,yahoo_bootstrap
2025-02-11,68.09999847,68.80000305,68,68.5,20866816,0,1,62.72875941,yahoo_bootstrap
2025-02-12,68.59999847,68.90000153,68.19999695,68.69999695,10202913,0,1,62.91190628,yahoo_bootstrap
2025-02-13,68.59999847,69,68.19999695,68.69999695,13377030,0,1,62.91190628,yahoo_bootstrap
2025-02-14,68.69999695,69,68.40000153,68.69999695,10985387,0,1,62.91190628,yahoo_bootstrap
2025-02-17,68.90000153,69.30000305,68.80000305,69,16292304,0,1,63.18663356,yahoo_bootstrap
2025-02-18,68.69999695,69.19999695,68.69999695,69.19999695,8763605,0,1,63.36978043,yahoo_bootstrap
2025-02-19,69,69.19999695,68.30000305,68.69999695,13330523,0,1,62.91190628,yahoo_bootstrap
2025-02-20,68.69999695,69,68.30000305,68.80000305,13665208,0,1,63.0034867,yahoo_bootstrap
2025-02-21,68.59999847,69,68.59999847,68.90000153,10572393,0,1,63.09506013,yahoo_bootstrap
2025-02-24,68.40000153,68.69999695,68.40000153,68.69999695,8914341,0,1,62.91190628,yahoo_bootstrap
2025-02-25,68.19999695,68.80000305,67.80000305,68.69999695,13356157,0,1,62.91190628,yahoo_bootstrap
2025-02-26,68.5,69.30000305,68.30000305,69.19999695,15458463,0,1,63.36978043,yahoo_bootstrap
2025-02-27,69,69.30000305,68.40000153,68.40000153,35778086,0,1,62.63718598,yahoo_bootstrap
2025-03-03,68.69999695,68.90000153,68,68.80000305,21241927,0,1,63.0034867,yahoo_bootstrap
2025-03-04,67.80000305,68.19999695,66.69999695,67.69999695,22150783,0,1,61.99615797,yahoo_bootstrap
2025-03-05,67.90000153,68.5,67.90000153,68.19999695,12313204,0,1,62.45403212,yahoo_bootstrap
2025-03-06,68,68.69999695,68,68.69999695,9201178,0,1,62.91190628,yahoo_bootstrap
2025-03-07,68.30000305,68.40000153,67.19999695,67.30000305,22302843,0,1,61.62986423,yahoo_bootstrap
2025-03-10,67.19999695,67.69999695,66.90000153,67.30000305,10298966,0,1,61.62986423,yahoo_bootstrap
2025-03-11,66,66.40000153,64.80000305,65.90000153,33709866,0,1,60.3478152,yahoo_bootstrap
2025-03-12,66,66.59999847,66,66.5,11828340,0,1,60.89726278,yahoo_bootstrap
2025-03-13,66.80000305,66.90000153,65.90000153,65.90000153,7661325,0,1,60.3478152,yahoo_bootstrap
2025-03-14,66.59999847,67,66,66,14062880,0,1,60.43938863,yahoo_bootstrap
2025-03-17,65.80000305,66.19999695,64.90000153,66,21267901,0,1,60.43938863,yahoo_bootstrap
2025-03-18,66.30000305,67.30000305,66,66.5,17177663,0,1,60.89726278,yahoo_bootstrap
2025-03-19,66.30000305,66.5,65.30000305,65.30000305,16248437,0,1,59.7983676,yahoo_bootstrap
2025-03-20,65.80000305,66.30000305,65.69999695,65.90000153,10061188,0,1,60.3478152,yahoo_bootstrap
2025-03-21,65.59999847,65.90000153,65.09999847,65.09999847,19663149,0,1,59.61521374,yahoo_bootstrap
2025-03-24,65.30000305,65.59999847,65,65,9927289,0,1,59.52364031,yahoo_bootstrap
2025-03-25,65.40000153,65.69999695,65,65,11934883,0,1,59.52364031,yahoo_bootstrap
2025-03-26,65.5,65.80000305,65.19999695,65.40000153,15073510,0,1,59.88994104,yahoo_bootstrap
2025-03-27,65.09999847,65.30000305,64.59999847,65.30000305,15022289,0,1,59.7983676,yahoo_bootstrap
2025-03-28,65,65.09999847,64,64,20054064,0,1,58.607892,yahoo_bootstrap
2025-03-31,62.79999924,63,61.09999847,61.20000076,32601854,0,1,56.04379742,yahoo_bootstrap
2025-04-01,61.5,62.09999847,61.20000076,61.59999847,25979079,0,1,56.41009465,yahoo_bootstrap
2025-04-02,61.59999847,62.29999924,61.59999847,61.59999847,21366759,0,1,56.41009465,yahoo_bootstrap
2025-04-07,55.5,55.5,55.5,55.5,9339145,0,1,50.82403135,yahoo_bootstrap
2025-04-08,52.79999924,54.79999924,52.20000076,54.09999847,84413483,0,1,49.54198231,yahoo_bootstrap
2025-04-09,53.5,54.59999847,49.5,49.5,67600496,0,1,45.32954147,yahoo_bootstrap
2025-04-10,54.40000153,54.40000153,54,54.40000153,20144368,0,1,49.8167096,yahoo_bootstrap
2025-04-11,52.5,54.40000153,52.5,54.20000076,55592542,0,1,49.63355924,yahoo_bootstrap
2025-04-14,54.40000153,55.70000076,54.29999924,54.5,39368302,0,1,49.90828303,yahoo_bootstrap
2025-04-15,54.79999924,56.20000076,54.59999847,56,23705441,0,1,51.2819055,yahoo_bootstrap
2025-04-16,55.09999847,55.5,54.5,54.79999924,22269928,0,1,50.18300683,yahoo_bootstrap
2025-04-17,54.5,54.5,53.59999847,53.90000153,24874782,0,1,49.35883545,yahoo_bootstrap
2025-04-18,53.59999847,54,53.20000076,53.59999847,26241533,0,1,49.08410815,yahoo_bootstrap
2025-04-21,53.79999924,54.20000076,53.29999924,54.09999847,16911194,0,1,49.54198231,yahoo_bootstrap
2025-04-22,53.09999847,53.5,52,52.5,31953772,0,1,48.07678641,yahoo_bootstrap
2025-04-23,53.59999847,53.59999847,52.79999924,53.59999847,26448029,0,1,49.08410815,yahoo_bootstrap
2025-04-24,53.70000076,53.79999924,52.90000153,53.5,23118104,0,1,48.99253472,yahoo_bootstrap
2025-04-25,54,54.79999924,53.79999924,54.09999847,26733950,0,1,49.54198231,yahoo_bootstrap
2025-04-28,54.79999924,55,54.29999924,54.59999847,13700391,0,1,49.99985646,yahoo_bootstrap
2025-04-29,54.59999847,55.70000076,54.29999924,55.70000076,29605110,0,1,51.0071817,yahoo_bootstrap
2025-04-30,58.40000153,59.40000153,57.70000076,58.5,70499043,0,1,53.57127628,yahoo_bootstrap
2025-05-02,58.5,58.90000153,58.09999847,58.70000076,38292253,0,1,53.75442664,yahoo_bootstrap
2025-05-05,55.09999847,55.40000153,53.29999924,54.70000076,95368983,0,1,50.09143339,yahoo_bootstrap
2025-05-06,53.90000153,56.20000076,53.59999847,55.90000153,64400064,0,1,51.19033207,yahoo_bootstrap
2025-05-07,55.70000076,56.20000076,54.79999924,56.20000076,45137412,0,1,51.46505586,yahoo_bootstrap
2025-05-08,55.09999847,56.20000076,55.09999847,55.20000076,52583859,0,1,50.54930755,yahoo_bootstrap
2025-05-09,54.59999847,55.5,54.20000076,55.20000076,55895645,0,1,50.54930755,yahoo_bootstrap
2025-05-12,55,56.20000076,55,56.09999847,38040502,0,1,51.37347893,yahoo_bootstrap
2025-05-13,57.29999924,58.40000153,56.90000153,57.90000153,54663954,0,1,53.0218287,yahoo_bootstrap
2025-05-14,58.59999847,59.29999924,58.40000153,58.79999924,38045887,0,1,53.84600008,yahoo_bootstrap
2025-05-15,59.29999924,59.90000153,58.90000153,59.59999847,43348358,0,1,54.57859803,yahoo_bootstrap
2025-05-16,59.90000153,63,59.59999847,63,74886943,0,1,57.69214369,yahoo_bootstrap
2025-05-19,61.5,62.29999924,60.40000153,60.5,50035510,0,1,55.40277291,yahoo_bootstrap
2025-05-20,60.79999924,62.20000076,60.79999924,61.5,35187628,0,1,56.31852122,yahoo_bootstrap
2025-05-21,61.70000076,64,61.59999847,63.5,67276671,0,1,58.15001785,yahoo_bootstrap
2025-05-22,62.20000076,66.09999847,62,65.59999847,98102551,0,1,60.0730879,yahoo_bootstrap
2025-05-23,65,67.19999695,65,65.69999695,69220745,0,1,60.16466134,yahoo_bootstrap
2025-05-26,65.40000153,66.5,63,63,99601144,0,1,57.69214369,yahoo_bootstrap
2025-05-27,62.59999847,64.59999847,61.59999847,62.20000076,140946039,0,1,56.95954574,yahoo_bootstrap
2025-05-28,62.59999847,63,61.20000076,61.20000076,134231696,0,1,56.04379742,yahoo_bootstrap
2025-05-29,61.59999847,62.40000153,59.79999924,59.79999924,210093481,0,1,54.76174839,yahoo_bootstrap
2025-06-02,59.70000076,60.90000153,58.79999924,60.40000153,149784569,0,1,55.31119948,yahoo_bootstrap
2025-06-03,60.09999847,63.90000153,60,63.90000153,175849378,0,1,58.51631857,yahoo_bootstrap
2025-06-04,63,67.69999695,61.79999924,64.69999695,276557834,0,1,59.24891303,yahoo_bootstrap
2025-06-05,64.30000305,67.19999695,64.30000305,66.09999847,169990897,0,1,60.53096206,yahoo_bootstrap
2025-06-06,64.90000153,67.5,64.80000305,66.30000305,194544529,0,1,60.71411591,yahoo_bootstrap
2025-06-09,66.5,67.80000305,66.5,67.69999695,165372356,0,1,61.99615797,yahoo_bootstrap
2025-06-10,67.69999695,67.90000153,66,66,126958023,0,1,60.43938863,yahoo_bootstrap
2025-06-11,66.40000153,68.40000153,64.09999847,68.40000153,186969872,0,1,62.63718598,yahoo_bootstrap
2025-06-12,67.09999847,68.5,66.5,68.5,146977203,0,1,62.72875941,yahoo_bootstrap
2025-06-13,67.5,69.5,67.09999847,69,133217588,0,1,63.18663356,yahoo_bootstrap
2025-06-16,68.69999695,69.5,67.09999847,67.30000305,61016699,0,1,61.62986423,yahoo_bootstrap
2025-06-17,67.30000305,68.19999695,65.69999695,65.69999695,67972090,0,1,60.16466134,yahoo_bootstrap
2025-06-18,66.30000305,67.40000153,65.69999695,67.30000305,59602690,0,1,61.62986423,yahoo_bootstrap
2025-06-19,66.5,66.90000153,65.59999847,66.19999695,43094453,0,1,60.6225355,yahoo_bootstrap
2025-06-20,66.19999695,66.30000305,65.30000305,65.59999847,42370749,0,1,60.0730879,yahoo_bootstrap
2025-06-23,65,65.90000153,64.69999695,65.90000153,31718301,0,1,60.3478152,yahoo_bootstrap
2025-06-24,66.19999695,66.69999695,65.69999695,66.5,34402132,0,1,60.89726278,yahoo_bootstrap
2025-06-25,66.90000153,67,66.19999695,66.5,38576800,0,1,60.89726278,yahoo_bootstrap
2025-06-26,66.40000153,66.80000305,66.19999695,66.69999695,41927490,0,1,61.08040965,yahoo_bootstrap
2025-06-27,66.5,67.90000153,66,67.90000153,84433352,0,1,62.17931182,yahoo_bootstrap
2025-06-30,63.79999924,63.79999924,62.5,62.79999924,58096172,3.5,1,60.63448202,yahoo_bootstrap
2025-07-01,62.79999924,64.69999695,62.79999924,63.40000153,42222231,0,1,61.21379458,yahoo_bootstrap
2025-07-02,63.40000153,63.70000076,62.59999847,62.59999847,25575977,0,1,60.44137783,yahoo_bootstrap
2025-07-03,62.70000076,63.20000076,62.59999847,62.70000076,23304415,0,1,60.53793177,yahoo_bootstrap
2025-07-04,63,63,61.5,61.5,22756608,0,1,59.37931034,yahoo_bootstrap
2025-07-07,61.90000153,62.29999924,61.5,61.79999924,26239515,0,1,59.66896478,yahoo_bootstrap
2025-07-08,61.70000076,62.20000076,61.20000076,61.59999847,18648777,0,1,59.47586059,yahoo_bootstrap
2025-07-09,61.20000076,62,61.09999847,61.09999847,17134414,0,1,58.99310197,yahoo_bootstrap
2025-07-10,60.90000153,62.90000153,60.79999924,62.70000076,26695923,0,1,60.53793177,yahoo_bootstrap
2025-07-11,62.59999847,63.79999924,62.40000153,62.5,20567067,0,1,60.34482759,yahoo_bootstrap
2025-07-14,63,63.70000076,62.79999924,63.20000076,28794836,0,1,61.02069039,yahoo_bootstrap
2025-07-15,63.09999847,63.40000153,62.70000076,63.09999847,16759222,0,1,60.92413645,yahoo_bootstrap
2025-07-16,62.59999847,63.70000076,62.59999847,63.5,28809256,0,1,61.31034483,yahoo_bootstrap
2025-07-17,63.59999847,64,63.09999847,63.09999847,29461954,0,1,60.92413645,yahoo_bootstrap
2025-07-18,63,63.5,62.5,62.59999847,20613253,0,1,60.44137783,yahoo_bootstrap
2025-07-21,62.70000076,63.09999847,62.20000076,62.29999924,20142877,0,1,60.1517234,yahoo_bootstrap
2025-07-22,62.70000076,62.90000153,61.5,61.70000076,22811435,0,1,59.57241453,yahoo_bootstrap
2025-07-23,62.29999924,62.79999924,61.90000153,62.70000076,22781398,0,1,60.53793177,yahoo_bootstrap
2025-07-24,62.70000076,62.90000153,62.09999847,62.59999847,13566107,0,1,60.44137783,yahoo_bootstrap
2025-07-25,62.20000076,62.79999924,62.09999847,62.59999847,13430671,0,1,60.44137783,yahoo_bootstrap
2025-07-28,62.59999847,62.90000153,61.79999924,61.90000153,17872370,0,1,59.76551872,yahoo_bootstrap
2025-07-29,61.90000153,62.09999847,61.29999924,61.29999924,14650021,0,1,59.18620616,yahoo_bootstrap
2025-07-30,61.59999847,62.20000076,61.40000153,61.5,12836092,0,1,59.37931034,yahoo_bootstrap
2025-07-31,61.29999924,61.40000153,60.90000153,60.90000153,17930528,0,1,58.80000148,yahoo_bootstrap
2025-08-04,60.79999924,62.5,60.59999847,62.5,26126663,0,1,60.34482759,yahoo_bootstrap
2025-08-05,62.20000076,62.90000153,62,62.79999924,17283090,0,1,60.63448202,yahoo_bootstrap
2025-08-06,62.70000076,63,62.40000153,62.70000076,18457373,0,1,60.53793177,yahoo_bootstrap
2025-08-07,62.79999924,63.40000153,62.70000076,62.90000153,16564030,0,1,60.73103596,yahoo_bootstrap
2025-08-08,62.79999924,63.29999924,62.79999924,63.20000076,10368497,0,1,61.02069039,yahoo_bootstrap
2025-08-11,62.90000153,64,62.90000153,63.90000153,16382581,0,1,61.6965532,yahoo_bootstrap
2025-08-12,64.09999847,64.30000305,63.59999847,63.59999847,16208571,0,1,61.40689507,yahoo_bootstrap
2025-08-13,63.90000153,64.30000305,63.59999847,63.70000076,15368317,0,1,61.50344901,yahoo_bootstrap
2025-08-14,63.70000076,64.80000305,63.70000076,64.59999847,27447688,0,1,62.37241232,yahoo_bootstrap
2025-08-15,64.59999847,64.69999695,64,64.69999695,13372024,0,1,62.46896257,yahoo_bootstrap
2025-08-18,64.19999695,64.5,63.79999924,64.40000153,22487462,0,1,62.17931182,yahoo_bootstrap
2025-08-19,64.09999847,64.69999695,64,64.19999695,15500507,0,1,61.98620395,yahoo_bootstrap
2025-08-20,64.30000305,64.59999847,63,63.09999847,20192207,0,1,60.92413645,yahoo_bootstrap
2025-08-21,63.59999847,64.5,63.5,64.5,18114412,0,1,62.27586207,yahoo_bootstrap
2025-08-22,64.09999847,64.30000305,63.5,63.79999924,14471796,0,1,61.59999927,yahoo_bootstrap
2025-08-25,64.09999847,64.59999847,64,64.59999847,11865865,0,1,62.37241232,yahoo_bootstrap
2025-08-26,64.19999695,64.5,63.40000153,63.40000153,27837469,0,1,61.21379458,yahoo_bootstrap
2025-08-27,63.40000153,63.59999847,62.59999847,62.59999847,19417165,0,1,60.44137783,yahoo_bootstrap
2025-08-28,63,63,62.29999924,62.29999924,15592358,0,1,60.1517234,yahoo_bootstrap
2025-08-29,62.29999924,62.59999847,61.5,61.5,18322296,0,1,59.37931034,yahoo_bootstrap
2025-09-01,61.90000153,62.59999847,61.79999924,62.59999847,15282127,0,1,60.44137783,yahoo_bootstrap
2025-09-02,62.59999847,63.5,62.5,63.5,18351078,0,1,61.31034483,yahoo_bootstrap
2025-09-03,63.5,63.59999847,62.90000153,63.5,9222113,0,1,61.31034483,yahoo_bootstrap
2025-09-04,63.59999847,64.19999695,63.5,64.09999847,15063476,0,1,61.8896537,yahoo_bootstrap
2025-09-05,64.09999847,64.59999847,63.79999924,64.59999847,19432589,0,1,62.37241232,yahoo_bootstrap
2025-09-08,64.5,64.5,63.79999924,63.79999924,15273818,0,1,61.59999927,yahoo_bootstrap
2025-09-09,64,64.30000305,63.70000076,64.09999847,14966579,0,1,61.8896537,yahoo_bootstrap
2025-09-10,63.90000153,64.90000153,63.90000153,64.90000153,22694241,0,1,62.66207044,yahoo_bootstrap
2025-09-11,64.90000153,65.30000305,64.19999695,64.40000153,18523916,0,1,62.17931182,yahoo_bootstrap
2025-09-12,64.5,65.80000305,64.5,65.5,26625699,0,1,63.24137931,yahoo_bootstrap
2025-09-15,65.19999695,66.5,65.19999695,65.40000153,22702020,0,1,63.14482906,yahoo_bootstrap
2025-09-16,65.80000305,66.19999695,65.19999695,66.09999847,26173648,0,1,63.82068818,yahoo_bootstrap
2025-09-17,65.59999847,65.69999695,64.69999695,65.69999695,24040590,0,1,63.43447981,yahoo_bootstrap
2025-09-18,65.59999847,65.59999847,64.5,65,15282654,0,1,62.75862069,yahoo_bootstrap
2025-09-19,65,65.5,64.59999847,65.5,22563630,0,1,63.24137931,yahoo_bootstrap
2025-09-22,65.40000153,66.09999847,65.30000305,66,15296636,0,1,63.72413793,yahoo_bootstrap
2025-09-23,65.90000153,66.30000305,65.69999695,66.19999695,11713911,0,1,63.91723843,yahoo_bootstrap
2025-09-24,66.19999695,67,65.59999847,66,14641979,0,1,63.72413793,yahoo_bootstrap
2025-09-25,66,66.19999695,65.59999847,65.69999695,11982347,0,1,63.43447981,yahoo_bootstrap
2025-09-26,65.5,65.59999847,64.80000305,65.09999847,10461280,0,1,62.85517094,yahoo_bootstrap
2025-09-30,65.59999847,65.59999847,64.80000305,65.59999847,20627813,0,1,63.33792956,yahoo_bootstrap
2025-10-01,65.19999695,66.30000305,65.19999695,65.30000305,15902872,0,1,63.04827881,yahoo_bootstrap
2025-10-02,65.40000153,66,65,65,14445489,0,1,62.75862069,yahoo_bootstrap
2025-10-03,65.69999695,66,65,65,8779000,0,1,62.75862069,yahoo_bootstrap
2025-10-07,65,66,64.69999695,65.19999695,16211743,0,1,62.95172119,yahoo_bootstrap
2025-10-08,65.40000153,65.90000153,65.30000305,65.30000305,13282302,0,1,63.04827881,yahoo_bootstrap
2025-10-09,65.69999695,66.59999847,65.59999847,66.40000153,25972942,0,1,64.1103463,yahoo_bootstrap
2025-10-13,66.30000305,66.30000305,65.09999847,65.30000305,19110126,0,1,63.04827881,yahoo_bootstrap
2025-10-14,65.40000153,66.90000153,65.40000153,65.5,25539114,0,1,63.24137931,yahoo_bootstrap
2025-10-15,65.80000305,66.40000153,65.40000153,66.40000153,27746495,0,1,64.1103463,yahoo_bootstrap
2025-10-16,66.19999695,67.09999847,65.80000305,65.80000305,23579253,0,1,63.53103743,yahoo_bootstrap
2025-10-17,65.80000305,66.09999847,65.09999847,65.19999695,15123134,0,1,62.95172119,yahoo_bootstrap
2025-10-20,65.59999847,66.09999847,65.09999847,65.30000305,8352997,0,1,63.04827881,yahoo_bootstrap
2025-10-21,65.80000305,66.69999695,65.59999847,65.69999695,18396940,0,1,63.43447981,yahoo_bootstrap
2025-10-22,65.90000153,66.19999695,65.59999847,65.69999695,13493531,0,1,63.43447981,yahoo_bootstrap
2025-10-23,65.59999847,65.69999695,65.09999847,65.69999695,16916394,0,1,63.43447981,yahoo_bootstrap
2025-10-27,66.5,66.5,65.59999847,65.69999695,17268046,0,1,63.43447981,yahoo_bootstrap
2025-10-28,66.09999847,66.09999847,64.59999847,64.80000305,18582099,0,1,62.56552019,yahoo_bootstrap
2025-10-29,65.19999695,65.40000153,64.80000305,64.80000305,11855204,0,1,62.56552019,yahoo_bootstrap
2025-10-30,64.80000305,65.09999847,64.09999847,64.59999847,18310747,0,1,62.37241232,yahoo_bootstrap
2025-10-31,65.19999695,65.19999695,64,64,17218882,0,1,61.79310345,yahoo_bootstrap
2025-11-03,63.79999924,64.40000153,63.5,63.90000153,13598341,0,1,61.6965532,yahoo_bootstrap
2025-11-04,64,64.80000305,64,64.59999847,12238409,0,1,62.37241232,yahoo_bootstrap
2025-11-05,64.09999847,64.40000153,63.59999847,64.09999847,16292975,0,1,61.8896537,yahoo_bootstrap
2025-11-06,64.59999847,65.09999847,64,64.69999695,15378557,0,1,62.46896257,yahoo_bootstrap
2025-11-07,64.30000305,64.59999847,63.5,63.5,14897942,0,1,61.31034483,yahoo_bootstrap
2025-11-10,63.59999847,64.40000153,63.59999847,63.79999924,14091189,0,1,61.59999927,yahoo_bootstrap
2025-11-11,64.80000305,65.69999695,64.5,64.80000305,34181909,0,1,62.56552019,yahoo_bootstrap
2025-11-12,65.30000305,65.90000153,64.90000153,64.90000153,27636636,0,1,62.66207044,yahoo_bootstrap
2025-11-13,65,66,64.90000153,65.90000153,30904584,0,1,63.62758768,yahoo_bootstrap
2025-11-14,65.69999695,66.5,65.19999695,66,35787774,0,1,63.72413793,yahoo_bootstrap
2025-11-17,65.80000305,66,65,65.30000305,28342797,0,1,63.04827881,yahoo_bootstrap
2025-11-18,64.80000305,65,64.40000153,64.80000305,27400025,0,1,62.56552019,yahoo_bootstrap
2025-11-19,65.19999695,65.30000305,64.19999695,64.19999695,21462645,0,1,61.98620395,yahoo_bootstrap
2025-11-20,64.90000153,64.90000153,64.19999695,64.69999695,24362968,0,1,62.46896257,yahoo_bootstrap
2025-11-21,64.40000153,64.40000153,63.59999847,63.59999847,24742145,0,1,61.40689507,yahoo_bootstrap
2025-11-24,63.79999924,65.5,63.79999924,65.5,34836154,0,1,63.24137931,yahoo_bootstrap
2025-11-25,65.5,66,65,65.09999847,20977444,0,1,62.85517094,yahoo_bootstrap
2025-11-26,65.5,66,65.30000305,65.80000305,18552338,0,1,63.53103743,yahoo_bootstrap
2025-11-27,65.19999695,65.80000305,64.80000305,65.80000305,27479730,0,1,63.53103743,yahoo_bootstrap
2025-11-28,65.19999695,65.5,64.19999695,64.19999695,29237036,0,1,61.98620395,yahoo_bootstrap
2025-12-01,64.09999847,65.19999695,64.09999847,64.80000305,22445838,0,1,62.56552019,yahoo_bootstrap
2025-12-02,65.19999695,66.59999847,65.19999695,66.59999847,41243005,0,1,64.3034468,yahoo_bootstrap
2025-12-03,66.69999695,67.59999847,66.19999695,67.59999847,34055361,0,1,65.26896404,yahoo_bootstrap
2025-12-04,67.5,69.19999695,67.40000153,69,38707144,0,1,66.62068966,yahoo_bootstrap
2025-12-05,68.5,68.69999695,67.80000305,68.69999695,17806807,0,1,66.33103154,yahoo_bootstrap
2025-12-08,68.30000305,69,67.80000305,69,16708158,0,1,66.62068966,yahoo_bootstrap
2025-12-09,68.5,69.19999695,68.5,69.19999695,18450634,0,1,66.81379016,yahoo_bootstrap
2025-12-10,69.09999847,69.30000305,68,68.5,17923501,0,1,66.13793103,yahoo_bootstrap
2025-12-11,69.19999695,69.69999695,68.5,69.19999695,27376078,0,1,66.81379016,yahoo_bootstrap
2025-12-12,69.69999695,70.40000153,69.5,70.09999847,34117672,0,1,67.68275714,yahoo_bootstrap
2025-12-15,69.30000305,70.59999847,69.19999695,70.09999847,28704428,0,1,67.68275714,yahoo_bootstrap
2025-12-16,69.69999695,70.19999695,69.19999695,70.19999695,72835524,0,1,67.7793074,yahoo_bootstrap
2025-12-17,70.19999695,73.5,70.09999847,73.19999695,76687387,0,1,70.67585912,yahoo_bootstrap
2025-12-18,73.69999695,74.80000305,72.59999847,74.40000153,54993389,0,1,71.83448424,yahoo_bootstrap
2025-12-19,74.59999847,75.5,73.90000153,75.5,51669442,0,1,72.89655172,yahoo_bootstrap
2025-12-22,75.80000305,76.69999695,75.59999847,76.5,45489213,0,1,73.86206897,yahoo_bootstrap
2025-12-23,76.80000305,76.80000305,74.69999695,76.69999695,39539191,0,1,74.05516947,yahoo_bootstrap
2025-12-24,77,77.30000305,75.09999847,75.90000153,43705849,0,1,73.2827601,yahoo_bootstrap
2025-12-26,75.90000153,75.90000153,74.30000305,74.80000305,34727588,0,1,72.2206926,yahoo_bootstrap
2025-12-29,74.69999695,76.19999695,74.19999695,76,14334350,0,1,73.37931034,yahoo_bootstrap
2025-12-30,75.5,76.5,75.09999847,76.19999695,27395108,0,1,73.57241085,yahoo_bootstrap
2025-12-31,75.69999695,76.19999695,75,75.80000305,37258631,0,1,73.18620984,yahoo_bootstrap
2026-01-02,75.40000153,76,74.80000305,75.19999695,25677629,0,1,72.60689361,yahoo_bootstrap
2026-01-05,75,76.5,74.5,76.5,24877174,0,1,73.86206897,yahoo_bootstrap
2026-01-06,76.09999847,76.59999847,75.69999695,76,15671043,0,1,73.37931034,yahoo_bootstrap
2026-01-07,76.5,76.5,74.90000153,75.59999847,16372520,0,1,72.99310197,yahoo_bootstrap
2026-01-08,75.59999847,76.59999847,75.30000305,76.40000153,15645173,0,1,73.76551872,yahoo_bootstrap
2026-01-09,76.5,76.59999847,75.19999695,75.90000153,14951473,0,1,73.2827601,yahoo_bootstrap
2026-01-12,76.40000153,76.40000153,75.30000305,76.09999847,18236518,0,1,73.47586059,yahoo_bootstrap
2026-01-13,76.19999695,77.5,74.80000305,77.40000153,30273340,0,1,74.73103596,yahoo_bootstrap
2026-01-14,77.5,77.5,74.69999695,74.69999695,37155688,0,1,72.12413499,yahoo_bootstrap
2026-01-15,74.90000153,75.90000153,74.80000305,75.19999695,19373059,0,1,72.60689361,yahoo_bootstrap
2026-01-16,75.59999847,76.80000305,75.40000153,76.19999695,23074947,0,1,73.57241085,yahoo_bootstrap
2026-01-19,76.19999695,78.40000153,76.09999847,77.40000153,26557522,0,1,74.73103596,yahoo_bootstrap
2026-01-20,76.90000153,77.90000153,76.19999695,76.59999847,18532605,0,1,73.95861921,yahoo_bootstrap
2026-01-21,76.59999847,77.09999847,75.30000305,75.69999695,21720632,0,1,73.08965223,yahoo_bootstrap
2026-01-22,76,77.19999695,75.30000305,75.59999847,23087092,0,1,72.99310197,yahoo_bootstrap
2026-01-23,75.90000153,76.69999695,75.59999847,76.59999847,24142225,0,1,73.95861921,yahoo_bootstrap
2026-01-26,76.59999847,77.59999847,76.40000153,77.09999847,18575389,0,1,74.44137783,yahoo_bootstrap
2026-01-27,77,77.19999695,75.40000153,75.90000153,28311761,0,1,73.2827601,yahoo_bootstrap
2026-01-28,76.09999847,76.30000305,75.19999695,75.80000305,16667426,0,1,73.18620984,yahoo_bootstrap
2026-01-29,75.40000153,76.5,75.19999695,76.40000153,17778678,0,1,73.76551872,yahoo_bootstrap
2026-01-30,76.09999847,76.40000153,75.09999847,75.40000153,20281913,0,1,72.80000148,yahoo_bootstrap
2026-02-02,75.69999695,75.69999695,73.09999847,74.30000305,28898351,0,1,71.73793398,yahoo_bootstrap
2026-02-03,74.90000153,75.5,74.69999695,74.69999695,14012635,0,1,72.12413499,yahoo_bootstrap
2026-02-04,75,76.5,75,76.19999695,17910621,0,1,73.57241085,yahoo_bootstrap
2026-02-05,75.80000305,76.19999695,75.40000153,76,11206654,0,1,73.37931034,yahoo_bootstrap
2026-02-06,75.90000153,76,74.30000305,75.69999695,17967470,0,1,73.08965223,yahoo_bootstrap
2026-02-09,76.19999695,77.80000305,76.09999847,77.19999695,25114277,0,1,74.53792809,yahoo_bootstrap
2026-02-10,77.5,78.19999695,77,77.90000153,17709684,0,1,75.21379458,yahoo_bootstrap
2026-02-11,78.40000153,79.09999847,77.69999695,78.80000305,29213163,0,1,76.08276157,yahoo_bootstrap
2026-02-23,81.40000153,81.59999847,79.30000305,79.59999847,45166656,0,1,76.85517094,yahoo_bootstrap
2026-02-24,79.19999695,80.40000153,78.19999695,78.19999695,25323530,0,1,75.50344533,yahoo_bootstrap
2026-02-25,78.19999695,78.30000305,76.90000153,76.90000153,33594522,0,1,74.24827734,yahoo_bootstrap
2026-02-26,77,80.19999695,77,79.69999695,67154865,0,1,76.95172119,yahoo_bootstrap
2026-03-02,79.40000153,79.40000153,77.30000305,77.90000153,24711169,0,1,75.21379458,yahoo_bootstrap
2026-03-03,77.30000305,78.30000305,77.09999847,77.59999847,22150573,0,1,74.92413645,yahoo_bootstrap
2026-03-04,76.5,76.59999847,72.80000305,73.19999695,57067965,0,1,70.67585912,yahoo_bootstrap
2026-03-05,74.30000305,74.69999695,72.69999695,73.59999847,32150672,0,1,71.06206749,yahoo_bootstrap
2026-03-06,73,73.5,72.59999847,73,21677181,0,1,70.48275862,yahoo_bootstrap
2026-03-09,68.30000305,70,67.30000305,70,42252605,0,1,67.5862069,yahoo_bootstrap
2026-03-10,71.59999847,72,70.5,71.09999847,18047880,0,1,68.64827438,yahoo_bootstrap
2026-03-11,71.19999695,72.80000305,71.19999695,71.80000305,10251491,0,1,69.32414088,yahoo_bootstrap
2026-03-12,72.59999847,73.09999847,71.90000153,72.5,20179932,0,1,70,yahoo_bootstrap
2026-03-13,71.59999847,72.40000153,71.30000305,71.69999695,19590578,0,1,69.22758326,yahoo_bootstrap
2026-03-16,72.19999695,72.90000153,71.5,72.40000153,29914846,0,1,69.90344975,yahoo_bootstrap
2026-03-17,72.5,73.40000153,72.40000153,73.19999695,18121751,0,1,70.67585912,yahoo_bootstrap
2026-03-18,74.19999695,74.30000305,72.80000305,73.40000153,15804364,0,1,70.86896699,yahoo_bootstrap
2026-03-19,73,73,71.19999695,71.59999847,26333362,0,1,69.13103301,yahoo_bootstrap
2026-03-20,71.30000305,72.69999695,71.30000305,72,24877113,0,1,69.51724138,yahoo_bootstrap
2026-03-23,70.09999847,72.30000305,69.59999847,71.69999695,29422850,0,1,69.22758326,yahoo_bootstrap
2026-03-24,71.80000305,72,70.80000305,70.80000305,23196770,0,1,68.35862363,yahoo_bootstrap
2026-03-25,72.40000153,72.40000153,70.90000153,71.40000153,21219807,0,1,68.93793251,yahoo_bootstrap
2026-03-26,71.40000153,71.80000305,70.69999695,70.80000305,13700275,0,1,68.35862363,yahoo_bootstrap
2026-03-27,70.40000153,70.69999695,69.5,70.59999847,23980150,0,1,68.16551576,yahoo_bootstrap
2026-03-30,69.09999847,70.90000153,69.09999847,70.40000153,26828104,0,1,67.97241527,yahoo_bootstrap
2026-03-31,69.80000305,71.40000153,69.59999847,70.30000305,28747381,0,1,67.87586501,yahoo_bootstrap
2026-04-01,71.59999847,72,71.09999847,71.90000153,22215404,0,1,69.42069113,yahoo_bootstrap
2026-04-02,72.09999847,72.30000305,71.09999847,71.80000305,10928195,0,1,69.32414088,yahoo_bootstrap
2026-04-07,72.19999695,72.5,71,71.90000153,16428932,0,1,69.42069113,yahoo_bootstrap
2026-04-08,73.59999847,73.90000153,72.59999847,73.80000305,27939903,0,1,71.25517536,yahoo_bootstrap
2026-04-09,74.30000305,74.5,72.5,73.59999847,26322517,0,1,71.06206749,yahoo_bootstrap
2026-04-10,73.90000153,73.90000153,72.5,72.90000153,17943026,0,1,70.38620837,yahoo_bootstrap
2026-04-13,72.59999847,72.80000305,71.59999847,72,20620128,0,1,69.51724138,yahoo_bootstrap
2026-04-14,71.5,72.69999695,71.5,72.69999695,25056705,0,1,70.1931005,yahoo_bootstrap
2026-04-15,72.90000153,73,72,72.90000153,27238084,0,1,70.38620837,yahoo_bootstrap
2026-04-16,73,74.19999695,73,74.19999695,35144704,0,1,71.64137637,yahoo_bootstrap
2026-04-17,74.19999695,75,73,75,27931964,0,1,72.4137931,yahoo_bootstrap
2026-04-20,74.80000305,75.30000305,74.09999847,74.59999847,30692757,0,1,72.02758473,yahoo_bootstrap
2026-04-21,75.40000153,75.59999847,74,75.5,28876337,0,1,72.89655172,yahoo_bootstrap
2026-04-22,75.5,76,75,75.90000153,32027678,0,1,73.2827601,yahoo_bootstrap
2026-04-23,75.09999847,75.69999695,74.40000153,74.80000305,33764734,0,1,72.2206926,yahoo_bootstrap
2026-04-24,74.5,75.09999847,73.80000305,74.90000153,28868815,0,1,72.31724286,yahoo_bootstrap
2026-04-27,74.09999847,75,73.69999695,74.5,27783639,0,1,71.93103448,yahoo_bootstrap
2026-04-28,74.5,75.30000305,74.30000305,74.69999695,22636897,0,1,72.12413499,yahoo_bootstrap
2026-04-29,75.90000153,79.5,75.90000153,78.59999847,70919434,0,1,75.8896537,yahoo_bootstrap
2026-04-30,78,79.5,77.19999695,77.19999695,29306785,0,1,74.53792809,yahoo_bootstrap
2026-05-04,77.80000305,78.80000305,76.19999695,76.19999695,35195234,0,1,73.57241085,yahoo_bootstrap
2026-05-05,76.19999695,77.69999695,75.80000305,77.19999695,28252783,0,1,74.53792809,yahoo_bootstrap
2026-05-06,77.69999695,79.19999695,77.59999847,78.69999695,31155809,0,1,75.98620395,yahoo_bootstrap
2026-05-07,78.5,79.19999695,78,79,24074023,0,1,76.27586207,yahoo_bootstrap
2026-05-08,79.5,80.80000305,79.30000305,80,36525837,0,1,77.24137931,yahoo_bootstrap
2026-05-11,79.59999847,79.59999847,78.40000153,78.40000153,21853943,0,1,75.6965532,yahoo_bootstrap
2026-05-12,78.69999695,79.5,76.40000153,76.40000153,44508109,0,1,73.76551872,yahoo_bootstrap
2026-05-13,76.59999847,78.30000305,76.09999847,77.30000305,34340309,0,1,74.6344857,yahoo_bootstrap
2026-05-14,76.90000153,78.59999847,76.69999695,76.69999695,26704483,0,1,74.05516947,yahoo_bootstrap
2026-05-15,77.40000153,79.69999695,77,77.90000153,54587526,0,1,75.21379458,yahoo_bootstrap
2026-05-18,78,78,76.5,76.80000305,25972412,0,1,74.15172708,yahoo_bootstrap
2026-05-19,77.5,79.69999695,77.30000305,77.80000305,45890134,0,1,75.11724432,yahoo_bootstrap
2026-05-20,78,78.40000153,77,77.90000153,27663824,0,1,75.21379458,yahoo_bootstrap
2026-05-21,77.80000305,79.09999847,77.80000305,78.69999695,41744037,0,1,75.98620395,yahoo_bootstrap
2026-05-22,78.5,79.80000305,78.19999695,79.69999695,40668392,0,1,76.95172119,yahoo_bootstrap
2026-05-25,79.90000153,81.5,78.69999695,81.5,48760635,0,1,78.68965517,yahoo_bootstrap
2026-05-26,80.59999847,83.09999847,80.59999847,83.09999847,54387264,0,1,80.23448128,yahoo_bootstrap
2026-05-27,83.09999847,86.40000153,82.69999695,85.40000153,69625066,0,1,82.45517389,yahoo_bootstrap
2026-05-28,85.40000153,86.19999695,83.40000153,84.80000305,61783410,0,1,81.87586501,yahoo_bootstrap
2026-05-29,85.59999847,85.80000305,84,85.69999695,71290598,0,1,82.74482464,yahoo_bootstrap
2026-06-01,86.59999847,89.40000153,85.30000305,88.19999695,56414882,0,1,85.15861774,yahoo_bootstrap
2026-06-02,88.5,89.19999695,86.59999847,89.19999695,57669540,0,1,86.12413499,yahoo_bootstrap
2026-06-03,89.90000153,92.5,89.19999695,91.80000305,57052765,0,1,88.6344857,yahoo_bootstrap
2026-06-04,96.30000305,96.30000305,91.80000305,94.40000153,53704628,0,1,91.14482906,yahoo_bootstrap
2026-06-05,94.40000153,100,93.69999695,100,68728572,0,1,96.55172414,yahoo_bootstrap
2026-06-08,97.80000305,97.80000305,94,95,56623585,0,1,91.72413793,yahoo_bootstrap
2026-06-09,95.30000305,104,95.30000305,104,55455101,0,1,100.4137931,yahoo_bootstrap
2026-06-10,102,102.5,99.40000153,99.90000153,41895593,0,1,96.45517389,yahoo_bootstrap
2026-06-11,101,101.5,97.69999695,100.5,35856797,0,1,97.03448276,yahoo_bootstrap
2026-06-12,102,105.5,99.69999695,100.5,31979247,0,1,97.03448276,yahoo_bootstrap
2026-06-15,105,105.5,103,104,25204928,0,1,100.4137931,yahoo_bootstrap
2026-06-16,104.5,109.5,104,109.5,53990536,0,1,105.72413793,yahoo_bootstrap
2026-06-17,110,117,108,113.5,49230979,0,1,109.5862069,yahoo_bootstrap
2026-06-18,115,117.5,114,115.5,47963852,0,1,111.51724138,yahoo_bootstrap
2026-06-22,117,117.5,112,113,34021982,0,1,109.10344828,yahoo_bootstrap
2026-06-23,113,116.5,113,113.5,29225791,0,1,109.5862069,yahoo_bootstrap
2026-06-24,110.5,114,110,110,34143899,0,1,106.20689655,yahoo_bootstrap
2026-06-25,110,113,109,111.5,29121023,0,1,107.65517241,yahoo_bootstrap
2026-06-26,110.5,111.5,105,106,37144464,0,1,102.34482759,yahoo_bootstrap
2026-06-29,105,105.5,100.5,101.5,47960126,0,1,98,yahoo_bootstrap
2026-06-30,96.80000305,99,94.40000153,98.30000305,102717383,3.5,1,98.30000305,yahoo_bootstrap
2026-07-01,100,101,94.30000305,95,78483165,0,1,95,yahoo_bootstrap
2026-07-02,95.30000305,95.90000153,92.59999847,93.5,64451716,0,1,93.5,yahoo_bootstrap
2026-07-03,92.80000305,94.80000305,92.80000305,93.59999847,37623259,0,1,93.59999847,yahoo_bootstrap
2026-07-06,94.19999695,94.90000153,93.09999847,93.40000153,44169069,0,1,93.40000153,yahoo_bootstrap
2026-07-07,94,97.5,94,97,44879914,0,1,97,yahoo_bootstrap
2026-07-08,97,98.19999695,95,98,31105287,0,1,98,yahoo_bootstrap
2026-07-09,98,98.30000305,94.40000153,96.30000305,22820810,0,1,96.30000305,yahoo_bootstrap
2026-07-10,96.30000305,96.30000305,96.30000305,96.30000305,0,0,1,96.30000305,yahoo_bootstrap
2026-07-13,96.90000153,97.80000305,95.90000153,96.69999695,20819730,0,1,96.69999695,yahoo_bootstrap
2026-07-14,97.59999847,97.59999847,94,96.09999847,22205319,0,1,96.09999847,yahoo_bootstrap
2026-07-15,96.90000153,98.69999695,95.90000153,96.59999847,20389988,0,1,96.59999847,yahoo_bootstrap
2026-07-16,96.59999847,97.30000305,95.30000305,97.30000305,15607317,0,1,97.30000305,yahoo_bootstrap
2026-07-17,97,97.40000153,94.30000305,94.30000305,28283671,0,1,94.30000305,yahoo_bootstrap
2026-07-20,96,96.5,93.40000153,94,29543249,0,1,94,yahoo_bootstrap
2026-07-21,94.90000153,95.90000153,94.5,95.80000305,21350811,0,1,95.80000305,yahoo_bootstrap
2026-07-22,95.69999695,99.59999847,95.69999695,96.80000305,24249444,0,1,96.80000305,yahoo_bootstrap
2026-07-23,97.80000305,98.5,96.40000153,97.30000305,15857483,0,1,97.30000305,yahoo_bootstrap
2026-07-24,96.40000153,97.90000153,96.40000153,97,11228469,0,1,97,yahoo_bootstrap
2026-07-27,97.90000153,98.5,96.69999695,98.5,15703943,0,1,98.5,yahoo_daily
2026-07-28,97,97.59999847,94.59999847,95.40000153,24666862,0,1,95.40000153,yahoo_daily
2026-07-29,95,96.59999847,92.5,94.09999847,29842491,0,1,94.09999847,yahoo_daily
2026-07-30,94.90000153,95.19999695,92.5,95.19999695,27729958,0,1,95.19999695,yahoo_daily
2026-07-31,97,102.5,96.80000305,101.5,40879014,0,1,101.5,yahoo_daily
2026-08-03,100.5,102,97.69999695,100.5,25674366,0,1,100.5,yahoo_daily
2026-08-04,98.59999847,102,98.59999847,99.19999695,24983465,0,1,99.19999695,yahoo_daily
2026-08-05,100.5,102,100,100.5,13643911,0,1,100.5,yahoo_daily
2026-08-06,99.30000305,100.5,97.5,97.5,16421578,0,1,97.5,yahoo_daily
2026-08-07,99.40000153,100.5,98.5,99.40000153,13809747,0,1,99.40000153,yahoo_daily
2026-08-10,100,101,98,101,14222785,0,1,101,yahoo_daily
2026-08-11,101.5,101.5,99.09999847,99.59999847,15229361,0,1,99.59999847,yahoo_daily
2026-08-12,100,101,98.5,99.69999695,17320705,0,1,99.69999695,yahoo_daily
2026-08-13,100,100.5,98.90000153,99.5,14353770,0,1,99.5,yahoo_daily
2026-08-14,100,102.5,100,101.5,19066380,0,1,101.5,yahoo_daily
2026-08-17,101,101,97.30000305,98.09999847,33712246,0,1,98.09999847,yahoo_daily
2026-08-18,98.19999695,99.5,98,99.19999695,15067387,0,1,99.19999695,yahoo_daily
2026-08-19,99.19999695,99.19999695,98,98.30000305,10770149,0,1,98.30000305,yahoo_daily
2026-08-20,98.5,98.80000305,97,97.69999695,16934740,0,1,97.69999695,yahoo_daily
2026-08-21,97.30000305,101,97.30000305,100.5,21649738,0,1,100.5,yahoo_daily
2026-08-24,101,101,98.80000305,98.90000153,10381641,0,1,98.90000153,yahoo_daily
2026-08-25,99,104,99,103,27556500,0,1,103,yahoo_daily
2026-08-26,104,106.5,102,102.5,24284238,0,1,102.5,yahoo_daily
2026-08-27,102.5,105,102.5,102.5,17663954,0,1,102.5,yahoo_daily
2026-08-28,104,106,103,105.5,19019909,0,1,105.5,yahoo_daily
