date,open,high,low,close,volume,dividend,split_factor,adjusted_close,source
2021-09-17,14.35643196,14.45544243,14.1089077,14.1089077,91082656,0,1,11.49399721,yahoo_bootstrap
2021-09-22,13.76237297,13.96039295,13.61385822,13.96039295,105825106,0,1,11.37300782,yahoo_bootstrap
2021-09-23,14.05940342,14.1089077,13.91088772,13.96039295,48209868,0,1,11.37300782,yahoo_bootstrap
2021-09-24,14.05940342,14.1089077,13.86138344,13.96039295,47537757,0,1,11.37300782,yahoo_bootstrap
2021-09-27,13.96039295,14.1089077,13.96039295,14.05940342,46151645,0,1,11.45366793,yahoo_bootstrap
2021-09-28,14.00989819,14.05940342,13.91088772,14.05940342,27238117,0,1,11.45366793,yahoo_bootstrap
2021-09-29,13.91088772,14.00989819,13.8118782,13.91088772,55386333,0,1,11.33267777,yahoo_bootstrap
2021-09-30,13.96039295,14.05940342,13.86138344,14.05940342,43499393,0,1,11.45366793,yahoo_bootstrap
2021-10-01,13.96039295,13.96039295,13.76237297,13.86138344,71521494,0,1,11.29234849,yahoo_bootstrap
2021-10-04,13.91088772,13.96039295,13.76237297,13.76237297,43867568,0,1,11.21168838,yahoo_bootstrap
2021-10-05,13.76237297,13.86138344,13.66336346,13.8118782,49241715,0,1,11.25201843,yahoo_bootstrap
2021-10-06,13.86138344,13.91088772,13.76237297,13.86138344,42622396,0,1,11.29234849,yahoo_bootstrap
2021-10-07,13.91088772,14.05940342,13.91088772,13.96039295,36108078,0,1,11.37300782,yahoo_bootstrap
2021-10-08,14.05940342,14.05940342,13.91088772,14.00989819,33173148,0,1,11.41333788,yahoo_bootstrap
2021-10-12,13.91088772,14.05940342,13.86138344,14.05940342,51933487,0,1,11.45366793,yahoo_bootstrap
2021-10-13,14.05940342,14.1089077,13.91088772,13.96039295,35968404,0,1,11.37300782,yahoo_bootstrap
2021-10-14,14.00989819,14.00989819,13.8118782,13.86138344,41983569,0,1,11.29234849,yahoo_bootstrap
2021-10-15,13.96039295,14.00989819,13.86138344,13.96039295,35699768,0,1,11.37300782,yahoo_bootstrap
2021-10-18,13.96039295,14.20791817,13.96039295,14.05940342,77875117,0,1,11.45366793,yahoo_bootstrap
2021-10-19,14.15841293,14.20791817,14.05940342,14.1089077,40229369,0,1,11.49399721,yahoo_bootstrap
2021-10-20,14.15841293,14.15841293,13.91088772,14.00989819,47749951,0,1,11.41333788,yahoo_bootstrap
2021-10-21,14.00989819,14.1089077,13.96039295,14.00989819,47926941,0,1,11.41333788,yahoo_bootstrap
2021-10-22,14.05940342,14.05940342,13.96039295,14.00989819,29592370,0,1,11.41333788,yahoo_bootstrap
2021-10-25,14.00989819,14.05940342,13.96039295,14.00989819,20477975,0,1,11.41333788,yahoo_bootstrap
2021-10-26,14.00989819,14.20791817,14.00989819,14.15841293,50338111,0,1,11.53432726,yahoo_bootstrap
2021-10-27,14.1089077,14.20791817,14.1089077,14.15841293,31615416,0,1,11.53432726,yahoo_bootstrap
2021-10-28,14.15841293,14.20791817,14.1089077,14.20791817,27071055,0,1,11.57465732,yahoo_bootstrap
2021-10-29,14.20791817,14.20791817,14.00989819,14.05940342,35134334,0,1,11.45366793,yahoo_bootstrap
2021-11-01,14.05940342,14.1089077,13.96039295,13.96039295,29549119,0,1,11.37300782,yahoo_bootstrap
2021-11-02,14.00989819,14.05940342,13.96039295,14.00989819,30383404,0,1,11.41333788,yahoo_bootstrap
2021-11-03,14.00989819,14.05940342,13.96039295,14.00989819,20091561,0,1,11.41333788,yahoo_bootstrap
2021-11-04,14.1089077,14.15841293,14.00989819,14.00989819,38547231,0,1,11.41333788,yahoo_bootstrap
2021-11-05,14.00989819,14.1089077,13.96039295,14.00989819,36440916,0,1,11.41333788,yahoo_bootstrap
2021-11-08,14.05940342,14.15841293,14.00989819,14.15841293,34304003,0,1,11.53432726,yahoo_bootstrap
2021-11-09,14.15841293,14.20791817,14.1089077,14.15841293,22743471,0,1,11.53432726,yahoo_bootstrap
2021-11-10,14.15841293,14.20791817,14.1089077,14.20791817,24725620,0,1,11.57465732,yahoo_bootstrap
2021-11-11,14.15841293,14.50494671,14.15841293,14.35643196,82317278,0,1,11.69564593,yahoo_bootstrap
2021-11-12,14.45544243,15.34653091,14.40593719,15.14851093,223388812,0,1,12.34092292,yahoo_bootstrap
2021-11-15,15.39603615,15.69306564,15.34653091,15.44554138,153598520,0,1,12.58290247,yahoo_bootstrap
2021-11-16,15.39603615,15.5445509,15.14851093,15.49504566,87650708,0,1,12.62323175,yahoo_bootstrap
2021-11-17,15.74257088,16.98019409,15.69306564,16.78217316,320711392,0,1,13.67180618,yahoo_bootstrap
2021-11-18,16.93068886,17.32672882,16.63365936,16.93068886,206333103,0,1,13.79279634,yahoo_bootstrap
2021-11-19,16.93068886,16.98019409,16.5346508,16.6831646,117409057,0,1,13.59114763,yahoo_bootstrap
2021-11-22,16.63365936,16.63365936,16.3861351,16.5346508,80795411,0,1,13.47015901,yahoo_bootstrap
2021-11-23,16.43564034,16.78217316,16.3861351,16.63365936,79057532,0,1,13.55081757,yahoo_bootstrap
2021-11-24,16.83167839,16.93068886,16.5346508,16.63365936,74798230,0,1,13.55081757,yahoo_bootstrap
2021-11-25,16.63365936,16.63365936,16.43564034,16.63365936,50008215,0,1,13.55081757,yahoo_bootstrap
2021-11-26,16.58415413,16.63365936,16.13861084,16.18811417,105225740,0,1,13.18784863,yahoo_bootstrap
2021-11-29,15.74257088,16.13861084,15.74257088,16.03960037,89569922,0,1,13.06686002,yahoo_bootstrap
2021-11-30,16.13861084,16.28712463,15.89108562,16.2376194,110830013,0,1,13.22817868,yahoo_bootstrap
2021-12-01,15.99009514,16.08910561,15.89108562,16.08910561,58825523,0,1,13.10719008,yahoo_bootstrap
2021-12-02,16.03960037,16.03960037,15.89108562,15.99009514,46521464,0,1,13.02652997,yahoo_bootstrap
2021-12-03,16.08910561,16.43564034,16.08910561,16.18811417,65660162,0,1,13.18784863,yahoo_bootstrap
2021-12-06,16.18811417,16.3861351,16.03960037,16.28712463,57583382,0,1,13.26850874,yahoo_bootstrap
2021-12-07,16.33662987,16.58415413,16.13861084,16.5346508,65219494,0,1,13.47015901,yahoo_bootstrap
2021-12-08,16.58415413,16.63365936,16.33662987,16.33662987,65842042,0,1,13.3088388,yahoo_bootstrap
2021-12-09,16.33662987,16.48514557,16.33662987,16.48514557,44870941,0,1,13.42982896,yahoo_bootstrap
2021-12-10,16.5346508,16.63365936,16.43564034,16.43564034,47619163,0,1,13.38949891,yahoo_bootstrap
2021-12-13,16.48514557,16.63365936,16.43564034,16.48514557,50350262,0,1,13.42982896,yahoo_bootstrap
2021-12-14,16.43564034,16.43564034,16.28712463,16.43564034,49616693,0,1,13.38949891,yahoo_bootstrap
2021-12-15,16.3861351,16.48514557,16.28712463,16.3861351,46117960,0,1,13.34916885,yahoo_bootstrap
2021-12-16,16.48514557,16.48514557,16.28712463,16.33662987,75907144,0,1,13.3088388,yahoo_bootstrap
2021-12-17,16.33662987,16.83167839,16.33662987,16.6831646,222503018,0,1,13.59114763,yahoo_bootstrap
2021-12-20,16.6831646,16.78217316,16.3861351,16.3861351,125244457,0,1,13.34916885,yahoo_bootstrap
2021-12-21,16.33662987,16.58415413,16.28712463,16.43564034,83038982,0,1,13.38949891,yahoo_bootstrap
2021-12-22,16.48514557,16.5346508,16.33662987,16.48514557,95649912,0,1,13.42982896,yahoo_bootstrap
2021-12-23,16.48514557,16.58415413,16.3861351,16.5346508,86278639,0,1,13.47015901,yahoo_bootstrap
2021-12-24,16.58415413,16.78217316,16.5346508,16.6831646,66565903,0,1,13.59114763,yahoo_bootstrap
2021-12-27,16.73266983,16.78217316,16.6831646,16.73266983,27709978,0,1,13.63147768,yahoo_bootstrap
2021-12-28,16.78217316,16.93068886,16.73266983,16.93068886,70099833,0,1,13.79279634,yahoo_bootstrap
2021-12-29,17.02969933,17.42573929,16.98019409,17.42573929,118193964,0,1,14.19609534,yahoo_bootstrap
2021-12-30,17.37623405,17.42573929,17.17821312,17.32672882,111450430,0,1,14.11543523,yahoo_bootstrap
2022-01-03,17.32672882,17.32672882,16.83167839,16.98019409,118225265,0,1,13.8331264,yahoo_bootstrap
2022-01-04,16.88118362,17.02969933,16.83167839,16.93068886,41062191,0,1,13.79279634,yahoo_bootstrap
2022-01-05,16.88118362,17.17821312,16.83167839,17.02969933,56743453,0,1,13.87345646,yahoo_bootstrap
2022-01-06,16.98019409,17.17821312,16.93068886,17.07920456,45428115,0,1,13.91378651,yahoo_bootstrap
2022-01-07,17.12870979,17.27722359,17.02969933,17.12870979,63224183,0,1,13.95411656,yahoo_bootstrap
2022-01-10,17.12870979,17.17821312,17.02969933,17.17821312,35009667,0,1,13.99444506,yahoo_bootstrap
2022-01-11,17.17821312,18.21781731,17.17821312,18.06930351,262366894,0,1,14.72038294,yahoo_bootstrap
2022-01-12,18.01979828,18.41583824,17.82177734,18.26732254,203159694,0,1,14.8817016,yahoo_bootstrap
2022-01-13,18.16831207,18.5148468,18.06930351,18.46534157,165576233,0,1,15.04302027,yahoo_bootstrap
2022-01-14,18.46534157,19.15841293,18.36633301,18.6633625,250126944,0,1,15.20434048,yahoo_bootstrap
2022-01-17,18.8118763,19.05940247,18.56435204,18.71286774,144332465,0,1,15.24467054,yahoo_bootstrap
2022-01-18,18.76237106,18.960392,18.61385727,18.91088676,88460973,0,1,15.4059892,yahoo_bootstrap
2022-01-19,18.8118763,19.05940247,18.61385727,18.6633625,121120761,0,1,15.20434048,yahoo_bootstrap
2022-01-20,18.6633625,18.71286774,18.31682777,18.56435204,109302853,0,1,15.12368038,yahoo_bootstrap
2022-01-21,18.36633301,18.46534157,18.06930351,18.21781731,125302235,0,1,14.84137155,yahoo_bootstrap
2022-01-24,17.97029305,18.26732254,17.62375832,18.26732254,121368833,0,1,14.8817016,yahoo_bootstrap
2022-01-25,17.97029305,18.11880875,17.82177734,18.01979828,77236709,0,1,14.68005288,yahoo_bootstrap
2022-01-26,17.97029305,18.16831207,17.92078781,18.01979828,57320866,0,1,14.68005288,yahoo_bootstrap
2022-02-07,18.21781731,19.00989723,18.16831207,18.91088676,167386882,0,1,15.4059892,yahoo_bootstrap
2022-02-08,18.91088676,19.1089077,18.71286774,19.05940247,110718297,0,1,15.52697937,yahoo_bootstrap
2022-02-09,19.1089077,19.30692673,18.960392,19.1089077,70461828,0,1,15.56730943,yahoo_bootstrap
2022-02-10,19.05940247,19.1089077,18.86138153,19.1089077,59207849,0,1,15.56730943,yahoo_bootstrap
2022-02-11,18.960392,19.20791626,18.91088676,19.1089077,52101575,0,1,15.56730943,yahoo_bootstrap
2022-02-14,18.91088676,19.05940247,18.8118763,19.00989723,78794455,0,1,15.48664931,yahoo_bootstrap
2022-02-15,19.05940247,19.45544052,18.91088676,18.960392,89020077,0,1,15.44631926,yahoo_bootstrap
2022-02-16,19.20791626,19.25742149,19.00989723,19.1089077,57841175,0,1,15.56730943,yahoo_bootstrap
2022-02-17,19.20791626,19.40593529,19.1089077,19.15841293,75949554,0,1,15.60763948,yahoo_bootstrap
2022-02-18,19.05940247,19.40593529,19.00989723,19.30692673,67839142,0,1,15.72862809,yahoo_bootstrap
2022-02-21,19.20791626,19.40593529,19.20791626,19.40593529,47710092,0,1,15.80928665,yahoo_bootstrap
2022-02-22,19.35643005,19.35643005,18.91088676,19.20791626,116928427,0,1,15.64796798,yahoo_bootstrap
2022-02-23,19.1089077,19.30692673,19.1089077,19.15841293,39424069,0,1,15.60763948,yahoo_bootstrap
2022-02-24,19.00989723,19.05940247,18.46534157,18.6633625,162834712,0,1,15.20434048,yahoo_bootstrap
2022-02-25,18.76237106,18.91088676,18.36633301,18.76237106,107717502,0,1,15.28499904,yahoo_bootstrap
2022-03-01,18.41583824,18.76237106,18.21781731,18.56435204,96131632,0,1,15.12368038,yahoo_bootstrap
2022-03-02,18.36633301,18.46534157,18.01979828,18.21781731,129645104,0,1,14.84137155,yahoo_bootstrap
2022-03-03,18.31682777,18.41583824,18.16831207,18.26732254,60002101,0,1,14.8817016,yahoo_bootstrap
2022-03-04,18.06930351,18.06930351,17.72276878,17.72276878,170576637,0,1,14.43807411,yahoo_bootstrap
2022-03-07,17.12870979,17.22771835,16.73266983,16.88118362,223175373,0,1,13.75246628,yahoo_bootstrap
2022-03-08,16.58415413,17.07920456,16.5346508,16.78217316,111633154,0,1,13.67180618,yahoo_bootstrap
2022-03-09,16.93068886,17.02969933,16.83167839,16.88118362,59620391,0,1,13.75246628,yahoo_bootstrap
2022-03-10,17.32672882,17.77227211,17.27722359,17.52474976,101696315,0,1,14.27675545,yahoo_bootstrap
2022-03-11,17.52474976,17.52474976,17.27722359,17.32672882,42865504,0,1,14.11543523,yahoo_bootstrap
2022-03-14,17.42573929,17.57425308,17.22771835,17.37623405,40544093,0,1,14.15576528,yahoo_bootstrap
2022-03-15,17.42573929,17.72276878,17.27722359,17.62375832,66322577,0,1,14.357414,yahoo_bootstrap
2022-03-16,17.72276878,17.92078781,17.52474976,17.67326355,64083821,0,1,14.39774406,yahoo_bootstrap
2022-03-17,18.16831207,18.56435204,18.11880875,18.46534157,120405173,0,1,15.04302027,yahoo_bootstrap
2022-03-18,18.61385727,18.86138153,18.41583824,18.86138153,230397780,0,1,15.36565915,yahoo_bootstrap
2022-03-21,18.91088676,19.00989723,18.5148468,18.61385727,84970214,0,1,15.16401043,yahoo_bootstrap
2022-03-22,18.56435204,18.61385727,18.41583824,18.56435204,46194431,0,1,15.12368038,yahoo_bootstrap
2022-03-23,18.6633625,18.86138153,18.6633625,18.8118763,60488349,0,1,15.3253291,yahoo_bootstrap
2022-03-24,18.71286774,18.8118763,18.61385727,18.8118763,37630224,0,1,15.3253291,yahoo_bootstrap
2022-03-25,18.8118763,18.86138153,18.56435204,18.56435204,38815762,0,1,15.12368038,yahoo_bootstrap
2022-03-28,18.41583824,18.76237106,18.26732254,18.76237106,51932451,0,1,15.28499904,yahoo_bootstrap
2022-03-29,18.71286774,18.76237106,18.6633625,18.76237106,21087943,0,1,15.28499904,yahoo_bootstrap
2022-03-30,18.86138153,18.960392,18.8118763,18.86138153,58974155,0,1,15.36565915,yahoo_bootstrap
2022-03-31,18.91088676,19.25742149,18.86138153,19.00989723,121881726,0,1,15.48664931,yahoo_bootstrap
2022-04-01,18.91088676,19.20791626,18.86138153,19.1089077,49992651,0,1,15.56730943,yahoo_bootstrap
2022-04-06,19.15841293,19.50494576,19.00989723,19.50494576,106127534,0,1,15.88994676,yahoo_bootstrap
2022-04-07,19.50494576,19.80197525,19.1089077,19.1089077,124288264,0,1,15.56730943,yahoo_bootstrap
2022-04-08,19.25742149,19.60395622,19.05940247,19.60395622,69209768,0,1,15.97060686,yahoo_bootstrap
2022-04-11,19.75247192,19.90098572,19.30692673,19.55445099,92268353,0,1,15.93027681,yahoo_bootstrap
2022-04-12,19.45544052,19.45544052,19.25742149,19.35643005,54954574,0,1,15.76895659,yahoo_bootstrap
2022-04-13,19.50494576,19.65346146,19.30692673,19.45544052,40977601,0,1,15.8496167,yahoo_bootstrap
2022-04-14,19.50494576,19.55445099,18.960392,19.00989723,74673553,0,1,15.48664931,yahoo_bootstrap
2022-04-15,18.86138153,19.05940247,18.61385727,18.8118763,60593865,0,1,15.3253291,yahoo_bootstrap
2022-04-18,18.6633625,18.71286774,18.11880875,18.31682777,78750254,0,1,14.92203165,yahoo_bootstrap
2022-04-19,18.36633301,18.61385727,18.26732254,18.31682777,39673179,0,1,14.92203165,yahoo_bootstrap
2022-04-20,18.41583824,18.56435204,18.21781731,18.56435204,45206435,0,1,15.12368038,yahoo_bootstrap
2022-04-21,18.56435204,18.56435204,18.21781731,18.21781731,43920501,0,1,14.84137155,yahoo_bootstrap
2022-04-22,17.97029305,18.5148468,17.92078781,18.41583824,46227521,0,1,15.00269177,yahoo_bootstrap
2022-04-25,18.06930351,18.21781731,17.92078781,17.97029305,62452961,0,1,14.63972283,yahoo_bootstrap
2022-04-26,18.01979828,18.16831207,17.97029305,18.01979828,62484389,0,1,14.68005288,yahoo_bootstrap
2022-04-27,17.72276878,17.72276878,17.47524452,17.62375832,87299108,0,1,14.357414,yahoo_bootstrap
2022-04-28,17.62375832,17.72276878,17.32672882,17.72276878,51959876,0,1,14.43807411,yahoo_bootstrap
2022-04-29,17.82177734,17.92078781,17.62375832,17.77227211,56778914,0,1,14.47840261,yahoo_bootstrap
2022-05-03,17.67326355,17.72276878,17.42573929,17.52474976,33900233,0,1,14.27675545,yahoo_bootstrap
2022-05-04,17.52474976,17.62375832,17.42573929,17.52474976,31428182,0,1,14.27675545,yahoo_bootstrap
2022-05-05,17.72276878,17.77227211,17.42573929,17.47524452,39169921,0,1,14.23642539,yahoo_bootstrap
2022-05-06,17.22771835,17.27722359,17.02969933,17.27722359,54027302,0,1,14.07510517,yahoo_bootstrap
2022-05-09,16.98019409,17.02969933,16.63365936,16.6831646,96929628,0,1,13.59114763,yahoo_bootstrap
2022-05-10,16.28712463,16.6831646,16.13861084,16.5346508,78823372,0,1,13.47015901,yahoo_bootstrap
2022-05-11,16.5346508,16.63365936,16.2376194,16.2376194,48797828,0,1,13.22817868,yahoo_bootstrap
2022-05-12,16.08910561,16.08910561,15.64356136,15.69306564,108220051,0,1,12.78455119,yahoo_bootstrap
2022-05-13,15.79207611,15.9405899,15.64356136,15.84158134,53608976,0,1,12.90554135,yahoo_bootstrap
2022-05-16,15.9405899,16.03960037,15.49504566,15.69306564,58073749,0,1,12.78455119,yahoo_bootstrap
2022-05-17,15.74257088,15.84158134,15.5445509,15.69306564,37189397,0,1,12.78455119,yahoo_bootstrap
2022-05-18,15.79207611,16.2376194,15.79207611,16.18811417,52201504,0,1,13.18784863,yahoo_bootstrap
2022-05-19,15.69306564,15.79207611,15.5445509,15.64356136,45625593,0,1,12.74422191,yahoo_bootstrap
2022-05-20,15.69306564,15.84158134,15.64356136,15.74257088,28505387,0,1,12.82488125,yahoo_bootstrap
2022-05-23,15.74257088,15.79207611,15.44554138,15.74257088,56578303,0,1,12.82488125,yahoo_bootstrap
2022-05-24,15.89108562,16.03960037,15.44554138,15.44554138,77855176,0,1,12.58290247,yahoo_bootstrap
2022-05-25,15.39603615,15.39603615,14.95049191,15.04950237,109275303,0,1,12.26026436,yahoo_bootstrap
2022-05-26,15.14851093,15.29702568,14.99999714,14.99999714,61984826,0,1,12.21993431,yahoo_bootstrap
2022-05-27,15.14851093,15.44554138,15.09900665,15.34653091,53010623,0,1,12.50224236,yahoo_bootstrap
2022-05-30,15.59405613,16.03960037,15.5445509,15.99009514,84122250,0,1,13.02652997,yahoo_bootstrap
2022-05-31,15.99009514,16.03960037,15.74257088,16.03960037,139722323,0,1,13.06686002,yahoo_bootstrap
2022-06-01,15.9405899,15.9405899,15.74257088,15.79207611,35858150,0,1,12.8652113,yahoo_bootstrap
2022-06-02,15.69306564,15.74257088,15.59405613,15.64356136,32986186,0,1,12.74422191,yahoo_bootstrap
2022-06-06,15.5445509,15.99009514,15.5445509,15.89108562,30263487,0,1,12.94587063,yahoo_bootstrap
2022-06-07,15.79207611,15.89108562,15.74257088,15.74257088,29578069,0,1,12.82488125,yahoo_bootstrap
2022-06-08,15.84158134,15.89108562,15.79207611,15.84158134,19456631,0,1,12.90554135,yahoo_bootstrap
2022-06-09,15.89108562,16.03960037,15.79207611,15.84158134,23398270,0,1,12.90554135,yahoo_bootstrap
2022-06-10,15.69306564,15.79207611,15.59405613,15.69306564,22526278,0,1,12.78455119,yahoo_bootstrap
2022-06-13,15.34653091,15.39603615,15.14851093,15.34653091,51896776,0,1,12.50224236,yahoo_bootstrap
2022-06-14,15.2475214,15.49504566,15.14851093,15.39603615,40081671,0,1,12.54257242,yahoo_bootstrap
2022-06-15,15.39603615,15.49504566,15.34653091,15.34653091,26212069,0,1,12.50224236,yahoo_bootstrap
2022-06-16,15.49504566,15.59405613,15.04950237,15.09900665,57898834,0,1,12.30059364,yahoo_bootstrap
2022-06-17,14.85148239,15.04950237,14.85148239,14.99999714,74201061,0,1,12.21993431,yahoo_bootstrap
2022-06-20,14.95049191,15.14851093,14.45544243,14.55445194,79315983,0,1,11.85696537,yahoo_bootstrap
2022-06-21,14.80197716,15.19801617,14.75247192,15.14851093,62087816,0,1,12.34092292,yahoo_bootstrap
2022-06-22,15.2475214,15.39603615,14.90098667,14.95049191,41449201,0,1,12.17960426,yahoo_bootstrap
2022-06-23,15.14851093,15.14851093,14.75247192,14.95049191,42384872,0,1,12.17960426,yahoo_bootstrap
2022-06-24,15.14851093,15.14851093,14.95049191,15.09900665,28543467,0,1,12.30059364,yahoo_bootstrap
2022-06-27,15.2475214,15.2475214,15.09900665,15.09900665,30407908,0,1,12.30059364,yahoo_bootstrap
2022-06-28,15.14851093,15.19801617,14.99999714,15.14851093,25331377,0,1,12.34092292,yahoo_bootstrap
2022-06-29,15.04950237,15.14851093,14.99999714,15.04950237,35923376,0,1,12.26026436,yahoo_bootstrap
2022-06-30,15.09900665,15.09900665,14.55445194,14.55445194,78174262,0,1,11.85696537,yahoo_bootstrap
2022-07-01,14.55445194,14.55445194,14.1089077,14.15841293,89104006,0,1,11.53432726,yahoo_bootstrap
2022-07-04,14.15841293,14.35643196,13.91088772,14.05940342,76855851,0,1,11.45366793,yahoo_bootstrap
2022-07-05,14.15841293,14.20791817,13.91088772,14.1089077,116109198,0,1,11.49399721,yahoo_bootstrap
2022-07-06,13.06930447,13.26732445,12.77227402,12.77227402,133136209,0.990176,1,11.19044778,yahoo_bootstrap
2022-07-07,12.82177925,12.92078876,12.52474976,12.77227402,65376977,0,1,11.19044778,yahoo_bootstrap
2022-07-08,12.87128353,12.970294,12.72276878,12.77227402,43933067,0,1,11.19044778,yahoo_bootstrap
2022-07-11,12.87128353,12.87128353,12.62375927,12.67326355,29206703,0,1,11.1036996,yahoo_bootstrap
2022-07-12,12.57425499,12.57425499,12.12870979,12.17821503,64360133,0,1,10.66996207,yahoo_bootstrap
2022-07-13,12.52474976,12.72276878,12.47524548,12.67326355,57541892,0,1,11.1036996,yahoo_bootstrap
2022-07-14,12.57425499,12.72276878,12.47524548,12.62375927,30557918,0,1,11.06032635,yahoo_bootstrap
2022-07-15,12.62375927,12.67326355,12.37623501,12.37623501,28498573,0,1,10.84345758,yahoo_bootstrap
2022-07-18,12.47524548,12.67326355,12.42574024,12.57425499,43220828,0,1,11.01695309,yahoo_bootstrap
2022-07-19,12.57425499,12.77227402,12.52474976,12.67326355,47507924,0,1,11.1036996,yahoo_bootstrap
2022-07-20,12.82177925,12.970294,12.57425499,12.62375927,63350881,0,1,11.06032635,yahoo_bootstrap
2022-07-21,12.47524548,12.57425499,12.22772026,12.52474976,64372798,0,1,10.97357901,yahoo_bootstrap
2022-07-22,12.52474976,12.67326355,12.42574024,12.62375927,47069357,0,1,11.06032635,yahoo_bootstrap
2022-07-25,12.62375927,12.77227402,12.57425499,12.72276878,25753228,0,1,11.14707368,yahoo_bootstrap
2022-07-26,12.77227402,12.92078876,12.67326355,12.82177925,31991931,0,1,11.23382186,yahoo_bootstrap
2022-07-27,12.82177925,12.82177925,12.62375927,12.72276878,22254047,0,1,11.14707368,yahoo_bootstrap
2022-07-28,12.82177925,12.87128353,12.72276878,12.82177925,31243918,0,1,11.23382186,yahoo_bootstrap
2022-07-29,12.87128353,12.970294,12.77227402,12.77227402,34228723,0,1,11.19044778,yahoo_bootstrap
2022-08-01,12.82177925,12.92078876,12.72276878,12.92078876,26265062,0,1,11.3205692,yahoo_bootstrap
2022-08-02,12.77227402,12.82177925,12.67326355,12.77227402,38325975,0,1,11.19044778,yahoo_bootstrap
2022-08-03,12.62375927,12.72276878,12.57425499,12.72276878,36933277,0,1,11.14707368,yahoo_bootstrap
2022-08-04,12.62375927,12.77227402,12.57425499,12.72276878,31586068,0,1,11.14707368,yahoo_bootstrap
2022-08-05,12.77227402,13.31682873,12.77227402,13.21781921,76663675,0,1,11.58081289,yahoo_bootstrap
2022-08-08,13.11880875,13.21781921,13.01979923,13.21781921,36313017,0,1,11.58081289,yahoo_bootstrap
2022-08-09,13.21781921,13.36633396,13.11880875,13.26732445,28343845,0,1,11.62418698,yahoo_bootstrap
2022-08-10,13.36633396,13.51484776,13.16831398,13.4158392,47798495,0,1,11.75430841,yahoo_bootstrap
2022-08-11,13.61385822,13.96039295,13.56435299,13.76237297,65340090,0,1,12.05792451,yahoo_bootstrap
2022-08-12,13.76237297,13.8118782,13.61385822,13.76237297,33988115,0,1,12.05792451,yahoo_bootstrap
2022-08-15,13.8118782,13.86138344,13.71286774,13.76237297,24876659,0,1,12.05792451,yahoo_bootstrap
2022-08-16,13.76237297,13.8118782,13.66336346,13.76237297,20781891,0,1,12.05792451,yahoo_bootstrap
2022-08-17,13.8118782,13.91088772,13.76237297,13.86138344,25917147,0,1,12.14467269,yahoo_bootstrap
2022-08-18,13.76237297,13.8118782,13.71286774,13.71286774,16696532,0,1,12.01455043,yahoo_bootstrap
2022-08-19,13.71286774,13.76237297,13.66336346,13.76237297,18442869,0,1,12.05792451,yahoo_bootstrap
2022-08-22,13.61385822,13.66336346,13.56435299,13.61385822,7467941,0,1,11.92780308,yahoo_bootstrap
2022-08-23,13.56435299,13.56435299,13.4158392,13.4158392,28518858,0,1,11.75430841,yahoo_bootstrap
2022-08-24,13.4158392,13.46534348,13.31682873,13.4158392,31899576,0,1,11.75430841,yahoo_bootstrap
2022-08-25,13.4158392,13.51484776,13.36633396,13.51484776,20114858,0,1,11.84105491,yahoo_bootstrap
2022-08-26,13.56435299,13.66336346,13.56435299,13.61385822,18552758,0,1,11.92780308,yahoo_bootstrap
2022-08-29,13.21781921,13.31682873,13.16831398,13.21781921,40901931,0,1,11.58081289,yahoo_bootstrap
2022-08-30,13.21781921,13.31682873,13.11880875,13.21781921,34465623,0,1,11.58081289,yahoo_bootstrap
2022-08-31,13.16831398,13.36633396,13.16831398,13.26732445,27973256,0,1,11.62418698,yahoo_bootstrap
2022-09-01,13.16831398,13.21781921,13.01979923,13.16831398,35834003,0,1,11.5374388,yahoo_bootstrap
2022-09-02,13.16831398,13.21781921,13.01979923,13.01979923,27416003,0,1,11.40731737,yahoo_bootstrap
2022-09-05,12.970294,13.06930447,12.82177925,12.970294,41461080,0,1,11.36394329,yahoo_bootstrap
2022-09-06,13.01979923,13.11880875,12.92078876,13.01979923,36097653,0,1,11.40731737,yahoo_bootstrap
2022-09-07,12.87128353,12.92078876,12.67326355,12.72276878,46933731,0,1,11.14707368,yahoo_bootstrap
2022-09-08,12.77227402,12.92078876,12.72276878,12.92078876,25044584,0,1,11.3205692,yahoo_bootstrap
2022-09-12,13.01979923,13.21781921,12.970294,13.21781921,25396447,0,1,11.58081289,yahoo_bootstrap
2022-09-13,13.31682873,13.36633396,13.16831398,13.26732445,20096074,0,1,11.62418698,yahoo_bootstrap
2022-09-14,12.970294,13.06930447,12.87128353,12.970294,31675339,0,1,11.36394329,yahoo_bootstrap
2022-09-15,12.970294,13.16831398,12.970294,13.01979923,24772945,0,1,11.40731737,yahoo_bootstrap
2022-09-16,12.92078876,13.06930447,12.92078876,12.970294,42923023,0,1,11.36394329,yahoo_bootstrap
2022-09-19,12.970294,13.01979923,12.77227402,12.82177925,27562438,0,1,11.23382186,yahoo_bootstrap
2022-09-20,12.92078876,13.01979923,12.87128353,12.970294,20107741,0,1,11.36394329,yahoo_bootstrap
2022-09-21,12.92078876,12.970294,12.82177925,12.87128353,24374695,0,1,11.27719511,yahoo_bootstrap
2022-09-22,12.72276878,12.77227402,12.57425499,12.67326355,39573009,0,1,11.1036996,yahoo_bootstrap
2022-09-23,12.72276878,12.87128353,12.67326355,12.72276878,21903973,0,1,11.14707368,yahoo_bootstrap
2022-09-26,12.62375927,12.67326355,12.42574024,12.47524548,39214478,0,1,10.93020576,yahoo_bootstrap
2022-09-27,12.57425499,12.62375927,12.32672977,12.42574024,30361729,0,1,10.88683166,yahoo_bootstrap
2022-09-28,12.42574024,12.47524548,11.98019505,12.02970028,52944552,0,1,10.53984064,yahoo_bootstrap
2022-09-29,12.17821503,12.22772026,11.98019505,12.12870979,39441251,0,1,10.62658797,yahoo_bootstrap
2022-09-30,12.07920456,12.07920456,11.78217506,11.88118458,53699437,0,1,10.40971837,yahoo_bootstrap
2022-10-03,11.63366127,11.78217506,11.58415604,11.68316555,30784318,0,1,10.23622369,yahoo_bootstrap
2022-10-04,11.88118458,12.02970028,11.73267078,11.78217506,33557850,0,1,10.32297103,yahoo_bootstrap
2022-10-05,11.93068981,12.17821503,11.93068981,12.17821503,31229983,0,1,10.66996207,yahoo_bootstrap
2022-10-06,12.17821503,12.27722454,12.07920456,12.27722454,28566934,0,1,10.7567094,yahoo_bootstrap
2022-10-07,12.17821503,12.32672977,12.12870979,12.22772026,12761459,0,1,10.71333615,yahoo_bootstrap
2022-10-11,11.98019505,12.12870979,11.8316803,12.02970028,40810374,0,1,10.53984064,yahoo_bootstrap
2022-10-12,11.98019505,12.22772026,11.88118458,12.07920456,32565560,0,1,10.58321389,yahoo_bootstrap
2022-10-13,12.07920456,12.17821503,11.48514557,11.58415604,56014510,0,1,10.14947636,yahoo_bootstrap
2022-10-14,11.78217506,11.93068981,11.48514557,11.5346508,48727960,0,1,10.10610226,yahoo_bootstrap
2022-10-17,11.38613605,11.38613605,10.89108658,11.18811607,59110255,0,1,9.80248532,yahoo_bootstrap
2022-10-18,11.23762131,11.28712559,10.99009609,11.23762131,37622110,0,1,9.84585941,yahoo_bootstrap
2022-10-19,11.23762131,11.28712559,11.08910561,11.08910561,27255491,0,1,9.71573715,yahoo_bootstrap
2022-10-20,10.89108658,11.33663082,10.79207706,11.33663082,55762572,0,1,9.93260675,yahoo_bootstrap
2022-10-21,11.18811607,11.28712559,11.08910561,11.08910561,26304582,0,1,9.71573715,yahoo_bootstrap
2022-10-24,11.23762131,11.28712559,10.99009609,11.03960133,35432883,0,1,9.6723639,yahoo_bootstrap
2022-10-25,11.13861084,11.33663082,11.08910561,11.33663082,38689540,0,1,9.93260675,yahoo_bootstrap
2022-10-26,11.33663082,11.63366127,11.28712559,11.5346508,32367352,0,1,10.10610226,yahoo_bootstrap
2022-10-27,11.68316555,11.73267078,11.63366127,11.63366127,24099801,0,1,10.19285044,yahoo_bootstrap
2022-10-28,11.68316555,11.8316803,11.48514557,11.58415604,24800108,0,1,10.14947636,yahoo_bootstrap
2022-10-31,11.73267078,11.8316803,11.63366127,11.63366127,24331040,0,1,10.19285044,yahoo_bootstrap
2022-11-01,11.63366127,11.88118458,11.5346508,11.8316803,24566849,0,1,10.36634512,yahoo_bootstrap
2022-11-02,11.78217506,11.93068981,11.73267078,11.8316803,18971081,0,1,10.36634512,yahoo_bootstrap
2022-11-03,11.63366127,11.93068981,11.63366127,11.88118458,22919241,0,1,10.40971837,yahoo_bootstrap
2022-11-04,11.8316803,12.07920456,11.73267078,12.07920456,20176008,0,1,10.58321389,yahoo_bootstrap
2022-11-07,12.12870979,12.22772026,12.12870979,12.22772026,23979283,0,1,10.71333615,yahoo_bootstrap
2022-11-08,12.32672977,12.37623501,12.22772026,12.32672977,21835138,0,1,10.80008349,yahoo_bootstrap
2022-11-09,12.37623501,12.37623501,12.27722454,12.37623501,19478240,0,1,10.84345758,yahoo_bootstrap
2022-11-10,12.22772026,12.27722454,12.12870979,12.17821503,22620960,0,1,10.66996207,yahoo_bootstrap
2022-11-11,12.37623501,12.82177925,12.37623501,12.77227402,64565892,0,1,11.19044778,yahoo_bootstrap
2022-11-14,12.82177925,12.970294,12.72276878,12.87128353,37382008,0,1,11.27719511,yahoo_bootstrap
2022-11-15,12.77227402,13.01979923,12.57425499,13.01979923,33159176,0,1,11.40731737,yahoo_bootstrap
2022-11-16,13.01979923,13.01979923,12.82177925,12.87128353,34652064,0,1,11.27719511,yahoo_bootstrap
2022-11-17,12.82177925,12.87128353,12.67326355,12.82177925,16626214,0,1,11.23382186,yahoo_bootstrap
2022-11-18,12.82177925,12.970294,12.72276878,12.87128353,23939229,0,1,11.27719511,yahoo_bootstrap
2022-11-21,12.92078876,13.01979923,12.77227402,12.970294,28181348,0,1,11.36394329,yahoo_bootstrap
2022-11-22,12.970294,13.31682873,12.87128353,13.31682873,55764715,0,1,11.66756023,yahoo_bootstrap
2022-11-23,13.4158392,13.51484776,13.26732445,13.36633396,53402098,0,1,11.71093432,yahoo_bootstrap
2022-11-24,13.21781921,13.21781921,12.77227402,12.77227402,106627888,0,1,11.19044778,yahoo_bootstrap
2022-11-25,12.72276878,12.970294,12.67326355,12.77227402,49324140,0,1,11.19044778,yahoo_bootstrap
2022-11-28,12.67326355,13.01979923,12.67326355,12.77227402,57131582,0,1,11.19044778,yahoo_bootstrap
2022-11-29,12.87128353,13.21781921,12.72276878,13.06930447,59287013,0,1,11.45069147,yahoo_bootstrap
2022-11-30,13.06930447,13.31682873,13.06930447,13.21781921,62229524,0,1,11.58081289,yahoo_bootstrap
2022-12-01,13.36633396,13.46534348,13.16831398,13.21781921,47069681,0,1,11.58081289,yahoo_bootstrap
2022-12-02,13.16831398,13.36633396,13.16831398,13.31682873,32098651,0,1,11.66756023,yahoo_bootstrap
2022-12-05,13.31682873,13.4158392,13.21781921,13.26732445,24155925,0,1,11.62418698,yahoo_bootstrap
2022-12-06,13.21781921,13.26732445,13.01979923,13.01979923,29350521,0,1,11.40731737,yahoo_bootstrap
2022-12-07,12.82177925,13.16831398,12.82177925,12.92078876,38137270,0,1,11.3205692,yahoo_bootstrap
2022-12-08,12.87128353,12.92078876,12.72276878,12.82177925,32896839,0,1,11.23382186,yahoo_bootstrap
2022-12-09,12.82177925,12.92078876,12.77227402,12.82177925,23333901,0,1,11.23382186,yahoo_bootstrap
2022-12-12,12.62375927,12.87128353,12.47524548,12.82177925,33045365,0,1,11.23382186,yahoo_bootstrap
2022-12-13,12.87128353,12.87128353,12.57425499,12.67326355,37512532,0,1,11.1036996,yahoo_bootstrap
2022-12-14,12.67326355,12.77227402,12.57425499,12.72276878,24109635,0,1,11.14707368,yahoo_bootstrap
2022-12-15,12.77227402,12.77227402,12.62375927,12.72276878,13970625,0,1,11.14707368,yahoo_bootstrap
2022-12-16,12.57425499,12.72276878,12.57425499,12.57425499,48961520,0,1,11.01695309,yahoo_bootstrap
2022-12-19,12.47524548,12.67326355,12.47524548,12.57425499,13623553,0,1,11.01695309,yahoo_bootstrap
2022-12-20,12.52474976,12.62375927,12.37623501,12.37623501,25536670,0,1,10.84345758,yahoo_bootstrap
2022-12-21,12.42574024,12.57425499,12.37623501,12.42574024,18331936,0,1,10.88683166,yahoo_bootstrap
2022-12-22,12.57425499,12.67326355,12.52474976,12.67326355,11651425,0,1,11.1036996,yahoo_bootstrap
2022-12-23,12.52474976,12.67326355,12.47524548,12.57425499,8977315,0,1,11.01695309,yahoo_bootstrap
2022-12-26,12.57425499,12.72276878,12.57425499,12.67326355,9592259,0,1,11.1036996,yahoo_bootstrap
2022-12-27,12.72276878,12.77227402,12.67326355,12.67326355,8624935,0,1,11.1036996,yahoo_bootstrap
2022-12-28,12.67326355,12.72276878,12.57425499,12.57425499,15290103,0,1,11.01695309,yahoo_bootstrap
2022-12-29,12.52474976,12.57425499,12.37623501,12.47524548,21509576,0,1,10.93020576,yahoo_bootstrap
2022-12-30,12.52474976,12.57425499,12.47524548,12.47524548,11613667,0,1,10.93020576,yahoo_bootstrap
2023-01-03,12.52474976,12.57425499,12.37623501,12.52474976,14806696,0,1,10.97357901,yahoo_bootstrap
2023-01-04,12.52474976,12.57425499,12.47524548,12.52474976,9659723,0,1,10.97357901,yahoo_bootstrap
2023-01-05,12.57425499,12.77227402,12.57425499,12.62375927,14138171,0,1,11.06032635,yahoo_bootstrap
2023-01-06,12.62375927,12.77227402,12.62375927,12.72276878,10335115,0,1,11.14707368,yahoo_bootstrap
2023-01-09,12.87128353,12.92078876,12.77227402,12.92078876,40285400,0,1,11.3205692,yahoo_bootstrap
2023-01-10,12.92078876,12.970294,12.77227402,12.87128353,22735388,0,1,11.27719511,yahoo_bootstrap
2023-01-11,12.82177925,12.87128353,12.77227402,12.77227402,19989741,0,1,11.19044778,yahoo_bootstrap
2023-01-12,12.82177925,12.87128353,12.77227402,12.82177925,14866232,0,1,11.23382186,yahoo_bootstrap
2023-01-13,12.92078876,12.970294,12.77227402,12.82177925,18194691,0,1,11.23382186,yahoo_bootstrap
2023-01-16,12.87128353,12.92078876,12.82177925,12.87128353,22581243,0,1,11.27719511,yahoo_bootstrap
2023-01-17,12.87128353,12.970294,12.82177925,12.92078876,30742607,0,1,11.3205692,yahoo_bootstrap
2023-01-30,13.01979923,13.16831398,12.92078876,13.06930447,65514522,0,1,11.45069147,yahoo_bootstrap
2023-01-31,13.06930447,13.11880875,12.970294,13.06930447,42423163,0,1,11.45069147,yahoo_bootstrap
2023-02-01,13.06930447,13.06930447,12.87128353,13.01979923,37724640,0,1,11.40731737,yahoo_bootstrap
2023-02-02,12.970294,13.06930447,12.87128353,13.01979923,35645531,0,1,11.40731737,yahoo_bootstrap
2023-02-03,13.01979923,13.06930447,12.92078876,12.970294,18746652,0,1,11.36394329,yahoo_bootstrap
2023-02-06,12.92078876,13.01979923,12.87128353,12.92078876,24466256,0,1,11.3205692,yahoo_bootstrap
2023-02-07,12.92078876,13.01979923,12.87128353,12.92078876,22016778,0,1,11.3205692,yahoo_bootstrap
2023-02-08,12.92078876,12.970294,12.87128353,12.87128353,18841748,0,1,11.27719511,yahoo_bootstrap
2023-02-09,12.87128353,12.92078876,12.82177925,12.87128353,17177483,0,1,11.27719511,yahoo_bootstrap
2023-02-10,12.82177925,12.87128353,12.77227402,12.77227402,21825477,0,1,11.19044778,yahoo_bootstrap
2023-02-13,12.77227402,12.970294,12.72276878,12.92078876,29810960,0,1,11.3205692,yahoo_bootstrap
2023-02-14,12.970294,13.01979923,12.92078876,12.92078876,17919666,0,1,11.3205692,yahoo_bootstrap
2023-02-15,12.92078876,12.970294,12.82177925,12.87128353,15478964,0,1,11.27719511,yahoo_bootstrap
2023-02-16,12.92078876,13.01979923,12.87128353,12.92078876,26508592,0,1,11.3205692,yahoo_bootstrap
2023-02-17,12.92078876,13.06930447,12.87128353,13.06930447,22993372,0,1,11.45069147,yahoo_bootstrap
2023-02-20,13.01979923,13.21781921,13.01979923,13.21781921,30494664,0,1,11.58081289,yahoo_bootstrap
2023-02-21,13.21781921,13.21781921,13.06930447,13.06930447,16925986,0,1,11.45069147,yahoo_bootstrap
2023-02-22,13.01979923,13.01979923,12.87128353,12.970294,25694847,0,1,11.36394329,yahoo_bootstrap
2023-02-23,13.01979923,13.06930447,12.970294,13.06930447,24417136,0,1,11.45069147,yahoo_bootstrap
2023-02-24,13.06930447,13.06930447,12.92078876,13.06930447,44132947,0,1,11.45069147,yahoo_bootstrap
2023-03-01,12.970294,13.01979923,12.87128353,12.92078876,32139363,0,1,11.3205692,yahoo_bootstrap
2023-03-02,12.970294,13.01979923,12.87128353,12.970294,28538575,0,1,11.36394329,yahoo_bootstrap
2023-03-03,13.01979923,13.06930447,12.92078876,12.970294,21919349,0,1,11.36394329,yahoo_bootstrap
2023-03-06,13.01979923,13.06930447,12.970294,13.01979923,21485783,0,1,11.40731737,yahoo_bootstrap
2023-03-07,13.01979923,13.16831398,12.970294,13.11880875,27416307,0,1,11.49406472,yahoo_bootstrap
2023-03-08,13.06930447,13.11880875,13.01979923,13.06930447,23099689,0,1,11.45069147,yahoo_bootstrap
2023-03-09,13.06930447,13.06930447,12.970294,12.970294,20009700,0,1,11.36394329,yahoo_bootstrap
2023-03-10,12.92078876,12.92078876,12.77227402,12.77227402,48817742,0,1,11.19044778,yahoo_bootstrap
2023-03-13,12.67326355,12.77227402,12.52474976,12.67326355,50313486,0,1,11.1036996,yahoo_bootstrap
2023-03-14,12.57425499,12.62375927,12.37623501,12.42574024,55620317,0,1,10.88683166,yahoo_bootstrap
2023-03-15,12.52474976,12.57425499,12.37623501,12.37623501,35233205,0,1,10.84345758,yahoo_bootstrap
2023-03-16,12.22772026,12.27722454,11.98019505,11.98019505,53279630,0,1,10.49646655,yahoo_bootstrap
2023-03-17,12.07920456,12.17821503,12.02970028,12.07920456,50910512,0,1,10.58321389,yahoo_bootstrap
2023-03-20,11.98019505,12.02970028,11.88118458,11.98019505,26883177,0,1,10.49646655,yahoo_bootstrap
2023-03-21,12.07920456,12.22772026,12.02970028,12.12870979,22124488,0,1,10.62658797,yahoo_bootstrap
2023-03-22,12.17821503,12.37623501,12.12870979,12.27722454,22482829,0,1,10.7567094,yahoo_bootstrap
2023-03-23,12.27722454,12.47524548,12.17821503,12.42574024,27116521,0,1,10.88683166,yahoo_bootstrap
2023-03-24,12.37623501,12.37623501,12.17821503,12.27722454,28504775,0,1,10.7567094,yahoo_bootstrap
2023-03-27,12.27722454,12.42574024,12.22772026,12.32672977,19042220,0,1,10.80008349,yahoo_bootstrap
2023-03-28,12.37623501,12.42574024,12.27722454,12.32672977,15840067,0,1,10.80008349,yahoo_bootstrap
2023-03-29,12.37623501,12.52474976,12.32672977,12.47524548,23785858,0,1,10.93020576,yahoo_bootstrap
2023-03-30,12.52474976,12.52474976,12.32672977,12.37623501,22231139,0,1,10.84345758,yahoo_bootstrap
2023-03-31,12.42574024,12.47524548,12.37623501,12.42574024,23863126,0,1,10.88683166,yahoo_bootstrap
2023-04-06,12.42574024,12.47524548,12.37623501,12.42574024,20845290,0,1,10.88683166,yahoo_bootstrap
2023-04-07,12.47524548,12.67326355,12.42574024,12.67326355,31072909,0,1,11.1036996,yahoo_bootstrap
2023-04-10,12.67326355,12.82177925,12.67326355,12.77227402,19034420,0,1,11.19044778,yahoo_bootstrap
2023-04-11,12.77227402,12.87128353,12.72276878,12.87128353,21909787,0,1,11.27719511,yahoo_bootstrap
2023-04-12,12.92078876,13.06930447,12.92078876,13.06930447,40890191,0,1,11.45069147,yahoo_bootstrap
2023-04-13,13.06930447,13.06930447,12.92078876,13.06930447,32572409,0,1,11.45069147,yahoo_bootstrap
2023-04-14,13.06930447,13.16831398,13.06930447,13.16831398,34850593,0,1,11.5374388,yahoo_bootstrap
2023-04-17,13.16831398,13.16831398,13.06930447,13.11880875,20664058,0,1,11.49406472,yahoo_bootstrap
2023-04-18,13.11880875,13.11880875,12.970294,13.01979923,19947366,0,1,11.40731737,yahoo_bootstrap
2023-04-19,13.01979923,13.06930447,12.92078876,12.92078876,15669535,0,1,11.3205692,yahoo_bootstrap
2023-04-20,12.92078876,12.970294,12.82177925,12.92078876,14375544,0,1,11.3205692,yahoo_bootstrap
2023-04-21,12.92078876,13.11880875,12.92078876,13.01979923,45155144,0,1,11.40731737,yahoo_bootstrap
2023-04-24,13.01979923,13.16831398,12.92078876,13.06930447,46157589,0,1,11.45069147,yahoo_bootstrap
2023-04-25,13.06930447,13.06930447,12.77227402,12.82177925,50113279,0,1,11.23382186,yahoo_bootstrap
2023-04-26,12.77227402,12.92078876,12.72276878,12.92078876,49249593,0,1,11.3205692,yahoo_bootstrap
2023-04-27,12.82177925,12.970294,12.77227402,12.82177925,43187641,0,1,11.23382186,yahoo_bootstrap
2023-04-28,12.82177925,12.970294,12.82177925,12.970294,23029863,0,1,11.36394329,yahoo_bootstrap
2023-05-02,12.970294,13.06930447,12.87128353,13.06930447,22117287,0,1,11.45069147,yahoo_bootstrap
2023-05-03,13.01979923,13.11880875,12.92078876,13.06930447,16826905,0,1,11.45069147,yahoo_bootstrap
2023-05-04,13.06930447,13.11880875,12.970294,13.11880875,16976901,0,1,11.49406472,yahoo_bootstrap
2023-05-05,13.11880875,13.21781921,13.06930447,13.16831398,20802335,0,1,11.5374388,yahoo_bootstrap
2023-05-08,12.67326355,12.72276878,12.52474976,12.67326355,100314833,0,1,11.1036996,yahoo_bootstrap
2023-05-09,12.62375927,12.77227402,12.57425499,12.72276878,35157397,0,1,11.14707368,yahoo_bootstrap
2023-05-10,12.72276878,12.82177925,12.72276878,12.82177925,23194060,0,1,11.23382186,yahoo_bootstrap
2023-05-11,12.77227402,12.82177925,12.62375927,12.67326355,25852994,0,1,11.1036996,yahoo_bootstrap
2023-05-12,12.67326355,12.67326355,12.42574024,12.52474976,38461462,0,1,10.97357901,yahoo_bootstrap
2023-05-15,12.47524548,12.67326355,12.37623501,12.67326355,34878934,0,1,11.1036996,yahoo_bootstrap
2023-05-16,12.72276878,12.87128353,12.67326355,12.87128353,39632013,0,1,11.27719511,yahoo_bootstrap
2023-05-17,12.87128353,12.970294,12.77227402,12.92078876,39018482,0,1,11.3205692,yahoo_bootstrap
2023-05-18,12.970294,13.06930447,12.92078876,13.06930447,44641113,0,1,11.45069147,yahoo_bootstrap
2023-05-19,13.11880875,13.11880875,13.01979923,13.06930447,31516614,0,1,11.45069147,yahoo_bootstrap
2023-05-22,13.06930447,13.16831398,13.01979923,13.16831398,41728719,0,1,11.5374388,yahoo_bootstrap
2023-05-23,13.16831398,13.21781921,13.06930447,13.16831398,39510075,0,1,11.5374388,yahoo_bootstrap
2023-05-24,13.16831398,13.26732445,13.11880875,13.16831398,41374614,0,1,11.5374388,yahoo_bootstrap
2023-05-25,13.16831398,13.16831398,12.87128353,12.87128353,51806434,0,1,11.27719511,yahoo_bootstrap
2023-05-26,12.87128353,12.87128353,12.72276878,12.72276878,59202078,0,1,11.14707368,yahoo_bootstrap
2023-05-29,12.77227402,12.87128353,12.67326355,12.67326355,52335323,0,1,11.1036996,yahoo_bootstrap
2023-05-30,12.72276878,12.82177925,12.67326355,12.67326355,54141534,0,1,11.1036996,yahoo_bootstrap
2023-05-31,12.67326355,12.82177925,12.57425499,12.57425499,102475676,0,1,11.01695309,yahoo_bootstrap
2023-06-01,12.62375927,12.77227402,12.62375927,12.67326355,29977410,0,1,11.1036996,yahoo_bootstrap
2023-06-02,12.72276878,12.82177925,12.67326355,12.77227402,39545807,0,1,11.19044778,yahoo_bootstrap
2023-06-05,12.82177925,13.01979923,12.82177925,12.87128353,51308969,0,1,11.27719511,yahoo_bootstrap
2023-06-06,12.92078876,13.01979923,12.92078876,12.970294,27383957,0,1,11.36394329,yahoo_bootstrap
2023-06-07,12.970294,13.01979923,12.92078876,12.970294,24712555,0,1,11.36394329,yahoo_bootstrap
2023-06-08,12.970294,12.970294,12.82177925,12.87128353,24485011,0,1,11.27719511,yahoo_bootstrap
2023-06-09,12.92078876,12.92078876,12.82177925,12.87128353,22129600,0,1,11.27719511,yahoo_bootstrap
2023-06-12,12.87128353,12.92078876,12.77227402,12.77227402,20613358,0,1,11.19044778,yahoo_bootstrap
2023-06-13,12.77227402,12.82177925,12.67326355,12.72276878,37161631,0,1,11.14707368,yahoo_bootstrap
2023-06-14,12.77227402,12.82177925,12.72276878,12.77227402,23546080,0,1,11.19044778,yahoo_bootstrap
2023-06-15,12.77227402,12.77227402,12.67326355,12.67326355,29973208,0,1,11.1036996,yahoo_bootstrap
2023-06-16,12.72276878,12.77227402,12.62375927,12.62375927,51247220,0,1,11.06032635,yahoo_bootstrap
2023-06-19,12.62375927,12.67326355,12.52474976,12.57425499,32927870,0,1,11.01695309,yahoo_bootstrap
2023-06-20,12.57425499,12.62375927,12.52474976,12.57425499,31163870,0,1,11.01695309,yahoo_bootstrap
2023-06-21,12.57425499,12.62375927,12.47524548,12.57425499,26638781,0,1,11.01695309,yahoo_bootstrap
2023-06-26,12.57425499,12.62375927,12.47524548,12.47524548,27306887,0,1,10.93020576,yahoo_bootstrap
2023-06-27,12.47524548,12.52474976,12.37623501,12.37623501,28481931,0,1,10.84345758,yahoo_bootstrap
2023-06-28,12.37623501,12.47524548,12.37623501,12.42574024,22159870,0,1,10.88683166,yahoo_bootstrap
2023-06-29,12.52474976,12.52474976,12.42574024,12.42574024,21867902,0,1,10.88683166,yahoo_bootstrap
2023-06-30,12.42574024,12.47524548,12.27722454,12.27722454,48040011,0,1,10.7567094,yahoo_bootstrap
2023-07-03,12.32672977,12.37623501,12.27722454,12.27722454,24930948,0,1,10.7567094,yahoo_bootstrap
2023-07-04,12.27722454,12.32672977,12.07920456,12.07920456,59926811,0,1,10.58321389,yahoo_bootstrap
2023-07-05,12.07920456,12.12870979,12.02970028,12.02970028,36788840,0,1,10.53984064,yahoo_bootstrap
2023-07-06,11.98019505,12.02970028,11.8316803,11.8316803,66389165,0,1,10.36634512,yahoo_bootstrap
2023-07-07,11.78217506,11.8316803,11.68316555,11.78217506,41357632,0,1,10.32297103,yahoo_bootstrap
2023-07-10,12.12870979,12.42574024,12.07920456,12.07920456,81683147,0,1,10.58321389,yahoo_bootstrap
2023-07-11,12.17821503,12.27722454,12.12870979,12.17821503,26054899,0,1,10.66996207,yahoo_bootstrap
2023-07-12,12.17821503,12.22772026,12.07920456,12.17821503,26467145,0,1,10.66996207,yahoo_bootstrap
2023-07-13,12.17821503,12.22772026,12.02970028,12.02970028,38270553,0,1,10.53984064,yahoo_bootstrap
2023-07-14,12.12870979,12.22772026,12.07920456,12.17821503,30768206,0,1,10.66996207,yahoo_bootstrap
2023-07-17,12.22772026,12.42574024,12.17821503,12.37623501,56513852,0,1,10.84345758,yahoo_bootstrap
2023-07-18,12.37623501,12.47524548,12.22772026,12.22772026,65082381,0,1,10.71333615,yahoo_bootstrap
2023-07-19,12.32672977,12.42574024,12.17821503,12.17821503,58565035,0,1,10.66996207,yahoo_bootstrap
2023-07-20,12.17821503,12.32672977,12.17821503,12.27722454,47883205,0,1,10.7567094,yahoo_bootstrap
2023-07-21,12.27722454,12.32672977,12.17821503,12.17821503,48584599,0,1,10.66996207,yahoo_bootstrap
2023-07-24,12.22772026,12.22772026,12.07920456,12.12870979,55476650,0,1,10.62658797,yahoo_bootstrap
2023-07-25,12.17821503,12.22772026,12.12870979,12.12870979,19022233,0,1,10.62658797,yahoo_bootstrap
2023-07-26,12.17821503,12.42574024,12.12870979,12.32672977,73048881,0,1,10.80008349,yahoo_bootstrap
2023-07-27,12.37623501,12.62375927,12.37623501,12.57425499,85233772,0,1,11.01695309,yahoo_bootstrap
2023-07-28,12.57425499,12.57425499,12.37623501,12.47524548,39407761,0,1,10.93020576,yahoo_bootstrap
2023-07-31,12.52474976,12.67326355,12.37623501,12.42574024,62598923,0,1,10.88683166,yahoo_bootstrap
2023-08-01,12.47524548,12.57425499,12.42574024,12.52474976,38759925,0,1,10.97357901,yahoo_bootstrap
2023-08-02,12.47524548,12.52474976,12.22772026,12.27722454,55324380,0,1,10.7567094,yahoo_bootstrap
2023-08-04,12.27722454,12.47524548,12.27722454,12.37623501,29690389,0,1,10.84345758,yahoo_bootstrap
2023-08-07,12.37623501,12.47524548,12.32672977,12.37623501,14943637,0,1,10.84345758,yahoo_bootstrap
2023-08-08,12.42574024,12.42574024,12.27722454,12.27722454,34963978,0,1,10.7567094,yahoo_bootstrap
2023-08-09,12.27722454,12.42574024,12.27722454,12.37623501,25069961,0,1,10.84345758,yahoo_bootstrap
2023-08-10,12.42574024,12.52474976,12.37623501,12.37623501,45434197,0,1,10.84345758,yahoo_bootstrap
2023-08-11,12.42574024,12.47524548,12.27722454,12.27722454,32402880,0,1,10.7567094,yahoo_bootstrap
2023-08-14,12.22772026,12.27722454,11.98019505,12.02970028,52594795,0,1,10.53984064,yahoo_bootstrap
2023-08-15,11.98019505,12.07920456,11.88118458,11.93068981,41731162,0,1,10.45309246,yahoo_bootstrap
2023-08-16,11.78217506,11.88118458,11.68316555,11.78217506,45467829,0,1,10.32297103,yahoo_bootstrap
2023-08-17,11.73267078,11.8316803,11.63366127,11.78217506,30794878,0,1,10.32297103,yahoo_bootstrap
2023-08-18,11.73267078,11.88118458,11.73267078,11.78217506,29890699,0,1,10.32297103,yahoo_bootstrap
2023-08-21,11.8316803,11.88118458,11.73267078,11.78217506,18669791,0,1,10.32297103,yahoo_bootstrap
2023-08-22,11.8316803,11.8316803,11.68316555,11.68316555,26370270,0,1,10.23622369,yahoo_bootstrap
2023-08-23,11.68316555,11.73267078,11.63366127,11.68316555,23361001,0,1,10.23622369,yahoo_bootstrap
2023-08-24,11.73267078,11.73267078,11.63366127,11.63366127,30062558,0,1,10.19285044,yahoo_bootstrap
2023-08-25,11.63366127,11.68316555,11.58415604,11.58415604,21798742,0,1,10.14947636,yahoo_bootstrap
2023-08-28,11.63366127,11.8316803,11.63366127,11.78217506,16063503,0,1,10.32297103,yahoo_bootstrap
2023-08-29,11.8316803,11.8316803,11.73267078,11.8316803,16275343,0,1,10.36634512,yahoo_bootstrap
2023-08-30,11.88118458,11.93068981,11.78217506,11.88118458,17932906,0,1,10.40971837,yahoo_bootstrap
2023-08-31,11.88118458,11.88118458,11.73267078,11.73267078,43497161,0,1,10.27959778,yahoo_bootstrap
2023-09-01,11.73267078,11.88118458,11.68316555,11.8316803,23257828,0,1,10.36634512,yahoo_bootstrap
2023-09-04,11.8316803,11.93068981,11.78217506,11.93068981,17723269,0,1,10.45309246,yahoo_bootstrap
2023-09-05,11.88118458,11.93068981,11.78217506,11.88118458,14661855,0,1,10.40971837,yahoo_bootstrap
2023-09-06,11.88118458,11.88118458,11.73267078,11.73267078,26561641,0,1,10.27959778,yahoo_bootstrap
2023-09-07,11.73267078,11.78217506,11.68316555,11.78217506,15753081,0,1,10.32297103,yahoo_bootstrap
2023-09-08,11.78217506,11.88118458,11.73267078,11.8316803,13735057,0,1,10.36634512,yahoo_bootstrap
2023-09-11,11.88118458,11.93068981,11.8316803,11.8316803,19650809,0,1,10.36634512,yahoo_bootstrap
2023-09-12,11.88118458,11.88118458,11.78217506,11.8316803,19091328,0,1,10.36634512,yahoo_bootstrap
2023-09-13,11.8316803,11.93068981,11.78217506,11.8316803,21090452,0,1,10.36634512,yahoo_bootstrap
2023-09-14,11.88118458,11.93068981,11.8316803,11.93068981,20190588,0,1,10.45309246,yahoo_bootstrap
2023-09-15,11.98019505,11.98019505,11.88118458,11.93068981,36277521,0,1,10.45309246,yahoo_bootstrap
2023-09-18,11.8316803,11.93068981,11.8316803,11.88118458,11575997,0,1,10.40971837,yahoo_bootstrap
2023-09-19,11.88118458,11.93068981,11.8316803,11.8316803,19748088,0,1,10.36634512,yahoo_bootstrap
2023-09-20,11.8316803,11.88118458,11.73267078,11.73267078,31024443,0,1,10.27959778,yahoo_bootstrap
2023-09-21,11.73267078,11.78217506,11.63366127,11.63366127,33842436,0,1,10.19285044,yahoo_bootstrap
2023-09-22,11.58415604,11.68316555,11.58415604,11.58415604,29745945,0,1,10.14947636,yahoo_bootstrap
2023-09-25,11.63366127,11.78217506,11.63366127,11.73267078,17283633,0,1,10.27959778,yahoo_bootstrap
2023-09-26,11.73267078,11.73267078,11.63366127,11.68316555,21300901,0,1,10.23622369,yahoo_bootstrap
2023-09-27,11.68316555,11.68316555,11.58415604,11.63366127,23763870,0,1,10.19285044,yahoo_bootstrap
2023-09-28,11.63366127,11.73267078,11.63366127,11.68316555,19900907,0,1,10.23622369,yahoo_bootstrap
2023-10-02,11.73267078,11.73267078,11.63366127,11.63366127,16944597,0,1,10.19285044,yahoo_bootstrap
2023-10-03,11.58415604,11.63366127,11.58415604,11.58415604,18023414,0,1,10.14947636,yahoo_bootstrap
2023-10-04,11.5346508,11.58415604,11.43564129,11.43564129,43321538,0,1,10.01935493,yahoo_bootstrap
2023-10-05,11.48514557,11.5346508,11.43564129,11.43564129,23037356,0,1,10.01935493,yahoo_bootstrap
2023-10-06,11.43564129,11.5346508,11.43564129,11.48514557,16443736,0,1,10.06272818,yahoo_bootstrap
2023-10-11,11.58415604,11.8316803,11.5346508,11.8316803,43858853,0,1,10.36634512,yahoo_bootstrap
2023-10-12,11.8316803,11.93068981,11.78217506,11.93068981,42318072,0,1,10.45309246,yahoo_bootstrap
2023-10-13,11.8316803,11.93068981,11.78217506,11.93068981,29948435,0,1,10.45309246,yahoo_bootstrap
2023-10-16,11.8316803,11.93068981,11.78217506,11.93068981,26106533,0,1,10.45309246,yahoo_bootstrap
2023-10-17,11.88118458,11.93068981,11.78217506,11.8316803,28411858,0,1,10.36634512,yahoo_bootstrap
2023-10-18,11.8316803,11.88118458,11.73267078,11.8316803,31910426,0,1,10.36634512,yahoo_bootstrap
2023-10-19,11.73267078,11.78217506,11.68316555,11.73267078,25619836,0,1,10.27959778,yahoo_bootstrap
2023-10-20,11.63366127,11.63366127,11.43564129,11.58415604,52580804,0,1,10.14947636,yahoo_bootstrap
2023-10-23,11.48514557,11.58415604,11.43564129,11.43564129,28784563,0,1,10.01935493,yahoo_bootstrap
2023-10-24,11.43564129,11.48514557,11.33663082,11.43564129,41136772,0,1,10.01935493,yahoo_bootstrap
2023-10-25,11.43564129,11.48514557,11.38613605,11.38613605,32743305,0,1,9.97598083,yahoo_bootstrap
2023-10-26,11.33663082,11.38613605,11.18811607,11.18811607,57712280,0,1,9.80248532,yahoo_bootstrap
2023-10-27,11.18811607,11.28712559,11.18811607,11.18811607,30217655,0,1,9.80248532,yahoo_bootstrap
2023-10-30,11.18811607,11.28712559,11.03960133,11.08910561,46600791,0,1,9.71573715,yahoo_bootstrap
2023-10-31,11.13861084,11.18811607,11.08910561,11.18811607,28381528,0,1,9.80248532,yahoo_bootstrap
2023-11-01,11.13861084,11.18811607,11.03960133,11.08910561,25357208,0,1,9.71573715,yahoo_bootstrap
2023-11-02,11.13861084,11.23762131,11.03960133,11.08910561,47054345,0,1,9.71573715,yahoo_bootstrap
2023-11-03,11.13861084,11.43564129,11.13861084,11.43564129,53441592,0,1,10.01935493,yahoo_bootstrap
2023-11-06,11.48514557,11.58415604,11.43564129,11.5346508,37634083,0,1,10.10610226,yahoo_bootstrap
2023-11-07,11.48514557,11.5346508,11.33663082,11.38613605,28469941,0,1,9.97598083,yahoo_bootstrap
2023-11-08,11.43564129,11.48514557,11.28712559,11.33663082,29503307,0,1,9.93260675,yahoo_bootstrap
2023-11-09,11.33663082,11.43564129,11.28712559,11.33663082,24576569,0,1,9.93260675,yahoo_bootstrap
2023-11-10,11.33663082,11.43564129,11.28712559,11.33663082,21198175,0,1,9.93260675,yahoo_bootstrap
2023-11-13,11.43564129,11.48514557,11.38613605,11.43564129,32344150,0,1,10.01935493,yahoo_bootstrap
2023-11-14,11.48514557,11.5346508,11.38613605,11.38613605,32210353,0,1,9.97598083,yahoo_bootstrap
2023-11-15,11.5346508,11.68316555,11.48514557,11.68316555,63135437,0,1,10.23622369,yahoo_bootstrap
2023-11-16,11.68316555,11.8316803,11.68316555,11.8316803,44471684,0,1,10.36634512,yahoo_bootstrap
2023-11-17,11.8316803,11.98019505,11.78217506,11.8316803,54170737,0,1,10.36634512,yahoo_bootstrap
2023-11-20,11.88118458,11.88118458,11.73267078,11.78217506,30682148,0,1,10.32297103,yahoo_bootstrap
2023-11-21,11.8316803,12.07920456,11.8316803,12.07920456,104037811,0,1,10.58321389,yahoo_bootstrap
2023-11-22,12.07920456,12.17821503,11.8316803,12.17821503,113966013,0,1,10.66996207,yahoo_bootstrap
2023-11-23,12.02970028,12.17821503,11.93068981,12.12870979,113781582,0,1,10.62658797,yahoo_bootstrap
2023-11-24,12.07920456,12.42574024,11.93068981,12.42574024,148609992,0,1,10.88683166,yahoo_bootstrap
2023-11-27,12.37623501,12.47524548,12.07920456,12.32672977,241450994,0,1,10.80008349,yahoo_bootstrap
2023-11-28,12.22772026,12.42574024,12.12870979,12.42574024,200143247,0,1,10.88683166,yahoo_bootstrap
2023-11-29,12.42574024,12.57425499,12.27722454,12.47524548,208776930,0,1,10.93020576,yahoo_bootstrap
2023-11-30,12.42574024,12.57425499,12.37623501,12.57425499,281160467,0,1,11.01695309,yahoo_bootstrap
2023-12-01,12.52474976,12.57425499,12.37623501,12.42574024,123719060,0,1,10.88683166,yahoo_bootstrap
2023-12-04,12.42574024,12.47524548,12.17821503,12.22772026,108417738,0,1,10.71333615,yahoo_bootstrap
2023-12-05,12.17821503,12.22772026,12.07920456,12.17821503,55008252,0,1,10.66996207,yahoo_bootstrap
2023-12-06,12.17821503,12.27722454,12.17821503,12.22772026,22515605,0,1,10.71333615,yahoo_bootstrap
2023-12-07,12.17821503,12.27722454,12.12870979,12.22772026,28295957,0,1,10.71333615,yahoo_bootstrap
2023-12-08,12.27722454,12.32672977,12.22772026,12.32672977,22597783,0,1,10.80008349,yahoo_bootstrap
2023-12-11,12.27722454,12.27722454,12.17821503,12.22772026,27323094,0,1,10.71333615,yahoo_bootstrap
2023-12-12,12.27722454,12.27722454,12.12870979,12.12870979,29273436,0,1,10.62658797,yahoo_bootstrap
2023-12-13,12.12870979,12.17821503,12.07920456,12.07920456,25413450,0,1,10.58321389,yahoo_bootstrap
2023-12-14,12.17821503,12.42574024,12.17821503,12.37623501,75668747,0,1,10.84345758,yahoo_bootstrap
2023-12-15,12.47524548,12.47524548,12.37623501,12.42574024,55035536,0,1,10.88683166,yahoo_bootstrap
2023-12-18,12.37623501,12.42574024,12.27722454,12.32672977,22709926,0,1,10.80008349,yahoo_bootstrap
2023-12-19,12.32672977,12.37623501,12.17821503,12.22772026,29913220,0,1,10.71333615,yahoo_bootstrap
2023-12-20,12.27722454,12.27722454,12.22772026,12.22772026,20244285,0,1,10.71333615,yahoo_bootstrap
2023-12-21,12.17821503,12.22772026,12.12870979,12.17821503,18141902,0,1,10.66996207,yahoo_bootstrap
2023-12-22,12.17821503,12.22772026,12.12870979,12.12870979,17175969,0,1,10.62658797,yahoo_bootstrap
2023-12-25,12.12870979,12.17821503,12.12870979,12.17821503,11571105,0,1,10.66996207,yahoo_bootstrap
2023-12-26,12.22772026,12.27722454,12.17821503,12.27722454,17938802,0,1,10.7567094,yahoo_bootstrap
2023-12-27,12.27722454,12.37623501,12.27722454,12.37623501,26531713,0,1,10.84345758,yahoo_bootstrap
2023-12-28,12.37623501,12.42574024,12.27722454,12.42574024,32988767,0,1,10.88683166,yahoo_bootstrap
2023-12-29,12.37623501,12.47524548,12.32672977,12.42574024,29308165,0,1,10.88683166,yahoo_bootstrap
2024-01-02,12.42574024,12.42574024,12.27722454,12.32672977,26591232,0,1,10.80008349,yahoo_bootstrap
2024-01-03,12.27722454,12.32672977,12.12870979,12.17821503,30837867,0,1,10.66996207,yahoo_bootstrap
2024-01-04,12.17821503,12.27722454,12.12870979,12.17821503,19443438,0,1,10.66996207,yahoo_bootstrap
2024-01-05,12.17821503,12.22772026,12.17821503,12.22772026,9275749,0,1,10.71333615,yahoo_bootstrap
2024-01-08,12.22772026,12.37623501,12.22772026,12.32672977,29774081,0,1,10.80008349,yahoo_bootstrap
2024-01-09,12.37623501,12.37623501,12.17821503,12.17821503,19831477,0,1,10.66996207,yahoo_bootstrap
2024-01-10,12.22772026,12.22772026,12.12870979,12.12870979,16144492,0,1,10.62658797,yahoo_bootstrap
2024-01-11,12.17821503,12.22772026,12.12870979,12.12870979,15390967,0,1,10.62658797,yahoo_bootstrap
2024-01-12,12.12870979,12.17821503,12.07920456,12.12870979,16917793,0,1,10.62658797,yahoo_bootstrap
2024-01-15,12.17821503,12.17821503,12.02970028,12.02970028,27979960,0,1,10.53984064,yahoo_bootstrap
2024-01-16,11.98019505,12.02970028,11.78217506,11.78217506,56883825,0,1,10.32297103,yahoo_bootstrap
2024-01-17,11.73267078,11.78217506,11.63366127,11.63366127,49302317,0,1,10.19285044,yahoo_bootstrap
2024-01-18,11.63366127,11.8316803,11.63366127,11.68316555,36300304,0,1,10.23622369,yahoo_bootstrap
2024-01-19,11.68316555,11.88118458,11.68316555,11.78217506,26848791,0,1,10.32297103,yahoo_bootstrap
2024-01-22,11.8316803,11.88118458,11.78217506,11.78217506,20768831,0,1,10.32297103,yahoo_bootstrap
2024-01-23,11.8316803,11.98019505,11.8316803,11.93068981,17082075,0,1,10.45309246,yahoo_bootstrap
2024-01-24,11.93068981,12.02970028,11.93068981,11.98019505,14000638,0,1,10.49646655,yahoo_bootstrap
2024-01-25,11.98019505,12.02970028,11.93068981,11.98019505,12194464,0,1,10.49646655,yahoo_bootstrap
2024-01-26,11.98019505,12.17821503,11.93068981,12.02970028,29455084,0,1,10.53984064,yahoo_bootstrap
2024-01-29,12.07920456,12.17821503,12.02970028,12.12870979,18680884,0,1,10.62658797,yahoo_bootstrap
2024-01-30,12.17821503,12.17821503,11.98019505,11.98019505,23276931,0,1,10.49646655,yahoo_bootstrap
2024-01-31,11.98019505,12.02970028,11.93068981,11.93068981,20843854,0,1,10.45309246,yahoo_bootstrap
2024-02-01,11.98019505,12.17821503,11.93068981,12.12870979,25405567,0,1,10.62658797,yahoo_bootstrap
2024-02-02,12.12870979,12.17821503,12.02970028,12.07920456,11492677,0,1,10.58321389,yahoo_bootstrap
2024-02-05,12.02970028,12.02970028,11.88118458,11.98019505,22431034,0,1,10.49646655,yahoo_bootstrap
2024-02-15,12.12870979,12.17821503,12.02970028,12.02970028,38938160,0,1,10.53984064,yahoo_bootstrap
2024-02-16,12.07920456,12.27722454,12.07920456,12.22772026,38790603,0,1,10.71333615,yahoo_bootstrap
2024-02-19,12.27722454,12.37623501,12.27722454,12.32672977,29863707,0,1,10.80008349,yahoo_bootstrap
2024-02-20,12.32672977,12.32672977,12.22772026,12.32672977,17125145,0,1,10.80008349,yahoo_bootstrap
2024-02-21,12.32672977,12.32672977,12.22772026,12.22772026,18361619,0,1,10.71333615,yahoo_bootstrap
2024-02-22,12.27722454,12.32672977,12.22772026,12.27722454,21256570,0,1,10.7567094,yahoo_bootstrap
2024-02-23,12.27722454,12.32672977,12.22772026,12.27722454,20727951,0,1,10.7567094,yahoo_bootstrap
2024-02-26,12.27722454,12.32672977,12.22772026,12.22772026,16920610,0,1,10.71333615,yahoo_bootstrap
2024-02-27,12.22772026,12.32672977,12.17821503,12.27722454,31008170,0,1,10.7567094,yahoo_bootstrap
2024-02-29,12.27722454,12.42574024,12.22772026,12.42574024,50217787,0,1,10.88683166,yahoo_bootstrap
2024-03-01,12.47524548,12.52474976,12.37623501,12.37623501,34036803,0,1,10.84345758,yahoo_bootstrap
2024-03-04,12.37623501,12.37623501,12.27722454,12.32672977,27398742,0,1,10.80008349,yahoo_bootstrap
2024-03-05,12.32672977,12.42574024,12.32672977,12.32672977,28367792,0,1,10.80008349,yahoo_bootstrap
2024-03-06,12.32672977,12.52474976,12.32672977,12.47524548,44078560,0,1,10.93020576,yahoo_bootstrap
2024-03-07,12.47524548,12.87128353,12.47524548,12.77227402,118940941,0,1,11.19044778,yahoo_bootstrap
2024-03-08,12.77227402,12.87128353,12.72276878,12.82177925,77444779,0,1,11.23382186,yahoo_bootstrap
2024-03-11,12.970294,13.36633396,12.970294,13.31682873,135113400,0,1,11.66756023,yahoo_bootstrap
2024-03-12,13.36633396,13.46534348,13.26732445,13.46534348,80191758,0,1,11.79768166,yahoo_bootstrap
2024-03-13,13.4158392,13.76237297,13.4158392,13.66336346,111339810,0,1,11.97117718,yahoo_bootstrap
2024-03-14,13.91088772,14.45544243,13.86138344,14.1089077,186426850,0,1,12.36154146,yahoo_bootstrap
2024-03-15,14.00989819,14.05940342,13.76237297,14.00989819,131739996,0,1,12.27479412,yahoo_bootstrap
2024-03-18,14.1089077,14.2574234,13.86138344,14.05940342,66014648,0,1,12.3181682,yahoo_bootstrap
2024-03-19,13.91088772,14.00989819,13.86138344,13.96039295,41062114,0,1,12.23142003,yahoo_bootstrap
2024-03-20,13.96039295,14.00989819,13.66336346,13.71286774,74932915,0,1,12.01455043,yahoo_bootstrap
2024-03-21,13.91088772,14.05940342,13.8118782,14.00989819,52849751,0,1,12.27479412,yahoo_bootstrap
2024-03-22,14.00989819,14.15841293,13.8118782,13.91088772,44752351,0,1,12.18804594,yahoo_bootstrap
2024-03-25,13.91088772,14.15841293,13.86138344,14.1089077,47310052,0,1,12.36154146,yahoo_bootstrap
2024-03-26,14.15841293,14.35643196,14.05940342,14.15841293,61742000,0,1,12.40491554,yahoo_bootstrap
2024-03-27,14.2574234,14.45544243,14.2574234,14.40593719,79542646,0,1,12.62178431,yahoo_bootstrap
2024-03-28,14.15841293,14.15841293,13.66336346,13.71286774,197048641,0,1,12.01455043,yahoo_bootstrap
2024-03-29,13.66336346,13.91088772,13.56435299,13.8118782,49696049,0,1,12.1012986,yahoo_bootstrap
2024-04-01,13.86138344,13.96039295,13.76237297,13.86138344,37202272,0,1,12.14467269,yahoo_bootstrap
2024-04-02,13.8118782,13.91088772,13.76237297,13.76237297,28023213,0,1,12.05792451,yahoo_bootstrap
2024-04-03,13.76237297,13.76237297,13.66336346,13.66336346,36934703,0,1,11.97117718,yahoo_bootstrap
2024-04-08,13.66336346,13.86138344,13.56435299,13.86138344,44604212,0,1,12.14467269,yahoo_bootstrap
2024-04-09,13.91088772,14.05940342,13.86138344,14.00989819,60105579,0,1,12.27479412,yahoo_bootstrap
2024-04-10,14.1089077,14.1089077,13.8118782,13.86138344,46305578,0,1,12.14467269,yahoo_bootstrap
2024-04-11,13.71286774,13.86138344,13.66336346,13.86138344,39929338,0,1,12.14467269,yahoo_bootstrap
2024-04-12,13.8118782,13.8118782,13.66336346,13.66336346,42505705,0,1,11.97117718,yahoo_bootstrap
2024-04-15,13.56435299,13.61385822,13.4158392,13.51484776,52858998,0,1,11.84105491,yahoo_bootstrap
2024-04-16,13.4158392,13.46534348,12.970294,13.11880875,85923383,0,1,11.49406472,yahoo_bootstrap
2024-04-17,13.11880875,13.26732445,13.06930447,13.21781921,34704391,0,1,11.58081289,yahoo_bootstrap
2024-04-18,13.11880875,13.4158392,13.06930447,13.36633396,29653256,0,1,11.71093432,yahoo_bootstrap
2024-04-19,13.21781921,13.31682873,12.92078876,13.06930447,59060859,0,1,11.45069147,yahoo_bootstrap
2024-04-22,13.16831398,13.56435299,13.16831398,13.36633396,38067194,0,1,11.71093432,yahoo_bootstrap
2024-04-23,13.51484776,13.56435299,13.4158392,13.4158392,22203486,0,1,11.75430841,yahoo_bootstrap
2024-04-24,13.51484776,13.56435299,13.46534348,13.56435299,21729686,0,1,11.884429,yahoo_bootstrap
2024-04-25,13.46534348,13.46534348,13.26732445,13.36633396,22684377,0,1,11.71093432,yahoo_bootstrap
2024-04-26,13.36633396,13.46534348,13.31682873,13.31682873,23748448,0,1,11.66756023,yahoo_bootstrap
2024-04-29,13.11880875,13.46534348,12.970294,13.46534348,92646817,0,1,11.79768166,yahoo_bootstrap
2024-04-30,13.46534348,13.61385822,13.4158392,13.51484776,41352341,0,1,11.84105491,yahoo_bootstrap
2024-05-02,13.56435299,13.71286774,13.56435299,13.56435299,33767066,0,1,11.884429,yahoo_bootstrap
2024-05-03,13.66336346,13.71286774,13.51484776,13.51484776,24425215,0,1,11.84105491,yahoo_bootstrap
2024-05-06,13.61385822,13.86138344,13.51484776,13.71286774,60909745,0,1,12.01455043,yahoo_bootstrap
2024-05-07,13.8118782,13.86138344,13.56435299,13.71286774,40347433,0,1,12.01455043,yahoo_bootstrap
2024-05-08,13.71286774,13.76237297,13.61385822,13.66336346,27031557,0,1,11.97117718,yahoo_bootstrap
2024-05-09,13.71286774,13.8118782,13.56435299,13.56435299,37867020,0,1,11.884429,yahoo_bootstrap
2024-05-10,13.76237297,14.00989819,13.76237297,14.00989819,104763553,0,1,12.27479412,yahoo_bootstrap
2024-05-13,14.1089077,14.2574234,13.96039295,14.00989819,74764466,0,1,12.27479412,yahoo_bootstrap
2024-05-14,14.00989819,14.05940342,13.86138344,13.96039295,35475172,0,1,12.23142003,yahoo_bootstrap
2024-05-15,14.05940342,14.30692673,14.00989819,14.1089077,90950649,0,1,12.36154146,yahoo_bootstrap
2024-05-16,14.30692673,14.30692673,14.20791817,14.2574234,65757046,0,1,12.49166372,yahoo_bootstrap
2024-05-17,14.2574234,14.30692673,14.1089077,14.2574234,38570467,0,1,12.49166372,yahoo_bootstrap
2024-05-20,14.30692673,14.35643196,14.15841293,14.2574234,47790958,0,1,12.49166372,yahoo_bootstrap
2024-05-21,14.2574234,14.30692673,13.91088772,14.00989819,62178474,0,1,12.27479412,yahoo_bootstrap
2024-05-22,14.05940342,14.15841293,14.00989819,14.05940342,28383358,0,1,12.3181682,yahoo_bootstrap
2024-05-23,14.05940342,14.05940342,13.8118782,13.86138344,45684426,0,1,12.14467269,yahoo_bootstrap
2024-05-24,13.76237297,14.00989819,13.66336346,13.86138344,34349905,0,1,12.14467269,yahoo_bootstrap
2024-05-27,13.86138344,13.96039295,13.8118782,13.91088772,44591005,0,1,12.18804594,yahoo_bootstrap
2024-05-28,13.96039295,14.15841293,13.91088772,14.05940342,37874424,0,1,12.3181682,yahoo_bootstrap
2024-05-29,14.1089077,14.1089077,13.76237297,13.76237297,64833112,0,1,12.05792451,yahoo_bootstrap
2024-05-30,13.71286774,13.86138344,13.66336346,13.71286774,47019073,0,1,12.01455043,yahoo_bootstrap
2024-05-31,13.76237297,14.00989819,13.76237297,13.96039295,57563266,0,1,12.23142003,yahoo_bootstrap
2024-06-03,14.00989819,14.05940342,13.91088772,13.96039295,24749759,0,1,12.23142003,yahoo_bootstrap
2024-06-04,13.91088772,13.96039295,13.76237297,13.86138344,40840339,0,1,12.14467269,yahoo_bootstrap
2024-06-05,13.91088772,14.1089077,13.86138344,13.96039295,43911538,0,1,12.23142003,yahoo_bootstrap
2024-06-06,14.05940342,14.95049191,14.05940342,14.95049191,344604152,0,1,13.09889677,yahoo_bootstrap
2024-06-07,15.09900665,15.34653091,14.95049191,15.2475214,143717380,0,1,13.35913962,yahoo_bootstrap
2024-06-11,15.2475214,15.74257088,15.14851093,15.59405613,178104752,0,1,13.66275657,yahoo_bootstrap
2024-06-12,15.39603615,15.39603615,14.90098667,14.99999714,125144030,0,1,13.14227086,yahoo_bootstrap
2024-06-13,15.09900665,15.34653091,15.04950237,15.04950237,59471918,0,1,13.18564494,yahoo_bootstrap
2024-06-14,15.09900665,15.19801617,14.99999714,15.09900665,39462470,0,1,13.22901819,yahoo_bootstrap
2024-06-17,15.09900665,15.14851093,14.99999714,14.99999714,30671080,0,1,13.14227086,yahoo_bootstrap
2024-06-18,15.09900665,15.34653091,15.09900665,15.29702568,55763730,0,1,13.40251287,yahoo_bootstrap
2024-06-19,15.29702568,15.44554138,15.19801617,15.34653091,49965412,0,1,13.44588696,yahoo_bootstrap
2024-06-20,15.34653091,15.44554138,15.2475214,15.39603615,39707245,0,1,13.48926105,yahoo_bootstrap
2024-06-21,15.39603615,15.5445509,15.29702568,15.44554138,73860297,0,1,13.53263514,yahoo_bootstrap
2024-06-24,15.49504566,15.5445509,15.39603615,15.39603615,48058398,0,1,13.48926105,yahoo_bootstrap
2024-06-25,15.44554138,15.59405613,15.2475214,15.29702568,61699659,0,1,13.40251287,yahoo_bootstrap
2024-06-26,15.29702568,15.29702568,14.99999714,14.99999714,63569731,0,1,13.14227086,yahoo_bootstrap
2024-06-27,14.90098667,14.99999714,14.85148239,14.90098667,57389813,0,1,13.05552268,yahoo_bootstrap
2024-06-28,14.95049191,15.14851093,14.90098667,14.95049191,84294599,0,1,13.09889677,yahoo_bootstrap
2024-07-01,14.65346241,14.80197716,14.60395718,14.75247192,58687766,0.49567,1,13.36862592,yahoo_bootstrap
2024-07-02,14.70296669,14.85148239,14.60395718,14.75247192,38575393,0,1,13.36862592,yahoo_bootstrap
2024-07-03,14.85148239,16.18811417,14.80197716,16.13861084,254581425,0,1,14.62473898,yahoo_bootstrap
2024-07-04,16.18811417,16.33662987,15.84158134,15.84158134,124764330,0,1,14.35557214,yahoo_bootstrap
2024-07-05,15.89108562,16.13861084,15.74257088,15.84158134,49537435,0,1,14.35557214,yahoo_bootstrap
2024-07-08,15.89108562,16.08910561,15.74257088,15.9405899,49059599,0,1,14.44529327,yahoo_bootstrap
2024-07-09,16.13861084,16.28712463,15.79207611,16.03960037,63960109,0,1,14.53501612,yahoo_bootstrap
2024-07-10,16.18811417,16.73266983,16.13861084,16.48514557,112056814,0,1,14.93876725,yahoo_bootstrap
2024-07-11,16.48514557,17.02969933,16.43564034,16.63365936,110819838,0,1,15.0733498,yahoo_bootstrap
2024-07-12,16.5346508,16.73266983,16.3861351,16.5346508,73107821,0,1,14.98362867,yahoo_bootstrap
2024-07-15,16.5346508,16.58415413,16.13861084,16.18811417,61713799,0,1,14.66959868,yahoo_bootstrap
2024-07-16,16.33662987,16.43564034,16.08910561,16.2376194,42885459,0,1,14.71446011,yahoo_bootstrap
2024-07-17,16.43564034,16.48514557,16.13861084,16.2376194,57550430,0,1,14.71446011,yahoo_bootstrap
2024-07-18,16.13861084,16.33662987,15.99009514,16.13861084,52878767,0,1,14.62473898,yahoo_bootstrap
2024-07-19,16.13861084,16.13861084,15.59405613,15.74257088,87358847,0,1,14.26584929,yahoo_bootstrap
2024-07-22,15.69306564,15.69306564,15.14851093,15.29702568,84177105,0,1,13.86209817,yahoo_bootstrap
2024-07-23,15.44554138,15.74257088,15.44554138,15.64356136,45289921,0,1,14.17612729,yahoo_bootstrap
2024-07-26,15.2475214,15.64356136,15.14851093,15.64356136,64411026,0,1,14.17612729,yahoo_bootstrap
2024-07-29,15.74257088,16.03960037,15.64356136,15.69306564,63593255,0,1,14.22098786,yahoo_bootstrap
2024-07-30,15.69306564,15.84158134,15.49504566,15.84158134,53937276,0,1,14.35557214,yahoo_bootstrap
2024-07-31,15.79207611,15.99009514,15.74257088,15.9405899,45819132,0,1,14.44529327,yahoo_bootstrap
2024-08-01,16.03960037,16.03960037,15.84158134,15.9405899,37398495,0,1,14.44529327,yahoo_bootstrap
2024-08-02,15.64356136,15.79207611,15.5445509,15.74257088,56564598,0,1,14.26584929,yahoo_bootstrap
2024-08-05,15.34653091,15.34653091,14.2574234,14.35643196,139278376,0,1,13.00973623,yahoo_bootstrap
2024-08-06,14.70296669,14.90098667,13.91088772,14.50494671,78678318,0,1,13.14431965,yahoo_bootstrap
2024-08-07,14.50494671,14.99999714,14.45544243,14.95049191,45393634,0,1,13.54807077,yahoo_bootstrap
2024-08-08,14.70296669,15.04950237,14.60395718,14.85148239,41986925,0,1,13.45834878,yahoo_bootstrap
2024-08-09,15.14851093,15.64356136,15.09900665,15.29702568,75336808,0,1,13.86209817,yahoo_bootstrap
2024-08-12,15.89108562,15.99009514,15.49504566,15.5445509,60093342,0,1,14.08640445,yahoo_bootstrap
2024-08-13,15.64356136,15.79207611,15.49504566,15.64356136,37800255,0,1,14.17612729,yahoo_bootstrap
2024-08-14,15.74257088,16.03960037,15.64356136,15.9405899,68300464,0,1,14.44529327,yahoo_bootstrap
2024-08-15,16.08910561,16.08910561,15.74257088,15.79207611,32165383,0,1,14.31071071,yahoo_bootstrap
2024-08-16,15.99009514,16.2376194,15.89108562,16.2376194,87077164,0,1,14.71446011,yahoo_bootstrap
2024-08-19,16.2376194,16.28712463,15.99009514,15.99009514,32111113,0,1,14.4901547,yahoo_bootstrap
2024-08-20,16.08910561,16.08910561,15.74257088,15.89108562,40823360,0,1,14.4004327,yahoo_bootstrap
2024-08-21,15.84158134,15.99009514,15.79207611,15.89108562,27875371,0,1,14.4004327,yahoo_bootstrap
2024-08-22,15.89108562,15.89108562,15.69306564,15.84158134,27382170,0,1,14.35557214,yahoo_bootstrap
2024-08-23,15.74257088,15.89108562,15.64356136,15.84158134,25949670,0,1,14.35557214,yahoo_bootstrap
2024-08-26,15.9405899,16.18811417,15.89108562,16.03960037,55816296,0,1,14.53501612,yahoo_bootstrap
2024-08-27,16.03960037,16.03960037,15.69306564,15.84158134,35728848,0,1,14.35557214,yahoo_bootstrap
2024-08-28,15.89108562,15.9405899,15.74257088,15.84158134,18753032,0,1,14.35557214,yahoo_bootstrap
2024-08-29,15.74257088,15.89108562,15.69306564,15.84158134,27049226,0,1,14.35557214,yahoo_bootstrap
2024-08-30,15.89108562,15.9405899,15.74257088,15.9405899,42673245,0,1,14.44529327,yahoo_bootstrap
2024-09-02,15.99009514,16.18811417,15.99009514,16.08910561,41959649,0,1,14.57987756,yahoo_bootstrap
2024-09-03,16.08910561,16.13861084,15.89108562,15.99009514,36408357,0,1,14.4901547,yahoo_bootstrap
2024-09-04,15.59405613,15.64356136,15.19801617,15.64356136,95222903,0,1,14.17612729,yahoo_bootstrap
2024-09-05,15.69306564,16.28712463,15.69306564,16.03960037,104980107,0,1,14.53501612,yahoo_bootstrap
2024-09-06,16.03960037,16.03960037,15.74257088,16.03960037,39432691,0,1,14.53501612,yahoo_bootstrap
2024-09-09,15.64356136,15.89108562,15.5445509,15.89108562,52179780,0,1,14.4004327,yahoo_bootstrap
2024-09-10,15.99009514,16.03960037,15.74257088,15.79207611,33173823,0,1,14.31071071,yahoo_bootstrap
2024-09-11,15.74257088,15.79207611,15.5445509,15.59405613,59034934,0,1,14.13126587,yahoo_bootstrap
2024-09-12,15.79207611,15.9405899,15.64356136,15.84158134,52207143,0,1,14.35557214,yahoo_bootstrap
2024-09-13,15.84158134,15.9405899,15.69306564,15.69306564,29971656,0,1,14.22098786,yahoo_bootstrap
2024-09-16,15.74257088,15.84158134,15.69306564,15.84158134,20273446,0,1,14.35557214,yahoo_bootstrap
2024-09-18,15.84158134,16.03960037,15.79207611,15.99009514,49370451,0,1,14.4901547,yahoo_bootstrap
2024-09-19,15.99009514,16.48514557,15.9405899,16.43564034,118480027,0,1,14.89390582,yahoo_bootstrap
2024-09-20,16.5346508,16.63365936,16.28712463,16.28712463,62244093,0,1,14.75932153,yahoo_bootstrap
2024-09-23,16.33662987,16.48514557,16.33662987,16.3861351,28560203,0,1,14.84904439,yahoo_bootstrap
2024-09-24,16.33662987,16.43564034,16.2376194,16.33662987,27985731,0,1,14.80418296,yahoo_bootstrap
2024-09-25,16.43564034,16.48514557,16.13861084,16.28712463,65247683,0,1,14.75932153,yahoo_bootstrap
2024-09-26,16.3861351,16.43564034,16.28712463,16.3861351,48032520,0,1,14.84904439,yahoo_bootstrap
2024-09-27,16.43564034,16.43564034,16.18811417,16.2376194,48793695,0,1,14.71446011,yahoo_bootstrap
2024-09-30,16.2376194,16.43564034,16.2376194,16.33662987,42024077,0,1,14.80418296,yahoo_bootstrap
2024-10-01,16.3861351,16.43564034,16.13861084,16.28712463,26304231,0,1,14.75932153,yahoo_bootstrap
2024-10-04,16.18811417,16.3861351,16.08910561,16.33662987,41199577,0,1,14.80418296,yahoo_bootstrap
2024-10-07,16.3861351,16.83167839,16.33662987,16.58415413,67078811,0,1,15.02848837,yahoo_bootstrap
2024-10-08,16.43564034,16.5346508,16.18811417,16.33662987,49172390,0,1,14.80418296,yahoo_bootstrap
2024-10-09,16.3861351,16.43564034,16.2376194,16.2376194,28560828,0,1,14.71446011,yahoo_bootstrap
2024-10-11,16.3861351,16.83167839,16.3861351,16.63365936,100782309,0,1,15.0733498,yahoo_bootstrap
2024-10-14,16.78217316,16.83167839,16.5346508,16.58415413,34442167,0,1,15.02848837,yahoo_bootstrap
2024-10-15,16.6831646,17.17821312,16.58415413,17.17821312,112004526,0,1,15.56682205,yahoo_bootstrap
2024-10-16,17.02969933,17.07920456,16.83167839,16.98019409,69103476,0,1,15.38737806,yahoo_bootstrap
2024-10-17,17.07920456,17.52474976,17.02969933,17.42573929,75302523,0,1,15.79112919,yahoo_bootstrap
2024-10-18,17.57425308,17.67326355,17.37623405,17.57425308,64862316,0,1,15.92571174,yahoo_bootstrap
2024-10-21,17.57425308,17.57425308,16.98019409,16.98019409,90151563,0,1,15.38737806,yahoo_bootstrap
2024-10-22,16.83167839,17.07920456,16.73266983,16.98019409,54038538,0,1,15.38737806,yahoo_bootstrap
2024-10-23,16.98019409,17.02969933,16.83167839,16.88118362,27711522,0,1,15.29765521,yahoo_bootstrap
2024-10-24,16.83167839,16.93068886,16.73266983,16.78217316,27150898,0,1,15.20793236,yahoo_bootstrap
2024-10-25,16.83167839,16.93068886,16.73266983,16.83167839,22319152,0,1,15.25279378,yahoo_bootstrap
2024-10-28,16.83167839,16.88118362,16.63365936,16.73266983,34540774,0,1,15.16307265,yahoo_bootstrap
2024-10-29,16.6831646,16.6831646,16.33662987,16.48514557,47720228,0,1,14.93876725,yahoo_bootstrap
2024-10-30,16.48514557,16.58415413,16.43564034,16.58415413,25785054,0,1,15.02848837,yahoo_bootstrap
2024-11-01,16.33662987,16.58415413,16.33662987,16.5346508,43131880,0,1,14.98362867,yahoo_bootstrap
2024-11-04,16.5346508,16.93068886,16.5346508,16.78217316,35434985,0,1,15.20793236,yahoo_bootstrap
2024-11-05,16.93068886,17.02969933,16.78217316,16.98019409,29271800,0,1,15.38737806,yahoo_bootstrap
2024-11-06,17.02969933,17.02969933,16.83167839,16.88118362,25651835,0,1,15.29765521,yahoo_bootstrap
2024-11-07,16.88118362,17.32672882,16.88118362,17.07920456,35525087,0,1,15.47710092,yahoo_bootstrap
2024-11-08,17.17821312,17.32672882,17.07920456,17.07920456,34264714,0,1,15.47710092,yahoo_bootstrap
2024-11-11,17.22771835,17.62375832,17.12870979,17.42573929,76808728,0,1,15.79112919,yahoo_bootstrap
2024-11-12,17.22771835,17.32672882,16.93068886,16.98019409,61062783,0,1,15.38737806,yahoo_bootstrap
2024-11-13,16.88118362,17.02969933,16.73266983,16.73266983,53822599,0,1,15.16307265,yahoo_bootstrap
2024-11-14,16.73266983,16.83167839,16.58415413,16.6831646,39782558,0,1,15.11821123,yahoo_bootstrap
2024-11-15,16.78217316,17.17821312,16.73266983,16.88118362,33619096,0,1,15.29765521,yahoo_bootstrap
2024-11-18,16.83167839,17.02969933,16.83167839,16.98019409,28833269,0,1,15.38737806,yahoo_bootstrap
2024-11-19,16.98019409,16.98019409,16.78217316,16.98019409,35734270,0,1,15.38737806,yahoo_bootstrap
2024-11-20,16.93068886,17.12870979,16.93068886,17.07920456,28751977,0,1,15.47710092,yahoo_bootstrap
2024-11-21,17.02969933,17.12870979,16.98019409,17.02969933,23269099,0,1,15.4322395,yahoo_bootstrap
2024-11-22,17.12870979,17.22771835,17.02969933,17.02969933,18925817,0,1,15.4322395,yahoo_bootstrap
2024-11-25,17.17821312,17.42573929,17.12870979,17.27722359,69267996,0,1,15.6565449,yahoo_bootstrap
2024-11-26,17.27722359,17.37623405,17.12870979,17.27722359,21107955,0,1,15.6565449,yahoo_bootstrap
2024-11-27,17.22771835,17.32672882,17.02969933,17.02969933,28098218,0,1,15.4322395,yahoo_bootstrap
2024-11-28,17.07920456,17.12870979,16.98019409,17.02969933,25497397,0,1,15.4322395,yahoo_bootstrap
2024-11-29,16.93068886,17.07920456,16.6831646,17.02969933,44644474,0,1,15.4322395,yahoo_bootstrap
2024-12-02,17.17821312,17.37623405,17.17821312,17.37623405,69087611,0,1,15.74626775,yahoo_bootstrap
2024-12-03,17.42573929,17.67326355,17.32672882,17.67326355,86253691,0,1,16.01543459,yahoo_bootstrap
2024-12-04,17.67326355,17.72276878,17.57425308,17.72276878,46170975,0,1,16.06029602,yahoo_bootstrap
2024-12-05,17.77227211,17.92078781,17.72276878,17.82177734,39762413,0,1,16.15001715,yahoo_bootstrap
2024-12-06,17.82177734,17.87128258,17.72276878,17.87128258,31053136,0,1,16.19487858,yahoo_bootstrap
2024-12-09,17.87128258,17.92078781,17.72276878,17.82177734,38190199,0,1,16.15001715,yahoo_bootstrap
2024-12-10,17.92078781,17.97029305,17.67326355,17.82177734,55331695,0,1,16.15001715,yahoo_bootstrap
2024-12-11,17.67326355,17.82177734,17.67326355,17.82177734,34943804,0,1,16.15001715,yahoo_bootstrap
2024-12-12,17.82177734,18.11880875,17.72276878,18.06930351,65120229,0,1,16.37432428,yahoo_bootstrap
2024-12-13,18.06930351,18.06930351,17.82177734,17.92078781,43736047,0,1,16.23974,yahoo_bootstrap
2024-12-16,17.92078781,18.11880875,17.92078781,17.92078781,39815748,0,1,16.23974,yahoo_bootstrap
2024-12-17,17.92078781,17.97029305,17.52474976,17.87128258,96747863,0,1,16.19487858,yahoo_bootstrap
2024-12-18,17.77227211,17.92078781,17.62375832,17.77227211,45746057,0,1,16.10515572,yahoo_bootstrap
2024-12-19,17.52474976,17.62375832,17.22771835,17.32672882,104494216,0,1,15.70140633,yahoo_bootstrap
2024-12-20,17.22771835,17.27722359,17.02969933,17.07920456,81221481,0,1,15.47710092,yahoo_bootstrap
2024-12-23,17.27722359,17.57425308,17.27722359,17.57425308,42559182,0,1,15.92571174,yahoo_bootstrap
2024-12-24,17.62375832,17.67326355,17.42573929,17.67326355,38742562,0,1,16.01543459,yahoo_bootstrap
2024-12-25,17.67326355,17.72276878,17.47524452,17.47524452,23419366,0,1,15.83599061,yahoo_bootstrap
2024-12-26,17.57425308,17.57425308,17.32672882,17.37623405,14449094,0,1,15.74626775,yahoo_bootstrap
2024-12-27,17.37623405,17.42573929,17.27722359,17.37623405,14608349,0,1,15.74626775,yahoo_bootstrap
2024-12-30,17.37623405,17.52474976,17.12870979,17.12870979,87354807,0,1,15.52196234,yahoo_bootstrap
2024-12-31,17.12870979,17.22771835,16.93068886,17.02969933,95939354,0,1,15.4322395,yahoo_bootstrap
2025-01-02,16.98019409,17.12870979,16.6831646,16.6831646,133990159,0,1,15.11821123,yahoo_bootstrap
2025-01-03,16.83167839,17.17821312,16.78217316,17.12870979,65193610,0,1,15.52196234,yahoo_bootstrap
2025-01-06,17.17821312,17.42573929,17.07920456,17.27722359,64903123,0,1,15.6565449,yahoo_bootstrap
2025-01-07,17.32672882,17.42573929,17.17821312,17.27722359,56738243,0,1,15.6565449,yahoo_bootstrap
2025-01-08,17.17821312,17.27722359,17.17821312,17.27722359,36418214,0,1,15.6565449,yahoo_bootstrap
2025-01-09,17.17821312,17.42573929,17.17821312,17.17821312,35289195,0,1,15.56682205,yahoo_bootstrap
2025-01-10,17.02969933,17.07920456,16.73266983,16.88118362,96757725,0,1,15.29765521,yahoo_bootstrap
2025-01-13,16.6831646,16.78217316,16.33662987,16.48514557,68862873,0,1,14.93876725,yahoo_bootstrap
2025-01-14,16.43564034,16.88118362,16.43564034,16.88118362,42071497,0,1,15.29765521,yahoo_bootstrap
2025-01-15,16.93068886,16.98019409,16.73266983,16.83167839,24945725,0,1,15.25279378,yahoo_bootstrap
2025-01-16,17.02969933,17.02969933,16.78217316,16.78217316,24015308,0,1,15.20793236,yahoo_bootstrap
2025-01-17,16.88118362,16.93068886,16.73266983,16.88118362,22594076,0,1,15.29765521,yahoo_bootstrap
2025-01-20,16.83167839,16.93068886,16.73266983,16.73266983,20851737,0,1,15.16307265,yahoo_bootstrap
2025-01-21,16.78217316,17.02969933,16.73266983,16.93068886,24844450,0,1,15.34251664,yahoo_bootstrap
2025-01-22,17.02969933,17.12870979,16.98019409,17.12870979,34086962,0,1,15.52196234,yahoo_bootstrap
2025-02-03,16.63365936,16.88118362,16.63365936,16.83167839,57957455,0,1,15.25279378,yahoo_bootstrap
2025-02-04,16.93068886,16.93068886,16.63365936,16.63365936,43181137,0,1,15.0733498,yahoo_bootstrap
2025-02-05,16.83167839,16.98019409,16.78217316,16.98019409,37144861,0,1,15.38737806,yahoo_bootstrap
2025-02-06,17.02969933,17.02969933,16.88118362,17.02969933,15192905,0,1,15.4322395,yahoo_bootstrap
2025-02-07,16.98019409,17.12870979,16.93068886,17.12870979,26233219,0,1,15.52196234,yahoo_bootstrap
2025-02-10,17.12870979,17.57425308,17.12870979,17.57425308,87286477,0,1,15.92571174,yahoo_bootstrap
2025-02-11,17.62375832,17.62375832,17.42573929,17.47524452,29748513,0,1,15.83599061,yahoo_bootstrap
2025-02-12,17.57425308,17.57425308,17.37623405,17.52474976,37762878,0,1,15.88085204,yahoo_bootstrap
2025-02-13,17.57425308,17.77227211,17.42573929,17.77227211,47458259,0,1,16.10515572,yahoo_bootstrap
2025-02-14,17.77227211,17.77227211,17.57425308,17.67326355,38358134,0,1,16.01543459,yahoo_bootstrap
2025-02-17,17.72276878,17.82177734,17.67326355,17.82177734,35133301,0,1,16.15001715,yahoo_bootstrap
2025-02-18,17.82177734,17.82177734,17.72276878,17.82177734,20261028,0,1,16.15001715,yahoo_bootstrap
2025-02-19,17.82177734,17.87128258,17.72276878,17.82177734,21519943,0,1,16.15001715,yahoo_bootstrap
2025-02-20,17.82177734,17.92078781,17.72276878,17.92078781,40613692,0,1,16.23974,yahoo_bootstrap
2025-02-21,17.92078781,18.01979828,17.82177734,18.01979828,39818895,0,1,16.32946286,yahoo_bootstrap
2025-02-24,17.87128258,17.97029305,17.87128258,17.92078781,15986072,0,1,16.23974,yahoo_bootstrap
2025-02-25,17.82177734,17.92078781,17.72276878,17.92078781,34634443,0,1,16.23974,yahoo_bootstrap
2025-02-26,17.87128258,18.01979828,17.82177734,17.97029305,34036332,0,1,16.28460144,yahoo_bootstrap
2025-02-27,17.97029305,18.06930351,17.87128258,18.06930351,53380630,0,1,16.37432428,yahoo_bootstrap
2025-03-03,18.01979828,18.11880875,17.87128258,18.11880875,48361515,0,1,16.41918572,yahoo_bootstrap
2025-03-04,17.92078781,18.11880875,17.72276878,18.01979828,49938155,0,1,16.32946286,yahoo_bootstrap
2025-03-05,18.01979828,18.16831207,17.92078781,18.11880875,43940791,0,1,16.41918572,yahoo_bootstrap
2025-03-06,18.06930351,18.41583824,18.06930351,18.16831207,39126370,0,1,16.46404541,yahoo_bootstrap
2025-03-07,18.11880875,18.26732254,17.97029305,18.16831207,53503983,0,1,16.46404541,yahoo_bootstrap
2025-03-10,18.31682777,18.61385727,18.21781731,18.46534157,84911780,0,1,16.73321225,yahoo_bootstrap
2025-03-11,18.21781731,18.41583824,17.92078781,18.26732254,92618404,0,1,16.55376827,yahoo_bootstrap
2025-03-12,18.26732254,18.41583824,18.16831207,18.36633301,36296646,0,1,16.64349113,yahoo_bootstrap
2025-03-13,18.41583824,18.46534157,18.06930351,18.11880875,50834998,0,1,16.41918572,yahoo_bootstrap
2025-03-14,18.11880875,18.31682777,17.92078781,17.92078781,61265363,0,1,16.23974,yahoo_bootstrap
2025-03-17,18.06930351,18.06930351,17.87128258,17.92078781,45658858,0,1,16.23974,yahoo_bootstrap
2025-03-18,18.06930351,18.41583824,17.87128258,18.21781731,52447015,0,1,16.50890684,yahoo_bootstrap
2025-03-19,18.16831207,18.26732254,18.06930351,18.21781731,30733211,0,1,16.50890684,yahoo_bootstrap
2025-03-20,18.31682777,18.41583824,18.21781731,18.26732254,34499125,0,1,16.55376827,yahoo_bootstrap
2025-03-21,18.26732254,18.36633301,18.21781731,18.36633301,52835247,0,1,16.64349113,yahoo_bootstrap
2025-03-24,18.31682777,18.46534157,18.26732254,18.36633301,21933508,0,1,16.64349113,yahoo_bootstrap
2025-03-25,18.46534157,18.5148468,18.16831207,18.16831207,28887201,0,1,16.46404541,yahoo_bootstrap
2025-03-26,18.26732254,18.41583824,18.16831207,18.21781731,34763264,0,1,16.50890684,yahoo_bootstrap
2025-03-27,18.21781731,18.21781731,17.92078781,18.06930351,42049663,0,1,16.37432428,yahoo_bootstrap
2025-03-28,17.97029305,17.97029305,17.52474976,17.57425308,76263760,0,1,15.92571174,yahoo_bootstrap
2025-03-31,17.07920456,17.27722359,16.93068886,16.98019409,76304985,0,1,15.38737806,yahoo_bootstrap
2025-04-01,17.12870979,17.37623405,17.12870979,17.27722359,46452071,0,1,15.6565449,yahoo_bootstrap
2025-04-02,17.32672882,17.72276878,17.27722359,17.72276878,46224094,0,1,16.06029602,yahoo_bootstrap
2025-04-07,15.99009514,15.99009514,15.99009514,15.99009514,31568921,0,1,14.4901547,yahoo_bootstrap
2025-04-08,14.85148239,15.59405613,14.45544243,14.95049191,278200400,0,1,13.54807077,yahoo_bootstrap
2025-04-09,14.90098667,15.04950237,13.8118782,13.96039295,141449828,0,1,12.6508474,yahoo_bootstrap
2025-04-10,15.34653091,15.34653091,15.34653091,15.34653091,34943159,0,1,13.90695959,yahoo_bootstrap
2025-04-11,14.85148239,15.09900665,14.50494671,15.04950237,82321630,0,1,13.63779362,yahoo_bootstrap
2025-04-14,15.04950237,15.69306564,15.04950237,15.5445509,83692709,0,1,14.08640445,yahoo_bootstrap
2025-04-15,15.59405613,16.03960037,15.5445509,16.03960037,43128817,0,1,14.53501612,yahoo_bootstrap
2025-04-16,15.84158134,15.84158134,15.44554138,15.59405613,58987964,0,1,14.13126587,yahoo_bootstrap
2025-04-17,15.5445509,15.64356136,15.34653091,15.39603615,33972257,0,1,13.95182102,yahoo_bootstrap
2025-04-18,15.44554138,15.59405613,15.34653091,15.44554138,18535968,0,1,13.99668245,yahoo_bootstrap
2025-04-21,15.44554138,15.59405613,15.34653091,15.49504566,31122197,0,1,14.04154301,yahoo_bootstrap
2025-04-22,15.34653091,15.39603615,15.09900665,15.14851093,33741457,0,1,13.72751475,yahoo_bootstrap
2025-04-23,15.44554138,15.64356136,15.39603615,15.5445509,30498658,0,1,14.08640445,yahoo_bootstrap
2025-04-24,15.5445509,15.64356136,15.34653091,15.34653091,21544177,0,1,13.90695959,yahoo_bootstrap
2025-04-25,15.84158134,16.08910561,15.84158134,15.89108562,84348309,0,1,14.4004327,yahoo_bootstrap
2025-04-28,16.03960037,16.03960037,15.74257088,15.74257088,45831239,0,1,14.26584929,yahoo_bootstrap
2025-04-29,15.79207611,16.18811417,15.74257088,16.03960037,53326374,0,1,14.53501612,yahoo_bootstrap
2025-04-30,16.08910561,16.33662987,16.08910561,16.33662987,54877494,0,1,14.80418296,yahoo_bootstrap
2025-05-02,16.33662987,16.3861351,16.08910561,16.28712463,48947687,0,1,14.75932153,yahoo_bootstrap
2025-05-05,15.9405899,15.99009514,15.44554138,15.79207611,110969381,0,1,14.31071071,yahoo_bootstrap
2025-05-06,15.79207611,15.99009514,15.59405613,15.9405899,41219347,0,1,14.44529327,yahoo_bootstrap
2025-05-07,16.03960037,16.03960037,15.74257088,15.74257088,36974904,0,1,14.26584929,yahoo_bootstrap
2025-05-08,15.79207611,15.99009514,15.79207611,15.9405899,34625731,0,1,14.44529327,yahoo_bootstrap
2025-05-09,15.89108562,16.08910561,15.79207611,16.03960037,33025245,0,1,14.53501612,yahoo_bootstrap
2025-05-12,16.03960037,16.13861084,15.9405899,16.03960037,22995574,0,1,14.53501612,yahoo_bootstrap
2025-05-13,16.28712463,16.33662987,16.13861084,16.28712463,38505849,0,1,14.75932153,yahoo_bootstrap
2025-05-14,16.43564034,16.5346508,16.2376194,16.43564034,52280024,0,1,14.89390582,yahoo_bootstrap
2025-05-15,16.48514557,16.73266983,16.48514557,16.58415413,66559895,0,1,15.02848837,yahoo_bootstrap
2025-05-16,16.58415413,17.02969933,16.58415413,16.98019409,65645016,0,1,15.38737806,yahoo_bootstrap
2025-05-19,16.83167839,17.02969933,16.78217316,16.88118362,64688872,0,1,15.29765521,yahoo_bootstrap
2025-05-20,17.02969933,17.22771835,17.02969933,17.07920456,39928983,0,1,15.47710092,yahoo_bootstrap
2025-05-21,17.17821312,17.17821312,16.83167839,17.17821312,40044976,0,1,15.56682205,yahoo_bootstrap
2025-05-22,16.98019409,17.27722359,16.98019409,17.22771835,44343315,0,1,15.61168347,yahoo_bootstrap
2025-05-23,17.32672882,17.57425308,17.32672882,17.47524452,67926835,0,1,15.83599061,yahoo_bootstrap
2025-05-26,17.47524452,17.72276878,17.42573929,17.62375832,68601078,0,1,15.97057317,yahoo_bootstrap
2025-05-27,17.37623405,17.42573929,17.22771835,17.27722359,63356776,0,1,15.6565449,yahoo_bootstrap
2025-05-28,17.37623405,17.42573929,17.07920456,17.12870979,62301517,0,1,15.52196234,yahoo_bootstrap
2025-05-29,17.32672882,17.37623405,17.07920456,17.12870979,70388239,0,1,15.52196234,yahoo_bootstrap
2025-06-02,17.07920456,17.07920456,16.83167839,16.88118362,65370466,0,1,15.29765521,yahoo_bootstrap
2025-06-03,17.02969933,17.27722359,16.93068886,17.22771835,103728304,0,1,15.61168347,yahoo_bootstrap
2025-06-04,17.22771835,17.47524452,17.12870979,17.47524452,63599404,0,1,15.83599061,yahoo_bootstrap
2025-06-05,17.52474976,17.62375832,17.17821312,17.22771835,39694812,0,1,15.61168347,yahoo_bootstrap
2025-06-06,17.32672882,17.57425308,17.27722359,17.47524452,47798987,0,1,15.83599061,yahoo_bootstrap
2025-06-09,17.67326355,17.72276878,17.32672882,17.42573929,54716729,0,1,15.79112919,yahoo_bootstrap
2025-06-10,17.32672882,17.37623405,16.93068886,16.93068886,101516919,0,1,15.34251664,yahoo_bootstrap
2025-06-11,16.08910561,16.2376194,15.69306564,16.08910561,183007393,0,1,14.57987756,yahoo_bootstrap
2025-06-12,16.03960037,16.48514557,15.99009514,16.33662987,68014976,0,1,14.80418296,yahoo_bootstrap
2025-06-13,16.18811417,16.3861351,16.08910561,16.13861084,56442689,0,1,14.62473898,yahoo_bootstrap
2025-06-16,16.13861084,16.3861351,16.03960037,16.33662987,50097651,0,1,14.80418296,yahoo_bootstrap
2025-06-17,16.3861351,16.48514557,16.18811417,16.18811417,56214999,0,1,14.66959868,yahoo_bootstrap
2025-06-18,16.33662987,16.48514557,16.28712463,16.3861351,62383759,0,1,14.84904439,yahoo_bootstrap
2025-06-19,16.33662987,16.33662987,16.13861084,16.13861084,37803251,0,1,14.62473898,yahoo_bootstrap
2025-06-20,16.28712463,16.33662987,15.89108562,15.89108562,183295779,0,1,14.4004327,yahoo_bootstrap
2025-06-23,15.74257088,15.79207611,15.49504566,15.74257088,168784707,0,1,14.26584929,yahoo_bootstrap
2025-06-24,15.9405899,15.99009514,15.74257088,15.74257088,159698340,0,1,14.26584929,yahoo_bootstrap
2025-06-25,15.84158134,15.99009514,15.59405613,15.9405899,167551238,0,1,14.44529327,yahoo_bootstrap
2025-06-26,15.9405899,16.2376194,15.84158134,16.2376194,171819669,0,1,14.71446011,yahoo_bootstrap
2025-06-27,16.13861084,16.18811417,15.9405899,15.9405899,145626311,0,1,14.44529327,yahoo_bootstrap
2025-06-30,14.65346241,15.09900665,14.60395718,14.80197716,122228027,0.8416,1,14.16113941,yahoo_bootstrap
2025-07-01,14.85148239,15.19801617,14.85148239,15.19801617,66130690,0,1,14.54003229,yahoo_bootstrap
2025-07-02,15.04950237,15.09900665,14.75247192,14.80197716,62870262,0,1,14.16113941,yahoo_bootstrap
2025-07-03,14.80197716,14.99999714,14.80197716,14.99999714,41407407,0,1,14.3505863,yahoo_bootstrap
2025-07-04,14.99999714,15.04950237,14.75247192,14.75247192,67546543,0,1,14.11377746,yahoo_bootstrap
2025-07-07,14.75247192,15.09900665,14.75247192,15.09900665,69103192,0,1,14.44530929,yahoo_bootstrap
2025-07-08,15.04950237,15.04950237,14.75247192,14.75247192,51302770,0,1,14.11377746,yahoo_bootstrap
2025-07-09,14.80197716,14.85148239,14.65346241,14.70296669,36364056,0,1,14.06641551,yahoo_bootstrap
2025-07-10,14.80197716,14.90098667,14.65346241,14.90098667,42480081,0,1,14.2558624,yahoo_bootstrap
2025-07-11,14.95049191,15.19801617,14.90098667,15.09900665,66072502,0,1,14.44530929,yahoo_bootstrap
2025-07-14,15.09900665,15.2475214,15.04950237,15.19801617,43709213,0,1,14.54003229,yahoo_bootstrap
2025-07-15,15.14851093,15.19801617,14.95049191,15.04950237,32695026,0,1,14.39794825,yahoo_bootstrap
2025-07-16,15.04950237,15.2475214,14.95049191,15.2475214,40171413,0,1,14.58739423,yahoo_bootstrap
2025-07-17,15.19801617,15.34653091,15.19801617,15.29702568,32142175,0,1,14.63475527,yahoo_bootstrap
2025-07-18,15.34653091,15.39603615,15.2475214,15.29702568,18120192,0,1,14.63475527,yahoo_bootstrap
2025-07-21,15.34653091,15.39603615,15.14851093,15.19801617,18160717,0,1,14.54003229,yahoo_bootstrap
2025-07-22,15.19801617,15.29702568,15.04950237,15.04950237,25388221,0,1,14.39794825,yahoo_bootstrap
2025-07-23,15.19801617,15.2475214,15.14851093,15.2475214,19709223,0,1,14.58739423,yahoo_bootstrap
2025-07-24,15.29702568,15.29702568,15.09900665,15.19801617,19344823,0,1,14.54003229,yahoo_bootstrap
2025-07-25,15.14851093,15.19801617,15.09900665,15.14851093,14885093,0,1,14.49267033,yahoo_bootstrap
2025-07-28,15.14851093,15.19801617,15.04950237,15.04950237,14824690,0,1,14.39794825,yahoo_bootstrap
2025-07-29,15.04950237,15.14851093,14.90098667,14.95049191,29581179,0,1,14.30322436,yahoo_bootstrap
2025-07-30,15.04950237,15.19801617,15.04950237,15.19801617,20235689,0,1,14.54003229,yahoo_bootstrap
2025-07-31,15.09900665,15.14851093,15.04950237,15.04950237,17620324,0,1,14.39794825,yahoo_bootstrap
2025-08-04,14.99999714,15.29702568,14.99999714,15.19801617,22003472,0,1,14.54003229,yahoo_bootstrap
2025-08-05,15.19801617,15.2475214,15.14851093,15.2475214,25632666,0,1,14.58739423,yahoo_bootstrap
2025-08-06,15.2475214,15.39603615,15.19801617,15.34653091,25342796,0,1,14.68211722,yahoo_bootstrap
2025-08-07,15.39603615,15.44554138,15.34653091,15.34653091,21473135,0,1,14.68211722,yahoo_bootstrap
2025-08-08,15.39603615,15.49504566,15.34653091,15.44554138,26103369,0,1,14.77684112,yahoo_bootstrap
2025-08-11,15.44554138,15.44554138,15.29702568,15.39603615,28730282,0,1,14.72947918,yahoo_bootstrap
2025-08-12,15.34653091,15.5445509,15.34653091,15.49504566,21403866,0,1,14.82420216,yahoo_bootstrap
2025-08-13,15.5445509,15.59405613,15.44554138,15.59405613,20973373,0,1,14.91892607,yahoo_bootstrap
2025-08-14,15.59405613,15.79207611,15.59405613,15.69306564,30883757,0,1,15.01364905,yahoo_bootstrap
2025-08-15,15.69306564,15.74257088,15.59405613,15.74257088,19490409,0,1,15.06101101,yahoo_bootstrap
2025-08-18,15.64356136,15.79207611,15.59405613,15.79207611,21278666,0,1,15.10837296,yahoo_bootstrap
2025-08-19,15.69306564,15.79207611,15.64356136,15.74257088,16808663,0,1,15.06101101,yahoo_bootstrap
2025-08-20,15.79207611,15.84158134,15.5445509,15.59405613,27111470,0,1,14.91892607,yahoo_bootstrap
2025-08-21,15.69306564,15.84158134,15.69306564,15.84158134,21523893,0,1,15.1557349,yahoo_bootstrap
2025-08-22,15.79207611,15.9405899,15.74257088,15.74257088,13496862,0,1,15.06101101,yahoo_bootstrap
2025-08-25,15.84158134,15.89108562,15.74257088,15.84158134,20806834,0,1,15.1557349,yahoo_bootstrap
2025-08-26,15.79207611,15.84158134,15.59405613,15.59405613,34330472,0,1,14.91892607,yahoo_bootstrap
2025-08-27,15.5445509,15.64356136,15.5445509,15.5445509,17806020,0,1,14.87156412,yahoo_bootstrap
2025-08-28,15.49504566,15.64356136,15.39603615,15.39603615,29360621,0,1,14.72947918,yahoo_bootstrap
2025-08-29,15.5,15.60000038,15.25,15.25,38024936,0,1.0100002,14.7356661,yahoo_bootstrap
2025-09-01,15.25,15.44999981,15.25,15.35000038,20162909,0,1,14.83229378,yahoo_bootstrap
2025-09-02,15.35000038,15.60000038,15.35000038,15.55000019,15197120,0,1,15.02554824,yahoo_bootstrap
2025-09-03,15.55000019,15.55000019,15.30000019,15.30000019,30104011,0,1,14.78397994,yahoo_bootstrap
2025-09-04,15.35000038,15.39999962,15.25,15.30000019,31473439,0,1,14.78397994,yahoo_bootstrap
2025-09-05,15.35000038,15.44999981,15.19999981,15.25,32183315,0,1,14.7356661,yahoo_bootstrap
2025-09-08,15.25,15.35000038,15.25,15.25,20120666,0,1,14.7356661,yahoo_bootstrap
2025-09-09,15.35000038,15.5,15.19999981,15.19999981,41363729,0,1,14.68735226,yahoo_bootstrap
2025-09-10,15.30000019,15.39999962,15.19999981,15.25,33462528,0,1,14.7356661,yahoo_bootstrap
2025-09-11,15.30000019,15.35000038,15,15,55880372,0,1,14.4940978,yahoo_bootstrap
2025-09-12,15.10000038,15.35000038,15.10000038,15.30000019,46027416,0,1,14.78397994,yahoo_bootstrap
2025-09-15,15.35000038,15.5,15.19999981,15.19999981,36672723,0,1,14.68735226,yahoo_bootstrap
2025-09-16,15.25,15.35000038,15.14999962,15.14999962,46549557,0,1,14.63903841,yahoo_bootstrap
2025-09-17,15.14999962,15.19999981,15.05000019,15.10000038,32833164,0,1,14.59072549,yahoo_bootstrap
2025-09-18,15.19999981,15.19999981,15.10000038,15.14999962,23703828,0,1,14.63903841,yahoo_bootstrap
2025-09-19,15.14999962,15.19999981,15,15.19999981,83141651,0,1,14.68735226,yahoo_bootstrap
2025-09-22,15.19999981,15.35000038,15.10000038,15.10000038,42368486,0,1,14.59072549,yahoo_bootstrap
2025-09-23,15.14999962,15.19999981,15,15,47064471,0,1,14.4940978,yahoo_bootstrap
2025-09-24,15,15.14999962,15,15,38032266,0,1,14.4940978,yahoo_bootstrap
2025-09-25,15.05000019,15.10000038,14.85000038,14.89999962,53165132,0,1,14.39747012,yahoo_bootstrap
2025-09-26,14.89999962,14.89999962,14.64999962,14.80000019,45797690,0,1,14.30084335,yahoo_bootstrap
2025-09-30,14.89999962,15,14.85000038,14.94999981,40587687,0,1,14.44578396,yahoo_bootstrap
2025-10-01,15,15.25,14.89999962,14.89999962,73687255,0,1,14.39747012,yahoo_bootstrap
2025-10-02,15.05000019,15.14999962,14.94999981,15.05000019,30827722,0,1,14.54241164,yahoo_bootstrap
2025-10-03,15.10000038,15.14999962,14.89999962,14.89999962,26170280,0,1,14.39747012,yahoo_bootstrap
2025-10-07,14.89999962,15.10000038,14.80000019,14.89999962,41105121,0,1,14.39747012,yahoo_bootstrap
2025-10-08,14.89999962,15.19999981,14.89999962,15,26755606,0,1,14.4940978,yahoo_bootstrap
2025-10-09,15.05000019,15.19999981,15.05000019,15.14999962,36208897,0,1,14.63903841,yahoo_bootstrap
2025-10-13,15,15.19999981,14.94999981,15.10000038,59509278,0,1,14.59072549,yahoo_bootstrap
2025-10-14,15.19999981,15.60000038,15.19999981,15.30000019,103751199,0,1,14.78397994,yahoo_bootstrap
2025-10-15,15.5,15.80000019,15.39999962,15.80000019,81597690,0,1,15.26711653,yahoo_bootstrap
2025-10-16,15.85000038,16.04999924,15.75,15.80000019,69015153,0,1,15.26711653,yahoo_bootstrap
2025-10-17,15.75,15.85000038,15.69999981,15.75,34244963,0,1,15.21880269,yahoo_bootstrap
2025-10-20,15.85000038,15.94999981,15.64999962,15.69999981,31449498,0,1,15.17048885,yahoo_bootstrap
2025-10-21,15.80000019,15.94999981,15.75,15.75,26505981,0,1,15.21880269,yahoo_bootstrap
2025-10-22,15.80000019,16.10000038,15.80000019,16.04999924,58967378,0,1,15.50868391,yahoo_bootstrap
2025-10-23,16,16.14999962,15.94999981,16.14999962,36580355,0,1,15.6053116,yahoo_bootstrap
2025-10-27,16.20000076,16.29999924,16,16.10000038,43248453,0,1,15.55699867,yahoo_bootstrap
2025-10-28,16.10000038,16.14999962,15.89999962,16.04999924,29414110,0,1,15.50868391,yahoo_bootstrap
2025-10-29,16.10000038,16.14999962,15.94999981,16,25995307,0,1,15.46037099,yahoo_bootstrap
2025-10-30,16,16.04999924,15.85000038,15.94999981,38518211,0,1,15.41205715,yahoo_bootstrap
2025-10-31,16,16.04999924,15.80000019,15.89999962,31607065,0,1,15.3637433,yahoo_bootstrap
2025-11-03,15.89999962,16.10000038,15.85000038,16.04999924,24552512,0,1,15.50868391,yahoo_bootstrap
2025-11-04,16.04999924,16.14999962,15.94999981,15.94999981,21961212,0,1,15.41205715,yahoo_bootstrap
2025-11-05,15.85000038,15.89999962,15.64999962,15.75,35439284,0,1,15.21880269,yahoo_bootstrap
2025-11-06,15.85000038,16,15.75,15.89999962,22107537,0,1,15.3637433,yahoo_bootstrap
2025-11-07,15.89999962,15.94999981,15.75,15.75,15187772,0,1,15.21880269,yahoo_bootstrap
2025-11-10,16,16.20000076,15.94999981,16.04999924,28875219,0,1,15.50868391,yahoo_bootstrap
2025-11-11,16.04999924,16.14999962,16.04999924,16.04999924,33097697,0,1,15.50868391,yahoo_bootstrap
2025-11-12,16.14999962,16.20000076,16.04999924,16.04999924,28812375,0,1,15.50868391,yahoo_bootstrap
2025-11-13,16.04999924,16.25,16.04999924,16.14999962,34802722,0,1,15.6053116,yahoo_bootstrap
2025-11-14,16,16.20000076,15.94999981,16,32271349,0,1,15.46037099,yahoo_bootstrap
2025-11-17,16,16.04999924,15.75,15.80000019,46713680,0,1,15.26711653,yahoo_bootstrap
2025-11-18,15.75,15.80000019,15.5,15.5,41798484,0,1,14.97723439,yahoo_bootstrap
2025-11-19,15.55000019,15.60000038,15.30000019,15.30000019,41356790,0,1,14.78397994,yahoo_bootstrap
2025-11-20,15.44999981,15.55000019,15.39999962,15.55000019,18486984,0,1,15.02554824,yahoo_bootstrap
2025-11-21,15.39999962,15.44999981,15.19999981,15.19999981,44886021,0,1,14.68735226,yahoo_bootstrap
2025-11-24,15.25,15.55000019,15.25,15.5,60738826,0,1,14.97723439,yahoo_bootstrap
2025-11-25,15.55000019,15.64999962,15.44999981,15.55000019,30854508,0,1,15.02554824,yahoo_bootstrap
2025-11-26,15.69999981,15.85000038,15.69999981,15.85000038,29174421,0,1,15.31543038,yahoo_bootstrap
2025-11-27,15.85000038,16,15.75,15.89999962,33407050,0,1,15.3637433,yahoo_bootstrap
2025-11-28,15.89999962,15.89999962,15.64999962,15.75,28030224,0,1,15.21880269,yahoo_bootstrap
2025-12-01,15.80000019,15.94999981,15.64999962,15.64999962,23774974,0,1,15.12217501,yahoo_bootstrap
2025-12-02,15.69999981,15.85000038,15.69999981,15.85000038,19913164,0,1,15.31543038,yahoo_bootstrap
2025-12-03,15.94999981,16,15.80000019,15.85000038,23229751,0,1,15.31543038,yahoo_bootstrap
2025-12-04,15.89999962,16.10000038,15.85000038,16,33308269,0,1,15.46037099,yahoo_bootstrap
2025-12-05,16,16.10000038,15.94999981,16.04999924,23764747,0,1,15.50868391,yahoo_bootstrap
2025-12-08,16.10000038,16.25,16,16.20000076,33877970,0,1,15.65362636,yahoo_bootstrap
2025-12-09,16.14999962,16.29999924,16.10000038,16.29999924,50000543,0,1,15.75025221,yahoo_bootstrap
2025-12-10,16.39999962,16.75,16.39999962,16.39999962,79110719,0,1,15.8468799,yahoo_bootstrap
2025-12-11,16.64999962,16.95000076,16.60000038,16.95000076,102300809,0,1,16.37833125,yahoo_bootstrap
2025-12-12,17,17.14999962,16.89999962,17.04999924,54769997,0,1,16.4749571,yahoo_bootstrap
2025-12-15,16.95000076,17.14999962,16.85000038,17.14999962,40270012,0,1,16.57158479,yahoo_bootstrap
2025-12-16,17,17.25,16.95000076,17.10000038,45004615,0,1,16.52327186,yahoo_bootstrap
2025-12-17,17.20000076,17.70000076,17.14999962,17.45000076,73532422,0,1,16.86146784,yahoo_bootstrap
2025-12-18,17.60000038,17.60000038,17.25,17.35000038,44427672,0,1,16.76484016,yahoo_bootstrap
2025-12-19,17.39999962,17.60000038,17.25,17.54999924,47387899,0,1,16.95809369,yahoo_bootstrap
2025-12-22,17.70000076,17.85000038,17.60000038,17.75,40798205,0,1,17.15134906,yahoo_bootstrap
2025-12-23,17.75,17.75,17.5,17.70000076,33052211,0,1,17.10303614,yahoo_bootstrap
2025-12-24,17.75,17.79999924,17.5,17.54999924,29629242,0,1,16.95809369,yahoo_bootstrap
2025-12-26,17.64999962,17.64999962,17.35000038,17.35000038,32395098,0,1,16.76484016,yahoo_bootstrap
2025-12-29,17.39999962,17.64999962,17.35000038,17.60000038,37594721,0,1,17.00640845,yahoo_bootstrap
2025-12-30,17.45000076,17.60000038,17.39999962,17.5,29688268,0,1,16.90978077,yahoo_bootstrap
2025-12-31,17.45000076,17.54999924,17.25,17.25,26400111,0,1,16.66821247,yahoo_bootstrap
2026-01-02,17.25,17.39999962,17.14999962,17.20000076,23498215,0,1,16.61989955,yahoo_bootstrap
2026-01-05,17.25,17.54999924,17.14999962,17.45000076,34846958,0,1,16.86146784,yahoo_bootstrap
2026-01-06,17.5,17.54999924,17.39999962,17.5,23660538,0,1,16.90978077,yahoo_bootstrap
2026-01-07,17.5,17.54999924,17.35000038,17.45000076,32547935,0,1,16.86146784,yahoo_bootstrap
2026-01-08,17.45000076,17.60000038,17.39999962,17.60000038,30281158,0,1,17.00640845,yahoo_bootstrap
2026-01-09,17.60000038,17.70000076,17.35000038,17.45000076,25810965,0,1,16.86146784,yahoo_bootstrap
2026-01-12,17.5,17.70000076,17.45000076,17.64999962,36136144,0,1,17.05472138,yahoo_bootstrap
2026-01-13,17.70000076,17.75,17.45000076,17.64999962,40389573,0,1,17.05472138,yahoo_bootstrap
2026-01-14,17.54999924,17.60000038,17.45000076,17.5,38119477,0,1,16.90978077,yahoo_bootstrap
2026-01-15,17.60000038,17.75,17.54999924,17.54999924,36463142,0,1,16.95809369,yahoo_bootstrap
2026-01-16,17.60000038,17.75,17.54999924,17.75,33050543,0,1,17.15134906,yahoo_bootstrap
2026-01-19,17.70000076,18.10000038,17.64999962,18.10000038,74907082,0,1,17.48954505,yahoo_bootstrap
2026-01-20,18.10000038,18.20000076,18,18.10000038,31336096,0,1,17.48954505,yahoo_bootstrap
2026-01-21,18,18,17.79999924,17.79999924,41212329,0,1,17.19966199,yahoo_bootstrap
2026-01-22,17.95000076,18.04999924,17.75,17.75,29056604,0,1,17.15134906,yahoo_bootstrap
2026-01-23,17.85000038,17.85000038,17.60000038,17.85000038,28465498,0,1,17.24797675,yahoo_bootstrap
2026-01-26,17.85000038,18.29999924,17.75,18.29999924,70965866,0,1,17.68279858,yahoo_bootstrap
2026-01-27,18.35000038,18.39999962,18.14999962,18.14999962,34160394,0,1,17.53785797,yahoo_bootstrap
2026-01-28,18.14999962,18.20000076,17.79999924,18.04999924,39691862,0,1,17.44123029,yahoo_bootstrap
2026-01-29,18.04999924,18.20000076,17.85000038,18.14999962,38751219,0,1,17.53785797,yahoo_bootstrap
2026-01-30,18.20000076,18.29999924,17.85000038,18.04999924,46380416,0,1,17.44123029,yahoo_bootstrap
2026-02-02,17.95000076,18,17.79999924,18,31418337,0,1,17.39291736,yahoo_bootstrap
2026-02-03,18.10000038,18.35000038,18.10000038,18.25,52423262,0,1,17.63448566,yahoo_bootstrap
2026-02-04,18.20000076,18.5,18.20000076,18.39999962,45318065,0,1,17.77942627,yahoo_bootstrap
2026-02-05,18.45000076,18.60000038,18.39999962,18.39999962,54579214,0,1,17.77942627,yahoo_bootstrap
2026-02-06,18.45000076,18.5,18.04999924,18.29999924,42805857,0,1,17.68279858,yahoo_bootstrap
2026-02-09,18.54999924,19.10000038,18.45000076,18.85000038,115130654,0,1,18.21424994,yahoo_bootstrap
2026-02-10,18.89999962,18.95000076,18.79999924,18.89999962,33466544,0,1,18.26256286,yahoo_bootstrap
2026-02-11,18.89999962,19.25,18.89999962,19.25,79564807,0,1,18.60075884,yahoo_bootstrap
2026-02-23,19.95000076,20.64999962,19.95000076,20.54999924,169471882,0,1,19.85691325,yahoo_bootstrap
2026-02-24,20.39999962,20.85000038,20.39999962,20.85000038,95506035,0,1,20.14679631,yahoo_bootstrap
2026-02-25,20.85000038,21.14999962,20.64999962,20.89999962,84768449,0,1,20.19510924,yahoo_bootstrap
2026-02-26,20.79999924,22.04999924,20.79999924,21.95000076,153318902,0,1,21.20969718,yahoo_bootstrap
2026-03-02,21.20000076,21.60000038,21.04999924,21.14999962,89571146,0,1,20.43667753,yahoo_bootstrap
2026-03-03,21,21.35000038,20.89999962,21.35000038,65102148,0,1,20.6299329,yahoo_bootstrap
2026-03-04,20.95000076,20.95000076,19.75,19.89999962,111368351,0,1,19.22883605,yahoo_bootstrap
2026-03-05,20.5,20.75,20,20.29999924,61785629,0,1,19.61534496,yahoo_bootstrap
2026-03-06,20.20000076,20.5,20.04999924,20.39999962,37325156,0,1,19.71197264,yahoo_bootstrap
2026-03-09,19.54999924,19.70000076,19.20000076,19.54999924,61174337,0,1,18.89064007,yahoo_bootstrap
2026-03-10,20.04999924,20.14999962,19.85000038,19.89999962,44218099,0,1,19.22883605,yahoo_bootstrap
2026-03-11,20,20.35000038,19.95000076,20.14999962,24825194,0,1,19.47040435,yahoo_bootstrap
2026-03-12,19.85000038,20.10000038,19.85000038,20,27189736,0,1,19.32546374,yahoo_bootstrap
2026-03-13,20,20.29999924,19.89999962,20.10000038,40194246,0,1,19.42209142,yahoo_bootstrap
2026-03-16,20.25,20.60000038,20.20000076,20.5,46289428,0,1,19.80860033,yahoo_bootstrap
2026-03-17,20.60000038,20.70000076,20.5,20.64999962,32114767,0,1,19.95354094,yahoo_bootstrap
2026-03-18,20.75,20.79999924,20.5,20.64999962,24747272,0,1,19.95354094,yahoo_bootstrap
2026-03-19,20.45000076,20.45000076,19.89999962,19.95000076,56114597,0,1,19.27715081,yahoo_bootstrap
2026-03-20,19.95000076,20.20000076,19.89999962,20.10000038,46464752,0,1,19.42209142,yahoo_bootstrap
2026-03-23,19.5,19.85000038,19.39999962,19.79999924,31928530,0,1,19.13220836,yahoo_bootstrap
2026-03-24,20,20.04999924,19.64999962,19.79999924,37979863,0,1,19.13220836,yahoo_bootstrap
2026-03-25,20.35000038,20.5,20.04999924,20.35000038,44294714,0,1,19.66365972,yahoo_bootstrap
2026-03-26,20.35000038,20.35000038,19.79999924,19.79999924,41297313,0,1,19.13220836,yahoo_bootstrap
2026-03-27,19.70000076,19.89999962,19.64999962,19.85000038,24983691,0,1,19.18052312,yahoo_bootstrap
2026-03-30,19.29999924,19.64999962,19.29999924,19.39999962,49171101,0,1,18.74569946,yahoo_bootstrap
2026-03-31,19.35000038,19.5,19.20000076,19.25,38662988,0,1,18.60075884,yahoo_bootstrap
2026-04-01,19.60000038,19.79999924,19.39999962,19.79999924,39717133,0,1,19.13220836,yahoo_bootstrap
2026-04-02,19.89999962,20.04999924,19.85000038,19.89999962,26178059,0,1,19.22883605,yahoo_bootstrap
2026-04-07,20.20000076,20.75,20.14999962,20.54999924,46982442,0,1,19.85691325,yahoo_bootstrap
2026-04-08,21,21.5,20.75,21.35000038,88727669,0,1,20.6299329,yahoo_bootstrap
2026-04-09,21.39999962,21.45000076,21.10000038,21.29999924,35412452,0,1,20.58161814,yahoo_bootstrap
2026-04-10,21.35000038,21.45000076,21.14999962,21.14999962,29727810,0,1,20.43667753,yahoo_bootstrap
2026-04-13,21.14999962,21.14999962,20.75,21.04999924,30100932,0,1,20.34004985,yahoo_bootstrap
2026-04-14,21.04999924,21.35000038,20.75,20.85000038,68119976,0,1,20.14679631,yahoo_bootstrap
2026-04-15,20.89999962,21,20.70000076,20.75,37526541,0,1,20.05016863,yahoo_bootstrap
2026-04-16,20.95000076,21.25,20.85000038,21.14999962,35288915,0,1,20.43667753,yahoo_bootstrap
2026-04-17,21.20000076,21.20000076,20.75,20.95000076,31983484,0,1,20.243424,yahoo_bootstrap
2026-04-20,20.95000076,21,20.79999924,20.79999924,21749700,0,1,20.09848155,yahoo_bootstrap
2026-04-21,20.89999962,20.95000076,20.70000076,20.70000076,19350790,0,1,20.0018557,yahoo_bootstrap
2026-04-22,20.70000076,20.79999924,20.60000038,20.79999924,26515992,0,1,20.09848155,yahoo_bootstrap
2026-04-23,20.64999962,20.64999962,20.10000038,20.20000076,59337373,0,1,19.51871911,yahoo_bootstrap
2026-04-24,20.14999962,20.45000076,20.04999924,20.29999924,36424516,0,1,19.61534496,yahoo_bootstrap
2026-04-27,20.14999962,20.70000076,20.04999924,20.5,45709830,0,1,19.80860033,yahoo_bootstrap
2026-04-28,20.64999962,21.39999962,20.54999924,21.29999924,77288980,0,1,20.58161814,yahoo_bootstrap
2026-04-29,21.39999962,21.70000076,21.29999924,21.70000076,61972635,0,1,20.96812889,yahoo_bootstrap
2026-04-30,21.5,21.60000038,21.29999924,21.5,56090256,0,1,20.77487352,yahoo_bootstrap
2026-05-04,21.39999962,21.75,21.29999924,21.39999962,80939136,0,1,20.67824583,yahoo_bootstrap
2026-05-05,21.5,21.79999924,21.35000038,21.79999924,58009258,0,1,21.06475474,yahoo_bootstrap
2026-05-06,21.95000076,22.29999924,21.95000076,22.20000076,68027326,0,1,21.45126548,yahoo_bootstrap
2026-05-07,22.25,22.79999924,22,22.45000076,74577702,0,1,21.69283378,yahoo_bootstrap
2026-05-08,22.60000038,22.95000076,22.29999924,22.89999962,58170862,0,1,22.12765561,yahoo_bootstrap
2026-05-11,22.89999962,23.10000038,22.79999924,22.79999924,40887431,0,1,22.03102792,yahoo_bootstrap
2026-05-12,22.79999924,22.79999924,21.60000038,21.60000038,74366511,0,1,20.8715012,yahoo_bootstrap
2026-05-13,21.5,22,21.5,21.95000076,41359039,0,1,21.20969718,yahoo_bootstrap
2026-05-14,22.25,22.89999962,22.10000038,22.10000038,58742065,0,1,21.35463779,yahoo_bootstrap
2026-05-15,22.25,22.64999962,21.75,21.85000038,55145244,0,1,21.1130695,yahoo_bootstrap
2026-05-18,21.70000076,21.75,21.29999924,21.35000038,65065659,0,1,20.6299329,yahoo_bootstrap
2026-05-19,21.39999962,22.10000038,21.29999924,21.64999962,75201933,0,1,20.91981413,yahoo_bootstrap
2026-05-20,21.75,21.85000038,21.5,21.60000038,52617012,0,1,20.8715012,yahoo_bootstrap
2026-05-21,21.85000038,21.95000076,21.39999962,21.39999962,61702968,0,1,20.67824583,yahoo_bootstrap
2026-05-22,21.45000076,21.75,21.25,21.70000076,42576263,0,1,20.96812889,yahoo_bootstrap
2026-05-25,21.79999924,21.79999924,21.39999962,21.64999962,52438532,0,1,20.91981413,yahoo_bootstrap
2026-05-26,21.60000038,21.89999962,21.5,21.54999924,68162723,0,1,20.82318644,yahoo_bootstrap
2026-05-27,21.70000076,22.79999924,21.54999924,22.29999924,108468823,0,1,21.54789133,yahoo_bootstrap
2026-05-28,22.39999962,22.85000038,22,22.14999962,88650419,0,1,21.40295072,yahoo_bootstrap
2026-05-29,22.5,22.60000038,22,22.5,107573704,0,1,21.7411467,yahoo_bootstrap
2026-06-01,22.45000076,22.89999962,22.29999924,22.64999962,82488627,0,1,21.88608731,yahoo_bootstrap
2026-06-02,22.54999924,23.45000076,22.29999924,23.39999962,212416203,0,1,22.6107922,yahoo_bootstrap
2026-06-03,24.45000076,25.70000076,24.35000038,25.70000076,121055438,0,1,24.83322163,yahoo_bootstrap
2026-06-04,26.89999962,28.14999962,26,27.39999962,526141147,0,1,26.47588495,yahoo_bootstrap
2026-06-05,27.29999924,28.5,27,27.60000038,310411298,0,1,26.66914032,yahoo_bootstrap
2026-06-08,26.54999924,26.95000076,25.5,26.75,270272105,0,1,25.84780775,yahoo_bootstrap
2026-06-09,26.85000038,29.14999962,26.85000038,29.04999924,273977023,0,1,28.07023534,yahoo_bootstrap
2026-06-10,28.45000076,28.85000038,27.85000038,28.20000076,202583528,0,1,27.2489046,yahoo_bootstrap
2026-06-11,28.10000038,28.5,27.54999924,27.75,173856983,0,1,26.81408093,yahoo_bootstrap
2026-06-12,28.75,29.39999962,27.45000076,27.45000076,98298715,0,1,26.52419971,yahoo_bootstrap
2026-06-15,28.29999924,28.79999924,28.04999924,28.79999924,81527182,0,1,27.82866704,yahoo_bootstrap
2026-06-16,29,30.20000076,28.75,29.70000076,126573442,0,1,28.69831438,yahoo_bootstrap
2026-06-17,30.20000076,31.14999962,29.39999962,30.20000076,143638083,0,1,29.18145097,yahoo_bootstrap
2026-06-18,31,31.20000076,30.20000076,30.75,127143147,0,1,29.71290049,yahoo_bootstrap
2026-06-22,30.60000038,30.95000076,30.10000038,30.35000038,84409551,0,1,29.32639159,yahoo_bootstrap
2026-06-23,30.64999962,30.89999962,30.10000038,30.10000038,89144115,0,1,29.08482329,yahoo_bootstrap
2026-06-24,30.10000038,30.14999962,29.5,29.79999924,65642883,0,1,28.79494023,yahoo_bootstrap
2026-06-25,29.85000038,30.60000038,29.75,30.5,58542007,0,1,29.4713322,yahoo_bootstrap
2026-06-26,30.45000076,30.75,29.85000038,29.89999962,71604613,0,1,28.89156792,yahoo_bootstrap
2026-06-29,30.10000038,30.79999924,29.54999924,29.64999962,91285887,0,1,28.64999962,yahoo_bootstrap
2026-06-30,28.70000076,29.04999924,27.85000038,28.70000076,142047873,1,1,28.70000076,yahoo_bootstrap
2026-07-01,29.10000038,29.54999924,28.10000038,28.29999924,86968339,0,1,28.29999924,yahoo_bootstrap
2026-07-02,28.20000076,28.5,27.75,27.89999962,70216836,0,1,27.89999962,yahoo_bootstrap
2026-07-03,27.60000038,28.54999924,27.60000038,28.45000076,57672226,0,1,28.45000076,yahoo_bootstrap
2026-07-06,28.64999962,29.10000038,28.54999924,29,40649869,0,1,29,yahoo_bootstrap
2026-07-07,28.75,30.89999962,28.75,30.10000038,125746475,0,1,30.10000038,yahoo_bootstrap
2026-07-08,30.89999962,31.20000076,30.39999962,30.70000076,71238962,0,1,30.70000076,yahoo_bootstrap
2026-07-09,30.70000076,30.95000076,29.75,30.04999924,41395261,0,1,30.04999924,yahoo_bootstrap
2026-07-10,30.04999924,30.04999924,30.04999924,30.04999924,0,0,1,30.04999924,yahoo_bootstrap
2026-07-13,30.10000038,30.64999962,29.70000076,29.79999924,36331039,0,1,29.79999924,yahoo_bootstrap
2026-07-14,30.10000038,30.10000038,28.89999962,29.5,49065818,0,1,29.5,yahoo_bootstrap
2026-07-15,30.20000076,31,30.04999924,30.14999962,50991113,0,1,30.14999962,yahoo_bootstrap
2026-07-16,30.10000038,30.54999924,29.70000076,30.54999924,43660715,0,1,30.54999924,yahoo_bootstrap
2026-07-17,30,30.45000076,29.70000076,30,52498629,0,1,30,yahoo_bootstrap
2026-07-20,30.45000076,30.60000038,29.54999924,29.54999924,70266713,0,1,29.54999924,yahoo_bootstrap
2026-07-21,29.79999924,30.20000076,29.5,29.70000076,38955714,0,1,29.70000076,yahoo_bootstrap
2026-07-22,29.70000076,30.79999924,29.70000076,30.45000076,57715611,0,1,30.45000076,yahoo_bootstrap
2026-07-23,30.79999924,31.29999924,30.5,30.85000038,42884971,0,1,30.85000038,yahoo_bootstrap
2026-07-24,30.45000076,30.95000076,30.39999962,30.64999962,37397614,0,1,30.64999962,yahoo_bootstrap
2026-07-27,30.95000076,30.95000076,30.5,30.70000076,29734285,0,1,30.70000076,yahoo_bootstrap
2026-07-28,30.5,30.54999924,29.29999924,29.60000038,49617609,0,1,29.60000038,yahoo_bootstrap
2026-07-29,29.64999962,29.95000076,28.5,29.14999962,58110729,0,1,29.14999962,yahoo_bootstrap
2026-07-30,29.25,29.25,28.35000038,28.95000076,43755872,0,1,28.95000076,yahoo_bootstrap
2026-07-31,29.60000038,31,29.60000038,30.85000038,88230872,0,1,30.85000038,yahoo_bootstrap
2026-08-03,30.5,30.54999924,29.89999962,30.39999962,58371471,0,1,30.39999962,yahoo_bootstrap
2026-08-04,29.85000038,30.64999962,29.85000038,30.54999924,36904745,0,1,30.54999924,yahoo_bootstrap
2026-08-05,30.95000076,31.75,30.95000076,31.60000038,65139076,0,1,31.60000038,yahoo_bootstrap
2026-08-06,31.14999962,31.35000038,30.5,30.60000038,45751883,0,1,30.60000038,yahoo_bootstrap
2026-08-07,30.5,30.95000076,30.29999924,30.85000038,26831557,0,1,30.85000038,yahoo_bootstrap
2026-08-10,31,31.04999924,30.35000038,31.04999924,30247266,0,1,31.04999924,yahoo_bootstrap
2026-08-11,30.79999924,31.20000076,30.64999962,31.04999924,21357805,0,1,31.04999924,yahoo_bootstrap
2026-08-12,31,31.39999962,30.54999924,31.20000076,29092678,0,1,31.20000076,yahoo_bootstrap
2026-08-13,31.39999962,31.5,30.85000038,31.5,34210678,0,1,31.5,yahoo_bootstrap
2026-08-14,31.25,31.75,30.95000076,31.64999962,58546012,0,1,31.64999962,yahoo_bootstrap
2026-08-17,31.5,31.64999962,30.89999962,31.39999962,52002722,0,1,31.39999962,yahoo_daily
2026-08-18,31.10000038,31.35000038,30.85000038,30.95000076,50286663,0,1,30.95000076,yahoo_daily
2026-08-19,30.70000076,30.85000038,30.29999924,30.39999962,40950230,0,1,30.39999962,yahoo_daily
2026-08-20,30.70000076,30.70000076,30.04999924,30.39999962,26411705,0,1,30.39999962,yahoo_daily
2026-08-21,30.39999962,31.54999924,30.29999924,31.54999924,48926994,0,1,31.54999924,yahoo_daily
2026-08-24,31.75,31.95000076,30.70000076,31,36682883,0,1,31,yahoo_daily
2026-08-25,31,31.70000076,30.89999962,31.70000076,36944318,0,1,31.70000076,yahoo_daily
2026-08-26,31.64999962,33.09999847,31.60000038,32.25,63422831,0,1,32.25,yahoo_daily
2026-08-27,32.75,33,32.15000153,32.15000153,34121800,0,1,32.15000153,yahoo_daily
2026-08-28,32.5,32.79999924,32.15000153,32.75,20201756,0,1,32.75,yahoo_daily
2026-08-31,32.70000076,33.84999847,32.54999924,33.84999847,101245382,0,1,33.84999847,yahoo_daily
2026-09-01,33.90000153,35.09999847,33.90000153,34.95000076,55371621,0,1,34.95000076,yahoo_daily
2026-09-02,34.84999847,35.59999847,34.59999847,35.5,46954343,0,1,35.5,yahoo_daily
2026-09-03,35.65000153,36.75,35.59999847,35.90000153,60231747,0,1,35.90000153,yahoo_daily
2026-09-04,36.40000153,36.70000076,35.95000076,36.70000076,42579013,0,1,36.70000076,yahoo_daily
2026-09-07,37.09999847,37.45000076,36.29999924,36.95000076,51075746,0,1,36.95000076,yahoo_daily
2026-09-08,36.90000153,37.59999847,36.75,37.29999924,34295340,0,1,37.29999924,yahoo_daily
2026-09-09,37.04999924,37.25,36,36.75,51943851,0,1,36.75,yahoo_daily
2026-09-10,36.45000076,37.40000153,36.45000076,37.20000076,39487164,0,1,37.20000076,yahoo_daily
2026-09-11,36.95000076,37.84999847,36.75,37.84999847,44202708,0,1,37.84999847,yahoo_daily
2026-09-14,37.84999847,39,37.25,38.79999924,42522221,0,1,38.79999924,yahoo_daily
2026-09-15,38.70000076,38.95000076,38,38.15000153,53277352,0,1,38.15000153,yahoo_daily
2026-09-16,38.29999924,39.20000076,38.04999924,39.15000153,43972109,0,1,39.15000153,yahoo_daily
2026-09-17,39.45000076,40.15000153,39.20000076,39.65000153,43190823,0,1,39.65000153,yahoo_daily
2026-09-18,40,40,38.40000153,39.29999924,81439182,0,1,39.29999924,yahoo_daily
