date,open,high,low,close,volume,dividend,split_factor,adjusted_close,source
2021-08-26,19.7895546,19.92479134,19.7895546,19.92479134,38371652,0.811417,1.01,15.17467646,yahoo_bootstrap
2021-08-27,19.92479134,20.28542137,19.83463478,20.24034119,19593077,0,1,15.41499852,yahoo_bootstrap
2021-08-30,20.28542137,20.55589294,20.28542137,20.55589294,16909407,0,1,15.65532202,yahoo_bootstrap
2021-08-31,20.55589294,20.6460495,20.33049965,20.6460495,26569934,0,1,15.72398506,yahoo_bootstrap
2021-09-01,20.51081467,20.60097122,20.51081467,20.60097122,12343771,0,1,15.68965354,yahoo_bootstrap
2021-09-02,20.55589294,20.60097122,20.28542137,20.37557793,12504502,0,1,15.51799452,yahoo_bootstrap
2021-09-03,20.46573639,20.55589294,20.37557793,20.55589294,12029598,0,1,15.65532202,yahoo_bootstrap
2021-09-06,20.55589294,20.60097122,20.37557793,20.4206562,8488820,0,1,15.55232603,yahoo_bootstrap
2021-09-07,20.4206562,20.46573639,20.28542137,20.33049965,11427018,0,1,15.483663,yahoo_bootstrap
2021-09-08,20.37557793,20.37557793,20.15018463,20.33049965,18767740,0,1,15.483663,yahoo_bootstrap
2021-09-09,20.28542137,20.33049965,20.15018463,20.15018463,14214504,0,1,15.34633548,yahoo_bootstrap
2021-09-10,20.19526291,20.28542137,20.15018463,20.28542137,9727881,0,1,15.44933148,yahoo_bootstrap
2021-09-13,20.28542137,20.37557793,20.19526291,20.37557793,9626115,0,1,15.51799452,yahoo_bootstrap
2021-09-14,20.28542137,20.51081467,20.28542137,20.46573639,12378011,0,1,15.586659,yahoo_bootstrap
2021-09-15,20.46573639,20.46573639,20.33049965,20.4206562,13044851,0,1,15.55232603,yahoo_bootstrap
2021-09-16,20.4206562,20.51081467,20.37557793,20.51081467,9979209,0,1,15.62099051,yahoo_bootstrap
2021-09-17,20.4206562,20.55589294,20.28542137,20.28542137,33608873,0,1,15.44933148,yahoo_bootstrap
2021-09-22,20.10510635,20.19526291,19.92479134,20.06002617,32374267,0,1,15.277671,yahoo_bootstrap
2021-09-23,20.19526291,20.37557793,20.15018463,20.28542137,9184534,0,1,15.44933148,yahoo_bootstrap
2021-09-24,20.37557793,20.4206562,20.24034119,20.37557793,9108739,0,1,15.51799452,yahoo_bootstrap
2021-09-27,20.37557793,20.4206562,20.28542137,20.37557793,9677194,0,1,15.51799452,yahoo_bootstrap
2021-09-28,20.33049965,20.37557793,20.15018463,20.33049965,8832383,0,1,15.483663,yahoo_bootstrap
2021-09-29,20.24034119,20.33049965,20.10510635,20.33049965,16996904,0,1,15.483663,yahoo_bootstrap
2021-09-30,20.19526291,20.33049965,20.15018463,20.33049965,14182638,0,1,15.483663,yahoo_bootstrap
2021-10-01,20.24034119,20.28542137,20.10510635,20.19526291,19952900,0,1,15.380667,yahoo_bootstrap
2021-10-04,20.19526291,20.28542137,20.10510635,20.24034119,10202995,0,1,15.41499852,yahoo_bootstrap
2021-10-05,20.24034119,20.24034119,20.10510635,20.15018463,15023912,0,1,15.34633548,yahoo_bootstrap
2021-10-06,20.15018463,20.28542137,20.10510635,20.19526291,15343893,0,1,15.380667,yahoo_bootstrap
2021-10-07,20.33049965,20.37557793,20.24034119,20.33049965,12189626,0,1,15.483663,yahoo_bootstrap
2021-10-08,20.28542137,20.28542137,20.19526291,20.19526291,7321841,0,1,15.380667,yahoo_bootstrap
2021-10-12,20.10510635,20.28542137,19.92479134,20.28542137,19418060,0,1,15.44933148,yahoo_bootstrap
2021-10-13,20.24034119,20.28542137,20.15018463,20.24034119,6149954,0,1,15.41499852,yahoo_bootstrap
2021-10-14,20.28542137,20.33049965,20.19526291,20.19526291,7003906,0,1,15.380667,yahoo_bootstrap
2021-10-15,20.24034119,20.37557793,20.19526291,20.37557793,15373967,0,1,15.51799452,yahoo_bootstrap
2021-10-18,20.4206562,20.51081467,20.37557793,20.46573639,12546011,0,1,15.586659,yahoo_bootstrap
2021-10-19,20.55589294,20.55589294,20.46573639,20.55589294,14570958,0,1,15.65532202,yahoo_bootstrap
2021-10-20,20.55589294,20.55589294,20.4206562,20.55589294,9594597,0,1,15.65532202,yahoo_bootstrap
2021-10-21,20.60097122,20.60097122,20.46573639,20.55589294,16037490,0,1,15.65532202,yahoo_bootstrap
2021-10-22,20.60097122,20.60097122,20.4206562,20.55589294,6869930,0,1,15.65532202,yahoo_bootstrap
2021-10-25,20.55589294,20.55589294,20.46573639,20.55589294,6875171,0,1,15.65532202,yahoo_bootstrap
2021-10-26,20.55589294,20.69112968,20.46573639,20.6460495,17147122,0,1,15.72398506,yahoo_bootstrap
2021-10-27,20.6460495,20.69112968,20.60097122,20.6460495,8368498,0,1,15.72398506,yahoo_bootstrap
2021-10-28,20.6460495,20.69112968,20.55589294,20.6460495,8460582,0,1,15.72398506,yahoo_bootstrap
2021-10-29,20.55589294,20.69112968,20.51081467,20.6460495,16785557,0,1,15.72398506,yahoo_bootstrap
2021-11-01,20.6460495,20.69112968,20.55589294,20.60097122,11388056,0,1,15.68965354,yahoo_bootstrap
2021-11-02,20.60097122,20.69112968,20.55589294,20.69112968,13640543,0,1,15.75831802,yahoo_bootstrap
2021-11-03,20.60097122,20.69112968,20.55589294,20.69112968,6344720,0,1,15.75831802,yahoo_bootstrap
2021-11-04,20.73620796,20.73620796,20.60097122,20.69112968,9026108,0,1,15.75831802,yahoo_bootstrap
2021-11-05,20.6460495,20.73620796,20.60097122,20.73620796,12708146,0,1,15.79264954,yahoo_bootstrap
2021-11-08,20.73620796,20.73620796,20.6460495,20.73620796,11174032,0,1,15.79264954,yahoo_bootstrap
2021-11-09,20.69112968,20.78128624,20.6460495,20.78128624,15847954,0,1,15.82698106,yahoo_bootstrap
2021-11-10,20.78128624,20.82636452,20.73620796,20.82636452,10282988,0,1,15.86131257,yahoo_bootstrap
2021-11-11,20.78128624,20.8714447,20.78128624,20.8714447,9515111,0,1,15.89564554,yahoo_bootstrap
2021-11-12,20.8714447,21.096838,20.82636452,21.096838,13876685,0,1,16.06730457,yahoo_bootstrap
2021-11-15,21.096838,21.36730957,21.05175972,21.18699455,19360221,0,1,16.1359676,yahoo_bootstrap
2021-11-16,21.18699455,21.27715111,21.096838,21.27715111,14037975,0,1,16.20463063,yahoo_bootstrap
2021-11-17,21.23207474,21.50254631,21.14191628,21.50254631,18813172,0,1,16.37629111,yahoo_bootstrap
2021-11-18,21.50254631,21.63778114,21.45746613,21.63778114,20820253,0,1,16.47928565,yahoo_bootstrap
2021-11-19,21.63778114,21.68286133,21.36730957,21.41238976,12708528,0,1,16.30762808,yahoo_bootstrap
2021-11-22,21.41238976,21.45746613,21.23207474,21.36730957,10993233,0,1,16.27329511,yahoo_bootstrap
2021-11-23,21.36730957,21.41238976,21.23207474,21.27715111,10250436,0,1,16.20463063,yahoo_bootstrap
2021-11-24,21.27715111,21.59270287,21.27715111,21.36730957,9913686,0,1,16.27329511,yahoo_bootstrap
2021-11-25,21.36730957,21.45746613,21.27715111,21.45746613,9084106,0,1,16.34195815,yahoo_bootstrap
2021-11-26,21.32223129,21.36730957,21.096838,21.18699455,15275384,0,1,16.1359676,yahoo_bootstrap
2021-11-29,20.91652298,21.14191628,20.8714447,21.00667953,15063117,0,1,15.99864008,yahoo_bootstrap
2021-11-30,20.96160126,21.096838,20.82636452,20.82636452,54784790,0,1,15.86131257,yahoo_bootstrap
2021-12-01,20.82636452,21.27715111,20.82636452,21.27715111,15863793,0,1,16.20463063,yahoo_bootstrap
2021-12-02,21.18699455,21.36730957,21.05175972,21.36730957,11303381,0,1,16.27329511,yahoo_bootstrap
2021-12-03,21.45746613,21.45746613,21.27715111,21.41238976,11577137,0,1,16.30762808,yahoo_bootstrap
2021-12-06,21.27715111,21.45746613,21.23207474,21.45746613,12165353,0,1,16.34195815,yahoo_bootstrap
2021-12-07,21.41238976,21.63778114,21.32223129,21.63778114,14839402,0,1,16.47928565,yahoo_bootstrap
2021-12-08,21.63778114,21.68286133,21.54762459,21.63778114,14084923,0,1,16.47928565,yahoo_bootstrap
2021-12-09,21.63778114,21.72793961,21.54762459,21.63778114,11742429,0,1,16.47928565,yahoo_bootstrap
2021-12-10,21.63778114,21.77301788,21.63778114,21.72793961,13875199,0,1,16.54795014,yahoo_bootstrap
2021-12-13,21.81809616,21.99841118,21.72793961,21.72793961,15524057,0,1,16.54795014,yahoo_bootstrap
2021-12-14,21.63778114,21.68286133,21.45746613,21.54762459,13222459,0,1,16.41062263,yahoo_bootstrap
2021-12-15,21.54762459,21.63778114,21.45746613,21.54762459,11867626,0,1,16.41062263,yahoo_bootstrap
2021-12-16,21.54762459,21.63778114,21.50254631,21.59270287,9431698,0,1,16.44495414,yahoo_bootstrap
2021-12-17,21.63778114,21.77301788,21.59270287,21.77301788,16508844,0,1,16.58228165,yahoo_bootstrap
2021-12-20,21.63778114,21.77301788,21.50254631,21.59270287,13364145,0,1,16.44495414,yahoo_bootstrap
2021-12-21,21.59270287,21.77301788,21.54762459,21.72793961,9222592,0,1,16.54795014,yahoo_bootstrap
2021-12-22,21.72793961,21.77301788,21.63778114,21.72793961,7447945,0,1,16.54795014,yahoo_bootstrap
2021-12-23,21.72793961,21.81809616,21.68286133,21.77301788,7914524,0,1,16.58228165,yahoo_bootstrap
2021-12-24,21.77301788,21.81809616,21.72793961,21.81809616,5919209,0,1,16.61661317,yahoo_bootstrap
2021-12-27,21.90825462,21.90825462,21.77301788,21.86317635,5930862,0,1,16.65094614,yahoo_bootstrap
2021-12-28,21.90825462,21.99841118,21.86317635,21.9533329,12909792,0,1,16.71960917,yahoo_bootstrap
2021-12-29,22.04349136,22.13364792,21.99841118,22.13364792,15112410,0,1,16.85693668,yahoo_bootstrap
2021-12-30,22.13364792,22.1787262,22.04349136,22.08856964,10656812,0,1,16.82260517,yahoo_bootstrap
2022-01-03,22.08856964,22.31396294,21.9533329,21.99841118,16225650,0,1,16.75394068,yahoo_bootstrap
2022-01-04,22.04349136,22.08856964,21.9533329,22.08856964,7373556,0,1,16.82260517,yahoo_bootstrap
2022-01-05,21.99841118,22.22380447,21.99841118,22.22380447,11277020,0,1,16.92559971,yahoo_bootstrap
2022-01-06,22.22380447,22.35904121,22.1787262,22.35904121,15389708,0,1,17.02859571,yahoo_bootstrap
2022-01-07,22.40411949,22.62951469,22.40411949,22.53935623,19181941,0,1,17.16592322,yahoo_bootstrap
2022-01-10,22.53935623,22.62951469,22.35904121,22.62951469,13100693,0,1,17.2345877,yahoo_bootstrap
2022-01-11,22.62951469,22.94506454,22.53935623,22.94506454,23483102,0,1,17.47490976,yahoo_bootstrap
2022-01-12,23.0352211,23.08030128,22.80982971,23.0352211,16755939,0,1,17.5435728,yahoo_bootstrap
2022-01-13,22.94506454,23.2606163,22.94506454,23.2606163,23173682,0,1,17.71523328,yahoo_bootstrap
2022-01-14,23.21553612,23.2606163,22.89998627,22.99014473,20797646,0,1,17.50924274,yahoo_bootstrap
2022-01-17,22.89998627,23.0352211,22.76474953,22.85490608,15304379,0,1,17.40624528,yahoo_bootstrap
2022-01-18,22.80982971,22.94506454,22.67459297,22.85490608,13275914,0,1,17.40624528,yahoo_bootstrap
2022-01-19,22.80982971,22.85490608,22.67459297,22.85490608,15639786,0,1,17.40624528,yahoo_bootstrap
2022-01-20,22.80982971,23.08030128,22.67459297,22.99014473,16495232,0,1,17.50924274,yahoo_bootstrap
2022-01-21,22.80982971,22.85490608,22.53935623,22.71967125,21957285,0,1,17.30325074,yahoo_bootstrap
2022-01-24,22.53935623,22.67459297,22.35904121,22.67459297,16462411,0,1,17.26891922,yahoo_bootstrap
2022-01-25,22.44919968,22.62951469,22.26888466,22.62951469,28154788,0,1,17.2345877,yahoo_bootstrap
2022-01-26,22.44919968,22.67459297,22.40411949,22.67459297,15786485,0,1,17.26891922,yahoo_bootstrap
2022-02-07,22.53935623,23.21553612,22.53935623,23.21553612,29469336,0,1,17.68090031,yahoo_bootstrap
2022-02-08,23.21553612,23.66632462,23.17045784,23.62124634,24952173,0,1,17.98988831,yahoo_bootstrap
2022-02-09,23.71140289,23.98187447,23.57616615,23.93679619,21238000,0,1,18.23021037,yahoo_bootstrap
2022-02-10,23.93679619,23.98187447,23.71140289,23.98187447,12939740,0,1,18.26454188,yahoo_bootstrap
2022-02-11,23.84663963,23.98187447,23.75648117,23.93679619,11054384,0,1,18.23021037,yahoo_bootstrap
2022-02-14,23.71140289,23.80155945,23.4860096,23.80155945,21053229,0,1,18.12721437,yahoo_bootstrap
2022-02-15,23.75648117,23.80155945,23.62124634,23.62124634,10175286,0,1,17.98988831,yahoo_bootstrap
2022-02-16,23.71140289,23.84663963,23.71140289,23.75648117,11874282,0,1,18.09288285,yahoo_bootstrap
2022-02-17,23.84663963,23.98187447,23.80155945,23.98187447,18572148,0,1,18.26454188,yahoo_bootstrap
2022-02-18,23.80155945,23.89171791,23.71140289,23.75648117,11580181,0,1,18.09288285,yahoo_bootstrap
2022-02-21,23.62124634,23.75648117,23.57616615,23.75648117,11418767,0,1,18.09288285,yahoo_bootstrap
2022-02-22,23.62124634,23.66632462,23.35077286,23.62124634,22357553,0,1,17.98988831,yahoo_bootstrap
2022-02-23,23.53108788,23.71140289,23.4860096,23.66632462,12118639,0,1,18.02421983,yahoo_bootstrap
2022-02-24,23.4860096,23.53108788,23.17045784,23.30569458,28423521,0,1,17.74956479,yahoo_bootstrap
2022-02-25,23.2606163,23.2606163,22.85490608,23.17045784,39510337,0,1,17.6465688,yahoo_bootstrap
2022-03-01,22.85490608,23.57616615,22.85490608,23.53108788,22450161,0,1,17.92122383,yahoo_bootstrap
2022-03-02,23.53108788,23.66632462,23.35077286,23.66632462,13033012,0,1,18.02421983,yahoo_bootstrap
2022-03-03,23.62124634,23.75648117,23.53108788,23.66632462,10058769,0,1,18.02421983,yahoo_bootstrap
2022-03-04,23.30569458,23.44093132,23.08030128,23.44093132,12501077,0,1,17.85256079,yahoo_bootstrap
2022-03-07,23.08030128,23.12537956,22.71967125,22.99014473,36885228,0,1,17.50924274,yahoo_bootstrap
2022-03-08,22.44919968,22.80982971,22.44919968,22.58443451,30757565,0,1,17.20025474,yahoo_bootstrap
2022-03-09,22.62951469,22.99014473,22.62951469,22.62951469,19638196,0,1,17.2345877,yahoo_bootstrap
2022-03-10,22.76474953,23.2606163,22.76474953,23.21553612,17714339,0,1,17.68090031,yahoo_bootstrap
2022-03-11,23.08030128,23.17045784,22.99014473,23.08030128,11348905,0,1,17.57790576,yahoo_bootstrap
2022-03-14,23.0352211,23.39585114,22.99014473,23.39585114,13910657,0,1,17.81822783,yahoo_bootstrap
2022-03-15,23.30569458,23.35077286,23.17045784,23.35077286,15135379,0,1,17.78389631,yahoo_bootstrap
2022-03-16,23.44093132,23.71140289,23.35077286,23.71140289,22599332,0,1,18.05855133,yahoo_bootstrap
2022-03-17,23.98187447,24.20726967,23.75648117,23.93679619,27516520,0,1,18.23021037,yahoo_bootstrap
2022-03-18,24.02695465,24.52281952,23.98187447,24.3425045,44616881,0,1,18.53919691,yahoo_bootstrap
2022-03-21,24.38758469,24.52281952,24.25234795,24.3425045,16446569,0,1,18.53919691,yahoo_bootstrap
2022-03-22,24.29742622,24.52281952,24.11711121,24.52281952,17746400,0,1,18.67652442,yahoo_bootstrap
2022-03-23,24.5678997,24.79329109,24.5678997,24.79329109,20591074,0,1,18.88251496,yahoo_bootstrap
2022-03-24,24.70313454,24.88344955,24.65805626,24.88344955,14527389,0,1,18.95117945,yahoo_bootstrap
2022-03-25,24.88344955,25.01868629,24.83837128,25.01868629,19463333,0,1,19.05417544,yahoo_bootstrap
2022-03-28,24.79329109,25.06376457,24.74821281,25.06376457,14184173,0,1,19.08850696,yahoo_bootstrap
2022-03-29,24.97360611,25.15392113,24.88344955,24.92852783,9846445,0,1,18.98551096,yahoo_bootstrap
2022-03-30,25.01868629,25.24407959,24.92852783,25.24407959,23039426,0,1,19.22583448,yahoo_bootstrap
2022-03-31,25.24407959,25.78502464,25.19900131,25.6497879,28100036,0,1,19.53482102,yahoo_bootstrap
2022-04-01,25.51455116,25.78502464,25.33423615,25.69486618,15709188,0,1,19.56915253,yahoo_bootstrap
2022-04-06,25.69486618,26.82183456,25.6497879,26.82183456,41528127,0,1,20.42744913,yahoo_bootstrap
2022-04-07,26.82183456,26.9570694,26.23581123,26.23581123,40951870,0,1,19.98113507,yahoo_bootstrap
2022-04-08,26.28088951,26.59644127,26.14565468,26.59644127,19119449,0,1,20.2557901,yahoo_bootstrap
2022-04-11,26.59644127,27.04722786,26.46120453,26.7316761,27322944,0,1,20.35878465,yahoo_bootstrap
2022-04-12,26.46120453,26.7316761,26.37104607,26.68659782,17801216,0,1,20.32445313,yahoo_bootstrap
2022-04-13,26.59644127,26.82183456,26.37104607,26.64151955,20107170,0,1,20.29012162,yahoo_bootstrap
2022-04-14,26.59644127,26.59644127,25.78502464,25.78502464,30828393,0,1,19.63781702,yahoo_bootstrap
2022-04-15,25.51455116,25.96533966,25.33423615,25.60470963,20100097,0,1,19.50048951,yahoo_bootstrap
2022-04-18,25.42439461,25.42439461,24.5678997,25.06376457,29544875,0,1,19.08850696,yahoo_bootstrap
2022-04-19,25.15392113,25.42439461,25.01868629,25.01868629,14788243,0,1,19.05417544,yahoo_bootstrap
2022-04-20,25.01868629,25.33423615,24.74821281,25.33423615,19091202,0,1,19.29449751,yahoo_bootstrap
2022-04-21,25.33423615,25.37931442,24.88344955,24.97360611,15642426,0,1,19.01984248,yahoo_bootstrap
2022-04-22,24.70313454,25.24407959,24.65805626,25.19900131,18534948,0,1,19.19150296,yahoo_bootstrap
2022-04-25,24.79329109,25.01868629,24.70313454,24.88344955,20574238,0,1,18.95117945,yahoo_bootstrap
2022-04-26,24.92852783,25.55962944,24.88344955,25.24407959,19827231,0,1,19.22583448,yahoo_bootstrap
2022-04-27,25.01868629,25.19900131,24.88344955,24.92852783,16414576,0,1,18.98551096,yahoo_bootstrap
2022-04-28,24.92852783,25.01868629,24.5678997,24.88344955,22538284,0,1,18.95117945,yahoo_bootstrap
2022-04-29,24.88344955,25.19900131,24.83837128,25.06376457,11041153,0,1,19.08850696,yahoo_bootstrap
2022-05-03,24.97360611,24.97360611,24.79329109,24.79329109,7990948,0,1,18.88251496,yahoo_bootstrap
2022-05-04,24.79329109,24.88344955,24.65805626,24.70313454,10943665,0,1,18.81385194,yahoo_bootstrap
2022-05-05,24.88344955,24.88344955,24.38758469,24.43266106,18035846,0,1,18.60785994,yahoo_bootstrap
2022-05-06,24.11711121,24.3425045,23.89171791,24.20726967,22021847,0,1,18.43620236,yahoo_bootstrap
2022-05-09,23.84663963,23.93679619,23.44093132,23.53108788,24733684,0,1,17.92122383,yahoo_bootstrap
2022-05-10,23.30569458,23.89171791,23.12537956,23.75648117,26164479,0,1,18.09288285,yahoo_bootstrap
2022-05-11,23.62124634,23.80155945,23.53108788,23.75648117,19162898,0,1,18.09288285,yahoo_bootstrap
2022-05-12,23.4860096,23.53108788,22.94506454,22.99014473,27573338,0,1,17.50924274,yahoo_bootstrap
2022-05-13,23.12537956,23.39585114,22.85490608,23.08030128,18989313,0,1,17.57790576,yahoo_bootstrap
2022-05-16,23.2606163,23.35077286,22.80982971,23.17045784,20676821,0,1,17.6465688,yahoo_bootstrap
2022-05-17,23.2606163,23.2606163,22.89998627,22.99014473,14595302,0,1,17.50924274,yahoo_bootstrap
2022-05-18,22.99014473,23.84663963,22.94506454,23.75648117,33504019,0,1,18.09288285,yahoo_bootstrap
2022-05-19,23.12537956,23.39585114,22.99014473,23.2606163,27605550,0,1,17.71523328,yahoo_bootstrap
2022-05-20,23.44093132,23.66632462,23.17045784,23.62124634,27215758,0,1,17.98988831,yahoo_bootstrap
2022-05-23,23.66632462,23.98187447,23.30569458,23.66632462,40746587,0,1,18.02421983,yahoo_bootstrap
2022-05-24,23.57616615,23.98187447,23.57616615,23.89171791,27875114,0,1,18.19587885,yahoo_bootstrap
2022-05-25,23.84663963,23.84663963,23.53108788,23.75648117,20080173,0,1,18.09288285,yahoo_bootstrap
2022-05-26,23.89171791,23.89171791,23.57616615,23.66632462,22879698,0,1,18.02421983,yahoo_bootstrap
2022-05-27,23.80155945,23.93679619,23.66632462,23.93679619,24482246,0,1,18.23021037,yahoo_bootstrap
2022-05-30,23.93679619,24.29742622,23.84663963,24.29742622,31954575,0,1,18.50486539,yahoo_bootstrap
2022-05-31,24.16218948,24.65805626,23.84663963,24.65805626,91029643,0,1,18.77952042,yahoo_bootstrap
2022-06-01,24.47774124,24.47774124,23.89171791,23.89171791,31511556,0,1,18.19587885,yahoo_bootstrap
2022-06-02,23.75648117,23.93679619,23.62124634,23.80155945,14435691,0,1,18.12721437,yahoo_bootstrap
2022-06-06,23.84663963,23.84663963,23.4860096,23.75648117,15775733,0,1,18.09288285,yahoo_bootstrap
2022-06-07,23.71140289,23.89171791,23.57616615,23.84663963,15622650,0,1,18.16154733,yahoo_bootstrap
2022-06-08,23.89171791,23.93679619,23.80155945,23.84663963,14023157,0,1,18.16154733,yahoo_bootstrap
2022-06-09,23.84663963,23.93679619,23.71140289,23.80155945,10915799,0,1,18.12721437,yahoo_bootstrap
2022-06-10,23.53108788,23.89171791,23.4860096,23.62124634,13880813,0,1,17.98988831,yahoo_bootstrap
2022-06-13,23.39585114,23.80155945,23.2606163,23.62124634,23035566,0,1,17.98988831,yahoo_bootstrap
2022-06-14,23.62124634,23.93679619,23.4860096,23.89171791,24368671,0,1,18.19587885,yahoo_bootstrap
2022-06-15,23.71140289,23.98187447,23.62124634,23.80155945,25798624,0,1,18.12721437,yahoo_bootstrap
2022-06-16,23.93679619,24.29742622,23.71140289,23.80155945,36997856,0,1,18.12721437,yahoo_bootstrap
2022-06-17,23.71140289,23.75648117,23.2606163,23.30569458,40135919,0,1,17.74956479,yahoo_bootstrap
2022-06-20,23.44093132,23.89171791,23.08030128,23.2606163,39372968,0,1,17.71523328,yahoo_bootstrap
2022-06-21,23.57616615,23.98187447,23.57616615,23.80155945,47614986,0,1,18.12721437,yahoo_bootstrap
2022-06-22,23.80155945,23.89171791,23.4860096,23.71140289,22099476,0,1,18.05855133,yahoo_bootstrap
2022-06-23,23.89171791,23.98187447,23.44093132,23.66632462,30461887,0,1,18.02421983,yahoo_bootstrap
2022-06-24,23.89171791,23.93679619,23.62124634,23.80155945,28779232,0,1,18.12721437,yahoo_bootstrap
2022-06-27,23.89171791,23.93679619,23.75648117,23.84663963,22058312,0,1,18.16154733,yahoo_bootstrap
2022-06-28,23.89171791,24.07203293,23.71140289,23.84663963,21950094,0,1,18.16154733,yahoo_bootstrap
2022-06-29,23.71140289,23.89171791,23.62124634,23.75648117,24621236,0,1,18.09288285,yahoo_bootstrap
2022-06-30,23.75648117,23.80155945,23.44093132,23.62124634,26092683,0,1,17.98988831,yahoo_bootstrap
2022-07-01,23.57616615,23.62124634,23.12537956,23.2606163,25993735,0,1,17.71523328,yahoo_bootstrap
2022-07-04,23.39585114,23.62124634,23.08030128,23.35077286,23383883,0,1,17.78389631,yahoo_bootstrap
2022-07-05,23.57616615,23.66632462,23.35077286,23.39585114,14151008,0,1,17.81822783,yahoo_bootstrap
2022-07-06,23.57616615,23.62124634,23.08030128,23.08030128,15650443,0,1,17.57790576,yahoo_bootstrap
2022-07-07,23.08030128,23.21553612,22.71967125,23.0352211,22145276,0,1,17.5435728,yahoo_bootstrap
2022-07-08,23.08030128,23.30569458,22.99014473,22.99014473,17062065,0,1,17.50924274,yahoo_bootstrap
2022-07-11,23.0352211,23.08030128,22.71967125,22.80982971,11230311,0,1,17.37191522,yahoo_bootstrap
2022-07-12,22.58443451,22.62951469,21.99841118,22.08856964,19887895,0,1,16.82260517,yahoo_bootstrap
2022-07-13,22.53935623,23.0352211,22.40411949,22.80982971,25797315,0,1,17.37191522,yahoo_bootstrap
2022-07-14,22.62951469,22.80982971,22.53935623,22.71967125,11324811,0,1,17.30325074,yahoo_bootstrap
2022-07-15,22.62951469,22.62951469,22.26888466,22.26888466,14462109,0,1,16.95993268,yahoo_bootstrap
2022-07-18,22.35904121,22.62951469,22.26888466,22.58443451,15676462,0,1,17.20025474,yahoo_bootstrap
2022-07-19,22.49427795,22.71967125,22.40411949,22.58443451,8663574,0,1,17.20025474,yahoo_bootstrap
2022-07-20,22.71967125,22.99014473,22.35904121,22.53935623,18497670,0,1,17.16592322,yahoo_bootstrap
2022-07-21,22.53935623,22.99014473,22.49427795,22.99014473,14884468,0,1,17.50924274,yahoo_bootstrap
2022-07-22,22.94506454,23.30569458,22.76474953,23.21553612,18511135,0,1,17.68090031,yahoo_bootstrap
2022-07-25,23.21553612,23.4860096,23.0352211,23.44093132,15698507,0,1,17.85256079,yahoo_bootstrap
2022-07-26,23.39585114,23.57616615,23.2606163,23.35077286,15944193,0,1,17.78389631,yahoo_bootstrap
2022-07-27,23.35077286,23.84663963,23.35077286,23.75648117,15983207,0,1,18.09288285,yahoo_bootstrap
2022-07-28,23.84663963,24.25234795,23.84663963,24.11711121,20144688,0,1,18.36753788,yahoo_bootstrap
2022-07-29,24.25234795,24.38758469,24.02695465,24.3425045,34116380,0,1,18.53919691,yahoo_bootstrap
2022-08-01,24.3425045,24.52281952,24.20726967,24.3425045,18050734,0,1,18.53919691,yahoo_bootstrap
2022-08-02,24.3425045,24.3425045,24.07203293,24.29742622,25520795,0,1,18.50486539,yahoo_bootstrap
2022-08-03,24.29742622,24.29742622,24.11711121,24.29742622,24680040,0,1,18.50486539,yahoo_bootstrap
2022-08-04,23.49592781,23.58788681,23.26602554,23.49592781,25490197,0.919606,1.02,18.9703213,yahoo_bootstrap
2022-08-05,23.49592781,23.67984772,23.49592781,23.58788681,12828940,0,1,19.04456786,yahoo_bootstrap
2022-08-08,23.4039669,23.54190636,23.22004509,23.4039669,21937657,0,1,18.8960732,yahoo_bootstrap
2022-08-09,23.49592781,23.90974808,23.44994736,23.81778908,10245726,0,1,19.23018811,yahoo_bootstrap
2022-08-10,23.81778908,24.32357216,23.77180862,24.1856308,12697905,0,1,19.52717896,yahoo_bootstrap
2022-08-11,24.64543343,24.64543343,24.32357216,24.64543343,16554521,0,1,19.89841791,yahoo_bootstrap
2022-08-12,24.59945488,24.64543343,24.36955261,24.50749207,9230243,0,1,19.78704577,yahoo_bootstrap
2022-08-15,24.59945488,24.64543343,24.36955261,24.46151352,8726184,0,1,19.74992326,yahoo_bootstrap
2022-08-16,24.41553307,24.50749207,24.27759171,24.41553307,12759532,0,1,19.71279921,yahoo_bootstrap
2022-08-17,24.55347252,24.64543343,24.36955261,24.64543343,13308933,0,1,19.89841791,yahoo_bootstrap
2022-08-18,24.55347252,24.64543343,24.46151352,24.64543343,6745414,0,1,19.89841791,yahoo_bootstrap
2022-08-19,24.46151352,24.69141388,24.41553307,24.64543343,9456886,0,1,19.89841791,yahoo_bootstrap
2022-08-22,24.36955261,24.50749207,24.32357216,24.46151352,4036512,0,1,19.74992326,yahoo_bootstrap
2022-08-23,24.27759171,24.27759171,24.00171089,24.04768944,12864898,0,1,19.41580682,yahoo_bootstrap
2022-08-24,24.04768944,24.23161125,23.95573044,24.13965034,8979680,0,1,19.49005491,yahoo_bootstrap
2022-08-25,24.23161125,24.46151352,24.1856308,24.41553307,7529479,0,1,19.71279921,yahoo_bootstrap
2022-08-26,24.55347252,24.55347252,24.41553307,24.50749207,5940366,0,1,19.78704577,yahoo_bootstrap
2022-08-29,23.95573044,24.36955261,23.95573044,24.23161125,13050191,0,1,19.56430301,yahoo_bootstrap
2022-08-30,24.13965034,24.41553307,24.00171089,24.23161125,12950127,0,1,19.56430301,yahoo_bootstrap
2022-08-31,24.0936718,24.46151352,24.0936718,24.41553307,12281400,0,1,19.71279921,yahoo_bootstrap
2022-09-01,24.0936718,24.32357216,24.00171089,24.1856308,17326500,0,1,19.52717896,yahoo_bootstrap
2022-09-02,24.27759171,24.27759171,24.00171089,24.04768944,7505792,0,1,19.41580682,yahoo_bootstrap
2022-09-05,24.27759171,24.55347252,24.23161125,24.32357216,11984049,0,1,19.63855111,yahoo_bootstrap
2022-09-06,24.41553307,24.64543343,24.32357216,24.46151352,14040103,0,1,19.74992326,yahoo_bootstrap
2022-09-07,24.1856308,24.46151352,24.04768944,24.0936718,15753538,0,1,19.4529324,yahoo_bootstrap
2022-09-08,24.32357216,24.36955261,24.0936718,24.32357216,10478550,0,1,19.63855111,yahoo_bootstrap
2022-09-12,24.59945488,24.78337479,24.41553307,24.64543343,14459471,0,1,19.89841791,yahoo_bootstrap
2022-09-13,24.69141388,24.73739433,24.55347252,24.59945488,12709516,0,1,19.8612954,yahoo_bootstrap
2022-09-14,24.32357216,24.46151352,24.1856308,24.27759171,12071608,0,1,19.60142706,yahoo_bootstrap
2022-09-15,24.1856308,24.50749207,24.1856308,24.32357216,9387209,0,1,19.63855111,yahoo_bootstrap
2022-09-16,24.23161125,24.87533569,24.23161125,24.73739433,40336415,0,1,19.97266601,yahoo_bootstrap
2022-09-19,24.73739433,24.82935524,24.46151352,24.46151352,11556196,0,1,19.74992326,yahoo_bootstrap
2022-09-20,24.50749207,24.59945488,24.36955261,24.36955261,12800728,0,1,19.67567515,yahoo_bootstrap
2022-09-21,24.50749207,24.73739433,24.46151352,24.59945488,18842550,0,1,19.8612954,yahoo_bootstrap
2022-09-22,24.36955261,24.55347252,24.1856308,24.36955261,16482148,0,1,19.67567515,yahoo_bootstrap
2022-09-23,24.41553307,24.64543343,24.36955261,24.50749207,9274115,0,1,19.78704577,yahoo_bootstrap
2022-09-26,24.36955261,24.36955261,24.13965034,24.13965034,18851432,0,1,19.49005491,yahoo_bootstrap
2022-09-27,24.0936718,24.46151352,24.0936718,24.46151352,21572096,0,1,19.74992326,yahoo_bootstrap
2022-09-28,24.32357216,24.46151352,24.00171089,24.23161125,24914158,0,1,19.56430301,yahoo_bootstrap
2022-09-29,24.23161125,24.32357216,24.04768944,24.23161125,20497229,0,1,19.56430301,yahoo_bootstrap
2022-09-30,24.1856308,24.1856308,23.90974808,23.90974808,22379791,0,1,19.30443467,yahoo_bootstrap
2022-10-03,23.72582817,23.77180862,23.35798645,23.58788681,21212457,0,1,19.04456786,yahoo_bootstrap
2022-10-04,23.67984772,23.77180862,23.17406464,23.49592781,22677819,0,1,18.9703213,yahoo_bootstrap
2022-10-05,23.49592781,23.63386726,23.4039669,23.4039669,18595275,0,1,18.8960732,yahoo_bootstrap
2022-10-06,23.44994736,23.72582817,23.4039669,23.72582817,20055688,0,1,19.15594001,yahoo_bootstrap
2022-10-07,23.49592781,23.54190636,23.35798645,23.44994736,13855463,0,1,18.93319726,yahoo_bootstrap
2022-10-11,23.22004509,23.22004509,22.85220337,22.99014473,32108788,0,1,18.56195831,yahoo_bootstrap
2022-10-12,22.99014473,23.26602554,22.89818382,23.12808418,11422192,0,1,18.67332891,yahoo_bootstrap
2022-10-13,23.03612328,23.12808418,22.30043983,22.57632065,27841348,0,1,18.22784187,yahoo_bootstrap
2022-10-14,22.71426201,22.76024246,22.34642029,22.48435974,20971668,0,1,18.15359376,yahoo_bootstrap
2022-10-17,22.30043983,22.30043983,21.97857666,22.07053757,18504403,0,1,17.81947887,yahoo_bootstrap
2022-10-18,22.25445938,22.34642029,21.97857666,22.11651802,14109234,0,1,17.85660291,yahoo_bootstrap
2022-10-19,22.11651802,22.25445938,21.79465675,21.8406353,16745843,0,1,17.63385862,yahoo_bootstrap
2022-10-20,21.47279358,22.02455711,21.24289322,21.8406353,32497197,0,1,17.63385862,yahoo_bootstrap
2022-10-21,21.88661766,22.39240074,21.7486763,22.20847893,13964151,0,1,17.93085101,yahoo_bootstrap
2022-10-24,22.48435974,22.6223011,22.25445938,22.53034019,19681354,0,1,18.19071781,yahoo_bootstrap
2022-10-25,22.76024246,22.76024246,22.30043983,22.76024246,21569561,0,1,18.37633806,yahoo_bootstrap
2022-10-26,22.89818382,22.99014473,22.6223011,22.85220337,14636673,0,1,18.45058616,yahoo_bootstrap
2022-10-27,22.99014473,23.08210373,22.57632065,22.6223011,19650805,0,1,18.26496591,yahoo_bootstrap
2022-10-28,22.80622292,22.85220337,22.48435974,22.57632065,11271036,0,1,18.22784187,yahoo_bootstrap
2022-10-31,22.80622292,22.89818382,22.66828156,22.76024246,11381300,0,1,18.37633806,yahoo_bootstrap
2022-11-01,22.71426201,22.94416237,22.57632065,22.89818382,11062029,0,1,18.48771021,yahoo_bootstrap
2022-11-02,22.89818382,22.94416237,22.66828156,22.76024246,9460612,0,1,18.37633806,yahoo_bootstrap
2022-11-03,22.48435974,22.6223011,22.34642029,22.57632065,13178990,0,1,18.22784187,yahoo_bootstrap
2022-11-04,22.39240074,22.94416237,22.30043983,22.94416237,15658797,0,1,18.52483272,yahoo_bootstrap
2022-11-07,22.94416237,22.99014473,22.76024246,22.94416237,13057930,0,1,18.52483272,yahoo_bootstrap
2022-11-08,22.99014473,23.08210373,22.89818382,23.08210373,11580538,0,1,18.63620486,yahoo_bootstrap
2022-11-09,23.12808418,23.26602554,22.99014473,23.26602554,12757216,0,1,18.78470106,yahoo_bootstrap
2022-11-10,23.17406464,23.312006,22.99014473,23.12808418,11460163,0,1,18.67332891,yahoo_bootstrap
2022-11-11,23.35798645,23.81778908,23.312006,23.81778908,24403916,0,1,19.23018811,yahoo_bootstrap
2022-11-14,23.86376953,23.90974808,23.63386726,23.72582817,22356821,0,1,19.15594001,yahoo_bootstrap
2022-11-15,23.49592781,23.86376953,23.35798645,23.81778908,15527393,0,1,19.23018811,yahoo_bootstrap
2022-11-16,23.67984772,23.81778908,23.44994736,23.63386726,20748847,0,1,19.08169191,yahoo_bootstrap
2022-11-17,23.54190636,23.58788681,23.312006,23.49592781,11023655,0,1,18.9703213,yahoo_bootstrap
2022-11-18,23.35798645,23.58788681,23.08210373,23.26602554,15751713,0,1,18.78470106,yahoo_bootstrap
2022-11-21,23.35798645,23.35798645,23.08210373,23.312006,10609070,0,1,18.82182511,yahoo_bootstrap
2022-11-22,23.4039669,23.4039669,23.08210373,23.26602554,11427309,0,1,18.78470106,yahoo_bootstrap
2022-11-23,23.35798645,23.49592781,23.26602554,23.4039669,15261615,0,1,18.8960732,yahoo_bootstrap
2022-11-24,23.58788681,23.63386726,23.312006,23.54190636,18962881,0,1,19.00744382,yahoo_bootstrap
2022-11-25,23.49592781,23.81778908,23.44994736,23.81778908,19140808,0,1,19.23018811,yahoo_bootstrap
2022-11-28,23.44994736,23.86376953,23.35798645,23.77180862,20315887,0,1,19.19306406,yahoo_bootstrap
2022-11-29,23.77180862,24.0936718,23.63386726,24.0936718,16805002,0,1,19.4529324,yahoo_bootstrap
2022-11-30,24.0936718,24.36955261,23.90974808,24.0936718,52767097,0,1,19.4529324,yahoo_bootstrap
2022-12-01,24.41553307,24.41553307,23.95573044,24.0936718,15700743,0,1,19.4529324,yahoo_bootstrap
2022-12-02,23.90974808,24.00171089,23.72582817,23.77180862,14115164,0,1,19.19306406,yahoo_bootstrap
2022-12-05,23.72582817,23.90974808,23.63386726,23.81778908,12313655,0,1,19.23018811,yahoo_bootstrap
2022-12-06,23.72582817,24.0936718,23.72582817,23.81778908,25648830,0,1,19.23018811,yahoo_bootstrap
2022-12-07,23.90974808,24.32357216,23.81778908,24.04768944,19843247,0,1,19.41580682,yahoo_bootstrap
2022-12-08,24.1856308,24.1856308,23.90974808,24.1856308,10569805,0,1,19.52717896,yahoo_bootstrap
2022-12-09,24.0936718,24.32357216,24.04768944,24.0936718,10627097,0,1,19.4529324,yahoo_bootstrap
2022-12-12,24.1856308,24.27759171,24.00171089,24.27759171,7709623,0,1,19.60142706,yahoo_bootstrap
2022-12-13,24.27759171,24.32357216,23.86376953,23.90974808,17637278,0,1,19.30443467,yahoo_bootstrap
2022-12-14,24.23161125,24.32357216,24.04768944,24.23161125,13256386,0,1,19.56430301,yahoo_bootstrap
2022-12-15,24.0936718,24.32357216,24.04768944,24.27759171,8276948,0,1,19.60142706,yahoo_bootstrap
2022-12-16,24.00171089,24.32357216,24.00171089,24.0936718,19469829,0,1,19.4529324,yahoo_bootstrap
2022-12-19,23.95573044,24.23161125,23.95573044,24.1856308,11791341,0,1,19.52717896,yahoo_bootstrap
2022-12-20,24.00171089,24.32357216,24.00171089,24.1856308,11732568,0,1,19.52717896,yahoo_bootstrap
2022-12-21,24.1856308,24.23161125,24.04768944,24.1856308,9429056,0,1,19.52717896,yahoo_bootstrap
2022-12-22,24.13965034,24.27759171,24.0936718,24.27759171,7357387,0,1,19.60142706,yahoo_bootstrap
2022-12-23,24.0936718,24.23161125,24.04768944,24.1856308,6910077,0,1,19.52717896,yahoo_bootstrap
2022-12-26,24.13965034,24.27759171,24.0936718,24.27759171,5815794,0,1,19.60142706,yahoo_bootstrap
2022-12-27,24.27759171,24.46151352,24.23161125,24.36955261,6637766,0,1,19.67567515,yahoo_bootstrap
2022-12-28,24.32357216,24.32357216,24.0936718,24.13965034,6778622,0,1,19.49005491,yahoo_bootstrap
2022-12-29,24.04768944,24.1856308,23.81778908,24.00171089,16602557,0,1,19.3786843,yahoo_bootstrap
2022-12-30,24.13965034,24.46151352,24.0936718,24.36955261,15427299,0,1,19.67567515,yahoo_bootstrap
2023-01-03,24.27759171,24.32357216,23.90974808,24.1856308,18468155,0,1,19.52717896,yahoo_bootstrap
2023-01-04,24.04768944,24.1856308,24.04768944,24.13965034,9192968,0,1,19.49005491,yahoo_bootstrap
2023-01-05,24.13965034,24.36955261,24.0936718,24.36955261,14657051,0,1,19.67567515,yahoo_bootstrap
2023-01-06,24.36955261,24.41553307,24.27759171,24.36955261,10062103,0,1,19.67567515,yahoo_bootstrap
2023-01-09,24.64543343,24.82935524,24.55347252,24.82935524,26120229,0,1,20.04691411,yahoo_bootstrap
2023-01-10,24.78337479,24.9672966,24.64543343,24.92131615,16840395,0,1,20.12116221,yahoo_bootstrap
2023-01-11,24.87533569,24.9672966,24.46151352,24.64543343,24875260,0,1,19.89841791,yahoo_bootstrap
2023-01-12,24.64543343,24.64543343,24.23161125,24.32357216,22801588,0,1,19.63855111,yahoo_bootstrap
2023-01-13,24.46151352,24.55347252,24.23161125,24.32357216,13477928,0,1,19.63855111,yahoo_bootstrap
2023-01-16,24.41553307,24.64543343,24.36955261,24.55347252,15758145,0,1,19.82416981,yahoo_bootstrap
2023-01-17,24.59945488,24.69141388,24.46151352,24.59945488,16795819,0,1,19.8612954,yahoo_bootstrap
2023-01-30,24.87533569,25.01327515,24.27759171,24.73739433,56138026,0,1,19.97266601,yahoo_bootstrap
2023-01-31,24.69141388,24.69141388,24.00171089,24.00171089,56850542,0,1,19.3786843,yahoo_bootstrap
2023-02-01,24.0936718,24.1856308,23.90974808,24.1856308,24235985,0,1,19.52717896,yahoo_bootstrap
2023-02-02,24.1856308,24.1856308,23.95573044,24.04768944,25341682,0,1,19.41580682,yahoo_bootstrap
2023-02-03,24.00171089,24.13965034,23.95573044,24.0936718,17789027,0,1,19.4529324,yahoo_bootstrap
2023-02-06,24.00171089,24.0936718,23.90974808,23.95573044,18868040,0,1,19.34156026,yahoo_bootstrap
2023-02-07,23.95573044,24.0936718,23.95573044,24.00171089,12188171,0,1,19.3786843,yahoo_bootstrap
2023-02-08,24.04768944,24.13965034,24.00171089,24.00171089,8349846,0,1,19.3786843,yahoo_bootstrap
2023-02-09,24.00171089,24.0936718,23.95573044,24.04768944,12608568,0,1,19.41580682,yahoo_bootstrap
2023-02-10,24.00171089,24.27759171,24.00171089,24.23161125,15196657,0,1,19.56430301,yahoo_bootstrap
2023-02-13,24.23161125,24.46151352,24.0936718,24.46151352,15465161,0,1,19.74992326,yahoo_bootstrap
2023-02-14,24.50749207,24.55347252,24.36955261,24.55347252,17276637,0,1,19.82416981,yahoo_bootstrap
2023-02-15,24.46151352,24.46151352,24.23161125,24.32357216,15142604,0,1,19.63855111,yahoo_bootstrap
2023-02-16,24.36955261,24.55347252,24.32357216,24.41553307,16024846,0,1,19.71279921,yahoo_bootstrap
2023-02-17,24.36955261,24.55347252,24.27759171,24.36955261,18197742,0,1,19.67567515,yahoo_bootstrap
2023-02-20,24.41553307,24.73739433,24.36955261,24.59945488,16876154,0,1,19.8612954,yahoo_bootstrap
2023-02-21,24.55347252,24.64543343,24.46151352,24.55347252,11044158,0,1,19.82416981,yahoo_bootstrap
2023-02-22,24.46151352,24.78337479,24.36955261,24.78337479,22194170,0,1,20.00979006,yahoo_bootstrap
2023-02-23,24.78337479,24.92131615,24.69141388,24.87533569,19959281,0,1,20.08403815,yahoo_bootstrap
2023-02-24,24.82935524,24.87533569,24.64543343,24.64543343,54784271,0,1,19.89841791,yahoo_bootstrap
2023-03-01,24.32357216,24.50749207,24.32357216,24.46151352,36640295,0,1,19.74992326,yahoo_bootstrap
2023-03-02,24.50749207,24.50749207,24.13965034,24.1856308,24324317,0,1,19.52717896,yahoo_bootstrap
2023-03-03,24.23161125,24.32357216,24.13965034,24.23161125,19050593,0,1,19.56430301,yahoo_bootstrap
2023-03-06,24.36955261,24.50749207,24.23161125,24.32357216,19836095,0,1,19.63855111,yahoo_bootstrap
2023-03-07,24.46151352,24.59945488,24.36955261,24.55347252,8284714,0,1,19.82416981,yahoo_bootstrap
2023-03-08,24.55347252,24.64543343,24.41553307,24.59945488,11579027,0,1,19.8612954,yahoo_bootstrap
2023-03-09,24.55347252,24.59945488,24.36955261,24.50749207,16206504,0,1,19.78704577,yahoo_bootstrap
2023-03-10,24.27759171,24.32357216,24.23161125,24.23161125,16709045,0,1,19.56430301,yahoo_bootstrap
2023-03-13,24.13965034,24.23161125,24.00171089,24.13965034,24635799,0,1,19.49005491,yahoo_bootstrap
2023-03-14,24.04768944,24.0936718,23.90974808,23.90974808,25448191,0,1,19.30443467,yahoo_bootstrap
2023-03-15,24.04768944,24.0936718,23.81778908,23.81778908,19125546,0,1,19.23018811,yahoo_bootstrap
2023-03-16,23.63386726,23.81778908,23.44994736,23.72582817,21933783,0,1,19.15594001,yahoo_bootstrap
2023-03-17,23.81778908,23.86376953,23.67984772,23.72582817,19349917,0,1,19.15594001,yahoo_bootstrap
2023-03-20,23.63386726,23.67984772,23.4039669,23.58788681,15416290,0,1,19.04456786,yahoo_bootstrap
2023-03-21,23.58788681,24.04768944,23.58788681,23.77180862,7678319,0,1,19.19306406,yahoo_bootstrap
2023-03-22,23.95573044,24.13965034,23.90974808,24.0936718,8649362,0,1,19.4529324,yahoo_bootstrap
2023-03-23,24.13965034,24.27759171,23.95573044,24.27759171,12358810,0,1,19.60142706,yahoo_bootstrap
2023-03-24,24.27759171,24.27759171,24.04768944,24.23161125,9020279,0,1,19.56430301,yahoo_bootstrap
2023-03-27,24.1856308,24.27759171,24.13965034,24.23161125,8001215,0,1,19.56430301,yahoo_bootstrap
2023-03-28,24.23161125,24.32357216,24.13965034,24.13965034,7680197,0,1,19.49005491,yahoo_bootstrap
2023-03-29,24.1856308,24.36955261,24.13965034,24.32357216,11084664,0,1,19.63855111,yahoo_bootstrap
2023-03-30,24.36955261,24.41553307,24.1856308,24.27759171,8895881,0,1,19.60142706,yahoo_bootstrap
2023-03-31,24.27759171,24.41553307,24.23161125,24.32357216,11911946,0,1,19.63855111,yahoo_bootstrap
2023-04-06,24.41553307,24.46151352,24.23161125,24.46151352,11525861,0,1,19.74992326,yahoo_bootstrap
2023-04-07,24.50749207,24.50749207,24.36955261,24.36955261,4007246,0,1,19.67567515,yahoo_bootstrap
2023-04-10,24.36955261,24.46151352,24.32357216,24.41553307,5930348,0,1,19.71279921,yahoo_bootstrap
2023-04-11,24.36955261,24.55347252,24.36955261,24.50749207,7999863,0,1,19.78704577,yahoo_bootstrap
2023-04-12,24.50749207,24.55347252,24.46151352,24.55347252,8449233,0,1,19.82416981,yahoo_bootstrap
2023-04-13,24.55347252,24.59945488,24.50749207,24.59945488,9297724,0,1,19.8612954,yahoo_bootstrap
2023-04-14,24.59945488,24.69141388,24.50749207,24.69141388,11547032,0,1,19.93554196,yahoo_bootstrap
2023-04-17,24.69141388,24.78337479,24.55347252,24.59945488,8794293,0,1,19.8612954,yahoo_bootstrap
2023-04-18,24.59945488,24.73739433,24.55347252,24.73739433,8316981,0,1,19.97266601,yahoo_bootstrap
2023-04-19,24.73739433,24.78337479,24.64543343,24.69141388,7692365,0,1,19.93554196,yahoo_bootstrap
2023-04-20,24.64543343,24.69141388,24.59945488,24.64543343,6902521,0,1,19.89841791,yahoo_bootstrap
2023-04-21,24.64543343,24.73739433,24.59945488,24.73739433,8030036,0,1,19.97266601,yahoo_bootstrap
2023-04-24,24.69141388,24.78337479,24.55347252,24.78337479,6497267,0,1,20.00979006,yahoo_bootstrap
2023-04-25,24.78337479,24.92131615,24.69141388,24.73739433,19809429,0,1,19.97266601,yahoo_bootstrap
2023-04-26,24.73739433,24.87533569,24.64543343,24.87533569,17004141,0,1,20.08403815,yahoo_bootstrap
2023-04-27,24.78337479,24.87533569,24.73739433,24.82935524,10096639,0,1,20.04691411,yahoo_bootstrap
2023-04-28,24.82935524,24.92131615,24.73739433,24.92131615,12908965,0,1,20.12116221,yahoo_bootstrap
2023-05-02,24.92131615,25.05925751,24.87533569,25.01327515,18545379,0,1,20.19540877,yahoo_bootstrap
2023-05-03,24.9672966,25.01327515,24.69141388,24.78337479,19058948,0,1,20.00979006,yahoo_bootstrap
2023-05-04,24.73739433,24.87533569,24.69141388,24.87533569,17711138,0,1,20.08403815,yahoo_bootstrap
2023-05-05,24.87533569,24.9672966,24.78337479,24.92131615,11742984,0,1,20.12116221,yahoo_bootstrap
2023-05-08,25.01327515,25.24317741,24.9672966,25.19719696,14704652,0,1,20.34390496,yahoo_bootstrap
2023-05-09,25.19719696,25.38111877,25.15121651,25.33513832,12644820,0,1,20.45527711,yahoo_bootstrap
2023-05-10,25.38111877,25.38111877,25.24317741,25.28915787,8574540,0,1,20.41815306,yahoo_bootstrap
2023-05-11,25.33513832,25.33513832,25.15121651,25.28915787,7868147,0,1,20.41815306,yahoo_bootstrap
2023-05-12,25.24317741,25.24317741,25.01327515,25.05925751,11840431,0,1,20.23253435,yahoo_bootstrap
2023-05-15,24.9672966,25.28915787,24.92131615,25.19719696,9875067,0,1,20.34390496,yahoo_bootstrap
2023-05-16,25.24317741,25.38111877,25.19719696,25.33513832,12955167,0,1,20.45527711,yahoo_bootstrap
2023-05-17,25.33513832,25.74896049,25.28915787,25.65699959,22642176,0,1,20.71514391,yahoo_bootstrap
2023-05-18,25.70298195,25.79494095,25.65699959,25.79494095,16822926,0,1,20.82651606,yahoo_bootstrap
2023-05-19,25.79494095,25.8409214,25.65699959,25.8409214,14628659,0,1,20.8636401,yahoo_bootstrap
2023-05-22,25.74896049,25.88690186,25.70298195,25.74896049,14168504,0,1,20.789392,yahoo_bootstrap
2023-05-23,25.8409214,25.88690186,25.70298195,25.88690186,14534677,0,1,20.90076416,yahoo_bootstrap
2023-05-24,25.74896049,25.74896049,25.51905823,25.74896049,16349930,0,1,20.789392,yahoo_bootstrap
2023-05-25,25.56504059,25.74896049,25.47307968,25.51905823,16141792,0,1,20.60377177,yahoo_bootstrap
2023-05-26,25.42709923,25.61101913,25.33513832,25.51905823,13649440,0,1,20.60377177,yahoo_bootstrap
2023-05-29,25.61101913,25.74896049,25.51905823,25.74896049,12765785,0,1,20.789392,yahoo_bootstrap
2023-05-30,25.74896049,25.88690186,25.65699959,25.8409214,18748324,0,1,20.8636401,yahoo_bootstrap
2023-05-31,25.8409214,25.8409214,25.65699959,25.8409214,51804758,0,1,20.8636401,yahoo_bootstrap
2023-06-01,25.56504059,25.56504059,25.33513832,25.42709923,31779448,0,1,20.52952521,yahoo_bootstrap
2023-06-02,25.51905823,25.51905823,25.33513832,25.38111877,22422895,0,1,20.49240115,yahoo_bootstrap
2023-06-05,25.42709923,25.70298195,25.42709923,25.51905823,15290002,0,1,20.60377177,yahoo_bootstrap
2023-06-06,25.51905823,25.70298195,25.47307968,25.51905823,11129085,0,1,20.60377177,yahoo_bootstrap
2023-06-07,25.51905823,25.65699959,25.51905823,25.65699959,12947867,0,1,20.71514391,yahoo_bootstrap
2023-06-08,25.70298195,25.74896049,25.61101913,25.70298195,9638063,0,1,20.7522695,yahoo_bootstrap
2023-06-09,25.74896049,25.74896049,25.65699959,25.70298195,10098207,0,1,20.7522695,yahoo_bootstrap
2023-06-12,25.70298195,25.8409214,25.65699959,25.65699959,12899381,0,1,20.71514391,yahoo_bootstrap
2023-06-13,25.65699959,25.79494095,25.56504059,25.65699959,12372374,0,1,20.71514391,yahoo_bootstrap
2023-06-14,25.65699959,25.74896049,25.61101913,25.61101913,9183035,0,1,20.67801986,yahoo_bootstrap
2023-06-15,25.61101913,25.70298195,25.38111877,25.47307968,16874981,0,1,20.56664925,yahoo_bootstrap
2023-06-16,25.47307968,25.61101913,25.38111877,25.38111877,21758143,0,1,20.49240115,yahoo_bootstrap
2023-06-19,25.38111877,25.56504059,25.33513832,25.56504059,7108207,0,1,20.64089735,yahoo_bootstrap
2023-06-20,25.56504059,25.61101913,25.47307968,25.56504059,11470972,0,1,20.64089735,yahoo_bootstrap
2023-06-21,25.51905823,25.74896049,25.47307968,25.65699959,11670777,0,1,20.71514391,yahoo_bootstrap
2023-06-26,25.56504059,25.65699959,25.33513832,25.51905823,14471486,0,1,20.60377177,yahoo_bootstrap
2023-06-27,25.42709923,25.65699959,25.42709923,25.47307968,7108360,0,1,20.56664925,yahoo_bootstrap
2023-06-28,25.56504059,25.56504059,25.33513832,25.42709923,22620297,0,1,20.52952521,yahoo_bootstrap
2023-06-29,25.56504059,25.56504059,25.33513832,25.47307968,11705429,0,1,20.56664925,yahoo_bootstrap
2023-06-30,25.33513832,25.51905823,25.33513832,25.42709923,12588740,0,1,20.52952521,yahoo_bootstrap
2023-07-03,25.56504059,25.56504059,25.42709923,25.47307968,7741627,0,1,20.56664925,yahoo_bootstrap
2023-07-04,25.47307968,25.56504059,25.42709923,25.56504059,8739535,0,1,20.64089735,yahoo_bootstrap
2023-07-05,25.47307968,25.61101913,25.47307968,25.56504059,7949476,0,1,20.64089735,yahoo_bootstrap
2023-07-06,25.56504059,25.56504059,25.19719696,25.19719696,24803032,0,1,20.34390496,yahoo_bootstrap
2023-07-07,25.05925751,25.15121651,24.87533569,25.01327515,16128203,0,1,20.19540877,yahoo_bootstrap
2023-07-10,25.01327515,25.33513832,24.9672966,25.10523605,13376922,0,1,20.26965686,yahoo_bootstrap
2023-07-11,25.24317741,25.56504059,25.24317741,25.56504059,11864874,0,1,20.64089735,yahoo_bootstrap
2023-07-12,25.28915787,25.65699959,25.28915787,25.65699959,12778707,0,1,20.71514391,yahoo_bootstrap
2023-07-13,25.65699959,25.74896049,25.65699959,25.65699959,10784836,0,1,20.71514391,yahoo_bootstrap
2023-07-14,25.65699959,25.88690186,25.61101913,25.88690186,15485887,0,1,20.90076416,yahoo_bootstrap
2023-07-17,25.88690186,26.02484322,25.8409214,25.97886276,13945793,0,1,20.97501225,yahoo_bootstrap
2023-07-18,26.02484322,26.20876312,25.97886276,26.02484322,17445208,0,1,21.01213631,yahoo_bootstrap
2023-07-19,26.11680222,26.20876312,25.74896049,25.88690186,13192137,0,1,20.90076416,yahoo_bootstrap
2023-07-20,26.02484322,26.02484322,25.8409214,26.02484322,9424051,0,1,21.01213631,yahoo_bootstrap
2023-07-21,25.93288231,26.11680222,25.8409214,25.93288231,13068005,0,1,20.93788821,yahoo_bootstrap
2023-07-24,25.93288231,25.93288231,25.74896049,25.79494095,9221404,0,1,20.82651606,yahoo_bootstrap
2023-07-25,25.93288231,26.07082367,25.8409214,26.07082367,11715108,0,1,21.04926035,yahoo_bootstrap
2023-07-26,26.07082367,26.39268494,25.97886276,26.39268494,21724215,0,1,21.30912716,yahoo_bootstrap
2023-07-27,26.39268494,26.48464584,26.25474358,26.39268494,19018342,0,1,21.30912716,yahoo_bootstrap
2023-07-28,26.5306263,26.57660675,26.39268494,26.48464584,11428967,0,1,21.38337525,yahoo_bootstrap
2023-07-31,26.6225853,26.94444847,26.57660675,26.7145462,18313883,0,1,21.56899396,yahoo_bootstrap
2023-08-01,26.76052666,26.89846802,26.66856766,26.89846802,15213278,0,1,21.71749016,yahoo_bootstrap
2023-08-02,26.76052666,26.85248756,26.48464584,26.57660675,28722041,0,1,21.45762335,yahoo_bootstrap
2023-08-04,26.57660675,26.66856766,26.39268494,26.43866539,26344597,0,1,21.3462512,yahoo_bootstrap
2023-08-07,26.43866539,26.76052666,26.39268494,26.6225853,21978683,0,1,21.49474586,yahoo_bootstrap
2023-08-08,26.6225853,26.7145462,26.48464584,26.5306263,18905762,0,1,21.4204993,yahoo_bootstrap
2023-08-09,26.57660675,26.85248756,26.57660675,26.80650711,28820955,0,1,21.64324206,yahoo_bootstrap
2023-08-10,26.85248756,26.94444847,26.7145462,26.89846802,40097672,0,1,21.71749016,yahoo_bootstrap
2023-08-11,26.3319912,26.37935066,25.76367569,25.76367569,53190394,0.757755,1.03,22.04637815,yahoo_bootstrap
2023-08-14,25.76367569,25.76367569,25.29007721,25.43215752,24626810,0,1,21.7626929,yahoo_bootstrap
2023-08-15,25.43215752,25.47951508,25.10063934,25.10063934,20503491,0,1,21.47900763,yahoo_bootstrap
2023-08-16,24.91119957,24.95856094,24.62704277,24.7217617,22247011,0,1,21.15479614,yahoo_bootstrap
2023-08-17,24.62704277,24.8638401,24.437603,24.7217617,22935183,0,1,21.15479614,yahoo_bootstrap
2023-08-18,24.76912117,25.14799881,24.7217617,24.81648064,19916858,0,1,21.23584861,yahoo_bootstrap
2023-08-21,24.91119957,25.0059185,24.81648064,24.8638401,15361682,0,1,21.27637484,yahoo_bootstrap
2023-08-22,24.95856094,24.95856094,24.76912117,24.8638401,9133506,0,1,21.27637484,yahoo_bootstrap
2023-08-23,24.91119957,25.0059185,24.8638401,24.91119957,13137307,0,1,21.31690107,yahoo_bootstrap
2023-08-24,25.0059185,25.19535828,24.95856094,25.05327988,14626441,0,1,21.4384814,yahoo_bootstrap
2023-08-25,25.10063934,25.19535828,24.8638401,24.8638401,17727684,0,1,21.27637484,yahoo_bootstrap
2023-08-28,24.95856094,25.29007721,24.95856094,25.14799881,8511908,0,1,21.51953387,yahoo_bootstrap
2023-08-29,25.19535828,25.29007721,25.10063934,25.29007721,8455684,0,1,21.64111256,yahoo_bootstrap
2023-08-30,25.38479614,25.38479614,25.19535828,25.29007721,12977493,0,1,21.64111256,yahoo_bootstrap
2023-08-31,25.38479614,25.38479614,24.91119957,24.91119957,37878850,0,1,21.31690107,yahoo_bootstrap
2023-09-01,24.91119957,25.24271774,24.91119957,25.05327988,9158698,0,1,21.4384814,yahoo_bootstrap
2023-09-04,25.05327988,25.24271774,25.05327988,25.19535828,7001839,0,1,21.5600601,yahoo_bootstrap
2023-09-05,25.14799881,25.24271774,25.10063934,25.19535828,6820283,0,1,21.5600601,yahoo_bootstrap
2023-09-06,25.10063934,25.19535828,25.0059185,25.0059185,13629968,0,1,21.39795353,yahoo_bootstrap
2023-09-07,25.0059185,25.10063934,24.95856094,25.05327988,8611214,0,1,21.4384814,yahoo_bootstrap
2023-09-08,25.05327988,25.19535828,25.05327988,25.14799881,5352461,0,1,21.51953387,yahoo_bootstrap
2023-09-11,25.14799881,25.19535828,25.05327988,25.19535828,8660370,0,1,21.5600601,yahoo_bootstrap
2023-09-12,25.19535828,25.33743668,25.14799881,25.33743668,13963437,0,1,21.6816388,yahoo_bootstrap
2023-09-13,25.29007721,25.33743668,25.19535828,25.33743668,7853341,0,1,21.6816388,yahoo_bootstrap
2023-09-14,25.38479614,25.66895485,25.29007721,25.66895485,13280374,0,1,21.96532405,yahoo_bootstrap
2023-09-15,25.71631432,25.71631432,25.33743668,25.47951508,26762001,0,1,21.8032175,yahoo_bootstrap
2023-09-18,25.47951508,25.62159538,25.47951508,25.57423592,5404910,0,1,21.88427159,yahoo_bootstrap
2023-09-19,25.57423592,25.66895485,25.47951508,25.66895485,7362425,0,1,21.96532405,yahoo_bootstrap
2023-09-20,25.57423592,25.57423592,25.43215752,25.57423592,10572848,0,1,21.88427159,yahoo_bootstrap
2023-09-21,25.52687645,25.52687645,25.10063934,25.14799881,16305691,0,1,21.51953387,yahoo_bootstrap
2023-09-22,25.05327988,25.24271774,25.05327988,25.24271774,10117625,0,1,21.60058633,yahoo_bootstrap
2023-09-25,25.24271774,25.47951508,25.19535828,25.47951508,8533929,0,1,21.8032175,yahoo_bootstrap
2023-09-26,25.38479614,25.43215752,25.10063934,25.14799881,14274071,0,1,21.51953387,yahoo_bootstrap
2023-09-27,25.10063934,25.14799881,25.0059185,25.10063934,11654955,0,1,21.47900763,yahoo_bootstrap
2023-09-28,25.10063934,25.19535828,25.05327988,25.14799881,7649928,0,1,21.51953387,yahoo_bootstrap
2023-10-02,25.14799881,25.19535828,25.10063934,25.14799881,9947612,0,1,21.51953387,yahoo_bootstrap
2023-10-03,25.05327988,25.10063934,24.95856094,25.0059185,7989550,0,1,21.39795353,yahoo_bootstrap
2023-10-04,24.81648064,24.91119957,24.62704277,24.62704277,26673284,0,1,21.07374368,yahoo_bootstrap
2023-10-05,24.67440224,24.95856094,24.62704277,24.81648064,12615393,0,1,21.23584861,yahoo_bootstrap
2023-10-06,24.81648064,25.19535828,24.81648064,25.14799881,10618643,0,1,21.51953387,yahoo_bootstrap
2023-10-11,25.29007721,25.47951508,25.05327988,25.43215752,21032939,0,1,21.7626929,yahoo_bootstrap
2023-10-12,25.52687645,25.57423592,25.33743668,25.57423592,13711748,0,1,21.88427159,yahoo_bootstrap
2023-10-13,25.38479614,25.43215752,25.19535828,25.29007721,9345951,0,1,21.64111256,yahoo_bootstrap
2023-10-16,25.19535828,25.38479614,25.14799881,25.33743668,10509824,0,1,21.6816388,yahoo_bootstrap
2023-10-17,25.38479614,25.38479614,25.10063934,25.24271774,11060146,0,1,21.60058633,yahoo_bootstrap
2023-10-18,25.33743668,25.33743668,25.14799881,25.29007721,9236289,0,1,21.64111256,yahoo_bootstrap
2023-10-19,25.14799881,25.19535828,24.95856094,25.0059185,11556395,0,1,21.39795353,yahoo_bootstrap
2023-10-20,24.81648064,24.95856094,24.53232193,24.81648064,20866120,0,1,21.23584861,yahoo_bootstrap
2023-10-23,24.76912117,24.91119957,24.62704277,24.62704277,10704288,0,1,21.07374368,yahoo_bootstrap
2023-10-24,24.67440224,24.76912117,24.5796814,24.62704277,12562343,0,1,21.07374368,yahoo_bootstrap
2023-10-25,24.7217617,24.81648064,24.5796814,24.5796814,10626040,0,1,21.03321582,yahoo_bootstrap
2023-10-26,24.48496246,24.62704277,24.437603,24.48496246,15366978,0,1,20.95216334,yahoo_bootstrap
2023-10-27,24.5796814,24.76912117,24.53232193,24.62704277,7891126,0,1,21.07374368,yahoo_bootstrap
2023-10-30,24.62704277,24.7217617,24.53232193,24.53232193,11204044,0,1,20.99268958,yahoo_bootstrap
2023-10-31,24.53232193,24.62704277,24.48496246,24.53232193,9084522,0,1,20.99268958,yahoo_bootstrap
2023-11-01,24.62704277,24.91119957,24.5796814,24.76912117,6046705,0,1,21.19532237,yahoo_bootstrap
2023-11-02,24.91119957,25.10063934,24.8638401,24.95856094,7379106,0,1,21.35742893,yahoo_bootstrap
2023-11-03,25.10063934,25.33743668,24.95856094,25.29007721,10717624,0,1,21.64111256,yahoo_bootstrap
2023-11-06,25.38479614,25.57423592,25.29007721,25.47951508,16179764,0,1,21.8032175,yahoo_bootstrap
2023-11-07,25.47951508,25.47951508,25.33743668,25.43215752,8141010,0,1,21.7626929,yahoo_bootstrap
2023-11-08,25.52687645,25.52687645,25.33743668,25.43215752,9619810,0,1,21.7626929,yahoo_bootstrap
2023-11-09,25.47951508,25.52687645,25.33743668,25.38479614,8520202,0,1,21.72216503,yahoo_bootstrap
2023-11-10,25.33743668,25.52687645,25.29007721,25.43215752,7107463,0,1,21.7626929,yahoo_bootstrap
2023-11-13,25.43215752,25.47951508,25.29007721,25.47951508,8993307,0,1,21.8032175,yahoo_bootstrap
2023-11-14,25.52687645,25.57423592,25.38479614,25.52687645,9699285,0,1,21.84374536,yahoo_bootstrap
2023-11-15,25.66895485,25.76367569,25.57423592,25.71631432,19577353,0,1,22.00585029,yahoo_bootstrap
2023-11-16,25.81103325,26.04783249,25.76367569,26.04783249,23237267,0,1,22.28953555,yahoo_bootstrap
2023-11-17,26.04783249,26.1899128,25.90575409,26.09519196,15929769,0,1,22.33006178,yahoo_bootstrap
2023-11-20,26.04783249,26.04783249,25.81103325,26.00047302,9572828,0,1,22.24900931,yahoo_bootstrap
2023-11-21,26.04783249,26.37935066,26.00047302,26.37935066,23990606,0,1,22.5732208,yahoo_bootstrap
2023-11-22,26.28463173,26.37935066,26.1899128,26.23727226,10537422,0,1,22.45164211,yahoo_bootstrap
2023-11-23,26.1899128,26.3319912,26.04783249,26.1899128,11318338,0,1,22.41111588,yahoo_bootstrap
2023-11-24,26.23727226,26.42671013,26.09519196,26.1899128,14670353,0,1,22.41111588,yahoo_bootstrap
2023-11-27,26.23727226,26.4740696,26.00047302,26.00047302,17765691,0,1,22.24900931,yahoo_bootstrap
2023-11-28,26.1899128,26.4740696,26.09519196,26.14255142,22693075,0,1,22.37058801,yahoo_bootstrap
2023-11-29,26.28463173,26.37935066,26.04783249,26.04783249,17141978,0,1,22.28953555,yahoo_bootstrap
2023-11-30,26.09519196,26.3319912,26.09519196,26.23727226,34170814,0,1,22.45164211,yahoo_bootstrap
2023-12-01,26.14255142,26.23727226,25.85839462,25.90575409,16923713,0,1,22.16795685,yahoo_bootstrap
2023-12-04,25.90575409,26.09519196,25.81103325,25.90575409,16578783,0,1,22.16795685,yahoo_bootstrap
2023-12-05,25.81103325,25.90575409,25.76367569,25.90575409,9813671,0,1,22.16795685,yahoo_bootstrap
2023-12-06,25.90575409,26.28463173,25.90575409,26.14255142,12009567,0,1,22.37058801,yahoo_bootstrap
2023-12-07,26.04783249,26.14255142,25.95311356,26.00047302,7638697,0,1,22.24900931,yahoo_bootstrap
2023-12-08,26.1899128,26.1899128,26.00047302,26.14255142,7379419,0,1,22.37058801,yahoo_bootstrap
2023-12-11,26.14255142,26.1899128,25.95311356,26.09519196,6938206,0,1,22.33006178,yahoo_bootstrap
2023-12-12,26.1899128,26.1899128,25.95311356,26.04783249,8655785,0,1,22.28953555,yahoo_bootstrap
2023-12-13,26.04783249,26.04783249,25.81103325,25.95311356,9076123,0,1,22.20848308,yahoo_bootstrap
2023-12-14,25.95311356,26.23727226,25.90575409,26.14255142,11948065,0,1,22.37058801,yahoo_bootstrap
2023-12-15,26.23727226,26.23727226,25.90575409,25.90575409,21383013,0,1,22.16795685,yahoo_bootstrap
2023-12-18,25.90575409,26.04783249,25.90575409,26.04783249,5882921,0,1,22.28953555,yahoo_bootstrap
2023-12-19,25.85839462,25.90575409,25.71631432,25.76367569,11384504,0,1,22.04637815,yahoo_bootstrap
2023-12-20,25.76367569,25.85839462,25.38479614,25.47951508,20120681,0,1,21.8032175,yahoo_bootstrap
2023-12-21,25.29007721,25.43215752,25.24271774,25.38479614,9527688,0,1,21.72216503,yahoo_bootstrap
2023-12-22,25.38479614,25.47951508,25.29007721,25.33743668,7424021,0,1,21.6816388,yahoo_bootstrap
2023-12-25,25.33743668,25.47951508,25.24271774,25.43215752,4192761,0,1,21.7626929,yahoo_bootstrap
2023-12-26,25.43215752,25.57423592,25.38479614,25.57423592,5673251,0,1,21.88427159,yahoo_bootstrap
2023-12-27,25.57423592,25.76367569,25.52687645,25.76367569,10250731,0,1,22.04637815,yahoo_bootstrap
2023-12-28,25.66895485,26.00047302,25.66895485,26.00047302,10021990,0,1,22.24900931,yahoo_bootstrap
2023-12-29,25.95311356,26.00047302,25.81103325,25.95311356,9157741,0,1,22.20848308,yahoo_bootstrap
2024-01-02,25.85839462,26.00047302,25.76367569,25.81103325,11983596,0,1,22.08690275,yahoo_bootstrap
2024-01-03,25.66895485,25.71631432,25.38479614,25.57423592,13905163,0,1,21.88427159,yahoo_bootstrap
2024-01-04,25.57423592,25.76367569,25.47951508,25.57423592,8169616,0,1,21.88427159,yahoo_bootstrap
2024-01-05,25.57423592,25.81103325,25.57423592,25.57423592,9041860,0,1,21.88427159,yahoo_bootstrap
2024-01-08,25.57423592,25.95311356,25.57423592,25.81103325,9693504,0,1,22.08690275,yahoo_bootstrap
2024-01-09,25.85839462,25.90575409,25.57423592,25.62159538,9664246,0,1,21.92479782,yahoo_bootstrap
2024-01-10,25.71631432,25.71631432,25.47951508,25.47951508,9204794,0,1,21.8032175,yahoo_bootstrap
2024-01-11,25.47951508,25.76367569,25.47951508,25.62159538,9183824,0,1,21.92479782,yahoo_bootstrap
2024-01-12,25.47951508,25.62159538,25.43215752,25.47951508,8789742,0,1,21.8032175,yahoo_bootstrap
2024-01-15,25.47951508,25.57423592,25.38479614,25.38479614,12203029,0,1,21.72216503,yahoo_bootstrap
2024-01-16,25.29007721,25.38479614,25.05327988,25.10063934,23460770,0,1,21.47900763,yahoo_bootstrap
2024-01-17,24.91119957,25.05327988,24.7217617,24.7217617,31214660,0,1,21.15479614,yahoo_bootstrap
2024-01-18,24.76912117,25.0059185,24.76912117,24.81648064,11281793,0,1,21.23584861,yahoo_bootstrap
2024-01-19,24.76912117,25.10063934,24.7217617,25.05327988,13180432,0,1,21.4384814,yahoo_bootstrap
2024-01-22,25.10063934,25.14799881,25.0059185,25.0059185,9552170,0,1,21.39795353,yahoo_bootstrap
2024-01-23,25.0059185,25.19535828,24.95856094,25.10063934,9616731,0,1,21.47900763,yahoo_bootstrap
2024-01-24,25.05327988,25.24271774,25.05327988,25.19535828,7980320,0,1,21.5600601,yahoo_bootstrap
2024-01-25,25.19535828,25.33743668,25.14799881,25.24271774,6797692,0,1,21.60058633,yahoo_bootstrap
2024-01-26,25.14799881,25.52687645,25.14799881,25.43215752,9808682,0,1,21.7626929,yahoo_bootstrap
2024-01-29,25.38479614,25.52687645,25.33743668,25.38479614,7785372,0,1,21.72216503,yahoo_bootstrap
2024-01-30,25.38479614,25.47951508,25.10063934,25.10063934,12176923,0,1,21.47900763,yahoo_bootstrap
2024-01-31,25.10063934,25.29007721,25.05327988,25.19535828,11674018,0,1,21.5600601,yahoo_bootstrap
2024-02-01,25.33743668,25.47951508,25.24271774,25.47951508,16668652,0,1,21.8032175,yahoo_bootstrap
2024-02-02,25.47951508,25.62159538,25.38479614,25.57423592,9024044,0,1,21.88427159,yahoo_bootstrap
2024-02-05,25.29007721,25.52687645,25.24271774,25.38479614,11567908,0,1,21.72216503,yahoo_bootstrap
2024-02-15,25.33743668,25.66895485,25.29007721,25.33743668,20920432,0,1,21.6816388,yahoo_bootstrap
2024-02-16,25.38479614,25.71631432,25.33743668,25.43215752,11903532,0,1,21.7626929,yahoo_bootstrap
2024-02-19,25.62159538,25.81103325,25.47951508,25.76367569,16070321,0,1,22.04637815,yahoo_bootstrap
2024-02-20,25.62159538,26.04783249,25.62159538,25.95311356,13536230,0,1,22.20848308,yahoo_bootstrap
2024-02-21,25.95311356,25.95311356,25.71631432,25.76367569,12550166,0,1,22.04637815,yahoo_bootstrap
2024-02-22,25.76367569,25.85839462,25.71631432,25.81103325,10513896,0,1,22.08690275,yahoo_bootstrap
2024-02-23,25.76367569,25.81103325,25.71631432,25.71631432,6474093,0,1,22.00585029,yahoo_bootstrap
2024-02-26,25.62159538,25.62159538,25.47951508,25.47951508,17010221,0,1,21.8032175,yahoo_bootstrap
2024-02-27,25.47951508,25.66895485,25.47951508,25.47951508,13813927,0,1,21.8032175,yahoo_bootstrap
2024-02-29,25.47951508,25.81103325,25.47951508,25.66895485,27707108,0,1,21.96532405,yahoo_bootstrap
2024-03-01,25.57423592,25.66895485,25.57423592,25.62159538,9195944,0,1,21.92479782,yahoo_bootstrap
2024-03-04,25.52687645,25.62159538,25.43215752,25.52687645,21404356,0,1,21.84374536,yahoo_bootstrap
2024-03-05,25.52687645,25.57423592,25.47951508,25.47951508,16982655,0,1,21.8032175,yahoo_bootstrap
2024-03-06,25.57423592,25.66895485,25.47951508,25.66895485,10211525,0,1,21.96532405,yahoo_bootstrap
2024-03-07,25.47951508,25.66895485,25.47951508,25.57423592,12024740,0,1,21.88427159,yahoo_bootstrap
2024-03-08,25.52687645,25.76367569,25.52687645,25.66895485,15114276,0,1,21.96532405,yahoo_bootstrap
2024-03-11,25.62159538,25.76367569,25.57423592,25.62159538,10406733,0,1,21.92479782,yahoo_bootstrap
2024-03-12,25.66895485,25.76367569,25.57423592,25.62159538,12668831,0,1,21.92479782,yahoo_bootstrap
2024-03-13,25.57423592,25.85839462,25.57423592,25.81103325,18599975,0,1,22.08690275,yahoo_bootstrap
2024-03-14,25.81103325,26.1899128,25.81103325,26.1899128,28591083,0,1,22.41111588,yahoo_bootstrap
2024-03-15,26.1899128,26.1899128,25.90575409,26.14255142,40223997,0,1,22.37058801,yahoo_bootstrap
2024-03-18,26.09519196,26.14255142,25.90575409,26.00047302,13483642,0,1,22.24900931,yahoo_bootstrap
2024-03-19,25.85839462,26.00047302,25.85839462,25.90575409,11673967,0,1,22.16795685,yahoo_bootstrap
2024-03-20,25.85839462,25.95311356,25.76367569,25.76367569,18139382,0,1,22.04637815,yahoo_bootstrap
2024-03-21,25.90575409,26.14255142,25.85839462,26.09519196,16396988,0,1,22.33006178,yahoo_bootstrap
2024-03-22,26.09519196,26.14255142,26.00047302,26.14255142,14279501,0,1,22.37058801,yahoo_bootstrap
2024-03-25,26.14255142,26.23727226,26.04783249,26.23727226,10012674,0,1,22.45164211,yahoo_bootstrap
2024-03-26,26.14255142,26.37935066,26.14255142,26.3319912,13250465,0,1,22.53269458,yahoo_bootstrap
2024-03-27,26.3319912,26.37935066,26.23727226,26.23727226,7634473,0,1,22.45164211,yahoo_bootstrap
2024-03-28,26.23727226,26.28463173,26.04783249,26.14255142,13989147,0,1,22.37058801,yahoo_bootstrap
2024-03-29,26.1899128,26.3319912,26.04783249,26.23727226,9283209,0,1,22.45164211,yahoo_bootstrap
2024-04-01,26.3319912,26.4740696,26.23727226,26.28463173,7956904,0,1,22.49216834,yahoo_bootstrap
2024-04-02,26.1899128,26.28463173,26.14255142,26.28463173,8679444,0,1,22.49216834,yahoo_bootstrap
2024-04-03,26.1899128,26.1899128,25.71631432,25.71631432,22255886,0,1,22.00585029,yahoo_bootstrap
2024-04-08,25.76367569,26.04783249,25.76367569,26.00047302,9249078,0,1,22.24900931,yahoo_bootstrap
2024-04-09,26.00047302,26.14255142,25.95311356,26.09519196,9736953,0,1,22.33006178,yahoo_bootstrap
2024-04-10,26.14255142,26.1899128,26.00047302,26.04783249,11653910,0,1,22.28953555,yahoo_bootstrap
2024-04-11,25.95311356,26.09519196,25.90575409,26.00047302,8683956,0,1,22.24900931,yahoo_bootstrap
2024-04-12,25.85839462,25.95311356,25.76367569,25.90575409,12363596,0,1,22.16795685,yahoo_bootstrap
2024-04-15,25.81103325,25.95311356,25.71631432,25.76367569,9044492,0,1,22.04637815,yahoo_bootstrap
2024-04-16,25.66895485,25.76367569,25.33743668,25.33743668,31406296,0,1,21.6816388,yahoo_bootstrap
2024-04-17,25.38479614,25.57423592,25.33743668,25.47951508,12275195,0,1,21.8032175,yahoo_bootstrap
2024-04-18,25.38479614,25.62159538,25.33743668,25.47951508,13137528,0,1,21.8032175,yahoo_bootstrap
2024-04-19,25.43215752,25.52687645,25.0059185,25.24271774,28868867,0,1,21.60058633,yahoo_bootstrap
2024-04-22,25.38479614,25.76367569,25.38479614,25.66895485,13830152,0,1,21.96532405,yahoo_bootstrap
2024-04-23,25.57423592,25.76367569,25.52687645,25.71631432,13526377,0,1,22.00585029,yahoo_bootstrap
2024-04-24,25.81103325,25.85839462,25.62159538,25.76367569,8871504,0,1,22.04637815,yahoo_bootstrap
2024-04-25,25.66895485,25.66895485,25.47951508,25.47951508,15134188,0,1,21.8032175,yahoo_bootstrap
2024-04-26,25.52687645,25.66895485,25.43215752,25.52687645,10916556,0,1,21.84374536,yahoo_bootstrap
2024-04-29,25.57423592,26.09519196,25.57423592,26.04783249,26142329,0,1,22.28953555,yahoo_bootstrap
2024-04-30,25.85839462,26.04783249,25.85839462,25.90575409,12898901,0,1,22.16795685,yahoo_bootstrap
2024-05-02,25.90575409,26.14255142,25.85839462,25.90575409,14924335,0,1,22.16795685,yahoo_bootstrap
2024-05-03,26.00047302,26.09519196,25.95311356,25.95311356,9029892,0,1,22.20848308,yahoo_bootstrap
2024-05-06,26.00047302,26.52142906,25.95311356,26.42671013,30172158,0,1,22.61374704,yahoo_bootstrap
2024-05-07,26.52142906,26.52142906,26.23727226,26.3319912,12599934,0,1,22.53269458,yahoo_bootstrap
2024-05-08,26.3319912,26.52142906,26.23727226,26.52142906,18917029,0,1,22.6947995,yahoo_bootstrap
2024-05-09,26.52142906,26.52142906,26.1899128,26.28463173,13357957,0,1,22.49216834,yahoo_bootstrap
2024-05-10,26.3319912,26.52142906,26.28463173,26.42671013,22681135,0,1,22.61374704,yahoo_bootstrap
2024-05-13,26.52142906,26.52142906,26.1899128,26.3319912,15037008,0,1,22.53269458,yahoo_bootstrap
2024-05-14,26.3319912,26.3319912,25.90575409,25.95311356,17430595,0,1,22.20848308,yahoo_bootstrap
2024-05-15,26.14255142,26.3319912,26.00047302,26.14255142,15329567,0,1,22.37058801,yahoo_bootstrap
2024-05-16,26.3319912,26.37935066,26.1899128,26.28463173,18946108,0,1,22.49216834,yahoo_bootstrap
2024-05-17,26.1899128,26.66350937,26.14255142,26.56878853,43453460,0,1,22.73532574,yahoo_bootstrap
2024-05-20,26.85294724,27.37390327,26.71086884,27.37390327,69864529,0,1,23.42427495,yahoo_bootstrap
2024-05-21,27.13710594,27.13710594,26.6161499,26.85294724,47236429,0,1,22.97848477,yahoo_bootstrap
2024-05-22,26.9003067,27.08974648,26.6161499,26.99502754,32473405,0,1,23.10006509,yahoo_bootstrap
2024-05-23,26.71086884,27.42126465,26.6161499,27.42126465,42425475,0,1,23.46480282,yahoo_bootstrap
2024-05-24,26.99502754,27.0423851,26.71086884,26.71086884,28056857,0,1,22.85690607,yahoo_bootstrap
2024-05-27,26.66350937,26.80558777,26.4740696,26.80558777,28924094,0,1,22.93795853,yahoo_bootstrap
2024-05-28,26.71086884,26.80558777,26.56878853,26.56878853,11786118,0,1,22.73532574,yahoo_bootstrap
2024-05-29,26.42671013,26.52142906,26.14255142,26.14255142,32919717,0,1,22.37058801,yahoo_bootstrap
2024-05-30,25.95311356,26.14255142,25.85839462,25.85839462,25844564,0,1,22.12743061,yahoo_bootstrap
2024-05-31,25.85839462,26.23727226,25.85839462,26.04783249,61929166,0,1,22.28953555,yahoo_bootstrap
2024-06-03,26.14255142,26.1899128,26.04783249,26.09519196,12354070,0,1,22.33006178,yahoo_bootstrap
2024-06-04,25.90575409,26.1899128,25.90575409,26.00047302,14747755,0,1,22.24900931,yahoo_bootstrap
2024-06-05,25.95311356,26.1899128,25.95311356,26.00047302,14184622,0,1,22.24900931,yahoo_bootstrap
2024-06-06,26.00047302,26.1899128,26.00047302,26.04783249,15637954,0,1,22.28953555,yahoo_bootstrap
2024-06-07,26.09519196,26.42671013,26.09519196,26.3319912,15045550,0,1,22.53269458,yahoo_bootstrap
2024-06-11,26.1899128,26.52142906,26.14255142,26.3319912,16919926,0,1,22.53269458,yahoo_bootstrap
2024-06-12,26.23727226,26.37935066,26.23727226,26.23727226,10386685,0,1,22.45164211,yahoo_bootstrap
2024-06-13,26.28463173,26.4740696,26.28463173,26.3319912,11055356,0,1,22.53269458,yahoo_bootstrap
2024-06-14,26.3319912,26.52142906,26.23727226,26.4740696,9945801,0,1,22.65427327,yahoo_bootstrap
2024-06-17,26.42671013,26.56878853,26.42671013,26.4740696,10353236,0,1,22.65427327,yahoo_bootstrap
2024-06-18,26.52142906,26.6161499,26.42671013,26.6161499,10693959,0,1,22.7758536,yahoo_bootstrap
2024-06-19,26.6161499,26.71086884,26.52142906,26.6161499,12920996,0,1,22.7758536,yahoo_bootstrap
2024-06-20,26.71086884,26.71086884,26.4740696,26.6161499,13450975,0,1,22.7758536,yahoo_bootstrap
2024-06-21,26.56878853,26.6161499,26.4740696,26.52142906,24812055,0,1,22.6947995,yahoo_bootstrap
2024-06-24,26.52142906,26.66350937,26.37935066,26.66350937,15714007,0,1,22.81637983,yahoo_bootstrap
2024-06-25,26.7582283,26.94766617,26.6161499,26.71086884,10708157,0,1,22.85690607,yahoo_bootstrap
2024-06-26,26.6161499,26.66350937,26.42671013,26.52142906,14030776,0,1,22.6947995,yahoo_bootstrap
2024-06-27,26.3319912,26.52142906,26.3319912,26.52142906,11641730,0,1,22.6947995,yahoo_bootstrap
2024-06-28,26.52142906,26.71086884,26.4740696,26.6161499,13277745,0,1,22.7758536,yahoo_bootstrap
2024-07-01,26.71086884,26.71086884,26.52142906,26.52142906,6889238,0,1,22.6947995,yahoo_bootstrap
2024-07-02,26.42671013,26.6161499,26.37935066,26.52142906,9773123,0,1,22.6947995,yahoo_bootstrap
2024-07-03,26.52142906,26.94766617,26.4740696,26.94766617,19165483,0,1,23.05953723,yahoo_bootstrap
2024-07-04,26.94766617,27.13710594,26.9003067,27.08974648,16354829,0,1,23.18111756,yahoo_bootstrap
2024-07-05,27.0423851,27.13710594,26.99502754,27.08974648,6410691,0,1,23.18111756,yahoo_bootstrap
2024-07-08,27.08974648,27.18446541,27.0423851,27.13710594,9777668,0,1,23.22164379,yahoo_bootstrap
2024-07-09,27.13710594,27.27918434,27.08974648,27.13710594,16372655,0,1,23.22164379,yahoo_bootstrap
2024-07-10,27.18446541,27.37390327,27.08974648,27.23182487,14768643,0,1,23.30269625,yahoo_bootstrap
2024-07-11,27.23182487,27.42126465,27.13710594,27.32654572,17090469,0,1,23.38375035,yahoo_bootstrap
2024-07-12,27.23182487,27.42126465,27.23182487,27.37390327,16234562,0,1,23.42427495,yahoo_bootstrap
2024-07-15,27.42126465,27.46862411,27.32654572,27.46862411,15509880,0,1,23.50532904,yahoo_bootstrap
2024-07-16,27.46862411,27.56334305,27.37390327,27.46862411,15044050,0,1,23.50532904,yahoo_bootstrap
2024-07-17,27.46862411,27.51598358,27.32654572,27.46862411,14545945,0,1,23.50532904,yahoo_bootstrap
2024-07-18,27.46862411,27.84750175,27.27918434,27.84750175,32652825,0,1,23.82954053,yahoo_bootstrap
2024-07-19,27.75278282,27.84750175,27.23182487,27.61070251,20250369,0,1,23.62690774,yahoo_bootstrap
2024-07-22,27.46862411,27.51598358,27.18446541,27.46862411,17811602,0,1,23.50532904,yahoo_bootstrap
2024-07-23,27.61070251,27.80014229,27.51598358,27.75278282,14197539,0,1,23.74848807,yahoo_bootstrap
2024-07-26,27.65806198,27.84750175,27.42126465,27.75278282,24761690,0,1,23.74848807,yahoo_bootstrap
2024-07-29,27.84750175,27.94222069,27.80014229,27.94222069,25584088,0,1,23.910593,yahoo_bootstrap
2024-07-30,27.84750175,27.84750175,27.51598358,27.80014229,18069399,0,1,23.78901431,yahoo_bootstrap
2024-07-31,27.75278282,27.94222069,27.65806198,27.80014229,19300271,0,1,23.78901431,yahoo_bootstrap
2024-08-01,27.80014229,27.89486122,27.75278282,27.89486122,21050899,0,1,23.87006677,yahoo_bootstrap
2024-08-02,27.65806198,27.70542145,27.32654572,27.56334305,23799411,0,1,23.58638151,yahoo_bootstrap
2024-08-05,26.85294724,26.85294724,26.04783249,26.56878853,48166320,0,1,22.73532574,yahoo_bootstrap
2024-08-06,26.71086884,27.0423851,26.23727226,26.71086884,39669844,0,1,22.85690607,yahoo_bootstrap
2024-08-07,26.71086884,26.94766617,26.56878853,26.7582283,44297883,0,1,22.89743229,yahoo_bootstrap
2024-08-08,25.85365868,26.09756088,25.75609779,25.75609779,45373345,0.829268,1.03,23.4271237,yahoo_bootstrap
2024-08-09,25.95121956,26.53658485,25.95121956,26.19512177,38824838,0,1,23.8264493,yahoo_bootstrap
2024-08-12,26.29268265,26.68292618,26.29268265,26.34146309,18649604,0,1,23.95955783,yahoo_bootstrap
2024-08-13,26.53658485,26.53658485,26.09756088,26.14634132,17585336,0,1,23.78207978,yahoo_bootstrap
2024-08-14,26.34146309,26.53658485,26.19512177,26.34146309,16436086,0,1,23.95955783,yahoo_bootstrap
2024-08-15,26.63414574,26.63414574,25.90243912,25.90243912,24672605,0,1,23.56023224,yahoo_bootstrap
2024-08-16,26.29268265,26.48780441,26.14634132,26.19512177,19832614,0,1,23.8264493,yahoo_bootstrap
2024-08-19,26.29268265,26.34146309,26.09756088,26.19512177,14108034,0,1,23.8264493,yahoo_bootstrap
2024-08-20,26.39024353,26.48780441,26.19512177,26.48780441,12301136,0,1,24.09266635,yahoo_bootstrap
2024-08-21,26.53658485,26.53658485,26.34146309,26.53658485,12122362,0,1,24.13703586,yahoo_bootstrap
2024-08-22,26.53658485,26.5853653,26.39024353,26.5853653,11568375,0,1,24.18140538,yahoo_bootstrap
2024-08-23,26.5853653,26.63414574,26.39024353,26.43902397,7844099,0,1,24.04829684,yahoo_bootstrap
2024-08-26,26.48780441,26.8292675,26.48780441,26.78048706,11442428,0,1,24.35888341,yahoo_bootstrap
2024-08-27,26.53658485,26.78048706,26.43902397,26.48780441,10892161,0,1,24.09266635,yahoo_bootstrap
2024-08-28,26.48780441,26.5853653,26.39024353,26.53658485,9090422,0,1,24.13703586,yahoo_bootstrap
2024-08-29,26.53658485,26.53658485,26.39024353,26.39024353,9239348,0,1,24.00392733,yahoo_bootstrap
2024-08-30,26.43902397,26.5853653,26.39024353,26.5853653,21390372,0,1,24.18140538,yahoo_bootstrap
2024-09-02,26.5853653,26.63414574,26.48780441,26.53658485,7092961,0,1,24.13703586,yahoo_bootstrap
2024-09-03,26.53658485,26.63414574,26.24390221,26.29268265,11363356,0,1,23.91518832,yahoo_bootstrap
2024-09-04,25.85365868,26.19512177,25.85365868,26.04878044,26263618,0,1,23.69334077,yahoo_bootstrap
2024-09-05,26.14634132,26.34146309,26.09756088,26.19512177,12877225,0,1,23.8264493,yahoo_bootstrap
2024-09-06,26.19512177,26.39024353,26,26.39024353,9524758,0,1,24.00392733,yahoo_bootstrap
2024-09-09,26,26.39024353,26,26.29268265,14764928,0,1,23.91518832,yahoo_bootstrap
2024-09-10,26.29268265,26.73170662,26.24390221,26.63414574,22058367,0,1,24.22577489,yahoo_bootstrap
2024-09-11,26.5853653,26.63414574,26.34146309,26.34146309,13925875,0,1,23.95955783,yahoo_bootstrap
2024-09-12,26.73170662,26.73170662,26.34146309,26.73170662,16143081,0,1,24.3145139,yahoo_bootstrap
2024-09-13,26.53658485,26.68292618,26.48780441,26.5853653,5898606,0,1,24.18140538,yahoo_bootstrap
2024-09-16,26.5853653,26.68292618,26.48780441,26.68292618,8012206,0,1,24.27014439,yahoo_bootstrap
2024-09-18,26.53658485,26.63414574,26.48780441,26.48780441,8605992,0,1,24.09266635,yahoo_bootstrap
2024-09-19,26.48780441,26.63414574,26.39024353,26.53658485,13058638,0,1,24.13703586,yahoo_bootstrap
2024-09-20,26.63414574,26.8292675,26.5853653,26.63414574,28867982,0,1,24.22577489,yahoo_bootstrap
2024-09-23,26.73170662,26.73170662,26.53658485,26.68292618,13044622,0,1,24.27014439,yahoo_bootstrap
2024-09-24,26.68292618,26.87804794,26.5853653,26.87804794,10606583,0,1,24.44762243,yahoo_bootstrap
2024-09-25,27.02438927,27.02438927,26.78048706,27.02438927,14106781,0,1,24.58073096,yahoo_bootstrap
2024-09-26,27.07316971,27.12195015,26.97560883,27.12195015,11960746,0,1,24.66946998,yahoo_bootstrap
2024-09-27,27.17073059,27.17073059,26.97560883,27.12195015,10762627,0,1,24.66946998,yahoo_bootstrap
2024-09-30,27.07316971,27.12195015,26.73170662,26.73170662,16686672,0,1,24.3145139,yahoo_bootstrap
2024-10-01,26.73170662,26.8292675,26.53658485,26.5853653,10965945,0,1,24.18140538,yahoo_bootstrap
2024-10-04,26.39024353,26.53658485,26.34146309,26.53658485,19555694,0,1,24.13703586,yahoo_bootstrap
2024-10-07,26.53658485,26.53658485,26.34146309,26.39024353,17830135,0,1,24.00392733,yahoo_bootstrap
2024-10-08,26.34146309,26.39024353,26.14634132,26.29268265,22023198,0,1,23.91518832,yahoo_bootstrap
2024-10-09,26.29268265,26.34146309,26.14634132,26.14634132,18569347,0,1,23.78207978,yahoo_bootstrap
2024-10-11,26.14634132,26.39024353,26.14634132,26.19512177,8004980,0,1,23.8264493,yahoo_bootstrap
2024-10-14,26.29268265,26.34146309,26.19512177,26.24390221,9720724,0,1,23.87081881,yahoo_bootstrap
2024-10-15,26.29268265,26.68292618,26.29268265,26.68292618,20664335,0,1,24.27014439,yahoo_bootstrap
2024-10-16,26.43902397,26.63414574,26.34146309,26.39024353,17157514,0,1,24.00392733,yahoo_bootstrap
2024-10-17,26.39024353,26.53658485,26.34146309,26.48780441,11287347,0,1,24.09266635,yahoo_bootstrap
2024-10-18,26.5853653,26.92682838,26.53658485,26.92682838,25674205,0,1,24.49199194,yahoo_bootstrap
2024-10-21,26.97560883,26.97560883,26.53658485,26.5853653,15011556,0,1,24.18140538,yahoo_bootstrap
2024-10-22,26.5853653,26.8292675,26.43902397,26.8292675,16165612,0,1,24.40325292,yahoo_bootstrap
2024-10-23,26.68292618,26.73170662,26.43902397,26.48780441,10896182,0,1,24.09266635,yahoo_bootstrap
2024-10-24,26.43902397,26.5853653,26.34146309,26.5853653,13301563,0,1,24.18140538,yahoo_bootstrap
2024-10-25,26.43902397,26.68292618,26.43902397,26.68292618,10853440,0,1,24.27014439,yahoo_bootstrap
2024-10-28,26.63414574,26.68292618,26.39024353,26.68292618,10181776,0,1,24.27014439,yahoo_bootstrap
2024-10-29,26.48780441,26.53658485,26.24390221,26.43902397,15270478,0,1,24.04829684,yahoo_bootstrap
2024-10-30,26.53658485,26.53658485,26.24390221,26.48780441,15404304,0,1,24.09266635,yahoo_bootstrap
2024-11-01,26,26.43902397,26,26.34146309,27186595,0,1,23.95955783,yahoo_bootstrap
2024-11-04,26.29268265,26.48780441,26.24390221,26.43902397,8139933,0,1,24.04829684,yahoo_bootstrap
2024-11-05,26.39024353,26.48780441,26.29268265,26.43902397,9200464,0,1,24.04829684,yahoo_bootstrap
2024-11-06,26.39024353,26.43902397,26.24390221,26.24390221,13983012,0,1,23.87081881,yahoo_bootstrap
2024-11-07,26.19512177,26.34146309,26.14634132,26.14634132,21771710,0,1,23.78207978,yahoo_bootstrap
2024-11-08,26.24390221,26.29268265,26.14634132,26.14634132,20697533,0,1,23.78207978,yahoo_bootstrap
2024-11-11,26.14634132,26.19512177,26.04878044,26.09756088,12915400,0,1,23.73771027,yahoo_bootstrap
2024-11-12,26.04878044,26.09756088,25.75609779,25.85365868,39803671,0,1,23.51586273,yahoo_bootstrap
2024-11-13,25.85365868,26.14634132,25.75609779,25.95121956,34391877,0,1,23.60460175,yahoo_bootstrap
2024-11-14,25.85365868,25.95121956,25.56097412,25.56097412,34146375,0,1,23.24964393,yahoo_bootstrap
2024-11-15,26.29268265,26.78048706,26.24390221,26.63414574,59710628,0,1,24.22577489,yahoo_bootstrap
2024-11-18,26.63414574,26.97560883,26.53658485,26.97560883,52732978,0,1,24.53636146,yahoo_bootstrap
2024-11-19,27.07316971,27.31707382,26.87804794,27.26829147,65211528,0,1,24.80257851,yahoo_bootstrap
2024-11-20,27.02438927,27.21951294,26.92682838,26.92682838,32159834,0,1,24.49199194,yahoo_bootstrap
2024-11-21,26.73170662,27.02438927,26.5853653,26.92682838,21748013,0,1,24.49199194,yahoo_bootstrap
2024-11-22,26.87804794,27.07316971,26.8292675,26.97560883,12935573,0,1,24.53636146,yahoo_bootstrap
2024-11-25,27.12195015,27.17073059,26.78048706,27.17073059,47302293,0,1,24.71383949,yahoo_bootstrap
2024-11-26,26.97560883,27.12195015,26.8292675,26.97560883,12722554,0,1,24.53636146,yahoo_bootstrap
2024-11-27,26.97560883,27.21951294,26.8292675,26.8292675,17645433,0,1,24.40325292,yahoo_bootstrap
2024-11-28,26.87804794,27.02438927,26.68292618,26.78048706,14708773,0,1,24.35888341,yahoo_bootstrap
2024-11-29,26.48780441,26.8292675,26.43902397,26.53658485,21055351,0,1,24.13703586,yahoo_bootstrap
2024-12-02,26.5853653,26.8292675,26.5853653,26.63414574,18671453,0,1,24.22577489,yahoo_bootstrap
2024-12-03,26.8292675,27.07316971,26.8292675,27.07316971,18075802,0,1,24.62510047,yahoo_bootstrap
2024-12-04,27.07316971,27.17073059,26.97560883,27.17073059,11759794,0,1,24.71383949,yahoo_bootstrap
2024-12-05,27.21951294,27.31707382,27.07316971,27.31707382,16211995,0,1,24.84694975,yahoo_bootstrap
2024-12-06,27.31707382,27.31707382,27.17073059,27.31707382,10331675,0,1,24.84694975,yahoo_bootstrap
2024-12-09,27.31707382,27.4146347,27.21951294,27.4146347,12125189,0,1,24.93568877,yahoo_bootstrap
2024-12-10,27.31707382,27.4146347,27.21951294,27.4146347,12871753,0,1,24.93568877,yahoo_bootstrap
2024-12-11,27.17073059,27.31707382,27.02438927,27.02438927,10407265,0,1,24.58073096,yahoo_bootstrap
2024-12-12,27.02438927,27.31707382,26.97560883,27.26829147,12874476,0,1,24.80257851,yahoo_bootstrap
2024-12-13,27.07316971,27.21951294,27.02438927,27.07316971,8436865,0,1,24.62510047,yahoo_bootstrap
2024-12-16,27.12195015,27.31707382,27.07316971,27.21951294,17343559,0,1,24.75821074,yahoo_bootstrap
2024-12-17,27.12195015,27.12195015,26.8292675,27.07316971,19932892,0,1,24.62510047,yahoo_bootstrap
2024-12-18,27.02438927,27.12195015,26.73170662,26.73170662,16038553,0,1,24.3145139,yahoo_bootstrap
2024-12-19,26.5853653,26.73170662,26.53658485,26.5853653,19068766,0,1,24.18140538,yahoo_bootstrap
2024-12-20,26.43902397,26.5853653,26.29268265,26.34146309,50294233,0,1,23.95955783,yahoo_bootstrap
2024-12-23,26.53658485,26.78048706,26.43902397,26.78048706,9478908,0,1,24.35888341,yahoo_bootstrap
2024-12-24,26.8292675,26.92682838,26.73170662,26.8292675,8230124,0,1,24.40325292,yahoo_bootstrap
2024-12-25,26.92682838,26.92682838,26.53658485,26.5853653,8463171,0,1,24.18140538,yahoo_bootstrap
2024-12-26,26.78048706,26.8292675,26.63414574,26.78048706,2301302,0,1,24.35888341,yahoo_bootstrap
2024-12-27,26.78048706,26.78048706,26.53658485,26.63414574,4427723,0,1,24.22577489,yahoo_bootstrap
2024-12-30,26.63414574,26.78048706,26.53658485,26.5853653,8249332,0,1,24.18140538,yahoo_bootstrap
2024-12-31,26.48780441,26.53658485,26.39024353,26.43902397,11437500,0,1,24.04829684,yahoo_bootstrap
2025-01-02,26.39024353,26.63414574,26.34146309,26.63414574,11598766,0,1,24.22577489,yahoo_bootstrap
2025-01-03,26.5853653,26.78048706,26.53658485,26.68292618,9449770,0,1,24.27014439,yahoo_bootstrap
2025-01-06,26.78048706,27.07316971,26.68292618,27.07316971,16384807,0,1,24.62510047,yahoo_bootstrap
2025-01-07,26.97560883,27.02438927,26.87804794,26.87804794,7458371,0,1,24.44762243,yahoo_bootstrap
2025-01-08,26.97560883,27.07316971,26.87804794,27.02438927,11815041,0,1,24.58073096,yahoo_bootstrap
2025-01-09,27.02438927,27.17073059,26.87804794,26.92682838,12295669,0,1,24.49199194,yahoo_bootstrap
2025-01-10,26.73170662,26.92682838,26.68292618,26.8292675,13219461,0,1,24.40325292,yahoo_bootstrap
2025-01-13,26.63414574,26.8292675,26.43902397,26.68292618,19953665,0,1,24.27014439,yahoo_bootstrap
2025-01-14,26.8292675,27.02438927,26.63414574,26.92682838,10616779,0,1,24.49199194,yahoo_bootstrap
2025-01-15,26.92682838,27.17073059,26.87804794,26.92682838,11101950,0,1,24.49199194,yahoo_bootstrap
2025-01-16,27.07316971,27.21951294,26.97560883,27.17073059,12862772,0,1,24.71383949,yahoo_bootstrap
2025-01-17,27.02438927,27.17073059,26.92682838,26.97560883,7025183,0,1,24.53636146,yahoo_bootstrap
2025-01-20,27.07316971,27.07316971,26.87804794,26.92682838,6703995,0,1,24.49199194,yahoo_bootstrap
2025-01-21,26.92682838,27.21951294,26.87804794,27.17073059,10937060,0,1,24.71383949,yahoo_bootstrap
2025-01-22,27.12195015,27.26829147,27.02438927,27.07316971,17514481,0,1,24.62510047,yahoo_bootstrap
2025-02-03,26.97560883,27.31707382,26.97560883,27.26829147,26849222,0,1,24.80257851,yahoo_bootstrap
2025-02-04,27.26829147,27.36585236,26.97560883,26.97560883,16731680,0,1,24.53636146,yahoo_bootstrap
2025-02-05,27.17073059,27.31707382,26.97560883,27.12195015,14827517,0,1,24.66946998,yahoo_bootstrap
2025-02-06,27.12195015,27.31707382,27.02438927,27.31707382,13759784,0,1,24.84694975,yahoo_bootstrap
2025-02-07,27.21951294,27.26829147,26.97560883,27.02438927,13576453,0,1,24.58073096,yahoo_bootstrap
2025-02-10,26.97560883,27.12195015,26.92682838,27.02438927,12426485,0,1,24.58073096,yahoo_bootstrap
2025-02-11,27.12195015,27.17073059,26.92682838,26.97560883,9091049,0,1,24.53636146,yahoo_bootstrap
2025-02-12,27.02438927,27.17073059,26.97560883,27.12195015,9519938,0,1,24.66946998,yahoo_bootstrap
2025-02-13,27.21951294,27.31707382,27.12195015,27.17073059,8643078,0,1,24.71383949,yahoo_bootstrap
2025-02-14,27.17073059,27.21951294,27.07316971,27.17073059,8154675,0,1,24.71383949,yahoo_bootstrap
2025-02-17,27.31707382,27.36585236,27.12195015,27.12195015,11539166,0,1,24.66946998,yahoo_bootstrap
2025-02-18,27.12195015,27.26829147,27.07316971,27.26829147,9180024,0,1,24.80257851,yahoo_bootstrap
2025-02-19,27.31707382,27.31707382,26.97560883,26.97560883,20538181,0,1,24.53636146,yahoo_bootstrap
2025-02-20,27.02438927,27.12195015,26.8292675,26.8292675,23139626,0,1,24.40325292,yahoo_bootstrap
2025-02-21,26.92682838,27.07316971,26.92682838,26.97560883,7981924,0,1,24.53636146,yahoo_bootstrap
2025-02-24,26.92682838,27.02438927,26.87804794,26.92682838,8782007,0,1,24.49199194,yahoo_bootstrap
2025-02-25,26.8292675,26.92682838,26.8292675,26.8292675,10437039,0,1,24.40325292,yahoo_bootstrap
2025-02-26,26.8292675,27.17073059,26.78048706,27.17073059,13202062,0,1,24.71383949,yahoo_bootstrap
2025-02-27,27.07316971,27.12195015,26.92682838,26.97560883,20524710,0,1,24.53636146,yahoo_bootstrap
2025-03-03,26.97560883,27.21951294,26.97560883,27.12195015,15645000,0,1,24.66946998,yahoo_bootstrap
2025-03-04,26.97560883,27.17073059,26.92682838,27.02438927,20575908,0,1,24.58073096,yahoo_bootstrap
2025-03-05,27.02438927,27.17073059,26.92682838,26.92682838,18182605,0,1,24.49199194,yahoo_bootstrap
2025-03-06,26.97560883,27.17073059,26.97560883,27.02438927,8297119,0,1,24.58073096,yahoo_bootstrap
2025-03-07,27.02438927,27.07316971,26.87804794,26.87804794,13523340,0,1,24.44762243,yahoo_bootstrap
2025-03-10,26.92682838,27.02438927,26.8292675,26.87804794,16745887,0,1,24.44762243,yahoo_bootstrap
2025-03-11,26.78048706,27.02438927,26.5853653,26.78048706,22003473,0,1,24.35888341,yahoo_bootstrap
2025-03-12,26.78048706,26.97560883,26.78048706,26.8292675,15532088,0,1,24.40325292,yahoo_bootstrap
2025-03-13,27.02438927,27.26829147,26.97560883,27.07316971,15631083,0,1,24.62510047,yahoo_bootstrap
2025-03-14,27.12195015,27.26829147,26.92682838,26.92682838,20261426,0,1,24.49199194,yahoo_bootstrap
2025-03-17,26.92682838,27.07316971,26.87804794,26.87804794,15605601,0,1,24.44762243,yahoo_bootstrap
2025-03-18,27.02438927,27.21951294,27.02438927,27.07316971,11971386,0,1,24.62510047,yahoo_bootstrap
2025-03-19,27.12195015,27.17073059,26.87804794,26.87804794,19402359,0,1,24.44762243,yahoo_bootstrap
2025-03-20,26.97560883,27.07316971,26.92682838,27.02438927,9092522,0,1,24.58073096,yahoo_bootstrap
2025-03-21,26.92682838,27.02438927,26.8292675,26.8292675,27842208,0,1,24.40325292,yahoo_bootstrap
2025-03-24,26.92682838,27.07316971,26.8292675,26.8292675,12408910,0,1,24.40325292,yahoo_bootstrap
2025-03-25,26.92682838,27.12195015,26.8292675,26.8292675,14749983,0,1,24.40325292,yahoo_bootstrap
2025-03-26,26.8292675,27.02438927,26.8292675,26.87804794,8256419,0,1,24.44762243,yahoo_bootstrap
2025-03-27,26.8292675,27.07316971,26.78048706,27.07316971,13105025,0,1,24.62510047,yahoo_bootstrap
2025-03-28,26.87804794,26.97560883,26.73170662,26.78048706,18481382,0,1,24.35888341,yahoo_bootstrap
2025-03-31,26.53658485,26.63414574,26.29268265,26.39024353,31759011,0,1,24.00392733,yahoo_bootstrap
2025-04-01,26.43902397,26.73170662,26.43902397,26.5853653,14977966,0,1,24.18140538,yahoo_bootstrap
2025-04-02,26.53658485,26.63414574,26.43902397,26.43902397,16006393,0,1,24.04829684,yahoo_bootstrap
2025-04-07,23.80487823,24.5853653,23.80487823,23.80487823,63205582,0,1,21.65234158,yahoo_bootstrap
2025-04-08,24.39024353,25.31707382,24.19512177,25.12195015,53936347,0,1,22.85031835,yahoo_bootstrap
2025-04-09,25.07316971,25.07316971,23.80487823,23.80487823,43210387,0,1,21.65234158,yahoo_bootstrap
2025-04-10,25.85365868,26,25.31707382,25.60975647,52051949,0,1,23.29401518,yahoo_bootstrap
2025-04-11,25.17073059,25.4146347,24.87804794,25.17073059,38160975,0,1,22.89468785,yahoo_bootstrap
2025-04-14,24.97560883,25.17073059,24.68292618,24.73170662,44012833,0,1,22.49536227,yahoo_bootstrap
2025-04-15,24.78048706,25.02438927,24.78048706,24.92682838,24915791,0,1,22.6728403,yahoo_bootstrap
2025-04-16,24.73170662,24.78048706,24.43902397,24.63414574,30382679,0,1,22.40662325,yahoo_bootstrap
2025-04-17,24.73170662,24.73170662,24.43902397,24.48780441,20060653,0,1,22.27351472,yahoo_bootstrap
2025-04-18,24.48780441,24.5853653,24.39024353,24.43902397,20044886,0,1,22.22914521,yahoo_bootstrap
2025-04-21,24.48780441,24.48780441,24.29268265,24.34146309,16485297,0,1,22.14040619,yahoo_bootstrap
2025-04-22,24.24390221,24.24390221,24,24.04878044,27197087,0,1,21.87418913,yahoo_bootstrap
2025-04-23,24.29268265,24.43902397,24.14634132,24.24390221,19622128,0,1,22.05166717,yahoo_bootstrap
2025-04-24,24.43902397,24.48780441,24.19512177,24.19512177,24485686,0,1,22.00729766,yahoo_bootstrap
2025-04-25,24.39024353,24.48780441,24.29268265,24.34146309,17978602,0,1,22.14040619,yahoo_bootstrap
2025-04-28,24.43902397,24.53658485,24.34146309,24.34146309,14836545,0,1,22.14040619,yahoo_bootstrap
2025-04-29,24.43902397,24.63414574,24.43902397,24.5853653,23834297,0,1,22.36225374,yahoo_bootstrap
2025-04-30,24.5853653,24.87804794,24.53658485,24.78048706,25567295,0,1,22.53973178,yahoo_bootstrap
2025-05-02,24.78048706,24.8292675,24.5853653,24.63414574,20862418,0,1,22.40662325,yahoo_bootstrap
2025-05-05,24.68292618,24.78048706,24.43902397,24.43902397,27070168,0,1,22.22914521,yahoo_bootstrap
2025-05-06,24.68292618,24.8292675,24.48780441,24.78048706,31420317,0,1,22.53973178,yahoo_bootstrap
2025-05-07,24.8292675,24.97560883,24.63414574,24.87804794,25189901,0,1,22.62847079,yahoo_bootstrap
2025-05-08,24.87804794,24.97560883,24.78048706,24.8292675,18186826,0,1,22.58410129,yahoo_bootstrap
2025-05-09,24.92682838,25.31707382,24.78048706,25.31707382,24261927,0,1,23.02779812,yahoo_bootstrap
2025-05-12,25.51219559,25.70731735,25.46341324,25.65853691,18132890,0,1,23.33838469,yahoo_bootstrap
2025-05-13,25.70731735,25.85365868,25.56097412,25.70731735,22711726,0,1,23.3827542,yahoo_bootstrap
2025-05-14,25.90243912,25.95121956,25.70731735,25.85365868,20547163,0,1,23.51586273,yahoo_bootstrap
2025-05-15,25.85365868,25.85365868,25.70731735,25.80487823,13576839,0,1,23.47149321,yahoo_bootstrap
2025-05-16,25.85365868,26,25.75609779,26,27941594,0,1,23.64897126,yahoo_bootstrap
2025-05-19,25.85365868,26.34146309,25.85365868,26.34146309,27217207,0,1,23.95955783,yahoo_bootstrap
2025-05-20,26.34146309,26.48780441,26.14634132,26.48780441,24067100,0,1,24.09266635,yahoo_bootstrap
2025-05-21,26.48780441,26.78048706,26.19512177,26.78048706,32162006,0,1,24.35888341,yahoo_bootstrap
2025-05-22,26.5853653,26.68292618,26.29268265,26.5853653,37281095,0,1,24.18140538,yahoo_bootstrap
2025-05-23,26.53658485,26.53658485,26.19512177,26.53658485,41462124,0,1,24.13703586,yahoo_bootstrap
2025-05-26,26.53658485,26.8292675,26.24390221,26.8292675,58473749,0,1,24.40325292,yahoo_bootstrap
2025-05-27,26.63414574,26.78048706,26.39024353,26.5853653,65155974,0,1,24.18140538,yahoo_bootstrap
2025-05-28,26.5853653,26.63414574,26.19512177,26.24390221,75360574,0,1,23.87081881,yahoo_bootstrap
2025-05-29,26.39024353,26.5853653,26.04878044,26.39024353,166917610,0,1,24.00392733,yahoo_bootstrap
2025-06-02,26.24390221,26.34146309,25.70731735,26.04878044,106305469,0,1,23.69334077,yahoo_bootstrap
2025-06-03,26.24390221,26.34146309,25.65853691,26,100253488,0,1,23.64897126,yahoo_bootstrap
2025-06-04,26.04878044,26.29268265,25.70731735,26.14634132,108804050,0,1,23.78207978,yahoo_bootstrap
2025-06-05,26.14634132,26.53658485,26.09756088,26.53658485,80552573,0,1,24.13703586,yahoo_bootstrap
2025-06-06,26.48780441,26.8292675,26.39024353,26.8292675,22550138,0,1,24.40325292,yahoo_bootstrap
2025-06-09,26.92682838,27.12195015,26.8292675,26.97560883,22234662,0,1,24.53636146,yahoo_bootstrap
2025-06-10,26.97560883,27.4146347,26.97560883,27.17073059,32360961,0,1,24.71383949,yahoo_bootstrap
2025-06-11,27.12195015,27.26829147,27.02438927,27.26829147,20123495,0,1,24.80257851,yahoo_bootstrap
2025-06-12,27.12195015,27.31707382,27.12195015,27.31707382,10859899,0,1,24.84694975,yahoo_bootstrap
2025-06-13,27.07316971,27.36585236,27.07316971,27.26829147,24295826,0,1,24.80257851,yahoo_bootstrap
2025-06-16,27.02438927,27.4146347,27.02438927,27.31707382,19020321,0,1,24.84694975,yahoo_bootstrap
2025-06-17,27.31707382,27.65853691,27.26829147,27.65853691,54802686,0,1,25.15753632,yahoo_bootstrap
2025-06-18,27.60975647,27.85365868,27.56097412,27.85365868,64962633,0,1,25.33501437,yahoo_bootstrap
2025-06-19,27.65853691,28,27.60975647,27.90243912,57781046,0,1,25.37938387,yahoo_bootstrap
2025-06-20,27.80487823,27.90243912,27.31707382,27.75609779,62043120,0,1,25.24627534,yahoo_bootstrap
2025-06-23,27.36585236,27.60975647,27.26829147,27.4146347,44092094,0,1,24.93568877,yahoo_bootstrap
2025-06-24,27.60975647,27.65853691,27.4146347,27.65853691,44461688,0,1,25.15753632,yahoo_bootstrap
2025-06-25,27.75609779,28.04878044,27.65853691,27.90243912,46135342,0,1,25.37938387,yahoo_bootstrap
2025-06-26,27.90243912,28.14634132,27.70731735,27.90243912,37945291,0,1,25.37938387,yahoo_bootstrap
2025-06-27,27.70731735,28.19512177,27.70731735,28.19512177,45305519,0,1,25.64560094,yahoo_bootstrap
2025-06-30,28,28.39024353,28,28.34146309,42491356,0,1,25.77870946,yahoo_bootstrap
2025-07-01,28.24390221,28.48780441,28.19512177,28.48780441,43788177,0,1,25.91181799,yahoo_bootstrap
2025-07-02,28.29268265,28.48780441,28.19512177,28.48780441,26975606,0,1,25.91181799,yahoo_bootstrap
2025-07-03,28.34146309,28.5853653,28.34146309,28.5853653,24805418,0,1,26.00055701,yahoo_bootstrap
2025-07-04,28.5853653,29.02438927,28.5853653,28.8292675,33812399,0,1,26.22240456,yahoo_bootstrap
2025-07-07,28.8292675,29.02438927,28.73170662,28.87804794,14045179,0,1,26.26677406,yahoo_bootstrap
2025-07-08,28.87804794,28.97560883,28.48780441,28.73170662,16302099,0,1,26.13366554,yahoo_bootstrap
2025-07-09,28.48780441,28.73170662,28.43902397,28.68292618,12041973,0,1,26.08929603,yahoo_bootstrap
2025-07-10,28.48780441,28.97560883,28.48780441,28.92682838,15621937,0,1,26.31114357,yahoo_bootstrap
2025-07-11,28.92682838,29.07316971,28.87804794,29.07316971,13345315,0,1,26.44425211,yahoo_bootstrap
2025-07-14,29.02438927,29.12195015,28.87804794,29.07316971,12263812,0,1,26.44425211,yahoo_bootstrap
2025-07-15,28.92682838,29.12195015,28.78048706,29.02438927,10625002,0,1,26.3998826,yahoo_bootstrap
2025-07-16,28.78048706,29.12195015,28.68292618,29.07316971,15747261,0,1,26.44425211,yahoo_bootstrap
2025-07-17,29.02438927,29.17073059,28.97560883,29.17073059,17389603,0,1,26.53299113,yahoo_bootstrap
2025-07-18,29.17073059,29.21951294,28.92682838,29.07316971,10217975,0,1,26.44425211,yahoo_bootstrap
2025-07-21,29.07316971,29.17073059,28.8292675,28.97560883,11689224,0,1,26.35551309,yahoo_bootstrap
2025-07-22,28.92682838,29.12195015,28.8292675,28.92682838,17727634,0,1,26.31114357,yahoo_bootstrap
2025-07-23,29.07316971,29.12195015,28.8292675,28.92682838,10209680,0,1,26.31114357,yahoo_bootstrap
2025-07-24,28.92682838,29.02438927,28.68292618,29.02438927,23732966,0,1,26.3998826,yahoo_bootstrap
2025-07-25,28.78048706,29.07316971,28.78048706,29.07316971,16637393,0,1,26.44425211,yahoo_bootstrap
2025-07-28,28.97560883,29.12195015,28.92682838,28.92682838,20439638,0,1,26.31114357,yahoo_bootstrap
2025-07-29,28.92682838,29.07316971,28.68292618,29.07316971,27447725,0,1,26.44425211,yahoo_bootstrap
2025-07-30,29.07316971,29.12195015,28.97560883,29.07316971,19619598,0,1,26.44425211,yahoo_bootstrap
2025-07-31,28.92682838,29.07316971,28.87804794,28.87804794,27228139,0,1,26.26677406,yahoo_bootstrap
2025-08-04,29.21951294,29.46341324,29.17073059,29.46341324,32606614,0,1,26.79920819,yahoo_bootstrap
2025-08-05,29.56097412,30.04878044,29.46341324,29.75609779,47046451,0,1,27.06542697,yahoo_bootstrap
2025-08-06,29.75609779,30.04878044,29.75609779,30,35153451,0,1,27.28727453,yahoo_bootstrap
2025-08-07,29.04999924,29.10000038,28.20000076,28.35000038,75418782,0.95,1.025,27.29549395,yahoo_bootstrap
2025-08-08,28.35000038,28.5,27.95000076,28.20000076,39764536,0,1,27.15107372,yahoo_bootstrap
2025-08-11,28.20000076,28.29999924,28.10000038,28.20000076,12300819,0,1,27.15107372,yahoo_bootstrap
2025-08-12,28.20000076,28.60000038,28.20000076,28.5,19924784,0,1,27.43991419,yahoo_bootstrap
2025-08-13,28.60000038,28.89999962,28.45000076,28.79999924,22371942,0,1,27.72875466,yahoo_bootstrap
2025-08-14,28.85000038,29.39999962,28.79999924,29.39999962,18531706,0,1,28.30643743,yahoo_bootstrap
2025-08-15,29.39999962,29.45000076,29.10000038,29.10000038,14534982,0,1,28.01759696,yahoo_bootstrap
2025-08-18,29.04999924,29.14999962,28.89999962,29.14999962,10376185,0,1,28.06573642,yahoo_bootstrap
2025-08-19,29.14999962,29.29999924,29.10000038,29.25,8359506,0,1,28.16201719,yahoo_bootstrap
2025-08-20,29.39999962,29.39999962,29,29.14999962,10947009,0,1,28.06573642,yahoo_bootstrap
2025-08-21,29.20000076,29.25,29.04999924,29.14999962,7934911,0,1,28.06573642,yahoo_bootstrap
2025-08-22,29.10000038,29.20000076,28.70000076,28.75,10062091,0,1,27.68061519,yahoo_bootstrap
2025-08-25,28.95000076,28.95000076,28.5,28.5,12794343,0,1,27.43991419,yahoo_bootstrap
2025-08-26,28.39999962,28.45000076,28.14999962,28.20000076,35546891,0,1,27.15107372,yahoo_bootstrap
2025-08-27,28.20000076,28.45000076,28.20000076,28.20000076,7309027,0,1,27.15107372,yahoo_bootstrap
2025-08-28,28.20000076,28.54999924,28.14999962,28.29999924,11074424,0,1,27.24735265,yahoo_bootstrap
2025-08-29,28.35000038,28.45000076,28.20000076,28.35000038,18897125,0,1,27.29549395,yahoo_bootstrap
2025-09-01,28.35000038,28.60000038,28.29999924,28.5,8762977,0,1,27.43991419,yahoo_bootstrap
2025-09-02,28.5,28.75,28.45000076,28.75,7327257,0,1,27.68061519,yahoo_bootstrap
2025-09-03,28.79999924,29,28.75,28.95000076,8768295,0,1,27.87317672,yahoo_bootstrap
2025-09-04,28.95000076,29.35000038,28.95000076,29.35000038,13628200,0,1,28.25829796,yahoo_bootstrap
2025-09-05,29.35000038,29.39999962,29.04999924,29.20000076,8253513,0,1,28.11387772,yahoo_bootstrap
2025-09-08,29.20000076,29.39999962,29.20000076,29.39999962,8474593,0,1,28.30643743,yahoo_bootstrap
2025-09-09,29.39999962,29.75,29.39999962,29.75,16845067,0,1,28.64341919,yahoo_bootstrap
2025-09-10,29.70000076,30,29.70000076,30,12924157,0,1,28.8841202,yahoo_bootstrap
2025-09-11,29.89999962,30.10000038,29.54999924,29.70000076,13671784,0,1,28.59527973,yahoo_bootstrap
2025-09-12,29.75,30,29.70000076,29.89999962,12066057,0,1,28.78783943,yahoo_bootstrap
2025-09-15,29.89999962,29.95000076,29.5,29.60000038,12002268,0,1,28.49899896,yahoo_bootstrap
2025-09-16,29.60000038,29.75,29.5,29.60000038,9530247,0,1,28.49899896,yahoo_bootstrap
2025-09-17,29.60000038,29.60000038,29.39999962,29.39999962,9642925,0,1,28.30643743,yahoo_bootstrap
2025-09-18,29.54999924,29.64999962,29.39999962,29.60000038,10868012,0,1,28.49899896,yahoo_bootstrap
2025-09-19,29.60000038,29.70000076,29.39999962,29.70000076,21165471,0,1,28.59527973,yahoo_bootstrap
2025-09-22,29.70000076,29.79999924,29.64999962,29.79999924,7972634,0,1,28.69155866,yahoo_bootstrap
2025-09-23,29.79999924,29.85000038,29.54999924,29.79999924,9345483,0,1,28.69155866,yahoo_bootstrap
2025-09-24,29.79999924,30,29.70000076,29.85000038,9127466,0,1,28.73969996,yahoo_bootstrap
2025-09-25,30,30,29.5,29.60000038,10437679,0,1,28.49899896,yahoo_bootstrap
2025-09-26,29.5,29.5,29.20000076,29.35000038,12439411,0,1,28.25829796,yahoo_bootstrap
2025-09-30,29.70000076,29.85000038,29.35000038,29.85000038,19698981,0,1,28.73969996,yahoo_bootstrap
2025-10-01,29.85000038,29.89999962,29.70000076,29.89999962,13466796,0,1,28.78783943,yahoo_bootstrap
2025-10-02,29.79999924,29.85000038,29.5,29.5,9775044,0,1,28.40271819,yahoo_bootstrap
2025-10-03,29.5,29.64999962,29.29999924,29.45000076,8657909,0,1,28.35457872,yahoo_bootstrap
2025-10-07,29.20000076,29.35000038,28.95000076,29,20016809,0,1,27.92131619,yahoo_bootstrap
2025-10-08,29.14999962,29.39999962,29.14999962,29.25,10717055,0,1,28.16201719,yahoo_bootstrap
2025-10-09,29.29999924,29.39999962,28.95000076,28.95000076,18803520,0,1,27.87317672,yahoo_bootstrap
2025-10-13,28.95000076,29.04999924,28.5,29.04999924,20200577,0,1,27.96945566,yahoo_bootstrap
2025-10-14,29,29.5,29,29.35000038,16489904,0,1,28.25829796,yahoo_bootstrap
2025-10-15,29.29999924,29.29999924,29.10000038,29.29999924,9221505,0,1,28.21015666,yahoo_bootstrap
2025-10-16,29.35000038,29.45000076,29.25,29.39999962,10042856,0,1,28.30643743,yahoo_bootstrap
2025-10-17,29.39999962,29.45000076,29.10000038,29.10000038,7603149,0,1,28.01759696,yahoo_bootstrap
2025-10-20,29.20000076,29.20000076,28.79999924,28.89999962,13427230,0,1,27.82503542,yahoo_bootstrap
2025-10-21,29.04999924,29.10000038,28.85000038,29,9486907,0,1,27.92131619,yahoo_bootstrap
2025-10-22,29.04999924,29.20000076,28.95000076,29.20000076,12616950,0,1,28.11387772,yahoo_bootstrap
2025-10-23,29,29.10000038,28.85000038,29.04999924,10922150,0,1,27.96945566,yahoo_bootstrap
2025-10-27,29.14999962,29.14999962,28.75,29,17559734,0,1,27.92131619,yahoo_bootstrap
2025-10-28,28.95000076,29,28.60000038,28.60000038,20011526,0,1,27.53619495,yahoo_bootstrap
2025-10-29,28.64999962,28.85000038,28.60000038,28.64999962,11910811,0,1,27.58433442,yahoo_bootstrap
2025-10-30,28.60000038,28.79999924,28.5,28.64999962,15155036,0,1,27.58433442,yahoo_bootstrap
2025-10-31,28.85000038,28.89999962,28.54999924,28.54999924,14444852,0,1,27.48805365,yahoo_bootstrap
2025-11-03,28.35000038,28.60000038,28.20000076,28.45000076,17456114,0,1,27.39177472,yahoo_bootstrap
2025-11-04,28.45000076,28.75,28.45000076,28.5,11310448,0,1,27.43991419,yahoo_bootstrap
2025-11-05,28.45000076,28.64999962,28.20000076,28.64999962,12983975,0,1,27.58433442,yahoo_bootstrap
2025-11-06,28.79999924,28.85000038,28.60000038,28.64999962,10990959,0,1,27.58433442,yahoo_bootstrap
2025-11-07,28.60000038,28.85000038,28.45000076,28.45000076,11575110,0,1,27.39177472,yahoo_bootstrap
2025-11-10,28.5,28.64999962,28.39999962,28.39999962,9852605,0,1,27.34363342,yahoo_bootstrap
2025-11-11,28.39999962,28.54999924,28.39999962,28.45000076,11038157,0,1,27.39177472,yahoo_bootstrap
2025-11-12,28.60000038,28.85000038,28.39999962,28.39999962,12306384,0,1,27.34363342,yahoo_bootstrap
2025-11-13,28.45000076,28.60000038,28.29999924,28.29999924,10263405,0,1,27.24735265,yahoo_bootstrap
2025-11-14,28.20000076,28.35000038,28,28.04999924,15455346,0,1,27.00665165,yahoo_bootstrap
2025-11-17,28.10000038,28.25,27.89999962,28.14999962,16653149,0,1,27.10293242,yahoo_bootstrap
2025-11-18,28,28.14999962,27.79999924,27.85000038,17178357,0,1,26.81409195,yahoo_bootstrap
2025-11-19,28,28,27.79999924,27.85000038,12409786,0,1,26.81409195,yahoo_bootstrap
2025-11-20,28,28.39999962,27.85000038,28.29999924,12229444,0,1,27.24735265,yahoo_bootstrap
2025-11-21,28.29999924,28.60000038,28.10000038,28.29999924,17562381,0,1,27.24735265,yahoo_bootstrap
2025-11-24,28.35000038,28.70000076,28.35000038,28.64999962,51084376,0,1,27.58433442,yahoo_bootstrap
2025-11-25,28.60000038,28.60000038,28.20000076,28.20000076,11770180,0,1,27.15107372,yahoo_bootstrap
2025-11-26,28.39999962,28.39999962,28.10000038,28.10000038,11549967,0,1,27.05479295,yahoo_bootstrap
2025-11-27,28,28.04999924,27.85000038,27.85000038,27992374,0,1,26.81409195,yahoo_bootstrap
2025-11-28,27.85000038,27.89999962,27.60000038,27.60000038,29986923,0,1,26.57339095,yahoo_bootstrap
2025-12-01,27.5,27.70000076,27.39999962,27.39999962,31607439,0,1,26.38082941,yahoo_bootstrap
2025-12-02,27.29999924,27.70000076,27.29999924,27.70000076,31122974,0,1,26.66967171,yahoo_bootstrap
2025-12-03,27.60000038,27.85000038,27.45000076,27.54999924,20836117,0,1,26.52524965,yahoo_bootstrap
2025-12-04,27.79999924,27.89999962,27.70000076,27.75,21326385,0,1,26.71781118,yahoo_bootstrap
2025-12-05,27.79999924,28.04999924,27.79999924,27.95000076,19261421,0,1,26.91037271,yahoo_bootstrap
2025-12-08,27.95000076,28.20000076,27.79999924,28.04999924,23227800,0,1,27.00665165,yahoo_bootstrap
2025-12-09,28.04999924,28.35000038,27.89999962,27.95000076,28081973,0,1,26.91037271,yahoo_bootstrap
2025-12-10,28,28.20000076,27.95000076,27.95000076,24395391,0,1,26.91037271,yahoo_bootstrap
2025-12-11,28.20000076,28.29999924,28.04999924,28.20000076,30803203,0,1,27.15107372,yahoo_bootstrap
2025-12-12,28.35000038,28.54999924,28.25,28.35000038,29314214,0,1,27.29549395,yahoo_bootstrap
2025-12-15,28.35000038,28.95000076,28.20000076,28.5,38050233,0,1,27.43991419,yahoo_bootstrap
2025-12-16,28.5,29.20000076,28.45000076,28.89999962,58738888,0,1,27.82503542,yahoo_bootstrap
2025-12-17,29,29.79999924,29,29.25,84109438,0,1,28.16201719,yahoo_bootstrap
2025-12-18,29.5,29.95000076,29.20000076,29.39999962,129659873,0,1,28.30643743,yahoo_bootstrap
2025-12-19,29.39999962,29.95000076,29.39999962,29.95000076,111458915,0,1,28.83598073,yahoo_bootstrap
2025-12-22,30,30.5,29.85000038,30.10000038,108144872,0,1,28.98040096,yahoo_bootstrap
2025-12-23,30.10000038,30.20000076,29.60000038,29.64999962,99155261,0,1,28.54713843,yahoo_bootstrap
2025-12-24,29.75,30.04999924,29.25,29.29999924,85368564,0,1,28.21015666,yahoo_bootstrap
2025-12-26,29.45000076,29.70000076,29.20000076,29.5,68673032,0,1,28.40271819,yahoo_bootstrap
2025-12-29,29.5,29.75,29.39999962,29.5,24392249,0,1,28.40271819,yahoo_bootstrap
2025-12-30,29.5,29.85000038,29.45000076,29.75,21167029,0,1,28.64341919,yahoo_bootstrap
2025-12-31,29.89999962,29.89999962,29.20000076,29.39999962,16319230,0,1,28.30643743,yahoo_bootstrap
2026-01-02,29.54999924,29.54999924,29.20000076,29.54999924,13717087,0,1,28.45085766,yahoo_bootstrap
2026-01-05,29.5,29.89999962,29.29999924,29.85000038,22202819,0,1,28.73969996,yahoo_bootstrap
2026-01-06,29.89999962,30.04999924,29.79999924,30.04999924,21581350,0,1,28.93225966,yahoo_bootstrap
2026-01-07,30.04999924,30.04999924,29.54999924,29.75,19121138,0,1,28.64341919,yahoo_bootstrap
2026-01-08,29.75,29.75,29.45000076,29.64999962,16864523,0,1,28.54713843,yahoo_bootstrap
2026-01-09,29.60000038,29.79999924,29.45000076,29.70000076,12854252,0,1,28.59527973,yahoo_bootstrap
2026-01-12,29.54999924,29.60000038,29.29999924,29.39999962,16837759,0,1,28.30643743,yahoo_bootstrap
2026-01-13,29.5,29.60000038,29.20000076,29.39999962,22439531,0,1,28.30643743,yahoo_bootstrap
2026-01-14,29.5,29.64999962,29.29999924,29.39999962,11245439,0,1,28.30643743,yahoo_bootstrap
2026-01-15,29.5,29.85000038,29.39999962,29.79999924,23308189,0,1,28.69155866,yahoo_bootstrap
2026-01-16,29.79999924,29.85000038,29.60000038,29.79999924,13539877,0,1,28.69155866,yahoo_bootstrap
2026-01-19,29.60000038,30.10000038,29.5,29.75,16985444,0,1,28.64341919,yahoo_bootstrap
2026-01-20,29.64999962,29.79999924,29.45000076,29.45000076,16078030,0,1,28.35457872,yahoo_bootstrap
2026-01-21,29.29999924,29.45000076,29.20000076,29.25,19448583,0,1,28.16201719,yahoo_bootstrap
2026-01-22,29.35000038,29.5,29.20000076,29.20000076,17428782,0,1,28.11387772,yahoo_bootstrap
2026-01-23,29.45000076,29.45000076,29.10000038,29.20000076,16897790,0,1,28.11387772,yahoo_bootstrap
2026-01-26,29.25,29.29999924,29,29.04999924,15846924,0,1,27.96945566,yahoo_bootstrap
2026-01-27,29.14999962,29.39999962,29.04999924,29.04999924,17285928,0,1,27.96945566,yahoo_bootstrap
2026-01-28,29.20000076,29.20000076,28.89999962,29.04999924,18862887,0,1,27.96945566,yahoo_bootstrap
2026-01-29,29.20000076,29.29999924,28.95000076,29.14999962,16788069,0,1,28.06573642,yahoo_bootstrap
2026-01-30,29.20000076,29.20000076,28.60000038,28.79999924,33790775,0,1,27.72875466,yahoo_bootstrap
2026-02-02,29,29,28.39999962,28.64999962,18048858,0,1,27.58433442,yahoo_bootstrap
2026-02-03,28.70000076,29.10000038,28.70000076,28.95000076,10932781,0,1,27.87317672,yahoo_bootstrap
2026-02-04,28.95000076,29.20000076,28.85000038,28.89999962,15315570,0,1,27.82503542,yahoo_bootstrap
2026-02-05,29,29.29999924,28.89999962,29.20000076,15170016,0,1,28.11387772,yahoo_bootstrap
2026-02-06,29,29.20000076,28.89999962,29.14999962,12049034,0,1,28.06573642,yahoo_bootstrap
2026-02-09,29.14999962,29.35000038,29,29,18454612,0,1,27.92131619,yahoo_bootstrap
2026-02-10,29.04999924,29.25,28.95000076,29.25,16886990,0,1,28.16201719,yahoo_bootstrap
2026-02-11,29.39999962,29.5,29.25,29.45000076,22556548,0,1,28.35457872,yahoo_bootstrap
2026-02-23,29.60000038,30,29.45000076,29.89999962,43519100,0,1,28.78783943,yahoo_bootstrap
2026-02-24,29.95000076,30,29.70000076,30,34711232,0,1,28.8841202,yahoo_bootstrap
2026-02-25,30,30,29.75,29.89999962,28882932,0,1,28.78783943,yahoo_bootstrap
2026-02-26,29.85000038,30,29.70000076,29.89999962,69387818,0,1,28.78783943,yahoo_bootstrap
2026-03-02,29.75,29.85000038,29.45000076,29.60000038,20534110,0,1,28.49899896,yahoo_bootstrap
2026-03-03,29.5,29.79999924,29.45000076,29.70000076,21877070,0,1,28.59527973,yahoo_bootstrap
2026-03-04,29.39999962,29.45000076,28.5,28.60000038,37805565,0,1,27.53619495,yahoo_bootstrap
2026-03-05,29.04999924,29.14999962,28.85000038,29.04999924,17649076,0,1,27.96945566,yahoo_bootstrap
2026-03-06,28.79999924,29.39999962,28.70000076,29.39999962,22109509,0,1,28.30643743,yahoo_bootstrap
2026-03-09,28.04999924,29.10000038,28,29.10000038,29251694,0,1,28.01759696,yahoo_bootstrap
2026-03-10,29.35000038,29.39999962,28.79999924,29,17165295,0,1,27.92131619,yahoo_bootstrap
2026-03-11,28.89999962,29.39999962,28.89999962,29.14999962,15362511,0,1,28.06573642,yahoo_bootstrap
2026-03-12,28.89999962,29,28.70000076,28.85000038,17522402,0,1,27.77689595,yahoo_bootstrap
2026-03-13,28.79999924,29,28.64999962,28.89999962,19828279,0,1,27.82503542,yahoo_bootstrap
2026-03-16,28.85000038,29.04999924,28.75,28.85000038,15356286,0,1,27.77689595,yahoo_bootstrap
2026-03-17,29.10000038,29.10000038,28.85000038,29.10000038,18705478,0,1,28.01759696,yahoo_bootstrap
2026-03-18,29.35000038,29.35000038,28.79999924,28.95000076,27893546,0,1,27.87317672,yahoo_bootstrap
2026-03-19,28.95000076,28.95000076,28.39999962,28.60000038,28389525,0,1,27.53619495,yahoo_bootstrap
2026-03-20,28.5,28.75,28.45000076,28.75,27019753,0,1,27.68061519,yahoo_bootstrap
2026-03-23,28.29999924,28.29999924,28,28.10000038,24258169,0,1,27.05479295,yahoo_bootstrap
2026-03-24,28.35000038,28.70000076,28.20000076,28.54999924,20255107,0,1,27.48805365,yahoo_bootstrap
2026-03-25,29,29,28.39999962,28.70000076,25720473,0,1,27.63247572,yahoo_bootstrap
2026-03-26,28.85000038,28.85000038,28.5,28.64999962,15841113,0,1,27.58433442,yahoo_bootstrap
2026-03-27,28.5,28.64999962,28.20000076,28.45000076,16728744,0,1,27.39177472,yahoo_bootstrap
2026-03-30,28,28.39999962,28,28.14999962,21042342,0,1,27.10293242,yahoo_bootstrap
2026-03-31,28.14999962,28.39999962,28.10000038,28.20000076,18678334,0,1,27.15107372,yahoo_bootstrap
2026-04-01,28.45000076,28.64999962,28.25,28.45000076,21012787,0,1,27.39177472,yahoo_bootstrap
2026-04-02,28.45000076,28.60000038,28.29999924,28.39999962,17744734,0,1,27.34363342,yahoo_bootstrap
2026-04-07,28.39999962,28.64999962,28.35000038,28.60000038,8408184,0,1,27.53619495,yahoo_bootstrap
2026-04-08,28.89999962,28.89999962,28.60000038,28.79999924,16165174,0,1,27.72875466,yahoo_bootstrap
2026-04-09,28.79999924,29.10000038,28.64999962,29.10000038,19810999,0,1,28.01759696,yahoo_bootstrap
2026-04-10,28.89999962,29.10000038,28.60000038,28.60000038,17318185,0,1,27.53619495,yahoo_bootstrap
2026-04-13,28.60000038,28.64999962,28.39999962,28.45000076,13181869,0,1,27.39177472,yahoo_bootstrap
2026-04-14,28.60000038,28.70000076,28.5,28.60000038,13245660,0,1,27.53619495,yahoo_bootstrap
2026-04-15,28.75,28.95000076,28.70000076,28.85000038,20453903,0,1,27.77689595,yahoo_bootstrap
2026-04-16,28.95000076,29,28.79999924,28.79999924,12290172,0,1,27.72875466,yahoo_bootstrap
2026-04-17,28.95000076,28.95000076,28.60000038,28.79999924,13422144,0,1,27.72875466,yahoo_bootstrap
2026-04-20,28.85000038,29,28.64999962,28.89999962,19842314,0,1,27.82503542,yahoo_bootstrap
2026-04-21,29,29.04999924,28.75,28.79999924,15112917,0,1,27.72875466,yahoo_bootstrap
2026-04-22,28.75,28.85000038,28.60000038,28.64999962,17948961,0,1,27.58433442,yahoo_bootstrap
2026-04-23,28.54999924,28.60000038,28.04999924,28.14999962,41083929,0,1,27.10293242,yahoo_bootstrap
2026-04-24,28.25,28.45000076,28.20000076,28.29999924,19045050,0,1,27.24735265,yahoo_bootstrap
2026-04-27,28.14999962,28.60000038,28.10000038,28.35000038,31664355,0,1,27.29549395,yahoo_bootstrap
2026-04-28,28.39999962,28.60000038,28.25,28.29999924,18932064,0,1,27.24735265,yahoo_bootstrap
2026-04-29,28.5,28.54999924,28.29999924,28.54999924,19278098,0,1,27.48805365,yahoo_bootstrap
2026-04-30,28.29999924,28.89999962,28.25,28.85000038,79730918,0,1,27.77689595,yahoo_bootstrap
2026-05-04,28.85000038,28.89999962,28.25,28.25,45844074,0,1,27.19921318,yahoo_bootstrap
2026-05-05,28.29999924,28.5,28.14999962,28.39999962,20462339,0,1,27.34363342,yahoo_bootstrap
2026-05-06,28.60000038,29,28.45000076,28.79999924,46129128,0,1,27.72875466,yahoo_bootstrap
2026-05-07,28.79999924,29.39999962,28.75,29.14999962,53870201,0,1,28.06573642,yahoo_bootstrap
2026-05-08,29.39999962,29.60000038,29.04999924,29.5,39423941,0,1,28.40271819,yahoo_bootstrap
2026-05-11,29.5,29.75,29.25,29.54999924,37946805,0,1,28.45085766,yahoo_bootstrap
2026-05-12,29.54999924,29.70000076,29.14999962,29.39999962,41013705,0,1,28.30643743,yahoo_bootstrap
2026-05-13,29.35000038,29.70000076,29.25,29.5,34194788,0,1,28.40271819,yahoo_bootstrap
2026-05-14,29.29999924,29.64999962,29.29999924,29.5,24514216,0,1,28.40271819,yahoo_bootstrap
2026-05-15,29.54999924,29.79999924,29.29999924,29.29999924,23724441,0,1,28.21015666,yahoo_bootstrap
2026-05-18,29.29999924,29.35000038,28.70000076,28.75,28717809,0,1,27.68061519,yahoo_bootstrap
2026-05-19,28.75,29.45000076,28.70000076,29,28366371,0,1,27.92131619,yahoo_bootstrap
2026-05-20,28.10000038,28.39999962,27.54999924,27.75,174593209,0,1,26.71781118,yahoo_bootstrap
2026-05-21,28,28.04999924,27.54999924,27.70000076,85289686,0,1,26.66967171,yahoo_bootstrap
2026-05-22,27.79999924,27.79999924,27.39999962,27.54999924,84277920,0,1,26.52524965,yahoo_bootstrap
2026-05-25,27.60000038,27.60000038,27.20000076,27.60000038,79306950,0,1,26.57339095,yahoo_bootstrap
2026-05-26,27.54999924,27.79999924,27.5,27.70000076,47194197,0,1,26.66967171,yahoo_bootstrap
2026-05-27,27.70000076,27.79999924,27.54999924,27.60000038,33461219,0,1,26.57339095,yahoo_bootstrap
2026-05-28,27.60000038,27.64999962,27.25,27.25,47474230,0,1,26.23640918,yahoo_bootstrap
2026-05-29,27.29999924,27.5,27.20000076,27.45000076,109714926,0,1,26.42897071,yahoo_bootstrap
2026-06-01,27.45000076,27.85000038,27.29999924,27.75,51979874,0,1,26.71781118,yahoo_bootstrap
2026-06-02,27.75,28.20000076,27.70000076,28.14999962,57668385,0,1,27.10293242,yahoo_bootstrap
2026-06-03,28.39999962,29.29999924,28.10000038,29,81243540,0,1,27.92131619,yahoo_bootstrap
2026-06-04,29,29.64999962,28.85000038,29.54999924,88955114,0,1,28.45085766,yahoo_bootstrap
2026-06-05,29.5,29.54999924,28.95000076,29.29999924,57117661,0,1,28.21015666,yahoo_bootstrap
2026-06-08,28.70000076,29.14999962,28.45000076,29.10000038,50790722,0,1,28.01759696,yahoo_bootstrap
2026-06-09,29.10000038,30.54999924,29.10000038,30.5,98670962,0,1,29.3655222,yahoo_bootstrap
2026-06-10,30.39999962,30.95000076,30.20000076,30.54999924,67795095,0,1,29.41366167,yahoo_bootstrap
2026-06-11,30.54999924,30.75,29.95000076,30.64999962,46434227,0,1,29.50994243,yahoo_bootstrap
2026-06-12,30.70000076,31.35000038,30.64999962,31,48459149,0,1,29.8469242,yahoo_bootstrap
2026-06-15,31.35000038,31.64999962,31.04999924,31.29999924,39040453,0,1,30.13576467,yahoo_bootstrap
2026-06-16,31.29999924,31.79999924,31.25,31.79999924,50561792,0,1,30.61716668,yahoo_bootstrap
2026-06-17,31.79999924,32.75,31.70000076,32.5,65494833,0,1,31.29113021,yahoo_bootstrap
2026-06-18,32.5,32.79999924,32.25,32.59999847,73095322,0,1,31.38740914,yahoo_bootstrap
2026-06-22,32.59999847,32.75,32.15000153,32.29999924,46637607,0,1,31.09856868,yahoo_bootstrap
2026-06-23,32.29999924,32.70000076,32,32.45000076,54335253,0,1,31.24299074,yahoo_bootstrap
2026-06-24,32.25,32.65000153,32,32.04999924,38608856,0,1,30.85786768,yahoo_bootstrap
2026-06-25,32.15000153,33.25,32.09999847,32.84999847,58758894,0,1,31.62811014,yahoo_bootstrap
2026-06-26,32.59999847,32.95000076,32.45000076,32.65000153,40519152,0,1,31.43555229,yahoo_bootstrap
2026-06-29,32.79999924,33.20000076,32.54999924,33,41865535,0,1,31.77253222,yahoo_bootstrap
2026-06-30,32.95000076,33.04999924,32.29999924,32.75,53431733,0,1,31.53183121,yahoo_bootstrap
2026-07-01,32.70000076,33.34999847,32.15000153,33.20000076,136629196,0,1,31.96509375,yahoo_bootstrap
2026-07-02,33,33,32.04999924,32.09999847,50128535,0,1,30.90600714,yahoo_bootstrap
2026-07-03,32,32.95000076,32,32.40000153,25576238,0,1,31.19485128,yahoo_bootstrap
2026-07-06,32.34999847,33.09999847,32.34999847,33.04999924,28498977,0,1,31.82067168,yahoo_bootstrap
2026-07-07,33.04999924,33.65000153,33.04999924,33.29999924,41044448,0,1,32.06137269,yahoo_bootstrap
2026-07-08,33.25,34.09999847,33.20000076,34.09999847,32369775,0,1,32.83161515,yahoo_bootstrap
2026-07-09,34.09999847,34.15000153,33.40000153,33.59999847,13831613,0,1,32.35021315,yahoo_bootstrap
2026-07-10,33.59999847,33.59999847,33.59999847,33.59999847,0,0,1,32.35021315,yahoo_bootstrap
2026-07-13,34,34.04999924,33.34999847,33.65000153,19074071,0,1,32.39835629,yahoo_bootstrap
2026-07-14,33.84999847,33.84999847,33.09999847,33.54999924,24883211,0,1,32.30207369,yahoo_bootstrap
2026-07-15,33.40000153,33.79999924,33.09999847,33.09999847,54742667,0,1,31.86881114,yahoo_bootstrap
2026-07-16,33.09999847,34.15000153,33.09999847,33.95000076,36926307,0,1,32.68719675,yahoo_bootstrap
2026-07-17,33.79999924,34.29999924,33.54999924,34.09999847,44790625,0,1,32.83161515,yahoo_bootstrap
2026-07-20,34.15000153,34.25,33.5,33.95000076,37993170,0,1,32.68719675,yahoo_bootstrap
2026-07-21,33.90000153,34.5,33.75,34.45000076,40199132,0,1,33.16859876,yahoo_bootstrap
2026-07-22,34.04999924,34.75,34.04999924,34.40000153,30933822,0,1,33.1204593,yahoo_bootstrap
2026-07-23,34.40000153,34.40000153,33.70000076,34.15000153,35200628,0,1,32.8797583,yahoo_bootstrap
2026-07-24,33.40000153,34.45000076,33.40000153,34.29999924,30886885,0,1,33.02417669,yahoo_bootstrap
2026-07-27,34.59999847,35.09999847,34.09999847,34.79999924,38485688,0,1,33.5055787,yahoo_daily
2026-07-28,34.59999847,35.09999847,34.5,34.79999924,42464425,0,1,33.5055787,yahoo_daily
2026-07-29,34.79999924,35.09999847,34.15000153,34.79999924,49651534,0,1,33.5055787,yahoo_daily
2026-07-30,34.84999847,35.65000153,34.45000076,35.5,62958786,0,1,34.17954223,yahoo_daily
2026-07-31,35.54999924,36.90000153,35.40000153,36.75,60398206,0,1,35.38304724,yahoo_daily
2026-08-03,36.29999924,36.45000076,35.65000153,35.95000076,48171958,0,1,34.61280477,yahoo_daily
2026-08-04,35.40000153,36.25,35.15000153,35.29999924,54380151,0,1,33.9869807,yahoo_daily
2026-08-05,35.29999924,36.09999847,35.20000076,35.90000153,48501500,0,1,34.5646653,yahoo_daily
2026-08-06,35.79999924,36.29999924,35.5,35.5,50623810,0,1,34.17954223,yahoo_daily
2026-08-07,35.84999847,35.84999847,35.29999924,35.54999924,32349253,0,1,34.2276817,yahoo_daily
2026-08-10,35.70000076,35.70000076,34.90000153,34.95000076,51091513,0,1,33.65000076,yahoo_daily
2026-08-11,33.54999924,33.70000076,32.59999847,32.70000076,84500487,1.3,1,32.70000076,yahoo_daily
2026-08-12,32.70000076,33.15000153,32.45000076,33.15000153,42824691,0,1,33.15000153,yahoo_daily
2026-08-13,33.34999847,33.34999847,32.65000153,33.15000153,27923132,0,1,33.15000153,yahoo_daily
2026-08-14,33.15000153,33.70000076,32.75,33.34999847,39691564,0,1,33.34999847,yahoo_daily
2026-08-17,33.09999847,33.54999924,32.54999924,33.40000153,45633475,0,1,33.40000153,yahoo_daily
2026-08-18,33.40000153,34.25,33.25,33.70000076,40391819,0,1,33.70000076,yahoo_daily
2026-08-19,33.65000153,33.79999924,33.29999924,33.59999847,16224959,0,1,33.59999847,yahoo_daily
2026-08-20,33.70000076,33.75,33.20000076,33.29999924,26982157,0,1,33.29999924,yahoo_daily
2026-08-21,33.25,33.79999924,33.20000076,33.65000153,31988508,0,1,33.65000153,yahoo_daily
2026-08-24,33.54999924,33.79999924,33.25,33.54999924,23855696,0,1,33.54999924,yahoo_daily
2026-08-25,33.5,34.09999847,33.45000076,33.79999924,28418912,0,1,33.79999924,yahoo_daily
2026-08-26,33.5,34,33.25,33.40000153,38278297,0,1,33.40000153,yahoo_daily
2026-08-27,33.5,33.75,33.29999924,33.34999847,26458894,0,1,33.34999847,yahoo_daily
2026-08-28,33.5,34.75,33.45000076,34.40000153,66984859,0,1,34.40000153,yahoo_daily
2026-08-31,34.29999924,35.29999924,34.29999924,35.29999924,87689076,0,1,35.29999924,yahoo_daily
2026-09-01,35.04999924,35.90000153,35,35.90000153,33949397,0,1,35.90000153,yahoo_daily
2026-09-02,35.54999924,36.34999847,35.40000153,36.25,36848659,0,1,36.25,yahoo_daily
2026-09-03,36.25,37.09999847,36.09999847,36.84999847,38550023,0,1,36.84999847,yahoo_daily
