date,open,high,low,close,volume,dividend,split_factor,adjusted_close,source
2021-09-07,45.70000076,45.75,45.20000076,45.34999847,108351,0,1,35.74721999,yahoo_bootstrap
2021-09-08,45.34999847,45.34999847,44.59999847,44.59999847,278600,0,1,35.1560311,yahoo_bootstrap
2021-09-09,44.15000153,45.34999847,44.15000153,45.34999847,62730,0,1,35.74721999,yahoo_bootstrap
2021-09-10,45.25,45.5,44.95000076,45.34999847,134417,0,1,35.74721999,yahoo_bootstrap
2021-09-13,45.34999847,46.04999924,45.25,45.65000153,97450,0,1,35.98369795,yahoo_bootstrap
2021-09-14,45.70000076,45.75,45.15000153,45.29999924,253584,0,1,35.707808,yahoo_bootstrap
2021-09-15,45.09999847,45.29999924,44.70000076,44.90000153,200949,0,1,35.39250907,yahoo_bootstrap
2021-09-16,44.90000153,44.90000153,44.54999924,44.84999847,80231,0,1,35.35309406,yahoo_bootstrap
2021-09-17,44.84999847,45.20000076,44.40000153,45.20000076,164738,0,1,35.62898402,yahoo_bootstrap
2021-09-22,44.70000076,44.70000076,44.15000153,44.5,148070,0,1,35.07720712,yahoo_bootstrap
2021-09-23,45.15000153,45.15000153,44.45000076,44.45000076,119489,0,1,35.03779513,yahoo_bootstrap
2021-09-24,44.75,45.04999924,44.75,44.95000076,103522,0,1,35.43192105,yahoo_bootstrap
2021-09-27,45.20000076,45.70000076,45.20000076,45.45000076,97028,0,1,35.82604698,yahoo_bootstrap
2021-09-28,45.45000076,45.45000076,44.90000153,45,68000,0,1,35.47133305,yahoo_bootstrap
2021-09-29,44.5,44.95000076,44.20000076,44.29999924,230000,0,1,34.91955616,yahoo_bootstrap
2021-09-30,44.34999847,44.5,44,44.45000076,115940,0,1,35.03779513,yahoo_bootstrap
2021-10-01,44.40000153,44.40000153,43.54999924,43.65000153,168800,0,1,34.40719426,yahoo_bootstrap
2021-10-04,44.29999924,44.40000153,42.70000076,43,174559,0,1,33.89482936,yahoo_bootstrap
2021-10-05,42.95000076,43.65000153,42.20000076,43.65000153,132080,0,1,34.40719426,yahoo_bootstrap
2021-10-06,43.84999847,44.40000153,43.5,43.79999924,122428,0,1,34.52543023,yahoo_bootstrap
2021-10-07,44.04999924,45,43.65000153,44.75,147800,0,1,35.27427009,yahoo_bootstrap
2021-10-08,44.95000076,45,44.5,44.59999847,75100,0,1,35.1560311,yahoo_bootstrap
2021-10-12,44.70000076,44.70000076,43.59999847,44,187616,0,1,34.6830812,yahoo_bootstrap
2021-10-13,43.79999924,43.79999924,43.15000153,43.40000153,86000,0,1,34.2101313,yahoo_bootstrap
2021-10-14,43.40000153,43.40000153,43,43.34999847,130100,0,1,34.1707163,yahoo_bootstrap
2021-10-15,43.40000153,43.70000076,43.40000153,43.70000076,101918,0,1,34.44660625,yahoo_bootstrap
2021-10-18,43.75,44,43.54999924,43.70000076,50979,0,1,34.44660625,yahoo_bootstrap
2021-10-19,43.90000153,44.40000153,43.90000153,44.09999847,115377,0,1,34.76190518,yahoo_bootstrap
2021-10-20,43.95000076,44.20000076,43.75,43.90000153,82000,0,1,34.60425722,yahoo_bootstrap
2021-10-21,43.90000153,44.79999924,43.90000153,44.34999847,114000,0,1,34.95896814,yahoo_bootstrap
2021-10-22,44.45000076,44.70000076,43.95000076,44.34999847,56254,0,1,34.95896814,yahoo_bootstrap
2021-10-25,44.20000076,44.65000153,44.15000153,44.15000153,81429,0,1,34.80132018,yahoo_bootstrap
2021-10-26,44.65000153,44.70000076,44.15000153,44.15000153,160064,0,1,34.80132018,yahoo_bootstrap
2021-10-27,44.09999847,44.45000076,43.90000153,44.29999924,137041,0,1,34.91955616,yahoo_bootstrap
2021-10-28,44.29999924,44.95000076,44.20000076,44.5,228616,0,1,35.07720712,yahoo_bootstrap
2021-10-29,44.59999847,44.59999847,44.15000153,44.29999924,159667,0,1,34.91955616,yahoo_bootstrap
2021-11-01,44.5,44.79999924,44.29999924,44.79999924,109160,0,1,35.31368208,yahoo_bootstrap
2021-11-02,44.84999847,45.09999847,44.25,44.25,202115,0,1,34.88014416,yahoo_bootstrap
2021-11-03,44.79999924,44.95000076,44.34999847,44.70000076,142272,0,1,35.23485809,yahoo_bootstrap
2021-11-04,44.84999847,45.29999924,44.84999847,45.20000076,160130,0,1,35.62898402,yahoo_bootstrap
2021-11-05,45.79999924,45.79999924,45.04999924,45.25,129888,0,1,35.66839601,yahoo_bootstrap
2021-11-08,45.34999847,45.79999924,43,44.59999847,301343,0,1,35.1560311,yahoo_bootstrap
2021-11-09,44.5,44.54999924,44.04999924,44.20000076,154560,0,1,34.84073217,yahoo_bootstrap
2021-11-10,44.29999924,45,44,44.40000153,167180,0,1,34.99838315,yahoo_bootstrap
2021-11-11,44.40000153,44.84999847,43.75,43.84999847,203548,0,1,34.56484222,yahoo_bootstrap
2021-11-12,43.84999847,43.95000076,43.40000153,43.70000076,263121,0,1,34.44660625,yahoo_bootstrap
2021-11-15,43.84999847,44.20000076,43.5,43.75,216779,0,1,34.48601824,yahoo_bootstrap
2021-11-16,43.5,44.40000153,43.5,44.40000153,234020,0,1,34.99838315,yahoo_bootstrap
2021-11-17,44.45000076,44.54999924,43.84999847,44,190214,0,1,34.6830812,yahoo_bootstrap
2021-11-18,44,44.04999924,43.65000153,43.84999847,190570,0,1,34.56484222,yahoo_bootstrap
2021-11-19,43.90000153,44.20000076,43.40000153,43.95000076,344167,0,1,34.64366921,yahoo_bootstrap
2021-11-22,43.90000153,44.40000153,43.65000153,44.29999924,240178,0,1,34.91955616,yahoo_bootstrap
2021-11-23,44.20000076,44.20000076,44,44.04999924,133000,0,1,34.72249319,yahoo_bootstrap
2021-11-24,44.04999924,45.70000076,43.59999847,45.65000153,811230,0,1,35.98369795,yahoo_bootstrap
2021-11-25,45.65000153,45.79999924,44.70000076,44.70000076,517430,0,1,35.23485809,yahoo_bootstrap
2021-11-26,44.70000076,44.79999924,43.84999847,43.95000076,577106,0,1,34.64366921,yahoo_bootstrap
2021-11-29,43.29999924,43.84999847,42.84999847,43.75,790178,0,1,34.48601824,yahoo_bootstrap
2021-11-30,44,44.75,43.90000153,43.90000153,2429445,0,1,34.60425722,yahoo_bootstrap
2021-12-01,43.95000076,45.75,43.95000076,45.34999847,784144,0,1,35.74721999,yahoo_bootstrap
2021-12-02,45.20000076,45.25,44.70000076,44.95000076,223547,0,1,35.43192105,yahoo_bootstrap
2021-12-03,45.20000076,45.40000153,44.95000076,45.09999847,203553,0,1,35.55015703,yahoo_bootstrap
2021-12-06,45.29999924,45.5,45.15000153,45.25,150100,0,1,35.66839601,yahoo_bootstrap
2021-12-07,45.25,45.59999847,45.04999924,45.25,242540,0,1,35.66839601,yahoo_bootstrap
2021-12-08,45.25,45.65000153,44.70000076,44.75,280971,0,1,35.27427009,yahoo_bootstrap
2021-12-09,45.09999847,45.20000076,44.84999847,44.95000076,115662,0,1,35.43192105,yahoo_bootstrap
2021-12-10,44.84999847,45.09999847,44.65000153,44.70000076,98025,0,1,35.23485809,yahoo_bootstrap
2021-12-13,44.84999847,45.20000076,44.79999924,45,143241,0,1,35.47133305,yahoo_bootstrap
2021-12-14,45,45,44.09999847,44.20000076,284100,0,1,34.84073217,yahoo_bootstrap
2021-12-15,44.20000076,44.65000153,44.15000153,44.34999847,180888,0,1,34.95896814,yahoo_bootstrap
2021-12-16,44.54999924,45,44.54999924,44.65000153,127709,0,1,35.19544611,yahoo_bootstrap
2021-12-17,44.65000153,45.20000076,44.5,44.54999924,113013,0,1,35.11661912,yahoo_bootstrap
2021-12-20,44.40000153,44.70000076,44.29999924,44.40000153,111530,0,1,34.99838315,yahoo_bootstrap
2021-12-21,44.29999924,44.65000153,44.15000153,44.59999847,94400,0,1,35.1560311,yahoo_bootstrap
2021-12-22,44.65000153,44.95000076,44.59999847,44.75,57107,0,1,35.27427009,yahoo_bootstrap
2021-12-23,44.95000076,45.70000076,44.95000076,45.65000153,352011,0,1,35.98369795,yahoo_bootstrap
2021-12-24,46.25,46.29999924,45.59999847,45.70000076,264144,0,1,36.02310994,yahoo_bootstrap
2021-12-27,45.95000076,46.29999924,45.79999924,46.29999924,270740,0,1,36.49605985,yahoo_bootstrap
2021-12-28,46.65000153,47.15000153,46.25,46.5,384788,0,1,36.65371082,yahoo_bootstrap
2021-12-29,46.45000076,46.59999847,46.20000076,46.5,254391,0,1,36.65371082,yahoo_bootstrap
2021-12-30,46.5,46.90000153,46.40000153,46.79999924,229678,0,1,36.89018577,yahoo_bootstrap
2022-01-03,46.84999847,47.29999924,46.54999924,46.90000153,277199,0,1,36.96901276,yahoo_bootstrap
2022-01-04,46.79999924,47.20000076,46.79999924,46.79999924,178541,0,1,36.89018577,yahoo_bootstrap
2022-01-05,46.90000153,46.90000153,46.59999847,46.65000153,181080,0,1,36.7719498,yahoo_bootstrap
2022-01-06,46.29999924,46.75,46,46.5,198600,0,1,36.65371082,yahoo_bootstrap
2022-01-07,46.15000153,46.40000153,45.65000153,46.20000076,163879,0,1,36.41723586,yahoo_bootstrap
2022-01-10,46.5,47.40000153,46.5,47.04999924,512458,0,1,37.08724873,yahoo_bootstrap
2022-01-11,47.29999924,47.59999847,46.29999924,46.29999924,294372,0,1,36.49605985,yahoo_bootstrap
2022-01-12,46.29999924,46.40000153,45.90000153,46.15000153,110886,0,1,36.37782388,yahoo_bootstrap
2022-01-13,46.20000076,46.20000076,45.90000153,46,115686,0,1,36.25958489,yahoo_bootstrap
2022-01-14,46,46,45.20000076,45.34999847,189131,0,1,35.74721999,yahoo_bootstrap
2022-01-17,45.40000153,45.75,45.34999847,45.65000153,45426,0,1,35.98369795,yahoo_bootstrap
2022-01-18,45.90000153,46.09999847,45.65000153,45.65000153,72781,0,1,35.98369795,yahoo_bootstrap
2022-01-19,45.65000153,45.70000076,45.20000076,45.25,105360,0,1,35.66839601,yahoo_bootstrap
2022-01-20,45.25,45.5,45.25,45.29999924,44048,0,1,35.707808,yahoo_bootstrap
2022-01-21,45,45,44.5,44.5,183065,0,1,35.07720712,yahoo_bootstrap
2022-01-24,44.5,44.5,43.5,44.15000153,119540,0,1,34.80132018,yahoo_bootstrap
2022-01-25,44.15000153,44.34999847,43.84999847,44.04999924,226317,0,1,34.72249319,yahoo_bootstrap
2022-01-26,43.95000076,44.79999924,43.95000076,44.25,89122,0,1,34.88014416,yahoo_bootstrap
2022-02-07,44.29999924,45.45000076,44.29999924,45.40000153,87620,0,1,35.78663499,yahoo_bootstrap
2022-02-08,45.40000153,46.09999847,45.25,46.09999847,164540,0,1,36.33840887,yahoo_bootstrap
2022-02-09,46.09999847,46.65000153,46,46.5,170811,0,1,36.65371082,yahoo_bootstrap
2022-02-10,46.75,46.79999924,46.15000153,46.5,100644,0,1,36.65371082,yahoo_bootstrap
2022-02-11,45.5,48.79999924,45.5,47.59999847,824100,0,1,37.52078664,yahoo_bootstrap
2022-02-14,47.79999924,47.79999924,46.79999924,47,275100,0,1,37.04783674,yahoo_bootstrap
2022-02-15,47,47.25,46.40000153,46.5,234371,0,1,36.65371082,yahoo_bootstrap
2022-02-16,46.84999847,47.29999924,46.70000076,46.95000076,113208,0,1,37.00842474,yahoo_bootstrap
2022-02-17,46.95000076,47.29999924,46.65000153,47,102436,0,1,37.04783674,yahoo_bootstrap
2022-02-18,46.79999924,47.45000076,46.40000153,47.40000153,259026,0,1,37.36313868,yahoo_bootstrap
2022-02-21,47,47.45000076,47,47.34999847,95700,0,1,37.32372368,yahoo_bootstrap
2022-02-22,47.65000153,47.65000153,46.29999924,46.5,190020,0,1,36.65371082,yahoo_bootstrap
2022-02-23,46.5,47.40000153,46.5,46.90000153,95226,0,1,36.96901276,yahoo_bootstrap
2022-02-24,46.5,46.54999924,45.34999847,45.45000076,358343,0,1,35.82604698,yahoo_bootstrap
2022-02-25,46.09999847,46.45000076,45.59999847,46.20000076,150088,0,1,36.41723586,yahoo_bootstrap
2022-03-01,46.40000153,46.84999847,46.34999847,46.65000153,114540,0,1,36.7719498,yahoo_bootstrap
2022-03-02,46.65000153,46.79999924,46.29999924,46.75,67379,0,1,36.85077378,yahoo_bootstrap
2022-03-03,46.75,47.04999924,46.75,46.75,131896,0,1,36.85077378,yahoo_bootstrap
2022-03-04,46.20000076,46.54999924,46.15000153,46.20000076,42326,0,1,36.41723586,yahoo_bootstrap
2022-03-07,45.45000076,45.5,45,45.15000153,167390,0,1,35.58957203,yahoo_bootstrap
2022-03-08,44.70000076,45.25,44.40000153,44.40000153,173259,0,1,34.99838315,yahoo_bootstrap
2022-03-09,44.5,45.15000153,44.5,45,105312,0,1,35.47133305,yahoo_bootstrap
2022-03-10,45.25,46,45.25,45.5,84179,0,1,35.86545897,yahoo_bootstrap
2022-03-11,45.5,45.79999924,45.20000076,45.5,52094,0,1,35.86545897,yahoo_bootstrap
2022-03-14,46.34999847,46.34999847,45.84999847,46,154737,0,1,36.25958489,yahoo_bootstrap
2022-03-15,46,46,45.34999847,45.59999847,143364,0,1,35.94428295,yahoo_bootstrap
2022-03-16,45.79999924,46,45.40000153,45.79999924,93126,0,1,36.10193392,yahoo_bootstrap
2022-03-17,46.20000076,46.54999924,46.09999847,46.45000076,124945,0,1,36.61429882,yahoo_bootstrap
2022-03-18,46.5,46.90000153,46.29999924,46.59999847,76000,0,1,36.73253479,yahoo_bootstrap
2022-03-21,46.65000153,46.65000153,46.40000153,46.45000076,61746,0,1,36.61429882,yahoo_bootstrap
2022-03-22,46.75,46.75,46.34999847,46.45000076,62921,0,1,36.61429882,yahoo_bootstrap
2022-03-23,46.45000076,46.75,46.45000076,46.65000153,138200,0,1,36.7719498,yahoo_bootstrap
2022-03-24,46.65000153,46.65000153,46.09999847,46.34999847,99639,0,1,36.53547183,yahoo_bootstrap
2022-03-25,46.34999847,46.70000076,46.20000076,46.40000153,49000,0,1,36.57488684,yahoo_bootstrap
2022-03-28,45.75,46.29999924,45.75,46.25,41647,0,1,36.45664785,yahoo_bootstrap
2022-03-29,46.34999847,46.45000076,46.20000076,46.45000076,26788,0,1,36.61429882,yahoo_bootstrap
2022-03-30,46.45000076,46.79999924,46.45000076,46.79999924,122095,0,1,36.89018577,yahoo_bootstrap
2022-03-31,46.79999924,46.84999847,46.59999847,46.59999847,67175,0,1,36.73253479,yahoo_bootstrap
2022-04-01,46.25,46.59999847,46.15000153,46.45000076,38534,0,1,36.61429882,yahoo_bootstrap
2022-04-06,46.5,46.90000153,46.45000076,46.84999847,90660,0,1,36.92959775,yahoo_bootstrap
2022-04-07,46.79999924,46.90000153,46.54999924,46.70000076,218152,0,1,36.81136178,yahoo_bootstrap
2022-04-08,46.59999847,46.90000153,46.59999847,46.79999924,118089,0,1,36.89018577,yahoo_bootstrap
2022-04-11,46.79999924,46.79999924,45.90000153,46.04999924,149717,0,1,36.29899689,yahoo_bootstrap
2022-04-12,45.29999924,45.5,45.20000076,45.34999847,127001,0,1,35.74721999,yahoo_bootstrap
2022-04-13,45.5,45.90000153,45.45000076,45.79999924,112101,0,1,36.10193392,yahoo_bootstrap
2022-04-14,45.59999847,45.70000076,45.54999924,45.59999847,82942,0,1,35.94428295,yahoo_bootstrap
2022-04-15,45.34999847,45.40000153,45.04999924,45.04999924,118000,0,1,35.51074504,yahoo_bootstrap
2022-04-18,45.09999847,45.09999847,44.70000076,44.90000153,72477,0,1,35.39250907,yahoo_bootstrap
2022-04-19,45.09999847,45.20000076,44.90000153,45.15000153,20090,0,1,35.58957203,yahoo_bootstrap
2022-04-20,45.15000153,45.70000076,44.79999924,45.25,100717,0,1,35.66839601,yahoo_bootstrap
2022-04-21,45.34999847,45.59999847,45.34999847,45.40000153,20043,0,1,35.78663499,yahoo_bootstrap
2022-04-22,45.40000153,46.15000153,45,46,154080,0,1,36.25958489,yahoo_bootstrap
2022-04-25,45.5,45.5,44.90000153,44.95000076,144116,0,1,35.43192105,yahoo_bootstrap
2022-04-26,45.04999924,45.29999924,44.79999924,44.90000153,39003,0,1,35.39250907,yahoo_bootstrap
2022-04-27,44.29999924,44.29999924,44.04999924,44.20000076,117144,0,1,34.84073217,yahoo_bootstrap
2022-04-28,44.29999924,44.54999924,44.25,44.45000076,41200,0,1,35.03779513,yahoo_bootstrap
2022-04-29,44.90000153,44.90000153,44.54999924,44.65000153,50250,0,1,35.19544611,yahoo_bootstrap
2022-05-03,44.5,44.84999847,44.5,44.59999847,13202,0,1,35.1560311,yahoo_bootstrap
2022-05-04,44.95000076,44.95000076,44.34999847,44.5,15070,0,1,35.07720712,yahoo_bootstrap
2022-05-05,45,45,44.65000153,44.65000153,35000,0,1,35.19544611,yahoo_bootstrap
2022-05-06,44,44.25,44,44.15000153,60000,0,1,34.80132018,yahoo_bootstrap
2022-05-09,44.20000076,44.29999924,44.04999924,44.15000153,175442,0,1,34.80132018,yahoo_bootstrap
2022-05-10,44.15000153,44.70000076,44.09999847,44.70000076,62794,0,1,35.23485809,yahoo_bootstrap
2022-05-11,44.25,44.5,44.20000076,44.25,71360,0,1,34.88014416,yahoo_bootstrap
2022-05-12,44,44.25,43.65000153,44,72200,0,1,34.6830812,yahoo_bootstrap
2022-05-13,44.04999924,44.84999847,44.04999924,44.40000153,23340,0,1,34.99838315,yahoo_bootstrap
2022-05-16,45.09999847,45.09999847,43.84999847,43.95000076,149078,0,1,34.64366921,yahoo_bootstrap
2022-05-17,44.45000076,44.45000076,43.70000076,43.84999847,144543,0,1,34.56484222,yahoo_bootstrap
2022-05-18,44.04999924,44.40000153,44.04999924,44.20000076,163572,0,1,34.84073217,yahoo_bootstrap
2022-05-19,43.95000076,44,43.59999847,44,58276,0,1,34.6830812,yahoo_bootstrap
2022-05-20,44.09999847,44.40000153,44.04999924,44.34999847,43057,0,1,34.95896814,yahoo_bootstrap
2022-05-23,44.40000153,44.65000153,44.34999847,44.34999847,30776,0,1,34.95896814,yahoo_bootstrap
2022-05-24,44.40000153,44.45000076,44.15000153,44.15000153,99855,0,1,34.80132018,yahoo_bootstrap
2022-05-25,44.20000076,44.5,44.09999847,44.25,38140,0,1,34.88014416,yahoo_bootstrap
2022-05-26,44.45000076,44.5,44.25,44.5,30319,0,1,35.07720712,yahoo_bootstrap
2022-05-27,44.75,44.79999924,44.59999847,44.65000153,30000,0,1,35.19544611,yahoo_bootstrap
2022-05-30,44.75,45,44.59999847,44.79999924,73000,0,1,35.31368208,yahoo_bootstrap
2022-05-31,44.79999924,44.90000153,44.70000076,44.79999924,27000,0,1,35.31368208,yahoo_bootstrap
2022-06-01,44.79999924,45.04999924,44.79999924,44.95000076,47050,0,1,35.43192105,yahoo_bootstrap
2022-06-02,44.84999847,45.09999847,44.84999847,45.04999924,24097,0,1,35.51074504,yahoo_bootstrap
2022-06-06,45.20000076,45.20000076,45,45.15000153,36000,0,1,35.58957203,yahoo_bootstrap
2022-06-07,45.25,45.25,45.09999847,45.15000153,43091,0,1,35.58957203,yahoo_bootstrap
2022-06-08,45.25,45.25,45.09999847,45.20000076,35294,0,1,35.62898402,yahoo_bootstrap
2022-06-09,45.5,45.5,45.20000076,45.40000153,57022,0,1,35.78663499,yahoo_bootstrap
2022-06-10,44.84999847,45.45000076,44.84999847,45.40000153,35005,0,1,35.78663499,yahoo_bootstrap
2022-06-13,45.40000153,45.40000153,44.79999924,44.79999924,84826,0,1,35.31368208,yahoo_bootstrap
2022-06-14,44.95000076,45.45000076,44.70000076,45.09999847,109141,0,1,35.55015703,yahoo_bootstrap
2022-06-15,45.45000076,45.59999847,45.15000153,45.25,143900,0,1,35.66839601,yahoo_bootstrap
2022-06-16,45.29999924,45.79999924,45.04999924,45.04999924,66064,0,1,35.51074504,yahoo_bootstrap
2022-06-17,44.25,45.34999847,42.95000076,42.95000076,366044,0,1,33.85541736,yahoo_bootstrap
2022-06-20,43.59999847,43.84999847,42.59999847,42.65000153,257982,0,1,33.61894242,yahoo_bootstrap
2022-06-21,43.25,43.90000153,43,43.84999847,89280,0,1,34.56484222,yahoo_bootstrap
2022-06-22,43.84999847,43.84999847,43,43.45000076,107000,0,1,34.24954329,yahoo_bootstrap
2022-06-23,43.79999924,43.79999924,43.20000076,43.54999924,96000,0,1,34.32836727,yahoo_bootstrap
2022-06-24,43.90000153,44.5,42.79999924,43.84999847,209068,0,1,34.56484222,yahoo_bootstrap
2022-06-27,44.40000153,44.90000153,43.95000076,44.70000076,116070,0,1,35.23485809,yahoo_bootstrap
2022-06-28,44.59999847,44.75,44.15000153,44.75,17174,0,1,35.27427009,yahoo_bootstrap
2022-06-29,44.65000153,46.09999847,44.5,45.54999924,341005,0,1,35.90487096,yahoo_bootstrap
2022-06-30,46.20000076,47.54999924,46,46.04999924,1007600,0,1,36.29899689,yahoo_bootstrap
2022-07-01,46.79999924,47.5,45,45,1263761,0,1,35.47133305,yahoo_bootstrap
2022-07-04,45.09999847,46.90000153,45.09999847,45.95000076,730100,0,1,36.2201729,yahoo_bootstrap
2022-07-05,46.79999924,47.34999847,46.25,47.20000076,1120650,0,1,37.20548771,yahoo_bootstrap
2022-07-06,47.40000153,47.54999924,45.09999847,45.59999847,662511,0,1,35.94428295,yahoo_bootstrap
2022-07-07,46.20000076,47.20000076,45.59999847,46.79999924,506240,0,1,36.89018577,yahoo_bootstrap
2022-07-08,47.59999847,47.59999847,46.40000153,46.59999847,568096,0,1,36.73253479,yahoo_bootstrap
2022-07-11,46.79999924,47.09999847,46.15000153,46.40000153,380917,0,1,36.57488684,yahoo_bootstrap
2022-07-12,45.90000153,46.15000153,44.70000076,45.29999924,494030,0,1,35.707808,yahoo_bootstrap
2022-07-13,46,47.25,45.59999847,47.20000076,1347571,0,1,37.20548771,yahoo_bootstrap
2022-07-14,44.90000153,45.84999847,44.59999847,45.75,1279332,3,1,38.51020437,yahoo_bootstrap
2022-07-15,46.09999847,47.34999847,46.04999924,47,1676171,0,1,39.56239575,yahoo_bootstrap
2022-07-18,48.59999847,51.70000076,48.45000076,51.70000076,5886966,0,1,43.51863596,yahoo_bootstrap
2022-07-19,51.40000153,53.5,50.79999924,52.59999847,9865370,0,1,44.27621183,yahoo_bootstrap
2022-07-20,53.20000076,53.40000153,50.5,51.29999924,3556639,0,1,43.18193344,yahoo_bootstrap
2022-07-21,51.5,52.59999847,50.79999924,52.59999847,2262123,0,1,44.27621183,yahoo_bootstrap
2022-07-22,52.59999847,52.59999847,51.40000153,51.79999924,1921094,0,1,43.60280999,yahoo_bootstrap
2022-07-25,51.70000076,52.79999924,51.70000076,52.29999924,1488534,0,1,44.02368655,yahoo_bootstrap
2022-07-26,52.59999847,53.5,51.79999924,52,2450871,0,1,43.77116125,yahoo_bootstrap
2022-07-27,52,54.70000076,51.79999924,54.70000076,3329752,0,1,46.04389527,yahoo_bootstrap
2022-07-28,55.20000076,55.29999924,53.29999924,53.70000076,2717124,0,1,45.20214217,yahoo_bootstrap
2022-07-29,54.09999847,55,53.70000076,54.70000076,1855312,0,1,46.04389527,yahoo_bootstrap
2022-08-01,55,55.09999847,53.90000153,54.70000076,1257204,0,1,46.04389527,yahoo_bootstrap
2022-08-02,54.09999847,54.79999924,53.59999847,54.5,1402120,0,1,45.87554401,yahoo_bootstrap
2022-08-03,54.79999924,55.5,53.40000153,54.09999847,2081196,0,1,45.53884148,yahoo_bootstrap
2022-08-04,54.40000153,56.40000153,53,54.90000153,4567351,0,1,46.21224654,yahoo_bootstrap
2022-08-05,55.29999924,56.40000153,54.40000153,56.29999924,2747775,0,1,47.39069895,yahoo_bootstrap
2022-08-08,59.20000076,59.40000153,56.59999847,58.20000076,5869069,0,1,48.99003112,yahoo_bootstrap
2022-08-09,58.20000076,60,57.5,59.79999924,3713321,0,1,50.3368348,yahoo_bootstrap
2022-08-10,59.5,60.29999924,59.20000076,59.70000076,2151691,0,1,50.25266077,yahoo_bootstrap
2022-08-11,61.20000076,62.29999924,59.5,59.70000076,3355651,0,1,50.25266077,yahoo_bootstrap
2022-08-12,60.20000076,60.20000076,59.20000076,59.90000153,1285857,0,1,50.42101204,yahoo_bootstrap
2022-08-15,60.29999924,60.59999847,59.29999924,60.20000076,1544836,0,1,50.67353732,yahoo_bootstrap
2022-08-16,60.5,63.20000076,60.40000153,62.79999924,4568122,0,1,52.86209411,yahoo_bootstrap
2022-08-17,63.5,63.5,61.79999924,61.79999924,2102492,0,1,52.020341,yahoo_bootstrap
2022-08-18,60.40000153,63,60.29999924,63,1681362,0,1,53.03044537,yahoo_bootstrap
2022-08-19,63,63.5,61.90000153,62.20000076,1387621,0,1,52.35704352,yahoo_bootstrap
2022-08-22,61.59999847,68,61.59999847,66.90000153,5542000,0,1,56.31328375,yahoo_bootstrap
2022-08-23,67.40000153,70.5,66.19999695,68,8696917,0,1,57.23921087,yahoo_bootstrap
2022-08-24,69,70.30000305,67.90000153,69.30000305,4906465,0,1,58.33349247,yahoo_bootstrap
2022-08-25,70.30000305,74.40000153,69.30000305,72.19999695,10038538,0,1,60.77457133,yahoo_bootstrap
2022-08-26,71.40000153,72.90000153,70.90000153,72.19999695,3420141,0,1,60.77457133,yahoo_bootstrap
2022-08-29,67.80000305,71.5,67.59999847,70.69999695,3784610,0,1,59.51194168,yahoo_bootstrap
2022-08-30,71.59999847,76.19999695,71.19999695,75.40000153,11455321,0,1,63.46818511,yahoo_bootstrap
2022-08-31,74.59999847,75.90000153,72.59999847,75.09999847,5897927,0,1,63.2156566,yahoo_bootstrap
2022-09-01,75.30000305,76.5,73.30000305,75.90000153,6702378,0,1,63.88906166,yahoo_bootstrap
2022-09-02,76.5,76.5,74.09999847,74.19999695,4196518,0,1,62.45807753,yahoo_bootstrap
2022-09-05,73.59999847,74.90000153,73,73.30000305,2949289,0,1,61.70050487,yahoo_bootstrap
2022-09-06,73.80000305,74.5,70.5,74,5454376,0,1,62.28972948,yahoo_bootstrap
2022-09-07,74,74.09999847,70.80000305,71.09999847,3890646,0,1,59.8486442,yahoo_bootstrap
2022-09-08,72.5,76.59999847,72.5,76.19999695,10989253,0,1,64.14158373,yahoo_bootstrap
2022-09-12,79.59999847,80.80000305,74.5,76,12692747,0,1,63.97323568,yahoo_bootstrap
2022-09-13,76.30000305,79.5,74.90000153,77.80000305,8506202,0,1,65.48839383,yahoo_bootstrap
2022-09-14,75.80000305,76.90000153,75.19999695,76.5,5679497,0,1,64.39411223,yahoo_bootstrap
2022-09-15,77.40000153,79.19999695,76.19999695,76.69999695,8424250,0,1,64.56246028,yahoo_bootstrap
2022-09-16,75.80000305,78.5,75.19999695,76.5,6743492,0,1,64.39411223,yahoo_bootstrap
2022-09-19,68.90000153,68.90000153,68.90000153,68.90000153,1218751,0,1,57.99678995,yahoo_bootstrap
2022-09-20,64.30000305,65.30000305,62.20000076,62.29999924,15861109,0,1,52.44121756,yahoo_bootstrap
2022-09-21,63.59999847,64.5,61.90000153,61.90000153,7737962,0,1,52.10451824,yahoo_bootstrap
2022-09-22,62.09999847,62.70000076,60.20000076,60.5,7786440,0,1,50.92606261,yahoo_bootstrap
2022-09-23,61.09999847,61.40000153,57,58.09999847,9816295,0,1,48.90585388,yahoo_bootstrap
2022-09-26,58.59999847,58.59999847,55,55,6501880,0,1,46.29642056,yahoo_bootstrap
2022-09-27,55.59999847,56.09999847,54.29999924,55.90000153,4272278,0,1,47.05399964,yahoo_bootstrap
2022-09-28,55.5,55.59999847,53.09999847,53.20000076,4177222,0,1,44.78126562,yahoo_bootstrap
2022-09-29,56.29999924,56.29999924,54.5,54.59999847,3049924,0,1,45.95971803,yahoo_bootstrap
2022-09-30,53.79999924,56.29999924,53.40000153,55.79999924,4017330,0,1,46.9698224,yahoo_bootstrap
2022-10-03,54.59999847,56.29999924,54.59999847,55.40000153,1978800,0,1,46.63312309,yahoo_bootstrap
2022-10-04,56.90000153,58,56,57.59999847,3048803,0,1,48.48497733,yahoo_bootstrap
2022-10-05,58.29999924,58.59999847,57.29999924,57.70000076,2726463,0,1,48.56915457,yahoo_bootstrap
2022-10-06,58.09999847,58.90000153,57.59999847,58.29999924,1411100,0,1,49.07420515,yahoo_bootstrap
2022-10-07,57.59999847,58.5,57.40000153,58,1304045,0,1,48.82167986,yahoo_bootstrap
2022-10-11,55.5,56.40000153,54.20000076,55.70000076,2698043,0,1,46.88564837,yahoo_bootstrap
2022-10-12,55.79999924,56.40000153,53.79999924,55.5,2969301,0,1,46.71729711,yahoo_bootstrap
2022-10-13,55.40000153,55.5,53.29999924,54.20000076,3138623,0,1,45.62301872,yahoo_bootstrap
2022-10-14,56,57,55.09999847,55.5,2300357,0,1,46.71729711,yahoo_bootstrap
2022-10-17,54.59999847,54.70000076,52.29999924,54.70000076,2461460,0,1,46.04389527,yahoo_bootstrap
2022-10-18,55.90000153,56.20000076,55,55.79999924,1424060,0,1,46.9698224,yahoo_bootstrap
2022-10-19,55.59999847,56.09999847,54.5,54.5,1479000,0,1,45.87554401,yahoo_bootstrap
2022-10-20,54.20000076,54.20000076,52.59999847,53.5,1357100,0,1,45.03379091,yahoo_bootstrap
2022-10-21,53.20000076,53.29999924,51.20000076,51.40000153,1683460,0,1,43.26611068,yahoo_bootstrap
2022-10-24,53,53.79999924,52.40000153,53.09999847,1222708,0,1,44.69708838,yahoo_bootstrap
2022-10-25,53.5,53.59999847,51.40000153,51.5,926724,0,1,43.3502847,yahoo_bootstrap
2022-10-26,51.70000076,52.20000076,50.70000076,51.59999847,977160,0,1,43.43445873,yahoo_bootstrap
2022-10-27,52,53,51.79999924,52.79999924,764112,0,1,44.4445631,yahoo_bootstrap
2022-10-28,52.5,52.59999847,51.40000153,51.40000153,614512,0,1,43.26611068,yahoo_bootstrap
2022-10-31,52,53.5,52,53,893000,0,1,44.61291436,yahoo_bootstrap
2022-11-01,53,54,53,53.70000076,828000,0,1,45.20214217,yahoo_bootstrap
2022-11-02,54.09999847,55.20000076,53.79999924,55.09999847,1151220,0,1,46.38059458,yahoo_bootstrap
2022-11-03,54.5,56.5,54.20000076,56.09999847,1597630,0,1,47.22234768,yahoo_bootstrap
2022-11-04,56.09999847,56.90000153,55.5,56.40000153,1580030,0,1,47.47487619,yahoo_bootstrap
2022-11-07,57.09999847,58.29999924,56.40000153,58.29999924,1790970,0,1,49.07420515,yahoo_bootstrap
2022-11-08,58.09999847,60.09999847,57.90000153,58.79999924,2939196,0,1,49.4950817,yahoo_bootstrap
2022-11-09,59.20000076,59.29999924,57.79999924,58.20000076,2736062,0,1,48.99003112,yahoo_bootstrap
2022-11-10,58,59,57.5,58.40000153,1640293,0,1,49.15838239,yahoo_bootstrap
2022-11-11,59.90000153,59.90000153,58.20000076,58.5,2250300,0,1,49.24255641,yahoo_bootstrap
2022-11-14,59.59999847,61.29999924,58.59999847,60.29999924,2416603,0,1,50.75771135,yahoo_bootstrap
2022-11-15,61.5,63.29999924,60,60.79999924,5017446,0,1,51.1785879,yahoo_bootstrap
2022-11-16,62.09999847,65.19999695,60.5,64.59999847,8212408,0,1,54.37724904,yahoo_bootstrap
2022-11-17,64.19999695,68.5,63.40000153,67.09999847,9403650,0,1,56.48163179,yahoo_bootstrap
2022-11-18,66.5,68,65.5,66.19999695,4471660,0,1,55.72405272,yahoo_bootstrap
2022-11-21,66.5,67.59999847,65.5,67.19999695,2412362,0,1,56.56580582,yahoo_bootstrap
2022-11-22,67.59999847,67.90000153,66.5,67.80000305,2251380,0,1,57.07086282,yahoo_bootstrap
2022-11-23,68,69.80000305,67.19999695,67.90000153,5084760,0,1,57.15503685,yahoo_bootstrap
2022-11-24,68,71.69999695,67.69999695,70.5,10690701,0,1,59.34359362,yahoo_bootstrap
2022-11-25,70.80000305,72.69999695,70.19999695,71.19999695,6290725,0,1,59.93281823,yahoo_bootstrap
2022-11-28,70.69999695,72,70,71.5,2198836,0,1,60.18534672,yahoo_bootstrap
2022-11-29,70.90000153,71.40000153,69.19999695,70.69999695,2420332,0,1,59.51194168,yahoo_bootstrap
2022-11-30,70.19999695,72.30000305,70.09999847,71.69999695,2118595,0,1,60.35369478,yahoo_bootstrap
2022-12-01,72.90000153,74.59999847,72,73.69999695,4143771,0,1,62.03720098,yahoo_bootstrap
2022-12-02,74.09999847,75.59999847,73.5,75.40000153,2745329,0,1,63.46818511,yahoo_bootstrap
2022-12-05,75.80000305,76.90000153,74.40000153,74.69999695,2357716,0,1,62.87895408,yahoo_bootstrap
2022-12-06,74.40000153,76.59999847,74.40000153,76,3048780,0,1,63.97323568,yahoo_bootstrap
2022-12-07,75.5,76.40000153,73.69999695,74.90000153,2293883,0,1,63.04730856,yahoo_bootstrap
2022-12-08,75,78.90000153,74.40000153,77.80000305,5727279,0,1,65.48839383,yahoo_bootstrap
2022-12-09,78.5,79.59999847,76.80000305,78.90000153,4842948,0,1,66.41432096,yahoo_bootstrap
2022-12-12,78.80000305,82.40000153,78.19999695,79.30000305,5834872,0,1,66.75102348,yahoo_bootstrap
2022-12-13,80,80.80000305,77,77,3795006,0,1,64.81498878,yahoo_bootstrap
2022-12-14,77.30000305,80.09999847,77.30000305,79.90000153,3479906,0,1,67.25607406,yahoo_bootstrap
2022-12-15,78.40000153,79.40000153,74,78.40000153,6802509,0,1,65.99344441,yahoo_bootstrap
2022-12-16,76.90000153,77.40000153,74.69999695,74.80000305,4033066,0,1,62.96313453,yahoo_bootstrap
2022-12-19,75.09999847,76.90000153,75.09999847,75.90000153,1640100,0,1,63.88906166,yahoo_bootstrap
2022-12-20,76.40000153,78.5,75.30000305,75.5,3103783,0,1,63.55235913,yahoo_bootstrap
2022-12-21,77.19999695,78,75.69999695,76.40000153,1799443,0,1,64.30993821,yahoo_bootstrap
2022-12-22,77.40000153,77.40000153,73.90000153,75.09999847,2814608,0,1,63.2156566,yahoo_bootstrap
2022-12-23,74.30000305,75.59999847,73.09999847,74,1254640,0,1,62.28972948,yahoo_bootstrap
2022-12-26,74,74.19999695,72.80000305,72.90000153,1088625,0,1,61.36380235,yahoo_bootstrap
2022-12-27,73.09999847,74.69999695,71.40000153,73.30000305,1800837,0,1,61.70050487,yahoo_bootstrap
2022-12-28,72.5,73.30000305,72.19999695,72.19999695,966649,0,1,60.77457133,yahoo_bootstrap
2022-12-29,72,72.19999695,70.59999847,71.5,708778,0,1,60.18534672,yahoo_bootstrap
2022-12-30,73,73.19999695,70.80000305,70.80000305,855740,0,1,59.59612212,yahoo_bootstrap
2023-01-03,71.80000305,72.19999695,69.40000153,72.09999847,897990,0,1,60.6903973,yahoo_bootstrap
2023-01-04,71.69999695,73.90000153,71.59999847,73.80000305,980139,0,1,62.12138142,yahoo_bootstrap
2023-01-05,73.90000153,75.5,73.30000305,73.80000305,1935901,0,1,62.12138142,yahoo_bootstrap
2023-01-06,74.80000305,75.30000305,73.30000305,73.80000305,1601305,0,1,62.12138142,yahoo_bootstrap
2023-01-09,74.09999847,74.80000305,71.09999847,71.69999695,3038420,0,1,60.35369478,yahoo_bootstrap
2023-01-10,72.09999847,72.19999695,70,70,1311977,0,1,58.92271707,yahoo_bootstrap
2023-01-11,70.09999847,70.90000153,69.90000153,70,850790,0,1,58.92271707,yahoo_bootstrap
2023-01-12,70.5,71.59999847,69.19999695,71,1110211,0,1,59.76447017,yahoo_bootstrap
2023-01-13,71.5,71.5,69,69.09999847,1196333,0,1,58.16513799,yahoo_bootstrap
2023-01-16,69.30000305,71.90000153,69.30000305,71.5,1159181,0,1,60.18534672,yahoo_bootstrap
2023-01-17,71.80000305,74.40000153,71.5,73.09999847,2338279,0,1,61.5321504,yahoo_bootstrap
2023-01-30,74.19999695,74.80000305,72.90000153,73.69999695,1232540,0,1,62.03720098,yahoo_bootstrap
2023-01-31,73.19999695,74.40000153,73.19999695,74,873600,0,1,62.28972948,yahoo_bootstrap
2023-02-01,74.5,75.30000305,73.80000305,74.19999695,1088685,0,1,62.45807753,yahoo_bootstrap
2023-02-02,74.30000305,75.09999847,73.80000305,74.59999847,1037575,0,1,62.79478005,yahoo_bootstrap
2023-02-03,74.69999695,76.19999695,73.19999695,74.59999847,2252870,0,1,62.79478005,yahoo_bootstrap
2023-02-06,74.90000153,74.90000153,73.09999847,73.09999847,921541,0,1,61.5321504,yahoo_bootstrap
2023-02-07,74.09999847,80.40000153,73.59999847,80.40000153,4949630,0,1,67.67695061,yahoo_bootstrap
2023-02-08,80.40000153,82.90000153,78.59999847,79,21626858,0,1,66.49849498,yahoo_bootstrap
2023-02-09,78,79.69999695,77.59999847,79,3195438,0,1,66.49849498,yahoo_bootstrap
2023-02-10,79,80.69999695,77,77.69999695,3352847,0,1,65.40421338,yahoo_bootstrap
2023-02-13,76.69999695,79.19999695,76.5,78.90000153,1411659,0,1,66.41432096,yahoo_bootstrap
2023-02-14,79.90000153,80.59999847,79,79,2592549,0,1,66.49849498,yahoo_bootstrap
2023-02-15,79.09999847,80.80000305,78.59999847,80.59999847,2557127,0,1,67.84529866,yahoo_bootstrap
2023-02-16,81.59999847,84.5,80.30000305,81.69999695,6464239,0,1,68.77122579,yahoo_bootstrap
2023-02-17,80.90000153,87.5,80.69999695,86.69999695,11668162,0,1,72.97999129,yahoo_bootstrap
2023-02-20,88.40000153,88.40000153,84.40000153,84.5,9193278,0,1,71.12813704,yahoo_bootstrap
2023-02-21,84.59999847,85.80000305,83.09999847,83.30000305,4899367,0,1,70.11803588,yahoo_bootstrap
2023-02-22,82.5,83.09999847,80.40000153,82.90000153,3621830,0,1,69.78133336,yahoo_bootstrap
2023-02-23,83.19999695,84.69999695,83.19999695,83.80000305,2164013,0,1,70.53891244,yahoo_bootstrap
2023-02-24,83.90000153,85,81.80000305,81.80000305,2568389,0,1,68.85540623,yahoo_bootstrap
2023-03-01,81.59999847,83.09999847,80.5,82.40000153,1576735,0,1,69.36045681,yahoo_bootstrap
2023-03-02,82.69999695,84.30000305,81.69999695,81.69999695,2917658,0,1,68.77122579,yahoo_bootstrap
2023-03-03,82.19999695,83.5,81.59999847,82.69999695,2040786,0,1,69.61297889,yahoo_bootstrap
2023-03-06,83.5,83.80000305,82.30000305,82.69999695,2422884,0,1,69.61297889,yahoo_bootstrap
2023-03-07,83.09999847,87,83.09999847,84.30000305,10216522,0,1,70.95978899,yahoo_bootstrap
2023-03-08,85,86.5,82.30000305,83.90000153,11689474,0,1,70.62308647,yahoo_bootstrap
2023-03-09,84.30000305,86.59999847,83.09999847,83.40000153,10164776,0,1,70.20220992,yahoo_bootstrap
2023-03-10,82.69999695,82.80000305,77.40000153,77.80000305,6923516,0,1,65.48839383,yahoo_bootstrap
2023-03-13,77,77.09999847,74,75,5162912,0,1,63.13148258,yahoo_bootstrap
2023-03-14,74.5,74.59999847,73.30000305,73.30000305,2550374,0,1,61.70050487,yahoo_bootstrap
2023-03-15,74.19999695,75.40000153,73.69999695,73.69999695,2106000,0,1,62.03720098,yahoo_bootstrap
2023-03-16,73.19999695,74.19999695,72.80000305,73.19999695,2027242,0,1,61.61632443,yahoo_bootstrap
2023-03-17,74.40000153,75,73.19999695,74.09999847,1822876,0,1,62.3739035,yahoo_bootstrap
2023-03-20,74.30000305,75.80000305,74,75.30000305,1445985,0,1,63.38401108,yahoo_bootstrap
2023-03-21,75.69999695,77.40000153,75.5,77.40000153,2381738,0,1,65.15169131,yahoo_bootstrap
2023-03-22,78.30000305,82.69999695,77.90000153,81.30000305,6539346,0,1,68.43452968,yahoo_bootstrap
2023-03-23,82.09999847,84.5,81.59999847,84,10303334,0,1,70.70726049,yahoo_bootstrap
2023-03-24,84.5,84.80000305,82.19999695,84.19999695,4816685,0,1,70.87560854,yahoo_bootstrap
2023-03-27,83.5,84.19999695,82.69999695,83.09999847,3051971,0,1,69.94968141,yahoo_bootstrap
2023-03-28,82.90000153,84.19999695,81.90000153,82.19999695,2137421,0,1,69.19210234,yahoo_bootstrap
2023-03-29,82.59999847,84,82.09999847,83.80000305,2474889,0,1,70.53891244,yahoo_bootstrap
2023-03-30,85.09999847,86.59999847,84,85.5,6707992,0,1,71.96989014,yahoo_bootstrap
2023-03-31,86.40000153,86.40000153,84.30000305,85.30000305,3119413,0,1,71.80154209,yahoo_bootstrap
2023-04-06,85.19999695,85.80000305,84.40000153,85.80000305,1435635,0,1,72.22241864,yahoo_bootstrap
2023-04-07,86.30000305,86.69999695,85.19999695,85.80000305,2163141,0,1,72.22241864,yahoo_bootstrap
2023-04-10,86,86.80000305,84.80000305,84.80000305,2255740,0,1,71.38066554,yahoo_bootstrap
2023-04-11,85.09999847,85.5,83.5,83.5,3234692,0,1,70.28638394,yahoo_bootstrap
2023-04-12,84.09999847,85.19999695,84,84.59999847,1576758,0,1,71.21231106,yahoo_bootstrap
2023-04-13,85.5,85.5,83.5,84.40000153,2189225,0,1,71.04396302,yahoo_bootstrap
2023-04-14,84.90000153,85,83.90000153,84.09999847,904015,0,1,70.79143451,yahoo_bootstrap
2023-04-17,84.59999847,84.69999695,83.40000153,83.40000153,1199377,0,1,70.20220992,yahoo_bootstrap
2023-04-18,84.09999847,87,82.80000305,86.09999847,4746497,0,1,72.47494071,yahoo_bootstrap
2023-04-19,85.80000305,87.69999695,82.09999847,82.30000305,5892177,0,1,69.27628278,yahoo_bootstrap
2023-04-20,83.30000305,83.30000305,79.80000305,80.19999695,2859738,0,1,67.50859614,yahoo_bootstrap
2023-04-21,79.59999847,80.09999847,77.59999847,77.80000305,1836037,0,1,65.48839383,yahoo_bootstrap
2023-04-24,77,78.30000305,76.59999847,77.40000153,1111948,0,1,65.15169131,yahoo_bootstrap
2023-04-25,78,78.09999847,74.90000153,76,1896253,0,1,63.97323568,yahoo_bootstrap
2023-04-26,75.90000153,76.5,75.09999847,75.59999847,808103,0,1,63.63653315,yahoo_bootstrap
2023-04-27,75.80000305,77.09999847,74.30000305,76.59999847,882010,0,1,64.47828625,yahoo_bootstrap
2023-04-28,77.5,79.30000305,76.69999695,79,1659280,0,1,66.49849498,yahoo_bootstrap
2023-05-02,79,79.59999847,78.30000305,79,828812,0,1,66.49849498,yahoo_bootstrap
2023-05-03,79,79.80000305,78.19999695,79.80000305,773697,0,1,67.17190003,yahoo_bootstrap
2023-05-04,79.80000305,80.5,79.09999847,79.90000153,739721,0,1,67.25607406,yahoo_bootstrap
2023-05-05,80.30000305,80.90000153,80,80.80000305,844941,0,1,68.01365313,yahoo_bootstrap
2023-05-08,82.59999847,82.59999847,81.40000153,81.5,1259945,0,1,68.60287774,yahoo_bootstrap
2023-05-09,82.40000153,83.40000153,81.30000305,81.69999695,1999479,0,1,68.77122579,yahoo_bootstrap
2023-05-10,82.19999695,83.09999847,81.40000153,82.90000153,1187540,0,1,69.78133336,yahoo_bootstrap
2023-05-11,83.80000305,83.80000305,81.5,81.90000153,1646230,0,1,68.93958026,yahoo_bootstrap
2023-05-12,82.09999847,83.80000305,81.59999847,83.80000305,1587294,0,1,70.53891244,yahoo_bootstrap
2023-05-15,83.90000153,85.5,83.19999695,84.59999847,2341255,0,1,71.21231106,yahoo_bootstrap
2023-05-16,86,93,85.19999695,93,24167278,0,1,78.2830384,yahoo_bootstrap
2023-05-17,93.19999695,98,92.09999847,97.09999847,28166790,0,1,81.73422482,yahoo_bootstrap
2023-05-18,97.5,98.69999695,94.5,95.40000153,10052239,0,1,80.30324713,yahoo_bootstrap
2023-05-19,96.30000305,96.40000153,90.40000153,92.09999847,8162977,0,1,77.52545932,yahoo_bootstrap
2023-05-22,92.90000153,92.90000153,89.5,90.80000305,4520868,0,1,76.43118414,yahoo_bootstrap
2023-05-23,92,93,91.19999695,91.40000153,3317793,0,1,76.93623472,yahoo_bootstrap
2023-05-24,92.09999847,94.19999695,90.90000153,92.09999847,3056239,0,1,77.52545932,yahoo_bootstrap
2023-05-25,93.5,93.5,90.30000305,90.30000305,2877618,0,1,76.01030759,yahoo_bootstrap
2023-05-26,91,91.09999847,89.19999695,89.5,2194873,0,1,75.33690254,yahoo_bootstrap
2023-05-29,89.59999847,91.5,89.59999847,91.19999695,1702036,0,1,76.76788025,yahoo_bootstrap
2023-05-30,91.5,91.5,88.80000305,88.80000305,2175011,0,1,74.74767794,yahoo_bootstrap
2023-05-31,88.80000305,90.19999695,88.59999847,90.09999847,1332400,0,1,75.84195312,yahoo_bootstrap
2023-06-01,90.09999847,92.69999695,89.40000153,92,2811436,0,1,77.4412853,yahoo_bootstrap
2023-06-02,93.09999847,93.09999847,90.19999695,90.19999695,3614852,0,1,75.92612715,yahoo_bootstrap
2023-06-05,90.90000153,92.80000305,90.30000305,91.90000153,2414083,0,1,77.35711127,yahoo_bootstrap
2023-06-06,91.90000153,93.69999695,90.40000153,90.80000305,3174467,0,1,76.43118414,yahoo_bootstrap
2023-06-07,91.59999847,92.90000153,91.30000305,92.30000305,2046565,0,1,77.69381379,yahoo_bootstrap
2023-06-08,93.5,93.59999847,90.09999847,90.19999695,3725065,0,1,75.92612715,yahoo_bootstrap
2023-06-09,91,92.5,91,91.69999695,2214367,0,1,77.1887568,yahoo_bootstrap
2023-06-12,92.19999695,92.5,90.19999695,90.80000305,1586060,0,1,76.43118414,yahoo_bootstrap
2023-06-13,91.30000305,93.80000305,91,92.80000305,4056183,0,1,78.11469034,yahoo_bootstrap
2023-06-14,95,102,95,102,14954814,0,1,85.85881631,yahoo_bootstrap
2023-06-15,103.5,103.5,96.5,96.69999695,20446989,0,1,81.3975223,yahoo_bootstrap
2023-06-16,97,97,91.90000153,91.90000153,9830452,0,1,77.35711127,yahoo_bootstrap
2023-06-19,92,93.09999847,91.09999847,91.09999847,3542855,0,1,76.68370622,yahoo_bootstrap
2023-06-20,91.30000305,91.80000305,90.5,90.90000153,1714263,0,1,76.51535817,yahoo_bootstrap
2023-06-21,91.19999695,92.19999695,90.69999695,91.80000305,1247708,0,1,77.27293724,yahoo_bootstrap
2023-06-26,91.5,92.80000305,90.80000305,91,1682988,0,1,76.5995322,yahoo_bootstrap
2023-06-27,91.40000153,91.5,88.69999695,88.69999695,2950513,0,1,74.6634975,yahoo_bootstrap
2023-06-28,89.09999847,89.59999847,88.09999847,88.19999695,1681421,0,1,74.24262094,yahoo_bootstrap
2023-06-29,88.80000305,89.19999695,88.19999695,88.59999847,1368304,0,1,74.57932346,yahoo_bootstrap
2023-06-30,88.59999847,91.30000305,88.30000305,90.09999847,1880266,0,1,75.84195312,yahoo_bootstrap
2023-07-03,91,94.09999847,90.5,93.59999847,3937876,0,1,78.78808897,yahoo_bootstrap
2023-07-04,93.80000305,95.59999847,93.19999695,94.59999847,4949540,0,1,79.62984207,yahoo_bootstrap
2023-07-05,95.5,98.80000305,95.30000305,95.30000305,6164983,0,1,80.2190731,yahoo_bootstrap
2023-07-06,95.80000305,97.09999847,94.19999695,95,3633113,0,1,79.9665446,yahoo_bootstrap
2023-07-07,95,95.5,92.90000153,92.90000153,2557332,0,1,78.19886438,yahoo_bootstrap
2023-07-10,90,90.40000153,83.69999695,83.80000305,9008068,0,1,70.53891244,yahoo_bootstrap
2023-07-11,84.30000305,85,83.30000305,83.69999695,2683241,0,1,70.45473199,yahoo_bootstrap
2023-07-12,84.19999695,84.40000153,83.30000305,83.40000153,1829730,0,1,70.20220992,yahoo_bootstrap
2023-07-13,84,85.59999847,83.40000153,84.40000153,3343986,0,1,71.04396302,yahoo_bootstrap
2023-07-14,85,87.5,84.59999847,87.40000153,3108942,0,1,73.56922232,yahoo_bootstrap
2023-07-17,88.80000305,88.80000305,86.90000153,88,3202072,0,1,74.07427289,yahoo_bootstrap
2023-07-18,89,89,86.30000305,88.30000305,3418546,0,1,74.32680139,yahoo_bootstrap
2023-07-19,85.30000305,85.40000153,82.80000305,82.80000305,3002696,3.5,1,72.57381085,yahoo_bootstrap
2023-07-20,83.19999695,84,82.80000305,83.09999847,965211,0,1,72.83675542,yahoo_bootstrap
2023-07-21,82.69999695,82.69999695,81.5,82.19999695,1177107,0,1,72.04790835,yahoo_bootstrap
2023-07-24,82.59999847,82.59999847,80.30000305,81.09999847,1367358,0,1,71.08376488,yahoo_bootstrap
2023-07-25,82.09999847,83.80000305,82,83.69999695,1406287,0,1,73.36265125,yahoo_bootstrap
2023-07-26,84.80000305,85,83.30000305,84.30000305,1604235,0,1,73.88855376,yahoo_bootstrap
2023-07-27,84.90000153,84.90000153,82.80000305,82.80000305,1711172,0,1,72.57381085,yahoo_bootstrap
2023-07-28,83.19999695,84.19999695,81.59999847,83.30000305,1440810,0,1,73.01205849,yahoo_bootstrap
2023-07-31,84,84.5,82,82.19999695,1458760,0,1,72.04790835,yahoo_bootstrap
2023-08-01,82.30000305,83.59999847,80.80000305,81.19999695,1175620,0,1,71.17141308,yahoo_bootstrap
2023-08-02,81.19999695,81.69999695,78,78.69999695,1940614,0,1,68.98017491,yahoo_bootstrap
2023-08-04,78.69999695,81,77.59999847,80.5,1255322,0,1,70.55786906,yahoo_bootstrap
2023-08-07,82.69999695,84.80000305,81.80000305,84.5,3212794,0,1,74.06385014,yahoo_bootstrap
2023-08-08,84.19999695,84.19999695,81.90000153,83.09999847,2198186,0,1,72.83675542,yahoo_bootstrap
2023-08-09,83.09999847,83.5,82.09999847,82.40000153,775507,0,1,72.22321141,yahoo_bootstrap
2023-08-10,82.40000153,82.40000153,79.69999695,80,1781130,0,1,70.11962143,yahoo_bootstrap
2023-08-11,80.59999847,81.5,79.90000153,80.09999847,1006535,0,1,70.20726962,yahoo_bootstrap
2023-08-14,79.30000305,79.59999847,77.69999695,78.40000153,1136400,0,1,68.71723034,yahoo_bootstrap
2023-08-15,79.09999847,79.59999847,78.40000153,79,621592,0,1,69.24312616,yahoo_bootstrap
2023-08-16,78.09999847,79.5,77.69999695,79,974025,0,1,69.24312616,yahoo_bootstrap
2023-08-17,78.80000305,80.69999695,78.40000153,80.59999847,984673,0,1,70.64551725,yahoo_bootstrap
2023-08-18,79.80000305,80.59999847,79.09999847,79.30000305,1048125,0,1,69.50607742,yahoo_bootstrap
2023-08-21,79.90000153,80.30000305,79.40000153,79.5,300058,0,1,69.6813738,yahoo_bootstrap
2023-08-22,79.90000153,80.19999695,78.5,78.5,614076,0,1,68.80487853,yahoo_bootstrap
2023-08-23,78.59999847,80.09999847,78.19999695,79.40000153,661079,0,1,69.59372561,yahoo_bootstrap
2023-08-24,79.90000153,80.90000153,79.40000153,80,786685,0,1,70.11962143,yahoo_bootstrap
2023-08-25,78.80000305,79.09999847,77.80000305,78.40000153,1021273,0,1,68.71723034,yahoo_bootstrap
2023-08-28,78.59999847,78.80000305,76.80000305,76.80000305,1417296,0,1,67.31483925,yahoo_bootstrap
2023-08-29,77.80000305,77.90000153,76.80000305,77.80000305,838394,0,1,68.19133451,yahoo_bootstrap
2023-08-30,78.59999847,79.69999695,78.59999847,79.40000153,1274292,0,1,69.59372561,yahoo_bootstrap
2023-08-31,79.40000153,82,79,81.5,1903621,0,1,71.43436433,yahoo_bootstrap
2023-09-01,81.80000305,82.09999847,80.5,80.80000305,1209845,0,1,70.82082032,yahoo_bootstrap
2023-09-04,80.80000305,81.30000305,80.30000305,81.19999695,567401,0,1,71.17141308,yahoo_bootstrap
2023-09-05,81.59999847,82.40000153,81.19999695,81.80000305,767577,0,1,71.69731559,yahoo_bootstrap
2023-09-06,81.80000305,82.5,81.59999847,82,844050,0,1,71.87261197,yahoo_bootstrap
2023-09-07,82.09999847,82.5,81.09999847,81.5,816278,0,1,71.43436433,yahoo_bootstrap
2023-09-08,81.5,81.90000153,81,81.19999695,1062067,0,1,71.17141308,yahoo_bootstrap
2023-09-11,81.19999695,81.30000305,79.69999695,79.69999695,1063395,0,1,69.85667018,yahoo_bootstrap
2023-09-12,79.90000153,80.40000153,79.30000305,79.90000153,602342,0,1,70.03197324,yahoo_bootstrap
2023-09-13,79.80000305,80.69999695,79.5,80.5,489080,0,1,70.55786906,yahoo_bootstrap
2023-09-14,80.09999847,82.09999847,80.09999847,81.90000153,1054375,0,1,71.78496378,yahoo_bootstrap
2023-09-15,81.90000153,81.90000153,80.5,81,813433,0,1,70.9961167,yahoo_bootstrap
2023-09-18,80.5,81,80.09999847,80.5,387499,0,1,70.55786906,yahoo_bootstrap
2023-09-19,80.5,81.59999847,80,80.09999847,759221,0,1,70.20726962,yahoo_bootstrap
2023-09-20,80,80,79.09999847,79.69999695,548050,0,1,69.85667018,yahoo_bootstrap
2023-09-21,79.30000305,79.30000305,78.19999695,78.30000305,771305,0,1,68.62958215,yahoo_bootstrap
2023-09-22,78.19999695,79.40000153,77.69999695,79.40000153,341500,0,1,69.59372561,yahoo_bootstrap
2023-09-25,79.40000153,80.69999695,79.30000305,80.69999695,539325,0,1,70.73316544,yahoo_bootstrap
2023-09-26,80.19999695,81.19999695,79.80000305,80.19999695,695319,0,1,70.29491781,yahoo_bootstrap
2023-09-27,80.19999695,80.19999695,79,79,593018,0,1,69.24312616,yahoo_bootstrap
2023-09-28,79,80.5,79,79.19999695,472760,0,1,69.41842254,yahoo_bootstrap
2023-10-02,79.59999847,80.40000153,79.59999847,80.09999847,365348,0,1,70.20726962,yahoo_bootstrap
2023-10-03,80.09999847,80.5,79.30000305,79.80000305,472200,0,1,69.94432505,yahoo_bootstrap
2023-10-04,79.19999695,79.80000305,78.40000153,79.5,650063,0,1,69.6813738,yahoo_bootstrap
2023-10-05,79.59999847,79.90000153,79,79,456000,0,1,69.24312616,yahoo_bootstrap
2023-10-06,79.09999847,79.19999695,78.19999695,78.40000153,694300,0,1,68.71723034,yahoo_bootstrap
2023-10-11,77,77,72.90000153,73.09999847,3371182,0,1,64.07180274,yahoo_bootstrap
2023-10-12,73.19999695,75.90000153,73.09999847,75.5,1344226,0,1,66.17539273,yahoo_bootstrap
2023-10-13,75.5,75.5,73.59999847,74.09999847,770306,0,1,64.94829801,yahoo_bootstrap
2023-10-16,74,74,72.09999847,72.59999847,943300,0,1,63.63355511,yahoo_bootstrap
2023-10-17,73,73.19999695,72,72,694030,0,1,63.10765929,yahoo_bootstrap
2023-10-18,71.80000305,71.80000305,70,70,1047400,0,1,61.35466875,yahoo_bootstrap
2023-10-19,69.69999695,70.69999695,69.30000305,70.5,986046,0,1,61.79291639,yahoo_bootstrap
2023-10-20,70,70.30000305,69,70,685000,0,1,61.35466875,yahoo_bootstrap
2023-10-23,70,71.59999847,69.80000305,69.90000153,302809,0,1,61.26702057,yahoo_bootstrap
2023-10-24,70.40000153,70.80000305,69.5,70.80000305,552194,0,1,62.05586764,yahoo_bootstrap
2023-10-25,70.90000153,71.30000305,70.69999695,70.80000305,502043,0,1,62.05586764,yahoo_bootstrap
2023-10-26,69.80000305,70.5,69.59999847,70,613417,0,1,61.35466875,yahoo_bootstrap
2023-10-27,70,70.69999695,69.80000305,69.80000305,380000,0,1,61.17937237,yahoo_bootstrap
2023-10-30,70.30000305,70.90000153,69.5,69.59999847,592000,0,1,61.0040693,yahoo_bootstrap
2023-10-31,70.30000305,70.59999847,68.30000305,68.5,654600,0,1,60.03992585,yahoo_bootstrap
2023-11-01,68.69999695,69,68,68.09999847,462000,0,1,59.6893264,yahoo_bootstrap
2023-11-02,68.69999695,70.19999695,68.59999847,69.90000153,556000,0,1,61.26702057,yahoo_bootstrap
2023-11-03,70.59999847,70.59999847,70,70.30000305,473174,0,1,61.61762001,yahoo_bootstrap
2023-11-06,75.09999847,77.30000305,74.5,75.19999695,4148345,0,1,65.91244147,yahoo_bootstrap
2023-11-07,75.19999695,77,74.69999695,76.80000305,2598782,0,1,67.31483925,yahoo_bootstrap
2023-11-08,77,78.59999847,76.69999695,78.09999847,2296202,0,1,68.45427908,yahoo_bootstrap
2023-11-09,78.5,78.59999847,77.30000305,77.5,1365100,0,1,67.92838326,yahoo_bootstrap
2023-11-10,77.09999847,77.69999695,76.59999847,77.40000153,605711,0,1,67.84073508,yahoo_bootstrap
2023-11-13,78.30000305,78.30000305,77.5,77.59999847,659094,0,1,68.01603145,yahoo_bootstrap
2023-11-14,78,78.40000153,77.40000153,78.30000305,942527,0,1,68.62958215,yahoo_bootstrap
2023-11-15,79,79.19999695,78.5,78.59999847,1069987,0,1,68.89252671,yahoo_bootstrap
2023-11-16,79.09999847,79.09999847,78.09999847,78.40000153,565446,0,1,68.71723034,yahoo_bootstrap
2023-11-17,78.40000153,79.69999695,78.30000305,79.59999847,970120,0,1,69.76902198,yahoo_bootstrap
2023-11-20,80.30000305,81.19999695,80,81.09999847,1036926,0,1,71.08376488,yahoo_bootstrap
2023-11-21,81.30000305,83.09999847,80.80000305,82.5,2094222,0,1,72.3108596,yahoo_bootstrap
2023-11-22,82.30000305,84.19999695,81.90000153,82.80000305,1870230,0,1,72.57381085,yahoo_bootstrap
2023-11-23,82.80000305,83,82.09999847,82.5,737186,0,1,72.3108596,yahoo_bootstrap
2023-11-24,82.5,83,82.09999847,82.59999847,512327,0,1,72.39850779,yahoo_bootstrap
2023-11-27,82.59999847,83,80.90000153,81.09999847,938480,0,1,71.08376488,yahoo_bootstrap
2023-11-28,81.80000305,82.80000305,81.19999695,82.59999847,852500,0,1,72.39850779,yahoo_bootstrap
2023-11-29,83,83.40000153,82.19999695,83,901121,0,1,72.74910723,yahoo_bootstrap
2023-11-30,85.5,87.40000153,84.69999695,86.69999695,5614178,0,1,75.99213705,yahoo_bootstrap
2023-12-01,86.69999695,87.90000153,86.09999847,87.09999847,2562150,0,1,76.34273649,yahoo_bootstrap
2023-12-04,87.40000153,88.40000153,86.5,86.59999847,1636960,0,1,75.90448886,yahoo_bootstrap
2023-12-05,85,85.80000305,84.80000305,85.19999695,1663064,0,1,74.67739415,yahoo_bootstrap
2023-12-06,85.80000305,87.09999847,85.59999847,85.80000305,1409601,0,1,75.20329666,yahoo_bootstrap
2023-12-07,85.80000305,86.5,84,84.30000305,1532500,0,1,73.88855376,yahoo_bootstrap
2023-12-08,84.19999695,84.80000305,83.90000153,84.19999695,1394737,0,1,73.80089888,yahoo_bootstrap
2023-12-11,84,84.19999695,83.30000305,83.80000305,739179,0,1,73.45030612,yahoo_bootstrap
2023-12-12,84,84.40000153,83.59999847,83.69999695,583871,0,1,73.36265125,yahoo_bootstrap
2023-12-13,84.19999695,84.19999695,83.09999847,83.19999695,1354960,0,1,72.92440361,yahoo_bootstrap
2023-12-14,83.69999695,84.5,83.59999847,83.90000153,740100,0,1,73.53795432,yahoo_bootstrap
2023-12-15,84.69999695,85.5,84.09999847,84.19999695,978182,0,1,73.80089888,yahoo_bootstrap
2023-12-18,84.19999695,84.59999847,83.09999847,83.09999847,768086,0,1,72.83675542,yahoo_bootstrap
2023-12-19,83.19999695,83.30000305,82.09999847,82.30000305,1028400,0,1,72.13556322,yahoo_bootstrap
2023-12-20,82.80000305,83.69999695,82.80000305,83.09999847,828874,0,1,72.83675542,yahoo_bootstrap
2023-12-21,82.40000153,83.40000153,82.40000153,82.90000153,345142,0,1,72.66145905,yahoo_bootstrap
2023-12-22,83.09999847,83.5,82.40000153,82.40000153,363403,0,1,72.22321141,yahoo_bootstrap
2023-12-25,82.40000153,83.19999695,82.40000153,82.5,290270,0,1,72.3108596,yahoo_bootstrap
2023-12-26,82.69999695,83.40000153,82.69999695,83.40000153,288193,0,1,73.09970668,yahoo_bootstrap
2023-12-27,83.59999847,84.09999847,83.19999695,83.5,308200,0,1,73.18735487,yahoo_bootstrap
2023-12-28,83.19999695,83.80000305,83,83.19999695,365414,0,1,72.92440361,yahoo_bootstrap
2023-12-29,83.30000305,84.5,83.30000305,84,514137,0,1,73.6256025,yahoo_bootstrap
2024-01-02,84,84.5,83.69999695,84.19999695,484048,0,1,73.80089888,yahoo_bootstrap
2024-01-03,84.19999695,84.80000305,83.19999695,84.09999847,673194,0,1,73.71325069,yahoo_bootstrap
2024-01-04,84,84,82.90000153,83,796530,0,1,72.74910723,yahoo_bootstrap
2024-01-05,83.5,83.59999847,83.09999847,83.19999695,263113,0,1,72.92440361,yahoo_bootstrap
2024-01-08,83.19999695,83.59999847,83.09999847,83.19999695,386717,0,1,72.92440361,yahoo_bootstrap
2024-01-09,82,82.5,78.80000305,78.80000305,2858690,0,1,69.06782978,yahoo_bootstrap
2024-01-10,78.30000305,79.09999847,77.5,77.59999847,919254,0,1,68.01603145,yahoo_bootstrap
2024-01-11,78,78.69999695,77.30000305,78.69999695,650565,0,1,68.98017491,yahoo_bootstrap
2024-01-12,78.69999695,79.30000305,78.40000153,78.5,315610,0,1,68.80487853,yahoo_bootstrap
2024-01-15,78.5,79,78.30000305,78.59999847,296897,0,1,68.89252671,yahoo_bootstrap
2024-01-16,78.19999695,78.5,77.80000305,77.80000305,443484,0,1,68.19133451,yahoo_bootstrap
2024-01-17,77.5,78.09999847,76.90000153,77.30000305,528000,0,1,67.75308688,yahoo_bootstrap
2024-01-18,77.5,77.69999695,76.5,77.30000305,202795,0,1,67.75308688,yahoo_bootstrap
2024-01-19,77.80000305,77.90000153,77,77.59999847,317064,0,1,68.01603145,yahoo_bootstrap
2024-01-22,77.80000305,78.90000153,77.80000305,78.90000153,364500,0,1,69.15547798,yahoo_bootstrap
2024-01-23,78.90000153,79.09999847,78.19999695,78.40000153,361228,0,1,68.71723034,yahoo_bootstrap
2024-01-24,78.80000305,79.40000153,78.59999847,78.59999847,316000,0,1,68.89252671,yahoo_bootstrap
2024-01-25,78.59999847,79.30000305,78.5,78.59999847,281196,0,1,68.89252671,yahoo_bootstrap
2024-01-26,78.59999847,78.80000305,78,78.19999695,241620,0,1,68.54192728,yahoo_bootstrap
2024-01-29,78,78.90000153,78,78.69999695,252196,0,1,68.98017491,yahoo_bootstrap
2024-01-30,78.69999695,78.90000153,78.19999695,78.40000153,251000,0,1,68.71723034,yahoo_bootstrap
2024-01-31,78.09999847,78.5,77.80000305,78,301070,0,1,68.36663089,yahoo_bootstrap
2024-02-01,78.09999847,78.40000153,77.80000305,77.80000305,222000,0,1,68.19133451,yahoo_bootstrap
2024-02-02,78.40000153,79,77.69999695,77.90000153,302936,0,1,68.27898271,yahoo_bootstrap
2024-02-05,77.90000153,79.59999847,77.90000153,79.59999847,558390,0,1,69.76902198,yahoo_bootstrap
2024-02-15,81.30000305,81.5,79.90000153,80.90000153,1081543,0,1,70.90846851,yahoo_bootstrap
2024-02-16,80.69999695,81.80000305,80.5,81.69999695,709233,0,1,71.60966071,yahoo_bootstrap
2024-02-19,81.69999695,82.5,81.59999847,82.19999695,698370,0,1,72.04790835,yahoo_bootstrap
2024-02-20,82.19999695,82.5,81.59999847,82.19999695,605128,0,1,72.04790835,yahoo_bootstrap
2024-02-21,82.09999847,82.40000153,81.80000305,82.09999847,588469,0,1,71.96026015,yahoo_bootstrap
2024-02-22,82.5,82.69999695,82.09999847,82.5,557884,0,1,72.3108596,yahoo_bootstrap
2024-02-23,83.19999695,84.5,82.90000153,83,1682088,0,1,72.74910723,yahoo_bootstrap
2024-02-26,83.40000153,83.59999847,82.5,83.5,993094,0,1,73.18735487,yahoo_bootstrap
2024-02-27,84.80000305,86.19999695,83.40000153,83.69999695,2846647,0,1,73.36265125,yahoo_bootstrap
2024-02-29,83.69999695,84.30000305,83.30000305,84.19999695,975142,0,1,73.80089888,yahoo_bootstrap
2024-03-01,84.40000153,84.69999695,83.80000305,84,833282,0,1,73.6256025,yahoo_bootstrap
2024-03-04,84.80000305,84.80000305,84.09999847,84.19999695,706112,0,1,73.80089888,yahoo_bootstrap
2024-03-05,84.19999695,84.90000153,84.19999695,84.69999695,873181,0,1,74.23914652,yahoo_bootstrap
2024-03-06,84.59999847,85.5,84.09999847,85,1152200,0,1,74.50209777,yahoo_bootstrap
2024-03-07,84.69999695,85,83.40000153,83.59999847,969702,0,1,73.27500305,yahoo_bootstrap
2024-03-08,83.5,85,82.90000153,83,1276333,0,1,72.74910723,yahoo_bootstrap
2024-03-11,81.5,81.5,79.40000153,79.69999695,2581898,0,1,69.85667018,yahoo_bootstrap
2024-03-12,80.09999847,80.5,79.59999847,80.30000305,801852,0,1,70.38257268,yahoo_bootstrap
2024-03-13,80.40000153,80.80000305,79.19999695,79.40000153,985497,0,1,69.59372561,yahoo_bootstrap
2024-03-14,79.40000153,79.5,78.5,78.80000305,614002,0,1,69.06782978,yahoo_bootstrap
2024-03-15,78.59999847,79.59999847,78.5,78.90000153,411780,0,1,69.15547798,yahoo_bootstrap
2024-03-18,78.90000153,78.90000153,78,78.80000305,658230,0,1,69.06782978,yahoo_bootstrap
2024-03-19,78.5,80.40000153,78.5,80.19999695,910004,0,1,70.29491781,yahoo_bootstrap
2024-03-20,80.19999695,81.40000153,80.19999695,80.19999695,915281,0,1,70.29491781,yahoo_bootstrap
2024-03-21,81.19999695,82.40000153,81.19999695,81.80000305,1172551,0,1,71.69731559,yahoo_bootstrap
2024-03-22,82.19999695,82.80000305,81.19999695,81.40000153,1146746,0,1,71.34671615,yahoo_bootstrap
2024-03-25,82.5,84.5,82.5,82.69999695,2480868,0,1,72.48615598,yahoo_bootstrap
2024-03-26,82.69999695,83.30000305,81.09999847,81.59999847,986678,0,1,71.52201252,yahoo_bootstrap
2024-03-27,81.59999847,83.09999847,81.59999847,83.09999847,970055,0,1,72.83675542,yahoo_bootstrap
2024-03-28,83.09999847,83.30000305,82.19999695,82.19999695,706000,0,1,72.04790835,yahoo_bootstrap
2024-03-29,82.30000305,82.40000153,81.5,81.90000153,463000,0,1,71.78496378,yahoo_bootstrap
2024-04-01,82.40000153,83.40000153,82.30000305,82.80000305,387471,0,1,72.57381085,yahoo_bootstrap
2024-04-02,83,83,81.5,82.09999847,633026,0,1,71.96026015,yahoo_bootstrap
2024-04-03,82,83.09999847,81.59999847,82.30000305,497293,0,1,72.13556322,yahoo_bootstrap
2024-04-08,82.59999847,82.59999847,81.5,81.59999847,550586,0,1,71.52201252,yahoo_bootstrap
2024-04-09,80.80000305,81,79.5,80.30000305,1197141,0,1,70.38257268,yahoo_bootstrap
2024-04-10,80.19999695,81.40000153,80.09999847,80.40000153,596328,0,1,70.47022088,yahoo_bootstrap
2024-04-11,80.40000153,80.40000153,79.19999695,79.5,773200,0,1,69.6813738,yahoo_bootstrap
2024-04-12,79.90000153,80.19999695,79.30000305,80.19999695,468085,0,1,70.29491781,yahoo_bootstrap
2024-04-15,79.90000153,80,79.19999695,79.30000305,435701,0,1,69.50607742,yahoo_bootstrap
2024-04-16,79.30000305,80.5,76.90000153,77.19999695,1315111,0,1,67.66543201,yahoo_bootstrap
2024-04-17,77.5,79.30000305,77.30000305,78.40000153,1272658,0,1,68.71723034,yahoo_bootstrap
2024-04-18,78.30000305,79.40000153,77.69999695,78.5,960020,0,1,68.80487853,yahoo_bootstrap
2024-04-19,78.30000305,78.40000153,75.09999847,76.59999847,1330250,0,1,67.13953618,yahoo_bootstrap
2024-04-22,77.19999695,77.40000153,75.90000153,76.19999695,470144,0,1,66.78893674,yahoo_bootstrap
2024-04-23,77.09999847,77.09999847,75.69999695,76.59999847,586200,0,1,67.13953618,yahoo_bootstrap
2024-04-24,77.09999847,77.80000305,77,77.80000305,639505,0,1,68.19133451,yahoo_bootstrap
2024-04-25,77.19999695,78.30000305,77.19999695,77.80000305,288192,0,1,68.19133451,yahoo_bootstrap
2024-04-26,78.19999695,78.59999847,78.09999847,78.09999847,275397,0,1,68.45427908,yahoo_bootstrap
2024-04-29,78.09999847,78.80000305,78.09999847,78.59999847,357248,0,1,68.89252671,yahoo_bootstrap
2024-04-30,78.40000153,79.5,78.40000153,78.90000153,561652,0,1,69.15547798,yahoo_bootstrap
2024-05-02,78.69999695,79.09999847,78.5,79,333080,0,1,69.24312616,yahoo_bootstrap
2024-05-03,79.30000305,80.09999847,78.69999695,78.90000153,402245,0,1,69.15547798,yahoo_bootstrap
2024-05-06,79.09999847,79.5,79,79.09999847,265495,0,1,69.33077435,yahoo_bootstrap
2024-05-07,79.19999695,79.30000305,78.09999847,78.90000153,334500,0,1,69.15547798,yahoo_bootstrap
2024-05-08,78.80000305,79.40000153,78.5,79.30000305,386048,0,1,69.50607742,yahoo_bootstrap
2024-05-09,79.09999847,79.69999695,78.80000305,78.80000305,363444,0,1,69.06782978,yahoo_bootstrap
2024-05-10,78.90000153,79.5,78.5,79.5,412063,0,1,69.6813738,yahoo_bootstrap
2024-05-13,81.69999695,82.80000305,81.59999847,82.5,3054369,0,1,72.3108596,yahoo_bootstrap
2024-05-14,82.5,83.5,82.09999847,83.30000305,1584990,0,1,73.01205849,yahoo_bootstrap
2024-05-15,83.80000305,84.80000305,83.69999695,84.09999847,2238955,0,1,73.71325069,yahoo_bootstrap
2024-05-16,84.5,84.69999695,83.30000305,83.80000305,1551204,0,1,73.45030612,yahoo_bootstrap
2024-05-17,83.69999695,84.19999695,83.30000305,83.59999847,597013,0,1,73.27500305,yahoo_bootstrap
2024-05-20,83.59999847,83.80000305,82.80000305,82.90000153,718340,0,1,72.66145905,yahoo_bootstrap
2024-05-21,82.90000153,83.5,82.69999695,83.5,452042,0,1,73.18735487,yahoo_bootstrap
2024-05-22,83.40000153,83.80000305,83.09999847,83.40000153,513055,0,1,73.09970668,yahoo_bootstrap
2024-05-23,83.19999695,83.30000305,82.40000153,82.40000153,732080,0,1,72.22321141,yahoo_bootstrap
2024-05-24,81.80000305,83.59999847,81.59999847,83.40000153,408809,0,1,73.09970668,yahoo_bootstrap
2024-05-27,83.80000305,85.59999847,83.80000305,85.40000153,1709878,0,1,74.85269722,yahoo_bootstrap
2024-05-28,85.90000153,87.5,85.30000305,86.09999847,1976212,0,1,75.46624122,yahoo_bootstrap
2024-05-29,86.19999695,87.5,86.19999695,86.59999847,1203004,0,1,75.90448886,yahoo_bootstrap
2024-05-30,86.40000153,87.19999695,85.80000305,86.80000305,1066941,0,1,76.07979193,yahoo_bootstrap
2024-05-31,88,88.5,86.30000305,86.5,2020294,0,1,75.81684067,yahoo_bootstrap
2024-06-03,87.40000153,89.30000305,86.90000153,87.40000153,1884423,0,1,76.60568775,yahoo_bootstrap
2024-06-04,88.09999847,90,87.5,88.5,6883363,0,1,77.56983121,yahoo_bootstrap
2024-06-05,88.5,89.30000305,86.30000305,86.40000153,2941117,0,1,75.72919249,yahoo_bootstrap
2024-06-06,87.09999847,87.69999695,84.80000305,85,1721165,0,1,74.50209777,yahoo_bootstrap
2024-06-07,85.40000153,86.30000305,84.90000153,85.30000305,713300,0,1,74.76504902,yahoo_bootstrap
2024-06-11,84.30000305,84.59999847,81.69999695,82.09999847,1980528,0,1,71.96026015,yahoo_bootstrap
2024-06-12,81.80000305,82.09999847,80.5,81.69999695,1311007,0,1,71.60966071,yahoo_bootstrap
2024-06-13,82.5,82.5,81.69999695,82.5,784138,0,1,72.3108596,yahoo_bootstrap
2024-06-14,82.80000305,82.80000305,81.90000153,82.09999847,497052,0,1,71.96026015,yahoo_bootstrap
2024-06-17,82.09999847,83,81.69999695,82.59999847,533162,0,1,72.39850779,yahoo_bootstrap
2024-06-18,83,83,81.90000153,82,599157,0,1,71.87261197,yahoo_bootstrap
2024-06-19,82.09999847,82.69999695,81.80000305,81.80000305,517260,0,1,71.69731559,yahoo_bootstrap
2024-06-20,82.09999847,83.09999847,82,83,536748,0,1,72.74910723,yahoo_bootstrap
2024-06-21,83,83.09999847,82.59999847,82.59999847,429153,0,1,72.39850779,yahoo_bootstrap
2024-06-24,82.69999695,82.69999695,81.09999847,81.09999847,925622,0,1,71.08376488,yahoo_bootstrap
2024-06-25,81.09999847,81.90000153,80.09999847,81.90000153,540400,0,1,71.78496378,yahoo_bootstrap
2024-06-26,82.09999847,82.19999695,81.09999847,81.19999695,412824,0,1,71.17141308,yahoo_bootstrap
2024-06-27,80.59999847,81.19999695,80.40000153,80.69999695,409304,0,1,70.73316544,yahoo_bootstrap
2024-06-28,80.69999695,81.90000153,80.69999695,81.5,349461,0,1,71.43436433,yahoo_bootstrap
2024-07-01,81.59999847,81.59999847,81,81.09999847,414040,0,1,71.08376488,yahoo_bootstrap
2024-07-02,81,81.80000305,81,81.69999695,375117,0,1,71.60966071,yahoo_bootstrap
2024-07-03,82.30000305,82.69999695,82,82.30000305,608153,0,1,72.13556322,yahoo_bootstrap
2024-07-04,82.80000305,83.90000153,82.5,83.69999695,983717,0,1,73.36265125,yahoo_bootstrap
2024-07-05,83.69999695,85.19999695,83.59999847,84.5,1107636,0,1,74.06385014,yahoo_bootstrap
2024-07-08,84.59999847,85.09999847,83.69999695,83.90000153,761110,0,1,73.53795432,yahoo_bootstrap
2024-07-09,83.90000153,84.59999847,82.19999695,83,751516,0,1,72.74910723,yahoo_bootstrap
2024-07-10,83,83.59999847,82.5,83,542179,0,1,72.74910723,yahoo_bootstrap
2024-07-11,83.5,84.59999847,83.40000153,83.90000153,1031623,0,1,73.53795432,yahoo_bootstrap
2024-07-12,83.5,92.19999695,83.30000305,92.19999695,7365927,0,1,80.81286103,yahoo_bootstrap
2024-07-15,101,101,94,95,19004431,0,1,83.26705045,yahoo_bootstrap
2024-07-16,97.69999695,99.80000305,97,98.09999847,11380027,0,1,85.98418444,yahoo_bootstrap
2024-07-17,99,99.09999847,95.5,96.19999695,6233265,0,1,84.3188421,yahoo_bootstrap
2024-07-18,92.90000153,98.30000305,92,98.19999695,10244270,3.5,1,89.32157831,yahoo_bootstrap
2024-07-19,98.40000153,101,92.69999695,93.69999695,9250172,0,1,85.2284305,yahoo_bootstrap
2024-07-22,95,95.5,90.90000153,91.5,4384603,0,1,83.22733879,yahoo_bootstrap
2024-07-23,92.5,94,91.40000153,92.90000153,2663211,0,1,84.50076394,yahoo_bootstrap
2024-07-26,88,90.69999695,88,89.40000153,1963068,0,1,81.31720454,yahoo_bootstrap
2024-07-29,90.80000305,91.09999847,83.80000305,84.19999695,4384502,0,1,76.58734068,yahoo_bootstrap
2024-07-30,83.40000153,84.30000305,80.40000153,83,3902881,0,1,75.49583737,yahoo_bootstrap
2024-07-31,82.69999695,84.40000153,81.80000305,82.30000305,1363102,0,1,74.85912826,yahoo_bootstrap
2024-08-01,83.80000305,86.5,83.69999695,86.30000305,2218173,0,1,78.49748187,yahoo_bootstrap
2024-08-02,83,84.59999847,81.90000153,82,2027066,0,1,74.58624897,yahoo_bootstrap
2024-08-05,77.30000305,78.09999847,73.80000305,73.80000305,3521167,0,1,67.12762685,yahoo_bootstrap
2024-08-06,75.30000305,77.90000153,66.80000305,71.5,4172711,0,1,65.03557075,yahoo_bootstrap
2024-08-07,72,76.90000153,72,75.59999847,1891838,0,1,68.7648818,yahoo_bootstrap
2024-08-08,74.19999695,77.59999847,73.90000153,76.59999847,1877100,0,1,69.67447021,yahoo_bootstrap
2024-08-09,77.80000305,79.30000305,77.59999847,77.90000153,2054336,0,1,70.85693791,yahoo_bootstrap
2024-08-12,76.80000305,78.5,76.5,77.30000305,1627404,0,1,70.31118625,yahoo_bootstrap
2024-08-13,77.90000153,79.59999847,77,78.90000153,1226429,0,1,71.76652631,yahoo_bootstrap
2024-08-14,80,80.09999847,78.40000153,78.59999847,1213540,0,1,71.49364701,yahoo_bootstrap
2024-08-15,78.59999847,79.40000153,78.09999847,78.80000305,682220,0,1,71.67556886,yahoo_bootstrap
2024-08-16,80.09999847,80.5,79.5,80.19999695,1180433,0,1,72.94898707,yahoo_bootstrap
2024-08-19,80,82.59999847,79.90000153,81.30000305,1282108,0,1,73.94953986,yahoo_bootstrap
2024-08-20,81.5,82.90000153,81.09999847,81.09999847,1234270,0,1,73.76761802,yahoo_bootstrap
2024-08-21,81,82.09999847,80.19999695,81.59999847,644001,0,1,74.22241222,yahoo_bootstrap
2024-08-22,82.69999695,82.69999695,81.19999695,81.5,816204,0,1,74.13145477,yahoo_bootstrap
2024-08-23,80,81.5,78.19999695,79.69999695,2284795,0,1,72.49419287,yahoo_bootstrap
2024-08-26,80.40000153,80.69999695,79.09999847,80,790764,0,1,72.76707217,yahoo_bootstrap
2024-08-27,80,80.40000153,79.5,80.19999695,490814,0,1,72.94898707,yahoo_bootstrap
2024-08-28,80.19999695,80.30000305,79,79.69999695,592050,0,1,72.49419287,yahoo_bootstrap
2024-08-29,79.90000153,80.5,79.59999847,80.09999847,682100,0,1,72.85802961,yahoo_bootstrap
2024-08-30,80.09999847,80.90000153,79.80000305,79.80000305,782004,0,1,72.58515726,yahoo_bootstrap
2024-09-02,79.90000153,80.90000153,79.40000153,79.59999847,810508,0,1,72.40323541,yahoo_bootstrap
2024-09-03,80,80.30000305,79,79.09999847,722130,0,1,71.94844121,yahoo_bootstrap
2024-09-04,77.30000305,77.30000305,73.59999847,74.5,1525146,0,1,67.76433595,yahoo_bootstrap
2024-09-05,75.69999695,75.90000153,73.59999847,73.80000305,845300,0,1,67.12762685,yahoo_bootstrap
2024-09-06,73.80000305,74.40000153,73.19999695,74.19999695,501240,0,1,67.49145666,yahoo_bootstrap
2024-09-09,72.40000153,76,72.40000153,75.80000305,698434,0,1,68.94680365,yahoo_bootstrap
2024-09-10,75.80000305,76.40000153,74,74.40000153,669050,0,1,67.67337851,yahoo_bootstrap
2024-09-11,74.5,74.69999695,74.19999695,74.5,334001,0,1,67.76433595,yahoo_bootstrap
2024-09-12,75.30000305,75.59999847,74.69999695,75.30000305,434157,0,1,68.49200945,yahoo_bootstrap
2024-09-13,75.59999847,76,74.69999695,75.5,362276,0,1,68.67392436,yahoo_bootstrap
2024-09-16,75.59999847,76.30000305,75.40000153,75.80000305,552150,0,1,68.94680365,yahoo_bootstrap
2024-09-18,75.80000305,76.69999695,75.30000305,75.40000153,545155,0,1,68.58296691,yahoo_bootstrap
2024-09-19,75.40000153,76.5,75.30000305,76.40000153,379199,0,1,69.49255531,yahoo_bootstrap
2024-09-20,76.90000153,77.09999847,76.40000153,77,441585,0,1,70.03830696,yahoo_bootstrap
2024-09-23,77.09999847,77.59999847,76.80000305,77,414320,0,1,70.03830696,yahoo_bootstrap
2024-09-24,77,77.5,76.40000153,77,408665,0,1,70.03830696,yahoo_bootstrap
2024-09-25,77.30000305,78.09999847,77.30000305,78,670692,0,1,70.94789536,yahoo_bootstrap
2024-09-26,78.5,78.69999695,77.59999847,77.80000305,517000,0,1,70.76598045,yahoo_bootstrap
2024-09-27,78.40000153,78.5,77.09999847,78,502001,0,1,70.94789536,yahoo_bootstrap
2024-09-30,78,78,76.19999695,76.19999695,506144,0,1,69.31063346,yahoo_bootstrap
2024-10-01,76.19999695,79,76,77.90000153,1058180,0,1,70.85693791,yahoo_bootstrap
2024-10-04,78.30000305,78.59999847,76.80000305,77.40000153,510225,0,1,70.40214371,yahoo_bootstrap
2024-10-07,77.5,77.80000305,76.80000305,77.5,588145,0,1,70.49310116,yahoo_bootstrap
2024-10-08,76.90000153,77.19999695,75.59999847,77,746250,0,1,70.03830696,yahoo_bootstrap
2024-10-09,77.30000305,78.09999847,76,76.30000305,521200,0,1,69.40159785,yahoo_bootstrap
2024-10-11,76.30000305,76.40000153,75.59999847,75.69999695,487080,0,1,68.85583926,yahoo_bootstrap
2024-10-14,75.80000305,77.19999695,75.69999695,77.19999695,495060,0,1,70.22022187,yahoo_bootstrap
2024-10-15,77.40000153,77.69999695,76.59999847,76.80000305,276030,0,1,69.85639205,yahoo_bootstrap
2024-10-16,76.80000305,77.19999695,76.5,77.19999695,266836,0,1,70.22022187,yahoo_bootstrap
2024-10-17,77.19999695,77.80000305,76.90000153,77.5,317943,0,1,70.49310116,yahoo_bootstrap
2024-10-18,77.5,78.30000305,76.90000153,77,578079,0,1,70.03830696,yahoo_bootstrap
2024-10-21,77.40000153,78.40000153,77.19999695,77.5,406037,0,1,70.49310116,yahoo_bootstrap
2024-10-22,77.80000305,78.80000305,77.59999847,78.69999695,595178,0,1,71.58460447,yahoo_bootstrap
2024-10-23,78.69999695,78.90000153,78.40000153,78.69999695,257040,0,1,71.58460447,yahoo_bootstrap
2024-10-24,78.40000153,78.90000153,78.09999847,78.19999695,300015,0,1,71.12981027,yahoo_bootstrap
2024-10-25,78.69999695,79.19999695,78.30000305,79.09999847,291288,0,1,71.94844121,yahoo_bootstrap
2024-10-28,79.19999695,79.5,77.69999695,78.09999847,433150,0,1,71.03885281,yahoo_bootstrap
2024-10-29,78,78,76.5,76.90000153,455104,0,1,69.94734951,yahoo_bootstrap
2024-10-30,77.30000305,78.5,76.5,76.69999695,488180,0,1,69.76542766,yahoo_bootstrap
2024-11-01,76,77.59999847,75.80000305,77.5,261000,0,1,70.49310116,yahoo_bootstrap
2024-11-04,77.09999847,77.19999695,76.5,76.59999847,232005,0,1,69.67447021,yahoo_bootstrap
2024-11-05,76.59999847,77.5,76.40000153,76.69999695,214000,0,1,69.76542766,yahoo_bootstrap
2024-11-06,76.80000305,77.5,76.5,76.90000153,243595,0,1,69.94734951,yahoo_bootstrap
2024-11-07,76.90000153,78.69999695,76.90000153,78.40000153,602898,0,1,71.31173211,yahoo_bootstrap
2024-11-08,77.69999695,77.69999695,75.80000305,77.40000153,1659114,0,1,70.40214371,yahoo_bootstrap
2024-11-11,76,76.59999847,74,75,1485045,0,1,68.21913015,yahoo_bootstrap
2024-11-12,74.30000305,74.80000305,73.80000305,74,554520,0,1,67.30954175,yahoo_bootstrap
2024-11-13,73.30000305,75,73.30000305,74,389717,0,1,67.30954175,yahoo_bootstrap
2024-11-14,74,74.80000305,73.40000153,73.40000153,618230,0,1,66.7637901,yahoo_bootstrap
2024-11-15,73.69999695,77,73.59999847,76.5,1194449,0,1,69.58351276,yahoo_bootstrap
2024-11-18,76.5,78,76.5,76.80000305,810138,0,1,69.85639205,yahoo_bootstrap
2024-11-19,76.69999695,79.90000153,76.69999695,79.30000305,1966654,0,1,72.13036306,yahoo_bootstrap
2024-11-20,79.90000153,79.90000153,79.90000153,79.90000153,2495551,0,1,72.67611472,yahoo_bootstrap
2024-11-21,80.69999695,82.59999847,80.09999847,81.59999847,2367487,0,1,74.22241222,yahoo_bootstrap
2024-11-22,81.90000153,87.40000153,81.40000153,86,5651788,0,1,78.22460258,yahoo_bootstrap
2024-11-25,85.5,85.59999847,84.09999847,84.80000305,2267959,0,1,77.13309927,yahoo_bootstrap
2024-11-26,84.19999695,87.30000305,83.19999695,83.59999847,2875648,0,1,76.04158902,yahoo_bootstrap
2024-11-27,83.80000305,84,80.09999847,80.19999695,2361067,0,1,72.94898707,yahoo_bootstrap
2024-11-28,81.80000305,81.80000305,77.40000153,78.30000305,1680259,0,1,71.22077466,yahoo_bootstrap
2024-11-29,78.09999847,79.69999695,77.69999695,79,880201,0,1,71.85748376,yahoo_bootstrap
2024-12-02,79.69999695,79.80000305,78.30000305,78.90000153,607540,0,1,71.76652631,yahoo_bootstrap
2024-12-03,79.19999695,81.19999695,79.19999695,80.30000305,622130,0,1,73.03995146,yahoo_bootstrap
2024-12-04,81,81,79,80.30000305,702287,0,1,73.03995146,yahoo_bootstrap
2024-12-05,80.5,80.80000305,79.5,80.30000305,390338,0,1,73.03995146,yahoo_bootstrap
2024-12-06,80.30000305,81.30000305,80.09999847,80.80000305,596785,0,1,73.49474566,yahoo_bootstrap
2024-12-09,80.80000305,81.30000305,80,80.09999847,393145,0,1,72.85802961,yahoo_bootstrap
2024-12-10,80.19999695,80.90000153,79.90000153,80.30000305,369771,0,1,73.03995146,yahoo_bootstrap
2024-12-11,80.09999847,80.19999695,78.80000305,78.90000153,541206,0,1,71.76652631,yahoo_bootstrap
2024-12-12,79.30000305,80.5,79.09999847,79.5,393308,0,1,72.31227796,yahoo_bootstrap
2024-12-13,79.30000305,79.30000305,77.80000305,78.30000305,553015,0,1,71.22077466,yahoo_bootstrap
2024-12-16,78.40000153,78.69999695,76.40000153,76.59999847,519600,0,1,69.67447021,yahoo_bootstrap
2024-12-17,76.90000153,77.09999847,76.40000153,76.80000305,264450,0,1,69.85639205,yahoo_bootstrap
2024-12-18,76.5,77,75.90000153,76.59999847,634363,0,1,69.67447021,yahoo_bootstrap
2024-12-19,76.09999847,77,75.80000305,76.59999847,325005,0,1,69.67447021,yahoo_bootstrap
2024-12-20,76.90000153,79.59999847,76.69999695,78.80000305,774270,0,1,71.67556886,yahoo_bootstrap
2024-12-23,78.80000305,79.59999847,78.19999695,79.40000153,461444,0,1,72.22132052,yahoo_bootstrap
2024-12-24,79.59999847,79.80000305,78.30000305,78.5,298002,0,1,71.40268956,yahoo_bootstrap
2024-12-25,78.90000153,81.59999847,78.80000305,80.69999695,1356325,0,1,73.40378127,yahoo_bootstrap
2024-12-26,81.5,83.30000305,80.59999847,80.80000305,930084,0,1,73.49474566,yahoo_bootstrap
2024-12-27,80.80000305,81.5,79.80000305,80.30000305,460002,0,1,73.03995146,yahoo_bootstrap
2024-12-30,79.90000153,80.30000305,79.19999695,79.19999695,217142,0,1,72.03939867,yahoo_bootstrap
2024-12-31,78.59999847,79.5,78.59999847,78.90000153,210019,0,1,71.76652631,yahoo_bootstrap
2025-01-02,78.59999847,79.90000153,78.59999847,79.09999847,304090,0,1,71.94844121,yahoo_bootstrap
2025-01-03,79.09999847,79.40000153,78.30000305,78.5,405013,0,1,71.40268956,yahoo_bootstrap
2025-01-06,78.80000305,80.69999695,78.80000305,80.5,488430,0,1,73.22186637,yahoo_bootstrap
2025-01-07,81,82.09999847,80.59999847,80.69999695,644162,0,1,73.40378127,yahoo_bootstrap
2025-01-08,80.59999847,81.40000153,80.30000305,80.90000153,468026,0,1,73.58570312,yahoo_bootstrap
2025-01-09,80.59999847,80.90000153,78.30000305,78.30000305,527088,0,1,71.22077466,yahoo_bootstrap
2025-01-10,78,78.90000153,77,77,395200,0,1,70.03830696,yahoo_bootstrap
2025-01-13,76.30000305,76.5,74.30000305,75.40000153,799142,0,1,68.58296691,yahoo_bootstrap
2025-01-14,75.40000153,76.80000305,75.19999695,76.40000153,260012,0,1,69.49255531,yahoo_bootstrap
2025-01-15,76.40000153,76.90000153,76.19999695,76.40000153,131170,0,1,69.49255531,yahoo_bootstrap
2025-01-16,77.69999695,77.69999695,76.59999847,77.09999847,195283,0,1,70.12926441,yahoo_bootstrap
2025-01-17,76.69999695,77.30000305,76.69999695,76.69999695,183100,0,1,69.76542766,yahoo_bootstrap
2025-01-20,76.69999695,77.30000305,76.59999847,77.09999847,151248,0,1,70.12926441,yahoo_bootstrap
2025-01-21,76.80000305,77.80000305,76.80000305,77.09999847,169466,0,1,70.12926441,yahoo_bootstrap
2025-01-22,77.09999847,77.90000153,77,77.59999847,251170,0,1,70.58405861,yahoo_bootstrap
2025-02-03,77,77.40000153,76,76.90000153,360000,0,1,69.94734951,yahoo_bootstrap
2025-02-04,77,77.19999695,76.59999847,76.90000153,293133,0,1,69.94734951,yahoo_bootstrap
2025-02-05,77.5,81.5,77.5,81.40000153,1834291,0,1,74.04049732,yahoo_bootstrap
2025-02-06,81.40000153,81.80000305,80.59999847,80.80000305,677188,0,1,73.49474566,yahoo_bootstrap
2025-02-07,81.5,83,81.30000305,82.40000153,2413839,0,1,74.95008572,yahoo_bootstrap
2025-02-10,81.40000153,82.19999695,80.80000305,82,1010611,0,1,74.58624897,yahoo_bootstrap
2025-02-11,82.5,84.90000153,81.59999847,82.59999847,2785472,0,1,75.13200062,yahoo_bootstrap
2025-02-12,83.09999847,83.80000305,81.09999847,81.40000153,1603850,0,1,74.04049732,yahoo_bootstrap
2025-02-13,81.40000153,82.30000305,81,81,687299,0,1,73.67666057,yahoo_bootstrap
2025-02-14,81.30000305,81.30000305,80.40000153,80.59999847,441107,0,1,73.31282381,yahoo_bootstrap
2025-02-17,81,81.30000305,80.09999847,80.80000305,397984,0,1,73.49474566,yahoo_bootstrap
2025-02-18,81.19999695,82.90000153,81.09999847,82.30000305,1035097,0,1,74.85912826,yahoo_bootstrap
2025-02-19,83.19999695,84.80000305,82.80000305,82.90000153,1828963,0,1,75.40487992,yahoo_bootstrap
2025-02-20,84.19999695,91.09999847,84.19999695,91.09999847,7315633,0,1,82.86350204,yahoo_bootstrap
2025-02-21,93.59999847,100,88,100,34656554,0,1,90.95884021,yahoo_bootstrap
2025-02-24,102,109.5,99.69999695,108,39588514,0,1,98.23554742,yahoo_bootstrap
2025-02-25,105.5,110,104,107.5,22653610,0,1,97.78075322,yahoo_bootstrap
2025-02-26,108,112,104.5,106.5,22080953,0,1,96.87116482,yahoo_bootstrap
2025-02-27,108.5,113,103,108.5,25914828,0,1,98.69034162,yahoo_bootstrap
2025-03-03,107.5,111,106.5,107,16332599,0,1,97.32595902,yahoo_bootstrap
2025-03-04,106,117.5,105,117.5,32624001,0,1,106.87663724,yahoo_bootstrap
2025-03-05,121,122,111.5,112,32665821,0,1,101.87390103,yahoo_bootstrap
2025-03-06,112,116.5,107.5,108,25979319,0,1,98.23554742,yahoo_bootstrap
2025-03-07,108,110,102,104,16616304,0,1,94.59719381,yahoo_bootstrap
2025-03-10,105.5,106,101.5,101.5,8299066,0,1,92.32322281,yahoo_bootstrap
2025-03-11,99.30000305,104.5,97.40000153,103,11807107,0,1,93.68760541,yahoo_bootstrap
2025-03-12,103,104,100.5,101.5,7485197,0,1,92.32322281,yahoo_bootstrap
2025-03-13,103.5,105.5,98.90000153,99.40000153,9360322,0,1,90.41308856,yahoo_bootstrap
2025-03-14,101,101.5,98,98.69999695,6300853,0,1,89.77637251,yahoo_bootstrap
2025-03-17,100,102,98.19999695,99.30000305,4905549,0,1,90.3221311,yahoo_bootstrap
2025-03-18,100,101.5,99.40000153,100,2563429,0,1,90.95884021,yahoo_bootstrap
2025-03-19,101,101.5,95,95.40000153,7103177,0,1,86.77473495,yahoo_bootstrap
2025-03-20,98.19999695,104.5,97.69999695,104.5,14130247,0,1,95.05198802,yahoo_bootstrap
2025-03-21,104.5,104.5,98.69999695,99,17783124,0,1,90.0492518,yahoo_bootstrap
2025-03-24,99.30000305,102,95.30000305,95.40000153,11591492,0,1,86.77473495,yahoo_bootstrap
2025-03-25,96.5,98.30000305,95.09999847,95.09999847,4675257,0,1,86.50185564,yahoo_bootstrap
2025-03-26,96.90000153,97.80000305,95.80000305,96.5,2654056,0,1,87.7752808,yahoo_bootstrap
2025-03-27,96.5,96.80000305,94.69999695,96.5,2067460,0,1,87.7752808,yahoo_bootstrap
2025-03-28,96.5,96.59999847,93.30000305,94.30000305,3391248,0,1,85.77418909,yahoo_bootstrap
2025-03-31,91.19999695,92.90000153,89.40000153,89.40000153,4680765,0,1,81.31720454,yahoo_bootstrap
2025-04-01,91.40000153,91.90000153,88.90000153,89.69999695,2484361,0,1,81.59007689,yahoo_bootstrap
2025-04-02,90,92.69999695,88.30000305,92.19999695,3156163,0,1,83.8640479,yahoo_bootstrap
2025-04-07,83,83,83,83,108050,0,1,75.49583737,yahoo_bootstrap
2025-04-08,74.69999695,77.09999847,74.69999695,74.69999695,2821238,0,1,67.94625086,yahoo_bootstrap
2025-04-09,68.09999847,70.5,67.30000305,67.30000305,6845837,0,1,61.21530223,yahoo_bootstrap
2025-04-10,74,74,74,74,694787,0,1,67.30954175,yahoo_bootstrap
2025-04-11,68.80000305,75.80000305,67.90000153,75.80000305,5399320,0,1,68.94680365,yahoo_bootstrap
2025-04-14,78,81,76.59999847,77.90000153,4268190,0,1,70.85693791,yahoo_bootstrap
2025-04-15,78.5,82.5,78.09999847,81.90000153,3090351,0,1,74.49529152,yahoo_bootstrap
2025-04-16,81.09999847,82.09999847,79.09999847,79.59999847,2642332,0,1,72.40323541,yahoo_bootstrap
2025-04-17,79.09999847,80.30000305,78.40000153,79.19999695,1474170,0,1,72.03939867,yahoo_bootstrap
2025-04-18,80,80.09999847,78.80000305,79,1113230,0,1,71.85748376,yahoo_bootstrap
2025-04-21,79.59999847,79.59999847,76.5,76.5,1329220,0,1,69.58351276,yahoo_bootstrap
2025-04-22,75.5,78.40000153,75.5,76.59999847,1254940,0,1,69.67447021,yahoo_bootstrap
2025-04-23,79.90000153,81.5,79.30000305,80.30000305,2099273,0,1,73.03995146,yahoo_bootstrap
2025-04-24,81,81.80000305,80,80,1574903,0,1,72.76707217,yahoo_bootstrap
2025-04-25,81.5,82.80000305,81.19999695,81.19999695,1610050,0,1,73.85857547,yahoo_bootstrap
2025-04-28,82.59999847,83.80000305,82.19999695,82.5,1742333,0,1,75.04104317,yahoo_bootstrap
2025-04-29,82.69999695,85,82.09999847,84.40000153,2082469,0,1,76.76926253,yahoo_bootstrap
2025-04-30,84.69999695,86.5,82.69999695,83.5,3794170,0,1,75.95063157,yahoo_bootstrap
2025-05-02,85.5,85.69999695,83.5,84.09999847,2998249,0,1,76.49638322,yahoo_bootstrap
2025-05-05,84.40000153,84.5,78.5,81,2821131,0,1,73.67666057,yahoo_bootstrap
2025-05-06,80.90000153,82,80.19999695,81.90000153,1534080,0,1,74.49529152,yahoo_bootstrap
2025-05-07,82,82.09999847,80.30000305,80.80000305,1014207,0,1,73.49474566,yahoo_bootstrap
2025-05-08,81.69999695,83.80000305,81.30000305,83.30000305,3343076,0,1,75.76871667,yahoo_bootstrap
2025-05-09,84.5,84.59999847,81.09999847,82.19999695,3781100,0,1,74.76816388,yahoo_bootstrap
2025-05-12,83,84.5,82.80000305,83.90000153,2697650,0,1,76.31446832,yahoo_bootstrap
2025-05-13,86,86.30000305,84.59999847,85.09999847,2387945,0,1,77.40597162,yahoo_bootstrap
2025-05-14,86,87.59999847,85.59999847,87,4012280,0,1,79.13419098,yahoo_bootstrap
2025-05-15,86.59999847,87.09999847,85.59999847,85.80000305,2137548,0,1,78.04268767,yahoo_bootstrap
2025-05-16,86.5,86.69999695,85.80000305,86.30000305,1387505,0,1,78.49748187,yahoo_bootstrap
2025-05-19,86.30000305,86.30000305,84.09999847,84.09999847,1830270,0,1,76.49638322,yahoo_bootstrap
2025-05-20,85,85.5,84.09999847,84.5,901136,0,1,76.86021997,yahoo_bootstrap
2025-05-21,84.30000305,86.19999695,84.30000305,85.5,1124180,0,1,77.76980838,yahoo_bootstrap
2025-05-22,84.80000305,85.19999695,84.30000305,85.19999695,867120,0,1,77.49692908,yahoo_bootstrap
2025-05-23,85.90000153,86.5,84,84.19999695,1264489,0,1,76.58734068,yahoo_bootstrap
2025-05-26,84.19999695,86,84,85.19999695,1133228,0,1,77.49692908,yahoo_bootstrap
2025-05-27,85.80000305,87.69999695,84.80000305,85.30000305,2851315,0,1,77.58789347,yahoo_bootstrap
2025-05-28,86.19999695,86.59999847,83.30000305,84,1843406,0,1,76.40542577,yahoo_bootstrap
2025-05-29,85,85.30000305,83.5,84.5,979307,0,1,76.86021997,yahoo_bootstrap
2025-06-02,83.69999695,83.69999695,82,82.59999847,1325251,0,1,75.13200062,yahoo_bootstrap
2025-06-03,83.80000305,84,82.59999847,82.59999847,765080,0,1,75.13200062,yahoo_bootstrap
2025-06-04,83.59999847,85.30000305,83.40000153,84.5,1118617,0,1,76.86021997,yahoo_bootstrap
2025-06-05,85.30000305,85.59999847,84,84.5,1020188,0,1,76.86021997,yahoo_bootstrap
2025-06-06,84.09999847,84.40000153,82.5,82.69999695,1413459,0,1,75.22295808,yahoo_bootstrap
2025-06-09,80.5,80.5,75.30000305,76.19999695,5688065,0,1,69.31063346,yahoo_bootstrap
2025-06-10,76.19999695,77.80000305,76.09999847,77.19999695,1512083,0,1,70.22022187,yahoo_bootstrap
2025-06-11,77.5,79.30000305,77.30000305,78.59999847,1669004,0,1,71.49364701,yahoo_bootstrap
2025-06-12,78.59999847,79.30000305,78.19999695,78.80000305,780076,0,1,71.67556886,yahoo_bootstrap
2025-06-13,78.40000153,78.40000153,77.19999695,77.40000153,994396,0,1,70.40214371,yahoo_bootstrap
2025-06-16,76.90000153,78.40000153,76.5,78.40000153,639040,0,1,71.31173211,yahoo_bootstrap
2025-06-17,78.69999695,79,77.69999695,78,456050,0,1,70.94789536,yahoo_bootstrap
2025-06-18,78.09999847,78.80000305,78.09999847,78.30000305,423210,0,1,71.22077466,yahoo_bootstrap
2025-06-19,78.30000305,78.30000305,77.09999847,77.59999847,666300,0,1,70.58405861,yahoo_bootstrap
2025-06-20,77.59999847,77.59999847,75.90000153,76.40000153,671779,0,1,69.49255531,yahoo_bootstrap
2025-06-23,75.40000153,76.90000153,74.5,76.80000305,639780,0,1,69.85639205,yahoo_bootstrap
2025-06-24,77.09999847,79.09999847,77.09999847,78.19999695,761479,0,1,71.12981027,yahoo_bootstrap
2025-06-25,79,79,77.80000305,78.09999847,433118,0,1,71.03885281,yahoo_bootstrap
2025-06-26,78.19999695,79.30000305,78.19999695,78.69999695,527300,0,1,71.58460447,yahoo_bootstrap
2025-06-27,79.30000305,79.59999847,78.30000305,78.90000153,634600,0,1,71.76652631,yahoo_bootstrap
2025-06-30,79.30000305,79.30000305,77.59999847,77.90000153,682201,0,1,70.85693791,yahoo_bootstrap
2025-07-01,78,79.19999695,77.80000305,78,659095,0,1,70.94789536,yahoo_bootstrap
2025-07-02,78.5,79.5,78.30000305,79.40000153,703728,0,1,72.22132052,yahoo_bootstrap
2025-07-03,79.90000153,80.59999847,79.69999695,80.40000153,948183,0,1,73.13090892,yahoo_bootstrap
2025-07-04,80.69999695,81.80000305,78.69999695,78.69999695,1239727,0,1,71.58460447,yahoo_bootstrap
2025-07-07,78.69999695,78.69999695,77.30000305,77.90000153,422683,0,1,70.85693791,yahoo_bootstrap
2025-07-08,77.80000305,77.80000305,76.5,76.80000305,813220,0,1,69.85639205,yahoo_bootstrap
2025-07-09,77.40000153,78.90000153,77.09999847,78.80000305,759406,0,1,71.67556886,yahoo_bootstrap
2025-07-10,78.69999695,79.30000305,78,78.5,555028,0,1,71.40268956,yahoo_bootstrap
2025-07-11,78.5,80.09999847,78.5,79.69999695,789000,0,1,72.49419287,yahoo_bootstrap
2025-07-14,79.69999695,80.09999847,78.80000305,79.09999847,1123775,0,1,71.94844121,yahoo_bootstrap
2025-07-15,79.40000153,80.80000305,78.69999695,79.5,2217714,0,1,72.31227796,yahoo_bootstrap
2025-07-16,80.19999695,80.59999847,79.90000153,80.09999847,2953120,0,1,72.85802961,yahoo_bootstrap
2025-07-17,75.5,76.40000153,74.80000305,75.90000153,2309476,4.5,1,73.14715173,yahoo_bootstrap
2025-07-18,76.30000305,76.59999847,75.59999847,76,818146,0,1,73.24352332,yahoo_bootstrap
2025-07-21,76,76.90000153,75.69999695,76.5,584245,0,1,73.7253886,yahoo_bootstrap
2025-07-22,76.69999695,77.19999695,74,74.30000305,1757003,0,1,71.60518429,yahoo_bootstrap
2025-07-23,74.40000153,77.40000153,74.40000153,76.69999695,1650184,0,1,73.91813178,yahoo_bootstrap
2025-07-24,77.09999847,77.19999695,75.69999695,76.40000153,665005,0,1,73.62901702,yahoo_bootstrap
2025-07-25,76.09999847,76.90000153,76.09999847,76.40000153,595003,0,1,73.62901702,yahoo_bootstrap
2025-07-28,76.40000153,77.40000153,76.40000153,77,566064,0,1,74.20725389,yahoo_bootstrap
2025-07-29,77,77.30000305,75.90000153,76.09999847,545474,0,1,73.3398949,yahoo_bootstrap
2025-07-30,76.09999847,76.90000153,76,76.80000305,424100,0,1,74.01451071,yahoo_bootstrap
2025-07-31,76.90000153,76.90000153,76.09999847,76.80000305,1854466,0,1,74.01451071,yahoo_bootstrap
2025-08-04,76.30000305,77.30000305,75.80000305,76.90000153,340050,0,1,74.1108823,yahoo_bootstrap
2025-08-05,77.30000305,78.40000153,77,78.30000305,931820,0,1,75.46010657,yahoo_bootstrap
2025-08-06,78.30000305,78.5,77.5,77.5,478050,0,1,74.68911917,yahoo_bootstrap
2025-08-07,78.09999847,78.09999847,75.90000153,76,1199055,0,1,73.24352332,yahoo_bootstrap
2025-08-08,76,76.09999847,74.40000153,74.5,1805615,0,1,71.79792746,yahoo_bootstrap
2025-08-11,71.69999695,71.69999695,69.19999695,70.90000153,3996255,0,1,68.32849888,yahoo_bootstrap
2025-08-12,71.19999695,71.59999847,70.69999695,71.30000305,836300,0,1,68.71399258,yahoo_bootstrap
2025-08-13,70.5,70.59999847,67.80000305,68.69999695,3754704,0,1,66.20828722,yahoo_bootstrap
2025-08-14,68.40000153,69.69999695,68.40000153,68.80000305,901759,0,1,66.30466615,yahoo_bootstrap
2025-08-15,69.5,69.59999847,68,68,1034352,0,1,65.53367876,yahoo_bootstrap
2025-08-18,68,68.69999695,67.09999847,67.69999695,1103110,0,1,65.24455665,yahoo_bootstrap
2025-08-19,67.69999695,68.5,67.30000305,67.59999847,761242,0,1,65.14818505,yahoo_bootstrap
2025-08-20,68,68,67,67.40000153,805300,0,1,64.95544189,yahoo_bootstrap
2025-08-21,67.80000305,69.09999847,67.69999695,68.09999847,969307,0,1,65.63005034,yahoo_bootstrap
2025-08-22,68.19999695,68.19999695,67.19999695,67.40000153,534254,0,1,64.95544189,yahoo_bootstrap
2025-08-25,68,68.30000305,67.80000305,68.19999695,594477,0,1,65.72642193,yahoo_bootstrap
2025-08-26,67.90000153,69.09999847,67.80000305,69.09999847,544103,0,1,66.59378091,yahoo_bootstrap
2025-08-27,69.09999847,70.80000305,69.09999847,70.40000153,974945,0,1,67.8466336,yahoo_bootstrap
2025-08-28,70.5,72,70.30000305,70.90000153,1106729,0,1,68.32849888,yahoo_bootstrap
2025-08-29,71.40000153,71.69999695,70.19999695,70.40000153,842595,0,1,67.8466336,yahoo_bootstrap
2025-09-01,70.40000153,70.80000305,69.19999695,69.19999695,647401,0,1,66.6901525,yahoo_bootstrap
2025-09-02,69.80000305,70.19999695,68.5,69,384035,0,1,66.49740933,yahoo_bootstrap
2025-09-03,68.80000305,69.40000153,68.69999695,69.40000153,279200,0,1,66.88290303,yahoo_bootstrap
2025-09-04,69.69999695,71.59999847,69.69999695,70.80000305,1026387,0,1,68.23212729,yahoo_bootstrap
2025-09-05,71.19999695,71.40000153,70.40000153,70.40000153,759024,0,1,67.8466336,yahoo_bootstrap
2025-09-08,70.5,71.59999847,70.5,70.5,387000,0,1,67.94300518,yahoo_bootstrap
2025-09-09,68.80000305,68.90000153,67.59999847,68,1835360,0,1,65.53367876,yahoo_bootstrap
2025-09-10,68.09999847,68.19999695,67.09999847,67.90000153,1065464,0,1,65.43730717,yahoo_bootstrap
2025-09-11,68,68.40000153,65.80000305,65.80000305,1342060,0,1,63.41347444,yahoo_bootstrap
2025-09-12,66.30000305,67.5,66.30000305,66.80000305,573811,0,1,64.37720501,yahoo_bootstrap
2025-09-15,66.69999695,66.80000305,66.09999847,66.69999695,378241,0,1,64.28082608,yahoo_bootstrap
2025-09-16,66.80000305,67.59999847,66.5,67.5,345782,0,1,65.05181347,yahoo_bootstrap
2025-09-17,67.5,68.80000305,66.90000153,67.30000305,452390,0,1,64.8590703,yahoo_bootstrap
2025-09-18,67.80000305,68.19999695,67.40000153,67.80000305,511910,0,1,65.34093558,yahoo_bootstrap
2025-09-19,67.80000305,68.09999847,67.5,68,392120,0,1,65.53367876,yahoo_bootstrap
2025-09-22,68.09999847,68.5,67.5,67.59999847,454725,0,1,65.14818505,yahoo_bootstrap
2025-09-23,67.59999847,67.80000305,67,67.19999695,331055,0,1,64.76269136,yahoo_bootstrap
2025-09-24,67.19999695,68,66.90000153,67.40000153,310217,0,1,64.95544189,yahoo_bootstrap
2025-09-25,67.59999847,68.5,67.30000305,67.80000305,574000,0,1,65.34093558,yahoo_bootstrap
2025-09-26,67.80000305,67.80000305,65.19999695,65.59999847,1057320,0,1,63.22072391,yahoo_bootstrap
2025-09-30,65.59999847,66.40000153,65.5,66.40000153,225026,0,1,63.99171132,yahoo_bootstrap
2025-10-01,66.40000153,68,66.30000305,67.90000153,777572,0,1,65.43730717,yahoo_bootstrap
2025-10-02,68.19999695,68.40000153,67.09999847,67.30000305,457258,0,1,64.8590703,yahoo_bootstrap
2025-10-03,67.30000305,67.30000305,66.19999695,66.30000305,479121,0,1,63.89533973,yahoo_bootstrap
2025-10-07,66.80000305,68.69999695,66.30000305,68.59999847,895800,0,1,66.11191562,yahoo_bootstrap
2025-10-08,68.09999847,68.80000305,67.90000153,68.59999847,421062,0,1,66.11191562,yahoo_bootstrap
2025-10-09,68.59999847,69.40000153,68.5,69,782654,0,1,66.49740933,yahoo_bootstrap
2025-10-13,67.40000153,67.40000153,65.90000153,67.09999847,615350,0,1,64.66631977,yahoo_bootstrap
2025-10-14,67.5,68.30000305,66.19999695,66.5,647000,0,1,64.0880829,yahoo_bootstrap
2025-10-15,66.5,66.59999847,65.90000153,66.40000153,335080,0,1,63.99171132,yahoo_bootstrap
2025-10-16,66.5,67.69999695,66.5,67.5,390815,0,1,65.05181347,yahoo_bootstrap
2025-10-17,67,67.80000305,66.80000305,67.59999847,463141,0,1,65.14818505,yahoo_bootstrap
2025-10-20,67.80000305,68,67.09999847,67.5,241083,0,1,65.05181347,yahoo_bootstrap
2025-10-21,67.80000305,70.5,67.80000305,70.09999847,1419604,0,1,67.55751148,yahoo_bootstrap
2025-10-22,70.5,70.80000305,69.30000305,70,673964,0,1,67.4611399,yahoo_bootstrap
2025-10-23,69.80000305,70.40000153,69,69.80000305,446600,0,1,67.26839672,yahoo_bootstrap
2025-10-27,70,70.5,68.90000153,68.90000153,607510,0,1,66.40103774,yahoo_bootstrap
2025-10-28,69.5,69.5,68.19999695,68.19999695,302542,0,1,65.72642193,yahoo_bootstrap
2025-10-29,68.90000153,69.30000305,67.80000305,68.19999695,455892,0,1,65.72642193,yahoo_bootstrap
2025-10-30,68.59999847,68.80000305,66.90000153,68.80000305,570300,0,1,66.30466615,yahoo_bootstrap
2025-10-31,69.5,69.59999847,67,67.09999847,808058,0,1,64.66631977,yahoo_bootstrap
2025-11-03,67.19999695,67.59999847,66.90000153,67.19999695,355150,0,1,64.76269136,yahoo_bootstrap
2025-11-04,67.30000305,68,65.80000305,65.90000153,717030,0,1,63.50984603,yahoo_bootstrap
2025-11-05,65.69999695,66.30000305,63.90000153,66.30000305,452467,0,1,63.89533973,yahoo_bootstrap
2025-11-06,67.90000153,70.30000305,67.90000153,69.69999695,2434923,0,1,67.17201779,yahoo_bootstrap
2025-11-07,69.40000153,69.40000153,67.59999847,68.59999847,900572,0,1,66.11191562,yahoo_bootstrap
2025-11-10,69.09999847,69.09999847,68,68.80000305,452105,0,1,66.30466615,yahoo_bootstrap
2025-11-11,69,69.69999695,68.09999847,68.59999847,479460,0,1,66.11191562,yahoo_bootstrap
2025-11-12,69.19999695,70.40000153,68.90000153,70,910492,0,1,67.4611399,yahoo_bootstrap
2025-11-13,70.40000153,70.5,68.80000305,69.19999695,440180,0,1,66.6901525,yahoo_bootstrap
2025-11-14,68,68.69999695,67.40000153,67.59999847,599069,0,1,65.14818505,yahoo_bootstrap
2025-11-17,67.59999847,68,66.30000305,66.40000153,513055,0,1,63.99171132,yahoo_bootstrap
2025-11-18,66,66,64.09999847,64.90000153,760018,0,1,62.54611546,yahoo_bootstrap
2025-11-19,65.40000153,65.40000153,63,63.90000153,754200,0,1,61.58238489,yahoo_bootstrap
2025-11-20,64.59999847,65.30000305,64.19999695,64.59999847,641100,0,1,62.25699334,yahoo_bootstrap
2025-11-21,63.79999924,64.59999847,62.09999847,62.40000153,558020,0,1,60.13678904,yahoo_bootstrap
2025-11-24,62.90000153,63.09999847,62,62.29999924,282045,0,1,60.04041378,yahoo_bootstrap
2025-11-25,62.59999847,63.90000153,62.59999847,63.79999924,258270,0,1,61.48600963,yahoo_bootstrap
2025-11-26,64.5,65.30000305,64.5,65.19999695,302369,0,1,62.83523022,yahoo_bootstrap
2025-11-27,65.19999695,65.19999695,64.69999695,65.09999847,170335,0,1,62.73885863,yahoo_bootstrap
2025-11-28,65.90000153,67.80000305,65.90000153,67.59999847,815224,0,1,65.14818505,yahoo_bootstrap
2025-12-01,67.59999847,68,66.40000153,66.90000153,417134,0,1,64.4735766,yahoo_bootstrap
2025-12-02,67.30000305,67.30000305,66.59999847,67,262813,0,1,64.56994819,yahoo_bootstrap
2025-12-03,67,67.90000153,67,67.19999695,363323,0,1,64.76269136,yahoo_bootstrap
2025-12-04,67.30000305,68.30000305,67.30000305,68,276314,0,1,65.53367876,yahoo_bootstrap
2025-12-05,68.19999695,68.59999847,67.40000153,67.5,442200,0,1,65.05181347,yahoo_bootstrap
2025-12-08,66.59999847,66.59999847,65.09999847,66.30000305,701339,0,1,63.89533973,yahoo_bootstrap
2025-12-09,66.19999695,66.59999847,65.90000153,66.09999847,244480,0,1,63.7025892,yahoo_bootstrap
2025-12-10,66.30000305,66.59999847,65.80000305,65.80000305,263075,0,1,63.41347444,yahoo_bootstrap
2025-12-11,66,67,66,66.69999695,343000,0,1,64.28082608,yahoo_bootstrap
2025-12-12,66.80000305,67.30000305,65.59999847,66,387097,0,1,63.60621762,yahoo_bootstrap
2025-12-15,66.30000305,67,65.5,66.09999847,229000,0,1,63.7025892,yahoo_bootstrap
2025-12-16,66,66.5,64.59999847,66,718273,0,1,63.60621762,yahoo_bootstrap
2025-12-17,66.09999847,67.19999695,66.09999847,66.30000305,420804,0,1,63.89533973,yahoo_bootstrap
2025-12-18,66.30000305,67.40000153,66,67,473400,0,1,64.56994819,yahoo_bootstrap
2025-12-19,67.09999847,68.59999847,67.09999847,68.59999847,587015,0,1,66.11191562,yahoo_bootstrap
2025-12-22,69.09999847,69.90000153,67.19999695,67.40000153,909068,0,1,64.95544189,yahoo_bootstrap
2025-12-23,67.90000153,68,64.90000153,65.19999695,1211540,0,1,62.83523022,yahoo_bootstrap
2025-12-24,65.69999695,65.90000153,64.09999847,64.19999695,634060,0,1,61.87149965,yahoo_bootstrap
2025-12-26,64.59999847,64.59999847,63.29999924,64,646029,0,1,61.67875648,yahoo_bootstrap
2025-12-29,64.30000305,65.19999695,63.79999924,64.80000305,373034,0,1,62.44974387,yahoo_bootstrap
2025-12-30,65,65,63.70000076,64.90000153,422324,0,1,62.54611546,yahoo_bootstrap
2025-12-31,65.09999847,65.30000305,64.19999695,64.5,322249,0,1,62.16062176,yahoo_bootstrap
2026-01-02,64.80000305,65.59999847,64.19999695,65.09999847,407645,0,1,62.73885863,yahoo_bootstrap
2026-01-05,65.30000305,65.30000305,63,63.70000076,924537,0,1,61.38963804,yahoo_bootstrap
2026-01-06,63.79999924,63.90000153,63.09999847,63.09999847,624055,0,1,60.81139749,yahoo_bootstrap
2026-01-07,63.09999847,64.19999695,62.90000153,64,392556,0,1,61.67875648,yahoo_bootstrap
2026-01-08,64,64.5,63.29999924,64.5,522802,0,1,62.16062176,yahoo_bootstrap
2026-01-09,65.19999695,66.5,64.69999695,65.09999847,1662933,0,1,62.73885863,yahoo_bootstrap
2026-01-12,65.5,68,65,67.80000305,1496611,0,1,65.34093558,yahoo_bootstrap
2026-01-13,67.80000305,67.80000305,65.5,66.5,694723,0,1,64.0880829,yahoo_bootstrap
2026-01-14,66.80000305,68,66.69999695,67.90000153,631485,0,1,65.43730717,yahoo_bootstrap
2026-01-15,67.90000153,68.09999847,67.40000153,67.80000305,332000,0,1,65.34093558,yahoo_bootstrap
2026-01-16,67.69999695,68.5,67.09999847,68.09999847,902091,0,1,65.63005034,yahoo_bootstrap
2026-01-19,68.19999695,69.59999847,67.69999695,68.5,938064,0,1,66.01554404,yahoo_bootstrap
2026-01-20,68.5,68.5,67.30000305,67.80000305,499127,0,1,65.34093558,yahoo_bootstrap
2026-01-21,67.80000305,68.40000153,66.59999847,66.69999695,620540,0,1,64.28082608,yahoo_bootstrap
2026-01-22,67.19999695,67.90000153,66.80000305,67.59999847,356000,0,1,65.14818505,yahoo_bootstrap
2026-01-23,67.59999847,68.30000305,66.59999847,66.80000305,456003,0,1,64.37720501,yahoo_bootstrap
2026-01-26,67.40000153,67.80000305,66.5,66.69999695,467044,0,1,64.28082608,yahoo_bootstrap
2026-01-27,66.90000153,67,65.59999847,65.80000305,537896,0,1,63.41347444,yahoo_bootstrap
2026-01-28,65.80000305,66.19999695,65.40000153,65.59999847,521080,0,1,63.22072391,yahoo_bootstrap
2026-01-29,65.59999847,65.80000305,64.69999695,64.90000153,582050,0,1,62.54611546,yahoo_bootstrap
2026-01-30,65,65,63.59999847,64,1757005,0,1,61.67875648,yahoo_bootstrap
2026-02-02,64,64.59999847,63.20000076,63.79999924,415141,0,1,61.48600963,yahoo_bootstrap
2026-02-03,64.19999695,64.59999847,63.29999924,64,304012,0,1,61.67875648,yahoo_bootstrap
2026-02-04,64,65.30000305,63.79999924,64.80000305,237080,0,1,62.44974387,yahoo_bootstrap
2026-02-05,64.59999847,65.59999847,64.09999847,64.09999847,362050,0,1,61.77512806,yahoo_bootstrap
2026-02-06,64.19999695,64.19999695,62,62.79999924,606430,0,1,60.52227906,yahoo_bootstrap
2026-02-09,62.09999847,62.5,60.40000153,60.5,1630165,0,1,58.30569948,yahoo_bootstrap
2026-02-10,61,61,59.70000076,60.5,671481,0,1,58.30569948,yahoo_bootstrap
2026-02-11,60.90000153,61,59.90000153,60.70000076,509304,0,1,58.49844633,yahoo_bootstrap
2026-02-23,61.09999847,61.09999847,59.90000153,60.5,472659,0,1,58.30569948,yahoo_bootstrap
2026-02-24,60.40000153,60.90000153,59.40000153,59.79999924,877100,0,1,57.63108735,yahoo_bootstrap
2026-02-25,59.79999924,60.40000153,59.59999847,60.09999847,382219,0,1,57.92020578,yahoo_bootstrap
2026-02-26,60.09999847,60.5,59.59999847,60.09999847,433513,0,1,57.92020578,yahoo_bootstrap
2026-03-02,60.20000076,61,59.20000076,60.70000076,477000,0,1,58.49844633,yahoo_bootstrap
2026-03-03,60.79999924,60.79999924,59.09999847,59.09999847,616167,0,1,56.95647521,yahoo_bootstrap
2026-03-04,58.70000076,58.70000076,55.90000153,56.20000076,783572,0,1,54.16165876,yahoo_bootstrap
2026-03-05,57.20000076,59.20000076,57.20000076,59.20000076,635584,0,1,57.05285047,yahoo_bootstrap
2026-03-06,58.29999924,59.20000076,58,58.90000153,235003,0,1,56.76373204,yahoo_bootstrap
2026-03-09,56.70000076,58.70000076,55.40000153,58.70000076,1587004,0,1,56.57098519,yahoo_bootstrap
2026-03-10,60.40000153,61.5,59.90000153,61.20000076,738042,0,1,58.98031161,yahoo_bootstrap
2026-03-11,61.20000076,62.79999924,61.20000076,62,623222,0,1,59.75129534,yahoo_bootstrap
2026-03-12,61,62,60.40000153,60.59999847,507165,0,1,58.40207106,yahoo_bootstrap
2026-03-13,60.20000076,61.20000076,59.79999924,61,321400,0,1,58.78756477,yahoo_bootstrap
2026-03-16,61,61.5,60.40000153,61.20000076,638522,0,1,58.98031161,yahoo_bootstrap
2026-03-17,61.20000076,62.59999847,61.20000076,62,653526,0,1,59.75129534,yahoo_bootstrap
2026-03-18,62.90000153,63,61.5,62.29999924,484540,0,1,60.04041378,yahoo_bootstrap
2026-03-19,66.80000305,68.5,66.40000153,68.5,2193938,0,1,66.01554404,yahoo_bootstrap
2026-03-20,72.5,72.59999847,68.5,68.5,6789387,0,1,66.01554404,yahoo_bootstrap
2026-03-23,66,66.30000305,64,64,1341035,0,1,61.67875648,yahoo_bootstrap
2026-03-24,65.30000305,65.5,62.5,62.70000076,855499,0,1,60.42590747,yahoo_bootstrap
2026-03-25,64.09999847,64.19999695,63,63.5,583213,0,1,61.19689119,yahoo_bootstrap
2026-03-26,64.09999847,64.19999695,62.59999847,62.59999847,709115,0,1,60.3295322,yahoo_bootstrap
2026-03-27,62.09999847,63.29999924,61.79999924,62.59999847,454000,0,1,60.3295322,yahoo_bootstrap
2026-03-30,61,61.90000153,60.90000153,61.40000153,556241,0,1,59.17305847,yahoo_bootstrap
2026-03-31,60.59999847,62.5,60.29999924,60.70000076,640010,0,1,58.49844633,yahoo_bootstrap
2026-04-01,62.09999847,62.29999924,61.29999924,61.40000153,642050,0,1,59.17305847,yahoo_bootstrap
2026-04-02,61.59999847,62.40000153,61,62.09999847,835074,0,1,59.84766692,yahoo_bootstrap
2026-04-07,62,62,60.59999847,60.79999924,727400,0,1,58.59481792,yahoo_bootstrap
2026-04-08,61.5,62.5,61.29999924,62.20000076,542363,0,1,59.94404218,yahoo_bootstrap
2026-04-09,62.70000076,62.70000076,61.79999924,62.5,499001,0,1,60.23316062,yahoo_bootstrap
2026-04-10,66.19999695,67.80000305,65.90000153,66.59999847,2604084,0,1,64.18445448,yahoo_bootstrap
2026-04-13,66,67.90000153,65.69999695,67.90000153,1247821,0,1,65.43730717,yahoo_bootstrap
2026-04-14,68,68.40000153,67.40000153,67.59999847,994593,0,1,65.14818505,yahoo_bootstrap
2026-04-15,68,68.40000153,67.19999695,67.40000153,755348,0,1,64.95544189,yahoo_bootstrap
2026-04-16,67.80000305,68.90000153,67.59999847,68.40000153,945549,0,1,65.91917246,yahoo_bootstrap
2026-04-17,68,69.19999695,68,69,696576,0,1,66.49740933,yahoo_bootstrap
2026-04-20,69.59999847,71.5,69.5,70.59999847,1775041,0,1,68.03937676,yahoo_bootstrap
2026-04-21,70.80000305,71.40000153,70.19999695,70.90000153,854041,0,1,68.32849888,yahoo_bootstrap
2026-04-22,70.90000153,72.5,70.5,71.90000153,1250746,0,1,69.29222945,yahoo_bootstrap
2026-04-23,72.5,72.5,67.30000305,68.90000153,1883716,0,1,66.40103774,yahoo_bootstrap
2026-04-24,69.80000305,70.09999847,68,69,652906,0,1,66.49740933,yahoo_bootstrap
2026-04-27,69,69.09999847,67.09999847,68.69999695,596167,0,1,66.20828722,yahoo_bootstrap
2026-04-28,68.69999695,69.09999847,67.90000153,68.90000153,429005,0,1,66.40103774,yahoo_bootstrap
2026-04-29,69.40000153,69.5,68.5,68.80000305,550160,0,1,66.30466615,yahoo_bootstrap
2026-04-30,69,71.19999695,68.69999695,69,1180591,0,1,66.49740933,yahoo_bootstrap
2026-05-04,70.09999847,71.30000305,69.69999695,71,922671,0,1,68.42487047,yahoo_bootstrap
2026-05-05,71,75.69999695,70.80000305,75,2740881,0,1,72.27979275,yahoo_bootstrap
2026-05-06,76.5,76.5,73.19999695,74,1660587,0,1,71.31606218,yahoo_bootstrap
2026-05-07,75,76.09999847,74.09999847,75.30000305,1191008,0,1,72.56891486,yahoo_bootstrap
2026-05-08,75.30000305,76.19999695,73.69999695,73.69999695,1189276,0,1,71.02694007,yahoo_bootstrap
2026-05-11,67.90000153,69.30000305,66.69999695,69,2624452,0,1,66.49740933,yahoo_bootstrap
2026-05-12,69.5,70.09999847,68.30000305,69.69999695,1017628,0,1,67.17201779,yahoo_bootstrap
2026-05-13,69.30000305,69.30000305,67.09999847,67.59999847,1211900,0,1,65.14818505,yahoo_bootstrap
2026-05-14,68,68.5,67.30000305,68.19999695,675073,0,1,65.72642193,yahoo_bootstrap
2026-05-15,68.80000305,69.5,66.69999695,67.30000305,794908,0,1,64.8590703,yahoo_bootstrap
2026-05-18,67.30000305,68.19999695,66.09999847,67.59999847,591055,0,1,65.14818505,yahoo_bootstrap
2026-05-19,67.30000305,68.40000153,67.30000305,67.69999695,417650,0,1,65.24455665,yahoo_bootstrap
2026-05-20,67.90000153,68.59999847,67.5,68.09999847,459036,0,1,65.63005034,yahoo_bootstrap
2026-05-21,68.90000153,70.40000153,68.69999695,69.90000153,1024223,0,1,67.36476831,yahoo_bootstrap
2026-05-22,69.90000153,72.19999695,69.90000153,71.59999847,1008204,0,1,69.00310733,yahoo_bootstrap
2026-05-25,72.40000153,74.30000305,72.40000153,73.5,1040410,0,1,70.83419689,yahoo_bootstrap
2026-05-26,74.09999847,75.09999847,72.19999695,75,1418716,0,1,72.27979275,yahoo_bootstrap
2026-05-27,75,76,73.30000305,73.90000153,1162115,0,1,71.21969059,yahoo_bootstrap
2026-05-28,74.19999695,75.90000153,72.80000305,73.09999847,1107250,0,1,70.44870319,yahoo_bootstrap
2026-05-29,74.40000153,75.69999695,73.59999847,74.80000305,1138998,0,1,72.08704957,yahoo_bootstrap
2026-06-01,75.5,77.30000305,75.40000153,75.90000153,1469760,0,1,73.14715173,yahoo_bootstrap
2026-06-02,76.80000305,77.69999695,75.59999847,77.69999695,1759837,0,1,74.88186235,yahoo_bootstrap
2026-06-03,78.59999847,78.59999847,76.69999695,77.09999847,1041777,0,1,74.30362547,yahoo_bootstrap
2026-06-04,76.80000305,76.90000153,75.59999847,76,753095,0,1,73.24352332,yahoo_bootstrap
2026-06-05,76.30000305,77.5,75.30000305,77.40000153,1429931,0,1,74.59274759,yahoo_bootstrap
2026-06-08,76.80000305,80,75,79,5173682,0,1,76.13471503,yahoo_bootstrap
2026-06-09,81.40000153,86.90000153,79.5,86.90000153,10857006,0,1,83.748188,yahoo_bootstrap
2026-06-10,86.90000153,88.59999847,84.90000153,85,6078704,0,1,81.91709845,yahoo_bootstrap
2026-06-11,86.59999847,87.30000305,84,86.19999695,2950185,0,1,83.07357219,yahoo_bootstrap
2026-06-12,87.5,89,85.19999695,87.09999847,3475711,0,1,83.94093117,yahoo_bootstrap
2026-06-15,87.69999695,87.90000153,85,85.30000305,2582483,0,1,82.20622056,yahoo_bootstrap
2026-06-16,85.80000305,86,82.59999847,82.59999847,1714596,0,1,79.6041436,yahoo_bootstrap
2026-06-17,82.09999847,84.59999847,81.19999695,83.69999695,1220433,0,1,80.66424577,yahoo_bootstrap
2026-06-18,84,86.69999695,83.40000153,84.5,1427491,0,1,81.43523316,yahoo_bootstrap
2026-06-22,85.09999847,85.09999847,83.09999847,83.19999695,1004147,0,1,80.18238048,yahoo_bootstrap
2026-06-23,83.09999847,83.40000153,80.80000305,81.90000153,953615,0,1,78.92953515,yahoo_bootstrap
2026-06-24,82.40000153,84.19999695,81.19999695,82.80000305,1350074,0,1,79.79689413,yahoo_bootstrap
2026-06-25,83.59999847,84.5,82,82.59999847,736200,0,1,79.6041436,yahoo_bootstrap
2026-06-26,84.40000153,85.19999695,80.59999847,81.30000305,4791057,0,1,78.35129828,yahoo_bootstrap
2026-06-29,81.30000305,83.80000305,81,82.30000305,1703225,0,1,79.31502885,yahoo_bootstrap
2026-06-30,83,83.90000153,81.69999695,83.80000305,1177012,0,1,80.7606247,yahoo_bootstrap
2026-07-01,84.19999695,85.09999847,82.69999695,82.90000153,1028393,0,1,79.89326572,yahoo_bootstrap
2026-07-02,83.5,88.09999847,83.5,87,4604347,0,1,83.84455959,yahoo_bootstrap
2026-07-03,87,88.09999847,86.09999847,87.09999847,2662759,0,1,83.94093117,yahoo_bootstrap
2026-07-06,87.80000305,91.59999847,86.80000305,86.80000305,3488127,0,1,83.65181641,yahoo_bootstrap
2026-07-07,87.09999847,88.19999695,86.30000305,87.59999847,2536600,0,1,84.42279645,yahoo_bootstrap
2026-07-08,92,95.69999695,90.19999695,94.30000305,8025672,0,1,90.87979569,yahoo_bootstrap
2026-07-09,94,94,89,89,4391921,0,1,85.77202073,yahoo_bootstrap
2026-07-10,89,89,89,89,0,0,1,85.77202073,yahoo_bootstrap
2026-07-13,89,89.09999847,86,88.30000305,1984256,0,1,85.09741227,yahoo_bootstrap
2026-07-14,86.19999695,87.59999847,84,86.30000305,2077256,0,1,83.16995113,yahoo_bootstrap
2026-07-15,87.80000305,89,86.69999695,87.30000305,1094600,0,1,84.1336817,yahoo_bootstrap
2026-07-16,87.30000305,87.30000305,84.80000305,84.80000305,933710,0,1,81.72435527,yahoo_bootstrap
2026-07-17,83,84.30000305,79.40000153,79.5,1349214,0,1,76.61658031,yahoo_bootstrap
2026-07-20,79.09999847,80.09999847,77.19999695,78.30000305,839278,0,1,75.46010657,yahoo_bootstrap
2026-07-21,78.5,86.09999847,78.5,86.09999847,1881010,0,1,82.9772006,yahoo_bootstrap
2026-07-22,87.5,93.69999695,87.5,90.90000153,5571288,0,1,87.60311028,yahoo_bootstrap
2026-07-23,91,93.19999695,89.59999847,92.19999695,2854578,0,1,88.85595561,yahoo_bootstrap
2026-07-24,91.5,95,91.40000153,94,4161017,0,1,90.59067358,yahoo_bootstrap
2026-07-27,95.09999847,95.59999847,89.19999695,91.69999695,4505626,0,1,88.37409032,yahoo_bootstrap
2026-07-28,87.19999695,92.09999847,87.19999695,89.19999695,2172252,0,1,85.9647639,yahoo_bootstrap
2026-07-29,91.80000305,92.09999847,85.09999847,88,2941319,0,1,84.80829016,yahoo_bootstrap
2026-07-30,88,88,82,83.5,2348100,0,1,80.47150259,yahoo_bootstrap
2026-07-31,85.5,88.90000153,83.30000305,85,3860142,0,1,81.91709845,yahoo_bootstrap
2026-08-03,85,92.5,84.09999847,92,2289450,0,1,88.66321244,yahoo_bootstrap
2026-08-04,90.19999695,92.40000153,90.19999695,90.90000153,1393552,0,1,87.60311028,yahoo_bootstrap
2026-08-05,91.90000153,99,91.90000153,97.59999847,7114324,0,1,94.06010215,yahoo_bootstrap
2026-08-06,98.09999847,101,96,100.5,8857488,0,1,96.85492228,yahoo_bootstrap
2026-08-07,101,106,100,103,6795594,0,1,99.2642487,yahoo_daily
2026-08-10,105,113,102,113,8503574,0,1,108.9015544,yahoo_daily
2026-08-11,115.5,116.5,107,108,7196573,0,1,104.08290155,yahoo_daily
2026-08-12,107.5,107.5,104,105.5,3520435,0,1,101.67357513,yahoo_daily
2026-08-13,106.5,107,98,98.09999847,4885347,0,1,94.54196744,yahoo_daily
2026-08-14,98.09999847,99.19999695,93.59999847,94.19999695,3970968,0,1,90.78341675,yahoo_daily
2026-08-17,94.40000153,97,94.40000153,96.5,2653675,0,1,93,yahoo_daily
2026-08-18,93.30000305,94.5,92.5,92.80000305,2091190,3.5,1,92.80000305,yahoo_daily
2026-08-19,90.5,93.59999847,90.09999847,91.90000153,1312109,0,1,91.90000153,yahoo_daily
2026-08-20,93.80000305,96.5,91.19999695,92.5,2580191,0,1,92.5,yahoo_daily
2026-08-21,92.59999847,92.59999847,89.19999695,90.19999695,1901300,0,1,90.19999695,yahoo_daily
2026-08-24,90.5,95,90,93.80000305,1820643,0,1,93.80000305,yahoo_daily
2026-08-25,94.40000153,94.40000153,91.69999695,93,955100,0,1,93,yahoo_daily
2026-08-26,93.40000153,93.90000153,92,92.5,1287915,0,1,92.5,yahoo_daily
2026-08-27,93.5,93.5,90.80000305,91.5,1345623,0,1,91.5,yahoo_daily
2026-08-28,91.80000305,92.30000305,90.09999847,90.30000305,1169641,0,1,90.30000305,yahoo_daily
2026-08-31,90.09999847,91.40000153,89.59999847,90.30000305,809198,0,1,90.30000305,yahoo_daily
2026-09-01,90.5,93.09999847,89.5,92.5,1645593,0,1,92.5,yahoo_daily
2026-09-02,91.59999847,92.30000305,90.40000153,90.40000153,840836,0,1,90.40000153,yahoo_daily
2026-09-03,90.59999847,90.90000153,87.09999847,87.19999695,1500948,0,1,87.19999695,yahoo_daily
2026-09-04,88,95.90000153,88,95.90000153,4674756,0,1,95.90000153,yahoo_daily
2026-09-07,97,98.59999847,91.19999695,91.5,4703210,0,1,91.5,yahoo_daily
