date,open,high,low,close,volume,dividend,split_factor,adjusted_close,source
2021-08-30,34.25,34.25,33.25,33.34999847,686246,0,1,30.21170812,yahoo_bootstrap
2021-08-31,33.75,33.90000153,33.34999847,33.5,500186,0,1,30.34759425,yahoo_bootstrap
2021-09-01,33.65000153,35,33.59999847,34.59999847,1351660,0,1,31.34408104,yahoo_bootstrap
2021-09-02,34.90000153,36.29999924,34.45000076,34.5,4056284,0,1,31.25349259,yahoo_bootstrap
2021-09-03,34.79999924,37.25,34.54999924,36.75,10042563,0,1,33.29176384,yahoo_bootstrap
2021-09-06,36.09999847,36.40000153,35.09999847,35.29999924,3186239,0,1,31.97821057,yahoo_bootstrap
2021-09-07,35.29999924,35.5,33.59999847,33.90000153,1864329,0,1,30.70995497,yahoo_bootstrap
2021-09-08,33.54999924,34.40000153,33.20000076,33.29999924,1046002,0,1,30.1664139,yahoo_bootstrap
2021-09-09,33.40000153,35.04999924,33.34999847,34.70000076,2720150,0,1,31.43467294,yahoo_bootstrap
2021-09-10,34.40000153,35.09999847,34.29999924,34.59999847,861000,0,1,31.34408104,yahoo_bootstrap
2021-09-13,34.59999847,34.79999924,34.09999847,34.25,604730,0,1,31.027018,yahoo_bootstrap
2021-09-14,34.40000153,34.59999847,33.75,33.84999847,511130,0,1,30.66465728,yahoo_bootstrap
2021-09-15,33.79999924,33.84999847,33.20000076,33.20000076,765163,0,1,30.07582544,yahoo_bootstrap
2021-09-16,33.34999847,33.95000076,33,33,523282,0,1,29.89464508,yahoo_bootstrap
2021-09-17,33.04999924,33.45000076,32.70000076,33.20000076,471239,0,1,30.07582544,yahoo_bootstrap
2021-09-22,32.15000153,32.40000153,32,32.15000153,590200,0,1,29.12463288,yahoo_bootstrap
2021-09-23,32.59999847,32.84999847,32.09999847,32.25,443040,0,1,29.21522133,yahoo_bootstrap
2021-09-24,32.59999847,33,32.59999847,32.79999924,384020,0,1,29.71346473,yahoo_bootstrap
2021-09-27,33,33.45000076,32.79999924,32.95000076,334050,0,1,29.84935086,yahoo_bootstrap
2021-09-28,32.79999924,33.25,32.20000076,32.34999847,561020,0,1,29.30580978,yahoo_bootstrap
2021-09-29,31.60000038,31.89999962,31.45000076,31.5,610066,0,1,28.53579758,yahoo_bootstrap
2021-09-30,31.5,32,31,31.64999962,497019,0,1,28.67168199,yahoo_bootstrap
2021-10-01,31.79999924,31.79999924,29.79999924,29.89999962,1394804,0,1,27.0863599,yahoo_bootstrap
2021-10-04,30.29999924,30.5,28.79999924,28.79999924,626011,0,1,26.08987138,yahoo_bootstrap
2021-10-05,27.85000038,29.79999924,27.64999962,29.54999924,554326,0,1,26.76929514,yahoo_bootstrap
2021-10-06,30,30,28.54999924,28.54999924,423405,0,1,25.8633968,yahoo_bootstrap
2021-10-07,29,30.54999924,29,30.20000076,608067,0,1,27.35813043,yahoo_bootstrap
2021-10-08,30.20000076,30.95000076,29.85000038,29.85000038,410010,0,1,27.04106567,yahoo_bootstrap
2021-10-12,29.60000038,29.85000038,29.04999924,29.20000076,365062,0,1,26.4522321,yahoo_bootstrap
2021-10-13,29.45000076,29.60000038,28.25,28.5,488000,0,1,25.81810257,yahoo_bootstrap
2021-10-14,29,29.29999924,28.45000076,29.04999924,380001,0,1,26.31634597,yahoo_bootstrap
2021-10-15,29.35000038,29.95000076,29.35000038,29.54999924,350060,0,1,26.76929514,yahoo_bootstrap
2021-10-18,29.75,30,29.35000038,29.39999962,196100,0,1,26.63341073,yahoo_bootstrap
2021-10-19,29.85000038,30.5,29.54999924,30.29999924,706129,0,1,27.44871889,yahoo_bootstrap
2021-10-20,30.29999924,30.85000038,30.29999924,30.54999924,405000,0,1,27.67519347,yahoo_bootstrap
2021-10-21,30.54999924,31.35000038,30.39999962,30.5,604269,0,1,27.62989924,yahoo_bootstrap
2021-10-22,30.60000038,31.79999924,30.29999924,31.60000038,634500,0,1,28.62638776,yahoo_bootstrap
2021-10-25,31.25,31.70000076,30.89999962,31.60000038,400529,0,1,28.62638776,yahoo_bootstrap
2021-10-26,32,32.25,31.5,31.5,559301,0,1,28.53579758,yahoo_bootstrap
2021-10-27,31.64999962,32.45000076,31.64999962,32.25,529000,0,1,29.21522133,yahoo_bootstrap
2021-10-28,32.09999847,32.45000076,31.70000076,31.89999962,354165,0,1,28.89815657,yahoo_bootstrap
2021-10-29,32.25,32.65000153,32,32.29999924,697999,0,1,29.26051556,yahoo_bootstrap
2021-11-01,32.54999924,33.15000153,32.54999924,32.90000153,747000,0,1,29.80405664,yahoo_bootstrap
2021-11-02,33.29999924,33.5,31.70000076,31.75,873002,0,1,28.76227216,yahoo_bootstrap
2021-11-03,31.75,32.5,31.75,32.29999924,314450,0,1,29.26051556,yahoo_bootstrap
2021-11-04,32.65000153,32.84999847,32.29999924,32.34999847,295650,0,1,29.30580978,yahoo_bootstrap
2021-11-05,32.70000076,32.75,31.60000038,32,342305,0,1,28.98874675,yahoo_bootstrap
2021-11-08,32,32.90000153,32,32.40000153,501149,0,1,29.35110747,yahoo_bootstrap
2021-11-09,32.70000076,34,32.59999847,34,1961860,0,1,30.80054342,yahoo_bootstrap
2021-11-10,33.15000153,34.70000076,32,33.29999924,4840712,0,1,30.1664139,yahoo_bootstrap
2021-11-11,32.79999924,33.15000153,32.29999924,32.29999924,940278,0,1,29.26051556,yahoo_bootstrap
2021-11-12,32.59999847,33.79999924,32.40000153,32.95000076,1147941,0,1,29.84935086,yahoo_bootstrap
2021-11-15,33.29999924,34.65000153,33.29999924,34.20000076,2392086,0,1,30.98172378,yahoo_bootstrap
2021-11-16,34.90000153,37.54999924,34.04999924,37.54999924,6762791,0,1,34.01648182,yahoo_bootstrap
2021-11-17,37.40000153,38.25,36.09999847,36.70000076,6361077,0,1,33.24646962,yahoo_bootstrap
2021-11-18,37.5,38.04999924,36.34999847,36.75,5038020,0,1,33.29176384,yahoo_bootstrap
2021-11-19,36.20000076,37.45000076,35.5,35.70000076,2028155,0,1,32.34057128,yahoo_bootstrap
2021-11-22,35.70000076,37.25,35.70000076,36.34999847,1718450,0,1,32.92940312,yahoo_bootstrap
2021-11-23,36.79999924,36.79999924,34.70000076,34.95000076,1412539,0,1,31.66114753,yahoo_bootstrap
2021-11-24,34.95000076,35.65000153,34.70000076,35.25,723200,0,1,31.93291634,yahoo_bootstrap
2021-11-25,35.54999924,35.95000076,34.70000076,34.70000076,737354,0,1,31.43467294,yahoo_bootstrap
2021-11-26,34.70000076,35,33.29999924,33.84999847,991490,0,1,30.66465728,yahoo_bootstrap
2021-11-29,33.09999847,34.29999924,32.34999847,33.79999924,953339,0,1,30.61936306,yahoo_bootstrap
2021-11-30,34.70000076,35.40000153,34,34,808500,0,1,30.80054342,yahoo_bootstrap
2021-12-01,34.09999847,35.40000153,33.65000153,35.20000076,1147108,0,1,31.88762211,yahoo_bootstrap
2021-12-02,34.75,35.34999847,33.84999847,34,1170149,0,1,30.80054342,yahoo_bootstrap
2021-12-03,34.79999924,36.34999847,34.70000076,34.84999847,2375080,0,1,31.57055562,yahoo_bootstrap
2021-12-06,35.04999924,36.40000153,35.04999924,35.90000153,2198150,0,1,32.52175164,yahoo_bootstrap
2021-12-07,36.15000153,37,35.75,35.75,1871638,0,1,32.38586551,yahoo_bootstrap
2021-12-08,36.09999847,36.40000153,35.04999924,35.29999924,1157100,0,1,31.97821057,yahoo_bootstrap
2021-12-09,35.5,35.90000153,35,35.09999847,891439,0,1,31.7970302,yahoo_bootstrap
2021-12-10,35.29999924,35.40000153,34.09999847,34.25,1473160,0,1,31.027018,yahoo_bootstrap
2021-12-13,34.29999924,35.09999847,34.29999924,34.65000153,683179,0,1,31.38937872,yahoo_bootstrap
2021-12-14,34.70000076,34.70000076,33.09999847,33.20000076,1113200,0,1,30.07582544,yahoo_bootstrap
2021-12-15,33.25,34.09999847,33.25,33.90000153,523093,0,1,30.70995497,yahoo_bootstrap
2021-12-16,34.20000076,35.84999847,34.15000153,35.65000153,2114655,0,1,32.29527706,yahoo_bootstrap
2021-12-17,35.54999924,35.54999924,33.95000076,34.15000153,1469200,0,1,30.93642956,yahoo_bootstrap
2021-12-20,34.70000076,35.40000153,34.34999847,34.70000076,951062,0,1,31.43467294,yahoo_bootstrap
2021-12-21,35.29999924,36.79999924,35.20000076,36,5188700,0,1,32.61234009,yahoo_bootstrap
2021-12-22,36.15000153,37,35.5,35.54999924,2649110,0,1,32.20468515,yahoo_bootstrap
2021-12-23,36,36.65000153,35.29999924,36.09999847,2004019,0,1,32.70292854,yahoo_bootstrap
2021-12-24,36.75,38.20000076,36.45000076,37.45000076,8510350,0,1,33.92589337,yahoo_bootstrap
2021-12-27,37.84999847,41.15000153,36.5,41.15000153,27820471,0,1,37.27771791,yahoo_bootstrap
2021-12-28,43.20000076,44,41.29999924,41.90000153,60249862,0,1,37.95714166,yahoo_bootstrap
2021-12-29,43.09999847,46.04999924,42.5,46.04999924,62443705,0,1,41.71661768,yahoo_bootstrap
2021-12-30,47.59999847,50,46.20000076,46.90000153,71287700,0,1,42.48663334,yahoo_bootstrap
2022-01-03,46.59999847,46.90000153,43.65000153,43.70000076,17649210,0,1,39.58775797,yahoo_bootstrap
2022-01-04,43.70000076,45.40000153,42.15000153,42.59999847,16136475,0,1,38.59126772,yahoo_bootstrap
2022-01-05,42.65000153,43.29999924,41.34999847,41.95000076,8046183,0,1,38.00243588,yahoo_bootstrap
2022-01-06,42.29999924,43.20000076,40.70000076,40.90000153,9394871,0,1,37.05124332,yahoo_bootstrap
2022-01-07,41.29999924,41.5,38.95000076,39,7102531,0,1,35.3300351,yahoo_bootstrap
2022-01-10,39.5,41.70000076,39.29999924,40.65000153,9196860,0,1,36.82476874,yahoo_bootstrap
2022-01-11,40,40.45000076,38.20000076,38.59999847,6639521,0,1,34.96767438,yahoo_bootstrap
2022-01-12,39.25,40,37.34999847,37.40000153,5655374,0,1,33.88059915,yahoo_bootstrap
2022-01-13,37.75,38,36.65000153,36.90000153,2892245,0,1,33.42764998,yahoo_bootstrap
2022-01-14,36.40000153,37,35.59999847,36.79999924,2928050,0,1,33.33705807,yahoo_bootstrap
2022-01-17,36.79999924,38.09999847,36.5,38,2307653,0,1,34.42413676,yahoo_bootstrap
2022-01-18,37.59999847,38.20000076,37,37.09999847,2008040,0,1,33.60882687,yahoo_bootstrap
2022-01-19,36.5,38.09999847,36.20000076,37.84999847,2341219,0,1,34.28825063,yahoo_bootstrap
2022-01-20,37.70000076,38.15000153,37.04999924,37.79999924,1829265,0,1,34.24295641,yahoo_bootstrap
2022-01-21,37.84999847,39.40000153,36.95000076,36.95000076,8447121,0,1,33.4729442,yahoo_bootstrap
2022-01-24,36.29999924,36.79999924,34.65000153,35.70000076,3027242,0,1,32.34057128,yahoo_bootstrap
2022-01-25,35,36.20000076,34.29999924,34.29999924,2604002,0,1,31.07231223,yahoo_bootstrap
2022-01-26,34.09999847,34.70000076,33.5,34.25,1653005,0,1,31.027018,yahoo_bootstrap
2022-02-07,34.34999847,34.95000076,33.5,34.90000153,1547031,0,1,31.61585331,yahoo_bootstrap
2022-02-08,35.20000076,35.90000153,35.04999924,35.84999847,1416060,0,1,32.47645396,yahoo_bootstrap
2022-02-09,36.25,37.29999924,36.04999924,37,1915160,0,1,33.51823843,yahoo_bootstrap
2022-02-10,37.5,37.5,36.09999847,36.45000076,1652201,0,1,33.01999503,yahoo_bootstrap
2022-02-11,36,37.40000153,35.90000153,36.84999847,1603021,0,1,33.38235229,yahoo_bootstrap
2022-02-14,36.04999924,36.25,34.75,35.29999924,1863568,0,1,31.97821057,yahoo_bootstrap
2022-02-15,35.29999924,37.95000076,35.29999924,36.75,5670622,0,1,33.29176384,yahoo_bootstrap
2022-02-16,37.79999924,38.20000076,36.70000076,38.15000153,4104694,0,1,34.5600229,yahoo_bootstrap
2022-02-17,38.04999924,38.29999924,37,37.34999847,2701490,0,1,33.83530146,yahoo_bootstrap
2022-02-18,36.5,37.70000076,36.29999924,37.59999847,1141014,0,1,34.06177604,yahoo_bootstrap
2022-02-21,37.59999847,37.79999924,36.79999924,37.79999924,1586558,0,1,34.24295641,yahoo_bootstrap
2022-02-22,37.59999847,37.59999847,35.84999847,36.09999847,2257169,0,1,32.70292854,yahoo_bootstrap
2022-02-23,36.29999924,37.45000076,36.29999924,36.95000076,1245915,0,1,33.4729442,yahoo_bootstrap
2022-02-24,36.20000076,36.90000153,35.09999847,35.25,1870203,0,1,31.93291634,yahoo_bootstrap
2022-02-25,35.5,36.20000076,34.79999924,35.15000153,2083025,0,1,31.84232789,yahoo_bootstrap
2022-03-01,35.5,36.04999924,35.04999924,35.75,1291505,0,1,32.38586551,yahoo_bootstrap
2022-03-02,35.40000153,36,35.15000153,35.90000153,947521,0,1,32.52175164,yahoo_bootstrap
2022-03-03,36.40000153,36.95000076,36.15000153,36.40000153,1467109,0,1,32.97470081,yahoo_bootstrap
2022-03-04,35.95000076,36.29999924,35.34999847,35.45000076,1020331,0,1,32.1140967,yahoo_bootstrap
2022-03-07,34.90000153,34.90000153,33.40000153,33.70000076,1727041,0,1,30.52877461,yahoo_bootstrap
2022-03-08,33,34.09999847,32.20000076,32.29999924,1556002,0,1,29.26051556,yahoo_bootstrap
2022-03-09,32.95000076,33.15000153,32.5,32.90000153,805068,0,1,29.80405664,yahoo_bootstrap
2022-03-10,33.79999924,34.04999924,33.40000153,33.40000153,634387,0,1,30.2570058,yahoo_bootstrap
2022-03-11,33.34999847,33.59999847,32.75,33.09999847,647156,0,1,29.98523353,yahoo_bootstrap
2022-03-14,33.09999847,33.54999924,32.70000076,33,778007,0,1,29.89464508,yahoo_bootstrap
2022-03-15,33.15000153,33.29999924,31.54999924,31.60000038,995391,0,1,28.62638776,yahoo_bootstrap
2022-03-16,32,32.45000076,31.29999924,31.75,792003,0,1,28.76227216,yahoo_bootstrap
2022-03-17,32.45000076,33.25,32.45000076,33.09999847,864045,0,1,29.98523353,yahoo_bootstrap
2022-03-18,33.09999847,33.59999847,32.90000153,33.5,802004,0,1,30.34759425,yahoo_bootstrap
2022-03-21,33.79999924,34.09999847,33.29999924,33.40000153,579083,0,1,30.2570058,yahoo_bootstrap
2022-03-22,33.54999924,33.70000076,33.15000153,33.59999847,443141,0,1,30.4381827,yahoo_bootstrap
2022-03-23,34.04999924,35.90000153,33.95000076,35.45000076,4344415,0,1,32.1140967,yahoo_bootstrap
2022-03-24,34.75,35.40000153,34.29999924,34.90000153,1662159,0,1,31.61585331,yahoo_bootstrap
2022-03-25,35.29999924,35.54999924,34.34999847,34.40000153,1236201,0,1,31.16290414,yahoo_bootstrap
2022-03-28,34.04999924,34.20000076,33.70000076,34.20000076,547000,0,1,30.98172378,yahoo_bootstrap
2022-03-29,34.59999847,34.65000153,34.09999847,34.15000153,466364,0,1,30.93642956,yahoo_bootstrap
2022-03-30,34.59999847,34.95000076,34.40000153,34.40000153,706127,0,1,31.16290414,yahoo_bootstrap
2022-03-31,34.40000153,34.40000153,33.84999847,33.95000076,378005,0,1,30.75524919,yahoo_bootstrap
2022-04-01,33.79999924,34.09999847,33.5,34.04999924,306006,0,1,30.84583765,yahoo_bootstrap
2022-04-06,34,34,33.5,33.79999924,455002,0,1,30.61936306,yahoo_bootstrap
2022-04-07,33.5,33.75,32.54999924,32.65000153,664168,0,1,29.57758205,yahoo_bootstrap
2022-04-08,33.04999924,33.34999847,32.95000076,33.09999847,338139,0,1,29.98523353,yahoo_bootstrap
2022-04-11,33.04999924,33.20000076,31.89999962,32,626236,0,1,28.98874675,yahoo_bootstrap
2022-04-12,32,32.75,31.29999924,31.89999962,507302,0,1,28.89815657,yahoo_bootstrap
2022-04-13,32.20000076,32.59999847,31.60000038,32.34999847,478111,0,1,29.30580978,yahoo_bootstrap
2022-04-14,32.70000076,32.70000076,31.95000076,32,392015,0,1,28.98874675,yahoo_bootstrap
2022-04-15,31.89999962,31.89999962,31.20000076,31.25,605291,0,1,28.309323,yahoo_bootstrap
2022-04-18,31,31.10000038,30.25,30.5,590014,0,1,27.62989924,yahoo_bootstrap
2022-04-19,31.60000038,32,31.10000038,31.60000038,512174,0,1,28.62638776,yahoo_bootstrap
2022-04-20,32,32.25,31.64999962,31.89999962,413205,0,1,28.89815657,yahoo_bootstrap
2022-04-21,32.29999924,32.29999924,31.54999924,31.54999924,319045,0,1,28.58109181,yahoo_bootstrap
2022-04-22,31.54999924,31.54999924,30.70000076,30.79999924,527116,0,1,27.90166806,yahoo_bootstrap
2022-04-25,30.10000038,30.10000038,29.04999924,29.20000076,665384,0,1,26.4522321,yahoo_bootstrap
2022-04-26,29.29999924,29.54999924,29,29.10000038,391235,0,1,26.36164192,yahoo_bootstrap
2022-04-27,28.25,28.60000038,26.85000038,28.60000038,922215,0,1,25.90869275,yahoo_bootstrap
2022-04-28,29,29.64999962,28.39999962,29.04999924,559150,0,1,26.31634597,yahoo_bootstrap
2022-04-29,29.70000076,29.95000076,29.20000076,29.20000076,329183,0,1,26.4522321,yahoo_bootstrap
2022-05-03,29.10000038,29.39999962,29,29.39999962,199020,0,1,26.63341073,yahoo_bootstrap
2022-05-04,29.60000038,29.79999924,29.29999924,29.35000038,166000,0,1,26.5881165,yahoo_bootstrap
2022-05-05,29.89999962,30.39999962,29.89999962,30,514040,0,1,27.17695008,yahoo_bootstrap
2022-05-06,29,29.39999962,28.89999962,29.39999962,289119,0,1,26.63341073,yahoo_bootstrap
2022-05-09,29.29999924,29.29999924,27.70000076,27.75,495143,0,1,25.13867882,yahoo_bootstrap
2022-05-10,26.29999924,28.70000076,26.29999924,28.60000038,444000,0,1,25.90869275,yahoo_bootstrap
2022-05-11,28.64999962,29.25,28.29999924,28.89999962,467005,0,1,26.18046156,yahoo_bootstrap
2022-05-12,28.64999962,29.04999924,27.70000076,27.79999924,367001,0,1,25.18397305,yahoo_bootstrap
2022-05-13,28.29999924,28.95000076,28.29999924,28.79999924,319052,0,1,26.08987138,yahoo_bootstrap
2022-05-16,29.35000038,29.54999924,28.85000038,29.04999924,353020,0,1,26.31634597,yahoo_bootstrap
2022-05-17,29.10000038,29.79999924,29.10000038,29.75,393068,0,1,26.95047549,yahoo_bootstrap
2022-05-18,30.14999962,30.35000038,29.75,30.04999924,276010,0,1,27.2222443,yahoo_bootstrap
2022-05-19,29.5,30.29999924,29.29999924,30.10000038,317100,0,1,27.26754025,yahoo_bootstrap
2022-05-20,30.29999924,30.75,29.95000076,29.95000076,448066,0,1,27.13165585,yahoo_bootstrap
2022-05-23,30.54999924,31.79999924,30.25,31.29999924,1284290,0,1,28.35461722,yahoo_bootstrap
2022-05-24,31.5,31.60000038,29.95000076,29.95000076,995132,0,1,27.13165585,yahoo_bootstrap
2022-05-25,30.20000076,30.45000076,29.95000076,30.25,239300,0,1,27.40342466,yahoo_bootstrap
2022-05-26,30.45000076,30.54999924,29.85000038,30,243450,0,1,27.17695008,yahoo_bootstrap
2022-05-27,30.14999962,30.64999962,30.14999962,30.5,268000,0,1,27.62989924,yahoo_bootstrap
2022-05-30,30.64999962,31.29999924,30.64999962,31.14999962,615002,0,1,28.21873282,yahoo_bootstrap
2022-05-31,31.14999962,31.60000038,31,31.5,547575,0,1,28.53579758,yahoo_bootstrap
2022-06-01,31.60000038,32,31.35000038,31.89999962,736075,0,1,28.89815657,yahoo_bootstrap
2022-06-02,31.89999962,31.95000076,31.64999962,31.75,341106,0,1,28.76227216,yahoo_bootstrap
2022-06-06,31.79999924,32.09999847,31.54999924,31.60000038,233063,0,1,28.62638776,yahoo_bootstrap
2022-06-07,31.89999962,31.95000076,31.14999962,31.45000076,363204,0,1,28.49050335,yahoo_bootstrap
2022-06-08,31.29999924,31.70000076,31.04999924,31.10000038,489002,0,1,28.17343859,yahoo_bootstrap
2022-06-09,31.14999962,31.29999924,30.89999962,31.20000076,302315,0,1,28.26402877,yahoo_bootstrap
2022-06-10,31,31.10000038,30.45000076,30.64999962,289446,0,1,27.76578365,yahoo_bootstrap
2022-06-13,29.20000076,29.64999962,29.20000076,29.25,578001,0,1,26.49752632,yahoo_bootstrap
2022-06-14,29,29.20000076,28.5,28.95000076,342070,0,1,26.22575751,yahoo_bootstrap
2022-06-15,29.14999962,29.35000038,28.60000038,28.60000038,277000,0,1,25.90869275,yahoo_bootstrap
2022-06-16,28.85000038,29.10000038,27.5,27.5,541202,0,1,24.91220424,yahoo_bootstrap
2022-06-17,27.29999924,27.89999962,27,27.60000038,349000,0,1,25.00279441,yahoo_bootstrap
2022-06-20,27.60000038,27.95000076,26,26,673020,0,1,23.55335673,yahoo_bootstrap
2022-06-21,26.25,27.29999924,26.25,27.25,337030,0,1,24.68572965,yahoo_bootstrap
2022-06-22,27.04999924,27.04999924,25.70000076,25.89999962,523100,0,1,23.46276655,yahoo_bootstrap
2022-06-23,26,26.39999962,25.35000038,25.85000038,298000,0,1,23.41747233,yahoo_bootstrap
2022-06-24,26,26.70000076,26,26.25,191001,0,1,23.77983132,yahoo_bootstrap
2022-06-27,26.70000076,27.35000038,26.70000076,27.25,386004,0,1,24.68572965,yahoo_bootstrap
2022-06-28,27.25,27.25,26.5,26.70000076,222050,0,1,24.18748626,yahoo_bootstrap
2022-06-29,26.10000038,26.70000076,26.10000038,26.70000076,189000,0,1,24.18748626,yahoo_bootstrap
2022-06-30,26.75,26.75,25.29999924,25.39999962,475000,0,1,23.00981739,yahoo_bootstrap
2022-07-01,25.39999962,25.39999962,23.25,23.25,795070,0,1,21.06213631,yahoo_bootstrap
2022-07-04,23,23.75,22.85000038,22.85000038,363000,0,1,20.69977732,yahoo_bootstrap
2022-07-05,23.64999962,24.29999924,23.14999962,23.89999962,621063,0,1,21.65096988,yahoo_bootstrap
2022-07-06,25.14999962,26.25,25.14999962,26.25,3772122,0,1,23.77983132,yahoo_bootstrap
2022-07-07,26.20000076,26.45000076,25.04999924,26.29999924,4183686,0,1,23.82512554,yahoo_bootstrap
2022-07-08,26.25,26.75,26,26.20000076,1836101,0,1,23.73453709,yahoo_bootstrap
2022-07-11,26.5,26.60000038,25.95000076,26.04999924,494000,0,1,23.59865096,yahoo_bootstrap
2022-07-12,25.75,25.75,24.45000076,24.45000076,705000,0,1,22.149215,yahoo_bootstrap
2022-07-13,25.60000038,25.75,25.35000038,25.75,486019,0,1,23.32688215,yahoo_bootstrap
2022-07-14,25.70000076,26.5,25.29999924,26.35000038,718500,0,1,23.87042149,yahoo_bootstrap
2022-07-15,26.89999962,27.35000038,26.5,26.60000038,1574001,0,1,24.09689608,yahoo_bootstrap
2022-07-18,26.75,27.14999962,26.60000038,26.89999962,662002,0,1,24.36866489,yahoo_bootstrap
2022-07-19,26.79999924,26.89999962,26.64999962,26.89999962,264001,0,1,24.36866489,yahoo_bootstrap
2022-07-20,27.5,27.64999962,27.14999962,27.14999962,942079,0,1,24.59513947,yahoo_bootstrap
2022-07-21,27.14999962,28.89999962,27.14999962,28.54999924,1452053,0,1,25.8633968,yahoo_bootstrap
2022-07-22,28.79999924,28.79999924,27.79999924,27.95000076,758024,0,1,25.31985918,yahoo_bootstrap
2022-07-25,28.04999924,28.39999962,27.70000076,28.10000038,527006,0,1,25.45574358,yahoo_bootstrap
2022-07-26,28.10000038,28.29999924,27.39999962,27.70000076,590100,0,1,25.09338459,yahoo_bootstrap
2022-07-27,26.75,27.39999962,26.5,27.29999924,529127,0.98925,1,25.64695341,yahoo_bootstrap
2022-07-28,27.5,27.89999962,26.79999924,26.85000038,612000,0,1,25.22420249,yahoo_bootstrap
2022-07-29,27.14999962,27.25,26.79999924,27.04999924,368152,0,1,25.41209119,yahoo_bootstrap
2022-08-01,27.10000038,27.10000038,26.89999962,27,156011,0,1,25.36511946,yahoo_bootstrap
2022-08-02,26.75,26.75,26.14999962,26.25,415151,0,1,24.66053281,yahoo_bootstrap
2022-08-03,26.10000038,26.54999924,25.95000076,26.10000038,311000,0,1,24.51961584,yahoo_bootstrap
2022-08-04,26.14999962,26.14999962,25.10000038,26,413000,0,1,24.42567059,yahoo_bootstrap
2022-08-05,26.29999924,27,26.29999924,26.75,417020,0,1,25.13025725,yahoo_bootstrap
2022-08-08,26.75,27.10000038,26.45000076,26.89999962,298060,0,1,25.27117422,yahoo_bootstrap
2022-08-09,26.64999962,27.20000076,26.5,26.95000076,179056,0,1,25.31814773,yahoo_bootstrap
2022-08-10,26.60000038,26.79999924,26.60000038,26.70000076,211000,0,1,25.08328552,yahoo_bootstrap
2022-08-11,27,27.29999924,27,27.14999962,425015,0,1,25.50603644,yahoo_bootstrap
2022-08-12,27.39999962,27.70000076,27.14999962,27.64999962,398050,0,1,25.97576087,yahoo_bootstrap
2022-08-15,27.5,28.35000038,27.5,28.25,666073,0,1,26.53943055,yahoo_bootstrap
2022-08-16,28.29999924,29.20000076,27.95000076,29.14999962,978222,0,1,27.38493417,yahoo_bootstrap
2022-08-17,29.29999924,30.39999962,29.10000038,29.79999924,4188614,0,1,27.99557558,yahoo_bootstrap
2022-08-18,29.60000038,31.75,29.54999924,30.45000076,6712300,0,1,28.60621878,yahoo_bootstrap
2022-08-19,31,31,30,30,1641250,0,1,28.18346607,yahoo_bootstrap
2022-08-22,29.39999962,29.79999924,29.25,29.35000038,526000,0,1,27.57282466,yahoo_bootstrap
2022-08-23,28.85000038,29.5,28.75,29.20000076,467481,0,1,27.43190769,yahoo_bootstrap
2022-08-24,29.29999924,29.5,28.89999962,29,255029,0,1,27.2440172,yahoo_bootstrap
2022-08-25,29.35000038,31,29.29999924,30.14999962,2652680,0,1,28.32438304,yahoo_bootstrap
2022-08-26,30.5,30.5,29.64999962,29.79999924,820000,0,1,27.99557558,yahoo_bootstrap
2022-08-29,28.75,29.10000038,28.54999924,28.89999962,522001,0,1,27.15007196,yahoo_bootstrap
2022-08-30,28.89999962,29.5,28.89999962,29.35000038,381000,0,1,27.57282466,yahoo_bootstrap
2022-08-31,29.35000038,29.95000076,29.35000038,29.79999924,306020,0,1,27.99557558,yahoo_bootstrap
2022-09-01,29.39999962,29.89999962,28.95000076,29,297002,0,1,27.2440172,yahoo_bootstrap
2022-09-02,29.10000038,30.25,29.10000038,30.10000038,842300,0,1,28.27741131,yahoo_bootstrap
2022-09-05,30.5,30.54999924,28.95000076,28.95000076,942001,0,1,27.19704547,yahoo_bootstrap
2022-09-06,29.10000038,29.25,27.79999924,27.79999924,608164,0,1,26.11667784,yahoo_bootstrap
2022-09-07,27.5,28.39999962,27.45000076,28.39999962,256071,0,1,26.68034752,yahoo_bootstrap
2022-09-08,28.39999962,28.64999962,28,28.5,440160,0,1,26.77429277,yahoo_bootstrap
2022-09-12,29,29.20000076,28.89999962,28.95000076,292060,0,1,27.19704547,yahoo_bootstrap
2022-09-13,29.45000076,29.89999962,29.10000038,29.20000076,415053,0,1,27.43190769,yahoo_bootstrap
2022-09-14,28.5,29.35000038,28.5,29.25,212058,0,1,27.47887942,yahoo_bootstrap
2022-09-15,29.20000076,29.75,29.20000076,29.5,353044,0,1,27.71374164,yahoo_bootstrap
2022-09-16,29.45000076,29.5,29.04999924,29.04999924,167010,0,1,27.29098893,yahoo_bootstrap
2022-09-19,28.95000076,29,27.79999924,28,432001,0,1,26.30456833,yahoo_bootstrap
2022-09-20,28.45000076,28.60000038,28,28.04999924,155399,0,1,26.35154006,yahoo_bootstrap
2022-09-21,28.04999924,28.20000076,27.5,27.54999924,199000,0,1,25.88181563,yahoo_bootstrap
2022-09-22,27.20000076,28.20000076,26.95000076,28.20000076,190060,0,1,26.49245882,yahoo_bootstrap
2022-09-23,28,28.10000038,27.04999924,27.25,225019,0,1,25.59998168,yahoo_bootstrap
2022-09-26,26.60000038,26.60000038,25,25.04999924,597001,0,1,23.53319345,yahoo_bootstrap
2022-09-27,25.20000076,25.64999962,24.89999962,25.60000038,277001,0,1,24.0498914,yahoo_bootstrap
2022-09-28,25.54999924,26.14999962,24.10000038,24.54999924,491001,0,1,23.06346902,yahoo_bootstrap
2022-09-29,24.85000038,25.29999924,24.70000076,24.95000076,282001,0,1,23.43925,yahoo_bootstrap
2022-09-30,24.60000038,25.39999962,24.25,25.39999962,159040,0,1,23.86200092,yahoo_bootstrap
2022-10-03,25.54999924,25.54999924,25.04999924,25.20000076,102001,0,1,23.67411221,yahoo_bootstrap
2022-10-04,25.89999962,26.14999962,25.45000076,26,233039,0,1,24.42567059,yahoo_bootstrap
2022-10-05,26.29999924,26.5,25.79999924,25.79999924,249000,0,1,24.23778011,yahoo_bootstrap
2022-10-06,26.10000038,26.35000038,25.89999962,26.29999924,193000,0,1,24.70750454,yahoo_bootstrap
2022-10-07,26.20000076,26.5,25.89999962,25.89999962,169030,0,1,24.33172535,yahoo_bootstrap
2022-10-11,25.04999924,25.04999924,24.35000038,24.35000038,295001,0,1,22.87558032,yahoo_bootstrap
2022-10-12,24.39999962,24.60000038,24,24.20000076,261889,0,1,22.73466334,yahoo_bootstrap
2022-10-13,24.25,24.25,22.45000076,22.45000076,504060,0,1,21.09062782,yahoo_bootstrap
2022-10-14,22.95000076,24.29999924,22.95000076,24.14999962,244139,0,1,22.68768983,yahoo_bootstrap
2022-10-17,24,24.29999924,23,24.29999924,254060,0,1,22.8286068,yahoo_bootstrap
2022-10-18,24.60000038,24.60000038,23.85000038,24.20000076,127001,0,1,22.73466334,yahoo_bootstrap
2022-10-19,24.45000076,24.64999962,23.89999962,24.10000038,94060,0,1,22.6407181,yahoo_bootstrap
2022-10-20,24.10000038,24.10000038,23.29999924,23.75,197000,0,1,22.31191064,yahoo_bootstrap
2022-10-21,23.85000038,24.04999924,23.20000076,23.20000076,141024,0,1,21.79521448,yahoo_bootstrap
2022-10-24,23.64999962,24.29999924,23.39999962,23.39999962,286070,0,1,21.98310318,yahoo_bootstrap
2022-10-25,23.70000076,23.70000076,23.04999924,23.04999924,225001,0,1,21.65429572,yahoo_bootstrap
2022-10-26,23.29999924,23.60000038,22.79999924,23.10000038,152000,0,1,21.70126923,yahoo_bootstrap
2022-10-27,23.5,24,23.39999962,24,159101,0,1,22.54677286,yahoo_bootstrap
2022-10-28,23.95000076,24,23.25,23.39999962,155001,0,1,21.98310318,yahoo_bootstrap
2022-10-31,23.79999924,24.14999962,23.70000076,23.85000038,145001,0,1,22.40585588,yahoo_bootstrap
2022-11-01,24.10000038,24.35000038,24,24.10000038,119225,0,1,22.6407181,yahoo_bootstrap
2022-11-02,23.95000076,24.75,23.95000076,24.54999924,228080,0,1,23.06346902,yahoo_bootstrap
2022-11-03,24.04999924,24.85000038,24,24.85000038,180018,0,1,23.34530475,yahoo_bootstrap
2022-11-04,24.85000038,25,24.39999962,25,161001,0,1,23.48622173,yahoo_bootstrap
2022-11-07,25.39999962,25.39999962,24.89999962,25,229132,0,1,23.48622173,yahoo_bootstrap
2022-11-08,25.39999962,25.89999962,25.04999924,25.04999924,290550,0,1,23.53319345,yahoo_bootstrap
2022-11-09,25.35000038,25.70000076,25.35000038,25.64999962,259000,0,1,24.09686313,yahoo_bootstrap
2022-11-10,25.64999962,25.70000076,25.35000038,25.60000038,120059,0,1,24.0498914,yahoo_bootstrap
2022-11-11,26.5,26.75,25.70000076,25.75,318004,0,1,24.19080838,yahoo_bootstrap
2022-11-14,26,26.10000038,25.60000038,25.79999924,168061,0,1,24.23778011,yahoo_bootstrap
2022-11-15,25.89999962,26.25,25.79999924,26.25,309102,0,1,24.66053281,yahoo_bootstrap
2022-11-16,26.60000038,26.60000038,25.70000076,26.14999962,248160,0,1,24.56658757,yahoo_bootstrap
2022-11-17,26.10000038,26.60000038,26.10000038,26.54999924,232126,0,1,24.94236676,yahoo_bootstrap
2022-11-18,26.79999924,26.79999924,26,26,171030,0,1,24.42567059,yahoo_bootstrap
2022-11-21,25.89999962,26.04999924,25.60000038,25.64999962,152055,0,1,24.09686313,yahoo_bootstrap
2022-11-22,25.64999962,25.79999924,25.29999924,25.39999962,94000,0,1,23.86200092,yahoo_bootstrap
2022-11-23,25.45000076,26,25.45000076,25.85000038,169735,0,1,24.28475362,yahoo_bootstrap
2022-11-24,25.89999962,26.20000076,25.79999924,26.14999962,136030,0,1,24.56658757,yahoo_bootstrap
2022-11-25,26.20000076,26.20000076,25.64999962,25.70000076,110002,0,1,24.14383665,yahoo_bootstrap
2022-11-28,25.5,26.04999924,25.35000038,25.95000076,105324,0,1,24.37869887,yahoo_bootstrap
2022-11-29,25.85000038,26.20000076,25.79999924,26.10000038,89366,0,1,24.51961584,yahoo_bootstrap
2022-11-30,26.10000038,26.70000076,26.10000038,26.45000076,329002,0,1,24.8484233,yahoo_bootstrap
2022-12-01,26.79999924,27.10000038,26.75,27,393057,0,1,25.36511946,yahoo_bootstrap
2022-12-02,27.14999962,27.29999924,26.95000076,27.04999924,209151,0,1,25.41209119,yahoo_bootstrap
2022-12-05,27.14999962,27.5,26.89999962,27.04999924,201019,0,1,25.41209119,yahoo_bootstrap
2022-12-06,27,27,26.20000076,26.20000076,320233,0,1,24.61356108,yahoo_bootstrap
2022-12-07,26.14999962,26.5,25.35000038,25.60000038,227002,0,1,24.0498914,yahoo_bootstrap
2022-12-08,26,26,25.5,25.64999962,82039,0,1,24.09686313,yahoo_bootstrap
2022-12-09,25.89999962,26.10000038,25.64999962,25.75,77001,0,1,24.19080838,yahoo_bootstrap
2022-12-12,25.5,25.60000038,25.20000076,25.29999924,99000,0,1,23.76805567,yahoo_bootstrap
2022-12-13,25.5,25.5,25.20000076,25.20000076,92121,0,1,23.67411221,yahoo_bootstrap
2022-12-14,25.29999924,25.75,25.29999924,25.70000076,67055,0,1,24.14383665,yahoo_bootstrap
2022-12-15,25.39999962,25.79999924,25.39999962,25.5,107051,0,1,23.95594616,yahoo_bootstrap
2022-12-16,25.29999924,25.29999924,24.85000038,24.85000038,299000,0,1,23.34530475,yahoo_bootstrap
2022-12-19,24.85000038,24.85000038,24.45000076,24.45000076,118028,0,1,22.96952556,yahoo_bootstrap
2022-12-20,24.39999962,24.75,24.04999924,24.04999924,137020,0,1,22.59374459,yahoo_bootstrap
2022-12-21,24.75,24.75,24.14999962,24.29999924,102000,0,1,22.8286068,yahoo_bootstrap
2022-12-22,24.5,24.75,24.45000076,24.5,68001,0,1,23.01649729,yahoo_bootstrap
2022-12-23,24.25,24.25,23.89999962,24.25,70100,0,1,22.78163507,yahoo_bootstrap
2022-12-26,24.25,24.25,24.04999924,24.10000038,72101,0,1,22.6407181,yahoo_bootstrap
2022-12-27,24.14999962,24.45000076,24.14999962,24.14999962,58162,0,1,22.68768983,yahoo_bootstrap
2022-12-28,24.29999924,24.29999924,23.89999962,24.04999924,132011,0,1,22.59374459,yahoo_bootstrap
2022-12-29,23.89999962,24,23.79999924,23.85000038,74152,0,1,22.40585588,yahoo_bootstrap
2022-12-30,24.10000038,24.35000038,23.75,23.79999924,68000,0,1,22.35888237,yahoo_bootstrap
2023-01-03,23.45000076,23.95000076,23.39999962,23.95000076,85000,0,1,22.49980113,yahoo_bootstrap
2023-01-04,23.95000076,24.25,23.89999962,24.10000038,103002,0,1,22.6407181,yahoo_bootstrap
2023-01-05,24.35000038,24.5,24.20000076,24.20000076,105053,0,1,22.73466334,yahoo_bootstrap
2023-01-06,24.35000038,26.25,24.29999924,25.95000076,1509424,0,1,24.37869887,yahoo_bootstrap
2023-01-09,26.29999924,26.5,25.54999924,26.10000038,969002,0,1,24.51961584,yahoo_bootstrap
2023-01-10,26.14999962,26.14999962,25.39999962,25.64999962,430480,0,1,24.09686313,yahoo_bootstrap
2023-01-11,25.5,25.60000038,25.25,25.25,180003,0,1,23.72108394,yahoo_bootstrap
2023-01-12,25.5,25.64999962,25.04999924,25.04999924,201989,0,1,23.53319345,yahoo_bootstrap
2023-01-13,25.20000076,25.35000038,24.79999924,24.89999962,125122,0,1,23.39227648,yahoo_bootstrap
2023-01-16,25,25,24.5,24.75,79002,0,1,23.25135951,yahoo_bootstrap
2023-01-17,25,25,24.5,24.64999962,264001,0,1,23.15741426,yahoo_bootstrap
2023-01-30,24.85000038,25.20000076,24.70000076,25.10000038,418020,0,1,23.58016697,yahoo_bootstrap
2023-01-31,25.14999962,25.45000076,25.14999962,25.45000076,137001,0,1,23.90897443,yahoo_bootstrap
2023-02-01,25.5,25.75,25.45000076,25.64999962,263002,0,1,24.09686313,yahoo_bootstrap
2023-02-02,25.95000076,26.54999924,25.79999924,26.39999962,730145,0,1,24.80144979,yahoo_bootstrap
2023-02-03,26.5,27.79999924,26.25,27.35000038,2220487,0,1,25.69392692,yahoo_bootstrap
2023-02-06,27.14999962,27.14999962,26.5,27,542255,0,1,25.36511946,yahoo_bootstrap
2023-02-07,26.85000038,27,26.70000076,26.85000038,256311,0,1,25.22420249,yahoo_bootstrap
2023-02-08,27,29.39999962,27,28.5,5565779,0,1,26.77429277,yahoo_bootstrap
2023-02-09,28.45000076,28.54999924,28.10000038,28.14999962,1068103,0,1,26.44548531,yahoo_bootstrap
2023-02-10,28.14999962,28.45000076,27.20000076,27.35000038,708138,0,1,25.69392692,yahoo_bootstrap
2023-02-13,27.29999924,29.10000038,26.89999962,28.64999962,3419292,0,1,26.91520974,yahoo_bootstrap
2023-02-14,28.64999962,29.14999962,28.10000038,28.89999962,3427100,0,1,27.15007196,yahoo_bootstrap
2023-02-15,28.85000038,28.85000038,28.20000076,28.39999962,1012001,0,1,26.68034752,yahoo_bootstrap
2023-02-16,28.60000038,29.89999962,28.5,29.29999924,5394523,0,1,27.52585115,yahoo_bootstrap
2023-02-17,29.29999924,29.54999924,29.10000038,29.25,1273422,0,1,27.47887942,yahoo_bootstrap
2023-02-20,29.25,29.45000076,29,29,832084,0,1,27.2440172,yahoo_bootstrap
2023-02-21,29.10000038,30.25,28.85000038,29.95000076,3949287,0,1,28.13649434,yahoo_bootstrap
2023-02-22,31.25,32.90000153,30.60000038,32.90000153,6547989,0,1,30.90786923,yahoo_bootstrap
2023-02-23,35.29999924,35.29999924,34.04999924,35.20000076,20114756,0,1,33.0686009,yahoo_bootstrap
2023-02-24,34.84999847,34.90000153,32.75,33.45000076,5934694,0,1,31.42456538,yahoo_bootstrap
2023-03-01,33.29999924,34.20000076,32.79999924,33.5,2988085,0,1,31.47153711,yahoo_bootstrap
2023-03-02,33.25,33.65000153,32.29999924,32.54999924,2368011,0,1,30.57905997,yahoo_bootstrap
2023-03-03,32.20000076,32.79999924,32,32.20000076,1529380,0,1,30.2502543,yahoo_bootstrap
2023-03-06,32.5,33.20000076,32.25,32.84999847,1319505,0,1,30.86089391,yahoo_bootstrap
2023-03-07,33.29999924,33.45000076,32.70000076,32.70000076,1065399,0,1,30.71997873,yahoo_bootstrap
2023-03-08,32.70000076,33.79999924,32.5,33.15000153,1706064,0,1,31.14273145,yahoo_bootstrap
2023-03-09,33.59999847,33.59999847,32.59999847,32.79999924,1129071,0,1,30.81392219,yahoo_bootstrap
2023-03-10,32.40000153,32.5,31.70000076,31.89999962,1275215,0,1,29.96841856,yahoo_bootstrap
2023-03-13,31,31.5,30.54999924,31.20000076,1006136,0,1,29.31080543,yahoo_bootstrap
2023-03-14,31.20000076,31.60000038,30.89999962,31.29999924,602356,0,1,29.40474889,yahoo_bootstrap
2023-03-15,31.79999924,34.40000153,31.60000038,32.79999924,4403375,0,1,30.81392219,yahoo_bootstrap
2023-03-16,32.34999847,33.15000153,31.85000038,32.29999924,1206331,0,1,30.34419776,yahoo_bootstrap
2023-03-17,32.79999924,33.04999924,32.54999924,32.65000153,926106,0,1,30.67300701,yahoo_bootstrap
2023-03-20,32.95000076,33.25,32.70000076,33.04999924,1039041,0,1,31.04878441,yahoo_bootstrap
2023-03-21,33.79999924,36.09999847,33.29999924,35.29999924,14260906,0,1,33.16254436,yahoo_bootstrap
2023-03-22,35.5,35.5,34,35.09999847,6957503,0,1,32.97465387,yahoo_bootstrap
2023-03-23,34.90000153,36.65000153,34.59999847,35.40000153,10409201,0,1,33.2564914,yahoo_bootstrap
2023-03-24,35.54999924,36.04999924,34.59999847,34.70000076,4728375,0,1,32.59887647,yahoo_bootstrap
2023-03-27,35,35.04999924,33.90000153,33.90000153,1814503,0,1,31.8473181,yahoo_bootstrap
2023-03-28,34.15000153,34.20000076,32.79999924,32.84999847,1761107,0,1,30.86089391,yahoo_bootstrap
2023-03-29,33.25,33.29999924,32.5,32.84999847,935029,0,1,30.86089391,yahoo_bootstrap
2023-03-30,33.15000153,34.04999924,33.04999924,33.5,1244121,0,1,31.47153711,yahoo_bootstrap
2023-03-31,33.5,33.59999847,33.29999924,33.34999847,567265,0,1,31.33061834,yahoo_bootstrap
2023-04-06,33.40000153,33.84999847,33.04999924,33.65000153,558055,0,1,31.61245588,yahoo_bootstrap
2023-04-07,33.79999924,33.79999924,33.45000076,33.45000076,385426,0,1,31.42456538,yahoo_bootstrap
2023-04-10,33.59999847,34.25,33,33.84999847,1406318,0,1,31.80034278,yahoo_bootstrap
2023-04-11,33.90000153,33.90000153,33.09999847,33.09999847,1088373,0,1,31.09575613,yahoo_bootstrap
2023-04-12,33.09999847,34.70000076,33,34.40000153,2654689,0,1,32.31704253,yahoo_bootstrap
2023-04-13,34.09999847,34.20000076,33.09999847,33.09999847,1712003,0,1,31.09575613,yahoo_bootstrap
2023-04-14,33.5,33.5,33.09999847,33.09999847,601005,0,1,31.09575613,yahoo_bootstrap
2023-04-17,33.09999847,33.90000153,33.09999847,33.79999924,1115001,0,1,31.75337106,yahoo_bootstrap
2023-04-18,33.79999924,35.25,33.45000076,34.65000153,5422130,0,1,32.55190475,yahoo_bootstrap
2023-04-19,35.29999924,35.90000153,34.75,35.59999847,10408374,0,1,33.4443783,yahoo_bootstrap
2023-04-20,35.79999924,35.95000076,33.15000153,33.79999924,4747030,0,1,31.75337106,yahoo_bootstrap
2023-04-21,33.90000153,34.70000076,32.70000076,33.59999847,3937244,0,1,31.56548056,yahoo_bootstrap
2023-04-24,34.04999924,34.29999924,33.25,33.25,3275155,0,1,31.23667489,yahoo_bootstrap
2023-04-25,33.29999924,33.29999924,31.70000076,31.89999962,1676129,0,1,29.96841856,yahoo_bootstrap
2023-04-26,31.29999924,32.09999847,31.14999962,32,619200,0,1,30.06236381,yahoo_bootstrap
2023-04-27,31.89999962,32.25,31.60000038,32.20000076,504100,0,1,30.2502543,yahoo_bootstrap
2023-04-28,32.90000153,34.34999847,32.70000076,34,3635609,0,1,31.94126155,yahoo_bootstrap
2023-05-02,34,35,33.79999924,34.59999847,2666010,0,1,32.50492943,yahoo_bootstrap
2023-05-03,34.59999847,34.90000153,34.20000076,34.20000076,823260,0,1,32.12915203,yahoo_bootstrap
2023-05-04,34.5,34.79999924,34.20000076,34.29999924,729394,0,1,32.22309549,yahoo_bootstrap
2023-05-05,34.29999924,34.40000153,33.20000076,33.20000076,922323,0,1,31.18970317,yahoo_bootstrap
2023-05-08,34.75,34.84999847,34.20000076,34.45000076,1799184,0,1,32.36401425,yahoo_bootstrap
2023-05-09,34.79999924,34.79999924,33.29999924,33.79999924,922615,0,1,31.75337106,yahoo_bootstrap
2023-05-10,33.65000153,34.04999924,33.45000076,33.70000076,548477,0,1,31.6594276,yahoo_bootstrap
2023-05-11,33.75,34,32.04999924,32.04999924,1206420,0,1,30.10933554,yahoo_bootstrap
2023-05-12,31.60000038,32.25,31.54999924,32,831021,0,1,30.06236381,yahoo_bootstrap
2023-05-15,32.59999847,32.65000153,31.89999962,32,636001,0,1,30.06236381,yahoo_bootstrap
2023-05-16,32.5,33.70000076,32.40000153,32.90000153,966045,0,1,30.90786923,yahoo_bootstrap
2023-05-17,33,34.20000076,32.95000076,33.79999924,1216202,0,1,31.75337106,yahoo_bootstrap
2023-05-18,34.20000076,34.70000076,33.90000153,34.15000153,1187000,0,1,32.08218031,yahoo_bootstrap
2023-05-19,34.70000076,35.20000076,34.45000076,34.65000153,2789747,0,1,32.55190475,yahoo_bootstrap
2023-05-22,35.40000153,36,34.79999924,35.04999924,2554181,0,1,32.92768215,yahoo_bootstrap
2023-05-23,35.25,35.95000076,34.84999847,35.54999924,2235270,0,1,33.39740658,yahoo_bootstrap
2023-05-24,35.59999847,35.84999847,34.90000153,35.59999847,1538367,0,1,33.4443783,yahoo_bootstrap
2023-05-25,35.70000076,36.20000076,35.20000076,35.65000153,2112133,0,1,33.49135362,yahoo_bootstrap
2023-05-26,36,36,33.84999847,33.84999847,2717143,0,1,31.80034278,yahoo_bootstrap
2023-05-29,34.5,36,34.45000076,35.79999924,3157643,0,1,33.6322688,yahoo_bootstrap
2023-05-30,37,38.84999847,36.65000153,37,19205533,0,1,34.75960815,yahoo_bootstrap
2023-05-31,36.40000153,37.29999924,35.79999924,35.84999847,5283168,0,1,33.67924052,yahoo_bootstrap
2023-06-01,35.59999847,37.5,35.04999924,37.09999847,3637122,0,1,34.8535516,yahoo_bootstrap
2023-06-02,36.95000076,38,36.79999924,37.04999924,3137369,0,1,34.80657988,yahoo_bootstrap
2023-06-05,37.95000076,37.95000076,36.84999847,37.09999847,1892344,0,1,34.8535516,yahoo_bootstrap
2023-06-06,37.25,37.29999924,35.70000076,35.95000076,2599061,0,1,33.77318756,yahoo_bootstrap
2023-06-07,35,35.34999847,34.15000153,34.5,3933225,0,1,32.41098598,yahoo_bootstrap
2023-06-08,34.54999924,34.59999847,33.79999924,33.95000076,1728100,0,1,31.89428982,yahoo_bootstrap
2023-06-09,34.40000153,34.5,34.04999924,34.09999847,872110,0,1,32.035205,yahoo_bootstrap
2023-06-12,34,34.04999924,33.34999847,33.59999847,1139519,0,1,31.56548056,yahoo_bootstrap
2023-06-13,34.20000076,34.34999847,33.75,34.04999924,1024161,0,1,31.98823328,yahoo_bootstrap
2023-06-14,34.25,34.59999847,34.09999847,34.29999924,780001,0,1,32.22309549,yahoo_bootstrap
2023-06-15,34.45000076,34.45000076,34,34.34999847,638138,0,1,32.27006721,yahoo_bootstrap
2023-06-16,34.5,34.59999847,34,34.09999847,855123,0,1,32.035205,yahoo_bootstrap
2023-06-19,33.40000153,33.90000153,33.04999924,33.29999924,693061,1,1,32.22877194,yahoo_bootstrap
2023-06-20,33.29999924,33.45000076,33,33.40000153,419054,0,1,32.32555726,yahoo_bootstrap
2023-06-21,33.20000076,33.5,32.90000153,33.04999924,531651,0,1,31.98681419,yahoo_bootstrap
2023-06-26,33,33,31.89999962,32.25,655001,0,1,31.21255012,yahoo_bootstrap
2023-06-27,32,32.75,31.89999962,32,708386,0,1,30.97059236,yahoo_bootstrap
2023-06-28,32.20000076,32.75,32.04999924,32.25,362308,0,1,31.21255012,yahoo_bootstrap
2023-06-29,32.5,32.70000076,32.25,32.40000153,361000,0,1,31.35772625,yahoo_bootstrap
2023-06-30,32.40000153,32.65000153,32.09999847,32.59999847,364127,0,1,31.55128949,yahoo_bootstrap
2023-07-03,32.75,33.65000153,32.59999847,33.20000076,923220,0,1,32.13199031,yahoo_bootstrap
2023-07-04,33.20000076,33.59999847,32.70000076,33.34999847,601099,0,1,32.27716275,yahoo_bootstrap
2023-07-05,33.40000153,33.59999847,33.15000153,33.34999847,472403,0,1,32.27716275,yahoo_bootstrap
2023-07-06,33,33.65000153,33,33.40000153,496167,0,1,32.32555726,yahoo_bootstrap
2023-07-07,33.20000076,33.20000076,32.15000153,32.29999924,701000,0,1,31.26094093,yahoo_bootstrap
2023-07-10,32.5,32.5,32,32,408150,0,1,30.97059236,yahoo_bootstrap
2023-07-11,32.20000076,32.20000076,31.39999962,31.5,726857,0,1,30.48667686,yahoo_bootstrap
2023-07-12,31.60000038,31.85000038,31.10000038,31.10000038,581040,0,1,30.09954482,yahoo_bootstrap
2023-07-13,31.5,31.5,30.64999962,30.70000076,888117,0,1,29.71241279,yahoo_bootstrap
2023-07-14,31.14999962,31.79999924,30.89999962,31.70000076,533079,0,1,30.6802438,yahoo_bootstrap
2023-07-17,31.79999924,32.09999847,31.39999962,31.79999924,627001,0,1,30.77702543,yahoo_bootstrap
2023-07-18,31.89999962,32,30.95000076,30.95000076,851100,0,1,29.95437054,yahoo_bootstrap
2023-07-19,31.25,31.25,30.35000038,30.45000076,529040,0,1,29.47045503,yahoo_bootstrap
2023-07-20,30.45000076,31.20000076,30.45000076,30.70000076,300200,0,1,29.71241279,yahoo_bootstrap
2023-07-21,30.5,30.79999924,30.14999962,30.75,408372,0,1,29.7608036,yahoo_bootstrap
2023-07-24,30.85000038,30.85000038,29.60000038,29.64999962,956575,0,1,28.69618912,yahoo_bootstrap
2023-07-25,29.75,30.60000038,29.75,30.14999962,781225,0,1,29.18010463,yahoo_bootstrap
2023-07-26,30.20000076,30.25,29.54999924,29.60000038,445141,0,1,28.6477983,yahoo_bootstrap
2023-07-27,29.95000076,30.54999924,29.75,30.45000076,396422,0,1,29.47045503,yahoo_bootstrap
2023-07-28,30.60000038,30.79999924,30.20000076,30.5,440081,0,1,29.51884585,yahoo_bootstrap
2023-07-31,30.64999962,30.95000076,30,30.04999924,429021,0,1,29.08332116,yahoo_bootstrap
2023-08-01,30.20000076,30.5,29.79999924,29.95000076,239040,0,1,28.98653953,yahoo_bootstrap
2023-08-02,29.95000076,30.10000038,29.35000038,29.5,454001,0,1,28.55101484,yahoo_bootstrap
2023-08-04,29.54999924,29.95000076,29.45000076,29.89999962,169003,0,1,28.93814687,yahoo_bootstrap
2023-08-07,29.95000076,30.25,29.75,30.04999924,158003,0,1,29.08332116,yahoo_bootstrap
2023-08-08,30.04999924,30.29999924,29.60000038,29.60000038,165022,0,1,28.6477983,yahoo_bootstrap
2023-08-09,29.64999962,29.95000076,28.95000076,29.04999924,465050,0,1,28.11549015,yahoo_bootstrap
2023-08-10,28.79999924,28.89999962,28,28.35000038,586064,0,1,27.43800954,yahoo_bootstrap
2023-08-11,28.39999962,29.10000038,28.35000038,28.64999962,248005,0,1,27.72835811,yahoo_bootstrap
2023-08-14,28.10000038,28.35000038,27.95000076,28.10000038,334300,0,1,27.19605179,yahoo_bootstrap
2023-08-15,28.14999962,28.54999924,28.14999962,28.45000076,157001,0,1,27.53479301,yahoo_bootstrap
2023-08-16,27.95000076,28.95000076,27.95000076,28.64999962,183081,0,1,27.72835811,yahoo_bootstrap
2023-08-17,28.29999924,31.5,28.14999962,31.5,2342020,0,1,30.48667686,yahoo_bootstrap
2023-08-18,31.39999962,31.39999962,30,30.20000076,1727002,0,1,29.22849728,yahoo_bootstrap
2023-08-21,30.29999924,30.5,29.70000076,29.89999962,386010,0,1,28.93814687,yahoo_bootstrap
2023-08-22,30.20000076,31.5,29.95000076,29.95000076,669200,0,1,28.98653953,yahoo_bootstrap
2023-08-23,29.85000038,32.90000153,29.85000038,32.79999924,6385293,0,1,31.74485644,yahoo_bootstrap
2023-08-24,33.59999847,34.79999924,32.90000153,34.25,8942967,0,1,33.14821214,yahoo_bootstrap
2023-08-25,33.90000153,37.45000076,33.84999847,36.29999924,15642484,0,1,35.13226498,yahoo_bootstrap
2023-08-28,37.15000153,39.79999924,37,38.59999847,15284987,0,1,37.35827556,yahoo_bootstrap
2023-08-29,37.79999924,39.29999924,37.34999847,38.59999847,9419548,0,1,37.35827556,yahoo_bootstrap
2023-08-30,39.5,39.75,38.15000153,38.29999924,6227544,0,1,37.067927,yahoo_bootstrap
2023-08-31,38.29999924,38.95000076,38.04999924,38.04999924,3266152,0,1,36.82596925,yahoo_bootstrap
2023-09-01,38,39.79999924,37.34999847,37.70000076,6787275,0,1,36.48722986,yahoo_bootstrap
2023-09-04,37.45000076,37.5,34.29999924,35.15000153,6339146,0,1,34.01926153,yahoo_bootstrap
2023-09-05,35.09999847,35.79999924,34.95000076,35.5,2115203,0,1,34.3580009,yahoo_bootstrap
2023-09-06,35.45000076,35.79999924,34.40000153,34.59999847,2411040,0,1,33.48695151,yahoo_bootstrap
2023-09-07,35.5,35.70000076,34.54999924,34.65000153,1708051,0,1,33.53534603,yahoo_bootstrap
2023-09-08,34.70000076,35.09999847,34.04999924,34.04999924,1248351,0,1,32.9546452,yahoo_bootstrap
2023-09-11,33.75,33.79999924,32.90000153,33.15000153,2011480,0,1,32.08359951,yahoo_bootstrap
2023-09-12,33.79999924,34,33.20000076,33.45000076,1127109,0,1,32.37394807,yahoo_bootstrap
2023-09-13,33.34999847,34.29999924,33.20000076,34.20000076,969452,0,1,33.09982133,yahoo_bootstrap
2023-09-14,34.90000153,36.15000153,34.34999847,34.79999924,4892525,0,1,33.68051846,yahoo_bootstrap
2023-09-15,34.84999847,36.04999924,34.65000153,35.34999847,4544408,0,1,34.21282477,yahoo_bootstrap
2023-09-18,35,35.59999847,34.65000153,34.65000153,1081226,0,1,33.53534603,yahoo_bootstrap
2023-09-19,34.79999924,35.45000076,34.20000076,34.25,1183031,0,1,33.14821214,yahoo_bootstrap
2023-09-20,34.25,34.45000076,33.5,33.5,1069031,0,1,32.42233888,yahoo_bootstrap
2023-09-21,33.59999847,34,33,33.70000076,722031,0,1,32.61590582,yahoo_bootstrap
2023-09-22,33.40000153,33.95000076,33,33.95000076,458016,0,1,32.85786357,yahoo_bootstrap
2023-09-25,34.04999924,34.45000076,33.5,33.79999924,618101,0,1,32.71268745,yahoo_bootstrap
2023-09-26,33.90000153,33.95000076,32.95000076,32.95000076,689001,0,1,31.89003256,yahoo_bootstrap
2023-09-27,33,33.29999924,32.5,32.54999924,602008,0,1,31.50289869,yahoo_bootstrap
2023-09-28,32.65000153,33.15000153,32.65000153,33,341054,0,1,31.93842338,yahoo_bootstrap
2023-10-02,33.04999924,33.65000153,33.04999924,33.5,456042,0,1,32.42233888,yahoo_bootstrap
2023-10-03,33.40000153,34.25,33.34999847,33.54999924,545001,0,1,32.4707297,yahoo_bootstrap
2023-10-04,33.25,35.90000153,32.84999847,35.5,5162200,0,1,34.3580009,yahoo_bootstrap
2023-10-05,35.15000153,35.40000153,34.70000076,35.09999847,2509525,0,1,33.97086702,yahoo_bootstrap
2023-10-06,35.20000076,35.65000153,34.79999924,35.45000076,1541505,0,1,34.30961009,yahoo_bootstrap
2023-10-11,35.34999847,35.34999847,33.25,33.25,1994201,0,1,32.18038113,yahoo_bootstrap
2023-10-12,33.40000153,36,33.40000153,35.70000076,3399601,0,1,34.55156784,yahoo_bootstrap
2023-10-13,35.59999847,36.34999847,35.25,35.34999847,2328302,0,1,34.21282477,yahoo_bootstrap
2023-10-16,35.09999847,35.5,34.59999847,35,902030,0,1,33.8740854,yahoo_bootstrap
2023-10-17,35.5,38.20000076,35.40000153,37.40000153,12051010,0,1,36.19688131,yahoo_bootstrap
2023-10-18,37.75,39.29999924,36.20000076,36.34999847,15220566,0,1,35.18065578,yahoo_bootstrap
2023-10-19,35.59999847,39.40000153,35.09999847,38.5,15465015,0,1,37.26149394,yahoo_bootstrap
2023-10-20,38.04999924,39.40000153,37.04999924,37.75,11746900,0,1,36.53562068,yahoo_bootstrap
2023-10-23,37.70000076,38.75,36.84999847,37.29999924,5749230,0,1,36.10009599,yahoo_bootstrap
2023-10-24,37.70000076,37.75,36.09999847,37.09999847,4888540,0,1,35.90652904,yahoo_bootstrap
2023-10-25,37.79999924,39,37.29999924,37.40000153,6362721,0,1,36.19688131,yahoo_bootstrap
2023-10-26,36.5,37,35.54999924,35.65000153,3614154,0,1,34.50317704,yahoo_bootstrap
2023-10-27,35.75,39.20000076,35.54999924,36.70000076,11386394,0,1,35.51939885,yahoo_bootstrap
2023-10-30,37.90000153,40.34999847,37.65000153,40.34999847,20744991,0,1,39.05197983,yahoo_bootstrap
2023-10-31,42.20000076,42.20000076,36.54999924,37.09999847,30538609,0,1,35.90652904,yahoo_bootstrap
2023-11-01,37.20000076,38.04999924,35.70000076,36.54999924,8334240,0,1,35.37422273,yahoo_bootstrap
2023-11-02,37.15000153,39.40000153,36.70000076,38.20000076,13089238,0,1,36.97114537,yahoo_bootstrap
2023-11-03,38.59999847,39.95000076,38.20000076,38.5,12440220,0,1,37.26149394,yahoo_bootstrap
2023-11-06,39.29999924,40.25,38.65000153,38.95000076,11086094,0,1,37.69701863,yahoo_bootstrap
2023-11-07,38.5,39.45000076,38.34999847,38.70000076,4014004,0,1,37.45506088,yahoo_bootstrap
2023-11-08,38.59999847,38.90000153,37.5,37.5,3520283,0,1,36.29366293,yahoo_bootstrap
2023-11-09,37.79999924,37.79999924,35.09999847,36.20000076,3851414,0,1,35.03548335,yahoo_bootstrap
2023-11-10,36.34999847,36.65000153,35.59999847,35.84999847,1573291,0,1,34.69674028,yahoo_bootstrap
2023-11-13,36.59999847,38.75,36.5,38.34999847,6884172,0,1,37.11631781,yahoo_bootstrap
2023-11-14,38.79999924,39.75,38.65000153,39.20000076,7706306,0,1,37.93897638,yahoo_bootstrap
2023-11-15,39.75,39.95000076,38,38.45000076,4026064,0,1,37.21310312,yahoo_bootstrap
2023-11-16,38.54999924,39.09999847,38,38,2805383,0,1,36.77757843,yahoo_bootstrap
2023-11-17,38,39.70000076,37.95000076,39.29999924,6179115,0,1,38.03575801,yahoo_bootstrap
2023-11-20,39.70000076,41.04999924,39.40000153,39.40000153,8384280,0,1,38.13254333,yahoo_bootstrap
2023-11-21,39.40000153,39.65000153,38.59999847,38.70000076,3955483,0,1,37.45506088,yahoo_bootstrap
2023-11-22,38.70000076,40.5,38.70000076,40,6322839,0,1,38.71324046,yahoo_bootstrap
2023-11-23,40.5,41,39.09999847,39.09999847,5090083,0,1,37.84219106,yahoo_bootstrap
2023-11-24,41.09999847,43,39.5,39.95000076,31764427,0,1,38.66484964,yahoo_bootstrap
2023-11-27,40.15000153,40.45000076,38.29999924,38.29999924,5759728,0,1,37.067927,yahoo_bootstrap
2023-11-28,38.04999924,40.29999924,38,40.15000153,4739805,0,1,38.85841659,yahoo_bootstrap
2023-11-29,40.25,42.90000153,40.25,41.84999847,15021118,0,1,40.50372635,yahoo_bootstrap
2023-11-30,41.84999847,42.29999924,40.75,41,5180135,0,1,39.68107147,yahoo_bootstrap
2023-12-01,40.59999847,41.54999924,40.09999847,40.25,3744258,0,1,38.95519821,yahoo_bootstrap
2023-12-04,40.65000153,40.65000153,39.25,39.29999924,2427472,0,1,38.03575801,yahoo_bootstrap
2023-12-05,39.15000153,39.79999924,38.65000153,38.90000153,2340052,0,1,37.64862782,yahoo_bootstrap
2023-12-06,39.20000076,40.29999924,38.90000153,39.79999924,2867617,0,1,38.51967352,yahoo_bootstrap
2023-12-07,40,40,38.59999847,38.59999847,2133683,0,1,37.35827556,yahoo_bootstrap
2023-12-08,39.04999924,39.95000076,39.04999924,39.34999847,2248659,0,1,38.08414882,yahoo_bootstrap
2023-12-11,39.75,40.75,38.70000076,40.09999847,5779397,0,1,38.81002208,yahoo_bootstrap
2023-12-12,40.20000076,40.45000076,39.34999847,39.40000153,2417990,0,1,38.13254333,yahoo_bootstrap
2023-12-13,39.65000153,40.09999847,39.29999924,39.29999924,1566618,0,1,38.03575801,yahoo_bootstrap
2023-12-14,39.65000153,41.90000153,39.29999924,39.5,7702332,0,1,38.22932495,yahoo_bootstrap
2023-12-15,39.59999847,39.90000153,38.29999924,38.40000153,3270208,0,1,37.16471232,yahoo_bootstrap
2023-12-18,38.34999847,38.84999847,38.04999924,38.20000076,1099200,0,1,36.97114537,yahoo_bootstrap
2023-12-19,38.25,38.45000076,37.45000076,37.70000076,1236189,0,1,36.48722986,yahoo_bootstrap
2023-12-20,37.84999847,38.29999924,37.84999847,38.04999924,669000,0,1,36.82596925,yahoo_bootstrap
2023-12-21,37.59999847,37.95000076,37.20000076,37.54999924,655100,0,1,36.34205374,yahoo_bootstrap
2023-12-22,37.84999847,39.25,37.70000076,38.34999847,4058294,0,1,37.11631781,yahoo_bootstrap
2023-12-25,38.59999847,39.25,38.04999924,38.40000153,1654000,0,1,37.16471232,yahoo_bootstrap
2023-12-26,38.79999924,40.59999847,38.59999847,40.5,7181479,0,1,39.19715596,yahoo_bootstrap
2023-12-27,40.5,41.75,40.34999847,40.84999847,8184400,0,1,39.53589533,yahoo_bootstrap
2023-12-28,41.09999847,41.59999847,40.09999847,40.54999924,3307000,0,1,39.24554678,yahoo_bootstrap
2023-12-29,40.84999847,40.95000076,39.95000076,40.20000076,1546184,0,1,38.90680739,yahoo_bootstrap
2024-01-02,40.5,40.79999924,39.90000153,40,1201224,0,1,38.71324046,yahoo_bootstrap
2024-01-03,39.79999924,39.95000076,39,39.09999847,1304689,0,1,37.84219106,yahoo_bootstrap
2024-01-04,39.20000076,39.54999924,38.34999847,38.54999924,1566081,0,1,37.30988475,yahoo_bootstrap
2024-01-05,38.75,39.15000153,37.5,37.5,2607210,0,1,36.29366293,yahoo_bootstrap
2024-01-08,37.79999924,38.34999847,37,37.04999924,1851534,0,1,35.85813824,yahoo_bootstrap
2024-01-09,37.54999924,37.54999924,36.15000153,36.40000153,1348027,0,1,35.2290503,yahoo_bootstrap
2024-01-10,36.40000153,36.65000153,35.75,36,1025081,0,1,34.84191641,yahoo_bootstrap
2024-01-11,36.20000076,37.09999847,35.79999924,36.5,1227454,0,1,35.32583192,yahoo_bootstrap
2024-01-12,36.5,36.70000076,36,36.09999847,733020,0,1,34.93869803,yahoo_bootstrap
2024-01-15,36.45000076,37.70000076,36.29999924,37.59999847,1761245,0,1,36.39044455,yahoo_bootstrap
2024-01-16,37.45000076,37.5,36.70000076,36.79999924,777231,0,1,35.61618048,yahoo_bootstrap
2024-01-17,36.79999924,37,35.79999924,36.20000076,1100113,0,1,35.03548335,yahoo_bootstrap
2024-01-18,36.29999924,36.90000153,35.79999924,36,496100,0,1,34.84191641,yahoo_bootstrap
2024-01-19,36.5,36.79999924,36.15000153,36.40000153,472141,0,1,35.2290503,yahoo_bootstrap
2024-01-22,36.70000076,37.09999847,36.59999847,36.70000076,768002,0,1,35.51939885,yahoo_bootstrap
2024-01-23,37,37,36.45000076,36.70000076,492122,0,1,35.51939885,yahoo_bootstrap
2024-01-24,36.79999924,37.20000076,36.65000153,36.79999924,824045,0,1,35.61618048,yahoo_bootstrap
2024-01-25,37,37,36.20000076,36.5,731328,0,1,35.32583192,yahoo_bootstrap
2024-01-26,36.65000153,36.65000153,35.95000076,35.95000076,656447,0,1,34.7935256,yahoo_bootstrap
2024-01-29,36.15000153,36.54999924,35.90000153,36.5,310165,0,1,35.32583192,yahoo_bootstrap
2024-01-30,36.29999924,36.5,35.90000153,36,408040,0,1,34.84191641,yahoo_bootstrap
2024-01-31,35.95000076,36.40000153,35.95000076,36.04999924,294106,0,1,34.89030723,yahoo_bootstrap
2024-02-01,36.45000076,36.84999847,36.25,36.29999924,497191,0,1,35.13226498,yahoo_bootstrap
2024-02-02,36.70000076,36.75,35.70000076,35.70000076,820211,0,1,34.55156784,yahoo_bootstrap
2024-02-05,35.70000076,35.70000076,34.59999847,35.20000076,727073,0,1,34.06765234,yahoo_bootstrap
2024-02-15,35.20000076,35.65000153,34.90000153,35.59999847,764412,0,1,34.45478252,yahoo_bootstrap
2024-02-16,35.40000153,36.70000076,35.40000153,36.54999924,825105,0,1,35.37422273,yahoo_bootstrap
2024-02-19,36.54999924,37,36.25,36.40000153,648461,0,1,35.2290503,yahoo_bootstrap
2024-02-20,36.5,37.20000076,36.20000076,36.20000076,859184,0,1,35.03548335,yahoo_bootstrap
2024-02-21,36.40000153,36.59999847,36,36.34999847,428169,0,1,35.18065578,yahoo_bootstrap
2024-02-22,36.45000076,36.65000153,36,36.09999847,692111,0,1,34.93869803,yahoo_bootstrap
2024-02-23,36.54999924,36.75,35.45000076,35.45000076,943100,0,1,34.30961009,yahoo_bootstrap
2024-02-26,35.04999924,35.70000076,35.04999924,35.45000076,620010,0,1,34.30961009,yahoo_bootstrap
2024-02-27,35.45000076,35.90000153,34.25,34.54999924,1229100,0,1,33.43856071,yahoo_bootstrap
2024-02-29,34.54999924,34.70000076,34.29999924,34.65000153,387300,0,1,33.53534603,yahoo_bootstrap
2024-03-01,34.79999924,34.84999847,34.34999847,34.40000153,572070,0,1,33.29338827,yahoo_bootstrap
2024-03-04,34.59999847,34.84999847,34.25,34.34999847,765401,0,1,33.24499376,yahoo_bootstrap
2024-03-05,34.70000076,34.84999847,34.04999924,34.84999847,552003,0,1,33.72890927,yahoo_bootstrap
2024-03-06,34.84999847,34.84999847,34.29999924,34.40000153,460100,0,1,33.29338827,yahoo_bootstrap
2024-03-07,34.79999924,36.79999924,34.79999924,35.45000076,3624328,0,1,34.30961009,yahoo_bootstrap
2024-03-08,35.95000076,36.70000076,35.65000153,35.79999924,2965440,0,1,34.64834947,yahoo_bootstrap
2024-03-11,35.70000076,35.70000076,34.90000153,35,1236081,0,1,33.8740854,yahoo_bootstrap
2024-03-12,35.04999924,35.79999924,34.95000076,35.59999847,604257,0,1,34.45478252,yahoo_bootstrap
2024-03-13,35.59999847,35.90000153,34.20000076,34.20000076,1240109,0,1,33.09982133,yahoo_bootstrap
2024-03-14,34.29999924,34.29999924,33.45000076,33.70000076,529194,0,1,32.61590582,yahoo_bootstrap
2024-03-15,33.70000076,33.90000153,33.29999924,33.5,407195,0,1,32.42233888,yahoo_bootstrap
2024-03-18,33.45000076,33.70000076,33.09999847,33.70000076,436311,0,1,32.61590582,yahoo_bootstrap
2024-03-19,33.5,33.70000076,33,33.34999847,716036,0,1,32.27716275,yahoo_bootstrap
2024-03-20,33.79999924,34,33.45000076,33.95000076,644103,0,1,32.85786357,yahoo_bootstrap
2024-03-21,34,34.04999924,33.40000153,33.5,582290,0,1,32.42233888,yahoo_bootstrap
2024-03-22,33.70000076,33.84999847,33.25,33.79999924,610139,0,1,32.71268745,yahoo_bootstrap
2024-03-25,33.54999924,33.90000153,33.54999924,33.90000153,205210,0,1,32.80947277,yahoo_bootstrap
2024-03-26,34.04999924,34.20000076,33.15000153,33.29999924,418011,0,1,32.22877194,yahoo_bootstrap
2024-03-27,33.29999924,33.59999847,33.25,33.54999924,170639,0,1,32.4707297,yahoo_bootstrap
2024-03-28,33.5,33.84999847,33.5,33.54999924,232047,0,1,32.4707297,yahoo_bootstrap
2024-03-29,33.54999924,33.75,33.29999924,33.34999847,230000,0,1,32.27716275,yahoo_bootstrap
2024-04-01,33.34999847,33.95000076,33.34999847,33.90000153,333033,0,1,32.80947277,yahoo_bootstrap
2024-04-02,33.90000153,34.09999847,33.5,33.59999847,347001,0,1,32.5191205,yahoo_bootstrap
2024-04-03,33.65000153,33.70000076,33.20000076,33.29999924,253040,0,1,32.22877194,yahoo_bootstrap
2024-04-08,33.29999924,33.5,33.09999847,33.45000076,299001,0,1,32.37394807,yahoo_bootstrap
2024-04-09,33.45000076,33.70000076,33.25,33.25,322323,0,1,32.18038113,yahoo_bootstrap
2024-04-10,33.45000076,33.90000153,33.29999924,33.70000076,459182,0,1,32.61590582,yahoo_bootstrap
2024-04-11,33.70000076,33.70000076,33,33.04999924,495034,0,1,31.98681419,yahoo_bootstrap
2024-04-12,33.15000153,33.34999847,32.20000076,32.29999924,1032046,0,1,31.26094093,yahoo_bootstrap
2024-04-15,31.5,32.09999847,31.5,31.70000076,425082,0,1,30.6802438,yahoo_bootstrap
2024-04-16,31.70000076,31.70000076,30.5,30.89999962,713184,0,1,29.90597788,yahoo_bootstrap
2024-04-17,31.04999924,31.70000076,31.04999924,31.45000076,299118,0,1,30.43828604,yahoo_bootstrap
2024-04-18,31.10000038,31.5,31.10000038,31.25,184001,0,1,30.24471911,yahoo_bootstrap
2024-04-19,31.10000038,31.10000038,29.85000038,30.45000076,500051,0,1,29.47045503,yahoo_bootstrap
2024-04-22,30.5,30.89999962,30.20000076,30.20000076,229050,0,1,29.22849728,yahoo_bootstrap
2024-04-23,30.70000076,30.75,30.39999962,30.75,119003,0,1,29.7608036,yahoo_bootstrap
2024-04-24,30.85000038,31.20000076,30.85000038,31.10000038,166108,0,1,30.09954482,yahoo_bootstrap
2024-04-25,31,31.10000038,30.54999924,30.70000076,132002,0,1,29.71241279,yahoo_bootstrap
2024-04-26,30.75,31.14999962,30.64999962,30.79999924,235076,0,1,29.80919442,yahoo_bootstrap
2024-04-29,31.14999962,31.45000076,31,31.20000076,351030,0,1,30.19632829,yahoo_bootstrap
2024-04-30,31.20000076,31.29999924,31.10000038,31.14999962,146001,0,1,30.14793564,yahoo_bootstrap
2024-05-02,31,31.25,30.79999924,31.20000076,121005,0,1,30.19632829,yahoo_bootstrap
2024-05-03,31.64999962,31.75,31,31,138031,0,1,30.00276135,yahoo_bootstrap
2024-05-06,31.29999924,31.64999962,31,31.04999924,194002,0,1,30.05115217,yahoo_bootstrap
2024-05-07,31.14999962,31.29999924,30.95000076,31.20000076,123190,0,1,30.19632829,yahoo_bootstrap
2024-05-08,31.39999962,31.5,31.14999962,31.39999962,157100,0,1,30.38989339,yahoo_bootstrap
2024-05-09,31.64999962,31.95000076,31.20000076,31.20000076,228078,0,1,30.19632829,yahoo_bootstrap
2024-05-10,31.45000076,31.45000076,30.75,30.95000076,180001,0,1,29.95437054,yahoo_bootstrap
2024-05-13,30.89999962,30.95000076,30.60000038,30.79999924,194085,0,1,29.80919442,yahoo_bootstrap
2024-05-14,30.79999924,31.70000076,30.79999924,31.54999924,365223,0,1,30.53506767,yahoo_bootstrap
2024-05-15,31.75,31.79999924,31.20000076,31.29999924,170161,0,1,30.29310992,yahoo_bootstrap
2024-05-16,31.54999924,31.60000038,31.25,31.35000038,189014,0,1,30.34150257,yahoo_bootstrap
2024-05-17,31.45000076,32.34999847,31.45000076,32.20000076,772022,0,1,31.1641593,yahoo_bootstrap
2024-05-20,32.15000153,32.15000153,31.54999924,31.70000076,253027,0,1,30.6802438,yahoo_bootstrap
2024-05-21,31.79999924,31.79999924,31.5,31.60000038,104003,0,1,30.58346033,yahoo_bootstrap
2024-05-22,31.60000038,32.09999847,31.60000038,32.09999847,210140,0,1,31.06737398,yahoo_bootstrap
2024-05-23,32.09999847,32.09999847,30.5,31.29999924,204323,0,1,30.29310992,yahoo_bootstrap
2024-05-24,31.29999924,32.25,31.14999962,31.75,299099,0,1,30.72863461,yahoo_bootstrap
2024-05-27,32,32.45000076,31.60000038,32.20000076,337623,0,1,31.1641593,yahoo_bootstrap
2024-05-28,32.54999924,33.29999924,32.40000153,33.29999924,809527,0,1,32.22877194,yahoo_bootstrap
2024-05-29,33.70000076,33.70000076,32.84999847,32.95000076,562652,0,1,31.89003256,yahoo_bootstrap
2024-05-30,32.59999847,32.84999847,32.09999847,32.09999847,315030,0,1,31.06737398,yahoo_bootstrap
2024-05-31,32.20000076,32.79999924,31.89999962,32,214028,0,1,30.97059236,yahoo_bootstrap
2024-06-03,32.09999847,32.5,32,32.20000076,102204,0,1,31.1641593,yahoo_bootstrap
2024-06-04,31.95000076,32.34999847,31.54999924,31.70000076,221011,0,1,30.6802438,yahoo_bootstrap
2024-06-05,32.04999924,32.04999924,31.10000038,31.29999924,225000,0,1,30.29310992,yahoo_bootstrap
2024-06-06,31.5,31.70000076,30.95000076,30.95000076,283120,0,1,29.95437054,yahoo_bootstrap
2024-06-07,31.25,31.60000038,31,31.60000038,337061,0,1,30.58346033,yahoo_bootstrap
2024-06-11,31.60000038,31.60000038,30.89999962,31,266002,0,1,30.00276135,yahoo_bootstrap
2024-06-12,31.35000038,31.39999962,31,31.14999962,174001,0,1,30.14793564,yahoo_bootstrap
2024-06-13,31.39999962,31.70000076,31.20000076,31.64999962,257214,0,1,30.63185114,yahoo_bootstrap
2024-06-14,31.64999962,31.64999962,31.29999924,31.35000038,208080,0,1,30.34150257,yahoo_bootstrap
2024-06-17,31.35000038,32.04999924,31.25,31.75,400000,0,1,30.72863461,yahoo_bootstrap
2024-06-18,31.79999924,32.09999847,31.35000038,31.5,523271,0,1,30.48667686,yahoo_bootstrap
2024-06-19,30.89999962,31.29999924,30.64999962,30.89999962,336002,0.61,1,30.49654592,yahoo_bootstrap
2024-06-20,31.20000076,31.39999962,31,31.20000076,204003,0,1,30.79263002,yahoo_bootstrap
2024-06-21,31.35000038,31.85000038,31.20000076,31.29999924,377612,0,1,30.89132284,yahoo_bootstrap
2024-06-24,31.70000076,32,31.20000076,31.20000076,375003,0,1,30.79263002,yahoo_bootstrap
2024-06-25,31.54999924,31.54999924,30.54999924,31.04999924,148001,0,1,30.64458703,yahoo_bootstrap
2024-06-26,31.10000038,31.39999962,30.89999962,31.14999962,289100,0,1,30.74328173,yahoo_bootstrap
2024-06-27,31.29999924,31.5,30.75,30.89999962,247882,0,1,30.49654592,yahoo_bootstrap
2024-06-28,30.95000076,31.5,30.95000076,31.29999924,177001,0,1,30.89132284,yahoo_bootstrap
2024-07-01,31.5,31.5,30.85000038,30.89999962,205204,0,1,30.49654592,yahoo_bootstrap
2024-07-02,30.89999962,31.25,30.89999962,31.14999962,215000,0,1,30.74328173,yahoo_bootstrap
2024-07-03,31.20000076,31.95000076,31.20000076,31.79999924,458016,0,1,31.38479446,yahoo_bootstrap
2024-07-04,32.04999924,32.45000076,31.79999924,31.89999962,563223,0,1,31.48348916,yahoo_bootstrap
2024-07-05,32,35.04999924,31.89999962,35.04999924,6365194,0,1,34.59236001,yahoo_bootstrap
2024-07-08,34.79999924,38.54999924,34.20000076,38.54999924,13708976,0,1,38.04666137,yahoo_bootstrap
2024-07-09,38.95000076,39.20000076,35.70000076,36.5,7792744,0,1,36.02342847,yahoo_bootstrap
2024-07-10,36.59999847,40.15000153,35.79999924,40.15000153,13145433,0,1,39.62577282,yahoo_bootstrap
2024-07-11,40.04999924,40.04999924,38.79999924,39.65000153,8123108,0,1,39.1323012,yahoo_bootstrap
2024-07-12,39,39.79999924,37.79999924,38.40000153,5005521,0,1,37.89862214,yahoo_bootstrap
2024-07-15,38.5,39.29999924,36.04999924,36.34999847,3837507,0,1,35.87538547,yahoo_bootstrap
2024-07-16,36.59999847,39.95000076,36.59999847,39.25,11733441,0,1,38.73752239,yahoo_bootstrap
2024-07-17,38.79999924,39.15000153,37.65000153,37.95000076,4097278,0,1,37.45449692,yahoo_bootstrap
2024-07-18,37.5,37.54999924,36,36.84999847,2110322,0,1,36.36885709,yahoo_bootstrap
2024-07-19,37,37.15000153,34.95000076,35.09999847,1906050,0,1,34.64170641,yahoo_bootstrap
2024-07-22,35,35.40000153,33.29999924,33.79999924,1346001,0,1,33.35868095,yahoo_bootstrap
2024-07-23,34.59999847,35,33.84999847,33.90000153,882100,0,1,33.45737754,yahoo_bootstrap
2024-07-26,32.79999924,33.20000076,32.09999847,33,735181,0,1,32.56912711,yahoo_bootstrap
2024-07-29,33.5,33.54999924,31.70000076,31.79999924,780031,0,1,31.38479446,yahoo_bootstrap
2024-07-30,31.79999924,32.20000076,31.20000076,32.09999847,839121,0,1,31.68087668,yahoo_bootstrap
2024-07-31,31.70000076,32.70000076,31.60000038,32,505202,0,1,31.58218386,yahoo_bootstrap
2024-08-01,32.65000153,33.34999847,32.59999847,32.90000153,654119,0,1,32.47043429,yahoo_bootstrap
2024-08-02,32,32.40000153,31.5,31.64999962,588079,0,1,31.23675335,yahoo_bootstrap
2024-08-05,30.5,30.5,28.5,28.5,1556000,0,1,28.1278825,yahoo_bootstrap
2024-08-06,28.39999962,29.35000038,25.70000076,28.10000038,909150,0,1,27.73310558,yahoo_bootstrap
2024-08-07,28.04999924,30.10000038,28.04999924,29.95000076,627101,0,1,29.55895096,yahoo_bootstrap
2024-08-08,29,29.79999924,28.95000076,29.14999962,444203,0,1,28.76939524,yahoo_bootstrap
2024-08-09,30.29999924,30.5,29.89999962,30.25,663149,0,1,29.85503318,yahoo_bootstrap
2024-08-12,30.25,30.89999962,30.25,30.39999962,362000,0,1,30.00307429,yahoo_bootstrap
2024-08-13,30.45000076,30.60000038,30.14999962,30.45000076,367080,0,1,30.05242258,yahoo_bootstrap
2024-08-14,30.79999924,31.04999924,30.29999924,30.60000038,380041,0,1,30.20046369,yahoo_bootstrap
2024-08-15,30.64999962,31.20000076,30.39999962,30.89999962,370001,0,1,30.49654592,yahoo_bootstrap
2024-08-16,31.20000076,31.60000038,30.89999962,31,322061,0,1,30.59524062,yahoo_bootstrap
2024-08-19,31.10000038,31.5,30.79999924,31.20000076,250002,0,1,30.79263002,yahoo_bootstrap
2024-08-20,31.20000076,31.79999924,31.14999962,31.25,313101,0,1,30.84197643,yahoo_bootstrap
2024-08-21,31.14999962,31.39999962,30.79999924,30.95000076,198690,0,1,30.5458942,yahoo_bootstrap
2024-08-22,30.95000076,31.5,30.85000038,31,275002,0,1,30.59524062,yahoo_bootstrap
2024-08-23,31,31.5,30.54999924,31.29999924,333111,0,1,30.89132284,yahoo_bootstrap
2024-08-26,31.45000076,31.5,30.89999962,30.89999962,320273,0,1,30.49654592,yahoo_bootstrap
2024-08-27,30.95000076,31.10000038,30.79999924,31.10000038,149020,0,1,30.69393532,yahoo_bootstrap
2024-08-28,30.89999962,31.20000076,30.70000076,30.95000076,194061,0,1,30.5458942,yahoo_bootstrap
2024-08-29,31.25,31.35000038,30.89999962,31.29999924,180000,0,1,30.89132284,yahoo_bootstrap
2024-08-30,31.5,33.29999924,31.39999962,32.54999924,1187413,0,1,32.1250019,yahoo_bootstrap
2024-09-02,33.25,33.45000076,32.59999847,32.79999924,599111,0,1,32.37173771,yahoo_bootstrap
2024-09-03,32.95000076,33,32,32,505181,0,1,31.58218386,yahoo_bootstrap
2024-09-04,30.75,31,30,30.20000076,560099,0,1,29.80568677,yahoo_bootstrap
2024-09-05,30.39999962,31.79999924,30.35000038,30.45000076,399419,0,1,30.05242258,yahoo_bootstrap
2024-09-06,30.5,30.79999924,30.25,30.29999924,217100,0,1,29.90437959,yahoo_bootstrap
2024-09-09,30.14999962,31.25,29.95000076,31.04999924,416305,0,1,30.64458703,yahoo_bootstrap
2024-09-10,31.25,31.25,30.39999962,30.60000038,246697,0,1,30.20046369,yahoo_bootstrap
2024-09-11,30.29999924,30.45000076,29.45000076,29.70000076,551098,0,1,29.31221515,yahoo_bootstrap
2024-09-12,30,30.25,29.5,29.54999924,727200,0,1,29.16417216,yahoo_bootstrap
2024-09-13,29.60000038,30.39999962,29.45000076,30.14999962,388003,0,1,29.75633848,yahoo_bootstrap
2024-09-16,30.14999962,30.60000038,30.14999962,30.20000076,173052,0,1,29.80568677,yahoo_bootstrap
2024-09-18,30.54999924,30.54999924,29.60000038,29.60000038,246353,0,1,29.21352045,yahoo_bootstrap
2024-09-19,29.79999924,30.29999924,29.64999962,30.20000076,108003,0,1,29.80568677,yahoo_bootstrap
2024-09-20,30.54999924,30.79999924,30.25,30.25,211004,0,1,29.85503318,yahoo_bootstrap
2024-09-23,30.29999924,31.20000076,30.29999924,30.79999924,400001,0,1,30.39785122,yahoo_bootstrap
2024-09-24,31,31.04999924,30.5,30.60000038,174001,0,1,30.20046369,yahoo_bootstrap
2024-09-25,30.89999962,33.65000153,30.89999962,33.65000153,4020203,0,1,33.21064173,yahoo_bootstrap
2024-09-26,34,36.70000076,33.34999847,34.75,11466581,0,1,34.29627779,yahoo_bootstrap
2024-09-27,34.75,35.79999924,33.79999924,34.29999924,3103076,0,1,33.85215258,yahoo_bootstrap
2024-09-30,34,34.20000076,33.40000153,33.40000153,860132,0,1,32.96390592,yahoo_bootstrap
2024-10-01,33.70000076,33.75,32.84999847,32.95000076,620511,0,1,32.51978069,yahoo_bootstrap
2024-10-04,33.29999924,35.45000076,32.95000076,34.15000153,2765221,0,1,33.70411335,yahoo_bootstrap
2024-10-07,34.84999847,34.84999847,33.65000153,33.84999847,1095020,0,1,33.40802736,yahoo_bootstrap
2024-10-08,33.79999924,33.79999924,33,33.20000076,672201,0,1,32.76651651,yahoo_bootstrap
2024-10-09,33.70000076,33.70000076,32.5,32.65000153,444400,0,1,32.22369848,yahoo_bootstrap
2024-10-11,32.90000153,33,32,32.04999924,506006,0,1,31.63153027,yahoo_bootstrap
2024-10-14,32.04999924,32.65000153,32.04999924,32.29999924,311030,0,1,31.87826609,yahoo_bootstrap
2024-10-15,32.5,32.79999924,31.85000038,31.85000038,357027,0,1,31.43414275,yahoo_bootstrap
2024-10-16,31.95000076,32.25,31.70000076,31.70000076,332102,0,1,31.28610164,yahoo_bootstrap
2024-10-17,31.79999924,32.70000076,31.79999924,32.20000076,275003,0,1,31.77957326,yahoo_bootstrap
2024-10-18,32.5,32.5,31.5,31.5,311003,0,1,31.08871224,yahoo_bootstrap
2024-10-21,31.5,32.5,31.5,32.34999847,509020,0,1,31.92761249,yahoo_bootstrap
2024-10-22,32.45000076,32.95000076,32.25,32.59999847,343001,0,1,32.1743483,yahoo_bootstrap
2024-10-23,32.59999847,33.20000076,32.40000153,32.5,318022,0,1,32.07565548,yahoo_bootstrap
2024-10-24,32.5,32.90000153,32.40000153,32.59999847,298010,0,1,32.1743483,yahoo_bootstrap
2024-10-25,32.70000076,32.70000076,32.09999847,32.15000153,202103,0,1,31.73022686,yahoo_bootstrap
2024-10-28,32.20000076,32.20000076,31.39999962,31.60000038,330001,0,1,31.18740694,yahoo_bootstrap
2024-10-29,31.25,31.60000038,30.5,31,215024,0,1,30.59524062,yahoo_bootstrap
2024-10-30,31.04999924,31.14999962,30.39999962,30.5,205022,0,1,30.10176899,yahoo_bootstrap
2024-11-01,30.5,30.95000076,30,30.89999962,126000,0,1,30.49654592,yahoo_bootstrap
2024-11-04,31,31.04999924,30.54999924,30.60000038,176002,0,1,30.20046369,yahoo_bootstrap
2024-11-05,30.45000076,31.04999924,30.35000038,30.45000076,177001,0,1,30.05242258,yahoo_bootstrap
2024-11-06,31,32.20000076,30.60000038,31.39999962,413348,0,1,30.99001754,yahoo_bootstrap
2024-11-07,31.64999962,32.20000076,31.54999924,32.09999847,299120,0,1,31.68087668,yahoo_bootstrap
2024-11-08,32.59999847,32.59999847,31,31.25,333103,0,1,30.84197643,yahoo_bootstrap
2024-11-11,31,31.10000038,30.64999962,30.95000076,252000,0,1,30.5458942,yahoo_bootstrap
2024-11-12,30.89999962,30.89999962,30.20000076,30.29999924,240040,0,1,29.90437959,yahoo_bootstrap
2024-11-13,30.75,30.75,30.20000076,30.29999924,190050,0,1,29.90437959,yahoo_bootstrap
2024-11-14,30.29999924,30.39999962,29.70000076,29.79999924,390166,0,1,29.41090797,yahoo_bootstrap
2024-11-15,29.79999924,30.39999962,29.79999924,30,201053,0,1,29.60829737,yahoo_bootstrap
2024-11-18,30,30,29.45000076,29.5,201080,0,1,29.11482575,yahoo_bootstrap
2024-11-19,29.5,30,29.39999962,29.89999962,92051,0,1,29.50960267,yahoo_bootstrap
2024-11-20,29.35000038,29.35000038,29.35000038,29.35000038,201238,0,1,28.96678464,yahoo_bootstrap
2024-11-21,29.35000038,29.64999962,29.25,29.45000076,108040,0,1,29.06547934,yahoo_bootstrap
2024-11-22,29.60000038,30.20000076,29.60000038,29.70000076,151067,0,1,29.31221515,yahoo_bootstrap
2024-11-25,30.14999962,30.75,29.95000076,30.20000076,162001,0,1,29.80568677,yahoo_bootstrap
2024-11-26,30.20000076,30.5,30,30.10000038,118020,0,1,29.70699207,yahoo_bootstrap
2024-11-27,30.10000038,30.29999924,29.25,29.25,201000,0,1,28.86808994,yahoo_bootstrap
2024-11-28,29.29999924,29.54999924,28.75,29.14999962,191060,0,1,28.76939524,yahoo_bootstrap
2024-11-29,29,29.39999962,28.85000038,29.25,57083,0,1,28.86808994,yahoo_bootstrap
2024-12-02,29.64999962,29.70000076,29.10000038,29.14999962,107001,0,1,28.76939524,yahoo_bootstrap
2024-12-03,29.25,29.70000076,29.10000038,29.39999962,312872,0,1,29.01613105,yahoo_bootstrap
2024-12-04,29.70000076,30.60000038,29.70000076,30.35000038,384050,0,1,29.95372788,yahoo_bootstrap
2024-12-05,31,31,29.89999962,30,151083,0,1,29.60829737,yahoo_bootstrap
2024-12-06,29.89999962,30.45000076,29.85000038,29.95000076,97001,0,1,29.55895096,yahoo_bootstrap
2024-12-09,30.20000076,30.25,29.70000076,29.70000076,245001,0,1,29.31221515,yahoo_bootstrap
2024-12-10,29.70000076,30.79999924,29.70000076,30.20000076,221040,0,1,29.80568677,yahoo_bootstrap
2024-12-11,29.60000038,30.29999924,29.60000038,29.95000076,189080,0,1,29.55895096,yahoo_bootstrap
2024-12-12,30.45000076,30.95000076,30.04999924,30.10000038,293013,0,1,29.70699207,yahoo_bootstrap
2024-12-13,30.10000038,30.10000038,29.10000038,29.20000076,263055,0,1,28.81874352,yahoo_bootstrap
2024-12-16,29.20000076,29.25,27.64999962,27.95000076,638000,0,1,27.58506447,yahoo_bootstrap
2024-12-17,28.20000076,29.20000076,28.20000076,28.60000038,266002,0,1,28.2265772,yahoo_bootstrap
2024-12-18,28.79999924,29,28.25,28.64999962,140000,0,1,28.27592361,yahoo_bootstrap
2024-12-19,28.60000038,28.70000076,28.29999924,28.5,151100,0,1,28.1278825,yahoo_bootstrap
2024-12-20,28.35000038,29.10000038,28.25,28.29999924,164005,0,1,27.9304931,yahoo_bootstrap
2024-12-23,28.89999962,29.25,28.75,29,199079,0,1,28.62135412,yahoo_bootstrap
2024-12-24,29,29.54999924,28.85000038,28.95000076,278018,0,1,28.57200771,yahoo_bootstrap
2024-12-25,29.29999924,29.64999962,29.20000076,29.60000038,251015,0,1,29.21352045,yahoo_bootstrap
2024-12-26,29.75,30.04999924,29.35000038,29.5,149049,0,1,29.11482575,yahoo_bootstrap
2024-12-27,29.85000038,29.89999962,29.35000038,29.35000038,92099,0,1,28.96678464,yahoo_bootstrap
2024-12-30,29.20000076,29.60000038,29.10000038,29.10000038,105005,0,1,28.72004882,yahoo_bootstrap
2024-12-31,29,29.45000076,28.85000038,29.45000076,121000,0,1,29.06547934,yahoo_bootstrap
2025-01-02,29.14999962,29.5,28.75,29,98006,0,1,28.62135412,yahoo_bootstrap
2025-01-03,29,29.25,28.14999962,28.20000076,302232,0,1,27.83180028,yahoo_bootstrap
2025-01-06,28.39999962,29.10000038,28.35000038,29.10000038,249063,0,1,28.72004882,yahoo_bootstrap
2025-01-07,29.20000076,29.20000076,28.5,28.70000076,120021,0,1,28.3252719,yahoo_bootstrap
2025-01-08,28.45000076,28.5,28.25,28.29999924,73007,0,1,27.9304931,yahoo_bootstrap
2025-01-09,28.14999962,28.29999924,27.25,27.35000038,283215,0,1,26.99289814,yahoo_bootstrap
2025-01-10,27.35000038,27.64999962,26.70000076,27,317168,0,1,26.64746763,yahoo_bootstrap
2025-01-13,26.85000038,26.85000038,25.79999924,26.60000038,280003,0,1,26.25269071,yahoo_bootstrap
2025-01-14,25.89999962,27.04999924,25.89999962,26.95000076,126023,0,1,26.59812122,yahoo_bootstrap
2025-01-15,26.39999962,27.10000038,26.39999962,26.85000038,167007,0,1,26.49942652,yahoo_bootstrap
2025-01-16,27.20000076,27.39999962,27,27.04999924,130623,0,1,26.69681405,yahoo_bootstrap
2025-01-17,27.10000038,27.54999924,27,27.29999924,235011,0,1,26.94354986,yahoo_bootstrap
2025-01-20,27.35000038,27.75,27.35000038,27.70000076,41008,0,1,27.33832866,yahoo_bootstrap
2025-01-21,27.60000038,27.70000076,27.5,27.70000076,73008,0,1,27.33832866,yahoo_bootstrap
2025-01-22,27.70000076,27.85000038,27.60000038,27.85000038,165005,0,1,27.48636977,yahoo_bootstrap
2025-02-03,27.89999962,27.89999962,27,27.89999962,116001,0,1,27.53571618,yahoo_bootstrap
2025-02-04,27.89999962,29.75,27.89999962,29.25,532155,0,1,28.86808994,yahoo_bootstrap
2025-02-05,29.60000038,30.10000038,29.14999962,29.85000038,384808,0,1,29.46025626,yahoo_bootstrap
2025-02-06,30,30.29999924,29.54999924,29.60000038,308160,0,1,29.21352045,yahoo_bootstrap
2025-02-07,29.60000038,30.39999962,29.60000038,30.25,282120,0,1,29.85503318,yahoo_bootstrap
2025-02-10,30.10000038,30.29999924,29.70000076,30,152144,0,1,29.60829737,yahoo_bootstrap
2025-02-11,30.45000076,31,29.60000038,29.60000038,271142,0,1,29.21352045,yahoo_bootstrap
2025-02-12,29.95000076,30.79999924,29.95000076,30.10000038,502211,0,1,29.70699207,yahoo_bootstrap
2025-02-13,30.25,30.45000076,30.04999924,30.10000038,192735,0,1,29.70699207,yahoo_bootstrap
2025-02-14,30.10000038,30.70000076,30,30.25,237001,0,1,29.85503318,yahoo_bootstrap
2025-02-17,30.35000038,30.60000038,30.14999962,30.39999962,207610,0,1,30.00307429,yahoo_bootstrap
2025-02-18,30.29999924,30.75,30.29999924,30.39999962,162172,0,1,30.00307429,yahoo_bootstrap
2025-02-19,30.45000076,30.89999962,30.45000076,30.85000038,187185,0,1,30.4471995,yahoo_bootstrap
2025-02-20,30.75,31,30.39999962,30.5,116006,0,1,30.10176899,yahoo_bootstrap
2025-02-21,30.39999962,30.70000076,30.20000076,30.35000038,162102,0,1,29.95372788,yahoo_bootstrap
2025-02-24,30.54999924,30.79999924,30.54999924,30.70000076,124002,0,1,30.29915839,yahoo_bootstrap
2025-02-25,30.95000076,30.95000076,30.14999962,30.29999924,149105,0,1,29.90437959,yahoo_bootstrap
2025-02-26,30.25,30.39999962,30,30.39999962,122002,0,1,30.00307429,yahoo_bootstrap
2025-02-27,30.29999924,30.54999924,30.14999962,30.20000076,125002,0,1,29.80568677,yahoo_bootstrap
2025-03-03,30.54999924,30.54999924,29.79999924,30,107017,0,1,29.60829737,yahoo_bootstrap
2025-03-04,29.54999924,30.60000038,29.5,30.39999962,193103,0,1,30.00307429,yahoo_bootstrap
2025-03-05,30,30.60000038,30,30.35000038,104006,0,1,29.95372788,yahoo_bootstrap
2025-03-06,30.35000038,30.35000038,29.79999924,29.95000076,132018,0,1,29.55895096,yahoo_bootstrap
2025-03-07,29.95000076,30.60000038,29.5,29.54999924,173021,0,1,29.16417216,yahoo_bootstrap
2025-03-10,29.14999962,29.75,29.14999962,29.39999962,88006,0,1,29.01613105,yahoo_bootstrap
2025-03-11,29.39999962,29.39999962,27.89999962,28.85000038,259041,0,1,28.47331301,yahoo_bootstrap
2025-03-12,28.75,29.20000076,28.75,29.10000038,57004,0,1,28.72004882,yahoo_bootstrap
2025-03-13,29.14999962,29.45000076,28.5,28.70000076,74129,0,1,28.3252719,yahoo_bootstrap
2025-03-14,28.5,28.95000076,28.5,28.85000038,64022,0,1,28.47331301,yahoo_bootstrap
2025-03-17,28.70000076,29.29999924,28.70000076,28.85000038,58010,0,1,28.47331301,yahoo_bootstrap
2025-03-18,28.85000038,29.20000076,28.85000038,28.95000076,105004,0,1,28.57200771,yahoo_bootstrap
2025-03-19,28.79999924,29,28.75,28.95000076,69003,0,1,28.57200771,yahoo_bootstrap
2025-03-20,29,29.45000076,29,29.39999962,127013,0,1,29.01613105,yahoo_bootstrap
2025-03-21,29.29999924,29.39999962,29.10000038,29.29999924,56401,0,1,28.91743635,yahoo_bootstrap
2025-03-24,29.10000038,29.5,28.85000038,28.85000038,66029,0,1,28.47331301,yahoo_bootstrap
2025-03-25,28.64999962,29.60000038,28.64999962,28.85000038,84307,0,1,28.47331301,yahoo_bootstrap
2025-03-26,28.95000076,29.29999924,28.85000038,29.29999924,76200,0,1,28.91743635,yahoo_bootstrap
2025-03-27,28.89999962,29.10000038,28.79999924,28.85000038,47193,0,1,28.47331301,yahoo_bootstrap
2025-03-28,28.79999924,28.79999924,27.75,28.04999924,202003,0,1,27.68375729,yahoo_bootstrap
2025-03-31,27.14999962,27.20000076,26.04999924,26.29999924,310052,0,1,25.95660661,yahoo_bootstrap
2025-04-01,26.25,26.89999962,26.25,26.85000038,96004,0,1,26.49942652,yahoo_bootstrap
2025-04-02,26.85000038,27.14999962,26.60000038,26.95000076,110002,0,1,26.59812122,yahoo_bootstrap
2025-04-07,24.29999924,24.29999924,24.29999924,24.29999924,53001,0,1,23.98272012,yahoo_bootstrap
2025-04-08,21.89999962,22.5,21.89999962,21.89999962,354006,0,1,21.61405671,yahoo_bootstrap
2025-04-09,20.89999962,21.54999924,19.75,19.75,349019,0,1,19.4921291,yahoo_bootstrap
2025-04-10,21.14999962,21.70000076,21.14999962,21.70000076,268011,0,1,21.41666918,yahoo_bootstrap
2025-04-11,20.54999924,22.10000038,20.39999962,21.95000076,281822,0,1,21.66340499,yahoo_bootstrap
2025-04-14,22.54999924,23.60000038,22.04999924,22.29999924,197010,0,1,22.00883363,yahoo_bootstrap
2025-04-15,22.29999924,24.04999924,22.29999924,24,173050,0,1,23.6866379,yahoo_bootstrap
2025-04-16,24,24.5,23.10000038,23.14999962,91029,0,1,22.84773576,yahoo_bootstrap
2025-04-17,23.04999924,23.5,22.64999962,22.89999962,76015,0,1,22.60099995,yahoo_bootstrap
2025-04-18,22.89999962,23,22.79999924,22.79999924,20270,0,1,22.50230525,yahoo_bootstrap
2025-04-21,22.79999924,22.79999924,21.79999924,21.79999924,100109,0,1,21.51536201,yahoo_bootstrap
2025-04-22,21.70000076,22.04999924,21.5,21.70000076,70001,0,1,21.41666918,yahoo_bootstrap
2025-04-23,22.20000076,22.39999962,21.5,22.14999962,118001,0,1,21.86079252,yahoo_bootstrap
2025-04-24,22.14999962,22.60000038,22.10000038,22.60000038,89030,0,1,22.30491773,yahoo_bootstrap
2025-04-25,22.79999924,23.95000076,22.79999924,23.60000038,169010,0,1,23.29186097,yahoo_bootstrap
2025-04-28,23.60000038,24,23.54999924,24,70015,0,1,23.6866379,yahoo_bootstrap
2025-04-29,24.10000038,24.5,24.10000038,24.35000038,57009,0,1,24.03206841,yahoo_bootstrap
2025-04-30,24.14999962,24.54999924,23.60000038,23.64999962,83059,0,1,23.34120739,yahoo_bootstrap
2025-05-02,24.25,24.25,23.75,24,78401,0,1,23.6866379,yahoo_bootstrap
2025-05-05,23.79999924,23.79999924,22.70000076,23.39999962,83396,0,1,23.09447157,yahoo_bootstrap
2025-05-06,23.39999962,23.60000038,22.79999924,23.54999924,58011,0,1,23.24251269,yahoo_bootstrap
2025-05-07,23.54999924,23.54999924,23,23.10000038,50026,0,1,22.79838935,yahoo_bootstrap
2025-05-08,23.54999924,24,23.54999924,23.95000076,62059,0,1,23.63729148,yahoo_bootstrap
2025-05-09,23.95000076,23.95000076,23.10000038,23.45000076,170044,0,1,23.14381986,yahoo_bootstrap
2025-05-12,23.45000076,23.75,23,23.70000076,128015,0,1,23.39055567,yahoo_bootstrap
2025-05-13,23.89999962,24.20000076,23.70000076,23.79999924,101015,0,1,23.4892485,yahoo_bootstrap
2025-05-14,24.14999962,25.35000038,24.04999924,25.35000038,284415,0,1,25.01901165,yahoo_bootstrap
2025-05-15,25.35000038,25.39999962,25,25.14999962,225009,0,1,24.82162225,yahoo_bootstrap
2025-05-16,25.54999924,25.54999924,25.04999924,25.29999924,93019,0,1,24.96966337,yahoo_bootstrap
2025-05-19,25.25,25.25,24.20000076,24.89999962,112007,0,1,24.57488644,yahoo_bootstrap
2025-05-20,26.5,27.35000038,26.10000038,27.35000038,1542026,0,1,26.99289814,yahoo_bootstrap
2025-05-21,27.45000076,29.70000076,26.79999924,28.5,3899084,0,1,28.1278825,yahoo_bootstrap
2025-05-22,27.95000076,28.04999924,27.04999924,27.35000038,686138,0,1,26.99289814,yahoo_bootstrap
2025-05-23,27.45000076,28.60000038,26.60000038,26.79999924,620282,0,1,26.45007823,yahoo_bootstrap
2025-05-26,26.85000038,27,26.25,26.60000038,247106,0,1,26.25269071,yahoo_bootstrap
2025-05-27,26.64999962,27.10000038,26.14999962,26.20000076,198079,0,1,25.85791379,yahoo_bootstrap
2025-05-28,26.25,26.60000038,26.10000038,26.10000038,130000,0,1,25.75921909,yahoo_bootstrap
2025-05-29,26.25,26.35000038,25.89999962,26,231006,0,1,25.66052439,yahoo_bootstrap
2025-06-02,25.89999962,25.89999962,24.85000038,24.85000038,187005,0,1,24.52554003,yahoo_bootstrap
2025-06-03,24.89999962,25.54999924,24.89999962,25.10000038,77025,0,1,24.77227584,yahoo_bootstrap
2025-06-04,25.20000076,25.79999924,25.20000076,25.75,80012,0,1,25.41378858,yahoo_bootstrap
2025-06-05,25.79999924,25.85000038,25.14999962,25.20000076,164050,0,1,24.87097054,yahoo_bootstrap
2025-06-06,25.35000038,26.79999924,25.25,26.10000038,206187,0,1,25.75921909,yahoo_bootstrap
2025-06-09,26.25,26.25,25.25,25.60000038,98993,0,1,25.26574746,yahoo_bootstrap
2025-06-10,25.5,26.04999924,25.5,25.54999924,119006,0,1,25.21639918,yahoo_bootstrap
2025-06-11,25.54999924,27.10000038,25.5,26.85000038,427535,0,1,26.49942652,yahoo_bootstrap
2025-06-12,26.85000038,26.85000038,26.45000076,26.60000038,111065,0,1,26.25269071,yahoo_bootstrap
2025-06-13,26.10000038,26.64999962,25.79999924,25.79999924,162992,0,1,25.46313499,yahoo_bootstrap
2025-06-16,25.25,26.20000076,25.10000038,25.14999962,280233,0,1,24.82162225,yahoo_bootstrap
2025-06-17,26,26.60000038,25.60000038,25.85000038,242009,0,1,25.51248328,yahoo_bootstrap
2025-06-18,26.39999962,26.39999962,25.75,25.89999962,180010,0,1,25.56182969,yahoo_bootstrap
2025-06-19,25.75,25.79999924,25.04999924,25.10000038,173016,0.17,1,24.93594809,yahoo_bootstrap
2025-06-20,25.35000038,25.45000076,24.5,25,150000,0,1,24.83660131,yahoo_bootstrap
2025-06-23,24.5,24.95000076,24,24.39999962,140540,0,1,24.2405225,yahoo_bootstrap
2025-06-24,24.89999962,25.64999962,24.79999924,25.60000038,146005,0,1,25.43268012,yahoo_bootstrap
2025-06-25,25.79999924,25.79999924,25.29999924,25.35000038,151017,0,1,25.1843141,yahoo_bootstrap
2025-06-26,25.64999962,26.25,25.25,25.54999924,158015,0,1,25.38300578,yahoo_bootstrap
2025-06-27,25.64999962,25.75,25.14999962,25.29999924,295010,0,1,25.13463977,yahoo_bootstrap
2025-06-30,25.35000038,25.35000038,24.79999924,24.79999924,145010,0,1,24.63790774,yahoo_bootstrap
2025-07-01,25.20000076,25.70000076,25,25.20000076,101000,0,1,25.03529487,yahoo_bootstrap
2025-07-02,25.54999924,25.60000038,25.10000038,25.39999962,134000,0,1,25.23398655,yahoo_bootstrap
2025-07-03,25.39999962,25.79999924,25.35000038,25.5,128121,0,1,25.33333333,yahoo_bootstrap
2025-07-04,25.54999924,25.79999924,24.79999924,24.85000038,128620,0,1,24.68758208,yahoo_bootstrap
2025-07-07,24.85000038,24.85000038,24.10000038,24.5,108142,0,1,24.33986928,yahoo_bootstrap
2025-07-08,24.39999962,24.39999962,24,24.29999924,140001,0,1,24.14117572,yahoo_bootstrap
2025-07-09,24.14999962,24.70000076,24.14999962,24.5,134000,0,1,24.33986928,yahoo_bootstrap
2025-07-10,24.25,24.45000076,24,24.14999962,225018,0,1,23.99215649,yahoo_bootstrap
2025-07-11,24.14999962,24.64999962,24.14999962,24.60000038,163039,0,1,24.43921606,yahoo_bootstrap
2025-07-14,24.25,24.25,23.60000038,23.79999924,238020,0,1,23.64444369,yahoo_bootstrap
2025-07-15,23.75,24.20000076,23.70000076,23.95000076,74659,0,1,23.79346481,yahoo_bootstrap
2025-07-16,23.95000076,24.5,23.89999962,24.25,142040,0,1,24.09150327,yahoo_bootstrap
2025-07-17,24.29999924,24.75,24.29999924,24.64999962,110075,0,1,24.48888851,yahoo_bootstrap
2025-07-18,24.85000038,24.95000076,24,24.64999962,90267,0,1,24.48888851,yahoo_bootstrap
2025-07-21,24.20000076,24.79999924,24.10000038,24.54999924,104000,0,1,24.38954173,yahoo_bootstrap
2025-07-22,24.54999924,24.60000038,23.70000076,23.89999962,161001,0,1,23.74379047,yahoo_bootstrap
2025-07-23,24.25,24.54999924,23.39999962,24.20000076,167500,0,1,24.04183082,yahoo_bootstrap
2025-07-24,24.5,24.5,23.89999962,24.20000076,109000,0,1,24.04183082,yahoo_bootstrap
2025-07-25,24.20000076,24.29999924,23.95000076,24.20000076,85061,0,1,24.04183082,yahoo_bootstrap
2025-07-28,24.20000076,24.45000076,24.14999962,24.29999924,54001,0,1,24.14117572,yahoo_bootstrap
2025-07-29,24.14999962,24.14999962,23.89999962,23.89999962,103001,0,1,23.74379047,yahoo_bootstrap
2025-07-30,23.89999962,24.60000038,23.89999962,24.10000038,86001,0,1,23.94248404,yahoo_bootstrap
2025-07-31,23.95000076,24.10000038,23.60000038,23.70000076,102919,0,1,23.54509879,yahoo_bootstrap
2025-08-04,23.79999924,24.5,23.54999924,24.10000038,72080,0,1,23.94248404,yahoo_bootstrap
2025-08-05,24.10000038,24.70000076,24,24.35000038,138030,0,1,24.19085005,yahoo_bootstrap
2025-08-06,24.45000076,24.45000076,24.20000076,24.39999962,41081,0,1,24.2405225,yahoo_bootstrap
2025-08-07,24.39999962,24.39999962,23.89999962,24.04999924,127010,0,1,23.8928097,yahoo_bootstrap
2025-08-08,23.89999962,24.5,23.89999962,24.20000076,130166,0,1,24.04183082,yahoo_bootstrap
2025-08-11,23.95000076,24.29999924,23.89999962,24.14999962,152000,0,1,23.99215649,yahoo_bootstrap
2025-08-12,23.79999924,24.20000076,23.79999924,24.04999924,285301,0,1,23.8928097,yahoo_bootstrap
2025-08-13,24.20000076,24.39999962,23.75,23.85000038,266751,0,1,23.69411802,yahoo_bootstrap
2025-08-14,23.64999962,24.14999962,23.64999962,23.89999962,225000,0,1,23.74379047,yahoo_bootstrap
2025-08-15,24.04999924,24.29999924,23.75,24.29999924,132751,0,1,24.14117572,yahoo_bootstrap
2025-08-18,24.25,24.54999924,24.04999924,24.20000076,172708,0,1,24.04183082,yahoo_bootstrap
2025-08-19,24.70000076,24.79999924,24.10000038,24.79999924,226411,0,1,24.63790774,yahoo_bootstrap
2025-08-20,24.95000076,27.25,24.95000076,26.64999962,3113106,0,1,26.47581662,yahoo_bootstrap
2025-08-21,26.54999924,27.14999962,25.60000038,25.60000038,1874087,0,1,25.43268012,yahoo_bootstrap
2025-08-22,25.95000076,25.95000076,24.89999962,25.20000076,426504,0,1,25.03529487,yahoo_bootstrap
2025-08-25,25.39999962,25.75,25.10000038,25.14999962,402006,0,1,24.98562054,yahoo_bootstrap
2025-08-26,25.45000076,25.45000076,25.04999924,25.29999924,187015,0,1,25.13463977,yahoo_bootstrap
2025-08-27,25.5,26.45000076,25.39999962,25.64999962,418040,0,1,25.48235256,yahoo_bootstrap
2025-08-28,25.64999962,25.70000076,25.29999924,25.45000076,179098,0,1,25.28366089,yahoo_bootstrap
2025-08-29,25.5,25.95000076,25.5,25.75,303168,0,1,25.58169935,yahoo_bootstrap
2025-09-01,25.64999962,25.89999962,25.10000038,25.29999924,144150,0,1,25.13463977,yahoo_bootstrap
2025-09-02,25.5,25.5,24.39999962,24.64999962,199000,0,1,24.48888851,yahoo_bootstrap
2025-09-03,24.85000038,25.45000076,24.85000038,25.25,182000,0,1,25.08496732,yahoo_bootstrap
2025-09-04,25.79999924,25.79999924,25.25,25.39999962,120000,0,1,25.23398655,yahoo_bootstrap
2025-09-05,25.60000038,26.39999962,25.29999924,25.95000076,581045,0,1,25.78039291,yahoo_bootstrap
2025-09-08,25.95000076,26.10000038,25.60000038,26,155038,0,1,25.83006536,yahoo_bootstrap
2025-09-09,26.25,26.25,25.54999924,25.79999924,151020,0,1,25.63137179,yahoo_bootstrap
2025-09-10,25.75,25.79999924,25.35000038,25.5,147012,0,1,25.33333333,yahoo_bootstrap
2025-09-11,25.39999962,25.5,24.54999924,24.75,221020,0,1,24.58823529,yahoo_bootstrap
2025-09-12,24.89999962,25.35000038,24.89999962,25.10000038,105200,0,1,24.93594809,yahoo_bootstrap
2025-09-15,25.10000038,26.29999924,25.10000038,25.70000076,342232,0,1,25.5320269,yahoo_bootstrap
2025-09-16,25.75,26.89999962,25.60000038,26.25,453008,0,1,26.07843137,yahoo_bootstrap
2025-09-17,26.25,26.54999924,26,26.04999924,292173,0,1,25.87973781,yahoo_bootstrap
2025-09-18,26.39999962,28.20000076,26.39999962,27.75,1481162,0,1,27.56862745,yahoo_bootstrap
2025-09-19,28,29.39999962,27.79999924,27.85000038,3727250,0,1,27.66797423,yahoo_bootstrap
2025-09-22,27.85000038,27.85000038,26.75,26.89999962,580491,0,1,26.72418263,yahoo_bootstrap
2025-09-23,27.10000038,27.10000038,26.39999962,27.04999924,435006,0,1,26.87320186,yahoo_bootstrap
2025-09-24,27.10000038,27.20000076,26.54999924,26.79999924,192040,0,1,26.62483585,yahoo_bootstrap
2025-09-25,26.79999924,27.29999924,26.70000076,26.70000076,150010,0,1,26.52549095,yahoo_bootstrap
2025-09-26,26.95000076,27.89999962,26.35000038,26.39999962,618450,0,1,26.2274506,yahoo_bootstrap
2025-09-30,26.39999962,26.95000076,26.14999962,26.70000076,165489,0,1,26.52549095,yahoo_bootstrap
2025-10-01,26.70000076,27.39999962,26.64999962,26.64999962,135078,0,1,26.47581662,yahoo_bootstrap
2025-10-02,26.95000076,26.95000076,26.35000038,26.39999962,129099,0,1,26.2274506,yahoo_bootstrap
2025-10-03,26.64999962,26.79999924,25.95000076,26.10000038,175000,0,1,25.92941214,yahoo_bootstrap
2025-10-07,26.5,27.5,26.45000076,27.04999924,659251,0,1,26.87320186,yahoo_bootstrap
2025-10-08,27,27.04999924,26.5,26.79999924,118021,0,1,26.62483585,yahoo_bootstrap
2025-10-09,27.39999962,27.39999962,26.79999924,26.79999924,192200,0,1,26.62483585,yahoo_bootstrap
2025-10-13,26.14999962,26.14999962,24.79999924,25.54999924,335004,0,1,25.38300578,yahoo_bootstrap
2025-10-14,25.85000038,26.5,25,25.20000076,442098,0,1,25.03529487,yahoo_bootstrap
2025-10-15,25.29999924,25.5,25.20000076,25.29999924,88317,0,1,25.13463977,yahoo_bootstrap
2025-10-16,25.20000076,26.10000038,25.20000076,25.60000038,228840,0,1,25.43268012,yahoo_bootstrap
2025-10-17,25.60000038,25.85000038,25.39999962,25.39999962,180016,0,1,25.23398655,yahoo_bootstrap
2025-10-20,25.5,25.60000038,25.20000076,25.54999924,150121,0,1,25.38300578,yahoo_bootstrap
2025-10-21,25.75,26.04999924,25.75,25.85000038,227156,0,1,25.68104613,yahoo_bootstrap
2025-10-22,25.89999962,26.04999924,25.54999924,25.79999924,108085,0,1,25.63137179,yahoo_bootstrap
2025-10-23,25.79999924,25.79999924,25.14999962,25.45000076,215322,0,1,25.28366089,yahoo_bootstrap
2025-10-27,25.60000038,25.60000038,25.10000038,25.25,200000,0,1,25.08496732,yahoo_bootstrap
2025-10-28,25.5,25.5,24.60000038,24.70000076,344070,0,1,24.53856285,yahoo_bootstrap
2025-10-29,24.89999962,25.20000076,24.75,24.79999924,132000,0,1,24.63790774,yahoo_bootstrap
2025-10-30,24.75,25.60000038,24.75,25.39999962,219040,0,1,25.23398655,yahoo_bootstrap
2025-10-31,25.89999962,25.89999962,24.75,24.79999924,248608,0,1,24.63790774,yahoo_bootstrap
2025-11-03,24.75,25.35000038,24.64999962,24.79999924,222001,0,1,24.63790774,yahoo_bootstrap
2025-11-04,24.79999924,24.79999924,23.70000076,23.85000038,276020,0,1,23.69411802,yahoo_bootstrap
2025-11-05,23.79999924,23.89999962,23.14999962,23.70000076,161113,0,1,23.54509879,yahoo_bootstrap
2025-11-06,23.70000076,24.04999924,23.64999962,24.04999924,214206,0,1,23.8928097,yahoo_bootstrap
2025-11-07,23.79999924,24.20000076,23.54999924,23.95000076,87000,0,1,23.79346481,yahoo_bootstrap
2025-11-10,23.70000076,24.14999962,23.5,24.10000038,106501,0,1,23.94248404,yahoo_bootstrap
2025-11-11,24.20000076,24.70000076,24.20000076,24.5,157000,0,1,24.33986928,yahoo_bootstrap
2025-11-12,24.70000076,25.20000076,24.70000076,25,272101,0,1,24.83660131,yahoo_bootstrap
2025-11-13,25.14999962,25.54999924,25,25.10000038,315264,0,1,24.93594809,yahoo_bootstrap
2025-11-14,24.75,25.10000038,24.64999962,24.70000076,130066,0,1,24.53856285,yahoo_bootstrap
2025-11-17,24.75,25,24.29999924,24.75,157003,0,1,24.58823529,yahoo_bootstrap
2025-11-18,24.35000038,24.45000076,23.70000076,23.70000076,153008,0,1,23.54509879,yahoo_bootstrap
2025-11-19,23.64999962,23.70000076,23,23,197000,0,1,22.8496732,yahoo_bootstrap
2025-11-20,23.39999962,23.60000038,23.25,23.35000038,115014,0,1,23.197386,yahoo_bootstrap
2025-11-21,23,23.14999962,22.60000038,22.75,146001,0,1,22.60130719,yahoo_bootstrap
2025-11-24,22.79999924,23,22.75,22.79999924,59101,0,1,22.65097964,yahoo_bootstrap
2025-11-25,23,23.64999962,23,23.64999962,122080,0,1,23.49542446,yahoo_bootstrap
2025-11-26,23.5,23.89999962,23.5,23.70000076,71006,0,1,23.54509879,yahoo_bootstrap
2025-11-27,23.39999962,23.85000038,23.35000038,23.85000038,45100,0,1,23.69411802,yahoo_bootstrap
2025-11-28,23.85000038,24,23.54999924,23.89999962,88010,0,1,23.74379047,yahoo_bootstrap
2025-12-01,23.60000038,23.95000076,23.5,23.89999962,69162,0,1,23.74379047,yahoo_bootstrap
2025-12-02,23.64999962,23.79999924,23.5,23.5,104079,0,1,23.34640523,yahoo_bootstrap
2025-12-03,23.64999962,23.89999962,23.54999924,23.75,63000,0,1,23.59477124,yahoo_bootstrap
2025-12-04,23.95000076,24.20000076,23.79999924,23.95000076,46008,0,1,23.79346481,yahoo_bootstrap
2025-12-05,24.20000076,24.20000076,23.70000076,23.75,61020,0,1,23.59477124,yahoo_bootstrap
2025-12-08,24,24.39999962,23.79999924,24.25,150252,0,1,24.09150327,yahoo_bootstrap
2025-12-09,24.54999924,24.89999962,24.39999962,24.85000038,206016,0,1,24.68758208,yahoo_bootstrap
2025-12-10,25.10000038,25.10000038,24.35000038,24.45000076,113311,0,1,24.29019683,yahoo_bootstrap
2025-12-11,24.25,24.79999924,24,24.25,98232,0,1,24.09150327,yahoo_bootstrap
2025-12-12,24.25,24.54999924,24.14999962,24.20000076,79000,0,1,24.04183082,yahoo_bootstrap
2025-12-15,24,24.45000076,23.79999924,24.45000076,113000,0,1,24.29019683,yahoo_bootstrap
2025-12-16,24.35000038,24.35000038,23.79999924,24.10000038,114001,0,1,23.94248404,yahoo_bootstrap
2025-12-17,24.20000076,24.60000038,24,24.14999962,126001,0,1,23.99215649,yahoo_bootstrap
2025-12-18,24.14999962,24.29999924,23.85000038,24,63040,0,1,23.84313725,yahoo_bootstrap
2025-12-19,24,24.10000038,23.79999924,23.95000076,113000,0,1,23.79346481,yahoo_bootstrap
2025-12-22,23.79999924,24.29999924,23.79999924,24.25,87164,0,1,24.09150327,yahoo_bootstrap
2025-12-23,24.29999924,24.29999924,24.10000038,24.25,70001,0,1,24.09150327,yahoo_bootstrap
2025-12-24,24.25,24.29999924,23.5,23.79999924,115083,0,1,23.64444369,yahoo_bootstrap
2025-12-26,23.64999962,24.29999924,23.64999962,24.29999924,75003,0,1,24.14117572,yahoo_bootstrap
2025-12-29,24.29999924,24.35000038,24,24.35000038,128003,0,1,24.19085005,yahoo_bootstrap
2025-12-30,23.95000076,24.20000076,23.85000038,24.20000076,96015,0,1,24.04183082,yahoo_bootstrap
2025-12-31,24.20000076,24.25,23.79999924,24,194010,0,1,23.84313725,yahoo_bootstrap
2026-01-02,23.79999924,24.29999924,23.79999924,24,147000,0,1,23.84313725,yahoo_bootstrap
2026-01-05,24.5,24.5,23.64999962,23.79999924,249101,0,1,23.64444369,yahoo_bootstrap
2026-01-06,23.95000076,24.29999924,23.70000076,24,313052,0,1,23.84313725,yahoo_bootstrap
2026-01-07,24,26.29999924,24,25.85000038,1631120,0,1,25.68104613,yahoo_bootstrap
2026-01-08,25.85000038,25.85000038,24.85000038,25,511011,0,1,24.83660131,yahoo_bootstrap
2026-01-09,25,25.14999962,24.25,24.79999924,260143,0,1,24.63790774,yahoo_bootstrap
2026-01-12,24.85000038,25.04999924,24.5,24.60000038,359064,0,1,24.43921606,yahoo_bootstrap
2026-01-13,24.64999962,24.79999924,24.25,24.54999924,182031,0,1,24.38954173,yahoo_bootstrap
2026-01-14,24.45000076,25.14999962,24.45000076,25.10000038,370000,0,1,24.93594809,yahoo_bootstrap
2026-01-15,24.95000076,25,24.45000076,24.70000076,191000,0,1,24.53856285,yahoo_bootstrap
2026-01-16,24.70000076,25.39999962,24.70000076,25.10000038,376100,0,1,24.93594809,yahoo_bootstrap
2026-01-19,25.10000038,25.75,25.10000038,25.5,477027,0,1,25.33333333,yahoo_bootstrap
2026-01-20,25.35000038,25.95000076,25.29999924,25.70000076,575039,0,1,25.5320269,yahoo_bootstrap
2026-01-21,26.45000076,27.79999924,26.29999924,26.35000038,1876402,0,1,26.17777816,yahoo_bootstrap
2026-01-22,26.75,26.79999924,25.64999962,25.79999924,1004654,0,1,25.63137179,yahoo_bootstrap
2026-01-23,26.20000076,26.45000076,25.39999962,25.95000076,341000,0,1,25.78039291,yahoo_bootstrap
2026-01-26,26.29999924,26.85000038,26.04999924,26.60000038,573148,0,1,26.42614417,yahoo_bootstrap
2026-01-27,27.10000038,29,26.54999924,28.39999962,3847241,0,1,28.21437871,yahoo_bootstrap
2026-01-28,28.29999924,28.85000038,27.14999962,27.20000076,1470500,0,1,27.02222298,yahoo_bootstrap
2026-01-29,27.25,27.54999924,25.79999924,25.79999924,1073100,0,1,25.63137179,yahoo_bootstrap
2026-01-30,25.79999924,26.20000076,25.35000038,25.45000076,291020,0,1,25.28366089,yahoo_bootstrap
2026-02-02,25.54999924,25.54999924,24.39999962,24.54999924,297500,0,1,24.38954173,yahoo_bootstrap
2026-02-03,24.79999924,25,24.54999924,24.95000076,193073,0,1,24.78692886,yahoo_bootstrap
2026-02-04,24.5,25.25,24.20000076,25.14999962,181020,0,1,24.98562054,yahoo_bootstrap
2026-02-05,25.14999962,25.29999924,24.85000038,24.89999962,183059,0,1,24.73725452,yahoo_bootstrap
2026-02-06,25,25,24,24.5,227014,0,1,24.33986928,yahoo_bootstrap
2026-02-09,25,25.14999962,24.60000038,24.75,164031,0,1,24.58823529,yahoo_bootstrap
2026-02-10,24.79999924,25.39999962,24.79999924,24.89999962,167060,0,1,24.73725452,yahoo_bootstrap
2026-02-11,25,25,24.45000076,24.54999924,222039,0,1,24.38954173,yahoo_bootstrap
2026-02-23,24.70000076,25.20000076,24.54999924,25.10000038,239002,0,1,24.93594809,yahoo_bootstrap
2026-02-24,24.85000038,25.89999962,24.85000038,25.60000038,355099,0,1,25.43268012,yahoo_bootstrap
2026-02-25,25.75,25.79999924,24.85000038,25,637041,0,1,24.83660131,yahoo_bootstrap
2026-02-26,25,25.95000076,25,25.60000038,365080,0,1,25.43268012,yahoo_bootstrap
2026-03-02,25.29999924,25.45000076,24.89999962,25.20000076,229016,0,1,25.03529487,yahoo_bootstrap
2026-03-03,25.25,25.60000038,24.5,24.64999962,327013,0,1,24.48888851,yahoo_bootstrap
2026-03-04,24.75,24.75,23,23.10000038,554060,0,1,22.94901999,yahoo_bootstrap
2026-03-05,23.39999962,24.14999962,23.39999962,23.64999962,213025,0,1,23.49542446,yahoo_bootstrap
2026-03-06,23.5,23.89999962,23.45000076,23.79999924,166015,0,1,23.64444369,yahoo_bootstrap
2026-03-09,22.89999962,22.89999962,21.79999924,22.35000038,441041,0,1,22.20392195,yahoo_bootstrap
2026-03-10,22.70000076,22.75,22.20000076,22.39999962,219161,0,1,22.25359439,yahoo_bootstrap
2026-03-11,22.5,23.75,22.5,23.45000076,436019,0,1,23.29673278,yahoo_bootstrap
2026-03-12,23.45000076,23.5,23.10000038,23.25,166028,0,1,23.09803922,yahoo_bootstrap
2026-03-13,23.20000076,23.25,22.85000038,23.20000076,139180,0,1,23.04836677,yahoo_bootstrap
2026-03-16,23.5,23.75,23,23.60000038,216300,0,1,23.44575201,yahoo_bootstrap
2026-03-17,23.60000038,24.45000076,23.60000038,24.14999962,328473,0,1,23.99215649,yahoo_bootstrap
2026-03-18,24.45000076,24.45000076,23.85000038,24.04999924,234227,0,1,23.8928097,yahoo_bootstrap
2026-03-19,23.85000038,24.04999924,23.70000076,23.85000038,221006,0,1,23.69411802,yahoo_bootstrap
2026-03-20,23.79999924,24.20000076,23.70000076,23.75,298635,0,1,23.59477124,yahoo_bootstrap
2026-03-23,23.29999924,23.5,22.79999924,23.04999924,157040,0,1,22.89934565,yahoo_bootstrap
2026-03-24,23.29999924,23.85000038,22.85000038,22.89999962,259007,0,1,22.75032642,yahoo_bootstrap
2026-03-25,23.14999962,23.54999924,23.14999962,23.45000076,101122,0,1,23.29673278,yahoo_bootstrap
2026-03-26,23.60000038,23.70000076,23.14999962,23.14999962,148006,0,1,22.99869243,yahoo_bootstrap
2026-03-27,22.89999962,23.10000038,22.75,23.10000038,168050,0,1,22.94901999,yahoo_bootstrap
2026-03-30,22.89999962,22.89999962,22.5,22.64999962,140002,0,1,22.50196041,yahoo_bootstrap
2026-03-31,22.64999962,22.85000038,22.10000038,22.20000076,342057,0,1,22.05490272,yahoo_bootstrap
2026-04-01,22.45000076,22.75,22.45000076,22.64999962,158027,0,1,22.50196041,yahoo_bootstrap
2026-04-02,22.89999962,22.95000076,22.25,22.39999962,119001,0,1,22.25359439,yahoo_bootstrap
2026-04-07,22.54999924,23.10000038,22.5,22.70000076,220026,0,1,22.55163474,yahoo_bootstrap
2026-04-08,23.29999924,23.64999962,23.04999924,23.54999924,282022,0,1,23.39607768,yahoo_bootstrap
2026-04-09,23.60000038,23.75,23,23.04999924,167001,0,1,22.89934565,yahoo_bootstrap
2026-04-10,23.04999924,23.29999924,22.85000038,22.85000038,176052,0,1,22.70065397,yahoo_bootstrap
2026-04-13,22.89999962,22.89999962,22.60000038,22.89999962,95183,0,1,22.75032642,yahoo_bootstrap
2026-04-14,23,23.14999962,22.79999924,22.85000038,224121,0,1,22.70065397,yahoo_bootstrap
2026-04-15,23.04999924,23.35000038,22.89999962,22.89999962,366268,0,1,22.75032642,yahoo_bootstrap
2026-04-16,23.14999962,25.14999962,22.89999962,25.14999962,1601693,0,1,24.98562054,yahoo_bootstrap
2026-04-17,26.5,26.5,24.64999962,24.79999924,2523478,0,1,24.63790774,yahoo_bootstrap
2026-04-20,25.10000038,26.79999924,25.10000038,25.54999924,1908211,0,1,25.38300578,yahoo_bootstrap
2026-04-21,25.75,26.25,25.20000076,26.04999924,1038034,0,1,25.87973781,yahoo_bootstrap
2026-04-22,26.14999962,28.64999962,26,27.79999924,5605170,0,1,27.6182999,yahoo_bootstrap
2026-04-23,27.89999962,27.89999962,25.35000038,26.45000076,2333300,0,1,26.27712494,yahoo_bootstrap
2026-04-24,26.45000076,27.95000076,26.45000076,27.14999962,2692200,0,1,26.97254864,yahoo_bootstrap
2026-04-27,27.45000076,27.54999924,25.45000076,26,1187137,0,1,25.83006536,yahoo_bootstrap
2026-04-28,26,26.5,25.39999962,26.10000038,619234,0,1,25.92941214,yahoo_bootstrap
2026-04-29,26.10000038,26.25,25.5,26.14999962,397006,0,1,25.97908459,yahoo_bootstrap
2026-04-30,27.04999924,27.89999962,26.20000076,26.20000076,1395172,0,1,26.02875892,yahoo_bootstrap
2026-05-04,26.54999924,28.29999924,26.54999924,28,3092725,0,1,27.81699346,yahoo_bootstrap
2026-05-05,27.64999962,28.20000076,27.45000076,27.60000038,1060500,0,1,27.41960822,yahoo_bootstrap
2026-05-06,28.29999924,30.35000038,28.14999962,30.35000038,7080744,0,1,30.15163436,yahoo_bootstrap
2026-05-07,32.84999847,33.34999847,32,33.34999847,7096032,0,1,33.13202462,yahoo_bootstrap
2026-05-08,34.04999924,34.20000076,30.10000038,30.89999962,9948802,0,1,30.69803884,yahoo_bootstrap
2026-05-11,31.14999962,32.5,30.5,30.89999962,2754162,0,1,30.69803884,yahoo_bootstrap
2026-05-12,30.64999962,32.29999924,29.29999924,31.39999962,3143502,0,1,31.19477086,yahoo_bootstrap
2026-05-13,30.39999962,30.75,29.60000038,30.60000038,1141089,0,1,30.40000038,yahoo_bootstrap
2026-05-14,30.64999962,33.65000153,30.04999924,32.79999924,6789185,0,1,32.58562016,yahoo_bootstrap
2026-05-15,33.20000076,33.5,32.09999847,32.65000153,4662500,0,1,32.43660283,yahoo_bootstrap
2026-05-18,32.04999924,33.95000076,30.79999924,33.70000076,2928390,0,1,33.47973932,yahoo_bootstrap
2026-05-19,33.40000153,35.90000153,33.20000076,34.25,4324205,0,1,34.02614379,yahoo_bootstrap
2026-05-20,34.25,37,33.84999847,36.29999924,8348153,0,1,36.06274434,yahoo_bootstrap
2026-05-21,37.40000153,37.45000076,35.54999924,35.95000076,6344222,0,1,35.71503343,yahoo_bootstrap
2026-05-22,35.95000076,36.59999847,35.20000076,35.34999847,3186236,0,1,35.11895273,yahoo_bootstrap
2026-05-25,35.70000076,37,35.70000076,36.59999847,4546545,0,1,36.36078279,yahoo_bootstrap
2026-05-26,37,37,34.5,34.95000076,2745820,0,1,34.72156938,yahoo_bootstrap
2026-05-27,34.95000076,36.40000153,34.90000153,35.54999924,4038375,0,1,35.3176463,yahoo_bootstrap
2026-05-28,35.59999847,36.29999924,33.70000076,34.25,2934716,0,1,34.02614379,yahoo_bootstrap
2026-05-29,35,35,33.59999847,33.95000076,1632238,0,1,33.72810533,yahoo_bootstrap
2026-06-01,33.70000076,34.54999924,33.40000153,34,1795122,0,1,33.77777778,yahoo_bootstrap
2026-06-02,34.29999924,35.5,32.70000076,33.75,1713200,0,1,33.52941176,yahoo_bootstrap
2026-06-03,33.5,33.59999847,32.59999847,32.70000076,1494399,0,1,32.48627526,yahoo_bootstrap
2026-06-04,32.70000076,33.09999847,32.40000153,32.70000076,921306,0,1,32.48627526,yahoo_bootstrap
2026-06-05,32.90000153,33.25,31.64999962,31.85000038,1023287,0,1,31.64183044,yahoo_bootstrap
2026-06-08,28.89999962,29.75,28.79999924,29.54999924,873968,0,1,29.35686199,yahoo_bootstrap
2026-06-09,30.14999962,31,28.95000076,30.45000076,1013001,0,1,30.25098115,yahoo_bootstrap
2026-06-10,30.10000038,30.79999924,28.85000038,28.89999962,886217,0,1,28.71111073,yahoo_bootstrap
2026-06-11,29.79999924,29.79999924,28.29999924,29.25,445926,0,1,29.05882353,yahoo_bootstrap
2026-06-12,30.14999962,32.15000153,30.10000038,32.15000153,1762202,0,1,31.9398708,yahoo_bootstrap
2026-06-15,33.09999847,35.34999847,33,35.34999847,4783149,0,1,35.11895273,yahoo_bootstrap
2026-06-16,36.79999924,37.40000153,35,36.15000153,5565893,0,1,35.91372701,yahoo_bootstrap
2026-06-17,36.95000076,39.75,36.95000076,39,14141821,0,1,38.74509804,yahoo_bootstrap
2026-06-18,39,39.54999924,38,38.25,5014220,0,1,38,yahoo_bootstrap
2026-06-22,40.20000076,41.79999924,39,41.79999924,10130898,0.25,1,41.79999924,yahoo_bootstrap
2026-06-23,45,45.90000153,41.09999847,41.15000153,10680109,0,1,41.15000153,yahoo_bootstrap
2026-06-24,40.5,45.25,40.29999924,45.25,14594207,0,1,45.25,yahoo_bootstrap
2026-06-25,46,46.15000153,42.25,43.29999924,10676221,0,1,43.29999924,yahoo_bootstrap
2026-06-26,42.65000153,42.65000153,39.59999847,39.70000076,4454560,0,1,39.70000076,yahoo_bootstrap
2026-06-29,39.59999847,41.45000076,38.34999847,40.54999924,3959524,0,1,40.54999924,yahoo_bootstrap
2026-06-30,41,41.90000153,39.29999924,39.45000076,6076360,0,1,39.45000076,yahoo_bootstrap
2026-07-01,39.54999924,41.34999847,38.45000076,38.45000076,3578297,0,1,38.45000076,yahoo_bootstrap
2026-07-02,38.5,40.40000153,38.45000076,39.90000153,2408709,0,1,39.90000153,yahoo_bootstrap
2026-07-03,39.59999847,40.25,38.84999847,39,1629102,0,1,39,yahoo_bootstrap
2026-07-06,41.90000153,42.90000153,41.5,42.90000153,4928166,0,1,42.90000153,yahoo_bootstrap
2026-07-07,42.95000076,43.40000153,39.04999924,39.5,6866049,0,1,39.5,yahoo_bootstrap
2026-07-08,39.79999924,43.20000076,38.20000076,42.5,5453987,0,1,42.5,yahoo_bootstrap
2026-07-09,41.34999847,42.09999847,40.20000076,40.34999847,3034275,0,1,40.34999847,yahoo_bootstrap
2026-07-10,40.34999847,40.34999847,40.34999847,40.34999847,0,0,1,40.34999847,yahoo_bootstrap
2026-07-13,40.59999847,41.20000076,37.75,38.40000153,2677445,0,1,38.40000153,yahoo_bootstrap
2026-07-14,38,38.54999924,35,36.79999924,2019146,0,1,36.79999924,yahoo_bootstrap
2026-07-15,38,40.45000076,37.54999924,40.45000076,6528111,0,1,40.45000076,yahoo_bootstrap
2026-07-16,40.29999924,42.79999924,40,40.95000076,13151420,0,1,40.95000076,yahoo_bootstrap
2026-07-17,38.90000153,39.40000153,36.90000153,36.90000153,4052030,0,1,36.90000153,yahoo_bootstrap
2026-07-20,36.90000153,36.90000153,33.59999847,35.65000153,2015271,0,1,35.65000153,yahoo_bootstrap
2026-07-21,36.70000076,39.20000076,36.04999924,38.65000153,3830205,0,1,38.65000153,yahoo_bootstrap
2026-07-22,38.84999847,40.29999924,38,38.15000153,3714124,0,1,38.15000153,yahoo_bootstrap
2026-07-23,38.15000153,38.15000153,35.84999847,36.84999847,1745100,0,1,36.84999847,yahoo_bootstrap
2026-07-24,36.29999924,37.95000076,36,36.20000076,1484320,0,1,36.20000076,yahoo_bootstrap
2026-07-27,36.84999847,36.84999847,35,35.54999924,1043341,0,1,35.54999924,yahoo_bootstrap
2026-07-28,34.04999924,34.70000076,32.79999924,32.79999924,1440540,0,1,32.79999924,yahoo_daily
2026-07-29,33.45000076,33.45000076,29.60000038,30.75,1997521,0,1,30.75,yahoo_daily
2026-07-30,30.29999924,33.79999924,29.95000076,31.70000076,5487093,0,1,31.70000076,yahoo_daily
2026-07-31,34.54999924,34.84999847,34.15000153,34.84999847,2222071,0,1,34.84999847,yahoo_daily
2026-08-03,34,36.5,34,35.15000153,2716200,0,1,35.15000153,yahoo_daily
2026-08-04,35.04999924,36.45000076,34.70000076,35.40000153,1365001,0,1,35.40000153,yahoo_daily
2026-08-05,37.34999847,37.75,36.04999924,36.04999924,1727000,0,1,36.04999924,yahoo_daily
2026-08-06,36.04999924,36.04999924,34.84999847,35.59999847,707101,0,1,35.59999847,yahoo_daily
2026-08-07,35.29999924,35.79999924,34.70000076,34.84999847,773005,0,1,34.84999847,yahoo_daily
2026-08-10,35.20000076,37.95000076,35.20000076,36.95000076,1633220,0,1,36.95000076,yahoo_daily
2026-08-11,37.04999924,37.90000153,36.15000153,37.59999847,1494500,0,1,37.59999847,yahoo_daily
2026-08-12,37.29999924,38,36.59999847,36.70000076,1212500,0,1,36.70000076,yahoo_daily
2026-08-13,37.15000153,39.54999924,36.90000153,38.79999924,4388234,0,1,38.79999924,yahoo_daily
2026-08-14,39.40000153,39.40000153,37.65000153,37.75,4063000,0,1,37.75,yahoo_daily
2026-08-17,38.65000153,38.95000076,37.04999924,37.20000076,1661023,0,1,37.20000076,yahoo_daily
2026-08-18,36.95000076,37.40000153,36.09999847,36.29999924,881003,0,1,36.29999924,yahoo_daily
2026-08-19,35.59999847,36.90000153,35.5,36.25,798001,0,1,36.25,yahoo_daily
2026-08-20,36.34999847,37.04999924,35.79999924,35.90000153,656010,0,1,35.90000153,yahoo_daily
2026-08-21,36.09999847,36.09999847,35.40000153,35.75,453096,0,1,35.75,yahoo_daily
2026-08-24,36.15000153,38.59999847,36.15000153,38,2570110,0,1,38,yahoo_daily
2026-08-25,38,38.34999847,37.20000076,38.34999847,1688001,0,1,38.34999847,yahoo_daily
2026-08-26,38.34999847,39,37.65000153,38.15000153,2159035,0,1,38.15000153,yahoo_daily
2026-08-27,38.15000153,38.70000076,37.5,38.09999847,1312556,0,1,38.09999847,yahoo_daily
2026-08-28,38.04999924,41.70000076,38.04999924,40.79999924,10996378,0,1,40.79999924,yahoo_daily
2026-08-31,40,40.95000076,39.70000076,40.5,4224454,0,1,40.5,yahoo_daily
2026-09-01,40.59999847,41.79999924,40.59999847,41.20000076,6030969,0,1,41.20000076,yahoo_daily
2026-09-02,40.59999847,42.59999847,40.29999924,41.20000076,5463831,0,1,41.20000076,yahoo_daily
2026-09-03,41.84999847,43.79999924,40.09999847,42.29999924,9274882,0,1,42.29999924,yahoo_daily
2026-09-04,43.20000076,46.5,43.15000153,46.5,17906933,0,1,46.5,yahoo_daily
