date,open,high,low,close,volume,dividend,split_factor,adjusted_close,source
2021-09-15,46.09999847,47.40000153,44.09999847,44.59999847,6994461,0,1,38.03652062,yahoo_bootstrap
2021-09-16,44.59999847,44.79999924,42.09999847,43.29999924,4283750,0,1,36.92783341,yahoo_bootstrap
2021-09-17,42.79999924,43.95000076,39.90000153,40.40000153,7046500,0,1,34.4546086,yahoo_bootstrap
2021-09-22,39.5,40.70000076,39,40,3061583,0,1,34.11347257,yahoo_bootstrap
2021-09-23,40.25,40.34999847,39.29999924,39.59999847,1521639,0,1,33.77233655,yahoo_bootstrap
2021-09-24,39.59999847,41.29999924,39.15000153,41.15000153,3772620,0,1,35.09423621,yahoo_bootstrap
2021-09-27,40.70000076,41.95000076,40,41.75,2898900,0,1,35.605937,yahoo_bootstrap
2021-09-28,41.5,42.20000076,40,40,3760505,0,1,34.11347257,yahoo_bootstrap
2021-09-29,39.25,40.5,39,40,1936683,0,1,34.11347257,yahoo_bootstrap
2021-09-30,39.90000153,40.20000076,39.04999924,39.20000076,1528500,0,1,33.43120377,yahoo_bootstrap
2021-10-01,39.25,39.25,37.5,37.75,1802000,0,1,32.19458974,yahoo_bootstrap
2021-10-04,37.79999924,38.65000153,37.29999924,38.25,1382100,0,1,32.62100815,yahoo_bootstrap
2021-10-05,37.54999924,38.5,37.29999924,38.04999924,1643000,0,1,32.45044013,yahoo_bootstrap
2021-10-06,38.40000153,39.25,37.84999847,38.34999847,1209000,0,1,32.70629053,yahoo_bootstrap
2021-10-07,38.34999847,39.25,38.34999847,39.15000153,768050,0,1,33.38856258,yahoo_bootstrap
2021-10-08,39.09999847,39.70000076,38.90000153,39.04999924,942394,0,1,33.30327695,yahoo_bootstrap
2021-10-12,39.04999924,39.04999924,37.5,37.79999924,834002,0,1,32.23723093,yahoo_bootstrap
2021-10-13,37.5,38.5,37.5,37.54999924,740000,0,1,32.02402173,yahoo_bootstrap
2021-10-14,37.90000153,39.15000153,37.20000076,37.59999847,2288328,0,1,32.06666292,yahoo_bootstrap
2021-10-15,38.09999847,40.09999847,37.90000153,39.79999924,3584850,0,1,33.94290456,yahoo_bootstrap
2021-10-18,40.20000076,40.70000076,39.5,40.20000076,2015050,0,1,34.28404059,yahoo_bootstrap
2021-10-19,40.29999924,41.59999847,40.29999924,41,1689050,0,1,34.96630939,yahoo_bootstrap
2021-10-20,41.5,41.5,40.20000076,41.20000076,1346344,0,1,35.1368774,yahoo_bootstrap
2021-10-21,41.5,41.79999924,40.29999924,40.59999847,1344000,0,1,34.62517336,yahoo_bootstrap
2021-10-22,40.59999847,41.29999924,38.95000076,39.84999847,3565100,0,1,33.98554575,yahoo_bootstrap
2021-10-25,40.09999847,41.45000076,39.29999924,41.20000076,2164149,0,1,35.1368774,yahoo_bootstrap
2021-10-26,40.79999924,42.5,40.79999924,41.40000153,1587748,0,1,35.30744541,yahoo_bootstrap
2021-10-27,42,42.20000076,41.40000153,41.79999924,731605,0,1,35.64857819,yahoo_bootstrap
2021-10-28,42.09999847,42.5,40.29999924,40.95000076,2707550,0,1,34.9236682,yahoo_bootstrap
2021-10-29,41.40000153,41.90000153,40.70000076,41.09999847,1517064,0,1,35.05159177,yahoo_bootstrap
2021-11-01,41.45000076,41.45000076,40.90000153,41.25,459101,0,1,35.17951859,yahoo_bootstrap
2021-11-02,41.29999924,42.20000076,40.59999847,41,2260000,0,1,34.96630939,yahoo_bootstrap
2021-11-03,41.20000076,42.15000153,41.20000076,42.15000153,696454,0,1,35.94707303,yahoo_bootstrap
2021-11-04,42.29999924,43.90000153,42.29999924,42.40000153,1302000,0,1,36.16028223,yahoo_bootstrap
2021-11-05,42.40000153,43.54999924,42,43.25,1582600,0,1,36.88519222,yahoo_bootstrap
2021-11-08,44.5,45.29999924,43.59999847,44.75,2249250,0,1,38.16444744,yahoo_bootstrap
2021-11-09,44.65000153,46.29999924,44.04999924,46.15000153,2819598,0,1,39.35842028,yahoo_bootstrap
2021-11-10,45.5,45.5,44,44.65000153,2934157,0,1,38.07916506,yahoo_bootstrap
2021-11-11,44.04999924,45.59999847,43.90000153,44.59999847,1946270,0,1,38.03652062,yahoo_bootstrap
2021-11-12,44.59999847,45.09999847,43.04999924,43.15000153,1524412,0,1,36.79990984,yahoo_bootstrap
2021-11-15,43.45000076,43.45000076,42.5,42.90000153,660401,0,1,36.58670064,yahoo_bootstrap
2021-11-16,42.45000076,42.79999924,42.09999847,42.09999847,804200,0,1,35.90442858,yahoo_bootstrap
2021-11-17,42.40000153,43.20000076,41.75,43.04999924,434783,0,1,36.71462421,yahoo_bootstrap
2021-11-18,43.15000153,43.15000153,41.90000153,42.34999847,1612480,0,1,36.11763779,yahoo_bootstrap
2021-11-19,42.59999847,42.75,42.15000153,42.20000076,287001,0,1,35.98971422,yahoo_bootstrap
2021-11-22,42.04999924,42.5,41.45000076,42.29999924,648050,0,1,36.0749966,yahoo_bootstrap
2021-11-23,42.20000076,42.45000076,41.5,42.15000153,963003,0,1,35.94707303,yahoo_bootstrap
2021-11-24,42,43,42,42.75,224181,0,1,36.45877381,yahoo_bootstrap
2021-11-25,43,44.15000153,42.84999847,43.29999924,549050,0,1,36.92783341,yahoo_bootstrap
2021-11-26,43.29999924,43.29999924,42.25,42.79999924,459040,0,1,36.501415,yahoo_bootstrap
2021-11-29,42.04999924,43.29999924,41,43.15000153,1142000,0,1,36.79990984,yahoo_bootstrap
2021-11-30,43.15000153,44.20000076,43.09999847,43.15000153,733100,0,1,36.79990984,yahoo_bootstrap
2021-12-01,43,43.45000076,42.70000076,43.25,220000,0,1,36.88519222,yahoo_bootstrap
2021-12-02,43,43,41.09999847,42.04999924,1805300,0,1,35.86178739,yahoo_bootstrap
2021-12-03,42.29999924,42.70000076,42.25,42.34999847,173000,0,1,36.11763779,yahoo_bootstrap
2021-12-06,42.34999847,42.45000076,41.90000153,42.34999847,164051,0,1,36.11763779,yahoo_bootstrap
2021-12-07,42.70000076,42.75,42.20000076,42.25,173000,0,1,36.03235541,yahoo_bootstrap
2021-12-08,42.65000153,43.34999847,42.59999847,42.90000153,419301,0,1,36.58670064,yahoo_bootstrap
2021-12-09,42.75,43.29999924,42.5,42.90000153,333402,0,1,36.58670064,yahoo_bootstrap
2021-12-10,42.90000153,42.90000153,42.40000153,42.75,281198,0,1,36.45877381,yahoo_bootstrap
2021-12-13,42.75,43.34999847,42.45000076,42.84999847,617000,0,1,36.54405619,yahoo_bootstrap
2021-12-14,42.5,43,41.5,41.70000076,709200,0,1,35.56329581,yahoo_bootstrap
2021-12-15,41.79999924,42.15000153,41.70000076,41.75,137000,0,1,35.605937,yahoo_bootstrap
2021-12-16,42,42.79999924,41.70000076,41.90000153,538200,0,1,35.73386382,yahoo_bootstrap
2021-12-17,42,42.65000153,41.5,42.20000076,664118,0,1,35.98971422,yahoo_bootstrap
2021-12-20,42.20000076,42.34999847,42,42.20000076,95194,0,1,35.98971422,yahoo_bootstrap
2021-12-21,42.20000076,42.45000076,42.20000076,42.29999924,116582,0,1,36.0749966,yahoo_bootstrap
2021-12-22,42.34999847,42.90000153,42.34999847,42.65000153,176150,0,1,36.37349143,yahoo_bootstrap
2021-12-23,42.95000076,43.34999847,42.70000076,43.15000153,243346,0,1,36.79990984,yahoo_bootstrap
2021-12-24,43.15000153,44.20000076,42.95000076,43.75,489550,0,1,37.31161063,yahoo_bootstrap
2021-12-27,44.5,44.5,43.40000153,43.45000076,480001,0,1,37.05576023,yahoo_bootstrap
2021-12-28,43.70000076,43.70000076,42.95000076,43.40000153,321000,0,1,37.01311904,yahoo_bootstrap
2021-12-29,43.5,44.29999924,43.40000153,44.15000153,606283,0,1,37.65274665,yahoo_bootstrap
2021-12-30,44.70000076,44.70000076,43.90000153,44.15000153,504370,0,1,37.65274665,yahoo_bootstrap
2022-01-03,44.34999847,44.34999847,43.70000076,44.09999847,373000,0,1,37.61010221,yahoo_bootstrap
2022-01-04,44.40000153,44.40000153,44,44.15000153,239170,0,1,37.65274665,yahoo_bootstrap
2022-01-05,44.40000153,44.75,44.15000153,44.5,472958,0,1,37.95123824,yahoo_bootstrap
2022-01-06,44.5,45.59999847,44.20000076,45.09999847,977300,0,1,38.46293903,yahoo_bootstrap
2022-01-07,45.20000076,46.20000076,44.45000076,45.45000076,1130410,0,1,38.76143386,yahoo_bootstrap
2022-01-10,45.04999924,45.59999847,42.95000076,43.75,2195120,0,1,37.31161063,yahoo_bootstrap
2022-01-11,43.70000076,43.90000153,43.25,43.59999847,485100,0,1,37.1836838,yahoo_bootstrap
2022-01-12,43.84999847,43.84999847,43.5,43.65000153,232000,0,1,37.22632825,yahoo_bootstrap
2022-01-13,43.95000076,43.95000076,43.59999847,43.65000153,157146,0,1,37.22632825,yahoo_bootstrap
2022-01-14,43.75,43.75,42.84999847,43.40000153,322050,0,1,37.01311904,yahoo_bootstrap
2022-01-17,43.75,44,42.5,43.90000153,1403062,0,1,37.43953745,yahoo_bootstrap
2022-01-18,44.04999924,44.15000153,43.54999924,43.84999847,199000,0,1,37.39689301,yahoo_bootstrap
2022-01-19,43,43.59999847,43,43.34999847,527100,0,1,36.9704746,yahoo_bootstrap
2022-01-20,43.20000076,43.29999924,42.70000076,43.09999847,347000,0,1,36.7572654,yahoo_bootstrap
2022-01-21,42.90000153,42.90000153,42,42.15000153,934251,0,1,35.94707303,yahoo_bootstrap
2022-01-24,41.15000153,41.84999847,40.54999924,41.09999847,1236200,0,1,35.05159177,yahoo_bootstrap
2022-01-25,41.09999847,41.5,40,41.40000153,1005041,0,1,35.30744541,yahoo_bootstrap
2022-01-26,41,41.95000076,40.75,41.34999847,474523,0,1,35.26480097,yahoo_bootstrap
2022-02-07,41.90000153,42.09999847,41,41.75,1141200,0,1,35.605937,yahoo_bootstrap
2022-02-08,41.75,42.15000153,41.29999924,42.15000153,321112,0,1,35.94707303,yahoo_bootstrap
2022-02-09,42.15000153,42.40000153,41.59999847,42.04999924,601011,0,1,35.86178739,yahoo_bootstrap
2022-02-10,42.20000076,42.70000076,41.79999924,42.59999847,1338155,0,1,36.33084699,yahoo_bootstrap
2022-02-11,42.70000076,43.54999924,42.25,42.75,1682116,0,1,36.45877381,yahoo_bootstrap
2022-02-14,42.65000153,43.20000076,41.59999847,43,1392111,0,1,36.67198302,yahoo_bootstrap
2022-02-15,43,46.5,43,45.15000153,4373950,0,1,38.50558347,yahoo_bootstrap
2022-02-16,45.20000076,46.20000076,44.75,45,1867392,0,1,38.37765664,yahoo_bootstrap
2022-02-17,45,45.59999847,43.54999924,43.65000153,3569582,0,1,37.22632825,yahoo_bootstrap
2022-02-18,43.29999924,46,42.5,45.95000076,3850500,0,1,39.18785227,yahoo_bootstrap
2022-02-21,45.25,46,44.29999924,44.79999924,1635397,0,1,38.20708863,yahoo_bootstrap
2022-02-22,44.40000153,44.5,43.20000076,44.09999847,743050,0,1,37.61010221,yahoo_bootstrap
2022-02-23,44.29999924,47.79999924,44.15000153,47,4927648,0,1,40.08333027,yahoo_bootstrap
2022-02-24,46.15000153,47.90000153,44,44.15000153,4033092,0,1,37.65274665,yahoo_bootstrap
2022-02-25,44.95000076,46.45000076,44.59999847,46,2104479,0,1,39.23049346,yahoo_bootstrap
2022-03-01,46.54999924,47.40000153,45.34999847,45.54999924,1231224,0,1,38.84671624,yahoo_bootstrap
2022-03-02,45.59999847,46.29999924,45.54999924,46,672000,0,1,39.23049346,yahoo_bootstrap
2022-03-03,46.79999924,46.79999924,45.20000076,46.25,1185240,0,1,39.44370266,yahoo_bootstrap
2022-03-04,46.25,47.5,46,47,1892246,0,1,40.08333027,yahoo_bootstrap
2022-03-07,47,47,45.45000076,46.20000076,1115363,0,1,39.40106147,yahoo_bootstrap
2022-03-08,45,45.79999924,42.79999924,43,2883271,0,1,36.67198302,yahoo_bootstrap
2022-03-09,43.70000076,44,42.59999847,43.45000076,998255,0,1,37.05576023,yahoo_bootstrap
2022-03-10,43.59999847,44.79999924,42.65000153,43.09999847,2475000,0,1,36.7572654,yahoo_bootstrap
2022-03-11,43.20000076,43.59999847,42.59999847,43.29999924,496116,0,1,36.92783341,yahoo_bootstrap
2022-03-14,43.5,43.75,42.59999847,43.20000076,740142,0,1,36.84255103,yahoo_bootstrap
2022-03-15,43.40000153,43.40000153,41.79999924,42,1103000,0,1,35.8191462,yahoo_bootstrap
2022-03-16,42.04999924,42.25,41.09999847,41.40000153,660001,0,1,35.30744541,yahoo_bootstrap
2022-03-17,41.90000153,42,41.15000153,41.84999847,1207300,0,1,35.69121938,yahoo_bootstrap
2022-03-18,41.84999847,42.40000153,41.59999847,42.25,394007,0,1,36.03235541,yahoo_bootstrap
2022-03-21,42.59999847,42.65000153,42.25,42.5,285000,0,1,36.24556461,yahoo_bootstrap
2022-03-22,42.40000153,43.45000076,42.40000153,43.40000153,370151,0,1,37.01311904,yahoo_bootstrap
2022-03-23,43.45000076,43.5,42.5,43,511000,0,1,36.67198302,yahoo_bootstrap
2022-03-24,42.5,43.15000153,42.5,42.90000153,271030,0,1,36.58670064,yahoo_bootstrap
2022-03-25,42.95000076,42.95000076,42.65000153,42.70000076,193500,0,1,36.41613262,yahoo_bootstrap
2022-03-28,42.5,42.5,41.59999847,42.45000076,275002,0,1,36.20292342,yahoo_bootstrap
2022-03-29,42.45000076,42.84999847,42.25,42.45000076,196003,0,1,36.20292342,yahoo_bootstrap
2022-03-30,42.5,42.70000076,42.15000153,42.25,325000,0,1,36.03235541,yahoo_bootstrap
2022-03-31,42.25,42.90000153,41.79999924,41.84999847,411189,0,1,35.69121938,yahoo_bootstrap
2022-04-01,41.20000076,42,41.20000076,41.84999847,189000,0,1,35.69121938,yahoo_bootstrap
2022-04-06,41.84999847,42.15000153,41.84999847,41.90000153,233251,0,1,35.73386382,yahoo_bootstrap
2022-04-07,42.09999847,43.25,41.95000076,41.95000076,583000,0,1,35.77650501,yahoo_bootstrap
2022-04-08,42,42.90000153,42,42.75,516153,0,1,36.45877381,yahoo_bootstrap
2022-04-11,43,43.09999847,42,42,482003,0,1,35.8191462,yahoo_bootstrap
2022-04-12,42.04999924,42.04999924,41.5,41.59999847,487463,0,1,35.47801017,yahoo_bootstrap
2022-04-13,42.20000076,42.20000076,41.70000076,41.90000153,129100,0,1,35.73386382,yahoo_bootstrap
2022-04-14,41.90000153,42.09999847,41.54999924,41.70000076,245300,0,1,35.56329581,yahoo_bootstrap
2022-04-15,41.70000076,41.84999847,41.20000076,41.45000076,289221,0,1,35.3500866,yahoo_bootstrap
2022-04-18,41.65000153,41.70000076,41.15000153,41.40000153,120001,0,1,35.30744541,yahoo_bootstrap
2022-04-19,41.40000153,41.90000153,41.29999924,41.79999924,171250,0,1,35.64857819,yahoo_bootstrap
2022-04-20,41.75,41.95000076,41.29999924,41.5,132150,0,1,35.39272779,yahoo_bootstrap
2022-04-21,41.54999924,41.75,41.40000153,41.65000153,103050,0,1,35.52065462,yahoo_bootstrap
2022-04-22,41.29999924,42.09999847,41.29999924,41.79999924,212000,0,1,35.64857819,yahoo_bootstrap
2022-04-25,41.20000076,41.25,40.45000076,40.54999924,699001,0,1,34.58253217,yahoo_bootstrap
2022-04-26,40.54999924,41.5,40.5,40.84999847,218000,0,1,34.83838256,yahoo_bootstrap
2022-04-27,40.25,40.75,39.65000153,40.25,336000,0,1,34.32668178,yahoo_bootstrap
2022-04-28,40.75,40.84999847,40.40000153,40.79999924,98000,0,1,34.79574137,yahoo_bootstrap
2022-04-29,40.65000153,41.04999924,40.65000153,40.79999924,65500,0,1,34.79574137,yahoo_bootstrap
2022-05-03,40.79999924,40.79999924,40.15000153,40.40000153,141000,0,1,34.4546086,yahoo_bootstrap
2022-05-04,40.65000153,40.70000076,40.45000076,40.70000076,217000,0,1,34.71045899,yahoo_bootstrap
2022-05-05,40.84999847,41.20000076,40.84999847,41.15000153,72232,0,1,35.09423621,yahoo_bootstrap
2022-05-06,40.15000153,40.70000076,40.15000153,40.65000153,79000,0,1,34.6678178,yahoo_bootstrap
2022-05-09,40.5,40.5,39.84999847,40,217008,0,1,34.11347257,yahoo_bootstrap
2022-05-10,39.84999847,40.09999847,39.59999847,40,90025,0,1,34.11347257,yahoo_bootstrap
2022-05-11,40.34999847,40.34999847,39.79999924,40.04999924,119000,0,1,34.15611376,yahoo_bootstrap
2022-05-12,39.59999847,40.09999847,39.59999847,39.90000153,166150,0,1,34.02819019,yahoo_bootstrap
2022-05-13,40,40.95000076,40,40,62001,0,1,34.11347257,yahoo_bootstrap
2022-05-16,40.09999847,40.65000153,40.04999924,40.40000153,143000,0,1,34.4546086,yahoo_bootstrap
2022-05-17,40.09999847,40.79999924,40.09999847,40.70000076,77218,0,1,34.71045899,yahoo_bootstrap
2022-05-18,40.84999847,41.20000076,40.54999924,41.15000153,88200,0,1,35.09423621,yahoo_bootstrap
2022-05-19,40.5,40.95000076,40.5,40.95000076,56000,0,1,34.9236682,yahoo_bootstrap
2022-05-20,40.70000076,41.25,40.70000076,40.95000076,185654,0,1,34.9236682,yahoo_bootstrap
2022-05-23,40.95000076,41.09999847,40.79999924,40.84999847,60303,0,1,34.83838256,yahoo_bootstrap
2022-05-24,40.65000153,41.04999924,40.65000153,40.95000076,54000,0,1,34.9236682,yahoo_bootstrap
2022-05-25,40.95000076,41.15000153,40.70000076,41.15000153,73101,0,1,35.09423621,yahoo_bootstrap
2022-05-26,41.25,41.25,40.90000153,41.04999924,57000,0,1,35.00895058,yahoo_bootstrap
2022-05-27,41.15000153,41.15000153,40.90000153,40.95000076,61000,0,1,34.9236682,yahoo_bootstrap
2022-05-30,41.20000076,41.40000153,40.95000076,41,65143,0,1,34.96630939,yahoo_bootstrap
2022-05-31,41.20000076,41.29999924,41,41.29999924,44000,0,1,35.22215978,yahoo_bootstrap
2022-06-01,41.09999847,42.25,41.09999847,42,166033,0,1,35.8191462,yahoo_bootstrap
2022-06-02,41.95000076,41.95000076,41.5,41.5,102000,0,1,35.39272779,yahoo_bootstrap
2022-06-06,41.59999847,41.75,41.15000153,41.70000076,88000,0,1,35.56329581,yahoo_bootstrap
2022-06-07,41.90000153,41.95000076,41.54999924,41.95000076,70002,0,1,35.77650501,yahoo_bootstrap
2022-06-08,42,42.04999924,41.59999847,41.84999847,128000,0,1,35.69121938,yahoo_bootstrap
2022-06-09,41.90000153,41.95000076,41.5,41.90000153,131050,0,1,35.73386382,yahoo_bootstrap
2022-06-10,41.90000153,41.90000153,41.20000076,41.45000076,87000,0,1,35.3500866,yahoo_bootstrap
2022-06-13,41.04999924,41.04999924,40.70000076,40.70000076,135049,0,1,34.71045899,yahoo_bootstrap
2022-06-14,40.25,40.40000153,40.09999847,40.29999924,130000,0,1,34.36932297,yahoo_bootstrap
2022-06-15,40.29999924,40.79999924,40.29999924,40.79999924,67907,0,1,34.79574137,yahoo_bootstrap
2022-06-16,41.20000076,41.20000076,40.45000076,40.45000076,110102,0,1,34.49724979,yahoo_bootstrap
2022-06-17,40.15000153,40.29999924,40,40.29999924,184730,0,1,34.36932297,yahoo_bootstrap
2022-06-20,40.09999847,40.09999847,39,39,285377,0,1,33.26063576,yahoo_bootstrap
2022-06-21,39.20000076,39.75,39.15000153,39.75,107247,0,1,33.90026337,yahoo_bootstrap
2022-06-22,39.75,39.75,38.84999847,38.90000153,171000,0,1,33.17535338,yahoo_bootstrap
2022-06-23,38.90000153,39,38.15000153,38.20000076,167000,0,1,32.57836696,yahoo_bootstrap
2022-06-24,38.25,38.79999924,38.25,38.59999847,157251,0,1,32.91949973,yahoo_bootstrap
2022-06-27,38.59999847,39.15000153,38.59999847,39.04999924,251690,0,1,33.30327695,yahoo_bootstrap
2022-06-28,37.09999847,37.65000153,37.09999847,37.5,145213,2.2,1,33.89071673,yahoo_bootstrap
2022-06-29,37.5,37.5,36.75,37.20000076,125000,0,1,33.61959168,yahoo_bootstrap
2022-06-30,37.25,37.25,36.5,36.54999924,177068,0,1,33.03215122,yahoo_bootstrap
2022-07-01,36.45000076,36.45000076,35.09999847,35.25,243159,0,1,31.85727372,yahoo_bootstrap
2022-07-04,35,35.20000076,34.65000153,34.84999847,126022,0,1,31.49577137,yahoo_bootstrap
2022-07-05,35.5,35.5,34.75,35.09999847,68234,0,1,31.72170948,yahoo_bootstrap
2022-07-06,35.04999924,35.04999924,34.59999847,34.65000153,110000,0,1,31.31502364,yahoo_bootstrap
2022-07-07,35,35,34.65000153,34.84999847,58020,0,1,31.49577137,yahoo_bootstrap
2022-07-08,35.09999847,35.09999847,34.75,34.75,54020,0,1,31.4053975,yahoo_bootstrap
2022-07-11,34.75,34.75,34.04999924,34.29999924,133203,0,1,30.99870821,yahoo_bootstrap
2022-07-12,34,34,33.40000153,33.70000076,102000,0,1,30.45645812,yahoo_bootstrap
2022-07-13,33.90000153,34.25,33.79999924,34.04999924,83060,0,1,30.7727701,yahoo_bootstrap
2022-07-14,34.09999847,34.15000153,33.90000153,34,75000,0,1,30.72758317,yahoo_bootstrap
2022-07-15,34.04999924,34.20000076,34,34.20000076,41043,0,1,30.90833435,yahoo_bootstrap
2022-07-18,34.04999924,34.5,34.04999924,34.40000153,37000,0,1,31.08908552,yahoo_bootstrap
2022-07-19,34.40000153,34.65000153,34.40000153,34.65000153,31086,0,1,31.31502364,yahoo_bootstrap
2022-07-20,34.54999924,35,34.54999924,34.65000153,81334,0,1,31.31502364,yahoo_bootstrap
2022-07-21,34.70000076,34.84999847,34.59999847,34.84999847,41000,0,1,31.49577137,yahoo_bootstrap
2022-07-22,34.79999924,35.65000153,34.79999924,35.54999924,149107,0,1,32.12839877,yahoo_bootstrap
2022-07-25,35.54999924,35.95000076,35.54999924,35.79999924,55041,0,1,32.35433688,yahoo_bootstrap
2022-07-26,36.09999847,36.40000153,35.79999924,36.29999924,77050,0,1,32.8062131,yahoo_bootstrap
2022-07-27,36.45000076,36.5,35.84999847,35.95000076,27000,0,1,32.48990113,yahoo_bootstrap
2022-07-28,35.95000076,36.04999924,35.79999924,36.04999924,65009,0,1,32.58027499,yahoo_bootstrap
2022-07-29,36.29999924,36.29999924,35.90000153,36.04999924,32001,0,1,32.58027499,yahoo_bootstrap
2022-08-01,36.09999847,36.29999924,36.04999924,36.15000153,67041,0,1,32.67065231,yahoo_bootstrap
2022-08-02,36,36.20000076,35.40000153,35.70000076,106000,0,1,32.26396302,yahoo_bootstrap
2022-08-03,35.79999924,35.90000153,35.5,35.90000153,72000,0,1,32.44471419,yahoo_bootstrap
2022-08-04,35.75,36.09999847,35.65000153,35.90000153,30000,0,1,32.44471419,yahoo_bootstrap
2022-08-05,36.5,36.54999924,36.29999924,36.45000076,20000,0,1,32.94177735,yahoo_bootstrap
2022-08-08,36.04999924,36.20000076,35.84999847,36,69000,0,1,32.53508806,yahoo_bootstrap
2022-08-09,36.09999847,37,36.09999847,36.90000153,66000,0,1,33.34846664,yahoo_bootstrap
2022-08-10,36.95000076,37.09999847,36.59999847,37.09999847,36000,0,1,33.52921437,yahoo_bootstrap
2022-08-11,37.34999847,37.34999847,37.09999847,37.20000076,63000,0,1,33.61959168,yahoo_bootstrap
2022-08-12,37.20000076,37.34999847,36.90000153,37.20000076,31000,0,1,33.61959168,yahoo_bootstrap
2022-08-15,37.20000076,37.34999847,37.20000076,37.20000076,39006,0,1,33.61959168,yahoo_bootstrap
2022-08-16,37.40000153,37.40000153,36.79999924,36.90000153,67000,0,1,33.34846664,yahoo_bootstrap
2022-08-17,37,37.09999847,36.90000153,36.90000153,65350,0,1,33.34846664,yahoo_bootstrap
2022-08-18,37,37.04999924,36.79999924,36.95000076,16000,0,1,33.39365357,yahoo_bootstrap
2022-08-19,37,37.25,37,37.25,29050,0,1,33.66477862,yahoo_bootstrap
2022-08-22,36.84999847,37.09999847,36.84999847,37.04999924,49000,0,1,33.48402744,yahoo_bootstrap
2022-08-23,37,37.29999924,37,37,38000,0,1,33.43884051,yahoo_bootstrap
2022-08-24,37,37.15000153,37,37.15000153,41000,0,1,33.57440475,yahoo_bootstrap
2022-08-25,37.15000153,37.34999847,37,37.09999847,75000,0,1,33.52921437,yahoo_bootstrap
2022-08-26,37.09999847,37.40000153,37,37.40000153,35050,0,1,33.80034286,yahoo_bootstrap
2022-08-29,37.40000153,37.40000153,37.04999924,37.15000153,63728,0,1,33.57440475,yahoo_bootstrap
2022-08-30,37.15000153,37.40000153,37.09999847,37.40000153,25000,0,1,33.80034286,yahoo_bootstrap
2022-08-31,37.5,37.5,37.09999847,37.20000076,70050,0,1,33.61959168,yahoo_bootstrap
2022-09-01,37,37.15000153,36.95000076,37.04999924,87050,0,1,33.48402744,yahoo_bootstrap
2022-09-02,37.20000076,37.29999924,36.95000076,37.15000153,38000,0,1,33.57440475,yahoo_bootstrap
2022-09-05,37.15000153,37.15000153,36.84999847,36.84999847,68050,0,1,33.30327626,yahoo_bootstrap
2022-09-06,36.84999847,36.84999847,36.40000153,36.54999924,50000,0,1,33.03215122,yahoo_bootstrap
2022-09-07,36.54999924,36.54999924,36.15000153,36.40000153,63085,0,1,32.89659042,yahoo_bootstrap
2022-09-08,36,37.45000076,35.5,36.40000153,149000,0,1,32.89659042,yahoo_bootstrap
2022-09-12,36.40000153,37.15000153,36.40000153,37,49210,0,1,33.43884051,yahoo_bootstrap
2022-09-13,37.29999924,37.34999847,36.75,37.04999924,51571,0,1,33.48402744,yahoo_bootstrap
2022-09-14,37.04999924,37.40000153,36.79999924,36.95000076,80000,0,1,33.39365357,yahoo_bootstrap
2022-09-15,36.95000076,37.25,36.95000076,36.95000076,66000,0,1,33.39365357,yahoo_bootstrap
2022-09-16,36.79999924,36.95000076,36.79999924,36.95000076,10000,0,1,33.39365357,yahoo_bootstrap
2022-09-19,36.70000076,36.70000076,36.40000153,36.59999847,26000,0,1,33.07733815,yahoo_bootstrap
2022-09-20,36.54999924,36.79999924,36.5,36.65000153,41000,0,1,33.12252853,yahoo_bootstrap
2022-09-21,36.65000153,36.65000153,36.5,36.5,53000,0,1,32.98696428,yahoo_bootstrap
2022-09-22,36.5,36.5,36,36.29999924,52553,0,1,32.8062131,yahoo_bootstrap
2022-09-23,36.29999924,36.59999847,36.29999924,36.34999847,23000,0,1,32.85140004,yahoo_bootstrap
2022-09-26,36.34999847,36.34999847,35.59999847,35.75,215731,0,1,32.30914995,yahoo_bootstrap
2022-09-27,35.79999924,36.59999847,35.75,36.20000076,53000,0,1,32.71583924,yahoo_bootstrap
2022-09-28,35.79999924,35.79999924,35.20000076,35.59999847,67000,0,1,32.1735857,yahoo_bootstrap
2022-09-29,35.65000153,35.75,35.09999847,35.15000153,75000,0,1,31.76689986,yahoo_bootstrap
2022-09-30,35,35.09999847,34.20000076,34.34999847,124000,0,1,31.04389514,yahoo_bootstrap
2022-10-03,34.5,34.5,33.79999924,34.40000153,45000,0,1,31.08908552,yahoo_bootstrap
2022-10-04,34.15000153,34.54999924,34.04999924,34.54999924,75000,0,1,31.22464632,yahoo_bootstrap
2022-10-05,34.79999924,35.04999924,34.75,34.84999847,47140,0,1,31.49577137,yahoo_bootstrap
2022-10-06,34.84999847,34.84999847,34.04999924,34.25,54007,0,1,30.95352128,yahoo_bootstrap
2022-10-07,34.25,34.5,34.25,34.40000153,37000,0,1,31.08908552,yahoo_bootstrap
2022-10-11,34.40000153,34.40000153,33.79999924,33.95000076,59000,0,1,30.68239623,yahoo_bootstrap
2022-10-12,34,34,33.70000076,34,7000,0,1,30.72758317,yahoo_bootstrap
2022-10-13,33.79999924,33.79999924,32.40000153,33,99050,0,1,29.82383072,yahoo_bootstrap
2022-10-14,33.5,33.95000076,32.70000076,33.70000076,45293,0,1,30.45645812,yahoo_bootstrap
2022-10-17,33.70000076,33.70000076,33.09999847,33.09999847,36060,0,1,29.91420459,yahoo_bootstrap
2022-10-18,33.15000153,33.15000153,32.75,33,56000,0,1,29.82383072,yahoo_bootstrap
2022-10-19,33.5,33.5,32.95000076,33,12000,0,1,29.82383072,yahoo_bootstrap
2022-10-20,32.95000076,32.95000076,32.5,32.59999847,21000,0,1,29.46232836,yahoo_bootstrap
2022-10-21,32.5,32.5,32,32.29999924,57000,0,1,29.19120332,yahoo_bootstrap
2022-10-24,32.54999924,32.59999847,32.29999924,32.59999847,8000,0,1,29.46232836,yahoo_bootstrap
2022-10-25,32.59999847,32.65000153,32.20000076,32.5,52020,0,1,29.3719545,yahoo_bootstrap
2022-10-26,32.15000153,32.54999924,32.15000153,32.45000076,19000,0,1,29.32676757,yahoo_bootstrap
2022-10-27,32.45000076,32.70000076,32.15000153,32.34999847,65100,0,1,29.23639025,yahoo_bootstrap
2022-10-28,32.15000153,32.15000153,31.70000076,31.70000076,56054,0,1,28.64895323,yahoo_bootstrap
2022-10-31,31.89999962,31.89999962,31.29999924,31.70000076,70500,0,1,28.64895323,yahoo_bootstrap
2022-11-01,31.79999924,32.04999924,31.75,32.04999924,32000,0,1,28.96526521,yahoo_bootstrap
2022-11-02,32.09999847,32.75,32.09999847,32.54999924,45027,0,1,29.41714143,yahoo_bootstrap
2022-11-03,32.34999847,32.34999847,32.09999847,32.25,17020,0,1,29.14601639,yahoo_bootstrap
2022-11-04,32.5,32.75,32.34999847,32.40000153,24000,0,1,29.28158063,yahoo_bootstrap
2022-11-07,32.90000153,32.95000076,32.40000153,32.5,49108,0,1,29.3719545,yahoo_bootstrap
2022-11-08,32.40000153,32.40000153,31.95000076,32.15000153,95305,0,1,29.05564252,yahoo_bootstrap
2022-11-09,32,32.04999924,31.75,32,161150,0,1,28.92007828,yahoo_bootstrap
2022-11-10,32,33.5,31.85000038,33.5,157250,0,1,30.27570694,yahoo_bootstrap
2022-11-11,34,34.09999847,33.09999847,33.5,153200,0,1,30.27570694,yahoo_bootstrap
2022-11-14,33.5,33.5,33.15000153,33.5,121000,0,1,30.27570694,yahoo_bootstrap
2022-11-15,33.59999847,33.59999847,32.90000153,33.59999847,140131,0,1,30.36608081,yahoo_bootstrap
2022-11-16,33.59999847,33.70000076,33.20000076,33.20000076,52001,0,1,30.0045819,yahoo_bootstrap
2022-11-17,33.15000153,33.25,33.15000153,33.25,48028,0,1,30.04976883,yahoo_bootstrap
2022-11-18,33.25,33.25,33.09999847,33.25,40000,0,1,30.04976883,yahoo_bootstrap
2022-11-21,33.25,33.45000076,33.25,33.40000153,40050,0,1,30.18533308,yahoo_bootstrap
2022-11-22,33.25,33.40000153,33.15000153,33.34999847,70000,0,1,30.1401427,yahoo_bootstrap
2022-11-23,33.29999924,33.65000153,33.29999924,33.45000076,40000,0,1,30.23052001,yahoo_bootstrap
2022-11-24,33.34999847,33.34999847,33.20000076,33.25,59000,0,1,30.04976883,yahoo_bootstrap
2022-11-25,33.25,33.40000153,33.25,33.34999847,86022,0,1,30.1401427,yahoo_bootstrap
2022-11-28,33.34999847,33.70000076,33.34999847,33.70000076,60159,0,1,30.45645812,yahoo_bootstrap
2022-11-29,33.5,33.70000076,33.45000076,33.70000076,38000,0,1,30.45645812,yahoo_bootstrap
2022-11-30,33.70000076,34.04999924,33.70000076,34.04999924,60200,0,1,30.7727701,yahoo_bootstrap
2022-12-01,34.04999924,34.20000076,34,34.09999847,63000,0,1,30.81795703,yahoo_bootstrap
2022-12-02,34.09999847,34.40000153,34.04999924,34.20000076,37000,0,1,30.90833435,yahoo_bootstrap
2022-12-05,34.25,34.95000076,34.09999847,34.95000076,106000,0,1,31.58614868,yahoo_bootstrap
2022-12-06,34.84999847,34.84999847,34.29999924,34.54999924,52001,0,1,31.22464632,yahoo_bootstrap
2022-12-07,34.34999847,34.40000153,34.20000076,34.40000153,36001,0,1,31.08908552,yahoo_bootstrap
2022-12-08,34.09999847,34.09999847,33.70000076,34,90000,0,1,30.72758317,yahoo_bootstrap
2022-12-09,33.95000076,34.09999847,33.90000153,34.09999847,20000,0,1,30.81795703,yahoo_bootstrap
2022-12-12,34.09999847,34.20000076,34.09999847,34.20000076,23001,0,1,30.90833435,yahoo_bootstrap
2022-12-13,34.20000076,34.40000153,34.09999847,34.40000153,23028,0,1,31.08908552,yahoo_bootstrap
2022-12-14,34.40000153,34.40000153,34.20000076,34.29999924,19000,0,1,30.99870821,yahoo_bootstrap
2022-12-15,34.29999924,34.29999924,34,34.04999924,30001,0,1,30.7727701,yahoo_bootstrap
2022-12-16,34,34,33.90000153,33.90000153,41084,0,1,30.6372093,yahoo_bootstrap
2022-12-19,33.90000153,34,33.84999847,33.90000153,12000,0,1,30.6372093,yahoo_bootstrap
2022-12-20,33.90000153,33.90000153,33.5,33.84999847,82000,0,1,30.59201892,yahoo_bootstrap
2022-12-21,34.15000153,34.15000153,33.84999847,34,164000,0,1,30.72758317,yahoo_bootstrap
2022-12-22,34.20000076,34.20000076,34.09999847,34.20000076,7050,0,1,30.90833435,yahoo_bootstrap
2022-12-23,34.09999847,34.09999847,34.09999847,34.09999847,11050,0,1,30.81795703,yahoo_bootstrap
2022-12-26,34.25,34.25,34.09999847,34.09999847,39058,0,1,30.81795703,yahoo_bootstrap
2022-12-27,34.09999847,34.20000076,34.09999847,34.20000076,81000,0,1,30.90833435,yahoo_bootstrap
2022-12-28,34.20000076,34.25,34.09999847,34.15000153,92142,0,1,30.86314741,yahoo_bootstrap
2022-12-29,33.5,33.5,33.20000076,33.34999847,277000,0,1,30.1401427,yahoo_bootstrap
2022-12-30,33.79999924,33.90000153,33.45000076,33.84999847,27000,0,1,30.59201892,yahoo_bootstrap
2023-01-03,33.84999847,33.95000076,33.65000153,33.95000076,21000,0,1,30.68239623,yahoo_bootstrap
2023-01-04,33.70000076,33.70000076,33.70000076,33.70000076,75000,0,1,30.45645812,yahoo_bootstrap
2023-01-05,33.79999924,33.79999924,33.70000076,33.70000076,14000,0,1,30.45645812,yahoo_bootstrap
2023-01-06,33.70000076,33.70000076,33.5,33.65000153,35000,0,1,30.41127119,yahoo_bootstrap
2023-01-09,33.79999924,33.79999924,33.65000153,33.70000076,25000,0,1,30.45645812,yahoo_bootstrap
2023-01-10,33.70000076,33.70000076,33.45000076,33.59999847,67000,0,1,30.36608081,yahoo_bootstrap
2023-01-11,33.59999847,33.70000076,33.5,33.59999847,37050,0,1,30.36608081,yahoo_bootstrap
2023-01-12,33.54999924,33.65000153,33.54999924,33.54999924,16060,0,1,30.32089388,yahoo_bootstrap
2023-01-13,33.59999847,33.59999847,33.40000153,33.54999924,50000,0,1,30.32089388,yahoo_bootstrap
2023-01-16,33.54999924,33.90000153,33.54999924,33.79999924,64229,0,1,30.54683199,yahoo_bootstrap
2023-01-17,33.79999924,33.95000076,33.75,33.90000153,36300,0,1,30.6372093,yahoo_bootstrap
2023-01-30,34.04999924,34.20000076,33.90000153,33.90000153,33029,0,1,30.6372093,yahoo_bootstrap
2023-01-31,34.09999847,34.15000153,34.04999924,34.09999847,36010,0,1,30.81795703,yahoo_bootstrap
2023-02-01,34.09999847,34.90000153,34.09999847,34.90000153,91052,0,1,31.54096175,yahoo_bootstrap
2023-02-02,34.90000153,35.29999924,34.90000153,35.09999847,68004,0,1,31.72170948,yahoo_bootstrap
2023-02-03,34.79999924,35.25,34.79999924,35.25,73000,0,1,31.85727372,yahoo_bootstrap
2023-02-06,35.25,35.70000076,35.25,35.5,112000,0,1,32.08321184,yahoo_bootstrap
2023-02-07,35.45000076,36.09999847,35.45000076,36.04999924,87000,0,1,32.58027499,yahoo_bootstrap
2023-02-08,36,36,35.45000076,35.65000153,125000,0,1,32.21877608,yahoo_bootstrap
2023-02-09,35.40000153,35.45000076,35.29999924,35.40000153,74360,0,1,31.99283797,yahoo_bootstrap
2023-02-10,35.40000153,35.5,35.09999847,35.5,58000,0,1,32.08321184,yahoo_bootstrap
2023-02-13,35.40000153,35.40000153,35.15000153,35.20000076,38001,0,1,31.81208679,yahoo_bootstrap
2023-02-14,35.20000076,35.5,35,35.09999847,61000,0,1,31.72170948,yahoo_bootstrap
2023-02-15,35.34999847,35.34999847,34.79999924,34.79999924,49000,0,1,31.45058443,yahoo_bootstrap
2023-02-16,34.84999847,35.09999847,34.79999924,35,95276,0,1,31.63133561,yahoo_bootstrap
2023-02-17,35.04999924,35.09999847,34.79999924,35.09999847,120040,0,1,31.72170948,yahoo_bootstrap
2023-02-20,35.09999847,35.09999847,34.59999847,35,148000,0,1,31.63133561,yahoo_bootstrap
2023-02-21,35,35.04999924,34.75,35,78057,0,1,31.63133561,yahoo_bootstrap
2023-02-22,34.90000153,35.15000153,34.59999847,35,74276,0,1,31.63133561,yahoo_bootstrap
2023-02-23,35,35.90000153,35,35.25,123723,0,1,31.85727372,yahoo_bootstrap
2023-02-24,35.29999924,35.40000153,35.04999924,35.09999847,38100,0,1,31.72170948,yahoo_bootstrap
2023-03-01,35.15000153,35.15000153,34.84999847,35,52100,0,1,31.63133561,yahoo_bootstrap
2023-03-02,35.04999924,35.09999847,34.90000153,35,43000,0,1,31.63133561,yahoo_bootstrap
2023-03-03,35,35,34.95000076,35,39100,0,1,31.63133561,yahoo_bootstrap
2023-03-06,35,35.15000153,35,35.15000153,91001,0,1,31.76689986,yahoo_bootstrap
2023-03-07,35.15000153,35.40000153,35.09999847,35.34999847,53137,0,1,31.94764759,yahoo_bootstrap
2023-03-08,35.34999847,35.34999847,35.04999924,35.29999924,92046,0,1,31.90246066,yahoo_bootstrap
2023-03-09,35.34999847,35.34999847,35.20000076,35.29999924,71000,0,1,31.90246066,yahoo_bootstrap
2023-03-10,35,35.09999847,34.79999924,35,169000,0,1,31.63133561,yahoo_bootstrap
2023-03-13,34.90000153,34.90000153,34.20000076,34.90000153,129074,0,1,31.54096175,yahoo_bootstrap
2023-03-14,34.54999924,35,34.54999924,34.65000153,71361,0,1,31.31502364,yahoo_bootstrap
2023-03-15,34.65000153,35,34.65000153,35,115613,0,1,31.63133561,yahoo_bootstrap
2023-03-16,34.79999924,34.90000153,34.65000153,34.84999847,101001,0,1,31.49577137,yahoo_bootstrap
2023-03-17,34.95000076,34.95000076,34.70000076,34.95000076,41000,0,1,31.58614868,yahoo_bootstrap
2023-03-20,34.70000076,34.79999924,34.65000153,34.70000076,23043,0,1,31.36021057,yahoo_bootstrap
2023-03-21,34.75,34.84999847,34.70000076,34.75,25009,0,1,31.4053975,yahoo_bootstrap
2023-03-22,34.75,34.84999847,34.70000076,34.84999847,75002,0,1,31.49577137,yahoo_bootstrap
2023-03-23,34.95000076,35.40000153,34.90000153,35.09999847,30056,0,1,31.72170948,yahoo_bootstrap
2023-03-24,35.20000076,35.29999924,34.90000153,35.20000076,30046,0,1,31.81208679,yahoo_bootstrap
2023-03-27,35.40000153,35.5,35.20000076,35.40000153,68030,0,1,31.99283797,yahoo_bootstrap
2023-03-28,35.54999924,36,35.5,35.59999847,112000,0,1,32.1735857,yahoo_bootstrap
2023-03-29,35.90000153,36.04999924,35.5,35.5,37075,0,1,32.08321184,yahoo_bootstrap
2023-03-30,35.5,36,35.5,35.79999924,58165,0,1,32.35433688,yahoo_bootstrap
2023-03-31,35.59999847,36.09999847,35.59999847,36,61081,0,1,32.53508806,yahoo_bootstrap
2023-04-06,35.59999847,35.84999847,35.59999847,35.84999847,7000,0,1,32.39952381,yahoo_bootstrap
2023-04-07,35.84999847,35.84999847,35.79999924,35.79999924,11000,0,1,32.35433688,yahoo_bootstrap
2023-04-10,35.90000153,35.90000153,35.79999924,35.79999924,43000,0,1,32.35433688,yahoo_bootstrap
2023-04-11,35.95000076,36,35.59999847,35.59999847,59334,0,1,32.1735857,yahoo_bootstrap
2023-04-12,35.29999924,35.59999847,35.29999924,35.5,64431,0,1,32.08321184,yahoo_bootstrap
2023-04-13,35.29999924,35.5,35.29999924,35.29999924,44075,0,1,31.90246066,yahoo_bootstrap
2023-04-14,35.25,35.34999847,35.20000076,35.29999924,37416,0,1,31.90246066,yahoo_bootstrap
2023-04-17,35.29999924,36,35.29999924,35.90000153,87491,0,1,32.44471419,yahoo_bootstrap
2023-04-18,36,36,35.5,35.5,42000,0,1,32.08321184,yahoo_bootstrap
2023-04-19,35.29999924,35.34999847,35.20000076,35.25,86001,0,1,31.85727372,yahoo_bootstrap
2023-04-20,35.20000076,35.45000076,35.20000076,35.20000076,22001,0,1,31.81208679,yahoo_bootstrap
2023-04-21,35.15000153,35.29999924,35,35.04999924,43000,0,1,31.67652255,yahoo_bootstrap
2023-04-24,35.20000076,35.29999924,35.20000076,35.20000076,39086,0,1,31.81208679,yahoo_bootstrap
2023-04-25,35.20000076,35.5,34.95000076,35.04999924,92000,0,1,31.67652255,yahoo_bootstrap
2023-04-26,35,35.20000076,35,35.09999847,21000,0,1,31.72170948,yahoo_bootstrap
2023-04-27,35.29999924,35.90000153,35.25,35.5,55064,0,1,32.08321184,yahoo_bootstrap
2023-04-28,35.54999924,35.54999924,35,35.29999924,24000,0,1,31.90246066,yahoo_bootstrap
2023-05-02,36.15000153,38.40000153,36.09999847,37.75,787184,0,1,34.11665484,yahoo_bootstrap
2023-05-03,38.04999924,39.79999924,36.95000076,36.95000076,960928,0,1,33.39365357,yahoo_bootstrap
2023-05-04,37,38,36.5,37.65000153,262755,0,1,34.02628097,yahoo_bootstrap
2023-05-05,37.70000076,38.09999847,37.29999924,37.70000076,114003,0,1,34.07146791,yahoo_bootstrap
2023-05-08,37.95000076,37.95000076,36.95000076,36.95000076,128410,0,1,33.39365357,yahoo_bootstrap
2023-05-09,36.95000076,36.95000076,35.84999847,36,198300,0,1,32.53508806,yahoo_bootstrap
2023-05-10,36.04999924,36.79999924,36.04999924,36.15000153,34000,0,1,32.67065231,yahoo_bootstrap
2023-05-11,35.75,35.75,35.20000076,35.65000153,105550,0,1,32.21877608,yahoo_bootstrap
2023-05-12,35.65000153,35.79999924,35.59999847,35.59999847,68560,0,1,32.1735857,yahoo_bootstrap
2023-05-15,35.59999847,35.90000153,35.59999847,35.59999847,35001,0,1,32.1735857,yahoo_bootstrap
2023-05-16,35.79999924,36.45000076,35.70000076,35.90000153,94100,0,1,32.44471419,yahoo_bootstrap
2023-05-17,36,36.65000153,36,36.25,89000,0,1,32.76102617,yahoo_bootstrap
2023-05-18,36.65000153,36.90000153,36.29999924,36.75,95001,0,1,33.21290239,yahoo_bootstrap
2023-05-19,37.09999847,37.09999847,36.15000153,36.5,60000,0,1,32.98696428,yahoo_bootstrap
2023-05-22,36.29999924,36.29999924,36.20000076,36.20000076,53094,0,1,32.71583924,yahoo_bootstrap
2023-05-23,36.29999924,36.5,35.90000153,36.40000153,156106,0,1,32.89659042,yahoo_bootstrap
2023-05-24,36.20000076,36.65000153,36.20000076,36.65000153,126150,0,1,33.12252853,yahoo_bootstrap
2023-05-25,36.65000153,36.84999847,36.65000153,36.75,143050,0,1,33.21290239,yahoo_bootstrap
2023-05-26,36.75,36.79999924,36.45000076,36.5,187000,0,1,32.98696428,yahoo_bootstrap
2023-05-29,36.5,36.5,36.29999924,36.45000076,128000,0,1,32.94177735,yahoo_bootstrap
2023-05-30,36.40000153,36.45000076,36.09999847,36.15000153,177000,0,1,32.67065231,yahoo_bootstrap
2023-05-31,36.04999924,36.34999847,36.04999924,36.09999847,69175,0,1,32.62546192,yahoo_bootstrap
2023-06-01,36.65000153,36.65000153,36.20000076,36.34999847,122000,0,1,32.85140004,yahoo_bootstrap
2023-06-02,36.34999847,36.45000076,36.34999847,36.34999847,73307,0,1,32.85140004,yahoo_bootstrap
2023-06-05,36.34999847,36.59999847,36.09999847,36.54999924,172100,0,1,33.03215122,yahoo_bootstrap
2023-06-06,36.54999924,36.70000076,36.54999924,36.65000153,42500,0,1,33.12252853,yahoo_bootstrap
2023-06-07,36.65000153,36.65000153,36.29999924,36.5,162010,0,1,32.98696428,yahoo_bootstrap
2023-06-08,36.40000153,36.65000153,36.40000153,36.59999847,138050,0,1,33.07733815,yahoo_bootstrap
2023-06-09,36.59999847,36.95000076,36.59999847,36.95000076,256232,0,1,33.39365357,yahoo_bootstrap
2023-06-12,35.29999924,35.29999924,35.04999924,35.09999847,274450,1.9,1,33.44128856,yahoo_bootstrap
2023-06-13,35.15000153,35.20000076,35,35.15000153,56000,0,1,33.48892863,yahoo_bootstrap
2023-06-14,35.09999847,35.25,35.04999924,35.20000076,203009,0,1,33.53656507,yahoo_bootstrap
2023-06-15,35.20000076,35.40000153,35.09999847,35.29999924,218100,0,1,33.63183795,yahoo_bootstrap
2023-06-16,35.29999924,35.29999924,35.15000153,35.25,40350,0,1,33.58420151,yahoo_bootstrap
2023-06-19,35.15000153,35.20000076,34.90000153,35.04999924,196500,0,1,33.39365212,yahoo_bootstrap
2023-06-20,35,35.20000076,35,35.09999847,125214,0,1,33.44128856,yahoo_bootstrap
2023-06-21,35.09999847,35.65000153,35.04999924,35.65000153,157001,0,1,33.96530028,yahoo_bootstrap
2023-06-26,35.65000153,35.65000153,35.25,35.40000153,35500,0,1,33.72711446,yahoo_bootstrap
2023-06-27,35.29999924,35.34999847,35,35.04999924,157000,0,1,33.39365212,yahoo_bootstrap
2023-06-28,35.15000153,35.34999847,35.09999847,35.09999847,114000,0,1,33.44128856,yahoo_bootstrap
2023-06-29,35.20000076,35.25,35.09999847,35.20000076,30000,0,1,33.53656507,yahoo_bootstrap
2023-06-30,35,35.29999924,35,35.25,51050,0,1,33.58420151,yahoo_bootstrap
2023-07-03,35.25,35.5,35.25,35.29999924,48000,0,1,33.63183795,yahoo_bootstrap
2023-07-04,35.29999924,35.29999924,35.04999924,35.09999847,30023,0,1,33.44128856,yahoo_bootstrap
2023-07-05,35.09999847,35.09999847,35,35,33370,0,1,33.34601568,yahoo_bootstrap
2023-07-06,35.20000076,35.34999847,35,35,108000,0,1,33.34601568,yahoo_bootstrap
2023-07-07,35,35,34.90000153,34.90000153,44200,0,1,33.2507428,yahoo_bootstrap
2023-07-10,34.90000153,34.90000153,34.5,34.70000076,111158,0,1,33.06019342,yahoo_bootstrap
2023-07-11,34.90000153,35,34.54999924,34.75,49000,0,1,33.10782985,yahoo_bootstrap
2023-07-12,34.75,34.95000076,34.75,34.79999924,114050,0,1,33.15546629,yahoo_bootstrap
2023-07-13,34.79999924,35.20000076,34.79999924,34.79999924,136227,0,1,33.15546629,yahoo_bootstrap
2023-07-14,34.95000076,35.09999847,34.84999847,34.90000153,183000,0,1,33.2507428,yahoo_bootstrap
2023-07-17,35.09999847,35.09999847,34.90000153,35,162040,0,1,33.34601568,yahoo_bootstrap
2023-07-18,35.20000076,37.59999847,35.04999924,35.79999924,450033,0,1,34.1082096,yahoo_bootstrap
2023-07-19,35.75,35.79999924,35.45000076,35.54999924,284177,0,1,33.87002377,yahoo_bootstrap
2023-07-20,35.54999924,37.29999924,35.5,37.20000076,701161,0,1,35.44205168,yahoo_bootstrap
2023-07-21,36.5,37.90000153,35.79999924,36.84999847,511000,0,1,35.10858934,yahoo_bootstrap
2023-07-24,36.90000153,36.90000153,36,36.20000076,155132,0,1,34.48930837,yahoo_bootstrap
2023-07-25,36.20000076,36.34999847,35.95000076,36,160015,0,1,34.29875899,yahoo_bootstrap
2023-07-26,36.09999847,36.5,36,36.09999847,170155,0,1,34.39403186,yahoo_bootstrap
2023-07-27,36.29999924,36.75,36.09999847,36.45000076,175000,0,1,34.7274942,yahoo_bootstrap
2023-07-28,36.45000076,36.45000076,36.25,36.40000153,121000,0,1,34.67985776,yahoo_bootstrap
2023-07-31,36.59999847,36.84999847,36.40000153,36.5,74178,0,1,34.77513064,yahoo_bootstrap
2023-08-01,36.29999924,36.54999924,36.29999924,36.5,19000,0,1,34.77513064,yahoo_bootstrap
2023-08-02,36.5,36.54999924,36.09999847,36.40000153,151000,0,1,34.67985776,yahoo_bootstrap
2023-08-04,36.40000153,37,36.15000153,37,115200,0,1,35.25150229,yahoo_bootstrap
2023-08-07,37,37,36.20000076,36.45000076,237040,0,1,34.7274942,yahoo_bootstrap
2023-08-08,36.95000076,36.95000076,35.90000153,36,121300,0,1,34.29875899,yahoo_bootstrap
2023-08-09,35.84999847,35.90000153,35.5,35.65000153,137272,0,1,33.96530028,yahoo_bootstrap
2023-08-10,35.65000153,35.65000153,35.09999847,35.09999847,134000,0,1,33.44128856,yahoo_bootstrap
2023-08-11,35.20000076,35.54999924,35.15000153,35.5,152052,0,1,33.82238733,yahoo_bootstrap
2023-08-14,35.29999924,35.54999924,34.20000076,34.75,144000,0,1,33.10782985,yahoo_bootstrap
2023-08-15,34.79999924,35.04999924,34.20000076,34.70000076,249000,0,1,33.06019342,yahoo_bootstrap
2023-08-16,34.5,34.79999924,34,34.54999924,121000,0,1,32.91728047,yahoo_bootstrap
2023-08-17,34.65000153,34.65000153,34.40000153,34.59999847,150000,0,1,32.9649169,yahoo_bootstrap
2023-08-18,34.59999847,34.95000076,34.45000076,34.59999847,156132,0,1,32.9649169,yahoo_bootstrap
2023-08-21,34.70000076,34.75,34.45000076,34.54999924,116050,0,1,32.91728047,yahoo_bootstrap
2023-08-22,35.70000076,35.70000076,34.5,34.59999847,155000,0,1,32.9649169,yahoo_bootstrap
2023-08-23,34.90000153,34.90000153,34.5,34.59999847,126106,0,1,32.9649169,yahoo_bootstrap
2023-08-24,34.45000076,34.79999924,34,34.45000076,111644,0,1,32.82200759,yahoo_bootstrap
2023-08-25,34.45000076,34.59999847,34.29999924,34.59999847,116006,0,1,32.9649169,yahoo_bootstrap
2023-08-28,34.59999847,34.79999924,34.25,34.25,91000,0,1,32.6314582,yahoo_bootstrap
2023-08-29,34.25,34.54999924,34.20000076,34.25,88001,0,1,32.6314582,yahoo_bootstrap
2023-08-30,34.5,34.5,34,34.20000076,40000,0,1,32.58382176,yahoo_bootstrap
2023-08-31,34.09999847,34.5,34.09999847,34.40000153,47000,0,1,32.77437115,yahoo_bootstrap
2023-09-01,34.40000153,34.54999924,34.40000153,34.40000153,36091,0,1,32.77437115,yahoo_bootstrap
2023-09-04,34.29999924,34.70000076,34.29999924,34.65000153,17000,0,1,33.01255698,yahoo_bootstrap
2023-09-05,34.65000153,34.70000076,34.65000153,34.70000076,37000,0,1,33.06019342,yahoo_bootstrap
2023-09-06,34.70000076,34.70000076,34.29999924,34.34999847,75000,0,1,32.72673108,yahoo_bootstrap
2023-09-07,34.34999847,34.70000076,34.29999924,34.5,40000,0,1,32.86964403,yahoo_bootstrap
2023-09-08,35,35,34.15000153,34.29999924,110000,0,1,32.67909464,yahoo_bootstrap
2023-09-11,34.5,34.5,34,34,94000,0,1,32.39327238,yahoo_bootstrap
2023-09-12,34.25,34.40000153,34.20000076,34.25,20050,0,1,32.6314582,yahoo_bootstrap
2023-09-13,34.34999847,34.34999847,34.20000076,34.20000076,57000,0,1,32.58382176,yahoo_bootstrap
2023-09-14,34.20000076,34.29999924,34.15000153,34.20000076,51070,0,1,32.58382176,yahoo_bootstrap
2023-09-15,34.29999924,34.65000153,34.29999924,34.59999847,64046,0,1,32.9649169,yahoo_bootstrap
2023-09-18,34.5,34.84999847,34.5,34.84999847,63000,0,1,33.20310273,yahoo_bootstrap
2023-09-19,34.79999924,34.95000076,34.75,34.79999924,34000,0,1,33.15546629,yahoo_bootstrap
2023-09-20,34.90000153,34.90000153,34.59999847,34.79999924,63590,0,1,33.15546629,yahoo_bootstrap
2023-09-21,34.70000076,34.70000076,34.40000153,34.5,55000,0,1,32.86964403,yahoo_bootstrap
2023-09-22,34.5,34.59999847,34.40000153,34.59999847,26000,0,1,32.9649169,yahoo_bootstrap
2023-09-25,34.65000153,34.70000076,34.40000153,34.45000076,63500,0,1,32.82200759,yahoo_bootstrap
2023-09-26,34.5,34.5,34.09999847,34.20000076,47000,0,1,32.58382176,yahoo_bootstrap
2023-09-27,34.70000076,34.70000076,34.15000153,34.45000076,4000,0,1,32.82200759,yahoo_bootstrap
2023-09-28,34.45000076,34.54999924,34.09999847,34.54999924,64100,0,1,32.91728047,yahoo_bootstrap
2023-10-02,34.40000153,34.40000153,34.09999847,34.15000153,93001,0,1,32.53618532,yahoo_bootstrap
2023-10-03,34.15000153,34.5,34.15000153,34.29999924,29000,0,1,32.67909464,yahoo_bootstrap
2023-10-04,34.34999847,34.34999847,33.95000076,34.25,96000,0,1,32.6314582,yahoo_bootstrap
2023-10-05,34.40000153,34.45000076,34.25,34.34999847,56000,0,1,32.72673108,yahoo_bootstrap
2023-10-06,34.25,34.25,34.15000153,34.20000076,30091,0,1,32.58382176,yahoo_bootstrap
2023-10-11,34.29999924,34.29999924,34.09999847,34.20000076,41000,0,1,32.58382176,yahoo_bootstrap
2023-10-12,34.20000076,34.25,34.15000153,34.25,33000,0,1,32.6314582,yahoo_bootstrap
2023-10-13,34.25,34.25,34.09999847,34.20000076,44000,0,1,32.58382176,yahoo_bootstrap
2023-10-16,34.20000076,34.20000076,33.95000076,34,96000,0,1,32.39327238,yahoo_bootstrap
2023-10-17,34.09999847,34.29999924,34.09999847,34.25,35000,0,1,32.6314582,yahoo_bootstrap
2023-10-18,34.29999924,34.29999924,34,34.04999924,31000,0,1,32.44090881,yahoo_bootstrap
2023-10-19,34,34.04999924,33.95000076,34,41000,0,1,32.39327238,yahoo_bootstrap
2023-10-20,33.95000076,34,33.84999847,33.95000076,49000,0,1,32.34563594,yahoo_bootstrap
2023-10-23,33.95000076,33.95000076,33.75,33.75,39000,0,1,32.15508655,yahoo_bootstrap
2023-10-24,33.90000153,33.90000153,33.75,33.84999847,21500,0,1,32.25035943,yahoo_bootstrap
2023-10-25,33.95000076,33.95000076,33.84999847,33.95000076,27100,0,1,32.34563594,yahoo_bootstrap
2023-10-26,33.75,33.90000153,33.70000076,33.79999924,25000,0,1,32.20272299,yahoo_bootstrap
2023-10-27,33.79999924,33.84999847,33.59999847,33.79999924,30000,0,1,32.20272299,yahoo_bootstrap
2023-10-30,33.65000153,33.75,33.65000153,33.70000076,23093,0,1,32.10745011,yahoo_bootstrap
2023-10-31,33.65000153,33.75,33.45000076,33.54999924,48165,0,1,31.96453716,yahoo_bootstrap
2023-11-01,33.54999924,33.65000153,33.5,33.5,53064,0,1,31.91690072,yahoo_bootstrap
2023-11-02,33.54999924,33.59999847,33.5,33.54999924,35000,0,1,31.96453716,yahoo_bootstrap
2023-11-03,33.70000076,33.70000076,33.54999924,33.59999847,26003,0,1,32.0121736,yahoo_bootstrap
2023-11-06,33.54999924,33.79999924,33.54999924,33.75,28001,0,1,32.15508655,yahoo_bootstrap
2023-11-07,33.75,33.95000076,33.65000153,33.95000076,34000,0,1,32.34563594,yahoo_bootstrap
2023-11-08,33.95000076,33.95000076,33.70000076,33.90000153,23066,0,1,32.2979995,yahoo_bootstrap
2023-11-09,33.79999924,34,33.75,33.90000153,49000,0,1,32.2979995,yahoo_bootstrap
2023-11-10,33.95000076,34.09999847,33.95000076,34.09999847,85000,0,1,32.48854525,yahoo_bootstrap
2023-11-13,34.09999847,34.25,34,34,45000,0,1,32.39327238,yahoo_bootstrap
2023-11-14,34,34,33.90000153,33.90000153,47250,0,1,32.2979995,yahoo_bootstrap
2023-11-15,33.90000153,34,33.75,33.90000153,86000,0,1,32.2979995,yahoo_bootstrap
2023-11-16,34.09999847,34.09999847,33.84999847,33.95000076,67100,0,1,32.34563594,yahoo_bootstrap
2023-11-17,34,34,33.90000153,33.95000076,58068,0,1,32.34563594,yahoo_bootstrap
2023-11-20,34,34,33.95000076,33.95000076,40001,0,1,32.34563594,yahoo_bootstrap
2023-11-21,34,34.20000076,34,34.20000076,37050,0,1,32.58382176,yahoo_bootstrap
2023-11-22,34.20000076,34.25,34.09999847,34.15000153,53001,0,1,32.53618532,yahoo_bootstrap
2023-11-23,34.15000153,34.25,34.09999847,34.15000153,66000,0,1,32.53618532,yahoo_bootstrap
2023-11-24,34.09999847,34.25,34,34.15000153,78001,0,1,32.53618532,yahoo_bootstrap
2023-11-27,34.15000153,34.20000076,34.15000153,34.15000153,41000,0,1,32.53618532,yahoo_bootstrap
2023-11-28,34.25,34.5,34.25,34.40000153,73000,0,1,32.77437115,yahoo_bootstrap
2023-11-29,34.40000153,34.54999924,34.25,34.45000076,37050,0,1,32.82200759,yahoo_bootstrap
2023-11-30,34.45000076,34.59999847,34.45000076,34.5,48000,0,1,32.86964403,yahoo_bootstrap
2023-12-01,34.84999847,34.84999847,34.40000153,34.79999924,56000,0,1,33.15546629,yahoo_bootstrap
2023-12-04,34.84999847,35,34.79999924,34.79999924,153170,0,1,33.15546629,yahoo_bootstrap
2023-12-05,34.79999924,35,34.79999924,34.95000076,40077,0,1,33.29837924,yahoo_bootstrap
2023-12-06,35,35.09999847,34.95000076,35,50050,0,1,33.34601568,yahoo_bootstrap
2023-12-07,35.04999924,35.09999847,34.95000076,35,25079,0,1,33.34601568,yahoo_bootstrap
2023-12-08,37.5,37.5,35.70000076,36.09999847,278050,0,1,34.39403186,yahoo_bootstrap
2023-12-11,36.09999847,36.90000153,36.09999847,36.40000153,196006,0,1,34.67985776,yahoo_bootstrap
2023-12-12,36.54999924,36.54999924,36.29999924,36.45000076,66000,0,1,34.7274942,yahoo_bootstrap
2023-12-13,36.54999924,36.54999924,36.29999924,36.40000153,52100,0,1,34.67985776,yahoo_bootstrap
2023-12-14,36.54999924,36.59999847,36.45000076,36.54999924,100200,0,1,34.82276708,yahoo_bootstrap
2023-12-15,36.59999847,36.65000153,36.54999924,36.65000153,47057,0,1,34.91804359,yahoo_bootstrap
2023-12-18,36.70000076,36.75,36.65000153,36.75,57116,0,1,35.01331646,yahoo_bootstrap
2023-12-19,36.70000076,37.15000153,36.65000153,36.90000153,97050,0,1,35.15622941,yahoo_bootstrap
2023-12-20,37,37.09999847,36.95000076,37.09999847,85000,0,1,35.34677517,yahoo_bootstrap
2023-12-21,37,37,36.90000153,36.95000076,59000,0,1,35.20386585,yahoo_bootstrap
2023-12-22,37,37,36.90000153,36.95000076,37001,0,1,35.20386585,yahoo_bootstrap
2023-12-25,37,37.20000076,36.95000076,37.09999847,50526,0,1,35.34677517,yahoo_bootstrap
2023-12-26,37.09999847,37.40000153,37.09999847,37.29999924,67000,0,1,35.53732456,yahoo_bootstrap
2023-12-27,37.29999924,37.79999924,37.29999924,37.54999924,129950,0,1,35.77551038,yahoo_bootstrap
2023-12-28,37.75,37.84999847,37.59999847,37.84999847,127062,0,1,36.06133265,yahoo_bootstrap
2023-12-29,37.95000076,37.95000076,37.5,37.5,92208,0,1,35.72787394,yahoo_bootstrap
2024-01-02,37.70000076,38,37.45000076,37.79999924,53001,0,1,36.01369621,yahoo_bootstrap
2024-01-03,37.79999924,38,37.45000076,37.45000076,89000,0,1,35.68023751,yahoo_bootstrap
2024-01-04,37.09999847,37.29999924,37.09999847,37.25,39000,0,1,35.48968812,yahoo_bootstrap
2024-01-05,37.20000076,37.29999924,37,37.15000153,75410,0,1,35.39441524,yahoo_bootstrap
2024-01-08,37.29999924,37.34999847,37.29999924,37.34999847,16000,0,1,35.58496099,yahoo_bootstrap
2024-01-09,37.20000076,37.40000153,37.20000076,37.34999847,70200,0,1,35.58496099,yahoo_bootstrap
2024-01-10,37.34999847,37.90000153,37.34999847,37.90000153,80001,0,1,36.10897272,yahoo_bootstrap
2024-01-11,37.84999847,37.84999847,37.40000153,37.75,88000,0,1,35.96605977,yahoo_bootstrap
2024-01-12,37.70000076,37.70000076,37.40000153,37.65000153,32000,0,1,35.87078689,yahoo_bootstrap
2024-01-15,37.65000153,37.79999924,37.54999924,37.65000153,65000,0,1,35.87078689,yahoo_bootstrap
2024-01-16,37.40000153,37.40000153,36.59999847,37.15000153,75600,0,1,35.39441524,yahoo_bootstrap
2024-01-17,36.54999924,37.15000153,36.54999924,36.95000076,82000,0,1,35.20386585,yahoo_bootstrap
2024-01-18,36.95000076,37,36.95000076,36.95000076,35000,0,1,35.20386585,yahoo_bootstrap
2024-01-19,36.5,37.20000076,36.5,37.09999847,16999,0,1,35.34677517,yahoo_bootstrap
2024-01-22,37.29999924,37.29999924,37.20000076,37.25,14867,0,1,35.48968812,yahoo_bootstrap
2024-01-23,37.29999924,37.29999924,37.09999847,37.20000076,32001,0,1,35.44205168,yahoo_bootstrap
2024-01-24,37.25,37.5,37.25,37.5,50100,0,1,35.72787394,yahoo_bootstrap
2024-01-25,37.5,37.5,37.25,37.5,36001,0,1,35.72787394,yahoo_bootstrap
2024-01-26,37.29999924,37.5,37.29999924,37.34999847,46816,0,1,35.58496099,yahoo_bootstrap
2024-01-29,37.15000153,37.59999847,37.15000153,37.5,21000,0,1,35.72787394,yahoo_bootstrap
2024-01-30,37.34999847,37.5,37.34999847,37.40000153,50000,0,1,35.63260107,yahoo_bootstrap
2024-01-31,37.40000153,37.54999924,37.29999924,37.45000076,57143,0,1,35.68023751,yahoo_bootstrap
2024-02-01,37.5,37.5,37.40000153,37.40000153,65000,0,1,35.63260107,yahoo_bootstrap
2024-02-02,37.40000153,37.45000076,37.29999924,37.34999847,55000,0,1,35.58496099,yahoo_bootstrap
2024-02-05,37.34999847,37.34999847,37.15000153,37.15000153,46000,0,1,35.39441524,yahoo_bootstrap
2024-02-15,37.20000076,37.40000153,37.15000153,37.29999924,121026,0,1,35.53732456,yahoo_bootstrap
2024-02-16,37.40000153,37.5,37.15000153,37.29999924,48168,0,1,35.53732456,yahoo_bootstrap
2024-02-19,37.5,38,37.15000153,37.29999924,56009,0,1,35.53732456,yahoo_bootstrap
2024-02-20,37.59999847,37.70000076,37.40000153,37.45000076,20825,0,1,35.68023751,yahoo_bootstrap
2024-02-21,37.40000153,37.65000153,37.40000153,37.5,70100,0,1,35.72787394,yahoo_bootstrap
2024-02-22,37.70000076,38.79999924,37.40000153,38.79999924,126558,0,1,36.96643951,yahoo_bootstrap
2024-02-23,38.90000153,39.29999924,38.29999924,38.40000153,157500,0,1,36.58534437,yahoo_bootstrap
2024-02-26,38.45000076,38.90000153,38.40000153,38.90000153,109150,0,1,37.06171602,yahoo_bootstrap
2024-02-27,38.90000153,40.95000076,38.90000153,40,697683,0,1,38.10973221,yahoo_bootstrap
2024-02-29,40.5,40.5,39.09999847,39.40000153,313117,0,1,37.53808768,yahoo_bootstrap
2024-03-01,39.65000153,40.5,39.40000153,40.20000076,160050,0,1,38.30028159,yahoo_bootstrap
2024-03-04,40.65000153,40.70000076,40.15000153,40.20000076,263820,0,1,38.30028159,yahoo_bootstrap
2024-03-05,40.70000076,40.70000076,40,40.09999847,160000,0,1,38.20500508,yahoo_bootstrap
2024-03-06,39.54999924,40,39.45000076,39.5,126290,0,1,37.63336055,yahoo_bootstrap
2024-03-07,39.54999924,39.79999924,38.15000153,38.40000153,182350,0,1,36.58534437,yahoo_bootstrap
2024-03-08,38.34999847,38.5,38.04999924,38.04999924,159069,0,1,36.25188203,yahoo_bootstrap
2024-03-11,38.04999924,38.15000153,37.5,38.15000153,179100,0,1,36.34715855,yahoo_bootstrap
2024-03-12,38,38.75,38,38.09999847,87176,0,1,36.29951847,yahoo_bootstrap
2024-03-13,38.09999847,38.09999847,37.79999924,37.79999924,87028,0,1,36.01369621,yahoo_bootstrap
2024-03-14,37.5,38,37.5,37.70000076,42574,0,1,35.91842333,yahoo_bootstrap
2024-03-15,37.70000076,37.84999847,37.5,37.5,103000,0,1,35.72787394,yahoo_bootstrap
2024-03-18,37.5,38.59999847,37.25,38.34999847,104095,0,1,36.5377043,yahoo_bootstrap
2024-03-19,38.40000153,38.40000153,37.79999924,38,68011,0,1,36.2042456,yahoo_bootstrap
2024-03-20,38,38.79999924,38,38.75,113000,0,1,36.91880307,yahoo_bootstrap
2024-03-21,38.79999924,40.29999924,38.79999924,39,320010,0,1,37.1569889,yahoo_bootstrap
2024-03-22,38.90000153,39,37.75,38.5,151100,0,1,36.68061725,yahoo_bootstrap
2024-03-25,38.5,39.90000153,38.5,39.79999924,170550,0,1,37.91918282,yahoo_bootstrap
2024-03-26,39.84999847,39.95000076,38.75,38.84999847,146008,0,1,37.01407595,yahoo_bootstrap
2024-03-27,38.84999847,39.79999924,38.84999847,38.90000153,80075,0,1,37.06171602,yahoo_bootstrap
2024-03-28,38.75,39.09999847,38.75,38.95000076,50007,0,1,37.10935246,yahoo_bootstrap
2024-03-29,39,39,38.90000153,38.90000153,27000,0,1,37.06171602,yahoo_bootstrap
2024-04-01,38.84999847,39.15000153,38.79999924,38.90000153,75002,0,1,37.06171602,yahoo_bootstrap
2024-04-02,38.79999924,39,38.59999847,38.90000153,139000,0,1,37.06171602,yahoo_bootstrap
2024-04-03,39.25,40,38.79999924,38.95000076,88000,0,1,37.10935246,yahoo_bootstrap
2024-04-08,38.95000076,39.54999924,38.90000153,39.20000076,124399,0,1,37.34753829,yahoo_bootstrap
2024-04-09,39.20000076,39.29999924,39.20000076,39.20000076,71198,0,1,37.34753829,yahoo_bootstrap
2024-04-10,39.70000076,39.70000076,39.20000076,39.59999847,140034,0,1,37.72863343,yahoo_bootstrap
2024-04-11,39.79999924,39.84999847,39.20000076,39.40000153,48031,0,1,37.53808768,yahoo_bootstrap
2024-04-12,39.54999924,39.59999847,39.15000153,39.29999924,114314,0,1,37.44281117,yahoo_bootstrap
2024-04-15,39.5,40.40000153,39.29999924,40.04999924,542101,0,1,38.15736864,yahoo_bootstrap
2024-04-16,39.59999847,39.79999924,39.20000076,39.65000153,178101,0,1,37.7762735,yahoo_bootstrap
2024-04-17,40.20000076,40.54999924,39.90000153,40.29999924,362500,0,1,38.39555447,yahoo_bootstrap
2024-04-18,40,40.84999847,40,40.5,247477,0,1,38.58610386,yahoo_bootstrap
2024-04-19,40.90000153,40.90000153,39.5,39.65000153,243019,0,1,37.7762735,yahoo_bootstrap
2024-04-22,39.79999924,40.25,39.59999847,40.09999847,114041,0,1,38.20500508,yahoo_bootstrap
2024-04-23,41.20000076,41.20000076,40,40,78302,0,1,38.10973221,yahoo_bootstrap
2024-04-24,40.5,40.5,39.79999924,40,119000,0,1,38.10973221,yahoo_bootstrap
2024-04-25,40,40.25,39.79999924,40.20000076,86000,0,1,38.30028159,yahoo_bootstrap
2024-04-26,40.59999847,40.59999847,40.20000076,40.25,82312,0,1,38.34791803,yahoo_bootstrap
2024-04-29,40.29999924,40.59999847,40,40.29999924,59001,0,1,38.39555447,yahoo_bootstrap
2024-04-30,40.25,40.54999924,40,40.09999847,68004,0,1,38.20500508,yahoo_bootstrap
2024-05-02,40.04999924,40.34999847,39.90000153,40.34999847,77000,0,1,38.44319091,yahoo_bootstrap
2024-05-03,40.45000076,40.45000076,40,40.04999924,164000,0,1,38.15736864,yahoo_bootstrap
2024-05-06,39.95000076,40.65000153,39.84999847,40.15000153,263000,0,1,38.25264516,yahoo_bootstrap
2024-05-07,40.20000076,40.65000153,40,40.65000153,142250,0,1,38.72901681,yahoo_bootstrap
2024-05-08,41.15000153,42.54999924,40.95000076,42.5,686100,0,1,40.49159047,yahoo_bootstrap
2024-05-09,42.5,43,41.95000076,43,409000,0,1,40.96796212,yahoo_bootstrap
2024-05-10,43,43.5,42,42.45000076,487000,0,1,40.44395403,yahoo_bootstrap
2024-05-13,43.84999847,43.95000076,41.84999847,42.45000076,285132,0,1,40.44395403,yahoo_bootstrap
2024-05-14,42.70000076,43,42.09999847,42.15000153,120010,0,1,40.15813177,yahoo_bootstrap
2024-05-15,42.25,42.54999924,42,42.09999847,176001,0,1,40.11049169,yahoo_bootstrap
2024-05-16,43,43,42.09999847,42.84999847,325920,0,1,40.82504917,yahoo_bootstrap
2024-05-17,42.84999847,42.90000153,42.09999847,42.15000153,137000,0,1,40.15813177,yahoo_bootstrap
2024-05-20,42.15000153,42.79999924,41.20000076,41.84999847,193050,0,1,39.87230587,yahoo_bootstrap
2024-05-21,41.70000076,42.29999924,41.59999847,42.20000076,97152,0,1,40.2057682,yahoo_bootstrap
2024-05-22,42.45000076,42.70000076,42.04999924,42.29999924,77050,0,1,40.30104108,yahoo_bootstrap
2024-05-23,42.29999924,42.29999924,41.40000153,41.40000153,149200,0,1,39.44357429,yahoo_bootstrap
2024-05-24,41.04999924,41.45000076,40.79999924,41.29999924,61100,0,1,39.34829778,yahoo_bootstrap
2024-05-27,41.29999924,41.79999924,41.29999924,41.54999924,85000,0,1,39.5864836,yahoo_bootstrap
2024-05-28,41.54999924,42,41.29999924,41.79999924,261025,0,1,39.82466943,yahoo_bootstrap
2024-05-29,41.59999847,41.84999847,41.20000076,41.25,131412,0,1,39.30066134,yahoo_bootstrap
2024-05-30,41.70000076,41.75,41.20000076,41.75,87133,0,1,39.77703299,yahoo_bootstrap
2024-05-31,41.75,42.5,41.75,42.20000076,158050,0,1,40.2057682,yahoo_bootstrap
2024-06-03,42,42.34999847,41.95000076,42.15000153,140050,0,1,40.15813177,yahoo_bootstrap
2024-06-04,42.15000153,42.15000153,42,42.04999924,114041,0,1,40.06285526,yahoo_bootstrap
2024-06-05,42.04999924,42.04999924,41.84999847,41.90000153,180053,0,1,39.91994594,yahoo_bootstrap
2024-06-06,41.25,41.59999847,40.95000076,41.40000153,192001,1,1,40.40796482,yahoo_bootstrap
2024-06-07,41.40000153,42.09999847,41.40000153,42,94050,0,1,40.99358599,yahoo_bootstrap
2024-06-11,42,42.79999924,41.84999847,41.90000153,275052,0,1,40.8959837,yahoo_bootstrap
2024-06-12,42.54999924,43.59999847,42.29999924,43.45000076,496718,0,1,42.40884149,yahoo_bootstrap
2024-06-13,43.5,43.65000153,43.15000153,43.25,230250,0,1,42.21363319,yahoo_bootstrap
2024-06-14,43.09999847,44.5,43.09999847,43.54999924,226000,0,1,42.50644377,yahoo_bootstrap
2024-06-17,44.54999924,44.95000076,43.75,44.95000076,459010,0,1,43.87289813,yahoo_bootstrap
2024-06-18,45.29999924,45.40000153,44.75,44.84999847,194190,0,1,43.77529212,yahoo_bootstrap
2024-06-19,44.95000076,46,44.79999924,45.79999924,382010,0,1,44.70252874,yahoo_bootstrap
2024-06-20,45.84999847,46.5,45.84999847,46.45000076,246001,0,1,45.33695477,yahoo_bootstrap
2024-06-21,46.34999847,46.59999847,45.95000076,46.29999924,171500,0,1,45.19054762,yahoo_bootstrap
2024-06-24,46,46.54999924,45.79999924,46.15000153,246000,0,1,45.04414419,yahoo_bootstrap
2024-06-25,46.5,46.79999924,45.70000076,46.5,253100,0,1,45.38575592,yahoo_bootstrap
2024-06-26,46.90000153,48.09999847,46.90000153,48.09999847,572101,0,1,46.94741484,yahoo_bootstrap
2024-06-27,48.65000153,48.70000076,47.40000153,48.45000076,234153,0,1,47.2890303,yahoo_bootstrap
2024-06-28,48.70000076,49.75,48.15000153,49.40000153,347000,0,1,48.21626691,yahoo_bootstrap
2024-07-01,52.59999847,53.79999924,51.09999847,52.5,1035521,0,1,51.24198249,yahoo_bootstrap
2024-07-02,52.09999847,52.5,51.29999924,52,473100,0,1,50.7539636,yahoo_bootstrap
2024-07-03,52.79999924,53.59999847,51.5,53,491200,0,1,51.73000137,yahoo_bootstrap
2024-07-04,52.59999847,53.59999847,52.29999924,52.90000153,275108,0,1,51.63239908,yahoo_bootstrap
2024-07-05,53.09999847,53.09999847,52,52.5,268102,0,1,51.24198249,yahoo_bootstrap
2024-07-08,51.20000076,52.5,51,51.79999924,476111,0,1,50.55875531,yahoo_bootstrap
2024-07-09,51.70000076,51.70000076,49.90000153,50.09999847,535000,0,1,48.89949037,yahoo_bootstrap
2024-07-10,50.5,50.5,49.04999924,49.95000076,315200,0,1,48.75308694,yahoo_bootstrap
2024-07-11,50.09999847,52.40000153,50,52,557319,0,1,50.7539636,yahoo_bootstrap
2024-07-12,52.40000153,52.40000153,51.29999924,51.90000153,118162,0,1,50.65636132,yahoo_bootstrap
2024-07-15,52.29999924,52.90000153,51.5,52.09999847,237040,0,1,50.85156589,yahoo_bootstrap
2024-07-16,52.09999847,52.5,51,51,180204,0,1,49.77792584,yahoo_bootstrap
2024-07-17,51,51.5,50.59999847,50.59999847,154840,0,1,49.38750925,yahoo_bootstrap
2024-07-18,50,50.90000153,49.54999924,50.59999847,145006,0,1,49.38750925,yahoo_bootstrap
2024-07-19,50.59999847,50.59999847,49,49.04999924,278125,0,1,47.87465146,yahoo_bootstrap
2024-07-22,48.20000076,49.04999924,46.79999924,48.15000153,406540,0,1,46.99621971,yahoo_bootstrap
2024-07-23,47.54999924,48.59999847,47.5,48.5,261002,0,1,47.33783144,yahoo_bootstrap
2024-07-26,48.45000076,48.45000076,47.20000076,48.09999847,119420,0,1,46.94741484,yahoo_bootstrap
2024-07-29,48.79999924,48.79999924,47.59999847,47.79999924,72060,0,1,46.65460426,yahoo_bootstrap
2024-07-30,47.79999924,48.20000076,47.09999847,47.79999924,196020,0,1,46.65460426,yahoo_bootstrap
2024-07-31,47.75,47.79999924,47.29999924,47.40000153,112000,0,1,46.26419139,yahoo_bootstrap
2024-08-01,47.59999847,48.34999847,47.59999847,47.95000076,85000,0,1,46.80101141,yahoo_bootstrap
2024-08-02,47.15000153,47.15000153,45.25,45.5,520000,0,1,44.40971815,yahoo_bootstrap
2024-08-05,44.79999924,44.79999924,41.29999924,41.95000076,328000,0,1,40.94478484,yahoo_bootstrap
2024-08-06,41.79999924,42.5,40.40000153,41.34999847,556200,0,1,40.35915995,yahoo_bootstrap
2024-08-07,42.70000076,44.5,42.65000153,44.29999924,117022,0,1,43.2384721,yahoo_bootstrap
2024-08-08,44.25,44.25,43.04999924,43.5,45001,0,1,42.45764263,yahoo_bootstrap
2024-08-09,43.65000153,44.79999924,43.65000153,43.79999924,101000,0,1,42.75045321,yahoo_bootstrap
2024-08-12,43.79999924,44.20000076,43.45000076,43.79999924,102202,0,1,42.75045321,yahoo_bootstrap
2024-08-13,43.79999924,43.79999924,42.59999847,42.59999847,204719,0,1,41.57920716,yahoo_bootstrap
2024-08-14,44.20000076,44.20000076,42.95000076,43.29999924,58500,0,1,42.26243433,yahoo_bootstrap
2024-08-15,43.29999924,43.29999924,42.29999924,42.34999847,100100,0,1,41.33519772,yahoo_bootstrap
2024-08-16,42.45000076,43,42.34999847,42.65000153,161250,0,1,41.62801202,yahoo_bootstrap
2024-08-19,42.29999924,43.40000153,42.29999924,42.79999924,72100,0,1,41.77441545,yahoo_bootstrap
2024-08-20,42.34999847,42.84999847,42.34999847,42.70000076,19000,0,1,41.67681317,yahoo_bootstrap
2024-08-21,42.70000076,43.45000076,42.70000076,43.45000076,68000,0,1,42.40884149,yahoo_bootstrap
2024-08-22,43.45000076,45.79999924,43.45000076,44.70000076,272020,0,1,43.62888869,yahoo_bootstrap
2024-08-23,44.79999924,45.20000076,44.09999847,45.20000076,154100,0,1,44.11690757,yahoo_bootstrap
2024-08-26,45.5,45.5,44.40000153,45.04999924,76000,0,1,43.97050042,yahoo_bootstrap
2024-08-27,44.54999924,44.84999847,44.34999847,44.45000076,45000,0,1,43.38487925,yahoo_bootstrap
2024-08-28,44.34999847,44.79999924,44.34999847,44.40000153,46100,0,1,43.33607811,yahoo_bootstrap
2024-08-29,44.40000153,45.40000153,44.40000153,44.54999924,48000,0,1,43.48248154,yahoo_bootstrap
2024-08-30,44.54999924,45.29999924,44.04999924,44.34999847,87073,0,1,43.28727324,yahoo_bootstrap
2024-09-02,44.5,44.65000153,43.29999924,43.29999924,108025,0,1,42.26243433,yahoo_bootstrap
2024-09-03,43.34999847,43.90000153,42.95000076,43.90000153,118232,0,1,42.84805922,yahoo_bootstrap
2024-09-04,42.29999924,42.59999847,41.20000076,41.79999924,252478,0,1,40.79837769,yahoo_bootstrap
2024-09-05,41.90000153,42.75,41.90000153,42.09999847,73001,0,1,41.09118828,yahoo_bootstrap
2024-09-06,42.09999847,42.59999847,41.79999924,42.04999924,106250,0,1,41.04238713,yahoo_bootstrap
2024-09-09,42.70000076,43,41.90000153,42.25,81000,0,1,41.23759543,yahoo_bootstrap
2024-09-10,42.34999847,43.29999924,42.34999847,42.59999847,53000,0,1,41.57920716,yahoo_bootstrap
2024-09-11,42,44.90000153,42,43.20000076,59000,0,1,42.16483205,yahoo_bootstrap
2024-09-12,45.09999847,45.15000153,44,44.04999924,132328,0,1,42.99446266,yahoo_bootstrap
2024-09-13,43.5,44.20000076,43.45000076,43.70000076,93000,0,1,42.65285093,yahoo_bootstrap
2024-09-16,43.70000076,44.04999924,43.70000076,43.79999924,75010,0,1,42.75045321,yahoo_bootstrap
2024-09-18,43.79999924,44.20000076,42.70000076,42.70000076,134000,0,1,41.67681317,yahoo_bootstrap
2024-09-19,43.29999924,44.5,42.84999847,43.45000076,122000,0,1,42.40884149,yahoo_bootstrap
2024-09-20,43.59999847,47.34999847,43.59999847,47.09999847,2039393,0,1,45.97137708,yahoo_bootstrap
2024-09-23,49.95000076,50.79999924,47.54999924,48.5,3271253,0,1,47.33783144,yahoo_bootstrap
2024-09-24,48.5,48.5,46.25,47.84999847,659150,0,1,46.7034054,yahoo_bootstrap
2024-09-25,48,48.54999924,47.04999924,47.45000076,415301,0,1,46.31299253,yahoo_bootstrap
2024-09-26,47.59999847,48.34999847,46,46.15000153,359002,0,1,45.04414419,yahoo_bootstrap
2024-09-27,47.79999924,49.29999924,47,48.34999847,1539050,0,1,47.19142429,yahoo_bootstrap
2024-09-30,48.29999924,48.29999924,46.40000153,46.95000076,503000,0,1,45.82497365,yahoo_bootstrap
2024-10-01,47.65000153,47.65000153,46.34999847,47.20000076,260000,0,1,46.06898309,yahoo_bootstrap
2024-10-04,47.29999924,47.29999924,45.79999924,46.5,339100,0,1,45.38575592,yahoo_bootstrap
2024-10-07,47.29999924,47.29999924,46,46.5,403020,0,1,45.38575592,yahoo_bootstrap
2024-10-08,46.5,46.5,45.70000076,45.70000076,169000,0,1,44.60492645,yahoo_bootstrap
2024-10-09,45.29999924,45.29999924,43.29999924,43.54999924,668412,0,1,42.50644377,yahoo_bootstrap
2024-10-11,43.54999924,44.20000076,43.04999924,43.04999924,131002,0,1,42.01842489,yahoo_bootstrap
2024-10-14,43.59999847,44,42.75,43.54999924,102000,0,1,42.50644377,yahoo_bootstrap
2024-10-15,43.54999924,43.54999924,43.04999924,43.04999924,115000,0,1,42.01842489,yahoo_bootstrap
2024-10-16,43.54999924,43.54999924,42.70000076,42.84999847,93020,0,1,41.8232166,yahoo_bootstrap
2024-10-17,42.70000076,43.54999924,42.70000076,43.20000076,127000,0,1,42.16483205,yahoo_bootstrap
2024-10-18,43.25,43.5,43.09999847,43.09999847,86115,0,1,42.06722604,yahoo_bootstrap
2024-10-21,43.75,47.25,43.75,46.70000076,838308,0,1,45.58096421,yahoo_bootstrap
2024-10-22,46.04999924,47.40000153,46.04999924,46.75,301010,0,1,45.62976536,yahoo_bootstrap
2024-10-23,47,48.09999847,46.04999924,46.09999847,907163,0,1,44.99533932,yahoo_bootstrap
2024-10-24,46.04999924,46.04999924,44.5,44.54999924,261050,0,1,43.48248154,yahoo_bootstrap
2024-10-25,45.25,45.29999924,44.25,44.54999924,122000,0,1,43.48248154,yahoo_bootstrap
2024-10-28,44.70000076,45.09999847,43.84999847,44.40000153,62002,0,1,43.33607811,yahoo_bootstrap
2024-10-29,43.84999847,44.09999847,43.5,43.59999847,127000,0,1,42.55524492,yahoo_bootstrap
2024-10-30,43.79999924,44.79999924,43.70000076,44.15000153,92014,0,1,43.09206867,yahoo_bootstrap
2024-11-01,43.20000076,44.79999924,43.20000076,44.70000076,61000,0,1,43.62888869,yahoo_bootstrap
2024-11-04,44.54999924,44.54999924,43.84999847,43.84999847,74000,0,1,42.79925436,yahoo_bootstrap
2024-11-05,44.15000153,45.04999924,44.15000153,44.75,104210,0,1,43.67768983,yahoo_bootstrap
2024-11-06,44.65000153,45.29999924,44.45000076,44.90000153,122000,0,1,43.82409699,yahoo_bootstrap
2024-11-07,45.79999924,45.79999924,44.29999924,44.84999847,97000,0,1,43.77529212,yahoo_bootstrap
2024-11-08,44.90000153,44.90000153,44.40000153,44.65000153,101000,0,1,43.58008755,yahoo_bootstrap
2024-11-11,44.65000153,44.65000153,43.5,43.90000153,116000,0,1,42.84805922,yahoo_bootstrap
2024-11-12,43.5,43.75,42.34999847,43.20000076,197000,0,1,42.16483205,yahoo_bootstrap
2024-11-13,43.40000153,43.79999924,43.20000076,43.29999924,63621,0,1,42.26243433,yahoo_bootstrap
2024-11-14,43.04999924,43.15000153,42.90000153,42.90000153,92001,0,1,41.87202146,yahoo_bootstrap
2024-11-15,43.15000153,44.15000153,43.15000153,44.09999847,93003,0,1,43.0432638,yahoo_bootstrap
2024-11-18,44.5,44.5,43.5,43.75,30001,0,1,42.70165207,yahoo_bootstrap
2024-11-19,43.79999924,44.34999847,43.75,43.79999924,37000,0,1,42.75045321,yahoo_bootstrap
2024-11-20,43.95000076,43.95000076,43.95000076,43.95000076,53351,0,1,42.89686037,yahoo_bootstrap
2024-11-21,43.95000076,44.25,43.54999924,44,36000,0,1,42.94566151,yahoo_bootstrap
2024-11-22,43.79999924,44.5,43.79999924,44.20000076,45120,0,1,43.14086981,yahoo_bootstrap
2024-11-25,44.29999924,44.90000153,44.25,44.84999847,58068,0,1,43.77529212,yahoo_bootstrap
2024-11-26,44.84999847,44.84999847,44.40000153,44.40000153,58110,0,1,43.33607811,yahoo_bootstrap
2024-11-27,44.15000153,44.40000153,43.59999847,43.70000076,69090,0,1,42.65285093,yahoo_bootstrap
2024-11-28,43.79999924,43.84999847,43.54999924,43.79999924,58000,0,1,42.75045321,yahoo_bootstrap
2024-11-29,44,44.5,43.90000153,44.25,61000,0,1,43.18967095,yahoo_bootstrap
2024-12-02,44.25,44.75,44.15000153,44.59999847,68199,0,1,43.53128268,yahoo_bootstrap
2024-12-03,44.59999847,45.59999847,44.59999847,45.20000076,175239,0,1,44.11690757,yahoo_bootstrap
2024-12-04,45.25,45.65000153,45.25,45.40000153,106329,0,1,44.31211587,yahoo_bootstrap
2024-12-05,45.5,46.40000153,45.45000076,45.79999924,205092,0,1,44.70252874,yahoo_bootstrap
2024-12-06,45.79999924,46.25,45.25,45.25,51000,0,1,44.16570871,yahoo_bootstrap
2024-12-09,45.59999847,45.59999847,44.79999924,44.79999924,75000,0,1,43.72649098,yahoo_bootstrap
2024-12-10,44.95000076,45.70000076,44.95000076,45.25,134420,0,1,44.16570871,yahoo_bootstrap
2024-12-11,45.09999847,45.09999847,44.79999924,44.79999924,78816,0,1,43.72649098,yahoo_bootstrap
2024-12-12,45.15000153,45.20000076,44.40000153,44.40000153,44000,0,1,43.33607811,yahoo_bootstrap
2024-12-13,44.40000153,45.40000153,44.29999924,44.34999847,33000,0,1,43.28727324,yahoo_bootstrap
2024-12-16,44.40000153,44.5,44.09999847,44.29999924,61000,0,1,43.2384721,yahoo_bootstrap
2024-12-17,44.45000076,44.59999847,44.29999924,44.5,31000,0,1,43.43368039,yahoo_bootstrap
2024-12-18,44.5,44.84999847,44.5,44.5,19100,0,1,43.43368039,yahoo_bootstrap
2024-12-19,44.54999924,44.90000153,44.5,44.54999924,39500,0,1,43.48248154,yahoo_bootstrap
2024-12-20,44.54999924,45,44.45000076,44.65000153,121052,0,1,43.58008755,yahoo_bootstrap
2024-12-23,45.45000076,46.09999847,45.45000076,45.5,107001,0,1,44.40971815,yahoo_bootstrap
2024-12-24,46.5,46.5,44.70000076,44.70000076,99000,0,1,43.62888869,yahoo_bootstrap
2024-12-25,44.79999924,45.40000153,44.70000076,44.75,60000,0,1,43.67768983,yahoo_bootstrap
2024-12-26,44.79999924,45.75,44.75,45.34999847,57151,0,1,44.263311,yahoo_bootstrap
2024-12-27,45.40000153,45.40000153,45.29999924,45.29999924,30000,0,1,44.21450986,yahoo_bootstrap
2024-12-30,46.40000153,46.95000076,45.84999847,46.45000076,475000,0,1,45.33695477,yahoo_bootstrap
2024-12-31,46.45000076,46.95000076,46.34999847,46.40000153,135328,0,1,45.28815363,yahoo_bootstrap
2025-01-02,46.70000076,49,46.70000076,47.95000076,791512,0,1,46.80101141,yahoo_bootstrap
2025-01-03,48.59999847,48.90000153,47.34999847,47.34999847,286150,0,1,46.21538652,yahoo_bootstrap
2025-01-06,47.70000076,47.70000076,46.5,46.90000153,187050,0,1,45.77617251,yahoo_bootstrap
2025-01-07,47,47.04999924,46.29999924,46.34999847,186050,0,1,45.23934876,yahoo_bootstrap
2025-01-08,46.95000076,47.90000153,46.5,46.5,133762,0,1,45.38575592,yahoo_bootstrap
2025-01-09,46.54999924,47.90000153,46.20000076,46.20000076,91068,0,1,45.09294533,yahoo_bootstrap
2025-01-10,46.20000076,47,46.20000076,46.65000153,91100,0,1,45.53216307,yahoo_bootstrap
2025-01-13,46.79999924,47.29999924,46.29999924,47.25,174050,0,1,46.11778424,yahoo_bootstrap
2025-01-14,47.29999924,48.5,47.25,48.15000153,202041,0,1,46.99621971,yahoo_bootstrap
2025-01-15,48.15000153,48.29999924,47.79999924,47.79999924,136000,0,1,46.65460426,yahoo_bootstrap
2025-01-16,47.90000153,48.25,47.09999847,47.84999847,103200,0,1,46.7034054,yahoo_bootstrap
2025-01-17,47.65000153,47.90000153,47.54999924,47.84999847,32022,0,1,46.7034054,yahoo_bootstrap
2025-01-20,48.5,51,48.5,49.79999924,929240,0,1,48.60667978,yahoo_bootstrap
2025-01-21,49.75,50,49,49.90000153,248000,0,1,48.70428579,yahoo_bootstrap
2025-01-22,50.20000076,50.29999924,48.5,49,331137,0,1,47.82585032,yahoo_bootstrap
2025-02-03,49,49.95000076,48.15000153,49.20000076,221000,0,1,48.02105862,yahoo_bootstrap
2025-02-04,49.75,49.84999847,49.34999847,49.34999847,104040,0,1,48.16746205,yahoo_bootstrap
2025-02-05,49.5,49.84999847,49,49.70000076,70070,0,1,48.5090775,yahoo_bootstrap
2025-02-06,49.70000076,50.20000076,49.09999847,50,179387,0,1,48.80188808,yahoo_bootstrap
2025-02-07,50.29999924,54.5,50.20000076,54.5,1837770,0,1,53.19405801,yahoo_bootstrap
2025-02-10,55.79999924,59.09999847,53.90000153,58.59999847,3905859,0,1,57.19581134,yahoo_bootstrap
2025-02-11,58.70000076,61.40000153,57.90000153,58.90000153,3342582,0,1,57.48862565,yahoo_bootstrap
2025-02-12,59,61.59999847,58.5,60.20000076,2658760,0,1,58.75747399,yahoo_bootstrap
2025-02-13,60.5,65.80000305,59.79999924,63.59999847,4165666,0,1,62.07600015,yahoo_bootstrap
2025-02-14,63.90000153,63.90000153,60.20000076,60.90000153,1882142,0,1,59.44070117,yahoo_bootstrap
2025-02-17,61.5,62.40000153,59.09999847,61.09999847,2050201,0,1,59.63590575,yahoo_bootstrap
2025-02-18,60.59999847,62.20000076,59.5,61.59999847,1937693,0,1,60.12392463,yahoo_bootstrap
2025-02-19,61.70000076,62.90000153,59.59999847,62.90000153,3254157,0,1,61.3927767,yahoo_bootstrap
2025-02-20,65,69.09999847,63.90000153,69.09999847,6396735,0,1,67.44420784,yahoo_bootstrap
2025-02-21,70.30000305,70.80000305,62.79999924,64.5,12635285,0,1,62.95443562,yahoo_bootstrap
2025-02-24,63.59999847,66.90000153,63.09999847,63.20000076,3401146,0,1,61.68558728,yahoo_bootstrap
2025-02-25,63.20000076,65,60.90000153,63,4000200,0,1,61.49037898,yahoo_bootstrap
2025-02-26,63.59999847,64.5,62.59999847,63.29999924,986110,0,1,61.78318957,yahoo_bootstrap
2025-02-27,63.29999924,65.90000153,62.29999924,62.29999924,2367253,0,1,60.8071518,yahoo_bootstrap
2025-03-03,60.09999847,61.5,60,60.70000076,1119089,0,1,59.24549288,yahoo_bootstrap
2025-03-04,59.90000153,65.80000305,59.20000076,65.30000305,3907933,0,1,63.73526881,yahoo_bootstrap
2025-03-05,65.69999695,68.5,64.69999695,66.5,6421414,0,1,64.90651115,yahoo_bootstrap
2025-03-06,66,72.59999847,65,69.80000305,9621873,0,1,68.12743874,yahoo_bootstrap
2025-03-07,69.80000305,74.80000305,69.19999695,71.5,10005757,0,1,69.78669996,yahoo_bootstrap
2025-03-10,70.19999695,72.40000153,68.69999695,69.40000153,5990406,0,1,67.73702215,yahoo_bootstrap
2025-03-11,67.30000305,67.90000153,64,65.30000305,4614161,0,1,63.73526881,yahoo_bootstrap
2025-03-12,66,66.90000153,63.29999924,64.5,3803350,0,1,62.95443562,yahoo_bootstrap
2025-03-13,65,65.40000153,62,62.20000076,2521601,0,1,60.70954952,yahoo_bootstrap
2025-03-14,62.20000076,62.59999847,60.5,62.09999847,1287500,0,1,60.61194351,yahoo_bootstrap
2025-03-17,62.59999847,64.80000305,61.59999847,62,1303012,0,1,60.51434122,yahoo_bootstrap
2025-03-18,62.5,64.30000305,61.59999847,63.90000153,1087275,0,1,62.36881446,yahoo_bootstrap
2025-03-19,63.5,66.80000305,63.09999847,63.5,1652100,0,1,61.97839786,yahoo_bootstrap
2025-03-20,64.5,68.69999695,64.5,68.09999847,3324955,0,1,66.46817008,yahoo_bootstrap
2025-03-21,67.59999847,69,65.59999847,65.80000305,2546170,0,1,64.22328769,yahoo_bootstrap
2025-03-24,65.90000153,67.5,65.19999695,66,1701150,0,1,64.41849227,yahoo_bootstrap
2025-03-25,66.59999847,70.5,66.40000153,67.90000153,3646204,0,1,66.2729655,yahoo_bootstrap
2025-03-26,67.09999847,68,65.80000305,66.69999695,2432011,0,1,65.10171572,yahoo_bootstrap
2025-03-27,66.09999847,67.59999847,65.59999847,67.09999847,1578015,0,1,65.49213232,yahoo_bootstrap
2025-03-28,66.80000305,67,61.5,62.79999924,3809127,0,1,61.29517069,yahoo_bootstrap
2025-03-31,59.09999847,61.5,58.79999924,59.29999924,2157100,0,1,57.87903852,yahoo_bootstrap
2025-04-01,60.29999924,61.29999924,59.29999924,59.5,1153181,0,1,58.07424682,yahoo_bootstrap
2025-04-02,59.5,60.90000153,58.5,60.09999847,805001,0,1,58.65986798,yahoo_bootstrap
2025-04-07,54.09999847,54.09999847,54.09999847,54.09999847,90000,0,1,52.80364141,yahoo_bootstrap
2025-04-08,48.70000076,49.40000153,48.70000076,48.70000076,1482036,0,1,47.53303974,yahoo_bootstrap
2025-04-09,45.75,47.59999847,43.84999847,43.84999847,2033233,0,1,42.79925436,yahoo_bootstrap
2025-04-10,48.20000076,48.20000076,48.20000076,48.20000076,380050,0,1,47.04502086,yahoo_bootstrap
2025-04-11,46,50,44.5,50,1260110,0,1,48.80188808,yahoo_bootstrap
2025-04-14,50,52.40000153,49.79999924,50.20000076,1087000,0,1,48.99709638,yahoo_bootstrap
2025-04-15,50.90000153,55.20000076,50.70000076,54.70000076,1950150,0,1,53.38926631,yahoo_bootstrap
2025-04-16,55,56.20000076,53.70000076,53.79999924,1346150,0,1,52.51083083,yahoo_bootstrap
2025-04-17,53.79999924,54.79999924,52.5,54.09999847,566100,0,1,52.80364141,yahoo_bootstrap
2025-04-18,54,55.40000153,53.20000076,54.40000153,811100,0,1,53.09645572,yahoo_bootstrap
2025-04-21,54.5,54.59999847,51.5,51.79999924,848001,0,1,50.55875531,yahoo_bootstrap
2025-04-22,50,52.09999847,49.84999847,50.70000076,690001,0,1,49.48511526,yahoo_bootstrap
2025-04-23,53.29999924,54.5,52.09999847,54.29999924,730010,0,1,52.99884971,yahoo_bootstrap
2025-04-24,55,57,54.29999924,55.90000153,1424010,0,1,54.56051236,yahoo_bootstrap
2025-04-25,57.40000153,58.79999924,56.79999924,57.09999847,1444506,0,1,55.7317547,yahoo_bootstrap
2025-04-28,57.70000076,57.70000076,56.20000076,56.70000076,614000,0,1,55.34134183,yahoo_bootstrap
2025-04-29,56.79999924,57.79999924,55.70000076,57,507000,0,1,55.63415241,yahoo_bootstrap
2025-04-30,57.90000153,57.90000153,53.79999924,54.20000076,1232035,0,1,52.90124742,yahoo_bootstrap
2025-05-02,54.70000076,55.79999924,54.70000076,55,417450,0,1,53.68207689,yahoo_bootstrap
2025-05-05,55.40000153,55.59999847,52.09999847,52.40000153,453026,0,1,51.1443802,yahoo_bootstrap
2025-05-06,51.29999924,53.29999924,51.29999924,53,304000,0,1,51.73000137,yahoo_bootstrap
2025-05-07,53.40000153,53.40000153,51.70000076,52.20000076,277095,0,1,50.9491719,yahoo_bootstrap
2025-05-08,52.40000153,53.20000076,51.5,52.20000076,374000,0,1,50.9491719,yahoo_bootstrap
2025-05-09,52.20000076,53,51.90000153,52.90000153,267000,0,1,51.63239908,yahoo_bootstrap
2025-05-12,53.5,55.5,52.90000153,54.29999924,406022,0,1,52.99884971,yahoo_bootstrap
2025-05-13,55,55.09999847,52.5,54,650151,0,1,52.70603913,yahoo_bootstrap
2025-05-14,54.40000153,59.40000153,54.20000076,59.40000153,1542494,0,1,57.97664453,yahoo_bootstrap
2025-05-15,61.20000076,61.59999847,60.20000076,61.5,7967315,0,1,60.02632234,yahoo_bootstrap
2025-05-16,62.20000076,62.29999924,60.09999847,61.90000153,7517210,0,1,60.41673893,yahoo_bootstrap
2025-05-19,62.09999847,62.09999847,60.5,60.59999847,2592000,0,1,59.14788687,yahoo_bootstrap
2025-05-20,60.79999924,62,60.29999924,60.59999847,2665109,0,1,59.14788687,yahoo_bootstrap
2025-05-21,60.79999924,61.09999847,59.5,59.5,3272002,0,1,58.07424682,yahoo_bootstrap
2025-05-22,60.40000153,63.70000076,59.20000076,62.59999847,4770640,0,1,61.09996239,yahoo_bootstrap
2025-05-23,62.90000153,65,60.90000153,61.5,4393040,0,1,60.02632234,yahoo_bootstrap
2025-05-26,61.79999924,62,60,60,1189060,0,1,58.5622657,yahoo_bootstrap
2025-05-27,61.40000153,65.5,61.20000076,63.5,8970073,0,1,61.97839786,yahoo_bootstrap
2025-05-28,63.40000153,63.79999924,61.20000076,61.79999924,4026073,0,1,60.31913292,yahoo_bootstrap
2025-05-29,62.5,62.5,60.40000153,62.29999924,1988000,0,1,60.8071518,yahoo_bootstrap
2025-06-02,61.09999847,62.09999847,59.79999924,61,1363100,0,1,59.53830346,yahoo_bootstrap
2025-06-03,61,61.29999924,60.5,60.5,681200,0,1,59.05028458,yahoo_bootstrap
2025-06-04,60.90000153,64.59999847,60.5,64.19999695,3672359,0,1,62.66162132,yahoo_bootstrap
2025-06-05,64.19999695,65.59999847,63.09999847,63.70000076,2818623,0,1,62.17360616,yahoo_bootstrap
2025-06-06,64.5,66.19999695,63.40000153,65.5,4376152,0,1,63.93047339,yahoo_bootstrap
2025-06-09,65,70.09999847,64.5,69.19999695,6607628,0,1,67.54181013,yahoo_bootstrap
2025-06-10,69.19999695,74.5,69.19999695,74.5,12660075,1.396246,1,74.21219009,yahoo_bootstrap
2025-06-11,75.09999847,77,73.30000305,76.30000305,16073102,0,1,76.00523934,yahoo_bootstrap
2025-06-12,75.09999847,75.69999695,72.59999847,75.30000305,5694198,0,1,75.00910256,yahoo_bootstrap
2025-06-13,71.80000305,74,70.5,73.5,6453895,0,1,73.21605331,yahoo_bootstrap
2025-06-16,73,77.09999847,72.19999695,77.09999847,8106924,0,1,76.8021442,yahoo_bootstrap
2025-06-17,77.5,77.5,73.59999847,74,8563560,0,1,73.7141217,yahoo_bootstrap
2025-06-18,73.40000153,75.5,72.5,72.59999847,3166390,0,1,72.31952869,yahoo_bootstrap
2025-06-19,72.59999847,73,70.80000305,70.90000153,2483403,0,1,70.62609921,yahoo_bootstrap
2025-06-20,70.69999695,71.5,68.80000305,69.69999695,2020712,0,1,69.43073051,yahoo_bootstrap
2025-06-23,69.30000305,71.30000305,69.19999695,69.59999847,2112344,0,1,69.33111835,yahoo_bootstrap
2025-06-24,70.90000153,71.90000153,69.30000305,70.5,3031900,0,1,70.22764297,yahoo_bootstrap
2025-06-25,71,72.30000305,70,70.59999847,2960171,0,1,70.32725513,yahoo_bootstrap
2025-06-26,70.80000305,71.5,67.30000305,67.69999695,3281336,0,1,67.43845695,yahoo_bootstrap
2025-06-27,67.90000153,69.69999695,66.19999695,69.59999847,3403502,0,1,69.33111835,yahoo_bootstrap
2025-06-30,69.80000305,69.90000153,67.59999847,67.59999847,1239200,0,1,67.33884479,yahoo_bootstrap
2025-07-01,68.19999695,68.69999695,66,66,972312,0,1,65.74502746,yahoo_bootstrap
2025-07-02,66.40000153,67.5,65.59999847,65.59999847,787718,0,1,65.34657123,yahoo_bootstrap
2025-07-03,66.09999847,67,65.09999847,65.19999695,731694,0,1,64.948115,yahoo_bootstrap
2025-07-04,65.69999695,66.90000153,63.79999924,64.09999847,1093200,0,1,63.85236606,yahoo_bootstrap
2025-07-07,64.90000153,64.90000153,62.90000153,63,714506,0,1,62.75661713,yahoo_bootstrap
2025-07-08,61.90000153,63,61.29999924,61.90000153,1494500,0,1,61.66086819,yahoo_bootstrap
2025-07-09,62.29999924,63,61.5,62.20000076,586006,0,1,61.95970846,yahoo_bootstrap
2025-07-10,62.20000076,65.09999847,61.90000153,63.29999924,884620,0,1,63.0554574,yahoo_bootstrap
2025-07-11,63.09999847,63.5,62.40000153,62.5,657300,0,1,62.25854874,yahoo_bootstrap
2025-07-14,62.5,64.59999847,61.79999924,63.5,551022,0,1,63.25468552,yahoo_bootstrap
2025-07-15,63.70000076,68.90000153,63.5,68.69999695,2518767,0,1,68.43459373,yahoo_bootstrap
2025-07-16,69,70.5,68.09999847,69.19999695,3462376,0,1,68.93266212,yahoo_bootstrap
2025-07-17,68.80000305,70.90000153,68.59999847,69,2286265,0,1,68.7334378,yahoo_bootstrap
2025-07-18,68.80000305,69.19999695,67.80000305,68.19999695,1415177,0,1,67.93652534,yahoo_bootstrap
2025-07-21,68.19999695,68.19999695,65.09999847,65.09999847,1131500,0,1,64.84850284,yahoo_bootstrap
2025-07-22,65.09999847,65.5,62.79999924,63,1283460,0,1,62.75661713,yahoo_bootstrap
2025-07-23,63.5,66.5,63.20000076,64.90000153,997160,0,1,64.64927853,yahoo_bootstrap
2025-07-24,65.5,66.59999847,64.5,64.80000305,607010,0,1,64.54966637,yahoo_bootstrap
2025-07-25,65,65.59999847,64.5,65.30000305,397815,0,1,65.04773476,yahoo_bootstrap
2025-07-28,65.5,68.59999847,65,68.19999695,1998261,0,1,67.93652534,yahoo_bootstrap
2025-07-29,71.69999695,73.69999695,69.09999847,69.5,5437359,0,1,69.23150619,yahoo_bootstrap
2025-07-30,70,70,67.90000153,68.19999695,1502828,0,1,67.93652534,yahoo_bootstrap
2025-07-31,68.19999695,71.19999695,67.5,70.09999847,3355458,0,1,69.82918674,yahoo_bootstrap
2025-08-04,69.40000153,71.30000305,69,71,1439107,0,1,70.72571136,yahoo_bootstrap
2025-08-05,71.30000305,73.69999695,70.5,71,3634111,0,1,70.72571136,yahoo_bootstrap
2025-08-06,71.30000305,71.80000305,69.30000305,69.59999847,1384437,0,1,69.33111835,yahoo_bootstrap
2025-08-07,70.80000305,72.19999695,69.5,70.19999695,1762075,0,1,69.9287989,yahoo_bootstrap
2025-08-08,71.19999695,72.30000305,70.19999695,71,1777122,0,1,70.72571136,yahoo_bootstrap
2025-08-11,71,78.09999847,69.09999847,78.09999847,7548489,0,1,77.79828098,yahoo_bootstrap
2025-08-12,81.59999847,85.90000153,80.59999847,85.90000153,7718877,0,1,85.5681509,yahoo_bootstrap
2025-08-13,89.19999695,93.80000305,82.80000305,84.19999695,28016882,0,1,83.87471382,yahoo_bootstrap
2025-08-14,84.5,85.59999847,81.69999695,83.59999847,6143434,0,1,83.27703327,yahoo_bootstrap
2025-08-15,83.69999695,89.30000305,82.59999847,88.5,8076289,0,1,88.15810501,yahoo_bootstrap
2025-08-18,89.19999695,97.30000305,87.5,97.30000305,10516992,0,1,96.92411171,yahoo_bootstrap
2025-08-19,107,107,102,107,7611302,0,1,106.58663544,yahoo_bootstrap
2025-08-20,116,117.5,112,117.5,19985353,0,1,117.04607162,yahoo_bootstrap
2025-08-21,116,116,108.5,115,5620339,0,1,114.55572967,yahoo_bootstrap
2025-08-22,115,118.5,110.5,117,3288933,0,1,116.54800323,yahoo_bootstrap
2025-08-25,121,128.5,118.5,128.5,4482629,0,1,128.0035762,yahoo_bootstrap
2025-08-26,128.5,141,126,141,3010345,0,1,140.45528595,yahoo_bootstrap
2025-08-27,138,144.5,138,143,833526,0,1,142.44755951,yahoo_bootstrap
2025-08-28,143,157,143,150,1842421,0,1,149.42051697,yahoo_bootstrap
2025-08-29,147.5,157.5,143,143,1151335,0,1,142.44755951,yahoo_bootstrap
2025-09-01,143,143,132,142.5,2047500,0,1,141.94949112,yahoo_bootstrap
2025-09-02,142.5,142.5,134.5,136.5,1223282,0,1,135.97267044,yahoo_bootstrap
2025-09-03,134,137.5,132.5,133.5,1074360,0,1,132.9842601,yahoo_bootstrap
2025-09-04,137,137,128,131,1072303,0,1,130.49391815,yahoo_bootstrap
2025-09-05,133,135.5,131.5,134,675450,0,1,133.48232849,yahoo_bootstrap
2025-09-08,135.5,135.5,129.5,131.5,832435,0,1,130.99198654,yahoo_bootstrap
2025-09-09,131,138,119.5,129,15364513,0,1,128.50164459,yahoo_bootstrap
2025-09-10,128,141.5,126.5,141.5,4704641,0,1,140.95335434,yahoo_bootstrap
2025-09-11,143.5,144,127.5,127.5,9275330,0,1,127.00743942,yahoo_bootstrap
2025-09-12,124.5,132.5,120.5,123.5,6768258,0,1,123.0228923,yahoo_bootstrap
2025-09-15,123,128.5,118,120,5854394,0,1,119.53641357,yahoo_bootstrap
2025-09-16,129,132,128,132,5449465,0,1,131.49005493,yahoo_bootstrap
2025-09-17,129.5,136,126,129.5,7502228,0,1,128.99971298,yahoo_bootstrap
2025-09-18,131,142,129,138.5,12060842,0,1,137.964944,yahoo_bootstrap
2025-09-19,144.5,152,139.5,152,12729168,0,1,151.41279053,yahoo_bootstrap
2025-09-22,162,167,151.5,167,11010304,0,1,166.35484222,yahoo_bootstrap
2025-09-23,178.5,180.5,162,166,20316896,0,1,165.35870544,yahoo_bootstrap
2025-09-24,165,180,162,170,15102931,0,1,169.34325256,yahoo_bootstrap
2025-09-25,168,187,168,171,27207690,0,1,170.33938934,yahoo_bootstrap
2025-09-26,167.5,175,160.5,175,14413822,0,1,174.32393646,yahoo_bootstrap
2025-09-30,181.5,192.5,174,192.5,9592782,0,1,191.75633011,yahoo_bootstrap
2025-10-01,186,196,185,193,17613709,0,1,192.2543985,yahoo_bootstrap
2025-10-02,195,200,188.5,195,10725960,0,1,194.24667206,yahoo_bootstrap
2025-10-03,195.5,214.5,193,214.5,19665613,0,1,213.67133926,yahoo_bootstrap
2025-10-07,211.5,211.5,202,203.5,1773444,0,1,202.71383468,yahoo_bootstrap
2025-10-08,200,207,195,207,1452479,0,1,206.20031341,yahoo_bootstrap
2025-10-09,212.5,216.5,206.5,214,1210633,0,1,213.17327087,yahoo_bootstrap
2025-10-13,203,210,203,204,905814,0,1,203.21190307,yahoo_bootstrap
2025-10-14,207.5,207.5,191,192,1488672,0,1,191.25826172,yahoo_bootstrap
2025-10-15,195.5,202,191,201,581109,0,1,200.22349273,yahoo_bootstrap
2025-10-16,205,207.5,202,204,413500,0,1,203.21190307,yahoo_bootstrap
2025-10-17,200.5,204,199,204,418016,0,1,203.21190307,yahoo_bootstrap
2025-10-20,204.5,208,200,208,470890,0,1,207.19645019,yahoo_bootstrap
2025-10-21,208,211,205,208,737800,0,1,207.19645019,yahoo_bootstrap
2025-10-22,205.5,216.5,190.5,196,14261826,0,1,195.24280884,yahoo_bootstrap
2025-10-23,195.5,197,176.5,176.5,7684397,0,1,175.81814163,yahoo_bootstrap
2025-10-27,179,184,173,180.5,6390306,0,1,179.80268875,yahoo_bootstrap
2025-10-28,180.5,183.5,170,176.5,4429135,0,1,175.81814163,yahoo_bootstrap
2025-10-29,180,193.5,178.5,180.5,7478020,0,1,179.80268875,yahoo_bootstrap
2025-10-30,181,183.5,174.5,174.5,2816388,0,1,173.82586807,yahoo_bootstrap
2025-10-31,177.5,185,173,181,3080063,0,1,180.30075714,yahoo_bootstrap
2025-11-03,180,183.5,177,181.5,1666432,0,1,180.79882553,yahoo_bootstrap
2025-11-04,181.5,183,172,175.5,2570082,0,1,174.82200485,yahoo_bootstrap
2025-11-05,170,172.5,163.5,171.5,3364020,0,1,170.83745773,yahoo_bootstrap
2025-11-06,173,178,168.5,170.5,1525057,0,1,169.84132095,yahoo_bootstrap
2025-11-07,169.5,170.5,165,168.5,1394502,0,1,167.84904739,yahoo_bootstrap
2025-11-10,171.5,171.5,160,161,3420205,0,1,160.37802154,yahoo_bootstrap
2025-11-11,163.5,177,163.5,169.5,7644037,0,1,168.84518417,yahoo_bootstrap
2025-11-12,173.5,183.5,172,176,8388326,0,1,175.32007324,yahoo_bootstrap
2025-11-13,175.5,178.5,167,172,4084021,0,1,171.33552612,yahoo_bootstrap
2025-11-14,166,168,159.5,161.5,3166174,0,1,160.87608993,yahoo_bootstrap
2025-11-17,164,168.5,158.5,159.5,2680085,0,1,158.88381637,yahoo_bootstrap
2025-11-18,158,158.5,149,149.5,3203101,0,1,148.92244858,yahoo_bootstrap
2025-11-19,150,150.5,144.5,149,1950400,0,1,148.42438019,yahoo_bootstrap
2025-11-20,163,163.5,153,160.5,3693297,0,1,159.87995315,yahoo_bootstrap
2025-11-21,152,158.5,144.5,149.5,3585260,0,1,148.92244858,yahoo_bootstrap
2025-11-24,151.5,152.5,148,148.5,1224005,0,1,147.9263118,yahoo_bootstrap
2025-11-25,154.5,157.5,148,151,1638238,0,1,150.41665375,yahoo_bootstrap
2025-11-26,153.5,166,152.5,158,6092059,0,1,157.3896112,yahoo_bootstrap
2025-11-27,159,173.5,157,171,5323159,0,1,170.33938934,yahoo_bootstrap
2025-11-28,172,183,168.5,183,6391383,0,1,182.2930307,yahoo_bootstrap
2025-12-01,179,179.5,167.5,169,6020057,0,1,168.34711578,yahoo_bootstrap
2025-12-02,169.5,171,161,165.5,2985151,0,1,164.86063705,yahoo_bootstrap
2025-12-03,168,172.5,165,166.5,2334530,0,1,165.85677383,yahoo_bootstrap
2025-12-04,167.5,168.5,162.5,165,1842093,0,1,164.36256866,yahoo_bootstrap
2025-12-05,167,167,153,155.5,3591293,0,1,154.89926925,yahoo_bootstrap
2025-12-08,154.5,156.5,151.5,156.5,1566075,0,1,155.89540603,yahoo_bootstrap
2025-12-09,156.5,157,152,153.5,1262669,0,1,152.90699569,yahoo_bootstrap
2025-12-10,154,155,149.5,151.5,1545067,0,1,150.91472214,yahoo_bootstrap
2025-12-11,152,164,152,157.5,3340967,0,1,156.89154281,yahoo_bootstrap
2025-12-12,159.5,172,159.5,169.5,5669932,0,1,168.84518417,yahoo_bootstrap
2025-12-15,165.5,177,163.5,171,6658400,0,1,170.33938934,yahoo_bootstrap
2025-12-16,171,173.5,162.5,166.5,4342160,0,1,165.85677383,yahoo_bootstrap
2025-12-17,168.5,168.5,160.5,162.5,2994085,0,1,161.87222671,yahoo_bootstrap
2025-12-18,160,167,159,159,2506020,0,1,158.38574798,yahoo_bootstrap
2025-12-19,160,174.5,159.5,174.5,6981449,0,1,173.82586807,yahoo_bootstrap
2025-12-22,181.5,186.5,175.5,178,9448845,0,1,177.3123468,yahoo_bootstrap
2025-12-23,178.5,194,177,188.5,11724361,0,1,187.77178299,yahoo_bootstrap
2025-12-24,192,194,184,185.5,7192473,0,1,184.78337265,yahoo_bootstrap
2025-12-26,187,190,182.5,185,3363561,0,1,184.28530426,yahoo_bootstrap
2025-12-29,186.5,187,178,186,3885079,0,1,185.28144104,yahoo_bootstrap
2025-12-30,184,184,178.5,183,2912842,0,1,182.2930307,yahoo_bootstrap
2025-12-31,184,189,180,187.5,5297770,0,1,186.77564621,yahoo_bootstrap
2026-01-02,187.5,193,182.5,186,4926158,0,1,185.28144104,yahoo_bootstrap
2026-01-05,186.5,192,181,181,4691920,0,1,180.30075714,yahoo_bootstrap
2026-01-06,181,185.5,174.5,175,3385160,0,1,174.32393646,yahoo_bootstrap
2026-01-07,176.5,184,174,174.5,3199194,0,1,173.82586807,yahoo_bootstrap
2026-01-08,171.5,172,163,167,4592568,0,1,166.35484222,yahoo_bootstrap
2026-01-09,168.5,169,165,168,1410105,0,1,167.350979,yahoo_bootstrap
2026-01-12,165.5,168.5,162,163,1572330,0,1,162.3702951,yahoo_bootstrap
2026-01-13,165,171.5,165,167.5,2925858,0,1,166.85291061,yahoo_bootstrap
2026-01-14,168.5,170.5,165,165,1350240,0,1,164.36256866,yahoo_bootstrap
2026-01-15,167,167.5,163,167,1203758,0,1,166.35484222,yahoo_bootstrap
2026-01-16,168.5,169.5,164.5,165,832349,0,1,164.36256866,yahoo_bootstrap
2026-01-19,165.5,165.5,160.5,162,1220403,0,1,161.37415832,yahoo_bootstrap
2026-01-20,162,175,160,169.5,2502652,0,1,168.84518417,yahoo_bootstrap
2026-01-21,169.5,173,164.5,169.5,2476024,0,1,168.84518417,yahoo_bootstrap
2026-01-22,171.5,172,165.5,167,1301686,0,1,166.35484222,yahoo_bootstrap
2026-01-23,171.5,179.5,167,172,3521096,0,1,171.33552612,yahoo_bootstrap
2026-01-26,171.5,172,164,166,2103798,0,1,165.35870544,yahoo_bootstrap
2026-01-27,167,167,162.5,162.5,1114798,0,1,161.87222671,yahoo_bootstrap
2026-01-28,163.5,168.5,162,162,1117292,0,1,161.37415832,yahoo_bootstrap
2026-01-29,162.5,163.5,159,160.5,1025032,0,1,159.87995315,yahoo_bootstrap
2026-01-30,161.5,161.5,153,154.5,2460503,0,1,153.90313247,yahoo_bootstrap
2026-02-02,153.5,155.5,150.5,151,896222,0,1,150.41665375,yahoo_bootstrap
2026-02-03,155,159.5,150.5,156.5,993526,0,1,155.89540603,yahoo_bootstrap
2026-02-04,155.5,159.5,155,159.5,717291,0,1,158.88381637,yahoo_bootstrap
2026-02-05,159,161,155,155.5,476397,0,1,154.89926925,yahoo_bootstrap
2026-02-06,154,162.5,150.5,161,1170418,0,1,160.37802154,yahoo_bootstrap
2026-02-09,164.5,166.5,160,164.5,1236350,0,1,163.86450027,yahoo_bootstrap
2026-02-10,163.5,168.5,163.5,166.5,856360,0,1,165.85677383,yahoo_bootstrap
2026-02-11,168,176.5,167,170,2611363,0,1,169.34325256,yahoo_bootstrap
2026-02-23,173.5,184,172,179.5,4001298,0,1,178.80655197,yahoo_bootstrap
2026-02-24,178,192,177.5,188.5,5141939,0,1,187.77178299,yahoo_bootstrap
2026-02-25,193,207,191,207,7071543,0,1,206.20031341,yahoo_bootstrap
2026-02-26,213.5,223.5,202,217,8394337,0,1,216.16168121,yahoo_bootstrap
2026-03-02,210,219,200,201,5656984,0,1,200.22349273,yahoo_bootstrap
2026-03-03,199.5,205.5,186.5,189,5068803,0,1,188.26985138,yahoo_bootstrap
2026-03-04,188,189,172,174,3701500,0,1,173.32779968,yahoo_bootstrap
2026-03-05,181.5,188.5,176,183,2289167,0,1,182.2930307,yahoo_bootstrap
2026-03-06,180,193.5,179,184,2530463,0,1,183.28916748,yahoo_bootstrap
2026-03-09,166,169,166,166,1808301,0,1,165.35870544,yahoo_bootstrap
2026-03-10,171,176,165,170,2856033,0,1,169.34325256,yahoo_bootstrap
2026-03-11,173.5,181,173.5,178.5,1815288,0,1,177.81041519,yahoo_bootstrap
2026-03-12,178.5,184.5,175,177,1875650,0,1,176.31621002,yahoo_bootstrap
2026-03-13,174,194,172,185.5,3325318,0,1,184.78337265,yahoo_bootstrap
2026-03-16,189.5,203,189,195,4215822,0,1,194.24667206,yahoo_bootstrap
2026-03-17,198,205,187,189,4294179,0,1,188.26985138,yahoo_bootstrap
2026-03-18,193.5,197,187.5,190,2122320,0,1,189.26598816,yahoo_bootstrap
2026-03-19,191,192.5,184,186.5,1787251,0,1,185.77950943,yahoo_bootstrap
2026-03-20,189,190,175,177.5,1681500,0,1,176.81427841,yahoo_bootstrap
2026-03-23,168,172.5,166.5,167.5,1733147,0,1,166.85291061,yahoo_bootstrap
2026-03-24,173.5,174,165.5,170,1413175,0,1,169.34325256,yahoo_bootstrap
2026-03-25,174,176.5,171.5,173,657100,0,1,172.3316629,yahoo_bootstrap
2026-03-26,176,176,168,168,895120,0,1,167.350979,yahoo_bootstrap
2026-03-27,167.5,175,166,172.5,1208050,0,1,171.83359451,yahoo_bootstrap
2026-03-30,169,169.5,164.5,169,952020,0,1,168.34711578,yahoo_bootstrap
2026-03-31,166,171,157,160,1808805,0,1,159.38188476,yahoo_bootstrap
2026-04-01,167,168.5,161.5,164.5,1173016,0,1,163.86450027,yahoo_bootstrap
2026-04-02,166,166.5,159,159,789135,0,1,158.38574798,yahoo_bootstrap
2026-04-07,163,168.5,161,168,1097032,0,1,167.350979,yahoo_bootstrap
2026-04-08,172,176,168,169.5,1664175,0,1,168.84518417,yahoo_bootstrap
2026-04-09,171.5,178,170,176.5,2185411,0,1,175.81814163,yahoo_bootstrap
2026-04-10,176.5,177,165.5,169,2241351,0,1,168.34711578,yahoo_bootstrap
2026-04-13,170.5,170.5,167,169,987904,0,1,168.34711578,yahoo_bootstrap
2026-04-14,172,185.5,168,183,4135970,0,1,182.2930307,yahoo_bootstrap
2026-04-15,185,189,179.5,182,3593826,0,1,181.29689392,yahoo_bootstrap
2026-04-16,183.5,184.5,175,177,1473056,0,1,176.31621002,yahoo_bootstrap
2026-04-17,176,184,176,180,1316259,0,1,179.30462036,yahoo_bootstrap
2026-04-20,183,198,183,198,3663487,0,1,197.23508239,yahoo_bootstrap
2026-04-21,202,207.5,190,193.5,6326038,0,1,192.75246689,yahoo_bootstrap
2026-04-22,194.5,209,190.5,194.5,6224750,0,1,193.74860367,yahoo_bootstrap
2026-04-23,194.5,199.5,178,188,4872611,0,1,187.2737146,yahoo_bootstrap
2026-04-24,189,193,178,181,2072104,0,1,180.30075714,yahoo_bootstrap
2026-04-27,182.5,183,174.5,178,1257113,0,1,177.3123468,yahoo_bootstrap
2026-04-28,178,183.5,177,181.5,838031,0,1,180.79882553,yahoo_bootstrap
2026-04-29,182,189,177.5,186.5,1469634,0,1,185.77950943,yahoo_bootstrap
2026-04-30,186.5,193,182.5,185,1426100,0,1,184.28530426,yahoo_bootstrap
2026-05-04,185,188,182.5,183.5,1192230,0,1,182.79109909,yahoo_bootstrap
2026-05-05,183.5,189,182.5,187.5,1086124,0,1,186.77564621,yahoo_bootstrap
2026-05-06,193,206,179,202.5,7267279,0,1,201.7176979,yahoo_bootstrap
2026-05-07,208.5,220,199,215,7001424,0,1,214.16940765,yahoo_bootstrap
2026-05-08,216,236.5,213,236.5,10559330,0,1,235.58634842,yahoo_bootstrap
2026-05-11,242.5,245,232.5,235,8954040,0,1,234.09214325,yahoo_bootstrap
2026-05-12,235,258.5,230,258.5,7158116,0,1,257.50135757,yahoo_bootstrap
2026-05-13,255,270,240.5,248,9863440,0,1,247.04192138,yahoo_bootstrap
2026-05-14,255,265,248,258,4557494,0,1,257.00328918,yahoo_bootstrap
2026-05-15,260,273,258.5,264.5,6129817,0,1,263.47817825,yahoo_bootstrap
2026-05-18,261,270,241,255.5,5681893,0,1,254.51294723,yahoo_bootstrap
2026-05-19,253.5,262,240,244.5,4005562,0,1,243.55544265,yahoo_bootstrap
2026-05-20,245.5,247.5,227.5,237,4191184,0,1,236.08441681,yahoo_bootstrap
2026-05-21,244,260.5,244,260.5,2585155,0,1,259.49363113,yahoo_bootstrap
2026-05-22,272.5,286.5,269,286.5,6830433,0,1,285.3931874,yahoo_bootstrap
2026-05-25,287.5,295,279.5,284,5215384,0,1,282.90284546,yahoo_bootstrap
2026-05-26,284.5,284.5,272,275.5,1244121,0,1,274.43568283,yahoo_bootstrap
2026-05-27,275.5,275.5,270.5,270.5,962383,0,1,269.45499893,yahoo_bootstrap
2026-05-28,270.5,281,268,272,884391,0,1,270.9492041,yahoo_bootstrap
2026-05-29,277,289.5,275,285,658990,0,1,283.89898223,yahoo_bootstrap
2026-06-01,287,288.5,274,286,790719,0,1,284.89511901,yahoo_bootstrap
2026-06-02,286,286,277,279,452063,0,1,277.92216156,yahoo_bootstrap
2026-06-03,278,286,277,278,595353,0,1,276.92602478,yahoo_bootstrap
2026-06-04,275,278,275,278,465155,0,1,276.92602478,yahoo_bootstrap
2026-06-05,272,281,265,277,520350,0,1,275.929888,yahoo_bootstrap
2026-06-08,249.5,249.5,249.5,249.5,488428,0,1,248.53612655,yahoo_bootstrap
2026-06-09,246,254.5,238,245,3515734,0,1,244.05351104,yahoo_bootstrap
2026-06-10,239,240,220.5,220.5,2784276,0,1,219.64815994,yahoo_bootstrap
2026-06-11,217,217,198.5,206,2921422,0,1,205.20417663,yahoo_bootstrap
2026-06-12,217,226.5,210.5,226.5,1681303,0,1,225.62498062,yahoo_bootstrap
2026-06-15,237.5,249,236.5,240.5,2443710,0,1,239.57089554,yahoo_bootstrap
2026-06-16,247,251,237.5,240,2898406,0,1,239.07282715,yahoo_bootstrap
2026-06-17,238.5,264,237.5,264,3404120,0,1,262.98010986,yahoo_bootstrap
2026-06-18,269.5,290,261,277.5,5232453,0,1,276.42795639,yahoo_bootstrap
2026-06-22,280,304.5,280,284.5,3034692,0,1,283.40091385,yahoo_bootstrap
2026-06-23,285,289,271,274,2150123,0,1,272.94147766,yahoo_bootstrap
2026-06-24,270,301,267,301,5125140,0,1,299.83717071,yahoo_bootstrap
2026-06-25,301,311.5,286,286,2254294,0,1,284.89511901,yahoo_bootstrap
2026-06-26,285,298,284,289.5,2393668,0,1,288.38159774,yahoo_bootstrap
2026-06-29,286.5,313,284,306.5,3696297,0,1,305.315923,yahoo_bootstrap
2026-06-30,309,309.5,287.5,287.5,2274637,1.184077,1,287.5,yahoo_bootstrap
2026-07-01,294,299.5,275,275.5,1728829,0,1,275.5,yahoo_bootstrap
2026-07-02,272,281.5,272,277,1031353,0,1,277,yahoo_bootstrap
2026-07-03,275,282,272.5,277,689308,0,1,277,yahoo_bootstrap
2026-07-06,280.5,286,267,268,1040100,0,1,268,yahoo_bootstrap
2026-07-07,270,275,249,252,1199503,0,1,252,yahoo_bootstrap
2026-07-08,259,268.5,249.5,259.5,1437150,0,1,259.5,yahoo_bootstrap
2026-07-09,263,270.5,252,256.5,1400017,0,1,256.5,yahoo_bootstrap
2026-07-10,256.5,256.5,256.5,256.5,0,0,1,256.5,yahoo_bootstrap
2026-07-13,258,263,243,247,856010,0,1,247,yahoo_bootstrap
2026-07-14,246,270,238,260.5,2899550,0,1,260.5,yahoo_bootstrap
2026-07-15,264.5,276.5,261,274.5,2244080,0,1,274.5,yahoo_bootstrap
2026-07-16,266.5,274.5,252,253,1267523,0,1,253,yahoo_bootstrap
2026-07-17,242,245.5,228,228,1509278,0,1,228,yahoo_bootstrap
2026-07-20,228,228,209,218.5,1259109,0,1,218.5,yahoo_bootstrap
2026-07-21,222,225,213.5,217.5,1099179,0,1,217.5,yahoo_bootstrap
2026-07-22,226,229.5,222,222,551100,0,1,222,yahoo_bootstrap
2026-07-23,224,225.5,208.5,214.5,764050,0,1,214.5,yahoo_bootstrap
2026-07-24,209.5,212,197,202.5,1187215,0,1,202.5,yahoo_bootstrap
2026-07-27,204.5,209.5,198,204.5,843018,0,1,204.5,yahoo_bootstrap
2026-07-28,197.5,197.5,184.5,184.5,1369040,0,1,184.5,yahoo_bootstrap
2026-07-29,185.5,189,166.5,166.5,1459442,0,1,166.5,yahoo_bootstrap
2026-07-30,151,168,151,160.5,1333105,0,1,160.5,yahoo_bootstrap
2026-07-31,176.5,176.5,166,170.5,1236066,0,1,170.5,yahoo_bootstrap
2026-08-03,170,187.5,168.5,187.5,888108,0,1,187.5,yahoo_bootstrap
2026-08-04,190,206,188,203,2134180,0,1,203,yahoo_bootstrap
2026-08-05,216,222.5,207.5,218,2109213,0,1,218,yahoo_bootstrap
2026-08-06,218,234,210,230,1392299,0,1,230,yahoo_bootstrap
2026-08-07,230,235,220,232,1387309,0,1,232,yahoo_bootstrap
2026-08-10,234.5,236,215,215.5,1790390,0,1,215.5,yahoo_bootstrap
2026-08-11,219,221.5,210,215,716500,0,1,215,yahoo_bootstrap
2026-08-12,216.5,222,209,210,1365500,0,1,210,yahoo_bootstrap
2026-08-13,215,222.5,207,208,1312900,0,1,208,yahoo_bootstrap
2026-08-14,209,211.5,201.5,203,608284,0,1,203,yahoo_bootstrap
2026-08-17,203,223,201.5,218,1358373,0,1,218,yahoo_daily
2026-08-18,219.5,219.5,205,206,1049310,0,1,206,yahoo_daily
2026-08-19,199.5,216.5,199.5,203,1164020,0,1,203,yahoo_daily
2026-08-20,207,208,198,205,684100,0,1,205,yahoo_daily
2026-08-21,203,209,200.5,206,555212,0,1,206,yahoo_daily
2026-08-24,204,206.5,201.5,202.5,357101,0,1,202.5,yahoo_daily
2026-08-25,202.5,205,194,205,456193,0,1,205,yahoo_daily
2026-08-26,207.5,218,205.5,211,785363,0,1,211,yahoo_daily
2026-08-27,215,219,212.5,213,616043,0,1,213,yahoo_daily
2026-08-28,216,218.5,212.5,213.5,536200,0,1,213.5,yahoo_daily
2026-08-31,210.5,217,206.5,208,455469,0,1,208,yahoo_daily
2026-09-01,208.5,217.5,207.5,208,753103,0,1,208,yahoo_daily
2026-09-02,208,209.5,201,201.5,497300,0,1,201.5,yahoo_daily
2026-09-03,203.5,207.5,195.5,195.5,494129,0,1,195.5,yahoo_daily
2026-09-04,201.5,202,194.5,200.5,382070,0,1,200.5,yahoo_daily
2026-09-07,205.5,206,199.5,200,588400,0,1,200,yahoo_daily
2026-09-08,202,202,190.5,193,1099181,0,1,193,yahoo_daily
2026-09-09,193.5,195.5,190.5,193,455055,0,1,193,yahoo_daily
2026-09-10,196,196,185.5,186,857150,0,1,186,yahoo_daily
2026-09-11,180.5,193.5,177.5,184,922020,0,1,184,yahoo_daily
2026-09-14,182,192,177,190,925145,0,1,190,yahoo_daily
2026-09-15,186.5,195.5,182,185,1143584,0,1,185,yahoo_daily
