date,open,high,low,close,volume,dividend,split_factor,adjusted_close,source
2021-09-09,105.32060242,112.70288849,104.33629608,111.2264328,7087389,0,1,100.49120584,yahoo_bootstrap
2021-09-10,109.74997711,112.70288849,109.74997711,110.24212646,6082071,0,1,99.60190166,yahoo_bootstrap
2021-09-13,110.24212646,113.68719482,109.25782013,110.73427582,5183037,0,1,100.04655031,yahoo_bootstrap
2021-09-14,115.16365051,118.60871887,113.19503784,113.68719482,21819248,0,1,102.71446282,yahoo_bootstrap
2021-09-15,112.70288849,114.17934418,108.76567078,110.73427582,7339458,0,1,100.04655031,yahoo_bootstrap
2021-09-16,111.71858215,112.70288849,107.78136444,107.78136444,3701849,0,1,97.37864469,yahoo_bootstrap
2021-09-17,107.28921509,110.24212646,105.32060242,110.24212646,3663815,0,1,99.60190166,yahoo_bootstrap
2021-09-22,105.81275177,108.76567078,104.82845306,107.28921509,2785936,0,1,96.93399605,yahoo_bootstrap
2021-09-23,107.78136444,109.74997711,106.30490875,106.79705811,2386894,0,1,96.48934052,yahoo_bootstrap
2021-09-24,107.78136444,111.71858215,107.28921509,109.25782013,3873312,0,1,98.7125975,yahoo_bootstrap
2021-09-27,111.2264328,112.70288849,109.25782013,110.24212646,3282113,0,1,99.60190166,yahoo_bootstrap
2021-09-28,109.74997711,111.71858215,107.78136444,108.76567078,2149964,0,1,98.26794886,yahoo_bootstrap
2021-09-29,104.82845306,108.27351379,104.33629608,104.33629608,3176143,0,1,94.26608354,yahoo_bootstrap
2021-09-30,104.82845306,107.78136444,103.35198975,107.78136444,2137484,0,1,97.37864469,yahoo_bootstrap
2021-10-01,106.30490875,106.79705811,99.41477203,100.39907837,3619775,0,1,90.70887375,yahoo_bootstrap
2021-10-04,103.35198975,103.35198975,98.43047333,99.41477203,3279024,0,1,89.81956958,yahoo_bootstrap
2021-10-05,99.41477203,104.82845306,96.65872192,104.33629608,4795144,0,1,94.26608354,yahoo_bootstrap
2021-10-06,105.81275177,108.76567078,104.33629608,105.32060242,5815140,0,1,95.15538771,yahoo_bootstrap
2021-10-07,109.25782013,115.16365051,108.76567078,114.67150116,9489347,0,1,103.60376699,yahoo_bootstrap
2021-10-08,116.6401062,121.56163025,115.16365051,118.11656189,23252973,0,1,106.71632125,yahoo_bootstrap
2021-10-12,116.14795685,122.0537796,116.14795685,118.11656189,15815955,0,1,106.71632125,yahoo_bootstrap
2021-10-13,118.60871887,124.02239227,117.13225555,120.08517456,22644032,0,1,108.49492959,yahoo_bootstrap
2021-10-14,121.0694809,122.54593658,112.70288849,116.6401062,15633501,0,1,105.38236844,yahoo_bootstrap
2021-10-15,118.60871887,121.0694809,115.16365051,121.0694809,11778771,0,1,109.38423376,yahoo_bootstrap
2021-10-18,122.0537796,123.53024292,117.62441254,117.62441254,8489567,0,1,106.27167261,yahoo_bootstrap
2021-10-19,119.10086823,125.99100494,118.60871887,120.08517456,16601212,0,1,108.49492959,yahoo_bootstrap
2021-10-20,121.56163025,125.99100494,120.57732391,122.0537796,8936999,0,1,110.27353103,yahoo_bootstrap
2021-10-21,124.11159515,128.0831604,121.13291931,121.62936401,10336660,0,1,109.89007871,yahoo_bootstrap
2021-10-22,124.60803986,127.090271,121.62936401,127.090271,9472593,0,1,114.82391606,yahoo_bootstrap
2021-10-25,129.57250977,139.50143433,128.5796051,139.50143433,30378000,0,1,126.03719277,yahoo_bootstrap
2021-10-26,143.9694519,153.40193176,143.9694519,147.94102478,59783890,0,1,133.66222038,yahoo_bootstrap
2021-10-27,151.41615295,157.86994934,149.43035889,152.40904236,55323066,0,1,137.6989989,yahoo_bootstrap
2021-10-28,151.41615295,154.89126587,146.45167542,154.89126587,20197292,0,1,139.94164597,yahoo_bootstrap
2021-10-29,157.86994934,170.28111267,156.87705994,170.28111267,34727309,0,1,153.84611295,yahoo_bootstrap
2021-11-01,172.76333618,175.24557495,166.8059845,169.78466797,48759001,0,1,153.39758354,yahoo_bootstrap
2021-11-02,172.76333618,173.25978088,152.90548706,152.90548706,28997212,0,1,138.14752831,yahoo_bootstrap
2021-11-03,154.89126587,157.37350464,148.93391418,154.89126587,24142657,0,1,139.94164597,yahoo_bootstrap
2021-11-04,153.89837646,154.39482117,143.9694519,147.94102478,15994929,0,1,133.66222038,yahoo_bootstrap
2021-11-05,149.92680359,151.41615295,146.94813538,150.42324829,11806404,0,1,135.90486745,yahoo_bootstrap
2021-11-08,150.42324829,152.90548706,142.9765625,148.43746948,10930505,0,1,134.11074979,yahoo_bootstrap
2021-11-09,147.44458008,150.91969299,144.46589661,148.43746948,10419570,0,1,134.11074979,yahoo_bootstrap
2021-11-10,145.95523071,148.93391418,141.48721313,148.93391418,10294986,0,1,134.55927921,yahoo_bootstrap
2021-11-11,146.94813538,154.89126587,146.45167542,150.42324829,14956157,0,1,135.90486745,yahoo_bootstrap
2021-11-12,149.43035889,153.89837646,148.43746948,150.42324829,6879616,0,1,135.90486745,yahoo_bootstrap
2021-11-15,151.41615295,158.86283875,147.44458008,158.86283875,14966039,0,1,143.52989507,yahoo_bootstrap
2021-11-16,157.86994934,159.35928345,152.90548706,154.39482117,11449070,0,1,139.49311656,yahoo_bootstrap
2021-11-17,156.87705994,161.84152222,152.90548706,153.89837646,15129443,0,1,139.04458713,yahoo_bootstrap
2021-11-18,155.38771057,168.79176331,154.39482117,154.39482117,39949787,0,1,139.49311656,yahoo_bootstrap
2021-11-19,158.86283875,160.84863281,152.90548706,155.88417053,10292833,0,1,140.83871858,yahoo_bootstrap
2021-11-22,154.39482117,156.87705994,146.94813538,148.93391418,7286693,0,1,134.55927921,yahoo_bootstrap
2021-11-23,147.94102478,155.88417053,146.94813538,147.44458008,12923966,0,1,133.21369097,yahoo_bootstrap
2021-11-24,148.43746948,149.92680359,142.4801178,146.45167542,7322212,0,1,132.31661836,yahoo_bootstrap
2021-11-25,147.94102478,149.43035889,143.9694519,144.46589661,4264106,0,1,130.5225007,yahoo_bootstrap
2021-11-26,143.4730072,144.46589661,136.02630615,141.48721313,6932726,0,1,127.83131042,yahoo_bootstrap
2021-11-29,137.51564026,144.96234131,135.52986145,144.46589661,5963120,0,1,130.5225007,yahoo_bootstrap
2021-11-30,145.95523071,147.44458008,142.9765625,143.4730072,7456161,0,1,129.62544187,yahoo_bootstrap
2021-12-01,141.48721313,144.96234131,138.50854492,144.46589661,3902715,0,1,130.5225007,yahoo_bootstrap
2021-12-02,143.4730072,144.96234131,137.01919556,138.01210022,5672269,0,1,124.69160453,yahoo_bootstrap
2021-12-03,138.50854492,142.9765625,138.50854492,140.99076843,4681328,0,1,127.38278101,yahoo_bootstrap
2021-12-06,139.50143433,142.9765625,137.51564026,142.9765625,3159223,0,1,129.17691245,yahoo_bootstrap
2021-12-07,142.9765625,142.9765625,139.00498962,139.99787903,2278842,0,1,126.48572218,yahoo_bootstrap
2021-12-08,141.98365784,143.9694519,139.99787903,141.48721313,2786671,0,1,127.83131042,yahoo_bootstrap
2021-12-09,143.9694519,149.92680359,142.9765625,145.45878601,12224259,0,1,131.41955952,yahoo_bootstrap
2021-12-10,143.4730072,143.9694519,140.99076843,141.48721313,4289747,0,1,127.83131042,yahoo_bootstrap
2021-12-13,141.98365784,142.4801178,138.01210022,139.99787903,3087582,0,1,126.48572218,yahoo_bootstrap
2021-12-14,139.00498962,139.50143433,134.04052734,134.04052734,2977372,0,1,121.10335542,yahoo_bootstrap
2021-12-15,133.54408264,138.50854492,132.05473328,138.50854492,2739889,0,1,125.14013394,yahoo_bootstrap
2021-12-16,139.00498962,139.99787903,136.52275085,137.01919556,2376543,0,1,123.79453191,yahoo_bootstrap
2021-12-17,136.02630615,136.52275085,133.04762268,134.04052734,2173578,0,1,121.10335542,yahoo_bootstrap
2021-12-20,134.04052734,138.50854492,134.04052734,136.02630615,2567979,0,1,122.89747308,yahoo_bootstrap
2021-12-21,136.52275085,141.98365784,135.03341675,141.48721313,3948677,0,1,127.83131042,yahoo_bootstrap
2021-12-22,142.4801178,145.45878601,139.99787903,143.9694519,6585254,0,1,130.07397128,yahoo_bootstrap
2021-12-23,150.42324829,155.38771057,146.45167542,146.45167542,21647299,0,1,132.31661836,yahoo_bootstrap
2021-12-24,147.94102478,150.42324829,144.46589661,145.95523071,6801417,0,1,131.86808894,yahoo_bootstrap
2021-12-27,145.45878601,146.45167542,142.9765625,143.9694519,2643438,0,1,130.07397128,yahoo_bootstrap
2021-12-28,144.96234131,145.45878601,142.9765625,143.4730072,1546191,0,1,129.62544187,yahoo_bootstrap
2021-12-29,143.9694519,147.44458008,143.4730072,146.45167542,2584295,0,1,132.31661836,yahoo_bootstrap
2021-12-30,147.44458008,147.44458008,145.45878601,146.94813538,1910532,0,1,132.76516156,yahoo_bootstrap
2022-01-03,147.94102478,150.91969299,145.95523071,145.95523071,3134618,0,1,131.86808894,yahoo_bootstrap
2022-01-04,149.92680359,152.90548706,146.45167542,147.44458008,10634350,0,1,133.21369097,yahoo_bootstrap
2022-01-05,147.44458008,148.93391418,141.98365784,141.98365784,3173193,0,1,128.27983984,yahoo_bootstrap
2022-01-06,139.00498962,140.99076843,137.51564026,139.50143433,2517955,0,1,126.03719277,yahoo_bootstrap
2022-01-07,139.50143433,140.99076843,134.04052734,134.53697205,3312279,0,1,121.55188484,yahoo_bootstrap
2022-01-10,133.04762268,136.52275085,131.06184387,135.03341675,1802781,0,1,122.00041426,yahoo_bootstrap
2022-01-11,135.03341675,135.03341675,131.06184387,131.55828857,1913362,0,1,118.86069456,yahoo_bootstrap
2022-01-12,132.55117798,134.04052734,128.0831604,129.57250977,3096275,0,1,117.06657691,yahoo_bootstrap
2022-01-13,130.06895447,131.55828857,125.60093689,126.59382629,2470214,0,1,114.37538664,yahoo_bootstrap
2022-01-14,126.59382629,130.06895447,122.12580872,130.06895447,3330327,0,1,117.51510633,yahoo_bootstrap
2022-01-17,128.5796051,132.55117798,126.59382629,132.05473328,2058342,0,1,119.30922399,yahoo_bootstrap
2022-01-18,132.05473328,133.04762268,130.06895447,131.06184387,1532743,0,1,118.41216515,yahoo_bootstrap
2022-01-19,129.07606506,139.00498962,129.07606506,136.02630615,8581653,0,1,122.89747308,yahoo_bootstrap
2022-01-20,134.53697205,135.52986145,130.56539917,131.55828857,4896972,0,1,118.86069456,yahoo_bootstrap
2022-01-21,129.07606506,136.52275085,129.07606506,131.06184387,6287038,0,1,118.41216515,yahoo_bootstrap
2022-01-24,129.07606506,133.04762268,126.09738159,133.04762268,3475263,0,1,120.20628281,yahoo_bootstrap
2022-01-25,132.05473328,135.03341675,131.06184387,134.04052734,3214652,0,1,121.10335542,yahoo_bootstrap
2022-01-26,137.01919556,139.99787903,135.03341675,135.03341675,7794136,0,1,122.00041426,yahoo_bootstrap
2022-02-07,137.51564026,138.01210022,132.55117798,135.52986145,2758205,0,1,122.44894367,yahoo_bootstrap
2022-02-08,135.52986145,139.99787903,135.03341675,139.50143433,3406258,0,1,126.03719277,yahoo_bootstrap
2022-02-09,140.49432373,144.96234131,139.50143433,144.96234131,6198070,0,1,130.97103011,yahoo_bootstrap
2022-02-10,144.46589661,145.45878601,140.49432373,141.98365784,3877637,0,1,128.27983984,yahoo_bootstrap
2022-02-11,139.99787903,142.9765625,139.50143433,142.4801178,1650891,0,1,128.72838304,yahoo_bootstrap
2022-02-14,140.49432373,147.94102478,140.49432373,142.9765625,9947509,0,1,129.17691245,yahoo_bootstrap
2022-02-15,143.9694519,146.45167542,140.49432373,141.98365784,4433112,0,1,128.27983984,yahoo_bootstrap
2022-02-16,145.45878601,145.95523071,142.4801178,143.9694519,2476939,0,1,130.07397128,yahoo_bootstrap
2022-02-17,145.95523071,150.42324829,141.48721313,143.4730072,12386550,0,1,129.62544187,yahoo_bootstrap
2022-02-18,141.48721313,146.94813538,140.99076843,146.94813538,3740868,0,1,132.76516156,yahoo_bootstrap
2022-02-21,146.94813538,149.43035889,144.96234131,148.93391418,5122086,0,1,134.55927921,yahoo_bootstrap
2022-02-22,147.44458008,148.43746948,142.4801178,145.45878601,4540698,0,1,131.41955952,yahoo_bootstrap
2022-02-23,145.95523071,150.91969299,144.46589661,150.91969299,7842984,0,1,136.35339686,yahoo_bootstrap
2022-02-24,148.43746948,148.93391418,141.48721313,142.4801178,7701370,0,1,128.72838304,yahoo_bootstrap
2022-02-25,145.45878601,146.45167542,141.48721313,142.4801178,3593663,0,1,128.72838304,yahoo_bootstrap
2022-03-01,145.45878601,153.40193176,144.46589661,149.92680359,11760662,0,1,135.45633804,yahoo_bootstrap
2022-03-02,148.43746948,151.91259766,147.44458008,151.91259766,5220042,0,1,137.25046949,yahoo_bootstrap
2022-03-03,154.89126587,155.88417053,148.93391418,149.43035889,6968500,0,1,135.00780863,yahoo_bootstrap
2022-03-04,147.94102478,152.40904236,147.44458008,147.94102478,3931533,0,1,133.66222038,yahoo_bootstrap
2022-03-07,145.95523071,145.95523071,140.99076843,141.48721313,5151224,0,1,127.83131042,yahoo_bootstrap
2022-03-08,139.99787903,146.45167542,139.99787903,141.98365784,6176225,0,1,128.27983984,yahoo_bootstrap
2022-03-09,146.45167542,151.91259766,144.46589661,151.91259766,10291967,0,1,137.25046949,yahoo_bootstrap
2022-03-10,156.38061523,163.33085632,150.91969299,153.89837646,36029582,0,1,139.04458713,yahoo_bootstrap
2022-03-11,154.89126587,161.84152222,152.90548706,161.84152222,26699028,0,1,146.22108534,yahoo_bootstrap
2022-03-14,161.84152222,163.33085632,155.38771057,158.86283875,17436214,0,1,143.52989507,yahoo_bootstrap
2022-03-15,156.87705994,158.36639404,149.43035889,149.92680359,9771044,0,1,135.45633804,yahoo_bootstrap
2022-03-16,153.89837646,154.39482117,147.94102478,149.92680359,6306800,0,1,135.45633804,yahoo_bootstrap
2022-03-17,154.39482117,159.85572815,152.90548706,158.86283875,10915532,0,1,143.52989507,yahoo_bootstrap
2022-03-18,156.87705994,164.82019043,154.89126587,157.86994934,15875664,0,1,142.63283624,yahoo_bootstrap
2022-03-21,160.84863281,162.83441162,154.39482117,156.38061523,9361493,0,1,141.28724799,yahoo_bootstrap
2022-03-22,156.87705994,159.35928345,155.88417053,156.87705994,3796530,0,1,141.73577741,yahoo_bootstrap
2022-03-23,158.86283875,161.84152222,153.89837646,153.89837646,8315488,0,1,139.04458713,yahoo_bootstrap
2022-03-24,154.89126587,167.3024292,154.39482117,163.82730103,24773167,0,1,148.015203,yahoo_bootstrap
2022-03-25,163.82730103,165.31665039,156.87705994,156.87705994,17135334,0,1,141.73577741,yahoo_bootstrap
2022-03-28,156.38061523,160.35218811,155.38771057,158.36639404,5400091,0,1,143.08136565,yahoo_bootstrap
2022-03-29,161.84152222,165.31665039,159.35928345,159.85572815,12453771,0,1,144.4269539,yahoo_bootstrap
2022-03-30,160.84863281,165.81309509,160.35218811,164.32374573,13363698,0,1,148.46373241,yahoo_bootstrap
2022-03-31,164.82019043,164.82019043,159.85572815,161.84152222,6989960,0,1,146.22108534,yahoo_bootstrap
2022-04-01,159.85572815,164.32374573,159.35928345,161.84152222,5795714,0,1,146.22108534,yahoo_bootstrap
2022-04-06,159.85572815,160.84863281,156.87705994,159.85572815,4041213,0,1,144.4269539,yahoo_bootstrap
2022-04-07,158.36639404,161.34507751,148.93391418,148.93391418,10035133,0,1,134.55927921,yahoo_bootstrap
2022-04-08,151.41615295,155.88417053,150.91969299,155.38771057,5256672,0,1,140.39017538,yahoo_bootstrap
2022-04-11,161.84152222,162.83441162,154.89126587,155.38771057,13243081,0,1,140.39017538,yahoo_bootstrap
2022-04-12,153.40193176,154.39482117,149.92680359,153.89837646,6916587,0,1,139.04458713,yahoo_bootstrap
2022-04-13,154.39482117,155.88417053,151.91259766,151.91259766,3917859,0,1,137.25046949,yahoo_bootstrap
2022-04-14,153.40193176,155.38771057,150.91969299,150.91969299,2825630,0,1,136.35339686,yahoo_bootstrap
2022-04-15,149.92680359,149.92680359,143.4730072,143.9694519,4840597,0,1,130.07397128,yahoo_bootstrap
2022-04-18,141.48721313,145.95523071,139.00498962,141.98365784,3947574,0,1,128.27983984,yahoo_bootstrap
2022-04-19,143.9694519,147.44458008,143.4730072,145.95523071,3537550,0,1,131.86808894,yahoo_bootstrap
2022-04-20,147.44458008,150.42324829,146.94813538,148.93391418,5009874,0,1,134.55927921,yahoo_bootstrap
2022-04-21,149.43035889,150.42324829,146.45167542,146.45167542,2901514,0,1,132.31661836,yahoo_bootstrap
2022-04-22,143.9694519,147.94102478,141.98365784,141.98365784,3507061,0,1,128.27983984,yahoo_bootstrap
2022-04-25,138.01210022,138.01210022,134.04052734,134.04052734,4064517,0,1,121.10335542,yahoo_bootstrap
2022-04-26,135.52986145,136.02630615,130.56539917,131.55828857,2608129,0,1,118.86069456,yahoo_bootstrap
2022-04-27,125.10448456,134.04052734,123.61515045,133.04762268,5217418,0,1,120.20628281,yahoo_bootstrap
2022-04-28,131.55828857,132.55117798,127.58672333,130.56539917,3469047,0,1,117.96363574,yahoo_bootstrap
2022-04-29,133.04762268,134.53697205,128.5796051,128.5796051,3243782,0,1,116.16950429,yahoo_bootstrap
2022-05-03,129.07606506,131.06184387,128.0831604,130.56539917,2292585,0,1,117.96363574,yahoo_bootstrap
2022-05-04,131.06184387,133.04762268,126.09738159,128.5796051,5581625,0,1,116.16950429,yahoo_bootstrap
2022-05-05,131.06184387,136.02630615,131.06184387,135.03341675,5644978,0,1,122.00041426,yahoo_bootstrap
2022-05-06,130.06895447,132.05473328,129.07606506,131.55828857,2753421,0,1,118.86069456,yahoo_bootstrap
2022-05-09,130.56539917,131.06184387,127.090271,127.58672333,2391148,0,1,115.27245236,yahoo_bootstrap
2022-05-10,122.62225342,128.0831604,121.62936401,128.0831604,2583152,0,1,115.72097488,yahoo_bootstrap
2022-05-11,127.090271,128.0831604,125.10448456,125.60093689,1699205,0,1,113.47832781,yahoo_bootstrap
2022-05-12,124.11159515,126.09738159,118.65068817,118.65068817,3660002,0,1,107.19889533,yahoo_bootstrap
2022-05-13,121.13291931,125.60093689,120.63646698,125.10448456,3023879,0,1,113.02979151,yahoo_bootstrap
2022-05-16,127.58672333,130.06895447,125.60093689,127.58672333,3274414,0,1,115.27245236,yahoo_bootstrap
2022-05-17,128.0831604,133.04762268,127.58672333,130.56539917,4514994,0,1,117.96363574,yahoo_bootstrap
2022-05-18,132.55117798,134.04052734,130.06895447,130.06895447,3264316,0,1,117.51510633,yahoo_bootstrap
2022-05-19,126.09738159,129.57250977,124.11159515,128.5796051,3332984,0,1,116.16950429,yahoo_bootstrap
2022-05-20,129.07606506,131.06184387,127.090271,129.57250977,1617555,0,1,117.06657691,yahoo_bootstrap
2022-05-23,130.56539917,133.04762268,130.06895447,131.06184387,2227343,0,1,118.41216515,yahoo_bootstrap
2022-05-24,131.55828857,132.55117798,126.09738159,126.09738159,1890812,0,1,113.92685722,yahoo_bootstrap
2022-05-25,126.59382629,131.06184387,126.09738159,130.56539917,1690773,0,1,117.96363574,yahoo_bootstrap
2022-05-26,130.56539917,131.55828857,128.5796051,128.5796051,1230314,0,1,116.16950429,yahoo_bootstrap
2022-05-27,131.55828857,132.55117798,129.07606506,129.57250977,2124099,0,1,117.06657691,yahoo_bootstrap
2022-05-30,133.54408264,137.01919556,132.55117798,134.53697205,4317737,0,1,121.55188484,yahoo_bootstrap
2022-05-31,135.03341675,135.52986145,133.54408264,135.52986145,1593751,0,1,122.44894367,yahoo_bootstrap
2022-06-01,135.52986145,136.52275085,133.04762268,134.04052734,1774724,0,1,121.10335542,yahoo_bootstrap
2022-06-02,133.04762268,135.03341675,133.04762268,134.53697205,1114709,0,1,121.55188484,yahoo_bootstrap
2022-06-06,136.02630615,137.01919556,133.54408264,135.03341675,1688096,0,1,122.00041426,yahoo_bootstrap
2022-06-07,135.03341675,136.02630615,134.04052734,135.52986145,796167,0,1,122.44894367,yahoo_bootstrap
2022-06-08,137.01919556,147.44458008,136.52275085,138.50854492,20483775,0,1,125.14013394,yahoo_bootstrap
2022-06-09,141.48721313,145.45878601,139.99787903,144.46589661,11860612,0,1,130.5225007,yahoo_bootstrap
2022-06-10,144.46589661,146.94813538,142.9765625,146.94813538,8557713,0,1,132.76516156,yahoo_bootstrap
2022-06-13,143.9694519,149.92680359,142.9765625,145.95523071,9768376,0,1,131.86808894,yahoo_bootstrap
2022-06-14,147.44458008,148.93391418,141.48721313,144.46589661,9825289,0,1,130.5225007,yahoo_bootstrap
2022-06-15,144.96234131,146.45167542,141.98365784,141.98365784,3349451,0,1,128.27983984,yahoo_bootstrap
2022-06-16,144.96234131,145.95523071,137.01919556,137.01919556,4090889,0,1,123.79453191,yahoo_bootstrap
2022-06-17,137.01919556,142.4801178,135.03341675,141.48721313,4479884,0,1,127.83131042,yahoo_bootstrap
2022-06-20,141.48721313,141.98365784,132.05473328,132.55117798,4770702,0,1,119.7577534,yahoo_bootstrap
2022-06-21,135.03341675,135.52986145,131.55828857,135.03341675,1909721,0,1,122.00041426,yahoo_bootstrap
2022-06-22,136.52275085,138.50854492,126.59382629,126.59382629,3505626,0,1,114.37538664,yahoo_bootstrap
2022-06-23,129.07606506,129.57250977,122.12580872,123.61515045,3472629,0,1,111.68420326,yahoo_bootstrap
2022-06-24,121.62936401,125.60093689,120.63646698,122.62225342,3129692,2.962735,1,113.50762124,yahoo_bootstrap
2022-06-27,125.10448456,130.06895447,125.10448456,129.07606506,2853664,0,1,119.48171475,yahoo_bootstrap
2022-06-28,131.06184387,131.06184387,125.60093689,127.58672333,2777844,0,1,118.10307724,yahoo_bootstrap
2022-06-29,126.09738159,131.06184387,124.60803986,130.06895447,2183767,0,1,120.40080171,yahoo_bootstrap
2022-06-30,129.57250977,129.57250977,125.60093689,126.59382629,2334395,0,1,117.18398321,yahoo_bootstrap
2022-07-01,127.58672333,130.06895447,119.14713287,119.64357758,4860180,0,1,110.7503533,yahoo_bootstrap
2022-07-04,120.63646698,122.62225342,117.65779114,119.14713287,2901105,0,1,110.29080981,yahoo_bootstrap
2022-07-05,122.62225342,123.11870575,113.18977356,121.62936401,3527500,0,1,112.58853428,yahoo_bootstrap
2022-07-06,120.14002228,122.12580872,114.18267059,114.18267059,3133305,0,1,105.69536087,yahoo_bootstrap
2022-07-07,115.17556,120.14002228,109.71465302,119.14713287,5669542,0,1,110.29080981,yahoo_bootstrap
2022-07-08,120.63646698,124.11159515,119.64357758,121.13291931,4430255,0,1,112.1289908,yahoo_bootstrap
2022-07-11,120.14002228,121.13291931,117.16134644,117.65779114,2297952,0,1,108.91217231,yahoo_bootstrap
2022-07-12,116.1684494,116.1684494,106.73596954,107.23241425,4349889,0,1,99.26172389,yahoo_bootstrap
2022-07-13,110.70754242,113.68621826,110.21109772,110.70754242,2973792,0,1,102.47854238,yahoo_bootstrap
2022-07-14,109.21820068,112.69332886,108.22531128,111.70043182,2832148,0,1,103.39762934,yahoo_bootstrap
2022-07-15,112.19688416,113.18977356,110.70754242,112.69332886,2912649,0,1,104.31672337,yahoo_bootstrap
2022-07-18,113.18977356,114.18267059,112.19688416,113.18977356,1738959,0,1,104.77626685,yahoo_bootstrap
2022-07-19,113.18977356,114.18267059,111.20398712,112.19688416,1761696,0,1,103.85717989,yahoo_bootstrap
2022-07-20,114.6791153,116.1684494,112.69332886,114.6791153,2753141,0,1,106.15490436,yahoo_bootstrap
2022-07-21,116.1684494,121.13291931,115.17556,121.13291931,3736552,0,1,112.1289908,yahoo_bootstrap
2022-07-22,124.11159515,125.60093689,119.64357758,121.13291931,7261220,0,1,112.1289908,yahoo_bootstrap
2022-07-25,120.63646698,121.13291931,118.15423584,121.13291931,1556184,0,1,112.1289908,yahoo_bootstrap
2022-07-26,121.13291931,121.13291931,116.1684494,117.16134644,2193068,0,1,108.45262883,yahoo_bootstrap
2022-07-27,117.16134644,120.14002228,115.6720047,119.14713287,1621791,0,1,110.29080981,yahoo_bootstrap
2022-07-28,120.63646698,121.13291931,116.66490173,116.66490173,1889267,0,1,107.99308534,yahoo_bootstrap
2022-07-29,116.66490173,121.13291931,116.66490173,120.63646698,1795116,0,1,111.66944025,yahoo_bootstrap
2022-08-01,120.14002228,121.13291931,118.65068817,120.14002228,1364404,0,1,111.20989678,yahoo_bootstrap
2022-08-02,118.65068817,121.13291931,116.66490173,119.14713287,2127221,0,1,110.29080981,yahoo_bootstrap
2022-08-03,119.64357758,122.62225342,117.16134644,118.65068817,2952485,0,1,109.83126633,yahoo_bootstrap
2022-08-04,117.16134644,118.15423584,111.70043182,116.66490173,2791459,0,1,107.99308534,yahoo_bootstrap
2022-08-05,116.66490173,118.65068817,116.66490173,117.16134644,2006514,0,1,108.45262883,yahoo_bootstrap
2022-08-08,116.66490173,118.15423584,114.18267059,118.15423584,2036079,0,1,109.37171579,yahoo_bootstrap
2022-08-09,116.66490173,116.66490173,112.69332886,116.1684494,4555718,0,1,107.5335348,yahoo_bootstrap
2022-08-10,115.17556,118.15423584,114.18267059,116.66490173,1791702,0,1,107.99308534,yahoo_bootstrap
2022-08-11,119.14713287,120.63646698,116.66490173,117.16134644,1483487,0,1,108.45262883,yahoo_bootstrap
2022-08-12,118.15423584,121.13291931,117.65779114,120.63646698,1884649,0,1,111.66944025,yahoo_bootstrap
2022-08-15,122.12580872,124.60803986,120.63646698,122.12580872,3159116,0,1,113.04807776,yahoo_bootstrap
2022-08-16,122.12580872,122.12580872,119.64357758,119.64357758,1349106,0,1,110.7503533,yahoo_bootstrap
2022-08-17,120.14002228,121.62936401,118.65068817,119.14713287,1158596,0,1,110.29080981,yahoo_bootstrap
2022-08-18,119.14713287,119.64357758,116.1684494,119.64357758,2077777,0,1,110.7503533,yahoo_bootstrap
2022-08-19,119.64357758,122.62225342,119.14713287,121.13291931,1905678,0,1,112.1289908,yahoo_bootstrap
2022-08-22,122.12580872,131.55828857,120.63646698,126.59382629,10472430,0,1,117.18398321,yahoo_bootstrap
2022-08-23,126.59382629,131.06184387,126.59382629,128.5796051,14709510,0,1,119.02215714,yahoo_bootstrap
2022-08-24,130.56539917,131.55828857,127.090271,128.0831604,5816257,0,1,118.56261366,yahoo_bootstrap
2022-08-25,129.57250977,130.06895447,127.58672333,129.57250977,3550484,0,1,119.94125823,yahoo_bootstrap
2022-08-26,132.55117798,137.51564026,130.06895447,131.06184387,10010889,0,1,121.31988867,yahoo_bootstrap
2022-08-29,127.090271,127.090271,124.11159515,126.09738159,3609150,0,1,116.72443973,yahoo_bootstrap
2022-08-30,127.090271,128.5796051,126.09738159,128.0831604,2133782,0,1,118.56261366,yahoo_bootstrap
2022-08-31,129.07606506,133.04762268,128.5796051,132.55117798,6444521,0,1,122.69851912,yahoo_bootstrap
2022-09-01,130.06895447,131.06184387,127.090271,127.090271,3639341,0,1,117.6435267,yahoo_bootstrap
2022-09-02,128.5796051,129.57250977,127.090271,128.5796051,1829333,0,1,119.02215714,yahoo_bootstrap
2022-09-05,128.5796051,129.07606506,124.60803986,125.60093689,2072168,0,1,116.26489626,yahoo_bootstrap
2022-09-06,126.59382629,127.090271,120.14002228,121.13291931,2563247,0,1,112.1289908,yahoo_bootstrap
2022-09-07,120.63646698,122.12580872,118.15423584,119.14713287,1781910,0,1,110.29080981,yahoo_bootstrap
2022-09-08,122.12580872,122.12580872,120.14002228,122.12580872,911329,0,1,113.04807776,yahoo_bootstrap
2022-09-12,122.12580872,123.11870575,121.13291931,121.62936401,1411129,0,1,112.58853428,yahoo_bootstrap
2022-09-13,122.62225342,123.61515045,120.14002228,120.14002228,1287463,0,1,111.20989678,yahoo_bootstrap
2022-09-14,117.65779114,119.14713287,116.66490173,118.65068817,1046509,0,1,109.83126633,yahoo_bootstrap
2022-09-15,119.64357758,120.14002228,117.16134644,117.16134644,1322856,0,1,108.45262883,yahoo_bootstrap
2022-09-16,116.66490173,118.15423584,114.18267059,114.18267059,1537452,0,1,105.69536087,yahoo_bootstrap
2022-09-19,114.18267059,114.6791153,110.21109772,111.20398712,1636347,0,1,102.93808586,yahoo_bootstrap
2022-09-20,112.19688416,112.69332886,110.70754242,112.19688416,935164,0,1,103.85717989,yahoo_bootstrap
2022-09-21,112.19688416,114.18267059,111.20398712,113.18977356,1009427,0,1,104.77626685,yahoo_bootstrap
2022-09-22,112.69332886,116.66490173,111.20398712,116.66490173,1395328,0,1,107.99308534,yahoo_bootstrap
2022-09-23,116.1684494,117.16134644,112.19688416,113.18977356,1560635,0,1,104.77626685,yahoo_bootstrap
2022-09-26,112.19688416,112.19688416,102.26795197,103.7572937,3247953,0,1,96.04491245,yahoo_bootstrap
2022-09-27,104.2537384,104.75018311,97.40277863,100.77861786,4406002,0,1,93.28764451,yahoo_bootstrap
2022-09-28,101.27506256,101.77150726,93.92765808,94.02694702,3269149,0,1,87.03783197,yahoo_bootstrap
2022-09-29,95.81414795,96.80704498,92.43831635,92.63689423,3363202,0,1,85.75110317,yahoo_bootstrap
2022-09-30,90.84968567,94.82125854,89.06247711,94.42410278,2707422,0,1,87.40546675,yahoo_bootstrap
2022-10-03,93.33191681,96.80704498,92.83547211,95.41699219,1331973,0,1,88.32455372,yahoo_bootstrap
2022-10-04,97.20420074,98.29638672,95.71485901,98.29638672,1535647,0,1,90.98992004,yahoo_bootstrap
2022-10-05,99.78572083,100.77861786,97.1049118,97.40277863,1789992,0,1,90.16273471,yahoo_bootstrap
2022-10-06,98.19709778,98.59425354,97.30348969,98.29638672,560997,0,1,90.98992004,yahoo_bootstrap
2022-10-07,97.60135651,98.59425354,95.41699219,95.41699219,1071063,0,1,88.32455372,yahoo_bootstrap
2022-10-11,92.3390274,92.63689423,89.36035156,89.85679626,1823177,0,1,83.1776526,yahoo_bootstrap
2022-10-12,89.65821838,91.04826355,88.86389923,89.95608521,1574543,0,1,83.26956131,yahoo_bootstrap
2022-10-13,90.15466309,90.35324097,81.21862793,82.60868073,3378244,0,1,76.4682966,yahoo_bootstrap
2022-10-14,84.09801483,87.97029877,84.09801483,86.77882385,2139707,0,1,80.32846889,yahoo_bootstrap
2022-10-17,86.48095703,88.16887665,83.99872589,87.97029877,3286184,0,1,81.43138032,yahoo_bootstrap
2022-10-18,89.4596405,90.84968567,87.27527618,88.56603241,2102078,0,1,81.98283249,yahoo_bootstrap
2022-10-19,88.56603241,89.65821838,87.17598724,87.17598724,1106929,0,1,80.69611074,yahoo_bootstrap
2022-10-20,86.18309021,86.87811279,84.89233398,86.28237915,1128105,0,1,79.86892541,yahoo_bootstrap
2022-10-21,85.58735657,87.27527618,85.48806763,85.88522339,953902,0,1,79.50129063,yahoo_bootstrap
2022-10-24,88.36745453,90.05537415,86.38166809,86.38166809,1991151,0,1,79.96083411,yahoo_bootstrap
2022-10-25,87.37456512,88.06958771,85.98451233,86.28237915,978395,0,1,79.86892541,yahoo_bootstrap
2022-10-26,85.98451233,86.38166809,82.90654755,82.90654755,1505813,0,1,76.74402268,yahoo_bootstrap
2022-10-27,83.00583649,86.87811279,83.00583649,86.67953491,1420667,0,1,80.2365602,yahoo_bootstrap
2022-10-28,85.88522339,87.37456512,84.29659271,84.29659271,862343,0,1,78.03074443,yahoo_bootstrap
2022-10-31,85.48806763,87.0766983,85.28948975,86.87811279,794942,0,1,80.42037759,yahoo_bootstrap
2022-11-01,87.57314301,88.46674347,87.17598724,88.36745453,1108206,0,1,81.7990151,yahoo_bootstrap
2022-11-02,88.76461029,92.3390274,88.56603241,90.35324097,3542834,0,1,83.63719609,yahoo_bootstrap
2022-11-03,88.96318817,91.04826355,88.76461029,90.65110779,1219974,0,1,83.91292218,yahoo_bootstrap
2022-11-04,90.75039673,92.63689423,90.15466309,91.74329376,1892579,0,1,84.92392489,yahoo_bootstrap
2022-11-07,92.14044952,92.53760529,89.95608521,90.94897461,1554209,0,1,84.18864826,yahoo_bootstrap
2022-11-08,91.64399719,92.83547211,90.05537415,90.05537415,1373073,0,1,83.36147,yahoo_bootstrap
2022-11-09,90.15466309,91.94187164,90.15466309,91.34613037,1321159,0,1,84.55628305,yahoo_bootstrap
2022-11-10,90.75039673,91.8425827,90.45252991,90.75039673,695986,0,1,84.00483087,yahoo_bootstrap
2022-11-11,93.03404999,93.72907257,90.65110779,90.65110779,1438468,0,1,83.91292218,yahoo_bootstrap
2022-11-14,91.34613037,98.29638672,91.24684143,97.1049118,4378205,0,1,89.88700861,yahoo_bootstrap
2022-11-15,97.50206757,101.27506256,96.70775604,98.9914093,6037634,0,1,91.63328091,yahoo_bootstrap
2022-11-16,98.79283142,99.28927612,97.00562286,97.40277863,2176231,0,1,90.16273471,yahoo_bootstrap
2022-11-17,98.29638672,100.28216553,98.29638672,98.79283142,2696121,0,1,91.44946352,yahoo_bootstrap
2022-11-18,99.28927612,100.28216553,95.61557007,95.71485901,1917155,0,1,88.60027981,yahoo_bootstrap
2022-11-21,95.51628113,96.50917816,94.92054749,94.92054749,821319,0,1,87.86501024,yahoo_bootstrap
2022-11-22,95.01983643,95.21841431,93.13333893,93.13333893,1012506,0,1,86.21064665,yahoo_bootstrap
2022-11-23,94.2255249,95.81414795,94.12623596,94.12623596,1016779,0,1,87.12974067,yahoo_bootstrap
2022-11-24,95.11912537,97.1049118,94.7219696,96.90633392,1704566,0,1,89.70319122,yahoo_bootstrap
2022-11-25,97.70064545,99.78572083,97.30348969,99.28927612,4108397,0,1,91.909007,yahoo_bootstrap
2022-11-28,99.28927612,102.76439667,98.19709778,100.77861786,3164725,0,1,93.28764451,yahoo_bootstrap
2022-11-29,102.26795197,108.22531128,102.26795197,102.26795197,10965292,0,1,94.66627495,yahoo_bootstrap
2022-11-30,102.26795197,103.260849,100.77861786,101.77150726,3121384,0,1,94.20673146,yahoo_bootstrap
2022-12-01,103.7572937,104.75018311,102.26795197,103.7572937,2869562,0,1,96.04491245,yahoo_bootstrap
2022-12-02,103.7572937,105.24663544,103.260849,104.75018311,1939993,0,1,96.96399942,yahoo_bootstrap
2022-12-05,105.74308014,106.23952484,102.76439667,102.76439667,2184833,0,1,95.12581843,yahoo_bootstrap
2022-12-06,103.260849,103.7572937,100.28216553,100.28216553,1533456,0,1,92.82809396,yahoo_bootstrap
2022-12-07,100.28216553,101.77150726,99.28927612,99.28927612,1456691,0,1,91.909007,yahoo_bootstrap
2022-12-08,100.28216553,101.77150726,99.18998718,101.27506256,1023516,0,1,93.74718799,yahoo_bootstrap
2022-12-09,101.77150726,102.26795197,99.28927612,99.28927612,1212216,0,1,91.909007,yahoo_bootstrap
2022-12-12,99.28927612,100.77861786,98.79283142,99.78572083,860213,0,1,92.36855048,yahoo_bootstrap
2022-12-13,100.28216553,101.27506256,99.28927612,99.28927612,482437,0,1,91.909007,yahoo_bootstrap
2022-12-14,99.78572083,100.77861786,99.28927612,100.77861786,623636,0,1,93.28764451,yahoo_bootstrap
2022-12-15,100.28216553,101.77150726,100.28216553,101.77150726,801859,0,1,94.20673146,yahoo_bootstrap
2022-12-16,100.28216553,101.77150726,99.28927612,99.78572083,1101045,0,1,92.36855048,yahoo_bootstrap
2022-12-19,99.78572083,100.28216553,96.90633392,97.00562286,829582,0,1,89.79509992,yahoo_bootstrap
2022-12-20,97.00562286,105.74308014,95.61557007,96.80704498,4198142,0,1,89.61128253,yahoo_bootstrap
2022-12-21,97.79993439,98.69354248,95.21841431,95.31770325,1823449,0,1,88.23264503,yahoo_bootstrap
2022-12-22,96.70775604,97.30348969,95.21841431,95.31770325,1001984,0,1,88.23264503,yahoo_bootstrap
2022-12-23,94.2255249,94.92054749,93.33191681,94.2255249,794676,0,1,87.22164936,yahoo_bootstrap
2022-12-26,94.62268066,95.81414795,94.42410278,94.42410278,406162,0,1,87.40546675,yahoo_bootstrap
2022-12-27,94.62268066,95.61557007,93.92765808,93.92765808,421143,0,1,86.94592328,yahoo_bootstrap
2022-12-28,93.72907257,93.72907257,90.55181885,90.55181885,1016748,0,1,83.82101348,yahoo_bootstrap
2022-12-29,89.95608521,91.04826355,89.85679626,90.75039673,455255,0,1,84.00483087,yahoo_bootstrap
2022-12-30,92.23973846,93.33191681,90.84968567,90.84968567,482672,0,1,84.09673957,yahoo_bootstrap
2023-01-03,90.84968567,92.14044952,90.25395203,92.04116058,299374,0,1,85.19965098,yahoo_bootstrap
2023-01-04,91.54470825,92.63689423,91.44541931,91.64399719,294953,0,1,84.83200914,yahoo_bootstrap
2023-01-05,91.94187164,93.82836914,91.8425827,92.04116058,418396,0,1,85.19965098,yahoo_bootstrap
2023-01-06,92.14044952,92.83547211,91.74329376,92.63689423,260478,0,1,85.75110317,yahoo_bootstrap
2023-01-09,93.23262787,94.62268066,93.23262787,94.42410278,551220,0,1,87.40546675,yahoo_bootstrap
2023-01-10,94.62268066,95.31770325,93.62978363,93.72907257,528958,0,1,86.76209882,yahoo_bootstrap
2023-01-11,94.42410278,94.7219696,92.83547211,93.62978363,276023,0,1,86.67019012,yahoo_bootstrap
2023-01-12,94.02694702,94.82125854,93.23262787,93.33191681,290191,0,1,86.39446404,yahoo_bootstrap
2023-01-13,93.82836914,94.32481384,91.34613037,91.34613037,482601,0,1,84.55628305,yahoo_bootstrap
2023-01-16,91.64399719,91.64399719,90.75039673,90.84968567,311484,0,1,84.09673957,yahoo_bootstrap
2023-01-17,90.94897461,91.34613037,90.75039673,90.94897461,269921,0,1,84.18864826,yahoo_bootstrap
2023-01-30,93.33191681,96.1120224,92.53760529,95.61557007,1301715,0,1,88.50837111,yahoo_bootstrap
2023-01-31,95.71485901,97.30348969,95.31770325,97.30348969,925001,0,1,90.07082602,yahoo_bootstrap
2023-02-01,97.70064545,98.29638672,97.00562286,97.99851227,684129,0,1,90.71418689,yahoo_bootstrap
2023-02-02,98.79283142,100.28216553,98.29638672,99.78572083,1210767,0,1,92.36855048,yahoo_bootstrap
2023-02-03,99.78572083,100.28216553,98.39567566,98.39567566,681020,0,1,91.08182873,yahoo_bootstrap
2023-02-06,98.39567566,99.78572083,97.99851227,97.99851227,484396,0,1,90.71418689,yahoo_bootstrap
2023-02-07,98.79283142,104.75018311,98.79283142,102.26795197,4540539,0,1,94.66627495,yahoo_bootstrap
2023-02-08,103.7572937,105.24663544,101.77150726,101.77150726,3059887,0,1,94.20673146,yahoo_bootstrap
2023-02-09,101.27506256,101.77150726,100.28216553,100.77861786,911498,0,1,93.28764451,yahoo_bootstrap
2023-02-10,102.26795197,106.23952484,101.27506256,101.77150726,3827375,0,1,94.20673146,yahoo_bootstrap
2023-02-13,101.27506256,101.77150726,98.79283142,99.09069824,1592677,0,1,91.7251896,yahoo_bootstrap
2023-02-14,99.78572083,101.27506256,99.28927612,99.78572083,723379,0,1,92.36855048,yahoo_bootstrap
2023-02-15,101.27506256,104.2537384,100.77861786,101.77150726,3316892,0,1,94.20673146,yahoo_bootstrap
2023-02-16,102.76439667,104.2537384,102.26795197,104.2537384,2204839,0,1,96.50445593,yahoo_bootstrap
2023-02-17,103.7572937,105.24663544,102.76439667,104.75018311,1708392,0,1,96.96399942,yahoo_bootstrap
2023-02-20,105.24663544,105.74308014,103.7572937,104.75018311,1517157,0,1,96.96399942,yahoo_bootstrap
2023-02-21,105.74308014,107.23241425,103.260849,103.260849,2065975,0,1,95.58536897,yahoo_bootstrap
2023-02-22,101.77150726,102.76439667,100.28216553,101.27506256,1179443,0,1,93.74718799,yahoo_bootstrap
2023-02-23,101.27506256,102.76439667,101.27506256,102.26795197,603526,0,1,94.66627495,yahoo_bootstrap
2023-02-24,103.260849,103.260849,100.77861786,100.77861786,846185,0,1,93.28764451,yahoo_bootstrap
2023-03-01,100.77861786,101.27506256,99.78572083,100.77861786,775331,0,1,93.28764451,yahoo_bootstrap
2023-03-02,100.77861786,102.26795197,100.77861786,101.27506256,694064,0,1,93.74718799,yahoo_bootstrap
2023-03-03,101.77150726,102.26795197,100.77861786,101.27506256,531039,0,1,93.74718799,yahoo_bootstrap
2023-03-06,102.26795197,104.2537384,102.26795197,103.7572937,990709,0,1,96.04491245,yahoo_bootstrap
2023-03-07,104.2537384,104.2537384,102.76439667,104.2537384,1069816,0,1,96.50445593,yahoo_bootstrap
2023-03-08,103.260849,104.2537384,102.76439667,103.7572937,867494,0,1,96.04491245,yahoo_bootstrap
2023-03-09,104.2537384,104.2537384,100.77861786,100.77861786,1116973,0,1,93.28764451,yahoo_bootstrap
2023-03-10,99.78572083,100.28216553,98.29638672,98.29638672,1307340,0,1,90.98992004,yahoo_bootstrap
2023-03-13,97.30348969,98.09780121,94.32481384,96.50917816,900551,0,1,89.33555644,yahoo_bootstrap
2023-03-14,96.6084671,97.1049118,94.32481384,94.62268066,981133,0,1,87.58928415,yahoo_bootstrap
2023-03-15,96.1120224,96.1120224,93.92765808,93.92765808,698259,0,1,86.94592328,yahoo_bootstrap
2023-03-16,93.33191681,93.82836914,91.8425827,92.04116058,755381,0,1,85.19965098,yahoo_bootstrap
2023-03-17,93.82836914,94.2255249,92.53760529,94.02694702,543421,0,1,87.03783197,yahoo_bootstrap
2023-03-20,95.01983643,96.01273346,94.62268066,95.91343689,630087,0,1,88.7840972,yahoo_bootstrap
2023-03-21,96.40988922,100.28216553,96.01273346,99.78572083,1361154,0,1,92.36855048,yahoo_bootstrap
2023-03-22,101.27506256,102.26795197,99.78572083,100.77861786,2341230,0,1,93.28764451,yahoo_bootstrap
2023-03-23,100.77861786,101.77150726,99.78572083,100.77861786,990877,0,1,93.28764451,yahoo_bootstrap
2023-03-24,101.77150726,103.260849,100.77861786,101.27506256,1928980,0,1,93.74718799,yahoo_bootstrap
2023-03-27,100.77861786,100.77861786,99.28927612,99.28927612,821550,0,1,91.909007,yahoo_bootstrap
2023-03-28,99.28927612,99.28927612,97.50206757,97.60135651,633705,0,1,90.3465521,yahoo_bootstrap
2023-03-29,97.79993439,98.69354248,96.50917816,96.80704498,428145,0,1,89.61128253,yahoo_bootstrap
2023-03-30,98.09780121,98.09780121,96.90633392,97.60135651,353939,0,1,90.3465521,yahoo_bootstrap
2023-03-31,98.09780121,98.39567566,97.30348969,97.30348969,325394,0,1,90.07082602,yahoo_bootstrap
2023-04-06,97.50206757,98.29638672,96.50917816,97.70064545,283026,0,1,90.4384608,yahoo_bootstrap
2023-04-07,97.70064545,98.39567566,97.60135651,97.70064545,276347,0,1,90.4384608,yahoo_bootstrap
2023-04-10,97.70064545,98.19709778,97.40277863,97.99851227,310708,0,1,90.71418689,yahoo_bootstrap
2023-04-11,97.99851227,99.78572083,97.99851227,99.28927612,772918,0,1,91.909007,yahoo_bootstrap
2023-04-12,98.59425354,98.79283142,97.89922333,98.19709778,572345,0,1,90.89801134,yahoo_bootstrap
2023-04-13,98.29638672,98.29638672,96.80704498,97.00562286,474694,0,1,89.79509992,yahoo_bootstrap
2023-04-14,97.99851227,99.28927612,97.30348969,99.18998718,907329,0,1,91.8170983,yahoo_bootstrap
2023-04-17,99.28927612,100.28216553,98.39567566,99.28927612,948095,0,1,91.909007,yahoo_bootstrap
2023-04-18,100.77861786,101.27506256,98.29638672,98.29638672,1098045,0,1,90.98992004,yahoo_bootstrap
2023-04-19,98.59425354,98.89212036,96.80704498,96.80704498,592467,0,1,89.61128253,yahoo_bootstrap
2023-04-20,96.80704498,96.80704498,94.42410278,94.62268066,893601,0,1,87.58928415,yahoo_bootstrap
2023-04-21,94.32481384,95.31770325,92.43831635,92.73618317,628111,0,1,85.84301186,yahoo_bootstrap
2023-04-24,92.04116058,95.01983643,92.04116058,94.12623596,274094,0,1,87.12974067,yahoo_bootstrap
2023-04-25,94.7219696,94.7219696,91.34613037,91.54470825,574371,0,1,84.74010044,yahoo_bootstrap
2023-04-26,91.34613037,92.53760529,90.65110779,92.14044952,434341,0,1,85.29155968,yahoo_bootstrap
2023-04-27,91.8425827,92.43831635,91.34613037,91.94187164,206569,0,1,85.10774229,yahoo_bootstrap
2023-04-28,93.72907257,93.72907257,92.43831635,92.63689423,197849,0,1,85.75110317,yahoo_bootstrap
2023-05-02,92.83547211,92.93476105,92.23973846,92.93476105,263024,0,1,86.02682925,yahoo_bootstrap
2023-05-03,92.63689423,92.63689423,91.34613037,91.64399719,271451,0,1,84.83200914,yahoo_bootstrap
2023-05-04,91.44541931,92.53760529,91.44541931,91.8425827,229755,0,1,85.01583359,yahoo_bootstrap
2023-05-05,91.94187164,92.63689423,91.94187164,92.23973846,159157,0,1,85.38346837,yahoo_bootstrap
2023-05-08,92.3390274,92.53760529,90.35324097,90.45252991,861676,0,1,83.72910479,yahoo_bootstrap
2023-05-09,90.05537415,90.05537415,85.98451233,86.58024597,1580188,0,1,80.1446515,yahoo_bootstrap
2023-05-10,86.38166809,88.06958771,84.79303741,87.77172089,797230,0,1,81.24756292,yahoo_bootstrap
2023-05-11,88.16887665,88.16887665,85.38877869,85.48806763,563387,0,1,79.13365585,yahoo_bootstrap
2023-05-12,85.48806763,86.18309021,83.89943695,85.98451233,370736,0,1,79.59319933,yahoo_bootstrap
2023-05-15,85.98451233,85.98451233,84.79303741,84.89233398,328074,0,1,78.58220366,yahoo_bootstrap
2023-05-16,85.09091187,87.0766983,85.09091187,86.67953491,281542,0,1,80.2365602,yahoo_bootstrap
2023-05-17,86.67953491,88.86389923,86.67953491,88.36745453,627509,0,1,81.7990151,yahoo_bootstrap
2023-05-18,90.84968567,90.84968567,88.86389923,88.86389923,778827,0,1,82.25855858,yahoo_bootstrap
2023-05-19,89.85679626,90.25395203,87.67243195,88.06958771,408906,0,1,81.52328901,yahoo_bootstrap
2023-05-22,87.57314301,88.46674347,87.57314301,87.97029877,472400,0,1,81.43138032,yahoo_bootstrap
2023-05-23,88.36745453,89.26106262,87.87100983,87.87100983,431433,0,1,81.33947162,yahoo_bootstrap
2023-05-24,87.87100983,89.65821838,87.67243195,89.65821838,529036,0,1,82.99383521,yahoo_bootstrap
2023-05-25,89.65821838,89.65821838,88.16887665,88.46674347,290968,0,1,81.8909238,yahoo_bootstrap
2023-05-26,89.36035156,89.36035156,86.87811279,87.0766983,521438,0,1,80.60420204,yahoo_bootstrap
2023-05-29,87.57314301,88.76461029,87.37456512,88.16887665,350845,0,1,81.61519771,yahoo_bootstrap
2023-05-30,88.86389923,88.86389923,87.67243195,87.77172089,201481,0,1,81.24756292,yahoo_bootstrap
2023-05-31,88.46674347,89.26106262,87.37456512,88.56603241,365626,0,1,81.98283249,yahoo_bootstrap
2023-06-01,89.26106262,93.62978363,88.86389923,92.04116058,1836334,0,1,85.19965098,yahoo_bootstrap
2023-06-02,91.8425827,92.04116058,90.75039673,91.04826355,714276,0,1,84.28055696,yahoo_bootstrap
2023-06-05,91.24684143,91.64399719,90.84968567,91.24684143,410226,0,1,84.46437435,yahoo_bootstrap
2023-06-06,91.44541931,91.44541931,89.85679626,90.25395203,348795,0,1,83.54528739,yahoo_bootstrap
2023-06-07,90.15466309,95.01983643,90.15466309,94.42410278,2267937,0,1,87.40546675,yahoo_bootstrap
2023-06-08,94.52339172,96.50917816,94.32481384,95.11912537,2918200,0,1,88.04882763,yahoo_bootstrap
2023-06-09,95.11912537,95.51628113,94.32481384,95.11912537,943466,0,1,88.04882763,yahoo_bootstrap
2023-06-12,94.32481384,96.21131134,93.92765808,95.51628113,1179574,0,1,88.41646242,yahoo_bootstrap
2023-06-13,96.31060028,96.50917816,94.32481384,94.7219696,1205570,0,1,87.68119284,yahoo_bootstrap
2023-06-14,94.7219696,95.71485901,94.2255249,94.32481384,587440,0,1,87.31355806,yahoo_bootstrap
2023-06-15,94.32481384,94.32481384,93.03404999,93.03404999,663919,0,1,86.11873795,yahoo_bootstrap
2023-06-16,93.13333893,93.23262787,91.94187164,92.14044952,584512,0,1,85.29155968,yahoo_bootstrap
2023-06-19,92.14044952,92.83547211,91.64399719,92.23973846,194540,0,1,85.38346837,yahoo_bootstrap
2023-06-20,91.8425827,92.3390274,91.54470825,91.54470825,248365,0,1,84.74010044,yahoo_bootstrap
2023-06-21,91.94187164,92.3390274,90.94897461,91.24684143,325447,0,1,84.46437435,yahoo_bootstrap
2023-06-26,91.24684143,91.24684143,89.65821838,89.65821838,374707,0,1,82.99383521,yahoo_bootstrap
2023-06-27,89.65821838,90.75039673,89.06247711,89.36035156,269213,0,1,82.71810912,yahoo_bootstrap
2023-06-28,89.95608521,90.45252991,89.65821838,89.75750732,205977,0,1,83.08574391,yahoo_bootstrap
2023-06-29,90.55181885,92.04116058,90.55181885,91.14755249,255928,0,1,84.37246566,yahoo_bootstrap
2023-06-30,91.14755249,91.14755249,89.4596405,89.85679626,277069,0,1,83.1776526,yahoo_bootstrap
2023-07-03,90.45252991,91.54470825,89.85679626,91.34613037,402715,0,1,84.55628305,yahoo_bootstrap
2023-07-04,92.23973846,92.23973846,90.84968567,90.94897461,345455,0,1,84.18864826,yahoo_bootstrap
2023-07-05,91.04826355,92.73618317,91.04826355,92.14044952,490496,0,1,85.29155968,yahoo_bootstrap
2023-07-06,92.23973846,93.03404999,91.54470825,91.8425827,392020,0,1,85.01583359,yahoo_bootstrap
2023-07-07,91.8425827,91.8425827,89.85679626,90.35324097,279249,0,1,83.63719609,yahoo_bootstrap
2023-07-10,89.36035156,90.15466309,87.67243195,87.97029877,567127,0,1,81.43138032,yahoo_bootstrap
2023-07-11,88.26816559,88.66532135,87.87100983,87.97029877,368847,0,1,81.43138032,yahoo_bootstrap
2023-07-12,87.97029877,88.56603241,87.37456512,87.37456512,306713,0,1,80.87992813,yahoo_bootstrap
2023-07-13,88.46674347,88.46674347,86.28237915,86.38166809,572132,0,1,79.96083411,yahoo_bootstrap
2023-07-14,87.37456512,87.77172089,86.48095703,86.97740936,319628,0,1,80.51229335,yahoo_bootstrap
2023-07-17,87.0766983,88.46674347,86.48095703,87.87100983,350776,0,1,81.33947162,yahoo_bootstrap
2023-07-18,87.87100983,87.97029877,86.38166809,86.67953491,350624,0,1,80.2365602,yahoo_bootstrap
2023-07-19,86.77882385,87.87100983,86.18309021,86.18309021,319991,0,1,79.77701672,yahoo_bootstrap
2023-07-20,86.48095703,87.47385406,85.98451233,86.08380127,334214,0,1,79.68510802,yahoo_bootstrap
2023-07-21,86.08380127,86.87811279,85.38877869,85.78593445,393896,0,1,79.40938194,yahoo_bootstrap
2023-07-24,85.48806763,85.58735657,84.39588165,84.49517059,502634,0,1,78.21456182,yahoo_bootstrap
2023-07-25,85.38877869,85.48806763,84.59445953,84.89233398,302308,0,1,78.58220366,yahoo_bootstrap
2023-07-26,85.48806763,85.98451233,84.89233398,84.99162292,349864,0,1,78.67411236,yahoo_bootstrap
2023-07-27,84.99162292,85.78593445,84.99162292,85.28948975,299622,0,1,78.94983846,yahoo_bootstrap
2023-07-28,85.28948975,85.28948975,84.59445953,84.59445953,392924,0,1,78.30647051,yahoo_bootstrap
2023-07-31,85.28948975,85.28948975,83.40299225,83.60157013,812148,0,1,77.38738355,yahoo_bootstrap
2023-08-01,81.21862793,86.77882385,81.21862793,82.11222839,1023282,2.962735,1,78.80136789,yahoo_bootstrap
2023-08-02,82.11222839,82.60868073,81.31791687,82.11222839,390146,0,1,78.80136789,yahoo_bootstrap
2023-08-04,81.61578369,81.91365051,81.11933899,81.71507263,247777,0,1,78.42022591,yahoo_bootstrap
2023-08-07,81.61578369,81.61578369,80.42431641,80.62289429,261267,0,1,77.37208547,yahoo_bootstrap
2023-08-08,81.21862793,81.21862793,79.03426361,79.13355255,518800,0,1,75.94279572,yahoo_bootstrap
2023-08-09,79.13355255,79.13355255,76.05558777,76.15487671,1005362,0,1,73.08422355,yahoo_bootstrap
2023-08-10,76.15487671,76.15487671,73.47406769,73.97051239,784630,0,1,70.98793534,yahoo_bootstrap
2023-08-11,74.56624603,75.26126862,73.97051239,74.56624603,271126,0,1,71.55964831,yahoo_bootstrap
2023-08-14,74.46695709,74.56624603,70.99182892,71.09111786,534219,0,1,68.22464134,yahoo_bootstrap
2023-08-15,71.09111786,72.87832642,71.09111786,72.77903748,352203,0,1,69.84450208,yahoo_bootstrap
2023-08-16,72.28259277,72.77903748,71.48828125,72.28259277,234771,0,1,69.3680746,yahoo_bootstrap
2023-08-17,72.67974854,73.77193451,71.38899231,73.57335663,397104,0,1,70.60679336,yahoo_bootstrap
2023-08-18,74.06980133,74.66553497,73.57335663,73.87122345,228574,0,1,70.89264984,yahoo_bootstrap
2023-08-21,74.76482391,74.76482391,73.0769043,73.37477875,205803,0,1,70.41622237,yahoo_bootstrap
2023-08-22,74.06980133,74.06980133,72.87832642,73.0769043,148287,0,1,70.13035857,yahoo_bootstrap
2023-08-23,72.58045959,73.57335663,72.58045959,73.57335663,109081,0,1,70.60679336,yahoo_bootstrap
2023-08-24,73.57335663,73.97051239,73.0769043,73.27548218,197453,0,1,70.32092956,yahoo_bootstrap
2023-08-25,73.17619324,74.76482391,73.17619324,74.06980133,320486,0,1,71.08322083,yahoo_bootstrap
2023-08-28,75.4598465,75.4598465,72.67974854,73.77193451,245944,0,1,70.79736435,yahoo_bootstrap
2023-08-29,74,74.09999847,72.59999847,72.69999695,207015,0,1,69.76864856,yahoo_bootstrap
2023-08-30,73.40000153,75,73.30000305,74.90000153,307050,0,1,71.8799464,yahoo_bootstrap
2023-08-31,74.5,75.19999695,73.59999847,73.69999695,163318,0,1,70.7283274,yahoo_bootstrap
2023-09-01,73.69999695,74.5,72.59999847,73.59999847,417065,0,1,70.63236097,yahoo_bootstrap
2023-09-04,73.59999847,73.59999847,72,73,235032,0,1,70.05655514,yahoo_bootstrap
2023-09-05,73,76,73,76,504564,0,1,72.93559165,yahoo_bootstrap
2023-09-06,76.5,76.5,74.40000153,74.5,437013,0,1,71.49607339,yahoo_bootstrap
2023-09-07,74,74.5,73.5,73.5,253625,0,1,70.53639456,yahoo_bootstrap
2023-09-08,73.09999847,73.30000305,72.59999847,72.90000153,179557,0,1,69.96058872,yahoo_bootstrap
2023-09-11,72.5,72.69999695,71.59999847,71.69999695,363503,0,1,68.80896972,yahoo_bootstrap
2023-09-12,72.19999695,73.59999847,72.19999695,73,454724,0,1,70.05655514,yahoo_bootstrap
2023-09-13,72.69999695,78.90000153,72.69999695,78.69999695,2669268,0,1,75.52672158,yahoo_bootstrap
2023-09-14,80.40000153,86,80.40000153,84.30000305,5621728,0,1,80.90092893,yahoo_bootstrap
2023-09-15,83.5,84.30000305,82.5,84.30000305,1525661,0,1,80.90092893,yahoo_bootstrap
2023-09-18,83.40000153,83.5,82.09999847,82.09999847,933213,0,1,78.78963109,yahoo_bootstrap
2023-09-19,82.19999695,83.59999847,81.5,81.5,705110,0,1,78.21382526,yahoo_bootstrap
2023-09-20,81.5,82.19999695,81,81.90000153,504368,0,1,78.59769826,yahoo_bootstrap
2023-09-21,81.30000305,81.80000305,79.5,79.5,564420,0,1,76.29446758,yahoo_bootstrap
2023-09-22,79,81.30000305,78.19999695,80.90000153,779190,0,1,77.63801942,yahoo_bootstrap
2023-09-25,80.19999695,82.5,79.09999847,82,1952047,0,1,78.69366467,yahoo_bootstrap
2023-09-26,82,82.09999847,79.5,79.5,738916,0,1,76.29446758,yahoo_bootstrap
2023-09-27,79.19999695,79.30000305,77.5,77.69999695,747683,0,1,74.56704275,yahoo_bootstrap
2023-09-28,78,79,77.90000153,78.90000153,414895,0,1,75.71866175,yahoo_bootstrap
2023-10-02,78.90000153,79.80000305,77.80000305,78,368022,0,1,74.85494932,yahoo_bootstrap
2023-10-03,77.80000305,78.19999695,76.30000305,76.30000305,636558,0,1,73.22349823,yahoo_bootstrap
2023-10-04,75.59999847,77,75.40000153,76.5,454933,0,1,73.41543107,yahoo_bootstrap
2023-10-05,76.90000153,77.59999847,76.5,76.5,267456,0,1,73.41543107,yahoo_bootstrap
2023-10-06,77.30000305,77.30000305,76.09999847,76.09999847,235491,0,1,73.03155807,yahoo_bootstrap
2023-10-11,78.09999847,78.30000305,76.80000305,77.19999695,709869,0,1,74.08720333,yahoo_bootstrap
2023-10-12,78.59999847,78.69999695,77.30000305,78.40000153,496728,0,1,75.23882233,yahoo_bootstrap
2023-10-13,78.09999847,78.80000305,77.80000305,78.19999695,312735,0,1,75.04688217,yahoo_bootstrap
2023-10-16,78.30000305,79,77.5,77.90000153,340717,0,1,74.75898291,yahoo_bootstrap
2023-10-17,78.5,79.80000305,78.30000305,79,571129,0,1,75.81462816,yahoo_bootstrap
2023-10-18,79,79.69999695,77.69999695,79.69999695,744060,0,1,76.48640042,yahoo_bootstrap
2023-10-19,78.30000305,79.69999695,77.69999695,77.90000153,292305,0,1,74.75898291,yahoo_bootstrap
2023-10-20,78,78.19999695,76.40000153,77.90000153,351264,0,1,74.75898291,yahoo_bootstrap
2023-10-23,77.90000153,78.30000305,76.59999847,76.59999847,272019,0,1,73.51139748,yahoo_bootstrap
2023-10-24,76.5,77,75,76.09999847,296100,0,1,73.03155807,yahoo_bootstrap
2023-10-25,76.80000305,77.5,76.40000153,76.69999695,267139,0,1,73.60736391,yahoo_bootstrap
2023-10-26,75.90000153,76,74.69999695,74.69999695,388558,0,1,71.68800623,yahoo_bootstrap
2023-10-27,74.69999695,75.19999695,73.59999847,73.90000153,239222,0,1,70.92026756,yahoo_bootstrap
2023-10-30,73.90000153,74.40000153,72.40000153,72.69999695,483167,0,1,69.76864856,yahoo_bootstrap
2023-10-31,73,73.59999847,71.5,71.59999847,436261,0,1,68.7130033,yahoo_bootstrap
2023-11-01,72,72.80000305,71.80000305,72.40000153,249004,0,1,69.4807493,yahoo_bootstrap
2023-11-02,73,73.59999847,72.80000305,73.40000153,224939,0,1,70.44042814,yahoo_bootstrap
2023-11-03,74.40000153,75.90000153,73.80000305,75.80000305,668584,0,1,72.74365881,yahoo_bootstrap
2023-11-06,77.30000305,78.59999847,76,77.5,948303,0,1,74.37510991,yahoo_bootstrap
2023-11-07,77.5,78,76.5,77.90000153,398909,0,1,74.75898291,yahoo_bootstrap
2023-11-08,78,78.19999695,77.09999847,77.30000305,281129,0,1,74.18317707,yahoo_bootstrap
2023-11-09,77.30000305,77.30000305,76,76.59999847,330176,0,1,73.51139748,yahoo_bootstrap
2023-11-10,76.09999847,76.19999695,75.09999847,75.19999695,417538,0,1,72.16784565,yahoo_bootstrap
2023-11-13,75.59999847,75.59999847,73.90000153,74,386747,0,1,71.01623397,yahoo_bootstrap
2023-11-14,74.40000153,74.59999847,74.09999847,74.40000153,156236,0,1,71.40010698,yahoo_bootstrap
2023-11-15,74.90000153,78.19999695,74.90000153,76.59999847,1077450,0,1,73.51139748,yahoo_bootstrap
2023-11-16,76.80000305,77.5,76,77.09999847,344843,0,1,73.9912369,yahoo_bootstrap
2023-11-17,78,78,76.90000153,77.09999847,357510,0,1,73.9912369,yahoo_bootstrap
2023-11-20,76.90000153,79.40000153,76.90000153,78.59999847,873939,0,1,75.43075516,yahoo_bootstrap
2023-11-21,78.59999847,79.19999695,77.59999847,77.90000153,559843,0,1,74.75898291,yahoo_bootstrap
2023-11-22,77.30000305,79.19999695,77.30000305,78.80000305,701186,0,1,75.62269532,yahoo_bootstrap
2023-11-23,79,80.5,78.90000153,79.09999847,939874,0,1,75.91059458,yahoo_bootstrap
2023-11-24,79.09999847,79.69999695,78.30000305,78.80000305,398274,0,1,75.62269532,yahoo_bootstrap
2023-11-27,78.80000305,79.09999847,77.69999695,77.69999695,321182,0,1,74.56704275,yahoo_bootstrap
2023-11-28,78.09999847,79.19999695,77.69999695,79,363638,0,1,75.81462816,yahoo_bootstrap
2023-11-29,79,79.5,78.59999847,78.80000305,285309,0,1,75.62269532,yahoo_bootstrap
2023-11-30,80.40000153,85.59999847,80.19999695,84,5559998,0,1,80.61302235,yahoo_bootstrap
2023-12-01,84,87,82.19999695,82.80000305,5190053,0,1,79.46141067,yahoo_bootstrap
2023-12-04,82.80000305,83,81.40000153,81.40000153,1033810,0,1,78.11785884,yahoo_bootstrap
2023-12-05,81.30000305,85,80.30000305,81.19999695,2947426,0,1,77.92591868,yahoo_bootstrap
2023-12-06,81.40000153,81.80000305,80.5,80.5,905639,0,1,77.25414642,yahoo_bootstrap
2023-12-07,80.5,81.30000305,78.90000153,78.90000153,729929,0,1,75.71866175,yahoo_bootstrap
2023-12-08,79.69999695,80.30000305,79,79,426030,0,1,75.81462816,yahoo_bootstrap
2023-12-11,79.09999847,80,78.59999847,78.59999847,297731,0,1,75.43075516,yahoo_bootstrap
2023-12-12,78.59999847,79.80000305,78.09999847,78.09999847,379197,0,1,74.95091574,yahoo_bootstrap
2023-12-13,78.5,78.5,77.59999847,77.59999847,391650,0,1,74.47107632,yahoo_bootstrap
2023-12-14,78,79.19999695,78,78.90000153,438436,0,1,75.71866175,yahoo_bootstrap
2023-12-15,79.40000153,80.80000305,79.19999695,79.5,877602,0,1,76.29446758,yahoo_bootstrap
2023-12-18,79.5,79.69999695,78.09999847,78.09999847,376639,0,1,74.95091574,yahoo_bootstrap
2023-12-19,78.19999695,78.5,76.80000305,76.80000305,468457,0,1,73.70333765,yahoo_bootstrap
2023-12-20,77.19999695,78,77.09999847,77.80000305,230008,0,1,74.66301648,yahoo_bootstrap
2023-12-21,77.5,78.69999695,77.19999695,77.90000153,172751,0,1,74.75898291,yahoo_bootstrap
2023-12-22,78,78.69999695,77.69999695,78.09999847,197036,0,1,74.95091574,yahoo_bootstrap
2023-12-25,78.30000305,78.80000305,76.90000153,77.09999847,282469,0,1,73.9912369,yahoo_bootstrap
2023-12-26,77.69999695,79.40000153,77.30000305,77.30000305,292074,0,1,74.18317707,yahoo_bootstrap
2023-12-27,77.59999847,78.09999847,77.30000305,77.90000153,222755,0,1,74.75898291,yahoo_bootstrap
2023-12-28,78,78.69999695,77.69999695,78.69999695,362407,0,1,75.52672158,yahoo_bootstrap
2023-12-29,78.69999695,78.80000305,77.59999847,78.19999695,298498,0,1,75.04688217,yahoo_bootstrap
2024-01-02,78.30000305,78.90000153,77.09999847,77.09999847,238457,0,1,73.9912369,yahoo_bootstrap
2024-01-03,77.19999695,77.19999695,76,76,348003,0,1,72.93559165,yahoo_bootstrap
2024-01-04,76.19999695,76.69999695,74.80000305,74.80000305,367037,0,1,71.78397997,yahoo_bootstrap
2024-01-05,74.90000153,75.59999847,74.59999847,74.59999847,234452,0,1,71.59203981,yahoo_bootstrap
2024-01-08,74.59999847,75.5,74.19999695,74.19999695,129000,0,1,71.20816682,yahoo_bootstrap
2024-01-09,74.90000153,74.90000153,73.40000153,73.80000305,320168,0,1,70.82430113,yahoo_bootstrap
2024-01-10,74.5,76.30000305,73.5,73.5,387200,0,1,70.53639456,yahoo_bootstrap
2024-01-11,73.5,74.19999695,73.19999695,73.59999847,221364,0,1,70.63236097,yahoo_bootstrap
2024-01-12,74,74,73.19999695,73.40000153,215400,0,1,70.44042814,yahoo_bootstrap
2024-01-15,73.69999695,74.40000153,73.69999695,74.19999695,118138,0,1,71.20816682,yahoo_bootstrap
2024-01-16,74.5,74.5,73,73.09999847,213002,0,1,70.15252155,yahoo_bootstrap
2024-01-17,73,73.19999695,71.59999847,71.59999847,500592,0,1,68.7130033,yahoo_bootstrap
2024-01-18,71,71.69999695,70,70.30000305,424640,0,1,67.4654252,yahoo_bootstrap
2024-01-19,70.5,71,69.09999847,69.09999847,659121,0,1,66.3138062,yahoo_bootstrap
2024-01-22,69.19999695,70.40000153,69.19999695,70,300239,0,1,67.17751862,yahoo_bootstrap
2024-01-23,70.09999847,70.69999695,70.09999847,70.59999847,209421,0,1,67.75332446,yahoo_bootstrap
2024-01-24,70.5,71.09999847,70.5,70.5,184233,0,1,67.65735804,yahoo_bootstrap
2024-01-25,70.59999847,70.59999847,69.19999695,69.80000305,292148,0,1,66.98558578,yahoo_bootstrap
2024-01-26,69.19999695,70.09999847,69.19999695,69.90000153,176266,0,1,67.08155221,yahoo_bootstrap
2024-01-29,69.90000153,70.90000153,69.5,70.59999847,254323,0,1,67.75332446,yahoo_bootstrap
2024-01-30,70.90000153,71.09999847,70,70.09999847,186166,0,1,67.27348504,yahoo_bootstrap
2024-01-31,71.09999847,71.09999847,69.30000305,69.30000305,405268,0,1,66.50574637,yahoo_bootstrap
2024-02-01,69.59999847,69.59999847,69.09999847,69.19999695,175284,0,1,66.40977263,yahoo_bootstrap
2024-02-02,69.30000305,69.80000305,68.59999847,68.59999847,309562,0,1,65.83396678,yahoo_bootstrap
2024-02-05,68.40000153,68.40000153,67.59999847,68.19999695,445097,0,1,65.45009379,yahoo_bootstrap
2024-02-15,68,68,66,66.40000153,710095,0,1,63.72267628,yahoo_bootstrap
2024-02-16,66.30000305,69.5,66.30000305,69.5,653106,0,1,66.69767921,yahoo_bootstrap
2024-02-19,69.90000153,72,69.90000153,71.40000153,552633,0,1,68.52107047,yahoo_bootstrap
2024-02-20,71.5,71.5,70.19999695,70.69999695,266004,0,1,67.84929088,yahoo_bootstrap
2024-02-21,70.5,71.80000305,70.30000305,71,315130,0,1,68.13719746,yahoo_bootstrap
2024-02-22,71.69999695,71.69999695,70,70,222164,0,1,67.17751862,yahoo_bootstrap
2024-02-23,70.19999695,70.19999695,68,68.09999847,549108,0,1,65.35412737,yahoo_bootstrap
2024-02-26,67.5,70.40000153,67.5,69.90000153,416344,0,1,67.08155221,yahoo_bootstrap
2024-02-27,69.90000153,71,68.69999695,68.69999695,330124,0,1,65.92993321,yahoo_bootstrap
2024-02-29,68.69999695,68.69999695,67.69999695,67.90000153,287085,0,1,65.16219453,yahoo_bootstrap
2024-03-01,67.90000153,68.30000305,67.09999847,67.30000305,336293,0,1,64.58638869,yahoo_bootstrap
2024-03-04,67.30000305,68,67.30000305,67.40000153,360886,0,1,64.68235512,yahoo_bootstrap
2024-03-05,67.40000153,68.09999847,67,67,275274,0,1,64.29848211,yahoo_bootstrap
2024-03-06,67.09999847,67.69999695,66.59999847,66.59999847,309827,0,1,63.91460911,yahoo_bootstrap
2024-03-07,66.5,66.5,65,65.19999695,785647,0,1,62.57105728,yahoo_bootstrap
2024-03-08,65,65.5,63.20000076,63.40000153,737990,0,1,60.84363977,yahoo_bootstrap
2024-03-11,63.40000153,64.59999847,63.20000076,64.40000153,360231,0,1,61.8033186,yahoo_bootstrap
2024-03-12,64.69999695,66.30000305,64.69999695,66.30000305,361351,0,1,63.62670985,yahoo_bootstrap
2024-03-13,66.59999847,66.69999695,64.5,64.90000153,390133,0,1,62.28315802,yahoo_bootstrap
2024-03-14,64.90000153,65.59999847,64.30000305,64.90000153,189536,0,1,62.28315802,yahoo_bootstrap
2024-03-15,64.90000153,64.90000153,63.40000153,63.40000153,274009,0,1,60.84363977,yahoo_bootstrap
2024-03-18,63.5,63.5,60.29999924,62.79999924,573125,0,1,60.26783027,yahoo_bootstrap
2024-03-19,63.90000153,64,62.79999924,63.29999924,322557,0,1,60.74766968,yahoo_bootstrap
2024-03-20,63.59999847,63.59999847,62.40000153,63.29999924,256708,0,1,60.74766968,yahoo_bootstrap
2024-03-21,63.70000076,64.19999695,63,64,255017,0,1,61.4194456,yahoo_bootstrap
2024-03-22,64.59999847,64.69999695,63.59999847,64.69999695,242462,0,1,62.09121786,yahoo_bootstrap
2024-03-25,64.80000305,64.90000153,64.19999695,64.59999847,148636,0,1,61.99525143,yahoo_bootstrap
2024-03-26,64.90000153,66,63.09999847,63.29999924,292580,0,1,60.74766968,yahoo_bootstrap
2024-03-27,63.29999924,64.19999695,63.29999924,63.59999847,237710,0,1,61.0355726,yahoo_bootstrap
2024-03-28,63.70000076,65.5,63.70000076,64,247685,0,1,61.4194456,yahoo_bootstrap
2024-03-29,64,64,63,63.09999847,155000,0,1,60.55573318,yahoo_bootstrap
2024-04-01,62.90000153,63.70000076,62.90000153,63.40000153,208661,0,1,60.84363977,yahoo_bootstrap
2024-04-02,63.70000076,65.30000305,63.09999847,64.90000153,434790,0,1,62.28315802,yahoo_bootstrap
2024-04-03,64.90000153,65.19999695,63.70000076,64.90000153,321762,0,1,62.28315802,yahoo_bootstrap
2024-04-08,64.90000153,64.90000153,63.20000076,63.29999924,225135,0,1,60.74766968,yahoo_bootstrap
2024-04-09,64,64.30000305,63.59999847,63.70000076,156101,0,1,61.13154268,yahoo_bootstrap
2024-04-10,64,65.30000305,64,64.90000153,303592,0,1,62.28315802,yahoo_bootstrap
2024-04-11,64.90000153,64.90000153,63.59999847,63.70000076,184051,0,1,61.13154268,yahoo_bootstrap
2024-04-12,63.79999924,63.79999924,63,63.20000076,228032,0,1,60.65170326,yahoo_bootstrap
2024-04-15,62.79999924,62.79999924,61.09999847,61.09999847,445344,0,1,58.6363755,yahoo_bootstrap
2024-04-16,60.5,60.70000076,59.40000153,59.40000153,545506,0,1,57.00492442,yahoo_bootstrap
2024-04-17,60,61.40000153,60,60.79999924,292898,0,1,58.34847259,yahoo_bootstrap
2024-04-18,61,61.59999847,60.90000153,61.20000076,160122,0,1,58.73234558,yahoo_bootstrap
2024-04-19,61.09999847,61.09999847,58,58.29999924,739387,0,1,55.9492755,yahoo_bootstrap
2024-04-22,58.70000076,60.40000153,58.70000076,59.20000076,253914,0,1,56.81298791,yahoo_bootstrap
2024-04-23,59.59999847,59.79999924,58.90000153,59.40000153,140131,0,1,57.00492442,yahoo_bootstrap
2024-04-24,60.29999924,60.29999924,59.20000076,59.59999847,132112,0,1,57.19685725,yahoo_bootstrap
2024-04-25,60.40000153,60.5,58.59999847,58.59999847,218331,0,1,56.23717841,yahoo_bootstrap
2024-04-26,58.70000076,58.90000153,58.09999847,58.20000076,359979,0,1,55.85330907,yahoo_bootstrap
2024-04-29,58.29999924,59.29999924,58.29999924,59.29999924,293128,0,1,56.90895433,yahoo_bootstrap
2024-04-30,60.90000153,65.19999695,60.5,65.19999695,1805991,0,1,62.57105728,yahoo_bootstrap
2024-05-02,65.69999695,65.80000305,63.09999847,64.59999847,2856104,0,1,61.99525143,yahoo_bootstrap
2024-05-03,64.69999695,64.69999695,62,62.29999924,971324,0,1,59.78799085,yahoo_bootstrap
2024-05-06,62.29999924,64.90000153,61.5,63.09999847,1002532,0,1,60.55573318,yahoo_bootstrap
2024-05-07,63.29999924,63.70000076,61.79999924,62.20000076,316100,0,1,59.69202442,yahoo_bootstrap
2024-05-08,62.20000076,62.5,61.90000153,62,187458,0,1,59.50008792,yahoo_bootstrap
2024-05-09,62.09999847,62.79999924,62,62.09999847,160281,0,1,59.59605434,yahoo_bootstrap
2024-05-10,62.20000076,63,61.90000153,62.70000076,211058,0,1,60.17186384,yahoo_bootstrap
2024-05-13,62.70000076,63.90000153,62.70000076,63.70000076,422504,0,1,61.13154268,yahoo_bootstrap
2024-05-14,64.19999695,65.80000305,64.19999695,65.69999695,952240,0,1,63.0508967,yahoo_bootstrap
2024-05-15,66.40000153,66.59999847,64.09999847,64.5,565552,0,1,61.89928502,yahoo_bootstrap
2024-05-16,65.69999695,67.19999695,64.5,66.80000305,973461,0,1,64.10654927,yahoo_bootstrap
2024-05-17,66.80000305,67,66.09999847,66.40000153,587296,0,1,63.72267628,yahoo_bootstrap
2024-05-20,67.30000305,67.80000305,66.09999847,66.30000305,565439,0,1,63.62670985,yahoo_bootstrap
2024-05-21,66.30000305,66.90000153,65.30000305,66.59999847,351968,0,1,63.91460911,yahoo_bootstrap
2024-05-22,67.19999695,68.30000305,66.30000305,66.69999695,412218,0,1,64.01057553,yahoo_bootstrap
2024-05-23,66.59999847,66.59999847,65,65,319187,0,1,62.37912444,yahoo_bootstrap
2024-05-24,65,66.5,64.59999847,65.80000305,396458,0,1,63.14687043,yahoo_bootstrap
2024-05-27,65.80000305,66.69999695,65.69999695,66.30000305,255031,0,1,63.62670985,yahoo_bootstrap
2024-05-28,66.59999847,68.30000305,66.59999847,67.90000153,661389,0,1,65.16219453,yahoo_bootstrap
2024-05-29,68.19999695,68.5,67.09999847,67.5,288907,0,1,64.77832153,yahoo_bootstrap
2024-05-30,67.5,67.5,66.5,66.59999847,305317,0,1,63.91460911,yahoo_bootstrap
2024-05-31,66.90000153,68.40000153,66.80000305,67.80000305,507575,0,1,65.06622811,yahoo_bootstrap
2024-06-03,68.40000153,68.40000153,67.09999847,67.69999695,267612,0,1,64.97025437,yahoo_bootstrap
2024-06-04,68,68.19999695,66.09999847,66.80000305,285163,0,1,64.10654927,yahoo_bootstrap
2024-06-05,67,67.09999847,65.59999847,65.69999695,285126,0,1,63.0508967,yahoo_bootstrap
2024-06-06,65.69999695,66.19999695,65,65,290024,0,1,62.37912444,yahoo_bootstrap
2024-06-07,66.90000153,69.09999847,66.30000305,69.09999847,1245537,0,1,66.3138062,yahoo_bootstrap
2024-06-11,69.69999695,69.69999695,66.5,66.5,649302,0,1,63.81864269,yahoo_bootstrap
2024-06-12,66.5,66.90000153,66,66.90000153,194097,0,1,64.2025157,yahoo_bootstrap
2024-06-13,67.19999695,67.80000305,66.30000305,67,194000,0,1,64.29848211,yahoo_bootstrap
2024-06-14,67,67.90000153,66.59999847,67.09999847,203553,0,1,64.39444853,yahoo_bootstrap
2024-06-17,67.09999847,67.09999847,66.19999695,66.40000153,226918,0,1,63.72267628,yahoo_bootstrap
2024-06-18,66.40000153,66.90000153,66.09999847,66.19999695,252453,0,1,63.53073612,yahoo_bootstrap
2024-06-19,66.19999695,66.40000153,65.5,65.59999847,264146,0,1,62.95493027,yahoo_bootstrap
2024-06-20,65.59999847,66.80000305,65.59999847,66.69999695,339289,0,1,64.01057553,yahoo_bootstrap
2024-06-21,66.69999695,67.80000305,66.69999695,67.40000153,786055,0,1,64.68235512,yahoo_bootstrap
2024-06-24,66.80000305,67.40000153,66,66,244044,0.795718,1,64.09550875,yahoo_bootstrap
2024-06-25,67,67.30000305,65.19999695,67.19999695,351306,0,1,65.26087867,yahoo_bootstrap
2024-06-26,67.19999695,67.80000305,66.90000153,66.90000153,171795,0,1,64.9695399,yahoo_bootstrap
2024-06-27,67.59999847,71.40000153,67.09999847,67.09999847,2437127,0,1,65.16376574,yahoo_bootstrap
2024-06-28,67.30000305,69.5,67.30000305,69.19999695,743084,0,1,67.20316682,yahoo_bootstrap
2024-07-01,71.40000153,72.5,70.19999695,70.19999695,1453472,0,1,68.17431089,yahoo_bootstrap
2024-07-02,70.80000305,74.19999695,70.80000305,72.5,2997222,0,1,70.40794522,yahoo_bootstrap
2024-07-03,73.59999847,75.40000153,72.69999695,73.40000153,2509247,0,1,71.28197637,yahoo_bootstrap
2024-07-04,75.40000153,75.40000153,71.40000153,71.40000153,1990873,0,1,69.33968822,yahoo_bootstrap
2024-07-05,71.5,73.40000153,71,72.90000153,993058,0,1,70.79640433,yahoo_bootstrap
2024-07-08,73.80000305,75.09999847,72.90000153,73,1123307,0,1,70.89351725,yahoo_bootstrap
2024-07-09,71.09999847,71.59999847,69.40000153,71,1279380,0,1,68.95122911,yahoo_bootstrap
2024-07-10,71.59999847,71.80000305,70.69999695,70.80000305,352518,0,1,68.75700325,yahoo_bootstrap
2024-07-11,71,71.59999847,69.69999695,71.30000305,526125,0,1,69.24257529,yahoo_bootstrap
2024-07-12,71,71.69999695,70.5,70.69999695,339274,0,1,68.65988292,yahoo_bootstrap
2024-07-15,70.5,70.5,69.40000153,69.80000305,334050,0,1,67.78585918,yahoo_bootstrap
2024-07-16,69.69999695,71,69.69999695,69.80000305,243001,0,1,67.78585918,yahoo_bootstrap
2024-07-17,69.80000305,71.19999695,69.5,70.59999847,322122,0,1,68.56276999,yahoo_bootstrap
2024-07-18,70,70.30000305,68.80000305,68.80000305,371104,0,1,66.81471511,yahoo_bootstrap
2024-07-19,68.5,68.59999847,67,67.30000305,416587,0,1,65.357999,yahoo_bootstrap
2024-07-22,66.69999695,67.59999847,65,66,572304,0,1,64.09550875,yahoo_bootstrap
2024-07-23,67.30000305,67.59999847,66.30000305,66.5,220032,0,1,64.58108078,yahoo_bootstrap
2024-07-26,65,65.30000305,63.90000153,64.5,365000,0,1,62.63879264,yahoo_bootstrap
2024-07-29,64.19999695,65.59999847,63.40000153,63.5,425001,0,1,61.66764857,yahoo_bootstrap
2024-07-30,63.79999924,64.5,62.90000153,64.5,299984,0,1,62.63879264,yahoo_bootstrap
2024-07-31,63.90000153,65,63.5,64.30000305,149098,0,1,62.44456679,yahoo_bootstrap
2024-08-01,64.59999847,65.69999695,64.59999847,65.69999695,161190,0,1,63.80416256,yahoo_bootstrap
2024-08-02,64.59999847,64.59999847,62.5,62.70000076,292451,0,1,60.89073405,yahoo_bootstrap
2024-08-05,60.5,60.5,56.5,56.5,875300,0,1,54.86964006,yahoo_bootstrap
2024-08-06,53.70000076,56.5,51,53.79999924,813555,0,1,52.24755033,yahoo_bootstrap
2024-08-07,52.5,58,52.5,57.09999847,413400,0,1,55.45232502,yahoo_bootstrap
2024-08-08,57.09999847,57.79999924,55.59999847,56.5,311092,0,1,54.86964006,yahoo_bootstrap
2024-08-09,57.20000076,58.20000076,56.5,56.79999924,255399,0,1,55.16098255,yahoo_bootstrap
2024-08-12,57.40000153,58.70000076,57.29999924,58.09999847,236394,0,1,56.42346909,yahoo_bootstrap
2024-08-13,58.09999847,58.09999847,57.29999924,57.90000153,110001,0,1,56.22924325,yahoo_bootstrap
2024-08-14,58,58.90000153,58,58.09999847,146432,0,1,56.42346909,yahoo_bootstrap
2024-08-15,58,59.59999847,57.70000076,58.5,236071,0,1,56.81192821,yahoo_bootstrap
2024-08-16,59.29999924,59.5,58.59999847,59.20000076,177381,0,1,57.4917298,yahoo_bootstrap
2024-08-19,59.29999924,60.20000076,59,59.20000076,121010,0,1,57.4917298,yahoo_bootstrap
2024-08-20,59.90000153,60.20000076,59.5,59.59999847,143553,0,1,57.8801852,yahoo_bootstrap
2024-08-21,59.59999847,60.59999847,59,60.5,222596,0,1,58.75421635,yahoo_bootstrap
2024-08-22,60.90000153,62.90000153,60.29999924,62.09999847,303406,0,1,60.30804538,yahoo_bootstrap
2024-08-23,61.90000153,61.90000153,60.40000153,61.79999924,167093,0,1,60.01670291,yahoo_bootstrap
2024-08-26,62.20000076,62.70000076,60.90000153,61.09999847,135466,0,1,59.33690131,yahoo_bootstrap
2024-08-27,61.09999847,61.09999847,60.5,60.90000153,80055,0,1,59.14267547,yahoo_bootstrap
2024-08-28,60.90000153,61.29999924,60.5,60.59999847,82200,0,1,58.85132927,yahoo_bootstrap
2024-08-29,60.5,61.5,60.5,61.29999924,89022,0,1,59.53113087,yahoo_bootstrap
2024-08-30,61.79999924,63.59999847,61.59999847,63,331582,0,1,61.18207653,yahoo_bootstrap
2024-09-02,63.79999924,63.79999924,61.79999924,61.79999924,134035,0,1,60.01670291,yahoo_bootstrap
2024-09-03,62.09999847,62.59999847,60.5,60.5,156090,0,1,58.75421635,yahoo_bootstrap
2024-09-04,58.40000153,58.79999924,57,57.70000076,243072,0,1,56.03501369,yahoo_bootstrap
2024-09-05,59,59.5,58,58,98870,0,1,56.32635617,yahoo_bootstrap
2024-09-06,58.20000076,58.90000153,57.79999924,58.29999924,98000,0,1,56.61769866,yahoo_bootstrap
2024-09-09,57,58.70000076,56.79999924,58.70000076,158096,0,1,57.00615776,yahoo_bootstrap
2024-09-10,58.70000076,58.70000076,56.09999847,56.09999847,205045,0,1,54.48118095,yahoo_bootstrap
2024-09-11,57.40000153,57.70000076,56.29999924,56.29999924,75305,0,1,54.67541051,yahoo_bootstrap
2024-09-12,57,57.90000153,56.40000153,57.90000153,97215,0,1,56.22924325,yahoo_bootstrap
2024-09-13,57.90000153,58.90000153,57.90000153,58.29999924,105682,0,1,56.61769866,yahoo_bootstrap
2024-09-16,59.20000076,59.79999924,58.70000076,59.09999847,132093,0,1,57.39461317,yahoo_bootstrap
2024-09-18,59.20000076,59.79999924,58,58,86447,0,1,56.32635617,yahoo_bootstrap
2024-09-19,58.20000076,59.20000076,58,59.20000076,99778,0,1,57.4917298,yahoo_bootstrap
2024-09-20,59.79999924,59.90000153,58.70000076,58.70000076,150603,0,1,57.00615776,yahoo_bootstrap
2024-09-23,59.09999847,60.20000076,59.09999847,59.29999924,181365,0,1,57.58884273,yahoo_bootstrap
2024-09-24,59.5,59.5,58.5,58.59999847,80011,0,1,56.90904113,yahoo_bootstrap
2024-09-25,59.29999924,60.20000076,59.29999924,59.70000076,158320,0,1,57.97730183,yahoo_bootstrap
2024-09-26,60.5,60.5,59,59,139100,0,1,57.29750024,yahoo_bootstrap
2024-09-27,60.40000153,61.29999924,59.29999924,60.70000076,290542,0,1,58.9484459,yahoo_bootstrap
2024-09-30,60.90000153,61.79999924,60.29999924,60.40000153,203214,0,1,58.65710343,yahoo_bootstrap
2024-10-01,60.40000153,61,59.59999847,60.90000153,91253,0,1,59.14267547,yahoo_bootstrap
2024-10-04,60.90000153,61.20000076,59.79999924,59.79999924,189504,0,1,58.07441476,yahoo_bootstrap
2024-10-07,61.40000153,61.40000153,59.40000153,59.59999847,108544,0,1,57.8801852,yahoo_bootstrap
2024-10-08,59.79999924,59.79999924,58.20000076,58.40000153,132115,0,1,56.71481529,yahoo_bootstrap
2024-10-09,59.79999924,59.79999924,57.70000076,57.79999924,147109,0,1,56.13212662,yahoo_bootstrap
2024-10-11,58.5,58.5,57.40000153,57.40000153,129090,0,1,55.74367121,yahoo_bootstrap
2024-10-14,57.40000153,57.59999847,57.20000076,57.5,58282,0,1,55.84078414,yahoo_bootstrap
2024-10-15,57.79999924,58.59999847,57.59999847,57.70000076,147043,0,1,56.03501369,yahoo_bootstrap
2024-10-16,57.70000076,58.09999847,57.20000076,57.29999924,296322,0,1,55.64655458,yahoo_bootstrap
2024-10-17,57.29999924,58.5,57.29999924,58,102640,0,1,56.32635617,yahoo_bootstrap
2024-10-18,58.59999847,58.59999847,57.20000076,57.20000076,231134,0,1,55.54944165,yahoo_bootstrap
2024-10-21,57.5,58.29999924,57.29999924,58.09999847,99778,0,1,56.42346909,yahoo_bootstrap
2024-10-22,58.09999847,58.5,57.40000153,57.79999924,55032,0,1,56.13212662,yahoo_bootstrap
2024-10-23,58.40000153,59,57.79999924,58.20000076,133647,0,1,56.52058572,yahoo_bootstrap
2024-10-24,58.59999847,62.5,58.59999847,59.70000076,1152192,0,1,57.97730183,yahoo_bootstrap
2024-10-25,62.20000076,64.80000305,61.5,61.90000153,2326471,0,1,60.11381954,yahoo_bootstrap
2024-10-28,62.90000153,63,60.29999924,60.90000153,666101,0,1,59.14267547,yahoo_bootstrap
2024-10-29,61.70000076,61.70000076,59.5,60.20000076,237056,0,1,58.46287387,yahoo_bootstrap
2024-10-30,60.20000076,61.09999847,59.59999847,59.59999847,135218,0,1,57.8801852,yahoo_bootstrap
2024-11-01,59.29999924,59.90000153,58.40000153,59.90000153,154005,0,1,58.17153139,yahoo_bootstrap
2024-11-04,60,60,58.79999924,59,119000,0,1,57.29750024,yahoo_bootstrap
2024-11-05,58.40000153,59.79999924,58.40000153,58.70000076,111426,0,1,57.00615776,yahoo_bootstrap
2024-11-06,58.79999924,61,58.70000076,60.79999924,403368,0,1,59.04555884,yahoo_bootstrap
2024-11-07,63.5,63.5,61.09999847,61.09999847,571002,0,1,59.33690131,yahoo_bootstrap
2024-11-08,61.59999847,62.59999847,60.09999847,60.09999847,200118,0,1,58.36575724,yahoo_bootstrap
2024-11-11,60.40000153,61.40000153,60.40000153,60.5,147065,0,1,58.75421635,yahoo_bootstrap
2024-11-12,60.5,60.5,59.09999847,59.29999924,182047,0,1,57.58884273,yahoo_bootstrap
2024-11-13,58.90000153,60.5,58.70000076,60,162001,0,1,58.26864432,yahoo_bootstrap
2024-11-14,60.90000153,64.5,60.90000153,61.5,1491121,0,1,59.72536042,yahoo_bootstrap
2024-11-15,61.79999924,62.5,60.59999847,60.90000153,438063,0,1,59.14267547,yahoo_bootstrap
2024-11-18,60.70000076,61.09999847,59.09999847,59.59999847,209051,0,1,57.8801852,yahoo_bootstrap
2024-11-19,60.09999847,61,58.90000153,60.70000076,341359,0,1,58.9484459,yahoo_bootstrap
2024-11-20,59.70000076,59.70000076,59.70000076,59.70000076,344687,0,1,57.97730183,yahoo_bootstrap
2024-11-21,59.70000076,62.70000076,59.5,62.59999847,554096,0,1,60.79361742,yahoo_bootstrap
2024-11-22,63.29999924,63.29999924,61.79999924,62,611086,0,1,60.21093246,yahoo_bootstrap
2024-11-25,63,63.40000153,62.29999924,62.29999924,436371,0,1,60.50227494,yahoo_bootstrap
2024-11-26,62.40000153,63,61.70000076,61.90000153,153302,0,1,60.11381954,yahoo_bootstrap
2024-11-27,62.09999847,63.5,59.90000153,59.90000153,329696,0,1,58.17153139,yahoo_bootstrap
2024-11-28,60.09999847,63,59.59999847,60,562037,0,1,58.26864432,yahoo_bootstrap
2024-11-29,59.70000076,61.09999847,59.29999924,61.09999847,217407,0,1,59.33690131,yahoo_bootstrap
2024-12-02,61.40000153,61.40000153,59.79999924,60.20000076,182064,0,1,58.46287387,yahoo_bootstrap
2024-12-03,60.20000076,61.40000153,60.20000076,61.29999924,230091,0,1,59.53113087,yahoo_bootstrap
2024-12-04,61.5,63.59999847,60.79999924,62.59999847,642448,0,1,60.79361742,yahoo_bootstrap
2024-12-05,63.20000076,63.40000153,61.40000153,62.90000153,427277,0,1,61.08496361,yahoo_bootstrap
2024-12-06,63.70000076,65,61.90000153,61.90000153,1284082,0,1,60.11381954,yahoo_bootstrap
2024-12-09,61.5,63,60.59999847,63,558500,0,1,61.18207653,yahoo_bootstrap
2024-12-10,62.40000153,63.29999924,61.59999847,63,528487,0,1,61.18207653,yahoo_bootstrap
2024-12-11,62.29999924,63.29999924,62.20000076,63.29999924,489333,0,1,61.47341902,yahoo_bootstrap
2024-12-12,63.70000076,65.19999695,62.79999924,63.5,1282822,0,1,61.66764857,yahoo_bootstrap
2024-12-13,62.59999847,63.5,61,61.09999847,842998,0,1,59.33690131,yahoo_bootstrap
2024-12-16,61.09999847,61.09999847,59,59,443101,0,1,57.29750024,yahoo_bootstrap
2024-12-17,59,59.20000076,57.59999847,57.59999847,454232,0,1,55.93789706,yahoo_bootstrap
2024-12-18,57.5,57.59999847,56.20000076,57,328009,0,1,55.3552121,yahoo_bootstrap
2024-12-19,57,57,55.40000153,56,265428,0,1,54.38406803,yahoo_bootstrap
2024-12-20,55.59999847,56.40000153,54.90000153,55.70000076,336059,0,1,54.09272554,yahoo_bootstrap
2024-12-23,55.70000076,57.20000076,55.70000076,56.5,195004,0,1,54.86964006,yahoo_bootstrap
2024-12-24,56.90000153,57.5,56.29999924,56.5,128101,0,1,54.86964006,yahoo_bootstrap
2024-12-25,56.20000076,56.90000153,56.09999847,56.70000076,104162,0,1,55.06386962,yahoo_bootstrap
2024-12-26,56.59999847,57.40000153,56.59999847,56.70000076,151176,0,1,55.06386962,yahoo_bootstrap
2024-12-27,56.79999924,56.79999924,55,55,253002,0,1,53.41292396,yahoo_bootstrap
2024-12-30,55,55.90000153,55,55,114212,0,1,53.41292396,yahoo_bootstrap
2024-12-31,55,55,53.59999847,53.90000153,445791,0,1,52.34466696,yahoo_bootstrap
2025-01-02,53.59999847,54.09999847,53.40000153,54,169156,0,1,52.44177988,yahoo_bootstrap
2025-01-03,54,54.5,53.20000076,53.29999924,199099,0,1,51.7619783,yahoo_bootstrap
2025-01-06,53.29999924,54.5,53.20000076,53.90000153,78114,0,1,52.34466696,yahoo_bootstrap
2025-01-07,53.90000153,54.20000076,53.20000076,53.20000076,177403,0,1,51.66486536,yahoo_bootstrap
2025-01-08,53.20000076,54.70000076,53.20000076,54.70000076,233642,0,1,53.12158147,yahoo_bootstrap
2025-01-09,54.70000076,54.90000153,53.5,53.59999847,266111,0,1,52.05332077,yahoo_bootstrap
2025-01-10,53.79999924,53.90000153,53.20000076,53.40000153,122307,0,1,51.85909493,yahoo_bootstrap
2025-01-13,52.70000076,53.09999847,51.79999924,52,339094,0,1,50.49949174,yahoo_bootstrap
2025-01-14,52,53,51.90000153,52.90000153,132302,0,1,51.37352289,yahoo_bootstrap
2025-01-15,53.40000153,53.90000153,52.5,52.79999924,138126,0,1,51.27640626,yahoo_bootstrap
2025-01-16,53.20000076,53.5,52.79999924,52.79999924,81120,0,1,51.27640626,yahoo_bootstrap
2025-01-17,52.79999924,53.59999847,52.79999924,52.90000153,52007,0,1,51.37352289,yahoo_bootstrap
2025-01-20,53,54.09999847,52.79999924,53.79999924,109624,0,1,52.24755033,yahoo_bootstrap
2025-01-21,53.90000153,55.79999924,53.79999924,54.40000153,208039,0,1,52.830239,yahoo_bootstrap
2025-01-22,54.70000076,54.90000153,54.20000076,54.5,105100,0,1,52.92735192,yahoo_bootstrap
2025-02-03,54.40000153,54.40000153,53,53.5,114012,0,1,51.95620785,yahoo_bootstrap
2025-02-04,53.70000076,53.79999924,53,53,93020,0,1,51.47063581,yahoo_bootstrap
2025-02-05,53.20000076,53.90000153,53.20000076,53.5,70050,0,1,51.95620785,yahoo_bootstrap
2025-02-06,53.5,53.90000153,53.20000076,53.59999847,104433,0,1,52.05332077,yahoo_bootstrap
2025-02-07,53.20000076,53.79999924,53.20000076,53.70000076,61688,0,1,52.1504374,yahoo_bootstrap
2025-02-10,56.09999847,56.09999847,54.79999924,55.70000076,323391,0,1,54.09272554,yahoo_bootstrap
2025-02-11,55.70000076,56.5,55.70000076,56.09999847,152205,0,1,54.48118095,yahoo_bootstrap
2025-02-12,55.70000076,56.5,55.40000153,55.40000153,187006,0,1,53.80138307,yahoo_bootstrap
2025-02-13,55.59999847,56.90000153,55.5,56.5,230166,0,1,54.86964006,yahoo_bootstrap
2025-02-14,56.5,56.59999847,56,56.5,131138,0,1,54.86964006,yahoo_bootstrap
2025-02-17,56.70000076,57.09999847,56.5,56.90000153,161265,0,1,55.25809918,yahoo_bootstrap
2025-02-18,56.90000153,62.5,56.90000153,62.5,3423617,0,1,60.6965045,yahoo_bootstrap
2025-02-19,63.5,63.59999847,61.5,61.90000153,3095605,0,1,60.11381954,yahoo_bootstrap
2025-02-20,61.79999924,62.5,61,61.79999924,487389,0,1,60.01670291,yahoo_bootstrap
2025-02-21,61.79999924,62.29999924,61,61.59999847,385263,0,1,59.82247335,yahoo_bootstrap
2025-02-24,61,61.79999924,60.29999924,60.5,391883,0,1,58.75421635,yahoo_bootstrap
2025-02-25,60.5,61.59999847,59.59999847,59.59999847,610355,0,1,57.8801852,yahoo_bootstrap
2025-02-26,59.59999847,59.79999924,58.70000076,58.90000153,385100,0,1,57.20038732,yahoo_bootstrap
2025-02-27,59.29999924,59.90000153,58.5,58.5,221091,0,1,56.81192821,yahoo_bootstrap
2025-03-03,58.20000076,58.40000153,57.59999847,58.20000076,176999,0,1,56.52058572,yahoo_bootstrap
2025-03-04,58,58.59999847,56.79999924,58.5,244278,0,1,56.81192821,yahoo_bootstrap
2025-03-05,58.70000076,59.5,58.20000076,59.40000153,228197,0,1,57.68595936,yahoo_bootstrap
2025-03-06,59.5,59.5,58.59999847,58.70000076,152005,0,1,57.00615776,yahoo_bootstrap
2025-03-07,58.5,58.5,57.40000153,57.40000153,162023,0,1,55.74367121,yahoo_bootstrap
2025-03-10,57.40000153,57.59999847,56.70000076,56.79999924,227211,0,1,55.16098255,yahoo_bootstrap
2025-03-11,55.09999847,55.5,54.20000076,55.40000153,260459,0,1,53.80138307,yahoo_bootstrap
2025-03-12,55.40000153,56,55.09999847,55.09999847,120033,0,1,53.51003688,yahoo_bootstrap
2025-03-13,55.09999847,55.20000076,53.5,53.90000153,324479,0,1,52.34466696,yahoo_bootstrap
2025-03-14,53.90000153,54.20000076,53.40000153,53.90000153,149034,0,1,52.34466696,yahoo_bootstrap
2025-03-17,54.5,54.5,53.40000153,53.40000153,178063,0,1,51.85909493,yahoo_bootstrap
2025-03-18,53.70000076,54.09999847,53.40000153,53.70000076,101162,0,1,52.1504374,yahoo_bootstrap
2025-03-19,53.90000153,54.09999847,53.59999847,53.59999847,167963,0,1,52.05332077,yahoo_bootstrap
2025-03-20,54.20000076,54.29999924,53.79999924,54,82098,0,1,52.44177988,yahoo_bootstrap
2025-03-21,54.20000076,54.20000076,53.79999924,53.90000153,64089,0,1,52.34466696,yahoo_bootstrap
2025-03-24,53.90000153,54.5,53.79999924,54,117051,0,1,52.44177988,yahoo_bootstrap
2025-03-25,54.20000076,54.29999924,53.40000153,53.59999847,161018,0,1,52.05332077,yahoo_bootstrap
2025-03-26,53.59999847,54.20000076,53.59999847,53.90000153,94088,0,1,52.34466696,yahoo_bootstrap
2025-03-27,54.40000153,54.40000153,53,53,163519,0,1,51.47063581,yahoo_bootstrap
2025-03-28,53,53.90000153,51.29999924,53.79999924,416488,0,1,52.24755033,yahoo_bootstrap
2025-03-31,52.20000076,53.20000076,51.20000076,51.40000153,432133,0,1,49.91680678,yahoo_bootstrap
2025-04-01,51.40000153,53,51.40000153,52.79999924,214202,0,1,51.27640626,yahoo_bootstrap
2025-04-02,52.59999847,54.40000153,52.59999847,54.40000153,239456,0,1,52.830239,yahoo_bootstrap
2025-04-07,49,49,49,49,40754,0,1,47.58605952,yahoo_bootstrap
2025-04-08,44.09999847,44.70000076,44.09999847,44.09999847,577388,0,1,42.82745209,yahoo_bootstrap
2025-04-09,41.09999847,42.20000076,39.70000076,39.70000076,640229,0,1,38.55442039,yahoo_bootstrap
2025-04-10,43.20000076,43.65000153,41.90000153,43.65000153,350191,0,1,42.39044023,yahoo_bootstrap
2025-04-11,43.65000153,44.25,40.70000076,44.20000076,320088,0,1,42.92456872,yahoo_bootstrap
2025-04-14,45.20000076,46.45000076,44.29999924,44.34999847,259397,0,1,43.0702381,yahoo_bootstrap
2025-04-15,44.45000076,46.34999847,44.45000076,46.25,237092,0,1,44.91541333,yahoo_bootstrap
2025-04-16,46.5,46.70000076,45,45.90000153,135004,0,1,44.57551439,yahoo_bootstrap
2025-04-17,45.09999847,45.5,44.70000076,45.25,109020,0,1,43.94426925,yahoo_bootstrap
2025-04-18,45.25,45.5,45,45.15000153,104002,0,1,43.84715633,yahoo_bootstrap
2025-04-21,45.15000153,45.15000153,43.29999924,43.29999924,103033,0,1,42.05053758,yahoo_bootstrap
2025-04-22,42.59999847,43.20000076,41.15000153,42.54999924,78003,0,1,41.32217952,yahoo_bootstrap
2025-04-23,43.75,44,43.15000153,43.40000153,115049,0,1,42.14765421,yahoo_bootstrap
2025-04-24,43.95000076,43.95000076,42.59999847,42.90000153,88009,0,1,41.66208217,yahoo_bootstrap
2025-04-25,43.65000153,43.84999847,43.20000076,43.40000153,138161,0,1,42.14765421,yahoo_bootstrap
2025-04-28,43.40000153,44.59999847,43.34999847,44.20000076,126028,0,1,42.92456872,yahoo_bootstrap
2025-04-29,44.20000076,45.20000076,44.20000076,45.20000076,122001,0,1,43.89571279,yahoo_bootstrap
2025-04-30,45.20000076,45.70000076,44.65000153,44.79999924,98006,0,1,43.50725368,yahoo_bootstrap
2025-05-02,45.75,45.75,45.09999847,45.40000153,79304,0,1,44.08994235,yahoo_bootstrap
2025-05-05,45.45000076,45.54999924,43.25,43.79999924,155126,0,1,42.53610961,yahoo_bootstrap
2025-05-06,42.90000153,44.70000076,42.90000153,44.04999924,94009,0,1,42.77889563,yahoo_bootstrap
2025-05-07,44,44.09999847,43.5,43.70000076,37001,0,1,42.43899668,yahoo_bootstrap
2025-05-08,43.54999924,44.79999924,43.54999924,44.45000076,83097,0,1,43.16735474,yahoo_bootstrap
2025-05-09,46.29999924,47.5,45.90000153,46.5,304033,0,1,45.15819934,yahoo_bootstrap
2025-05-12,49.79999924,51.09999847,48.54999924,48.54999924,1093010,0,1,47.14904395,yahoo_bootstrap
2025-05-13,49.79999924,52.79999924,49.54999924,50.59999847,1091700,0,1,49.13988855,yahoo_bootstrap
2025-05-14,51,52.70000076,50.09999847,51.20000076,569100,0,1,49.72257722,yahoo_bootstrap
2025-05-15,52,52,50.20000076,50.59999847,344017,0,1,49.13988855,yahoo_bootstrap
2025-05-16,50.59999847,50.59999847,49.40000153,49.40000153,182649,0,1,47.97451864,yahoo_bootstrap
2025-05-19,49.25,50.79999924,48.65000153,50.20000076,298243,0,1,48.75143315,yahoo_bootstrap
2025-05-20,50.40000153,50.40000153,48.45000076,49.40000153,279080,0,1,47.97451864,yahoo_bootstrap
2025-05-21,49.40000153,49.40000153,48.95000076,49.15000153,51119,0,1,47.73173262,yahoo_bootstrap
2025-05-22,48.65000153,49.70000076,48.5,49.40000153,97000,0,1,47.97451864,yahoo_bootstrap
2025-05-23,50.29999924,50.29999924,49.25,49.40000153,137091,0,1,47.97451864,yahoo_bootstrap
2025-05-26,49.40000153,49.95000076,49.04999924,49.04999924,61347,0,1,47.63461599,yahoo_bootstrap
2025-05-27,49,49.90000153,48.70000076,48.79999924,71010,0,1,47.39182997,yahoo_bootstrap
2025-05-28,48.45000076,49.84999847,48.29999924,48.29999924,43533,0,1,46.90625794,yahoo_bootstrap
2025-05-29,48.45000076,48.54999924,47.79999924,47.90000153,50092,0,1,46.51780253,yahoo_bootstrap
2025-06-02,47.75,48.54999924,47,47.29999924,133465,0,1,45.93511386,yahoo_bootstrap
2025-06-03,47.15000153,47.79999924,47.15000153,47.40000153,37003,0,1,46.0322305,yahoo_bootstrap
2025-06-04,47.34999847,48.59999847,47.34999847,48.59999847,67100,0,1,47.19760041,yahoo_bootstrap
2025-06-05,48.54999924,52.20000076,48.54999924,50.20000076,765101,0,1,48.75143315,yahoo_bootstrap
2025-06-06,50.20000076,50.20000076,48.70000076,48.70000076,196035,0,1,47.29471704,yahoo_bootstrap
2025-06-09,50.29999924,50.29999924,47.34999847,47.34999847,198448,0,1,45.98367032,yahoo_bootstrap
2025-06-10,47.5,50.59999847,47.5,49.40000153,505225,0,1,47.97451864,yahoo_bootstrap
2025-06-11,50.40000153,50.40000153,48.90000153,49.40000153,341121,0,1,47.97451864,yahoo_bootstrap
2025-06-12,49.15000153,49.45000076,49.04999924,49.04999924,89838,0,1,47.63461599,yahoo_bootstrap
2025-06-13,48.79999924,48.79999924,47.29999924,47.29999924,236003,0,1,45.93511386,yahoo_bootstrap
2025-06-16,47.29999924,47.29999924,45.79999924,46.29999924,236185,0,1,44.96396979,yahoo_bootstrap
2025-06-17,46.29999924,47,46.09999847,46.15000153,157245,0,1,44.81830041,yahoo_bootstrap
2025-06-18,45.84999847,46.59999847,45.84999847,46.04999924,79301,0,1,44.72118377,yahoo_bootstrap
2025-06-19,46.04999924,46.04999924,45.29999924,45.34999847,167025,0,1,44.04138218,yahoo_bootstrap
2025-06-20,45.04999924,45.70000076,44.70000076,45.40000153,113532,0,1,44.08994235,yahoo_bootstrap
2025-06-23,44.59999847,45.15000153,44.09999847,44.65000153,121089,0,1,43.3615843,yahoo_bootstrap
2025-06-24,44.79999924,46.40000153,44.79999924,45.15000153,290020,0,1,43.84715633,yahoo_bootstrap
2025-06-25,46.04999924,48.59999847,45.25,48.59999847,929339,0.944915,1,48.20648251,yahoo_bootstrap
2025-06-26,50.79999924,53.40000153,50.09999847,53.40000153,1703330,0,1,52.96761977,yahoo_bootstrap
2025-06-27,55.40000153,57.79999924,53.40000153,55.29999924,7875264,0,1,54.85223313,yahoo_bootstrap
2025-06-30,55.29999924,55.29999924,52,52.29999924,1472479,0,1,51.87652424,yahoo_bootstrap
2025-07-01,52.59999847,57.40000153,51.5,53.59999847,2783427,0,1,53.16599733,yahoo_bootstrap
2025-07-02,53.59999847,54,51.40000153,51.40000153,1266679,0,1,50.98381384,yahoo_bootstrap
2025-07-03,51.70000076,52.09999847,50.79999924,51.09999847,694365,0,1,50.68623992,yahoo_bootstrap
2025-07-04,51.40000153,51.40000153,49.5,49.90000153,485060,0,1,49.4959594,yahoo_bootstrap
2025-07-07,49.90000153,51.09999847,49.20000076,49.70000076,277127,0,1,49.29757804,yahoo_bootstrap
2025-07-08,49.15000153,49.54999924,48.20000076,49.40000153,289192,0,1,49.00000792,yahoo_bootstrap
2025-07-09,51,51,49.84999847,50.29999924,527217,0,1,49.89271831,yahoo_bootstrap
2025-07-10,50.09999847,51.29999924,49.79999924,50.70000076,237301,0,1,50.28948101,yahoo_bootstrap
2025-07-11,51,52.90000153,50.59999847,51.5,391000,0,1,51.08300262,yahoo_bootstrap
2025-07-14,51.5,51.90000153,50.59999847,50.59999847,264079,0,1,50.19028844,yahoo_bootstrap
2025-07-15,50.5,52.20000076,50,50.40000153,518405,0,1,49.99191088,yahoo_bootstrap
2025-07-16,51.40000153,55.40000153,50.59999847,54.59999847,2591672,0,1,54.15790029,yahoo_bootstrap
2025-07-17,54.59999847,54.59999847,52.90000153,53.5,1226547,0,1,53.06680855,yahoo_bootstrap
2025-07-18,53.79999924,54.20000076,52.79999924,52.90000153,686073,0,1,52.47166829,yahoo_bootstrap
2025-07-21,52.90000153,53.70000076,51.70000076,53.29999924,491040,0,1,52.8684272,yahoo_bootstrap
2025-07-22,53,57.20000076,52.20000076,52.20000076,4983110,0,1,51.77733545,yahoo_bootstrap
2025-07-23,52.90000153,57.40000153,52.5,57.40000153,3639186,0,1,56.93523163,yahoo_bootstrap
2025-07-24,59.29999924,60.79999924,55.70000076,59.5,11064137,0,1,59.01822633,yahoo_bootstrap
2025-07-25,59,59.40000153,56.70000076,57.29999924,3089110,0,1,56.83603906,yahoo_bootstrap
2025-07-28,58.59999847,59.70000076,56.29999924,57,3847999,0,1,56.53846892,yahoo_bootstrap
2025-07-29,57.09999847,57.5,55.09999847,55.70000076,1704314,0,1,55.24899582,yahoo_bootstrap
2025-07-30,55.90000153,56.40000153,55,55.29999924,875069,0,1,54.85223313,yahoo_bootstrap
2025-07-31,55.40000153,57.29999924,55,55,1669101,0,1,54.554663,yahoo_bootstrap
2025-08-04,55.59999847,56.20000076,55.09999847,55.70000076,577107,0,1,55.24899582,yahoo_bootstrap
2025-08-05,55.90000153,58.09999847,55.90000153,56.79999924,1649147,0,1,56.34008758,yahoo_bootstrap
2025-08-06,56.90000153,60.09999847,56.90000153,57.79999924,3453020,0,1,57.33199054,yahoo_bootstrap
2025-08-07,58.29999924,60.70000076,57,57,6331211,0,1,56.53846892,yahoo_bootstrap
2025-08-08,57.40000153,57.79999924,56.5,56.90000153,1000363,0,1,56.43928014,yahoo_bootstrap
2025-08-11,55.40000153,59.20000076,54.59999847,58.70000076,2761503,0,1,58.22470471,yahoo_bootstrap
2025-08-12,59,59.70000076,58.09999847,58.59999847,1856032,0,1,58.12551215,yahoo_bootstrap
2025-08-13,59.29999924,59.79999924,57.40000153,58.20000076,1433324,0,1,57.72875323,yahoo_bootstrap
2025-08-14,58.5,58.79999924,56.90000153,57.20000076,990165,0,1,56.73685027,yahoo_bootstrap
2025-08-15,57.40000153,58,57,57.5,532506,0,1,57.0344204,yahoo_bootstrap
2025-08-18,57.59999847,59.29999924,57.59999847,59,1071128,0,1,58.52227485,yahoo_bootstrap
2025-08-19,59,59.20000076,57.59999847,58.20000076,685124,0,1,57.72875323,yahoo_bootstrap
2025-08-20,57.79999924,58.09999847,56,56.20000076,1199063,0,1,55.74494731,yahoo_bootstrap
2025-08-21,56.40000153,58.09999847,56.40000153,56.5,528002,0,1,56.04251744,yahoo_bootstrap
2025-08-22,56.59999847,57,55.70000076,55.70000076,465050,0,1,55.24899582,yahoo_bootstrap
2025-08-25,56.29999924,57.5,56.29999924,56.79999924,440220,0,1,56.34008758,yahoo_bootstrap
2025-08-26,56.79999924,57,55.90000153,56.40000153,329261,0,1,55.94332866,yahoo_bootstrap
2025-08-27,56.59999847,57.70000076,56.5,56.59999847,353412,0,1,56.14170622,yahoo_bootstrap
2025-08-28,56.79999924,57.40000153,56.40000153,57.09999847,320256,0,1,56.6376577,yahoo_bootstrap
2025-08-29,57.40000153,57.40000153,55.20000076,55.90000153,801135,0,1,55.44737718,yahoo_bootstrap
2025-09-01,55.90000153,59.70000076,55.90000153,57.90000153,2069361,0,1,57.43118311,yahoo_bootstrap
2025-09-02,58.09999847,58.59999847,56.40000153,58.29999924,825330,0,1,57.82794202,yahoo_bootstrap
2025-09-03,58,60.5,58,60,1875850,0,1,59.51417781,yahoo_bootstrap
2025-09-04,60.09999847,60.5,58.5,58.59999847,987091,0,1,58.12551215,yahoo_bootstrap
2025-09-05,58.79999924,64.40000153,58.09999847,63.40000153,4246794,0,1,62.88664941,yahoo_bootstrap
2025-09-08,63.40000153,65,61.40000153,64.80000305,2054403,0,1,64.27531506,yahoo_bootstrap
2025-09-09,70.69999695,70.80000305,65.69999695,67.80000305,5035669,0,1,67.25102395,yahoo_bootstrap
2025-09-10,68.59999847,68.69999695,66.59999847,67.19999695,1813441,0,1,66.65587613,yahoo_bootstrap
2025-09-11,69.90000153,69.90000153,65.09999847,65.80000305,2264262,0,1,65.26721803,yahoo_bootstrap
2025-09-12,66,66.40000153,63.59999847,64.19999695,1311776,0,1,63.68016724,yahoo_bootstrap
2025-09-15,65.5,67,64.30000305,65.5,1116224,0,1,64.96964411,yahoo_bootstrap
2025-09-16,66,67.30000305,64.5,64.5,894436,0,1,63.97774115,yahoo_bootstrap
2025-09-17,65.09999847,65.09999847,62.79999924,63.59999847,651111,0,1,63.08502696,yahoo_bootstrap
2025-09-18,63.59999847,64.30000305,63.20000076,64.09999847,578207,0,1,63.58097845,yahoo_bootstrap
2025-09-19,64.5,65.59999847,63.09999847,64.59999847,668458,0,1,64.07692993,yahoo_bootstrap
2025-09-22,64.69999695,64.90000153,63.59999847,64.09999847,484198,0,1,63.58097845,yahoo_bootstrap
2025-09-23,64.09999847,65.59999847,63.59999847,64.59999847,554300,0,1,64.07692993,yahoo_bootstrap
2025-09-24,64.5,67.80000305,64.5,67.80000305,1262254,0,1,67.25102395,yahoo_bootstrap
2025-09-25,68,72.90000153,65.90000153,71.30000305,6624045,0,1,70.72268433,yahoo_bootstrap
2025-09-26,70.19999695,75,66.09999847,73.09999847,5447895,0,1,72.50810512,yahoo_bootstrap
2025-09-30,73.69999695,75.59999847,68.09999847,69.5,5692649,0,1,68.93725597,yahoo_bootstrap
2025-10-01,69.5,69.90000153,67.90000153,68.30000305,1702700,0,1,67.74697544,yahoo_bootstrap
2025-10-02,68.80000305,69.80000305,68,68.80000305,947619,0,1,68.24292692,yahoo_bootstrap
2025-10-03,68.40000153,69.80000305,68.40000153,69.80000305,647506,0,1,69.23482988,yahoo_bootstrap
2025-10-07,69.80000305,71.59999847,68,69.40000153,1508536,0,1,68.83806719,yahoo_bootstrap
2025-10-08,69.40000153,71,68.69999695,70.59999847,951469,0,1,70.02834771,yahoo_bootstrap
2025-10-09,72.90000153,74,71.40000153,72.5,2401531,0,1,71.91296486,yahoo_bootstrap
2025-10-13,72.09999847,77,70,70.09999847,6534500,0,1,69.53239623,yahoo_bootstrap
2025-10-14,70.30000305,75.09999847,67.59999847,67.59999847,5828110,0,1,67.05263882,yahoo_bootstrap
2025-10-15,68,69.59999847,67,68.5,1920861,0,1,67.945353,yahoo_bootstrap
2025-10-16,68.69999695,70.30000305,67.30000305,67.59999847,1471337,0,1,67.05263882,yahoo_bootstrap
2025-10-17,67.30000305,68.40000153,66.19999695,67.30000305,1016062,0,1,66.75507247,yahoo_bootstrap
2025-10-20,67.40000153,67.80000305,66.69999695,66.69999695,630854,0,1,66.15992464,yahoo_bootstrap
2025-10-21,66.40000153,69.19999695,66.40000153,67.19999695,1300156,0,1,66.65587613,yahoo_bootstrap
2025-10-22,67.90000153,67.90000153,65.19999695,65.80000305,971638,0,1,65.26721803,yahoo_bootstrap
2025-10-23,65.5,66.30000305,64.90000153,65.40000153,434200,0,1,64.87045533,yahoo_bootstrap
2025-10-27,65.5,66.69999695,64.90000153,65.80000305,533153,0,1,65.26721803,yahoo_bootstrap
2025-10-28,65.80000305,66,64.19999695,65.19999695,469731,0,1,64.6720702,yahoo_bootstrap
2025-10-29,65.80000305,66.5,64.69999695,65.40000153,520156,0,1,64.87045533,yahoo_bootstrap
2025-10-30,65,65.69999695,63.79999924,63.79999924,477693,0,1,63.28340832,yahoo_bootstrap
2025-10-31,64.69999695,65.19999695,63.70000076,64.09999847,449034,0,1,63.58097845,yahoo_bootstrap
2025-11-03,64,64,63,63.59999847,524163,0,1,63.08502696,yahoo_bootstrap
2025-11-04,63.70000076,65.30000305,63.09999847,63.09999847,551687,0,1,62.58907548,yahoo_bootstrap
2025-11-05,63,63,61.59999847,62.5,432456,0,1,61.99393522,yahoo_bootstrap
2025-11-06,62.5,63.90000153,62.5,63.40000153,383005,0,1,62.88664941,yahoo_bootstrap
2025-11-07,63.40000153,65.40000153,63.40000153,64.90000153,557302,0,1,64.37450385,yahoo_bootstrap
2025-11-10,65.09999847,67.40000153,65.09999847,65.40000153,1153558,0,1,64.87045533,yahoo_bootstrap
2025-11-11,66,69,66,67.09999847,1540451,0,1,66.55668734,yahoo_bootstrap
2025-11-12,67.80000305,72.19999695,67.80000305,70,2570006,0,1,69.43320745,yahoo_bootstrap
2025-11-13,70.59999847,72.80000305,69.69999695,72.5,2626805,0,1,71.91296486,yahoo_bootstrap
2025-11-14,71.19999695,73,70.59999847,71.90000153,1375095,0,1,71.3178246,yahoo_bootstrap
2025-11-17,72,72,69.69999695,71,1157287,0,1,70.42511041,yahoo_bootstrap
2025-11-18,71.19999695,71.30000305,67.30000305,67.90000153,1524036,0,1,67.35021274,yahoo_bootstrap
2025-11-19,68.59999847,68.59999847,65.59999847,66,725748,0,1,65.4655956,yahoo_bootstrap
2025-11-20,67.90000153,67.90000153,66.5,67.09999847,409094,0,1,66.55668734,yahoo_bootstrap
2025-11-21,66.59999847,66.59999847,64.30000305,65,671075,0,1,64.47369263,yahoo_bootstrap
2025-11-24,67,67,64,64,423039,0,1,63.48178967,yahoo_bootstrap
2025-11-25,64.69999695,65,63.5,64.09999847,432811,0,1,63.58097845,yahoo_bootstrap
2025-11-26,64.30000305,65.80000305,64.30000305,65.40000153,304026,0,1,64.87045533,yahoo_bootstrap
2025-11-27,65.40000153,68.30000305,65.40000153,68.30000305,683201,0,1,67.74697544,yahoo_bootstrap
2025-11-28,68.5,69.19999695,67.30000305,68.40000153,467157,0,1,67.84616423,yahoo_bootstrap
2025-12-01,68.5,71.40000153,68.09999847,69.09999847,876002,0,1,68.54049326,yahoo_bootstrap
2025-12-02,69.69999695,71,69.09999847,70.30000305,908304,0,1,69.73078136,yahoo_bootstrap
2025-12-03,70.59999847,71.59999847,68.69999695,69.40000153,687091,0,1,68.83806719,yahoo_bootstrap
2025-12-04,70.19999695,70.30000305,68.30000305,69.19999695,443100,0,1,68.63968205,yahoo_bootstrap
2025-12-05,69.19999695,69.30000305,67.59999847,68.19999695,404458,0,1,67.64777909,yahoo_bootstrap
2025-12-08,69.30000305,69.40000153,67.5,69.09999847,475830,0,1,68.54049326,yahoo_bootstrap
2025-12-09,70.52051544,75.59321594,70.42105103,75.39428711,5606251,0,1,74.78381682,yahoo_bootstrap
2025-12-10,74.69803619,74.79750061,69.82426453,70.52051544,3651941,0,1,69.94950826,yahoo_bootstrap
2025-12-11,71.01783752,74.00178528,71.01783752,71.61463165,2062040,0,1,71.03476537,yahoo_bootstrap
2025-12-12,71.61463165,71.61463165,67.33764648,68.13336182,1853453,0,1,67.58168351,yahoo_bootstrap
2025-12-15,66.74085236,69.42639923,65.44781494,69.2274704,975321,0,1,68.66693305,yahoo_bootstrap
2025-12-16,69.2274704,69.82426453,66.34299469,67.33764648,794261,0,1,66.7924111,yahoo_bootstrap
2025-12-17,67.53657532,68.53121948,66.64138794,66.84031677,675015,0,1,66.29910829,yahoo_bootstrap
2025-12-18,66.59999847,68.19999695,66.19999695,67.59999847,523112,0,1,67.05263882,yahoo_bootstrap
2025-12-19,68,69.30000305,67,67.30000305,603363,0,1,66.75507247,yahoo_bootstrap
2025-12-22,67.59999847,68.80000305,66.80000305,67.09999847,716338,0,1,66.55668734,yahoo_bootstrap
2025-12-23,67.80000305,69.5,66.80000305,69.40000153,745795,0,1,68.83806719,yahoo_bootstrap
2025-12-24,70.59999847,71.59999847,68.09999847,68.40000153,1145001,0,1,67.84616423,yahoo_bootstrap
2025-12-26,68.69999695,70.30000305,67.59999847,67.59999847,925004,0,1,67.05263882,yahoo_bootstrap
2025-12-29,68.09999847,68.69999695,66.59999847,66.90000153,663574,0,1,66.35830978,yahoo_bootstrap
2025-12-30,66.69999695,66.80000305,64.90000153,65.90000153,897230,0,1,65.36640682,yahoo_bootstrap
2025-12-31,66.69999695,66.69999695,64.69999695,65.19999695,601003,0,1,64.6720702,yahoo_bootstrap
2026-01-02,65.19999695,68.80000305,65.19999695,68.19999695,1112290,0,1,67.64777909,yahoo_bootstrap
2026-01-05,68.80000305,70.40000153,67.5,68.09999847,906385,0,1,67.5485903,yahoo_bootstrap
2026-01-06,69.09999847,69.59999847,67.80000305,68.80000305,847585,0,1,68.24292692,yahoo_bootstrap
2026-01-07,69.19999695,72.5,69.19999695,70.30000305,2906329,0,1,69.73078136,yahoo_bootstrap
2026-01-08,70.30000305,70.5,67,67.5,1469230,0,1,66.95345004,yahoo_bootstrap
2026-01-09,67.5,69.5,67.5,68.09999847,733329,0,1,67.5485903,yahoo_bootstrap
2026-01-12,68.90000153,73,68.19999695,71.30000305,2009966,0,1,70.72268433,yahoo_bootstrap
2026-01-13,71.90000153,72.40000153,69.69999695,72.19999695,1672861,0,1,71.61539094,yahoo_bootstrap
2026-01-14,72.19999695,73.90000153,71,72.30000305,1610656,0,1,71.71458729,yahoo_bootstrap
2026-01-15,72.30000305,73.09999847,71.80000305,72.69999695,764079,0,1,72.11134243,yahoo_bootstrap
2026-01-16,73.80000305,79.90000153,72.69999695,74,4602819,0,1,73.4008193,yahoo_bootstrap
2026-01-19,74,75.5,72.5,75.09999847,1666971,0,1,74.49191105,yahoo_bootstrap
2026-01-20,75.19999695,79.69999695,74.90000153,78.59999847,3796278,0,1,77.96357142,yahoo_bootstrap
2026-01-21,75.59999847,80.30000305,74.19999695,77.30000305,2531295,0,1,76.67410211,yahoo_bootstrap
2026-01-22,77.80000305,78.59999847,73.40000153,78,4217861,0,1,77.36843116,yahoo_bootstrap
2026-01-23,78,78,75,75,1789106,0,1,74.39272227,yahoo_bootstrap
2026-01-26,75,76.59999847,74,76,1070823,0,1,75.38462523,yahoo_bootstrap
2026-01-27,76.09999847,76.09999847,72.69999695,72.90000153,1160165,0,1,72.30972756,yahoo_bootstrap
2026-01-28,74.30000305,76,73.5,73.80000305,1364492,0,1,73.20244174,yahoo_bootstrap
2026-01-29,74.40000153,75.40000153,71.09999847,71.09999847,1483435,0,1,70.52429919,yahoo_bootstrap
2026-01-30,71,71.09999847,67.69999695,67.69999695,1410102,0,1,67.15182761,yahoo_bootstrap
2026-02-02,67.69999695,67.69999695,65.09999847,65.5,987029,0,1,64.96964411,yahoo_bootstrap
2026-02-03,67,68.69999695,65,66.90000153,1074290,0,1,66.35830978,yahoo_bootstrap
2026-02-04,66.90000153,68.69999695,66.40000153,67.40000153,633037,0,1,66.85426126,yahoo_bootstrap
2026-02-05,66.59999847,68.59999847,64.19999695,64.5,1250882,0,1,63.97774115,yahoo_bootstrap
2026-02-06,65,65,61.70000076,62.90000153,1073079,0,1,62.39069793,yahoo_bootstrap
2026-02-09,67.09999847,69.09999847,66.90000153,69.09999847,2647529,0,1,68.54049326,yahoo_bootstrap
2026-02-10,68.90000153,72.40000153,67.09999847,68.59999847,3294815,0,1,68.04454178,yahoo_bootstrap
2026-02-11,69,69.09999847,67,68,1067091,0,1,67.44940152,yahoo_bootstrap
2026-02-23,69.09999847,72.80000305,68.69999695,71.09999847,1385852,0,1,70.52429919,yahoo_bootstrap
2026-02-24,71.30000305,74.40000153,71.30000305,74.09999847,1814550,0,1,73.50000808,yahoo_bootstrap
2026-02-25,74.5,77.59999847,74.19999695,76.40000153,2315461,0,1,75.78138793,yahoo_bootstrap
2026-02-26,75.69999695,78.30000305,75.09999847,77.5,1761583,0,1,76.87247968,yahoo_bootstrap
2026-03-02,73.19999695,80.90000153,72.80000305,79.09999847,3477831,0,1,78.4595229,yahoo_bootstrap
2026-03-03,78.59999847,79.09999847,74,74.40000153,2241710,0,1,73.79758201,yahoo_bootstrap
2026-03-04,71.90000153,72.69999695,67.59999847,67.69999695,1789177,0,1,67.15182761,yahoo_bootstrap
2026-03-05,70.09999847,72.80000305,69.30000305,71.30000305,1411250,0,1,70.72268433,yahoo_bootstrap
2026-03-06,71.19999695,72.80000305,69.90000153,69.90000153,1054486,0,1,69.33401867,yahoo_bootstrap
2026-03-09,65.19999695,67.30000305,64.5,65.59999847,1354056,0,1,65.06883289,yahoo_bootstrap
2026-03-10,68.30000305,71.80000305,67.59999847,71.80000305,1318549,0,1,71.21863581,yahoo_bootstrap
2026-03-11,73.09999847,77.90000153,72,76.5,2497382,0,1,75.88057671,yahoo_bootstrap
2026-03-12,76.69999695,78,75.30000305,75.90000153,1471564,0,1,75.28543645,yahoo_bootstrap
2026-03-13,73.5,79,73.09999847,77.90000153,2162416,0,1,77.26924238,yahoo_bootstrap
2026-03-16,79,81.09999847,77.19999695,78.19999695,2792671,0,1,77.56680873,yahoo_bootstrap
2026-03-17,78.30000305,80.90000153,78,78.19999695,2415168,0,1,77.56680873,yahoo_bootstrap
2026-03-18,81,82.90000153,78.90000153,82.90000153,5194426,0,1,82.2287572,yahoo_bootstrap
2026-03-19,81.30000305,91.09999847,79.40000153,83.19999695,13292224,0,1,82.52632354,yahoo_bootstrap
2026-03-20,87.19999695,89.5,81,82.80000305,5178420,0,1,82.12956841,yahoo_bootstrap
2026-03-23,80.30000305,90.59999847,80.19999695,85.59999847,7003621,0,1,84.90689216,yahoo_bootstrap
2026-03-24,88.90000153,89.80000305,80.59999847,86.90000153,9014616,0,1,86.19636905,yahoo_bootstrap
2026-03-25,90.59999847,92,85,85,12647703,0,1,84.3117519,yahoo_bootstrap
2026-03-26,85.19999695,86.30000305,83.09999847,83.40000153,3438012,0,1,82.72470868,yahoo_bootstrap
2026-03-27,83,86.5,82.69999695,85.19999695,4809925,0,1,84.51012947,yahoo_bootstrap
2026-03-30,83.09999847,84.5,80.59999847,81.80000305,3179942,0,1,81.13766544,yahoo_bootstrap
2026-03-31,80.19999695,81.80000305,75.59999847,77.5,3713381,0,1,76.87247968,yahoo_bootstrap
2026-04-01,80,81.5,78.09999847,78.09999847,1684109,0,1,77.46761994,yahoo_bootstrap
2026-04-02,78.09999847,78.59999847,75.80000305,76.40000153,1428154,0,1,75.78138793,yahoo_bootstrap
2026-04-07,77.80000305,78.69999695,74.90000153,75,1355181,0,1,74.39272227,yahoo_bootstrap
2026-04-08,77.40000153,79.80000305,75.59999847,79.19999695,2151500,0,1,78.55871169,yahoo_bootstrap
2026-04-09,80.59999847,86.19999695,79.69999695,82.69999695,4959210,0,1,82.03037206,yahoo_bootstrap
2026-04-10,83,84.69999695,81.69999695,84.59999847,2960406,0,1,83.9149892,yahoo_bootstrap
2026-04-13,85.5,90.80000305,84.69999695,88.5,6725597,0,1,87.78341228,yahoo_bootstrap
2026-04-14,90.69999695,91.40000153,87,88.90000153,4906002,0,1,88.18017498,yahoo_bootstrap
2026-04-15,90,90.90000153,86.30000305,87.40000153,3911614,0,1,86.69232053,yahoo_bootstrap
2026-04-16,87,93,86.90000153,89.40000153,4689010,0,1,88.67612646,yahoo_bootstrap
2026-04-17,89.59999847,90.80000305,87.59999847,90.40000153,2796567,0,1,89.66802942,yahoo_bootstrap
2026-04-20,92.09999847,94.5,89.40000153,92.5,7947493,0,1,91.75102413,yahoo_bootstrap
2026-04-21,93,94.09999847,91.5,92.40000153,3654167,0,1,91.65183535,yahoo_bootstrap
2026-04-22,92.40000153,95.90000153,91.59999847,95.30000305,5835524,0,1,94.52835545,yahoo_bootstrap
2026-04-23,102,104.5,92.90000153,100.5,20033898,0,1,99.68624784,yahoo_bootstrap
2026-04-24,99.19999695,99.19999695,90.5,90.5,10482689,0,1,89.7672182,yahoo_bootstrap
2026-04-27,89,89.19999695,82.30000305,84.30000305,5956679,0,1,83.61742285,yahoo_bootstrap
2026-04-28,84.69999695,85.90000153,83,83,3072145,0,1,82.32794598,yahoo_bootstrap
2026-04-29,83,86.80000305,82.59999847,85.19999695,2765564,0,1,84.51012947,yahoo_bootstrap
2026-04-30,85.30000305,86.59999847,84.30000305,84.80000305,1954395,0,1,84.11337434,yahoo_bootstrap
2026-05-04,85.30000305,88.5,84.69999695,87.09999847,2022650,0,1,86.39474661,yahoo_bootstrap
2026-05-05,87,92.5,86.5,91.69999695,3277848,0,1,90.95749873,yahoo_bootstrap
2026-05-06,93,95.59999847,88.80000305,90.90000153,5671517,0,1,90.16398091,yahoo_bootstrap
2026-05-07,91.5,93.80000305,90.30000305,93.09999847,3412378,0,1,92.34616439,yahoo_bootstrap
2026-05-08,93.30000305,95,84.30000305,86.90000153,6692023,0,1,86.19636905,yahoo_bootstrap
2026-05-11,93,95.5,93,95.5,3819670,0,1,94.72673302,yahoo_bootstrap
2026-05-12,95.5,102.5,94.59999847,101,14880667,0,1,100.18219932,yahoo_bootstrap
2026-05-13,99.90000153,107,97,101,10152033,0,1,100.18219932,yahoo_bootstrap
2026-05-14,103,108.5,99.09999847,101.5,6815427,0,1,100.6781508,yahoo_bootstrap
2026-05-15,103,104.5,95.80000305,96.30000305,5723469,0,1,95.52025842,yahoo_bootstrap
2026-05-18,95.5,96,92.19999695,93.69999695,2589496,0,1,92.94130466,yahoo_bootstrap
2026-05-19,93.59999847,96.69999695,92.59999847,94.80000305,2591426,0,1,94.03240397,yahoo_bootstrap
2026-05-20,94.80000305,96.80000305,91,91.5,3353267,0,1,90.75912117,yahoo_bootstrap
2026-05-21,93,96.19999695,93,94.59999847,2146467,0,1,93.83401884,yahoo_bootstrap
2026-05-22,96,103,95.19999695,101,5343782,0,1,100.18219932,yahoo_bootstrap
2026-05-25,104,107.5,99.19999695,106,6584312,0,1,105.14171414,yahoo_bootstrap
2026-05-26,105,108,103.5,105,3700981,0,1,104.14981117,yahoo_bootstrap
2026-05-27,106,107.5,100,104,5355334,0,1,103.15790821,yahoo_bootstrap
2026-05-28,104.5,105.5,97.59999847,98.19999695,4787896,0,1,97.404868,yahoo_bootstrap
2026-05-29,101,108,100,108,6670788,0,1,107.12552006,yahoo_bootstrap
2026-06-01,115,118.5,108,109,12778265,0,1,108.11742303,yahoo_bootstrap
2026-06-02,112,113,104.5,107.5,4525620,0,1,106.62956858,yahoo_bootstrap
2026-06-03,110,116.5,109,114.5,4969981,0,1,113.57288933,yahoo_bootstrap
2026-06-04,114.5,120,112,118.5,6426236,0,1,117.54050118,yahoo_bootstrap
2026-06-05,115.5,120.5,113,118,5944034,0,1,117.0445497,yahoo_bootstrap
2026-06-08,108,123,108,118.5,10547763,0,1,117.54050118,yahoo_bootstrap
2026-06-09,125,130,121,130,17279203,0,1,128.94738526,yahoo_bootstrap
2026-06-10,128.5,134.5,124,125,14734736,0,1,123.98787045,yahoo_bootstrap
2026-06-11,129,129,119.5,123.5,7801780,0,1,122.500016,yahoo_bootstrap
2026-06-12,127.5,129,119.5,121.5,6141437,0,1,120.51621007,yahoo_bootstrap
2026-06-15,124,131,120.5,122.5,6246273,0,1,121.50811304,yahoo_bootstrap
2026-06-16,125,128,115,116,6737374,0,1,115.06074377,yahoo_bootstrap
2026-06-17,116,124,115.5,123,5315971,0,1,122.00406452,yahoo_bootstrap
2026-06-18,127,127,122,123.5,3679701,0,1,122.500016,yahoo_bootstrap
2026-06-22,124,128,122,128,4441742,0.999984,1,128,yahoo_bootstrap
2026-06-23,127.5,127.5,120,122,4096281,0,1,122,yahoo_bootstrap
2026-06-24,122,122,118.5,121,1808712,0,1,121,yahoo_bootstrap
2026-06-25,121,122,113.5,113.5,4657964,0,1,113.5,yahoo_bootstrap
2026-06-26,112.5,116,105.5,106,4153711,0,1,106,yahoo_bootstrap
2026-06-29,109.5,110,103,105,2624868,0,1,105,yahoo_bootstrap
2026-06-30,107,115.5,106.5,114.5,3493621,0,1,114.5,yahoo_bootstrap
2026-07-01,114,116.5,111.5,111.5,2673339,0,1,111.5,yahoo_bootstrap
2026-07-02,110,113.5,108.5,111.5,1263591,0,1,111.5,yahoo_bootstrap
2026-07-03,110,115,110,113.5,1524260,0,1,113.5,yahoo_bootstrap
2026-07-06,114,119.5,113,115.5,3030050,0,1,115.5,yahoo_bootstrap
2026-07-07,116,119.5,107.5,107.5,3332138,0,1,107.5,yahoo_bootstrap
2026-07-08,107.5,112,104.5,110,2125873,0,1,110,yahoo_bootstrap
2026-07-09,106,108,99,99,7954494,0,1,99,yahoo_bootstrap
2026-07-10,99,99,99,99,0,0,1,99,yahoo_bootstrap
2026-07-13,99,100.5,93.69999695,94.90000153,3640536,0,1,94.90000153,yahoo_bootstrap
2026-07-14,93.5,95.30000305,88,91.30000305,3661929,0,1,91.30000305,yahoo_bootstrap
2026-07-15,93.5,93.69999695,91.19999695,92,1267010,0,1,92,yahoo_bootstrap
2026-07-16,90.80000305,92.30000305,89.90000153,90.40000153,992038,0,1,90.40000153,yahoo_bootstrap
2026-07-17,88.30000305,89,82.5,84.09999847,2619050,0,1,84.09999847,yahoo_bootstrap
2026-07-20,85.19999695,85.90000153,78.40000153,80.30000305,3037146,0,1,80.30000305,yahoo_bootstrap
2026-07-21,81.19999695,83.59999847,81,82.90000153,1484021,0,1,82.90000153,yahoo_bootstrap
2026-07-22,84,85.5,82.90000153,83,1154031,0,1,83,yahoo_bootstrap
2026-07-23,83.59999847,87.80000305,83.19999695,84.69999695,1539776,0,1,84.69999695,yahoo_bootstrap
2026-07-24,83.5,84.80000305,81.19999695,81.80000305,1055657,0,1,81.80000305,yahoo_bootstrap
2026-07-27,81.80000305,82.30000305,79.90000153,81.80000305,807500,0,1,81.80000305,yahoo_bootstrap
2026-07-28,79.69999695,79.80000305,75,75.40000153,2083412,0,1,75.40000153,yahoo_bootstrap
2026-07-29,76.59999847,76.59999847,68.69999695,71.5,2764176,0,1,71.5,yahoo_bootstrap
2026-07-30,71.5,73.19999695,68.80000305,69.09999847,1515612,0,1,69.09999847,yahoo_bootstrap
2026-07-31,74.80000305,76,73.59999847,76,1064554,0,1,76,yahoo_bootstrap
2026-08-03,76.80000305,80,75.69999695,79.19999695,1209247,0,1,79.19999695,yahoo_bootstrap
2026-08-04,78.5,82.90000153,78.40000153,82.59999847,1004705,0,1,82.59999847,yahoo_bootstrap
2026-08-05,83.59999847,87,83.59999847,85.90000153,1411763,0,1,85.90000153,yahoo_bootstrap
2026-08-06,86,87.80000305,85.19999695,87.5,1503315,0,1,87.5,yahoo_bootstrap
2026-08-07,88.40000153,90.5,84.09999847,84.19999695,3425362,0,1,84.19999695,yahoo_bootstrap
2026-08-10,85.30000305,88.80000305,85.30000305,87,2544285,0,1,87,yahoo_daily
2026-08-11,87,88.69999695,86.19999695,87.40000153,1519571,0,1,87.40000153,yahoo_daily
2026-08-12,87.69999695,89.19999695,86.59999847,87,1635312,0,1,87,yahoo_daily
2026-08-13,87.59999847,88.40000153,86.90000153,87.5,1234390,0,1,87.5,yahoo_daily
2026-08-14,87.5,91.40000153,86.30000305,89.19999695,2275312,0,1,89.19999695,yahoo_daily
2026-08-17,88.80000305,92.40000153,88.80000305,90.19999695,1629570,0,1,90.19999695,yahoo_daily
2026-08-18,91.30000305,91.90000153,87,87,1892059,0,1,87,yahoo_daily
2026-08-19,85.19999695,87,82.59999847,83.30000305,1721217,0,1,83.30000305,yahoo_daily
2026-08-20,84,84.80000305,82.80000305,83.30000305,857193,0,1,83.30000305,yahoo_daily
2026-08-21,83.80000305,84,82.09999847,84,886203,0,1,84,yahoo_daily
2026-08-24,84.40000153,85.19999695,83.19999695,84.09999847,944134,0,1,84.09999847,yahoo_daily
2026-08-25,84.69999695,84.69999695,81.80000305,83.30000305,680001,0,1,83.30000305,yahoo_daily
2026-08-26,84.40000153,90.40000153,83.59999847,88.80000305,2409247,0,1,88.80000305,yahoo_daily
2026-08-27,90.59999847,92,88.09999847,88.19999695,2658731,0,1,88.19999695,yahoo_daily
2026-08-28,89,90,88,88.59999847,1143107,0,1,88.59999847,yahoo_daily
2026-08-31,87.09999847,89.5,86.09999847,87.40000153,1058013,0,1,87.40000153,yahoo_daily
2026-09-01,87.69999695,88,85.59999847,85.69999695,1382100,0,1,85.69999695,yahoo_daily
2026-09-02,84.59999847,86.5,84.09999847,85.40000153,1221077,0,1,85.40000153,yahoo_daily
2026-09-03,86.09999847,86.09999847,82.09999847,82.30000305,1139140,0,1,82.30000305,yahoo_daily
2026-09-04,83.40000153,84,81.69999695,83.59999847,581053,0,1,83.59999847,yahoo_daily
2026-09-07,84.30000305,84.90000153,82.5,82.5,649101,0,1,82.5,yahoo_daily
2026-09-08,82.59999847,82.80000305,81.59999847,82.09999847,652422,0,1,82.09999847,yahoo_daily
2026-09-09,77.5,78.80000305,74.80000305,77.59999847,4567268,0,1,77.59999847,yahoo_daily
