date,open,high,low,close,volume,dividend,split_factor,adjusted_close,source
2021-08-27,52.81255341,52.81255341,52.01904297,52.81255341,8369,0,1,51.36199593,yahoo_bootstrap
2021-08-30,52.9888916,52.9888916,52.01904297,52.63621902,14769,0,1,51.19050477,yahoo_bootstrap
2021-08-31,52.63621902,53.78240204,52.28354645,53.78240204,33082,0,1,52.30520655,yahoo_bootstrap
2021-09-01,53.58490372,55.6603775,53.49056625,53.86792374,18232,0.28065,1.07,52.66318897,yahoo_bootstrap
2021-09-02,53.77358246,54.62264252,53.77358246,54.62264252,10907,0,1,53.40102876,yahoo_bootstrap
2021-09-03,55.18867874,55.18867874,55.18867874,55.18867874,4242,0,1,53.95440581,yahoo_bootstrap
2021-09-06,55.6603775,57.35848999,55.18867874,56.03773499,6406,0,1,54.78447325,yahoo_bootstrap
2021-09-07,56.60377121,56.60377121,55.37735748,56.03773499,4314,0,1,54.78447325,yahoo_bootstrap
2021-09-08,56.22641373,56.22641373,54.43396378,55.56603622,5301,0,1,54.32332384,yahoo_bootstrap
2021-09-09,55.56603622,55.56603622,55.56603622,55.56603622,25440,0,1,54.32332384,yahoo_bootstrap
2021-09-10,56.13207626,56.13207626,55.09433746,56.13207626,5300,0,1,54.87670461,yahoo_bootstrap
2021-09-13,56.41509247,56.41509247,54.71697998,54.90565872,15900,0,1,53.67771542,yahoo_bootstrap
2021-09-14,55.37735748,55.37735748,54.43396378,55.2830162,10600,0,1,54.04663345,yahoo_bootstrap
2021-09-15,55.75471497,55.75471497,55.75471497,55.75471497,1060,0,1,54.50778286,yahoo_bootstrap
2021-09-16,55.75471497,55.75471497,55.75471497,55.75471497,1060,0,1,54.50778286,yahoo_bootstrap
2021-09-17,55.75471497,55.75471497,53.86792374,54.81132126,11660,0,1,53.58548778,yahoo_bootstrap
2021-09-22,54.81132126,54.81132126,54.81132126,54.81132126,0,0,1,53.58548778,yahoo_bootstrap
2021-09-23,55.47169876,55.47169876,54.3396225,54.81132126,4240,0,1,53.58548778,yahoo_bootstrap
2021-09-24,54.24528122,54.62264252,53.77358246,54.62264252,7420,0,1,53.40102876,yahoo_bootstrap
2021-09-27,55,55.2830162,54.05660248,54.24528122,15900,0,1,53.032107,yahoo_bootstrap
2021-09-28,53.30188751,53.77358246,53.30188751,53.77358246,4240,0,1,52.57095759,yahoo_bootstrap
2021-09-29,54.71697998,54.71697998,52.83018875,52.83018875,18020,0,1,51.64866251,yahoo_bootstrap
2021-09-30,53.49056625,53.49056625,53.39622498,53.39622498,2120,0,1,52.20203956,yahoo_bootstrap
2021-10-01,54.15094376,54.15094376,51.41509247,52.73584747,12852,0,1,51.55643114,yahoo_bootstrap
2021-10-04,53.96226501,53.96226501,52.16981125,52.92452621,15900,0,1,51.74089015,yahoo_bootstrap
2021-10-05,53.58490372,53.58490372,51.88679123,52.16981125,39220,0,1,51.00305409,yahoo_bootstrap
2021-10-06,51.98113251,52.16981125,51.03773499,51.88679123,6572,0,1,50.7263637,yahoo_bootstrap
2021-10-07,52.35848999,52.35848999,51.79245377,51.79245377,16218,0,1,50.63413606,yahoo_bootstrap
2021-10-08,52.16981125,52.16981125,51.41509247,51.88679123,6360,0,1,50.7263637,yahoo_bootstrap
2021-10-12,51.98113251,51.98113251,48.58490372,49.52830124,7420,0,1,48.42062041,yahoo_bootstrap
2021-10-13,51.13207626,51.13207626,49.24528122,50.18867874,11660,0,1,49.06622883,yahoo_bootstrap
2021-10-14,51.22641373,51.22641373,49.62264252,50.18867874,6360,0,1,49.06622883,yahoo_bootstrap
2021-10-15,50.47169876,50.94339752,50,50.47169876,13780,0,1,49.34291921,yahoo_bootstrap
2021-10-18,50.6603775,50.6603775,50.56603622,50.6603775,8499,0,1,49.52737823,yahoo_bootstrap
2021-10-19,51.69811249,51.69811249,50.56603622,51.22641373,14045,0,1,50.08075528,yahoo_bootstrap
2021-10-20,51.41509247,51.41509247,50.56603622,51.22641373,14840,0,1,50.08075528,yahoo_bootstrap
2021-10-21,51.41509247,51.88679123,50.94339752,51.50943375,24782,0,1,50.35744567,yahoo_bootstrap
2021-10-22,51.41509247,53.01886749,51.41509247,52.07546997,16960,0,1,50.91082272,yahoo_bootstrap
2021-10-25,52.45283127,52.64151001,51.88679123,52.54716873,31800,0,1,51.37197212,yahoo_bootstrap
2021-10-26,52.54716873,53.01886749,52.54716873,52.92452621,25535,0,1,51.74089015,yahoo_bootstrap
2021-10-27,53.30188751,53.30188751,52.83018875,53.11320877,31853,0,1,51.9253529,yahoo_bootstrap
2021-10-28,53.20754623,54.71697998,53.20754623,54.52830124,40336,0,1,53.30879739,yahoo_bootstrap
2021-10-29,54.71697998,56.60377121,54.52830124,56.13207626,43249,0,1,54.87670461,yahoo_bootstrap
2021-11-01,56.79245377,57.83018875,56.79245377,57.83018875,111788,0,1,56.53683949,yahoo_bootstrap
2021-11-02,57.92452621,59.43396378,57.92452621,57.92452621,75258,0,1,56.62906713,yahoo_bootstrap
2021-11-03,56.60377121,57.83018875,56.60377121,56.88679123,42125,0,1,55.61454068,yahoo_bootstrap
2021-11-04,57.35848999,57.35848999,56.60377121,56.88679123,16960,0,1,55.61454068,yahoo_bootstrap
2021-11-05,57.35848999,57.35848999,57.07546997,57.07546997,2227,0,1,55.7989997,yahoo_bootstrap
2021-11-08,57.35848999,57.35848999,56.13207626,57.07546997,11660,0,1,55.7989997,yahoo_bootstrap
2021-11-09,56.22641373,56.88679123,56.22641373,56.79245377,9540,0,1,55.52231304,yahoo_bootstrap
2021-11-10,57.07546997,57.16981125,56.22641373,56.88679123,26500,0,1,55.61454068,yahoo_bootstrap
2021-11-11,57.35848999,57.35848999,55.94339752,56.88679123,19080,0,1,55.61454068,yahoo_bootstrap
2021-11-12,57.35848999,57.35848999,56.60377121,57.26414871,20140,0,1,55.98345871,yahoo_bootstrap
2021-11-15,57.35848999,57.54716873,57.07546997,57.26414871,37209,0,1,55.98345871,yahoo_bootstrap
2021-11-16,57.35848999,57.45283127,57.07546997,57.16981125,25037,0,1,55.89123107,yahoo_bootstrap
2021-11-17,57.07546997,57.26414871,56.60377121,56.88679123,15065,0,1,55.61454068,yahoo_bootstrap
2021-11-18,57.35848999,57.35848999,56.60377121,56.88679123,9540,0,1,55.61454068,yahoo_bootstrap
2021-11-19,57.26414871,57.26414871,57.07546997,57.07546997,2180,0,1,55.7989997,yahoo_bootstrap
2021-11-22,57.26414871,57.26414871,56.60377121,57.07546997,3657,0,1,55.7989997,yahoo_bootstrap
2021-11-23,57.16981125,57.16981125,56.41509247,56.88679123,6360,0,1,55.61454068,yahoo_bootstrap
2021-11-24,56.98113251,56.98113251,56.88679123,56.88679123,3027,0,1,55.61454068,yahoo_bootstrap
2021-11-25,56.88679123,56.88679123,56.320755,56.79245377,13780,0,1,55.52231304,yahoo_bootstrap
2021-11-26,57.07546997,57.07546997,55.84905624,56.69811249,18085,0,1,55.43008167,yahoo_bootstrap
2021-11-29,57.07546997,57.35848999,57.07546997,57.07546997,10621,0,1,55.7989997,yahoo_bootstrap
2021-11-30,57.07546997,57.07546997,56.60377121,56.98113251,9653,0,1,55.70677206,yahoo_bootstrap
2021-12-01,57.07546997,57.07546997,56.22641373,56.98113251,5300,0,1,55.70677206,yahoo_bootstrap
2021-12-02,57.07546997,57.07546997,56.50943375,56.98113251,8628,0,1,55.70677206,yahoo_bootstrap
2021-12-03,56.88679123,56.88679123,56.50943375,56.88679123,6432,0,1,55.61454068,yahoo_bootstrap
2021-12-06,56.69811249,56.69811249,56.60377121,56.60377121,15900,0,1,55.33785029,yahoo_bootstrap
2021-12-07,56.50943375,56.79245377,56.41509247,56.60377121,8480,0,1,55.33785029,yahoo_bootstrap
2021-12-08,56.98113251,56.98113251,56.22641373,56.79245377,26500,0,1,55.52231304,yahoo_bootstrap
2021-12-09,56.88679123,56.88679123,56.320755,56.88679123,19547,0,1,55.61454068,yahoo_bootstrap
2021-12-10,56.88679123,57.07546997,56.03773499,56.88679123,105088,0,1,55.61454068,yahoo_bootstrap
2021-12-13,56.98113251,56.98113251,56.41509247,56.69811249,42967,0,1,55.43008167,yahoo_bootstrap
2021-12-14,56.50943375,56.79245377,56.320755,56.79245377,11660,0,1,55.52231304,yahoo_bootstrap
2021-12-15,56.13207626,56.41509247,55.47169876,56.320755,57427,0,1,55.06116363,yahoo_bootstrap
2021-12-16,56.79245377,56.79245377,55.09433746,55.09433746,31933,0,1,53.86217443,yahoo_bootstrap
2021-12-17,56.03773499,56.03773499,55.47169876,55.94339752,17082,0,1,54.6922456,yahoo_bootstrap
2021-12-20,56.50943375,56.50943375,55.47169876,56.41509247,17096,0,1,55.15339128,yahoo_bootstrap
2021-12-21,56.60377121,56.60377121,56.13207626,56.41509247,12124,0,1,55.15339128,yahoo_bootstrap
2021-12-22,56.60377121,56.88679123,56.13207626,56.60377121,20140,0,1,55.33785029,yahoo_bootstrap
2021-12-23,56.88679123,56.88679123,55.6603775,56.13207626,35249,0,1,54.87670461,yahoo_bootstrap
2021-12-24,56.79245377,56.79245377,56.13207626,56.50943375,19080,0,1,55.24562265,yahoo_bootstrap
2021-12-27,56.69811249,56.69811249,55.6603775,55.6603775,381861,0,1,54.41555521,yahoo_bootstrap
2021-12-28,55.75471497,56.41509247,55.75471497,56.22641373,15927,0,1,54.96893226,yahoo_bootstrap
2021-12-29,56.69811249,56.69811249,56.22641373,56.41509247,20140,0,1,55.15339128,yahoo_bootstrap
2021-12-30,56.60377121,56.60377121,55.94339752,56.41509247,16960,0,1,55.15339128,yahoo_bootstrap
2022-01-03,56.69811249,56.69811249,55.94339752,56.50943375,30740,0,1,55.24562265,yahoo_bootstrap
2022-01-04,56.88679123,56.88679123,55.6603775,56.60377121,32860,0,1,55.33785029,yahoo_bootstrap
2022-01-05,56.88679123,56.88679123,56.22641373,56.60377121,14840,0,1,55.33785029,yahoo_bootstrap
2022-01-06,56.79245377,56.79245377,56.22641373,56.60377121,13967,0,1,55.33785029,yahoo_bootstrap
2022-01-07,57.16981125,57.16981125,55.75471497,56.69811249,25440,0,1,55.43008167,yahoo_bootstrap
2022-01-10,56.88679123,56.98113251,56.22641373,56.69811249,25441,0,1,55.43008167,yahoo_bootstrap
2022-01-11,56.79245377,56.79245377,56.13207626,56.41509247,19306,0,1,55.15339128,yahoo_bootstrap
2022-01-12,56.60377121,56.60377121,55.84905624,56.22641373,37916,0,1,54.96893226,yahoo_bootstrap
2022-01-13,55.75471497,56.03773499,55.75471497,56.03773499,18020,0,1,54.78447325,yahoo_bootstrap
2022-01-14,56.22641373,56.22641373,55.47169876,55.75471497,37100,0,1,54.50778286,yahoo_bootstrap
2022-01-17,55.6603775,56.13207626,55.6603775,56.13207626,19080,0,1,54.87670461,yahoo_bootstrap
2022-01-18,56.60377121,56.60377121,56.60377121,56.60377121,1551,0,1,55.33785029,yahoo_bootstrap
2022-01-19,56.50943375,56.60377121,55.75471497,56.50943375,7049,0,1,55.24562265,yahoo_bootstrap
2022-01-20,56.50943375,56.60377121,56.03773499,56.50943375,25710,0,1,55.24562265,yahoo_bootstrap
2022-01-21,55.84905624,56.60377121,55.84905624,56.50943375,26500,0,1,55.24562265,yahoo_bootstrap
2022-01-24,56.98113251,56.98113251,56.60377121,56.60377121,3429,0,1,55.33785029,yahoo_bootstrap
2022-01-25,56.13207626,56.13207626,55.84905624,55.84905624,4240,0,1,54.60001423,yahoo_bootstrap
2022-01-26,56.41509247,56.41509247,55.47169876,56.13207626,9540,0,1,54.87670461,yahoo_bootstrap
2022-02-07,56.50943375,56.50943375,54.05660248,54.71697998,53000,0,1,53.4932564,yahoo_bootstrap
2022-02-08,54.71697998,55.47169876,54.24528122,55.09433746,23320,0,1,53.86217443,yahoo_bootstrap
2022-02-09,55.6603775,55.6603775,54.3396225,55.37735748,18592,0,1,54.13886482,yahoo_bootstrap
2022-02-10,55.37735748,56.320755,54.62264252,56.320755,41402,0,1,55.06116363,yahoo_bootstrap
2022-02-11,56.60377121,56.60377121,56.60377121,56.60377121,1060,0,1,55.33785029,yahoo_bootstrap
2022-02-14,56.320755,57.45283127,55.37735748,56.60377121,114480,0,1,55.33785029,yahoo_bootstrap
2022-02-15,56.60377121,56.98113251,55.18867874,55.18867874,25493,0,1,53.95440581,yahoo_bootstrap
2022-02-16,55.18867874,55.94339752,54.90565872,55.2830162,12773,0,1,54.04663345,yahoo_bootstrap
2022-02-17,56.03773499,56.03773499,56.03773499,56.03773499,1060,0,1,54.78447325,yahoo_bootstrap
2022-02-18,56.03773499,56.41509247,55.18867874,56.22641373,7483,0,1,54.96893226,yahoo_bootstrap
2022-02-21,56.50943375,56.50943375,56.13207626,56.22641373,16960,0,1,54.96893226,yahoo_bootstrap
2022-02-22,56.13207626,56.41509247,55.84905624,55.84905624,28694,0,1,54.60001423,yahoo_bootstrap
2022-02-23,56.22641373,56.22641373,55.56603622,55.56603622,10631,0,1,54.32332384,yahoo_bootstrap
2022-02-24,56.60377121,56.60377121,54.71697998,56.03773499,30740,0,1,54.78447325,yahoo_bootstrap
2022-02-25,56.22641373,56.22641373,55.6603775,56.03773499,11660,0,1,54.78447325,yahoo_bootstrap
2022-03-01,56.320755,56.320755,55.6603775,55.6603775,22260,0,1,54.41555521,yahoo_bootstrap
2022-03-02,55.94339752,56.03773499,55.18867874,55.6603775,11660,0,1,54.41555521,yahoo_bootstrap
2022-03-03,55.94339752,55.94339752,55.18867874,55.6603775,13780,0,1,54.41555521,yahoo_bootstrap
2022-03-04,55.75471497,55.75471497,55.56603622,55.6603775,6360,0,1,54.41555521,yahoo_bootstrap
2022-03-07,56.41509247,56.41509247,54.05660248,54.05660248,21718,0,1,52.84764798,yahoo_bootstrap
2022-03-08,55.09433746,55.09433746,53.01886749,54.24528122,16960,0,1,53.032107,yahoo_bootstrap
2022-03-09,53.86792374,54.81132126,52.92452621,54.43396378,28621,0,1,53.21656975,yahoo_bootstrap
2022-03-10,55,55.09433746,54.43396378,55,47700,0,1,53.76994679,yahoo_bootstrap
2022-03-11,55,55.09433746,54.15094376,55,8480,0,1,53.76994679,yahoo_bootstrap
2022-03-14,55.2830162,55.2830162,54.3396225,55,8480,0,1,53.76994679,yahoo_bootstrap
2022-03-15,55.18867874,55.18867874,53.58490372,54.24528122,75260,0,1,53.032107,yahoo_bootstrap
2022-03-16,54.52830124,54.52830124,54.3396225,54.43396378,8667,0,1,53.21656975,yahoo_bootstrap
2022-03-17,55,55,54.81132126,55,6361,0,1,53.76994679,yahoo_bootstrap
2022-03-18,55.18867874,55.18867874,55.18867874,55.18867874,1272,0,1,53.95440581,yahoo_bootstrap
2022-03-21,55.47169876,55.47169876,55.47169876,55.47169876,1060,0,1,54.2310962,yahoo_bootstrap
2022-03-22,55.47169876,55.6603775,55.47169876,55.6603775,2120,0,1,54.41555521,yahoo_bootstrap
2022-03-23,55.75471497,55.75471497,55,55.6603775,10737,0,1,54.41555521,yahoo_bootstrap
2022-03-24,55.94339752,55.94339752,54.71697998,55.6603775,13780,0,1,54.41555521,yahoo_bootstrap
2022-03-25,55.6603775,56.50943375,55,55.75471497,46679,0,1,54.50778286,yahoo_bootstrap
2022-03-28,55.09433746,55.09433746,55.09433746,55.09433746,1060,0,1,53.86217443,yahoo_bootstrap
2022-03-29,56.41509247,56.41509247,54.90565872,55.09433746,14840,0,1,53.86217443,yahoo_bootstrap
2022-03-30,55.56603622,55.56603622,54.62264252,54.62264252,17475,0,1,53.40102876,yahoo_bootstrap
2022-03-31,54.62264252,54.71697998,54.05660248,54.62264252,7421,0,1,53.40102876,yahoo_bootstrap
2022-04-01,55.56603622,55.56603622,53.96226501,54.24528122,25482,0,1,53.032107,yahoo_bootstrap
2022-04-06,55.18867874,55.18867874,54.62264252,54.62264252,5300,0,1,53.40102876,yahoo_bootstrap
2022-04-07,55,55.09433746,54.24528122,55.09433746,9089,0,1,53.86217443,yahoo_bootstrap
2022-04-08,55.2830162,55.2830162,54.71697998,54.71697998,4240,0,1,53.4932564,yahoo_bootstrap
2022-04-11,55.09433746,55.2830162,53.96226501,54.62264252,14840,0,1,53.40102876,yahoo_bootstrap
2022-04-12,54.52830124,54.62264252,53.86792374,54.24528122,5326,0,1,53.032107,yahoo_bootstrap
2022-04-13,54.81132126,54.81132126,53.96226501,54.71697998,15900,0,1,53.4932564,yahoo_bootstrap
2022-04-14,53.86792374,54.43396378,53.77358246,53.77358246,10600,0,1,52.57095759,yahoo_bootstrap
2022-04-15,53.77358246,53.77358246,53.77358246,53.77358246,1060,0,1,52.57095759,yahoo_bootstrap
2022-04-18,54.3396225,54.3396225,53.96226501,53.96226501,3180,0,1,52.75542033,yahoo_bootstrap
2022-04-19,54.43396378,54.43396378,53.58490372,53.77358246,5300,0,1,52.57095759,yahoo_bootstrap
2022-04-20,54.15094376,54.15094376,53.96226501,53.96226501,2120,0,1,52.75542033,yahoo_bootstrap
2022-04-21,55.09433746,55.09433746,53.49056625,53.49056625,3551,0,1,52.29427093,yahoo_bootstrap
2022-04-22,53.96226501,53.96226501,53.58490372,53.58490372,3180,0,1,52.38649858,yahoo_bootstrap
2022-04-25,53.96226501,53.96226501,52.45283127,53.86792374,7420,0,1,52.66318897,yahoo_bootstrap
2022-04-26,54.15094376,54.15094376,54.15094376,54.15094376,1060,0,1,52.93987936,yahoo_bootstrap
2022-04-27,55.09433746,55.09433746,53.58490372,54.24528122,6360,0,1,53.032107,yahoo_bootstrap
2022-04-28,55.75471497,55.75471497,54.90565872,55.09433746,7420,0,1,53.86217443,yahoo_bootstrap
2022-04-29,54.3396225,55.18867874,54.15094376,54.43396378,15900,0,1,53.21656975,yahoo_bootstrap
2022-05-03,54.90565872,54.90565872,53.96226501,54.43396378,5300,0,1,53.21656975,yahoo_bootstrap
2022-05-04,55.2830162,55.2830162,53.58490372,53.58490372,8480,0,1,52.38649858,yahoo_bootstrap
2022-05-05,54.62264252,54.62264252,53.49056625,53.679245,24546,0,1,52.47872995,yahoo_bootstrap
2022-05-06,55,55,53.39622498,53.96226501,9543,0,1,52.75542033,yahoo_bootstrap
2022-05-09,52.16981125,53.86792374,51.98113251,53.20754623,16960,0,1,52.01758054,yahoo_bootstrap
2022-05-10,53.77358246,53.77358246,51.98113251,53.77358246,6360,0,1,52.57095759,yahoo_bootstrap
2022-05-11,53.86792374,53.86792374,51.50943375,52.83018875,39220,0,1,51.64866251,yahoo_bootstrap
2022-05-12,53.679245,53.679245,51.88679123,52.16981125,11773,0,1,51.00305409,yahoo_bootstrap
2022-05-13,53.679245,53.679245,51.88679123,53.11320877,6360,0,1,51.9253529,yahoo_bootstrap
2022-05-16,53.86792374,53.86792374,52.35848999,53.679245,7420,0,1,52.47872995,yahoo_bootstrap
2022-05-17,53.86792374,53.86792374,52.07546997,53.20754623,19080,0,1,52.01758054,yahoo_bootstrap
2022-05-18,53.30188751,53.39622498,52.26414871,53.20754623,28620,0,1,52.01758054,yahoo_bootstrap
2022-05-19,53.58490372,53.58490372,52.83018875,53.58490372,6735,0,1,52.38649858,yahoo_bootstrap
2022-05-20,53.86792374,53.86792374,52.92452621,53.58490372,8480,0,1,52.38649858,yahoo_bootstrap
2022-05-23,53.77358246,53.77358246,52.35848999,53.49056625,10038,0,1,52.29427093,yahoo_bootstrap
2022-05-24,53.96226501,53.96226501,52.54716873,53.11320877,10600,0,1,51.9253529,yahoo_bootstrap
2022-05-25,53.679245,53.679245,53.39622498,53.39622498,3180,0,1,52.20203956,yahoo_bootstrap
2022-05-26,53.679245,53.679245,52.35848999,53.679245,10600,0,1,52.47872995,yahoo_bootstrap
2022-05-27,53.679245,53.77358246,53.11320877,53.77358246,10600,0,1,52.57095759,yahoo_bootstrap
2022-05-30,54.62264252,54.62264252,53.49056625,53.96226501,13780,0,1,52.75542033,yahoo_bootstrap
2022-05-31,54.24528122,54.24528122,53.39622498,54.05660248,11660,0,1,52.84764798,yahoo_bootstrap
2022-06-01,54.05660248,54.15094376,53.01886749,53.96226501,11660,0,1,52.75542033,yahoo_bootstrap
2022-06-02,54.05660248,54.05660248,52.83018875,53.49056625,8480,0,1,52.29427093,yahoo_bootstrap
2022-06-06,53.679245,53.679245,52.54716873,53.49056625,9540,0,1,52.29427093,yahoo_bootstrap
2022-06-07,53.49056625,53.49056625,51.88679123,52.64151001,15901,0,1,51.4642035,yahoo_bootstrap
2022-06-08,52.35848999,53.01886749,52.35848999,52.64151001,13780,0,1,51.4642035,yahoo_bootstrap
2022-06-09,52.73584747,54.15094376,52.54716873,54.15094376,23322,0,1,52.93987936,yahoo_bootstrap
2022-06-10,53.86792374,54.15094376,53.39622498,54.15094376,7420,0,1,52.93987936,yahoo_bootstrap
2022-06-13,54.15094376,54.15094376,51.13207626,52.45283127,22260,0,1,51.27974448,yahoo_bootstrap
2022-06-14,54.24528122,54.24528122,51.69811249,51.88679123,14840,0,1,50.7263637,yahoo_bootstrap
2022-06-15,50.6603775,54.71697998,50.6603775,54.62264252,37262,0,1,53.40102876,yahoo_bootstrap
2022-06-16,55.09433746,55.09433746,53.77358246,54.62264252,13780,0,1,53.40102876,yahoo_bootstrap
2022-06-17,53.20754623,53.96226501,52.83018875,53.49056625,7420,0,1,52.29427093,yahoo_bootstrap
2022-06-20,53.86792374,53.86792374,52.26414871,52.83018875,13780,0,1,51.64866251,yahoo_bootstrap
2022-06-21,53.20754623,53.679245,52.16981125,53.49056625,16960,0,1,52.29427093,yahoo_bootstrap
2022-06-22,53.49056625,54.15094376,53.49056625,54.15094376,2120,0,1,52.93987936,yahoo_bootstrap
2022-06-23,55.56603622,55.56603622,50.94339752,50.94339752,49820,0,1,49.80406862,yahoo_bootstrap
2022-06-24,53.30188751,53.49056625,52.83018875,53.49056625,14953,0,1,52.29427093,yahoo_bootstrap
2022-06-27,53.679245,54.43396378,52.26414871,53.11320877,42513,0,1,51.9253529,yahoo_bootstrap
2022-06-28,53.20754623,53.20754623,52.26414871,52.35848999,5300,0,1,51.18751311,yahoo_bootstrap
2022-06-29,54.15094376,54.15094376,52.07546997,53.01886749,17437,0,1,51.83312153,yahoo_bootstrap
2022-06-30,53.77358246,53.77358246,52.07546997,53.39622498,11660,0,1,52.20203956,yahoo_bootstrap
2022-07-01,53.96226501,53.96226501,52.64151001,53.39622498,16960,0,1,52.20203956,yahoo_bootstrap
2022-07-04,53.77358246,53.77358246,52.16981125,53.30188751,13780,0,1,52.10981191,yahoo_bootstrap
2022-07-05,54.3396225,54.43396378,52.92452621,53.679245,10674,0,1,52.47872995,yahoo_bootstrap
2022-07-06,54.05660248,54.05660248,52.16981125,52.83018875,22260,0,1,51.64866251,yahoo_bootstrap
2022-07-07,53.58490372,53.58490372,52.64151001,53.01886749,5300,0,1,51.83312153,yahoo_bootstrap
2022-07-08,53.01886749,53.77358246,52.64151001,53.01886749,15900,0,1,51.83312153,yahoo_bootstrap
2022-07-11,53.58490372,53.58490372,51.88679123,52.35848999,13780,0,1,51.18751311,yahoo_bootstrap
2022-07-12,51.79245377,52.73584747,51.41509247,52.16981125,7420,0,1,51.00305409,yahoo_bootstrap
2022-07-13,53.30188751,53.30188751,51.60377121,52.64151001,6360,0,1,51.4642035,yahoo_bootstrap
2022-07-14,52.35848999,53.01886749,52.35848999,53.01886749,5300,0,1,51.83312153,yahoo_bootstrap
2022-07-15,53.58490372,53.58490372,52.07546997,52.07546997,20140,0,1,50.91082272,yahoo_bootstrap
2022-07-18,51.69811249,53.39622498,51.69811249,52.16981125,15900,0,1,51.00305409,yahoo_bootstrap
2022-07-19,52.16981125,53.30188751,52.16981125,52.83018875,14868,0,1,51.64866251,yahoo_bootstrap
2022-07-20,52.70000076,55,52.29999924,52.70000076,36080,0.396652,1.06,51.91113784,yahoo_bootstrap
2022-07-21,55.5,55.5,53.20000076,54,5000,0,1,53.19167747,yahoo_bootstrap
2022-07-22,54.70000076,54.70000076,53.70000076,54,4000,0,1,53.19167747,yahoo_bootstrap
2022-07-25,55.5,55.5,54,54.09999847,12002,0,1,53.29017907,yahoo_bootstrap
2022-07-26,54.79999924,54.90000153,53.79999924,54.90000153,16000,0,1,54.07820694,yahoo_bootstrap
2022-07-27,54.90000153,54.90000153,54.90000153,54.90000153,2000,0,1,54.07820694,yahoo_bootstrap
2022-07-28,55,55,53.70000076,53.90000153,14000,0,1,53.09317587,yahoo_bootstrap
2022-07-29,54.79999924,54.79999924,53.79999924,54.29999924,6000,0,1,53.48718604,yahoo_bootstrap
2022-08-01,55.5,55.5,53.70000076,55,4000,0,1,54.17670854,yahoo_bootstrap
2022-08-02,55.40000153,55.40000153,54.79999924,54.90000153,4000,0,1,54.07820694,yahoo_bootstrap
2022-08-03,55.20000076,55.20000076,55.20000076,55.20000076,1000,0,1,54.3737155,yahoo_bootstrap
2022-08-04,53.5,54.5,53.5,54.20000076,4000,0,1,53.38868443,yahoo_bootstrap
2022-08-05,55.09999847,55.09999847,54,54.20000076,11000,0,1,53.38868443,yahoo_bootstrap
2022-08-08,53.09999847,54.09999847,52.90000153,53.90000153,4000,0,1,53.09317587,yahoo_bootstrap
2022-08-09,53,53.59999847,52.90000153,53.40000153,5000,0,1,52.60066034,yahoo_bootstrap
2022-08-10,53.90000153,54.70000076,53,53.5,9000,0,1,52.69916194,yahoo_bootstrap
2022-08-11,53.5,54.90000153,53.5,54.90000153,2020,0,1,54.07820694,yahoo_bootstrap
2022-08-12,54.90000153,54.90000153,54.90000153,54.90000153,0,0,1,54.07820694,yahoo_bootstrap
2022-08-15,54.40000153,54.40000153,53.5,53.90000153,5000,0,1,53.09317587,yahoo_bootstrap
2022-08-16,54.59999847,54.59999847,53.90000153,53.90000153,2000,0,1,53.09317587,yahoo_bootstrap
2022-08-17,55.40000153,55.40000153,53.40000153,54.59999847,9000,0,1,53.7826946,yahoo_bootstrap
2022-08-18,53.20000076,54.40000153,53,54.40000153,7000,0,1,53.58569141,yahoo_bootstrap
2022-08-19,54.5,54.5,53,54,8000,0,1,53.19167747,yahoo_bootstrap
2022-08-22,55.59999847,55.59999847,53.70000076,54.09999847,8000,0,1,53.29017907,yahoo_bootstrap
2022-08-23,54.79999924,54.79999924,53.20000076,53.5,8000,0,1,52.69916194,yahoo_bootstrap
2022-08-24,54,54,52.90000153,53.70000076,8000,0,1,52.8961689,yahoo_bootstrap
2022-08-25,54.09999847,54.09999847,53.09999847,53.90000153,11000,0,1,53.09317587,yahoo_bootstrap
2022-08-26,55,55,53.29999924,53.90000153,8000,0,1,53.09317587,yahoo_bootstrap
2022-08-29,54.5,54.5,53,53,4000,0,1,52.20664641,yahoo_bootstrap
2022-08-30,52.59999847,53.5,52.59999847,53.5,11248,0,1,52.69916194,yahoo_bootstrap
2022-08-31,54.20000076,54.20000076,53.5,53.5,4000,0,1,52.69916194,yahoo_bootstrap
2022-09-01,52.70000076,53.20000076,51.20000076,53,23000,0,1,52.20664641,yahoo_bootstrap
2022-09-02,54.59999847,54.59999847,52.70000076,53.29999924,6000,0,1,52.50215498,yahoo_bootstrap
2022-09-05,53.70000076,53.70000076,53,53.09999847,5160,0,1,52.30514801,yahoo_bootstrap
2022-09-06,54.09999847,54.09999847,52.70000076,53,12000,0,1,52.20664641,yahoo_bootstrap
2022-09-07,54.29999924,54.29999924,51.79999924,52.79999924,8000,0,1,52.00963945,yahoo_bootstrap
2022-09-08,53.40000153,53.40000153,52.79999924,52.79999924,6064,0,1,52.00963945,yahoo_bootstrap
2022-09-12,53.70000076,53.70000076,53.70000076,53.70000076,2247,0,1,52.8961689,yahoo_bootstrap
2022-09-13,53.79999924,53.79999924,53,53.5,3000,0,1,52.69916194,yahoo_bootstrap
2022-09-14,53.70000076,53.70000076,53.70000076,53.70000076,1000,0,1,52.8961689,yahoo_bootstrap
2022-09-15,52.90000153,53.5,52.59999847,53,5134,0,1,52.20664641,yahoo_bootstrap
2022-09-16,52.20000076,52.90000153,52.09999847,52.09999847,12000,0,1,51.32011694,yahoo_bootstrap
2022-09-19,53.29999924,53.29999924,53.09999847,53.09999847,8000,0,1,52.30514801,yahoo_bootstrap
2022-09-20,53.5,53.5,52.5,52.5,8000,0,1,51.71413088,yahoo_bootstrap
2022-09-21,53.5,53.5,51.79999924,52.5,9000,0,1,51.71413088,yahoo_bootstrap
2022-09-22,52.90000153,52.90000153,51.70000076,52,9000,0,1,51.22161534,yahoo_bootstrap
2022-09-23,53,53,51.5,52,10000,0,1,51.22161534,yahoo_bootstrap
2022-09-26,52.90000153,52.90000153,52,52,4000,0,1,51.22161534,yahoo_bootstrap
2022-09-27,52.5,52.5,50.90000153,51.29999924,13000,0,1,50.53209285,yahoo_bootstrap
2022-09-28,52.70000076,52.70000076,50.40000153,50.5,15198,0,1,49.74406875,yahoo_bootstrap
2022-09-29,50.90000153,50.90000153,49.65000153,50.79999924,4120,0,1,50.03957732,yahoo_bootstrap
2022-09-30,51.09999847,51.09999847,49.79999924,49.79999924,5100,0,1,49.05454625,yahoo_bootstrap
2022-10-03,49.95000076,50.20000076,49.95000076,50.20000076,3000,0,1,49.44856018,yahoo_bootstrap
2022-10-04,50.20000076,50.20000076,49,49.25,24340,0,1,48.51277992,yahoo_bootstrap
2022-10-05,50.40000153,50.40000153,49.95000076,49.95000076,8238,0,1,49.20230241,yahoo_bootstrap
2022-10-06,51.40000153,51.40000153,49.54999924,50,13000,0,1,49.25155322,yahoo_bootstrap
2022-10-07,50.59999847,50.59999847,49,49.90000153,10000,0,1,49.15305162,yahoo_bootstrap
2022-10-11,48.59999847,49.65000153,46.45000076,47.40000153,17000,0,1,46.69047396,yahoo_bootstrap
2022-10-12,47.04999924,47.45000076,47.04999924,47.45000076,7000,0,1,46.73972475,yahoo_bootstrap
2022-10-13,49.95000076,49.95000076,48.40000153,48.40000153,5000,0,1,47.67550502,yahoo_bootstrap
2022-10-14,50.40000153,50.40000153,47.84999847,48.5,12005,0,1,47.77400662,yahoo_bootstrap
2022-10-17,48.70000076,48.70000076,48.70000076,48.70000076,1000,0,1,47.97101358,yahoo_bootstrap
2022-10-18,49.04999924,49.04999924,48.95000076,49,3000,0,1,48.26652215,yahoo_bootstrap
2022-10-19,49,49,49,49,0,0,1,48.26652215,yahoo_bootstrap
2022-10-20,49.75,49.75,49.75,49.75,1011,0,1,49.00529545,yahoo_bootstrap
2022-10-21,50,50,48.20000076,49.45000076,10627,0,1,48.70978688,yahoo_bootstrap
2022-10-24,48.70000076,49.75,48.5,48.5,12000,0,1,47.77400662,yahoo_bootstrap
2022-10-25,48.45000076,49.84999847,47.75,48.5,7000,0,1,47.77400662,yahoo_bootstrap
2022-10-26,48.09999847,49.5,48,49.45000076,7000,0,1,48.70978688,yahoo_bootstrap
2022-10-27,49.75,49.75,48.59999847,49.40000153,5000,0,1,48.66053608,yahoo_bootstrap
2022-10-28,49.45000076,49.45000076,49.45000076,49.45000076,1000,0,1,48.70978688,yahoo_bootstrap
2022-10-31,49.59999847,49.59999847,49,49.54999924,6000,0,1,48.80828849,yahoo_bootstrap
2022-11-01,49.5,49.70000076,49,49.65000153,9000,0,1,48.90679385,yahoo_bootstrap
2022-11-02,48.59999847,49.45000076,48.54999924,49.15000153,10017,0,1,48.41427832,yahoo_bootstrap
2022-11-03,48.65000153,49,48.65000153,49,3000,0,1,48.26652215,yahoo_bootstrap
2022-11-04,49,49.45000076,49,49.45000076,6000,0,1,48.70978688,yahoo_bootstrap
2022-11-07,49.45000076,50.09999847,49.04999924,49.54999924,9254,0,1,48.80828849,yahoo_bootstrap
2022-11-08,49.84999847,49.84999847,49.09999847,49.54999924,6000,0,1,48.80828849,yahoo_bootstrap
2022-11-09,49.54999924,49.54999924,48.59999847,49.09999847,7061,0,1,48.36502375,yahoo_bootstrap
2022-11-10,49.09999847,49.09999847,49.09999847,49.09999847,0,0,1,48.36502375,yahoo_bootstrap
2022-11-11,48.04999924,49.34999847,48,48.90000153,4268,0,1,48.16802055,yahoo_bootstrap
2022-11-14,49.04999924,49.04999924,48.20000076,49,13011,0,1,48.26652215,yahoo_bootstrap
2022-11-15,49,49.54999924,49,49.54999924,3000,0,1,48.80828849,yahoo_bootstrap
2022-11-16,48.70000076,49.34999847,48.25,49.25,11000,0,1,48.51277992,yahoo_bootstrap
2022-11-17,48.54999924,48.59999847,48.20000076,48.59999847,7000,0,1,47.87250822,yahoo_bootstrap
2022-11-18,48.59999847,48.84999847,48,48.84999847,7676,0,1,48.11876598,yahoo_bootstrap
2022-11-21,48.84999847,48.84999847,48.84999847,48.84999847,0,0,1,48.11876598,yahoo_bootstrap
2022-11-22,48.40000153,48.40000153,48.40000153,48.40000153,1000,0,1,47.67550502,yahoo_bootstrap
2022-11-23,49.5,49.5,49.5,49.5,1000,0,1,48.75903768,yahoo_bootstrap
2022-11-24,49.45000076,49.75,48.70000076,49.75,21000,0,1,49.00529545,yahoo_bootstrap
2022-11-25,49.34999847,49.34999847,49.29999924,49.29999924,3194,0,1,48.56203072,yahoo_bootstrap
2022-11-28,49.25,49.5,49.25,49.5,6120,0,1,48.75903768,yahoo_bootstrap
2022-11-29,49.5,49.5,49.40000153,49.5,9000,0,1,48.75903768,yahoo_bootstrap
2022-11-30,49.5,54.40000153,49.40000153,54.40000153,98261,0,1,53.58569141,yahoo_bootstrap
2022-12-01,54.79999924,56.5,53,53,225240,0,1,52.20664641,yahoo_bootstrap
2022-12-02,53,54.40000153,53,53.59999847,30238,0,1,52.79766354,yahoo_bootstrap
2022-12-05,53.59999847,53.79999924,53.09999847,53.79999924,14000,0,1,52.99467051,yahoo_bootstrap
2022-12-06,53,53,52.90000153,53,6186,0,1,52.20664641,yahoo_bootstrap
2022-12-07,53.29999924,53.29999924,52,52,9026,0,1,51.22161534,yahoo_bootstrap
2022-12-08,52.5,52.5,52,52,5105,0,1,51.22161534,yahoo_bootstrap
2022-12-09,52.09999847,52.90000153,52.09999847,52.20000076,4000,0,1,51.41862231,yahoo_bootstrap
2022-12-12,52,52,51,51.40000153,4000,0,1,50.63059821,yahoo_bootstrap
2022-12-13,54.5,54.5,52,52.40000153,6000,0,1,51.61562928,yahoo_bootstrap
2022-12-14,51.59999847,52.5,51.20000076,52.40000153,15000,0,1,51.61562928,yahoo_bootstrap
2022-12-15,52.40000153,52.40000153,52.40000153,52.40000153,0,0,1,51.61562928,yahoo_bootstrap
2022-12-16,51.70000076,51.70000076,50.79999924,50.79999924,15071,0,1,50.03957732,yahoo_bootstrap
2022-12-19,49.40000153,50.09999847,49.40000153,49.54999924,10100,0,1,48.80828849,yahoo_bootstrap
2022-12-20,49.54999924,49.75,49,49,17000,0,1,48.26652215,yahoo_bootstrap
2022-12-21,49,49.5,49,49.5,6000,0,1,48.75903768,yahoo_bootstrap
2022-12-22,49.5,50.29999924,49.5,50.29999924,9041,0,1,49.54706179,yahoo_bootstrap
2022-12-23,50.29999924,50.29999924,50.29999924,50.29999924,0,0,1,49.54706179,yahoo_bootstrap
2022-12-26,50.29999924,50.29999924,50.29999924,50.29999924,1000,0,1,49.54706179,yahoo_bootstrap
2022-12-27,50.29999924,50.29999924,49.90000153,49.90000153,12000,0,1,49.15305162,yahoo_bootstrap
2022-12-28,50,52,50,51.40000153,42700,0,1,50.63059821,yahoo_bootstrap
2022-12-29,51.40000153,51.59999847,50.59999847,51.59999847,25158,0,1,50.82760141,yahoo_bootstrap
2022-12-30,51.90000153,52.09999847,51.90000153,52,21040,0,1,51.22161534,yahoo_bootstrap
2023-01-03,52.5,52.79999924,52,52.79999924,58000,0,1,52.00963945,yahoo_bootstrap
2023-01-04,52.70000076,53.5,52.59999847,53.09999847,25000,0,1,52.30514801,yahoo_bootstrap
2023-01-05,53.09999847,53.09999847,52.59999847,52.79999924,13000,0,1,52.00963945,yahoo_bootstrap
2023-01-06,52.5,52.79999924,52.5,52.79999924,3100,0,1,52.00963945,yahoo_bootstrap
2023-01-09,52.79999924,53,52.70000076,52.70000076,23000,0,1,51.91113784,yahoo_bootstrap
2023-01-10,52.70000076,52.70000076,52.70000076,52.70000076,0,0,1,51.91113784,yahoo_bootstrap
2023-01-11,52.29999924,52.29999924,52.29999924,52.29999924,1000,0,1,51.51712391,yahoo_bootstrap
2023-01-12,52.5,52.5,52.29999924,52.5,18000,0,1,51.71413088,yahoo_bootstrap
2023-01-13,52.29999924,52.5,52.29999924,52.29999924,15220,0,1,51.51712391,yahoo_bootstrap
2023-01-16,52.29999924,52.29999924,52,52.29999924,15000,0,1,51.51712391,yahoo_bootstrap
2023-01-17,52.29999924,52.5,52.29999924,52.5,3000,0,1,51.71413088,yahoo_bootstrap
2023-01-30,52.70000076,52.70000076,52,52,23000,0,1,51.22161534,yahoo_bootstrap
2023-01-31,52.20000076,53,50.59999847,50.59999847,39020,0,1,49.84257035,yahoo_bootstrap
2023-02-01,51.90000153,52,51.90000153,52,4000,0,1,51.22161534,yahoo_bootstrap
2023-02-02,51.79999924,51.79999924,51.20000076,51.20000076,2420,0,1,50.43359124,yahoo_bootstrap
2023-02-03,51,52.70000076,51,52.70000076,8000,0,1,51.91113784,yahoo_bootstrap
2023-02-06,53.5,53.5,52.79999924,52.79999924,3371,0,1,52.00963945,yahoo_bootstrap
2023-02-07,52.09999847,52.5,52,52.5,5000,0,1,51.71413088,yahoo_bootstrap
2023-02-08,52,52.5,51.90000153,52.5,14000,0,1,51.71413088,yahoo_bootstrap
2023-02-09,52,52,52,52,1497,0,1,51.22161534,yahoo_bootstrap
2023-02-10,52,52,52,52,6502,0,1,51.22161534,yahoo_bootstrap
2023-02-13,52.09999847,52.09999847,50.29999924,51.40000153,16000,0,1,50.63059821,yahoo_bootstrap
2023-02-14,51.40000153,52,51.29999924,52,9000,0,1,51.22161534,yahoo_bootstrap
2023-02-15,51.79999924,51.79999924,51,51,22009,0,1,50.23658428,yahoo_bootstrap
2023-02-16,51,51.29999924,51,51.29999924,8000,0,1,50.53209285,yahoo_bootstrap
2023-02-17,51.29999924,51.29999924,51.29999924,51.29999924,3000,0,1,50.53209285,yahoo_bootstrap
2023-02-20,51.70000076,51.79999924,51,51.40000153,6000,0,1,50.63059821,yahoo_bootstrap
2023-02-21,51.40000153,52.09999847,51.09999847,52.09999847,13000,0,1,51.32011694,yahoo_bootstrap
2023-02-22,52.79999924,56.59999847,52.59999847,55.5,100131,0,1,54.66922407,yahoo_bootstrap
2023-02-23,55.90000153,58.5,55.90000153,56.70000076,87000,0,1,55.8512621,yahoo_bootstrap
2023-02-24,56.79999924,57,56.59999847,56.79999924,31200,0,1,55.9497637,yahoo_bootstrap
2023-03-01,56.09999847,56.20000076,55.90000153,55.90000153,36006,0,1,55.063238,yahoo_bootstrap
2023-03-02,55.90000153,55.90000153,55.29999924,55.59999847,17100,0,1,54.76772567,yahoo_bootstrap
2023-03-03,55.09999847,55.09999847,54.79999924,55.09999847,29004,0,1,54.27521014,yahoo_bootstrap
2023-03-06,54.29999924,55.09999847,54.29999924,54.59999847,21000,0,1,53.7826946,yahoo_bootstrap
2023-03-07,54.09999847,56.5,54,54.5,50200,0,1,53.684193,yahoo_bootstrap
2023-03-08,54.5,54.5,54.5,54.5,0,0,1,53.684193,yahoo_bootstrap
2023-03-09,54.70000076,55,54.70000076,54.79999924,34010,0,1,53.97970158,yahoo_bootstrap
2023-03-10,54,54.40000153,54,54.40000153,8186,0,1,53.58569141,yahoo_bootstrap
2023-03-13,54,54,54,54,5001,0,1,53.19167747,yahoo_bootstrap
2023-03-14,52.5,53.5,52.5,53.5,9062,0,1,52.69916194,yahoo_bootstrap
2023-03-15,53.79999924,53.79999924,53.40000153,53.59999847,18000,0,1,52.79766354,yahoo_bootstrap
2023-03-16,53.09999847,53.20000076,53,53,8000,0,1,52.20664641,yahoo_bootstrap
2023-03-17,53.5,53.79999924,52.59999847,52.59999847,8000,0,1,51.81263248,yahoo_bootstrap
2023-03-20,52.5,52.90000153,52.5,52.90000153,7148,0,1,52.10814481,yahoo_bootstrap
2023-03-21,53.5,54.90000153,52.29999924,52.29999924,14000,0,1,51.51712391,yahoo_bootstrap
2023-03-22,53.5,53.5,52.59999847,52.59999847,12028,0,1,51.81263248,yahoo_bootstrap
2023-03-23,52.59999847,52.59999847,52.59999847,52.59999847,1000,0,1,51.81263248,yahoo_bootstrap
2023-03-24,53.5,53.5,53.5,53.5,5000,0,1,52.69916194,yahoo_bootstrap
2023-03-27,53.5,54,53.5,54,15000,0,1,53.19167747,yahoo_bootstrap
2023-03-28,55,55,53.59999847,53.59999847,29001,0,1,52.79766354,yahoo_bootstrap
2023-03-29,53.59999847,53.59999847,53.59999847,53.59999847,2000,0,1,52.79766354,yahoo_bootstrap
2023-03-30,54,54,53.79999924,53.79999924,5000,0,1,52.99467051,yahoo_bootstrap
2023-03-31,54,54.29999924,54,54,6000,0,1,53.19167747,yahoo_bootstrap
2023-04-06,54,54.20000076,52.09999847,54.09999847,8218,0,1,53.29017907,yahoo_bootstrap
2023-04-07,53.29999924,54.09999847,53,54,20059,0,1,53.19167747,yahoo_bootstrap
2023-04-10,53.70000076,54,53.40000153,53.79999924,8306,0,1,52.99467051,yahoo_bootstrap
2023-04-11,55,55,53.59999847,53.90000153,20095,0,1,53.09317587,yahoo_bootstrap
2023-04-12,53.79999924,54.20000076,53,54,25525,0,1,53.19167747,yahoo_bootstrap
2023-04-13,52.59999847,53.20000076,52.29999924,52.5,56016,0,1,51.71413088,yahoo_bootstrap
2023-04-14,53.20000076,53.20000076,53,53,10247,0,1,52.20664641,yahoo_bootstrap
2023-04-17,53,53,53,53,8134,0,1,52.20664641,yahoo_bootstrap
2023-04-18,52.90000153,54.79999924,52.90000153,52.90000153,69000,0,1,52.10814481,yahoo_bootstrap
2023-04-19,53.59999847,54.40000153,52.59999847,52.59999847,79001,0,1,51.81263248,yahoo_bootstrap
2023-04-20,52.59999847,52.59999847,50.90000153,52.20000076,61001,0,1,51.41862231,yahoo_bootstrap
2023-04-21,53.79999924,53.90000153,51,51,81100,0,1,50.23658428,yahoo_bootstrap
2023-04-24,51,52.20000076,50,52,58000,0,1,51.22161534,yahoo_bootstrap
2023-04-25,50.70000076,52.09999847,50.59999847,50.70000076,58000,0,1,49.94107571,yahoo_bootstrap
2023-04-26,50.20000076,51.90000153,48.79999924,50.59999847,68001,0,1,49.84257035,yahoo_bootstrap
2023-04-27,50.29999924,51.70000076,50.29999924,51,49000,0,1,50.23658428,yahoo_bootstrap
2023-04-28,51.29999924,52.70000076,51.09999847,51.20000076,70000,0,1,50.43359124,yahoo_bootstrap
2023-05-02,51,51,50.79999924,50.79999924,8000,0,1,50.03957732,yahoo_bootstrap
2023-05-03,51,51,51,51,7000,0,1,50.23658428,yahoo_bootstrap
2023-05-04,50.29999924,51.70000076,50.20000076,51.20000076,53159,0,1,50.43359124,yahoo_bootstrap
2023-05-05,51.09999847,51.5,51,51,9000,0,1,50.23658428,yahoo_bootstrap
2023-05-08,51,52.29999924,50.90000153,51,58000,0,1,50.23658428,yahoo_bootstrap
2023-05-09,50.5,50.70000076,48.04999924,48.90000153,69036,0,1,48.16802055,yahoo_bootstrap
2023-05-10,48.90000153,50.09999847,48.90000153,49.5,87300,0,1,48.75903768,yahoo_bootstrap
2023-05-11,50.59999847,51.09999847,49.34999847,49.5,56000,0,1,48.75903768,yahoo_bootstrap
2023-05-12,49.84999847,49.84999847,49.45000076,49.5,15000,0,1,48.75903768,yahoo_bootstrap
2023-05-15,49.25,49.40000153,48.15000153,48.95000076,33000,0,1,48.21727135,yahoo_bootstrap
2023-05-16,49,49.84999847,48.20000076,49.15000153,63000,0,1,48.41427832,yahoo_bootstrap
2023-05-17,48.95000076,50.09999847,48.70000076,49.90000153,103000,0,1,49.15305162,yahoo_bootstrap
2023-05-18,49.90000153,51.09999847,49.90000153,51,26160,0,1,50.23658428,yahoo_bootstrap
2023-05-19,51,51.29999924,50.09999847,50.79999924,20000,0,1,50.03957732,yahoo_bootstrap
2023-05-22,50.90000153,50.90000153,50.29999924,50.79999924,6000,0,1,50.03957732,yahoo_bootstrap
2023-05-23,50.5,51,50.40000153,50.70000076,34000,0,1,49.94107571,yahoo_bootstrap
2023-05-24,50.70000076,51.20000076,50.70000076,51.20000076,13495,0,1,50.43359124,yahoo_bootstrap
2023-05-25,50.79999924,50.79999924,50.70000076,50.70000076,6000,0,1,49.94107571,yahoo_bootstrap
2023-05-26,50.5,50.79999924,50.20000076,50.29999924,11000,0,1,49.54706179,yahoo_bootstrap
2023-05-29,50,50.40000153,49.90000153,50.40000153,10000,0,1,49.64556715,yahoo_bootstrap
2023-05-30,48.75,50.79999924,48.75,50.09999847,51069,0,1,49.35005481,yahoo_bootstrap
2023-05-31,50.09999847,50.09999847,49.90000153,49.90000153,2000,0,1,49.15305162,yahoo_bootstrap
2023-06-01,50,50,49.84999847,49.84999847,7000,0,1,49.10379705,yahoo_bootstrap
2023-06-02,49.95000076,50,49.95000076,49.95000076,8000,0,1,49.20230241,yahoo_bootstrap
2023-06-05,50.09999847,50.5,49.90000153,50.5,15187,0,1,49.74406875,yahoo_bootstrap
2023-06-06,50.90000153,50.90000153,50.09999847,50.5,10000,0,1,49.74406875,yahoo_bootstrap
2023-06-07,50.09999847,50.59999847,50,50.59999847,19000,0,1,49.84257035,yahoo_bootstrap
2023-06-08,50.59999847,51.40000153,49.90000153,50.5,61093,0,1,49.74406875,yahoo_bootstrap
2023-06-09,50.09999847,50.29999924,50.09999847,50.29999924,10200,0,1,49.54706179,yahoo_bootstrap
2023-06-12,50.09999847,50.20000076,50,50.20000076,11000,0,1,49.44856018,yahoo_bootstrap
2023-06-13,50,50,49.90000153,50,5000,0,1,49.25155322,yahoo_bootstrap
2023-06-14,49.90000153,49.90000153,49.90000153,49.90000153,2000,0,1,49.15305162,yahoo_bootstrap
2023-06-15,49.90000153,49.90000153,49.59999847,49.90000153,10010,0,1,49.15305162,yahoo_bootstrap
2023-06-16,49.5,49.54999924,49,49,11100,0,1,48.26652215,yahoo_bootstrap
2023-06-19,49,49.84999847,49,49.84999847,3000,0,1,49.10379705,yahoo_bootstrap
2023-06-20,48.79999924,49.20000076,48.59999847,49.20000076,4025,0,1,48.46352911,yahoo_bootstrap
2023-06-21,49.75,52,48.59999847,52,93010,0,1,51.22161534,yahoo_bootstrap
2023-06-26,50.5,50.59999847,49.09999847,50.5,29080,0,1,49.74406875,yahoo_bootstrap
2023-06-27,50.29999924,50.5,49.09999847,49.70000076,19000,0,1,48.95604464,yahoo_bootstrap
2023-06-28,49.75,49.90000153,49.75,49.90000153,7000,0,1,49.15305162,yahoo_bootstrap
2023-06-29,49.20000076,49.79999924,49.09999847,49.65000153,12000,0,1,48.90679385,yahoo_bootstrap
2023-06-30,49.20000076,49.65000153,49.20000076,49.65000153,11000,0,1,48.90679385,yahoo_bootstrap
2023-07-03,49.20000076,49.45000076,49.09999847,49.25,14210,0,1,48.51277992,yahoo_bootstrap
2023-07-04,49.25,49.25,48.84999847,49.04999924,14000,0,1,48.31577296,yahoo_bootstrap
2023-07-05,48.90000153,49.40000153,48.79999924,49.04999924,11003,0,1,48.31577296,yahoo_bootstrap
2023-07-06,49,49,48.5,48.65000153,10222,0,1,47.92176279,yahoo_bootstrap
2023-07-07,48.09999847,48.15000153,48.09999847,48.09999847,7200,0,1,47.37999269,yahoo_bootstrap
2023-07-10,48.09999847,48.40000153,47.84999847,48.40000153,5003,0,1,47.67550502,yahoo_bootstrap
2023-07-11,48,48.15000153,47.90000153,47.90000153,11000,0,1,47.18298949,yahoo_bootstrap
2023-07-12,47.59999847,47.95000076,47.09999847,47.09999847,33006,0,1,46.39496162,yahoo_bootstrap
2023-07-13,47.09999847,47.09999847,46,46.20000076,47173,0,1,45.50843592,yahoo_bootstrap
2023-07-14,46.25,48.04999924,46.20000076,48.04999924,34000,0,1,47.33074189,yahoo_bootstrap
2023-07-17,47.95000076,47.95000076,46,46.59999847,30134,0,1,45.90244609,yahoo_bootstrap
2023-07-18,47,47,46.25,46.70000076,7000,0,1,46.00095145,yahoo_bootstrap
2023-07-19,46.65000153,46.70000076,46.20000076,46.20000076,11001,0,1,45.50843592,yahoo_bootstrap
2023-07-20,46.20000076,47,46.20000076,47,4030,0,1,46.29646002,yahoo_bootstrap
2023-07-21,46.09999847,48,46,48,10000,0.495815,1,47.78559351,yahoo_bootstrap
2023-07-24,46.40000153,46.95000076,45.70000076,46.95000076,23495,0,1,46.74028441,yahoo_bootstrap
2023-07-25,46.75,46.75,46.25,46.29999924,15113,0,1,46.09318632,yahoo_bootstrap
2023-07-26,45.84999847,47.84999847,45.84999847,47.84999847,5000,0,1,47.63626201,yahoo_bootstrap
2023-07-27,46.29999924,47.40000153,46.25,47.09999847,13000,0,1,46.88961211,yahoo_bootstrap
2023-07-28,46.20000076,46.84999847,46,46.54999924,12000,0,1,46.34206962,yahoo_bootstrap
2023-07-31,45.84999847,47,45.84999847,46.54999924,18000,0,1,46.34206962,yahoo_bootstrap
2023-08-01,47.84999847,47.84999847,47.29999924,47.29999924,4400,0,1,47.08871952,yahoo_bootstrap
2023-08-02,46.29999924,47.29999924,46.29999924,47.29999924,2000,0,1,47.08871952,yahoo_bootstrap
2023-08-04,47.29999924,47.29999924,47.29999924,47.29999924,0,0,1,47.08871952,yahoo_bootstrap
2023-08-07,46.04999924,47,46.04999924,46.90000153,9000,0,1,46.69050852,yahoo_bootstrap
2023-08-08,46.79999924,47.95000076,46.04999924,46.54999924,19000,0,1,46.34206962,yahoo_bootstrap
2023-08-09,46.5,46.5,46.04999924,46.45000076,5000,0,1,46.24251781,yahoo_bootstrap
2023-08-10,46.04999924,46.40000153,45.5,45.5,20000,0,1,45.29676052,yahoo_bootstrap
2023-08-11,45.5,46.95000076,45.5,46.25,16020,0,1,46.04341042,yahoo_bootstrap
2023-08-14,46.09999847,47.54999924,45.59999847,46.40000153,18000,0,1,46.19274192,yahoo_bootstrap
2023-08-15,46.04999924,46.29999924,45.54999924,46.04999924,14000,0,1,45.84430302,yahoo_bootstrap
2023-08-16,47.25,47.25,45.70000076,46.54999924,4000,0,1,46.34206962,yahoo_bootstrap
2023-08-17,46,46,45.5,45.90000153,6235,0,1,45.69497532,yahoo_bootstrap
2023-08-18,45.09999847,46.09999847,45.04999924,46.09999847,10000,0,1,45.89407891,yahoo_bootstrap
2023-08-21,45.70000076,46.84999847,45.70000076,46,6226,0,1,45.79452712,yahoo_bootstrap
2023-08-22,45.90000153,46,45.09999847,46,20000,0,1,45.79452712,yahoo_bootstrap
2023-08-23,46.90000153,46.90000153,46.5,46.90000153,13113,0,1,46.69050852,yahoo_bootstrap
2023-08-24,46.29999924,46.29999924,45.95000076,46,7028,0,1,45.79452712,yahoo_bootstrap
2023-08-25,45.95000076,45.95000076,45.54999924,45.79999924,4104,0,1,45.59541972,yahoo_bootstrap
2023-08-28,45,45,44.79999924,45,5000,0,1,44.79899392,yahoo_bootstrap
2023-08-29,45.90000153,45.90000153,45.40000153,45.40000153,2000,0,1,45.19720872,yahoo_bootstrap
2023-08-30,45.54999924,45.54999924,45.40000153,45.40000153,5000,0,1,45.19720872,yahoo_bootstrap
2023-08-31,45.84999847,45.84999847,44.70000076,45.29999924,10000,0,1,45.09765312,yahoo_bootstrap
2023-09-01,46.45000076,46.45000076,44.84999847,45.5,12000,0,1,45.29676052,yahoo_bootstrap
2023-09-04,44.5,45.5,44.20000076,44.54999924,34249,0,1,44.35100322,yahoo_bootstrap
2023-09-05,45.40000153,45.40000153,44.09999847,44.45000076,16105,0,1,44.25145142,yahoo_bootstrap
2023-09-06,45.70000076,45.70000076,44.95000076,45,3000,0,1,44.79899392,yahoo_bootstrap
2023-09-07,45.15000153,45.15000153,43.70000076,45,10000,0,1,44.79899392,yahoo_bootstrap
2023-09-08,44.40000153,44.95000076,43.70000076,44.95000076,9000,0,1,44.74921802,yahoo_bootstrap
2023-09-11,45.95000076,45.95000076,45.20000076,45.20000076,7000,0,1,44.99810132,yahoo_bootstrap
2023-09-12,45.54999924,45.54999924,44.84999847,44.84999847,5000,0,1,44.64966242,yahoo_bootstrap
2023-09-13,44.09999847,44.84999847,44.09999847,44.75,7430,0,1,44.55011062,yahoo_bootstrap
2023-09-14,44.90000153,44.90000153,44.70000076,44.70000076,2009,0,1,44.50033472,yahoo_bootstrap
2023-09-15,45.5,45.5,43.95000076,44.45000076,12570,0,1,44.25145142,yahoo_bootstrap
2023-09-18,44,44.84999847,43.79999924,44.45000076,19000,0,1,44.25145142,yahoo_bootstrap
2023-09-19,43.90000153,44.5,43.90000153,44.34999847,3000,0,1,44.15189582,yahoo_bootstrap
2023-09-20,44.45000076,44.45000076,43.5,44.40000153,7000,0,1,44.20167552,yahoo_bootstrap
2023-09-21,44.40000153,44.40000153,44.40000153,44.40000153,0,0,1,44.20167552,yahoo_bootstrap
2023-09-22,43.54999924,44.20000076,43.5,44,10000,0,1,43.80346072,yahoo_bootstrap
2023-09-25,43.70000076,43.70000076,43.20000076,43.65000153,14000,0,1,43.45502562,yahoo_bootstrap
2023-09-26,43.20000076,43.40000153,42.70000076,42.84999847,5025,0,1,42.65859602,yahoo_bootstrap
2023-09-27,42.95000076,44.5,42.95000076,43.54999924,5000,0,1,43.35547002,yahoo_bootstrap
2023-09-28,44.95000076,44.95000076,43.34999847,43.5,9000,0,1,43.30569412,yahoo_bootstrap
2023-10-02,43.5,43.5,43.5,43.5,1134,0,1,43.30569412,yahoo_bootstrap
2023-10-03,43.45000076,43.45000076,43.45000076,43.45000076,1000,0,1,43.25591822,yahoo_bootstrap
2023-10-04,43.84999847,43.84999847,43.84999847,43.84999847,1120,0,1,43.65412922,yahoo_bootstrap
2023-10-05,42.65000153,43.65000153,42.65000153,43,6000,0,1,42.80792752,yahoo_bootstrap
2023-10-06,42.95000076,43.34999847,42.95000076,43.34999847,2000,0,1,43.15636262,yahoo_bootstrap
2023-10-11,43.34999847,43.34999847,43.29999924,43.29999924,2000,0,1,43.10658673,yahoo_bootstrap
2023-10-12,43.29999924,43.29999924,43.29999924,43.29999924,3000,0,1,43.10658673,yahoo_bootstrap
2023-10-13,43.29999924,43.29999924,43.29999924,43.29999924,2000,0,1,43.10658673,yahoo_bootstrap
2023-10-16,42.75,42.75,42,42.29999924,11000,0,1,42.11105353,yahoo_bootstrap
2023-10-17,42.40000153,42.40000153,41.84999847,42.34999847,18000,0,1,42.16082942,yahoo_bootstrap
2023-10-18,42.95000076,42.95000076,42.95000076,42.95000076,1113,0,1,42.75815162,yahoo_bootstrap
2023-10-19,42.5,42.79999924,42.5,42.79999924,2000,0,1,42.60882013,yahoo_bootstrap
2023-10-20,42.79999924,42.79999924,42.79999924,42.79999924,0,0,1,42.60882013,yahoo_bootstrap
2023-10-23,43.90000153,43.90000153,42.09999847,42.70000076,6000,0,1,42.50926832,yahoo_bootstrap
2023-10-24,42.15000153,42.5,42,42.5,8000,0,1,42.31016092,yahoo_bootstrap
2023-10-25,41.70000076,42.34999847,41.70000076,42.04999924,9012,0,1,41.86217023,yahoo_bootstrap
2023-10-26,42,42,42,42,4300,0,1,41.81239432,yahoo_bootstrap
2023-10-27,42.79999924,42.79999924,42.40000153,42.40000153,4000,0,1,42.21060913,yahoo_bootstrap
2023-10-30,42.90000153,42.90000153,42.90000153,42.90000153,3000,0,1,42.70837573,yahoo_bootstrap
2023-10-31,42.75,42.75,41.79999924,41.79999924,12000,0,1,41.61328693,yahoo_bootstrap
2023-11-01,41.59999847,41.90000153,40.84999847,41.29999924,13000,0,1,41.11552033,yahoo_bootstrap
2023-11-02,41.29999924,41.29999924,40.5,40.59999847,17000,0,1,40.41864632,yahoo_bootstrap
2023-11-03,41.40000153,41.40000153,40.20000076,40.90000153,9000,0,1,40.71730933,yahoo_bootstrap
2023-11-06,40.90000153,41,40.90000153,41,18000,0,1,40.81686113,yahoo_bootstrap
2023-11-07,40.95000076,40.95000076,40.40000153,40.90000153,13000,0,1,40.71730933,yahoo_bootstrap
2023-11-08,40.79999924,40.90000153,40.40000153,40.65000153,19000,0,1,40.46842603,yahoo_bootstrap
2023-11-09,40.25,40.45000076,40.20000076,40.34999847,8000,0,1,40.16976302,yahoo_bootstrap
2023-11-10,40,41.90000153,40,41.90000153,31000,0,1,41.71284253,yahoo_bootstrap
2023-11-13,40.90000153,40.90000153,40,40.79999924,15000,0,1,40.61775373,yahoo_bootstrap
2023-11-14,40.65000153,40.79999924,40.65000153,40.79999924,6000,0,1,40.61775373,yahoo_bootstrap
2023-11-15,40.79999924,41,40.70000076,40.70000076,16000,0,1,40.51820192,yahoo_bootstrap
2023-11-16,40.95000076,41.29999924,40.20000076,40.79999924,33268,0,1,40.61775373,yahoo_bootstrap
2023-11-17,40.5,40.5,40.20000076,40.5,15000,0,1,40.31909453,yahoo_bootstrap
2023-11-20,40.25,40.5,40.25,40.5,16000,0,1,40.31909453,yahoo_bootstrap
2023-11-21,40.5,40.84999847,40.20000076,40.79999924,14000,0,1,40.61775373,yahoo_bootstrap
2023-11-22,40.20000076,40.45000076,40.20000076,40.40000153,21000,0,1,40.21954273,yahoo_bootstrap
2023-11-23,40.5,40.5,40.20000076,40.20000076,15000,0,1,40.02043532,yahoo_bootstrap
2023-11-24,40.5,40.5,40.09999847,40.34999847,18000,0,1,40.16976302,yahoo_bootstrap
2023-11-27,40.20000076,40.40000153,40.20000076,40.40000153,11000,0,1,40.21954273,yahoo_bootstrap
2023-11-28,40.75,40.75,40,40.5,21122,0,1,40.31909453,yahoo_bootstrap
2023-11-29,40.04999924,40.40000153,40,40,36000,0,1,39.82132793,yahoo_bootstrap
2023-11-30,40.59999847,40.79999924,40.45000076,40.45000076,31000,0,1,40.26931862,yahoo_bootstrap
2023-12-01,40.45000076,41,40.25,41,35000,0,1,40.81686113,yahoo_bootstrap
2023-12-04,41,41,40,40.95000076,18268,0,1,40.76708522,yahoo_bootstrap
2023-12-05,40.75,40.95000076,40.40000153,40.95000076,12034,0,1,40.76708522,yahoo_bootstrap
2023-12-06,40.95000076,41,40.65000153,41,8154,0,1,40.81686113,yahoo_bootstrap
2023-12-07,41.20000076,41.20000076,41,41,13000,0,1,40.81686113,yahoo_bootstrap
2023-12-08,40.84999847,41.20000076,40.79999924,41.20000076,14605,0,1,41.01596852,yahoo_bootstrap
2023-12-11,41.25,41.29999924,40.84999847,41.20000076,33100,0,1,41.01596852,yahoo_bootstrap
2023-12-12,41.20000076,41.20000076,40.84999847,41,30660,0,1,40.81686113,yahoo_bootstrap
2023-12-13,40.79999924,40.79999924,39.79999924,40.29999924,28000,0,1,40.11998713,yahoo_bootstrap
2023-12-14,40.29999924,40.5,40,40.5,10027,0,1,40.31909453,yahoo_bootstrap
2023-12-15,39.45000076,40.65000153,39.45000076,40.65000153,26049,0,1,40.46842603,yahoo_bootstrap
2023-12-18,40.65000153,40.65000153,40,40.20000076,28000,0,1,40.02043532,yahoo_bootstrap
2023-12-19,39.84999847,40.45000076,39.84999847,40.20000076,8000,0,1,40.02043532,yahoo_bootstrap
2023-12-20,40.20000076,40.5,40.09999847,40.5,14000,0,1,40.31909453,yahoo_bootstrap
2023-12-21,40.29999924,42.09999847,40.20000076,41,34000,0,1,40.81686113,yahoo_bootstrap
2023-12-22,40.29999924,40.84999847,40.29999924,40.5,6000,0,1,40.31909453,yahoo_bootstrap
2023-12-25,40.5,40.5,40.5,40.5,4000,0,1,40.31909453,yahoo_bootstrap
2023-12-26,40.65000153,42.90000153,40.40000153,41.15000153,24012,0,1,40.96619263,yahoo_bootstrap
2023-12-27,40.65000153,41.34999847,40.65000153,41.34999847,11010,0,1,41.16529622,yahoo_bootstrap
2023-12-28,41.04999924,41.04999924,40.84999847,41,19000,0,1,40.81686113,yahoo_bootstrap
2023-12-29,41,41.5,40.84999847,41.5,29041,0,1,41.31462773,yahoo_bootstrap
2024-01-02,41.5,41.5,40.84999847,40.90000153,16000,0,1,40.71730933,yahoo_bootstrap
2024-01-03,40.84999847,40.84999847,40.54999924,40.79999924,10000,0,1,40.61775373,yahoo_bootstrap
2024-01-04,40.70000076,40.79999924,40.59999847,40.59999847,15000,0,1,40.41864632,yahoo_bootstrap
2024-01-05,40.65000153,40.75,40.59999847,40.75,6001,0,1,40.56797783,yahoo_bootstrap
2024-01-08,40.59999847,40.79999924,40.59999847,40.70000076,9000,0,1,40.51820192,yahoo_bootstrap
2024-01-09,40.70000076,40.70000076,40.70000076,40.70000076,0,0,1,40.51820192,yahoo_bootstrap
2024-01-10,40.90000153,40.95000076,40.90000153,40.95000076,3000,0,1,40.76708522,yahoo_bootstrap
2024-01-11,40.95000076,40.95000076,40.25,40.59999847,25000,0,1,40.41864632,yahoo_bootstrap
2024-01-12,40.54999924,40.79999924,40.5,40.65000153,12000,0,1,40.46842603,yahoo_bootstrap
2024-01-15,40.45000076,40.45000076,39.79999924,39.79999924,41000,0,1,39.62222053,yahoo_bootstrap
2024-01-16,39.70000076,39.70000076,38.79999924,38.84999847,30010,0,1,38.67646323,yahoo_bootstrap
2024-01-17,38.25,38.79999924,38.15000153,38.54999924,27104,0,1,38.37780403,yahoo_bootstrap
2024-01-18,38.45000076,38.90000153,38.40000153,38.79999924,17000,0,1,38.62668733,yahoo_bootstrap
2024-01-19,38.25,39,38.25,38.90000153,14000,0,1,38.72624293,yahoo_bootstrap
2024-01-22,39,40.65000153,39,39.5,60100,0,1,39.32356133,yahoo_bootstrap
2024-01-23,39,39.09999847,38.90000153,39.09999847,38000,0,1,38.92534653,yahoo_bootstrap
2024-01-24,39.09999847,39.09999847,39.09999847,39.09999847,4000,0,1,38.92534653,yahoo_bootstrap
2024-01-25,38.79999924,39.04999924,38.65000153,38.70000076,21000,0,1,38.52713553,yahoo_bootstrap
2024-01-26,38.54999924,38.90000153,38.5,38.90000153,26000,0,1,38.72624293,yahoo_bootstrap
2024-01-29,38.20000076,38.90000153,38.20000076,38.90000153,18263,0,1,38.72624293,yahoo_bootstrap
2024-01-30,38.70000076,39,38.70000076,38.79999924,8100,0,1,38.62668733,yahoo_bootstrap
2024-01-31,39.84999847,39.84999847,38.5,38.79999924,17300,0,1,38.62668733,yahoo_bootstrap
2024-02-01,39.65000153,39.65000153,38.5,39.29999924,18000,0,1,39.12445393,yahoo_bootstrap
2024-02-02,39.59999847,39.65000153,39,39.09999847,16000,0,1,38.92534653,yahoo_bootstrap
2024-02-05,39.45000076,39.45000076,38.59999847,38.65000153,47671,0,1,38.47735963,yahoo_bootstrap
2024-02-15,40.40000153,40.40000153,38.70000076,39.40000153,27740,0,1,39.22400953,yahoo_bootstrap
2024-02-16,40.15000153,40.15000153,39,39.59999847,21033,0,1,39.42311313,yahoo_bootstrap
2024-02-19,40.09999847,40.09999847,39.34999847,39.70000076,24000,0,1,39.52266873,yahoo_bootstrap
2024-02-20,39.84999847,40.20000076,39.65000153,39.75,46040,0,1,39.57244463,yahoo_bootstrap
2024-02-21,39.75,40.04999924,39.54999924,39.79999924,31113,0,1,39.62222053,yahoo_bootstrap
2024-02-22,39.65000153,39.75,39.09999847,39.15000153,45000,0,1,38.97512623,yahoo_bootstrap
2024-02-23,39.15000153,39.34999847,39.09999847,39.25,12000,0,1,39.07467803,yahoo_bootstrap
2024-02-26,39.59999847,43.09999847,39.54999924,41.84999847,90031,0,1,41.66306282,yahoo_bootstrap
2024-02-27,41.84999847,42.65000153,40.75,41.20000076,56000,0,1,41.01596852,yahoo_bootstrap
2024-02-29,41.5,41.5,40.40000153,40.79999924,24000,0,1,40.61775373,yahoo_bootstrap
2024-03-01,40.54999924,40.54999924,39.90000153,40.20000076,39000,0,1,40.02043532,yahoo_bootstrap
2024-03-04,40.20000076,40.5,40.09999847,40.5,54000,0,1,40.31909453,yahoo_bootstrap
2024-03-05,40.34999847,40.40000153,39.90000153,40.04999924,32000,0,1,39.87110383,yahoo_bootstrap
2024-03-06,40.65000153,40.65000153,40.15000153,40.54999924,28000,0,1,40.36887043,yahoo_bootstrap
2024-03-07,40.5,40.90000153,40.5,40.70000076,33500,0,1,40.51820192,yahoo_bootstrap
2024-03-08,40.90000153,40.90000153,40.29999924,40.45000076,37000,0,1,40.26931862,yahoo_bootstrap
2024-03-11,40.09999847,40.20000076,40.09999847,40.09999847,12000,0,1,39.92087972,yahoo_bootstrap
2024-03-12,40.25,40.34999847,40,40.09999847,19000,0,1,39.92087972,yahoo_bootstrap
2024-03-13,40.09999847,41.04999924,39.70000076,39.75,12000,0,1,39.57244463,yahoo_bootstrap
2024-03-14,40.45000076,40.45000076,39.90000153,39.90000153,5342,0,1,39.72177613,yahoo_bootstrap
2024-03-15,40.29999924,40.29999924,39.15000153,39.79999924,15000,0,1,39.62222053,yahoo_bootstrap
2024-03-18,39.25,40.45000076,39.25,39.70000076,13000,0,1,39.52266873,yahoo_bootstrap
2024-03-19,39.70000076,39.70000076,39.40000153,39.54999924,41000,0,1,39.37333723,yahoo_bootstrap
2024-03-20,40.04999924,40.04999924,39.09999847,39.09999847,44998,0,1,38.92534653,yahoo_bootstrap
2024-03-21,39.45000076,39.45000076,38.84999847,38.84999847,29064,0,1,38.67646323,yahoo_bootstrap
2024-03-22,38.75,38.75,37.90000153,37.90000153,39032,0,1,37.73070973,yahoo_bootstrap
2024-03-25,38.20000076,38.20000076,37.29999924,37.40000153,42085,0,1,37.23294314,yahoo_bootstrap
2024-03-26,38,38,37.5,37.54999924,9000,0,1,37.38227084,yahoo_bootstrap
2024-03-27,37.25,37.25,37,37.09999847,48000,0,1,36.93428013,yahoo_bootstrap
2024-03-28,36.84999847,37,36.20000076,36.20000076,46130,0,1,36.03830253,yahoo_bootstrap
2024-03-29,36,36,34.75,35.79999924,80000,0,1,35.64008774,yahoo_bootstrap
2024-04-01,34.75,34.75,33.20000076,34.09999847,133038,0,1,33.94768054,yahoo_bootstrap
2024-04-02,34.09999847,34.09999847,33.40000153,33.90000153,74000,0,1,33.74857694,yahoo_bootstrap
2024-04-03,33.59999847,33.79999924,33.5,33.5,11000,0,1,33.35036214,yahoo_bootstrap
2024-04-08,33.40000153,33.65000153,33.40000153,33.65000153,11506,0,1,33.49969364,yahoo_bootstrap
2024-04-09,33.65000153,34.09999847,33.40000153,34.09999847,43783,0,1,33.94768054,yahoo_bootstrap
2024-04-10,34.09999847,34.40000153,34,34.20000076,41045,0,1,34.04723613,yahoo_bootstrap
2024-04-11,34.5,34.5,34.09999847,34.15000153,48000,0,1,33.99746024,yahoo_bootstrap
2024-04-12,34.5,34.90000153,34,34.09999847,50000,0,1,33.94768054,yahoo_bootstrap
2024-04-15,33.65000153,34.29999924,33.5,34.15000153,28000,0,1,33.99746024,yahoo_bootstrap
2024-04-16,34.15000153,34.15000153,33.84999847,33.84999847,15000,0,1,33.69879724,yahoo_bootstrap
2024-04-17,33.75,34,33.70000076,33.90000153,25000,0,1,33.74857694,yahoo_bootstrap
2024-04-18,33.79999924,34,33.79999924,34,24060,0,1,33.84812874,yahoo_bootstrap
2024-04-19,33.59999847,33.90000153,33.5,33.79999924,28000,0,1,33.64902134,yahoo_bootstrap
2024-04-22,36.29999924,36.29999924,34.29999924,34.5,39000,0,1,34.34589534,yahoo_bootstrap
2024-04-23,34.20000076,34.20000076,34.20000076,34.20000076,3000,0,1,34.04723613,yahoo_bootstrap
2024-04-24,34.40000153,34.65000153,34.04999924,34.34999847,13000,0,1,34.19656383,yahoo_bootstrap
2024-04-25,34.34999847,34.54999924,34.34999847,34.5,9145,0,1,34.34589534,yahoo_bootstrap
2024-04-26,34.5,34.59999847,34,34,102008,0,1,33.84812874,yahoo_bootstrap
2024-04-29,33.20000076,34,33.20000076,34,21000,0,1,33.84812874,yahoo_bootstrap
2024-04-30,33.45000076,34.45000076,33.45000076,34.45000076,33000,0,1,34.29611943,yahoo_bootstrap
2024-05-02,34.20000076,34.5,34.20000076,34.29999924,35000,0,1,34.14678794,yahoo_bootstrap
2024-05-03,34.20000076,34.34999847,34,34.34999847,21000,0,1,34.19656383,yahoo_bootstrap
2024-05-06,34.25,34.5,34.20000076,34.40000153,27247,0,1,34.24634354,yahoo_bootstrap
2024-05-07,34.40000153,34.40000153,34.20000076,34.20000076,20113,0,1,34.04723613,yahoo_bootstrap
2024-05-08,34.09999847,34.09999847,34,34.04999924,9000,0,1,33.89790464,yahoo_bootstrap
2024-05-09,34.34999847,34.34999847,34.09999847,34.20000076,20000,0,1,34.04723613,yahoo_bootstrap
2024-05-10,34.29999924,35,34.29999924,34.5,22092,0,1,34.34589534,yahoo_bootstrap
2024-05-13,34.5,34.5,33.79999924,33.90000153,37000,0,1,33.74857694,yahoo_bootstrap
2024-05-14,33.90000153,34.29999924,33.79999924,33.90000153,55000,0,1,33.74857694,yahoo_bootstrap
2024-05-15,33.90000153,34.20000076,33.70000076,33.84999847,191013,0,1,33.69879724,yahoo_bootstrap
2024-05-16,33.90000153,34.20000076,33.75,33.75,53001,0,1,33.59924544,yahoo_bootstrap
2024-05-17,33.90000153,34.09999847,33.79999924,34,29134,0,1,33.84812874,yahoo_bootstrap
2024-05-20,34.29999924,34.29999924,34.04999924,34.29999924,34000,0,1,34.14678794,yahoo_bootstrap
2024-05-21,34.75,34.75,34.29999924,34.59999847,80899,0,1,34.44544713,yahoo_bootstrap
2024-05-22,34.75,34.75,34.5,34.75,16000,0,1,34.59477864,yahoo_bootstrap
2024-05-23,34.75,35,34.54999924,34.70000076,24000,0,1,34.54500273,yahoo_bootstrap
2024-05-24,34.5,34.95000076,34.40000153,34.95000076,11247,0,1,34.79388603,yahoo_bootstrap
2024-05-27,34.95000076,35,34.65000153,34.95000076,37649,0,1,34.79388603,yahoo_bootstrap
2024-05-28,34.90000153,35.04999924,34.54999924,35.04999924,58057,0,1,34.89343784,yahoo_bootstrap
2024-05-29,35.04999924,35.20000076,34.90000153,35.20000076,17000,0,1,35.04276933,yahoo_bootstrap
2024-05-30,35.15000153,38.70000076,35.15000153,37.75,80862,0,1,37.58137823,yahoo_bootstrap
2024-05-31,38,41.45000076,38,40.75,194000,0,1,40.56797783,yahoo_bootstrap
2024-06-03,41.29999924,42.90000153,40.75,42.90000153,178100,0,1,42.70837573,yahoo_bootstrap
2024-06-04,43.40000153,47.15000153,43.40000153,45.09999847,327040,0,1,44.89854572,yahoo_bootstrap
2024-06-05,47.09999847,47.15000153,43.84999847,44.15000153,156000,0,1,43.95279222,yahoo_bootstrap
2024-06-06,45,45,43,43.09999847,100000,0,1,42.90747932,yahoo_bootstrap
2024-06-07,41.54999924,42,40.09999847,42,104018,0,1,41.81239432,yahoo_bootstrap
2024-06-11,42,42.54999924,41.79999924,42.25,30000,0,1,42.06127762,yahoo_bootstrap
2024-06-12,43.29999924,43.40000153,42.25,42.40000153,35000,0,1,42.21060913,yahoo_bootstrap
2024-06-13,42.04999924,42.25,41.95000076,42.15000153,33000,0,1,41.96172583,yahoo_bootstrap
2024-06-14,41.90000153,42.79999924,41.90000153,41.95000076,21000,0,1,41.76261842,yahoo_bootstrap
2024-06-17,41.90000153,42.90000153,41.25,41.5,36100,0,1,41.31462773,yahoo_bootstrap
2024-06-18,41,42,41,41.95000076,40113,0,1,41.76261842,yahoo_bootstrap
2024-06-19,42,42.79999924,42,42.79999924,52300,0,1,42.60882013,yahoo_bootstrap
2024-06-20,43,43.25,42.59999847,43.20000076,32000,0,1,43.00703492,yahoo_bootstrap
2024-06-21,42.75,43.09999847,42.75,43.09999847,10000,0,1,42.90747932,yahoo_bootstrap
2024-06-24,42.59999847,42.79999924,42.5,42.79999924,19000,0,1,42.60882013,yahoo_bootstrap
2024-06-25,43.20000076,43.20000076,42.75,42.75,32050,0,1,42.55904422,yahoo_bootstrap
2024-06-26,42.40000153,43,42.34999847,43,54211,0,1,42.80792752,yahoo_bootstrap
2024-06-27,42.45000076,42.70000076,42.45000076,42.65000153,5000,0,1,42.45949243,yahoo_bootstrap
2024-06-28,43,43.09999847,43,43,8000,0,1,42.80792752,yahoo_bootstrap
2024-07-01,43.5,43.5,42.90000153,43.34999847,23000,0,1,43.15636262,yahoo_bootstrap
2024-07-02,43.34999847,43.5,43.20000076,43.25,32000,0,1,43.05681082,yahoo_bootstrap
2024-07-03,43.25,43.40000153,43,43.20000076,29024,0,1,43.00703492,yahoo_bootstrap
2024-07-04,43.29999924,43.59999847,43.20000076,43.59999847,68250,0,1,43.40524592,yahoo_bootstrap
2024-07-05,44,44.40000153,43.59999847,44.25,49047,0,1,44.05234402,yahoo_bootstrap
2024-07-08,44.25,44.70000076,44.20000076,44.29999924,9400,0,1,44.10211992,yahoo_bootstrap
2024-07-09,43.84999847,44.29999924,43.70000076,44.20000076,20001,0,1,44.00256812,yahoo_bootstrap
2024-07-10,44.5,45.5,44.40000153,45.20000076,41346,0,1,44.99810132,yahoo_bootstrap
2024-07-11,45.25,45.25,42.95000076,44.34999847,73000,0,1,44.15189582,yahoo_bootstrap
2024-07-12,43.25,43.25,43.25,43.25,14000,0,1,43.05681082,yahoo_bootstrap
2024-07-15,44,44.09999847,43.5,43.59999847,17000,0,1,43.40524592,yahoo_bootstrap
2024-07-16,44.54999924,45,43.75,43.75,42000,0,1,43.55457742,yahoo_bootstrap
2024-07-17,43.29999924,44.90000153,43.25,44.90000153,14000,0,1,44.69944212,yahoo_bootstrap
2024-07-18,44.84999847,45.5,44.75,45.5,23049,0,1,45.29676052,yahoo_bootstrap
2024-07-19,45.5,45.5,44,44.54999924,25124,0,1,44.35100322,yahoo_bootstrap
2024-07-22,43,44.20000076,42.95000076,44.20000076,19000,0,1,44.00256812,yahoo_bootstrap
2024-07-23,43.09999847,44.54999924,43.09999847,44.40000153,20000,0,1,44.20167552,yahoo_bootstrap
2024-07-26,43.40000153,44.20000076,43.04999924,44.20000076,13000,0,1,44.00256812,yahoo_bootstrap
2024-07-29,43.20000076,43.79999924,42.34999847,43.40000153,33268,0,1,43.20614232,yahoo_bootstrap
2024-07-30,43.09999847,43.84999847,43.09999847,43.84999847,25000,0,1,43.65412922,yahoo_bootstrap
2024-07-31,43,44.5,43,44.29999924,3000,0,1,44.10211992,yahoo_bootstrap
2024-08-01,44.29999924,45.5,44.29999924,45.34999847,58000,0,1,45.14742902,yahoo_bootstrap
2024-08-02,44.59999847,44.59999847,43.20000076,43.20000076,23000,0,1,43.00703492,yahoo_bootstrap
2024-08-05,41,41.45000076,40,41.40000153,70008,0,1,41.21507593,yahoo_bootstrap
2024-08-06,41,41.5,41,41.5,32050,0,1,41.31462773,yahoo_bootstrap
2024-08-07,41,43,41,43,33000,0,1,42.80792752,yahoo_bootstrap
2024-08-08,42.5,42.5,41.45000076,41.95000076,5000,0,1,41.76261842,yahoo_bootstrap
2024-08-09,40.90000153,42.25,40.90000153,41.59999847,11000,0,1,41.41417952,yahoo_bootstrap
2024-08-12,41,41.5,40.5,41.5,22000,0,1,41.31462773,yahoo_bootstrap
2024-08-13,40.09999847,42.5,40.09999847,42.5,18000,0,1,42.31016092,yahoo_bootstrap
2024-08-14,42.84999847,42.84999847,41,41.95000076,18300,0,1,41.76261842,yahoo_bootstrap
2024-08-15,42.09999847,42.09999847,42.09999847,42.09999847,11000,0,1,41.91194612,yahoo_bootstrap
2024-08-16,42.40000153,42.40000153,40.90000153,41.75,16000,0,1,41.56351102,yahoo_bootstrap
2024-08-19,42.45000076,42.59999847,42.40000153,42.40000153,11000,0,1,42.21060913,yahoo_bootstrap
2024-08-20,42.29999924,43,42.29999924,43,10059,0,1,42.80792752,yahoo_bootstrap
2024-08-21,42.5,42.70000076,42.09999847,42.70000076,11045,0,1,42.50926832,yahoo_bootstrap
2024-08-22,43,43,42.5,42.5,16000,0,1,42.31016092,yahoo_bootstrap
2024-08-23,42.5,43.29999924,41.45000076,43.29999924,39000,0,1,43.10658673,yahoo_bootstrap
2024-08-26,43.5,43.5,43.5,43.5,5000,0,1,43.30569412,yahoo_bootstrap
2024-08-27,43.40000153,44.5,43.40000153,44.40000153,31000,0,1,44.20167552,yahoo_bootstrap
2024-08-28,44.54999924,44.54999924,43.15000153,44.25,16247,0,1,44.05234402,yahoo_bootstrap
2024-08-29,43,44.20000076,42.95000076,44.15000153,11495,0,1,43.95279222,yahoo_bootstrap
2024-08-30,43.84999847,44.29999924,43.84999847,44.25,15327,0,1,44.05234402,yahoo_bootstrap
2024-09-02,44.25,44.45000076,44,44.45000076,19000,0,1,44.25145142,yahoo_bootstrap
2024-09-03,44.45000076,44.5,44.34999847,44.45000076,20000,0,1,44.25145142,yahoo_bootstrap
2024-09-04,41.79999924,44.45000076,41.79999924,43.54999924,29050,0,1,43.35547002,yahoo_bootstrap
2024-09-05,43.54999924,43.79999924,42.90000153,43.5,35000,0,1,43.30569412,yahoo_bootstrap
2024-09-06,43.09999847,44,43.09999847,43.79999924,32000,0,1,43.60435332,yahoo_bootstrap
2024-09-09,43.09999847,43.79999924,43.04999924,43.79999924,18000,0,1,43.60435332,yahoo_bootstrap
2024-09-10,43.20000076,44.5,43,43.70000076,26000,0,1,43.50480152,yahoo_bootstrap
2024-09-11,43,43.79999924,42.79999924,42.79999924,37000,0,1,42.60882013,yahoo_bootstrap
2024-09-12,43,44,43,43.79999924,28000,0,1,43.60435332,yahoo_bootstrap
2024-09-13,44.15000153,44.15000153,43.5,43.5,3000,0,1,43.30569412,yahoo_bootstrap
2024-09-16,44.25,44.29999924,44.25,44.29999924,2039,0,1,44.10211992,yahoo_bootstrap
2024-09-18,43,44.29999924,43,44.15000153,24102,0,1,43.95279222,yahoo_bootstrap
2024-09-19,44,44.70000076,44,44.70000076,44000,0,1,44.50033472,yahoo_bootstrap
2024-09-20,44.95000076,46.29999924,44.34999847,44.84999847,89000,0,1,44.64966242,yahoo_bootstrap
2024-09-23,44.65000153,44.79999924,43.79999924,44.40000153,27000,0,1,44.20167552,yahoo_bootstrap
2024-09-24,44.40000153,44.5,44,44.5,34001,0,1,44.30122732,yahoo_bootstrap
2024-09-25,45.20000076,45.20000076,44.04999924,44.65000153,14000,0,1,44.45055882,yahoo_bootstrap
2024-09-26,44.65000153,44.79999924,43.20000076,44.5,55495,0,1,44.30122732,yahoo_bootstrap
2024-09-27,44,45.5,44,44.54999924,14000,0,1,44.35100322,yahoo_bootstrap
2024-09-30,44.20000076,44.84999847,44.15000153,44.84999847,34006,0,1,44.64966242,yahoo_bootstrap
2024-10-01,45.79999924,47,45.59999847,45.84999847,87000,0,1,45.64519561,yahoo_bootstrap
2024-10-04,45.84999847,46.25,45.70000076,45.75,20000,0,1,45.54564382,yahoo_bootstrap
2024-10-07,46,46.25,45,45.90000153,47268,0,1,45.69497532,yahoo_bootstrap
2024-10-08,45.40000153,45.40000153,44.84999847,45.20000076,15226,0,1,44.99810132,yahoo_bootstrap
2024-10-09,45.20000076,45.20000076,45,45,4000,0,1,44.79899392,yahoo_bootstrap
2024-10-11,45.5,46,45.5,45.5,16238,0,1,45.29676052,yahoo_bootstrap
2024-10-14,45.75,47.90000153,45.75,47.90000153,81000,0,1,47.68604172,yahoo_bootstrap
2024-10-15,47,48.79999924,47,47.95000076,66247,0,1,47.73581761,yahoo_bootstrap
2024-10-16,48.25,48.5,47.15000153,47.59999847,44449,0,1,47.38737871,yahoo_bootstrap
2024-10-17,47.29999924,47.5,46.59999847,46.95000076,7000,0,1,46.74028441,yahoo_bootstrap
2024-10-18,46.95000076,48.09999847,46.90000153,47.70000076,49006,0,1,47.48693431,yahoo_bootstrap
2024-10-21,49.45000076,49.45000076,47.5,47.84999847,42214,0,1,47.63626201,yahoo_bootstrap
2024-10-22,47.04999924,47.75,47,47.25,18150,0,1,47.03894361,yahoo_bootstrap
2024-10-23,47,47.20000076,47,47,12000,0,1,46.79006032,yahoo_bootstrap
2024-10-24,47,47,46,46.20000076,23000,0,1,45.99363451,yahoo_bootstrap
2024-10-25,46.09999847,46.09999847,45.79999924,45.79999924,17000,0,1,45.59541972,yahoo_bootstrap
2024-10-28,45.70000076,47,45.40000153,47,31000,0,1,46.79006032,yahoo_bootstrap
2024-10-29,46,47.04999924,45.54999924,45.59999847,19000,0,1,45.39631231,yahoo_bootstrap
2024-10-30,45.5,45.5,45.5,45.5,3000,0,1,45.29676052,yahoo_bootstrap
2024-11-01,45.5,46.5,45,46.5,43000,0,1,46.29229372,yahoo_bootstrap
2024-11-04,46.5,46.5,46.5,46.5,6000,0,1,46.29229372,yahoo_bootstrap
2024-11-05,45.59999847,45.59999847,45.34999847,45.40000153,18000,0,1,45.19720872,yahoo_bootstrap
2024-11-06,45.29999924,46.09999847,45.29999924,46.09999847,13000,0,1,45.89407891,yahoo_bootstrap
2024-11-07,45.5,46,45.29999924,45.70000076,13000,0,1,45.49586791,yahoo_bootstrap
2024-11-08,45.5,45.5,44.29999924,44.29999924,31000,0,1,44.10211992,yahoo_bootstrap
2024-11-11,43.84999847,44.5,43.84999847,44.29999924,33442,0,1,44.10211992,yahoo_bootstrap
2024-11-12,43.75,44.59999847,43.59999847,44.5,36011,0,1,44.30122732,yahoo_bootstrap
2024-11-13,44.45000076,48,44.20000076,44.90000153,22000,0,1,44.69944212,yahoo_bootstrap
2024-11-14,44.09999847,44.29999924,44.09999847,44.20000076,16000,0,1,44.00256812,yahoo_bootstrap
2024-11-15,44.04999924,44.09999847,44,44.09999847,25238,0,1,43.90301252,yahoo_bootstrap
2024-11-18,43.79999924,44,43.70000076,43.70000076,19000,0,1,43.50480152,yahoo_bootstrap
2024-11-19,43.65000153,44.04999924,43.65000153,43.84999847,27000,0,1,43.65412922,yahoo_bootstrap
2024-11-20,44,44,44,44,26500,0,1,43.80346072,yahoo_bootstrap
2024-11-21,43.59999847,44.45000076,43.59999847,44.45000076,13620,0,1,44.25145142,yahoo_bootstrap
2024-11-22,43.84999847,44,43.84999847,43.84999847,4001,0,1,43.65412922,yahoo_bootstrap
2024-11-25,45.70000076,45.70000076,43.59999847,44.15000153,25005,0,1,43.95279222,yahoo_bootstrap
2024-11-26,44,44.04999924,43.90000153,43.90000153,19000,0,1,43.70390892,yahoo_bootstrap
2024-11-27,44,44,43.29999924,43.29999924,14000,0,1,43.10658673,yahoo_bootstrap
2024-11-28,42.79999924,44,42.79999924,43.75,37120,0,1,43.55457742,yahoo_bootstrap
2024-11-29,43.34999847,43.70000076,43.34999847,43.59999847,19060,0,1,43.40524592,yahoo_bootstrap
2024-12-02,43.84999847,44,43.84999847,44,10000,0,1,43.80346072,yahoo_bootstrap
2024-12-03,44.95000076,45,44.29999924,45,25039,0,1,44.79899392,yahoo_bootstrap
2024-12-04,45.45000076,45.45000076,45.45000076,45.45000076,1060,0,1,45.24698461,yahoo_bootstrap
2024-12-05,45.29999924,45.29999924,43.59999847,45.20000076,45039,0,1,44.99810132,yahoo_bootstrap
2024-12-06,45.20000076,45.20000076,45.20000076,45.20000076,0,0,1,44.99810132,yahoo_bootstrap
2024-12-09,46.5,46.5,45,45,5000,0,1,44.79899392,yahoo_bootstrap
2024-12-10,43.45000076,45.5,43.20000076,45.5,56039,0,1,45.29676052,yahoo_bootstrap
2024-12-11,45,45,43.79999924,44.84999847,5039,0,1,44.64966242,yahoo_bootstrap
2024-12-12,43.70000076,45,43.54999924,44.5,33039,0,1,44.30122732,yahoo_bootstrap
2024-12-13,44.5,44.5,44.5,44.5,0,0,1,44.30122732,yahoo_bootstrap
2024-12-16,44.40000153,44.5,44.04999924,44.09999847,46113,0,1,43.90301252,yahoo_bootstrap
2024-12-17,42.59999847,44.09999847,42.59999847,44.09999847,28008,0,1,43.90301252,yahoo_bootstrap
2024-12-18,44.40000153,44.95000076,43.40000153,43.95000076,20000,0,1,43.75368482,yahoo_bootstrap
2024-12-19,43.04999924,44.5,42.65000153,43.65000153,32000,0,1,43.45502562,yahoo_bootstrap
2024-12-20,43.15000153,43.25,43.09999847,43.09999847,52000,0,1,42.90747932,yahoo_bootstrap
2024-12-23,43.09999847,43.29999924,43.09999847,43.29999924,6247,0,1,43.10658673,yahoo_bootstrap
2024-12-24,43.09999847,43.79999924,43.09999847,43.79999924,12000,0,1,43.60435332,yahoo_bootstrap
2024-12-25,44,44,44,44,1000,0,1,43.80346072,yahoo_bootstrap
2024-12-26,43.20000076,44,43.20000076,44,7000,0,1,43.80346072,yahoo_bootstrap
2024-12-27,44.45000076,44.84999847,44.45000076,44.84999847,43000,0,1,44.64966242,yahoo_bootstrap
2024-12-30,44.84999847,44.90000153,44.84999847,44.90000153,4000,0,1,44.69944212,yahoo_bootstrap
2024-12-31,44.20000076,44.79999924,43.5,44.70000076,7000,0,1,44.50033472,yahoo_bootstrap
2025-01-02,44.65000153,44.79999924,44.65000153,44.75,38000,0,1,44.55011062,yahoo_bootstrap
2025-01-03,43.65000153,44.79999924,43.65000153,44.79999924,46000,0,1,44.59988652,yahoo_bootstrap
2025-01-06,44.09999847,44.70000076,43.90000153,44.5,62000,0,1,44.30122732,yahoo_bootstrap
2025-01-07,44.5,45,44.5,44.5,56000,0,1,44.30122732,yahoo_bootstrap
2025-01-08,44.79999924,45,44.79999924,44.95000076,36247,0,1,44.74921802,yahoo_bootstrap
2025-01-09,45,45.15000153,44.79999924,45.15000153,76490,0,1,44.94832542,yahoo_bootstrap
2025-01-10,45,46.25,45,45.5,48657,0,1,45.29676052,yahoo_bootstrap
2025-01-13,46.90000153,48.29999924,46.70000076,46.75,127000,0,1,46.54117702,yahoo_bootstrap
2025-01-14,46.25,47.34999847,46,46,29000,0,1,45.79452712,yahoo_bootstrap
2025-01-15,45.5,46.70000076,45.5,45.95000076,15001,0,1,45.74475121,yahoo_bootstrap
2025-01-16,47,47,45.54999924,46.20000076,13000,0,1,45.99363451,yahoo_bootstrap
2025-01-17,45.75,46.5,45.70000076,46.20000076,29000,0,1,45.99363451,yahoo_bootstrap
2025-01-20,46.5,46.5,46.29999924,46.40000153,20000,0,1,46.19274192,yahoo_bootstrap
2025-01-21,46.40000153,46.79999924,46.40000153,46.5,18000,0,1,46.29229372,yahoo_bootstrap
2025-01-22,46.45000076,47.5,46.45000076,47.5,40000,0,1,47.28782691,yahoo_bootstrap
2025-02-03,48,48,46.75,47,11000,0,1,46.79006032,yahoo_bootstrap
2025-02-04,46.45000076,46.95000076,46.45000076,46.45000076,8000,0,1,46.24251781,yahoo_bootstrap
2025-02-05,46.04999924,46.5,46.04999924,46.40000153,8001,0,1,46.19274192,yahoo_bootstrap
2025-02-06,46.09999847,46.40000153,46.09999847,46.40000153,8000,0,1,46.19274192,yahoo_bootstrap
2025-02-07,46.40000153,46.5,46.29999924,46.5,13000,0,1,46.29229372,yahoo_bootstrap
2025-02-10,47.54999924,47.54999924,46.09999847,46.09999847,11000,0,1,45.89407891,yahoo_bootstrap
2025-02-11,45.45000076,46.5,45.45000076,46.09999847,21499,0,1,45.89407891,yahoo_bootstrap
2025-02-12,46.5,46.5,46,46.5,21499,0,1,46.29229372,yahoo_bootstrap
2025-02-13,46.5,47.04999924,46,47.04999924,31260,0,1,46.83983622,yahoo_bootstrap
2025-02-14,46.70000076,47.34999847,46.70000076,47.34999847,32000,0,1,47.13849541,yahoo_bootstrap
2025-02-17,47.34999847,47.5,47.34999847,47.5,10000,0,1,47.28782691,yahoo_bootstrap
2025-02-18,47.5,47.79999924,47.04999924,47.54999924,15000,0,1,47.33760282,yahoo_bootstrap
2025-02-19,47.54999924,47.75,47.04999924,47.75,11000,0,1,47.53671021,yahoo_bootstrap
2025-02-20,47.84999847,47.90000153,47.09999847,47.90000153,27001,0,1,47.68604172,yahoo_bootstrap
2025-02-21,47.54999924,47.79999924,47.5,47.79999924,44000,0,1,47.58648612,yahoo_bootstrap
2025-02-24,47.70000076,47.70000076,47.5,47.5,11000,0,1,47.28782691,yahoo_bootstrap
2025-02-25,47.09999847,47.5,46.59999847,47.15000153,26000,0,1,46.93939182,yahoo_bootstrap
2025-02-26,46.65000153,47.34999847,46.65000153,47.29999924,19000,0,1,47.08871952,yahoo_bootstrap
2025-02-27,47.5,47.59999847,47.04999924,47.54999924,9000,0,1,47.33760282,yahoo_bootstrap
2025-03-03,46.75,47,46.75,46.79999924,35000,0,1,46.59095292,yahoo_bootstrap
2025-03-04,46.70000076,46.70000076,46.40000153,46.59999847,30000,0,1,46.39184551,yahoo_bootstrap
2025-03-05,46.90000153,46.90000153,46.40000153,46.84999847,14000,0,1,46.64072881,yahoo_bootstrap
2025-03-06,47,47.45000076,46.70000076,46.70000076,11000,0,1,46.49140111,yahoo_bootstrap
2025-03-07,47,47,46.70000076,46.70000076,9000,0,1,46.49140111,yahoo_bootstrap
2025-03-10,47,47,46.5,46.5,20000,0,1,46.29229372,yahoo_bootstrap
2025-03-11,45.5,46,45,45.79999924,40000,0,1,45.59541972,yahoo_bootstrap
2025-03-12,44.20000076,46,44.09999847,46,42176,0,1,45.79452712,yahoo_bootstrap
2025-03-13,46,46,45.5,45.5,8000,0,1,45.29676052,yahoo_bootstrap
2025-03-14,46.70000076,47,46.15000153,47,28000,0,1,46.79006032,yahoo_bootstrap
2025-03-17,46,46.90000153,46,46.45000076,17000,0,1,46.24251781,yahoo_bootstrap
2025-03-18,46.04999924,46.40000153,46,46.29999924,12014,0,1,46.09318632,yahoo_bootstrap
2025-03-19,46.45000076,46.45000076,45.84999847,45.84999847,8000,0,1,45.64519561,yahoo_bootstrap
2025-03-20,46.59999847,47.15000153,46.5,47.15000153,33000,0,1,46.93939182,yahoo_bootstrap
2025-03-21,46.5,46.5,46.20000076,46.20000076,6009,0,1,45.99363451,yahoo_bootstrap
2025-03-24,46.29999924,46.29999924,45.75,45.75,19000,0,1,45.54564382,yahoo_bootstrap
2025-03-25,45.59999847,45.59999847,45.5,45.5,6000,0,1,45.29676052,yahoo_bootstrap
2025-03-26,45,45.29999924,45,45.29999924,13000,0,1,45.09765312,yahoo_bootstrap
2025-03-27,45.09999847,45.59999847,45,45.59999847,23000,0,1,45.39631231,yahoo_bootstrap
2025-03-28,45.90000153,46,44.84999847,45.09999847,20684,0,1,44.89854572,yahoo_bootstrap
2025-03-31,44.5,45.79999924,44.15000153,45,46000,0,1,44.79899392,yahoo_bootstrap
2025-04-01,45,45,44.79999924,45,33000,0,1,44.79899392,yahoo_bootstrap
2025-04-02,45,45,44.90000153,45,16670,0,1,44.79899392,yahoo_bootstrap
2025-04-07,40.5,40.5,40.5,40.5,6000,0,1,40.31909453,yahoo_bootstrap
2025-04-08,37,38.75,37,37,32000,0,1,36.83472833,yahoo_bootstrap
2025-04-09,35.34999847,36,33.29999924,33.29999924,62000,0,1,33.15125474,yahoo_bootstrap
2025-04-10,35.79999924,36.59999847,35.79999924,36.59999847,59000,0,1,36.43651353,yahoo_bootstrap
2025-04-11,34.5,36.70000076,34.5,36.09999847,42000,0,1,35.93874693,yahoo_bootstrap
2025-04-14,35.59999847,37.70000076,35.59999847,36.29999924,14000,0,1,36.13785434,yahoo_bootstrap
2025-04-15,36.29999924,39,36.29999924,39,16000,0,1,38.82579473,yahoo_bootstrap
2025-04-16,39.75,39.75,38,39.20000076,19006,0,1,39.02490213,yahoo_bootstrap
2025-04-17,40.54999924,40.54999924,38.09999847,39,40499,0,1,38.82579473,yahoo_bootstrap
2025-04-18,38.45000076,39.29999924,38.45000076,39.25,28573,0,1,39.07467803,yahoo_bootstrap
2025-04-21,38.84999847,38.84999847,38.84999847,38.84999847,1000,0,1,38.67646323,yahoo_bootstrap
2025-04-22,38.54999924,38.54999924,38.54999924,38.54999924,1000,0,1,38.37780403,yahoo_bootstrap
2025-04-23,39.04999924,39.04999924,38.75,38.75,2000,0,1,38.57691143,yahoo_bootstrap
2025-04-24,39,39,39,39,10000,0,1,38.82579473,yahoo_bootstrap
2025-04-25,39,39.09999847,39,39,17000,0,1,38.82579473,yahoo_bootstrap
2025-04-28,39,39.20000076,39,39.20000076,4000,0,1,39.02490213,yahoo_bootstrap
2025-04-29,39.09999847,39.09999847,39.09999847,39.09999847,1000,0,1,38.92534653,yahoo_bootstrap
2025-04-30,39.34999847,41.40000153,39.34999847,41.40000153,13000,0,1,41.21507593,yahoo_bootstrap
2025-05-02,41.95000076,42.5,41.29999924,42.5,35000,0,1,42.31016092,yahoo_bootstrap
2025-05-05,41.15000153,42.04999924,39.79999924,40.45000076,25325,0,1,40.26931862,yahoo_bootstrap
2025-05-06,39.70000076,40.40000153,39.70000076,40.40000153,4000,0,1,40.21954273,yahoo_bootstrap
2025-05-07,40.34999847,40.5,40.20000076,40.5,18000,0,1,40.31909453,yahoo_bootstrap
2025-05-08,41.45000076,41.45000076,41.45000076,41.45000076,1000,0,1,41.26485182,yahoo_bootstrap
2025-05-09,41.20000076,41.5,40.79999924,40.79999924,13000,0,1,40.61775373,yahoo_bootstrap
2025-05-12,41.20000076,42.5,41.20000076,42.5,25000,0,1,42.31016092,yahoo_bootstrap
2025-05-13,43.95000076,43.95000076,40.20000076,43.15000153,5000,0,1,42.95725903,yahoo_bootstrap
2025-05-14,43.04999924,43.59999847,42.90000153,43.59999847,14000,0,1,43.40524592,yahoo_bootstrap
2025-05-15,43.5,44,43.5,43.54999924,5000,0,1,43.35547002,yahoo_bootstrap
2025-05-16,43.54999924,43.54999924,43,43.54999924,13000,0,1,43.35547002,yahoo_bootstrap
2025-05-19,43.45000076,44.95000076,43.45000076,44.95000076,14000,0,1,44.74921802,yahoo_bootstrap
2025-05-20,43.5,44.75,43.25,44.59999847,21000,0,1,44.40077912,yahoo_bootstrap
2025-05-21,44.65000153,44.79999924,44,44.79999924,9000,0,1,44.59988652,yahoo_bootstrap
2025-05-22,44.59999847,44.59999847,44.25,44.25,6074,0,1,44.05234402,yahoo_bootstrap
2025-05-23,44.15000153,44.45000076,44,44.45000076,7000,0,1,44.25145142,yahoo_bootstrap
2025-05-26,43.90000153,44.84999847,43.90000153,44.84999847,14000,0,1,44.64966242,yahoo_bootstrap
2025-05-27,44.5,45.09999847,44.09999847,44.40000153,12000,0,1,44.20167552,yahoo_bootstrap
2025-05-28,44,45.34999847,42.59999847,44.65000153,12100,0,1,44.45055882,yahoo_bootstrap
2025-05-29,45,45,45,45,2000,0,1,44.79899392,yahoo_bootstrap
2025-06-02,44,44.65000153,43.5,43.59999847,7000,0,1,43.40524592,yahoo_bootstrap
2025-06-03,44,44.65000153,43.15000153,44.65000153,5000,0,1,44.45055882,yahoo_bootstrap
2025-06-04,43.20000076,44.5,43.20000076,44.5,7000,0,1,44.30122732,yahoo_bootstrap
2025-06-05,44,44.90000153,44,44.90000153,3000,0,1,44.69944212,yahoo_bootstrap
2025-06-06,44,44.45000076,44,44.45000076,4000,0,1,44.25145142,yahoo_bootstrap
2025-06-09,43.95000076,44.40000153,43.90000153,43.90000153,7000,0,1,43.70390892,yahoo_bootstrap
2025-06-10,44.29999924,44.84999847,44.20000076,44.84999847,6147,0,1,44.64966242,yahoo_bootstrap
2025-06-11,44,44,43.29999924,43.65000153,10000,0,1,43.45502562,yahoo_bootstrap
2025-06-12,43.5,44.54999924,43.5,44,4000,0,1,43.80346072,yahoo_bootstrap
2025-06-13,43.15000153,43.84999847,43.15000153,43.84999847,3000,0,1,43.65412922,yahoo_bootstrap
2025-06-16,44.09999847,44.09999847,43.29999924,43.95000076,7000,0,1,43.75368482,yahoo_bootstrap
2025-06-17,43.04999924,43.45000076,43,43.45000076,18000,0,1,43.25591822,yahoo_bootstrap
2025-06-18,42.70000076,43,42.59999847,42.84999847,15000,0,1,42.65859602,yahoo_bootstrap
2025-06-19,42.29999924,42.84999847,42.29999924,42.70000076,7000,0,1,42.50926832,yahoo_bootstrap
2025-06-20,43.29999924,43.29999924,42.09999847,42.84999847,15003,0,1,42.65859602,yahoo_bootstrap
2025-06-23,42,42.45000076,42,42.45000076,9000,0,1,42.26038502,yahoo_bootstrap
2025-06-24,42.70000076,42.70000076,42.40000153,42.40000153,6000,0,1,42.21060913,yahoo_bootstrap
2025-06-25,42.40000153,42.40000153,42.40000153,42.40000153,7000,0,1,42.21060913,yahoo_bootstrap
2025-06-26,42.45000076,43,42.40000153,42.54999924,11000,0,1,42.35993683,yahoo_bootstrap
2025-06-27,41.84999847,43.5,41.79999924,43.5,8495,0,1,43.30569412,yahoo_bootstrap
2025-06-30,43.5,43.5,42.75,43.45000076,6000,0,1,43.25591822,yahoo_bootstrap
2025-07-01,43.45000076,43.90000153,42.84999847,43.04999924,42000,0,1,42.85770343,yahoo_bootstrap
2025-07-02,44.54999924,44.54999924,44.54999924,44.54999924,1000,0,1,44.35100322,yahoo_bootstrap
2025-07-03,44.40000153,44.40000153,43.09999847,43.20000076,8000,0,1,43.00703492,yahoo_bootstrap
2025-07-04,42.5,43,42.29999924,43,10000,0,1,42.80792752,yahoo_bootstrap
2025-07-07,42.5,42.70000076,42.5,42.5,7000,0,1,42.31016092,yahoo_bootstrap
2025-07-08,42.29999924,42.5,42.29999924,42.5,4000,0,1,42.31016092,yahoo_bootstrap
2025-07-09,41.59999847,42.09999847,40.40000153,41.40000153,10030,0,1,41.21507593,yahoo_bootstrap
2025-07-10,41.40000153,41.40000153,41.40000153,41.40000153,1113,0,1,41.21507593,yahoo_bootstrap
2025-07-11,41.40000153,42.29999924,41.40000153,42.29999924,12000,0,1,42.11105353,yahoo_bootstrap
2025-07-14,42.15000153,42.15000153,41.59999847,41.59999847,8000,0,1,41.41417952,yahoo_bootstrap
2025-07-15,41.29999924,41.29999924,40.54999924,40.65000153,39000,0,1,40.46842603,yahoo_bootstrap
2025-07-16,41,41,40.29999924,40.95000076,8000,0,1,40.76708522,yahoo_bootstrap
2025-07-17,41.29999924,41.29999924,40.75,40.75,2000,0,1,40.56797783,yahoo_bootstrap
2025-07-18,40.90000153,41,40.90000153,40.95000076,6000,0,1,40.76708522,yahoo_bootstrap
2025-07-21,39.5,41.25,39.40000153,41.25,14000,0,1,41.06574443,yahoo_bootstrap
2025-07-22,40.45000076,41.15000153,40.45000076,40.59999847,3004,0,1,40.41864632,yahoo_bootstrap
2025-07-23,41,41,41,41,1000,0,1,40.81686113,yahoo_bootstrap
2025-07-24,41,41.25,40.29999924,41.25,3000,0,1,41.06574443,yahoo_bootstrap
2025-07-25,40.34999847,41.25,40.34999847,41.25,2000,0,1,41.06574443,yahoo_bootstrap
2025-07-28,41.25,41.25,41.25,41.25,0,0,1,41.06574443,yahoo_bootstrap
2025-07-29,41.25,41.25,41.25,41.25,0,0,1,41.06574443,yahoo_bootstrap
2025-07-30,40.75,40.75,40.70000076,40.70000076,5000,0,1,40.51820192,yahoo_bootstrap
2025-07-31,41.25,41.25,41.25,41.25,1000,0,1,41.06574443,yahoo_bootstrap
2025-08-04,40.54999924,40.54999924,40.54999924,40.54999924,0,0,1,40.36887043,yahoo_bootstrap
2025-08-05,40.5,40.5,40.5,40.5,1000,0,1,40.31909453,yahoo_bootstrap
2025-08-06,40.45000076,40.5,40,40.45000076,8000,0,1,40.26931862,yahoo_bootstrap
2025-08-07,40.45000076,40.45000076,40.45000076,40.45000076,1000,0,1,40.26931862,yahoo_bootstrap
2025-08-08,40.45000076,41.25,40.09999847,41.20000076,4000,0,1,41.01596852,yahoo_bootstrap
2025-08-11,40.79999924,40.79999924,40.79999924,40.79999924,1000,0,1,40.61775373,yahoo_bootstrap
2025-08-12,40.79999924,42.95000076,40.79999924,42.90000153,17104,0,1,42.70837573,yahoo_bootstrap
2025-08-13,42.90000153,43,41.54999924,41.54999924,30000,0,1,41.36440363,yahoo_bootstrap
2025-08-14,42.09999847,42.09999847,41,42,25000,0,1,41.81239432,yahoo_bootstrap
2025-08-15,41.20000076,41.79999924,41,41.79999924,24000,0,1,41.61328693,yahoo_bootstrap
2025-08-18,42,42,41.70000076,41.70000076,5000,0,1,41.51373512,yahoo_bootstrap
2025-08-19,41.70000076,41.70000076,41.04999924,41.45000076,9000,0,1,41.26485182,yahoo_bootstrap
2025-08-20,40.75,41.84999847,40.59999847,40.75,19000,0,1,40.56797783,yahoo_bootstrap
2025-08-21,40.5,40.5,40.20000076,40.40000153,25000,0,1,40.21954273,yahoo_bootstrap
2025-08-22,40.09999847,40.09999847,39,39.59999847,37026,0,1,39.42311313,yahoo_bootstrap
2025-08-25,39.20000076,39.59999847,38.70000076,39.54999924,29000,0,1,39.37333723,yahoo_bootstrap
2025-08-26,40.5,40.5,39.29999924,39.79999924,7000,0,1,39.62222053,yahoo_bootstrap
2025-08-27,38.75,39.79999924,38.75,39.79999924,26000,0,1,39.62222053,yahoo_bootstrap
2025-08-28,39.5,39.5,39.5,39.5,5000,0,1,39.32356133,yahoo_bootstrap
2025-08-29,39.5,39.90000153,39.5,39.90000153,2650,0,1,39.72177613,yahoo_bootstrap
2025-09-01,39.90000153,39.90000153,39.79999924,39.79999924,3000,0,1,39.62222053,yahoo_bootstrap
2025-09-02,38.65000153,39.5,38.65000153,39.40000153,14000,0,1,39.22400953,yahoo_bootstrap
2025-09-03,40.09999847,40.09999847,39.40000153,39.40000153,5000,0,1,39.22400953,yahoo_bootstrap
2025-09-04,40.75,40.75,40.75,40.75,1000,0,1,40.56797783,yahoo_bootstrap
2025-09-05,40.95000076,40.95000076,40.90000153,40.90000153,2000,0,1,40.71730933,yahoo_bootstrap
2025-09-08,40.90000153,40.90000153,40,40.29999924,8000,0,1,40.11998713,yahoo_bootstrap
2025-09-09,40.29999924,40.29999924,40,40.29999924,16000,0,1,40.11998713,yahoo_bootstrap
2025-09-10,40.29999924,40.29999924,40.09999847,40.29999924,31000,0,1,40.11998713,yahoo_bootstrap
2025-09-11,40.25,40.25,40.25,40.25,1000,0,1,40.07021123,yahoo_bootstrap
2025-09-12,40.09999847,40.29999924,40,40.09999847,21006,0,1,39.92087972,yahoo_bootstrap
2025-09-15,40.09999847,40.09999847,40,40,10001,0,1,39.82132793,yahoo_bootstrap
2025-09-16,40,40.09999847,39.90000153,40.04999924,17000,0,1,39.87110383,yahoo_bootstrap
2025-09-17,40.09999847,40.20000076,40.04999924,40.04999924,13000,0,1,39.87110383,yahoo_bootstrap
2025-09-18,40.09999847,40.70000076,40.09999847,40.70000076,9000,0,1,40.51820192,yahoo_bootstrap
2025-09-19,40.15000153,41.79999924,40.15000153,41.5,16000,0,1,41.31462773,yahoo_bootstrap
2025-09-22,41.5,41.5,41.25,41.25,14000,0,1,41.06574443,yahoo_bootstrap
2025-09-23,41.09999847,41.5,41,41.40000153,27000,0,1,41.21507593,yahoo_bootstrap
2025-09-24,40.79999924,41.20000076,40.70000076,41.20000076,16000,0,1,41.01596852,yahoo_bootstrap
2025-09-25,41.40000153,41.40000153,40.79999924,40.79999924,7536,0,1,40.61775373,yahoo_bootstrap
2025-09-26,40.59999847,41,40.59999847,41,18000,0,1,40.81686113,yahoo_bootstrap
2025-09-30,40.75,41,40.5,41,17000,0,1,40.81686113,yahoo_bootstrap
2025-10-01,40.79999924,40.79999924,40.79999924,40.79999924,12000,0,1,40.61775373,yahoo_bootstrap
2025-10-02,40.79999924,41.09999847,40.59999847,41,25000,0,1,40.81686113,yahoo_bootstrap
2025-10-03,41,41,41,41,7000,0,1,40.81686113,yahoo_bootstrap
2025-10-07,41.29999924,41.29999924,40,40.84999847,18000,0,1,40.66752962,yahoo_bootstrap
2025-10-08,40.09999847,40.90000153,39.90000153,40.40000153,14004,0,1,40.21954273,yahoo_bootstrap
2025-10-09,40.59999847,40.79999924,39.65000153,40.79999924,31000,0,1,40.61775373,yahoo_bootstrap
2025-10-13,41.5,41.5,40,41.40000153,6000,0,1,41.21507593,yahoo_bootstrap
2025-10-14,42,42,40.75,41,24000,0,1,40.81686113,yahoo_bootstrap
2025-10-15,41,41.45000076,40.5,40.70000076,29003,0,1,40.51820192,yahoo_bootstrap
2025-10-16,41.29999924,44.75,41.29999924,44.75,85187,0,1,44.55011062,yahoo_bootstrap
2025-10-17,49.20000076,49.20000076,49.20000076,49.20000076,50555,0,1,48.98023411,yahoo_bootstrap
2025-10-20,54.09999847,54.09999847,54.09999847,54.09999847,139184,0,1,53.8583445,yahoo_bootstrap
2025-10-21,59.5,59.5,55,59.5,1827806,0,1,59.23422529,yahoo_bootstrap
2025-10-22,60.40000153,65.40000153,58.40000153,63.40000153,1959339,0,1,63.11680629,yahoo_bootstrap
2025-10-23,63.70000076,69.69999695,63.70000076,69.69999695,1559131,0,1,69.38866088,yahoo_bootstrap
2025-10-27,74.5,76.59999847,74.5,76.59999847,689676,0,1,76.25784146,yahoo_bootstrap
2025-10-28,78.30000305,81,78.30000305,80.5,910384,0,1,80.14042245,yahoo_bootstrap
2025-10-29,81,81,74.30000305,76,638052,0,1,75.66052306,yahoo_bootstrap
2025-10-30,75.5,75.5,71.5,71.5,341767,0,1,71.18062367,yahoo_bootstrap
2025-10-31,72.19999695,74.5,71.90000153,73.5,294347,0,1,73.17169007,yahoo_bootstrap
2025-11-03,73.5,74.19999695,70.09999847,71,187012,0,1,70.68285707,yahoo_bootstrap
2025-11-04,71,72,66.5,67.09999847,265300,0,1,66.80027608,yahoo_bootstrap
2025-11-05,66.5,70.69999695,66.5,70.69999695,228007,0,1,70.38419408,yahoo_bootstrap
2025-11-06,72,73,71.5,71.80000305,213238,0,1,71.47928667,yahoo_bootstrap
2025-11-07,71,71,69.5,69.90000153,76000,0,1,69.58777208,yahoo_bootstrap
2025-11-10,66.19999695,66.19999695,63.09999847,63.59999847,282510,0,1,63.31590988,yahoo_bootstrap
2025-11-11,62.29999924,66.5,61.29999924,64.19999695,177000,0,1,63.91322829,yahoo_bootstrap
2025-11-12,65.09999847,65.40000153,62.5,62.5,145029,0,1,62.22082489,yahoo_bootstrap
2025-11-13,62.09999847,68.69999695,61,68.69999695,773500,0,1,68.39312768,yahoo_bootstrap
2025-11-14,72.90000153,75.5,68.90000153,70.69999695,2975685,0,1,70.38419408,yahoo_bootstrap
2025-11-17,71.80000305,73,63.70000076,63.70000076,1410411,0,1,63.41546548,yahoo_bootstrap
2025-11-18,62,62.79999924,57.40000153,57.40000153,903241,0,1,57.1436071,yahoo_bootstrap
2025-11-19,57.40000153,61.5,54.70000076,55.20000076,603341,0,1,54.9534333,yahoo_bootstrap
2025-11-20,58.20000076,58.29999924,53.79999924,54.90000153,431082,0,1,54.6547741,yahoo_bootstrap
2025-11-21,54.40000153,54.79999924,51.09999847,52.5,257055,0,1,52.26549291,yahoo_bootstrap
2025-11-24,53.5,53.70000076,48.84999847,50.70000076,642045,0,1,50.47353391,yahoo_bootstrap
2025-11-25,52.90000153,55.70000076,51.79999924,55.70000076,255000,0,1,55.4511999,yahoo_bootstrap
2025-11-26,61.20000076,61.20000076,61.20000076,61.20000076,259000,0,1,60.92663249,yahoo_bootstrap
2025-11-27,62.5,63.09999847,58,59.79999924,1071212,0,1,59.5328845,yahoo_bootstrap
2025-11-28,60.09999847,62,59.5,60.09999847,308020,0,1,59.83154369,yahoo_bootstrap
2025-12-01,61.70000076,66.09999847,61.70000076,66.09999847,563617,0,1,65.80474288,yahoo_bootstrap
2025-12-02,68.69999695,72.69999695,66.90000153,72.30000305,2409530,0,1,71.97705327,yahoo_bootstrap
2025-12-03,72.40000153,74.69999695,69.19999695,72.69999695,1361000,0,1,72.37526047,yahoo_bootstrap
2025-12-04,71.80000305,75.09999847,70.5,71.30000305,846446,0,1,70.98152007,yahoo_bootstrap
2025-12-05,71,78.40000153,71,75.69999695,2999438,0,1,75.36186007,yahoo_bootstrap
2025-12-08,74.90000153,77.80000305,73.59999847,74.30000305,1078267,0,1,73.96811966,yahoo_bootstrap
2025-12-09,76.09999847,81.69999695,71.90000153,81.69999695,1873339,0,1,81.33505926,yahoo_bootstrap
2025-12-10,81.90000153,89.80000305,81.90000153,89.5,5838569,0,1,89.10022124,yahoo_bootstrap
2025-12-11,90,98.40000153,89,92.19999695,6892016,0,1,91.78815784,yahoo_bootstrap
2025-12-12,92.19999695,101,90.40000153,99.5,4163246,0,1,99.05555322,yahoo_bootstrap
2025-12-15,98.90000153,109,96.09999847,109,5632144,0,1,108.5131186,yahoo_bootstrap
2025-12-16,106,108.5,98.09999847,98.09999847,6236510,0,1,97.66180522,yahoo_bootstrap
2025-12-17,98.69999695,107.5,97,107.5,5830999,0,1,107.01981881,yahoo_bootstrap
2025-12-18,106,109,101.5,106,9693634,0,1,105.52651901,yahoo_bootstrap
2025-12-19,110.5,116.5,108.5,116.5,8013892,0,1,115.97961759,yahoo_bootstrap
2025-12-22,114.5,117,110,115.5,6732493,0,1,114.98408439,yahoo_bootstrap
2025-12-23,114,120,112,114,5205111,0,1,113.49078459,yahoo_bootstrap
2025-12-24,114,119,113,116,4237015,0,1,115.48185099,yahoo_bootstrap
2025-12-26,117.5,118,113.5,117.5,2266237,0,1,116.97515079,yahoo_bootstrap
2025-12-29,116,119,106,114.5,4710301,0,1,113.98855119,yahoo_bootstrap
2025-12-30,112.5,113,103.5,104,3659201,0,1,103.53545261,yahoo_bootstrap
2025-12-31,103.5,105.5,101.5,105,1906215,0,1,104.53098581,yahoo_bootstrap
2026-01-02,107,115.5,107,115.5,2759096,0,1,114.98408439,yahoo_bootstrap
2026-01-05,123.5,127,123.5,127,2759661,0,1,126.43271617,yahoo_bootstrap
2026-01-06,130.5,139,126,129.5,6549521,0,1,128.92154917,yahoo_bootstrap
2026-01-07,134.5,142,130,131.5,7756045,0,1,130.91261556,yahoo_bootstrap
2026-01-08,132.5,132.5,122,122.5,2577188,0,1,121.95281678,yahoo_bootstrap
2026-01-09,123,131.5,120,131,3663994,0,1,130.41484896,yahoo_bootstrap
2026-01-12,128,128,119,122.5,4400568,0,1,121.95281678,yahoo_bootstrap
2026-01-13,119,126,118,121,2341641,0,1,120.45951698,yahoo_bootstrap
2026-01-14,122.5,123,119,121,1140523,0,1,120.45951698,yahoo_bootstrap
2026-01-15,121,133,117,133,4202309,0,1,132.40591536,yahoo_bootstrap
2026-01-16,134.5,139,124,129,6183269,0,1,128.42378257,yahoo_bootstrap
2026-01-19,127,134.5,122,130,3022072,0,1,129.41931577,yahoo_bootstrap
2026-01-20,129,130.5,126,127.5,1231120,0,1,126.93048277,yahoo_bootstrap
2026-01-21,126,126,116,119,1609116,0,1,118.46845059,yahoo_bootstrap
2026-01-22,121.5,124.5,116.5,116.5,1648329,0,1,115.97961759,yahoo_bootstrap
2026-01-23,119,120,113,118.5,1609620,0,1,117.97068399,yahoo_bootstrap
2026-01-26,118,123,116,118.5,1258226,0,1,117.97068399,yahoo_bootstrap
2026-01-27,118,120.5,116.5,120,986200,0,1,119.46398378,yahoo_bootstrap
2026-01-28,121,126,119,125,2100902,0,1,124.44164977,yahoo_bootstrap
2026-01-29,128,128,116.5,120.5,2045205,0,1,119.96175038,yahoo_bootstrap
2026-01-30,124.5,131.5,116.5,117,4073000,0,1,116.47738419,yahoo_bootstrap
2026-02-02,113,116.5,108.5,112,1559061,0,1,111.4997182,yahoo_bootstrap
2026-02-03,113,114.5,108.5,111.5,968015,0,1,111.0019516,yahoo_bootstrap
2026-02-04,111.5,120,109.5,117.5,1682674,0,1,116.97515079,yahoo_bootstrap
2026-02-05,117.5,117.5,107.5,109,1824127,0,1,108.5131186,yahoo_bootstrap
2026-02-06,107,107,100.5,103,1180100,0,1,102.53991941,yahoo_bootstrap
2026-02-09,105,106,103,103,720567,0,1,102.53991941,yahoo_bootstrap
2026-02-10,103.5,103.5,99.80000305,101,783076,0,1,100.54885302,yahoo_bootstrap
2026-02-11,100.5,105.5,99,102.5,1342008,0,1,102.04215282,yahoo_bootstrap
2026-02-23,103,112.5,102.5,112.5,1448024,0,1,111.9974848,yahoo_bootstrap
2026-02-24,119,123.5,119,123.5,1396076,0,1,122.94834998,yahoo_bootstrap
2026-02-25,128.5,135.5,125,135.5,7605794,0,1,134.89474836,yahoo_bootstrap
2026-02-26,136.5,144,133,135.5,7847315,0,1,134.89474836,yahoo_bootstrap
2026-03-02,130,141,129,132.5,3626637,0,1,131.90814876,yahoo_bootstrap
2026-03-03,135.5,138.5,123,125,3360003,0,1,124.44164977,yahoo_bootstrap
2026-03-04,119,129.5,115.5,121.5,2738022,0,1,120.95728358,yahoo_bootstrap
2026-03-05,127.5,133.5,120,131,4311236,0,1,130.41484896,yahoo_bootstrap
2026-03-06,129,144,126.5,144,8870129,0,1,143.35678054,yahoo_bootstrap
2026-03-09,130,130,130,130,883266,0,1,129.41931577,yahoo_bootstrap
2026-03-10,135,141,129,135.5,7676052,0,1,134.89474836,yahoo_bootstrap
2026-03-11,138,149,138,149,4023387,0,1,148.33444653,yahoo_bootstrap
2026-03-12,154.5,163.5,150,163.5,6672455,0,1,162.76967791,yahoo_bootstrap
2026-03-13,160.5,165,152,162,11718256,0,1,161.27637811,yahoo_bootstrap
2026-03-16,168.5,175,156.5,159,10708158,0,1,158.28977851,yahoo_bootstrap
2026-03-17,160,164.5,149,153,6766553,0,1,152.31657932,yahoo_bootstrap
2026-03-18,153,158.5,151,155,4093030,0,1,154.30764572,yahoo_bootstrap
2026-03-19,152.5,163,151,157.5,4148043,0,1,156.79647872,yahoo_bootstrap
2026-03-20,162,162,142,143.5,5504904,0,1,142.85901394,yahoo_bootstrap
2026-03-23,139,145.5,133.5,135.5,3273325,0,1,134.89474836,yahoo_bootstrap
2026-03-24,139,139,126.5,129,3489285,0,1,128.42378257,yahoo_bootstrap
2026-03-25,132,135,130,130.5,1840343,0,1,129.91708236,yahoo_bootstrap
2026-03-26,131,136,127,129,2402500,0,1,128.42378257,yahoo_bootstrap
2026-03-27,128.5,134,127.5,133,2116992,0,1,132.40591536,yahoo_bootstrap
2026-03-30,129,133.5,126.5,127,1248851,0,1,126.43271617,yahoo_bootstrap
2026-03-31,128,131,114.5,117,3824548,0,1,116.47738419,yahoo_bootstrap
2026-04-01,122.5,128.5,120,125.5,2533502,0,1,124.93941637,yahoo_bootstrap
2026-04-02,126,129,120,121,2036350,0,1,120.45951698,yahoo_bootstrap
2026-04-07,127,132.5,123,124,2247110,0,1,123.44611658,yahoo_bootstrap
2026-04-08,129.5,136,128.5,136,2793151,0,1,135.39251495,yahoo_bootstrap
2026-04-09,143,149.5,136,149.5,5872119,0,1,148.83221313,yahoo_bootstrap
2026-04-10,151.5,156,143.5,155,8833434,0,1,154.30764572,yahoo_bootstrap
2026-04-13,158.5,170.5,157,170.5,4715302,0,1,169.73841029,yahoo_bootstrap
2026-04-14,187.5,187.5,187.5,187.5,1224847,0,1,186.66247466,yahoo_bootstrap
2026-04-15,187,205,177,195.5,12918350,0,1,194.62674025,yahoo_bootstrap
2026-04-16,190,195,185,193.5,1604745,0,1,192.63567385,yahoo_bootstrap
2026-04-17,197,212.5,197,212.5,1448498,0,1,211.55080462,yahoo_bootstrap
2026-04-20,233.5,233.5,233.5,233.5,837211,0,1,232.45700178,yahoo_bootstrap
2026-04-21,254,256,230,244.5,927507,0,1,243.40786696,yahoo_bootstrap
2026-04-22,249.5,249.5,220.5,222,1145539,0,1,221.00837,yahoo_bootstrap
2026-04-23,218,218,199,199,1355658,0.99163,1,199,yahoo_bootstrap
2026-04-24,203,210.5,179.5,199,853302,0,1,199,yahoo_bootstrap
2026-04-27,199,218.5,190,218,1049258,0,1,218,yahoo_bootstrap
2026-04-28,228,239.5,228,237,651104,0,1,237,yahoo_bootstrap
2026-04-29,229,255,226.5,247,789581,0,1,247,yahoo_bootstrap
2026-04-30,256.5,267.5,249.5,258,651923,0,1,258,yahoo_bootstrap
2026-05-04,283.5,283.5,278,283.5,509278,0,1,283.5,yahoo_bootstrap
2026-05-05,283.5,311,283.5,311,571744,0,1,311,yahoo_bootstrap
2026-05-06,334,342,325,342,3653544,0,1,342,yahoo_bootstrap
2026-05-07,323,350.5,323,330,875289,0,1,330,yahoo_bootstrap
2026-05-08,350.5,350.5,330,340,410400,0,1,340,yahoo_bootstrap
2026-05-11,307,328.5,307,321,572653,0,1,321,yahoo_bootstrap
2026-05-12,337,337,318.5,324.5,319160,0,1,324.5,yahoo_bootstrap
2026-05-13,317,317,300.5,315,655810,0,1,315,yahoo_bootstrap
2026-05-14,317,317,305,310,314743,0,1,310,yahoo_bootstrap
2026-05-15,314,314,285,291.5,426355,0,1,291.5,yahoo_bootstrap
2026-05-18,285,300,275,300,566150,0,1,300,yahoo_bootstrap
2026-05-19,300,306,291,304.5,358195,0,1,304.5,yahoo_bootstrap
2026-05-20,315,334.5,315,330,796044,0,1,330,yahoo_bootstrap
2026-05-21,362,363,307.5,320,5991763,0,1,320,yahoo_bootstrap
2026-05-22,325,338.5,308.5,320,3689536,0,1,320,yahoo_bootstrap
2026-05-25,326,352,318,352,3156215,0,1,352,yahoo_bootstrap
2026-05-26,366,366.5,330,338,3097254,0,1,338,yahoo_bootstrap
2026-05-27,349.5,355,319,321,3033257,0,1,321,yahoo_bootstrap
2026-05-28,328,333.5,309,312,2647418,0,1,312,yahoo_bootstrap
2026-05-29,314,317.5,282.5,305.5,4467384,0,1,305.5,yahoo_bootstrap
2026-06-01,310,335,305,320,2354347,0,1,320,yahoo_bootstrap
2026-06-02,315,340,290,302,3742123,0,1,302,yahoo_bootstrap
2026-06-03,290,300.5,275,295.5,4300343,0,1,295.5,yahoo_bootstrap
2026-06-04,290,302,286,286,1419436,0,1,286,yahoo_bootstrap
2026-06-05,282,286,261,282,2130281,0,1,282,yahoo_bootstrap
2026-06-08,254,278,254,270.5,1515367,0,1,270.5,yahoo_bootstrap
2026-06-09,271.5,281,266.5,271.5,1386012,0,1,271.5,yahoo_bootstrap
2026-06-10,271,278,255.5,258,1472162,0,1,258,yahoo_bootstrap
2026-06-11,258,270,238,257.5,1747115,0,1,257.5,yahoo_bootstrap
2026-06-12,283,283,261.5,263,1658693,0,1,263,yahoo_bootstrap
2026-06-15,271.5,284.5,267.5,278,1686102,0,1,278,yahoo_bootstrap
2026-06-16,284,305.5,279.5,305.5,2960000,0,1,305.5,yahoo_bootstrap
2026-06-17,296,322.5,292.5,316,4069240,0,1,316,yahoo_bootstrap
2026-06-18,319,347.5,317,338.5,4593797,0,1,338.5,yahoo_bootstrap
2026-06-22,330,349,322.5,332,2775211,0,1,332,yahoo_bootstrap
2026-06-23,333,365,329,346.5,5285297,0,1,346.5,yahoo_bootstrap
2026-06-24,333,335,318,321,1083217,0,1,321,yahoo_bootstrap
2026-06-25,324,325.5,291,303,1451050,0,1,303,yahoo_bootstrap
2026-06-26,292.5,292.5,273,275.5,1220143,0,1,275.5,yahoo_bootstrap
2026-06-29,285,294,279,282.5,396003,0,1,282.5,yahoo_bootstrap
2026-06-30,292,305.5,291.5,301,459116,0,1,301,yahoo_bootstrap
2026-07-01,305,308,294.5,301,384180,0,1,301,yahoo_bootstrap
2026-07-02,295,306,295,303.5,250121,0,1,303.5,yahoo_bootstrap
2026-07-03,303.5,307,298,300,275178,0,1,300,yahoo_bootstrap
2026-07-06,301,309.5,301,308,408503,0,1,308,yahoo_bootstrap
2026-07-07,309.5,323,295,297,892000,0,1,297,yahoo_bootstrap
2026-07-08,293,326.5,267.5,316,5616290,0,1,316,yahoo_bootstrap
2026-07-09,320,347.5,310,336,4531530,0,1,336,yahoo_bootstrap
2026-07-10,336,336,336,336,0,0,1,336,yahoo_bootstrap
2026-07-13,320,340,302.5,302.5,2675283,0,1,302.5,yahoo_bootstrap
2026-07-14,294.6680603,328.2315979,284.79644775,327.2444458,5608229,0,1,327.2444458,yahoo_bootstrap
2026-07-15,337.11605835,359.82080078,316.38565063,359.82080078,6701663,0,1,359.82080078,yahoo_bootstrap
2026-07-16,350.44274902,369.19885254,324.28295898,324.28295898,7006577,0,1,324.28295898,yahoo_bootstrap
2026-07-17,296.14880371,308.98193359,292.20016479,292.20016479,2298913,0,1,292.20016479,yahoo_bootstrap
2026-07-20,279.36703491,283.80926514,263.07885742,263.07885742,3911565,0,1,263.07885742,yahoo_bootstrap
2026-07-21,269.00183105,289.23867798,267.02749634,289.23867798,2209988,0,1,289.23867798,yahoo_bootstrap
2026-07-22,319.5,322,290,290.5,2226767,0,1,290.5,yahoo_bootstrap
2026-07-23,293.5,316.5,282.5,309.5,2825207,0,1,309.5,yahoo_bootstrap
2026-07-24,297.5,320.5,279.5,279.5,3439200,0,1,279.5,yahoo_bootstrap
2026-07-27,281.5,301,272,294.5,2355185,0,1,294.5,yahoo_daily
2026-07-28,277.5,303,274,281,4306029,0,1,281,yahoo_daily
2026-07-29,281,284,253,253,3095015,0,1,253,yahoo_daily
2026-07-30,228,268,228,236.5,4328636,0,1,236.5,yahoo_daily
2026-07-31,260,260,253.5,260,944002,0,1,260,yahoo_daily
2026-08-03,261.5,278,259,263,2142105,0,1,263,yahoo_daily
2026-08-04,261,270,256,259,1690635,0,1,259,yahoo_daily
2026-08-05,268,283,260,261,1623066,0,1,261,yahoo_daily
2026-08-06,260,268,255,262.5,1833076,0,1,262.5,yahoo_daily
2026-08-07,259,261,236.5,236.5,2461050,0,1,236.5,yahoo_daily
2026-08-10,233.52874756,236.99945068,224.10827637,230.05804443,2463831,0,1,230.05804443,yahoo_daily
2026-08-11,232.04130554,241.46179199,222.12501526,238.48690796,1520799,0,1,238.48690796,yahoo_daily
2026-08-12,238.48690796,255.84042358,238.48690796,247.41156006,1839451,0,1,247.41156006,yahoo_daily
2026-08-13,250.38645935,254.35296631,241.46179199,242.94923401,1338342,0,1,242.94923401,yahoo_daily
2026-08-14,238.98271179,247.90737915,221.13337708,230.05804443,3323899,0,1,230.05804443,yahoo_daily
2026-08-17,232.53712463,236.00782776,222.62083435,223.11663818,930841,0,1,223.11663818,yahoo_daily
2026-08-18,225.09989929,225.59571838,201.30079651,204.27568054,1859047,0,1,204.27568054,yahoo_daily
2026-08-19,200.30915833,208.24220276,198.82171631,201.30079651,880063,0,1,201.30079651,yahoo_daily
2026-08-20,200,211,196.5,211,1437822,0,1,211,yahoo_daily
2026-08-21,211,231.5,209.5,219,1832452,0,1,219,yahoo_daily
2026-08-24,217,220,206.5,206.5,982363,0,1,206.5,yahoo_daily
2026-08-25,205,213,202,212,535010,0,1,212,yahoo_daily
2026-08-26,212,233,210.5,233,1744416,0,1,233,yahoo_daily
2026-08-27,236.5,240,226.5,228,1661289,0,1,228,yahoo_daily
2026-08-28,231,250.5,231,249.5,2807374,0,1,249.5,yahoo_daily
