date,open,high,low,close,volume,dividend,split_factor,adjusted_close,source
2021-09-08,326.15383911,332.30767822,313.84616089,318.46154785,6912874,0,1,222.13868278,yahoo_bootstrap
2021-09-09,320.76922607,334.61538696,319.23077393,328.46154785,5725925,0,1,229.11405184,yahoo_bootstrap
2021-09-10,331.53845215,337.69232178,324.61538696,335.38461304,6590312,0,1,233.94314531,yahoo_bootstrap
2021-09-13,331.53845215,333.07693481,321.53845215,323.07693481,3957688,0,1,225.35808552,yahoo_bootstrap
2021-09-14,327.69232178,330,320.76922607,323.07693481,3500832,0,1,225.35808552,yahoo_bootstrap
2021-09-15,323.07693481,325.38461304,312.30767822,323.84616089,4371193,0,1,225.8946491,yahoo_bootstrap
2021-09-16,323.84616089,326.92306519,315.38461304,316.92306519,3185141,0,1,221.06553435,yahoo_bootstrap
2021-09-17,313.84616089,329.23077393,313.07693481,328.46154785,3867235,0,1,229.11405184,yahoo_bootstrap
2021-09-22,315.38461304,316.15383911,306.92306519,308.46154785,5342619,0,1,215.16331372,yahoo_bootstrap
2021-09-23,314.61538696,318.46154785,307.69232178,310,2978339,0,1,216.23644087,yahoo_bootstrap
2021-09-24,314.61538696,324.61538696,312.30767822,319.23077393,3906745,0,1,222.67524636,yahoo_bootstrap
2021-09-27,320.76922607,330,318.46154785,329.23077393,2660353,0,1,229.65061542,yahoo_bootstrap
2021-09-28,331.53845215,336.15383911,320.76922607,320.76922607,6566101,0,1,223.74837351,yahoo_bootstrap
2021-09-29,312.30767822,314.61538696,306.15383911,306.15383911,3838544,0,1,213.55360171,yahoo_bootstrap
2021-09-30,306.92306519,310.76922607,290,300.76922607,6955729,0,1,209.79763539,yahoo_bootstrap
2021-10-01,296.15383911,306.15383911,286.15383911,291.53845215,5986378,0,1,203.35882991,yahoo_bootstrap
2021-10-04,295.38461304,298.46154785,273.84616089,273.84616089,5555171,0,1,191.0178038,yahoo_bootstrap
2021-10-05,276.92306519,300.76922607,272.30767822,300.76922607,10853901,0,1,209.79763539,yahoo_bootstrap
2021-10-06,306.15383911,306.15383911,289.23077393,290.76922607,12164296,0,1,202.82226633,yahoo_bootstrap
2021-10-07,293.84616089,303.07693481,293.07693481,294.61538696,6890114,0,1,205.50510549,yahoo_bootstrap
2021-10-08,298.46154785,305.38461304,287.69232178,290,6776988,0,1,202.28570275,yahoo_bootstrap
2021-10-12,287.69232178,293.84616089,279.23077393,279.23077393,3759300,0,1,194.77377012,yahoo_bootstrap
2021-10-13,284.61538696,286.15383911,270,272.30767822,5499703,0,1,189.94465536,yahoo_bootstrap
2021-10-14,279.23077393,287.69232178,273.07693481,283.07693481,5784485,0,1,197.45660928,yahoo_bootstrap
2021-10-15,294.61538696,296.15383911,283.07693481,284.61538696,6042570,0,1,198.52973643,yahoo_bootstrap
2021-10-18,284.61538696,290.76922607,277.69232178,285.38461304,3660826,0,1,199.06630001,yahoo_bootstrap
2021-10-19,290,299.23077393,286.92306519,293.84616089,5297761,0,1,204.96854192,yahoo_bootstrap
2021-10-20,295.38461304,301.53845215,290.76922607,297.69232178,3642891,0,1,207.65138109,yahoo_bootstrap
2021-10-21,300,323.84616089,297.69232178,299.23077393,13684511,0,1,208.72450824,yahoo_bootstrap
2021-10-22,300,301.53845215,289.23077393,293.84616089,4742141,0,1,204.96854192,yahoo_bootstrap
2021-10-25,293.84616089,299.23077393,286.92306519,297.69232178,3374985,0,1,207.65138109,yahoo_bootstrap
2021-10-26,303.84616089,316.15383911,303.07693481,306.92306519,8498594,0,1,214.09016529,yahoo_bootstrap
2021-10-27,310.76922607,316.92306519,308.46154785,315.38461304,5142187,0,1,219.99240719,yahoo_bootstrap
2021-10-28,319.23077393,343.07693481,317.69232178,333.07693481,11777038,0,1,232.33345458,yahoo_bootstrap
2021-10-29,338.46154785,341.53845215,326.15383911,327.69232178,6881779,0,1,228.57748827,yahoo_bootstrap
2021-11-01,333.84616089,334.61538696,320,320.76922607,4592862,0,1,223.74837351,yahoo_bootstrap
2021-11-02,323.07693481,327.69232178,306.92306519,308.46154785,4318799,0,1,215.16331372,yahoo_bootstrap
2021-11-03,315.38461304,325.38461304,313.84616089,320.76922607,5188049,0,1,223.74837351,yahoo_bootstrap
2021-11-04,326.15383911,327.69232178,314.61538696,316.15383911,2888234,0,1,220.52897077,yahoo_bootstrap
2021-11-05,320,330.76922607,317.69232178,325.38461304,5738094,0,1,226.96777625,yahoo_bootstrap
2021-11-08,327.69232178,334.61538696,326.15383911,332.30767822,4870036,0,1,231.79686972,yahoo_bootstrap
2021-11-09,346.92306519,357.69232178,338.46154785,340.76922607,10781345,0,1,237.69911163,yahoo_bootstrap
2021-11-10,340.76922607,343.07693481,331.53845215,337.69232178,3801723,0,1,235.55285733,yahoo_bootstrap
2021-11-11,332.30767822,347.69232178,329.23077393,338.46154785,4225341,0,1,236.0894209,yahoo_bootstrap
2021-11-12,341.53845215,345.38461304,339.23077393,340,2662158,0,1,237.16254805,yahoo_bootstrap
2021-11-15,347.69232178,355.38461304,346.15383911,347.69232178,4760015,0,1,242.52822639,yahoo_bootstrap
2021-11-16,352.30767822,361.53845215,349.23077393,356.92306519,6357365,0,1,248.96701059,yahoo_bootstrap
2021-11-17,366.15383911,392.30767822,363.84616089,392.30767822,20792039,0,1,273.64908408,yahoo_bootstrap
2021-11-18,395.38461304,427.69232178,394.61538696,406.92306519,22820671,0,1,283.84385589,yahoo_bootstrap
2021-11-19,424.61538696,427.69232178,407.69232178,413.07693481,12312453,0,1,288.13640707,yahoo_bootstrap
2021-11-22,417.69232178,420,405.38461304,408.46154785,5721610,0,1,284.91700433,yahoo_bootstrap
2021-11-23,408.46154785,409.23077393,392.30767822,394.61538696,5329796,0,1,275.2587961,yahoo_bootstrap
2021-11-24,397.69232178,403.07693481,386.15383911,396.15383911,4549982,0,1,276.33192325,yahoo_bootstrap
2021-11-25,399.23077393,401.53845215,386.92306519,389.23077393,2906635,0,1,271.50282978,yahoo_bootstrap
2021-11-26,395.38461304,401.53845215,384.61538696,386.15383911,5970149,0,1,269.35655419,yahoo_bootstrap
2021-11-29,378.46154785,382.30767822,362.30767822,379.23077393,6015269,0,1,264.52746072,yahoo_bootstrap
2021-11-30,387.69232178,390.76922607,376.15383911,382.30767822,3223658,0,1,266.67371502,yahoo_bootstrap
2021-12-01,376.92306519,396.15383911,376.92306519,396.15383911,4622614,0,1,276.33192325,yahoo_bootstrap
2021-12-02,396.15383911,404.61538696,390,391.53845215,5083670,0,1,273.11252051,yahoo_bootstrap
2021-12-03,393.84616089,398.46154785,390,391.53845215,2669076,0,1,273.11252051,yahoo_bootstrap
2021-12-06,395.38461304,407.69232178,392.30767822,406.92306519,5465096,0,1,283.84385589,yahoo_bootstrap
2021-12-07,416.92306519,430,407.69232178,410.76922607,13092142,0,1,286.52669505,yahoo_bootstrap
2021-12-08,423.84616089,424.61538696,411.53845215,413.07693481,4870292,0,1,288.13640707,yahoo_bootstrap
2021-12-09,416.92306519,418.46154785,401.53845215,402.30767822,3957790,0,1,280.62445314,yahoo_bootstrap
2021-12-10,404.61538696,410,393.84616089,408.46154785,3596875,0,1,284.91700433,yahoo_bootstrap
2021-12-13,410.76922607,418.46154785,406.92306519,416.15383911,3671184,0,1,290.28266137,yahoo_bootstrap
2021-12-14,413.07693481,414.61538696,398.46154785,398.46154785,3720683,0,1,277.94163526,yahoo_bootstrap
2021-12-15,401.53845215,419.23077393,400.76922607,419.23077393,6041073,0,1,292.42893697,yahoo_bootstrap
2021-12-16,430.76922607,449.23077393,430.76922607,441.53845215,20282372,0,1,307.98936581,yahoo_bootstrap
2021-12-17,438.46154785,447.69232178,433.84616089,446.92306519,10809396,0,1,311.74533213,yahoo_bootstrap
2021-12-20,449.23077393,451.53845215,433.84616089,434.61538696,8395818,0,1,303.16027234,yahoo_bootstrap
2021-12-21,434.61538696,439.23077393,423.07693481,434.61538696,5531452,0,1,303.16027234,yahoo_bootstrap
2021-12-22,440.76922607,443.07693481,432.30767822,432.30767822,3445676,0,1,301.55056032,yahoo_bootstrap
2021-12-23,436.15383911,441.53845215,433.07693481,433.84616089,3344348,0,1,302.62370877,yahoo_bootstrap
2021-12-24,443.84616089,448.46154785,433.84616089,434.61538696,6239981,0,1,303.16027234,yahoo_bootstrap
2021-12-27,435.38461304,437.69232178,428.46154785,436.92306519,2737419,0,1,304.76996307,yahoo_bootstrap
2021-12-28,440,440.76922607,428.46154785,428.46154785,3134920,0,1,298.86774245,yahoo_bootstrap
2021-12-29,429.23077393,431.53845215,426.15383911,428.46154785,1620537,0,1,298.86774245,yahoo_bootstrap
2021-12-30,427.69232178,433.84616089,426.92306519,433.84616089,1566801,0,1,302.62370877,yahoo_bootstrap
2022-01-03,436.92306519,439.23077393,431.53845215,434.61538696,2122697,0,1,303.16027234,yahoo_bootstrap
2022-01-04,437.69232178,444.61538696,433.84616089,434.61538696,3869418,0,1,303.16027234,yahoo_bootstrap
2022-01-05,436.92306519,437.69232178,401.53845215,403.84616089,9648478,0,1,281.69760158,yahoo_bootstrap
2022-01-06,394.61538696,402.30767822,383.07693481,384.61538696,8039476,0,1,268.28342704,yahoo_bootstrap
2022-01-07,386.92306519,390.76922607,367.69232178,369.23077393,6515993,0,1,257.55209166,yahoo_bootstrap
2022-01-10,366.92306519,378.46154785,360.76922607,377.69232178,3470686,0,1,263.45433357,yahoo_bootstrap
2022-01-11,371.53845215,374.61538696,359.23077393,361.53845215,3360589,0,1,252.18641333,yahoo_bootstrap
2022-01-12,349.23077393,358.46154785,326.15383911,333.07693481,13401571,0,1,232.33345458,yahoo_bootstrap
2022-01-13,333.07693481,343.07693481,328.46154785,343.07693481,6409642,0,1,239.30882364,yahoo_bootstrap
2022-01-14,338.46154785,345.38461304,330.76922607,345.38461304,4278203,0,1,240.91851438,yahoo_bootstrap
2022-01-17,341.53845215,347.69232178,338.46154785,346.15383911,3097209,0,1,241.45507795,yahoo_bootstrap
2022-01-18,346.15383911,354.61538696,342.30767822,344.61538696,3268294,0,1,240.3819508,yahoo_bootstrap
2022-01-19,337.69232178,345.38461304,334.61538696,340.76922607,2394299,0,1,237.69911163,yahoo_bootstrap
2022-01-20,340,342.30767822,336.15383911,340,1511404,0,1,237.16254805,yahoo_bootstrap
2022-01-21,335.38461304,338.46154785,324.61538696,324.61538696,2815030,0,1,226.43121267,yahoo_bootstrap
2022-01-24,318.46154785,329.23077393,313.07693481,328.46154785,3092134,0,1,229.11405184,yahoo_bootstrap
2022-01-25,327.69232178,329.23077393,316.92306519,316.92306519,2299550,0,1,221.06553435,yahoo_bootstrap
2022-01-26,317.69232178,325.38461304,313.84616089,319.23077393,1793628,0,1,222.67524636,yahoo_bootstrap
2022-02-07,325.38461304,325.38461304,310,320,2274910,0,1,223.21180993,yahoo_bootstrap
2022-02-08,321.53845215,334.61538696,320,330.76922607,2221239,0,1,230.72374257,yahoo_bootstrap
2022-02-09,336.15383911,346.15383911,335.38461304,346.15383911,3126696,0,1,241.45507795,yahoo_bootstrap
2022-02-10,350,351.53845215,336.92306519,339.23077393,3108389,0,1,236.62598448,yahoo_bootstrap
2022-02-11,333.84616089,343.07693481,333.84616089,338.46154785,1809293,0,1,236.0894209,yahoo_bootstrap
2022-02-14,333.84616089,334.61538696,321.53845215,326.15383911,2186070,0,1,227.50433983,yahoo_bootstrap
2022-02-15,329.23077393,333.84616089,326.92306519,328.46154785,1345981,0,1,229.11405184,yahoo_bootstrap
2022-02-16,337.69232178,340.76922607,333.84616089,336.92306519,1368553,0,1,235.01627247,yahoo_bootstrap
2022-02-17,339.23077393,340,332.30767822,334.61538696,1244601,0,1,233.40658173,yahoo_bootstrap
2022-02-18,327.69232178,335.38461304,326.92306519,334.61538696,1064596,0,1,233.40658173,yahoo_bootstrap
2022-02-21,330.76922607,336.92306519,327.69232178,336.15383911,1229424,0,1,234.47970889,yahoo_bootstrap
2022-02-22,333.84616089,334.61538696,323.84616089,325.38461304,1499648,0,1,226.96777625,yahoo_bootstrap
2022-02-23,326.15383911,340,326.15383911,338.46154785,2449086,0,1,236.0894209,yahoo_bootstrap
2022-02-24,333.07693481,340,326.15383911,328.46154785,2554451,0,1,229.11405184,yahoo_bootstrap
2022-02-25,336.15383911,341.53845215,330.76922607,340,3175151,0,1,237.16254805,yahoo_bootstrap
2022-03-01,343.84616089,346.15383911,338.46154785,342.30767822,2821404,0,1,238.77223878,yahoo_bootstrap
2022-03-02,340,344.61538696,333.84616089,338.46154785,2322433,0,1,236.0894209,yahoo_bootstrap
2022-03-03,343.07693481,346.15383911,338.46154785,338.46154785,1631929,0,1,236.0894209,yahoo_bootstrap
2022-03-04,334.61538696,338.46154785,333.84616089,334.61538696,927306,0,1,233.40658173,yahoo_bootstrap
2022-03-07,330.76922607,330.76922607,315.38461304,316.15383911,2232538,0,1,220.52897077,yahoo_bootstrap
2022-03-08,307.69232178,318.46154785,304.61538696,304.61538696,2185793,0,1,212.48047455,yahoo_bootstrap
2022-03-09,310.76922607,318.46154785,309.23077393,314.61538696,1391310,0,1,219.45584361,yahoo_bootstrap
2022-03-10,323.07693481,328.46154785,323.07693481,327.69232178,1452023,0,1,228.57748827,yahoo_bootstrap
2022-03-11,322.30767822,326.92306519,320,323.84616089,1065544,0,1,225.8946491,yahoo_bootstrap
2022-03-14,329.23077393,330.76922607,323.84616089,330,1134641,0,1,230.18717899,yahoo_bootstrap
2022-03-15,328.46154785,328.46154785,313.84616089,313.84616089,1441067,0,1,218.91928004,yahoo_bootstrap
2022-03-16,321.53845215,324.61538696,315.38461304,318.46154785,1394349,0,1,222.13868278,yahoo_bootstrap
2022-03-17,327.69232178,333.84616089,326.15383911,331.53845215,2123896,0,1,231.26030615,yahoo_bootstrap
2022-03-18,331.53845215,336.15383911,330,335.38461304,1365882,0,1,233.94314531,yahoo_bootstrap
2022-03-21,336.92306519,340.76922607,332.30767822,334.61538696,1226246,0,1,233.40658173,yahoo_bootstrap
2022-03-22,332.30767822,332.30767822,326.15383911,328.46154785,1074426,0,1,229.11405184,yahoo_bootstrap
2022-03-23,331.53845215,336.15383911,331.53845215,332.30767822,1225142,0,1,231.79686972,yahoo_bootstrap
2022-03-24,332.30767822,332.30767822,326.15383911,331.53845215,942240,0,1,231.26030615,yahoo_bootstrap
2022-03-25,333.84616089,336.92306519,326.92306519,326.92306519,1007159,0,1,228.04090341,yahoo_bootstrap
2022-03-28,321.53845215,321.53845215,316.15383911,319.23077393,985188,0,1,222.67524636,yahoo_bootstrap
2022-03-29,323.84616089,326.92306519,319.23077393,320,561007,0,1,223.21180993,yahoo_bootstrap
2022-03-30,324.61538696,326.15383911,319.23077393,321.53845215,668920,0,1,224.28493709,yahoo_bootstrap
2022-03-31,322.30767822,322.30767822,316.15383911,316.15383911,659876,0,1,220.52897077,yahoo_bootstrap
2022-04-01,310.76922607,316.15383911,309.23077393,316.15383911,702065,0,1,220.52897077,yahoo_bootstrap
2022-04-06,310.76922607,313.07693481,310,312.30767822,640913,0,1,217.8461316,yahoo_bootstrap
2022-04-07,315.38461304,321.53845215,306.92306519,306.92306519,1920131,0,1,214.09016529,yahoo_bootstrap
2022-04-08,312.30767822,314.61538696,309.23077393,312.30767822,691941,0,1,217.8461316,yahoo_bootstrap
2022-04-11,312.30767822,313.07693481,304.61538696,309.23077393,1201950,0,1,215.6998773,yahoo_bootstrap
2022-04-12,306.92306519,310,303.84616089,306.92306519,826963,0,1,214.09016529,yahoo_bootstrap
2022-04-13,310,311.53845215,306.15383911,309.23077393,594478,0,1,215.6998773,yahoo_bootstrap
2022-04-14,310,313.07693481,307.69232178,307.69232178,552710,0,1,214.62675015,yahoo_bootstrap
2022-04-15,304.61538696,305.38461304,292.30767822,293.84616089,1513256,0,1,204.96854192,yahoo_bootstrap
2022-04-18,290,295.38461304,285.38461304,286.15383911,899399,0,1,199.60286359,yahoo_bootstrap
2022-04-19,290,294.61538696,286.92306519,288.46154785,670213,0,1,201.2125756,yahoo_bootstrap
2022-04-20,292.30767822,295.38461304,287.69232178,289.23077393,766713,0,1,201.74913918,yahoo_bootstrap
2022-04-21,287.69232178,291.53845215,285.38461304,289.23077393,1459474,0,1,201.74913918,yahoo_bootstrap
2022-04-22,286.92306519,290,284.61538696,285.38461304,978234,0,1,199.06630001,yahoo_bootstrap
2022-04-25,274.61538696,275.38461304,270,270.76922607,1587828,0,1,188.8715282,yahoo_bootstrap
2022-04-26,276.15383911,276.92306519,265.38461304,265.38461304,1192527,0,1,185.11556189,yahoo_bootstrap
2022-04-27,244.61538696,257.69232178,242.30769348,253.84614563,2838473,0,1,177.06705503,yahoo_bootstrap
2022-04-28,257.69232178,264.61538696,251.53846741,261.53845215,1695654,0,1,182.43272272,yahoo_bootstrap
2022-04-29,269.23077393,276.92306519,266.92306519,270,2570543,0,1,188.33496463,yahoo_bootstrap
2022-05-03,270.76922607,276.92306519,270,276.15383911,1022594,0,1,192.62749452,yahoo_bootstrap
2022-05-04,277.69232178,278.46154785,273.84616089,275.38461304,877522,0,1,192.09093095,yahoo_bootstrap
2022-05-05,281.53845215,284.61538696,278.46154785,278.46154785,1489920,0,1,194.23720654,yahoo_bootstrap
2022-05-06,273.07693481,284.61538696,270.76922607,281.53845215,2610764,0,1,196.38346085,yahoo_bootstrap
2022-05-09,276.92306519,277.69232178,269.23077393,269.23077393,1691546,0,1,187.79840106,yahoo_bootstrap
2022-05-10,263.07693481,278.46154785,261.53845215,276.92306519,1456534,0,1,193.1640581,yahoo_bootstrap
2022-05-11,276.92306519,278.46154785,272.30767822,272.30767822,915874,0,1,189.94465536,yahoo_bootstrap
2022-05-12,269.23077393,276.15383911,269.23077393,270,1068087,0,1,188.33496463,yahoo_bootstrap
2022-05-13,275.38461304,277.69232178,273.07693481,277.69232178,835875,0,1,193.70064297,yahoo_bootstrap
2022-05-16,283.07693481,283.84616089,271.53845215,271.53845215,1355932,0,1,189.40809178,yahoo_bootstrap
2022-05-17,275.38461304,281.53845215,273.84616089,280.76922607,1047228,0,1,195.84689727,yahoo_bootstrap
2022-05-18,288.46154785,293.84616089,286.15383911,290.76922607,2807255,0,1,202.82226633,yahoo_bootstrap
2022-05-19,280,291.53845215,280,291.53845215,1902225,0,1,203.35882991,yahoo_bootstrap
2022-05-20,291.53845215,292.30767822,287.69232178,287.69232178,1024084,0,1,200.67601203,yahoo_bootstrap
2022-05-23,286.15383911,286.92306519,275.38461304,277.69232178,1946290,0,1,193.70064297,yahoo_bootstrap
2022-05-24,281.53845215,283.07693481,267.69232178,268.46154785,1291154,0,1,187.26183748,yahoo_bootstrap
2022-05-25,271.53845215,273.07693481,267.69232178,273.07693481,839151,0,1,190.48124022,yahoo_bootstrap
2022-05-26,274.61538696,275.38461304,265.38461304,266.92306519,1039811,0,1,186.18868904,yahoo_bootstrap
2022-05-27,270.76922607,271.53845215,268.46154785,270.76922607,842347,0,1,188.8715282,yahoo_bootstrap
2022-05-30,274.61538696,280,272.30767822,280,1654322,0,1,195.31033369,yahoo_bootstrap
2022-05-31,278.46154785,283.84616089,277.69232178,283.07693481,1318720,0,1,197.45660928,yahoo_bootstrap
2022-06-01,284.61538696,310.76922607,282.30767822,306.15383911,8592872,0,1,213.55360171,yahoo_bootstrap
2022-06-02,306.15383911,311.53845215,301.53845215,301.53845215,6137299,0,1,210.33419897,yahoo_bootstrap
2022-06-06,296.92306519,297.69232178,289.23077393,293.07693481,2576893,0,1,204.43197834,yahoo_bootstrap
2022-06-07,290.76922607,292.30767822,286.15383911,286.92306519,1423143,0,1,200.13942717,yahoo_bootstrap
2022-06-08,288.46154785,290.76922607,285.38461304,286.15383911,1058269,0,1,199.60286359,yahoo_bootstrap
2022-06-09,286.15383911,286.15383911,283.07693481,284.61538696,1022163,0,1,198.52973643,yahoo_bootstrap
2022-06-10,281.53845215,282.30767822,275.38461304,277.69232178,1409075,0,1,193.70064297,yahoo_bootstrap
2022-06-13,267.69232178,270.76922607,264.61538696,265.38461304,1418107,0,1,185.11556189,yahoo_bootstrap
2022-06-14,263.07693481,271.53845215,260,271.53845215,1717274,0,1,189.40809178,yahoo_bootstrap
2022-06-15,273.07693481,273.84616089,265.38461304,266.15383911,1042741,0,1,185.65212546,yahoo_bootstrap
2022-06-16,270,271.53845215,253.07691956,253.84614563,1739288,0,1,177.06705503,yahoo_bootstrap
2022-06-17,247.69230652,250,241.53846741,243.07691956,2968083,0,1,169.5551224,yahoo_bootstrap
2022-06-20,241.53846741,243.07691956,225.38461304,225.38461304,3302496,0,1,157.21408565,yahoo_bootstrap
2022-06-21,232.30769348,236.15383911,226.92308044,234.61538696,1889177,0,1,163.65289113,yahoo_bootstrap
2022-06-22,232.30769348,233.07691956,213.84614563,216.15383911,3339315,0,1,150.77528016,yahoo_bootstrap
2022-06-23,220,223.07691956,213.07691956,217.69230652,2462692,0,1,151.84841796,yahoo_bootstrap
2022-06-24,220,222.30769348,214.61538696,215.38461304,1702279,0,1,150.23871659,yahoo_bootstrap
2022-06-27,221.53846741,227.69230652,220.76922607,224.61538696,1434470,0,1,156.67752207,yahoo_bootstrap
2022-06-28,225.38461304,225.38461304,214.61538696,216.15383911,1317791,0,1,150.77528016,yahoo_bootstrap
2022-06-29,212.30769348,220.76922607,209.23077393,216.15383911,1619930,0,1,150.77528016,yahoo_bootstrap
2022-06-30,216.15383911,216.15383911,206.92308044,207.69230652,1717206,0,1,144.8730489,yahoo_bootstrap
2022-07-01,207.69230652,210.76922607,195.38461304,196.15383911,3263690,0,1,136.82454204,yahoo_bootstrap
2022-07-04,197.69230652,205.38461304,196.15383911,200,1942351,0,1,139.50738121,yahoo_bootstrap
2022-07-05,200,203.07691956,187.69230652,197.69230652,3932403,0,1,137.89767984,yahoo_bootstrap
2022-07-06,196.92308044,202.30769348,187.69230652,188.46153259,2309214,0,1,131.45887435,yahoo_bootstrap
2022-07-07,190.76922607,199.23077393,186.92308044,197.69230652,2262144,0,1,137.89767984,yahoo_bootstrap
2022-07-08,200,206.92308044,198.46153259,203.07691956,2107543,0,1,141.65364616,yahoo_bootstrap
2022-07-11,204.61538696,204.61538696,196.15383911,198.46153259,952437,0,1,138.43424341,yahoo_bootstrap
2022-07-12,193.84614563,196.15383911,189.23077393,191.53846741,1429028,0,1,133.60514995,yahoo_bootstrap
2022-07-13,198.46153259,203.84614563,196.15383911,200,2143140,0,1,139.50738121,yahoo_bootstrap
2022-07-14,196.92308044,206.15383911,194.61538696,205.38461304,1452703,0,1,143.26334753,yahoo_bootstrap
2022-07-15,203.84614563,210,202.30769348,206.92308044,1357042,0,1,144.33648532,yahoo_bootstrap
2022-07-18,207.69230652,213.07691956,206.92308044,210,1187193,0,1,146.48275027,yahoo_bootstrap
2022-07-19,209.23077393,213.84614563,207.69230652,213.84614563,1017257,0,1,149.16557879,yahoo_bootstrap
2022-07-20,219.23077393,224.61538696,218.46153259,221.53846741,2537984,0,1,154.53125713,yahoo_bootstrap
2022-07-21,222.30769348,226.15383911,221.53846741,226.15383911,1514331,0,1,157.75064922,yahoo_bootstrap
2022-07-22,229.23077393,231.53846741,222.30769348,224.61538696,2138481,0,1,156.67752207,yahoo_bootstrap
2022-07-25,224.61538696,224.61538696,220,223.07691956,842095,0,1,155.60438428,yahoo_bootstrap
2022-07-26,220,222.30769348,215.38461304,219.23077393,1154047,0,1,152.92155576,yahoo_bootstrap
2022-07-27,218.46153259,226.15383911,216.92308044,226.15383911,1018171,0,1,157.75064922,yahoo_bootstrap
2022-07-28,229.23077393,230,220,220,1713176,0,1,153.45811933,yahoo_bootstrap
2022-07-29,221.53846741,223.07691956,216.92308044,217.69230652,1627803,0,1,151.84841796,yahoo_bootstrap
2022-08-01,218.46153259,219.23077393,214.61538696,216.92308044,1007332,0,1,151.31185438,yahoo_bootstrap
2022-08-02,215.38461304,215.38461304,209.23077393,209.23077393,1319452,0,1,145.9461867,yahoo_bootstrap
2022-08-03,208.46153259,212.30769348,200.76922607,200.76922607,2725687,0,1,140.04394478,yahoo_bootstrap
2022-08-04,161.53846741,166.92308044,158.46153259,160.76922607,5090397,26.153847,1,128.93913891,yahoo_bootstrap
2022-08-05,163.07691956,165.38461304,161.53846741,161.53846741,2050349,0,1,129.55608109,yahoo_bootstrap
2022-08-08,161.53846741,167.69230652,160,164.61538696,2771291,0,1,132.02381305,yahoo_bootstrap
2022-08-09,165.38461304,166.92308044,162.30769348,163.84614563,1010528,0,1,131.40687088,yahoo_bootstrap
2022-08-10,161.53846741,163.84614563,159.23077393,161.53846741,1325459,0,1,129.55608109,yahoo_bootstrap
2022-08-11,165.38461304,167.69230652,163.84614563,164.61538696,1706229,0,1,132.02381305,yahoo_bootstrap
2022-08-12,166.15383911,180.76922607,166.15383911,180.76922607,4935266,0,1,144.97941504,yahoo_bootstrap
2022-08-15,184.61538696,192.30769348,184.61538696,190,7722767,0,1,152.38262317,yahoo_bootstrap
2022-08-16,190,191.53846741,185.38461304,188.46153259,3310951,0,1,151.14875107,yahoo_bootstrap
2022-08-17,189.23077393,190,185.38461304,186.92308044,1977179,0,1,149.9148912,yahoo_bootstrap
2022-08-18,186.92308044,204.61538696,185.38461304,200,7926516,0,1,160.40276123,yahoo_bootstrap
2022-08-19,197.69230652,204.61538696,195.38461304,196.15383911,4860042,0,1,157.3180871,yahoo_bootstrap
2022-08-22,193.84614563,204.61538696,193.07691956,199.23077393,2716350,0,1,159.7858313,yahoo_bootstrap
2022-08-23,193.84614563,196.92308044,191.53846741,192.30769348,2263791,0,1,154.2334252,yahoo_bootstrap
2022-08-24,194.61538696,196.92308044,190.76922607,190.76922607,1623342,0,1,152.9995531,yahoo_bootstrap
2022-08-25,193.07691956,196.92308044,192.30769348,193.07691956,1813988,0,1,154.85035514,yahoo_bootstrap
2022-08-26,196.15383911,196.92308044,191.53846741,193.07691956,1152983,0,1,154.85035514,yahoo_bootstrap
2022-08-29,183.07691956,190.76922607,183.07691956,188.46153259,1747426,0,1,151.14875107,yahoo_bootstrap
2022-08-30,192.30769348,193.07691956,189.23077393,191.53846741,741781,0,1,153.61649527,yahoo_bootstrap
2022-08-31,189.23077393,196.92308044,187.69230652,196.15383911,1782704,0,1,157.3180871,yahoo_bootstrap
2022-09-01,193.84614563,194.61538696,186.92308044,187.69230652,1651091,0,1,150.53182114,yahoo_bootstrap
2022-09-02,190,192.30769348,187.69230652,190,974507,0,1,152.38262317,yahoo_bootstrap
2022-09-05,190,190,177.69230652,178.46153259,2612546,0,1,143.12861301,yahoo_bootstrap
2022-09-06,179.23077393,181.53846741,175.38461304,176.92308044,1448105,0,1,141.89475314,yahoo_bootstrap
2022-09-07,173.84614563,179.23077393,171.53846741,175.38461304,1009730,0,1,140.66088105,yahoo_bootstrap
2022-09-08,177.69230652,179.23077393,175.38461304,177.69230652,672172,0,1,142.51168308,yahoo_bootstrap
2022-09-12,180.76922607,183.84614563,179.23077393,180,814989,0,1,144.36248511,yahoo_bootstrap
2022-09-13,180.76922607,183.07691956,175.38461304,176.15383911,958790,0,1,141.27781097,yahoo_bootstrap
2022-09-14,169.23077393,173.84614563,169.23077393,173.84614563,797680,0,1,139.42700894,yahoo_bootstrap
2022-09-15,174.61538696,176.92308044,172.30769348,172.30769348,688226,0,1,138.19314908,yahoo_bootstrap
2022-09-16,171.53846741,172.30769348,167.69230652,167.69230652,872456,0,1,134.49154502,yahoo_bootstrap
2022-09-19,169.23077393,169.23077393,164.61538696,165.38461304,675520,0,1,132.64074298,yahoo_bootstrap
2022-09-20,167.69230652,170,166.15383911,169.23077393,699045,0,1,135.72541712,yahoo_bootstrap
2022-09-21,167.69230652,169.23077393,165.38461304,166.15383911,580557,0,1,133.25767291,yahoo_bootstrap
2022-09-22,163.84614563,167.69230652,161.53846741,167.69230652,866088,0,1,134.49154502,yahoo_bootstrap
2022-09-23,166.92308044,167.69230652,162.30769348,162.30769348,1061710,0,1,130.17301102,yahoo_bootstrap
2022-09-26,159.23077393,159.23077393,149.69230652,150.15383911,2563598,0,1,120.42545201,yahoo_bootstrap
2022-09-27,148.61538696,150.30769348,146.30769348,147.69230652,2330500,0,1,118.45126889,yahoo_bootstrap
2022-09-28,148.30769348,148.92308044,138.76922607,138.76922607,2660281,0,1,111.29483518,yahoo_bootstrap
2022-09-29,143.07691956,143.69230652,138.61538696,139.69230652,1409714,0,1,112.03515844,yahoo_bootstrap
2022-09-30,136.30769348,143.53846741,136.30769348,143.38461304,1548030,0,1,114.99643925,yahoo_bootstrap
2022-10-03,140.15383911,148.61538696,140.15383911,147.38461304,1341662,0,1,118.20449447,yahoo_bootstrap
2022-10-04,151.07691956,156.15383911,150,155.38461304,1622595,0,1,124.62060492,yahoo_bootstrap
2022-10-05,156.92308044,158.46153259,152.61538696,153.84614563,2460353,0,1,123.38673282,yahoo_bootstrap
2022-10-06,155.38461304,156.15383911,150.46153259,153.84614563,1208491,0,1,123.38673282,yahoo_bootstrap
2022-10-07,153.07691956,156.92308044,152.76922607,154.61538696,842522,0,1,124.00367499,yahoo_bootstrap
2022-10-11,151.53846741,153.07691956,148.61538696,151.23077393,1507098,0,1,121.28916861,yahoo_bootstrap
2022-10-12,152.92308044,153.53846741,144.76922607,148.61538696,1739920,0,1,119.19159215,yahoo_bootstrap
2022-10-13,148.61538696,150.61538696,133.84614563,137.07691956,1935551,0,1,109.93758199,yahoo_bootstrap
2022-10-14,143.07691956,150.76922607,143.07691956,150.76922607,1825081,0,1,120.91900085,yahoo_bootstrap
2022-10-17,147.69230652,165.38461304,147.69230652,165.38461304,6368022,0,1,132.64074298,yahoo_bootstrap
2022-10-18,170.76922607,173.84614563,163.84614563,171.53846741,17014793,0,1,137.57621915,yahoo_bootstrap
2022-10-19,171.53846741,173.84614563,168.46153259,172.30769348,6326610,0,1,138.19314908,yahoo_bootstrap
2022-10-20,170,171.53846741,165.38461304,170,5737850,0,1,136.34234705,yahoo_bootstrap
2022-10-21,170,170.76922607,160,161.53846741,6517330,0,1,129.55608109,yahoo_bootstrap
2022-10-24,167.69230652,172.30769348,161.53846741,162.30769348,4862174,0,1,130.17301102,yahoo_bootstrap
2022-10-25,162.30769348,164.61538696,156.92308044,159.23077393,3707086,0,1,127.70527906,yahoo_bootstrap
2022-10-26,159.23077393,163.07691956,156.15383911,160.76922607,2928359,0,1,128.93913891,yahoo_bootstrap
2022-10-27,161.53846741,163.84614563,159.23077393,162.30769348,2851810,0,1,130.17301102,yahoo_bootstrap
2022-10-28,161.53846741,162.30769348,153.84614563,156.92308044,3153364,0,1,125.85447702,yahoo_bootstrap
2022-10-31,160,163.07691956,159.23077393,160,2409698,0,1,128.32220899,yahoo_bootstrap
2022-11-01,157.69230652,160.76922607,157.69230652,159.23077393,2071432,0,1,127.70527906,yahoo_bootstrap
2022-11-02,159.23077393,165.38461304,159.23077393,162.30769348,2352084,0,1,130.17301102,yahoo_bootstrap
2022-11-03,160,166.15383911,159.23077393,166.15383911,1713975,0,1,133.25767291,yahoo_bootstrap
2022-11-04,164.61538696,165.38461304,161.53846741,163.84614563,1788807,0,1,131.40687088,yahoo_bootstrap
2022-11-07,166.92308044,171.53846741,164.61538696,169.23077393,4512079,0,1,135.72541712,yahoo_bootstrap
2022-11-08,172.30769348,186.15383911,170.76922607,186.15383911,5107356,0,1,149.29794904,yahoo_bootstrap
2022-11-09,187.69230652,197.69230652,187.69230652,193.07691956,21903030,0,1,154.85035514,yahoo_bootstrap
2022-11-10,192.30769348,196.92308044,190.76922607,192.30769348,6491405,0,1,154.2334252,yahoo_bootstrap
2022-11-11,204.61538696,205.38461304,189.23077393,189.23077393,7439245,0,1,151.76569324,yahoo_bootstrap
2022-11-14,187.69230652,190,178.46153259,190,7503953,0,1,152.38262317,yahoo_bootstrap
2022-11-15,190,196.15383911,186.15383911,196.15383911,5434976,0,1,157.3180871,yahoo_bootstrap
2022-11-16,196.92308044,204.61538696,193.07691956,198.46153259,6751350,0,1,159.16888913,yahoo_bootstrap
2022-11-17,200.76922607,203.84614563,191.53846741,195.38461304,5438217,0,1,156.70115717,yahoo_bootstrap
2022-11-18,195.38461304,198.46153259,189.23077393,189.23077393,3065985,0,1,151.76569324,yahoo_bootstrap
2022-11-21,190.76922607,191.53846741,183.84614563,184.61538696,2227024,0,1,148.06408917,yahoo_bootstrap
2022-11-22,186.15383911,187.69230652,183.84614563,185.38461304,1605723,0,1,148.68101911,yahoo_bootstrap
2022-11-23,187.69230652,190.76922607,185.38461304,185.38461304,1440682,0,1,148.68101911,yahoo_bootstrap
2022-11-24,187.69230652,192.30769348,186.92308044,191.53846741,1797896,0,1,153.61649527,yahoo_bootstrap
2022-11-25,193.07691956,193.84614563,185.38461304,185.38461304,1670836,0,1,148.68101911,yahoo_bootstrap
2022-11-28,183.84614563,191.53846741,183.07691956,187.69230652,1568256,0,1,150.53182114,yahoo_bootstrap
2022-11-29,186.15383911,187.69230652,183.07691956,186.15383911,1512777,0,1,149.29794904,yahoo_bootstrap
2022-11-30,186.15383911,193.84614563,186.15383911,192.30769348,2252837,0,1,154.2334252,yahoo_bootstrap
2022-12-01,196.15383911,197.69230652,192.30769348,193.07691956,2716983,0,1,154.85035514,yahoo_bootstrap
2022-12-02,192.30769348,199.23077393,192.30769348,196.92308044,3126365,0,1,157.93502926,yahoo_bootstrap
2022-12-05,200.76922607,209.23077393,196.15383911,196.92308044,7328002,0,1,157.93502926,yahoo_bootstrap
2022-12-06,194.61538696,194.61538696,186.15383911,186.15383911,3724538,0,1,149.29794904,yahoo_bootstrap
2022-12-07,186.15383911,189.23077393,180,180.76922607,2320134,0,1,144.97941504,yahoo_bootstrap
2022-12-08,182.30769348,185.38461304,180,184.61538696,1331416,0,1,148.06408917,yahoo_bootstrap
2022-12-09,186.92308044,187.69230652,180.76922607,181.53846741,1278283,0,1,145.59635721,yahoo_bootstrap
2022-12-12,180,180,177.69230652,179.23077393,799565,0,1,143.74555518,yahoo_bootstrap
2022-12-13,180.76922607,182.30769348,177.69230652,177.69230652,676036,0,1,142.51168308,yahoo_bootstrap
2022-12-14,179.23077393,184.61538696,178.46153259,184.61538696,1237902,0,1,148.06408917,yahoo_bootstrap
2022-12-15,186.15383911,192.30769348,185.38461304,188.46153259,4088513,0,1,151.14875107,yahoo_bootstrap
2022-12-16,183.07691956,187.69230652,182.30769348,186.92308044,1935087,0,1,149.9148912,yahoo_bootstrap
2022-12-19,187.69230652,189.23077393,184.61538696,185.38461304,1423697,0,1,148.68101911,yahoo_bootstrap
2022-12-20,185.38461304,186.92308044,174.61538696,176.92308044,1965981,0,1,141.89475314,yahoo_bootstrap
2022-12-21,178.46153259,180,174.61538696,175.38461304,816088,0,1,140.66088105,yahoo_bootstrap
2022-12-22,178.46153259,179.23077393,176.92308044,178.46153259,912732,0,1,143.12861301,yahoo_bootstrap
2022-12-23,176.15383911,180,173.84614563,180,908722,0,1,144.36248511,yahoo_bootstrap
2022-12-26,181.53846741,181.53846741,176.92308044,179.23077393,630888,0,1,143.74555518,yahoo_bootstrap
2022-12-27,181.53846741,192.30769348,181.53846741,186.92308044,5967418,0,1,149.9148912,yahoo_bootstrap
2022-12-28,183.07691956,184.61538696,177.69230652,178.46153259,2492561,0,1,143.12861301,yahoo_bootstrap
2022-12-29,176.92308044,180.76922607,174.61538696,180.76922607,1484856,0,1,144.97941504,yahoo_bootstrap
2022-12-30,183.84614563,184.61538696,177.69230652,177.69230652,1175987,0,1,142.51168308,yahoo_bootstrap
2023-01-03,178.46153259,193.84614563,178.46153259,189.23077393,6650411,0,1,151.76569324,yahoo_bootstrap
2023-01-04,189.23077393,194.61538696,188.46153259,193.84614563,5820902,0,1,155.46728507,yahoo_bootstrap
2023-01-05,197.69230652,202.30769348,193.84614563,195.38461304,9290821,0,1,156.70115717,yahoo_bootstrap
2023-01-06,195.38461304,207.69230652,191.53846741,204.61538696,14743414,0,1,164.10436529,yahoo_bootstrap
2023-01-09,212.30769348,216.92308044,205.38461304,210.76922607,15618293,0,1,169.03982922,yahoo_bootstrap
2023-01-10,212.30769348,217.69230652,209.23077393,217.69230652,10814260,0,1,174.59223532,yahoo_bootstrap
2023-01-11,220,221.53846741,215.38461304,219.23077393,7825763,0,1,175.82610743,yahoo_bootstrap
2023-01-12,218.46153259,220,213.07691956,216.92308044,6677158,0,1,173.97530539,yahoo_bootstrap
2023-01-13,219.23077393,220,209.23077393,214.61538696,6970808,0,1,172.12450336,yahoo_bootstrap
2023-01-16,216.92308044,217.69230652,211.53846741,212.30769348,3817802,0,1,170.27370132,yahoo_bootstrap
2023-01-17,210.76922607,210.76922607,206.15383911,208.46153259,3190025,0,1,167.18902719,yahoo_bootstrap
2023-01-30,218.46153259,219.23077393,213.07691956,218.46153259,4245502,0,1,175.20916525,yahoo_bootstrap
2023-01-31,218.46153259,227.69230652,216.92308044,221.53846741,7028904,0,1,177.67690946,yahoo_bootstrap
2023-02-01,221.53846741,222.30769348,218.46153259,220,2410057,0,1,176.44303735,yahoo_bootstrap
2023-02-02,222.30769348,227.69230652,220.76922607,227.69230652,4680943,0,1,182.61237339,yahoo_bootstrap
2023-02-03,224.61538696,225.38461304,216.15383911,216.92308044,4525119,0,1,173.97530539,yahoo_bootstrap
2023-02-06,216.15383911,220.76922607,214.61538696,216.92308044,2330211,0,1,173.97530539,yahoo_bootstrap
2023-02-07,216.92308044,225.38461304,216.92308044,225.38461304,3469279,0,1,180.76157135,yahoo_bootstrap
2023-02-08,227.69230652,230.76922607,223.07691956,226.92308044,6875165,0,1,181.99544345,yahoo_bootstrap
2023-02-09,226.92308044,226.92308044,219.23077393,220.76922607,2813615,0,1,177.05996728,yahoo_bootstrap
2023-02-10,220.76922607,223.84614563,218.46153259,218.46153259,2419173,0,1,175.20916525,yahoo_bootstrap
2023-02-13,219.23077393,220,216.15383911,216.15383911,1100521,0,1,173.35836322,yahoo_bootstrap
2023-02-14,218.46153259,223.84614563,217.69230652,223.07691956,2150291,0,1,178.91076932,yahoo_bootstrap
2023-02-15,221.53846741,226.92308044,220.76922607,222.30769348,2092366,0,1,178.29383939,yahoo_bootstrap
2023-02-16,224.61538696,243.84614563,223.84614563,243.84614563,6872546,0,1,195.56797537,yahoo_bootstrap
2023-02-17,244.61538696,259.23077393,243.84614563,254.61538696,40014048,0,1,204.2050556,yahoo_bootstrap
2023-02-20,254.61538696,278.46154785,252.30769348,278.46154785,17013803,0,1,223.33000586,yahoo_bootstrap
2023-02-21,280.76922607,286.15383911,271.53845215,276.15383911,13679193,0,1,221.47919159,yahoo_bootstrap
2023-02-22,270.76922607,272.30767822,257.69232178,260,8515637,0,1,208.5235896,yahoo_bootstrap
2023-02-23,262.30767822,267.69232178,256.92306519,259.23077393,6862502,0,1,207.90665967,yahoo_bootstrap
2023-02-24,261.53845215,263.84616089,253.84614563,256.15383911,3886572,0,1,205.43891547,yahoo_bootstrap
2023-03-01,254.61538696,267.69232178,254.61538696,261.53845215,4772024,0,1,209.75744947,yahoo_bootstrap
2023-03-02,261.53845215,270.76922607,258.46154785,269.23077393,6418010,0,1,215.92679773,yahoo_bootstrap
2023-03-03,276.15383911,280.76922607,262.30767822,268.46154785,9157120,0,1,215.3098678,yahoo_bootstrap
2023-03-06,271.53845215,275.38461304,266.92306519,270.76922607,4234163,0,1,217.16065759,yahoo_bootstrap
2023-03-07,273.07693481,273.84616089,269.23077393,270,2246720,0,1,216.54372766,yahoo_bootstrap
2023-03-08,267.69232178,274.61538696,265.38461304,272.30767822,2775884,0,1,218.39451746,yahoo_bootstrap
2023-03-09,276.15383911,276.92306519,263.07693481,264.61538696,4530091,0,1,212.22519366,yahoo_bootstrap
2023-03-10,258.46154785,262.30767822,253.07691956,254.61538696,4444089,0,1,204.2050556,yahoo_bootstrap
2023-03-13,251.53846741,253.84614563,247.69230652,251.53846741,3325600,0,1,201.73732364,yahoo_bootstrap
2023-03-14,250.76922607,256.15383911,246.92308044,255.38461304,2287635,0,1,204.82198554,yahoo_bootstrap
2023-03-15,258.46154785,266.15383911,256.15383911,257.69232178,3461555,0,1,206.67279981,yahoo_bootstrap
2023-03-16,256.92306519,263.07693481,256.15383911,258.46154785,2449821,0,1,207.28972974,yahoo_bootstrap
2023-03-17,269.23077393,273.84616089,261.53845215,263.07693481,4622645,0,1,210.9913338,yahoo_bootstrap
2023-03-20,262.30767822,270.76922607,262.30767822,268.46154785,2751869,0,1,215.3098678,yahoo_bootstrap
2023-03-21,273.84616089,276.92306519,267.69232178,270,3358932,0,1,216.54372766,yahoo_bootstrap
2023-03-22,273.07693481,276.15383911,270,270.76922607,2924227,0,1,217.16065759,yahoo_bootstrap
2023-03-23,270,273.84616089,266.15383911,272.30767822,2152612,0,1,218.39451746,yahoo_bootstrap
2023-03-24,274.61538696,275.38461304,268.46154785,268.46154785,2327284,0,1,215.3098678,yahoo_bootstrap
2023-03-27,273.07693481,273.84616089,262.30767822,262.30767822,1834255,0,1,210.37437939,yahoo_bootstrap
2023-03-28,263.84616089,266.15383911,256.15383911,256.92306519,1560139,0,1,206.0558454,yahoo_bootstrap
2023-03-29,260,260,251.53846741,253.84614563,1222219,0,1,203.58811344,yahoo_bootstrap
2023-03-30,256.92306519,258.46154785,255.38461304,256.92306519,791859,0,1,206.0558454,yahoo_bootstrap
2023-03-31,259.23077393,260,256.92306519,259.23077393,702306,0,1,207.90665967,yahoo_bootstrap
2023-04-06,258.46154785,260.76922607,253.84614563,260.76922607,767106,0,1,209.14051953,yahoo_bootstrap
2023-04-07,263.07693481,273.07693481,262.30767822,266.92306519,4230027,0,1,214.07598346,yahoo_bootstrap
2023-04-10,268.46154785,270.76922607,262.30767822,262.30767822,1886314,0,1,210.37437939,yahoo_bootstrap
2023-04-11,263.07693481,276.92306519,260.76922607,275.38461304,6458984,0,1,220.86226166,yahoo_bootstrap
2023-04-12,275.38461304,277.69232178,266.15383911,270.76922607,3838571,0,1,217.16065759,yahoo_bootstrap
2023-04-13,268.46154785,274.61538696,266.15383911,268.46154785,2294157,0,1,215.3098678,yahoo_bootstrap
2023-04-14,268.46154785,282.30767822,268.46154785,280.76922607,7521631,0,1,225.18079565,yahoo_bootstrap
2023-04-17,280.76922607,288.46154785,275.38461304,278.46154785,7332018,0,1,223.33000586,yahoo_bootstrap
2023-04-18,281.53845215,287.69232178,280,283.84616089,5501831,0,1,227.64853986,yahoo_bootstrap
2023-04-19,287.69232178,289.23077393,264.61538696,266.92306519,7415155,0,1,214.07598346,yahoo_bootstrap
2023-04-20,256.15383911,262.30767822,251.53846741,251.53846741,6325111,0,1,201.73732364,yahoo_bootstrap
2023-04-21,253.84614563,253.84614563,239.23077393,240,4079894,0,1,192.48331348,yahoo_bootstrap
2023-04-24,240,251.53846741,239.23077393,251.53846741,2555772,0,1,201.73732364,yahoo_bootstrap
2023-04-25,251.53846741,252.30769348,238.46153259,242.30769348,3226606,0,1,194.33411551,yahoo_bootstrap
2023-04-26,239.23077393,243.84614563,236.15383911,240.76922607,1803340,0,1,193.10024341,yahoo_bootstrap
2023-04-27,239.23077393,244.61538696,235.38461304,240.76922607,1556945,0,1,193.10024341,yahoo_bootstrap
2023-04-28,254.61538696,263.07693481,243.07691956,243.07691956,7258723,0,1,194.95104545,yahoo_bootstrap
2023-05-02,244.61538696,248.46153259,240,240.76922607,3055423,0,1,193.10024341,yahoo_bootstrap
2023-05-03,240,246.15383911,238.46153259,246.15383911,1763219,0,1,197.41877741,yahoo_bootstrap
2023-05-04,243.07691956,243.07691956,230,237.69230652,4246945,0,1,190.63251145,yahoo_bootstrap
2023-05-05,236.92308044,238.46153259,233.07691956,233.84614563,2201342,0,1,187.54783731,yahoo_bootstrap
2023-05-08,240,243.84614563,235.38461304,242.30769348,2695113,0,1,194.33411551,yahoo_bootstrap
2023-05-09,241.53846741,241.53846741,234.61538696,236.15383911,1688022,0,1,189.39863934,yahoo_bootstrap
2023-05-10,237.69230652,243.84614563,236.15383911,240.76922607,2731366,0,1,193.10024341,yahoo_bootstrap
2023-05-11,238.46153259,241.53846741,236.15383911,239.23077393,1237515,0,1,191.86638355,yahoo_bootstrap
2023-05-12,239.23077393,240.76922607,233.07691956,239.23077393,1654400,0,1,191.86638355,yahoo_bootstrap
2023-05-15,236.92308044,236.92308044,223.07691956,227.69230652,3903945,0,1,182.61237339,yahoo_bootstrap
2023-05-16,229.23077393,236.92308044,229.23077393,236.15383911,2292254,0,1,189.39863934,yahoo_bootstrap
2023-05-17,233.84614563,236.92308044,233.07691956,235.38461304,1043170,0,1,188.78170942,yahoo_bootstrap
2023-05-18,239.23077393,240,234.61538696,236.15383911,1066408,0,1,189.39863934,yahoo_bootstrap
2023-05-19,236.92308044,239.23077393,233.84614563,234.61538696,990796,0,1,188.16477948,yahoo_bootstrap
2023-05-22,236.92308044,241.53846741,236.92308044,237.69230652,937473,0,1,190.63251145,yahoo_bootstrap
2023-05-23,239.23077393,241.53846741,236.92308044,238.46153259,1052500,0,1,191.24944137,yahoo_bootstrap
2023-05-24,236.92308044,236.92308044,233.84614563,236.15383911,692965,0,1,189.39863934,yahoo_bootstrap
2023-05-25,237.69230652,238.46153259,235.38461304,236.15383911,768488,0,1,189.39863934,yahoo_bootstrap
2023-05-26,237.69230652,240,232.30769348,233.84614563,1238738,0,1,187.54783731,yahoo_bootstrap
2023-05-29,236.15383911,240,235.38461304,236.92308044,1638633,0,1,190.01558151,yahoo_bootstrap
2023-05-30,239.23077393,240,235.38461304,239.23077393,1218306,0,1,191.86638355,yahoo_bootstrap
2023-05-31,240,245.38461304,238.46153259,244.61538696,2287242,0,1,196.18491754,yahoo_bootstrap
2023-06-01,246.92308044,246.92308044,240,243.84614563,1518546,0,1,195.56797537,yahoo_bootstrap
2023-06-02,245.38461304,246.15383911,242.30769348,244.61538696,1259919,0,1,196.18491754,yahoo_bootstrap
2023-06-05,246.92308044,250.76922607,246.15383911,247.69230652,1622139,0,1,198.65264951,yahoo_bootstrap
2023-06-06,248.46153259,249.23077393,241.53846741,246.15383911,1250158,0,1,197.41877741,yahoo_bootstrap
2023-06-07,246.15383911,249.23077393,245.38461304,249.23077393,1375595,0,1,199.88652161,yahoo_bootstrap
2023-06-08,249.23077393,250,244.61538696,248.46153259,1294806,0,1,199.26957944,yahoo_bootstrap
2023-06-09,250,250.76922607,248.46153259,249.23077393,1036476,0,1,199.88652161,yahoo_bootstrap
2023-06-12,252.30769348,258.46154785,252.30769348,258.46154785,3662278,0,1,207.28972974,yahoo_bootstrap
2023-06-13,263.07693481,264.61538696,255.38461304,256.92306519,3536387,0,1,206.0558454,yahoo_bootstrap
2023-06-14,256.15383911,256.15383911,249.23077393,253.07691956,2498687,0,1,202.97118351,yahoo_bootstrap
2023-06-15,253.84614563,258.46154785,253.84614563,258.46154785,1610189,0,1,207.28972974,yahoo_bootstrap
2023-06-16,253.07691956,254.61538696,245.38461304,246.15383911,5088713,0,1,197.41877741,yahoo_bootstrap
2023-06-19,246.15383911,248.46153259,241.53846741,246.92308044,1434895,0,1,198.03571957,yahoo_bootstrap
2023-06-20,246.92308044,247.69230652,242.30769348,242.30769348,1017039,0,1,194.33411551,yahoo_bootstrap
2023-06-21,243.84614563,243.84614563,236.15383911,237.69230652,1720004,0,1,190.63251145,yahoo_bootstrap
2023-06-26,235.38461304,236.15383911,228.46153259,230.76922607,2263750,0,1,185.08010534,yahoo_bootstrap
2023-06-27,220,223.07691956,216.92308044,216.92308044,1435077,13.076923,1,184.42611895,yahoo_bootstrap
2023-06-28,220,221.53846741,216.92308044,218.46153259,728743,0,1,185.7340976,yahoo_bootstrap
2023-06-29,220,222.30769348,216.92308044,217.69230652,1017908,0,1,185.08010828,yahoo_bootstrap
2023-06-30,218.46153259,220,216.15383911,220,917000,0,1,187.04208923,yahoo_bootstrap
2023-07-03,221.53846741,221.53846741,217.69230652,219.23077393,764263,0,1,186.38809991,yahoo_bootstrap
2023-07-04,219.23077393,222.30769348,217.69230652,220.76922607,1031492,0,1,187.69607856,yahoo_bootstrap
2023-07-05,220.76922607,222.30769348,219.23077393,220,723805,0,1,187.04208923,yahoo_bootstrap
2023-07-06,218.46153259,220.76922607,214.61538696,214.61538696,1082046,0,1,182.46413799,yahoo_bootstrap
2023-07-07,215.38461304,215.38461304,208.46153259,211.53846741,1019980,0,1,179.84816771,yahoo_bootstrap
2023-07-10,213.84614563,214.61538696,211.53846741,211.53846741,423832,0,1,179.84816771,yahoo_bootstrap
2023-07-11,213.84614563,213.84614563,210.76922607,213.07691956,433999,0,1,181.15614637,yahoo_bootstrap
2023-07-12,213.84614563,215.38461304,211.53846741,211.53846741,486385,0,1,179.84816771,yahoo_bootstrap
2023-07-13,213.07691956,216.15383911,211.53846741,211.53846741,929880,0,1,179.84816771,yahoo_bootstrap
2023-07-14,213.07691956,214.61538696,211.53846741,213.07691956,603259,0,1,181.15614637,yahoo_bootstrap
2023-07-17,213.07691956,216.15383911,210,210.76922607,987598,0,1,179.19416541,yahoo_bootstrap
2023-07-18,213.84614563,214.61538696,207.69230652,209.23077393,935533,0,1,177.88618676,yahoo_bootstrap
2023-07-19,211.53846741,216.92308044,210.76922607,212.30769348,1285388,0,1,180.50215704,yahoo_bootstrap
2023-07-20,214.61538696,216.92308044,213.84614563,216.15383911,836168,0,1,183.77211665,yahoo_bootstrap
2023-07-21,215.38461304,215.38461304,209.23077393,210.76922607,959105,0,1,179.19416541,yahoo_bootstrap
2023-07-24,211.53846741,211.53846741,200.76922607,201.53846741,1248576,0,1,171.34625457,yahoo_bootstrap
2023-07-25,201.53846741,208.46153259,200.76922607,206.15383911,1091604,0,1,175.2702035,yahoo_bootstrap
2023-07-26,207.69230652,208.46153259,202.30769348,204.61538696,705367,0,1,173.96222484,yahoo_bootstrap
2023-07-27,210.76922607,224.61538696,210,224.61538696,4710989,0,1,190.96605114,yahoo_bootstrap
2023-07-28,229.23077393,233.84614563,223.84614563,227.69230652,6976988,0,1,193.58202142,yahoo_bootstrap
2023-07-31,227.69230652,227.69230652,215.38461304,216.92308044,3635082,0,1,184.42611895,yahoo_bootstrap
2023-08-01,219.23077393,225.38461304,218.46153259,220.76922607,1864528,0,1,187.69607856,yahoo_bootstrap
2023-08-02,222.30769348,223.84614563,216.15383911,216.15383911,1468559,0,1,183.77211665,yahoo_bootstrap
2023-08-04,218.46153259,221.53846741,216.15383911,220,661167,0,1,187.04208923,yahoo_bootstrap
2023-08-07,222.30769348,222.30769348,216.15383911,219.23077393,984776,0,1,186.38809991,yahoo_bootstrap
2023-08-08,220.76922607,221.53846741,217.69230652,217.69230652,969910,0,1,185.08010828,yahoo_bootstrap
2023-08-09,217.69230652,217.69230652,210,213.07691956,1697946,0,1,181.15614637,yahoo_bootstrap
2023-08-10,213.07691956,213.07691956,203.07691956,203.84614563,1420376,0,1,173.30822255,yahoo_bootstrap
2023-08-11,204.61538696,208.46153259,204.61538696,204.61538696,719160,0,1,173.96222484,yahoo_bootstrap
2023-08-14,203.07691956,203.07691956,192.30769348,194.61538696,1725024,0,1,165.4603117,yahoo_bootstrap
2023-08-15,196.92308044,200.76922607,195.38461304,198.46153259,854784,0,1,168.73027131,yahoo_bootstrap
2023-08-16,196.15383911,197.69230652,193.07691956,196.15383911,595116,0,1,166.76829035,yahoo_bootstrap
2023-08-17,196.92308044,201.53846741,192.30769348,200.76922607,1089368,0,1,170.69225226,yahoo_bootstrap
2023-08-18,200,200.76922607,194.61538696,195.38461304,630274,0,1,166.11430103,yahoo_bootstrap
2023-08-21,196.15383911,201.53846741,196.15383911,200.76922607,595622,0,1,170.69225226,yahoo_bootstrap
2023-08-22,200.76922607,204.61538696,200.76922607,201.53846741,669164,0,1,171.34625457,yahoo_bootstrap
2023-08-23,200.76922607,203.84614563,200.76922607,203.07691956,737103,0,1,172.65423322,yahoo_bootstrap
2023-08-24,205.38461304,220,205.38461304,215.38461304,3218122,0,1,183.11812732,yahoo_bootstrap
2023-08-25,211.53846741,221.53846741,211.53846741,218.46153259,2129643,0,1,185.7340976,yahoo_bootstrap
2023-08-28,220,223.07691956,217.69230652,222.30769348,1975538,0,1,189.00407019,yahoo_bootstrap
2023-08-29,224.61538696,225.38461304,213.84614563,214.61538696,2050963,0,1,182.46413799,yahoo_bootstrap
2023-08-30,216.92308044,220,213.84614563,220,1325127,0,1,187.04208923,yahoo_bootstrap
2023-08-31,221.53846741,221.53846741,217.69230652,220.76922607,1097970,0,1,187.69607856,yahoo_bootstrap
2023-09-01,220.76922607,221.53846741,218.46153259,218.46153259,588405,0,1,185.7340976,yahoo_bootstrap
2023-09-04,219.23077393,221.53846741,215.38461304,220.76922607,1297286,0,1,187.69607856,yahoo_bootstrap
2023-09-05,224.61538696,242.30769348,224.61538696,242.30769348,9854573,0,1,206.00789648,yahoo_bootstrap
2023-09-06,243.07691956,254.61538696,240,240.76922607,13948756,0,1,204.69990485,yahoo_bootstrap
2023-09-07,240.76922607,240.76922607,240.76922607,240.76922607,0,3.5,0.65,207.71946907,yahoo_bootstrap
2023-09-08,240.76922607,240.76922607,240.76922607,240.76922607,0,0,1,207.71946907,yahoo_bootstrap
2023-09-11,240.76922607,240.76922607,240.76922607,240.76922607,0,0,1,207.71946907,yahoo_bootstrap
2023-09-12,240.76922607,240.76922607,240.76922607,240.76922607,0,0,1,207.71946907,yahoo_bootstrap
2023-09-13,240.76922607,240.76922607,240.76922607,240.76922607,0,0,1,207.71946907,yahoo_bootstrap
2023-09-14,240.76922607,240.76922607,240.76922607,240.76922607,0,0,1,207.71946907,yahoo_bootstrap
2023-09-15,240.76922607,240.76922607,240.76922607,240.76922607,0,0,1,207.71946907,yahoo_bootstrap
2023-09-18,258.5,258.5,258.5,258.5,2052304,0,1,223.01638641,yahoo_bootstrap
2023-09-19,258,262.5,237.5,250.5,11532944,0,1,216.11452532,yahoo_bootstrap
2023-09-20,256,266,250,251.5,8160026,0,1,216.97725795,yahoo_bootstrap
2023-09-21,248,262.5,247.5,255,6051146,0,1,219.99682218,yahoo_bootstrap
2023-09-22,255,255,244,253.5,3632825,0,1,218.70272323,yahoo_bootstrap
2023-09-25,257.5,257.5,249,257,2354502,0,1,221.72228745,yahoo_bootstrap
2023-09-26,257.5,271.5,257.5,264.5,8257518,0,1,228.19278222,yahoo_bootstrap
2023-09-27,266.5,276.5,266,274.5,8600688,0,1,236.82010858,yahoo_bootstrap
2023-09-28,280,281,271.5,277,4848326,0,1,238.97694017,yahoo_bootstrap
2023-10-02,279,281,274,280,3207340,0,1,241.56513808,yahoo_bootstrap
2023-10-03,283,292,279,280.5,5417451,0,1,241.9965044,yahoo_bootstrap
2023-10-04,274.5,280,269.5,278.5,3920107,0,1,240.27103913,yahoo_bootstrap
2023-10-05,280.5,281,272,272.5,2585082,0,1,235.09464331,yahoo_bootstrap
2023-10-06,273,276,268.5,275,2130795,0,1,237.2514749,yahoo_bootstrap
2023-10-11,277,278.5,263.5,266.5,2628214,0,1,229.91824749,yahoo_bootstrap
2023-10-12,266.5,269.5,263,269,1290836,0,1,232.07507908,yahoo_bootstrap
2023-10-13,268,271.5,267,269,798451,0,1,232.07507908,yahoo_bootstrap
2023-10-16,269,271,263,265.5,1111733,0,1,229.05551486,yahoo_bootstrap
2023-10-17,267.5,271.5,262,264.5,1475782,0,1,228.19278222,yahoo_bootstrap
2023-10-18,264.5,266,258,265.5,1796061,0,1,229.05551486,yahoo_bootstrap
2023-10-19,265,268,262.5,264,838699,0,1,227.7614159,yahoo_bootstrap
2023-10-20,263,267.5,260,266.5,799031,0,1,229.91824749,yahoo_bootstrap
2023-10-23,265,267,254.5,256,1373823,0,1,220.85955482,yahoo_bootstrap
2023-10-24,254.5,257.5,250.5,257,930648,0,1,221.72228745,yahoo_bootstrap
2023-10-25,258.5,261.5,257,258.5,531900,0,1,223.01638641,yahoo_bootstrap
2023-10-26,255,261,253,257,1075757,0,1,221.72228745,yahoo_bootstrap
2023-10-27,260,265.5,255.5,258,1256260,0,1,222.58502009,yahoo_bootstrap
2023-10-30,259,271,258.5,269.5,1963828,0,1,232.5064454,yahoo_bootstrap
2023-10-31,273,284,266,266.5,4025572,0,1,229.91824749,yahoo_bootstrap
2023-11-01,270.5,278.5,270,273.5,2663969,0,1,235.95737595,yahoo_bootstrap
2023-11-02,278,279.5,271,279,2726774,0,1,240.70240544,yahoo_bootstrap
2023-11-03,274,277,266.5,268.5,2712217,0,1,231.64371277,yahoo_bootstrap
2023-11-06,272,272,258.5,259,3367291,0,1,223.44775272,yahoo_bootstrap
2023-11-07,261,261,253,255,2579501,0,1,219.99682218,yahoo_bootstrap
2023-11-08,256,261.5,254,254.5,1749909,0,1,219.56545586,yahoo_bootstrap
2023-11-09,255,257,251,251,1301630,0,1,216.54589164,yahoo_bootstrap
2023-11-10,251,253,245,247,1395076,0,1,213.09496109,yahoo_bootstrap
2023-11-13,250,257,249,253,1635124,0,1,218.27135691,yahoo_bootstrap
2023-11-14,253,263,251.5,262.5,2415499,0,1,226.46731695,yahoo_bootstrap
2023-11-15,264.5,269.5,263,264.5,2972767,0,1,228.19278222,yahoo_bootstrap
2023-11-16,265,266.5,258,258,1371095,0,1,222.58502009,yahoo_bootstrap
2023-11-17,259,280,257,277,5689929,0,1,238.97694017,yahoo_bootstrap
2023-11-20,279,283,275.5,281,3927895,0,1,242.42787072,yahoo_bootstrap
2023-11-21,282.5,284.5,274,275.5,2136311,0,1,237.68284122,yahoo_bootstrap
2023-11-22,275.5,279,273.5,273.5,1317981,0,1,235.95737595,yahoo_bootstrap
2023-11-23,275,278,265,267,1949006,0,1,230.34961381,yahoo_bootstrap
2023-11-24,269.5,269.5,265.5,266.5,587999,0,1,229.91824749,yahoo_bootstrap
2023-11-27,269.5,277,267,275,2361698,0,1,237.2514749,yahoo_bootstrap
2023-11-28,274.5,274.5,266,271,2524940,0,1,233.80054436,yahoo_bootstrap
2023-11-29,273.5,281,272.5,277,3239720,0,1,238.97694017,yahoo_bootstrap
2023-11-30,281,302,280,282.5,10326602,0,1,243.72196967,yahoo_bootstrap
2023-12-01,281,293,280,289.5,5233035,0,1,249.76109812,yahoo_bootstrap
2023-12-04,295.5,299,286,291,6287583,0,1,251.05519708,yahoo_bootstrap
2023-12-05,285.5,289,281.5,284.5,3273430,0,1,245.44743494,yahoo_bootstrap
2023-12-06,289,289,282,285.5,1995320,0,1,246.31016758,yahoo_bootstrap
2023-12-07,289,291.5,283,285,2442493,0,1,245.87880126,yahoo_bootstrap
2023-12-08,290,290,280.5,281,2214623,0,1,242.42787072,yahoo_bootstrap
2023-12-11,283,283,276.5,278.5,1897346,0,1,240.27103913,yahoo_bootstrap
2023-12-12,278.5,281,268,269,3731869,0,1,232.07507908,yahoo_bootstrap
2023-12-13,270.5,271.5,261,261.5,3725737,0,1,225.60458431,yahoo_bootstrap
2023-12-14,263,263.5,258.5,259,3562402,0,1,223.44775272,yahoo_bootstrap
2023-12-15,261.5,265,255,256,3814060,0,1,220.85955482,yahoo_bootstrap
2023-12-18,257,259.5,252,259.5,2890711,0,1,223.87911904,yahoo_bootstrap
2023-12-19,258,260.5,253,255,2414455,0,1,219.99682218,yahoo_bootstrap
2023-12-20,257.5,258,253.5,254.5,2156461,0,1,219.56545586,yahoo_bootstrap
2023-12-21,252,258,250.5,255,2446163,0,1,219.99682218,yahoo_bootstrap
2023-12-22,256,264,254,262.5,2558182,0,1,226.46731695,yahoo_bootstrap
2023-12-25,265,267,260.5,260.5,1457385,0,1,224.74185168,yahoo_bootstrap
2023-12-26,263.5,266,262,262,1458978,0,1,226.03595063,yahoo_bootstrap
2023-12-27,263.5,267,261.5,266.5,1468074,0,1,229.91824749,yahoo_bootstrap
2023-12-28,266.5,267,258.5,259,2309539,0,1,223.44775272,yahoo_bootstrap
2023-12-29,259.5,261.5,256.5,257.5,958845,0,1,222.15365377,yahoo_bootstrap
2024-01-02,258,259,251.5,251.5,1384502,0,1,216.97725795,yahoo_bootstrap
2024-01-03,249,252.5,247,250,1081735,0,1,215.683159,yahoo_bootstrap
2024-01-04,249.5,251.5,241.5,243,2329770,0,1,209.64403055,yahoo_bootstrap
2024-01-05,244.5,246.5,243,244.5,1063750,0,1,210.9381295,yahoo_bootstrap
2024-01-08,246,248.5,238.5,239.5,1731325,0,1,206.62446632,yahoo_bootstrap
2024-01-09,242.5,242.5,238,238,931499,0,1,205.33036737,yahoo_bootstrap
2024-01-10,238,240,236,239,723560,0,1,206.1931,yahoo_bootstrap
2024-01-11,239.5,241,238,241,511643,0,1,207.91856528,yahoo_bootstrap
2024-01-12,240,241,238.5,238.5,608500,0,1,205.76173369,yahoo_bootstrap
2024-01-15,240,246,238.5,244,1156658,0,1,210.50676318,yahoo_bootstrap
2024-01-16,243,243,238,239.5,801122,0,1,206.62446632,yahoo_bootstrap
2024-01-17,240,242.5,236,237,858048,0,1,204.46763473,yahoo_bootstrap
2024-01-18,238.5,239,230,235.5,1153798,0,1,203.17353578,yahoo_bootstrap
2024-01-19,237,239.5,233.5,235.5,689531,0,1,203.17353578,yahoo_bootstrap
2024-01-22,237,245.5,235.5,244.5,1408244,0,1,210.9381295,yahoo_bootstrap
2024-01-23,244.5,244.5,238.5,239.5,1573925,0,1,206.62446632,yahoo_bootstrap
2024-01-24,240,241,238,238,678557,0,1,205.33036737,yahoo_bootstrap
2024-01-25,240.5,240.5,236.5,236.5,428803,0,1,204.03626841,yahoo_bootstrap
2024-01-26,237.5,237.5,234,235,577850,0,1,202.74216946,yahoo_bootstrap
2024-01-29,234,238,232.5,237.5,370491,0,1,204.89900105,yahoo_bootstrap
2024-01-30,238,238.5,235,236,467065,0,1,203.6049021,yahoo_bootstrap
2024-01-31,236.5,239,234.5,235,574246,0,1,202.74216946,yahoo_bootstrap
2024-02-01,235,235,232,232.5,559622,0,1,200.58533787,yahoo_bootstrap
2024-02-02,234.5,236.5,232.5,233,526450,0,1,201.01670419,yahoo_bootstrap
2024-02-05,237,240,229,229,2164439,0,1,197.56577364,yahoo_bootstrap
2024-02-15,230,234.5,225,233,1442804,0,1,201.01670419,yahoo_bootstrap
2024-02-16,234.5,236.5,232,235.5,686230,0,1,203.17353578,yahoo_bootstrap
2024-02-19,237,241,236,239,1172451,0,1,206.1931,yahoo_bootstrap
2024-02-20,241.5,262.5,241,262.5,10050540,0,1,226.46731695,yahoo_bootstrap
2024-02-21,263,263,252.5,254.5,7397748,0,1,219.56545586,yahoo_bootstrap
2024-02-22,255,255.5,248,251,3613518,0,1,216.54589164,yahoo_bootstrap
2024-02-23,254,254.5,245,245.5,2223243,0,1,211.80086214,yahoo_bootstrap
2024-02-26,245,250.5,245,245,1280626,0,1,211.36949582,yahoo_bootstrap
2024-02-27,247,250.5,242.5,245,1591374,0,1,211.36949582,yahoo_bootstrap
2024-02-29,244.5,244.5,239,241.5,1700668,0,1,208.34993159,yahoo_bootstrap
2024-03-01,242.5,246,242,243.5,1150769,0,1,210.07539687,yahoo_bootstrap
2024-03-04,248,252.5,245,245,2156513,0,1,211.36949582,yahoo_bootstrap
2024-03-05,241.5,243.5,239,242.5,1799974,0,1,209.21266423,yahoo_bootstrap
2024-03-06,241,242.5,237.5,237.5,1402661,0,1,204.89900105,yahoo_bootstrap
2024-03-07,238,238.5,230,230,2089588,0,1,198.42850628,yahoo_bootstrap
2024-03-08,230.5,237,230,236.5,1971200,0,1,204.03626841,yahoo_bootstrap
2024-03-11,240.5,258,240.5,251.5,7531855,0,1,216.97725795,yahoo_bootstrap
2024-03-12,255,264.5,249.5,250,8887420,0,1,215.683159,yahoo_bootstrap
2024-03-13,253,261,249.5,250,5578368,0,1,215.683159,yahoo_bootstrap
2024-03-14,252.5,261.5,242,254,6981472,0,1,219.13408954,yahoo_bootstrap
2024-03-15,254,263,252.5,262.5,8783441,0,1,226.46731695,yahoo_bootstrap
2024-03-18,264,272,260,261,11007582,0,1,225.173218,yahoo_bootstrap
2024-03-19,261.5,268,256,265,5302973,0,1,228.62414854,yahoo_bootstrap
2024-03-20,269,273,260,260,4420106,0,1,224.31048536,yahoo_bootstrap
2024-03-21,261,264.5,259.5,260.5,2081913,0,1,224.74185168,yahoo_bootstrap
2024-03-22,262,266,258.5,260,2132234,0,1,224.31048536,yahoo_bootstrap
2024-03-25,263,266,257,258,2847272,0,1,222.58502009,yahoo_bootstrap
2024-03-26,261.5,271.5,260,264,8691809,0,1,227.7614159,yahoo_bootstrap
2024-03-27,266.5,284,266.5,283,12835390,0,1,244.15333599,yahoo_bootstrap
2024-03-28,279,281.5,270,270,6444089,0,1,232.93781172,yahoo_bootstrap
2024-03-29,271,274,265,270.5,2568000,0,1,233.36917804,yahoo_bootstrap
2024-04-01,272,280,270,276.5,3171184,0,1,238.54557385,yahoo_bootstrap
2024-04-02,278,280.5,273,277.5,2484428,0,1,239.40830649,yahoo_bootstrap
2024-04-03,280,281.5,268.5,268.5,4958948,0,1,231.64371277,yahoo_bootstrap
2024-04-08,269.5,270.5,261.5,266.5,3111240,0,1,229.91824749,yahoo_bootstrap
2024-04-09,267,268.5,260.5,260.5,2549469,0,1,224.74185168,yahoo_bootstrap
2024-04-10,260.5,263,253.5,253.5,2881090,0,1,218.70272323,yahoo_bootstrap
2024-04-11,253.5,256.5,252,253.5,2209335,0,1,218.70272323,yahoo_bootstrap
2024-04-12,255,260,253.5,259,2218839,0,1,223.44775272,yahoo_bootstrap
2024-04-15,257,262.5,250.5,261.5,2832860,0,1,225.60458431,yahoo_bootstrap
2024-04-16,256,258.5,251.5,253.5,2126932,0,1,218.70272323,yahoo_bootstrap
2024-04-17,255.5,261,251,251.5,2091765,0,1,216.97725795,yahoo_bootstrap
2024-04-18,248.5,249,242,244,2922896,0,1,210.50676318,yahoo_bootstrap
2024-04-19,242,244,228,231.5,3388848,0,1,199.72260523,yahoo_bootstrap
2024-04-22,230.5,231.5,222.5,222.5,2034359,0,1,191.95801151,yahoo_bootstrap
2024-04-23,225,237.5,225,236.5,1690436,0,1,204.03626841,yahoo_bootstrap
2024-04-24,239.5,243.5,238.5,242,1799895,0,1,208.78129791,yahoo_bootstrap
2024-04-25,237.5,242,237,239,597522,0,1,206.1931,yahoo_bootstrap
2024-04-26,242,242,238.5,240,849975,0,1,207.05583264,yahoo_bootstrap
2024-04-29,242,250.5,241,248.5,1812282,0,1,214.38906005,yahoo_bootstrap
2024-04-30,248.5,249.5,245.5,246,1000900,0,1,212.23222846,yahoo_bootstrap
2024-05-02,245,258,242,250,2460966,0,1,215.683159,yahoo_bootstrap
2024-05-03,255,268,254,260,5739272,0,1,224.31048536,yahoo_bootstrap
2024-05-06,268,278,265.5,274.5,7701230,0,1,236.82010858,yahoo_bootstrap
2024-05-07,278,279.5,269.5,272.5,4066305,0,1,235.09464331,yahoo_bootstrap
2024-05-08,272,273.5,266,272.5,2270316,0,1,235.09464331,yahoo_bootstrap
2024-05-09,271.5,274.5,266,267,1407498,0,1,230.34961381,yahoo_bootstrap
2024-05-10,268,269,262.5,267,1715908,0,1,230.34961381,yahoo_bootstrap
2024-05-13,270,270,243.5,244,4524728,0,1,210.50676318,yahoo_bootstrap
2024-05-14,244,263,244,261,3218906,0,1,225.173218,yahoo_bootstrap
2024-05-15,261,268,260,261,2112736,0,1,225.173218,yahoo_bootstrap
2024-05-16,265,266.5,261.5,265,1531536,0,1,228.62414854,yahoo_bootstrap
2024-05-17,266.5,269,262,268.5,2108778,0,1,231.64371277,yahoo_bootstrap
2024-05-20,270,271.5,263.5,270.5,2828547,0,1,233.36917804,yahoo_bootstrap
2024-05-21,269,269.5,264,264,1981128,0,1,227.7614159,yahoo_bootstrap
2024-05-22,264,265.5,255.5,256,2337262,0,1,220.85955482,yahoo_bootstrap
2024-05-23,254.5,257.5,252,253.5,1725335,0,1,218.70272323,yahoo_bootstrap
2024-05-24,250.5,256,250,255,754868,0,1,219.99682218,yahoo_bootstrap
2024-05-27,256.5,258.5,254.5,254.5,724750,0,1,219.56545586,yahoo_bootstrap
2024-05-28,257.5,267.5,256,266.5,2477449,0,1,229.91824749,yahoo_bootstrap
2024-05-29,262.5,264.5,258,258.5,2088829,0,1,223.01638641,yahoo_bootstrap
2024-05-30,256,256.5,253,255,1302439,0,1,219.99682218,yahoo_bootstrap
2024-05-31,258,261.5,253,253.5,1569334,0,1,218.70272323,yahoo_bootstrap
2024-06-03,256.5,259,253.5,254.5,1014790,0,1,219.56545586,yahoo_bootstrap
2024-06-04,254.5,258.5,253,255,637700,0,1,219.99682218,yahoo_bootstrap
2024-06-05,260,266.5,258,261.5,2693889,0,1,225.60458431,yahoo_bootstrap
2024-06-06,264,264.5,251.5,253.5,3593460,0,1,218.70272323,yahoo_bootstrap
2024-06-07,254.5,260.5,254,258,1487813,0,1,222.58502009,yahoo_bootstrap
2024-06-11,259.5,266,257,266,2440190,0,1,229.48688118,yahoo_bootstrap
2024-06-12,268.5,272,266.5,270,2237319,0,1,232.93781172,yahoo_bootstrap
2024-06-13,273,277,269.5,276,3148804,0,1,238.11420754,yahoo_bootstrap
2024-06-14,275,277,269,270,1704438,0,1,232.93781172,yahoo_bootstrap
2024-06-17,271.5,284,271,282,4410393,0,1,243.29060335,yahoo_bootstrap
2024-06-18,282,294,278.5,280.5,5678776,0,1,241.9965044,yahoo_bootstrap
2024-06-19,280.5,284.5,276,280.5,2268355,0,1,241.9965044,yahoo_bootstrap
2024-06-20,280,285,278,285,1798478,0,1,245.87880126,yahoo_bootstrap
2024-06-21,283.5,284.5,278.5,284.5,1864129,0,1,245.44743494,yahoo_bootstrap
2024-06-24,282.5,282.5,273,273,1447407,0,1,235.52600963,yahoo_bootstrap
2024-06-25,274.5,275,265.5,271,1130065,0,1,233.80054436,yahoo_bootstrap
2024-06-26,271.5,278,271.5,278,2029369,0,1,239.83967281,yahoo_bootstrap
2024-06-27,268,280,268,268,2167263,10.64,1,240.4137953,yahoo_bootstrap
2024-06-28,271.5,279.5,269,271.5,3442781,0,1,243.55352771,yahoo_bootstrap
2024-07-01,270.5,275.5,266,266,2989991,0,1,238.6196625,yahoo_bootstrap
2024-07-02,267,282,263,282,5907753,0,1,252.97272491,yahoo_bootstrap
2024-07-03,286,293.5,275.5,276,6538399,0,1,247.59032651,yahoo_bootstrap
2024-07-04,276.5,281,272.5,277.5,2893151,0,1,248.93592611,yahoo_bootstrap
2024-07-05,277.5,278.5,267,267,3427134,0,1,239.5167289,yahoo_bootstrap
2024-07-08,269.5,269.5,258,258,3099797,0,1,231.4431313,yahoo_bootstrap
2024-07-09,258,262.5,256,258,1804092,0,1,231.4431313,yahoo_bootstrap
2024-07-10,260.5,262,257.5,258,1146320,0,1,231.4431313,yahoo_bootstrap
2024-07-11,261,264,260,262.5,1126623,0,1,235.4799301,yahoo_bootstrap
2024-07-12,261.5,262,258.5,262,852923,0,1,235.0313969,yahoo_bootstrap
2024-07-15,262,262,258,261.5,570578,0,1,234.5828637,yahoo_bootstrap
2024-07-16,260.5,264.5,260.5,263.5,767941,0,1,236.3769965,yahoo_bootstrap
2024-07-17,264,271.5,262,270,1948979,0,1,242.2079281,yahoo_bootstrap
2024-07-18,267,267,257.5,266.5,2352117,0,1,239.0681957,yahoo_bootstrap
2024-07-19,265.5,266,256,256.5,1753027,0,1,230.0975317,yahoo_bootstrap
2024-07-22,258,258,246,252,1084352,0,1,226.0607329,yahoo_bootstrap
2024-07-23,256.5,257.5,250,251.5,1108286,0,1,225.6121997,yahoo_bootstrap
2024-07-26,247.5,255,245,254,1551635,0,1,227.8548657,yahoo_bootstrap
2024-07-29,257,257,249.5,249.5,958500,0,1,223.8180669,yahoo_bootstrap
2024-07-30,249,254.5,245.5,254.5,592757,0,1,228.3033989,yahoo_bootstrap
2024-07-31,252,261,251.5,261,871793,0,1,234.1343305,yahoo_bootstrap
2024-08-01,263,265,258,264.5,1079503,0,1,237.2740629,yahoo_bootstrap
2024-08-02,259.5,265.5,256,258.5,1220240,0,1,231.8916645,yahoo_bootstrap
2024-08-05,254,254,233,233,1865859,0,1,209.01647129,yahoo_bootstrap
2024-08-06,237,239,223,237,1248051,0,1,212.60473689,yahoo_bootstrap
2024-08-07,237,251,237,248.5,952114,0,1,222.9210005,yahoo_bootstrap
2024-08-08,245,247.5,234,235,1568828,0,1,210.81060409,yahoo_bootstrap
2024-08-09,241.5,243.5,237.5,238.5,1158289,0,1,213.95033649,yahoo_bootstrap
2024-08-12,243,253.5,242,253,1398126,0,1,226.9577993,yahoo_bootstrap
2024-08-13,254.5,257,246.5,249.5,883832,0,1,223.8180669,yahoo_bootstrap
2024-08-14,253,260,253,257,1499119,0,1,230.5460649,yahoo_bootstrap
2024-08-15,258,260.5,255.5,258.5,723002,0,1,231.8916645,yahoo_bootstrap
2024-08-16,262.5,262.5,256,259.5,1090339,0,1,232.7887309,yahoo_bootstrap
2024-08-19,259.5,265,257,264.5,1457028,0,1,237.2740629,yahoo_bootstrap
2024-08-20,266,268,264,265.5,1182955,0,1,238.1711293,yahoo_bootstrap
2024-08-21,267,267,262.5,263.5,561880,0,1,236.3769965,yahoo_bootstrap
2024-08-22,264,267.5,262.5,266.5,1005902,0,1,239.0681957,yahoo_bootstrap
2024-08-23,264,264,259,262.5,830274,0,1,235.4799301,yahoo_bootstrap
2024-08-26,264,266.5,261.5,262,480457,0,1,235.0313969,yahoo_bootstrap
2024-08-27,263,263,260,263,407237,0,1,235.9284633,yahoo_bootstrap
2024-08-28,262.5,264,261,263,351410,0,1,235.9284633,yahoo_bootstrap
2024-08-29,261,267,259.5,266.5,748707,0,1,239.0681957,yahoo_bootstrap
2024-08-30,269,269,264,267.5,578369,0,1,239.9652621,yahoo_bootstrap
2024-09-02,268,270,263.5,265,440973,0,1,237.7225961,yahoo_bootstrap
2024-09-03,265.5,266,261.5,261.5,363663,0,1,234.5828637,yahoo_bootstrap
2024-09-04,256,256.5,248,251.5,932948,0,1,225.6121997,yahoo_bootstrap
2024-09-05,256.5,256.5,248,249,495671,0,1,223.3695337,yahoo_bootstrap
2024-09-06,250.5,252,246.5,250,323704,0,1,224.2666001,yahoo_bootstrap
2024-09-09,248,251.5,248,250.5,382902,0,1,224.7151333,yahoo_bootstrap
2024-09-10,253,253.5,241,241.5,971941,0,1,216.64153569,yahoo_bootstrap
2024-09-11,243,244.5,239.5,241,551143,0,1,216.19300249,yahoo_bootstrap
2024-09-12,245,247.5,243.5,246.5,574801,0,1,221.1268677,yahoo_bootstrap
2024-09-13,247.5,255.5,246,254,892656,0,1,227.8548657,yahoo_bootstrap
2024-09-16,256.5,261,252.5,258.5,929702,0,1,231.8916645,yahoo_bootstrap
2024-09-18,259.5,259.5,250,250,1487874,0,1,224.2666001,yahoo_bootstrap
2024-09-19,252.5,258,251.5,255,929763,0,1,228.7519321,yahoo_bootstrap
2024-09-20,259,267.5,258.5,262,2136390,0,1,235.0313969,yahoo_bootstrap
2024-09-23,265,271.5,262,270.5,1896510,0,1,242.65646131,yahoo_bootstrap
2024-09-24,270.5,270.5,266.5,269.5,1083665,0,1,241.7593949,yahoo_bootstrap
2024-09-25,272,273,268.5,271,1481582,0,1,243.10499451,yahoo_bootstrap
2024-09-26,275,277.5,266.5,266.5,1373529,0,1,239.0681957,yahoo_bootstrap
2024-09-27,266.5,269,265,269,923795,0,1,241.3108617,yahoo_bootstrap
2024-09-30,268.5,271,265.5,266.5,478500,0,1,239.0681957,yahoo_bootstrap
2024-10-01,268,268,264.5,266.5,475200,0,1,239.0681957,yahoo_bootstrap
2024-10-04,268,274.5,266.5,268,1231241,0,1,240.4137953,yahoo_bootstrap
2024-10-07,270,285,270,278,3104566,0,1,249.38445931,yahoo_bootstrap
2024-10-08,280,280,271.5,275,1026452,0,1,246.69326011,yahoo_bootstrap
2024-10-09,277,282,269,269,1479553,0,1,241.3108617,yahoo_bootstrap
2024-10-11,275,275.5,268,272.5,856804,0,1,244.45059411,yahoo_bootstrap
2024-10-14,275,275,268.5,272,561194,0,1,244.00206091,yahoo_bootstrap
2024-10-15,272,277,270,277,1101207,0,1,248.48739291,yahoo_bootstrap
2024-10-16,274,275,272,273,736672,0,1,244.89912731,yahoo_bootstrap
2024-10-17,273.5,284,273.5,277,1629229,0,1,248.48739291,yahoo_bootstrap
2024-10-18,279,279.5,272,272.5,743846,0,1,244.45059411,yahoo_bootstrap
2024-10-21,274,284.5,273,280,2095305,0,1,251.17859211,yahoo_bootstrap
2024-10-22,278.5,285,278.5,280,1048454,0,1,251.17859211,yahoo_bootstrap
2024-10-23,280,290,279.5,282,2394254,0,1,252.97272491,yahoo_bootstrap
2024-10-24,282,282,273.5,275,1115307,0,1,246.69326011,yahoo_bootstrap
2024-10-25,276,282,275,275,700062,0,1,246.69326011,yahoo_bootstrap
2024-10-28,277,278.5,270.5,275,651665,0,1,246.69326011,yahoo_bootstrap
2024-10-29,268.5,268.5,247.5,248.5,4359390,0,1,222.9210005,yahoo_bootstrap
2024-10-30,251,255.5,247.5,247.5,1567310,0,1,222.0239341,yahoo_bootstrap
2024-11-01,245.5,246,239.5,245,1444200,0,1,219.7812681,yahoo_bootstrap
2024-11-04,245,245.5,238.5,239.5,1331978,0,1,214.84740289,yahoo_bootstrap
2024-11-05,239,248.5,239,246.5,1363067,0,1,221.1268677,yahoo_bootstrap
2024-11-06,248,248,243.5,246,631450,0,1,220.6783345,yahoo_bootstrap
2024-11-07,246,250,246,249.5,564443,0,1,223.8180669,yahoo_bootstrap
2024-11-08,250,252.5,244.5,249,956334,0,1,223.3695337,yahoo_bootstrap
2024-11-11,249,249,244,247.5,425660,0,1,222.0239341,yahoo_bootstrap
2024-11-12,246,247.5,241.5,241.5,635650,0,1,216.64153569,yahoo_bootstrap
2024-11-13,242,246,241,246,560345,0,1,220.6783345,yahoo_bootstrap
2024-11-14,244.5,246.5,239.5,246.5,1045831,0,1,221.1268677,yahoo_bootstrap
2024-11-15,246,246.5,240.5,240.5,782293,0,1,215.74446929,yahoo_bootstrap
2024-11-18,242.5,242.5,238.5,239.5,464108,0,1,214.84740289,yahoo_bootstrap
2024-11-19,244.5,244.5,240,242.5,445656,0,1,217.53860209,yahoo_bootstrap
2024-11-20,241,241,241,241,348230,0,1,216.19300249,yahoo_bootstrap
2024-11-21,241,244,237,240.5,875067,0,1,215.74446929,yahoo_bootstrap
2024-11-22,242,244,240,240,666378,0,1,215.29593609,yahoo_bootstrap
2024-11-25,242.5,244,241,241,610300,0,1,216.19300249,yahoo_bootstrap
2024-11-26,241.5,245,239.5,241.5,349483,0,1,216.64153569,yahoo_bootstrap
2024-11-27,242,242,233.5,233.5,1163425,0,1,209.46500449,yahoo_bootstrap
2024-11-28,233.5,235,227,234,673787,0,1,209.91353769,yahoo_bootstrap
2024-11-29,232.5,240,231,240,493697,0,1,215.29593609,yahoo_bootstrap
2024-12-02,241.5,242,234.5,234.5,739004,0,1,210.36207089,yahoo_bootstrap
2024-12-03,237,240.5,235,237.5,448240,0,1,213.05327009,yahoo_bootstrap
2024-12-04,240,242.5,238.5,241,746760,0,1,216.19300249,yahoo_bootstrap
2024-12-05,242.5,243.5,240,240.5,696010,0,1,215.74446929,yahoo_bootstrap
2024-12-06,241,244.5,241,241.5,727716,0,1,216.64153569,yahoo_bootstrap
2024-12-09,243.5,243.5,239.5,240.5,459993,0,1,215.74446929,yahoo_bootstrap
2024-12-10,242.5,242.5,237.5,237.5,402653,0,1,213.05327009,yahoo_bootstrap
2024-12-11,236.5,238.5,236,236,360805,0,1,211.70767049,yahoo_bootstrap
2024-12-12,237.5,239.5,236.5,236.5,255058,0,1,212.15620369,yahoo_bootstrap
2024-12-13,235.5,237,231.5,232,444687,0,1,208.11940489,yahoo_bootstrap
2024-12-16,232,234,228,228,417055,0,1,204.53113929,yahoo_bootstrap
2024-12-17,228.5,233,228.5,229.5,459767,0,1,205.87673889,yahoo_bootstrap
2024-12-18,228,234.5,228,233.5,354556,0,1,209.46500449,yahoo_bootstrap
2024-12-19,230,233.5,230,231.5,204565,0,1,207.67087169,yahoo_bootstrap
2024-12-20,231.5,234,229.5,230,282880,0,1,206.32527209,yahoo_bootstrap
2024-12-23,232.5,234,231,233,235906,0,1,209.01647129,yahoo_bootstrap
2024-12-24,236,238,235,236,354835,0,1,211.70767049,yahoo_bootstrap
2024-12-25,238.5,239,236.5,238,254401,0,1,213.50180329,yahoo_bootstrap
2024-12-26,238.5,239.5,237,238,203648,0,1,213.50180329,yahoo_bootstrap
2024-12-27,238.5,244,237.5,237.5,600021,0,1,213.05327009,yahoo_bootstrap
2024-12-30,237.5,238,233,233,287299,0,1,209.01647129,yahoo_bootstrap
2024-12-31,233.5,234.5,230.5,232.5,231352,0,1,208.56793809,yahoo_bootstrap
2025-01-02,231.5,234.5,230.5,230.5,230663,0,1,206.77380529,yahoo_bootstrap
2025-01-03,232,233.5,228.5,228.5,322457,0,1,204.97967249,yahoo_bootstrap
2025-01-06,232,235,232,232.5,329742,0,1,208.56793809,yahoo_bootstrap
2025-01-07,234,235.5,233.5,233.5,318364,0,1,209.46500449,yahoo_bootstrap
2025-01-08,231.5,237,231.5,234,333305,0,1,209.91353769,yahoo_bootstrap
2025-01-09,234,235.5,227.5,228,451227,0,1,204.53113929,yahoo_bootstrap
2025-01-10,228.5,231,226,226.5,359305,0,1,203.18553969,yahoo_bootstrap
2025-01-13,225.5,225.5,218,220,597150,0,1,197.35460809,yahoo_bootstrap
2025-01-14,220.5,224,220,223.5,353150,0,1,200.49434049,yahoo_bootstrap
2025-01-15,223,224.5,221,221.5,122313,0,1,198.70020769,yahoo_bootstrap
2025-01-16,225.5,227,223.5,224,298972,0,1,200.94287369,yahoo_bootstrap
2025-01-17,224,225.5,221,222.5,175500,0,1,199.59727409,yahoo_bootstrap
2025-01-20,222.5,226.5,222.5,226,114154,0,1,202.73700649,yahoo_bootstrap
2025-01-21,226,227.5,225.5,226,125253,0,1,202.73700649,yahoo_bootstrap
2025-01-22,228,228,226,227,204529,0,1,203.63407289,yahoo_bootstrap
2025-02-03,223,226,220.5,224,269104,0,1,200.94287369,yahoo_bootstrap
2025-02-04,226,227.5,225.5,226,189358,0,1,202.73700649,yahoo_bootstrap
2025-02-05,228,231,228,229.5,287150,0,1,205.87673889,yahoo_bootstrap
2025-02-06,231.5,234.5,231,231,303808,0,1,207.22233849,yahoo_bootstrap
2025-02-07,231,233,231,231,314396,0,1,207.22233849,yahoo_bootstrap
2025-02-10,233,234.5,230.5,233,405711,0,1,209.01647129,yahoo_bootstrap
2025-02-11,235,235,229.5,229.5,317783,0,1,205.87673889,yahoo_bootstrap
2025-02-12,229.5,231.5,229,229,165359,0,1,205.42820569,yahoo_bootstrap
2025-02-13,230.5,235.5,230.5,233,574108,0,1,209.01647129,yahoo_bootstrap
2025-02-14,232.5,235,232.5,233,273762,0,1,209.01647129,yahoo_bootstrap
2025-02-17,233,236,231,233,429127,0,1,209.01647129,yahoo_bootstrap
2025-02-18,232.5,236,232.5,233,420035,0,1,209.01647129,yahoo_bootstrap
2025-02-19,235.5,241,235,235,1002652,0,1,210.81060409,yahoo_bootstrap
2025-02-20,235,237,235,235,386697,0,1,210.81060409,yahoo_bootstrap
2025-02-21,235,237,234.5,236,322467,0,1,211.70767049,yahoo_bootstrap
2025-02-24,235,237.5,234,236,239359,0,1,211.70767049,yahoo_bootstrap
2025-02-25,235,236,234,235,279700,0,1,210.81060409,yahoo_bootstrap
2025-02-26,235,236,233.5,234,304650,0,1,209.91353769,yahoo_bootstrap
2025-02-27,234,236.5,232,235,499614,0,1,210.81060409,yahoo_bootstrap
2025-03-03,232,233,228.5,230.5,517582,0,1,206.77380529,yahoo_bootstrap
2025-03-04,228,230.5,225,229,387469,0,1,205.42820569,yahoo_bootstrap
2025-03-05,234,235,232,233,481210,0,1,209.01647129,yahoo_bootstrap
2025-03-06,235,236.5,233,233,498620,0,1,209.01647129,yahoo_bootstrap
2025-03-07,231.5,233,227.5,227.5,527520,0,1,204.08260609,yahoo_bootstrap
2025-03-10,228,228.5,225,225,311494,0,1,201.83994009,yahoo_bootstrap
2025-03-11,221,222,218,221.5,416730,0,1,198.70020769,yahoo_bootstrap
2025-03-12,221.5,226.5,221.5,223.5,254052,0,1,200.49434049,yahoo_bootstrap
2025-03-13,226,227.5,220,220,264501,0,1,197.35460809,yahoo_bootstrap
2025-03-14,221.5,222,220,220.5,177628,0,1,197.80314129,yahoo_bootstrap
2025-03-17,221.5,223,220,220,169950,0,1,197.35460809,yahoo_bootstrap
2025-03-18,221,224,220.5,220.5,183432,0,1,197.80314129,yahoo_bootstrap
2025-03-19,221,224.5,218.5,218.5,308650,0,1,196.00900848,yahoo_bootstrap
2025-03-20,220,222.5,220,222,198047,0,1,199.14874089,yahoo_bootstrap
2025-03-21,222.5,222.5,219.5,219.5,235231,0,1,196.90607489,yahoo_bootstrap
2025-03-24,220,220,215.5,215.5,441208,0,1,193.31780928,yahoo_bootstrap
2025-03-25,217,217.5,213.5,213.5,275851,0,1,191.52367648,yahoo_bootstrap
2025-03-26,213.5,215.5,212.5,214.5,187939,0,1,192.42074288,yahoo_bootstrap
2025-03-27,214,214,209.5,210,352252,0,1,188.38394408,yahoo_bootstrap
2025-03-28,209,209,200,203,683968,0,1,182.10447928,yahoo_bootstrap
2025-03-31,195.5,196,193.5,194,620863,0,1,174.03088168,yahoo_bootstrap
2025-04-01,198.5,212.5,198.5,210.5,1175646,0,1,188.83247728,yahoo_bootstrap
2025-04-02,210.5,214,208,214,460153,0,1,191.97220968,yahoo_bootstrap
2025-04-07,193,193,193,193,158375,0,1,173.13381527,yahoo_bootstrap
2025-04-08,185.5,193,185.5,192,1339314,0,1,172.23674887,yahoo_bootstrap
2025-04-09,193,193,173,174.5,1456259,0,1,156.53808687,yahoo_bootstrap
2025-04-10,191.5,191.5,190,191.5,286954,0,1,171.78821567,yahoo_bootstrap
2025-04-11,186,194,182,194,878739,0,1,174.03088168,yahoo_bootstrap
2025-04-14,197,202.5,194,196.5,732064,0,1,176.27354768,yahoo_bootstrap
2025-04-15,198,203,198,201.5,391871,0,1,180.75887968,yahoo_bootstrap
2025-04-16,199,203,198,198,345231,0,1,177.61914728,yahoo_bootstrap
2025-04-17,196.5,206.5,195,206,847634,0,1,184.79567848,yahoo_bootstrap
2025-04-18,205,209.5,200,206,960798,0,1,184.79567848,yahoo_bootstrap
2025-04-21,204,205,197,197.5,736807,0,1,177.17061408,yahoo_bootstrap
2025-04-22,196,200,195,196.5,458151,0,1,176.27354768,yahoo_bootstrap
2025-04-23,201.5,202,197.5,200.5,690489,0,1,179.86181328,yahoo_bootstrap
2025-04-24,200.5,205,200,203.5,543893,0,1,182.55301248,yahoo_bootstrap
2025-04-25,207.5,211.5,205,205.5,606505,0,1,184.34714528,yahoo_bootstrap
2025-04-28,206,211.5,205,211.5,641613,0,1,189.72954368,yahoo_bootstrap
2025-04-29,209.5,214,209,214,504099,0,1,191.97220968,yahoo_bootstrap
2025-04-30,217,219.5,216,219.5,909649,0,1,196.90607489,yahoo_bootstrap
2025-05-02,219,220,217.5,219.5,694089,0,1,196.90607489,yahoo_bootstrap
2025-05-05,219.5,220,211,215,533354,0,1,192.86927608,yahoo_bootstrap
2025-05-06,213,215.5,213,213,465101,0,1,191.07514328,yahoo_bootstrap
2025-05-07,213,214.5,211,211.5,274417,0,1,189.72954368,yahoo_bootstrap
2025-05-08,213,217.5,213,217.5,403456,0,1,195.11194208,yahoo_bootstrap
2025-05-09,216.5,219.5,215.5,219,494806,0,1,196.45754169,yahoo_bootstrap
2025-05-12,221,224,220,224,615719,0,1,200.94287369,yahoo_bootstrap
2025-05-13,225.5,227.5,221.5,221.5,690704,0,1,198.70020769,yahoo_bootstrap
2025-05-14,223.5,226.5,222.5,226,782174,0,1,202.73700649,yahoo_bootstrap
2025-05-15,226,230,225.5,230,643674,0,1,206.32527209,yahoo_bootstrap
2025-05-16,228.5,228.5,217,217.5,2494452,0,1,195.11194208,yahoo_bootstrap
2025-05-19,217,217.5,213.5,214,847557,0,1,191.97220968,yahoo_bootstrap
2025-05-20,216,218,215.5,215.5,410482,0,1,193.31780928,yahoo_bootstrap
2025-05-21,215.5,217.5,215,217,388369,0,1,194.66340888,yahoo_bootstrap
2025-05-22,215.5,218,214.5,216,426231,0,1,193.76634248,yahoo_bootstrap
2025-05-23,215.5,218,215.5,215.5,299400,0,1,193.31780928,yahoo_bootstrap
2025-05-26,215,216.5,214,214,302252,0,1,191.97220968,yahoo_bootstrap
2025-05-27,216.5,217,214,214,337025,0,1,191.97220968,yahoo_bootstrap
2025-05-28,216.5,216.5,211,211,285798,0,1,189.28101048,yahoo_bootstrap
2025-05-29,214,217,211,215,459166,0,1,192.86927608,yahoo_bootstrap
2025-06-02,215,216,208.5,208.5,621257,0,1,187.03834448,yahoo_bootstrap
2025-06-03,210,212.5,209,209,374070,0,1,187.48687768,yahoo_bootstrap
2025-06-04,211,216,211,215.5,396400,0,1,193.31780928,yahoo_bootstrap
2025-06-05,216,216.5,213.5,213.5,203550,0,1,191.52367648,yahoo_bootstrap
2025-06-06,214.5,216,212,212.5,291920,0,1,190.62661008,yahoo_bootstrap
2025-06-09,215,216,209.5,211,404736,0,1,189.28101048,yahoo_bootstrap
2025-06-10,213,215,211,215,317705,0,1,192.86927608,yahoo_bootstrap
2025-06-11,216.5,218,215,217.5,298405,0,1,195.11194208,yahoo_bootstrap
2025-06-12,218,220,216,216.5,280177,0,1,194.21487568,yahoo_bootstrap
2025-06-13,214.5,215.5,212.5,214,283469,0,1,191.97220968,yahoo_bootstrap
2025-06-16,213,214,211,214,330948,0,1,191.97220968,yahoo_bootstrap
2025-06-17,215.5,217.5,213,214.5,317204,0,1,192.42074288,yahoo_bootstrap
2025-06-18,214.5,217.5,213.5,214.5,390100,0,1,192.42074288,yahoo_bootstrap
2025-06-19,214,215,211,211,264897,0,1,189.28101048,yahoo_bootstrap
2025-06-20,210.5,211.5,203.5,203.5,1513449,0,1,182.55301248,yahoo_bootstrap
2025-06-23,202.5,206.5,201,205.5,804000,0,1,184.34714528,yahoo_bootstrap
2025-06-24,209.5,213,208,209,791785,0,1,187.48687768,yahoo_bootstrap
2025-06-25,209.5,212,209,210,578267,0,1,188.38394408,yahoo_bootstrap
2025-06-26,214.5,217.5,212.5,214,1101544,0,1,191.97220968,yahoo_bootstrap
2025-06-27,216.5,228.5,214.5,226.5,2683435,0,1,203.18553969,yahoo_bootstrap
2025-06-30,230.5,230.5,218.5,218.5,1797295,0,1,196.00900848,yahoo_bootstrap
2025-07-01,203.5,207,196.5,196.5,4165942,12.87,1,187.30618182,yahoo_bootstrap
2025-07-02,195.5,200.5,195.5,199,621030,0,1,189.68921212,yahoo_bootstrap
2025-07-03,195.5,198,193.5,196.5,1497372,0,1,187.30618182,yahoo_bootstrap
2025-07-04,196.5,196.5,187,187,1622408,0,1,178.25066667,yahoo_bootstrap
2025-07-07,186.5,188,184.5,186,884650,0,1,177.29745455,yahoo_bootstrap
2025-07-08,185,186,181,183,665857,0,1,174.43781818,yahoo_bootstrap
2025-07-09,182.5,191,182.5,191,929951,0,1,182.06351515,yahoo_bootstrap
2025-07-10,191,191,186,187,376400,0,1,178.25066667,yahoo_bootstrap
2025-07-11,187,189,186.5,188.5,565150,0,1,179.68048485,yahoo_bootstrap
2025-07-14,188,188,185,185,359968,0,1,176.34424242,yahoo_bootstrap
2025-07-15,185,186.5,184,186.5,502010,0,1,177.77406061,yahoo_bootstrap
2025-07-16,187.5,189,186,187.5,330695,0,1,178.72727273,yahoo_bootstrap
2025-07-17,187,191,187,190.5,502217,0,1,181.58690909,yahoo_bootstrap
2025-07-18,191,191.5,187,187.5,358015,0,1,178.72727273,yahoo_bootstrap
2025-07-21,187.5,188,186,186.5,354982,0,1,177.77406061,yahoo_bootstrap
2025-07-22,186.5,187,182,182,415653,0,1,173.48460606,yahoo_bootstrap
2025-07-23,184.5,186.5,183.5,186.5,726849,0,1,177.77406061,yahoo_bootstrap
2025-07-24,187.5,187.5,184.5,186,368898,0,1,177.29745455,yahoo_bootstrap
2025-07-25,185,186.5,184,184.5,399468,0,1,175.86763636,yahoo_bootstrap
2025-07-28,184.5,185.5,182.5,184,196400,0,1,175.3910303,yahoo_bootstrap
2025-07-29,184,185,182.5,184,195106,0,1,175.3910303,yahoo_bootstrap
2025-07-30,183,184,180.5,183.5,366700,0,1,174.91442424,yahoo_bootstrap
2025-07-31,183.5,183.5,178,180.5,758550,0,1,172.05478788,yahoo_bootstrap
2025-08-04,180,182,178,181.5,316170,0,1,173.008,yahoo_bootstrap
2025-08-05,182,183.5,181,183.5,275650,0,1,174.91442424,yahoo_bootstrap
2025-08-06,183.5,184.5,180.5,184.5,490016,0,1,175.86763636,yahoo_bootstrap
2025-08-07,185,186,182,183,258558,0,1,174.43781818,yahoo_bootstrap
2025-08-08,183,183.5,179,180,473005,0,1,171.57818182,yahoo_bootstrap
2025-08-11,177,185.5,174,185.5,1787671,0,1,176.82084848,yahoo_bootstrap
2025-08-12,185.5,189.5,184,185,1260950,0,1,176.34424242,yahoo_bootstrap
2025-08-13,188,190,183.5,183.5,984800,0,1,174.91442424,yahoo_bootstrap
2025-08-14,188,189.5,186,188,1228085,0,1,179.20387879,yahoo_bootstrap
2025-08-15,189,189,185,185.5,672811,0,1,176.82084848,yahoo_bootstrap
2025-08-18,187.5,187.5,184.5,184.5,435485,0,1,175.86763636,yahoo_bootstrap
2025-08-19,184.5,184.5,179,179.5,660050,0,1,171.10157576,yahoo_bootstrap
2025-08-20,178,179,174,175,696035,0,1,166.81212121,yahoo_bootstrap
2025-08-21,175.5,177.5,174.5,175,315327,0,1,166.81212121,yahoo_bootstrap
2025-08-22,174.5,175,173,173.5,311011,0,1,165.38230303,yahoo_bootstrap
2025-08-25,175.5,177,174.5,176,259853,0,1,167.76533333,yahoo_bootstrap
2025-08-26,176,178,174.5,178,320040,0,1,169.67175758,yahoo_bootstrap
2025-08-27,178,181,178,180.5,455930,0,1,172.05478788,yahoo_bootstrap
2025-08-28,180.5,181,178.5,178.5,295348,0,1,170.14836364,yahoo_bootstrap
2025-08-29,179,181,177,177.5,283394,0,1,169.19515152,yahoo_bootstrap
2025-09-01,177.5,178.5,173.5,174.5,271816,0,1,166.33551515,yahoo_bootstrap
2025-09-02,175.5,176,171,172.5,272650,0,1,164.42909091,yahoo_bootstrap
2025-09-03,171,174.5,171,171.5,320710,0,1,163.47587879,yahoo_bootstrap
2025-09-04,172,174.5,172,174,249157,0,1,165.85890909,yahoo_bootstrap
2025-09-05,174,174.5,172,172.5,260108,0,1,164.42909091,yahoo_bootstrap
2025-09-08,172.5,176,172.5,172.5,277987,0,1,164.42909091,yahoo_bootstrap
2025-09-09,172.5,174,171,173.5,383533,0,1,165.38230303,yahoo_bootstrap
2025-09-10,173.5,173.5,172,172,173716,0,1,163.95248485,yahoo_bootstrap
2025-09-11,172,172,168,168,659904,0,1,160.13963636,yahoo_bootstrap
2025-09-12,170,171.5,168.5,170.5,261825,0,1,162.52266667,yahoo_bootstrap
2025-09-15,171,172,169,169,317836,0,1,161.09284848,yahoo_bootstrap
2025-09-16,169,172,169,171.5,379688,0,1,163.47587879,yahoo_bootstrap
2025-09-17,172.5,174.5,171,172,348651,0,1,163.95248485,yahoo_bootstrap
2025-09-18,173.5,177.5,172.5,174.5,829698,0,1,166.33551515,yahoo_bootstrap
2025-09-19,177,179,175.5,175.5,656472,0,1,167.28872727,yahoo_bootstrap
2025-09-22,176.5,178,174,176.5,399637,0,1,168.24193939,yahoo_bootstrap
2025-09-23,177.5,177.5,173.5,173.5,401443,0,1,165.38230303,yahoo_bootstrap
2025-09-24,175.5,175.5,173,173.5,321625,0,1,165.38230303,yahoo_bootstrap
2025-09-25,174.5,177.5,173.5,174.5,589036,0,1,166.33551515,yahoo_bootstrap
2025-09-26,175,175,169,170.5,695151,0,1,162.52266667,yahoo_bootstrap
2025-09-30,172,172,168.5,171,295300,0,1,162.99927273,yahoo_bootstrap
2025-10-01,171,173.5,168.5,168.5,472179,0,1,160.61624242,yahoo_bootstrap
2025-10-02,170.5,170.5,168,169,257316,0,1,161.09284848,yahoo_bootstrap
2025-10-03,168.5,168.5,165.5,166,519984,0,1,158.23321212,yahoo_bootstrap
2025-10-07,166,169.5,164.5,167.5,508725,0,1,159.6630303,yahoo_bootstrap
2025-10-08,167,169.5,166,168.5,338725,0,1,160.61624242,yahoo_bootstrap
2025-10-09,169.5,169.5,166,166.5,313262,0,1,158.70981818,yahoo_bootstrap
2025-10-13,160,162,158,161,461655,0,1,153.46715152,yahoo_bootstrap
2025-10-14,162,166,159,161,442163,0,1,153.46715152,yahoo_bootstrap
2025-10-15,160.5,161.5,158,158.5,415730,0,1,151.08412121,yahoo_bootstrap
2025-10-16,159,162,158.5,159.5,361430,0,1,152.03733333,yahoo_bootstrap
2025-10-17,160,160.5,158,158,379703,0,1,150.60751515,yahoo_bootstrap
2025-10-20,158,159,155.5,157.5,670408,0,1,150.13090909,yahoo_bootstrap
2025-10-21,159.5,160.5,157.5,158.5,630662,0,1,151.08412121,yahoo_bootstrap
2025-10-22,158.5,160,157.5,159,355962,0,1,151.56072727,yahoo_bootstrap
2025-10-23,158.5,159,157,157.5,246911,0,1,150.13090909,yahoo_bootstrap
2025-10-27,158.5,158.5,156,157.5,454842,0,1,150.13090909,yahoo_bootstrap
2025-10-28,158,158.5,156,156.5,298858,0,1,149.17769697,yahoo_bootstrap
2025-10-29,156.5,158.5,156,156,384785,0,1,148.70109091,yahoo_bootstrap
2025-10-30,157,158.5,155,155.5,364431,0,1,148.22448485,yahoo_bootstrap
2025-10-31,156,159,152,152,914511,0,1,144.88824242,yahoo_bootstrap
2025-11-03,152,153,150,150.5,416600,0,1,143.45842424,yahoo_bootstrap
2025-11-04,150.5,151,147.5,147.5,587150,0,1,140.59878788,yahoo_bootstrap
2025-11-05,146,147,142.5,147,522440,0,1,140.12218182,yahoo_bootstrap
2025-11-06,148,148,144,145,485874,0,1,138.21575758,yahoo_bootstrap
2025-11-07,144.5,144.5,140,141,732758,0,1,134.40290909,yahoo_bootstrap
2025-11-10,144.5,145.5,141,144,699401,0,1,137.26254545,yahoo_bootstrap
2025-11-11,143.5,146,141,141,433408,0,1,134.40290909,yahoo_bootstrap
2025-11-12,141,145.5,141,142.5,494100,0,1,135.83272727,yahoo_bootstrap
2025-11-13,142.5,144.5,142,142.5,725700,0,1,135.83272727,yahoo_bootstrap
2025-11-14,142,144,140,142.5,524697,0,1,135.83272727,yahoo_bootstrap
2025-11-17,143,143,138.5,140.5,667065,0,1,133.92630303,yahoo_bootstrap
2025-11-18,139.5,140,137.5,138.5,876381,0,1,132.01987879,yahoo_bootstrap
2025-11-19,139,142,137.5,137.5,1103949,0,1,131.06666667,yahoo_bootstrap
2025-11-20,141,142,139.5,142,857678,0,1,135.35612121,yahoo_bootstrap
2025-11-21,140,142,137,139,951060,0,1,132.49648485,yahoo_bootstrap
2025-11-24,139,141.5,136.5,138.5,787231,0,1,132.01987879,yahoo_bootstrap
2025-11-25,138.5,140.5,137.5,137.5,705028,0,1,131.06666667,yahoo_bootstrap
2025-11-26,138.5,140,137.5,137.5,1033448,0,1,131.06666667,yahoo_bootstrap
2025-11-27,138.5,143,138.5,143,812642,0,1,136.30933333,yahoo_bootstrap
2025-11-28,143.5,143.5,141,142,430012,0,1,135.35612121,yahoo_bootstrap
2025-12-01,142,142,139,139,421548,0,1,132.49648485,yahoo_bootstrap
2025-12-02,139,140.5,138.5,138.5,336727,0,1,132.01987879,yahoo_bootstrap
2025-12-03,139,143.5,139,142.5,591205,0,1,135.83272727,yahoo_bootstrap
2025-12-04,142.5,143.5,141,141,271308,0,1,134.40290909,yahoo_bootstrap
2025-12-05,141,141,137.5,137.5,670591,0,1,131.06666667,yahoo_bootstrap
2025-12-08,139,139,136,136.5,496493,0,1,130.11345455,yahoo_bootstrap
2025-12-09,136.5,140,136.5,139.5,542401,0,1,132.97309091,yahoo_bootstrap
2025-12-10,139,141,138,140,352708,0,1,133.44969697,yahoo_bootstrap
2025-12-11,140.5,142,138,139.5,422650,0,1,132.97309091,yahoo_bootstrap
2025-12-12,139.5,140,136.5,137,496667,0,1,130.59006061,yahoo_bootstrap
2025-12-15,136,138,135,136.5,373458,0,1,130.11345455,yahoo_bootstrap
2025-12-16,136,138.5,135,138,551462,0,1,131.54327273,yahoo_bootstrap
2025-12-17,138.5,151,138.5,148.5,2886206,0,1,141.552,yahoo_bootstrap
2025-12-18,147.5,149,144,146,1367753,0,1,139.1689697,yahoo_bootstrap
2025-12-19,146.5,147,143.5,145,885617,0,1,138.21575758,yahoo_bootstrap
2025-12-22,145.5,146.5,143,146,584365,0,1,139.1689697,yahoo_bootstrap
2025-12-23,146.5,147.5,145,145,589301,0,1,138.21575758,yahoo_bootstrap
2025-12-24,146.5,148,143,145,1188465,0,1,138.21575758,yahoo_bootstrap
2025-12-26,145.5,145.5,140,142.5,1245650,0,1,135.83272727,yahoo_bootstrap
2025-12-29,142.5,146,141,143.5,1461161,0,1,136.78593939,yahoo_bootstrap
2025-12-30,143,146,141.5,145,1327959,0,1,138.21575758,yahoo_bootstrap
2025-12-31,145,146.5,143.5,143.5,1245650,0,1,136.78593939,yahoo_bootstrap
2026-01-02,144,144,139,139.5,1549823,0,1,132.97309091,yahoo_bootstrap
2026-01-05,140,141,134.5,135,1791799,0,1,128.68363636,yahoo_bootstrap
2026-01-06,137.5,148.5,137,148.5,2277062,0,1,141.552,yahoo_bootstrap
2026-01-07,151,154.5,148.5,152,5491273,0,1,144.88824242,yahoo_bootstrap
2026-01-08,151.5,151.5,145,148,1868302,0,1,141.07539394,yahoo_bootstrap
2026-01-09,148,149,144.5,147,1242955,0,1,140.12218182,yahoo_bootstrap
2026-01-12,148,148.5,145.5,147.5,958854,0,1,140.59878788,yahoo_bootstrap
2026-01-13,148,148,145.5,146.5,700103,0,1,139.64557576,yahoo_bootstrap
2026-01-14,146,151,146,150.5,902153,0,1,143.45842424,yahoo_bootstrap
2026-01-15,150,152.5,148,149,1222501,0,1,142.02860606,yahoo_bootstrap
2026-01-16,150,151.5,148,149,579837,0,1,142.02860606,yahoo_bootstrap
2026-01-19,149,155,149,154,1654011,0,1,146.79466667,yahoo_bootstrap
2026-01-20,154,159.5,152,157,1656243,0,1,149.65430303,yahoo_bootstrap
2026-01-21,155.5,158,149,149.5,2785863,0,1,142.50521212,yahoo_bootstrap
2026-01-22,151.5,156,151,154,1714235,0,1,146.79466667,yahoo_bootstrap
2026-01-23,155.5,157,151,151.5,922310,0,1,144.41163636,yahoo_bootstrap
2026-01-26,153.5,155.5,153,154.5,840588,0,1,147.27127273,yahoo_bootstrap
2026-01-27,155,155,152,153,603320,0,1,145.84145455,yahoo_bootstrap
2026-01-28,154.5,155,153,153,583687,0,1,145.84145455,yahoo_bootstrap
2026-01-29,154,155,151,151,918477,0,1,143.9350303,yahoo_bootstrap
2026-01-30,151.5,151.5,146.5,147,731666,0,1,140.12218182,yahoo_bootstrap
2026-02-02,145,146,142,143,560173,0,1,136.30933333,yahoo_bootstrap
2026-02-03,144.5,146.5,143,145.5,404650,0,1,138.69236364,yahoo_bootstrap
2026-02-04,145,147.5,145,146.5,289387,0,1,139.64557576,yahoo_bootstrap
2026-02-05,146,149.5,144.5,144.5,625866,0,1,137.73915152,yahoo_bootstrap
2026-02-06,143.5,144.5,140,142.5,764300,0,1,135.83272727,yahoo_bootstrap
2026-02-09,145,147,144,146,379679,0,1,139.1689697,yahoo_bootstrap
2026-02-10,146,148.5,145.5,147,432943,0,1,140.12218182,yahoo_bootstrap
2026-02-11,147,148,142.5,143,706100,0,1,136.30933333,yahoo_bootstrap
2026-02-23,143,148,143,146,579024,0,1,139.1689697,yahoo_bootstrap
2026-02-24,146,154,146,152.5,1242795,0,1,145.36484848,yahoo_bootstrap
2026-02-25,154,154.5,147,148.5,1193650,0,1,141.552,yahoo_bootstrap
2026-02-26,148.5,151.5,148,148.5,1090358,0,1,141.552,yahoo_bootstrap
2026-03-02,147,150,145,149.5,622513,0,1,142.50521212,yahoo_bootstrap
2026-03-03,148.5,149.5,146,148,632267,0,1,141.07539394,yahoo_bootstrap
2026-03-04,148,148,138,138.5,1135981,0,1,132.01987879,yahoo_bootstrap
2026-03-05,141,142.5,139,141.5,546075,0,1,134.87951515,yahoo_bootstrap
2026-03-06,140,147,139,147,677767,0,1,140.12218182,yahoo_bootstrap
2026-03-09,141,144.5,139.5,143,960166,0,1,136.30933333,yahoo_bootstrap
2026-03-10,143.5,149,143.5,148.5,791616,0,1,141.552,yahoo_bootstrap
2026-03-11,148,149.5,146.5,147,631953,0,1,140.12218182,yahoo_bootstrap
2026-03-12,146.5,148,143,143.5,460677,0,1,136.78593939,yahoo_bootstrap
2026-03-13,141,145,140.5,144.5,358309,0,1,137.73915152,yahoo_bootstrap
2026-03-16,144.5,146,141,142,540500,0,1,135.35612121,yahoo_bootstrap
2026-03-17,143,145,142,142,442569,0,1,135.35612121,yahoo_bootstrap
2026-03-18,143.5,144,141.5,143,486160,0,1,136.30933333,yahoo_bootstrap
2026-03-19,141,142.5,140.5,141,586301,0,1,134.40290909,yahoo_bootstrap
2026-03-20,141.5,145,139.5,145,2247732,0,1,138.21575758,yahoo_bootstrap
2026-03-23,140.5,142.5,138.5,141,709698,0,1,134.40290909,yahoo_bootstrap
2026-03-24,143,145,139,141,605300,0,1,134.40290909,yahoo_bootstrap
2026-03-25,143,143.5,140,141.5,579925,0,1,134.87951515,yahoo_bootstrap
2026-03-26,142.5,143,140.5,143,642356,0,1,136.30933333,yahoo_bootstrap
2026-03-27,143,144,141,144,521961,0,1,137.26254545,yahoo_bootstrap
2026-03-30,145,152.5,145,150,2340062,0,1,142.98181818,yahoo_bootstrap
2026-03-31,148,153,148,152,1945359,0,1,144.88824242,yahoo_bootstrap
2026-04-01,155,156.5,150.5,153,2151300,0,1,145.84145455,yahoo_bootstrap
2026-04-02,153.5,154,148,149,941352,0,1,142.02860606,yahoo_bootstrap
2026-04-07,151,151,148,148.5,673512,0,1,141.552,yahoo_bootstrap
2026-04-08,151,152.5,149.5,152.5,1019374,0,1,145.36484848,yahoo_bootstrap
2026-04-09,153,156.5,151.5,152.5,1459693,0,1,145.36484848,yahoo_bootstrap
2026-04-10,156,157,152.5,153,1129530,0,1,145.84145455,yahoo_bootstrap
2026-04-13,152.5,153,150,152.5,715362,0,1,145.36484848,yahoo_bootstrap
2026-04-14,154,154.5,153,153,735074,0,1,145.84145455,yahoo_bootstrap
2026-04-15,154.5,155.5,150.5,151,1119325,0,1,143.9350303,yahoo_bootstrap
2026-04-16,152,156,152,156,1407426,0,1,148.70109091,yahoo_bootstrap
2026-04-17,156,156,153,153,1028293,0,1,145.84145455,yahoo_bootstrap
2026-04-20,153,155.5,150.5,155.5,1332368,0,1,148.22448485,yahoo_bootstrap
2026-04-21,156.5,157.5,153.5,154,1159405,0,1,146.79466667,yahoo_bootstrap
2026-04-22,156,169,155.5,169,3262314,0,1,161.09284848,yahoo_bootstrap
2026-04-23,175,178,155.5,162,6461103,0,1,154.42036364,yahoo_bootstrap
2026-04-24,163,166,158.5,160,1618375,0,1,152.51393939,yahoo_bootstrap
2026-04-27,164,164.5,159,159,1298354,0,1,151.56072727,yahoo_bootstrap
2026-04-28,160,160,156.5,157,655649,0,1,149.65430303,yahoo_bootstrap
2026-04-29,156,158,155.5,157,431800,0,1,149.65430303,yahoo_bootstrap
2026-04-30,157.5,159,151.5,152.5,1378955,0,1,145.36484848,yahoo_bootstrap
2026-05-04,155,158,153.5,155.5,746920,0,1,148.22448485,yahoo_bootstrap
2026-05-05,156,159.5,155,159,707400,0,1,151.56072727,yahoo_bootstrap
2026-05-06,160,160.5,155,156.5,1014450,0,1,149.17769697,yahoo_bootstrap
2026-05-07,158,162,157.5,161,1375179,0,1,153.46715152,yahoo_bootstrap
2026-05-08,161.5,174,160.5,170,4377429,0,1,162.04606061,yahoo_bootstrap
2026-05-11,171.5,173,164,170.5,2012863,0,1,162.52266667,yahoo_bootstrap
2026-05-12,178,180,173,177.5,4134592,0,1,169.19515152,yahoo_bootstrap
2026-05-13,176,178,172.5,173.5,2396229,0,1,165.38230303,yahoo_bootstrap
2026-05-14,175.5,179,173,174.5,1544739,0,1,166.33551515,yahoo_bootstrap
2026-05-15,175,175.5,167.5,169,1552752,0,1,161.09284848,yahoo_bootstrap
2026-05-18,166,171.5,163.5,171,903496,0,1,162.99927273,yahoo_bootstrap
2026-05-19,172,173,165.5,167,956730,0,1,159.18642424,yahoo_bootstrap
2026-05-20,167,172.5,165.5,171,1048400,0,1,162.99927273,yahoo_bootstrap
2026-05-21,174.5,182.5,173.5,179,3147746,0,1,170.6249697,yahoo_bootstrap
2026-05-22,179.5,179.5,172.5,175.5,1833131,0,1,167.28872727,yahoo_bootstrap
2026-05-25,179,179.5,175,175.5,1522593,0,1,167.28872727,yahoo_bootstrap
2026-05-26,177,177.5,171.5,174.5,1229190,0,1,166.33551515,yahoo_bootstrap
2026-05-27,176.5,178,170.5,171.5,1081183,0,1,163.47587879,yahoo_bootstrap
2026-05-28,171.5,175,167,170,1152175,0,1,162.04606061,yahoo_bootstrap
2026-05-29,172.5,173,168.5,172.5,774222,0,1,164.42909091,yahoo_bootstrap
2026-06-01,171.5,175,168,175,1722802,0,1,166.81212121,yahoo_bootstrap
2026-06-02,176,176,168.5,173,1351384,0,1,164.90569697,yahoo_bootstrap
2026-06-03,173,174.5,170.5,171.5,773566,0,1,163.47587879,yahoo_bootstrap
2026-06-04,172,172.5,168,168,732057,0,1,160.13963636,yahoo_bootstrap
2026-06-05,167,169,163,168.5,771172,0,1,160.61624242,yahoo_bootstrap
2026-06-08,153,158.5,153,158,919556,0,1,150.60751515,yahoo_bootstrap
2026-06-09,159.5,170,159.5,169.5,1129615,0,1,161.56945455,yahoo_bootstrap
2026-06-10,166.5,170,163.5,163.5,922720,0,1,155.85018182,yahoo_bootstrap
2026-06-11,160.5,166,159.5,163,602514,0,1,155.37357576,yahoo_bootstrap
2026-06-12,166,170,165.5,166,542000,0,1,158.23321212,yahoo_bootstrap
2026-06-15,168,172,167.5,171,650279,0,1,162.99927273,yahoo_bootstrap
2026-06-16,172.5,173,166.5,168,482827,0,1,160.13963636,yahoo_bootstrap
2026-06-17,168,172.5,165,172.5,704430,0,1,164.42909091,yahoo_bootstrap
2026-06-18,172.5,179,172.5,174,1744703,0,1,165.85890909,yahoo_bootstrap
2026-06-22,177,182.5,177,177.5,1592894,0,1,169.19515152,yahoo_bootstrap
2026-06-23,183,187.5,173.5,174.5,2282341,0,1,166.33551515,yahoo_bootstrap
2026-06-24,172.5,179,170,177,1006573,0,1,168.71854545,yahoo_bootstrap
2026-06-25,177,179.5,174,174.5,838325,0,1,166.33551515,yahoo_bootstrap
2026-06-26,175,175.5,165,165,1002659,0,1,157.28,yahoo_bootstrap
2026-06-29,167,169.5,165,165,570323,0,1,157.28,yahoo_bootstrap
2026-06-30,167.5,168.5,165,165,1131805,0,1,157.28,yahoo_bootstrap
2026-07-01,159.5,164,159.5,161.5,1271020,7.72,1,161.5,yahoo_bootstrap
2026-07-02,161.5,167,157.5,166,1086213,0,1,166,yahoo_bootstrap
2026-07-03,165,173,165,173,1244154,0,1,173,yahoo_bootstrap
2026-07-06,176,181,174.5,177,1649500,0,1,177,yahoo_bootstrap
2026-07-07,178,183,174,175,1401020,0,1,175,yahoo_bootstrap
2026-07-08,175,175.5,171,175,864328,0,1,175,yahoo_bootstrap
2026-07-09,175,178.5,174.5,176,623159,0,1,176,yahoo_bootstrap
2026-07-10,176,176,176,176,0,0,1,176,yahoo_bootstrap
2026-07-13,178.5,179.5,165,171,1288970,0,1,171,yahoo_bootstrap
2026-07-14,171,171,159,167.5,1030206,0,1,167.5,yahoo_bootstrap
2026-07-15,169,171,166,167.5,381100,0,1,167.5,yahoo_bootstrap
2026-07-16,167.5,169,164.5,168,642225,0,1,168,yahoo_bootstrap
2026-07-17,164,164,154,154,1031875,0,1,154,yahoo_bootstrap
2026-07-20,154,156,146.5,152.5,674670,0,1,152.5,yahoo_bootstrap
2026-07-21,154,163,154,161.5,576610,0,1,161.5,yahoo_bootstrap
2026-07-22,163.5,167.5,163,164.5,520738,0,1,164.5,yahoo_bootstrap
2026-07-23,165,166,159.5,161.5,338450,0,1,161.5,yahoo_bootstrap
2026-07-24,158.5,163.5,158.5,160.5,251600,0,1,160.5,yahoo_bootstrap
2026-07-27,161.5,162,157,159,239400,0,1,159,yahoo_bootstrap
2026-07-28,156,156,151.5,152,477400,0,1,152,yahoo_bootstrap
2026-07-29,154,154.5,144.5,149,810022,0,1,149,yahoo_bootstrap
2026-07-30,146.5,150,142.5,143,569300,0,1,143,yahoo_bootstrap
2026-07-31,150,155,149.5,149.5,978193,0,1,149.5,yahoo_bootstrap
2026-08-03,147.5,154,147.5,153.5,407361,0,1,153.5,yahoo_bootstrap
2026-08-04,150.5,156.5,150.5,156.5,345350,0,1,156.5,yahoo_bootstrap
2026-08-05,157.5,160.5,157.5,158.5,486900,0,1,158.5,yahoo_bootstrap
2026-08-06,159,168,159,167.5,822805,0,1,167.5,yahoo_bootstrap
2026-08-07,170.5,175,168,172.5,1463331,0,1,172.5,yahoo_bootstrap
2026-08-10,169,175,169,174,947532,0,1,174,yahoo_daily
2026-08-11,174.5,175,171.5,173,585110,0,1,173,yahoo_daily
2026-08-12,173,174.5,171.5,173,513055,0,1,173,yahoo_daily
2026-08-13,176,176,168,168.5,534710,0,1,168.5,yahoo_daily
2026-08-14,168.5,169,161.5,163.5,742836,0,1,163.5,yahoo_daily
2026-08-17,163.5,165.5,160,165,337900,0,1,165,yahoo_daily
2026-08-18,163.5,164.5,159.5,160,388245,0,1,160,yahoo_daily
2026-08-19,157.5,168.5,157,166.5,789438,0,1,166.5,yahoo_daily
2026-08-20,168.5,169,164,164.5,245050,0,1,164.5,yahoo_daily
2026-08-21,164.5,166,163.5,166,184010,0,1,166,yahoo_daily
2026-08-24,168,168,164,165,153400,0,1,165,yahoo_daily
2026-08-25,164.5,164.5,161,164.5,165146,0,1,164.5,yahoo_daily
2026-08-26,164.5,165.5,162.5,165.5,195497,0,1,165.5,yahoo_daily
2026-08-27,165.5,166,162.5,165,203400,0,1,165,yahoo_daily
2026-08-28,165,165.5,160.5,161,476008,0,1,161,yahoo_daily
2026-08-31,159,163.5,158.5,162.5,774708,0,1,162.5,yahoo_daily
2026-09-01,160.5,168.5,160,167.5,730005,0,1,167.5,yahoo_daily
2026-09-02,169.5,170,168,169.5,1039215,0,1,169.5,yahoo_daily
2026-09-03,170,170,165,166,602239,0,1,166,yahoo_daily
2026-09-04,167.5,167.5,164,165.5,332310,0,1,165.5,yahoo_daily
2026-09-07,167,167,164,165.5,283321,0,1,165.5,yahoo_daily
2026-09-08,171.5,179,168,177.5,3137824,0,1,177.5,yahoo_daily
