date,open,high,low,close,volume,dividend,split_factor,adjusted_close,source
2021-08-27,72.09999847,72.80000305,70.40000153,70.80000305,6328404,0,1,70.80000305,yahoo_bootstrap
2021-08-30,71.5,71.69999695,68.59999847,68.90000153,4447946,0,1,68.90000153,yahoo_bootstrap
2021-08-31,69,69.30000305,66.80000305,67.80000305,3496267,0,1,67.80000305,yahoo_bootstrap
2021-09-01,68,74.5,67.90000153,74.5,8554240,0,1,74.5,yahoo_bootstrap
2021-09-02,74.5,74.90000153,70.80000305,71.5,16501426,0,1,71.5,yahoo_bootstrap
2021-09-03,72.5,73.40000153,70.90000153,71.09999847,8279342,0,1,71.09999847,yahoo_bootstrap
2021-09-06,71,73,69.5,70,5322765,0,1,70,yahoo_bootstrap
2021-09-07,70.09999847,71.19999695,67.80000305,70,3616174,0,1,70,yahoo_bootstrap
2021-09-08,70.69999695,73,68.5,68.5,7528318,0,1,68.5,yahoo_bootstrap
2021-09-09,65.09999847,68.5,65.09999847,67.40000153,5015993,0,1,67.40000153,yahoo_bootstrap
2021-09-10,67,68.40000153,66.19999695,66.80000305,1952376,0,1,66.80000305,yahoo_bootstrap
2021-09-13,67.5,67.5,66.19999695,66.40000153,1498404,0,1,66.40000153,yahoo_bootstrap
2021-09-14,66.69999695,67.40000153,66.19999695,66.69999695,1289945,0,1,66.69999695,yahoo_bootstrap
2021-09-15,66.19999695,66.90000153,65,65.09999847,1710620,0,1,65.09999847,yahoo_bootstrap
2021-09-16,65.5,66.59999847,64.80000305,64.90000153,1508286,0,1,64.90000153,yahoo_bootstrap
2021-09-17,65,66.09999847,64.19999695,66.09999847,1326645,0,1,66.09999847,yahoo_bootstrap
2021-09-22,64,65.30000305,64,64.19999695,1218744,0,1,64.19999695,yahoo_bootstrap
2021-09-23,65,66,64.5,65.09999847,1214641,0,1,65.09999847,yahoo_bootstrap
2021-09-24,65.80000305,65.90000153,64.69999695,65,1234571,0,1,65,yahoo_bootstrap
2021-09-27,65,65,63.20000076,63.5,1714200,0,1,63.5,yahoo_bootstrap
2021-09-28,63.5,63.5,62,62.70000076,1211962,0,1,62.70000076,yahoo_bootstrap
2021-09-29,61.20000076,61.5,60.29999924,60.29999924,1453744,0,1,60.29999924,yahoo_bootstrap
2021-09-30,60.40000153,62.29999924,60.40000153,62.09999847,1410128,0,1,62.09999847,yahoo_bootstrap
2021-10-01,61.40000153,61.5,59.20000076,59.70000076,1952224,0,1,59.70000076,yahoo_bootstrap
2021-10-04,59.70000076,60.70000076,58.29999924,58.29999924,1624950,0,1,58.29999924,yahoo_bootstrap
2021-10-05,57,59.5,56,59.29999924,1908526,0,1,59.29999924,yahoo_bootstrap
2021-10-06,59.29999924,59.79999924,57.5,57.59999847,1446011,0,1,57.59999847,yahoo_bootstrap
2021-10-07,58.09999847,60.79999924,58.09999847,60.09999847,1834384,0,1,60.09999847,yahoo_bootstrap
2021-10-08,60.5,61.59999847,59.5,60,1651923,0,1,60,yahoo_bootstrap
2021-10-12,60.09999847,60.79999924,58,58,1384139,0,1,58,yahoo_bootstrap
2021-10-13,58.20000076,58.90000153,56.59999847,58.29999924,1306389,0,1,58.29999924,yahoo_bootstrap
2021-10-14,58.70000076,59.09999847,57.20000076,58.70000076,927046,0,1,58.70000076,yahoo_bootstrap
2021-10-15,59.90000153,60.29999924,58.20000076,58.70000076,1339178,0,1,58.70000076,yahoo_bootstrap
2021-10-18,59.20000076,59.5,57.79999924,59.09999847,1098157,0,1,59.09999847,yahoo_bootstrap
2021-10-19,59.29999924,62.79999924,59.29999924,62.70000076,4134541,0,1,62.70000076,yahoo_bootstrap
2021-10-20,62.79999924,65.40000153,62.09999847,64.5,5429348,0,1,64.5,yahoo_bootstrap
2021-10-21,63.70000076,65.69999695,63,63.90000153,3111809,0,1,63.90000153,yahoo_bootstrap
2021-10-22,63.90000153,66.5,63.90000153,65.19999695,5624950,0,1,65.19999695,yahoo_bootstrap
2021-10-25,64.80000305,68,64.59999847,67.19999695,4216062,0,1,67.19999695,yahoo_bootstrap
2021-10-26,68.30000305,72.90000153,67,71.59999847,11189568,0,1,71.59999847,yahoo_bootstrap
2021-10-27,71,74,70.09999847,70.5,11205335,0,1,70.5,yahoo_bootstrap
2021-10-28,70.09999847,72.19999695,69.09999847,69.30000305,3728679,0,1,69.30000305,yahoo_bootstrap
2021-10-29,69.90000153,70.30000305,67.30000305,67.40000153,3850677,0,1,67.40000153,yahoo_bootstrap
2021-11-01,68.5,71.80000305,68,70.40000153,4399065,0,1,70.40000153,yahoo_bootstrap
2021-11-02,70.5,71.30000305,67.19999695,69,4027044,0,1,69,yahoo_bootstrap
2021-11-03,68.5,69.5,67.19999695,67.69999695,1926952,0,1,67.69999695,yahoo_bootstrap
2021-11-04,68.59999847,68.90000153,67.09999847,67.09999847,1359160,0,1,67.09999847,yahoo_bootstrap
2021-11-05,67.80000305,67.80000305,65.40000153,65.80000305,2141238,0,1,65.80000305,yahoo_bootstrap
2021-11-08,67.40000153,68,65.5,65.5,1726327,0,1,65.5,yahoo_bootstrap
2021-11-09,64.09999847,65,63.59999847,63.79999924,2661332,0,1,63.79999924,yahoo_bootstrap
2021-11-10,63.40000153,64.80000305,62.59999847,64.5,1568897,0,1,64.5,yahoo_bootstrap
2021-11-11,64,64.80000305,63.5,63.70000076,1164891,0,1,63.70000076,yahoo_bootstrap
2021-11-12,64.40000153,66.80000305,64,65,1972128,0,1,65,yahoo_bootstrap
2021-11-15,65.90000153,68.59999847,65.80000305,68.19999695,3950948,0,1,68.19999695,yahoo_bootstrap
2021-11-16,69,69.59999847,66.90000153,67.19999695,2657042,0,1,67.19999695,yahoo_bootstrap
2021-11-17,68,68.69999695,66.5,67.30000305,1927244,0,1,67.30000305,yahoo_bootstrap
2021-11-18,67.69999695,71.19999695,67.59999847,69,8515042,0,1,69,yahoo_bootstrap
2021-11-19,72.80000305,75.90000153,72.80000305,75.90000153,8671331,0,1,75.90000153,yahoo_bootstrap
2021-11-22,77.69999695,83.40000153,77.09999847,78.40000153,47177071,0,1,78.40000153,yahoo_bootstrap
2021-11-23,78.40000153,80.5,74,76.09999847,15467488,0,1,76.09999847,yahoo_bootstrap
2021-11-24,76.80000305,77.80000305,73.80000305,74.59999847,7647458,0,1,74.59999847,yahoo_bootstrap
2021-11-25,75.90000153,81.5,75.30000305,75.5,16676319,0,1,75.5,yahoo_bootstrap
2021-11-26,74.19999695,76.5,72.09999847,72.19999695,6560804,0,1,72.19999695,yahoo_bootstrap
2021-11-29,69.59999847,71,67.5,70.40000153,4407148,0,1,70.40000153,yahoo_bootstrap
2021-11-30,70.80000305,74.59999847,70.80000305,74,7227673,0,1,74,yahoo_bootstrap
2021-12-01,72.59999847,73.19999695,71.69999695,73,2457655,0,1,73,yahoo_bootstrap
2021-12-02,73,73.80000305,70.09999847,70.40000153,2727135,0,1,70.40000153,yahoo_bootstrap
2021-12-03,71.40000153,72.80000305,71,71.09999847,1711139,0,1,71.09999847,yahoo_bootstrap
2021-12-06,70.5,72.90000153,70.5,71.30000305,2106633,0,1,71.30000305,yahoo_bootstrap
2021-12-07,71.59999847,72.5,70.69999695,70.80000305,1435365,0,1,70.80000305,yahoo_bootstrap
2021-12-08,72,73.5,71.80000305,72,3325216,0,1,72,yahoo_bootstrap
2021-12-09,72.90000153,74.5,72,72.40000153,4311017,0,1,72.40000153,yahoo_bootstrap
2021-12-10,72.19999695,72.19999695,70.59999847,70.59999847,1759734,0,1,70.59999847,yahoo_bootstrap
2021-12-13,71.19999695,71.90000153,70.19999695,70.30000305,1315466,0,1,70.30000305,yahoo_bootstrap
2021-12-14,70.5,71.19999695,68,68,2027054,0,1,68,yahoo_bootstrap
2021-12-15,68.19999695,69.19999695,68,68.59999847,1051537,0,1,68.59999847,yahoo_bootstrap
2021-12-16,69.59999847,70.19999695,68.90000153,69.69999695,1123346,0,1,69.69999695,yahoo_bootstrap
2021-12-17,69.59999847,70.69999695,68.90000153,69.19999695,1688735,0,1,69.19999695,yahoo_bootstrap
2021-12-20,69.69999695,70.40000153,69,69.19999695,912140,0,1,69.19999695,yahoo_bootstrap
2021-12-21,70.09999847,71.59999847,69.19999695,70.59999847,2303948,0,1,70.59999847,yahoo_bootstrap
2021-12-22,71.40000153,71.59999847,70.5,70.5,1270993,0,1,70.5,yahoo_bootstrap
2021-12-23,71.40000153,71.40000153,69.59999847,69.69999695,1277674,0,1,69.69999695,yahoo_bootstrap
2021-12-24,70.59999847,70.59999847,68.80000305,68.80000305,1084449,0,1,68.80000305,yahoo_bootstrap
2021-12-27,69.69999695,69.69999695,68.59999847,68.80000305,643182,0,1,68.80000305,yahoo_bootstrap
2021-12-28,69.5,69.59999847,68.30000305,68.30000305,843269,0,1,68.30000305,yahoo_bootstrap
2021-12-29,68.5,69.09999847,68.09999847,68.80000305,619948,0,1,68.80000305,yahoo_bootstrap
2021-12-30,69.19999695,69.40000153,68.69999695,68.80000305,571321,0,1,68.80000305,yahoo_bootstrap
2022-01-03,69,69.5,68.19999695,68.19999695,619083,0,1,68.19999695,yahoo_bootstrap
2022-01-04,68.69999695,71.5,68.59999847,70.30000305,3605419,0,1,70.30000305,yahoo_bootstrap
2022-01-05,71.5,71.5,69.30000305,69.59999847,1688328,0,1,69.59999847,yahoo_bootstrap
2022-01-06,69.59999847,69.69999695,68.5,68.80000305,723164,0,1,68.80000305,yahoo_bootstrap
2022-01-07,68.5,69.30000305,65.5,66.30000305,2129751,0,1,66.30000305,yahoo_bootstrap
2022-01-10,65.5,66.90000153,64.59999847,65.59999847,939380,0,1,65.59999847,yahoo_bootstrap
2022-01-11,65.69999695,66,63.79999924,63.79999924,1346922,0,1,63.79999924,yahoo_bootstrap
2022-01-12,64,64.5,61.20000076,62.09999847,1610751,0,1,62.09999847,yahoo_bootstrap
2022-01-13,62.09999847,63.40000153,61.79999924,63.40000153,846635,0,1,63.40000153,yahoo_bootstrap
2022-01-14,63.40000153,63.40000153,61.70000076,62.09999847,942690,0,1,62.09999847,yahoo_bootstrap
2022-01-17,62,63.09999847,62,62.79999924,408128,0,1,62.79999924,yahoo_bootstrap
2022-01-18,63.20000076,64.30000305,62.79999924,62.90000153,772896,0,1,62.90000153,yahoo_bootstrap
2022-01-19,62.5,62.79999924,62,62.29999924,351005,0,1,62.29999924,yahoo_bootstrap
2022-01-20,62.29999924,62.70000076,62,62.40000153,346404,0,1,62.40000153,yahoo_bootstrap
2022-01-21,62.20000076,63.20000076,62,62,712200,0,1,62,yahoo_bootstrap
2022-01-24,60.59999847,61.79999924,60.59999847,61.40000153,519573,0,1,61.40000153,yahoo_bootstrap
2022-01-25,61,62,60.5,60.5,688584,0,1,60.5,yahoo_bootstrap
2022-01-26,60.59999847,60.70000076,59.29999924,59.79999924,895061,0,1,59.79999924,yahoo_bootstrap
2022-02-07,60.5,61,59.29999924,60.90000153,564867,0,1,60.90000153,yahoo_bootstrap
2022-02-08,62,65.59999847,61.40000153,64.80000305,2391956,0,1,64.80000305,yahoo_bootstrap
2022-02-09,63.79999924,65.19999695,62.90000153,64.5,1458799,0,1,64.5,yahoo_bootstrap
2022-02-10,64.5,64.59999847,63,63.59999847,568197,0,1,63.59999847,yahoo_bootstrap
2022-02-11,62.79999924,63.40000153,62.59999847,63.20000076,436778,0,1,63.20000076,yahoo_bootstrap
2022-02-14,62.79999924,62.79999924,61.5,61.90000153,597902,0,1,61.90000153,yahoo_bootstrap
2022-02-15,62.5,62.79999924,61.79999924,62.20000076,391433,0,1,62.20000076,yahoo_bootstrap
2022-02-16,63.40000153,63.40000153,62.40000153,62.40000153,340418,0,1,62.40000153,yahoo_bootstrap
2022-02-17,62.40000153,63.29999924,62.20000076,62.40000153,399644,0,1,62.40000153,yahoo_bootstrap
2022-02-18,62,62.79999924,62,62.70000076,324456,0,1,62.70000076,yahoo_bootstrap
2022-02-21,62.5,63.20000076,62.29999924,62.5,517650,0,1,62.5,yahoo_bootstrap
2022-02-22,62.5,62.79999924,60.59999847,61.09999847,567956,0,1,61.09999847,yahoo_bootstrap
2022-02-23,61.20000076,61.40000153,60.59999847,60.90000153,398204,0,1,60.90000153,yahoo_bootstrap
2022-02-24,60.59999847,60.59999847,58.09999847,58.40000153,1269187,0,1,58.40000153,yahoo_bootstrap
2022-02-25,58.59999847,59.79999924,58.40000153,59.20000076,637005,0,1,59.20000076,yahoo_bootstrap
2022-03-01,59.29999924,60.20000076,59,59.79999924,393384,0,1,59.79999924,yahoo_bootstrap
2022-03-02,59.5,59.79999924,58.79999924,59.40000153,332371,0,1,59.40000153,yahoo_bootstrap
2022-03-03,60,60.40000153,58.79999924,58.79999924,512133,0,1,58.79999924,yahoo_bootstrap
2022-03-04,58.70000076,58.79999924,58.09999847,58.09999847,561032,0,1,58.09999847,yahoo_bootstrap
2022-03-07,57.09999847,57.09999847,52.29999924,52.29999924,2810263,0,1,52.29999924,yahoo_bootstrap
2022-03-08,48.5,52.5,48.5,49.34999847,2824428,0,1,49.34999847,yahoo_bootstrap
2022-03-09,49.34999847,50.40000153,49.20000076,50,1306305,0,1,50,yahoo_bootstrap
2022-03-10,51,52.90000153,51,52.70000076,1128605,0,1,52.70000076,yahoo_bootstrap
2022-03-11,52.40000153,52.5,51.70000076,52.5,502188,0,1,52.5,yahoo_bootstrap
2022-03-14,52.70000076,54,52.29999924,52.40000153,450191,0,1,52.40000153,yahoo_bootstrap
2022-03-15,52.40000153,52.40000153,49.59999847,49.59999847,859328,0,1,49.59999847,yahoo_bootstrap
2022-03-16,50.59999847,50.79999924,49.09999847,49.70000076,592000,0,1,49.70000076,yahoo_bootstrap
2022-03-17,51.20000076,54.59999847,51.20000076,53.29999924,2673203,0,1,53.29999924,yahoo_bootstrap
2022-03-18,52.70000076,53.90000153,52.70000076,53.70000076,827263,0,1,53.70000076,yahoo_bootstrap
2022-03-21,53.79999924,54.90000153,53.09999847,53.40000153,366257,0,1,53.40000153,yahoo_bootstrap
2022-03-22,53,53.59999847,52.59999847,53.29999924,317611,0,1,53.29999924,yahoo_bootstrap
2022-03-23,53.90000153,56.29999924,53.90000153,55.29999924,1279429,0,1,55.29999924,yahoo_bootstrap
2022-03-24,54.70000076,54.90000153,54.20000076,54.70000076,408873,0,1,54.70000076,yahoo_bootstrap
2022-03-25,54.70000076,55.5,53.5,53.70000076,530872,0,1,53.70000076,yahoo_bootstrap
2022-03-28,53.70000076,53.70000076,52.70000076,53.29999924,307612,0,1,53.29999924,yahoo_bootstrap
2022-03-29,54.5,56,54.20000076,54.70000076,966360,0,1,54.70000076,yahoo_bootstrap
2022-03-30,55.59999847,55.90000153,54.79999924,55.20000076,754020,0,1,55.20000076,yahoo_bootstrap
2022-03-31,55.20000076,55.20000076,53.90000153,53.90000153,445505,0,1,53.90000153,yahoo_bootstrap
2022-04-01,54.5,55.5,53.79999924,55.20000076,734001,0,1,55.20000076,yahoo_bootstrap
2022-04-06,55.5,55.90000153,54.20000076,54.29999924,354737,0,1,54.29999924,yahoo_bootstrap
2022-04-07,54,54.59999847,53.20000076,53.90000153,554656,0,1,53.90000153,yahoo_bootstrap
2022-04-08,54.40000153,55.70000076,54.29999924,55,644744,0,1,55,yahoo_bootstrap
2022-04-11,55.20000076,55.5,53,54,719789,0,1,54,yahoo_bootstrap
2022-04-12,54,55.79999924,54,54.90000153,1152000,0,1,54.90000153,yahoo_bootstrap
2022-04-13,55.5,56.79999924,55.20000076,55.20000076,1031039,0,1,55.20000076,yahoo_bootstrap
2022-04-14,55.40000153,56.20000076,55.09999847,55.79999924,687051,0,1,55.79999924,yahoo_bootstrap
2022-04-15,56,56,54.29999924,55.90000153,706321,0,1,55.90000153,yahoo_bootstrap
2022-04-18,55,55.90000153,53.09999847,53.09999847,441038,0,1,53.09999847,yahoo_bootstrap
2022-04-19,54,54.09999847,51.09999847,51.29999924,564499,0,1,51.29999924,yahoo_bootstrap
2022-04-20,51.5,52.20000076,51,51.5,360991,0,1,51.5,yahoo_bootstrap
2022-04-21,50.20000076,50.79999924,50,50.29999924,757756,0,1,50.29999924,yahoo_bootstrap
2022-04-22,49.84999847,49.84999847,49.20000076,49.25,613600,0,1,49.25,yahoo_bootstrap
2022-04-25,48,48,44.59999847,44.59999847,1650025,0,1,44.59999847,yahoo_bootstrap
2022-04-26,45.20000076,46,44,44.20000076,919820,0,1,44.20000076,yahoo_bootstrap
2022-04-27,41.5,42.90000153,40,42.5,1832878,0,1,42.5,yahoo_bootstrap
2022-04-28,42.5,43.29999924,41.59999847,42.84999847,715768,0,1,42.84999847,yahoo_bootstrap
2022-04-29,43.29999924,44.54999924,42.75,43.09999847,630281,0,1,43.09999847,yahoo_bootstrap
2022-05-03,42.45000076,43.79999924,41.84999847,43.70000076,376187,0,1,43.70000076,yahoo_bootstrap
2022-05-04,43.70000076,44.25,43.5,43.75,303227,0,1,43.75,yahoo_bootstrap
2022-05-05,44.20000076,46,44.20000076,45.20000076,994128,0,1,45.20000076,yahoo_bootstrap
2022-05-06,43.34999847,46.09999847,43,46,1106896,0,1,46,yahoo_bootstrap
2022-05-09,44.90000153,45,42.5,42.5,902133,0,1,42.5,yahoo_bootstrap
2022-05-10,41.04999924,43.5,41.04999924,43.34999847,705300,0,1,43.34999847,yahoo_bootstrap
2022-05-11,42.79999924,44.95000076,42.79999924,44.59999847,895326,0,1,44.59999847,yahoo_bootstrap
2022-05-12,44.29999924,45.75,44.04999924,44.09999847,865456,0,1,44.09999847,yahoo_bootstrap
2022-05-13,44.40000153,46.5,44.40000153,45.79999924,1305917,0,1,45.79999924,yahoo_bootstrap
2022-05-16,46.15000153,49.40000153,46.15000153,48.5,2371781,0,1,48.5,yahoo_bootstrap
2022-05-17,48.45000076,49.5,48.25,49.15000153,1372445,0,1,49.15000153,yahoo_bootstrap
2022-05-18,49.54999924,49.59999847,48.84999847,49.40000153,933219,0,1,49.40000153,yahoo_bootstrap
2022-05-19,48.45000076,49.59999847,48,49.59999847,733117,0,1,49.59999847,yahoo_bootstrap
2022-05-20,50,50.29999924,48.70000076,49.20000076,761513,0,1,49.20000076,yahoo_bootstrap
2022-05-23,49.95000076,49.95000076,47.79999924,47.79999924,902530,0,1,47.79999924,yahoo_bootstrap
2022-05-24,48,48.5,46.84999847,46.95000076,678154,0,1,46.95000076,yahoo_bootstrap
2022-05-25,47.65000153,48,46.95000076,47.75,750039,0,1,47.75,yahoo_bootstrap
2022-05-26,48.29999924,48.5,47.45000076,47.45000076,402914,0,1,47.45000076,yahoo_bootstrap
2022-05-27,48,48.45000076,47.90000153,48.09999847,282542,0,1,48.09999847,yahoo_bootstrap
2022-05-30,48.79999924,49.15000153,48.29999924,49,513528,0,1,49,yahoo_bootstrap
2022-05-31,49,50.09999847,48.70000076,50,842966,0,1,50,yahoo_bootstrap
2022-06-01,50.40000153,54.5,50.29999924,52.79999924,3127508,0,1,52.79999924,yahoo_bootstrap
2022-06-02,52.20000076,52.40000153,50.70000076,50.79999924,1274125,0,1,50.79999924,yahoo_bootstrap
2022-06-06,50.79999924,52,49.70000076,51.29999924,1048256,0,1,51.29999924,yahoo_bootstrap
2022-06-07,51.29999924,51.29999924,49.90000153,50.40000153,640458,0,1,50.40000153,yahoo_bootstrap
2022-06-08,50.20000076,51.09999847,50.20000076,50.29999924,491040,0,1,50.29999924,yahoo_bootstrap
2022-06-09,50.29999924,51,49.65000153,50.5,546118,0,1,50.5,yahoo_bootstrap
2022-06-10,49.75,51,49.70000076,50.29999924,547566,0,1,50.29999924,yahoo_bootstrap
2022-06-13,49.70000076,49.70000076,48.09999847,48.09999847,944125,0,1,48.09999847,yahoo_bootstrap
2022-06-14,47.79999924,48.90000153,47.34999847,48.04999924,658000,0,1,48.04999924,yahoo_bootstrap
2022-06-15,48.5,49.25,48.15000153,48.25,763421,0,1,48.25,yahoo_bootstrap
2022-06-16,49.20000076,49.45000076,46.09999847,46.09999847,814075,0,1,46.09999847,yahoo_bootstrap
2022-06-17,44.95000076,46,44.5,45.25,875690,0,1,45.25,yahoo_bootstrap
2022-06-20,45.59999847,45.59999847,42.09999847,42.29999924,1229404,0,1,42.29999924,yahoo_bootstrap
2022-06-21,42.29999924,45.15000153,42.29999924,44.95000076,730200,0,1,44.95000076,yahoo_bootstrap
2022-06-22,45.20000076,45.20000076,42.29999924,42.59999847,857938,0,1,42.59999847,yahoo_bootstrap
2022-06-23,42.59999847,43.04999924,41.65000153,42.34999847,789020,0,1,42.34999847,yahoo_bootstrap
2022-06-24,42.29999924,43.79999924,42.29999924,42.70000076,541000,0,1,42.70000076,yahoo_bootstrap
2022-06-27,43,45.20000076,43,44.20000076,836226,0,1,44.20000076,yahoo_bootstrap
2022-06-28,44,44.04999924,42.29999924,42.65000153,493165,0,1,42.65000153,yahoo_bootstrap
2022-06-29,42,43.09999847,41.70000076,43.04999924,630284,0,1,43.04999924,yahoo_bootstrap
2022-06-30,42.79999924,42.79999924,40.40000153,40.40000153,924304,0,1,40.40000153,yahoo_bootstrap
2022-07-01,40.40000153,41.45000076,37,37,1584221,0,1,37,yahoo_bootstrap
2022-07-04,38.04999924,38.45000076,36.79999924,37.45000076,1493219,0,1,37.45000076,yahoo_bootstrap
2022-07-05,38.25,39.09999847,36.54999924,37.90000153,852002,0,1,37.90000153,yahoo_bootstrap
2022-07-06,37.90000153,38.15000153,36.54999924,36.70000076,638019,0,1,36.70000076,yahoo_bootstrap
2022-07-07,37,39.34999847,36.45000076,38.59999847,1323050,0,1,38.59999847,yahoo_bootstrap
2022-07-08,39.20000076,40.5,39.04999924,39.70000076,999050,0,1,39.70000076,yahoo_bootstrap
2022-07-11,40,41,38.59999847,39,1105024,0,1,39,yahoo_bootstrap
2022-07-12,38.59999847,38.59999847,36.5,36.79999924,725256,0,1,36.79999924,yahoo_bootstrap
2022-07-13,38.29999924,40.20000076,38.20000076,38.65000153,1486100,0,1,38.65000153,yahoo_bootstrap
2022-07-14,39,42.5,39,42.5,4955000,0,1,42.5,yahoo_bootstrap
2022-07-15,43.04999924,46.70000076,41.5,46.09999847,14990097,0,1,46.09999847,yahoo_bootstrap
2022-07-18,45.20000076,46.34999847,44.40000153,46.09999847,6188096,0,1,46.09999847,yahoo_bootstrap
2022-07-19,45.34999847,47,44.65000153,45.34999847,4023186,0,1,45.34999847,yahoo_bootstrap
2022-07-20,46,46.40000153,44,44.09999847,2569640,0,1,44.09999847,yahoo_bootstrap
2022-07-21,44.25,44.54999924,43.15000153,44.15000153,1845127,0,1,44.15000153,yahoo_bootstrap
2022-07-22,44.59999847,46.15000153,44.29999924,44.65000153,2844665,0,1,44.65000153,yahoo_bootstrap
2022-07-25,45.45000076,45.5,44.29999924,44.79999924,1163159,0,1,44.79999924,yahoo_bootstrap
2022-07-26,44.5,44.59999847,42.40000153,42.54999924,1367000,0,1,42.54999924,yahoo_bootstrap
2022-07-27,42.59999847,43.40000153,42.09999847,43,1092380,0,1,43,yahoo_bootstrap
2022-07-28,43.79999924,43.79999924,42,42,863131,0,1,42,yahoo_bootstrap
2022-07-29,42.84999847,43.15000153,42.29999924,42.34999847,641013,0,1,42.34999847,yahoo_bootstrap
2022-08-01,42.29999924,42.40000153,41.25,42.09999847,723128,0,1,42.09999847,yahoo_bootstrap
2022-08-02,41.34999847,42,40.40000153,40.90000153,1319582,0,1,40.90000153,yahoo_bootstrap
2022-08-03,41.04999924,42.5,40.34999847,40.5,2026100,0,1,40.5,yahoo_bootstrap
2022-08-04,40.59999847,40.79999924,39.25,40.34999847,937849,0,1,40.34999847,yahoo_bootstrap
2022-08-05,40.84999847,41.95000076,40.84999847,41.75,730311,0,1,41.75,yahoo_bootstrap
2022-08-08,40.84999847,43.29999924,40.75,43,1293200,0,1,43,yahoo_bootstrap
2022-08-09,43,44.25,42.65000153,43.5,1428110,0,1,43.5,yahoo_bootstrap
2022-08-10,43.5,47.84999847,43,47.84999847,7250228,0,1,47.84999847,yahoo_bootstrap
2022-08-11,48.90000153,49.79999924,47.25,48.54999924,14643518,0,1,48.54999924,yahoo_bootstrap
2022-08-12,48.54999924,48.54999924,47.29999924,47.5,2843194,0,1,47.5,yahoo_bootstrap
2022-08-15,47.59999847,48.79999924,47.09999847,47.84999847,2998652,0,1,47.84999847,yahoo_bootstrap
2022-08-16,47.84999847,49.15000153,47.54999924,47.70000076,2822582,0,1,47.70000076,yahoo_bootstrap
2022-08-17,47.90000153,47.90000153,46.29999924,46.29999924,2282333,0,1,46.29999924,yahoo_bootstrap
2022-08-18,45.79999924,47.40000153,45.65000153,47.40000153,1633104,0,1,47.40000153,yahoo_bootstrap
2022-08-19,47.40000153,48.15000153,47,48,1503893,0,1,48,yahoo_bootstrap
2022-08-22,47.75,48.09999847,47.20000076,47.65000153,586000,0,1,47.65000153,yahoo_bootstrap
2022-08-23,46.40000153,47.65000153,46.15000153,47.25,910174,0,1,47.25,yahoo_bootstrap
2022-08-24,47.90000153,48.40000153,45.84999847,45.90000153,1974000,0,1,45.90000153,yahoo_bootstrap
2022-08-25,46.59999847,47.15000153,46.09999847,47,836074,0,1,47,yahoo_bootstrap
2022-08-26,47.29999924,48.09999847,46.84999847,47.20000076,1406120,0,1,47.20000076,yahoo_bootstrap
2022-08-29,45.40000153,46.45000076,45.29999924,46.04999924,786050,0,1,46.04999924,yahoo_bootstrap
2022-08-30,47.59999847,49.09999847,46.59999847,48.70000076,5967821,0,1,48.70000076,yahoo_bootstrap
2022-08-31,48.09999847,49.40000153,47.54999924,49.40000153,2856708,0,1,49.40000153,yahoo_bootstrap
2022-09-01,48.65000153,51.90000153,48.20000076,48.20000076,8093228,0,1,48.20000076,yahoo_bootstrap
2022-09-02,48.54999924,48.90000153,47.09999847,47.25,2145384,0,1,47.25,yahoo_bootstrap
2022-09-05,47.54999924,47.75,45.34999847,45.54999924,1354100,0,1,45.54999924,yahoo_bootstrap
2022-09-06,45.90000153,47.34999847,45,45,1807047,0,1,45,yahoo_bootstrap
2022-09-07,44.54999924,44.95000076,43.95000076,44.25,774001,0,1,44.25,yahoo_bootstrap
2022-09-08,44.84999847,45.20000076,44.34999847,44.79999924,414910,0,1,44.79999924,yahoo_bootstrap
2022-09-12,45.5,45.79999924,45.04999924,45.25,426000,0,1,45.25,yahoo_bootstrap
2022-09-13,45.79999924,46.04999924,45.09999847,45.25,433000,0,1,45.25,yahoo_bootstrap
2022-09-14,43,44.79999924,42.65000153,44.79999924,664298,0,1,44.79999924,yahoo_bootstrap
2022-09-15,44.79999924,45.34999847,44,44.15000153,567556,0,1,44.15000153,yahoo_bootstrap
2022-09-16,44.09999847,44.5,43.20000076,43.29999924,551200,0,1,43.29999924,yahoo_bootstrap
2022-09-19,43.5,43.5,42.34999847,42.45000076,605000,0,1,42.45000076,yahoo_bootstrap
2022-09-20,42.59999847,43.25,42.25,42.59999847,337020,0,1,42.59999847,yahoo_bootstrap
2022-09-21,42.54999924,42.54999924,41.15000153,41.25,665000,0,1,41.25,yahoo_bootstrap
2022-09-22,40.90000153,42.20000076,40,42.20000076,642384,0,1,42.20000076,yahoo_bootstrap
2022-09-23,42.15000153,42.25,40.75,40.84999847,625156,0,1,40.84999847,yahoo_bootstrap
2022-09-26,40.09999847,40.79999924,38.04999924,38.5,1109024,0,1,38.5,yahoo_bootstrap
2022-09-27,37.79999924,39.45000076,37.79999924,39,737384,0,1,39,yahoo_bootstrap
2022-09-28,39.04999924,39.04999924,36.79999924,36.79999924,1079280,0,1,36.79999924,yahoo_bootstrap
2022-09-29,38,38,36.84999847,37.09999847,584052,0,1,37.09999847,yahoo_bootstrap
2022-09-30,35.79999924,37.40000153,35.70000076,37.15000153,532011,0,1,37.15000153,yahoo_bootstrap
2022-10-03,36.70000076,38.15000153,36.20000076,37.90000153,564022,0,1,37.90000153,yahoo_bootstrap
2022-10-04,38.70000076,39.04999924,38.15000153,39,740068,0,1,39,yahoo_bootstrap
2022-10-05,39.25,39.95000076,38.29999924,38.40000153,813339,0,1,38.40000153,yahoo_bootstrap
2022-10-06,38.59999847,39,38.25,38.45000076,312306,0,1,38.45000076,yahoo_bootstrap
2022-10-07,38.79999924,39,38.25,38.79999924,367050,0,1,38.79999924,yahoo_bootstrap
2022-10-11,36.79999924,37.59999847,35.79999924,35.90000153,809909,0,1,35.90000153,yahoo_bootstrap
2022-10-12,36,36.29999924,35,35.79999924,465001,0,1,35.79999924,yahoo_bootstrap
2022-10-13,35.79999924,35.79999924,32.25,32.25,1344998,0,1,32.25,yahoo_bootstrap
2022-10-14,33.90000153,35.09999847,33.34999847,34.79999924,912030,0,1,34.79999924,yahoo_bootstrap
2022-10-17,34,34.90000153,33.04999924,34.90000153,574229,0,1,34.90000153,yahoo_bootstrap
2022-10-18,35.34999847,35.70000076,34.34999847,34.95000076,364000,0,1,34.95000076,yahoo_bootstrap
2022-10-19,35,35.54999924,34.54999924,34.79999924,222118,0,1,34.79999924,yahoo_bootstrap
2022-10-20,34.79999924,34.79999924,33.65000153,34.09999847,367000,0,1,34.09999847,yahoo_bootstrap
2022-10-21,34.25,34.25,33,33.04999924,309004,0,1,33.04999924,yahoo_bootstrap
2022-10-24,34.20000076,34.70000076,33.59999847,34.04999924,326360,0,1,34.04999924,yahoo_bootstrap
2022-10-25,34.15000153,34.20000076,33.20000076,33.25,322105,0,1,33.25,yahoo_bootstrap
2022-10-26,33.34999847,34.5,33.34999847,33.54999924,741946,0,1,33.54999924,yahoo_bootstrap
2022-10-27,33.59999847,34.59999847,33.59999847,34.54999924,466087,0,1,34.54999924,yahoo_bootstrap
2022-10-28,34.54999924,34.75,33.45000076,33.5,290128,0,1,33.5,yahoo_bootstrap
2022-10-31,34,35.29999924,34,34.5,471128,0,1,34.5,yahoo_bootstrap
2022-11-01,34.5,35.20000076,34.29999924,35.09999847,456128,0,1,35.09999847,yahoo_bootstrap
2022-11-02,35.09999847,36.15000153,35,35.90000153,468667,0,1,35.90000153,yahoo_bootstrap
2022-11-03,35.29999924,36.59999847,35.29999924,36.5,485072,0,1,36.5,yahoo_bootstrap
2022-11-04,35.79999924,36.70000076,35.79999924,36.5,258085,0,1,36.5,yahoo_bootstrap
2022-11-07,37.04999924,37.5,36.09999847,36.25,352555,0,1,36.25,yahoo_bootstrap
2022-11-08,36.59999847,37.5,36.59999847,36.70000076,546000,0,1,36.70000076,yahoo_bootstrap
2022-11-09,36.70000076,37.20000076,36.5,36.90000153,510469,0,1,36.90000153,yahoo_bootstrap
2022-11-10,36.5,39.40000153,36.40000153,36.54999924,2110895,0,1,36.54999924,yahoo_bootstrap
2022-11-11,38,38,36.70000076,37.15000153,668475,0,1,37.15000153,yahoo_bootstrap
2022-11-14,37.15000153,38.20000076,37,38.20000076,791292,0,1,38.20000076,yahoo_bootstrap
2022-11-15,38.20000076,38.84999847,38,38.5,630943,0,1,38.5,yahoo_bootstrap
2022-11-16,38.75,39,37.70000076,38,528316,0,1,38,yahoo_bootstrap
2022-11-17,38.20000076,40.95000076,38.20000076,40.65000153,3117559,0,1,40.65000153,yahoo_bootstrap
2022-11-18,40.65000153,40.90000153,39.84999847,39.90000153,1316002,0,1,39.90000153,yahoo_bootstrap
2022-11-21,40,40.34999847,38.54999924,38.70000076,483004,0,1,38.70000076,yahoo_bootstrap
2022-11-22,38.75,38.75,38,38.25,428178,0,1,38.25,yahoo_bootstrap
2022-11-23,38.75,39.70000076,38.45000076,38.5,409273,0,1,38.5,yahoo_bootstrap
2022-11-24,38.90000153,39.54999924,38.70000076,39.40000153,412210,0,1,39.40000153,yahoo_bootstrap
2022-11-25,39.54999924,40,38.65000153,38.65000153,319934,0,1,38.65000153,yahoo_bootstrap
2022-11-28,38.45000076,39.29999924,37.70000076,39.20000076,275385,0,1,39.20000076,yahoo_bootstrap
2022-11-29,39.20000076,39.20000076,38.79999924,39.04999924,181150,0,1,39.04999924,yahoo_bootstrap
2022-11-30,39.5,40.84999847,39.34999847,39.65000153,1031000,0,1,39.65000153,yahoo_bootstrap
2022-12-01,40.29999924,41.25,40.09999847,40.65000153,816900,0,1,40.65000153,yahoo_bootstrap
2022-12-02,40.79999924,42.40000153,40.79999924,42.40000153,1051279,0,1,42.40000153,yahoo_bootstrap
2022-12-05,42.40000153,42.40000153,41.40000153,41.59999847,831548,0,1,41.59999847,yahoo_bootstrap
2022-12-06,41.70000076,42.09999847,40.20000076,40.20000076,592001,0,1,40.20000076,yahoo_bootstrap
2022-12-07,40.20000076,40.59999847,39.15000153,39.25,472128,0,1,39.25,yahoo_bootstrap
2022-12-08,39.29999924,40,39.04999924,39.65000153,238173,0,1,39.65000153,yahoo_bootstrap
2022-12-09,40,40.45000076,38.70000076,38.79999924,451201,0,1,38.79999924,yahoo_bootstrap
2022-12-12,38.59999847,39.09999847,38,39,260004,0,1,39,yahoo_bootstrap
2022-12-13,39.45000076,39.45000076,38.29999924,38.29999924,251494,0,1,38.29999924,yahoo_bootstrap
2022-12-14,38.40000153,39.25,38.34999847,39.25,144130,0,1,39.25,yahoo_bootstrap
2022-12-15,39.5,39.5,38.84999847,39,138384,0,1,39,yahoo_bootstrap
2022-12-16,38.29999924,38.5,38.04999924,38.29999924,289007,0,1,38.29999924,yahoo_bootstrap
2022-12-19,38.5,38.5,38,38.29999924,127310,0,1,38.29999924,yahoo_bootstrap
2022-12-20,38.29999924,38.95000076,37,37,414064,0,1,37,yahoo_bootstrap
2022-12-21,37.45000076,37.75,37,37.29999924,234884,0,1,37.29999924,yahoo_bootstrap
2022-12-22,37.90000153,38.15000153,37.79999924,38.15000153,123003,0,1,38.15000153,yahoo_bootstrap
2022-12-23,38.09999847,38.34999847,37.40000153,38.20000076,138256,0,1,38.20000076,yahoo_bootstrap
2022-12-26,38.20000076,38.5,38,38.04999924,107613,0,1,38.04999924,yahoo_bootstrap
2022-12-27,38.29999924,38.70000076,38.29999924,38.34999847,126168,0,1,38.34999847,yahoo_bootstrap
2022-12-28,38.84999847,38.84999847,37.59999847,37.59999847,156013,0,1,37.59999847,yahoo_bootstrap
2022-12-29,37.5,37.79999924,37.04999924,37.65000153,144000,0,1,37.65000153,yahoo_bootstrap
2022-12-30,38.04999924,38.40000153,37.5,37.59999847,74258,0,1,37.59999847,yahoo_bootstrap
2023-01-03,37.59999847,38,37.25,37.79999924,81300,0,1,37.79999924,yahoo_bootstrap
2023-01-04,38,38.79999924,38,38.29999924,201256,0,1,38.29999924,yahoo_bootstrap
2023-01-05,38.45000076,38.95000076,38,38,185114,0,1,38,yahoo_bootstrap
2023-01-06,38.04999924,38.54999924,38,38.40000153,245030,0,1,38.40000153,yahoo_bootstrap
2023-01-09,38.70000076,38.90000153,38.59999847,38.70000076,268075,0,1,38.70000076,yahoo_bootstrap
2023-01-10,38.70000076,38.79999924,38.15000153,38.40000153,232574,0,1,38.40000153,yahoo_bootstrap
2023-01-11,38.54999924,38.90000153,38.40000153,38.65000153,165120,0,1,38.65000153,yahoo_bootstrap
2023-01-12,38.54999924,38.79999924,38.29999924,38.34999847,134384,0,1,38.34999847,yahoo_bootstrap
2023-01-13,38.70000076,38.70000076,37.34999847,37.34999847,278128,0,1,37.34999847,yahoo_bootstrap
2023-01-16,37.40000153,37.40000153,36.75,37.04999924,226517,0,1,37.04999924,yahoo_bootstrap
2023-01-17,36.90000153,37.25,36.90000153,36.90000153,223002,0,1,36.90000153,yahoo_bootstrap
2023-01-30,37.09999847,38.20000076,37.09999847,38.20000076,535485,0,1,38.20000076,yahoo_bootstrap
2023-01-31,38.25,39.5,38.04999924,39.45000076,610128,0,1,39.45000076,yahoo_bootstrap
2023-02-01,39.70000076,40.70000076,39.29999924,40.29999924,703269,0,1,40.29999924,yahoo_bootstrap
2023-02-02,40.5,41,39.90000153,40.5,581035,0,1,40.5,yahoo_bootstrap
2023-02-03,40.79999924,40.95000076,40.15000153,40.5,524271,0,1,40.5,yahoo_bootstrap
2023-02-06,40.5,41.15000153,40.15000153,40.45000076,240219,0,1,40.45000076,yahoo_bootstrap
2023-02-07,40.70000076,40.79999924,40.15000153,40.65000153,234256,0,1,40.65000153,yahoo_bootstrap
2023-02-08,41,41.45000076,40.65000153,41.45000076,565878,0,1,41.45000076,yahoo_bootstrap
2023-02-09,41.65000153,42,41,41.79999924,489512,0,1,41.79999924,yahoo_bootstrap
2023-02-10,41.79999924,41.79999924,40.20000076,40.20000076,493487,0,1,40.20000076,yahoo_bootstrap
2023-02-13,40.09999847,40.09999847,39.70000076,39.70000076,139128,0,1,39.70000076,yahoo_bootstrap
2023-02-14,39.90000153,40.5,39.70000076,40.09999847,196616,0,1,40.09999847,yahoo_bootstrap
2023-02-15,40.20000076,40.29999924,39.75,39.90000153,175762,0,1,39.90000153,yahoo_bootstrap
2023-02-16,40,40.90000153,40,40.84999847,315011,0,1,40.84999847,yahoo_bootstrap
2023-02-17,40.84999847,40.84999847,40.09999847,40.40000153,161384,0,1,40.40000153,yahoo_bootstrap
2023-02-20,40.09999847,41.65000153,40.09999847,41.65000153,438422,0,1,41.65000153,yahoo_bootstrap
2023-02-21,42.04999924,42.5,41.5,42.29999924,724042,0,1,42.29999924,yahoo_bootstrap
2023-02-22,41.40000153,41.54999924,40.70000076,41.34999847,535270,0,1,41.34999847,yahoo_bootstrap
2023-02-23,41.5,42,41.20000076,41.40000153,437391,0,1,41.40000153,yahoo_bootstrap
2023-02-24,41.79999924,41.79999924,40.79999924,40.90000153,248091,0,1,40.90000153,yahoo_bootstrap
2023-03-01,40.5,40.59999847,40,40.04999924,307186,0,1,40.04999924,yahoo_bootstrap
2023-03-02,40.45000076,40.59999847,39.90000153,40.20000076,221226,0,1,40.20000076,yahoo_bootstrap
2023-03-03,40.45000076,41.5,40.34999847,41.20000076,454429,0,1,41.20000076,yahoo_bootstrap
2023-03-06,41.90000153,45.29999924,41.59999847,45.29999924,4081134,0,1,45.29999924,yahoo_bootstrap
2023-03-07,46.09999847,49.79999924,46,49.79999924,15280503,0,1,49.79999924,yahoo_bootstrap
2023-03-08,49.84999847,51.5,49,50.5,26689043,0,1,50.5,yahoo_bootstrap
2023-03-09,51.29999924,51.79999924,49.09999847,50.5,7787972,0,1,50.5,yahoo_bootstrap
2023-03-10,49.5,49.95000076,47.95000076,48.5,3175160,0,1,48.5,yahoo_bootstrap
2023-03-13,47.59999847,48.20000076,45.54999924,47.59999847,2886361,0,1,47.59999847,yahoo_bootstrap
2023-03-14,47.5,47.5,45.70000076,46.54999924,1828050,0,1,46.54999924,yahoo_bootstrap
2023-03-15,46.95000076,50.59999847,46.95000076,47.84999847,5720473,0,1,47.84999847,yahoo_bootstrap
2023-03-16,47.15000153,51.20000076,47.15000153,50,12644677,0,1,50,yahoo_bootstrap
2023-03-17,51.29999924,52.20000076,49.54999924,50.5,10757187,0,1,50.5,yahoo_bootstrap
2023-03-20,51,51.20000076,49.84999847,50.29999924,2784102,0,1,50.29999924,yahoo_bootstrap
2023-03-21,50.5,52.90000153,49.95000076,50.5,6549331,0,1,50.5,yahoo_bootstrap
2023-03-22,51.29999924,52,50.5,51.29999924,3199214,0,1,51.29999924,yahoo_bootstrap
2023-03-23,51.59999847,53.59999847,50.79999924,51.40000153,10609626,0,1,51.40000153,yahoo_bootstrap
2023-03-24,51.40000153,51.59999847,50,50,3320193,0,1,50,yahoo_bootstrap
2023-03-27,50.09999847,50.09999847,49.20000076,49.59999847,1641363,0,1,49.59999847,yahoo_bootstrap
2023-03-28,49.79999924,50.29999924,48.09999847,48.40000153,1706151,0,1,48.40000153,yahoo_bootstrap
2023-03-29,48.75,49.15000153,48.20000076,48.25,1013146,0,1,48.25,yahoo_bootstrap
2023-03-30,48.54999924,49.79999924,48.54999924,49.59999847,1159050,0,1,49.59999847,yahoo_bootstrap
2023-03-31,49.70000076,50.20000076,49.04999924,49.04999924,1108176,0,1,49.04999924,yahoo_bootstrap
2023-04-06,49.5,51.09999847,49.20000076,50.79999924,2607838,0,1,50.79999924,yahoo_bootstrap
2023-04-07,50.79999924,51.20000076,49.90000153,50.5,1499697,0,1,50.5,yahoo_bootstrap
2023-04-10,51,51.59999847,50.40000153,50.70000076,2333146,0,1,50.70000076,yahoo_bootstrap
2023-04-11,51.40000153,51.40000153,50.20000076,50.29999924,854553,0,1,50.29999924,yahoo_bootstrap
2023-04-12,50.70000076,50.79999924,49.90000153,50,1041626,0,1,50,yahoo_bootstrap
2023-04-13,50.20000076,50.20000076,48.79999924,49,1299014,0,1,49,yahoo_bootstrap
2023-04-14,49.20000076,49.34999847,48.79999924,48.84999847,685385,0,1,48.84999847,yahoo_bootstrap
2023-04-17,48.84999847,51.40000153,48.84999847,50.79999924,2885440,0,1,50.79999924,yahoo_bootstrap
2023-04-18,51.20000076,53.20000076,50.5,51,6363152,0,1,51,yahoo_bootstrap
2023-04-19,51,51.40000153,50,50.29999924,1822128,0,1,50.29999924,yahoo_bootstrap
2023-04-20,50.40000153,50.59999847,49.04999924,49.09999847,1391512,0,1,49.09999847,yahoo_bootstrap
2023-04-21,49.5,49.84999847,48.09999847,49.04999924,1077830,0,1,49.04999924,yahoo_bootstrap
2023-04-24,49.15000153,51.29999924,49.15000153,49.5,1104553,0,1,49.5,yahoo_bootstrap
2023-04-25,50.40000153,50.40000153,47.5,47.5,1082580,0,1,47.5,yahoo_bootstrap
2023-04-26,47.09999847,47.90000153,47.09999847,47.40000153,473288,0,1,47.40000153,yahoo_bootstrap
2023-04-27,47.40000153,47.5,46,46.70000076,825042,0,1,46.70000076,yahoo_bootstrap
2023-04-28,47.25,47.5,46.40000153,46.5,532020,0,1,46.5,yahoo_bootstrap
2023-05-02,47.29999924,47.34999847,46.40000153,47.09999847,621305,0,1,47.09999847,yahoo_bootstrap
2023-05-03,46.79999924,46.79999924,45,45.04999924,1300011,0,1,45.04999924,yahoo_bootstrap
2023-05-04,45.09999847,45.90000153,45,45.34999847,702001,0,1,45.34999847,yahoo_bootstrap
2023-05-05,45.04999924,45.45000076,44.29999924,44.29999924,910001,0,1,44.29999924,yahoo_bootstrap
2023-05-08,45,45,44.04999924,44.04999924,670212,0,1,44.04999924,yahoo_bootstrap
2023-05-09,44,44.15000153,42.75,42.79999924,794138,0,1,42.79999924,yahoo_bootstrap
2023-05-10,43,43.45000076,42.5,43.15000153,393339,0,1,43.15000153,yahoo_bootstrap
2023-05-11,43.20000076,43.20000076,41.90000153,41.95000076,842303,0,1,41.95000076,yahoo_bootstrap
2023-05-12,41.90000153,42.79999924,41.40000153,42.54999924,520591,0,1,42.54999924,yahoo_bootstrap
2023-05-15,42.5,42.5,41.59999847,42.09999847,274441,0,1,42.09999847,yahoo_bootstrap
2023-05-16,42.70000076,43.45000076,42.5,42.75,350351,0,1,42.75,yahoo_bootstrap
2023-05-17,43.29999924,45.45000076,42.95000076,44.90000153,2224107,0,1,44.90000153,yahoo_bootstrap
2023-05-18,45.09999847,45.20000076,44.20000076,44.59999847,1219282,0,1,44.59999847,yahoo_bootstrap
2023-05-19,44.45000076,44.95000076,43.90000153,43.90000153,478640,0,1,43.90000153,yahoo_bootstrap
2023-05-22,44.45000076,44.70000076,43.70000076,44.40000153,483102,0,1,44.40000153,yahoo_bootstrap
2023-05-23,44.40000153,44.70000076,44.04999924,44.29999924,307250,0,1,44.29999924,yahoo_bootstrap
2023-05-24,44.09999847,44.20000076,43.09999847,43.95000076,626023,0,1,43.95000076,yahoo_bootstrap
2023-05-25,44.20000076,44.5,43.34999847,43.34999847,453079,0,1,43.34999847,yahoo_bootstrap
2023-05-26,43.79999924,43.79999924,42.20000076,42.29999924,703015,0,1,42.29999924,yahoo_bootstrap
2023-05-29,42.84999847,44.34999847,42.79999924,43.70000076,817046,0,1,43.70000076,yahoo_bootstrap
2023-05-30,43.79999924,45.5,43.34999847,44.40000153,1380042,0,1,44.40000153,yahoo_bootstrap
2023-05-31,45.79999924,45.79999924,44.40000153,44.84999847,604655,0,1,44.84999847,yahoo_bootstrap
2023-06-01,44.40000153,46.79999924,44.40000153,44.90000153,2201256,0,1,44.90000153,yahoo_bootstrap
2023-06-02,45.04999924,45.34999847,44.59999847,44.70000076,616785,0,1,44.70000076,yahoo_bootstrap
2023-06-05,45,46.09999847,45,45.34999847,1138284,0,1,45.34999847,yahoo_bootstrap
2023-06-06,45.45000076,45.90000153,44.29999924,44.34999847,607005,0,1,44.34999847,yahoo_bootstrap
2023-06-07,44.40000153,44.70000076,44.20000076,44.45000076,297242,0,1,44.45000076,yahoo_bootstrap
2023-06-08,44.59999847,44.59999847,43.09999847,43.09999847,602512,0,1,43.09999847,yahoo_bootstrap
2023-06-09,43.20000076,44.45000076,43.20000076,43.70000076,648411,0,1,43.70000076,yahoo_bootstrap
2023-06-12,43.70000076,43.90000153,42.70000076,43.04999924,418518,0,1,43.04999924,yahoo_bootstrap
2023-06-13,43.09999847,43.75,43.09999847,43.09999847,355077,0,1,43.09999847,yahoo_bootstrap
2023-06-14,43.40000153,44.79999924,43.40000153,44.25,961217,0,1,44.25,yahoo_bootstrap
2023-06-15,44.20000076,44.5,43.65000153,43.79999924,404534,0,1,43.79999924,yahoo_bootstrap
2023-06-16,43.79999924,44.09999847,42.95000076,42.95000076,834057,0,1,42.95000076,yahoo_bootstrap
2023-06-19,42.90000153,42.90000153,42.29999924,42.54999924,374635,0,1,42.54999924,yahoo_bootstrap
2023-06-20,42.70000076,42.70000076,42.09999847,42.20000076,345301,0,1,42.20000076,yahoo_bootstrap
2023-06-21,42.20000076,42.59999847,42.20000076,42.45000076,306079,0,1,42.45000076,yahoo_bootstrap
2023-06-26,42.25,42.54999924,41.79999924,41.90000153,410303,0,1,41.90000153,yahoo_bootstrap
2023-06-27,41.75,41.79999924,40.54999924,40.59999847,1008496,0,1,40.59999847,yahoo_bootstrap
2023-06-28,40.84999847,41.75,40.84999847,41.45000076,577033,0,1,41.45000076,yahoo_bootstrap
2023-06-29,41.65000153,43.79999924,41.65000153,42.70000076,1125201,0,1,42.70000076,yahoo_bootstrap
2023-06-30,43,43,42,42.25,321011,0,1,42.25,yahoo_bootstrap
2023-07-03,42.70000076,42.70000076,42.09999847,42.25,302422,0,1,42.25,yahoo_bootstrap
2023-07-04,42.25,42.54999924,41.40000153,41.90000153,388450,0,1,41.90000153,yahoo_bootstrap
2023-07-05,41.90000153,46.04999924,41.90000153,45.65000153,5446137,0,1,45.65000153,yahoo_bootstrap
2023-07-06,45.45000076,46.59999847,44.84999847,46.5,4364797,0,1,46.5,yahoo_bootstrap
2023-07-07,46.5,46.5,44.70000076,45.5,2695128,0,1,45.5,yahoo_bootstrap
2023-07-10,46,49.20000076,45.04999924,45.04999924,4213257,0,1,45.04999924,yahoo_bootstrap
2023-07-11,45.5,46.59999847,45,45.90000153,2008258,0,1,45.90000153,yahoo_bootstrap
2023-07-12,46.5,46.5,44.09999847,44.29999924,1284172,0,1,44.29999924,yahoo_bootstrap
2023-07-13,45,45.20000076,44,44,866097,0,1,44,yahoo_bootstrap
2023-07-14,44.20000076,44.65000153,43.59999847,44,957340,0,1,44,yahoo_bootstrap
2023-07-17,44,45.45000076,43.25,44.54999924,917395,0,1,44.54999924,yahoo_bootstrap
2023-07-18,44.70000076,45.09999847,43.59999847,43.65000153,895046,0,1,43.65000153,yahoo_bootstrap
2023-07-19,44.09999847,44.90000153,43.54999924,43.65000153,572664,0,1,43.65000153,yahoo_bootstrap
2023-07-20,44,44.79999924,43.90000153,44.70000076,525420,0,1,44.70000076,yahoo_bootstrap
2023-07-21,44.29999924,44.29999924,43.45000076,43.59999847,560128,0,1,43.59999847,yahoo_bootstrap
2023-07-24,43.29999924,43.29999924,41.95000076,42,929384,0,1,42,yahoo_bootstrap
2023-07-25,42.25,43,41.90000153,42.5,334317,0,1,42.5,yahoo_bootstrap
2023-07-26,42.84999847,42.95000076,41.70000076,41.79999924,406006,0,1,41.79999924,yahoo_bootstrap
2023-07-27,41.90000153,42.75,41.79999924,42.54999924,428078,0,1,42.54999924,yahoo_bootstrap
2023-07-28,42.5,42.54999924,41.95000076,42.5,258206,0,1,42.5,yahoo_bootstrap
2023-07-31,42.70000076,43.70000076,42.5,42.84999847,730257,0,1,42.84999847,yahoo_bootstrap
2023-08-01,43.20000076,43.40000153,42.40000153,42.54999924,389329,0,1,42.54999924,yahoo_bootstrap
2023-08-02,42.65000153,43.5,41.65000153,41.84999847,656000,0,1,41.84999847,yahoo_bootstrap
2023-08-04,42,42.40000153,41.25,42.25,278004,0,1,42.25,yahoo_bootstrap
2023-08-07,42.20000076,42.84999847,41.79999924,42.75,216514,0,1,42.75,yahoo_bootstrap
2023-08-08,42.79999924,42.84999847,41.90000153,42.04999924,297400,0,1,42.04999924,yahoo_bootstrap
2023-08-09,41.70000076,42.20000076,41.45000076,41.5,388629,0,1,41.5,yahoo_bootstrap
2023-08-10,41.20000076,41.29999924,40.59999847,40.84999847,376355,0,1,40.84999847,yahoo_bootstrap
2023-08-11,40.90000153,42,40.90000153,41.25,362470,0,1,41.25,yahoo_bootstrap
2023-08-14,41.29999924,41.65000153,39.59999847,39.90000153,530322,0,1,39.90000153,yahoo_bootstrap
2023-08-15,40,40.25,39.79999924,40,329281,0,1,40,yahoo_bootstrap
2023-08-16,39.90000153,42.45000076,39.75,42.45000076,1092099,0,1,42.45000076,yahoo_bootstrap
2023-08-17,42,42.79999924,41.59999847,42,533512,0,1,42,yahoo_bootstrap
2023-08-18,42,42.59999847,41,41.29999924,545228,0,1,41.29999924,yahoo_bootstrap
2023-08-21,41.65000153,41.65000153,40.84999847,40.95000076,184435,0,1,40.95000076,yahoo_bootstrap
2023-08-22,41.15000153,41.59999847,40.65000153,40.90000153,261768,0,1,40.90000153,yahoo_bootstrap
2023-08-23,41.04999924,41.40000153,40.79999924,41.04999924,146000,0,1,41.04999924,yahoo_bootstrap
2023-08-24,41.40000153,41.65000153,40.09999847,40.29999924,485384,0,1,40.29999924,yahoo_bootstrap
2023-08-25,40.20000076,40.59999847,39.65000153,40.09999847,204052,0,1,40.09999847,yahoo_bootstrap
2023-08-28,40.40000153,40.40000153,39.5,39.54999924,373161,0,1,39.54999924,yahoo_bootstrap
2023-08-29,39.65000153,40.40000153,39.65000153,40.20000076,375100,0,1,40.20000076,yahoo_bootstrap
2023-08-30,40.95000076,40.95000076,40.25,40.65000153,273200,0,1,40.65000153,yahoo_bootstrap
2023-08-31,40.40000153,41.09999847,40.04999924,40.65000153,224050,0,1,40.65000153,yahoo_bootstrap
2023-09-01,40.59999847,41.75,40.59999847,41.34999847,377025,0,1,41.34999847,yahoo_bootstrap
2023-09-04,41.5,41.90000153,41.20000076,41.25,317090,0,1,41.25,yahoo_bootstrap
2023-09-05,41.70000076,41.95000076,41.34999847,41.79999924,303000,0,1,41.79999924,yahoo_bootstrap
2023-09-06,41.79999924,41.90000153,41.29999924,41.40000153,276136,0,1,41.40000153,yahoo_bootstrap
2023-09-07,41.70000076,42.15000153,41.34999847,41.34999847,331388,0,1,41.34999847,yahoo_bootstrap
2023-09-08,40.95000076,41.09999847,40.40000153,40.59999847,221064,0,1,40.59999847,yahoo_bootstrap
2023-09-11,40.59999847,40.59999847,39.5,39.84999847,349875,0,1,39.84999847,yahoo_bootstrap
2023-09-12,40,40.25,39.65000153,40.09999847,227689,0,1,40.09999847,yahoo_bootstrap
2023-09-13,40.5,40.84999847,40,40.59999847,175001,0,1,40.59999847,yahoo_bootstrap
2023-09-14,41.15000153,41.79999924,40.79999924,41.54999924,525001,0,1,41.54999924,yahoo_bootstrap
2023-09-15,41.59999847,41.70000076,40.95000076,41.09999847,308305,0,1,41.09999847,yahoo_bootstrap
2023-09-18,41.15000153,42.29999924,41.15000153,41.40000153,424100,0,1,41.40000153,yahoo_bootstrap
2023-09-19,41.5,42,40.75,40.75,193035,0,1,40.75,yahoo_bootstrap
2023-09-20,41.20000076,41.20000076,40.20000076,40.20000076,226015,0,1,40.20000076,yahoo_bootstrap
2023-09-21,39.79999924,40.15000153,39.65000153,39.84999847,361005,0,1,39.84999847,yahoo_bootstrap
2023-09-22,40.20000076,41.5,40,40.04999924,303006,0,1,40.04999924,yahoo_bootstrap
2023-09-25,40,41.40000153,40,40.40000153,165120,0,1,40.40000153,yahoo_bootstrap
2023-09-26,40.59999847,40.75,39.84999847,39.84999847,188010,0,1,39.84999847,yahoo_bootstrap
2023-09-27,39.70000076,40,39.5,39.79999924,157100,0,1,39.79999924,yahoo_bootstrap
2023-09-28,39.90000153,40.70000076,39.79999924,40.5,254005,0,1,40.5,yahoo_bootstrap
2023-10-02,40.79999924,40.90000153,40.34999847,40.70000076,217035,0,1,40.70000076,yahoo_bootstrap
2023-10-03,40.65000153,40.90000153,40.25,40.75,217000,0,1,40.75,yahoo_bootstrap
2023-10-04,40.70000076,40.70000076,39.95000076,40.29999924,234005,0,1,40.29999924,yahoo_bootstrap
2023-10-05,40.75,41.29999924,40.40000153,40.5,426000,0,1,40.5,yahoo_bootstrap
2023-10-06,40.75,40.79999924,40.29999924,40.29999924,98256,0,1,40.29999924,yahoo_bootstrap
2023-10-11,40.34999847,40.5,39.79999924,39.79999924,413105,0,1,39.79999924,yahoo_bootstrap
2023-10-12,40.09999847,40.15000153,39.84999847,40.09999847,171070,0,1,40.09999847,yahoo_bootstrap
2023-10-13,40.15000153,40.75,39.90000153,39.90000153,217429,0,1,39.90000153,yahoo_bootstrap
2023-10-16,39.90000153,40,39.20000076,39.20000076,532091,0,1,39.20000076,yahoo_bootstrap
2023-10-17,39.34999847,39.45000076,37.90000153,38,953124,0,1,38,yahoo_bootstrap
2023-10-18,37.79999924,37.79999924,37,37.15000153,428155,0,1,37.15000153,yahoo_bootstrap
2023-10-19,36.90000153,36.90000153,36.34999847,36.84999847,326128,0,1,36.84999847,yahoo_bootstrap
2023-10-20,36.5,36.54999924,35.29999924,36.29999924,311011,0,1,36.29999924,yahoo_bootstrap
2023-10-23,36.04999924,36.84999847,35.95000076,36.20000076,177512,0,1,36.20000076,yahoo_bootstrap
2023-10-24,36.25,36.84999847,35.90000153,36.84999847,174650,0,1,36.84999847,yahoo_bootstrap
2023-10-25,37.20000076,38.04999924,37.09999847,37.90000153,322845,0,1,37.90000153,yahoo_bootstrap
2023-10-26,37.25,37.70000076,37.20000076,37.20000076,202404,0,1,37.20000076,yahoo_bootstrap
2023-10-27,37.25,37.54999924,36.79999924,36.79999924,129193,0,1,36.79999924,yahoo_bootstrap
2023-10-30,36.84999847,38,36.84999847,37.54999924,133173,0,1,37.54999924,yahoo_bootstrap
2023-10-31,38,38.20000076,36.59999847,36.59999847,165385,0,1,36.59999847,yahoo_bootstrap
2023-11-01,36.75,37,36.20000076,36.59999847,101323,0,1,36.59999847,yahoo_bootstrap
2023-11-02,36.79999924,37.40000153,36.79999924,37.15000153,155583,0,1,37.15000153,yahoo_bootstrap
2023-11-03,37.5,38.04999924,37.20000076,37.34999847,209100,0,1,37.34999847,yahoo_bootstrap
2023-11-06,37.79999924,38,37.40000153,37.65000153,134290,0,1,37.65000153,yahoo_bootstrap
2023-11-07,37.70000076,37.75,37.40000153,37.75,127999,0,1,37.75,yahoo_bootstrap
2023-11-08,37.90000153,38.5,37.90000153,38,232256,0,1,38,yahoo_bootstrap
2023-11-09,37.70000076,37.75,37,37,188040,0,1,37,yahoo_bootstrap
2023-11-10,37,37,36,36.15000153,287057,0,1,36.15000153,yahoo_bootstrap
2023-11-13,36.90000153,36.90000153,36.25,36.29999924,164080,0,1,36.29999924,yahoo_bootstrap
2023-11-14,36.5,37.45000076,36.40000153,36.90000153,329164,0,1,36.90000153,yahoo_bootstrap
2023-11-15,37.29999924,37.79999924,36.75,37.79999924,359912,0,1,37.79999924,yahoo_bootstrap
2023-11-16,38,38.09999847,37.45000076,37.75,157084,0,1,37.75,yahoo_bootstrap
2023-11-17,37.75,39.09999847,37.75,38.90000153,741382,0,1,38.90000153,yahoo_bootstrap
2023-11-20,39.5,40.84999847,39.29999924,40.09999847,1199582,0,1,40.09999847,yahoo_bootstrap
2023-11-21,40.09999847,40.59999847,39.54999924,40,545197,0,1,40,yahoo_bootstrap
2023-11-22,39.79999924,41.5,39.5,40.40000153,692031,0,1,40.40000153,yahoo_bootstrap
2023-11-23,40.40000153,41.45000076,40.34999847,40.65000153,733967,0,1,40.65000153,yahoo_bootstrap
2023-11-24,40.5,41.09999847,39.79999924,39.79999924,455440,0,1,39.79999924,yahoo_bootstrap
2023-11-27,40,40.75,39.84999847,39.84999847,424049,0,1,39.84999847,yahoo_bootstrap
2023-11-28,40.20000076,40.59999847,40,40.54999924,233456,0,1,40.54999924,yahoo_bootstrap
2023-11-29,40.65000153,41,40.40000153,40.40000153,239050,0,1,40.40000153,yahoo_bootstrap
2023-11-30,40.45000076,40.70000076,40.09999847,40.29999924,218103,0,1,40.29999924,yahoo_bootstrap
2023-12-01,40.34999847,40.79999924,40.20000076,40.70000076,253509,0,1,40.70000076,yahoo_bootstrap
2023-12-04,40.70000076,41.45000076,40.25,40.25,346055,0,1,40.25,yahoo_bootstrap
2023-12-05,40.20000076,40.20000076,39.84999847,39.84999847,194422,0,1,39.84999847,yahoo_bootstrap
2023-12-06,39.84999847,40.29999924,39.79999924,39.84999847,201556,0,1,39.84999847,yahoo_bootstrap
2023-12-07,40.09999847,40.70000076,40,40.04999924,297627,0,1,40.04999924,yahoo_bootstrap
2023-12-08,40.45000076,40.45000076,39.90000153,40,166522,0,1,40,yahoo_bootstrap
2023-12-11,39.79999924,40.20000076,39.70000076,39.84999847,242610,0,1,39.84999847,yahoo_bootstrap
2023-12-12,40.09999847,43.79999924,40.04999924,43.79999924,4084369,0,1,43.79999924,yahoo_bootstrap
2023-12-13,44.75,46.5,43.20000076,44.34999847,10492375,0,1,44.34999847,yahoo_bootstrap
2023-12-14,44.40000153,44.90000153,42.70000076,42.90000153,3448896,0,1,42.90000153,yahoo_bootstrap
2023-12-15,42.90000153,42.95000076,41.90000153,42.90000153,1418452,0,1,42.90000153,yahoo_bootstrap
2023-12-18,42.90000153,42.90000153,40.90000153,41,1405388,0,1,41,yahoo_bootstrap
2023-12-19,41.15000153,41.40000153,40.20000076,40.20000076,795046,0,1,40.20000076,yahoo_bootstrap
2023-12-20,40.25,41.79999924,40.25,41.15000153,626001,0,1,41.15000153,yahoo_bootstrap
2023-12-21,40.70000076,41.79999924,40.5,41,539049,0,1,41,yahoo_bootstrap
2023-12-22,41.20000076,41.40000153,40.95000076,40.95000076,203512,0,1,40.95000076,yahoo_bootstrap
2023-12-25,40.70000076,41.5,40.70000076,41.04999924,258038,0,1,41.04999924,yahoo_bootstrap
2023-12-26,41.54999924,42.20000076,41.34999847,41.75,428256,0,1,41.75,yahoo_bootstrap
2023-12-27,42,42,41.25,41.25,271153,0,1,41.25,yahoo_bootstrap
2023-12-28,41.5,41.5,40.95000076,41.29999924,260344,0,1,41.29999924,yahoo_bootstrap
2023-12-29,41.5,41.90000153,41.25,41.5,359325,0,1,41.5,yahoo_bootstrap
2024-01-02,41.90000153,42.15000153,41.09999847,41.20000076,297329,0,1,41.20000076,yahoo_bootstrap
2024-01-03,41.15000153,41.15000153,40.5,40.54999924,300108,0,1,40.54999924,yahoo_bootstrap
2024-01-04,40.54999924,40.54999924,40.15000153,40.15000153,309384,0,1,40.15000153,yahoo_bootstrap
2024-01-05,40.45000076,41.25,40.29999924,40.45000076,180282,0,1,40.45000076,yahoo_bootstrap
2024-01-08,40.65000153,40.95000076,40.15000153,40.15000153,223011,0,1,40.15000153,yahoo_bootstrap
2024-01-09,40.25,40.79999924,39.5,39.5,548039,0,1,39.5,yahoo_bootstrap
2024-01-10,39.54999924,39.70000076,39.45000076,39.54999924,120062,0,1,39.54999924,yahoo_bootstrap
2024-01-11,39.95000076,40,39.59999847,39.79999924,199818,0,1,39.79999924,yahoo_bootstrap
2024-01-12,40.09999847,40.15000153,39.34999847,39.45000076,229192,0,1,39.45000076,yahoo_bootstrap
2024-01-15,39.54999924,40,39.29999924,40,284513,0,1,40,yahoo_bootstrap
2024-01-16,39.79999924,39.79999924,39.09999847,39.40000153,240395,0,1,39.40000153,yahoo_bootstrap
2024-01-17,39.29999924,39.29999924,38.15000153,38.20000076,536152,0,1,38.20000076,yahoo_bootstrap
2024-01-18,38.25,38.59999847,38.04999924,38.34999847,153000,0,1,38.34999847,yahoo_bootstrap
2024-01-19,38.15000153,38.5,38.15000153,38.45000076,257200,0,1,38.45000076,yahoo_bootstrap
2024-01-22,38.59999847,39.04999924,38.5,38.70000076,166257,0,1,38.70000076,yahoo_bootstrap
2024-01-23,39.04999924,39.70000076,39.04999924,39.70000076,183296,0,1,39.70000076,yahoo_bootstrap
2024-01-24,39.95000076,40.70000076,39.59999847,39.84999847,432145,0,1,39.84999847,yahoo_bootstrap
2024-01-25,39.90000153,40,39.20000076,39.45000076,244708,0,1,39.45000076,yahoo_bootstrap
2024-01-26,39.45000076,39.45000076,38.79999924,38.84999847,151640,0,1,38.84999847,yahoo_bootstrap
2024-01-29,39.25,41.70000076,39.25,40.5,1527796,0,1,40.5,yahoo_bootstrap
2024-01-30,40.5,41.09999847,40,40.15000153,364256,0,1,40.15000153,yahoo_bootstrap
2024-01-31,40.90000153,41.20000076,40.20000076,40.20000076,335585,0,1,40.20000076,yahoo_bootstrap
2024-02-01,40.20000076,40.20000076,39.90000153,39.90000153,177151,0,1,39.90000153,yahoo_bootstrap
2024-02-02,40,40.65000153,40,40.29999924,219409,0,1,40.29999924,yahoo_bootstrap
2024-02-05,40.70000076,40.70000076,39.54999924,39.65000153,274568,0,1,39.65000153,yahoo_bootstrap
2024-02-15,39.90000153,41.20000076,39.90000153,41.15000153,591256,0,1,41.15000153,yahoo_bootstrap
2024-02-16,41.75,42.34999847,40.90000153,42.29999924,1305640,0,1,42.29999924,yahoo_bootstrap
2024-02-19,42.79999924,42.79999924,41.70000076,41.79999924,706844,0,1,41.79999924,yahoo_bootstrap
2024-02-20,41.59999847,41.65000153,41.04999924,41.09999847,298422,0,1,41.09999847,yahoo_bootstrap
2024-02-21,41.15000153,41.5,40.75,40.84999847,397013,0,1,40.84999847,yahoo_bootstrap
2024-02-22,41,41.29999924,40.65000153,40.65000153,273256,0,1,40.65000153,yahoo_bootstrap
2024-02-23,40.54999924,40.90000153,39.95000076,39.95000076,737480,0,1,39.95000076,yahoo_bootstrap
2024-02-26,40,40,39.59999847,39.65000153,503275,0,1,39.65000153,yahoo_bootstrap
2024-02-27,39.75,40,38.25,38.79999924,631044,0,1,38.79999924,yahoo_bootstrap
2024-02-29,38.84999847,39.25,38.84999847,39.04999924,281290,0,1,39.04999924,yahoo_bootstrap
2024-03-01,39.25,39.25,38.79999924,39.04999924,182518,0,1,39.04999924,yahoo_bootstrap
2024-03-04,39.25,39.95000076,39.09999847,39.40000153,468394,0,1,39.40000153,yahoo_bootstrap
2024-03-05,39.70000076,39.95000076,39,39.04999924,427220,0,1,39.04999924,yahoo_bootstrap
2024-03-06,39.25,39.29999924,38.84999847,38.90000153,262353,0,1,38.90000153,yahoo_bootstrap
2024-03-07,39,39.34999847,38.09999847,38.09999847,589030,0,1,38.09999847,yahoo_bootstrap
2024-03-08,38.09999847,38.09999847,36.95000076,37,757015,0,1,37,yahoo_bootstrap
2024-03-11,37.65000153,38.40000153,37.65000153,38,243138,0,1,38,yahoo_bootstrap
2024-03-12,38.70000076,39.09999847,38.09999847,38.09999847,333004,0,1,38.09999847,yahoo_bootstrap
2024-03-13,38.20000076,38.79999924,38.09999847,38.45000076,497256,0,1,38.45000076,yahoo_bootstrap
2024-03-14,38.65000153,38.65000153,38.04999924,38.15000153,213562,0,1,38.15000153,yahoo_bootstrap
2024-03-15,38,40.15000153,38,39,819257,0,1,39,yahoo_bootstrap
2024-03-18,39.29999924,41.59999847,38.75,40.65000153,1389305,0,1,40.65000153,yahoo_bootstrap
2024-03-19,40.65000153,40.70000076,39.90000153,40,431724,0,1,40,yahoo_bootstrap
2024-03-20,40.15000153,40.79999924,39.79999924,40.09999847,581205,0,1,40.09999847,yahoo_bootstrap
2024-03-21,40.15000153,40.29999924,39.70000076,39.90000153,412044,0,1,39.90000153,yahoo_bootstrap
2024-03-22,39.90000153,41.54999924,39.90000153,41.04999924,1050276,0,1,41.04999924,yahoo_bootstrap
2024-03-25,42,43.04999924,41.54999924,42.79999924,2172599,0,1,42.79999924,yahoo_bootstrap
2024-03-26,43,44.70000076,42.34999847,43.04999924,3192357,0,1,43.04999924,yahoo_bootstrap
2024-03-27,43.04999924,44.40000153,42.54999924,43.54999924,1451484,0,1,43.54999924,yahoo_bootstrap
2024-03-28,43.15000153,44.20000076,42.70000076,42.70000076,1003070,0,1,42.70000076,yahoo_bootstrap
2024-03-29,42.59999847,42.75,41.90000153,41.90000153,822000,0,1,41.90000153,yahoo_bootstrap
2024-04-01,42,42.90000153,41.84999847,42,605444,0,1,42,yahoo_bootstrap
2024-04-02,42.25,42.29999924,41.34999847,41.45000076,557148,0,1,41.45000076,yahoo_bootstrap
2024-04-03,41.20000076,41.5,40.70000076,40.79999924,385537,0,1,40.79999924,yahoo_bootstrap
2024-04-08,40.59999847,42.25,40.59999847,41.84999847,695902,0,1,41.84999847,yahoo_bootstrap
2024-04-09,42.29999924,42.79999924,41.59999847,41.70000076,689225,0,1,41.70000076,yahoo_bootstrap
2024-04-10,41.84999847,41.90000153,41.15000153,41.20000076,467206,0,1,41.20000076,yahoo_bootstrap
2024-04-11,41,41.04999924,40.59999847,40.65000153,633512,0,1,40.65000153,yahoo_bootstrap
2024-04-12,40.65000153,41.34999847,40.45000076,40.70000076,393019,0,1,40.70000076,yahoo_bootstrap
2024-04-15,40.90000153,41.5,40.29999924,41.20000076,479205,0,1,41.20000076,yahoo_bootstrap
2024-04-16,41.20000076,41.20000076,39.09999847,39.59999847,941000,0,1,39.59999847,yahoo_bootstrap
2024-04-17,40.25,40.70000076,40.09999847,40.59999847,468457,0,1,40.59999847,yahoo_bootstrap
2024-04-18,40.79999924,41.20000076,40.15000153,41,399254,0,1,41,yahoo_bootstrap
2024-04-19,40.84999847,41.79999924,39.59999847,40.20000076,922026,0,1,40.20000076,yahoo_bootstrap
2024-04-22,40.20000076,40.90000153,38.84999847,38.90000153,677203,0,1,38.90000153,yahoo_bootstrap
2024-04-23,39.15000153,39.5,39,39.25,226649,0,1,39.25,yahoo_bootstrap
2024-04-24,39.84999847,39.84999847,39.15000153,39.25,422535,0,1,39.25,yahoo_bootstrap
2024-04-25,39.45000076,39.45000076,38.59999847,38.84999847,250872,0,1,38.84999847,yahoo_bootstrap
2024-04-26,39.20000076,39.20000076,38.70000076,39,203401,0,1,39,yahoo_bootstrap
2024-04-29,39.54999924,42.59999847,39.54999924,41.84999847,1444236,0,1,41.84999847,yahoo_bootstrap
2024-04-30,42.29999924,45.29999924,42.29999924,42.70000076,4794859,0,1,42.70000076,yahoo_bootstrap
2024-05-02,42.70000076,42.70000076,41.70000076,41.70000076,659427,0,1,41.70000076,yahoo_bootstrap
2024-05-03,42.09999847,42.54999924,41.54999924,41.65000153,529984,0,1,41.65000153,yahoo_bootstrap
2024-05-06,42.09999847,42.75,42.09999847,42.59999847,771148,0,1,42.59999847,yahoo_bootstrap
2024-05-07,42.90000153,43.34999847,42.20000076,42.29999924,508060,0,1,42.29999924,yahoo_bootstrap
2024-05-08,42.45000076,42.45000076,41.25,41.5,417110,0,1,41.5,yahoo_bootstrap
2024-05-09,42.20000076,44.25,42.20000076,43.79999924,2218514,0,1,43.79999924,yahoo_bootstrap
2024-05-10,44.25,44.29999924,42.79999924,43.54999924,1442158,0,1,43.54999924,yahoo_bootstrap
2024-05-13,43.84999847,44.95000076,42.34999847,44.59999847,2037676,0,1,44.59999847,yahoo_bootstrap
2024-05-14,44.45000076,45.79999924,43.04999924,43.04999924,1792051,0,1,43.04999924,yahoo_bootstrap
2024-05-15,43.04999924,43.90000153,42.75,43.25,749296,0,1,43.25,yahoo_bootstrap
2024-05-16,43.79999924,44.90000153,43.59999847,44.04999924,1499041,0,1,44.04999924,yahoo_bootstrap
2024-05-17,44.59999847,48.45000076,44.25,48.45000076,6809749,0,1,48.45000076,yahoo_bootstrap
2024-05-20,48.70000076,50.09999847,45.59999847,47,19359569,0,1,47,yahoo_bootstrap
2024-05-21,47,47.79999924,46.04999924,46.15000153,3354511,0,1,46.15000153,yahoo_bootstrap
2024-05-22,46.59999847,49.29999924,46.20000076,47,5416020,0,1,47,yahoo_bootstrap
2024-05-23,48.40000153,49.45000076,46.29999924,47.70000076,7129209,0,1,47.70000076,yahoo_bootstrap
2024-05-24,47.29999924,48.75,46.59999847,48.5,3004005,0,1,48.5,yahoo_bootstrap
2024-05-27,49.70000076,49.70000076,47.59999847,47.65000153,2747705,0,1,47.65000153,yahoo_bootstrap
2024-05-28,47.70000076,48.5,47.59999847,47.79999924,1700313,0,1,47.79999924,yahoo_bootstrap
2024-05-29,48.5,48.5,47.15000153,47.59999847,1937138,0,1,47.59999847,yahoo_bootstrap
2024-05-30,47.59999847,47.90000153,46.04999924,46.15000153,1685212,0,1,46.15000153,yahoo_bootstrap
2024-05-31,46.15000153,46.90000153,45.34999847,45.45000076,1592254,0,1,45.45000076,yahoo_bootstrap
2024-06-03,46,47.45000076,45.84999847,46.15000153,1144441,0,1,46.15000153,yahoo_bootstrap
2024-06-04,46.5,48.70000076,46.25,48,3085247,0,1,48,yahoo_bootstrap
2024-06-05,48.75,48.75,47.34999847,47.45000076,1938000,0,1,47.45000076,yahoo_bootstrap
2024-06-06,47.45000076,48.25,46.34999847,47.5,1779583,0,1,47.5,yahoo_bootstrap
2024-06-07,47.5,48.70000076,47.5,47.75,1336374,0,1,47.75,yahoo_bootstrap
2024-06-11,48.59999847,49.59999847,47.15000153,48.29999924,3631102,0,1,48.29999924,yahoo_bootstrap
2024-06-12,49,49.70000076,47.70000076,47.95000076,2675536,0,1,47.95000076,yahoo_bootstrap
2024-06-13,48.09999847,49.29999924,48.09999847,48.09999847,1545357,0,1,48.09999847,yahoo_bootstrap
2024-06-14,48.70000076,50.5,48.34999847,49.84999847,5351814,0,1,49.84999847,yahoo_bootstrap
2024-06-17,50.40000153,50.40000153,48.5,48.5,2941304,0,1,48.5,yahoo_bootstrap
2024-06-18,47.54999924,47.54999924,44.20000076,45.5,6756109,0,1,45.5,yahoo_bootstrap
2024-06-19,45.84999847,49.79999924,45.84999847,46.5,4853486,0,1,46.5,yahoo_bootstrap
2024-06-20,47.34999847,47.45000076,45.79999924,46.20000076,1246317,0,1,46.20000076,yahoo_bootstrap
2024-06-21,46.45000076,46.5,45.70000076,46,725411,0,1,46,yahoo_bootstrap
2024-06-24,46,46.34999847,45.59999847,45.75,884566,0,1,45.75,yahoo_bootstrap
2024-06-25,45.75,46.20000076,44.70000076,46.20000076,741189,0,1,46.20000076,yahoo_bootstrap
2024-06-26,46.95000076,50.79999924,46.95000076,50.79999924,10850857,0,1,50.79999924,yahoo_bootstrap
2024-06-27,51,53.5,49.65000153,50.40000153,13952692,0,1,50.40000153,yahoo_bootstrap
2024-06-28,50.09999847,51.29999924,49.5,49.54999924,4038257,0,1,49.54999924,yahoo_bootstrap
2024-07-01,49.79999924,51.09999847,49,49,2341591,0,1,49,yahoo_bootstrap
2024-07-02,49.79999924,50.70000076,48.70000076,49.15000153,2585612,0,1,49.15000153,yahoo_bootstrap
2024-07-03,49.59999847,53,49.34999847,52.70000076,7983224,0,1,52.70000076,yahoo_bootstrap
2024-07-04,53.09999847,54.29999924,52,52.70000076,8128903,0,1,52.70000076,yahoo_bootstrap
2024-07-05,53.5,57.90000153,53.29999924,57.90000153,9376904,0,1,57.90000153,yahoo_bootstrap
2024-07-08,59.29999924,60.20000076,55.59999847,60,15263538,0,1,60,yahoo_bootstrap
2024-07-09,60,60,54,54.29999924,13651684,0,1,54.29999924,yahoo_bootstrap
2024-07-10,55.5,56.20000076,53,53.5,8677227,0,1,53.5,yahoo_bootstrap
2024-07-11,54,56,53.5,53.59999847,5715130,0,1,53.59999847,yahoo_bootstrap
2024-07-12,52.70000076,53.40000153,51.5,52.20000076,2583562,0,1,52.20000076,yahoo_bootstrap
2024-07-15,52.5,53.79999924,51,51,2784244,0,1,51,yahoo_bootstrap
2024-07-16,51.09999847,53.40000153,51.09999847,53.09999847,2446090,0,1,53.09999847,yahoo_bootstrap
2024-07-17,52.70000076,53.5,52.29999924,52.40000153,1452852,0,1,52.40000153,yahoo_bootstrap
2024-07-18,51.79999924,52,50.29999924,51.09999847,1599884,0,1,51.09999847,yahoo_bootstrap
2024-07-19,51.09999847,51.09999847,48.79999924,49,2491250,0,1,49,yahoo_bootstrap
2024-07-22,48.75,49.40000153,47.70000076,48.09999847,1793695,0,1,48.09999847,yahoo_bootstrap
2024-07-23,48.79999924,48.84999847,47.09999847,47.09999847,1497327,0,1,47.09999847,yahoo_bootstrap
2024-07-26,45.79999924,45.79999924,44.20000076,44.95000076,1728000,0,1,44.95000076,yahoo_bootstrap
2024-07-29,45,45.79999924,43,43.5,1619000,0,1,43.5,yahoo_bootstrap
2024-07-30,43.5,45.15000153,43.09999847,45.15000153,994010,0,1,45.15000153,yahoo_bootstrap
2024-07-31,45.09999847,46.45000076,44.20000076,45.70000076,875001,0,1,45.70000076,yahoo_bootstrap
2024-08-01,46.79999924,47,46.20000076,46.29999924,714002,0,1,46.29999924,yahoo_bootstrap
2024-08-02,46.09999847,46.09999847,44.34999847,44.34999847,688000,0,1,44.34999847,yahoo_bootstrap
2024-08-05,42,43.20000076,39.95000076,39.95000076,1319110,0,1,39.95000076,yahoo_bootstrap
2024-08-06,40.25,41.20000076,36,39.65000153,2027187,0,1,39.65000153,yahoo_bootstrap
2024-08-07,39.84999847,42.45000076,39.84999847,42.20000076,1268265,0,1,42.20000076,yahoo_bootstrap
2024-08-08,41.5,43,40.84999847,42.09999847,538220,0,1,42.09999847,yahoo_bootstrap
2024-08-09,44,44.15000153,42.34999847,42.59999847,849309,0,1,42.59999847,yahoo_bootstrap
2024-08-12,43.59999847,44.95000076,43.15000153,44.45000076,1084128,0,1,44.45000076,yahoo_bootstrap
2024-08-13,45.5,45.65000153,43.79999924,45.45000076,1127012,0,1,45.45000076,yahoo_bootstrap
2024-08-14,46,46.34999847,44.65000153,45.29999924,848001,0,1,45.29999924,yahoo_bootstrap
2024-08-15,45.34999847,47.04999924,44.59999847,46.29999924,1229006,0,1,46.29999924,yahoo_bootstrap
2024-08-16,47.09999847,47.59999847,46.59999847,47,1141599,0,1,47,yahoo_bootstrap
2024-08-19,47.5,48.75,47,48.40000153,1103144,0,1,48.40000153,yahoo_bootstrap
2024-08-20,49.40000153,49.45000076,48.29999924,48.70000076,926102,0,1,48.70000076,yahoo_bootstrap
2024-08-21,48.79999924,49.45000076,47.79999924,48.75,940245,0,1,48.75,yahoo_bootstrap
2024-08-22,48.75,49.04999924,47.40000153,47.70000076,928418,0,1,47.70000076,yahoo_bootstrap
2024-08-23,47.40000153,47.95000076,46.79999924,47.75,485634,0,1,47.75,yahoo_bootstrap
2024-08-26,47.75,48.59999847,47.20000076,47.20000076,450044,0,1,47.20000076,yahoo_bootstrap
2024-08-27,47.40000153,47.70000076,46.34999847,46.75,571276,0,1,46.75,yahoo_bootstrap
2024-08-28,46.75,46.84999847,46.04999924,46.5,430382,0,1,46.5,yahoo_bootstrap
2024-08-29,45.90000153,48.70000076,45.70000076,48.70000076,1479469,0,1,48.70000076,yahoo_bootstrap
2024-08-30,49,50,48,48,2067700,0,1,48,yahoo_bootstrap
2024-09-02,48.25,48.70000076,47.20000076,47.20000076,444257,0,1,47.20000076,yahoo_bootstrap
2024-09-03,47.20000076,47.5,46.5,46.5,393033,0,1,46.5,yahoo_bootstrap
2024-09-04,44.79999924,44.79999924,42.65000153,43.29999924,822718,0,1,43.29999924,yahoo_bootstrap
2024-09-05,44.20000076,44.59999847,42.65000153,42.95000076,523200,0,1,42.95000076,yahoo_bootstrap
2024-09-06,43.75,43.75,42.84999847,42.90000153,500047,0,1,42.90000153,yahoo_bootstrap
2024-09-09,41.29999924,44.04999924,41.29999924,43.95000076,521169,0,1,43.95000076,yahoo_bootstrap
2024-09-10,44,45,42.09999847,42.54999924,659200,0,1,42.54999924,yahoo_bootstrap
2024-09-11,42.54999924,43,42.15000153,42.15000153,215066,0,1,42.15000153,yahoo_bootstrap
2024-09-12,42.84999847,43.59999847,42.70000076,43,209142,0,1,43,yahoo_bootstrap
2024-09-13,43.20000076,44.5,42.79999924,44.40000153,472140,0,1,44.40000153,yahoo_bootstrap
2024-09-16,44.54999924,45.34999847,44.45000076,44.5,446052,0,1,44.5,yahoo_bootstrap
2024-09-18,44.5,45.04999924,42.90000153,43.09999847,373118,0,1,43.09999847,yahoo_bootstrap
2024-09-19,43.79999924,44.25,43.09999847,44.25,228256,0,1,44.25,yahoo_bootstrap
2024-09-20,45,46.25,44.40000153,44.40000153,939046,0,1,44.40000153,yahoo_bootstrap
2024-09-23,44.40000153,45.09999847,44.15000153,44.15000153,298028,0,1,44.15000153,yahoo_bootstrap
2024-09-24,44.59999847,44.75,43.5,43.75,378250,0,1,43.75,yahoo_bootstrap
2024-09-25,44.25,45.04999924,44.15000153,44.40000153,402200,0,1,44.40000153,yahoo_bootstrap
2024-09-26,44.95000076,44.95000076,43.29999924,43.29999924,491024,0,1,43.29999924,yahoo_bootstrap
2024-09-27,43.90000153,44,43.20000076,43.40000153,441075,0,1,43.40000153,yahoo_bootstrap
2024-09-30,43.29999924,43.54999924,42.79999924,43,309046,0,1,43,yahoo_bootstrap
2024-10-01,43.04999924,43.25,42.79999924,43.09999847,206100,0,1,43.09999847,yahoo_bootstrap
2024-10-04,43.20000076,43.20000076,42.15000153,42.25,366128,0,1,42.25,yahoo_bootstrap
2024-10-07,42.79999924,43.84999847,42.79999924,43.29999924,278080,0,1,43.29999924,yahoo_bootstrap
2024-10-08,43.29999924,43.29999924,41.54999924,42.20000076,681042,0,1,42.20000076,yahoo_bootstrap
2024-10-09,42,42.34999847,40.75,40.75,781190,0,1,40.75,yahoo_bootstrap
2024-10-11,40.75,40.95000076,40.15000153,40.40000153,360180,0,1,40.40000153,yahoo_bootstrap
2024-10-14,40.95000076,41.34999847,40,41.34999847,373000,0,1,41.34999847,yahoo_bootstrap
2024-10-15,41.34999847,42,40.59999847,40.65000153,270069,0,1,40.65000153,yahoo_bootstrap
2024-10-16,40.59999847,41.04999924,40.5,40.90000153,213001,0,1,40.90000153,yahoo_bootstrap
2024-10-17,41.95000076,43,41.59999847,41.84999847,777028,0,1,41.84999847,yahoo_bootstrap
2024-10-18,42.09999847,42.20000076,40.45000076,40.59999847,630128,0,1,40.59999847,yahoo_bootstrap
2024-10-21,40.5,41.45000076,40.5,41.09999847,329000,0,1,41.09999847,yahoo_bootstrap
2024-10-22,41.09999847,41.45000076,40.59999847,41.45000076,238655,0,1,41.45000076,yahoo_bootstrap
2024-10-23,41.40000153,41.75,41.04999924,41.20000076,285001,0,1,41.20000076,yahoo_bootstrap
2024-10-24,40.95000076,41.09999847,40.59999847,40.65000153,350030,0,1,40.65000153,yahoo_bootstrap
2024-10-25,40.84999847,41.40000153,40.54999924,40.59999847,278132,0,1,40.59999847,yahoo_bootstrap
2024-10-28,40.75,40.79999924,39.70000076,40.20000076,384452,0,1,40.20000076,yahoo_bootstrap
2024-10-29,40.20000076,40.34999847,39.29999924,39.75,351000,0,1,39.75,yahoo_bootstrap
2024-10-30,40.04999924,40.34999847,39.5,39.59999847,267395,0,1,39.59999847,yahoo_bootstrap
2024-11-01,39,40,38.95000076,40,236000,0,1,40,yahoo_bootstrap
2024-11-04,40,40.54999924,39.54999924,39.54999924,151101,0,1,39.54999924,yahoo_bootstrap
2024-11-05,39,40,39,39.40000153,171001,0,1,39.40000153,yahoo_bootstrap
2024-11-06,39.5,40.79999924,39.29999924,40.40000153,295148,0,1,40.40000153,yahoo_bootstrap
2024-11-07,40.20000076,40.79999924,39.75,40.15000153,654358,0,1,40.15000153,yahoo_bootstrap
2024-11-08,40.20000076,40.45000076,38.79999924,39,626178,0,1,39,yahoo_bootstrap
2024-11-11,38.90000153,38.95000076,38.25,38.70000076,292384,0,1,38.70000076,yahoo_bootstrap
2024-11-12,38.5,38.5,37.59999847,37.79999924,497224,0,1,37.79999924,yahoo_bootstrap
2024-11-13,37.90000153,38.34999847,37.79999924,37.95000076,260716,0,1,37.95000076,yahoo_bootstrap
2024-11-14,37.95000076,38.15000153,37.04999924,37.04999924,459000,0,1,37.04999924,yahoo_bootstrap
2024-11-15,37.40000153,38.20000076,37.25,37.70000076,196058,0,1,37.70000076,yahoo_bootstrap
2024-11-18,37.70000076,37.70000076,36.84999847,36.90000153,251003,0,1,36.90000153,yahoo_bootstrap
2024-11-19,37.54999924,37.84999847,37.25,37.79999924,186712,0,1,37.79999924,yahoo_bootstrap
2024-11-20,37.25,37.25,37.25,37.25,182661,0,1,37.25,yahoo_bootstrap
2024-11-21,37.25,37.59999847,36.90000153,37.25,124101,0,1,37.25,yahoo_bootstrap
2024-11-22,37.79999924,37.95000076,37.40000153,37.5,114865,0,1,37.5,yahoo_bootstrap
2024-11-25,37.65000153,38.20000076,37.65000153,38.04999924,194150,0,1,38.04999924,yahoo_bootstrap
2024-11-26,38,38.25,37.65000153,37.79999924,122001,0,1,37.79999924,yahoo_bootstrap
2024-11-27,37.70000076,38.09999847,37,37.09999847,240083,0,1,37.09999847,yahoo_bootstrap
2024-11-28,37.04999924,37.04999924,36.34999847,36.79999924,159101,0,1,36.79999924,yahoo_bootstrap
2024-11-29,36.65000153,37.54999924,36.5,37.09999847,189737,0,1,37.09999847,yahoo_bootstrap
2024-12-02,37.09999847,37.40000153,36.70000076,36.70000076,151030,0,1,36.70000076,yahoo_bootstrap
2024-12-03,37.09999847,37.59999847,36.95000076,36.95000076,120000,0,1,36.95000076,yahoo_bootstrap
2024-12-04,37.45000076,38.20000076,37.34999847,38.04999924,260430,0,1,38.04999924,yahoo_bootstrap
2024-12-05,38,38.04999924,37.5,37.5,166200,0,1,37.5,yahoo_bootstrap
2024-12-06,37.5,38.29999924,37.5,37.59999847,247074,0,1,37.59999847,yahoo_bootstrap
2024-12-09,37.70000076,37.70000076,36.79999924,36.90000153,192000,0,1,36.90000153,yahoo_bootstrap
2024-12-10,36.75,37.45000076,36.70000076,36.70000076,134114,0,1,36.70000076,yahoo_bootstrap
2024-12-11,36.79999924,37.29999924,36.5,36.5,176000,0,1,36.5,yahoo_bootstrap
2024-12-12,36.54999924,37,36.04999924,36.04999924,237010,0,1,36.04999924,yahoo_bootstrap
2024-12-13,36.09999847,36.09999847,35.09999847,35.15000153,413270,0,1,35.15000153,yahoo_bootstrap
2024-12-16,35.40000153,35.59999847,34.5,34.5,281061,0,1,34.5,yahoo_bootstrap
2024-12-17,34.5,36.54999924,34.5,36.15000153,352999,0,1,36.15000153,yahoo_bootstrap
2024-12-18,36.40000153,39.29999924,35.79999924,38.25,2072432,0,1,38.25,yahoo_bootstrap
2024-12-19,37,39.15000153,37,37.79999924,2259282,0,1,37.79999924,yahoo_bootstrap
2024-12-20,37.79999924,38.45000076,37.09999847,37.09999847,703001,0,1,37.09999847,yahoo_bootstrap
2024-12-23,37.09999847,37.95000076,36.65000153,36.75,450200,0,1,36.75,yahoo_bootstrap
2024-12-24,36.84999847,37.5,36.5,36.54999924,518100,0,1,36.54999924,yahoo_bootstrap
2024-12-25,36.65000153,40.20000076,36.65000153,40.20000076,1690656,0,1,40.20000076,yahoo_bootstrap
2024-12-26,42.04999924,44,40.34999847,40.75,10275675,0,1,40.75,yahoo_bootstrap
2024-12-27,40.54999924,40.59999847,39.20000076,39.5,2442217,0,1,39.5,yahoo_bootstrap
2024-12-30,39.25,39.70000076,38.40000153,38.40000153,1005260,0,1,38.40000153,yahoo_bootstrap
2024-12-31,38.29999924,39.20000076,38.15000153,38.84999847,753454,0,1,38.84999847,yahoo_bootstrap
2025-01-02,38.70000076,38.70000076,37.04999924,37.04999924,913001,0,1,37.04999924,yahoo_bootstrap
2025-01-03,37.29999924,37.70000076,36.54999924,36.59999847,497373,0,1,36.59999847,yahoo_bootstrap
2025-01-06,37.15000153,37.34999847,36.34999847,36.90000153,422295,0,1,36.90000153,yahoo_bootstrap
2025-01-07,37.20000076,37.40000153,36.5,36.5,529565,0,1,36.5,yahoo_bootstrap
2025-01-08,36.5,36.65000153,35.90000153,36,542399,0,1,36,yahoo_bootstrap
2025-01-09,36.04999924,38.84999847,35.15000153,35.15000153,1349114,0,1,35.15000153,yahoo_bootstrap
2025-01-10,35.54999924,37.20000076,35.29999924,35.34999847,737122,0,1,35.34999847,yahoo_bootstrap
2025-01-13,35.04999924,35.04999924,32.79999924,33.79999924,1111705,0,1,33.79999924,yahoo_bootstrap
2025-01-14,33.84999847,35,33.70000076,34,378107,0,1,34,yahoo_bootstrap
2025-01-15,33.90000153,34.40000153,33.75,33.84999847,401220,0,1,33.84999847,yahoo_bootstrap
2025-01-16,34.75,35.34999847,34.59999847,34.79999924,355132,0,1,34.79999924,yahoo_bootstrap
2025-01-17,34.79999924,34.79999924,34.04999924,34.20000076,284256,0,1,34.20000076,yahoo_bootstrap
2025-01-20,34,34.54999924,33.65000153,34.20000076,262005,0,1,34.20000076,yahoo_bootstrap
2025-01-21,34.25,34.34999847,33.79999924,33.84999847,262546,0,1,33.84999847,yahoo_bootstrap
2025-01-22,34,34.29999924,33.65000153,34,246052,0,1,34,yahoo_bootstrap
2025-02-03,34,34.09999847,32.54999924,33.09999847,499050,0,1,33.09999847,yahoo_bootstrap
2025-02-04,33.25,33.34999847,32.84999847,33.20000076,156001,0,1,33.20000076,yahoo_bootstrap
2025-02-05,33.5,34.5,33.5,34.45000076,332011,0,1,34.45000076,yahoo_bootstrap
2025-02-06,34.95000076,35.15000153,34.65000153,34.79999924,343002,0,1,34.79999924,yahoo_bootstrap
2025-02-07,34.79999924,35.70000076,34.79999924,35.65000153,380055,0,1,35.65000153,yahoo_bootstrap
2025-02-10,35.15000153,35.5,35,35.20000076,290281,0,1,35.20000076,yahoo_bootstrap
2025-02-11,35.5,37.54999924,35.15000153,36.20000076,717565,0,1,36.20000076,yahoo_bootstrap
2025-02-12,39.25,39.79999924,38.40000153,39.5,6360536,0,1,39.5,yahoo_bootstrap
2025-02-13,39.45000076,39.95000076,38.54999924,38.59999847,4425154,0,1,38.59999847,yahoo_bootstrap
2025-02-14,38.5,39.40000153,38,38,1145113,0,1,38,yahoo_bootstrap
2025-02-17,39,41.70000076,38.25,39.59999847,3835722,0,1,39.59999847,yahoo_bootstrap
2025-02-18,39.95000076,39.95000076,38.84999847,39.25,1213159,0,1,39.25,yahoo_bootstrap
2025-02-19,39.04999924,40,38.79999924,38.79999924,1343163,0,1,38.79999924,yahoo_bootstrap
2025-02-20,38.84999847,39.09999847,38.20000076,38.20000076,669001,0,1,38.20000076,yahoo_bootstrap
2025-02-21,38.34999847,38.5,38.04999924,38.5,450392,0,1,38.5,yahoo_bootstrap
2025-02-24,38.25,38.5,38,38.29999924,363049,0,1,38.29999924,yahoo_bootstrap
2025-02-25,38.40000153,38.40000153,37.15000153,37.54999924,1028008,0,1,37.54999924,yahoo_bootstrap
2025-02-26,37.25,38.15000153,37.25,37.75,340004,0,1,37.75,yahoo_bootstrap
2025-02-27,37.75,38.34999847,37.34999847,37.65000153,386057,0,1,37.65000153,yahoo_bootstrap
2025-03-03,37.09999847,37.5,36.79999924,36.79999924,435321,0,1,36.79999924,yahoo_bootstrap
2025-03-04,37,37.04999924,35.90000153,37.04999924,309277,0,1,37.04999924,yahoo_bootstrap
2025-03-05,37.40000153,37.40000153,36.84999847,37.34999847,265975,0,1,37.34999847,yahoo_bootstrap
2025-03-06,37.90000153,37.90000153,36.59999847,36.59999847,377032,0,1,36.59999847,yahoo_bootstrap
2025-03-07,36.40000153,36.54999924,35.79999924,35.79999924,374003,0,1,35.79999924,yahoo_bootstrap
2025-03-10,35.59999847,36.04999924,35.5,35.5,206009,0,1,35.5,yahoo_bootstrap
2025-03-11,34.59999847,35.09999847,34.09999847,34.95000076,432341,0,1,34.95000076,yahoo_bootstrap
2025-03-12,34.84999847,35.20000076,34.65000153,34.65000153,332018,0,1,34.65000153,yahoo_bootstrap
2025-03-13,35,35.5,34,34,344061,0,1,34,yahoo_bootstrap
2025-03-14,34,34.70000076,33.95000076,34.45000076,263004,0,1,34.45000076,yahoo_bootstrap
2025-03-17,34.65000153,35.15000153,34.65000153,34.75,317020,0,1,34.75,yahoo_bootstrap
2025-03-18,34.95000076,35.5,34.95000076,35.20000076,290199,0,1,35.20000076,yahoo_bootstrap
2025-03-19,35.90000153,35.90000153,34.54999924,34.54999924,245141,0,1,34.54999924,yahoo_bootstrap
2025-03-20,35.04999924,35.29999924,34.90000153,35.04999924,147293,0,1,35.04999924,yahoo_bootstrap
2025-03-21,35.04999924,35.04999924,34.70000076,34.70000076,161002,0,1,34.70000076,yahoo_bootstrap
2025-03-24,35.20000076,35.20000076,34.20000076,34.20000076,183128,0,1,34.20000076,yahoo_bootstrap
2025-03-25,34.65000153,34.90000153,34,34,249001,0,1,34,yahoo_bootstrap
2025-03-26,34.29999924,34.84999847,34.25,34.25,300300,0,1,34.25,yahoo_bootstrap
2025-03-27,34.25,34.25,33.90000153,34,160147,0,1,34,yahoo_bootstrap
2025-03-28,34,34,32.70000076,32.79999924,539641,0,1,32.79999924,yahoo_bootstrap
2025-03-31,31.75,31.79999924,30.20000076,30.20000076,787272,0,1,30.20000076,yahoo_bootstrap
2025-04-01,30.39999962,31.75,30.39999962,31.70000076,312003,0,1,31.70000076,yahoo_bootstrap
2025-04-02,31.29999924,31.95000076,31.04999924,31.45000076,176456,0,1,31.45000076,yahoo_bootstrap
2025-04-07,28.35000038,28.35000038,28.35000038,28.35000038,56000,0,1,28.35000038,yahoo_bootstrap
2025-04-08,25.54999924,25.54999924,25.54999924,25.54999924,296121,0,1,25.54999924,yahoo_bootstrap
2025-04-09,23,23.5,23,23,772071,0,1,23,yahoo_bootstrap
2025-04-10,25,25.29999924,24.54999924,25.29999924,523200,0,1,25.29999924,yahoo_bootstrap
2025-04-11,22.79999924,24.79999924,22.79999924,24.39999962,772151,0,1,24.39999962,yahoo_bootstrap
2025-04-14,24.64999962,26.35000038,24.64999962,25.10000038,741281,0,1,25.10000038,yahoo_bootstrap
2025-04-15,25.75,26.79999924,25.29999924,26.70000076,583009,0,1,26.70000076,yahoo_bootstrap
2025-04-16,26.75,26.75,25.5,25.5,335285,0,1,25.5,yahoo_bootstrap
2025-04-17,25.39999962,25.79999924,24.79999924,25.79999924,335002,0,1,25.79999924,yahoo_bootstrap
2025-04-18,25.79999924,26.35000038,25.60000038,25.70000076,239561,0,1,25.70000076,yahoo_bootstrap
2025-04-21,25.89999962,25.89999962,24.85000038,25.10000038,194200,0,1,25.10000038,yahoo_bootstrap
2025-04-22,24.60000038,25.39999962,24.25,24.54999924,172005,0,1,24.54999924,yahoo_bootstrap
2025-04-23,25.04999924,25.95000076,25.04999924,25.85000038,311200,0,1,25.85000038,yahoo_bootstrap
2025-04-24,26,26.29999924,25.60000038,25.60000038,176059,0,1,25.60000038,yahoo_bootstrap
2025-04-25,25.89999962,26.60000038,25.79999924,26,520001,0,1,26,yahoo_bootstrap
2025-04-28,26.29999924,28.60000038,26.29999924,28.60000038,670344,0,1,28.60000038,yahoo_bootstrap
2025-04-29,30.75,31.45000076,30,30,5175740,0,1,30,yahoo_bootstrap
2025-04-30,29.64999962,29.95000076,28.70000076,28.75,1146129,0,1,28.75,yahoo_bootstrap
2025-05-02,29.39999962,29.60000038,28.60000038,28.60000038,527151,0,1,28.60000038,yahoo_bootstrap
2025-05-05,28.60000038,28.60000038,26.70000076,27.20000076,548256,0,1,27.20000076,yahoo_bootstrap
2025-05-06,27,27.60000038,26.89999962,27.39999962,263050,0,1,27.39999962,yahoo_bootstrap
2025-05-07,27.5,27.75,27.20000076,27.39999962,252051,0,1,27.39999962,yahoo_bootstrap
2025-05-08,27.54999924,28,27.54999924,27.89999962,255000,0,1,27.89999962,yahoo_bootstrap
2025-05-09,28,28.04999924,27.10000038,27.70000076,290021,0,1,27.70000076,yahoo_bootstrap
2025-05-12,27.95000076,29.04999924,27.95000076,29,559931,0,1,29,yahoo_bootstrap
2025-05-13,29.5,29.5,28.54999924,28.64999962,511030,0,1,28.64999962,yahoo_bootstrap
2025-05-14,29,29.10000038,28.75,29.04999924,320002,0,1,29.04999924,yahoo_bootstrap
2025-05-15,29.85000038,29.85000038,29.04999924,29.04999924,406196,0,1,29.04999924,yahoo_bootstrap
2025-05-16,29.04999924,29.5,28.79999924,28.95000076,318012,0,1,28.95000076,yahoo_bootstrap
2025-05-19,29,29,28.20000076,28.20000076,239128,0,1,28.20000076,yahoo_bootstrap
2025-05-20,28.5,28.70000076,27.70000076,27.79999924,299128,0,1,27.79999924,yahoo_bootstrap
2025-05-21,27.79999924,28.64999962,27.79999924,28.10000038,275128,0,1,28.10000038,yahoo_bootstrap
2025-05-22,28,28,27.35000038,27.79999924,210000,0,1,27.79999924,yahoo_bootstrap
2025-05-23,27.95000076,29,27.85000038,28.14999962,417000,0,1,28.14999962,yahoo_bootstrap
2025-05-26,28.04999924,28.14999962,27.64999962,27.85000038,127000,0,1,27.85000038,yahoo_bootstrap
2025-05-27,27.85000038,28.20000076,27.20000076,27.5,194101,0,1,27.5,yahoo_bootstrap
2025-05-28,27.70000076,28.20000076,27.29999924,27.54999924,165102,0,1,27.54999924,yahoo_bootstrap
2025-05-29,27.64999962,28.70000076,27.39999962,27.5,308073,0,1,27.5,yahoo_bootstrap
2025-06-02,27.45000076,27.45000076,26.14999962,26.29999924,208100,0,1,26.29999924,yahoo_bootstrap
2025-06-03,26.54999924,26.70000076,26.14999962,26.45000076,115001,0,1,26.45000076,yahoo_bootstrap
2025-06-04,26.95000076,27.39999962,26.89999962,27.35000038,295172,0,1,27.35000038,yahoo_bootstrap
2025-06-05,27.45000076,27.89999962,27.10000038,27.45000076,231261,0,1,27.45000076,yahoo_bootstrap
2025-06-06,27.39999962,27.60000038,26.95000076,27.5,112011,0,1,27.5,yahoo_bootstrap
2025-06-09,27.75,27.75,27.04999924,27.45000076,178200,0,1,27.45000076,yahoo_bootstrap
2025-06-10,27.45000076,27.89999962,27.45000076,27.60000038,186000,0,1,27.60000038,yahoo_bootstrap
2025-06-11,28.25,28.25,27.29999924,28,190128,0,1,28,yahoo_bootstrap
2025-06-12,28.5,28.75,27.85000038,28.35000038,263001,0,1,28.35000038,yahoo_bootstrap
2025-06-13,28.35000038,28.39999962,27.85000038,28.10000038,304025,0,1,28.10000038,yahoo_bootstrap
2025-06-16,28.10000038,28.10000038,27.45000076,28,173038,0,1,28,yahoo_bootstrap
2025-06-17,28,28.45000076,27.75,28.10000038,168001,0,1,28.10000038,yahoo_bootstrap
2025-06-18,28.45000076,28.45000076,28,28.20000076,169100,0,1,28.20000076,yahoo_bootstrap
2025-06-19,28.39999962,28.45000076,27.54999924,27.79999924,138692,0,1,27.79999924,yahoo_bootstrap
2025-06-20,27.79999924,28.25,27.5,27.85000038,184001,0,1,27.85000038,yahoo_bootstrap
2025-06-23,27.20000076,27.85000038,26.35000038,27.85000038,238000,0,1,27.85000038,yahoo_bootstrap
2025-06-24,28,30.20000076,28,29.75,1207051,0,1,29.75,yahoo_bootstrap
2025-06-25,30.10000038,30.35000038,29.10000038,29.35000038,496701,0,1,29.35000038,yahoo_bootstrap
2025-06-26,29.29999924,29.79999924,29.14999962,29.5,307257,0,1,29.5,yahoo_bootstrap
2025-06-27,29.70000076,29.70000076,28.64999962,29.35000038,305501,0,1,29.35000038,yahoo_bootstrap
2025-06-30,29.14999962,29.14999962,28.5,28.5,184150,0,1,28.5,yahoo_bootstrap
2025-07-01,28.79999924,28.95000076,28.35000038,28.70000076,168500,0,1,28.70000076,yahoo_bootstrap
2025-07-02,28.54999924,28.85000038,28.35000038,28.5,151250,0,1,28.5,yahoo_bootstrap
2025-07-03,28.60000038,28.85000038,28.39999962,28.70000076,232050,0,1,28.70000076,yahoo_bootstrap
2025-07-04,28.70000076,28.70000076,27.64999962,27.64999962,258050,0,1,27.64999962,yahoo_bootstrap
2025-07-07,27.60000038,27.60000038,26.75,27,262150,0,1,27,yahoo_bootstrap
2025-07-08,26.75,27,26.29999924,26.95000076,225025,0,1,26.95000076,yahoo_bootstrap
2025-07-09,26.89999962,27.25,26.54999924,26.95000076,182100,0,1,26.95000076,yahoo_bootstrap
2025-07-10,26.85000038,26.85000038,26.39999962,26.5,205170,0,1,26.5,yahoo_bootstrap
2025-07-11,26.5,26.95000076,26.5,26.79999924,152350,0,1,26.79999924,yahoo_bootstrap
2025-07-14,26.79999924,26.79999924,26.29999924,26.29999924,151300,0,1,26.29999924,yahoo_bootstrap
2025-07-15,26.20000076,26.54999924,26.04999924,26.10000038,281023,0,1,26.10000038,yahoo_bootstrap
2025-07-16,26.04999924,26.79999924,26,26.29999924,177128,0,1,26.29999924,yahoo_bootstrap
2025-07-17,26.45000076,27.60000038,26.45000076,27.20000076,342056,0,1,27.20000076,yahoo_bootstrap
2025-07-18,27.45000076,27.5,26.95000076,26.95000076,114175,0,1,26.95000076,yahoo_bootstrap
2025-07-21,27.20000076,27.79999924,26.95000076,27.39999962,268057,0,1,27.39999962,yahoo_bootstrap
2025-07-22,27.89999962,28.10000038,26.64999962,26.64999962,425000,0,1,26.64999962,yahoo_bootstrap
2025-07-23,26.79999924,27.29999924,26.79999924,27.25,95006,0,1,27.25,yahoo_bootstrap
2025-07-24,27.25,28.79999924,27.25,27.60000038,613828,0,1,27.60000038,yahoo_bootstrap
2025-07-25,27.64999962,27.89999962,27.39999962,27.39999962,190050,0,1,27.39999962,yahoo_bootstrap
2025-07-28,27.95000076,27.95000076,27.35000038,27.35000038,193256,0,1,27.35000038,yahoo_bootstrap
2025-07-29,27.20000076,27.60000038,26.85000038,27.35000038,184256,0,1,27.35000038,yahoo_bootstrap
2025-07-30,27.39999962,27.39999962,26.95000076,27.39999962,99200,0,1,27.39999962,yahoo_bootstrap
2025-07-31,27.39999962,27.79999924,27.10000038,27.79999924,180143,0,1,27.79999924,yahoo_bootstrap
2025-08-04,27.70000076,29.64999962,27.70000076,29.5,653101,0,1,29.5,yahoo_bootstrap
2025-08-05,29.95000076,30.79999924,29.60000038,30.14999962,1028464,0,1,30.14999962,yahoo_bootstrap
2025-08-06,30.39999962,30.64999962,29.75,30,454115,0,1,30,yahoo_bootstrap
2025-08-07,30.25,31,30.14999962,30.75,651128,0,1,30.75,yahoo_bootstrap
2025-08-08,30.75,30.75,30.35000038,30.60000038,328212,0,1,30.60000038,yahoo_bootstrap
2025-08-11,31.10000038,31.79999924,30.60000038,31.20000076,644300,0,1,31.20000076,yahoo_bootstrap
2025-08-12,31.20000076,31.89999962,31.20000076,31.75,453311,0,1,31.75,yahoo_bootstrap
2025-08-13,31.89999962,32.84999847,31.89999962,32.40000153,729341,0,1,32.40000153,yahoo_bootstrap
2025-08-14,32.54999924,32.90000153,31.64999962,31.75,683554,0,1,31.75,yahoo_bootstrap
2025-08-15,32.25,33,31.35000038,32.59999847,664678,0,1,32.59999847,yahoo_bootstrap
2025-08-18,32.70000076,33.95000076,32.59999847,33.09999847,861061,0,1,33.09999847,yahoo_bootstrap
2025-08-19,33.15000153,33.45000076,32.34999847,32.54999924,531100,0,1,32.54999924,yahoo_bootstrap
2025-08-20,32.54999924,32.54999924,31.14999962,31.85000038,499155,0,1,31.85000038,yahoo_bootstrap
2025-08-21,32.5,33.59999847,32.5,32.84999847,608200,0,1,32.84999847,yahoo_bootstrap
2025-08-22,32.70000076,34.15000153,32.15000153,32.90000153,498005,0,1,32.90000153,yahoo_bootstrap
2025-08-25,33.5,36.15000153,33.5,36.15000153,3139489,0,1,36.15000153,yahoo_bootstrap
2025-08-26,38.79999924,39.75,37.75,39.75,4388083,0,1,39.75,yahoo_bootstrap
2025-08-27,43.09999847,43.40000153,40.20000076,40.40000153,10649087,0,1,40.40000153,yahoo_bootstrap
2025-08-28,40.70000076,44.40000153,40.5,44.40000153,7256979,0,1,44.40000153,yahoo_bootstrap
2025-08-29,46.70000076,47.34999847,43.25,45.59999847,18392207,0,1,45.59999847,yahoo_bootstrap
2025-09-01,45.59999847,48.79999924,44.59999847,44.59999847,12312113,0,1,44.59999847,yahoo_bootstrap
2025-09-02,46.75,49.04999924,46.75,49.04999924,5695592,0,1,49.04999924,yahoo_bootstrap
2025-09-03,50,53.90000153,48.70000076,53.90000153,15273177,0,1,53.90000153,yahoo_bootstrap
2025-09-04,56.59999847,59.20000076,53.90000153,57.5,42003530,0,1,57.5,yahoo_bootstrap
2025-09-05,58,58.20000076,54.20000076,54.5,17407066,0,1,54.5,yahoo_bootstrap
2025-09-08,54.5,54.5,51,51.90000153,7949186,0,1,51.90000153,yahoo_bootstrap
2025-09-09,51.90000153,52.40000153,46.75,47.65000153,10647586,0,1,47.65000153,yahoo_bootstrap
2025-09-10,48,52.20000076,46.34999847,50.79999924,13017113,0,1,50.79999924,yahoo_bootstrap
2025-09-11,49.79999924,50.5,47.40000153,47.79999924,7346579,0,1,47.79999924,yahoo_bootstrap
2025-09-12,47.59999847,48.25,46.45000076,46.59999847,3794765,0,1,46.59999847,yahoo_bootstrap
2025-09-15,46.84999847,47,43.95000076,44.25,3993627,0,1,44.25,yahoo_bootstrap
2025-09-16,44.79999924,46.79999924,44.29999924,45.70000076,4898652,0,1,45.70000076,yahoo_bootstrap
2025-09-17,45,46.20000076,44.45000076,45.90000153,2439386,0,1,45.90000153,yahoo_bootstrap
2025-09-18,46,46.20000076,42.84999847,43.09999847,3865472,0,1,43.09999847,yahoo_bootstrap
2025-09-19,43.09999847,43.5,42.04999924,42.70000076,2241949,0,1,42.70000076,yahoo_bootstrap
2025-09-22,42.5,43.20000076,41.79999924,42.90000153,1961921,0,1,42.90000153,yahoo_bootstrap
2025-09-23,42.90000153,42.95000076,40.5,40.95000076,3167431,0,1,40.95000076,yahoo_bootstrap
2025-09-24,39.95000076,42,39.59999847,40.04999924,3214111,0,1,40.04999924,yahoo_bootstrap
2025-09-25,40.59999847,40.79999924,38.79999924,39,3081209,0,1,39,yahoo_bootstrap
2025-09-26,39.45000076,39.45000076,37.54999924,37.65000153,1826210,0,1,37.65000153,yahoo_bootstrap
2025-09-30,38,38.34999847,37.70000076,37.79999924,1091254,0,1,37.79999924,yahoo_bootstrap
2025-10-01,38.15000153,38.5,37.45000076,37.45000076,1077003,0,1,37.45000076,yahoo_bootstrap
2025-10-02,37.45000076,38.34999847,36.54999924,37.45000076,2031798,0,1,37.45000076,yahoo_bootstrap
2025-10-03,37.45000076,38.34999847,37.25,37.25,1132150,0,1,37.25,yahoo_bootstrap
2025-10-07,37.65000153,38.45000076,37.25,38.25,1283274,0,1,38.25,yahoo_bootstrap
2025-10-08,38.20000076,39,37.59999847,38.54999924,967522,0,1,38.54999924,yahoo_bootstrap
2025-10-09,38.59999847,38.70000076,36.40000153,36.65000153,2421010,0,1,36.65000153,yahoo_bootstrap
2025-10-13,33.65000153,36.59999847,33.65000153,36.5,1034400,0,1,36.5,yahoo_bootstrap
2025-10-14,36.54999924,36.95000076,35.09999847,35.20000076,1560520,0,1,35.20000076,yahoo_bootstrap
2025-10-15,35.5,35.59999847,34.79999924,35.34999847,661440,0,1,35.34999847,yahoo_bootstrap
2025-10-16,35.40000153,36,35.15000153,35.75,471320,0,1,35.75,yahoo_bootstrap
2025-10-17,35.75,35.75,35,35,443050,0,1,35,yahoo_bootstrap
2025-10-20,35.29999924,35.40000153,34.65000153,34.90000153,438000,0,1,34.90000153,yahoo_bootstrap
2025-10-21,35,36.79999924,35,35.75,1136051,0,1,35.75,yahoo_bootstrap
2025-10-22,35.45000076,36.45000076,35.45000076,35.90000153,814000,0,1,35.90000153,yahoo_bootstrap
2025-10-23,36.25,36.5,35.79999924,35.90000153,809233,0,1,35.90000153,yahoo_bootstrap
2025-10-27,36.15000153,36.25,34.75,34.79999924,1018059,0,1,34.79999924,yahoo_bootstrap
2025-10-28,35.09999847,35.09999847,34.34999847,34.70000076,571400,0,1,34.70000076,yahoo_bootstrap
2025-10-29,34.90000153,35,34.29999924,34.40000153,510670,0,1,34.40000153,yahoo_bootstrap
2025-10-30,34.40000153,34.45000076,33.40000153,33.5,735690,0,1,33.5,yahoo_bootstrap
2025-10-31,33.59999847,34.70000076,33.59999847,34,472130,0,1,34,yahoo_bootstrap
2025-11-03,34.40000153,35.15000153,34.25,34.40000153,543855,0,1,34.40000153,yahoo_bootstrap
2025-11-04,34.79999924,34.79999924,33.20000076,33.20000076,525206,0,1,33.20000076,yahoo_bootstrap
2025-11-05,33.04999924,33.04999924,32.29999924,32.65000153,501100,0,1,32.65000153,yahoo_bootstrap
2025-11-06,33,33.20000076,32.5,32.5,553003,0,1,32.5,yahoo_bootstrap
2025-11-07,32.29999924,32.29999924,31.54999924,31.54999924,723004,0,1,31.54999924,yahoo_bootstrap
2025-11-10,31.60000038,32.04999924,31.54999924,31.89999962,410128,0,1,31.89999962,yahoo_bootstrap
2025-11-11,32.20000076,32.79999924,31.70000076,31.85000038,479000,0,1,31.85000038,yahoo_bootstrap
2025-11-12,32.29999924,32.5,31.60000038,32.09999847,616001,0,1,32.09999847,yahoo_bootstrap
2025-11-13,32,32.54999924,31.70000076,32.29999924,668128,0,1,32.29999924,yahoo_bootstrap
2025-11-14,31.95000076,32.25,31.39999962,31.39999962,423003,0,1,31.39999962,yahoo_bootstrap
2025-11-17,31.5,31.60000038,31.14999962,31.14999962,298731,0,1,31.14999962,yahoo_bootstrap
2025-11-18,31.14999962,31.25,30.60000038,30.64999962,431018,0,1,30.64999962,yahoo_bootstrap
2025-11-19,30.64999962,31.14999962,29.89999962,30,549001,0,1,30,yahoo_bootstrap
2025-11-20,30.25,31,30.25,30.95000076,299001,0,1,30.95000076,yahoo_bootstrap
2025-11-21,30.39999962,30.64999962,29.70000076,29.79999924,469501,0,1,29.79999924,yahoo_bootstrap
2025-11-24,30.20000076,30.85000038,30.20000076,30.64999962,345001,0,1,30.64999962,yahoo_bootstrap
2025-11-25,31.10000038,31.95000076,31.04999924,31.10000038,365500,0,1,31.10000038,yahoo_bootstrap
2025-11-26,31.70000076,32.40000153,31.70000076,32.15000153,750562,0,1,32.15000153,yahoo_bootstrap
2025-11-27,33.20000076,33.20000076,31.60000038,31.64999962,515248,0,1,31.64999962,yahoo_bootstrap
2025-11-28,31.89999962,32.25,31.5,31.89999962,232001,0,1,31.89999962,yahoo_bootstrap
2025-12-01,31.89999962,32.04999924,30.89999962,31.20000076,263256,0,1,31.20000076,yahoo_bootstrap
2025-12-02,31.29999924,31.60000038,30.95000076,31,214575,0,1,31,yahoo_bootstrap
2025-12-03,31.39999962,31.5,31.14999962,31.14999962,197000,0,1,31.14999962,yahoo_bootstrap
2025-12-04,31.39999962,32.79999924,31.39999962,32,415095,0,1,32,yahoo_bootstrap
2025-12-05,32.15000153,32.5,31.20000076,31.20000076,399256,0,1,31.20000076,yahoo_bootstrap
2025-12-08,31.25,31.5,31.04999924,31.29999924,188128,0,1,31.29999924,yahoo_bootstrap
2025-12-09,31.39999962,31.75,31,31.35000038,216537,0,1,31.35000038,yahoo_bootstrap
2025-12-10,31.25,32.75,30.5,30.5,1163249,0,1,30.5,yahoo_bootstrap
2025-12-11,30.70000076,30.95000076,30.25,30.60000038,325002,0,1,30.60000038,yahoo_bootstrap
2025-12-12,30.70000076,31.20000076,30.54999924,30.85000038,291010,0,1,30.85000038,yahoo_bootstrap
2025-12-15,30.60000038,31.25,30.35000038,31.20000076,211000,0,1,31.20000076,yahoo_bootstrap
2025-12-16,31.75,31.75,30.39999962,30.64999962,250000,0,1,30.64999962,yahoo_bootstrap
2025-12-17,30.45000076,31.45000076,30.45000076,30.54999924,314000,0,1,30.54999924,yahoo_bootstrap
2025-12-18,30.54999924,30.54999924,29.85000038,30.04999924,373066,0,1,30.04999924,yahoo_bootstrap
2025-12-19,30.39999962,30.75,30.29999924,30.75,269628,0,1,30.75,yahoo_bootstrap
2025-12-22,31.14999962,31.14999962,30.5,30.75,257050,0,1,30.75,yahoo_bootstrap
2025-12-23,31.45000076,31.45000076,30.20000076,30.25,342048,0,1,30.25,yahoo_bootstrap
2025-12-24,30.10000038,30.5,30.04999924,30.04999924,401205,0,1,30.04999924,yahoo_bootstrap
2025-12-26,30.39999962,30.39999962,29.10000038,29.54999924,1002702,0,1,29.54999924,yahoo_bootstrap
2025-12-29,29.64999962,31.29999924,29.64999962,30.14999962,858000,0,1,30.14999962,yahoo_bootstrap
2025-12-30,30.14999962,30.20000076,29.70000076,30.04999924,521710,0,1,30.04999924,yahoo_bootstrap
2025-12-31,30.10000038,30.39999962,29.75,30.04999924,434340,0,1,30.04999924,yahoo_bootstrap
2026-01-02,30.35000038,31.14999962,30.14999962,30.39999962,745656,0,1,30.39999962,yahoo_bootstrap
2026-01-05,32.20000076,33.04999924,29.89999962,30,3307053,0,1,30,yahoo_bootstrap
2026-01-06,30.04999924,30.89999962,30.04999924,30.60000038,629180,0,1,30.60000038,yahoo_bootstrap
2026-01-07,30.60000038,30.64999962,30.04999924,30.25,580650,0,1,30.25,yahoo_bootstrap
2026-01-08,30.5,30.5,30.04999924,30.14999962,519000,0,1,30.14999962,yahoo_bootstrap
2026-01-09,30.04999924,30.14999962,29.29999924,29.89999962,535098,0,1,29.89999962,yahoo_bootstrap
2026-01-12,30.04999924,30.89999962,30.04999924,30.70000076,655001,0,1,30.70000076,yahoo_bootstrap
2026-01-13,30.95000076,31,29.79999924,29.89999962,793001,0,1,29.89999962,yahoo_bootstrap
2026-01-14,30.29999924,30.85000038,30.04999924,30.75,627296,0,1,30.75,yahoo_bootstrap
2026-01-15,30.39999962,31.70000076,30.39999962,31.45000076,838049,0,1,31.45000076,yahoo_bootstrap
2026-01-16,31.79999924,31.95000076,30.85000038,31.20000076,898001,0,1,31.20000076,yahoo_bootstrap
2026-01-19,31.64999962,31.79999924,31.04999924,31.54999924,650100,0,1,31.54999924,yahoo_bootstrap
2026-01-20,31.54999924,31.89999962,31.04999924,31.39999962,531108,0,1,31.39999962,yahoo_bootstrap
2026-01-21,31,32.54999924,31,31.85000038,1103135,0,1,31.85000038,yahoo_bootstrap
2026-01-22,32.40000153,32.40000153,31.29999924,31.29999924,877150,0,1,31.29999924,yahoo_bootstrap
2026-01-23,32,32.95000076,31.85000038,31.95000076,1401141,0,1,31.95000076,yahoo_bootstrap
2026-01-26,32.70000076,35.09999847,32.45000076,35.09999847,4550532,0,1,35.09999847,yahoo_bootstrap
2026-01-27,35,35,32.75,32.75,5017001,0,1,32.75,yahoo_bootstrap
2026-01-28,32.59999847,32.75,32,32.15000153,1299512,0,1,32.15000153,yahoo_bootstrap
2026-01-29,32.5,33.65000153,31.5,31.75,1771161,0,1,31.75,yahoo_bootstrap
2026-01-30,31.5,31.5,30.10000038,30.60000038,1060548,0,1,30.60000038,yahoo_bootstrap
2026-02-02,30.60000038,30.60000038,29.60000038,29.75,786300,0,1,29.75,yahoo_bootstrap
2026-02-03,30.20000076,30.25,29.39999962,29.95000076,726346,0,1,29.95000076,yahoo_bootstrap
2026-02-04,30.10000038,32.90000153,29.95000076,31.45000076,2510012,0,1,31.45000076,yahoo_bootstrap
2026-02-05,31.5,31.5,30.35000038,30.64999962,876010,0,1,30.64999962,yahoo_bootstrap
2026-02-06,30.54999924,30.54999924,29.25,30.04999924,897300,0,1,30.04999924,yahoo_bootstrap
2026-02-09,30.5,31.25,30.5,31.04999924,840008,0,1,31.04999924,yahoo_bootstrap
2026-02-10,30.89999962,31.64999962,30.29999924,30.85000038,683207,0,1,30.85000038,yahoo_bootstrap
2026-02-11,30.85000038,30.95000076,30.14999962,30.20000076,658567,0,1,30.20000076,yahoo_bootstrap
2026-02-23,30.20000076,31.89999962,30.20000076,31.79999924,1124887,0,1,31.79999924,yahoo_bootstrap
2026-02-24,32,32,31.5,31.89999962,701035,0,1,31.89999962,yahoo_bootstrap
2026-02-25,32,32,31.35000038,31.35000038,529204,0,1,31.35000038,yahoo_bootstrap
2026-02-26,31.5,32.15000153,31.35000038,31.64999962,624515,0,1,31.64999962,yahoo_bootstrap
2026-03-02,31.60000038,31.64999962,30.60000038,30.89999962,610209,0,1,30.89999962,yahoo_bootstrap
2026-03-03,31.04999924,31.95000076,30.20000076,30.25,767153,0,1,30.25,yahoo_bootstrap
2026-03-04,29.95000076,29.95000076,28.5,29.04999924,1052042,0,1,29.04999924,yahoo_bootstrap
2026-03-05,29.70000076,30.70000076,29.54999924,30.10000038,580016,0,1,30.10000038,yahoo_bootstrap
2026-03-06,30.10000038,30.10000038,29.54999924,29.85000038,260001,0,1,29.85000038,yahoo_bootstrap
2026-03-09,28.04999924,28.5,27.39999962,28.14999962,672100,0,1,28.14999962,yahoo_bootstrap
2026-03-10,28.60000038,29.10000038,28.20000076,28.5,400001,0,1,28.5,yahoo_bootstrap
2026-03-11,28.70000076,30.10000038,28.70000076,30.10000038,462125,0,1,30.10000038,yahoo_bootstrap
2026-03-12,30.29999924,30.29999924,29.35000038,29.35000038,365004,0,1,29.35000038,yahoo_bootstrap
2026-03-13,28.95000076,29.54999924,28.85000038,29,265421,0,1,29,yahoo_bootstrap
2026-03-16,29.39999962,29.85000038,29.25,29.54999924,256281,0,1,29.54999924,yahoo_bootstrap
2026-03-17,30.29999924,31,30,30.04999924,884256,0,1,30.04999924,yahoo_bootstrap
2026-03-18,30.20000076,30.25,29.35000038,29.54999924,597256,0,1,29.54999924,yahoo_bootstrap
2026-03-19,29.54999924,30.10000038,29.5,29.70000076,416031,0,1,29.70000076,yahoo_bootstrap
2026-03-20,29.95000076,30.39999962,29.29999924,29.64999962,471078,0,1,29.64999962,yahoo_bootstrap
2026-03-23,29.14999962,29.70000076,28.20000076,29,550012,0,1,29,yahoo_bootstrap
2026-03-24,29.5,29.95000076,28.60000038,28.70000076,441384,0,1,28.70000076,yahoo_bootstrap
2026-03-25,29.75,29.75,28.85000038,29.04999924,259102,0,1,29.04999924,yahoo_bootstrap
2026-03-26,29.45000076,29.45000076,28.64999962,28.79999924,345006,0,1,28.79999924,yahoo_bootstrap
2026-03-27,28.75,28.75,28.14999962,28.45000076,343001,0,1,28.45000076,yahoo_bootstrap
2026-03-30,28.29999924,28.29999924,27.89999962,28.14999962,259007,0,1,28.14999962,yahoo_bootstrap
2026-03-31,28.14999962,28.25,27.25,27.45000076,659006,0,1,27.45000076,yahoo_bootstrap
2026-04-01,28.04999924,28.10000038,27.75,27.75,283512,0,1,27.75,yahoo_bootstrap
2026-04-02,27.95000076,28.39999962,27.10000038,27.10000038,305342,0,1,27.10000038,yahoo_bootstrap
2026-04-07,27.20000076,27.79999924,27.10000038,27.35000038,355167,0,1,27.35000038,yahoo_bootstrap
2026-04-08,28.10000038,28.25,27.60000038,28.20000076,479112,0,1,28.20000076,yahoo_bootstrap
2026-04-09,28.04999924,28.25,27.54999924,27.85000038,302015,0,1,27.85000038,yahoo_bootstrap
2026-04-10,28.14999962,28.45000076,27.79999924,28,286974,0,1,28,yahoo_bootstrap
2026-04-13,27.79999924,28.75,27.70000076,28.60000038,542300,0,1,28.60000038,yahoo_bootstrap
2026-04-14,28.89999962,30.5,28.89999962,29.85000038,1032257,0,1,29.85000038,yahoo_bootstrap
2026-04-15,30.60000038,31,29.64999962,29.70000076,916381,0,1,29.70000076,yahoo_bootstrap
2026-04-16,30,30.25,29.60000038,29.89999962,614030,0,1,29.89999962,yahoo_bootstrap
2026-04-17,30.20000076,30.39999962,29.85000038,30.20000076,705640,0,1,30.20000076,yahoo_bootstrap
2026-04-20,30.60000038,31.39999962,30.5,30.64999962,1222714,0,1,30.64999962,yahoo_bootstrap
2026-04-21,31.20000076,31.20000076,30.35000038,31,883328,0,1,31,yahoo_bootstrap
2026-04-22,31.39999962,31.5,30.89999962,30.89999962,537158,0,1,30.89999962,yahoo_bootstrap
2026-04-23,31,31.20000076,28.64999962,29.25,804005,0,1,29.25,yahoo_bootstrap
2026-04-24,29.10000038,30.39999962,29.10000038,29.10000038,450003,0,1,29.10000038,yahoo_bootstrap
2026-04-27,29.64999962,29.64999962,28.04999924,28.95000076,506897,0,1,28.95000076,yahoo_bootstrap
2026-04-28,29,29,28.20000076,28.85000038,437150,0,1,28.85000038,yahoo_bootstrap
2026-04-29,28.85000038,29.64999962,28.64999962,29.39999962,428016,0,1,29.39999962,yahoo_bootstrap
2026-04-30,29.54999924,29.54999924,28.75,29,216017,0,1,29,yahoo_bootstrap
2026-05-04,29.39999962,29.39999962,28.60000038,28.70000076,447129,0,1,28.70000076,yahoo_bootstrap
2026-05-05,28.70000076,29.54999924,28.70000076,29.45000076,415049,0,1,29.45000076,yahoo_bootstrap
2026-05-06,29.64999962,29.64999962,28.45000076,28.70000076,554257,0,1,28.70000076,yahoo_bootstrap
2026-05-07,28.79999924,29.79999924,28.70000076,29.79999924,711100,0,1,29.79999924,yahoo_bootstrap
2026-05-08,29.85000038,30.60000038,28.89999962,28.95000076,735283,0,1,28.95000076,yahoo_bootstrap
2026-05-11,29.04999924,29.14999962,28.64999962,29,460375,0,1,29,yahoo_bootstrap
2026-05-12,29.10000038,29.54999924,28.75,29.39999962,471065,0,1,29.39999962,yahoo_bootstrap
2026-05-13,29.39999962,30.45000076,28.79999924,30.45000076,906121,0,1,30.45000076,yahoo_bootstrap
2026-05-14,30.5,31.5,30.04999924,31.25,1455755,0,1,31.25,yahoo_bootstrap
2026-05-15,31.64999962,32.40000153,30.45000076,30.5,2087264,0,1,30.5,yahoo_bootstrap
2026-05-18,30.70000076,31.54999924,30.29999924,31.29999924,836353,0,1,31.29999924,yahoo_bootstrap
2026-05-19,30.89999962,32.59999847,30.79999924,30.79999924,1680117,0,1,30.79999924,yahoo_bootstrap
2026-05-20,30.79999924,31.64999962,30.5,30.89999962,859001,0,1,30.89999962,yahoo_bootstrap
2026-05-21,31.64999962,33.20000076,31.04999924,32.95000076,2583605,0,1,32.95000076,yahoo_bootstrap
2026-05-22,33.09999847,33.40000153,32.40000153,32.90000153,1844793,0,1,32.90000153,yahoo_bootstrap
2026-05-25,33.29999924,33.59999847,32.20000076,32.5,1380520,0,1,32.5,yahoo_bootstrap
2026-05-26,32.90000153,33.75,32.15000153,32.20000076,1542342,0,1,32.20000076,yahoo_bootstrap
2026-05-27,32.90000153,32.90000153,30.79999924,30.89999962,1191440,0,1,30.89999962,yahoo_bootstrap
2026-05-28,31.29999924,32.34999847,30.75,30.75,974100,0,1,30.75,yahoo_bootstrap
2026-05-29,31.04999924,31.54999924,30.75,31.5,783400,0,1,31.5,yahoo_bootstrap
2026-06-01,31.5,32.45000076,31.29999924,32.29999924,1047200,0,1,32.29999924,yahoo_bootstrap
2026-06-02,32.40000153,33.09999847,31.29999924,31.95000076,1006533,0,1,31.95000076,yahoo_bootstrap
2026-06-03,32.04999924,34.95000076,31.95000076,34.65000153,3431734,0,1,34.65000153,yahoo_bootstrap
2026-06-04,33.95000076,34.95000076,33.25,34.5,1703601,0,1,34.5,yahoo_bootstrap
2026-06-05,34.75,35.20000076,33.54999924,33.70000076,2621150,0,1,33.70000076,yahoo_bootstrap
2026-06-08,30.39999962,32.79999924,30.39999962,32.34999847,1221101,0,1,32.34999847,yahoo_bootstrap
2026-06-09,32.34999847,35.54999924,32.29999924,35.54999924,3318255,0,1,35.54999924,yahoo_bootstrap
2026-06-10,35.45000076,38.65000153,33.54999924,33.79999924,9806017,0,1,33.79999924,yahoo_bootstrap
2026-06-11,33.20000076,33.40000153,31.95000076,32.84999847,2239176,0,1,32.84999847,yahoo_bootstrap
2026-06-12,33.79999924,34.04999924,32.54999924,32.54999924,1157001,0,1,32.54999924,yahoo_bootstrap
2026-06-15,33.09999847,35.20000076,32.79999924,34.59999847,2908087,0,1,34.59999847,yahoo_bootstrap
2026-06-16,34.59999847,38.04999924,34.5,38.04999924,6777617,0,1,38.04999924,yahoo_bootstrap
2026-06-17,38.04999924,41.84999847,37,41.70000076,27749067,0,1,41.70000076,yahoo_bootstrap
2026-06-18,44.59999847,44.90000153,42.20000076,43.90000153,18423775,0,1,43.90000153,yahoo_bootstrap
2026-06-22,42.79999924,43.29999924,40.70000076,40.95000076,8635851,0,1,40.95000076,yahoo_bootstrap
2026-06-23,40.70000076,40.70000076,38.70000076,39.15000153,4479001,0,1,39.15000153,yahoo_bootstrap
2026-06-24,38.79999924,40.20000076,38.59999847,38.84999847,3047249,0,1,38.84999847,yahoo_bootstrap
2026-06-25,39.25,42.70000076,38.45000076,42.34999847,9885970,0,1,42.34999847,yahoo_bootstrap
2026-06-26,42,42.5,38.15000153,38.25,5630847,0,1,38.25,yahoo_bootstrap
2026-06-29,38.25,39.95000076,37.20000076,37.59999847,2243280,0,1,37.59999847,yahoo_bootstrap
2026-06-30,38.09999847,38.5,37.5,37.5,1644548,0,1,37.5,yahoo_bootstrap
2026-07-01,38.15000153,38.45000076,36.09999847,36.15000153,2049714,0,1,36.15000153,yahoo_bootstrap
2026-07-02,35.90000153,38.65000153,35.59999847,37.70000076,2503070,0,1,37.70000076,yahoo_bootstrap
2026-07-03,37.65000153,41.40000153,37,40.25,7345715,0,1,40.25,yahoo_bootstrap
2026-07-06,40.40000153,41.04999924,39.04999924,39.40000153,2571818,0,1,39.40000153,yahoo_bootstrap
2026-07-07,39.40000153,39.79999924,37,37.04999924,1662050,0,1,37.04999924,yahoo_bootstrap
2026-07-08,37.25,37.59999847,36.25,36.75,1100000,0,1,36.75,yahoo_bootstrap
2026-07-09,37.79999924,39.15000153,36.90000153,38.29999924,2518600,0,1,38.29999924,yahoo_bootstrap
2026-07-10,38.29999924,38.29999924,38.29999924,38.29999924,0,0,1,38.29999924,yahoo_bootstrap
2026-07-13,38.29999924,40.34999847,36.84999847,37,2338087,0,1,37,yahoo_bootstrap
2026-07-14,36.70000076,37.5,34.65000153,36.09999847,1512174,0,1,36.09999847,yahoo_bootstrap
2026-07-15,36.54999924,36.79999924,35.29999924,35.45000076,905007,0,1,35.45000076,yahoo_bootstrap
2026-07-16,35.29999924,36.29999924,34.84999847,35.29999924,716014,0,1,35.29999924,yahoo_bootstrap
2026-07-17,34.5,35.34999847,33.04999924,33.04999924,1152637,0,1,33.04999924,yahoo_bootstrap
2026-07-20,33.54999924,33.84999847,31.45000076,31.60000038,843150,0,1,31.60000038,yahoo_bootstrap
2026-07-21,31.95000076,32.25,31.60000038,31.70000076,452800,0,1,31.70000076,yahoo_bootstrap
2026-07-22,32.40000153,32.90000153,32.04999924,32.20000076,488000,0,1,32.20000076,yahoo_bootstrap
2026-07-23,32.29999924,33.34999847,32.04999924,32.15000153,513200,0,1,32.15000153,yahoo_bootstrap
2026-07-24,31.79999924,32,30.79999924,30.85000038,638044,0,1,30.85000038,yahoo_bootstrap
2026-07-27,31.10000038,33.90000153,30.95000076,33.90000153,2779065,0,1,33.90000153,yahoo_daily
2026-07-28,32.95000076,36.40000153,32.54999924,34.29999924,12171010,0,1,34.29999924,yahoo_daily
2026-07-29,34.59999847,37.70000076,34.54999924,37.70000076,13023856,0,1,37.70000076,yahoo_daily
2026-07-30,38,41,33.95000076,33.95000076,20434038,0,1,33.95000076,yahoo_daily
2026-07-31,35.15000153,37.29999924,34.90000153,37.29999924,10281328,0,1,37.29999924,yahoo_daily
2026-08-03,37,39.40000153,35.90000153,38,12827233,0,1,38,yahoo_daily
2026-08-04,37.5,38.79999924,36.79999924,37.29999924,5829928,0,1,37.29999924,yahoo_daily
2026-08-05,36.90000153,38.15000153,36.5,36.5,3909871,0,1,36.5,yahoo_daily
2026-08-06,36,37.25,35.70000076,37.15000153,1906010,0,1,37.15000153,yahoo_daily
2026-08-07,36.54999924,39.09999847,36.15000153,36.25,3020281,0,1,36.25,yahoo_daily
2026-08-10,36.25,36.90000153,36.09999847,36.15000153,1338100,0,1,36.15000153,yahoo_daily
2026-08-11,36.09999847,36.40000153,35.54999924,35.54999924,1003066,0,1,35.54999924,yahoo_daily
2026-08-12,35.54999924,37.75,35,37.04999924,2417135,0,1,37.04999924,yahoo_daily
2026-08-13,36.79999924,38.84999847,36.29999924,37.04999924,3667268,0,1,37.04999924,yahoo_daily
2026-08-14,37.20000076,40.20000076,37.20000076,37.79999924,5822320,0,1,37.79999924,yahoo_daily
2026-08-17,37.95000076,40.79999924,37.90000153,38.70000076,6006258,0,1,38.70000076,yahoo_daily
2026-08-18,38.70000076,39.75,37.5,37.54999924,2521000,0,1,37.54999924,yahoo_daily
2026-08-19,36.65000153,38.29999924,36.54999924,37.09999847,1381384,0,1,37.09999847,yahoo_daily
2026-08-20,37.59999847,39.40000153,37.59999847,38.15000153,3859281,0,1,38.15000153,yahoo_daily
2026-08-21,38.20000076,38.59999847,37.29999924,38,2653597,0,1,38,yahoo_daily
2026-08-24,38.79999924,40.15000153,37.40000153,37.40000153,2685032,0,1,37.40000153,yahoo_daily
2026-08-25,37.09999847,38.40000153,36.5,37.40000153,2085075,0,1,37.40000153,yahoo_daily
2026-08-26,37.59999847,41.09999847,37.59999847,39.59999847,9623044,0,1,39.59999847,yahoo_daily
