date,open,high,low,close,volume,dividend,split_factor,adjusted_close,source
2021-08-27,91,92,90,91.5,1660069,0,1,72.96063894,yahoo_bootstrap
2021-08-30,91,92,90.90000153,91.30000305,1049400,0,1,72.80116457,yahoo_bootstrap
2021-08-31,91.09999847,91.69999695,89.59999847,90.5,2359478,0,1,72.16325491,yahoo_bootstrap
2021-09-01,90.5,94,90.5,93.5,2549319,0,1,74.55540701,yahoo_bootstrap
2021-09-02,93.69999695,95.80000305,93.09999847,93.69999695,3759161,0,1,74.71488138,yahoo_bootstrap
2021-09-03,94.30000305,98.80000305,93.09999847,98.40000153,6788097,0,1,78.46258998,yahoo_bootstrap
2021-09-06,99.80000305,101.5,98.09999847,98.09999847,11346793,0,1,78.22337234,yahoo_bootstrap
2021-09-07,98.09999847,99.5,92.19999695,92.80000305,6628398,0,1,73.99724062,yahoo_bootstrap
2021-09-08,92.09999847,93.30000305,89.59999847,90.30000305,3963600,0,1,72.00378054,yahoo_bootstrap
2021-09-09,89.90000153,91.59999847,89.09999847,90.69999695,1714360,0,1,72.32272928,yahoo_bootstrap
2021-09-10,90.59999847,91.90000153,90.09999847,91.69999695,1504255,0,1,73.12011332,yahoo_bootstrap
2021-09-13,92.19999695,94.09999847,92,93.09999847,2713559,0,1,74.23645218,yahoo_bootstrap
2021-09-14,92.69999695,93.30000305,91.59999847,91.59999847,1325190,0,1,73.04037613,yahoo_bootstrap
2021-09-15,91.59999847,91.59999847,89.80000305,90.5,1295123,0,1,72.16325491,yahoo_bootstrap
2021-09-16,91,91.80000305,90.5,90.80000305,749260,0,1,72.40247255,yahoo_bootstrap
2021-09-17,90.90000153,91.69999695,90.40000153,91.19999695,847073,0,1,72.7214213,yahoo_bootstrap
2021-09-22,89,90.59999847,88,90.19999695,968084,0,1,71.92403727,yahoo_bootstrap
2021-09-23,90.80000305,92,90.80000305,91.80000305,1076334,0,1,73.19985659,yahoo_bootstrap
2021-09-24,92.69999695,93.69999695,92,93,1823637,0,1,74.15671499,yahoo_bootstrap
2021-09-27,93.40000153,95.19999695,93.30000305,94.40000153,2420301,0,1,75.27305385,yahoo_bootstrap
2021-09-28,95,95.80000305,93.69999695,94,2466323,0,1,74.95409902,yahoo_bootstrap
2021-09-29,92,92.90000153,90.40000153,90.80000305,1924038,0,1,72.40247255,yahoo_bootstrap
2021-09-30,91,91.5,89.90000153,90.69999695,1271096,0,1,72.32272928,yahoo_bootstrap
2021-10-01,90.19999695,90.40000153,87.19999695,88.30000305,2624600,0,1,70.40901247,yahoo_bootstrap
2021-10-04,89,89.90000153,84.80000305,84.80000305,2549151,0,1,67.61816836,yahoo_bootstrap
2021-10-05,83.59999847,85.69999695,81,85.30000305,2835400,0,1,68.01686038,yahoo_bootstrap
2021-10-06,86.09999847,86.59999847,82.19999695,82.5,2562500,0,1,65.78418265,yahoo_bootstrap
2021-10-07,83,86.90000153,83,86.19999695,2564041,0,1,68.73450114,yahoo_bootstrap
2021-10-08,87.59999847,87.90000153,84.59999847,85.09999847,1732271,0,1,67.85737992,yahoo_bootstrap
2021-10-12,84.80000305,84.90000153,82.09999847,82.30000305,1865150,0,1,65.62470828,yahoo_bootstrap
2021-10-13,82.69999695,83.5,79.30000305,79.5,2589329,0,1,63.39203056,yahoo_bootstrap
2021-10-14,80,81,78.09999847,80.59999847,1510081,0,1,64.26915177,yahoo_bootstrap
2021-10-15,81.59999847,83,81.5,82.5,1014128,0,1,65.78418265,yahoo_bootstrap
2021-10-18,83.09999847,83.19999695,81.69999695,82.5,576288,0,1,65.78418265,yahoo_bootstrap
2021-10-19,82.69999695,85,82.69999695,84.30000305,1255500,0,1,67.21947634,yahoo_bootstrap
2021-10-20,84.19999695,85.30000305,84.09999847,85.09999847,780153,0,1,67.85737992,yahoo_bootstrap
2021-10-21,85.5,86.90000153,84.59999847,86.30000305,2084415,0,1,68.81424441,yahoo_bootstrap
2021-10-22,86.09999847,87.09999847,85.30000305,85.5,1898612,0,1,68.17633475,yahoo_bootstrap
2021-10-25,85.80000305,86.90000153,85.40000153,86.40000153,797268,0,1,68.89398159,yahoo_bootstrap
2021-10-26,86.19999695,86.40000153,83.19999695,83.59999847,3154087,0,1,66.66130387,yahoo_bootstrap
2021-10-27,83.59999847,84.80000305,83.30000305,84.69999695,1482050,0,1,67.53842509,yahoo_bootstrap
2021-10-28,84.5,86,84.09999847,85.80000305,1217155,0,1,68.41555239,yahoo_bootstrap
2021-10-29,85.80000305,86.40000153,85,85.80000305,1069405,0,1,68.41555239,yahoo_bootstrap
2021-11-01,86.09999847,89.40000153,85.5,88.69999695,2372356,0,1,70.72796122,yahoo_bootstrap
2021-11-02,89.30000305,89.5,85.59999847,85.69999695,2217103,0,1,68.33580912,yahoo_bootstrap
2021-11-03,86.30000305,87.09999847,85.80000305,86.69999695,738029,0,1,69.13319315,yahoo_bootstrap
2021-11-04,87.80000305,88.19999695,86.30000305,86.30000305,637046,0,1,68.81424441,yahoo_bootstrap
2021-11-05,87.30000305,87.30000305,85.69999695,86.5,662100,0,1,68.97371878,yahoo_bootstrap
2021-11-08,86.5,87.19999695,85.80000305,86.69999695,1286182,0,1,69.13319315,yahoo_bootstrap
2021-11-09,87.19999695,88.5,87.19999695,88.19999695,1609569,0,1,70.3292692,yahoo_bootstrap
2021-11-10,88,88.90000153,87.40000153,87.80000305,1166657,0,1,70.01032046,yahoo_bootstrap
2021-11-11,87.5,91,87.40000153,89.90000153,2649756,0,1,71.68482571,yahoo_bootstrap
2021-11-12,91,91.40000153,89.09999847,90.30000305,1991257,0,1,72.00378054,yahoo_bootstrap
2021-11-15,90.30000305,92.69999695,90.30000305,92.40000153,2731344,0,1,73.67828579,yahoo_bootstrap
2021-11-16,93,93.19999695,90.5,91.69999695,1775868,0,1,73.12011332,yahoo_bootstrap
2021-11-17,92.40000153,93.19999695,91.5,92.40000153,1748260,0,1,73.67828579,yahoo_bootstrap
2021-11-18,93.09999847,96.90000153,91.90000153,96,5118097,0,1,76.54886709,yahoo_bootstrap
2021-11-19,98,99.19999695,94,94.40000153,12168504,0,1,75.27305385,yahoo_bootstrap
2021-11-22,94.19999695,95.90000153,92.40000153,94,2598405,0,1,74.95409902,yahoo_bootstrap
2021-11-23,93.19999695,93.80000305,91.40000153,91.59999847,2742672,0,1,73.04037613,yahoo_bootstrap
2021-11-24,91.19999695,92.59999847,91.19999695,92,1082021,0,1,73.35933096,yahoo_bootstrap
2021-11-25,92,92.69999695,90.90000153,91,947215,0,1,72.56194693,yahoo_bootstrap
2021-11-26,90.5,91.19999695,89.19999695,90.09999847,1353622,0,1,71.84430008,yahoo_bootstrap
2021-11-29,88.19999695,91.40000153,88.09999847,90.80000305,1387313,0,1,72.40247255,yahoo_bootstrap
2021-11-30,91.5,92.5,91,92.5,1201204,0,1,73.75802297,yahoo_bootstrap
2021-12-01,91.5,96.59999847,91.09999847,96.5,5235507,0,1,76.9475591,yahoo_bootstrap
2021-12-02,97,97.80000305,93.90000153,94.59999847,7616384,0,1,75.43252822,yahoo_bootstrap
2021-12-03,95.59999847,96.90000153,94.90000153,95.80000305,2980702,0,1,76.38939271,yahoo_bootstrap
2021-12-06,95.90000153,95.90000153,94.59999847,94.69999695,1574407,0,1,75.51226541,yahoo_bootstrap
2021-12-07,95,95.5,93.09999847,93.59999847,1476185,0,1,74.63514419,yahoo_bootstrap
2021-12-08,92.69999695,92.90000153,91.09999847,91.59999847,3431323,0,1,73.04037613,yahoo_bootstrap
2021-12-09,91.09999847,91.59999847,90.09999847,90.40000153,2062455,0,1,72.08351772,yahoo_bootstrap
2021-12-10,90.59999847,91.40000153,90,91.19999695,1095288,0,1,72.7214213,yahoo_bootstrap
2021-12-13,91.19999695,91.5,90.5,90.59999847,726144,0,1,72.2429921,yahoo_bootstrap
2021-12-14,91.5,91.5,90,90,879250,0,1,71.76456289,yahoo_bootstrap
2021-12-15,90,91,89.80000305,90.59999847,502251,0,1,72.2429921,yahoo_bootstrap
2021-12-16,91.09999847,92.30000305,91.09999847,91.59999847,919335,0,1,73.04037613,yahoo_bootstrap
2021-12-17,90.69999695,91,90.40000153,91,692231,0,1,72.56194693,yahoo_bootstrap
2021-12-20,91,91.80000305,90.30000305,90.30000305,473071,0,1,72.00378054,yahoo_bootstrap
2021-12-21,90.5,91.59999847,90.40000153,91.19999695,644643,0,1,72.7214213,yahoo_bootstrap
2021-12-22,91.59999847,92.59999847,91.19999695,91.30000305,822410,0,1,72.80116457,yahoo_bootstrap
2021-12-23,92,92.69999695,91.5,91.59999847,966518,0,1,73.04037613,yahoo_bootstrap
2021-12-24,92,92.09999847,91.09999847,91.09999847,516233,0,1,72.64168411,yahoo_bootstrap
2021-12-27,91.59999847,92,91.09999847,91.5,530230,0,1,72.96063894,yahoo_bootstrap
2021-12-28,92,92.09999847,91.30000305,91.40000153,592029,0,1,72.88090176,yahoo_bootstrap
2021-12-29,91.5,92.5,91.30000305,92,818303,0,1,73.35933096,yahoo_bootstrap
2021-12-30,92.30000305,92.5,91.69999695,92,634200,0,1,73.35933096,yahoo_bootstrap
2022-01-03,92.5,95.40000153,92.19999695,95,7240650,0,1,75.75148305,yahoo_bootstrap
2022-01-04,96,96.40000153,93.80000305,93.90000153,6999353,0,1,74.87436184,yahoo_bootstrap
2022-01-05,95,95,93.30000305,93.5,1843202,0,1,74.55540701,yahoo_bootstrap
2022-01-06,92.90000153,93.5,91.59999847,92.69999695,1098202,0,1,73.91749735,yahoo_bootstrap
2022-01-07,93.19999695,93.19999695,90.5,90.80000305,2099450,0,1,72.40247255,yahoo_bootstrap
2022-01-10,88.90000153,89.69999695,88.09999847,88.80000305,2150565,0,1,70.80770449,yahoo_bootstrap
2022-01-11,88.90000153,89,88,88.80000305,1224567,0,1,70.80770449,yahoo_bootstrap
2022-01-12,89,89.09999847,86.09999847,86.30000305,2165510,0,1,68.81424441,yahoo_bootstrap
2022-01-13,85.80000305,85.80000305,84.80000305,85,1555276,0,1,67.77764273,yahoo_bootstrap
2022-01-14,85,85,83.09999847,83.30000305,1531650,0,1,66.42209231,yahoo_bootstrap
2022-01-17,83.30000305,85.09999847,83.30000305,84.90000153,798090,0,1,67.69790555,yahoo_bootstrap
2022-01-18,85,86.80000305,85,86,1017500,0,1,68.57502677,yahoo_bootstrap
2022-01-19,85.09999847,86.09999847,84.5,86,760002,0,1,68.57502677,yahoo_bootstrap
2022-01-20,86,86.40000153,85,86,387112,0,1,68.57502677,yahoo_bootstrap
2022-01-21,85.40000153,85.69999695,84.59999847,84.59999847,767301,0,1,67.4586879,yahoo_bootstrap
2022-01-24,84.19999695,84.19999695,82.5,83.40000153,707122,0,1,66.5018295,yahoo_bootstrap
2022-01-25,83.30000305,84.19999695,83,83.19999695,605401,0,1,66.34234904,yahoo_bootstrap
2022-01-26,83.19999695,83.40000153,82.30000305,82.5,756340,0,1,65.78418265,yahoo_bootstrap
2022-02-07,82.69999695,83.90000153,82.5,83.59999847,424060,0,1,66.66130387,yahoo_bootstrap
2022-02-08,83.90000153,84.80000305,83.59999847,84.5,344100,0,1,67.37895072,yahoo_bootstrap
2022-02-09,84.69999695,86.5,84.69999695,86.19999695,670083,0,1,68.73450114,yahoo_bootstrap
2022-02-10,85.5,85.69999695,85,85.09999847,929403,0,1,67.85737992,yahoo_bootstrap
2022-02-11,84.69999695,85.59999847,84.40000153,85,488118,0,1,67.77764273,yahoo_bootstrap
2022-02-14,84.09999847,84.30000305,83.5,83.90000153,614249,0,1,66.90052151,yahoo_bootstrap
2022-02-15,84.19999695,86.90000153,84,85.59999847,1585361,0,1,68.25607194,yahoo_bootstrap
2022-02-16,86.59999847,86.59999847,85.09999847,85.40000153,641602,0,1,68.09659756,yahoo_bootstrap
2022-02-17,85.5,86,85.09999847,85.09999847,512030,0,1,67.85737992,yahoo_bootstrap
2022-02-18,85,85.19999695,84.5,85,323086,0,1,67.77764273,yahoo_bootstrap
2022-02-21,85.09999847,86,84.80000305,86,840309,0,1,68.57502677,yahoo_bootstrap
2022-02-22,85.5,85.69999695,84.19999695,84.30000305,648007,0,1,67.21947634,yahoo_bootstrap
2022-02-23,84.59999847,86.69999695,84.59999847,86.19999695,628250,0,1,68.73450114,yahoo_bootstrap
2022-02-24,86.69999695,88.59999847,86.19999695,87.30000305,4796267,0,1,69.61162844,yahoo_bootstrap
2022-02-25,88,89.5,87.59999847,87.59999847,3091490,0,1,69.85084,yahoo_bootstrap
2022-03-01,87.59999847,88.69999695,87.59999847,88.19999695,943083,0,1,70.3292692,yahoo_bootstrap
2022-03-02,88,88.80000305,87.5,88.69999695,754561,0,1,70.72796122,yahoo_bootstrap
2022-03-03,89.40000153,89.69999695,88.69999695,89,999075,0,1,70.96717886,yahoo_bootstrap
2022-03-04,88.69999695,89.5,88.30000305,89.09999847,945436,0,1,71.04691605,yahoo_bootstrap
2022-03-07,88.69999695,88.69999695,86.19999695,86.59999847,1289646,0,1,69.05345597,yahoo_bootstrap
2022-03-08,85.5,86.5,84,84,1674548,0,1,66.9802587,yahoo_bootstrap
2022-03-09,85,85.59999847,84.40000153,85.5,896502,0,1,68.17633475,yahoo_bootstrap
2022-03-10,86.5,87,86.09999847,87,810030,0,1,69.3724108,yahoo_bootstrap
2022-03-11,87,87.5,86,86.40000153,1009207,0,1,68.89398159,yahoo_bootstrap
2022-03-14,86.40000153,87,85.80000305,86.09999847,496092,0,1,68.65476395,yahoo_bootstrap
2022-03-15,86.09999847,86.09999847,84.09999847,84.19999695,932130,0,1,67.13973307,yahoo_bootstrap
2022-03-16,84.90000153,85.5,83.09999847,83.59999847,1019027,0,1,66.66130387,yahoo_bootstrap
2022-03-17,84.80000305,85.40000153,84.19999695,85.30000305,853055,0,1,68.01686038,yahoo_bootstrap
2022-03-18,85.30000305,87.19999695,85.19999695,87.19999695,911393,0,1,69.53188517,yahoo_bootstrap
2022-03-21,87.69999695,88.09999847,87.09999847,87.40000153,1068426,0,1,69.69136563,yahoo_bootstrap
2022-03-22,87,87.80000305,86.80000305,87.80000305,566362,0,1,70.01032046,yahoo_bootstrap
2022-03-23,88.19999695,90.90000153,88.09999847,90.40000153,4335816,0,1,72.08351772,yahoo_bootstrap
2022-03-24,90,91.5,89.19999695,90.90000153,2754530,0,1,72.48220974,yahoo_bootstrap
2022-03-25,91.80000305,91.80000305,89.80000305,90.40000153,1852575,0,1,72.08351772,yahoo_bootstrap
2022-03-28,90.30000305,90.30000305,88.69999695,89.30000305,922489,0,1,71.2063965,yahoo_bootstrap
2022-03-29,90.69999695,93.09999847,90.19999695,91.40000153,5852212,0,1,72.88090176,yahoo_bootstrap
2022-03-30,93,93.90000153,90.90000153,91,4907571,0,1,72.56194693,yahoo_bootstrap
2022-03-31,91,91.09999847,89.59999847,90,1573451,0,1,71.76456289,yahoo_bootstrap
2022-04-01,89.19999695,89.90000153,88.80000305,89.80000305,634330,0,1,71.60508852,yahoo_bootstrap
2022-04-06,88.80000305,89,87.30000305,87.90000153,1057060,0,1,70.09005764,yahoo_bootstrap
2022-04-07,86.5,87.30000305,85.09999847,85.90000153,1980492,0,1,68.49528958,yahoo_bootstrap
2022-04-08,86.09999847,86.59999847,85.5,86.09999847,793144,0,1,68.65476395,yahoo_bootstrap
2022-04-11,86,86,82.59999847,83.09999847,1977486,0,1,66.26261186,yahoo_bootstrap
2022-04-12,82.09999847,82.90000153,81.59999847,82.19999695,1197970,0,1,65.54496501,yahoo_bootstrap
2022-04-13,82.40000153,83.69999695,82.40000153,83.69999695,583121,0,1,66.74104106,yahoo_bootstrap
2022-04-14,82.59999847,83.40000153,82.59999847,82.90000153,600607,0,1,66.10313748,yahoo_bootstrap
2022-04-15,82.30000305,82.40000153,81.5,81.69999695,851586,0,1,65.14627299,yahoo_bootstrap
2022-04-18,81.5,81.5,80.59999847,80.69999695,563104,0,1,64.34888896,yahoo_bootstrap
2022-04-19,81.5,81.5,81.09999847,81.5,337041,0,1,64.98679862,yahoo_bootstrap
2022-04-20,81.90000153,82.09999847,81.59999847,81.80000305,294056,0,1,65.22601626,yahoo_bootstrap
2022-04-21,81.80000305,82.59999847,81.19999695,81.59999847,593001,0,1,65.06653581,yahoo_bootstrap
2022-04-22,81.19999695,81.40000153,80.59999847,80.59999847,580044,0,1,64.26915177,yahoo_bootstrap
2022-04-25,79.40000153,79.40000153,77,77,1591937,0,1,61.39857048,yahoo_bootstrap
2022-04-26,77.09999847,77.69999695,76.09999847,76.09999847,1036525,0,1,60.68092363,yahoo_bootstrap
2022-04-27,73.09999847,74.09999847,71.59999847,73.80000305,1603395,0,1,58.84694401,yahoo_bootstrap
2022-04-28,73.80000305,75.80000305,73.59999847,75.59999847,806300,0,1,60.28223161,yahoo_bootstrap
2022-04-29,76.90000153,76.90000153,75.19999695,75.69999695,600594,0,1,60.3619688,yahoo_bootstrap
2022-05-03,75.5,76.80000305,74.69999695,76.40000153,534380,0,1,60.92014127,yahoo_bootstrap
2022-05-04,76.80000305,77.30000305,76.59999847,77.19999695,424845,0,1,61.55804485,yahoo_bootstrap
2022-05-05,78.09999847,78.69999695,77.5,77.5,539226,0,1,61.79726249,yahoo_bootstrap
2022-05-06,75.30000305,77,75.30000305,76.69999695,344222,0,1,61.15935283,yahoo_bootstrap
2022-05-09,75,75.69999695,74.19999695,74.19999695,662371,0,1,59.16589275,yahoo_bootstrap
2022-05-10,72.40000153,75.80000305,72.40000153,75.59999847,971213,0,1,60.28223161,yahoo_bootstrap
2022-05-11,75.5,76,74.80000305,75.59999847,360029,0,1,60.28223161,yahoo_bootstrap
2022-05-12,74.59999847,75.5,73.80000305,74,491396,0,1,59.00641838,yahoo_bootstrap
2022-05-13,74.69999695,74.90000153,74.09999847,74.30000305,302051,0,1,59.24563602,yahoo_bootstrap
2022-05-16,75.09999847,76,74.09999847,74.09999847,422140,0,1,59.08615557,yahoo_bootstrap
2022-05-17,74.5,77.5,74.40000153,77.19999695,1032235,0,1,61.55804485,yahoo_bootstrap
2022-05-18,77.5,77.80000305,76.30000305,76.5,736100,0,1,60.99987846,yahoo_bootstrap
2022-05-19,75,75.80000305,74.69999695,75.5,387275,0,1,60.20249443,yahoo_bootstrap
2022-05-20,75.40000153,75.80000305,75.30000305,75.40000153,388050,0,1,60.12275724,yahoo_bootstrap
2022-05-23,75.80000305,75.80000305,75.09999847,75.30000305,246320,0,1,60.04302005,yahoo_bootstrap
2022-05-24,75.59999847,75.59999847,74,74,404329,0,1,59.00641838,yahoo_bootstrap
2022-05-25,74.40000153,74.69999695,74,74.30000305,299042,0,1,59.24563602,yahoo_bootstrap
2022-05-26,74.69999695,74.90000153,73.5,73.5,403005,0,1,58.60772636,yahoo_bootstrap
2022-05-27,74.30000305,74.5,74.09999847,74.30000305,245000,0,1,59.24563602,yahoo_bootstrap
2022-05-30,75.30000305,76.40000153,75.30000305,76.19999695,593052,0,1,60.76066082,yahoo_bootstrap
2022-05-31,76.19999695,77.40000153,76.19999695,77.19999695,736059,0,1,61.55804485,yahoo_bootstrap
2022-06-01,77.19999695,78.19999695,76.80000305,77.69999695,592100,0,1,61.95673686,yahoo_bootstrap
2022-06-02,77.5,77.69999695,77.09999847,77.40000153,411000,0,1,61.71752531,yahoo_bootstrap
2022-06-06,77.40000153,77.5,76.5,77,320260,0,1,61.39857048,yahoo_bootstrap
2022-06-07,76.90000153,77.5,76.80000305,77,319025,0,1,61.39857048,yahoo_bootstrap
2022-06-08,77.5,77.80000305,77.09999847,77.09999847,447508,0,1,61.47830766,yahoo_bootstrap
2022-06-09,75.80000305,76.5,75.80000305,75.90000153,682100,0,1,60.52144926,yahoo_bootstrap
2022-06-10,75.80000305,75.80000305,75.09999847,75.09999847,399000,0,1,59.8835396,yahoo_bootstrap
2022-06-13,74,74,72.59999847,72.59999847,900039,0,1,57.89007952,yahoo_bootstrap
2022-06-14,72.30000305,72.30000305,71,72,593623,0,1,57.41165032,yahoo_bootstrap
2022-06-15,72.5,72.69999695,71.80000305,71.80000305,387909,0,1,57.25217594,yahoo_bootstrap
2022-06-16,72.5,72.69999695,71.09999847,71.30000305,356006,0,1,56.85348393,yahoo_bootstrap
2022-06-17,70.5,70.5,69.59999847,69.90000153,1449550,0,1,55.73714506,yahoo_bootstrap
2022-06-20,70,70.30000305,67.30000305,67.30000305,870502,0,1,53.6639478,yahoo_bootstrap
2022-06-21,67.69999695,69.5,67.5,69.19999695,340638,0,1,55.17897259,yahoo_bootstrap
2022-06-22,69.40000153,69.90000153,68.19999695,68.5,396210,0,1,54.6208062,yahoo_bootstrap
2022-06-23,68.59999847,69.40000153,67,68,468063,0,1,54.22211419,yahoo_bootstrap
2022-06-24,68.90000153,69.5,68.19999695,68.69999695,420150,0,1,54.78028058,yahoo_bootstrap
2022-06-27,69.5,70.90000153,69.5,70.90000153,382350,0,1,56.5345291,yahoo_bootstrap
2022-06-28,71,71,69.30000305,69.5,264325,0,1,55.41819023,yahoo_bootstrap
2022-06-29,69.09999847,69.19999695,68.40000153,68.69999695,180914,0,1,54.78028058,yahoo_bootstrap
2022-06-30,68.59999847,68.59999847,66.30000305,67,603160,0,1,53.42473015,yahoo_bootstrap
2022-07-01,66.80000305,66.80000305,60.29999924,60.5,2387607,0,1,48.24173395,yahoo_bootstrap
2022-07-04,59.5,61.59999847,59.5,60.40000153,1020608,0,1,48.16199676,yahoo_bootstrap
2022-07-05,61.59999847,61.70000076,60.20000076,61.40000153,478341,0,1,48.95938079,yahoo_bootstrap
2022-07-06,61.40000153,62.20000076,60.09999847,60.09999847,345770,0,1,47.92277912,yahoo_bootstrap
2022-07-07,60.20000076,61.70000076,59.70000076,61.5,470104,0,1,49.03911798,yahoo_bootstrap
2022-07-08,61.79999924,63.29999924,61.79999924,62.5,508099,0,1,49.83650201,yahoo_bootstrap
2022-07-11,62.5,62.59999847,61.29999924,61.70000076,181020,0,1,49.19859539,yahoo_bootstrap
2022-07-12,61.09999847,61.09999847,60,60.20000076,466136,0,1,48.00251934,yahoo_bootstrap
2022-07-13,61.29999924,61.90000153,61.09999847,61.59999847,397050,0,1,49.11885516,yahoo_bootstrap
2022-07-14,61.70000076,63.29999924,61.29999924,63.20000076,585310,0,1,50.39467144,yahoo_bootstrap
2022-07-15,63.40000153,65.40000153,63.40000153,65.40000153,915223,0,1,52.14891692,yahoo_bootstrap
2022-07-18,66.30000305,67,66.09999847,66.69999695,810401,0,1,53.18551251,yahoo_bootstrap
2022-07-19,66.69999695,67.30000305,66.19999695,67,721491,0,1,53.42473015,yahoo_bootstrap
2022-07-20,68,68.40000153,67.90000153,68,1608211,0,1,54.22211419,yahoo_bootstrap
2022-07-21,61,62.09999847,60.90000153,62,1107133,7,1,55.1110013,yahoo_bootstrap
2022-07-22,62.5,62.70000076,61.09999847,61.20000076,761123,0,1,54.39989229,yahoo_bootstrap
2022-07-25,61,61.09999847,60.5,60.59999847,469302,0,1,53.86655798,yahoo_bootstrap
2022-07-26,60,60.20000076,58.79999924,58.90000153,774551,0,1,52.3554526,yahoo_bootstrap
2022-07-27,58.90000153,59.09999847,57.20000076,58.29999924,592200,0,1,51.82211829,yahoo_bootstrap
2022-07-28,58.90000153,59.09999847,57.29999924,57.29999924,505100,0,1,50.93323117,yahoo_bootstrap
2022-07-29,58.09999847,58.40000153,57.59999847,57.79999924,273001,0,1,51.37767473,yahoo_bootstrap
2022-08-01,57.79999924,58.40000153,57.29999924,58.09999847,298000,0,1,51.64434019,yahoo_bootstrap
2022-08-02,57.90000153,57.90000153,56.70000076,57.29999924,389018,0,1,50.93323117,yahoo_bootstrap
2022-08-03,57.29999924,57.59999847,56.5,56.59999847,388000,0,1,50.31100951,yahoo_bootstrap
2022-08-04,55.20000076,56.59999847,55.09999847,55.90000153,380000,0,1,49.68879124,yahoo_bootstrap
2022-08-05,56,57.20000076,56,56.79999924,177137,0,1,50.48878761,yahoo_bootstrap
2022-08-08,56.29999924,56.29999924,55.29999924,55.79999924,363001,0,1,49.5999005,yahoo_bootstrap
2022-08-09,55.5,56.20000076,55.20000076,55.70000076,306513,0,1,49.51101314,yahoo_bootstrap
2022-08-10,55.5,56.20000076,55.29999924,56,176012,0,1,49.7776786,yahoo_bootstrap
2022-08-11,56.70000076,57.29999924,56.5,57,339477,0,1,50.66656572,yahoo_bootstrap
2022-08-12,57,58.79999924,57,58.59999847,632277,0,1,52.08878375,yahoo_bootstrap
2022-08-15,59.09999847,59.79999924,59,59.70000076,557251,0,1,53.06656161,yahoo_bootstrap
2022-08-16,59.90000153,60,59.29999924,59.40000153,309153,0,1,52.79989615,yahoo_bootstrap
2022-08-17,60,60,58.70000076,58.79999924,286150,0,1,52.26656185,yahoo_bootstrap
2022-08-18,58.79999924,59.29999924,57.59999847,59.20000076,469041,0,1,52.62211805,yahoo_bootstrap
2022-08-19,59.20000076,59.90000153,59.09999847,59.5,368659,0,1,52.88878351,yahoo_bootstrap
2022-08-22,59.5,59.5,59.09999847,59.20000076,120000,0,1,52.62211805,yahoo_bootstrap
2022-08-23,59,59,58.20000076,58.5,186026,0,1,51.99989639,yahoo_bootstrap
2022-08-24,58.79999924,58.90000153,58.09999847,58.20000076,160000,0,1,51.73323093,yahoo_bootstrap
2022-08-25,58.5,59.5,58.5,58.90000153,282197,0,1,52.3554526,yahoo_bootstrap
2022-08-26,59.40000153,59.59999847,59.09999847,59.29999924,204120,0,1,52.71100541,yahoo_bootstrap
2022-08-29,58.70000076,58.79999924,57.79999924,58.70000076,228120,0,1,52.17767449,yahoo_bootstrap
2022-08-30,58.09999847,59.20000076,58.09999847,58.90000153,208300,0,1,52.3554526,yahoo_bootstrap
2022-08-31,58.70000076,59.70000076,58.70000076,59.40000153,246253,0,1,52.79989615,yahoo_bootstrap
2022-09-01,59.20000076,59.40000153,58.40000153,58.40000153,264000,0,1,51.91100904,yahoo_bootstrap
2022-09-02,58.29999924,58.79999924,57.90000153,58,200004,0,1,51.55545283,yahoo_bootstrap
2022-09-05,58.09999847,58.09999847,56.90000153,57,265050,0,1,50.66656572,yahoo_bootstrap
2022-09-06,57,57.29999924,55.79999924,55.90000153,254120,0,1,49.68879124,yahoo_bootstrap
2022-09-07,55.90000153,55.90000153,55.20000076,55.5,168064,0,1,49.33323504,yahoo_bootstrap
2022-09-08,55.5,57.79999924,55.5,57.20000076,275040,0,1,50.84434382,yahoo_bootstrap
2022-09-12,57.29999924,57.79999924,57.29999924,57.29999924,154000,0,1,50.93323117,yahoo_bootstrap
2022-09-13,57.59999847,58.20000076,57.5,57.5,162087,0,1,51.11100927,yahoo_bootstrap
2022-09-14,56.70000076,57.40000153,56.5,57,175049,0,1,50.66656572,yahoo_bootstrap
2022-09-15,57,57.59999847,56.59999847,56.90000153,152051,0,1,50.57767836,yahoo_bootstrap
2022-09-16,56.79999924,56.79999924,55.79999924,55.79999924,269304,0,1,49.5999005,yahoo_bootstrap
2022-09-19,55.79999924,55.79999924,55.20000076,55.29999924,159062,0,1,49.15545694,yahoo_bootstrap
2022-09-20,55.40000153,56,55.40000153,55.5,106000,0,1,49.33323504,yahoo_bootstrap
2022-09-21,55.40000153,55.5,55,55,160001,0,1,48.88879148,yahoo_bootstrap
2022-09-22,55.40000153,55.40000153,54.09999847,54.09999847,201162,0,1,48.08879172,yahoo_bootstrap
2022-09-23,53.70000076,54.5,53.09999847,53.20000076,301000,0,1,47.28879535,yahoo_bootstrap
2022-09-26,52.09999847,52.09999847,49.09999847,49.34999847,629066,0,1,43.86657791,yahoo_bootstrap
2022-09-27,49.34999847,49.79999924,48.5,49.5,263005,0,1,43.99991233,yahoo_bootstrap
2022-09-28,49.09999847,49.90000153,46.45000076,46.5,545151,0,1,41.33325098,yahoo_bootstrap
2022-09-29,46.65000153,49.95000076,46.65000153,49.20000076,751095,0,1,43.73324687,yahoo_bootstrap
2022-09-30,48.04999924,48.90000153,47.65000153,48.65000153,239070,0,1,43.24435964,yahoo_bootstrap
2022-10-03,48,49.29999924,47.84999847,49.04999924,199020,0,1,43.59991245,yahoo_bootstrap
2022-10-04,49.40000153,50.09999847,49.40000153,49.65000153,254050,0,1,44.13324676,yahoo_bootstrap
2022-10-05,50.29999924,50.79999924,49.75,49.79999924,301100,0,1,44.26657779,yahoo_bootstrap
2022-10-06,49.75,50.09999847,49.40000153,49.65000153,101051,0,1,44.13324676,yahoo_bootstrap
2022-10-07,48.95000076,49.25,48.5,48.65000153,238000,0,1,43.24435964,yahoo_bootstrap
2022-10-11,47,47,46.20000076,46.54999924,285070,0,1,41.37769466,yahoo_bootstrap
2022-10-12,46,47.09999847,45.79999924,46.70000076,232297,0,1,41.51102908,yahoo_bootstrap
2022-10-13,46.25,46.79999924,44,44,357001,0,1,39.11103318,yahoo_bootstrap
2022-10-14,44.79999924,46.5,44.79999924,46.29999924,403483,0,1,41.15547288,yahoo_bootstrap
2022-10-17,46,46.59999847,44.29999924,46.59999847,294278,0,1,41.42213833,yahoo_bootstrap
2022-10-18,46.95000076,47.29999924,46.20000076,46.84999847,284133,0,1,41.64436011,yahoo_bootstrap
2022-10-19,47.15000153,47.54999924,46.54999924,46.54999924,289029,0,1,41.37769466,yahoo_bootstrap
2022-10-20,46,46.45000076,45.45000076,45.45000076,227126,0,1,40.39992018,yahoo_bootstrap
2022-10-21,45.45000076,45.90000153,44.79999924,45.15000153,157000,0,1,40.13325473,yahoo_bootstrap
2022-10-24,45.90000153,46.79999924,45.84999847,45.84999847,306072,0,1,40.755473,yahoo_bootstrap
2022-10-25,45.95000076,46.09999847,44.84999847,44.84999847,178023,0,1,39.86658588,yahoo_bootstrap
2022-10-26,44.90000153,45.29999924,44.5,44.79999924,190020,0,1,39.8221422,yahoo_bootstrap
2022-10-27,44.90000153,46.29999924,44.90000153,45.95000076,326386,0,1,40.84436374,yahoo_bootstrap
2022-10-28,45.95000076,45.95000076,45.29999924,45.45000076,118030,0,1,40.39992018,yahoo_bootstrap
2022-10-31,45.75,46.20000076,45.45000076,45.95000076,218033,0,1,40.84436374,yahoo_bootstrap
2022-11-01,46,46.5,46,46.34999847,171042,0,1,41.19991655,yahoo_bootstrap
2022-11-02,46.75,47.75,46.34999847,47.34999847,454055,0,1,42.08880367,yahoo_bootstrap
2022-11-03,46.59999847,47.29999924,46.34999847,47.29999924,166098,0,1,42.04435999,yahoo_bootstrap
2022-11-04,46.75,47.79999924,46.70000076,47.79999924,213111,0,1,42.48880355,yahoo_bootstrap
2022-11-07,48.09999847,48.29999924,47.34999847,47.75,263010,0,1,42.44435988,yahoo_bootstrap
2022-11-08,47.59999847,49.54999924,47.59999847,48.20000076,706300,0,1,42.84435976,yahoo_bootstrap
2022-11-09,49.15000153,49.15000153,48.5,49.15000153,386500,0,1,43.6888032,yahoo_bootstrap
2022-11-10,48.79999924,49.04999924,48.45000076,48.90000153,347010,0,1,43.46658142,yahoo_bootstrap
2022-11-11,49.95000076,50.29999924,49,49,663161,0,1,43.55546877,yahoo_bootstrap
2022-11-14,49,49.45000076,48.59999847,48.75,329003,0,1,43.33324699,yahoo_bootstrap
2022-11-15,48.90000153,49.79999924,48.84999847,49.45000076,510594,0,1,43.95546865,yahoo_bootstrap
2022-11-16,49.79999924,50.79999924,48.90000153,50.29999924,806410,0,1,44.71102135,yahoo_bootstrap
2022-11-17,50,50.20000076,49.34999847,49.90000153,433826,0,1,44.35546854,yahoo_bootstrap
2022-11-18,49.59999847,50.20000076,49.20000076,49.25,349001,0,1,43.77769055,yahoo_bootstrap
2022-11-21,49.5,49.59999847,48.29999924,48.29999924,338002,0,1,42.93324711,yahoo_bootstrap
2022-11-22,48.34999847,48.84999847,47.5,47.59999847,325000,0,1,42.31102545,yahoo_bootstrap
2022-11-23,48.09999847,48.29999924,47.59999847,47.59999847,205010,0,1,42.31102545,yahoo_bootstrap
2022-11-24,48.25,49.29999924,47.75,49.04999924,744220,0,1,43.59991245,yahoo_bootstrap
2022-11-25,49.09999847,49.70000076,48.54999924,48.54999924,382020,0,1,43.15546889,yahoo_bootstrap
2022-11-28,48.5,48.79999924,47.70000076,48.09999847,391002,0,1,42.75546901,yahoo_bootstrap
2022-11-29,48,48,46.70000076,47.25,1301024,0,1,41.99991632,yahoo_bootstrap
2022-11-30,47.20000076,49.20000076,47.20000076,48.65000153,3539025,0,1,43.24435964,yahoo_bootstrap
2022-12-01,49.20000076,52.79999924,49.20000076,52.59999847,2040737,0,1,46.75546104,yahoo_bootstrap
2022-12-02,53,53.90000153,52.40000153,53.20000076,2009359,0,1,47.28879535,yahoo_bootstrap
2022-12-05,53,53.09999847,52.09999847,52.20000076,811002,0,1,46.39990823,yahoo_bootstrap
2022-12-06,52.09999847,52.09999847,51,51.09999847,566351,0,1,45.42213036,yahoo_bootstrap
2022-12-07,50.5,51,49.75,49.95000076,623136,0,1,44.39991221,yahoo_bootstrap
2022-12-08,49.70000076,49.90000153,49,49.15000153,514500,0,1,43.6888032,yahoo_bootstrap
2022-12-09,49.34999847,50.20000076,49.34999847,49.70000076,341250,0,1,44.17769043,yahoo_bootstrap
2022-12-12,49.40000153,49.40000153,48.65000153,49,199182,0,1,43.55546877,yahoo_bootstrap
2022-12-13,49.29999924,49.65000153,49.15000153,49.65000153,203256,0,1,44.13324676,yahoo_bootstrap
2022-12-14,49.79999924,50.5,49.54999924,50.40000153,368030,0,1,44.79991209,yahoo_bootstrap
2022-12-15,50.09999847,51.20000076,49.75,50.79999924,418001,0,1,45.15546491,yahoo_bootstrap
2022-12-16,49.70000076,49.84999847,48.79999924,48.79999924,606170,0,1,43.37769067,yahoo_bootstrap
2022-12-19,48.65000153,50.5,48.5,50.09999847,516001,0,1,44.53324325,yahoo_bootstrap
2022-12-20,50.09999847,55.09999847,50,55.09999847,3123582,0,1,48.97767883,yahoo_bootstrap
2022-12-21,59,59.90000153,52.5,53.40000153,18705346,0,1,47.46657345,yahoo_bootstrap
2022-12-22,52.5,53,51.70000076,52,2536500,0,1,46.22213013,yahoo_bootstrap
2022-12-23,51.40000153,51.70000076,50.70000076,51.09999847,854501,0,1,45.42213036,yahoo_bootstrap
2022-12-26,50.70000076,51.09999847,50.20000076,50.40000153,757184,0,1,44.79991209,yahoo_bootstrap
2022-12-27,50.40000153,51.20000076,50.29999924,50.5,487001,0,1,44.88879945,yahoo_bootstrap
2022-12-28,50.70000076,50.70000076,49.20000076,49.20000076,659014,0,1,43.73324687,yahoo_bootstrap
2022-12-29,49,51,48.79999924,50.79999924,674058,0,1,45.15546491,yahoo_bootstrap
2022-12-30,51.40000153,51.5,50,50.09999847,530010,0,1,44.53324325,yahoo_bootstrap
2023-01-03,50.09999847,50.79999924,49.70000076,50.5,232132,0,1,44.88879945,yahoo_bootstrap
2023-01-04,50.59999847,51.29999924,50.29999924,50.5,339011,0,1,44.88879945,yahoo_bootstrap
2023-01-05,51.09999847,51.5,50.59999847,51,544103,0,1,45.33324301,yahoo_bootstrap
2023-01-06,51.40000153,51.70000076,50.59999847,51.40000153,534301,0,1,45.68879921,yahoo_bootstrap
2023-01-09,51.90000153,51.90000153,51.09999847,51.40000153,456020,0,1,45.68879921,yahoo_bootstrap
2023-01-10,51.5,51.79999924,51.09999847,51.20000076,294094,0,1,45.51102111,yahoo_bootstrap
2023-01-11,51.09999847,51.5,50.90000153,51.09999847,302200,0,1,45.42213036,yahoo_bootstrap
2023-01-12,51.20000076,51.40000153,50.20000076,50.20000076,361000,0,1,44.62213399,yahoo_bootstrap
2023-01-13,50.5,50.70000076,49.79999924,49.84999847,276005,0,1,44.31102147,yahoo_bootstrap
2023-01-16,49.84999847,50.29999924,49.70000076,49.84999847,229112,0,1,44.31102147,yahoo_bootstrap
2023-01-17,49.84999847,50.29999924,49.84999847,49.95000076,192002,0,1,44.39991221,yahoo_bootstrap
2023-01-30,50.20000076,50.90000153,49.95000076,50.59999847,544232,0,1,44.9776868,yahoo_bootstrap
2023-01-31,50.79999924,52,50.70000076,51.90000153,709281,0,1,46.13324277,yahoo_bootstrap
2023-02-01,52.20000076,54,52.09999847,53.59999847,1357261,0,1,47.64434816,yahoo_bootstrap
2023-02-02,53.59999847,54.5,53.40000153,54.09999847,1062311,0,1,48.08879172,yahoo_bootstrap
2023-02-03,54.09999847,54.79999924,53.40000153,54.29999924,742271,0,1,48.26656982,yahoo_bootstrap
2023-02-06,54.29999924,54.40000153,53.40000153,53.59999847,445129,0,1,47.64434816,yahoo_bootstrap
2023-02-07,53.29999924,54.20000076,53.09999847,53.90000153,406162,0,1,47.91101701,yahoo_bootstrap
2023-02-08,54,54.90000153,54,54.70000076,625335,0,1,48.62212602,yahoo_bootstrap
2023-02-09,54.70000076,54.79999924,54,54.59999847,326058,0,1,48.53323528,yahoo_bootstrap
2023-02-10,54.40000153,54.40000153,53.59999847,53.70000076,344037,0,1,47.7332389,yahoo_bootstrap
2023-02-13,53.70000076,53.70000076,52.70000076,53.20000076,274062,0,1,47.28879535,yahoo_bootstrap
2023-02-14,53.20000076,54.20000076,53.20000076,53.90000153,215106,0,1,47.91101701,yahoo_bootstrap
2023-02-15,53.70000076,54.70000076,53.5,54,445136,0,1,47.99990436,yahoo_bootstrap
2023-02-16,54.20000076,54.70000076,54.20000076,54.70000076,328182,0,1,48.62212602,yahoo_bootstrap
2023-02-17,54.90000153,55,54.40000153,54.79999924,278052,0,1,48.71101338,yahoo_bootstrap
2023-02-20,55,55.40000153,54.90000153,55.09999847,301200,0,1,48.97767883,yahoo_bootstrap
2023-02-21,55.79999924,55.90000153,55.20000076,55.5,288176,0,1,49.33323504,yahoo_bootstrap
2023-02-22,55.29999924,55.29999924,54.29999924,54.5,420000,0,1,48.44434792,yahoo_bootstrap
2023-02-23,55,55.5,54.70000076,55.40000153,312056,0,1,49.24434768,yahoo_bootstrap
2023-02-24,55.70000076,55.90000153,54.59999847,54.79999924,298005,0,1,48.71101338,yahoo_bootstrap
2023-03-01,54.79999924,54.79999924,54,54.29999924,353446,0,1,48.26656982,yahoo_bootstrap
2023-03-02,54.29999924,54.40000153,53.90000153,54.20000076,263420,0,1,48.17768246,yahoo_bootstrap
2023-03-03,54.5,55.20000076,54.29999924,55.09999847,400021,0,1,48.97767883,yahoo_bootstrap
2023-03-06,55.29999924,55.79999924,55.09999847,55.59999847,385022,0,1,49.42212239,yahoo_bootstrap
2023-03-07,55.59999847,55.70000076,55.09999847,55.20000076,279018,0,1,49.06656958,yahoo_bootstrap
2023-03-08,54.90000153,55.5,54.59999847,55.09999847,279109,0,1,48.97767883,yahoo_bootstrap
2023-03-09,55.5,55.59999847,55.09999847,55.29999924,292010,0,1,49.15545694,yahoo_bootstrap
2023-03-10,55.20000076,55.20000076,53.79999924,53.90000153,445059,0,1,47.91101701,yahoo_bootstrap
2023-03-13,53,53.70000076,52.5,53.40000153,312017,0,1,47.46657345,yahoo_bootstrap
2023-03-14,53.40000153,53.79999924,53,53.5,261216,0,1,47.5554608,yahoo_bootstrap
2023-03-15,53.90000153,54.5,53.5,53.59999847,218006,0,1,47.64434816,yahoo_bootstrap
2023-03-16,53.70000076,53.90000153,52.90000153,52.90000153,200032,0,1,47.02212989,yahoo_bootstrap
2023-03-17,53.59999847,53.79999924,53.09999847,53.09999847,296030,0,1,47.1999046,yahoo_bootstrap
2023-03-20,53.09999847,53.70000076,53.09999847,53.5,141011,0,1,47.5554608,yahoo_bootstrap
2023-03-21,53.90000153,53.90000153,53.29999924,53.29999924,236001,0,1,47.3776827,yahoo_bootstrap
2023-03-22,53.40000153,53.79999924,53.29999924,53.5,195007,0,1,47.5554608,yahoo_bootstrap
2023-03-23,53.5,54.20000076,53,54.09999847,398050,0,1,48.08879172,yahoo_bootstrap
2023-03-24,54.5,54.79999924,54,54.59999847,303004,0,1,48.53323528,yahoo_bootstrap
2023-03-27,54.59999847,54.59999847,53.90000153,54.20000076,260161,0,1,48.17768246,yahoo_bootstrap
2023-03-28,54.5,54.5,53.5,53.90000153,260199,0,1,47.91101701,yahoo_bootstrap
2023-03-29,53.79999924,53.79999924,53.09999847,53.20000076,261100,0,1,47.28879535,yahoo_bootstrap
2023-03-30,53.59999847,53.59999847,53.09999847,53.29999924,146029,0,1,47.3776827,yahoo_bootstrap
2023-03-31,53.29999924,54,53.29999924,53.79999924,153011,0,1,47.82212626,yahoo_bootstrap
2023-04-06,54,54,53.09999847,53.40000153,131100,0,1,47.46657345,yahoo_bootstrap
2023-04-07,53.40000153,54.70000076,53.40000153,54.5,355100,0,1,48.44434792,yahoo_bootstrap
2023-04-10,54.59999847,55.40000153,53.59999847,53.90000153,677360,0,1,47.91101701,yahoo_bootstrap
2023-04-11,53.90000153,54.5,53.5,54.5,397007,0,1,48.44434792,yahoo_bootstrap
2023-04-12,54.59999847,54.79999924,54.09999847,54.79999924,253101,0,1,48.71101338,yahoo_bootstrap
2023-04-13,54.70000076,54.70000076,54.20000076,54.29999924,206012,0,1,48.26656982,yahoo_bootstrap
2023-04-14,54.29999924,54.29999924,53.90000153,54,298129,0,1,47.99990436,yahoo_bootstrap
2023-04-17,54.29999924,55,54.29999924,55,490313,0,1,48.88879148,yahoo_bootstrap
2023-04-18,55,55,54.20000076,54.20000076,330044,0,1,48.17768246,yahoo_bootstrap
2023-04-19,54.40000153,54.40000153,53.09999847,53.20000076,606016,0,1,47.28879535,yahoo_bootstrap
2023-04-20,53.20000076,53.20000076,52.29999924,52.29999924,436123,0,1,46.48879558,yahoo_bootstrap
2023-04-21,52.29999924,52.59999847,50.29999924,50.5,742000,0,1,44.88879945,yahoo_bootstrap
2023-04-24,50.5,50.59999847,49.79999924,50.29999924,261150,0,1,44.71102135,yahoo_bootstrap
2023-04-25,50.29999924,50.29999924,49,49.15000153,650191,0,1,43.6888032,yahoo_bootstrap
2023-04-26,48.54999924,49.45000076,48.54999924,49.34999847,282201,0,1,43.86657791,yahoo_bootstrap
2023-04-27,49.59999847,49.84999847,49.15000153,49.75,185001,0,1,44.22213411,yahoo_bootstrap
2023-04-28,50,50.79999924,49.5,49.70000076,442000,0,1,44.17769043,yahoo_bootstrap
2023-05-02,49.70000076,50.40000153,49.40000153,50.20000076,183061,0,1,44.62213399,yahoo_bootstrap
2023-05-03,50.20000076,50.5,50,50.20000076,87032,0,1,44.62213399,yahoo_bootstrap
2023-05-04,50.29999924,50.40000153,49.84999847,50.20000076,96011,0,1,44.62213399,yahoo_bootstrap
2023-05-05,50.20000076,50.70000076,50.09999847,50.59999847,112008,0,1,44.9776868,yahoo_bootstrap
2023-05-08,51,51.09999847,50.40000153,50.59999847,249003,0,1,44.9776868,yahoo_bootstrap
2023-05-09,50.70000076,50.79999924,49.84999847,49.95000076,171054,0,1,44.39991221,yahoo_bootstrap
2023-05-10,49.90000153,50,49.79999924,49.90000153,103004,0,1,44.35546854,yahoo_bootstrap
2023-05-11,50,50.09999847,49.20000076,49.20000076,191000,0,1,43.73324687,yahoo_bootstrap
2023-05-12,49.09999847,49.40000153,48.90000153,49.40000153,165723,0,1,43.91102498,yahoo_bootstrap
2023-05-15,49.20000076,49.25,48.79999924,48.84999847,137000,0,1,43.42213435,yahoo_bootstrap
2023-05-16,48.90000153,49.34999847,48.90000153,49.15000153,103000,0,1,43.6888032,yahoo_bootstrap
2023-05-17,49.04999924,50.20000076,49.04999924,50.09999847,306109,0,1,44.53324325,yahoo_bootstrap
2023-05-18,50.5,50.59999847,49.90000153,50,284261,0,1,44.44435589,yahoo_bootstrap
2023-05-19,50,50.5,50,50,163937,0,1,44.44435589,yahoo_bootstrap
2023-05-22,50.40000153,50.90000153,50.20000076,50.29999924,149016,0,1,44.71102135,yahoo_bootstrap
2023-05-23,50.5,50.90000153,50.20000076,50.70000076,204250,0,1,45.06657755,yahoo_bootstrap
2023-05-24,50.70000076,51.5,50.5,51.40000153,275251,0,1,45.68879921,yahoo_bootstrap
2023-05-25,51.40000153,51.40000153,50.59999847,50.70000076,202441,0,1,45.06657755,yahoo_bootstrap
2023-05-26,50.70000076,50.79999924,50.09999847,50.09999847,235013,0,1,44.53324325,yahoo_bootstrap
2023-05-29,50.20000076,51.40000153,50.09999847,51.09999847,295061,0,1,45.42213036,yahoo_bootstrap
2023-05-30,51.5,51.5,50.59999847,51,157057,0,1,45.33324301,yahoo_bootstrap
2023-05-31,51.20000076,51.29999924,50.90000153,51,143158,0,1,45.33324301,yahoo_bootstrap
2023-06-01,51,51.5,51,51.20000076,142001,0,1,45.51102111,yahoo_bootstrap
2023-06-02,51.20000076,51.20000076,50.90000153,51.09999847,219200,0,1,45.42213036,yahoo_bootstrap
2023-06-05,51.09999847,51.5,51.09999847,51.29999924,198074,0,1,45.59990847,yahoo_bootstrap
2023-06-06,51.5,51.5,51,51,144669,0,1,45.33324301,yahoo_bootstrap
2023-06-07,51,52.5,51,51.79999924,500000,0,1,46.04435202,yahoo_bootstrap
2023-06-08,51.90000153,51.90000153,51.09999847,51.09999847,178596,0,1,45.42213036,yahoo_bootstrap
2023-06-09,51.79999924,51.79999924,51.09999847,51.40000153,235001,0,1,45.68879921,yahoo_bootstrap
2023-06-12,51.20000076,51.40000153,51,51.40000153,124001,0,1,45.68879921,yahoo_bootstrap
2023-06-13,51.40000153,52,51.40000153,51.79999924,309001,0,1,46.04435202,yahoo_bootstrap
2023-06-14,51.79999924,52.09999847,51.79999924,52,165113,0,1,46.22213013,yahoo_bootstrap
2023-06-15,52,52.09999847,51.79999924,51.90000153,147000,0,1,46.13324277,yahoo_bootstrap
2023-06-16,51.90000153,52,51.29999924,51.40000153,345500,0,1,45.68879921,yahoo_bootstrap
2023-06-19,51.40000153,51.5,51.20000076,51.40000153,145405,0,1,45.68879921,yahoo_bootstrap
2023-06-20,51.29999924,51.5,51.20000076,51.40000153,99001,0,1,45.68879921,yahoo_bootstrap
2023-06-21,51.40000153,51.40000153,50.90000153,51.09999847,253062,0,1,45.42213036,yahoo_bootstrap
2023-06-26,50.79999924,50.79999924,50.29999924,50.5,167001,0,1,44.88879945,yahoo_bootstrap
2023-06-27,50.5,50.5,49.84999847,49.84999847,303000,0,1,44.31102147,yahoo_bootstrap
2023-06-28,49.95000076,50.20000076,49.79999924,49.84999847,195000,0,1,44.31102147,yahoo_bootstrap
2023-06-29,50.20000076,50.40000153,49.95000076,50,119200,0,1,44.44435589,yahoo_bootstrap
2023-06-30,50.09999847,50.29999924,50,50.29999924,135090,0,1,44.71102135,yahoo_bootstrap
2023-07-03,50.79999924,51.5,50.20000076,50.70000076,305000,0,1,45.06657755,yahoo_bootstrap
2023-07-04,50.70000076,50.70000076,50.40000153,50.5,141092,0,1,44.88879945,yahoo_bootstrap
2023-07-05,50.5,50.90000153,50.5,50.79999924,245031,0,1,45.15546491,yahoo_bootstrap
2023-07-06,50.5,50.79999924,50.09999847,50.29999924,234047,0,1,44.71102135,yahoo_bootstrap
2023-07-07,50.29999924,50.40000153,49.90000153,50.09999847,315000,0,1,44.53324325,yahoo_bootstrap
2023-07-10,50,50.40000153,49.65000153,49.70000076,261100,0,1,44.17769043,yahoo_bootstrap
2023-07-11,49.79999924,50.09999847,49.79999924,50,148000,0,1,44.44435589,yahoo_bootstrap
2023-07-12,50,50,49.59999847,49.75,257341,0,1,44.22213411,yahoo_bootstrap
2023-07-13,49.79999924,50,49.5,49.65000153,508003,0,1,44.13324676,yahoo_bootstrap
2023-07-14,49.65000153,50,49.5,49.95000076,313000,0,1,44.39991221,yahoo_bootstrap
2023-07-17,50.09999847,51.29999924,49.95000076,51,658700,0,1,45.33324301,yahoo_bootstrap
2023-07-18,51.79999924,51.79999924,50.5,51,980004,0,1,45.33324301,yahoo_bootstrap
2023-07-19,49,49.34999847,48.5,48.54999924,676539,2.5,1,45.3799776,yahoo_bootstrap
2023-07-20,48.54999924,48.54999924,48,48.09999847,679005,0,1,44.95935917,yahoo_bootstrap
2023-07-21,48.09999847,48.09999847,47,47.09999847,611000,0,1,44.02465312,yahoo_bootstrap
2023-07-24,47.20000076,47.20000076,45.5,45.54999924,797494,0,1,42.57585947,yahoo_bootstrap
2023-07-25,45.59999847,45.90000153,45,45.75,445100,0,1,42.76280139,yahoo_bootstrap
2023-07-26,45.75,46.20000076,45.45000076,45.59999847,468515,0,1,42.62259406,yahoo_bootstrap
2023-07-27,45.59999847,46.25,45.45000076,46.20000076,379029,0,1,43.18341983,yahoo_bootstrap
2023-07-28,46.29999924,46.70000076,45.95000076,46.40000153,242474,0,1,43.37036175,yahoo_bootstrap
2023-07-31,46.45000076,46.79999924,45.95000076,46.15000153,286100,0,1,43.13668524,yahoo_bootstrap
2023-08-01,46.70000076,48,46.45000076,46.54999924,475000,0,1,43.51056551,yahoo_bootstrap
2023-08-02,46.79999924,46.84999847,45.79999924,46,436000,0,1,42.9964779,yahoo_bootstrap
2023-08-04,45.95000076,46.04999924,45.5,45.79999924,215000,0,1,42.80953598,yahoo_bootstrap
2023-08-07,45.90000153,46,45.54999924,45.75,176100,0,1,42.76280139,yahoo_bootstrap
2023-08-08,45.75,46.04999924,45.34999847,45.59999847,188008,0,1,42.62259406,yahoo_bootstrap
2023-08-09,45.59999847,45.70000076,45.04999924,45.09999847,273004,0,1,42.15524104,yahoo_bootstrap
2023-08-10,45.15000153,45.15000153,44.09999847,44.25,361031,0,1,41.36074233,yahoo_bootstrap
2023-08-11,44.40000153,44.5,44.09999847,44.45000076,208002,0,1,41.54768425,yahoo_bootstrap
2023-08-14,44.5,44.54999924,43.40000153,43.40000153,445008,0,1,40.56624362,yahoo_bootstrap
2023-08-15,43.5,43.59999847,42.70000076,42.75,400001,0,1,39.95868327,yahoo_bootstrap
2023-08-16,42.5,42.75,42.04999924,42.54999924,376174,0,1,39.77174135,yahoo_bootstrap
2023-08-17,42.29999924,44.25,42.29999924,43.84999847,295208,0,1,40.98685849,yahoo_bootstrap
2023-08-18,43.79999924,44.15000153,43.5,43.54999924,136703,0,1,40.70644739,yahoo_bootstrap
2023-08-21,43.54999924,44.5,43.15000153,43.25,129029,0,1,40.42603629,yahoo_bootstrap
2023-08-22,43.34999847,43.45000076,43,43,102001,0,1,40.19235978,yahoo_bootstrap
2023-08-23,43.04999924,43.54999924,43,43.54999924,110001,0,1,40.70644739,yahoo_bootstrap
2023-08-24,43.79999924,44.15000153,43.54999924,43.75,118050,0,1,40.89338931,yahoo_bootstrap
2023-08-25,43.59999847,44,43.45000076,43.65000153,117650,0,1,40.79992013,yahoo_bootstrap
2023-08-28,43.70000076,43.79999924,43.40000153,43.65000153,67035,0,1,40.79992013,yahoo_bootstrap
2023-08-29,43.5,44.20000076,43.5,44.09999847,208003,0,1,41.220535,yahoo_bootstrap
2023-08-30,44.25,45,44.25,45,257041,0,1,42.06177186,yahoo_bootstrap
2023-08-31,45.29999924,45.40000153,43.59999847,44.20000076,471000,0,1,41.31400774,yahoo_bootstrap
2023-09-01,44.45000076,45.54999924,44.29999924,45.40000153,322100,0,1,42.43565571,yahoo_bootstrap
2023-09-04,45.75,45.75,45.04999924,45.70000076,192013,0,1,42.71606681,yahoo_bootstrap
2023-09-05,45.79999924,46.25,45.54999924,46.25,251054,0,1,43.23015442,yahoo_bootstrap
2023-09-06,46.20000076,46.54999924,46.04999924,46.34999847,293021,0,1,43.32362359,yahoo_bootstrap
2023-09-07,46.34999847,46.34999847,45.70000076,45.70000076,265879,0,1,42.71606681,yahoo_bootstrap
2023-09-08,45.70000076,46,45.40000153,46,148100,0,1,42.9964779,yahoo_bootstrap
2023-09-11,46.04999924,46.15000153,45.40000153,45.5,174000,0,1,42.52912488,yahoo_bootstrap
2023-09-12,45.59999847,45.79999924,45.5,45.70000076,113000,0,1,42.71606681,yahoo_bootstrap
2023-09-13,45.75,46.29999924,45.75,46.20000076,190150,0,1,43.18341983,yahoo_bootstrap
2023-09-14,46.5,46.65000153,46.45000076,46.54999924,140171,0,1,43.51056551,yahoo_bootstrap
2023-09-15,46.59999847,46.59999847,46.09999847,46.09999847,230025,0,1,43.08994708,yahoo_bootstrap
2023-09-18,46,47.20000076,46,47,389039,0,1,43.93118395,yahoo_bootstrap
2023-09-19,47.25,47.25,46.25,46.29999924,253300,0,1,43.276889,yahoo_bootstrap
2023-09-20,46.75,46.75,45.5,45.54999924,206023,0,1,42.57585947,yahoo_bootstrap
2023-09-21,45.5,45.5,44.84999847,44.90000153,238001,0,1,41.96830269,yahoo_bootstrap
2023-09-22,44.79999924,45,44.40000153,44.95000076,142001,0,1,42.01503727,yahoo_bootstrap
2023-09-25,45,45,44.79999924,44.79999924,68002,0,1,41.87482994,yahoo_bootstrap
2023-09-26,44.59999847,44.65000153,44.34999847,44.34999847,133100,0,1,41.45421151,yahoo_bootstrap
2023-09-27,44.5,47.5,44.5,46.34999847,1043047,0,1,43.32362359,yahoo_bootstrap
2023-09-28,47.15000153,47.15000153,46.20000076,46.59999847,387086,0,1,43.5573001,yahoo_bootstrap
2023-10-02,46.95000076,46.95000076,46.04999924,46.15000153,307002,0,1,43.13668524,yahoo_bootstrap
2023-10-03,46.29999924,47.15000153,46.29999924,46.90000153,394045,0,1,43.83771477,yahoo_bootstrap
2023-10-04,46.79999924,46.79999924,46.20000076,46.25,183000,0,1,43.23015442,yahoo_bootstrap
2023-10-05,46.5,46.59999847,46.40000153,46.59999847,117000,0,1,43.5573001,yahoo_bootstrap
2023-10-06,46.45000076,46.90000153,46.40000153,46.59999847,156003,0,1,43.5573001,yahoo_bootstrap
2023-10-11,47.09999847,47.09999847,45.75,45.79999924,454038,0,1,42.80953598,yahoo_bootstrap
2023-10-12,45.59999847,46.45000076,45.5,46.20000076,210000,0,1,43.18341983,yahoo_bootstrap
2023-10-13,46.09999847,47.20000076,46.09999847,46.95000076,462816,0,1,43.88444936,yahoo_bootstrap
2023-10-16,47.09999847,47.09999847,46.65000153,46.75,167300,0,1,43.69750744,yahoo_bootstrap
2023-10-17,47.34999847,47.90000153,47,47.65000153,599103,0,1,44.5387443,yahoo_bootstrap
2023-10-18,47.75,48.20000076,46.65000153,47.84999847,1654035,0,1,44.72568266,yahoo_bootstrap
2023-10-19,47.5,47.95000076,47.09999847,47.65000153,355039,0,1,44.5387443,yahoo_bootstrap
2023-10-20,47.65000153,47.65000153,46.84999847,47.09999847,237000,0,1,44.02465312,yahoo_bootstrap
2023-10-23,47.15000153,48.45000076,47,48.25,628263,0,1,45.0995665,yahoo_bootstrap
2023-10-24,48.54999924,49.34999847,47.75,47.95000076,786272,0,1,44.8191554,yahoo_bootstrap
2023-10-25,48,49.45000076,48,49.15000153,902446,0,1,45.94080336,yahoo_bootstrap
2023-10-26,48.90000153,49.45000076,48.40000153,48.54999924,384071,0,1,45.3799776,yahoo_bootstrap
2023-10-27,49.29999924,49.29999924,48.09999847,48.09999847,287010,0,1,44.95935917,yahoo_bootstrap
2023-10-30,48.34999847,49.59999847,48.34999847,49.34999847,509939,0,1,46.12774172,yahoo_bootstrap
2023-10-31,49.54999924,49.90000153,49.04999924,49.40000153,670331,0,1,46.17447987,yahoo_bootstrap
2023-11-01,49.40000153,50,48.65000153,48.75,390436,0,1,45.56691952,yahoo_bootstrap
2023-11-02,49.34999847,49.34999847,48.84999847,49,220017,0,1,45.80059603,yahoo_bootstrap
2023-11-03,49.20000076,49.40000153,48.45000076,48.45000076,303060,0,1,45.28650842,yahoo_bootstrap
2023-11-06,48.84999847,49.75,48.34999847,49.65000153,400050,0,1,46.40815638,yahoo_bootstrap
2023-11-07,49.79999924,50.29999924,49.25,49.40000153,360080,0,1,46.17447987,yahoo_bootstrap
2023-11-08,49.45000076,50.29999924,49.45000076,50,607162,0,1,46.73530207,yahoo_bootstrap
2023-11-09,50.40000153,50.40000153,49.04999924,49.09999847,449119,0,1,45.89406521,yahoo_bootstrap
2023-11-10,49,49,48,48,443300,0,1,44.86588999,yahoo_bootstrap
2023-11-13,48.5,48.95000076,48.15000153,48.84999847,296514,0,1,45.6603887,yahoo_bootstrap
2023-11-14,49.09999847,50.20000076,49.09999847,49.90000153,670524,0,1,46.64183289,yahoo_bootstrap
2023-11-15,50.5,50.90000153,50,50.29999924,871505,0,1,47.01571317,yahoo_bootstrap
2023-11-16,50.5,50.59999847,49.59999847,49.84999847,325542,0,1,46.59509474,yahoo_bootstrap
2023-11-17,50,50.59999847,49.79999924,50.59999847,401490,0,1,47.29612427,yahoo_bootstrap
2023-11-20,50.79999924,54.79999924,50.70000076,53.90000153,3348996,0,1,50.38065706,yahoo_bootstrap
2023-11-21,54.59999847,55,53.5,55,3858897,0,1,51.40883228,yahoo_bootstrap
2023-11-22,55.20000076,59,55.09999847,57.79999924,8875115,0,1,54.02600848,yahoo_bootstrap
2023-11-23,57.90000153,59.09999847,56.29999924,57.79999924,4913090,0,1,54.02600848,yahoo_bootstrap
2023-11-24,58.70000076,58.70000076,56.40000153,56.5,1843510,0,1,52.81089134,yahoo_bootstrap
2023-11-27,56.5,57.5,55.5,56.5,2067035,0,1,52.81089134,yahoo_bootstrap
2023-11-28,56.90000153,58.59999847,56.59999847,58.5,2724204,0,1,54.68030342,yahoo_bootstrap
2023-11-29,58.59999847,58.79999924,57.40000153,58,1771204,0,1,54.2129504,yahoo_bootstrap
2023-11-30,58.5,58.59999847,56.90000153,56.90000153,1428180,0,1,53.18477518,yahoo_bootstrap
2023-12-01,57,58,56.90000153,57.70000076,1307109,0,1,53.9325393,yahoo_bootstrap
2023-12-04,57.79999924,58.40000153,57,57,1228499,0,1,53.27824436,yahoo_bootstrap
2023-12-05,56.70000076,57.09999847,55.70000076,55.90000153,1107127,0,1,52.25006914,yahoo_bootstrap
2023-12-06,56,56.5,55.59999847,56.20000076,575708,0,1,52.53048024,yahoo_bootstrap
2023-12-07,56,56.40000153,55.20000076,55.40000153,767448,0,1,51.78271612,yahoo_bootstrap
2023-12-08,56.20000076,56.90000153,55.79999924,56.70000076,793230,0,1,52.99783326,yahoo_bootstrap
2023-12-11,57.09999847,57.90000153,56.59999847,56.70000076,723371,0,1,52.99783326,yahoo_bootstrap
2023-12-12,57.40000153,57.5,56.5,56.90000153,544128,0,1,53.18477518,yahoo_bootstrap
2023-12-13,57.29999924,57.29999924,56.40000153,57.20000076,507090,0,1,53.46518628,yahoo_bootstrap
2023-12-14,57.59999847,57.70000076,56.5,56.79999924,1017149,0,1,53.09130244,yahoo_bootstrap
2023-12-15,57,57.59999847,56.70000076,57,883341,0,1,53.27824436,yahoo_bootstrap
2023-12-18,57,57.20000076,55.40000153,55.79999924,618513,0,1,52.1565964,yahoo_bootstrap
2023-12-19,55.40000153,56,54.20000076,55.20000076,664051,0,1,51.5957742,yahoo_bootstrap
2023-12-20,55.20000076,55.70000076,54.59999847,54.70000076,405059,0,1,51.12842118,yahoo_bootstrap
2023-12-21,54.5,55,54,54.29999924,339195,0,1,50.75453734,yahoo_bootstrap
2023-12-22,54.20000076,55.09999847,54.09999847,55,449151,0,1,51.40883228,yahoo_bootstrap
2023-12-25,55.09999847,55.29999924,54,54.90000153,295060,0,1,51.3153631,yahoo_bootstrap
2023-12-26,55,55.79999924,55,55.59999847,366330,0,1,51.96965448,yahoo_bootstrap
2023-12-27,56,56.70000076,55.70000076,55.90000153,442106,0,1,52.25006914,yahoo_bootstrap
2023-12-28,57,58.5,56.90000153,57.79999924,2505356,0,1,54.02600848,yahoo_bootstrap
2023-12-29,58,58.09999847,57,57.40000153,712021,0,1,53.6521282,yahoo_bootstrap
2024-01-02,57.70000076,57.70000076,56.09999847,56.40000153,479110,0,1,52.71742216,yahoo_bootstrap
2024-01-03,56.09999847,56.79999924,55.09999847,56.70000076,337600,0,1,52.99783326,yahoo_bootstrap
2024-01-04,56.70000076,56.79999924,55.20000076,55.20000076,613046,0,1,51.5957742,yahoo_bootstrap
2024-01-05,55.09999847,55.79999924,54.79999924,54.79999924,255300,0,1,51.22189036,yahoo_bootstrap
2024-01-08,54.90000153,55.5,54.20000076,54.20000076,322303,0,1,50.66106816,yahoo_bootstrap
2024-01-09,55,55.70000076,54.20000076,54.40000153,369002,0,1,50.84801008,yahoo_bootstrap
2024-01-10,54.40000153,55.29999924,54.20000076,54.59999847,283002,0,1,51.03494843,yahoo_bootstrap
2024-01-11,54.59999847,55.40000153,54.59999847,55.29999924,265056,0,1,51.68924338,yahoo_bootstrap
2024-01-12,54.90000153,55.40000153,54.09999847,54.09999847,435149,0,1,50.56759541,yahoo_bootstrap
2024-01-15,54.29999924,54.79999924,53.79999924,54.70000076,198001,0,1,51.12842118,yahoo_bootstrap
2024-01-16,54.20000076,54.40000153,52.90000153,52.90000153,687076,0,1,49.44595102,yahoo_bootstrap
2024-01-17,52.5,53.40000153,52,52.09999847,531054,0,1,48.69818333,yahoo_bootstrap
2024-01-18,52,53,51.79999924,52.90000153,277359,0,1,49.44595102,yahoo_bootstrap
2024-01-19,53.20000076,53.5,52.79999924,52.90000153,212180,0,1,49.44595102,yahoo_bootstrap
2024-01-22,52.79999924,54.5,52.5,53.79999924,378554,0,1,50.28718431,yahoo_bootstrap
2024-01-23,54.29999924,54.29999924,53.5,54.09999847,240007,0,1,50.56759541,yahoo_bootstrap
2024-01-24,54.40000153,55.5,54,55.20000076,772280,0,1,51.5957742,yahoo_bootstrap
2024-01-25,55.79999924,55.79999924,54.5,54.70000076,296004,0,1,51.12842118,yahoo_bootstrap
2024-01-26,55.09999847,55.09999847,54.20000076,54.5,138080,0,1,50.94147926,yahoo_bootstrap
2024-01-29,54.20000076,54.40000153,53.70000076,53.79999924,213007,0,1,50.28718431,yahoo_bootstrap
2024-01-30,53.79999924,53.90000153,52.59999847,52.70000076,237030,0,1,49.2590091,yahoo_bootstrap
2024-01-31,52.5,53.70000076,52.5,53.20000076,179004,0,1,49.72636212,yahoo_bootstrap
2024-02-01,53.20000076,53.40000153,52.59999847,52.79999924,167012,0,1,49.35247827,yahoo_bootstrap
2024-02-02,52.79999924,52.90000153,52.20000076,52.40000153,214397,0,1,48.978598,yahoo_bootstrap
2024-02-05,52.40000153,52.40000153,51.70000076,51.70000076,234001,0,1,48.32430305,yahoo_bootstrap
2024-02-15,51.59999847,51.79999924,51.29999924,51.5,335060,0,1,48.13736113,yahoo_bootstrap
2024-02-16,51.5,52.79999924,51.5,52.59999847,309005,0,1,49.16553635,yahoo_bootstrap
2024-02-19,52.59999847,53.40000153,52.59999847,53.29999924,348260,0,1,49.81983129,yahoo_bootstrap
2024-02-20,53.20000076,53.59999847,53,53.20000076,242034,0,1,49.72636212,yahoo_bootstrap
2024-02-21,53.40000153,53.79999924,53.20000076,53.70000076,209087,0,1,50.19371514,yahoo_bootstrap
2024-02-22,53.90000153,53.90000153,53.09999847,53.40000153,405660,0,1,49.91330404,yahoo_bootstrap
2024-02-23,53.70000076,54.40000153,53,53,548589,0,1,49.53942019,yahoo_bootstrap
2024-02-26,53,53.90000153,52.70000076,53.59999847,369202,0,1,50.10024239,yahoo_bootstrap
2024-02-27,54.09999847,54.59999847,53.59999847,54.09999847,655190,0,1,50.56759541,yahoo_bootstrap
2024-02-29,54.29999924,54.29999924,53.20000076,53.70000076,502008,0,1,50.19371514,yahoo_bootstrap
2024-03-01,53.59999847,53.90000153,52.20000076,52.5,602027,0,1,49.07206717,yahoo_bootstrap
2024-03-04,52.5,52.90000153,51.90000153,51.90000153,470013,0,1,48.51124498,yahoo_bootstrap
2024-03-05,52,52.40000153,51.79999924,52.29999924,382060,0,1,48.88512525,yahoo_bootstrap
2024-03-06,52.29999924,52.70000076,52.20000076,52.40000153,255100,0,1,48.978598,yahoo_bootstrap
2024-03-07,52.20000076,52.20000076,50.79999924,51,957138,0,1,47.67000811,yahoo_bootstrap
2024-03-08,51,51.29999924,50.09999847,50.20000076,534301,0,1,46.92224399,yahoo_bootstrap
2024-03-11,50.20000076,51,50.20000076,50.90000153,294020,0,1,47.57653893,yahoo_bootstrap
2024-03-12,51.29999924,51.29999924,50.59999847,50.90000153,284275,0,1,47.57653893,yahoo_bootstrap
2024-03-13,50.59999847,50.70000076,49.59999847,49.65000153,717007,0,1,46.40815638,yahoo_bootstrap
2024-03-14,49.5,50.20000076,49,49.65000153,397034,0,1,46.40815638,yahoo_bootstrap
2024-03-15,49.65000153,49.90000153,48.59999847,48.59999847,500011,0,1,45.42671219,yahoo_bootstrap
2024-03-18,48.79999924,48.79999924,48,48.70000076,367228,0,1,45.52018493,yahoo_bootstrap
2024-03-19,48.75,48.79999924,48.09999847,48.25,290151,0,1,45.0995665,yahoo_bootstrap
2024-03-20,48.45000076,49.20000076,48.45000076,48.79999924,449061,0,1,45.61365411,yahoo_bootstrap
2024-03-21,50.40000153,50.40000153,49.29999924,49.75,568200,0,1,46.50162556,yahoo_bootstrap
2024-03-22,49.59999847,49.59999847,49.15000153,49.29999924,273003,0,1,46.08100713,yahoo_bootstrap
2024-03-25,49.29999924,50.09999847,49.29999924,49.84999847,210085,0,1,46.59509474,yahoo_bootstrap
2024-03-26,50,50.70000076,49.15000153,49.20000076,466071,0,1,45.98753795,yahoo_bootstrap
2024-03-27,50.70000076,54.09999847,50.59999847,54.09999847,4568640,0,1,50.56759541,yahoo_bootstrap
2024-03-28,54.79999924,54.79999924,52.79999924,53.70000076,3721190,0,1,50.19371514,yahoo_bootstrap
2024-03-29,54,54,52.79999924,53.09999847,525000,0,1,49.63288937,yahoo_bootstrap
2024-04-01,52.40000153,55.40000153,52.29999924,54.90000153,2056130,0,1,51.3153631,yahoo_bootstrap
2024-04-02,54.90000153,55.5,54.20000076,54.20000076,1058001,0,1,50.66106816,yahoo_bootstrap
2024-04-03,54.20000076,54.70000076,53.59999847,54.59999847,442293,0,1,51.03494843,yahoo_bootstrap
2024-04-08,54.20000076,55,53.20000076,53.29999924,604238,0,1,49.81983129,yahoo_bootstrap
2024-04-09,54,54,53.29999924,53.79999924,316180,0,1,50.28718431,yahoo_bootstrap
2024-04-10,54.20000076,55.09999847,53.79999924,55.09999847,815255,0,1,51.50230146,yahoo_bootstrap
2024-04-11,55.09999847,55.09999847,53.5,53.5,643159,0,1,50.00677322,yahoo_bootstrap
2024-04-12,53.59999847,53.90000153,53.29999924,53.90000153,286089,0,1,50.38065706,yahoo_bootstrap
2024-04-15,53.20000076,53.59999847,52.40000153,52.40000153,471553,0,1,48.978598,yahoo_bootstrap
2024-04-16,52.20000076,52.29999924,50.59999847,51.20000076,593005,0,1,47.85695003,yahoo_bootstrap
2024-04-17,51.20000076,51.90000153,51,51.70000076,212012,0,1,48.32430305,yahoo_bootstrap
2024-04-18,51.70000076,51.90000153,50.90000153,51.29999924,269116,0,1,47.95041921,yahoo_bootstrap
2024-04-19,50.59999847,51,49,49.75,509099,0,1,46.50162556,yahoo_bootstrap
2024-04-22,50.09999847,50.09999847,48.75,48.95000076,466541,0,1,45.75386144,yahoo_bootstrap
2024-04-23,49,49.45000076,48.75,49.29999924,209036,0,1,46.08100713,yahoo_bootstrap
2024-04-24,49.5,50.20000076,49.5,50.09999847,211013,0,1,46.82877125,yahoo_bootstrap
2024-04-25,49.90000153,50.09999847,49.65000153,49.75,134000,0,1,46.50162556,yahoo_bootstrap
2024-04-26,49.95000076,50.09999847,49.54999924,49.75,191102,0,1,46.50162556,yahoo_bootstrap
2024-04-29,49.75,51.09999847,49.75,50.79999924,296030,0,1,47.48306619,yahoo_bootstrap
2024-04-30,50.70000076,51,50.5,50.90000153,121101,0,1,47.57653893,yahoo_bootstrap
2024-05-02,50.79999924,50.90000153,50.5,50.90000153,171101,0,1,47.57653893,yahoo_bootstrap
2024-05-03,50.90000153,51.5,50.79999924,50.79999924,208090,0,1,47.48306619,yahoo_bootstrap
2024-05-06,50.90000153,51.09999847,50.79999924,51,200200,0,1,47.67000811,yahoo_bootstrap
2024-05-07,51,51.40000153,50.5,50.90000153,147621,0,1,47.57653893,yahoo_bootstrap
2024-05-08,50.90000153,52,50.90000153,51.79999924,335031,0,1,48.41777223,yahoo_bootstrap
2024-05-09,51.79999924,51.79999924,51.29999924,51.29999924,209048,0,1,47.95041921,yahoo_bootstrap
2024-05-10,51.09999847,51.20000076,50.5,50.79999924,235160,0,1,47.48306619,yahoo_bootstrap
2024-05-13,50.5,50.59999847,50.29999924,50.5,219006,0,1,47.20265509,yahoo_bootstrap
2024-05-14,50.5,50.79999924,50.40000153,50.5,105089,0,1,47.20265509,yahoo_bootstrap
2024-05-15,50.70000076,51.29999924,50.5,50.90000153,196100,0,1,47.57653893,yahoo_bootstrap
2024-05-16,51.59999847,51.59999847,51,51.40000153,451092,0,1,48.04389195,yahoo_bootstrap
2024-05-17,51.59999847,51.79999924,51.09999847,51.40000153,244200,0,1,48.04389195,yahoo_bootstrap
2024-05-20,51.40000153,52.20000076,51.29999924,51.79999924,285502,0,1,48.41777223,yahoo_bootstrap
2024-05-21,51.90000153,52.40000153,51.40000153,52,311480,0,1,48.60471415,yahoo_bootstrap
2024-05-22,52.20000076,53.40000153,52.20000076,53.09999847,710001,0,1,49.63288937,yahoo_bootstrap
2024-05-23,52.79999924,53.09999847,52.09999847,52.09999847,345385,0,1,48.69818333,yahoo_bootstrap
2024-05-24,52,52.5,51.59999847,52.09999847,259000,0,1,48.69818333,yahoo_bootstrap
2024-05-27,52.40000153,53.90000153,52.40000153,53.70000076,603041,0,1,50.19371514,yahoo_bootstrap
2024-05-28,54.09999847,54.29999924,53.59999847,54.09999847,824583,0,1,50.56759541,yahoo_bootstrap
2024-05-29,54.29999924,55.09999847,54.20000076,54.5,593181,0,1,50.94147926,yahoo_bootstrap
2024-05-30,54.20000076,54.5,53.5,53.79999924,473075,0,1,50.28718431,yahoo_bootstrap
2024-05-31,54,54.29999924,53.40000153,53.5,320071,0,1,50.00677322,yahoo_bootstrap
2024-06-03,53.90000153,53.90000153,53.20000076,53.5,192008,0,1,50.00677322,yahoo_bootstrap
2024-06-04,53.5,54.09999847,53,53.29999924,270098,0,1,49.81983129,yahoo_bootstrap
2024-06-05,53.70000076,53.70000076,52.59999847,52.79999924,247001,0,1,49.35247827,yahoo_bootstrap
2024-06-06,52.79999924,53.20000076,51.79999924,51.90000153,325284,0,1,48.51124498,yahoo_bootstrap
2024-06-07,51.90000153,52.5,51.90000153,52.40000153,152364,0,1,48.978598,yahoo_bootstrap
2024-06-11,52.20000076,52.29999924,51.79999924,51.90000153,166002,0,1,48.51124498,yahoo_bootstrap
2024-06-12,51.90000153,52.29999924,51.70000076,52.20000076,145470,0,1,48.79165607,yahoo_bootstrap
2024-06-13,52.59999847,52.59999847,52.09999847,52.40000153,168110,0,1,48.978598,yahoo_bootstrap
2024-06-14,52.29999924,52.5,52,52.40000153,160053,0,1,48.978598,yahoo_bootstrap
2024-06-17,52.5,52.59999847,52.20000076,52.29999924,233200,0,1,48.88512525,yahoo_bootstrap
2024-06-18,52.5,52.70000076,52,52.29999924,278100,0,1,48.88512525,yahoo_bootstrap
2024-06-19,52.59999847,52.70000076,51.59999847,51.70000076,429003,0,1,48.32430305,yahoo_bootstrap
2024-06-20,52.40000153,53.70000076,52.20000076,53.09999847,790203,0,1,49.63288937,yahoo_bootstrap
2024-06-21,53.29999924,53.29999924,52.5,52.90000153,355313,0,1,49.44595102,yahoo_bootstrap
2024-06-24,53.09999847,53.09999847,52,52,336114,0,1,48.60471415,yahoo_bootstrap
2024-06-25,52.59999847,52.59999847,50.79999924,51.29999924,438001,0,1,47.95041921,yahoo_bootstrap
2024-06-26,51.70000076,52.5,51.59999847,51.70000076,330300,0,1,48.32430305,yahoo_bootstrap
2024-06-27,51.5,51.5,50.90000153,51,261214,0,1,47.67000811,yahoo_bootstrap
2024-06-28,51.09999847,51.5,50.90000153,51.40000153,291100,0,1,48.04389195,yahoo_bootstrap
2024-07-01,51.40000153,51.79999924,51.09999847,51.59999847,265052,0,1,48.23083031,yahoo_bootstrap
2024-07-02,51.59999847,51.59999847,51,51.29999924,270001,0,1,47.95041921,yahoo_bootstrap
2024-07-03,51.5,52.20000076,51.5,52,351029,0,1,48.60471415,yahoo_bootstrap
2024-07-04,52,52.40000153,51.59999847,52.09999847,333000,0,1,48.69818333,yahoo_bootstrap
2024-07-05,52.29999924,53.20000076,52.20000076,53.20000076,638550,0,1,49.72636212,yahoo_bootstrap
2024-07-08,54,57.5,53.70000076,54.79999924,4344030,0,1,51.22189036,yahoo_bootstrap
2024-07-09,54.59999847,54.70000076,52.79999924,53,1110563,0,1,49.53942019,yahoo_bootstrap
2024-07-10,53.5,53.79999924,53.09999847,53.29999924,415378,0,1,49.81983129,yahoo_bootstrap
2024-07-11,53.5,54.09999847,53.40000153,53.5,545466,0,1,50.00677322,yahoo_bootstrap
2024-07-12,53.40000153,54,53,53.40000153,475660,0,1,49.91330404,yahoo_bootstrap
2024-07-15,53.90000153,53.90000153,52.70000076,52.70000076,609472,0,1,49.2590091,yahoo_bootstrap
2024-07-16,51.79999924,52.5,51.70000076,51.79999924,437001,1.2,1,49.54595332,yahoo_bootstrap
2024-07-17,51.90000153,52.5,51.79999924,52.29999924,376318,0,1,50.02419612,yahoo_bootstrap
2024-07-18,51.79999924,51.90000153,50.79999924,51.90000153,755001,0,1,49.64160406,yahoo_bootstrap
2024-07-19,51.5,51.70000076,50.5,50.5,573150,0,1,48.30252277,yahoo_bootstrap
2024-07-22,50.40000153,50.5,48.59999847,49.04999924,662138,0,1,46.91561792,yahoo_bootstrap
2024-07-23,49.20000076,49.75,49,49.54999924,423001,0,1,47.39386072,yahoo_bootstrap
2024-07-26,48.5,48.90000153,48.09999847,48.70000076,315000,0,1,46.58084942,yahoo_bootstrap
2024-07-29,49.09999847,49.09999847,47.70000076,47.70000076,486010,0,1,45.62436382,yahoo_bootstrap
2024-07-30,47.59999847,48,46.75,48,314001,0,1,45.91130877,yahoo_bootstrap
2024-07-31,47.29999924,48.29999924,47.29999924,48.09999847,151750,0,1,46.00695587,yahoo_bootstrap
2024-08-01,48.40000153,48.79999924,48.40000153,48.5,190029,0,1,46.38955157,yahoo_bootstrap
2024-08-02,48.15000153,48.15000153,47.20000076,47.20000076,347200,0,1,45.14612102,yahoo_bootstrap
2024-08-05,45.65000153,45.65000153,42.5,42.5,1037100,0,1,40.65063797,yahoo_bootstrap
2024-08-06,41.09999847,42.79999924,40.5,42.04999924,617000,0,1,40.22021872,yahoo_bootstrap
2024-08-07,42,44.34999847,42,43.95000076,388053,0,1,42.03754282,yahoo_bootstrap
2024-08-08,43.40000153,43.79999924,43.04999924,43.09999847,193001,0,1,41.22452787,yahoo_bootstrap
2024-08-09,43.29999924,44.15000153,43.29999924,43.5,332280,0,1,41.60712357,yahoo_bootstrap
2024-08-12,43.25,44.45000076,43.25,44.04999924,185103,0,1,42.13318992,yahoo_bootstrap
2024-08-13,44.45000076,44.5,43.75,44.04999924,196001,0,1,42.13318992,yahoo_bootstrap
2024-08-14,44.59999847,44.84999847,44.25,44.45000076,221004,0,1,42.51578562,yahoo_bootstrap
2024-08-15,44.40000153,44.65000153,44,44.29999924,185212,0,1,42.37231132,yahoo_bootstrap
2024-08-16,44.40000153,44.90000153,44.34999847,44.45000076,300034,0,1,42.51578562,yahoo_bootstrap
2024-08-19,44.84999847,44.84999847,44.40000153,44.5,112300,0,1,42.56360917,yahoo_bootstrap
2024-08-20,44.79999924,44.95000076,44.59999847,44.65000153,117030,0,1,42.70708347,yahoo_bootstrap
2024-08-21,44.5,44.70000076,44.15000153,44.45000076,118001,0,1,42.51578562,yahoo_bootstrap
2024-08-22,44.79999924,44.79999924,44.20000076,44.34999847,160108,0,1,42.42013487,yahoo_bootstrap
2024-08-23,44.15000153,44.5,43.79999924,44.04999924,172207,0,1,42.13318992,yahoo_bootstrap
2024-08-26,45.09999847,46.75,45,45.59999847,739030,0,1,43.61574187,yahoo_bootstrap
2024-08-27,45.54999924,45.54999924,45,45,342199,0,1,43.04185197,yahoo_bootstrap
2024-08-28,44.79999924,45.90000153,44.79999924,45.65000153,182006,0,1,43.66356907,yahoo_bootstrap
2024-08-29,45.29999924,45.75,45.04999924,45.65000153,110201,0,1,43.66356907,yahoo_bootstrap
2024-08-30,45.95000076,46.25,45.75,46.04999924,165031,0,1,44.04616112,yahoo_bootstrap
2024-09-02,46,46.04999924,45.5,45.75,190554,0,1,43.75921617,yahoo_bootstrap
2024-09-03,45.75,45.84999847,45.20000076,45.59999847,160608,0,1,43.61574187,yahoo_bootstrap
2024-09-04,44.04999924,44.15000153,42.70000076,43.15000153,819241,0,1,41.27235507,yahoo_bootstrap
2024-09-05,43.25,43.70000076,42.65000153,42.65000153,300160,0,1,40.79411227,yahoo_bootstrap
2024-09-06,42.65000153,43.40000153,42.40000153,43.40000153,195050,0,1,41.51147647,yahoo_bootstrap
2024-09-09,42.40000153,43.40000153,42.09999847,43.04999924,236050,0,1,41.17670432,yahoo_bootstrap
2024-09-10,43.20000076,43.20000076,42.15000153,42.5,251006,0,1,40.65063797,yahoo_bootstrap
2024-09-11,42.59999847,42.79999924,42.34999847,42.34999847,133001,0,1,40.50716367,yahoo_bootstrap
2024-09-12,42.90000153,43.20000076,42.75,42.84999847,208100,0,1,40.98540647,yahoo_bootstrap
2024-09-13,42.79999924,43.54999924,42.79999924,43.25,118003,0,1,41.36800217,yahoo_bootstrap
2024-09-16,43,43.84999847,43,43.84999847,107116,0,1,41.94189207,yahoo_bootstrap
2024-09-18,43.95000076,44,43.29999924,43.34999847,217539,0,1,41.46364927,yahoo_bootstrap
2024-09-19,43.40000153,43.79999924,43.09999847,43.34999847,163187,0,1,41.46364927,yahoo_bootstrap
2024-09-20,43.75,44.20000076,43.59999847,43.75,302200,0,1,41.84624497,yahoo_bootstrap
2024-09-23,44.29999924,44.75,43.79999924,44.65000153,213031,0,1,42.70708347,yahoo_bootstrap
2024-09-24,44.65000153,44.95000076,44.29999924,44.5,309002,0,1,42.56360917,yahoo_bootstrap
2024-09-25,44.84999847,45.15000153,44.5,44.75,319101,0,1,42.80273057,yahoo_bootstrap
2024-09-26,45.15000153,47.75,45.15000153,46.5,1199258,0,1,44.47658037,yahoo_bootstrap
2024-09-27,47.5,47.54999924,46.59999847,46.84999847,513751,0,1,44.81134887,yahoo_bootstrap
2024-09-30,47,47.45000076,46.15000153,46.15000153,318199,0,1,44.14181187,yahoo_bootstrap
2024-10-01,45.95000076,46.70000076,45.59999847,46.45000076,276200,0,1,44.42875682,yahoo_bootstrap
2024-10-04,46.20000076,46.45000076,45.5,45.75,343001,0,1,43.75921617,yahoo_bootstrap
2024-10-07,45.75,46,45.20000076,45.29999924,278010,0,1,43.32879692,yahoo_bootstrap
2024-10-08,45.09999847,45.59999847,44.59999847,45.59999847,308179,0,1,43.61574187,yahoo_bootstrap
2024-10-09,45.29999924,45.34999847,44.09999847,44.09999847,366164,0,1,42.18101347,yahoo_bootstrap
2024-10-11,44.20000076,44.59999847,43.5,43.90000153,206025,0,1,41.98971927,yahoo_bootstrap
2024-10-14,44,44,43.09999847,43.90000153,339001,0,1,41.98971927,yahoo_bootstrap
2024-10-15,44,45,44,45,505159,0,1,43.04185197,yahoo_bootstrap
2024-10-16,44.25,44.95000076,44.25,44.45000076,350401,0,1,42.51578562,yahoo_bootstrap
2024-10-17,43.5,44.79999924,43.5,44.45000076,633030,0,1,42.51578562,yahoo_bootstrap
2024-10-18,44.54999924,44.54999924,43.90000153,43.90000153,267015,0,1,41.98971927,yahoo_bootstrap
2024-10-21,44.25,45,43.90000153,44.95000076,232000,0,1,42.99402842,yahoo_bootstrap
2024-10-22,44.75,45.04999924,44.5,44.90000153,133121,0,1,42.94620487,yahoo_bootstrap
2024-10-23,44.95000076,45.34999847,44.70000076,44.70000076,172002,0,1,42.75490702,yahoo_bootstrap
2024-10-24,44.54999924,47,44.40000153,45.5,1151078,0,1,43.52009477,yahoo_bootstrap
2024-10-25,46,46,45.09999847,45.5,233333,0,1,43.52009477,yahoo_bootstrap
2024-10-28,45.75,45.90000153,44.79999924,45.34999847,257016,0,1,43.37662047,yahoo_bootstrap
2024-10-29,44.95000076,45.25,44.29999924,45,305012,0,1,43.04185197,yahoo_bootstrap
2024-10-30,45.75,47.84999847,45.59999847,46.84999847,2038131,0,1,44.81134887,yahoo_bootstrap
2024-11-01,46.09999847,46.90000153,45.25,46.90000153,689117,0,1,44.85917607,yahoo_bootstrap
2024-11-04,47.40000153,47.40000153,46.40000153,46.5,742313,0,1,44.47658037,yahoo_bootstrap
2024-11-05,46.90000153,47.29999924,46.29999924,46.5,505136,0,1,44.47658037,yahoo_bootstrap
2024-11-06,46.59999847,47.09999847,46.5,46.90000153,405001,0,1,44.85917607,yahoo_bootstrap
2024-11-07,47.20000076,47.79999924,47.20000076,47.5,593001,0,1,45.43306597,yahoo_bootstrap
2024-11-08,48,48.70000076,47.59999847,47.70000076,882061,0,1,45.62436382,yahoo_bootstrap
2024-11-11,47.70000076,47.70000076,46.84999847,47.34999847,404300,0,1,45.28959167,yahoo_bootstrap
2024-11-12,47.09999847,47.09999847,45.20000076,45.25,674351,0,1,43.28097337,yahoo_bootstrap
2024-11-13,45.29999924,45.79999924,44.79999924,45.29999924,391100,0,1,43.32879692,yahoo_bootstrap
2024-11-14,45.09999847,45.70000076,44.20000076,45.04999924,420001,0,1,43.08967552,yahoo_bootstrap
2024-11-15,45.04999924,45.65000153,44.75,45.15000153,265413,0,1,43.18532627,yahoo_bootstrap
2024-11-18,45.15000153,45.90000153,44.59999847,45.45000076,350002,0,1,43.47227122,yahoo_bootstrap
2024-11-19,45.45000076,46.04999924,44.84999847,45,289121,0,1,43.04185197,yahoo_bootstrap
2024-11-20,43.84999847,43.84999847,43.84999847,43.84999847,478943,0,1,41.94189207,yahoo_bootstrap
2024-11-21,43.84999847,44.09999847,43.40000153,43.79999924,215716,0,1,41.89406852,yahoo_bootstrap
2024-11-22,43.90000153,44.04999924,43.29999924,43.29999924,473745,0,1,41.41582572,yahoo_bootstrap
2024-11-25,43.70000076,44.34999847,43.5,43.54999924,247271,0,1,41.65494712,yahoo_bootstrap
2024-11-26,43.70000076,44.5,43.54999924,44.15000153,294230,0,1,42.22884067,yahoo_bootstrap
2024-11-27,44.34999847,44.34999847,43,43,268511,0,1,41.12888077,yahoo_bootstrap
2024-11-28,43,43,41.65000153,42.25,578057,0,1,40.41151657,yahoo_bootstrap
2024-11-29,42,42.25,41.54999924,41.84999847,233102,0,1,40.02892087,yahoo_bootstrap
2024-12-02,41.84999847,41.84999847,41.20000076,41.29999924,398355,0,1,39.50285452,yahoo_bootstrap
2024-12-03,41.34999847,41.95000076,41.34999847,41.59999847,229200,0,1,39.78979947,yahoo_bootstrap
2024-12-04,41.70000076,44,41.45000076,42.29999924,829007,0,1,40.45934012,yahoo_bootstrap
2024-12-05,42.29999924,42.70000076,41.59999847,42.09999847,451251,0,1,40.26804227,yahoo_bootstrap
2024-12-06,42.5,43.20000076,41.90000153,42.75,468008,0,1,40.88975937,yahoo_bootstrap
2024-12-09,43,43.54999924,42.45000076,42.5,251005,0,1,40.65063797,yahoo_bootstrap
2024-12-10,42.84999847,43.09999847,41.59999847,41.75,392250,0,1,39.93327377,yahoo_bootstrap
2024-12-11,41.75,41.84999847,41,41,299010,0,1,39.21590957,yahoo_bootstrap
2024-12-12,41.04999924,41.65000153,40.5,40.5,388020,0,1,38.73766677,yahoo_bootstrap
2024-12-13,40.34999847,40.34999847,39.29999924,39.29999924,557375,0,1,37.58988332,yahoo_bootstrap
2024-12-16,39.34999847,39.54999924,38,38,706311,0,1,36.34645277,yahoo_bootstrap
2024-12-17,38.04999924,39.20000076,38.04999924,39.20000076,167018,0,1,37.49423622,yahoo_bootstrap
2024-12-18,39,39.54999924,38.70000076,39.5,141008,0,1,37.78118117,yahoo_bootstrap
2024-12-19,39,39.20000076,38.79999924,38.90000153,197004,0,1,37.20729127,yahoo_bootstrap
2024-12-20,38.90000153,39.59999847,38.79999924,38.84999847,246061,0,1,37.15946407,yahoo_bootstrap
2024-12-23,38.84999847,39.59999847,38.84999847,39.54999924,124003,0,1,37.82900472,yahoo_bootstrap
2024-12-24,39.54999924,40.84999847,39.54999924,40.34999847,335002,0,1,38.59419247,yahoo_bootstrap
2024-12-25,40.45000076,40.59999847,39.95000076,40.29999924,151030,0,1,38.54636892,yahoo_bootstrap
2024-12-26,40.45000076,41.75,40.45000076,41.75,393003,0,1,39.93327377,yahoo_bootstrap
2024-12-27,41.59999847,42.25,41.20000076,42.09999847,303204,0,1,40.26804227,yahoo_bootstrap
2024-12-30,42.15000153,42.15000153,41.5,41.70000076,198022,0,1,39.88545022,yahoo_bootstrap
2024-12-31,41.25,41.70000076,41.15000153,41.65000153,105132,0,1,39.83762667,yahoo_bootstrap
2025-01-02,41.5,41.75,40.54999924,40.54999924,151050,0,1,38.78549032,yahoo_bootstrap
2025-01-03,41.09999847,41.09999847,39.90000153,39.90000153,168030,0,1,38.16377687,yahoo_bootstrap
2025-01-06,40.04999924,40.75,40.04999924,40.20000076,198121,0,1,38.45072182,yahoo_bootstrap
2025-01-07,40.20000076,40.59999847,39.95000076,40,152225,0,1,38.25942397,yahoo_bootstrap
2025-01-08,40,40.79999924,39.90000153,40.25,96057,0,1,38.49854537,yahoo_bootstrap
2025-01-09,40.54999924,44.25,40.54999924,42.90000153,3768080,0,1,41.03323367,yahoo_bootstrap
2025-01-10,43,43.20000076,41.09999847,41.79999924,1233100,0,1,39.98109732,yahoo_bootstrap
2025-01-13,41.75,41.75,39.29999924,39.75,541301,0,1,38.02030257,yahoo_bootstrap
2025-01-14,40.09999847,40.70000076,39.79999924,39.79999924,257020,0,1,38.06812612,yahoo_bootstrap
2025-01-15,40,40.34999847,39.54999924,39.95000076,216200,0,1,38.21160042,yahoo_bootstrap
2025-01-16,40.65000153,41.04999924,40.29999924,40.29999924,203448,0,1,38.54636892,yahoo_bootstrap
2025-01-17,40.34999847,40.65000153,40,40.34999847,138307,0,1,38.59419247,yahoo_bootstrap
2025-01-20,40.5,40.59999847,40.09999847,40.20000076,128009,0,1,38.45072182,yahoo_bootstrap
2025-01-21,40.04999924,40.59999847,40,40.20000076,171032,0,1,38.45072182,yahoo_bootstrap
2025-01-22,40.29999924,40.70000076,40.25,40.5,129003,0,1,38.73766677,yahoo_bootstrap
2025-02-03,40.29999924,40.29999924,39.70000076,40,186077,0,1,38.25942397,yahoo_bootstrap
2025-02-04,40.59999847,40.90000153,40.40000153,40.70000076,208001,0,1,38.92896462,yahoo_bootstrap
2025-02-05,40.79999924,41.40000153,40.79999924,41.04999924,171009,0,1,39.26373312,yahoo_bootstrap
2025-02-06,41.04999924,41.90000153,41.04999924,41.84999847,248298,0,1,40.02892087,yahoo_bootstrap
2025-02-07,41.84999847,42.20000076,41.75,41.84999847,244223,0,1,40.02892087,yahoo_bootstrap
2025-02-10,41.5,41.54999924,41,41.04999924,163100,0,1,39.26373312,yahoo_bootstrap
2025-02-11,41.40000153,41.5,40.09999847,40.09999847,345256,0,1,38.35507107,yahoo_bootstrap
2025-02-12,40.15000153,40.65000153,40.04999924,40.20000076,170122,0,1,38.45072182,yahoo_bootstrap
2025-02-13,40.20000076,41.20000076,40.20000076,40.90000153,158007,0,1,39.12026247,yahoo_bootstrap
2025-02-14,41.25,41.5,40.90000153,41.04999924,172072,0,1,39.26373312,yahoo_bootstrap
2025-02-17,41.15000153,42.5,41.04999924,41.20000076,184301,0,1,39.40720742,yahoo_bootstrap
2025-02-18,41.20000076,41.45000076,41,41,130078,0,1,39.21590957,yahoo_bootstrap
2025-02-19,41.45000076,42.90000153,41.45000076,42.70000076,529859,0,1,40.84193582,yahoo_bootstrap
2025-02-20,42.59999847,42.70000076,42,42.04999924,269059,0,1,40.22021872,yahoo_bootstrap
2025-02-21,42.04999924,42.34999847,41.79999924,42.20000076,155709,0,1,40.36369302,yahoo_bootstrap
2025-02-24,42.79999924,42.79999924,42.25,42.29999924,144123,0,1,40.45934012,yahoo_bootstrap
2025-02-25,42.40000153,42.40000153,41.90000153,42,230020,0,1,40.17239517,yahoo_bootstrap
2025-02-26,42.20000076,42.20000076,41.54999924,41.54999924,135302,0,1,39.74197592,yahoo_bootstrap
2025-02-27,41.75,41.75,40.79999924,40.79999924,184142,0,1,39.02461172,yahoo_bootstrap
2025-03-03,40.79999924,40.79999924,40.29999924,40.5,157007,0,1,38.73766677,yahoo_bootstrap
2025-03-04,40.34999847,40.65000153,39.84999847,40.5,159250,0,1,38.73766677,yahoo_bootstrap
2025-03-05,40.59999847,40.95000076,40.15000153,40.95000076,146008,0,1,39.16808602,yahoo_bootstrap
2025-03-06,40.95000076,41.25,40.75,40.79999924,99250,0,1,39.02461172,yahoo_bootstrap
2025-03-07,40.90000153,41.09999847,40.5,40.5,96250,0,1,38.73766677,yahoo_bootstrap
2025-03-10,40.5,40.59999847,40.20000076,40.34999847,133021,0,1,38.59419247,yahoo_bootstrap
2025-03-11,40.09999847,40.15000153,39.09999847,40,238016,0,1,38.25942397,yahoo_bootstrap
2025-03-12,40.04999924,40.5,40,40.34999847,170002,0,1,38.59419247,yahoo_bootstrap
2025-03-13,40.34999847,40.70000076,39.90000153,39.95000076,131243,0,1,38.21160042,yahoo_bootstrap
2025-03-14,39.90000153,40.45000076,39.90000153,40.45000076,136100,0,1,38.68984322,yahoo_bootstrap
2025-03-17,40.59999847,40.79999924,40.45000076,40.59999847,118020,0,1,38.83331387,yahoo_bootstrap
2025-03-18,40.70000076,40.90000153,40.54999924,40.59999847,109020,0,1,38.83331387,yahoo_bootstrap
2025-03-19,40.54999924,41.25,40.54999924,40.84999847,156081,0,1,39.07243527,yahoo_bootstrap
2025-03-20,41.20000076,41.5,41.09999847,41.20000076,170073,0,1,39.40720742,yahoo_bootstrap
2025-03-21,41.20000076,41.40000153,40.90000153,40.90000153,101018,0,1,39.12026247,yahoo_bootstrap
2025-03-24,40.84999847,41.29999924,40.54999924,40.70000076,82027,0,1,38.92896462,yahoo_bootstrap
2025-03-25,40.70000076,40.70000076,40.20000076,40.45000076,118008,0,1,38.68984322,yahoo_bootstrap
2025-03-26,40.70000076,40.70000076,40.25,40.40000153,115005,0,1,38.64201967,yahoo_bootstrap
2025-03-27,40.09999847,40.20000076,39.95000076,40,108002,0,1,38.25942397,yahoo_bootstrap
2025-03-28,42.09999847,43.5,40.54999924,41,960749,0,1,39.21590957,yahoo_bootstrap
2025-03-31,40.65000153,40.65000153,38.65000153,38.79999924,551011,0,1,37.11164052,yahoo_bootstrap
2025-04-01,39.5,39.5,38.75,39.15000153,213185,0,1,37.44641267,yahoo_bootstrap
2025-04-02,39.15000153,39.5,38.75,39.40000153,95316,0,1,37.68553407,yahoo_bootstrap
2025-04-07,35.5,35.5,35.5,35.5,102014,0,1,33.95523878,yahoo_bootstrap
2025-04-08,31.95000076,34.90000153,31.95000076,32.79999924,887010,0,1,31.37272693,yahoo_bootstrap
2025-04-09,32.29999924,32.29999924,29.54999924,29.60000038,899007,0,1,28.31197411,yahoo_bootstrap
2025-04-10,32.5,32.54999924,32,32.54999924,320161,0,1,31.13360553,yahoo_bootstrap
2025-04-11,32.59999847,33.5,31.5,33.5,281200,0,1,32.04226758,yahoo_bootstrap
2025-04-14,34.29999924,35.20000076,33.65000153,33.75,331096,0,1,32.28138898,yahoo_bootstrap
2025-04-15,34.29999924,35,34.04999924,35,200218,0,1,33.47699598,yahoo_bootstrap
2025-04-16,35,35,34.29999924,34.29999924,101009,0,1,32.80745533,yahoo_bootstrap
2025-04-17,33.79999924,34.20000076,33.54999924,34.15000153,73004,0,1,32.66398468,yahoo_bootstrap
2025-04-18,34.29999924,34.79999924,34.04999924,34.04999924,101002,0,1,32.56833393,yahoo_bootstrap
2025-04-21,33.95000076,34.04999924,33,33,152002,0,1,31.56402478,yahoo_bootstrap
2025-04-22,32.59999847,33.54999924,32.5,32.79999924,62015,0,1,31.37272693,yahoo_bootstrap
2025-04-23,33.04999924,34.09999847,33.04999924,33.75,139183,0,1,32.28138898,yahoo_bootstrap
2025-04-24,34.09999847,34.25,33.75,33.95000076,73001,0,1,32.47268683,yahoo_bootstrap
2025-04-25,34.29999924,34.75,34.04999924,34.04999924,134619,0,1,32.56833393,yahoo_bootstrap
2025-04-28,34.5,35.04999924,34.5,34.84999847,124008,0,1,33.33352168,yahoo_bootstrap
2025-04-29,35.20000076,35.34999847,34.79999924,35.20000076,113016,0,1,33.66829383,yahoo_bootstrap
2025-04-30,35.09999847,35.5,34.79999924,34.79999924,113206,0,1,33.28569813,yahoo_bootstrap
2025-05-02,35.09999847,35.45000076,34.79999924,34.79999924,131074,0,1,33.28569813,yahoo_bootstrap
2025-05-05,35,35,33,33.20000076,185106,0,1,31.75532263,yahoo_bootstrap
2025-05-06,32.79999924,33.84999847,32.79999924,33.70000076,109012,0,1,32.23356543,yahoo_bootstrap
2025-05-07,33.70000076,33.90000153,33.09999847,33.54999924,54016,0,1,32.09009113,yahoo_bootstrap
2025-05-08,33.75,34.40000153,33.75,34.25,94003,0,1,32.75963178,yahoo_bootstrap
2025-05-09,34.20000076,35.09999847,34.20000076,35.09999847,179020,0,1,33.57264308,yahoo_bootstrap
2025-05-12,35.34999847,36.45000076,35.34999847,35.79999924,192117,0,1,34.24218373,yahoo_bootstrap
2025-05-13,36.40000153,36.5,35.65000153,35.84999847,120012,0,1,34.29000728,yahoo_bootstrap
2025-05-14,36,36.45000076,35.84999847,36.04999924,106157,0,1,34.48130513,yahoo_bootstrap
2025-05-15,36.34999847,36.34999847,35.84999847,36.04999924,116859,0,1,34.48130513,yahoo_bootstrap
2025-05-16,36.15000153,36.25,35.95000076,36.09999847,107001,0,1,34.52912868,yahoo_bootstrap
2025-05-19,35.84999847,36,35.5,35.70000076,90001,0,1,34.14653663,yahoo_bootstrap
2025-05-20,36.09999847,36.09999847,35.5,35.70000076,92201,0,1,34.14653663,yahoo_bootstrap
2025-05-21,35.79999924,36.5,35.70000076,36.5,149648,0,1,34.91172438,yahoo_bootstrap
2025-05-22,36.40000153,39.79999924,36.15000153,38.5,754073,0,1,36.82469557,yahoo_bootstrap
2025-05-23,38.25,38.25,37.34999847,37.34999847,190001,0,1,35.72473568,yahoo_bootstrap
2025-05-26,37.34999847,37.34999847,36.45000076,36.45000076,217129,0,1,34.86390083,yahoo_bootstrap
2025-05-27,36.45000076,36.65000153,36,36.20000076,128270,0,1,34.62477943,yahoo_bootstrap
2025-05-28,36.45000076,36.54999924,36,36,73059,0,1,34.43348158,yahoo_bootstrap
2025-05-29,36.29999924,36.45000076,35.79999924,36.04999924,51029,0,1,34.48130513,yahoo_bootstrap
2025-06-02,35.79999924,36.04999924,35,35.09999847,127060,0,1,33.57264308,yahoo_bootstrap
2025-06-03,35.15000153,35.34999847,35.09999847,35.09999847,50101,0,1,33.57264308,yahoo_bootstrap
2025-06-04,35.09999847,36,35.09999847,35.59999847,178325,0,1,34.05088588,yahoo_bootstrap
2025-06-05,35.45000076,35.84999847,35.40000153,35.54999924,29010,0,1,34.00306233,yahoo_bootstrap
2025-06-06,35.40000153,35.59999847,35.29999924,35.34999847,82121,0,1,33.81176448,yahoo_bootstrap
2025-06-09,35.40000153,35.40000153,35,35.04999924,104053,0,1,33.52481953,yahoo_bootstrap
2025-06-10,35.15000153,35.70000076,35.15000153,35.40000153,201025,0,1,33.85959168,yahoo_bootstrap
2025-06-11,35.40000153,35.45000076,34.90000153,35.25,127029,0,1,33.71611738,yahoo_bootstrap
2025-06-12,35.25,35.59999847,35,35.34999847,99180,0,1,33.81176448,yahoo_bootstrap
2025-06-13,34.95000076,35,34.20000076,34.20000076,239010,0,1,32.71180823,yahoo_bootstrap
2025-06-16,34.25,34.34999847,33.79999924,34.34999847,78001,0,1,32.85527888,yahoo_bootstrap
2025-06-17,34.29999924,34.59999847,34.15000153,34.59999847,84001,0,1,33.09440028,yahoo_bootstrap
2025-06-18,34.5,34.59999847,34.29999924,34.40000153,60002,0,1,32.90310608,yahoo_bootstrap
2025-06-19,34.29999924,34.40000153,34,34,108001,0,1,32.52051038,yahoo_bootstrap
2025-06-20,33.90000153,34,33.25,33.45000076,121000,0,1,31.99444403,yahoo_bootstrap
2025-06-23,33.25,33.25,32.65000153,32.70000076,281004,0,1,31.27707983,yahoo_bootstrap
2025-06-24,33.29999924,33.84999847,32.79999924,32.79999924,311054,0,1,31.37272693,yahoo_bootstrap
2025-06-25,33,33.29999924,32.75,32.79999924,328028,0,1,31.37272693,yahoo_bootstrap
2025-06-26,33.34999847,33.65000153,33.04999924,33.04999924,216026,0,1,31.61184833,yahoo_bootstrap
2025-06-27,33.09999847,33.54999924,33.04999924,33.5,218010,0,1,32.04226758,yahoo_bootstrap
2025-06-30,33.59999847,33.65000153,33.04999924,33.09999847,129448,0,1,31.65967188,yahoo_bootstrap
2025-07-01,33.40000153,33.59999847,33.04999924,33.04999924,169053,0,1,31.61184833,yahoo_bootstrap
2025-07-02,33.25,33.5,33.15000153,33.15000153,136000,0,1,31.70749908,yahoo_bootstrap
2025-07-03,33.40000153,34.04999924,33.40000153,34.04999924,219059,0,1,32.56833393,yahoo_bootstrap
2025-07-04,34.04999924,34.04999924,33.25,33.25,180059,0,1,31.80314618,yahoo_bootstrap
2025-07-07,33.29999924,33.29999924,32.59999847,32.84999847,85002,0,1,31.42055048,yahoo_bootstrap
2025-07-08,32.84999847,32.84999847,31.75,31.89999962,219056,0,1,30.51189025,yahoo_bootstrap
2025-07-09,32,32.25,31.75,32.09999847,152216,0,1,30.70318628,yahoo_bootstrap
2025-07-10,32.09999847,32.09999847,31.70000076,31.75,164022,0,1,30.36841778,yahoo_bootstrap
2025-07-11,32,32.34999847,31.79999924,32.25,127001,0,1,30.84666058,yahoo_bootstrap
2025-07-14,32.25,32.25,31.95000076,32,104021,0,1,30.60753918,yahoo_bootstrap
2025-07-15,31.75,32.25,31.64999962,31.64999962,323007,0,1,30.27276885,yahoo_bootstrap
2025-07-16,31.5,31.5,31.04999924,31.20000076,151165,1,1,30.81600075,yahoo_bootstrap
2025-07-17,31.70000076,31.79999924,31.54999924,31.75,151020,0,1,31.35923077,yahoo_bootstrap
2025-07-18,31.89999962,32.15000153,31.64999962,31.70000076,175100,0,1,31.30984691,yahoo_bootstrap
2025-07-21,31.79999924,32.04999924,31.54999924,31.95000076,84201,0,1,31.55676998,yahoo_bootstrap
2025-07-22,31.95000076,32.04999924,31.29999924,31.39999962,191250,0,1,31.01353808,yahoo_bootstrap
2025-07-23,31.5,32,31.45000076,31.95000076,196003,0,1,31.55676998,yahoo_bootstrap
2025-07-24,32,32.09999847,31.64999962,32,133029,0,1,31.60615385,yahoo_bootstrap
2025-07-25,32.34999847,33.34999847,31.85000038,32.75,747164,0,1,32.34692308,yahoo_bootstrap
2025-07-28,32.79999924,32.79999924,32.29999924,32.34999847,192447,0,1,31.95184465,yahoo_bootstrap
2025-07-29,32.5,33,32.04999924,32.04999924,204445,0,1,31.65553771,yahoo_bootstrap
2025-07-30,32.20000076,32.65000153,31.95000076,32.54999924,169003,0,1,32.14938386,yahoo_bootstrap
2025-07-31,32.54999924,32.54999924,31.85000038,32.04999924,200015,0,1,31.65553771,yahoo_bootstrap
2025-08-04,32.40000153,32.59999847,31.60000038,32.40000153,133060,0,1,32.00123228,yahoo_bootstrap
2025-08-05,32.45000076,33.25,32.40000153,33.20000076,356115,0,1,32.79138537,yahoo_bootstrap
2025-08-06,33.20000076,33.29999924,32.54999924,32.90000153,168000,0,1,32.49507843,yahoo_bootstrap
2025-08-07,32.75,32.90000153,32.5,32.65000153,134011,0,1,32.24815535,yahoo_bootstrap
2025-08-08,32.5,32.75,32.29999924,32.29999924,176000,0,1,31.90246078,yahoo_bootstrap
2025-08-11,32.34999847,33.65000153,31.85000038,32.5,349006,0,1,32.1,yahoo_bootstrap
2025-08-12,32.5,32.95000076,32.09999847,32.54999924,174052,0,1,32.14938386,yahoo_bootstrap
2025-08-13,32.95000076,35.79999924,32.04999924,33.70000076,1759033,0,1,33.28523152,yahoo_bootstrap
2025-08-14,33.75,34.34999847,33.70000076,33.90000153,416017,0,1,33.48277074,yahoo_bootstrap
2025-08-15,33.90000153,34.09999847,33.59999847,33.65000153,290021,0,1,33.23584766,yahoo_bootstrap
2025-08-18,34,34.59999847,33.70000076,34.29999924,357026,0,1,33.8778454,yahoo_bootstrap
2025-08-19,34.45000076,34.65000153,34,34.34999847,332091,0,1,33.92722926,yahoo_bootstrap
2025-08-20,34.54999924,34.54999924,33.29999924,33.5,218502,0,1,33.08769231,yahoo_bootstrap
2025-08-21,33.70000076,36.84999847,33,35.90000153,5923473,0,1,35.45815535,yahoo_bootstrap
2025-08-22,35.95000076,35.95000076,34.59999847,34.84999847,789233,0,1,34.42107542,yahoo_bootstrap
2025-08-25,35.70000076,36.15000153,35,35.40000153,606033,0,1,34.9643092,yahoo_bootstrap
2025-08-26,35.40000153,35.59999847,35.04999924,35.15000153,241030,0,1,34.71738612,yahoo_bootstrap
2025-08-27,35.15000153,35.70000076,35.15000153,35.20000076,373580,0,1,34.76676998,yahoo_bootstrap
2025-08-28,35.45000076,36.79999924,35.15000153,36.29999924,846527,0,1,35.85323002,yahoo_bootstrap
2025-08-29,36.70000076,36.90000153,35.65000153,36.59999847,632580,0,1,36.14953695,yahoo_bootstrap
2025-09-01,36.5,37.65000153,36.15000153,37.34999847,1105330,0,1,36.89030619,yahoo_bootstrap
2025-09-02,36.90000153,37.34999847,35.79999924,36,693011,0,1,35.55692308,yahoo_bootstrap
2025-09-03,36.34999847,36.65000153,35.70000076,36.34999847,172444,0,1,35.90261388,yahoo_bootstrap
2025-09-04,36.5,36.65000153,35.79999924,35.84999847,262003,0,1,35.40876772,yahoo_bootstrap
2025-09-05,35.90000153,36.09999847,35.70000076,35.79999924,152096,0,1,35.35938386,yahoo_bootstrap
2025-09-08,36.20000076,37.90000153,36,36.54999924,836007,0,1,36.10015309,yahoo_bootstrap
2025-09-09,36.59999847,37,36,36.5,537200,0,1,36.05076923,yahoo_bootstrap
2025-09-10,36.5,37,35.5,36.09999847,766527,0,1,35.6556908,yahoo_bootstrap
2025-09-11,36.40000153,36.5,35.04999924,35.25,488101,0,1,34.81615385,yahoo_bootstrap
2025-09-12,35.25,36.20000076,35.25,35.84999847,242030,0,1,35.40876772,yahoo_bootstrap
2025-09-15,37,39.40000153,37,39.40000153,3099830,0,1,38.91507843,yahoo_bootstrap
2025-09-16,42,42.20000076,39.25,41.45000076,8056342,0,1,40.93984691,yahoo_bootstrap
2025-09-17,41,41,39.90000153,40.54999924,1808144,0,1,40.05092232,yahoo_bootstrap
2025-09-18,40.70000076,41,40,40.09999847,1347219,0,1,39.60646003,yahoo_bootstrap
2025-09-19,40.20000076,40.29999924,38.79999924,38.79999924,1257150,0,1,38.32246078,yahoo_bootstrap
2025-09-22,39,39.09999847,38.34999847,38.5,548740,0,1,38.02615385,yahoo_bootstrap
2025-09-23,38.79999924,38.95000076,38.04999924,38.79999924,489296,0,1,38.32246078,yahoo_bootstrap
2025-09-24,38.5,39.25,38.34999847,38.79999924,505300,0,1,38.32246078,yahoo_bootstrap
2025-09-25,39.15000153,39.20000076,38.45000076,38.45000076,373800,0,1,37.97676998,yahoo_bootstrap
2025-09-26,38.79999924,38.79999924,37.34999847,37.40000153,453020,0,1,36.93969381,yahoo_bootstrap
2025-09-30,37.79999924,38.15000153,37.20000076,38.15000153,190829,0,1,37.68046305,yahoo_bootstrap
2025-10-01,38.15000153,38.45000076,38,38.20000076,245161,0,1,37.72984691,yahoo_bootstrap
2025-10-02,38.40000153,38.70000076,37.90000153,38.59999847,365028,0,1,38.12492157,yahoo_bootstrap
2025-10-03,38.59999847,38.59999847,37.84999847,37.95000076,320565,0,1,37.48292383,yahoo_bootstrap
2025-10-07,37.59999847,38.45000076,37.59999847,38.09999847,337167,0,1,37.63107542,yahoo_bootstrap
2025-10-08,38.09999847,38.09999847,37.29999924,37.40000153,295008,0,1,36.93969381,yahoo_bootstrap
2025-10-09,37.40000153,37.65000153,37.20000076,37.34999847,348206,0,1,36.89030619,yahoo_bootstrap
2025-10-13,36.25,36.75,35.54999924,36.25,351003,0,1,35.80384615,yahoo_bootstrap
2025-10-14,36.65000153,37.20000076,36.09999847,36.09999847,330007,0,1,35.6556908,yahoo_bootstrap
2025-10-15,36.15000153,36.34999847,35.70000076,35.70000076,654010,0,1,35.26061614,yahoo_bootstrap
2025-10-16,36.15000153,36.79999924,36.15000153,36.59999847,319164,0,1,36.14953695,yahoo_bootstrap
2025-10-17,36.70000076,37,36.5,36.59999847,211001,0,1,36.14953695,yahoo_bootstrap
2025-10-20,36.95000076,36.95000076,36.04999924,36.45000076,202059,0,1,36.00138537,yahoo_bootstrap
2025-10-21,36.40000153,37.29999924,36.40000153,36.90000153,380071,0,1,36.44584766,yahoo_bootstrap
2025-10-22,36.79999924,37.15000153,36.70000076,36.90000153,203002,0,1,36.44584766,yahoo_bootstrap
2025-10-23,36.65000153,36.65000153,36.15000153,36.20000076,221020,0,1,35.75446229,yahoo_bootstrap
2025-10-27,36.40000153,36.40000153,36,36.25,229021,0,1,35.80384615,yahoo_bootstrap
2025-10-28,36.59999847,36.65000153,35.79999924,35.84999847,217001,0,1,35.40876772,yahoo_bootstrap
2025-10-29,35.90000153,36.20000076,35.59999847,35.70000076,281212,0,1,35.26061614,yahoo_bootstrap
2025-10-30,36.20000076,36.20000076,35.09999847,35.20000076,278005,0,1,34.76676998,yahoo_bootstrap
2025-10-31,35.5,35.5,35,35.15000153,180034,0,1,34.71738612,yahoo_bootstrap
2025-11-03,35.15000153,35.15000153,34.54999924,34.54999924,264001,0,1,34.12476848,yahoo_bootstrap
2025-11-04,34.75,34.90000153,34.15000153,34.15000153,261050,0,1,33.72969381,yahoo_bootstrap
2025-11-05,34.04999924,34.09999847,33.45000076,34,235000,0,1,33.58153846,yahoo_bootstrap
2025-11-06,34.34999847,34.70000076,34,34.70000076,180016,0,1,34.27292383,yahoo_bootstrap
2025-11-07,34.65000153,34.70000076,34.09999847,34.5,162004,0,1,34.07538462,yahoo_bootstrap
2025-11-10,34.45000076,34.5,33.84999847,34.40000153,130061,0,1,33.97661689,yahoo_bootstrap
2025-11-11,34.59999847,35,34.5,34.65000153,241014,0,1,34.22353997,yahoo_bootstrap
2025-11-12,34.70000076,35.90000153,34.70000076,35.70000076,228045,0,1,35.26061614,yahoo_bootstrap
2025-11-13,36.09999847,36.09999847,35.45000076,35.79999924,220003,0,1,35.35938386,yahoo_bootstrap
2025-11-14,35.5,35.75,34.75,34.75,207010,0,1,34.32230769,yahoo_bootstrap
2025-11-17,34.79999924,34.79999924,34.20000076,34.20000076,167117,0,1,33.77907768,yahoo_bootstrap
2025-11-18,33.65000153,33.90000153,33,33.04999924,367002,0,1,32.64323002,yahoo_bootstrap
2025-11-19,33.5,33.79999924,32.79999924,32.84999847,190050,0,1,32.4456908,yahoo_bootstrap
2025-11-20,33.15000153,33.59999847,33.09999847,33.34999847,115012,0,1,32.93953695,yahoo_bootstrap
2025-11-21,33.29999924,33.45000076,32.34999847,32.79999924,333012,0,1,32.39630694,yahoo_bootstrap
2025-11-24,32.95000076,33.29999924,32.59999847,32.84999847,103020,0,1,32.4456908,yahoo_bootstrap
2025-11-25,32.84999847,33.29999924,32.84999847,33.15000153,90000,0,1,32.74200151,yahoo_bootstrap
2025-11-26,33.5,34,33.5,34,152000,0,1,33.58153846,yahoo_bootstrap
2025-11-27,34.04999924,34.5,33.75,34.04999924,106001,0,1,33.63092232,yahoo_bootstrap
2025-11-28,34.04999924,34.25,34,34.09999847,67160,0,1,33.68030619,yahoo_bootstrap
2025-12-01,34.04999924,34.20000076,33.65000153,33.84999847,119059,0,1,33.43338311,yahoo_bootstrap
2025-12-02,33.84999847,34.45000076,33.84999847,33.90000153,100235,0,1,33.48277074,yahoo_bootstrap
2025-12-03,34.20000076,34.45000076,34,34.34999847,175001,0,1,33.92722926,yahoo_bootstrap
2025-12-04,34.70000076,34.70000076,34,34.65000153,179061,0,1,34.22353997,yahoo_bootstrap
2025-12-05,34.70000076,34.70000076,34.20000076,34.29999924,77039,0,1,33.8778454,yahoo_bootstrap
2025-12-08,34.29999924,34.65000153,34,34.09999847,229263,0,1,33.68030619,yahoo_bootstrap
2025-12-09,34,34.04999924,33.75,34.04999924,121009,0,1,33.63092232,yahoo_bootstrap
2025-12-10,33.95000076,34,33.59999847,33.59999847,144200,0,1,33.18646003,yahoo_bootstrap
2025-12-11,33.90000153,33.90000153,33.40000153,33.54999924,76501,0,1,33.13707617,yahoo_bootstrap
2025-12-12,33.79999924,33.84999847,33.45000076,33.5,84026,0,1,33.08769231,yahoo_bootstrap
2025-12-15,33.54999924,33.90000153,33.15000153,33.59999847,102073,0,1,33.18646003,yahoo_bootstrap
2025-12-16,33.34999847,33.59999847,32.84999847,33.15000153,188039,0,1,32.74200151,yahoo_bootstrap
2025-12-17,33.20000076,33.65000153,33.20000076,33.20000076,123001,0,1,32.79138537,yahoo_bootstrap
2025-12-18,33,33.15000153,32.70000076,32.79999924,159005,0,1,32.39630694,yahoo_bootstrap
2025-12-19,32.90000153,33,32.70000076,33,279004,0,1,32.59384615,yahoo_bootstrap
2025-12-22,33.25,33.45000076,33.09999847,33.29999924,139761,0,1,32.89015309,yahoo_bootstrap
2025-12-23,33.09999847,33.34999847,33,33.15000153,126056,0,1,32.74200151,yahoo_bootstrap
2025-12-24,33.15000153,33.45000076,32.95000076,33,179003,0,1,32.59384615,yahoo_bootstrap
2025-12-26,33.25,33.25,32.75,32.90000153,111003,0,1,32.49507843,yahoo_bootstrap
2025-12-29,32.90000153,33.25,32.90000153,33.09999847,178169,0,1,32.69261388,yahoo_bootstrap
2025-12-30,33.15000153,33.15000153,32.75,33.09999847,128004,0,1,32.69261388,yahoo_bootstrap
2025-12-31,33.09999847,33.54999924,32.75,32.84999847,315081,0,1,32.4456908,yahoo_bootstrap
2026-01-02,33.25,33.40000153,33,33.15000153,223012,0,1,32.74200151,yahoo_bootstrap
2026-01-05,33.15000153,33.20000076,32.15000153,32.29999924,420004,0,1,31.90246078,yahoo_bootstrap
2026-01-06,32.29999924,32.40000153,32,32.20000076,262022,0,1,31.80369306,yahoo_bootstrap
2026-01-07,32.40000153,33.25,32.34999847,33.09999847,417021,0,1,32.69261388,yahoo_bootstrap
2026-01-08,33.40000153,34.04999924,32.79999924,33.70000076,514008,0,1,33.28523152,yahoo_bootstrap
2026-01-09,34,34,32.95000076,33,281015,0,1,32.59384615,yahoo_bootstrap
2026-01-12,33,33.29999924,32.75,32.75,311141,0,1,32.34692308,yahoo_bootstrap
2026-01-13,32.79999924,32.84999847,32.15000153,32.40000153,457089,0,1,32.00123228,yahoo_bootstrap
2026-01-14,32.40000153,33.59999847,32.40000153,33.5,539435,0,1,33.08769231,yahoo_bootstrap
2026-01-15,33.45000076,33.45000076,32.90000153,33.34999847,182116,0,1,32.93953695,yahoo_bootstrap
2026-01-16,33.40000153,34.20000076,33.09999847,33.79999924,424100,0,1,33.38399925,yahoo_bootstrap
2026-01-19,34.04999924,34.59999847,33.79999924,34.59999847,475279,0,1,34.17415234,yahoo_bootstrap
2026-01-20,34.5,34.5,33.84999847,33.90000153,638021,0,1,33.48277074,yahoo_bootstrap
2026-01-21,34,34.65000153,33.70000076,34.54999924,585054,0,1,34.12476848,yahoo_bootstrap
2026-01-22,34.84999847,37.29999924,34.54999924,36.84999847,2207566,0,1,36.39646003,yahoo_bootstrap
2026-01-23,37,37.15000153,35.84999847,36.09999847,1426061,0,1,35.6556908,yahoo_bootstrap
2026-01-26,36.09999847,37.34999847,35.84999847,37.20000076,805762,0,1,36.7421546,yahoo_bootstrap
2026-01-27,37.5,37.5,36.34999847,36.5,455800,0,1,36.05076923,yahoo_bootstrap
2026-01-28,38.40000153,40.15000153,38.20000076,40.15000153,4927257,0,1,39.65584766,yahoo_bootstrap
2026-01-29,40.40000153,40.45000076,37.54999924,37.65000153,3691533,0,1,37.18661689,yahoo_bootstrap
2026-01-30,37.70000076,37.79999924,36.5,36.54999924,1010123,0,1,36.10015309,yahoo_bootstrap
2026-02-02,36.15000153,36.15000153,35.25,35.29999924,617053,0,1,34.86553771,yahoo_bootstrap
2026-02-03,35.84999847,36.5,35.45000076,35.79999924,389006,0,1,35.35938386,yahoo_bootstrap
2026-02-04,35.54999924,36.5,35.40000153,36.5,306029,0,1,36.05076923,yahoo_bootstrap
2026-02-05,36.09999847,37.34999847,35.79999924,36.59999847,441212,0,1,36.14953695,yahoo_bootstrap
2026-02-06,36.20000076,36.20000076,35.20000076,35.65000153,252143,0,1,35.21123228,yahoo_bootstrap
2026-02-09,36.84999847,37.79999924,36.84999847,37.45000076,720167,0,1,36.98907768,yahoo_bootstrap
2026-02-10,37.79999924,39.34999847,37.25,38.25,1503034,0,1,37.77923077,yahoo_bootstrap
2026-02-11,38.40000153,39.65000153,38.40000153,38.79999924,1377530,0,1,38.32246078,yahoo_bootstrap
2026-02-23,39.34999847,41.79999924,39.20000076,41.15000153,2415320,0,1,40.64353997,yahoo_bootstrap
2026-02-24,41.15000153,43.5,40.95000076,42.75,2857218,0,1,42.22384615,yahoo_bootstrap
2026-02-25,43.59999847,43.95000076,41.5,42.40000153,2077627,0,1,41.87815535,yahoo_bootstrap
2026-02-26,42.79999924,44.54999924,42.45000076,43.95000076,2323547,0,1,43.40907768,yahoo_bootstrap
2026-03-02,42.54999924,48.29999924,42.5,46.75,5450116,0,1,46.17461538,yahoo_bootstrap
2026-03-03,46.75,47.90000153,44.29999924,44.59999847,3534510,0,1,44.05107542,yahoo_bootstrap
2026-03-04,43.34999847,43.45000076,40.59999847,41.15000153,1957025,0,1,40.64353997,yahoo_bootstrap
2026-03-05,42.45000076,44.40000153,42.45000076,42.84999847,1435311,0,1,42.32261388,yahoo_bootstrap
2026-03-06,42.79999924,44.5,42,44.09999847,1053316,0,1,43.55722926,yahoo_bootstrap
2026-03-09,40.5,41.59999847,39.90000153,41.54999924,1173112,0,1,41.03861463,yahoo_bootstrap
2026-03-10,42.34999847,43.15000153,40.65000153,41,809101,0,1,40.49538462,yahoo_bootstrap
2026-03-11,41,42.59999847,41,42.25,658134,0,1,41.73,yahoo_bootstrap
2026-03-12,42.34999847,43.04999924,41.5,42.90000153,793010,0,1,42.37200151,yahoo_bootstrap
2026-03-13,42.25,42.5,41.25,41.40000153,530300,0,1,40.89046305,yahoo_bootstrap
2026-03-16,41.54999924,42.34999847,41.5,41.59999847,480130,0,1,41.08799849,yahoo_bootstrap
2026-03-17,42.29999924,42.79999924,41.95000076,42.45000076,562455,0,1,41.92753922,yahoo_bootstrap
2026-03-18,42.75,44.90000153,42.75,43.54999924,1736226,0,1,43.01399925,yahoo_bootstrap
2026-03-19,43,44.20000076,41.5,41.5,1478248,0,1,40.98923077,yahoo_bootstrap
2026-03-20,41.59999847,42.79999924,41.09999847,42.79999924,1143507,0,1,42.27323002,yahoo_bootstrap
2026-03-23,42,43.04999924,41,41.09999847,1061030,0,1,40.59415234,yahoo_bootstrap
2026-03-24,41.79999924,42.40000153,40.29999924,40.29999924,825700,0,1,39.80399925,yahoo_bootstrap
2026-03-25,41,41.29999924,40.04999924,40.5,510110,0,1,40.00153846,yahoo_bootstrap
2026-03-26,41,41,39.59999847,40.40000153,506221,0,1,39.90277074,yahoo_bootstrap
2026-03-27,39.90000153,40.40000153,39.15000153,40.34999847,355077,0,1,39.85338311,yahoo_bootstrap
2026-03-30,40.15000153,40.15000153,38.75,38.95000076,417250,0,1,38.47061614,yahoo_bootstrap
2026-03-31,38.70000076,38.95000076,37.09999847,37.45000076,650010,0,1,36.98907768,yahoo_bootstrap
2026-04-01,38.20000076,38.75,38.20000076,38.45000076,312519,0,1,37.97676998,yahoo_bootstrap
2026-04-02,38.45000076,38.70000076,36.70000076,36.84999847,459314,0,1,36.39646003,yahoo_bootstrap
2026-04-07,37.20000076,37.59999847,36.65000153,37.34999847,256621,0,1,36.89030619,yahoo_bootstrap
2026-04-08,37.90000153,39.40000153,37.79999924,39.40000153,484128,0,1,38.91507843,yahoo_bootstrap
2026-04-09,39.75,39.90000153,38.54999924,39.75,380004,0,1,39.26076923,yahoo_bootstrap
2026-04-10,39.90000153,40.25,39.54999924,39.59999847,286306,0,1,39.11261388,yahoo_bootstrap
2026-04-13,40,40.79999924,39,40.75,329146,0,1,40.24846154,yahoo_bootstrap
2026-04-14,41,41.40000153,40,41.29999924,670149,0,1,40.79169155,yahoo_bootstrap
2026-04-15,41.5,41.90000153,40.79999924,41.20000076,515019,0,1,40.69292383,yahoo_bootstrap
2026-04-16,41.70000076,41.70000076,41,41.59999847,686100,0,1,41.08799849,yahoo_bootstrap
2026-04-17,42,42.79999924,41.09999847,41.20000076,643052,0,1,40.69292383,yahoo_bootstrap
2026-04-20,41.70000076,41.84999847,40.5,40.59999847,533039,0,1,40.10030619,yahoo_bootstrap
2026-04-21,40.70000076,42.75,40.70000076,41.95000076,1065309,0,1,41.43369306,yahoo_bootstrap
2026-04-22,42.54999924,45.70000076,42.15000153,45.29999924,2799541,0,1,44.74246078,yahoo_bootstrap
2026-04-23,48.29999924,49.40000153,44.79999924,45.90000153,9473476,0,1,45.33507843,yahoo_bootstrap
2026-04-24,46.79999924,47.40000153,45,45.25,5884200,0,1,44.69307692,yahoo_bootstrap
2026-04-27,45,45,41.15000153,41.5,2048195,0,1,40.98923077,yahoo_bootstrap
2026-04-28,41.54999924,42.59999847,40.59999847,42.15000153,949282,0,1,41.63123228,yahoo_bootstrap
2026-04-29,42,42.95000076,41.40000153,42.29999924,977859,0,1,41.77938386,yahoo_bootstrap
2026-04-30,42.90000153,43,41.84999847,42,660080,0,1,41.48307692,yahoo_bootstrap
2026-05-04,42.09999847,44.70000076,42.09999847,43.45000076,1468248,0,1,42.91523152,yahoo_bootstrap
2026-05-05,43.54999924,45.75,43.40000153,44.45000076,1972172,0,1,43.90292383,yahoo_bootstrap
2026-05-06,45.09999847,45.20000076,43.20000076,43.90000153,1067443,0,1,43.35969381,yahoo_bootstrap
2026-05-07,44.5,45.29999924,43.40000153,44.09999847,1260013,0,1,43.55722926,yahoo_bootstrap
2026-05-08,44.20000076,45.95000076,43.09999847,45.34999847,1856551,0,1,44.79184465,yahoo_bootstrap
2026-05-11,46.09999847,49.84999847,45.5,49.84999847,6560237,0,1,49.23646003,yahoo_bootstrap
2026-05-12,50.59999847,53.79999924,49.09999847,52.40000153,10858650,0,1,51.75507843,yahoo_bootstrap
2026-05-13,52.29999924,53.09999847,50.29999924,50.29999924,4583877,0,1,49.68092232,yahoo_bootstrap
2026-05-14,50.70000076,52.29999924,50.59999847,51.29999924,2982500,0,1,50.66861463,yahoo_bootstrap
2026-05-15,51.29999924,52.29999924,50,50.79999924,2044061,0,1,50.17476848,yahoo_bootstrap
2026-05-18,50.5,51.20000076,49.20000076,50.40000153,1473530,0,1,49.77969381,yahoo_bootstrap
2026-05-19,49.79999924,49.79999924,47.59999847,47.59999847,1678297,0,1,47.01415234,yahoo_bootstrap
2026-05-20,48,52.29999924,47.70000076,52.29999924,6345191,0,1,51.65630694,yahoo_bootstrap
2026-05-21,52.70000076,53.20000076,51.59999847,52.5,6857225,0,1,51.85384615,yahoo_bootstrap
2026-05-22,52.70000076,54.09999847,52.09999847,54,4053184,0,1,53.33538462,yahoo_bootstrap
2026-05-25,53.90000153,54.59999847,52.79999924,53,2846758,0,1,52.34769231,yahoo_bootstrap
2026-05-26,53.29999924,53.70000076,51.5,52.20000076,1687400,0,1,51.55753922,yahoo_bootstrap
2026-05-27,52.79999924,55.79999924,51.59999847,55.79999924,4206316,0,1,55.11323002,yahoo_bootstrap
2026-05-28,58.20000076,58.20000076,54.09999847,55.59999847,16267682,0,1,54.9156908,yahoo_bootstrap
2026-05-29,55.20000076,55.59999847,53.5,54.09999847,4863040,0,1,53.43415234,yahoo_bootstrap
2026-06-01,54.40000153,54.5,52.70000076,53.09999847,2965250,0,1,52.44646003,yahoo_bootstrap
2026-06-02,52.79999924,53.09999847,51.70000076,52.59999847,2354523,0,1,51.95261388,yahoo_bootstrap
2026-06-03,53,53.59999847,52.20000076,52.70000076,1748006,0,1,52.05138537,yahoo_bootstrap
2026-06-04,52.20000076,52.59999847,51.29999924,51.70000076,1770138,0,1,51.06369306,yahoo_bootstrap
2026-06-05,51.70000076,52.09999847,50.29999924,51.20000076,1255020,0,1,50.56984691,yahoo_bootstrap
2026-06-08,46.20000076,48.45000076,46.09999847,48,1921002,0,1,47.40923077,yahoo_bootstrap
2026-06-09,47.54999924,50.79999924,47.54999924,49.70000076,1682106,0,1,49.08830845,yahoo_bootstrap
2026-06-10,48.59999847,51.79999924,48.25,48.45000076,1825590,0,1,47.85369306,yahoo_bootstrap
2026-06-11,48,52.70000076,48,51.70000076,3968131,0,1,51.06369306,yahoo_bootstrap
2026-06-12,53.09999847,55.5,52.79999924,54.20000076,6960924,0,1,53.53292383,yahoo_bootstrap
2026-06-15,55.40000153,58.70000076,54.5,57.40000153,9280639,0,1,56.69353997,yahoo_bootstrap
2026-06-16,58.5,59.59999847,57.29999924,57.5,16263909,0,1,56.79230769,yahoo_bootstrap
2026-06-17,57,63,56.40000153,62.59999847,16141274,0,1,61.82953695,yahoo_bootstrap
2026-06-18,61.29999924,62.29999924,60.09999847,60.90000153,10299533,0,1,60.15046305,yahoo_bootstrap
2026-06-22,61.59999847,66.30000305,61.59999847,63.59999847,9786708,0,1,62.81722926,yahoo_bootstrap
2026-06-23,65.69999695,66.80000305,61.5,62.40000153,9123563,0,1,61.63200151,yahoo_bootstrap
2026-06-24,61.29999924,64.30000305,60.79999924,62.40000153,4212489,0,1,61.63200151,yahoo_bootstrap
2026-06-25,64.40000153,64.90000153,61.20000076,62.29999924,4434767,0,1,61.53323002,yahoo_bootstrap
2026-06-26,61.5,62.29999924,58.29999924,58.5,3582037,0,1,57.78,yahoo_bootstrap
2026-06-29,58,60.40000153,57.5,58.59999847,2486252,0,1,57.87876772,yahoo_bootstrap
2026-06-30,59.90000153,62.5,59.20000076,61.59999847,3560605,0,1,60.84184465,yahoo_bootstrap
2026-07-01,62,63.20000076,59.40000153,59.79999924,3696468,0,1,59.06399925,yahoo_bootstrap
2026-07-02,59.5,65.30000305,58.79999924,63.5,4271682,0,1,62.71846154,yahoo_bootstrap
2026-07-03,63.40000153,66,62,62.5,5877803,0,1,61.73076923,yahoo_bootstrap
2026-07-06,62.5,65.90000153,62.20000076,63.79999924,6699037,0,1,63.01476848,yahoo_bootstrap
2026-07-07,65.30000305,65.40000153,60.90000153,61.09999847,4304315,0,1,60.34799849,yahoo_bootstrap
2026-07-08,61.90000153,63.20000076,60.90000153,62.90000153,3204676,0,1,62.12584766,yahoo_bootstrap
2026-07-09,63.59999847,68.80000305,62.5,67.59999847,16860777,0,1,66.76799849,yahoo_bootstrap
2026-07-10,67.59999847,67.59999847,67.59999847,67.59999847,0,0,1,66.76799849,yahoo_bootstrap
2026-07-13,68,69.09999847,64.69999695,65,10479675,0,1,64.2,yahoo_bootstrap
2026-07-14,63.79999924,66.19999695,58.59999847,62.5,6506198,0.8,1,62.5,yahoo_bootstrap
2026-07-15,63,65.30000305,62.40000153,63.09999847,4807851,0,1,63.09999847,yahoo_bootstrap
2026-07-16,62.09999847,62.20000076,59.29999924,60.09999847,3901641,0,1,60.09999847,yahoo_bootstrap
2026-07-17,58.70000076,59,55.20000076,55.90000153,3212470,0,1,55.90000153,yahoo_bootstrap
2026-07-20,55.70000076,55.70000076,51.09999847,53.29999924,2063251,0,1,53.29999924,yahoo_bootstrap
2026-07-21,54.29999924,57.20000076,53.70000076,56.40000153,2768627,0,1,56.40000153,yahoo_bootstrap
2026-07-22,57,59.40000153,56.5,57.5,5397451,0,1,57.5,yahoo_bootstrap
2026-07-23,58.09999847,58.09999847,55.90000153,56.90000153,1781896,0,1,56.90000153,yahoo_bootstrap
2026-07-24,55.70000076,56.40000153,53.59999847,54.79999924,1517111,0,1,54.79999924,yahoo_bootstrap
2026-07-27,55.29999924,55.40000153,53,54.90000153,1761194,0,1,54.90000153,yahoo_daily
2026-07-28,53.5,53.5,50.40000153,50.59999847,1685632,0,1,50.59999847,yahoo_daily
2026-07-29,51.5,51.5,45.54999924,46.70000076,2480100,0,1,46.70000076,yahoo_daily
2026-07-30,46.20000076,48.90000153,45.40000153,46.79999924,1629176,0,1,46.79999924,yahoo_daily
2026-07-31,49,51.40000153,49,51.40000153,2874000,0,1,51.40000153,yahoo_daily
2026-08-03,51,55.79999924,50.90000153,54.5,6085544,0,1,54.5,yahoo_daily
2026-08-04,53.70000076,56.40000153,53.5,55.20000076,4106017,0,1,55.20000076,yahoo_daily
2026-08-05,56.20000076,56.79999924,55,55,2494104,0,1,55,yahoo_daily
2026-08-06,54.90000153,54.90000153,53,54.40000153,1320070,0,1,54.40000153,yahoo_daily
2026-08-07,54.79999924,55.59999847,53.90000153,54.79999924,1604150,0,1,54.79999924,yahoo_daily
2026-08-10,55.90000153,57.5,55.90000153,56.70000076,3299907,0,1,56.70000076,yahoo_daily
2026-08-11,56.5,57.40000153,55.59999847,56.20000076,2070423,0,1,56.20000076,yahoo_daily
2026-08-12,56.5,57,55.70000076,56.20000076,1459061,0,1,56.20000076,yahoo_daily
2026-08-13,57.09999847,58.79999924,56.29999924,58.09999847,6272572,0,1,58.09999847,yahoo_daily
2026-08-14,58.09999847,59.70000076,56.5,58.5,6851275,0,1,58.5,yahoo_daily
2026-08-17,59,60.40000153,58.09999847,58.40000153,3420002,0,1,58.40000153,yahoo_daily
2026-08-18,58.40000153,58.59999847,55.79999924,56.20000076,2053510,0,1,56.20000076,yahoo_daily
2026-08-19,55.40000153,57.59999847,55.09999847,57,1878200,0,1,57,yahoo_daily
2026-08-20,57.5,58.70000076,57.09999847,57.59999847,2494245,0,1,57.59999847,yahoo_daily
2026-08-21,58,58,56.40000153,56.5,1465127,0,1,56.5,yahoo_daily
2026-08-24,57.09999847,57.59999847,56.09999847,56.09999847,826496,0,1,56.09999847,yahoo_daily
2026-08-25,56.09999847,56.40000153,54,56,873109,0,1,56,yahoo_daily
2026-08-26,56.59999847,61,56.5,60.59999847,7696506,0,1,60.59999847,yahoo_daily
