date,open,high,low,close,volume,dividend,split_factor,adjusted_close,source
2021-08-26,62.94211197,64.44073486,61.53715134,62.38012695,97902228,0,1,54.68344529,yahoo_bootstrap
2021-08-27,60.88150787,62.66112137,60.13219452,60.2258606,49440814,0,1,52.79497998,yahoo_bootstrap
2021-08-30,62.00547409,65.84568787,61.53715134,62.75478363,112732815,0,1,55.0118755,yahoo_bootstrap
2021-08-31,63.41043091,65.00271606,62.38012695,63.41043091,78528896,0,1,55.58662669,yahoo_bootstrap
2021-09-01,62.84844589,63.50409317,57.60327148,57.97792816,75408710,0,1,50.82440543,yahoo_bootstrap
2021-09-02,57.50960922,59.75754166,55.72999573,59.75754166,74071655,0,1,52.38444389,yahoo_bootstrap
2021-09-03,60.03853226,60.41318512,55.82365799,56.85396194,55091464,0,1,49.83911815,yahoo_bootstrap
2021-09-06,56.66663361,57.50960922,52.264431,52.264431,45518186,0,1,45.81585984,yahoo_bootstrap
2021-09-07,53.38839722,57.13495255,53.38839722,53.95038223,76932908,0,1,47.29379242,yahoo_bootstrap
2021-09-08,54.41870117,56.47930527,53.10740662,56.47930527,57332518,0,1,49.51068796,yahoo_bootstrap
2021-09-09,56.47930527,57.13495255,54.98068237,56.10464859,38226309,0,1,49.18225775,yahoo_bootstrap
2021-09-10,56.47930527,57.32228088,55.44900131,56.01098633,35291732,0,1,49.10015187,yahoo_bootstrap
2021-09-13,57.50960922,59.75754166,57.22861481,57.60327148,55428706,0,1,50.49597522,yahoo_bootstrap
2021-09-14,59.75754166,60.13219452,54.79335785,55.35533905,45989537,0,1,48.52540068,yahoo_bootstrap
2021-09-15,56.10464859,56.47930527,54.04404449,55.44900131,34163331,0,1,48.60750656,yahoo_bootstrap
2021-09-16,54.98068237,55.44900131,53.29473495,53.66938782,23111857,0,1,47.0474681,yahoo_bootstrap
2021-09-17,53.29473495,54.69969177,53.29473495,54.3250351,22956348,0,1,47.62221929,yahoo_bootstrap
2021-09-22,52.5454216,54.04404449,52.5454216,54.04404449,11083278,0,1,47.3758983,yahoo_bootstrap
2021-09-23,55.54266739,56.29197693,54.3250351,54.41870117,27814705,0,1,47.70432851,yahoo_bootstrap
2021-09-24,55.54266739,56.19831467,54.79335785,54.88702011,20146717,0,1,48.11486459,yahoo_bootstrap
2021-09-27,55.16801071,55.91732025,53.95038223,54.51236343,11699373,0,1,47.78643439,yahoo_bootstrap
2021-09-28,53.57572556,54.13771057,51.32779312,51.9834404,17073317,0,1,45.56953886,yahoo_bootstrap
2021-09-29,51.9834404,54.79335785,51.23413086,51.23413086,21190092,0,1,44.9126818,yahoo_bootstrap
2021-09-30,52.45175934,56.01098633,51.32779312,54.69969177,31179864,0,1,47.95064949,yahoo_bootstrap
2021-10-01,53.66938782,53.95038223,49.36085129,49.6418457,20383401,0,1,43.51685844,yahoo_bootstrap
2021-10-04,49.17352295,50.01649857,44.0220108,44.0220108,32347822,0,1,38.59041873,yahoo_bootstrap
2021-10-05,44.0220108,45.75479507,43.08537292,44.81815338,25550308,0,1,39.28833041,yahoo_bootstrap
2021-10-06,44.77132416,45.33330536,42.14873505,42.14873505,19096085,0,1,36.9482744,yahoo_bootstrap
2021-10-07,44.44350052,46.36360931,43.97518158,45.42697144,41243258,0,1,39.82203033,yahoo_bootstrap
2021-10-08,46.08261871,46.50410461,44.72449112,45.61429977,26811487,0,1,39.98624543,yahoo_bootstrap
2021-10-12,44.86498642,45.3801384,41.72724915,42.99171066,15392551,0,1,37.68724068,yahoo_bootstrap
2021-10-13,43.7410202,44.86498642,40.74377823,40.74377823,22045017,0,1,35.71666614,yahoo_bootstrap
2021-10-14,41.63358307,42.38289642,39.43248367,41.39942551,26880350,0,1,36.29141733,yahoo_bootstrap
2021-10-15,42.19556808,42.28923035,40.74377823,41.49308777,13949912,0,1,36.37352321,yahoo_bootstrap
2021-10-18,41.21209717,43.27270126,40.04129791,42.75754929,36425904,0,1,37.48197097,yahoo_bootstrap
2021-10-19,41.77407837,42.57022095,41.30575943,41.30575943,21745443,0,1,36.2093081,yahoo_bootstrap
2021-10-20,41.35259247,42.10190201,40.41595459,40.46278763,13157823,0,1,35.47034516,yahoo_bootstrap
2021-10-21,40.50961685,41.49308777,40.46278763,40.55644989,10104044,0,1,35.55245103,yahoo_bootstrap
2021-10-22,40.50961685,40.60327911,37.93386078,38.49584579,17107004,0,1,33.74609159,yahoo_bootstrap
2021-10-25,37.93386078,40.27545929,37.65287018,39.3388176,16594930,0,1,34.48505454,yahoo_bootstrap
2021-10-26,39.3388176,39.99446487,38.49584579,39.3388176,12408610,0,1,34.48505454,yahoo_bootstrap
2021-10-27,38.68317032,39.057827,37.65287018,38.07435608,10401770,0,1,33.37660678,yahoo_bootstrap
2021-10-28,38.12118912,39.1983223,37.65287018,37.65287018,10692248,0,1,33.0071253,yahoo_bootstrap
2021-10-29,37.93386078,38.87049866,37.23138428,38.21485138,15195201,0,1,33.49976727,yahoo_bootstrap
2021-11-01,38.40217972,39.15149307,38.02752686,38.49584579,8905177,0,1,33.74609159,yahoo_bootstrap
2021-11-02,38.68317032,39.43248367,38.26168442,38.49584579,11834623,0,1,33.74609159,yahoo_bootstrap
2021-11-03,39.057827,42.33606339,38.7768364,40.69694519,35074361,0,1,35.67561153,yahoo_bootstrap
2021-11-04,41.11843491,42.14873505,39.3388176,40.18179321,27112770,0,1,35.22402083,yahoo_bootstrap
2021-11-05,40.18179321,40.65011215,39.52614594,40.55644989,12812992,0,1,35.55245103,yahoo_bootstrap
2021-11-08,41.53992081,41.96140671,40.55644989,41.49308777,17786359,0,1,36.37352321,yahoo_bootstrap
2021-11-09,42.28923035,42.33606339,40.65011215,41.11843491,20147641,0,1,36.04509635,yahoo_bootstrap
2021-11-10,41.07160187,41.68041611,40.41595459,40.60327911,9645084,0,1,35.5935023,yahoo_bootstrap
2021-11-11,40.60327911,41.21209717,38.58950806,38.87049866,11131450,0,1,34.07451846,yahoo_bootstrap
2021-11-12,39.80714035,40.27545929,38.87049866,39.85396957,10375271,0,1,34.93664523,yahoo_bootstrap
2021-11-15,40.27545929,40.55644989,39.43248367,39.99446487,7253944,0,1,35.05980572,yahoo_bootstrap
2021-11-16,39.99446487,42.05507278,39.99446487,41.39942551,18578806,0,1,36.29141733,yahoo_bootstrap
2021-11-17,41.39942551,41.39942551,39.61981201,40.32228851,12356420,0,1,35.34718132,yahoo_bootstrap
2021-11-18,40.18179321,41.11843491,39.71347427,40.27545929,9047970,0,1,35.30613005,yahoo_bootstrap
2021-11-19,41.16526413,41.16526413,39.61981201,39.71347427,8325645,0,1,34.81348474,yahoo_bootstrap
2021-11-22,40.13496017,40.93110657,39.71347427,40.41595459,8225801,0,1,35.42929054,yahoo_bootstrap
2021-11-23,40.46278763,40.97793579,39.80714035,39.80714035,6576228,0,1,34.89559397,yahoo_bootstrap
2021-11-24,40.08813095,41.39942551,39.99446487,40.83744049,11552986,0,1,35.79877202,yahoo_bootstrap
2021-11-25,40.83744049,41.39942551,40.13496017,40.13496017,10262040,0,1,35.18296621,yahoo_bootstrap
2021-11-26,40.36912155,40.55644989,38.58950806,38.58950806,9178587,0,1,33.82819747,yahoo_bootstrap
2021-11-29,38.26168442,39.38565063,38.07435608,38.16802216,8647166,0,1,33.458716,yahoo_bootstrap
2021-11-30,38.87049866,40.32228851,38.68317032,39.99446487,10925390,0,1,35.05980572,yahoo_bootstrap
2021-12-01,40.08813095,40.18179321,39.15149307,39.76030731,6447207,0,1,34.85453935,yahoo_bootstrap
2021-12-02,39.61981201,42.42972565,39.43248367,41.25892639,33309137,0,1,36.16825349,yahoo_bootstrap
2021-12-03,41.58675385,42.00823975,40.04129791,40.50961685,16260813,0,1,35.51139642,yahoo_bootstrap
2021-12-06,40.27545929,41.77407837,40.22862625,41.02476883,15091884,0,1,35.96298712,yahoo_bootstrap
2021-12-07,41.35259247,42.89804459,40.69694519,42.89804459,16817826,0,1,37.60513146,yahoo_bootstrap
2021-12-08,45.89529037,47.11291885,45.2396431,47.01925659,48980150,0,1,41.21785369,yahoo_bootstrap
2021-12-09,48.04955673,49.73550797,46.17628098,47.76856613,39756924,0,1,41.87471075,yahoo_bootstrap
2021-12-10,47.06285095,49.31794739,47.06285095,47.20992279,21609302,0,1,41.38499481,yahoo_bootstrap
2021-12-13,48.04332733,48.09235001,46.08237457,46.08237457,11389775,0,1,40.3965675,yahoo_bootstrap
2021-12-14,45.39604187,46.42554092,43.6802063,43.82727814,10595592,0,1,38.41971288,yahoo_bootstrap
2021-12-15,43.82727814,46.52359009,43.6802063,45.83725357,14359172,0,1,40.1816904,yahoo_bootstrap
2021-12-16,46.27846909,46.81773376,45.10189819,45.49408722,10409500,0,1,39.88086513,yahoo_bootstrap
2021-12-17,45.83725357,47.4060173,45.54311371,45.54311371,14123984,0,1,39.92384256,yahoo_bootstrap
2021-12-20,45.98432541,46.76870728,45.39604187,45.7882309,7866419,0,1,40.13871632,yahoo_bootstrap
2021-12-21,45.88628006,47.55308914,44.90580368,47.35699463,17288857,0,1,41.51392041,yahoo_bootstrap
2021-12-22,47.35699463,47.55308914,46.62163544,46.67065811,9471273,0,1,40.91226652,yahoo_bootstrap
2021-12-23,47.11187363,47.25894547,45.93530273,45.93530273,6238208,0,1,40.2676419,yahoo_bootstrap
2021-12-24,46.08237457,46.62163544,45.64115906,45.69018555,4013705,0,1,40.05276815,yahoo_bootstrap
2021-12-27,46.08237457,46.08237457,45.15092087,45.19994736,4176387,0,1,39.62301729,yahoo_bootstrap
2021-12-28,45.69018555,46.57261276,45.00385284,45.00385284,9548027,0,1,39.45111761,yahoo_bootstrap
2021-12-29,45.19994736,45.59213638,44.17044449,44.51361465,6683533,0,1,39.02136675,yahoo_bootstrap
2021-12-30,45.19994736,45.24897003,44.02337646,44.31751633,5087874,0,1,38.84946374,yahoo_bootstrap
2022-01-03,44.21947098,44.36654282,42.84680176,43.33704376,7241631,0,1,37.98996536,yahoo_bootstrap
2022-01-04,43.43508911,43.87630463,42.84680176,43.77825546,4558752,0,1,38.37673879,yahoo_bootstrap
2022-01-05,43.9253273,44.07239914,42.84680176,42.84680176,12164660,0,1,37.56021115,yahoo_bootstrap
2022-01-06,42.65070724,43.48411179,42.06242371,42.16046906,6865745,0,1,36.95856062,yahoo_bootstrap
2022-01-07,42.40559006,42.5526619,40.78780365,41.08194733,5623280,0,1,36.01311073,yahoo_bootstrap
2022-01-10,40.29756546,40.88585281,39.90537643,40.10147095,7869329,0,1,35.15360901,yahoo_bootstrap
2022-01-11,40.29756546,40.93487549,40.00342178,40.15049362,5684883,0,1,35.19658309,yahoo_bootstrap
2022-01-12,40.49365997,40.54268646,39.36611176,40.39561462,5460665,0,1,35.41146019,yahoo_bootstrap
2022-01-13,40.68975449,40.78780365,39.70927811,39.70927811,3805575,0,1,34.80980632,yahoo_bootstrap
2022-01-14,39.70927811,39.70927811,38.53270721,39.21904373,6474563,0,1,34.3800588,yahoo_bootstrap
2022-01-17,39.07197189,39.26806641,38.48368454,38.72880554,3107465,0,1,33.95030794,yahoo_bootstrap
2022-01-18,38.92490005,39.41513824,38.63075638,38.87587357,4470829,0,1,34.07923019,yahoo_bootstrap
2022-01-19,38.43466187,38.87587357,37.60125732,37.69930267,5344845,0,1,33.04782879,yahoo_bootstrap
2022-01-20,37.40516281,37.94442368,37.30711365,37.74832916,4086618,0,1,33.09080622,yahoo_bootstrap
2022-01-21,37.45418549,37.50320816,35.93444824,35.98347092,6580348,0,1,31.54370245,yahoo_bootstrap
2022-01-24,35.34616089,36.37565994,34.8559227,36.32663727,6851723,0,1,31.84452772,yahoo_bootstrap
2022-01-25,35.83639908,35.98347092,34.56178284,34.61080551,5385959,0,1,30.34040138,yahoo_bootstrap
2022-01-26,34.46373367,35.39518356,34.46373367,34.90494537,4655983,0,1,30.59824922,yahoo_bootstrap
2022-02-07,35.29713821,38.28759003,35.15006638,38.28759003,9183360,0,1,33.56353116,yahoo_bootstrap
2022-02-08,37.69930267,39.12099457,37.25809097,38.18954086,14255603,0,1,33.47757965,yahoo_bootstrap
2022-02-09,38.23856735,38.87587357,37.99344635,38.43466187,5499825,0,1,33.69245676,yahoo_bootstrap
2022-02-10,39.12099457,40.1995163,38.63075638,39.66025543,10763434,0,1,34.76683223,yahoo_bootstrap
2022-02-11,39.46416092,39.95439911,39.0229454,39.12099457,4551451,0,1,34.29410729,yahoo_bootstrap
2022-02-14,38.72880554,39.51318359,38.18954086,38.18954086,6335462,0,1,33.47757965,yahoo_bootstrap
2022-02-15,38.5817337,39.46416092,38.5817337,38.92490005,4964876,0,1,34.12220761,yahoo_bootstrap
2022-02-16,39.80732727,40.54268646,39.21904373,40.1995163,7513864,0,1,35.23955718,yahoo_bootstrap
2022-02-17,40.39561462,40.59170914,39.26806641,39.51318359,6040718,0,1,34.63790664,yahoo_bootstrap
2022-02-18,39.31708908,43.43508911,39.12099457,43.43508911,39137250,0,1,38.07591352,yahoo_bootstrap
2022-02-21,44.70970917,46.4745636,42.94485092,42.94485092,74332306,0,1,37.64616266,yahoo_bootstrap
2022-02-22,42.65070724,43.97434998,40.1995163,41.13097,22609558,0,1,36.05608481,yahoo_bootstrap
2022-02-23,42.01339722,44.36654282,41.96437454,43.2389946,34951654,0,1,37.90401385,yahoo_bootstrap
2022-02-24,43.2389946,44.80775452,42.16046906,43.09192276,46396887,0,1,37.77508825,yahoo_bootstrap
2022-02-25,44.66068268,46.76870728,43.48411179,43.63118362,49257478,0,1,38.24781319,yahoo_bootstrap
2022-03-01,45.00385284,45.24897003,43.28801727,43.9253273,20304793,0,1,38.50566438,yahoo_bootstrap
2022-03-02,43.63118362,44.95482635,43.38606644,43.63118362,16018567,0,1,38.24781319,yahoo_bootstrap
2022-03-03,44.02337646,44.61166,43.77825546,44.07239914,13544656,0,1,38.63458998,yahoo_bootstrap
2022-03-04,44.21947098,45.69018555,43.58216095,44.36654282,26734982,0,1,38.89244116,yahoo_bootstrap
2022-03-07,44.41556549,44.70970917,42.20949554,42.20949554,15647725,0,1,37.00153804,yahoo_bootstrap
2022-03-08,41.17999268,42.65070724,39.80732727,40.1995163,12471241,0,1,35.23955718,yahoo_bootstrap
2022-03-09,41.42511368,44.21947098,41.03292465,44.21947098,28711009,0,1,38.76351557,yahoo_bootstrap
2022-03-10,45.7882309,48.5825882,44.85677719,46.18042374,103071129,0,1,40.48251901,yahoo_bootstrap
2022-03-11,46.67065811,47.74918365,45.59213638,47.20992279,66633263,0,1,41.38499481,yahoo_bootstrap
2022-03-14,47.45503998,48.48454285,46.86675644,46.86675644,45835540,0,1,41.08416955,yahoo_bootstrap
2022-03-15,46.91577911,47.35699463,44.31751633,44.31751633,34867582,0,1,38.84946374,yahoo_bootstrap
2022-03-16,45.7882309,45.98432541,43.14094543,43.58216095,24511611,0,1,38.20483912,yahoo_bootstrap
2022-03-17,44.17044449,45.24897003,43.72923279,44.90580368,16592770,0,1,39.3651661,yahoo_bootstrap
2022-03-18,44.61166,44.75873184,43.77825546,44.12142181,10131774,0,1,38.67756406,yahoo_bootstrap
2022-03-21,44.12142181,44.70970917,43.77825546,44.51361465,7961738,0,1,39.02136675,yahoo_bootstrap
2022-03-22,44.51361465,44.61166,43.97434998,44.02337646,5499222,0,1,38.59161589,yahoo_bootstrap
2022-03-23,44.41556549,44.70970917,43.9253273,44.02337646,4893461,0,1,38.59161589,yahoo_bootstrap
2022-03-24,44.41556549,44.46458817,43.48411179,43.58216095,5914362,0,1,38.20483912,yahoo_bootstrap
2022-03-25,43.72923279,43.77825546,41.96437454,42.25851822,8533555,0,1,37.04451213,yahoo_bootstrap
2022-03-28,41.76828003,43.33704376,41.42511368,43.18996811,6276061,0,1,37.86103642,yahoo_bootstrap
2022-03-29,43.14094543,43.6802063,43.04290009,43.2389946,5718619,0,1,37.90401385,yahoo_bootstrap
2022-03-30,43.43508911,43.63118362,42.65070724,43.14094543,5683225,0,1,37.81806233,yahoo_bootstrap
2022-03-31,43.33704376,43.53313828,42.45461273,42.60168457,3416652,0,1,37.34533739,yahoo_bootstrap
2022-04-01,42.16046906,43.04290009,42.16046906,42.74875641,2681595,0,1,37.47426299,yahoo_bootstrap
2022-04-06,42.30754089,42.65070724,41.96437454,41.96437454,2480907,0,1,36.78666094,yahoo_bootstrap
2022-04-07,41.96437454,42.25851822,40.1995163,40.1995163,5118395,0,1,35.23955718,yahoo_bootstrap
2022-04-08,40.98389816,42.30754089,40.78780365,42.06242371,5425163,0,1,36.87261245,yahoo_bootstrap
2022-04-11,42.06242371,42.84680176,41.8173027,41.8173027,4401105,0,1,36.65773535,yahoo_bootstrap
2022-04-12,42.16046906,42.20949554,40.98389816,42.11144638,3451706,0,1,36.91558653,yahoo_bootstrap
2022-04-13,42.60168457,43.09192276,42.35656357,42.69973373,4641461,0,1,37.4312889,yahoo_bootstrap
2022-04-14,43.33704376,43.82727814,42.94485092,43.2389946,6632701,0,1,37.90401385,yahoo_bootstrap
2022-04-15,43.53313828,46.22944641,43.2389946,44.70970917,31173611,0,1,39.19326643,yahoo_bootstrap
2022-04-18,45.93530273,45.98432541,44.51361465,44.51361465,12966905,0,1,39.02136675,yahoo_bootstrap
2022-04-19,45.24897003,47.99430466,45.10189819,46.32749557,45342082,0,1,40.6114446,yahoo_bootstrap
2022-04-20,48.04332733,50.88670731,47.1608963,47.30796814,114183535,0,1,41.47094298,yahoo_bootstrap
2022-04-21,48.09235001,49.31794739,47.65113449,48.04332733,51080477,0,1,42.11557094,yahoo_bootstrap
2022-04-22,47.99430466,48.82770538,47.35699463,47.74918365,22300614,0,1,41.85771975,yahoo_bootstrap
2022-04-25,46.76870728,46.81773376,43.82727814,44.36654282,17747720,0,1,38.89244116,yahoo_bootstrap
2022-04-26,44.80775452,45.39604187,42.5526619,42.5526619,16019125,0,1,37.30236332,yahoo_bootstrap
2022-04-27,40.68975449,43.48411179,40.49365997,42.30754089,17627535,0,1,37.08748621,yahoo_bootstrap
2022-04-28,42.74875641,43.09192276,41.52316284,41.62120819,9429907,0,1,36.48583567,yahoo_bootstrap
2022-04-29,42.16046906,44.70970917,42.16046906,43.63118362,18400819,0,1,38.24781319,yahoo_bootstrap
2022-05-03,44.07239914,44.07239914,42.16046906,43.18996811,11169162,0,1,37.86103642,yahoo_bootstrap
2022-05-04,43.87630463,45.88628006,43.87630463,44.41556549,22014735,0,1,38.93541524,yahoo_bootstrap
2022-05-05,46.08237457,46.37651825,44.61166,45.34701538,15878621,0,1,39.75193954,yahoo_bootstrap
2022-05-06,44.31751633,45.7882309,44.12142181,45.34701538,15358095,0,1,39.75193954,yahoo_bootstrap
2022-05-09,45.88628006,46.27846909,43.53313828,43.53313828,18591408,0,1,38.16186504,yahoo_bootstrap
2022-05-10,42.74875641,45.39604187,42.74875641,44.31751633,19226696,0,1,38.84946374,yahoo_bootstrap
2022-05-11,44.12142181,44.90580368,43.2389946,43.9253273,9933195,0,1,38.50566438,yahoo_bootstrap
2022-05-12,44.41556549,44.70970917,41.86632538,41.91535187,12572462,0,1,36.74368686,yahoo_bootstrap
2022-05-13,42.89582825,43.09192276,42.30754089,42.50363541,7446205,0,1,37.25938589,yahoo_bootstrap
2022-05-16,42.9938736,43.04290009,41.37608719,42.79777908,10389851,0,1,37.51723707,yahoo_bootstrap
2022-05-17,42.60168457,43.2389946,41.8173027,41.91535187,7293940,0,1,36.74368686,yahoo_bootstrap
2022-05-18,42.25851822,42.74875641,42.16046906,42.50363541,5110638,0,1,37.25938589,yahoo_bootstrap
2022-05-19,41.47413635,42.16046906,41.08194733,42.16046906,6840527,0,1,36.95856062,yahoo_bootstrap
2022-05-20,42.45461273,43.33704376,42.06242371,42.16046906,8641464,0,1,36.95856062,yahoo_bootstrap
2022-05-23,43.04290009,45.39604187,42.94485092,43.87630463,26462715,0,1,38.4626903,yahoo_bootstrap
2022-05-24,44.80775452,45.19994736,44.17044449,44.21947098,19595577,0,1,38.76351557,yahoo_bootstrap
2022-05-25,44.80775452,45.44506454,43.9253273,44.12142181,17979461,0,1,38.67756406,yahoo_bootstrap
2022-05-26,44.41556549,44.90580368,43.77825546,44.26849365,10163984,0,1,38.80648965,yahoo_bootstrap
2022-05-27,44.70970917,44.75873184,43.82727814,44.21947098,7975501,0,1,38.76351557,yahoo_bootstrap
2022-05-30,44.46458817,44.56263733,43.9253273,43.97434998,5809654,0,1,38.54863847,yahoo_bootstrap
2022-05-31,44.21947098,44.80775452,43.43508911,43.6802063,8912801,0,1,38.29078728,yahoo_bootstrap
2022-06-01,43.82727814,44.56263733,43.77825546,44.07239914,6799267,0,1,38.63458998,yahoo_bootstrap
2022-06-02,44.07239914,44.41556549,43.9253273,44.07239914,3658311,0,1,38.63458998,yahoo_bootstrap
2022-06-06,44.21947098,44.85677719,43.63118362,43.63118362,7555950,0,1,38.24781319,yahoo_bootstrap
2022-06-07,43.77825546,44.07239914,43.43508911,43.72923279,3143597,0,1,38.33376471,yahoo_bootstrap
2022-06-08,44.31751633,44.36654282,43.43508911,43.48411179,3628407,0,1,38.11888761,yahoo_bootstrap
2022-06-09,43.18996811,43.2389946,42.16046906,42.25851822,7005999,0,1,37.04451213,yahoo_bootstrap
2022-06-10,41.76828003,41.91535187,41.17999268,41.47413635,6340199,0,1,36.35691008,yahoo_bootstrap
2022-06-13,40.10147095,40.39561462,39.21904373,39.26806641,8421624,0,1,34.42303288,yahoo_bootstrap
2022-06-14,38.97392273,39.56221008,37.79735184,38.82685089,8180171,0,1,34.0362561,yahoo_bootstrap
2022-06-15,39.07197189,39.41513824,38.48368454,38.72880554,4249673,0,1,33.95030794,yahoo_bootstrap
2022-06-16,39.31708908,39.36611176,36.76785278,36.76785278,6481142,0,1,32.23130449,yahoo_bootstrap
2022-06-17,36.37565994,37.40516281,36.17956543,36.91492462,6743795,0,1,32.36023009,yahoo_bootstrap
2022-06-20,37.30711365,37.30711365,33.33618546,33.33618546,10021768,0,1,29.22304848,yahoo_bootstrap
2022-06-21,33.97349548,34.41470718,33.38520813,34.12056732,6083378,0,1,29.91065052,yahoo_bootstrap
2022-06-22,34.31666183,34.31666183,32.15961456,32.35570908,9968311,0,1,28.36354676,yahoo_bootstrap
2022-06-23,32.35570908,32.7478981,31.08109093,31.27718544,7059533,0,1,27.41809519,yahoo_bootstrap
2022-06-24,31.91449547,33.14009094,31.57132912,31.66937637,7607926,0,1,27.76189621,yahoo_bootstrap
2022-06-27,32.55180359,34.31666183,32.55180359,33.97349548,11943454,0,1,29.78172492,yahoo_bootstrap
2022-06-28,33.48325729,33.63032913,32.50278091,33.14009094,6508578,0,1,29.0511488,yahoo_bootstrap
2022-06-29,32.64985275,32.94399643,31.91449547,32.11059189,4115396,0,1,28.148673,yahoo_bootstrap
2022-06-30,31.91449547,31.96351814,30.73792458,30.83597183,5091597,0,1,27.03132009,yahoo_bootstrap
2022-07-01,31.32621002,31.32621002,28.67892456,28.72794724,6852703,0,1,25.18339106,yahoo_bootstrap
2022-07-04,29.41428185,30.05159187,29.07111549,29.61037636,5699896,0,1,25.95694294,yahoo_bootstrap
2022-07-05,30.24768639,31.3752346,29.61037636,30.93401909,4796206,0,1,27.11726993,yahoo_bootstrap
2022-07-06,31.13011551,31.47328186,30.34573364,30.49280548,5174452,0,1,26.73049482,yahoo_bootstrap
2022-07-07,31.27718544,31.27718544,29.95354271,30.98304367,4748557,0,1,27.16024568,yahoo_bootstrap
2022-07-08,31.91449547,32.55180359,31.66937637,32.11059189,6522927,0,1,28.148673,yahoo_bootstrap
2022-07-11,31.96351814,32.20863724,31.52230453,31.81644821,3408560,0,1,27.89082181,yahoo_bootstrap
2022-07-12,31.3752346,31.3752346,29.5123291,29.80647278,4856688,0,1,26.12884429,yahoo_bootstrap
2022-07-13,31.17913818,31.47328186,30.68889999,31.03206635,4202995,0,1,27.20321977,yahoo_bootstrap
2022-07-14,31.03206635,31.66937637,30.4437809,31.52230453,4180343,0,1,27.63297062,yahoo_bootstrap
2022-07-15,31.3752346,31.42425728,30.63987541,30.78694725,2970287,0,1,26.98834433,yahoo_bootstrap
2022-07-18,31.3752346,31.86547279,31.13011551,31.32621002,3336897,0,1,27.46107095,yahoo_bootstrap
2022-07-19,32.25766373,33.04204178,31.86547279,32.64985275,10618659,0,1,28.62139794,yahoo_bootstrap
2022-07-20,31.71839905,31.71839905,30.4437809,30.4437809,7003826,1.960952,1,28.39279174,yahoo_bootstrap
2022-07-21,31.03206635,33.14009094,30.93401909,31.6203537,12356447,0,1,29.49009916,yahoo_bootstrap
2022-07-22,31.66937637,32.3066864,31.13011551,31.76742363,7542844,0,1,29.62726103,yahoo_bootstrap
2022-07-25,31.57132912,31.66937637,30.68889999,31.08109093,3692666,0,1,28.98716637,yahoo_bootstrap
2022-07-26,31.08109093,31.13011551,30.54182816,30.63987541,2307813,0,1,28.57567542,yahoo_bootstrap
2022-07-27,30.73792458,31.17913818,30.68889999,31.13011551,2246224,0,1,29.03288818,yahoo_bootstrap
2022-07-28,31.3752346,31.42425728,30.68889999,30.78694725,2153919,0,1,28.71283907,yahoo_bootstrap
2022-07-29,31.03206635,31.52230453,30.83597183,30.93401909,4780078,0,1,28.85000272,yahoo_bootstrap
2022-08-01,31.13011551,31.27718544,30.54182816,31.27718544,2843011,0,1,29.17005005,yahoo_bootstrap
2022-08-02,30.83597183,30.88499641,29.95354271,30.10061455,3731096,0,1,28.07274442,yahoo_bootstrap
2022-08-03,29.41428185,30.39475632,29.36525726,29.46330452,3209363,0,1,27.47836979,yahoo_bootstrap
2022-08-04,29.12013817,29.46330452,28.53185272,29.26721001,3894816,0,1,27.29548611,yahoo_bootstrap
2022-08-05,29.70842361,30.10061455,29.56135368,29.90451813,3411634,0,1,27.88985896,yahoo_bootstrap
2022-08-08,29.85549545,30.1986618,29.31623459,29.90451813,2620922,0,1,27.88985896,yahoo_bootstrap
2022-08-09,30.00256729,30.49280548,29.90451813,30.4437809,3411481,0,1,28.39279174,yahoo_bootstrap
2022-08-10,30.63987541,30.93401909,30.29670906,30.63987541,2810942,0,1,28.57567542,yahoo_bootstrap
2022-08-11,31.13011551,31.22816277,30.63987541,30.68889999,2715542,0,1,28.62139723,yahoo_bootstrap
2022-08-12,31.03206635,31.6203537,30.93401909,31.52230453,4781626,0,1,29.39865553,yahoo_bootstrap
2022-08-15,31.96351814,31.96351814,30.68889999,31.47328186,5183422,0,1,29.35293551,yahoo_bootstrap
2022-08-16,31.57132912,31.57132912,30.54182816,30.54182816,4340729,0,1,28.48423359,yahoo_bootstrap
2022-08-17,30.54182816,31.47328186,30.54182816,31.27718544,5060044,0,1,29.17005005,yahoo_bootstrap
2022-08-18,31.52230453,32.11059189,31.17913818,31.71839905,7923419,0,1,29.58153922,yahoo_bootstrap
2022-08-19,31.81644821,31.81644821,31.22816277,31.22816277,3451274,0,1,29.12433002,yahoo_bootstrap
2022-08-22,30.68889999,30.68889999,29.90451813,30.34573364,3353472,0,1,28.3013499,yahoo_bootstrap
2022-08-23,30.10061455,30.34573364,29.80647278,29.90451813,2488251,0,1,27.88985896,yahoo_bootstrap
2022-08-24,30.24768639,30.24768639,29.61037636,29.65940094,2181789,0,1,27.66125525,yahoo_bootstrap
2022-08-25,29.85549545,30.10061455,29.70842361,29.85549545,1835383,0,1,27.84413892,yahoo_bootstrap
2022-08-26,30.10061455,30.1986618,29.7574482,29.80647278,3002132,0,1,27.7984189,yahoo_bootstrap
2022-08-29,28.43380547,28.43380547,27.74747276,27.74747276,6018620,0,1,25.87813314,yahoo_bootstrap
2022-08-30,27.99259186,28.09063911,27.6494236,27.84552002,2403891,0,1,25.96957498,yahoo_bootstrap
2022-08-31,27.6494236,27.94356728,27.11016273,27.69844818,4798265,0,1,25.83241133,yahoo_bootstrap
2022-09-01,27.30625725,27.45332909,26.76699638,26.81601906,3729302,0,1,25.00943122,yahoo_bootstrap
2022-09-02,26.86504364,27.06113815,25.59042549,25.68847275,5625045,0,1,23.9578474,yahoo_bootstrap
2022-09-05,25.88456726,26.57090187,25.59042549,25.59042549,4608831,0,1,23.86640555,yahoo_bootstrap
2022-09-06,26.08066368,26.86504364,26.08066368,26.61992455,8664151,0,1,24.82654754,yahoo_bootstrap
2022-09-07,26.12968636,26.37480545,25.73749542,26.37480545,3705465,0,1,24.59794205,yahoo_bootstrap
2022-09-08,26.66894722,26.76699638,25.88456726,25.93359184,3663180,0,1,24.18645288,yahoo_bootstrap
2022-09-12,26.27675819,27.4043045,25.98261452,26.52187729,5478770,0,1,24.7351057,yahoo_bootstrap
2022-09-13,26.86504364,26.86504364,26.17871094,26.17871094,2857002,0,1,24.41505837,yahoo_bootstrap
2022-09-14,25.54140091,26.81601906,25.24725723,26.61992455,6727415,0,1,24.82654754,yahoo_bootstrap
2022-09-15,27.60040092,28.09063911,27.11016273,27.84552002,15993174,0,1,25.96957498,yahoo_bootstrap
2022-09-16,27.69844818,28.43380547,27.20820999,28.43380547,8760286,0,1,26.51822781,yahoo_bootstrap
2022-09-19,28.43380547,28.43380547,26.76699638,26.86504364,5859726,0,1,25.05515303,yahoo_bootstrap
2022-09-20,27.25723457,27.4043045,26.86504364,26.86504364,2520783,0,1,25.05515303,yahoo_bootstrap
2022-09-21,27.45332909,28.43380547,27.35528183,27.74747276,11864202,0,1,25.87813314,yahoo_bootstrap
2022-09-22,27.60040092,28.28673363,27.35528183,27.60040092,8398411,0,1,25.74096949,yahoo_bootstrap
2022-09-23,27.79649544,28.53185272,27.79649544,28.09063911,7534921,0,1,26.19818047,yahoo_bootstrap
2022-09-26,27.8945446,27.94356728,25.98261452,26.08066368,6631011,0,1,24.32361653,yahoo_bootstrap
2022-09-27,26.52187729,26.57090187,25.63944817,26.0316391,3898689,0,1,24.27789472,yahoo_bootstrap
2022-09-28,25.98261452,26.08066368,23.53142548,23.62947273,6990788,0,1,22.03756164,yahoo_bootstrap
2022-09-29,24.02166367,24.36483002,23.72751999,23.9236145,3057044,0,1,22.31188716,yahoo_bootstrap
2022-09-30,22.84509277,24.11971092,22.84509277,23.97263908,2892447,0,1,22.35760897,yahoo_bootstrap
2022-10-03,23.53142548,24.75702095,23.43337631,24.60994911,4293078,0,1,22.9519836,yahoo_bootstrap
2022-10-04,25.83554459,26.52187729,25.3453064,26.52187729,7969056,0,1,24.7351057,yahoo_bootstrap
2022-10-05,27.11016273,27.6494236,26.76699638,27.25723457,8970354,0,1,25.42092216,yahoo_bootstrap
2022-10-06,27.45332909,27.6494236,26.61992455,27.6494236,6375539,0,1,25.78668953,yahoo_bootstrap
2022-10-07,27.25723457,27.8945446,27.20820999,27.6494236,4471861,0,1,25.78668953,yahoo_bootstrap
2022-10-11,27.35528183,27.35528183,26.57090187,26.76699638,4009146,0,1,24.96371119,yahoo_bootstrap
2022-10-12,26.86504364,26.91406631,25.54140091,25.59042549,4322414,0,1,23.86640555,yahoo_bootstrap
2022-10-13,25.78652,25.88456726,23.58044815,23.62947273,5496015,0,1,22.03756164,yahoo_bootstrap
2022-10-14,24.31580544,25.00213814,24.02166367,24.80604362,5313180,0,1,23.13486727,yahoo_bootstrap
2022-10-17,23.9236145,24.1687336,22.89411545,24.1687336,4162824,0,1,22.54049266,yahoo_bootstrap
2022-10-18,24.46287727,24.75702095,24.11971092,24.26678276,2682914,0,1,22.63193627,yahoo_bootstrap
2022-10-19,24.41385269,24.70799637,24.21775818,24.36483002,2204228,0,1,22.72337811,yahoo_bootstrap
2022-10-20,24.11971092,24.11971092,23.2372818,23.9236145,2476375,0,1,22.31188716,yahoo_bootstrap
2022-10-21,24.02166367,24.1687336,23.43337631,23.43337631,1955274,0,1,21.85467618,yahoo_bootstrap
2022-10-24,24.1687336,24.70799637,24.11971092,24.31580544,2751791,0,1,22.67765631,yahoo_bootstrap
2022-10-25,24.46287727,24.60994911,23.77654457,23.87459183,2284964,0,1,22.26616714,yahoo_bootstrap
2022-10-26,23.87459183,24.02166367,23.33532906,23.43337631,2159008,0,1,21.85467618,yahoo_bootstrap
2022-10-27,23.67849541,23.82556725,23.2372818,23.77654457,1944834,0,1,22.17472529,yahoo_bootstrap
2022-10-28,23.53142548,23.72751999,22.94313812,22.9921627,2138383,0,1,21.44318701,yahoo_bootstrap
2022-10-31,23.04118729,23.04118729,22.50192451,22.50192451,2844967,0,1,20.98597604,yahoo_bootstrap
2022-11-01,22.11642647,22.4139576,21.81889725,21.81889725,8702647,0,1,20.34896414,yahoo_bootstrap
2022-11-02,21.96766281,22.36436844,21.81889725,21.81889725,5622921,0,1,20.34896414,yahoo_bootstrap
2022-11-03,21.42218971,21.57095528,21.17424774,21.42218971,3427983,0,1,19.97898267,yahoo_bootstrap
2022-11-04,21.47177887,22.4139576,21.42218971,21.91807365,9890482,0,1,20.44145905,yahoo_bootstrap
2022-11-07,22.16601562,23.90160942,22.16601562,23.30654907,16176533,0,1,21.73639326,yahoo_bootstrap
2022-11-08,23.30654907,24.09996223,23.00901985,23.00901985,13097634,0,1,21.4589085,yahoo_bootstrap
2022-11-09,23.30654907,23.35613632,22.81066513,23.15778351,5958422,0,1,21.59765,yahoo_bootstrap
2022-11-10,23.00901985,23.40572548,22.81066513,22.81066513,3955005,0,1,21.27391689,yahoo_bootstrap
2022-11-11,23.55449104,23.80243301,22.71148872,22.71148872,8327049,0,1,21.18142196,yahoo_bootstrap
2022-11-14,22.86025238,24.54625893,22.76107788,24.29831696,21452657,0,1,22.66134602,yahoo_bootstrap
2022-11-15,24.7942009,25.38926125,24.29831696,24.74461365,25661857,0,1,23.07757583,yahoo_bootstrap
2022-11-16,24.7942009,25.19090843,24.49667168,24.74461365,13186425,0,1,23.07757583,yahoo_bootstrap
2022-11-17,24.7942009,25.19090843,24.7942009,24.7942009,5928529,0,1,23.1238224,yahoo_bootstrap
2022-11-18,24.94296646,24.94296646,24.00078773,24.00078773,7817163,0,1,22.38386125,yahoo_bootstrap
2022-11-21,24.00078773,24.05037498,23.35613632,23.35613632,5045659,0,1,21.78263983,yahoo_bootstrap
2022-11-22,23.30654907,23.70325661,22.90984154,22.95943069,5580554,0,1,21.41266015,yahoo_bootstrap
2022-11-23,23.15778351,23.70325661,23.15778351,23.45531464,4812961,0,1,21.87513654,yahoo_bootstrap
2022-11-24,23.60407829,24.29831696,23.50490379,23.75284576,24409157,0,1,22.15262307,yahoo_bootstrap
2022-11-25,24.09996223,25.19090843,23.95119858,24.59584618,21542881,0,1,22.93883078,yahoo_bootstrap
2022-11-28,24.99255562,25.48843956,24.19914055,24.59584618,21574842,0,1,22.93883078,yahoo_bootstrap
2022-11-29,24.59584618,25.24049759,24.29831696,25.04214287,10654305,0,1,23.35506058,yahoo_bootstrap
2022-11-30,24.99255562,25.19090843,24.7942009,24.8933773,8091027,0,1,23.21631731,yahoo_bootstrap
2022-12-01,25.29008484,26.6289711,25.09173203,25.93473434,26580183,0,1,24.18751841,yahoo_bootstrap
2022-12-02,25.78596878,25.9843235,25.53802681,25.58761597,8883284,0,1,23.86378531,yahoo_bootstrap
2022-12-05,25.58761597,25.73638153,25.29008484,25.38926125,9463952,0,1,23.67879369,yahoo_bootstrap
2022-12-06,25.29008484,25.63720322,24.7942009,24.94296646,9236174,0,1,23.26256566,yahoo_bootstrap
2022-12-07,24.8933773,25.4388504,24.64543533,24.8933773,8633289,0,1,23.21631731,yahoo_bootstrap
2022-12-08,24.8933773,24.99255562,24.49667168,24.84378815,5520453,0,1,23.17006897,yahoo_bootstrap
2022-12-09,25.09173203,25.78596878,24.8933773,25.78596878,11678283,0,1,24.04877515,yahoo_bootstrap
2022-12-12,25.53802681,25.63720322,25.24049759,25.24049759,5678832,0,1,23.5400522,yahoo_bootstrap
2022-12-13,25.48843956,25.93473434,25.19090843,25.38926125,7409378,0,1,23.67879369,yahoo_bootstrap
2022-12-14,25.29008484,25.38926125,24.05037498,24.49667168,11969488,0,1,22.84633764,yahoo_bootstrap
2022-12-15,24.59584618,25.73638153,24.59584618,25.4388504,13694453,0,1,23.72504204,yahoo_bootstrap
2022-12-16,25.19090843,26.77773666,25.14131927,26.03391075,33687070,0,1,24.28001333,yahoo_bootstrap
2022-12-19,26.33144188,26.52979469,24.99255562,25.14131927,15751502,0,1,23.4475555,yahoo_bootstrap
2022-12-20,24.99255562,26.28185272,24.99255562,25.24049759,14241269,0,1,23.5400522,yahoo_bootstrap
2022-12-21,25.58761597,26.23226547,25.48843956,26.03391075,14372301,0,1,24.28001333,yahoo_bootstrap
2022-12-22,26.82732582,28.06703568,26.33144188,26.43061829,53246090,0,1,24.6499948,yahoo_bootstrap
2022-12-23,25.93473434,26.52979469,25.83555794,26.23226547,10271577,0,1,24.46500495,yahoo_bootstrap
2022-12-26,26.13308716,26.13308716,25.19090843,25.38926125,12787099,0,1,23.67879369,yahoo_bootstrap
2022-12-27,25.38926125,25.78596878,25.09173203,25.24049759,7123769,0,1,23.5400522,yahoo_bootstrap
2022-12-28,25.14131927,25.38926125,24.74461365,24.84378815,5525219,0,1,23.17006897,yahoo_bootstrap
2022-12-29,24.59584618,24.94296646,24.49667168,24.84378815,3811422,0,1,23.17006897,yahoo_bootstrap
2022-12-30,25.14131927,25.29008484,24.8933773,24.8933773,4108871,0,1,23.21631731,yahoo_bootstrap
2023-01-03,25.04214287,25.04214287,24.64543533,24.7942009,2779785,0,1,23.1238224,yahoo_bootstrap
2023-01-04,24.29831696,24.49667168,24.14955139,24.14955139,6404391,0,1,22.52260275,yahoo_bootstrap
2023-01-05,24.19914055,24.49667168,24.00078773,24.09996223,3703510,0,1,22.47635439,yahoo_bootstrap
2023-01-06,24.14955139,24.14955139,23.80243301,24.00078773,3566509,0,1,22.38386125,yahoo_bootstrap
2023-01-09,24.19914055,24.29831696,23.80243301,24.14955139,3242251,0,1,22.52260275,yahoo_bootstrap
2023-01-10,24.19914055,24.54625893,24.00078773,24.00078773,2973178,0,1,22.38386125,yahoo_bootstrap
2023-01-11,24.09996223,24.34790421,24.00078773,24.00078773,2145483,0,1,22.38386125,yahoo_bootstrap
2023-01-12,24.19914055,24.19914055,23.85202026,23.85202026,2093490,0,1,22.24511621,yahoo_bootstrap
2023-01-13,24.05037498,24.05037498,23.80243301,23.80243301,1863366,0,1,22.19886964,yahoo_bootstrap
2023-01-16,23.90160942,24.05037498,23.60407829,23.85202026,1644748,0,1,22.24511621,yahoo_bootstrap
2023-01-17,24.00078773,24.64543533,24.00078773,24.44708252,5503280,0,1,22.80008929,yahoo_bootstrap
2023-01-30,24.49667168,24.54625893,24.14955139,24.39749336,2877815,0,1,22.75384093,yahoo_bootstrap
2023-01-31,24.59584618,24.8933773,24.54625893,24.74461365,3003382,0,1,23.07757583,yahoo_bootstrap
2023-02-01,24.8933773,25.09173203,24.69502449,24.84378815,3519633,0,1,23.17006897,yahoo_bootstrap
2023-02-02,25.04214287,25.09173203,24.74461365,24.99255562,4516946,0,1,23.30881401,yahoo_bootstrap
2023-02-03,25.24049759,25.58761597,24.99255562,25.04214287,10499555,0,1,23.35506058,yahoo_bootstrap
2023-02-06,24.99255562,24.99255562,24.54625893,24.64543533,2588932,0,1,22.98507912,yahoo_bootstrap
2023-02-07,24.54625893,24.69502449,24.49667168,24.49667168,1474713,0,1,22.84633764,yahoo_bootstrap
2023-02-08,24.69502449,24.69502449,24.44708252,24.44708252,2104947,0,1,22.80008929,yahoo_bootstrap
2023-02-09,24.49667168,24.69502449,24.29831696,24.29831696,2239763,0,1,22.66134602,yahoo_bootstrap
2023-02-10,24.39749336,24.39749336,23.80243301,23.85202026,3796940,0,1,22.24511621,yahoo_bootstrap
2023-02-13,23.80243301,23.80243301,23.0586071,23.15778351,4579528,0,1,21.59765,yahoo_bootstrap
2023-02-14,23.40572548,23.60407829,23.25696182,23.35613632,2533824,0,1,21.78263983,yahoo_bootstrap
2023-02-15,23.30654907,23.50490379,23.0586071,23.40572548,1789146,0,1,21.82888818,yahoo_bootstrap
2023-02-16,23.60407829,23.70325661,23.45531464,23.60407829,2093216,0,1,22.01387802,yahoo_bootstrap
2023-02-17,23.50490379,23.65366745,23.50490379,23.50490379,1639917,0,1,21.92138488,yahoo_bootstrap
2023-02-20,23.55449104,23.85202026,23.50490379,23.75284576,2012002,0,1,22.15262307,yahoo_bootstrap
2023-02-21,23.95119858,24.24872971,23.75284576,24.14955139,3476598,0,1,22.52260275,yahoo_bootstrap
2023-02-22,24.19914055,24.74461365,24.19914055,24.39749336,8449289,0,1,22.75384093,yahoo_bootstrap
2023-02-23,24.74461365,26.38102913,24.74461365,25.88514519,30770150,0,1,24.14127007,yahoo_bootstrap
2023-02-24,27.07526779,28.46374321,26.48020744,28.3645668,71863484,0,1,26.45365373,yahoo_bootstrap
2023-03-01,29.40592384,29.70345306,27.42238617,28.16621208,60650420,0,1,26.26866211,yahoo_bootstrap
2023-03-02,28.86045074,30.05057144,28.76127243,29.45551109,54447351,0,1,27.4711014,yahoo_bootstrap
2023-03-03,29.60427666,30.59604454,29.10839272,30.54645538,39564944,0,1,28.48854907,yahoo_bootstrap
2023-03-06,30.7448082,30.7448082,29.5546875,30.24892426,25695694,0,1,28.21106254,yahoo_bootstrap
2023-03-07,30.05057144,30.24892426,29.80262947,29.90180779,11918220,0,1,27.88733121,yahoo_bootstrap
2023-03-08,29.80262947,29.85221863,28.86045074,28.95962715,16815754,0,1,27.00862502,yahoo_bootstrap
2023-03-09,29.25715637,29.60427666,29.05880356,29.20756912,7999515,0,1,27.23986321,yahoo_bootstrap
2023-03-10,29.0092144,29.90180779,28.11662483,28.41415405,21921499,0,1,26.4999003,yahoo_bootstrap
2023-03-13,28.21580124,28.76127243,28.01744652,28.61250877,9039175,0,1,26.68489191,yahoo_bootstrap
2023-03-14,28.41415405,28.95962715,27.86868286,28.31497765,8513664,0,1,26.40740538,yahoo_bootstrap
2023-03-15,29.05880356,29.30674553,27.86868286,27.86868286,17198916,0,1,25.99117735,yahoo_bootstrap
2023-03-16,28.06703568,28.31497765,26.97609138,26.97609138,11592441,0,1,25.15871951,yahoo_bootstrap
2023-03-17,27.27362061,27.37279892,26.92650223,27.22403336,5255528,0,1,25.38995771,yahoo_bootstrap
2023-03-20,27.47197533,27.52156258,26.87691307,26.87691307,3773090,0,1,25.06622282,yahoo_bootstrap
2023-03-21,27.22403336,27.22403336,26.87691307,27.12485695,4006786,0,1,25.29746279,yahoo_bootstrap
2023-03-22,27.27362061,27.42238617,26.87691307,26.87691307,4472815,0,1,25.06622282,yahoo_bootstrap
2023-03-23,26.67856026,26.77773666,25.88514519,25.9843235,8198863,0,1,24.23376676,yahoo_bootstrap
2023-03-24,26.23226547,26.33144188,26.08349991,26.18267632,3518823,0,1,24.41875661,yahoo_bootstrap
2023-03-27,26.23226547,26.97609138,25.9843235,26.82732582,5567653,0,1,25.01997625,yahoo_bootstrap
2023-03-28,26.77773666,26.92650223,26.18267632,26.23226547,5076904,0,1,24.46500495,yahoo_bootstrap
2023-03-29,26.28185272,26.43061829,25.9843235,26.08349991,2648178,0,1,24.32626169,yahoo_bootstrap
2023-03-30,26.43061829,26.43061829,26.08349991,26.08349991,1542040,0,1,24.32626169,yahoo_bootstrap
2023-03-31,26.18267632,26.38102913,25.9843235,26.08349991,3350130,0,1,24.32626169,yahoo_bootstrap
2023-04-06,26.28185272,26.67856026,26.23226547,26.38102913,4317656,0,1,24.60374644,yahoo_bootstrap
2023-04-07,26.67856026,27.07526779,26.52979469,27.02567863,5103819,0,1,25.20496608,yahoo_bootstrap
2023-04-10,27.47197533,27.47197533,26.82732582,26.87691307,4332213,0,1,25.06622282,yahoo_bootstrap
2023-04-11,26.97609138,27.02567863,26.72814941,26.82732582,2408531,0,1,25.01997625,yahoo_bootstrap
2023-04-12,26.77773666,26.87691307,26.57938385,26.72814941,3178546,0,1,24.92748133,yahoo_bootstrap
2023-04-13,26.72814941,26.97609138,26.52979469,26.6289711,2449448,0,1,24.83498463,yahoo_bootstrap
2023-04-14,26.72814941,26.87691307,26.43061829,26.87691307,3033304,0,1,25.06622282,yahoo_bootstrap
2023-04-17,27.07526779,27.27362061,26.87691307,27.07526779,3211280,0,1,25.25121444,yahoo_bootstrap
2023-04-18,27.27362061,27.37279892,26.52979469,26.52979469,3444664,0,1,24.74248971,yahoo_bootstrap
2023-04-19,26.77773666,26.77773666,26.08349991,26.13308716,3826967,0,1,24.37250826,yahoo_bootstrap
2023-04-20,26.13308716,26.38102913,26.03391075,26.08349991,1616444,0,1,24.32626169,yahoo_bootstrap
2023-04-21,26.38102913,26.38102913,25.24049759,25.29008484,3703804,0,1,23.58629877,yahoo_bootstrap
2023-04-24,25.29008484,25.339674,24.94296646,25.04214287,1661253,0,1,23.35506058,yahoo_bootstrap
2023-04-25,25.09173203,25.29008484,24.29831696,24.34790421,2614637,0,1,22.70759259,yahoo_bootstrap
2023-04-26,24.00078773,24.24872971,23.85202026,24.19914055,2574880,0,1,22.5688511,yahoo_bootstrap
2023-04-27,24.29831696,24.59584618,24.05037498,24.39749336,1475234,0,1,22.75384093,yahoo_bootstrap
2023-04-28,24.7942009,25.14131927,24.7942009,24.8933773,1677838,0,1,23.21631731,yahoo_bootstrap
2023-05-02,25.09173203,25.09173203,24.29831696,24.44708252,1639462,0,1,22.80008929,yahoo_bootstrap
2023-05-03,24.29831696,24.34790421,24.05037498,24.09996223,1639013,0,1,22.47635439,yahoo_bootstrap
2023-05-04,24.09996223,24.34790421,24.05037498,24.14955139,1010984,0,1,22.52260275,yahoo_bootstrap
2023-05-05,24.09996223,24.29831696,24.05037498,24.19914055,995708,0,1,22.5688511,yahoo_bootstrap
2023-05-08,23.95119858,23.95119858,23.15778351,23.20737267,5170055,0,1,21.64389835,yahoo_bootstrap
2023-05-09,23.40572548,23.55449104,23.10819435,23.10819435,1615931,0,1,21.55140164,yahoo_bootstrap
2023-05-10,23.40572548,23.95119858,23.30654907,23.90160942,3343507,0,1,22.29136456,yahoo_bootstrap
2023-05-11,23.95119858,23.95119858,23.30654907,23.45531464,2298032,0,1,21.87513654,yahoo_bootstrap
2023-05-12,23.30654907,23.60407829,23.15778351,23.55449104,1073208,0,1,21.96763145,yahoo_bootstrap
2023-05-15,23.30654907,23.65366745,22.95943069,23.55449104,1385896,0,1,21.96763145,yahoo_bootstrap
2023-05-16,23.60407829,23.70325661,23.40572548,23.55449104,1011529,0,1,21.96763145,yahoo_bootstrap
2023-05-17,23.60407829,23.75284576,23.55449104,23.55449104,1161878,0,1,21.96763145,yahoo_bootstrap
2023-05-18,23.60407829,23.70325661,23.40572548,23.45531464,1263393,0,1,21.87513654,yahoo_bootstrap
2023-05-19,23.55449104,23.65366745,23.25696182,23.30654907,1641979,0,1,21.73639326,yahoo_bootstrap
2023-05-22,23.25696182,23.80243301,23.25696182,23.75284576,1764744,0,1,22.15262307,yahoo_bootstrap
2023-05-23,23.90160942,23.95119858,23.60407829,23.65366745,1253156,0,1,22.06012637,yahoo_bootstrap
2023-05-24,23.60407829,23.90160942,23.50490379,23.65366745,1148171,0,1,22.06012637,yahoo_bootstrap
2023-05-25,23.70325661,23.70325661,23.30654907,23.30654907,1816427,0,1,21.73639326,yahoo_bootstrap
2023-05-26,23.35613632,23.35613632,22.76107788,22.81066513,3502492,0,1,21.27391689,yahoo_bootstrap
2023-05-29,22.81066513,23.10819435,22.81066513,22.90984154,1838321,0,1,21.36641181,yahoo_bootstrap
2023-05-30,23.00901985,23.10819435,22.71148872,22.71148872,1663036,0,1,21.18142196,yahoo_bootstrap
2023-05-31,22.71148872,22.90984154,22.71148872,22.71148872,1314605,0,1,21.18142196,yahoo_bootstrap
2023-06-01,22.71148872,22.76107788,22.16601562,22.31478119,3154969,0,1,20.81144051,yahoo_bootstrap
2023-06-02,22.51313591,22.76107788,22.36436844,22.66189957,2243654,0,1,21.13517362,yahoo_bootstrap
2023-06-05,22.81066513,23.10819435,22.76107788,22.81066513,2319780,0,1,21.27391689,yahoo_bootstrap
2023-06-06,22.90984154,23.20737267,22.90984154,22.95943069,1823829,0,1,21.41266015,yahoo_bootstrap
2023-06-07,23.20737267,23.20737267,22.90984154,23.00901985,1150335,0,1,21.4589085,yahoo_bootstrap
2023-06-08,23.0586071,23.60407829,23.00901985,23.35613632,2986801,0,1,21.78263983,yahoo_bootstrap
2023-06-09,23.55449104,23.55449104,23.0586071,23.15778351,2051392,0,1,21.59765,yahoo_bootstrap
2023-06-12,23.15778351,23.15778351,22.86025238,22.95943069,1423118,0,1,21.41266015,yahoo_bootstrap
2023-06-13,22.95943069,23.0586071,22.86025238,22.95943069,1071884,0,1,21.41266015,yahoo_bootstrap
2023-06-14,22.95943069,23.65366745,22.95943069,23.45531464,3593081,0,1,21.87513654,yahoo_bootstrap
2023-06-15,23.60407829,23.60407829,23.25696182,23.45531464,1867185,0,1,21.87513654,yahoo_bootstrap
2023-06-16,23.45531464,23.80243301,23.45531464,23.55449104,2370983,0,1,21.96763145,yahoo_bootstrap
2023-06-19,23.55449104,23.75284576,23.10819435,23.15778351,1947605,0,1,21.59765,yahoo_bootstrap
2023-06-20,23.10819435,23.45531464,23.0586071,23.15778351,1283768,0,1,21.59765,yahoo_bootstrap
2023-06-21,23.10819435,23.15778351,22.86025238,22.90984154,1696707,0,1,21.36641181,yahoo_bootstrap
2023-06-26,22.90984154,23.15778351,22.86025238,22.90984154,1307878,0,1,21.36641181,yahoo_bootstrap
2023-06-27,23.00901985,23.0586071,22.71148872,22.71148872,1425486,0,1,21.18142196,yahoo_bootstrap
2023-06-28,22.71148872,22.71148872,22.4139576,22.4139576,1865114,0,1,20.90393543,yahoo_bootstrap
2023-06-29,22.4139576,22.51313591,22.26519394,22.36436844,1305721,0,1,20.85768708,yahoo_bootstrap
2023-06-30,22.51313591,22.90984154,22.46354675,22.71148872,2288005,0,1,21.18142196,yahoo_bootstrap
2023-07-03,22.86025238,23.70325661,22.86025238,23.30654907,4394400,0,1,21.73639326,yahoo_bootstrap
2023-07-04,23.50490379,23.75284576,23.25696182,23.35613632,2871010,0,1,21.78263983,yahoo_bootstrap
2023-07-05,23.35613632,23.45531464,22.95943069,23.20737267,1477885,0,1,21.64389835,yahoo_bootstrap
2023-07-06,23.25696182,23.30654907,23.00901985,23.10819435,1127843,0,1,21.55140164,yahoo_bootstrap
2023-07-07,23.00901985,23.0586071,22.81066513,22.90984154,1224511,0,1,21.36641181,yahoo_bootstrap
2023-07-10,22.90984154,22.90984154,22.46354675,22.56272316,1611476,0,1,21.0426787,yahoo_bootstrap
2023-07-11,22.71148872,22.76107788,22.56272316,22.66189957,921256,0,1,21.13517362,yahoo_bootstrap
2023-07-12,22.71148872,22.76107788,22.06683922,22.11642647,3292242,0,1,20.62644889,yahoo_bootstrap
2023-07-13,22.21560478,22.21560478,21.42218971,21.52136612,3193614,0,1,20.0714776,yahoo_bootstrap
2023-07-14,21.71972084,22.11642647,21.71972084,22.11642647,2459236,0,1,20.62644889,yahoo_bootstrap
2023-07-17,22.26519394,22.51313591,22.01725006,22.26519394,3241034,0,1,20.76519394,yahoo_bootstrap
2023-07-18,20.95000076,21,20.39999962,20.39999962,4229032,1.5,1,20.39999962,yahoo_bootstrap
2023-07-19,20.5,20.60000038,20.10000038,20.10000038,1670137,0,1,20.10000038,yahoo_bootstrap
2023-07-20,20.04999924,20.29999924,20,20.14999962,2246062,0,1,20.14999962,yahoo_bootstrap
2023-07-21,20.14999962,20.35000038,19.79999924,19.79999924,2488604,0,1,19.79999924,yahoo_bootstrap
2023-07-24,19.89999962,19.89999962,19,19,3531236,0,1,19,yahoo_bootstrap
2023-07-25,19,19.20000076,18.79999924,18.89999962,1596887,0,1,18.89999962,yahoo_bootstrap
2023-07-26,19,19.39999962,19,19.10000038,1952067,0,1,19.10000038,yahoo_bootstrap
2023-07-27,19.35000038,19.79999924,19.35000038,19.70000076,4074951,0,1,19.70000076,yahoo_bootstrap
2023-07-28,19.85000038,20.5,19.85000038,20,6849168,0,1,20,yahoo_bootstrap
2023-07-31,20.14999962,20.14999962,19.5,19.54999924,3172364,0,1,19.54999924,yahoo_bootstrap
2023-08-01,19.70000076,19.85000038,19.54999924,19.75,1968384,0,1,19.75,yahoo_bootstrap
2023-08-02,19.79999924,19.85000038,19.39999962,19.39999962,2704579,0,1,19.39999962,yahoo_bootstrap
2023-08-04,19.39999962,19.64999962,19.35000038,19.54999924,1155228,0,1,19.54999924,yahoo_bootstrap
2023-08-07,19.64999962,19.64999962,19.10000038,19.25,1471504,0,1,19.25,yahoo_bootstrap
2023-08-08,19.25,19.39999962,19,19,1704438,0,1,19,yahoo_bootstrap
2023-08-09,19,19.20000076,18.79999924,18.85000038,1537591,0,1,18.85000038,yahoo_bootstrap
2023-08-10,18.85000038,18.89999962,18.64999962,18.70000076,1596427,0,1,18.70000076,yahoo_bootstrap
2023-08-11,18.29999924,18.39999962,17.60000038,18.10000038,8176218,0,1,18.10000038,yahoo_bootstrap
2023-08-14,18.10000038,18.14999962,17.5,17.54999924,3127562,0,1,17.54999924,yahoo_bootstrap
2023-08-15,17.70000076,18.29999924,17.70000076,18.14999962,2336018,0,1,18.14999962,yahoo_bootstrap
2023-08-16,18.14999962,18.35000038,17.95000076,18,1617436,0,1,18,yahoo_bootstrap
2023-08-17,18.14999962,18.64999962,18,18.54999924,2665381,0,1,18.54999924,yahoo_bootstrap
2023-08-18,18.75,20.39999962,18.75,20.39999962,9224309,0,1,20.39999962,yahoo_bootstrap
2023-08-21,22,22,19.5,20.10000038,30005307,0,1,20.10000038,yahoo_bootstrap
2023-08-22,19.75,20.70000076,19.45000076,20.45000076,9625408,0,1,20.45000076,yahoo_bootstrap
2023-08-23,20.14999962,21.20000076,20.10000038,20.25,7783351,0,1,20.25,yahoo_bootstrap
2023-08-24,19.70000076,20.10000038,19.60000038,19.70000076,4089945,0,1,19.70000076,yahoo_bootstrap
2023-08-25,19.60000038,19.85000038,19.5,19.64999962,3130856,0,1,19.64999962,yahoo_bootstrap
2023-08-28,19.70000076,19.70000076,19,19.14999962,3038712,0,1,19.14999962,yahoo_bootstrap
2023-08-29,19.35000038,19.64999962,19.29999924,19.64999962,2038073,0,1,19.64999962,yahoo_bootstrap
2023-08-30,19.79999924,19.79999924,19.25,19.25,2200405,0,1,19.25,yahoo_bootstrap
2023-08-31,19.25,19.39999962,19.10000038,19.14999962,1152345,0,1,19.14999962,yahoo_bootstrap
2023-09-01,19.25,19.25,19,19.04999924,1246111,0,1,19.04999924,yahoo_bootstrap
2023-09-04,19.10000038,19.54999924,18.89999962,19.35000038,2046904,0,1,19.35000038,yahoo_bootstrap
2023-09-05,19.39999962,19.60000038,19.29999924,19.45000076,1447040,0,1,19.45000076,yahoo_bootstrap
2023-09-06,19.54999924,19.64999962,19.20000076,19.20000076,1564111,0,1,19.20000076,yahoo_bootstrap
2023-09-07,19,19.20000076,18.85000038,18.89999962,1835435,0,1,18.89999962,yahoo_bootstrap
2023-09-08,19.04999924,19.45000076,19,19.04999924,2097776,0,1,19.04999924,yahoo_bootstrap
2023-09-11,19.10000038,19.20000076,18.79999924,18.79999924,1153736,0,1,18.79999924,yahoo_bootstrap
2023-09-12,18.85000038,19,18.79999924,18.89999962,659087,0,1,18.89999962,yahoo_bootstrap
2023-09-13,19,19,18.75,18.95000076,838600,0,1,18.95000076,yahoo_bootstrap
2023-09-14,19.64999962,20,19.39999962,19.75,7390821,0,1,19.75,yahoo_bootstrap
2023-09-15,20.04999924,21.35000038,20.04999924,20.54999924,21074578,0,1,20.54999924,yahoo_bootstrap
2023-09-18,20.75,20.89999962,20.29999924,20.54999924,6766852,0,1,20.54999924,yahoo_bootstrap
2023-09-19,21.04999924,21.20000076,20.45000076,20.64999962,6258345,0,1,20.64999962,yahoo_bootstrap
2023-09-20,20.70000076,21.35000038,20.29999924,20.45000076,12767220,0,1,20.45000076,yahoo_bootstrap
2023-09-21,20.45000076,20.64999962,19.89999962,20,4250545,0,1,20,yahoo_bootstrap
2023-09-22,19.85000038,20.10000038,19.75,19.89999962,1803829,0,1,19.89999962,yahoo_bootstrap
2023-09-25,19.89999962,19.95000076,19.75,19.85000038,1077700,0,1,19.85000038,yahoo_bootstrap
2023-09-26,19.89999962,19.89999962,19.5,19.54999924,1069997,0,1,19.54999924,yahoo_bootstrap
2023-09-27,19.79999924,20.29999924,19.64999962,19.64999962,3891220,0,1,19.64999962,yahoo_bootstrap
2023-09-28,19.85000038,20,19.64999962,19.70000076,1224690,0,1,19.70000076,yahoo_bootstrap
2023-10-02,19.85000038,19.85000038,19.04999924,19.14999962,2673472,0,1,19.14999962,yahoo_bootstrap
2023-10-03,19.25,19.35000038,18.85000038,18.85000038,1564629,0,1,18.85000038,yahoo_bootstrap
2023-10-04,18.85000038,19.20000076,18.60000038,19.14999962,2195893,0,1,19.14999962,yahoo_bootstrap
2023-10-05,19.29999924,19.5,19.10000038,19.20000076,1393060,0,1,19.20000076,yahoo_bootstrap
2023-10-06,19.45000076,19.89999962,19.25,19.60000038,3710489,0,1,19.60000038,yahoo_bootstrap
2023-10-11,19.89999962,19.89999962,19.10000038,19.10000038,2153438,0,1,19.10000038,yahoo_bootstrap
2023-10-12,19.20000076,19.25,19.04999924,19.14999962,1224289,0,1,19.14999962,yahoo_bootstrap
2023-10-13,19.10000038,19.35000038,18.95000076,18.95000076,1377426,0,1,18.95000076,yahoo_bootstrap
2023-10-16,18.95000076,18.95000076,18.60000038,18.70000076,1389803,0,1,18.70000076,yahoo_bootstrap
2023-10-17,18.85000038,18.85000038,18.5,18.54999924,1308826,0,1,18.54999924,yahoo_bootstrap
2023-10-18,18.70000076,19.04999924,18.29999924,18.54999924,3156506,0,1,18.54999924,yahoo_bootstrap
2023-10-19,18.54999924,19.25,18.54999924,18.79999924,3908811,0,1,18.79999924,yahoo_bootstrap
2023-10-20,18.75,18.75,18.14999962,18.60000038,2005865,0,1,18.60000038,yahoo_bootstrap
2023-10-23,18.20000076,18.39999962,18.14999962,18.25,1206834,0,1,18.25,yahoo_bootstrap
2023-10-24,18.25,18.29999924,18.04999924,18.25,936996,0,1,18.25,yahoo_bootstrap
2023-10-25,18.35000038,18.35000038,18.20000076,18.25,642954,0,1,18.25,yahoo_bootstrap
2023-10-26,18.14999962,18.14999962,18,18.04999924,1052687,0,1,18.04999924,yahoo_bootstrap
2023-10-27,18.10000038,18.35000038,18,18.10000038,688043,0,1,18.10000038,yahoo_bootstrap
2023-10-30,18.10000038,18.20000076,17.95000076,18.14999962,1233303,0,1,18.14999962,yahoo_bootstrap
2023-10-31,18.20000076,18.25,17.70000076,17.70000076,1572170,0,1,17.70000076,yahoo_bootstrap
2023-11-01,17.85000038,17.95000076,17.64999962,17.79999924,855930,0,1,17.79999924,yahoo_bootstrap
2023-11-02,17.89999962,18.14999962,17.79999924,18.10000038,821977,0,1,18.10000038,yahoo_bootstrap
2023-11-03,18.10000038,18.35000038,18.10000038,18.14999962,1508609,0,1,18.14999962,yahoo_bootstrap
2023-11-06,18.25,18.25,18.04999924,18.20000076,1054331,0,1,18.20000076,yahoo_bootstrap
2023-11-07,18.20000076,18.20000076,17.89999962,17.89999962,1088160,0,1,17.89999962,yahoo_bootstrap
2023-11-08,17.89999962,18,17.85000038,17.85000038,640334,0,1,17.85000038,yahoo_bootstrap
2023-11-09,17.85000038,17.85000038,17.64999962,17.75,981900,0,1,17.75,yahoo_bootstrap
2023-11-10,17.64999962,17.75,17.60000038,17.60000038,1015861,0,1,17.60000038,yahoo_bootstrap
2023-11-13,17.60000038,17.60000038,17.29999924,17.29999924,1949012,0,1,17.29999924,yahoo_bootstrap
2023-11-14,17.29999924,17.70000076,17.29999924,17.45000076,1175411,0,1,17.45000076,yahoo_bootstrap
2023-11-15,17.5,17.70000076,17.5,17.64999962,1415958,0,1,17.64999962,yahoo_bootstrap
2023-11-16,17.79999924,17.95000076,17.70000076,17.85000038,1360773,0,1,17.85000038,yahoo_bootstrap
2023-11-17,18.04999924,18.20000076,17.95000076,18,1141447,0,1,18,yahoo_bootstrap
2023-11-20,18,18,17.75,17.85000038,616033,0,1,17.85000038,yahoo_bootstrap
2023-11-21,17.89999962,18.04999924,17.79999924,17.95000076,804864,0,1,17.95000076,yahoo_bootstrap
2023-11-22,18,18.10000038,17.85000038,17.85000038,914362,0,1,17.85000038,yahoo_bootstrap
2023-11-23,18,18.29999924,18,18,1681167,0,1,18,yahoo_bootstrap
2023-11-24,18.20000076,18.20000076,17.95000076,18.04999924,1020240,0,1,18.04999924,yahoo_bootstrap
2023-11-27,18.85000038,19.20000076,18.35000038,18.39999962,3384377,0,1,18.39999962,yahoo_bootstrap
2023-11-28,18.89999962,20.20000076,18.89999962,20.20000076,12191587,0,1,20.20000076,yahoo_bootstrap
2023-11-29,20.20000076,20.35000038,19.45000076,19.79999924,36766917,0,1,19.79999924,yahoo_bootstrap
2023-11-30,20.45000076,20.79999924,19.95000076,19.95000076,10102295,0,1,19.95000076,yahoo_bootstrap
2023-12-01,20.25,21.54999924,20.14999962,21.25,24726653,0,1,21.25,yahoo_bootstrap
2023-12-04,21.79999924,23.35000038,21.64999962,23.35000038,33616025,0,1,23.35000038,yahoo_bootstrap
2023-12-05,24.54999924,25.14999962,23.5,24,87171966,0,1,24,yahoo_bootstrap
2023-12-06,23.20000076,24.10000038,22.79999924,23.54999924,21529154,0,1,23.54999924,yahoo_bootstrap
2023-12-07,23.20000076,23.20000076,22.5,22.5,13764867,0,1,22.5,yahoo_bootstrap
2023-12-08,22.35000038,22.85000038,22,22.14999962,10468346,0,1,22.14999962,yahoo_bootstrap
2023-12-11,22.45000076,22.60000038,21.85000038,22,5166086,0,1,22,yahoo_bootstrap
2023-12-12,22.14999962,22.25,21.54999924,21.64999962,4749169,0,1,21.64999962,yahoo_bootstrap
2023-12-13,21.79999924,22.29999924,21.54999924,21.64999962,5656802,0,1,21.64999962,yahoo_bootstrap
2023-12-14,21.79999924,21.85000038,21.04999924,21.10000038,5084003,0,1,21.10000038,yahoo_bootstrap
2023-12-15,21.20000076,21.45000076,21.14999962,21.25,3311312,0,1,21.25,yahoo_bootstrap
2023-12-18,21.25,22.5,21.20000076,21.70000076,11695468,0,1,21.70000076,yahoo_bootstrap
2023-12-19,21.79999924,21.95000076,21.20000076,21.39999962,5609913,0,1,21.39999962,yahoo_bootstrap
2023-12-20,21.35000038,21.5,21.10000038,21.45000076,3542959,0,1,21.45000076,yahoo_bootstrap
2023-12-21,21.39999962,22.29999924,21.14999962,22.10000038,10830884,0,1,22.10000038,yahoo_bootstrap
2023-12-22,22.14999962,22.29999924,21.70000076,21.89999962,6694067,0,1,21.89999962,yahoo_bootstrap
2023-12-25,21.89999962,21.89999962,20.35000038,20.39999962,8734786,0,1,20.39999962,yahoo_bootstrap
2023-12-26,20.45000076,21.14999962,20.45000076,20.95000076,5550676,0,1,20.95000076,yahoo_bootstrap
2023-12-27,21.10000038,21.35000038,20.89999962,20.89999962,3971729,0,1,20.89999962,yahoo_bootstrap
2023-12-28,21.10000038,21.10000038,20.5,20.54999924,2303582,0,1,20.54999924,yahoo_bootstrap
2023-12-29,20.60000038,20.85000038,20.5,20.54999924,1707352,0,1,20.54999924,yahoo_bootstrap
2024-01-02,21,21.45000076,20.75,20.75,6139664,0,1,20.75,yahoo_bootstrap
2024-01-03,21.04999924,21.29999924,20.75,20.95000076,4125855,0,1,20.95000076,yahoo_bootstrap
2024-01-04,21.04999924,22,21,21.54999924,10930184,0,1,21.54999924,yahoo_bootstrap
2024-01-05,21.64999962,22,21.29999924,21.70000076,7704558,0,1,21.70000076,yahoo_bootstrap
2024-01-08,21.75,21.75,21,21.29999924,4124715,0,1,21.29999924,yahoo_bootstrap
2024-01-09,20.89999962,20.95000076,20.20000076,20.29999924,4614670,0,1,20.29999924,yahoo_bootstrap
2024-01-10,20.29999924,20.29999924,19.64999962,19.79999924,3262904,0,1,19.79999924,yahoo_bootstrap
2024-01-11,19.85000038,20.10000038,19.79999924,19.89999962,1447971,0,1,19.89999962,yahoo_bootstrap
2024-01-12,19.95000076,20.29999924,19.95000076,20,1773398,0,1,20,yahoo_bootstrap
2024-01-15,20.14999962,20.29999924,19.95000076,20,1401501,0,1,20,yahoo_bootstrap
2024-01-16,20.10000038,20.10000038,19.5,19.5,1650421,0,1,19.5,yahoo_bootstrap
2024-01-17,19.5,19.64999962,19,19.10000038,2320660,0,1,19.10000038,yahoo_bootstrap
2024-01-18,19.29999924,19.45000076,19,19.35000038,1349010,0,1,19.35000038,yahoo_bootstrap
2024-01-19,19.54999924,19.60000038,19.14999962,19.25,1100963,0,1,19.25,yahoo_bootstrap
2024-01-22,19.45000076,19.54999924,19.14999962,19.45000076,1430866,0,1,19.45000076,yahoo_bootstrap
2024-01-23,19.85000038,20.04999924,19.54999924,19.60000038,1586289,0,1,19.60000038,yahoo_bootstrap
2024-01-24,19.60000038,20.14999962,19.5,19.70000076,2160296,0,1,19.70000076,yahoo_bootstrap
2024-01-25,19.75,19.75,19.39999962,19.39999962,1021206,0,1,19.39999962,yahoo_bootstrap
2024-01-26,19.5,19.64999962,19.35000038,19.35000038,727815,0,1,19.35000038,yahoo_bootstrap
2024-01-29,19.39999962,19.70000076,19.35000038,19.64999962,836233,0,1,19.64999962,yahoo_bootstrap
2024-01-30,19.64999962,19.64999962,19.20000076,19.35000038,1413370,0,1,19.35000038,yahoo_bootstrap
2024-01-31,19.45000076,19.54999924,19.20000076,19.39999962,774808,0,1,19.39999962,yahoo_bootstrap
2024-02-01,19.5,19.75,19.45000076,19.54999924,1225942,0,1,19.54999924,yahoo_bootstrap
2024-02-02,19.54999924,19.54999924,19,19.04999924,2422605,0,1,19.04999924,yahoo_bootstrap
2024-02-05,19,19,18.70000076,18.85000038,1260129,0,1,18.85000038,yahoo_bootstrap
2024-02-15,18.85000038,19.10000038,18.70000076,19.04999924,1384172,0,1,19.04999924,yahoo_bootstrap
2024-02-16,19.14999962,19.39999962,19.14999962,19.20000076,1269342,0,1,19.20000076,yahoo_bootstrap
2024-02-19,19.39999962,19.60000038,19.20000076,19.39999962,1610086,0,1,19.39999962,yahoo_bootstrap
2024-02-20,19.5,19.85000038,19.5,19.70000076,2666203,0,1,19.70000076,yahoo_bootstrap
2024-02-21,20,20.35000038,19.95000076,20.04999924,5611097,0,1,20.04999924,yahoo_bootstrap
2024-02-22,19.95000076,20.39999962,19.54999924,20.10000038,3357250,0,1,20.10000038,yahoo_bootstrap
2024-02-23,20.14999962,20.25,19.64999962,19.64999962,1978831,0,1,19.64999962,yahoo_bootstrap
2024-02-26,19.75,20.10000038,19.75,19.79999924,2086661,0,1,19.79999924,yahoo_bootstrap
2024-02-27,19.75,19.85000038,19.29999924,19.29999924,1740284,0,1,19.29999924,yahoo_bootstrap
2024-02-29,19.64999962,20.14999962,19.64999962,20.10000038,4747746,0,1,20.10000038,yahoo_bootstrap
2024-03-01,20.10000038,20.14999962,19.64999962,20,2235581,0,1,20,yahoo_bootstrap
2024-03-04,20.10000038,20.20000076,19.70000076,19.79999924,2108269,0,1,19.79999924,yahoo_bootstrap
2024-03-05,20.04999924,20.25,19.85000038,20.10000038,3057724,0,1,20.10000038,yahoo_bootstrap
2024-03-06,20.10000038,20.20000076,19.70000076,19.79999924,2056541,0,1,19.79999924,yahoo_bootstrap
2024-03-07,19.70000076,19.75,19.5,19.5,1649768,0,1,19.5,yahoo_bootstrap
2024-03-08,19.54999924,19.85000038,19.25,19.45000076,2712855,0,1,19.45000076,yahoo_bootstrap
2024-03-11,19.60000038,20.04999924,19.60000038,19.85000038,2140163,0,1,19.85000038,yahoo_bootstrap
2024-03-12,20,20,19.79999924,19.85000038,1249565,0,1,19.85000038,yahoo_bootstrap
2024-03-13,19.85000038,19.85000038,19.39999962,19.39999962,1652580,0,1,19.39999962,yahoo_bootstrap
2024-03-14,19.60000038,19.60000038,19.29999924,19.35000038,966720,0,1,19.35000038,yahoo_bootstrap
2024-03-15,19.29999924,19.64999962,18.70000076,19.64999962,3707085,0,1,19.64999962,yahoo_bootstrap
2024-03-18,19.39999962,19.39999962,18.95000076,19.20000076,1927327,0,1,19.20000076,yahoo_bootstrap
2024-03-19,19.29999924,19.75,19.29999924,19.45000076,2722642,0,1,19.45000076,yahoo_bootstrap
2024-03-20,19.5,19.54999924,19,19.04999924,1994701,0,1,19.04999924,yahoo_bootstrap
2024-03-21,19.14999962,19.20000076,19,19.04999924,1144137,0,1,19.04999924,yahoo_bootstrap
2024-03-22,19.20000076,19.20000076,18.89999962,19.04999924,936338,0,1,19.04999924,yahoo_bootstrap
2024-03-25,19,19.20000076,18.85000038,19.04999924,1499908,0,1,19.04999924,yahoo_bootstrap
2024-03-26,19.04999924,19.04999924,18.5,18.54999924,2309365,0,1,18.54999924,yahoo_bootstrap
2024-03-27,18.54999924,18.64999962,18.39999962,18.45000076,1353620,0,1,18.45000076,yahoo_bootstrap
2024-03-28,18.5,18.64999962,18.39999962,18.39999962,1218444,0,1,18.39999962,yahoo_bootstrap
2024-03-29,18.54999924,18.60000038,18.39999962,18.45000076,578000,0,1,18.45000076,yahoo_bootstrap
2024-04-01,18.45000076,18.70000076,18.45000076,18.60000038,935573,0,1,18.60000038,yahoo_bootstrap
2024-04-02,18.60000038,18.60000038,18.45000076,18.45000076,854816,0,1,18.45000076,yahoo_bootstrap
2024-04-03,18.45000076,18.5,18.29999924,18.35000038,927735,0,1,18.35000038,yahoo_bootstrap
2024-04-08,18.45000076,18.5,18.20000076,18.45000076,1279331,0,1,18.45000076,yahoo_bootstrap
2024-04-09,18.5,18.85000038,18.5,18.64999962,2029545,0,1,18.64999962,yahoo_bootstrap
2024-04-10,18.75,18.79999924,18.5,18.54999924,817043,0,1,18.54999924,yahoo_bootstrap
2024-04-11,18.45000076,18.79999924,18.39999962,18.64999962,1305524,0,1,18.64999962,yahoo_bootstrap
2024-04-12,18.95000076,19.54999924,18.95000076,19.45000076,6421911,0,1,19.45000076,yahoo_bootstrap
2024-04-15,19.29999924,19.75,19.20000076,19.29999924,3100726,0,1,19.29999924,yahoo_bootstrap
2024-04-16,19.39999962,19.39999962,18.35000038,18.39999962,2674501,0,1,18.39999962,yahoo_bootstrap
2024-04-17,18.45000076,18.64999962,18.39999962,18.45000076,1434207,0,1,18.45000076,yahoo_bootstrap
2024-04-18,18.45000076,18.54999924,18.39999962,18.39999962,1139331,0,1,18.39999962,yahoo_bootstrap
2024-04-19,18.39999962,19.35000038,18.20000076,18.54999924,7313667,0,1,18.54999924,yahoo_bootstrap
2024-04-22,18.95000076,19.35000038,18.54999924,18.54999924,3353973,0,1,18.54999924,yahoo_bootstrap
2024-04-23,18.64999962,18.75,18.54999924,18.75,1130334,0,1,18.75,yahoo_bootstrap
2024-04-24,18.85000038,18.95000076,18.54999924,18.85000038,1348182,0,1,18.85000038,yahoo_bootstrap
2024-04-25,18.70000076,18.89999962,18.54999924,18.60000038,859483,0,1,18.60000038,yahoo_bootstrap
2024-04-26,18.70000076,19.60000038,18.5,19.35000038,5815979,0,1,19.35000038,yahoo_bootstrap
2024-04-29,19.79999924,20.04999924,19.39999962,19.54999924,5950884,0,1,19.54999924,yahoo_bootstrap
2024-04-30,20.39999962,20.45000076,19.85000038,20.10000038,10421726,0,1,20.10000038,yahoo_bootstrap
2024-05-02,20.14999962,20.29999924,19.64999962,19.70000076,3792867,0,1,19.70000076,yahoo_bootstrap
2024-05-03,19.85000038,20,19.39999962,19.54999924,3241826,0,1,19.54999924,yahoo_bootstrap
2024-05-06,19.54999924,19.70000076,19.20000076,19.39999962,2299345,0,1,19.39999962,yahoo_bootstrap
2024-05-07,19.54999924,19.95000076,19.45000076,19.70000076,3791750,0,1,19.70000076,yahoo_bootstrap
2024-05-08,20.39999962,21.45000076,19.79999924,19.85000038,19878999,0,1,19.85000038,yahoo_bootstrap
2024-05-09,20.04999924,20.60000038,19.95000076,20.29999924,10312918,0,1,20.29999924,yahoo_bootstrap
2024-05-10,20.29999924,20.95000076,19.70000076,20.75,19262535,0,1,20.75,yahoo_bootstrap
2024-05-13,21.04999924,22.25,21,21.35000038,27154289,0,1,21.35000038,yahoo_bootstrap
2024-05-14,21.54999924,22.5,20.79999924,22,32289569,0,1,22,yahoo_bootstrap
2024-05-15,22.95000076,22.95000076,21.60000038,21.70000076,19953265,0,1,21.70000076,yahoo_bootstrap
2024-05-16,21.70000076,22,21.45000076,21.95000076,9646620,0,1,21.95000076,yahoo_bootstrap
2024-05-17,22.04999924,22.10000038,21,21.29999924,7052054,0,1,21.29999924,yahoo_bootstrap
2024-05-20,21.14999962,21.5,20.85000038,20.89999962,4205943,0,1,20.89999962,yahoo_bootstrap
2024-05-21,20.89999962,21,20.45000076,20.54999924,3784257,0,1,20.54999924,yahoo_bootstrap
2024-05-22,20.70000076,21.29999924,20.64999962,21.14999962,4107351,0,1,21.14999962,yahoo_bootstrap
2024-05-23,21,21.14999962,20.60000038,20.60000038,2634267,0,1,20.60000038,yahoo_bootstrap
2024-05-24,20.70000076,21,20.64999962,20.75,2002956,0,1,20.75,yahoo_bootstrap
2024-05-27,20.95000076,22.29999924,20.95000076,21.79999924,11026347,0,1,21.79999924,yahoo_bootstrap
2024-05-28,22,23.95000076,22,23.64999962,41619465,0,1,23.64999962,yahoo_bootstrap
2024-05-29,24.10000038,25,23.5,23.60000038,47727631,0,1,23.60000038,yahoo_bootstrap
2024-05-30,23.04999924,24.64999962,22.79999924,23.45000076,18556021,0,1,23.45000076,yahoo_bootstrap
2024-05-31,23.60000038,24.39999962,23.04999924,23.14999962,15572586,0,1,23.14999962,yahoo_bootstrap
2024-06-03,23.64999962,23.64999962,22.60000038,22.89999962,9762934,0,1,22.89999962,yahoo_bootstrap
2024-06-04,22.89999962,22.89999962,22.39999962,22.45000076,5698451,0,1,22.45000076,yahoo_bootstrap
2024-06-05,22.64999962,24.20000076,22.64999962,24.14999962,24737134,0,1,24.14999962,yahoo_bootstrap
2024-06-06,24.60000038,25.04999924,23.79999924,24.20000076,33028892,0,1,24.20000076,yahoo_bootstrap
2024-06-07,24.20000076,24.5,23.5,24.20000076,13354895,0,1,24.20000076,yahoo_bootstrap
2024-06-11,24.39999962,24.95000076,22.5,22.60000038,23387901,0,1,22.60000038,yahoo_bootstrap
2024-06-12,22.5,22.60000038,20.35000038,20.54999924,23777054,0,1,20.54999924,yahoo_bootstrap
2024-06-13,21.14999962,21.25,20.5,20.70000076,9095179,0,1,20.70000076,yahoo_bootstrap
2024-06-14,21.14999962,21.35000038,20.79999924,21.29999924,6019092,0,1,21.29999924,yahoo_bootstrap
2024-06-17,21.29999924,21.45000076,21,21.14999962,4757567,0,1,21.14999962,yahoo_bootstrap
2024-06-18,21.29999924,21.5,21.10000038,21.45000076,3758355,0,1,21.45000076,yahoo_bootstrap
2024-06-19,21.45000076,21.75,21.04999924,21.04999924,5204980,0,1,21.04999924,yahoo_bootstrap
2024-06-20,21.14999962,21.29999924,21,21.14999962,2361832,0,1,21.14999962,yahoo_bootstrap
2024-06-21,21.25,21.70000076,21.04999924,21.10000038,4431763,0,1,21.10000038,yahoo_bootstrap
2024-06-24,21.20000076,21.25,20.85000038,20.85000038,2633364,0,1,20.85000038,yahoo_bootstrap
2024-06-25,20.89999962,21.5,20.70000076,21.35000038,3173168,0,1,21.35000038,yahoo_bootstrap
2024-06-26,21.5,21.5,21.20000076,21.20000076,2780310,0,1,21.20000076,yahoo_bootstrap
2024-06-27,21.25,21.5,20.95000076,21.04999924,2314921,0,1,21.04999924,yahoo_bootstrap
2024-06-28,21.35000038,21.54999924,21.14999962,21.14999962,2170293,0,1,21.14999962,yahoo_bootstrap
2024-07-01,21.35000038,21.54999924,20.79999924,20.85000038,2645803,0,1,20.85000038,yahoo_bootstrap
2024-07-02,21.20000076,21.64999962,21.04999924,21.54999924,7628430,0,1,21.54999924,yahoo_bootstrap
2024-07-03,21.54999924,22.39999962,21.45000076,22.25,8447677,0,1,22.25,yahoo_bootstrap
2024-07-04,22.29999924,22.35000038,21.60000038,21.60000038,5018032,0,1,21.60000038,yahoo_bootstrap
2024-07-05,21.60000038,21.79999924,21.20000076,21.35000038,3120671,0,1,21.35000038,yahoo_bootstrap
2024-07-08,21.10000038,21.14999962,20.29999924,20.54999924,6880688,0,1,20.54999924,yahoo_bootstrap
2024-07-09,20.85000038,20.89999962,19.89999962,20,5593112,0,1,20,yahoo_bootstrap
2024-07-10,20,20.10000038,19.89999962,19.89999962,2715898,0,1,19.89999962,yahoo_bootstrap
2024-07-11,20,20.20000076,19.79999924,20.14999962,2024984,0,1,20.14999962,yahoo_bootstrap
2024-07-12,20.14999962,20.20000076,19.89999962,19.95000076,1818843,0,1,19.95000076,yahoo_bootstrap
2024-07-15,20.04999924,20.20000076,19.79999924,19.89999962,2035756,0,1,19.89999962,yahoo_bootstrap
2024-07-16,20.10000038,20.20000076,19.89999962,19.89999962,1194551,0,1,19.89999962,yahoo_bootstrap
2024-07-17,19.95000076,20.10000038,19.89999962,19.89999962,1121584,0,1,19.89999962,yahoo_bootstrap
2024-07-18,19.89999962,20,19.64999962,19.79999924,2147328,0,1,19.79999924,yahoo_bootstrap
2024-07-19,19.75,19.75,19.04999924,19.20000076,3019651,0,1,19.20000076,yahoo_bootstrap
2024-07-22,19.04999924,19.20000076,18.60000038,19,2915451,0,1,19,yahoo_bootstrap
2024-07-23,19.20000076,19.35000038,19.04999924,19.20000076,1476183,0,1,19.20000076,yahoo_bootstrap
2024-07-26,18.85000038,18.95000076,18.5,18.95000076,1472500,0,1,18.95000076,yahoo_bootstrap
2024-07-29,19.10000038,19.10000038,18.70000076,18.70000076,1222765,0,1,18.70000076,yahoo_bootstrap
2024-07-30,18.85000038,19.10000038,18.64999962,19.10000038,1424465,0,1,19.10000038,yahoo_bootstrap
2024-07-31,19,19.25,19,19.10000038,985340,0,1,19.10000038,yahoo_bootstrap
2024-08-01,19.25,19.39999962,19.04999924,19.35000038,1525777,0,1,19.35000038,yahoo_bootstrap
2024-08-02,19,19.45000076,18.85000038,18.85000038,1866233,0,1,18.85000038,yahoo_bootstrap
2024-08-05,18.64999962,18.64999962,17,17.04999924,5833203,0,1,17.04999924,yahoo_bootstrap
2024-08-06,17.04999924,18.10000038,16.5,17,4576709,0,1,17,yahoo_bootstrap
2024-08-07,17.14999962,18.25,17.04999924,18.14999962,2127486,0,1,18.14999962,yahoo_bootstrap
2024-08-08,17.79999924,17.95000076,17.54999924,17.75,838553,0,1,17.75,yahoo_bootstrap
2024-08-09,18.10000038,18.25,17.75,17.75,1527061,0,1,17.75,yahoo_bootstrap
2024-08-12,17.85000038,18.25,17.79999924,18.04999924,1479943,0,1,18.04999924,yahoo_bootstrap
2024-08-13,18.25,18.25,17.70000076,17.70000076,1589427,0,1,17.70000076,yahoo_bootstrap
2024-08-14,17.79999924,18.04999924,17.75,17.75,1584059,0,1,17.75,yahoo_bootstrap
2024-08-15,17.95000076,18.14999962,17.79999924,17.95000076,1684802,0,1,17.95000076,yahoo_bootstrap
2024-08-16,18,18.10000038,17.85000038,17.85000038,1527637,0,1,17.85000038,yahoo_bootstrap
2024-08-19,17.89999962,18.10000038,17.75,17.89999962,1337614,0,1,17.89999962,yahoo_bootstrap
2024-08-20,18.10000038,18.10000038,17.79999924,17.79999924,1302655,0,1,17.79999924,yahoo_bootstrap
2024-08-21,17.70000076,18,17.60000038,17.79999924,786035,0,1,17.79999924,yahoo_bootstrap
2024-08-22,17.85000038,18,17.85000038,17.95000076,676025,0,1,17.95000076,yahoo_bootstrap
2024-08-23,18,18,17.60000038,17.85000038,937099,0,1,17.85000038,yahoo_bootstrap
2024-08-26,17.89999962,18.79999924,17.89999962,18.5,3547405,0,1,18.5,yahoo_bootstrap
2024-08-27,18.60000038,18.64999962,18.14999962,18.35000038,1247085,0,1,18.35000038,yahoo_bootstrap
2024-08-28,18.39999962,18.39999962,18.10000038,18.10000038,747577,0,1,18.10000038,yahoo_bootstrap
2024-08-29,18.10000038,18.14999962,18,18.10000038,683480,0,1,18.10000038,yahoo_bootstrap
2024-08-30,18.25,18.45000076,18.20000076,18.25,878704,0,1,18.25,yahoo_bootstrap
2024-09-02,18.29999924,18.29999924,18,18,812388,0,1,18,yahoo_bootstrap
2024-09-03,18.04999924,18.20000076,17.85000038,17.89999962,676671,0,1,17.89999962,yahoo_bootstrap
2024-09-04,17.60000038,17.60000038,16.64999962,17.14999962,1926651,0,1,17.14999962,yahoo_bootstrap
2024-09-05,17.35000038,17.60000038,17.20000076,17.20000076,1054332,0,1,17.20000076,yahoo_bootstrap
2024-09-06,17.20000076,17.45000076,17.10000038,17.20000076,702195,0,1,17.20000076,yahoo_bootstrap
2024-09-09,16.89999962,17.25,16.79999924,17.10000038,1743989,0,1,17.10000038,yahoo_bootstrap
2024-09-10,17.14999962,17.35000038,16.70000076,16.79999924,1172066,0,1,16.79999924,yahoo_bootstrap
2024-09-11,17,17.14999962,16.85000038,17.04999924,682400,0,1,17.04999924,yahoo_bootstrap
2024-09-12,17.20000076,17.29999924,17.10000038,17.10000038,557049,0,1,17.10000038,yahoo_bootstrap
2024-09-13,17.10000038,17.29999924,17.04999924,17.14999962,647264,0,1,17.14999962,yahoo_bootstrap
2024-09-16,17.29999924,17.35000038,17.20000076,17.35000038,637081,0,1,17.35000038,yahoo_bootstrap
2024-09-18,17.45000076,17.54999924,17.29999924,17.29999924,796432,0,1,17.29999924,yahoo_bootstrap
2024-09-19,17.39999962,17.5,17.25,17.39999962,658761,0,1,17.39999962,yahoo_bootstrap
2024-09-20,17.60000038,17.75,17.29999924,17.29999924,981753,0,1,17.29999924,yahoo_bootstrap
2024-09-23,17.39999962,17.54999924,17.35000038,17.5,799890,0,1,17.5,yahoo_bootstrap
2024-09-24,17.5,18.29999924,17.5,18.20000076,4180334,0,1,18.20000076,yahoo_bootstrap
2024-09-25,18.20000076,18.39999962,18,18.25,3314791,0,1,18.25,yahoo_bootstrap
2024-09-26,18.29999924,18.60000038,18,18,2975319,0,1,18,yahoo_bootstrap
2024-09-27,18.39999962,19.60000038,18.35000038,19.35000038,13415854,0,1,19.35000038,yahoo_bootstrap
2024-09-30,19.79999924,19.79999924,18.95000076,19,8777460,0,1,19,yahoo_bootstrap
2024-10-01,19,19.39999962,18.79999924,19.14999962,2599234,0,1,19.14999962,yahoo_bootstrap
2024-10-04,18.54999924,18.64999962,18.25,18.35000038,2855726,0,1,18.35000038,yahoo_bootstrap
2024-10-07,18.35000038,18.35000038,18,18.14999962,1436765,0,1,18.14999962,yahoo_bootstrap
2024-10-08,18.20000076,18.39999962,18.04999924,18.14999962,1179300,0,1,18.14999962,yahoo_bootstrap
2024-10-09,18.25,18.25,17.79999924,17.79999924,1158554,0,1,17.79999924,yahoo_bootstrap
2024-10-11,17.85000038,18,17.79999924,17.79999924,520055,0,1,17.79999924,yahoo_bootstrap
2024-10-14,18,18,17.75,17.89999962,501400,0,1,17.89999962,yahoo_bootstrap
2024-10-15,17.89999962,18.04999924,17.79999924,17.79999924,507032,0,1,17.79999924,yahoo_bootstrap
2024-10-16,17.75,17.95000076,17.70000076,17.85000038,862321,0,1,17.85000038,yahoo_bootstrap
2024-10-17,17.85000038,18.25,17.85000038,18.10000038,752164,0,1,18.10000038,yahoo_bootstrap
2024-10-18,18.14999962,18.14999962,17.85000038,17.89999962,657554,0,1,17.89999962,yahoo_bootstrap
2024-10-21,17.89999962,18.10000038,17.89999962,18.04999924,658824,0,1,18.04999924,yahoo_bootstrap
2024-10-22,18.10000038,18.14999962,17.89999962,17.89999962,926232,0,1,17.89999962,yahoo_bootstrap
2024-10-23,17.85000038,18.14999962,17.85000038,17.85000038,628323,0,1,17.85000038,yahoo_bootstrap
2024-10-24,17.89999962,18.04999924,17.70000076,17.75,899543,0,1,17.75,yahoo_bootstrap
2024-10-25,17.79999924,18,17.75,17.79999924,712444,0,1,17.79999924,yahoo_bootstrap
2024-10-28,18,18.20000076,17.75,17.89999962,775761,0,1,17.89999962,yahoo_bootstrap
2024-10-29,17.89999962,17.95000076,17.45000076,17.54999924,1242028,0,1,17.54999924,yahoo_bootstrap
2024-10-30,17.54999924,17.89999962,17.45000076,17.45000076,704240,0,1,17.45000076,yahoo_bootstrap
2024-11-01,17.25,18.10000038,17.20000076,18.10000038,1598469,0,1,18.10000038,yahoo_bootstrap
2024-11-04,18.29999924,18.35000038,17.79999924,17.79999924,1020336,0,1,17.79999924,yahoo_bootstrap
2024-11-05,17.85000038,18.25,17.75,17.95000076,1016001,0,1,17.95000076,yahoo_bootstrap
2024-11-06,18.10000038,18.10000038,17.95000076,18.10000038,766479,0,1,18.10000038,yahoo_bootstrap
2024-11-07,18.10000038,18.20000076,17.95000076,18.20000076,980010,0,1,18.20000076,yahoo_bootstrap
2024-11-08,18.29999924,18.39999962,17.89999962,17.89999962,1568235,0,1,17.89999962,yahoo_bootstrap
2024-11-11,18.14999962,18.5,18.14999962,18.29999924,2387973,0,1,18.29999924,yahoo_bootstrap
2024-11-12,18.45000076,19.79999924,18.25,18.79999924,7279729,0,1,18.79999924,yahoo_bootstrap
2024-11-13,19.45000076,19.45000076,18.64999962,18.79999924,4347492,0,1,18.79999924,yahoo_bootstrap
2024-11-14,19,19.14999962,18.54999924,18.54999924,1896263,0,1,18.54999924,yahoo_bootstrap
2024-11-15,18.75,19.29999924,18.75,19.04999924,3380958,0,1,19.04999924,yahoo_bootstrap
2024-11-18,18.95000076,19.14999962,18.79999924,18.95000076,1226574,0,1,18.95000076,yahoo_bootstrap
2024-11-19,18.95000076,19.29999924,18.79999924,19.20000076,2632072,0,1,19.20000076,yahoo_bootstrap
2024-11-20,18.79999924,18.79999924,18.79999924,18.79999924,2179008,0,1,18.79999924,yahoo_bootstrap
2024-11-21,19.04999924,19.39999962,18.95000076,19.29999924,3121971,0,1,19.29999924,yahoo_bootstrap
2024-11-22,19.29999924,19.29999924,18.95000076,19,1648914,0,1,19,yahoo_bootstrap
2024-11-25,19.14999962,19.14999962,18.64999962,18.75,1780021,0,1,18.75,yahoo_bootstrap
2024-11-26,18.75,18.95000076,18.64999962,18.70000076,763533,0,1,18.70000076,yahoo_bootstrap
2024-11-27,18.79999924,18.79999924,17.95000076,17.95000076,2283564,0,1,17.95000076,yahoo_bootstrap
2024-11-28,17.95000076,18,17.54999924,17.70000076,1398350,0,1,17.70000076,yahoo_bootstrap
2024-11-29,17.70000076,17.95000076,17.70000076,17.70000076,924833,0,1,17.70000076,yahoo_bootstrap
2024-12-02,17.89999962,17.89999962,17.70000076,17.70000076,742776,0,1,17.70000076,yahoo_bootstrap
2024-12-03,17.75,18,17.75,17.85000038,955855,0,1,17.85000038,yahoo_bootstrap
2024-12-04,17.79999924,17.95000076,17.54999924,17.60000038,2042107,0,1,17.60000038,yahoo_bootstrap
2024-12-05,17.60000038,17.70000076,17.5,17.54999924,812239,0,1,17.54999924,yahoo_bootstrap
2024-12-06,17.64999962,17.89999962,17.54999924,17.64999962,785651,0,1,17.64999962,yahoo_bootstrap
2024-12-09,17.70000076,18.14999962,17.70000076,18,2149760,0,1,18,yahoo_bootstrap
2024-12-10,18.14999962,18.25,17.70000076,17.70000076,1276547,0,1,17.70000076,yahoo_bootstrap
2024-12-11,17.75,17.79999924,17.5,17.5,1248632,0,1,17.5,yahoo_bootstrap
2024-12-12,17.64999962,17.70000076,17.5,17.5,497901,0,1,17.5,yahoo_bootstrap
2024-12-13,17.5,17.60000038,17.20000076,17.29999924,1259665,0,1,17.29999924,yahoo_bootstrap
2024-12-16,17.5,17.5,17,17,964442,0,1,17,yahoo_bootstrap
2024-12-17,17.10000038,17.14999962,17,17.04999924,731461,0,1,17.04999924,yahoo_bootstrap
2024-12-18,17.04999924,17.14999962,16.95000076,17.10000038,812262,0,1,17.10000038,yahoo_bootstrap
2024-12-19,16.89999962,16.95000076,16.64999962,16.79999924,1483444,0,1,16.79999924,yahoo_bootstrap
2024-12-20,16.79999924,17,16.64999962,16.70000076,776749,0,1,16.70000076,yahoo_bootstrap
2024-12-23,16.85000038,17.04999924,16.85000038,16.85000038,620301,0,1,16.85000038,yahoo_bootstrap
2024-12-24,16.89999962,17.35000038,16.89999962,17.04999924,976556,0,1,17.04999924,yahoo_bootstrap
2024-12-25,17.10000038,17.20000076,16.89999962,17,346952,0,1,17,yahoo_bootstrap
2024-12-26,16.89999962,17.10000038,16.89999962,16.89999962,454540,0,1,16.89999962,yahoo_bootstrap
2024-12-27,16.85000038,16.95000076,16.70000076,16.75,942446,0,1,16.75,yahoo_bootstrap
2024-12-30,16.54999924,16.89999962,16.54999924,16.79999924,637305,0,1,16.79999924,yahoo_bootstrap
2024-12-31,16.79999924,16.79999924,16.64999962,16.70000076,476007,0,1,16.70000076,yahoo_bootstrap
2025-01-02,16.64999962,17.14999962,16.64999962,16.89999962,855813,0,1,16.89999962,yahoo_bootstrap
2025-01-03,16.95000076,17.10000038,16.70000076,16.75,752819,0,1,16.75,yahoo_bootstrap
2025-01-06,16.85000038,16.85000038,16.70000076,16.75,479499,0,1,16.75,yahoo_bootstrap
2025-01-07,16.79999924,16.85000038,16.5,16.5,941581,0,1,16.5,yahoo_bootstrap
2025-01-08,16.54999924,16.54999924,16.25,16.45000076,978163,0,1,16.45000076,yahoo_bootstrap
2025-01-09,16.45000076,16.45000076,15.64999962,15.64999962,1964033,0,1,15.64999962,yahoo_bootstrap
2025-01-10,15.69999981,16.20000076,15.60000038,16,1771334,0,1,16,yahoo_bootstrap
2025-01-13,16,16.25,15.64999962,15.69999981,1217660,0,1,15.69999981,yahoo_bootstrap
2025-01-14,15.89999962,16.20000076,15.89999962,16.04999924,463816,0,1,16.04999924,yahoo_bootstrap
2025-01-15,16,16.25,15.89999962,15.94999981,572388,0,1,15.94999981,yahoo_bootstrap
2025-01-16,16.10000038,16.10000038,15.89999962,15.89999962,623955,0,1,15.89999962,yahoo_bootstrap
2025-01-17,15.89999962,16.25,15.89999962,16.20000076,636656,0,1,16.20000076,yahoo_bootstrap
2025-01-20,16.20000076,16.20000076,15.85000038,16,610714,0,1,16,yahoo_bootstrap
2025-01-21,16.10000038,16.25,15.89999962,15.89999962,396637,0,1,15.89999962,yahoo_bootstrap
2025-01-22,16,16,15.80000019,15.89999962,530634,0,1,15.89999962,yahoo_bootstrap
2025-02-03,15.85000038,15.89999962,15.60000038,15.89999962,632610,0,1,15.89999962,yahoo_bootstrap
2025-02-04,15.89999962,15.89999962,15.35000038,15.39999962,1198132,0,1,15.39999962,yahoo_bootstrap
2025-02-05,15.25,15.80000019,15.25,15.75,751202,0,1,15.75,yahoo_bootstrap
2025-02-06,15.75,15.89999962,15.60000038,15.80000019,357244,0,1,15.80000019,yahoo_bootstrap
2025-02-07,15.64999962,15.75,15.55000019,15.69999981,444723,0,1,15.69999981,yahoo_bootstrap
2025-02-10,15.69999981,16,15.60000038,15.89999962,579572,0,1,15.89999962,yahoo_bootstrap
2025-02-11,16,16.14999962,15.89999962,16,505160,0,1,16,yahoo_bootstrap
2025-02-12,16,16.54999924,16,16.10000038,1139767,0,1,16.10000038,yahoo_bootstrap
2025-02-13,16.25,17.70000076,16.14999962,17.70000076,9015908,0,1,17.70000076,yahoo_bootstrap
2025-02-14,17.75,18.89999962,17.54999924,18.10000038,15238779,0,1,18.10000038,yahoo_bootstrap
2025-02-17,18.10000038,19.29999924,17.89999962,19.04999924,10739094,0,1,19.04999924,yahoo_bootstrap
2025-02-18,19,19,18.54999924,18.89999962,4383739,0,1,18.89999962,yahoo_bootstrap
2025-02-19,19,19.10000038,18.35000038,18.79999924,3634987,0,1,18.79999924,yahoo_bootstrap
2025-02-20,19.10000038,19.39999962,18.64999962,18.70000076,6453928,0,1,18.70000076,yahoo_bootstrap
2025-02-21,18.95000076,19.10000038,18.5,18.70000076,3828388,0,1,18.70000076,yahoo_bootstrap
2025-02-24,19.20000076,20.54999924,19.20000076,20.54999924,37054227,0,1,20.54999924,yahoo_bootstrap
2025-02-25,21.14999962,21.79999924,21,21.29999924,53983325,0,1,21.29999924,yahoo_bootstrap
2025-02-26,21.35000038,21.5,21,21.29999924,13800468,0,1,21.29999924,yahoo_bootstrap
2025-02-27,21.64999962,23.14999962,21.20000076,22.04999924,41618579,0,1,22.04999924,yahoo_bootstrap
2025-03-03,20.60000038,21.60000038,20.54999924,21.29999924,15237558,0,1,21.29999924,yahoo_bootstrap
2025-03-04,21.29999924,21.95000076,20.75,21.79999924,15813471,0,1,21.79999924,yahoo_bootstrap
2025-03-05,22,22.35000038,21.14999962,22,14642584,0,1,22,yahoo_bootstrap
2025-03-06,21.89999962,22.10000038,21.35000038,21.45000076,8030142,0,1,21.45000076,yahoo_bootstrap
2025-03-07,21.60000038,22.35000038,21.29999924,21.29999924,10033574,0,1,21.29999924,yahoo_bootstrap
2025-03-10,21.60000038,21.70000076,21.04999924,21.5,5155759,0,1,21.5,yahoo_bootstrap
2025-03-11,21.04999924,21.39999962,20.70000076,21.20000076,4753912,0,1,21.20000076,yahoo_bootstrap
2025-03-12,21.39999962,21.5,20.29999924,20.5,6103688,0,1,20.5,yahoo_bootstrap
2025-03-13,20.60000038,21.04999924,20.20000076,20.35000038,4510306,0,1,20.35000038,yahoo_bootstrap
2025-03-14,20.20000076,20.95000076,20.14999962,20.64999962,6713021,0,1,20.64999962,yahoo_bootstrap
2025-03-17,20.75,20.75,20.29999924,20.54999924,3277720,0,1,20.54999924,yahoo_bootstrap
2025-03-18,20.70000076,20.70000076,20.35000038,20.35000038,2372823,0,1,20.35000038,yahoo_bootstrap
2025-03-19,20.64999962,21.64999962,20.60000038,21.04999924,12415792,0,1,21.04999924,yahoo_bootstrap
2025-03-20,20.89999962,21,20.60000038,20.70000076,3654797,0,1,20.70000076,yahoo_bootstrap
2025-03-21,20.85000038,21.04999924,20.20000076,20.20000076,3826602,0,1,20.20000076,yahoo_bootstrap
2025-03-24,20.20000076,20.35000038,19.89999962,19.89999962,2629070,0,1,19.89999962,yahoo_bootstrap
2025-03-25,20.04999924,20.10000038,19.29999924,19.5,3895969,0,1,19.5,yahoo_bootstrap
2025-03-26,19.70000076,19.89999962,19.45000076,19.85000038,1578011,0,1,19.85000038,yahoo_bootstrap
2025-03-27,19.79999924,20.04999924,19.5,19.54999924,1909379,0,1,19.54999924,yahoo_bootstrap
2025-03-28,19.35000038,19.39999962,18.75,19.14999962,2935150,0,1,19.14999962,yahoo_bootstrap
2025-03-31,18.39999962,18.75,18,18.04999924,2560149,0,1,18.04999924,yahoo_bootstrap
2025-04-01,18.20000076,18.45000076,18,18.39999962,1250510,0,1,18.39999962,yahoo_bootstrap
2025-04-02,18.35000038,18.64999962,18.04999924,18.64999962,1006400,0,1,18.64999962,yahoo_bootstrap
2025-04-07,16.79999924,16.79999924,16.79999924,16.79999924,345123,0,1,16.79999924,yahoo_bootstrap
2025-04-08,15.14999962,15.5,15.14999962,15.14999962,3175011,0,1,15.14999962,yahoo_bootstrap
2025-04-09,14.80000019,14.80000019,13.64999962,13.64999962,6109912,0,1,13.64999962,yahoo_bootstrap
2025-04-10,15,15,14.89999962,15,938656,0,1,15,yahoo_bootstrap
2025-04-11,14.80000019,16.20000076,14.30000019,15.85000038,8986672,0,1,15.85000038,yahoo_bootstrap
2025-04-14,16.79999924,17.39999962,16.60000038,16.85000038,8713154,0,1,16.85000038,yahoo_bootstrap
2025-04-15,17.04999924,17.20000076,16.75,16.85000038,3256445,0,1,16.85000038,yahoo_bootstrap
2025-04-16,16.79999924,16.79999924,16.29999924,16.39999962,2214920,0,1,16.39999962,yahoo_bootstrap
2025-04-17,16.35000038,16.45000076,15.94999981,16.29999924,1974535,0,1,16.29999924,yahoo_bootstrap
2025-04-18,16.70000076,17.14999962,16.60000038,16.75,3855853,0,1,16.75,yahoo_bootstrap
2025-04-21,16.79999924,17,16,16,2256393,0,1,16,yahoo_bootstrap
2025-04-22,15.89999962,16,15.39999962,15.44999981,1769207,0,1,15.44999981,yahoo_bootstrap
2025-04-23,15.94999981,16.14999962,15.85000038,16.04999924,1377546,0,1,16.04999924,yahoo_bootstrap
2025-04-24,16.20000076,16.45000076,16.04999924,16.14999962,1385684,0,1,16.14999962,yahoo_bootstrap
2025-04-25,16.39999962,16.64999962,16.10000038,16.25,1092571,0,1,16.25,yahoo_bootstrap
2025-04-28,16.29999924,16.79999924,16.14999962,16.54999924,1568163,0,1,16.54999924,yahoo_bootstrap
2025-04-29,16.60000038,16.79999924,16.45000076,16.60000038,1220857,0,1,16.60000038,yahoo_bootstrap
2025-04-30,16.54999924,16.64999962,16.14999962,16.14999962,1231012,0,1,16.14999962,yahoo_bootstrap
2025-05-02,16.45000076,17.75,16.39999962,17.04999924,8463969,0,1,17.04999924,yahoo_bootstrap
2025-05-05,17.04999924,17.20000076,16.20000076,16.35000038,2772890,0,1,16.35000038,yahoo_bootstrap
2025-05-06,16.45000076,16.70000076,16.25,16.60000038,1450029,0,1,16.60000038,yahoo_bootstrap
2025-05-07,16.64999962,16.64999962,16.20000076,16.25,1215691,0,1,16.25,yahoo_bootstrap
2025-05-08,16.29999924,16.5,16.20000076,16.20000076,1023372,0,1,16.20000076,yahoo_bootstrap
2025-05-09,16.29999924,16.39999962,16.20000076,16.35000038,941751,0,1,16.35000038,yahoo_bootstrap
2025-05-12,17,17.14999962,16.70000076,16.79999924,1959779,0,1,16.79999924,yahoo_bootstrap
2025-05-13,17.5,17.79999924,17.10000038,17.25,3917403,0,1,17.25,yahoo_bootstrap
2025-05-14,17.45000076,17.75,17.35000038,17.39999962,3425832,0,1,17.39999962,yahoo_bootstrap
2025-05-15,17.60000038,18,17.29999924,17.29999924,3283502,0,1,17.29999924,yahoo_bootstrap
2025-05-16,17.39999962,18.60000038,17.39999962,18.25,7303240,0,1,18.25,yahoo_bootstrap
2025-05-19,18.70000076,18.75,17.85000038,17.85000038,5935186,0,1,17.85000038,yahoo_bootstrap
2025-05-20,18.29999924,18.29999924,17.64999962,17.70000076,2188745,0,1,17.70000076,yahoo_bootstrap
2025-05-21,17.79999924,17.95000076,17.5,17.60000038,1707448,0,1,17.60000038,yahoo_bootstrap
2025-05-22,17.45000076,17.85000038,17,17.70000076,2280827,0,1,17.70000076,yahoo_bootstrap
2025-05-23,17.95000076,17.95000076,17.25,17.25,1704057,0,1,17.25,yahoo_bootstrap
2025-05-26,17.45000076,17.54999924,16.95000076,16.95000076,1142010,0,1,16.95000076,yahoo_bootstrap
2025-05-27,17.04999924,17.20000076,16.79999924,16.79999924,1136010,0,1,16.79999924,yahoo_bootstrap
2025-05-28,17.14999962,17.14999962,16.54999924,16.75,909113,0,1,16.75,yahoo_bootstrap
2025-05-29,16.95000076,16.95000076,16.64999962,16.85000038,685447,0,1,16.85000038,yahoo_bootstrap
2025-06-02,16.85000038,17.04999924,16.75,16.85000038,1369002,0,1,16.85000038,yahoo_bootstrap
2025-06-03,16.95000076,17.14999962,16.85000038,17.10000038,875065,0,1,17.10000038,yahoo_bootstrap
2025-06-04,17.10000038,17.20000076,16.89999962,16.95000076,1203803,0,1,16.95000076,yahoo_bootstrap
2025-06-05,17.04999924,17.04999924,16.60000038,16.60000038,1159851,0,1,16.60000038,yahoo_bootstrap
2025-06-06,16.64999962,16.64999962,16.29999924,16.29999924,1246282,0,1,16.29999924,yahoo_bootstrap
2025-06-09,16.25,16.35000038,16.14999962,16.20000076,652615,0,1,16.20000076,yahoo_bootstrap
2025-06-10,16.29999924,16.54999924,16.25,16.29999924,561600,0,1,16.29999924,yahoo_bootstrap
2025-06-11,16.39999962,16.45000076,16.20000076,16.35000038,582990,0,1,16.35000038,yahoo_bootstrap
2025-06-12,16.35000038,16.39999962,16.20000076,16.20000076,662396,0,1,16.20000076,yahoo_bootstrap
2025-06-13,16.39999962,16.64999962,16.20000076,16.25,1190244,0,1,16.25,yahoo_bootstrap
2025-06-16,16.10000038,16.54999924,16,16.39999962,973100,0,1,16.39999962,yahoo_bootstrap
2025-06-17,16.54999924,16.54999924,16.10000038,16.20000076,615648,0,1,16.20000076,yahoo_bootstrap
2025-06-18,16.10000038,16.35000038,16.04999924,16.10000038,618343,0,1,16.10000038,yahoo_bootstrap
2025-06-19,16.10000038,16.25,15.75,15.75,1057153,0,1,15.75,yahoo_bootstrap
2025-06-20,15.80000019,15.89999962,15.5,15.60000038,1094897,0,1,15.60000038,yahoo_bootstrap
2025-06-23,15.5,15.60000038,15.19999981,15.35000038,832269,0,1,15.35000038,yahoo_bootstrap
2025-06-24,15.5,15.94999981,15.5,15.75,666117,0,1,15.75,yahoo_bootstrap
2025-06-25,15.89999962,15.94999981,15.60000038,15.69999981,543084,0,1,15.69999981,yahoo_bootstrap
2025-06-26,15.69999981,16.04999924,15.69999981,15.75,488050,0,1,15.75,yahoo_bootstrap
2025-06-27,15.85000038,16,15.64999962,15.64999962,586557,0,1,15.64999962,yahoo_bootstrap
2025-06-30,15.80000019,15.80000019,15.10000038,15.10000038,769986,0,1,15.10000038,yahoo_bootstrap
2025-07-01,15.19999981,15.60000038,15.14999962,15.14999962,849235,0,1,15.14999962,yahoo_bootstrap
2025-07-02,15.19999981,15.35000038,15.14999962,15.14999962,666896,0,1,15.14999962,yahoo_bootstrap
2025-07-03,15.25,15.5,15.10000038,15.35000038,709647,0,1,15.35000038,yahoo_bootstrap
2025-07-04,15.30000019,15.39999962,15,15,704631,0,1,15,yahoo_bootstrap
2025-07-07,15,15,14.64999962,14.89999962,735473,0,1,14.89999962,yahoo_bootstrap
2025-07-08,14.94999981,14.94999981,14.64999962,14.69999981,729436,0,1,14.69999981,yahoo_bootstrap
2025-07-09,14.85000038,14.85000038,14.60000038,14.80000019,379070,0,1,14.80000019,yahoo_bootstrap
2025-07-10,14.89999962,14.89999962,14.64999962,14.69999981,433030,0,1,14.69999981,yahoo_bootstrap
2025-07-11,14.80000019,15.14999962,14.75,14.94999981,634458,0,1,14.94999981,yahoo_bootstrap
2025-07-14,15.10000038,15.39999962,15.10000038,15.14999962,913376,0,1,15.14999962,yahoo_bootstrap
2025-07-15,15.60000038,15.64999962,15.10000038,15.10000038,1274044,0,1,15.10000038,yahoo_bootstrap
2025-07-16,15.19999981,15.44999981,15.14999962,15.30000019,611938,0,1,15.30000019,yahoo_bootstrap
2025-07-17,15.5,15.64999962,15.14999962,15.39999962,648415,0,1,15.39999962,yahoo_bootstrap
2025-07-18,15.60000038,15.75,15.35000038,15.44999981,943952,0,1,15.44999981,yahoo_bootstrap
2025-07-21,15.55000019,15.55000019,15.25,15.25,518380,0,1,15.25,yahoo_bootstrap
2025-07-22,15.30000019,15.39999962,14.94999981,15,836439,0,1,15,yahoo_bootstrap
2025-07-23,15,15.55000019,15,15.55000019,935680,0,1,15.55000019,yahoo_bootstrap
2025-07-24,15.75,16,15.39999962,15.69999981,3033844,0,1,15.69999981,yahoo_bootstrap
2025-07-25,16.20000076,17.25,16.14999962,17,12269578,0,1,17,yahoo_bootstrap
2025-07-28,16.95000076,17.10000038,16.54999924,16.95000076,4549001,0,1,16.95000076,yahoo_bootstrap
2025-07-29,16.64999962,16.85000038,16.25,16.25,2078424,0,1,16.25,yahoo_bootstrap
2025-07-30,16.20000076,16.25,15.89999962,16.14999962,1308427,0,1,16.14999962,yahoo_bootstrap
2025-07-31,16.35000038,16.35000038,15.55000019,15.55000019,1805262,0,1,15.55000019,yahoo_bootstrap
2025-08-04,15.75,16,15.35000038,15.80000019,948465,0,1,15.80000019,yahoo_bootstrap
2025-08-05,16.10000038,16.10000038,15.75,15.89999962,709610,0,1,15.89999962,yahoo_bootstrap
2025-08-06,15.94999981,16.14999962,15.85000038,15.85000038,796144,0,1,15.85000038,yahoo_bootstrap
2025-08-07,15.80000019,16,15.69999981,15.89999962,652864,0,1,15.89999962,yahoo_bootstrap
2025-08-08,16,16.64999962,15.94999981,16.45000076,2384289,0,1,16.45000076,yahoo_bootstrap
2025-08-11,16.75,16.89999962,16.29999924,16.35000038,1915265,0,1,16.35000038,yahoo_bootstrap
2025-08-12,16.39999962,16.75,16.39999962,16.64999962,1331526,0,1,16.64999962,yahoo_bootstrap
2025-08-13,16.85000038,17.10000038,16.39999962,16.64999962,2434194,0,1,16.64999962,yahoo_bootstrap
2025-08-14,16.89999962,17.79999924,16.79999924,17.39999962,6092188,0,1,17.39999962,yahoo_bootstrap
2025-08-15,17.70000076,17.89999962,17.25,17.85000038,5790196,0,1,17.85000038,yahoo_bootstrap
2025-08-18,18.35000038,19,18.14999962,18.5,7207687,0,1,18.5,yahoo_bootstrap
2025-08-19,18.85000038,19.95000076,18.29999924,19.75,12113851,0,1,19.75,yahoo_bootstrap
2025-08-20,19.89999962,19.89999962,18.85000038,19.25,8057133,0,1,19.25,yahoo_bootstrap
2025-08-21,19.35000038,19.89999962,19,19.14999962,3823601,0,1,19.14999962,yahoo_bootstrap
2025-08-22,19.14999962,19.14999962,18.5,18.5,4141107,0,1,18.5,yahoo_bootstrap
2025-08-25,18.89999962,18.89999962,18.39999962,18.45000076,2427026,0,1,18.45000076,yahoo_bootstrap
2025-08-26,18.45000076,18.54999924,17.89999962,18,2713157,0,1,18,yahoo_bootstrap
2025-08-27,18.20000076,18.5,18.10000038,18.25,2521738,0,1,18.25,yahoo_bootstrap
2025-08-28,18.20000076,18.89999962,18.14999962,18.14999962,4565789,0,1,18.14999962,yahoo_bootstrap
2025-08-29,18.20000076,18.20000076,17.60000038,17.70000076,3216168,0,1,17.70000076,yahoo_bootstrap
2025-09-01,17.75,17.95000076,17.39999962,17.45000076,1611538,0,1,17.45000076,yahoo_bootstrap
2025-09-02,17.64999962,17.64999962,17.14999962,17.20000076,1311123,0,1,17.20000076,yahoo_bootstrap
2025-09-03,17.20000076,17.29999924,17.04999924,17.10000038,1009131,0,1,17.10000038,yahoo_bootstrap
2025-09-04,17.14999962,17.54999924,17.14999962,17.35000038,1038374,0,1,17.35000038,yahoo_bootstrap
2025-09-05,17.5,17.54999924,17.04999924,17.25,1130447,0,1,17.25,yahoo_bootstrap
2025-09-08,17.29999924,17.39999962,16.95000076,17.25,1090535,0,1,17.25,yahoo_bootstrap
2025-09-09,17.25,17.5,17.25,17.45000076,1193424,0,1,17.45000076,yahoo_bootstrap
2025-09-10,17.5,17.79999924,17.39999962,17.64999962,1839245,0,1,17.64999962,yahoo_bootstrap
2025-09-11,17.85000038,18.35000038,17.70000076,17.70000076,4679735,0,1,17.70000076,yahoo_bootstrap
2025-09-12,17.70000076,17.75,17.14999962,17.25,2204539,0,1,17.25,yahoo_bootstrap
2025-09-15,17.14999962,17.29999924,17,17.14999962,1075098,0,1,17.14999962,yahoo_bootstrap
2025-09-16,17.35000038,17.45000076,17.14999962,17.35000038,781750,0,1,17.35000038,yahoo_bootstrap
2025-09-17,17.35000038,17.85000038,17.35000038,17.45000076,1570708,0,1,17.45000076,yahoo_bootstrap
2025-09-18,17.60000038,17.95000076,17.60000038,17.64999962,2266375,0,1,17.64999962,yahoo_bootstrap
2025-09-19,18,18.29999924,17.85000038,18.20000076,3818000,0,1,18.20000076,yahoo_bootstrap
2025-09-22,18.39999962,18.5,17.10000038,17.25,5411901,0,1,17.25,yahoo_bootstrap
2025-09-23,17.20000076,17.25,16.75,17,2611343,0,1,17,yahoo_bootstrap
2025-09-24,17.10000038,17.29999924,17.04999924,17.04999924,1131406,0,1,17.04999924,yahoo_bootstrap
2025-09-25,17.20000076,17.54999924,17.20000076,17.29999924,1868774,0,1,17.29999924,yahoo_bootstrap
2025-09-26,17.39999962,17.39999962,17.04999924,17.10000038,1251000,0,1,17.10000038,yahoo_bootstrap
2025-09-30,17.10000038,17.25,16.95000076,17.25,849030,0,1,17.25,yahoo_bootstrap
2025-10-01,17.25,17.25,16.89999962,16.89999962,1246777,0,1,16.89999962,yahoo_bootstrap
2025-10-02,16.85000038,16.89999962,16.60000038,16.64999962,1632310,0,1,16.64999962,yahoo_bootstrap
2025-10-03,16.79999924,16.79999924,16.60000038,16.60000038,942635,0,1,16.60000038,yahoo_bootstrap
2025-10-07,16.70000076,16.89999962,16.64999962,16.79999924,711958,0,1,16.79999924,yahoo_bootstrap
2025-10-08,16.79999924,17,16.70000076,16.79999924,854455,0,1,16.79999924,yahoo_bootstrap
2025-10-09,16.95000076,17.35000038,16.89999962,16.95000076,1314159,0,1,16.95000076,yahoo_bootstrap
2025-10-13,16.60000038,17.29999924,16.60000038,17.25,1683600,0,1,17.25,yahoo_bootstrap
2025-10-14,17.85000038,18.95000076,17.85000038,18.95000076,21238632,0,1,18.95000076,yahoo_bootstrap
2025-10-15,18.10000038,18.95000076,17.70000076,17.95000076,18708210,0,1,17.95000076,yahoo_bootstrap
2025-10-16,18.04999924,18.20000076,17.79999924,17.89999962,3787574,0,1,17.89999962,yahoo_bootstrap
2025-10-17,18.20000076,18.5,17.75,17.75,5588950,0,1,17.75,yahoo_bootstrap
2025-10-20,17.85000038,17.95000076,17.39999962,17.45000076,2132303,0,1,17.45000076,yahoo_bootstrap
2025-10-21,17.54999924,17.60000038,17.35000038,17.45000076,1636172,0,1,17.45000076,yahoo_bootstrap
2025-10-22,17.45000076,17.75,17.45000076,17.64999962,1332804,0,1,17.64999962,yahoo_bootstrap
2025-10-23,17.64999962,17.64999962,17.45000076,17.45000076,735815,0,1,17.45000076,yahoo_bootstrap
2025-10-27,17.60000038,17.64999962,17.20000076,17.20000076,1574041,0,1,17.20000076,yahoo_bootstrap
2025-10-28,17.29999924,17.29999924,17,17.04999924,1451577,0,1,17.04999924,yahoo_bootstrap
2025-10-29,17.04999924,17.29999924,17,17.29999924,1385705,0,1,17.29999924,yahoo_bootstrap
2025-10-30,17.39999962,18.39999962,17.35000038,18.25,7522083,0,1,18.25,yahoo_bootstrap
2025-10-31,18.29999924,18.39999962,17.5,17.54999924,4720430,0,1,17.54999924,yahoo_bootstrap
2025-11-03,17.85000038,18,17.39999962,17.39999962,1669370,0,1,17.39999962,yahoo_bootstrap
2025-11-04,17.39999962,17.54999924,17,17,1845930,0,1,17,yahoo_bootstrap
2025-11-05,17,17.10000038,16.75,17,1444520,0,1,17,yahoo_bootstrap
2025-11-06,17.20000076,17.5,17.10000038,17.39999962,890187,0,1,17.39999962,yahoo_bootstrap
2025-11-07,17.45000076,17.54999924,17.10000038,17.10000038,1194400,0,1,17.10000038,yahoo_bootstrap
2025-11-10,17.29999924,17.29999924,17,17.10000038,911784,0,1,17.10000038,yahoo_bootstrap
2025-11-11,17.25,17.25,16.95000076,16.95000076,1143340,0,1,16.95000076,yahoo_bootstrap
2025-11-12,17.10000038,17.45000076,17.10000038,17.14999962,1103274,0,1,17.14999962,yahoo_bootstrap
2025-11-13,17.29999924,17.35000038,17,17.10000038,1281786,0,1,17.10000038,yahoo_bootstrap
2025-11-14,16.79999924,17.39999962,16.70000076,16.79999924,3799346,0,1,16.79999924,yahoo_bootstrap
2025-11-17,16.85000038,16.95000076,16.45000076,16.54999924,2509858,0,1,16.54999924,yahoo_bootstrap
2025-11-18,16.39999962,16.75,16.29999924,16.29999924,1522798,0,1,16.29999924,yahoo_bootstrap
2025-11-19,16.45000076,16.75,16.14999962,16.39999962,989590,0,1,16.39999962,yahoo_bootstrap
2025-11-20,16.45000076,17.39999962,16.45000076,16.89999962,3464507,0,1,16.89999962,yahoo_bootstrap
2025-11-21,17.20000076,17.60000038,16.64999962,16.64999962,6995461,0,1,16.64999962,yahoo_bootstrap
2025-11-24,16.75,17.39999962,16.75,17.20000076,3188855,0,1,17.20000076,yahoo_bootstrap
2025-11-25,17.04999924,17.70000076,17.04999924,17.54999924,4398960,0,1,17.54999924,yahoo_bootstrap
2025-11-26,18.29999924,19.29999924,17.79999924,18.29999924,9763397,0,1,18.29999924,yahoo_bootstrap
2025-11-27,18.35000038,18.35000038,17.79999924,18.14999962,3593667,0,1,18.14999962,yahoo_bootstrap
2025-11-28,18.54999924,18.70000076,18.14999962,18.29999924,3889093,0,1,18.29999924,yahoo_bootstrap
2025-12-01,18.64999962,18.95000076,18.5,18.5,5806482,0,1,18.5,yahoo_bootstrap
2025-12-02,18.64999962,19.79999924,18.45000076,18.85000038,11426259,0,1,18.85000038,yahoo_bootstrap
2025-12-03,19.20000076,19.29999924,18.54999924,18.89999962,4789664,0,1,18.89999962,yahoo_bootstrap
2025-12-04,20.14999962,20.75,20.14999962,20.75,14851036,0,1,20.75,yahoo_bootstrap
2025-12-05,20.25,20.25,18.70000076,18.85000038,26233859,0,1,18.85000038,yahoo_bootstrap
2025-12-08,18.35000038,18.45000076,18,18,5538379,0,1,18,yahoo_bootstrap
2025-12-09,17.79999924,18.25,17.60000038,18.14999962,3886374,0,1,18.14999962,yahoo_bootstrap
2025-12-10,17.85000038,17.95000076,17.70000076,17.70000076,2992109,0,1,17.70000076,yahoo_bootstrap
2025-12-11,17.85000038,18.25,17.75,18.10000038,3063276,0,1,18.10000038,yahoo_bootstrap
2025-12-12,18.10000038,18.10000038,17.5,17.79999924,2081997,0,1,17.79999924,yahoo_bootstrap
2025-12-15,18.20000076,18.35000038,17.79999924,18,2714910,0,1,18,yahoo_bootstrap
2025-12-16,18,18.14999962,17.70000076,18.04999924,2215886,0,1,18.04999924,yahoo_bootstrap
2025-12-17,18.14999962,18.5,18.04999924,18.25,2084798,0,1,18.25,yahoo_bootstrap
2025-12-18,18.29999924,18.29999924,17.85000038,17.85000038,1665934,0,1,17.85000038,yahoo_bootstrap
2025-12-19,17.79999924,18,17.70000076,17.95000076,1263521,0,1,17.95000076,yahoo_bootstrap
2025-12-22,18.14999962,18.14999962,17.85000038,18.04999924,969298,0,1,18.04999924,yahoo_bootstrap
2025-12-23,18.14999962,18.14999962,17.79999924,17.85000038,837208,0,1,17.85000038,yahoo_bootstrap
2025-12-24,17.95000076,18.20000076,17.70000076,17.75,1395348,0,1,17.75,yahoo_bootstrap
2025-12-26,17.75,17.95000076,17.70000076,17.70000076,1051528,0,1,17.70000076,yahoo_bootstrap
2025-12-29,17.89999962,18.04999924,17.75,17.79999924,1147897,0,1,17.79999924,yahoo_bootstrap
2025-12-30,17.79999924,17.79999924,17.54999924,17.64999962,950125,0,1,17.64999962,yahoo_bootstrap
2025-12-31,17.70000076,17.85000038,17.5,17.60000038,1679344,0,1,17.60000038,yahoo_bootstrap
2026-01-02,17.75,17.95000076,17.5,17.54999924,1380201,0,1,17.54999924,yahoo_bootstrap
2026-01-05,17.5,17.5,17.14999962,17.14999962,2215972,0,1,17.14999962,yahoo_bootstrap
2026-01-06,17.14999962,17.39999962,17.14999962,17.20000076,1556332,0,1,17.20000076,yahoo_bootstrap
2026-01-07,17.29999924,18.04999924,17.25,18,3132184,0,1,18,yahoo_bootstrap
2026-01-08,18,18.14999962,17.70000076,17.75,2124719,0,1,17.75,yahoo_bootstrap
2026-01-09,17.79999924,18.10000038,17.70000076,17.89999962,1486361,0,1,17.89999962,yahoo_bootstrap
2026-01-12,18.10000038,18.14999962,17.75,18,1771667,0,1,18,yahoo_bootstrap
2026-01-13,18.10000038,18.10000038,17.60000038,17.75,1496044,0,1,17.75,yahoo_bootstrap
2026-01-14,17.89999962,17.95000076,17.70000076,17.85000038,1066639,0,1,17.85000038,yahoo_bootstrap
2026-01-15,17.95000076,18.14999962,17.85000038,17.95000076,1686480,0,1,17.95000076,yahoo_bootstrap
2026-01-16,18.04999924,18.04999924,17.70000076,17.79999924,1631461,0,1,17.79999924,yahoo_bootstrap
2026-01-19,17.75,18.20000076,17.54999924,18,2559201,0,1,18,yahoo_bootstrap
2026-01-20,18.14999962,18.20000076,17.85000038,17.85000038,2067673,0,1,17.85000038,yahoo_bootstrap
2026-01-21,17.89999962,18.04999924,17.64999962,17.64999962,2176898,0,1,17.64999962,yahoo_bootstrap
2026-01-22,17.85000038,18.14999962,17.75,17.75,2509509,0,1,17.75,yahoo_bootstrap
2026-01-23,17.79999924,17.85000038,17.35000038,17.60000038,2483185,0,1,17.60000038,yahoo_bootstrap
2026-01-26,17.5,17.89999962,17.45000076,17.85000038,1634933,0,1,17.85000038,yahoo_bootstrap
2026-01-27,17.85000038,18.14999962,17.70000076,17.70000076,2013009,0,1,17.70000076,yahoo_bootstrap
2026-01-28,19,19.20000076,18,18.04999924,10361995,0,1,18.04999924,yahoo_bootstrap
2026-01-29,18.10000038,18.20000076,17.79999924,17.95000076,3117745,0,1,17.95000076,yahoo_bootstrap
2026-01-30,18.10000038,18.10000038,17.75,17.75,2019146,0,1,17.75,yahoo_bootstrap
2026-02-02,18.20000076,18.35000038,17.5,17.54999924,3072881,0,1,17.54999924,yahoo_bootstrap
2026-02-03,17.64999962,18,17.5,17.89999962,1671433,0,1,17.89999962,yahoo_bootstrap
2026-02-04,17.89999962,18.10000038,17.64999962,18.10000038,1869831,0,1,18.10000038,yahoo_bootstrap
2026-02-05,17.89999962,18.04999924,17.70000076,17.89999962,1306998,0,1,17.89999962,yahoo_bootstrap
2026-02-06,17.75,17.75,17.20000076,17.45000076,2153264,0,1,17.45000076,yahoo_bootstrap
2026-02-09,17.60000038,17.60000038,17.20000076,17.45000076,1786539,0,1,17.45000076,yahoo_bootstrap
2026-02-10,17.64999962,17.89999962,17.29999924,17.75,1957322,0,1,17.75,yahoo_bootstrap
2026-02-11,17.85000038,17.95000076,17.64999962,17.75,1498935,0,1,17.75,yahoo_bootstrap
2026-02-23,17.95000076,18.14999962,17.60000038,17.64999962,2852461,0,1,17.64999962,yahoo_bootstrap
2026-02-24,17.70000076,17.89999962,17.5,17.60000038,1833439,0,1,17.60000038,yahoo_bootstrap
2026-02-25,17.64999962,18.10000038,17.54999924,17.54999924,3419969,0,1,17.54999924,yahoo_bootstrap
2026-02-26,17.60000038,17.95000076,17.5,17.60000038,2866819,0,1,17.60000038,yahoo_bootstrap
2026-03-02,18.60000038,18.79999924,17.54999924,17.64999962,7588515,0,1,17.64999962,yahoo_bootstrap
2026-03-03,17.79999924,19.10000038,17.75,18.85000038,17532783,0,1,18.85000038,yahoo_bootstrap
2026-03-04,19.29999924,19.75,17.79999924,17.89999962,16406319,0,1,17.89999962,yahoo_bootstrap
2026-03-05,17.75,18.70000076,17.5,17.60000038,7259502,0,1,17.60000038,yahoo_bootstrap
2026-03-06,17.54999924,17.89999962,17.20000076,17.39999962,4225154,0,1,17.39999962,yahoo_bootstrap
2026-03-09,16.95000076,17.14999962,16.39999962,16.79999924,5008267,0,1,16.79999924,yahoo_bootstrap
2026-03-10,16.85000038,17.14999962,16.60000038,16.60000038,2787376,0,1,16.60000038,yahoo_bootstrap
2026-03-11,16.64999962,16.95000076,16.64999962,16.89999962,1997762,0,1,16.89999962,yahoo_bootstrap
2026-03-12,16.89999962,17.20000076,16.79999924,16.89999962,1944297,0,1,16.89999962,yahoo_bootstrap
2026-03-13,16.89999962,16.89999962,16.5,16.54999924,2493039,0,1,16.54999924,yahoo_bootstrap
2026-03-16,16.54999924,17.29999924,16.54999924,17,2720095,0,1,17,yahoo_bootstrap
2026-03-17,17.20000076,17.5,16.85000038,17.20000076,2870232,0,1,17.20000076,yahoo_bootstrap
2026-03-18,17.35000038,17.45000076,17.04999924,17.10000038,1689874,0,1,17.10000038,yahoo_bootstrap
2026-03-19,17.14999962,17.79999924,17.14999962,17.5,3600448,0,1,17.5,yahoo_bootstrap
2026-03-20,17.5,17.64999962,17,17,2116533,0,1,17,yahoo_bootstrap
2026-03-23,16.70000076,16.75,16.5,16.64999962,1862467,0,1,16.64999962,yahoo_bootstrap
2026-03-24,16.75,16.89999962,16.5,16.64999962,1115020,0,1,16.64999962,yahoo_bootstrap
2026-03-25,16.79999924,17,16.70000076,16.95000076,1086048,0,1,16.95000076,yahoo_bootstrap
2026-03-26,16.89999962,17,16.60000038,16.60000038,1306929,0,1,16.60000038,yahoo_bootstrap
2026-03-27,16.5,16.64999962,16.14999962,16.29999924,1756012,0,1,16.29999924,yahoo_bootstrap
2026-03-30,16.14999962,16.54999924,16.14999962,16.5,905586,0,1,16.5,yahoo_bootstrap
2026-03-31,16.5,16.54999924,16,16,1266454,0,1,16,yahoo_bootstrap
2026-04-01,16.29999924,16.54999924,16.25,16.45000076,845099,0,1,16.45000076,yahoo_bootstrap
2026-04-02,16.5,16.5,16.25,16.25,579520,0,1,16.25,yahoo_bootstrap
2026-04-07,16.25,16.39999962,16.14999962,16.25,618477,0,1,16.25,yahoo_bootstrap
2026-04-08,16.39999962,16.60000038,16.29999924,16.60000038,1004601,0,1,16.60000038,yahoo_bootstrap
2026-04-09,16.64999962,16.70000076,16.35000038,16.35000038,982561,0,1,16.35000038,yahoo_bootstrap
2026-04-10,16.54999924,16.54999924,16.10000038,16.20000076,1173380,0,1,16.20000076,yahoo_bootstrap
2026-04-13,16.20000076,16.29999924,16.10000038,16.20000076,969052,0,1,16.20000076,yahoo_bootstrap
2026-04-14,16.25,16.39999962,16.10000038,16.14999962,1385043,0,1,16.14999962,yahoo_bootstrap
2026-04-15,16.29999924,16.75,16.29999924,16.45000076,1971981,0,1,16.45000076,yahoo_bootstrap
2026-04-16,16.79999924,16.89999962,16.39999962,16.39999962,1552301,0,1,16.39999962,yahoo_bootstrap
2026-04-17,16.5,16.64999962,16.29999924,16.29999924,744855,0,1,16.29999924,yahoo_bootstrap
2026-04-20,16.35000038,16.45000076,15.80000019,15.80000019,2894324,0,1,15.80000019,yahoo_bootstrap
2026-04-21,15.85000038,16.20000076,15.80000019,15.94999981,1404217,0,1,15.94999981,yahoo_bootstrap
2026-04-22,16.04999924,16.04999924,15.80000019,15.85000038,962772,0,1,15.85000038,yahoo_bootstrap
2026-04-23,15.85000038,15.89999962,15.19999981,15.55000019,2779454,0,1,15.55000019,yahoo_bootstrap
2026-04-24,15.55000019,15.60000038,15.19999981,15.30000019,1333194,0,1,15.30000019,yahoo_bootstrap
2026-04-27,15.30000019,15.30000019,14.94999981,15.25,1263815,0,1,15.25,yahoo_bootstrap
2026-04-28,15.30000019,15.5,15.14999962,15.44999981,797113,0,1,15.44999981,yahoo_bootstrap
2026-04-29,15.60000038,15.60000038,15.25,15.30000019,567793,0,1,15.30000019,yahoo_bootstrap
2026-04-30,15.35000038,15.55000019,15.10000038,15.19999981,962258,0,1,15.19999981,yahoo_bootstrap
2026-05-04,15.19999981,15.60000038,15.19999981,15.30000019,952263,0,1,15.30000019,yahoo_bootstrap
2026-05-05,15.39999962,15.44999981,15.19999981,15.30000019,763448,0,1,15.30000019,yahoo_bootstrap
2026-05-06,15.44999981,15.55000019,15.19999981,15.5,1619696,0,1,15.5,yahoo_bootstrap
2026-05-07,15.69999981,15.75,15.39999962,15.55000019,1268429,0,1,15.55000019,yahoo_bootstrap
2026-05-08,15.55000019,15.55000019,15.05000019,15.14999962,2273195,0,1,15.14999962,yahoo_bootstrap
2026-05-11,15.10000038,15.30000019,14.94999981,15.14999962,2101649,0,1,15.14999962,yahoo_bootstrap
2026-05-12,15.25,15.25,14.94999981,15.05000019,1761856,0,1,15.05000019,yahoo_bootstrap
2026-05-13,15.05000019,15.10000038,14.75,14.75,1502579,0,1,14.75,yahoo_bootstrap
2026-05-14,14.85000038,14.85000038,14.60000038,14.60000038,1574885,0,1,14.60000038,yahoo_bootstrap
2026-05-15,14.64999962,14.69999981,14.14999962,14.14999962,1861489,0,1,14.14999962,yahoo_bootstrap
2026-05-18,14.14999962,14.35000038,14,14.25,1038786,0,1,14.25,yahoo_bootstrap
2026-05-19,14.25,14.44999981,14.19999981,14.19999981,1044136,0,1,14.19999981,yahoo_bootstrap
2026-05-20,14.35000038,14.55000019,14.19999981,14.19999981,983338,0,1,14.19999981,yahoo_bootstrap
2026-05-21,14.25,14.39999962,14.14999962,14.35000038,1000444,0,1,14.35000038,yahoo_bootstrap
2026-05-22,14.5,14.55000019,14.19999981,14.25,1708709,0,1,14.25,yahoo_bootstrap
2026-05-25,14.30000019,14.69999981,14.10000038,14.55000019,2985117,0,1,14.55000019,yahoo_bootstrap
2026-05-26,14.69999981,14.85000038,14.5,14.64999962,2149424,0,1,14.64999962,yahoo_bootstrap
2026-05-27,14.64999962,14.69999981,14.35000038,14.44999981,1711691,0,1,14.44999981,yahoo_bootstrap
2026-05-28,14.55000019,14.60000038,14.30000019,14.30000019,1135962,0,1,14.30000019,yahoo_bootstrap
2026-05-29,14.5,14.5,14.30000019,14.35000038,1166497,0,1,14.35000038,yahoo_bootstrap
2026-06-01,14.39999962,15.14999962,14.35000038,15,3849260,0,1,15,yahoo_bootstrap
2026-06-02,15,15,14.5,14.75,2410044,0,1,14.75,yahoo_bootstrap
2026-06-03,14.85000038,15.19999981,14.60000038,15.05000019,3081419,0,1,15.05000019,yahoo_bootstrap
2026-06-04,15.10000038,15.10000038,14.85000038,14.94999981,1422705,0,1,14.94999981,yahoo_bootstrap
2026-06-05,15.05000019,15.35000038,15.05000019,15.05000019,2720100,0,1,15.05000019,yahoo_bootstrap
2026-06-08,14.10000038,14.75,14.05000019,14.64999962,1384565,0,1,14.64999962,yahoo_bootstrap
2026-06-09,14.64999962,15.19999981,14.64999962,15.05000019,1507950,0,1,15.05000019,yahoo_bootstrap
2026-06-10,15.10000038,15.10000038,14.80000019,14.80000019,1194805,0,1,14.80000019,yahoo_bootstrap
2026-06-11,14.80000019,14.89999962,14.55000019,14.89999962,1056001,0,1,14.89999962,yahoo_bootstrap
2026-06-12,14.89999962,15.39999962,14.89999962,15.10000038,1967001,0,1,15.10000038,yahoo_bootstrap
2026-06-15,15.39999962,15.55000019,15.05000019,15.10000038,1232267,0,1,15.10000038,yahoo_bootstrap
2026-06-16,15.39999962,15.39999962,14.85000038,14.89999962,1109305,0,1,14.89999962,yahoo_bootstrap
2026-06-17,15,15.25,14.75,15.10000038,1147543,0,1,15.10000038,yahoo_bootstrap
2026-06-18,15.14999962,15.19999981,14.89999962,14.89999962,916908,0,1,14.89999962,yahoo_bootstrap
2026-06-22,14.94999981,15,14.69999981,14.80000019,1666133,0,1,14.80000019,yahoo_bootstrap
2026-06-23,14.80000019,14.85000038,14.60000038,14.60000038,1229862,0,1,14.60000038,yahoo_bootstrap
2026-06-24,14.60000038,14.75,14.5,14.5,881079,0,1,14.5,yahoo_bootstrap
2026-06-25,14.64999962,14.75,14.5,14.60000038,720263,0,1,14.60000038,yahoo_bootstrap
2026-06-26,14.5,14.64999962,14.10000038,14.10000038,1696707,0,1,14.10000038,yahoo_bootstrap
2026-06-29,14.30000019,14.30000019,14.10000038,14.14999962,852527,0,1,14.14999962,yahoo_bootstrap
2026-06-30,14.19999981,14.30000019,14.14999962,14.25,1103203,0,1,14.25,yahoo_bootstrap
2026-07-01,14.30000019,14.39999962,14.14999962,14.25,986876,0,1,14.25,yahoo_bootstrap
2026-07-02,14.25,14.39999962,14.14999962,14.25,978715,0,1,14.25,yahoo_bootstrap
2026-07-03,14.25,14.89999962,14.25,14.80000019,2649191,0,1,14.80000019,yahoo_bootstrap
2026-07-06,14.94999981,15.39999962,14.89999962,14.94999981,1896139,0,1,14.94999981,yahoo_bootstrap
2026-07-07,15.05000019,15.10000038,14.39999962,14.5,1479403,0,1,14.5,yahoo_bootstrap
2026-07-08,14.69999981,14.89999962,14.44999981,14.75,1366292,0,1,14.75,yahoo_bootstrap
2026-07-09,14.89999962,14.89999962,14.55000019,14.60000038,679756,0,1,14.60000038,yahoo_bootstrap
2026-07-10,14.60000038,14.60000038,14.60000038,14.60000038,0,0,1,14.60000038,yahoo_bootstrap
2026-07-13,14.80000019,14.85000038,14.44999981,14.44999981,698059,0,1,14.44999981,yahoo_bootstrap
2026-07-14,14.60000038,14.64999962,14.05000019,14.10000038,1748563,0,1,14.10000038,yahoo_bootstrap
2026-07-15,14.25,14.55000019,14.19999981,14.44999981,745782,0,1,14.44999981,yahoo_bootstrap
2026-07-16,14.44999981,14.44999981,14.25,14.30000019,387892,0,1,14.30000019,yahoo_bootstrap
2026-07-17,14.25,14.25,13.55000019,13.55000019,3335914,0,1,13.55000019,yahoo_bootstrap
2026-07-20,13.69999981,13.89999962,13.39999962,13.60000038,1961000,0,1,13.60000038,yahoo_bootstrap
2026-07-21,13.75,14.05000019,13.69999981,13.85000038,963666,0,1,13.85000038,yahoo_bootstrap
2026-07-22,14,14.10000038,13.80000019,13.85000038,1110375,0,1,13.85000038,yahoo_bootstrap
2026-07-23,13.94999981,14.05000019,13.55000019,13.64999962,1202744,0,1,13.64999962,yahoo_bootstrap
2026-07-24,13.75,13.85000038,13.64999962,13.75,1107339,0,1,13.75,yahoo_bootstrap
2026-07-27,13.85000038,13.89999962,13.60000038,13.64999962,930100,0,1,13.64999962,yahoo_daily
2026-07-28,13.60000038,13.60000038,13.30000019,13.35000038,1096653,0,1,13.35000038,yahoo_daily
2026-07-29,13.35000038,13.39999962,12.80000019,13,3056254,0,1,13,yahoo_daily
2026-07-30,13.05000019,13.10000038,12.80000019,12.89999962,1112000,0,1,12.89999962,yahoo_daily
2026-07-31,13.10000038,13.35000038,13,13.05000019,1235139,0,1,13.05000019,yahoo_daily
2026-08-03,13.05000019,13.25,12.85000038,13.19999981,564606,0,1,13.19999981,yahoo_daily
2026-08-04,13.10000038,13.30000019,13.05000019,13.25,561778,0,1,13.25,yahoo_daily
2026-08-05,13.35000038,13.5,13.14999962,13.25,1333488,0,1,13.25,yahoo_daily
2026-08-06,13.35000038,13.35000038,13.10000038,13.25,822189,0,1,13.25,yahoo_daily
2026-08-07,13.30000019,13.35000038,13.14999962,13.25,712755,0,1,13.25,yahoo_daily
2026-08-10,13.39999962,14.14999962,13.39999962,14.10000038,2776604,0,1,14.10000038,yahoo_daily
2026-08-11,14.10000038,14.14999962,13.85000038,13.94999981,858330,0,1,13.94999981,yahoo_daily
2026-08-12,14.64999962,14.75,14.30000019,14.30000019,1992762,0,1,14.30000019,yahoo_daily
2026-08-13,14.39999962,14.39999962,13.94999981,14,875537,0,1,14,yahoo_daily
2026-08-14,14,14.19999981,13.85000038,14.10000038,1379992,0,1,14.10000038,yahoo_daily
2026-08-17,14.19999981,14.5,14.10000038,14.5,2443641,0,1,14.5,yahoo_daily
2026-08-18,14.64999962,15.94999981,14.55000019,15.94999981,14555729,0,1,15.94999981,yahoo_daily
2026-08-19,16.20000076,17.5,15.60000038,17.5,36105051,0,1,17.5,yahoo_daily
2026-08-20,18.35000038,18.35000038,16.60000038,17.04999924,36745178,0,1,17.04999924,yahoo_daily
2026-08-21,17.14999962,18.75,16.79999924,18.75,54778580,0,1,18.75,yahoo_daily
2026-08-24,19.04999924,19.5,18,18,46982836,0,1,18,yahoo_daily
2026-08-25,17.95000076,19.45000076,17.79999924,18.10000038,55273804,0,1,18.10000038,yahoo_daily
2026-08-26,18.10000038,18.45000076,16.75,17.04999924,23103620,0,1,17.04999924,yahoo_daily
