date,open,high,low,close,volume,dividend,split_factor,adjusted_close,source
2021-09-01,42.85923767,44.08099747,42.85923767,43.64116287,5171153,0,1,35.53697316,yahoo_bootstrap
2021-09-02,43.20133209,43.78777313,42.71262741,42.7614975,2674159,0,1,34.82066217,yahoo_bootstrap
2021-09-03,43.00585175,43.78777313,43.00585175,43.69003296,3346855,0,1,35.57676804,yahoo_bootstrap
2021-09-06,43.69003296,44.22760773,43.34794235,44.03212738,4672546,0,1,35.85533533,yahoo_bootstrap
2021-09-07,43.73890305,44.81405258,43.73890305,44.17873764,3554224,0,1,35.97471997,yahoo_bootstrap
2021-09-08,44.27647781,44.56969833,43.93438339,44.56969833,3577574,0,1,36.29307903,yahoo_bootstrap
2021-09-09,44.37421799,44.71630859,43.73890305,44.71630859,4037648,0,1,36.41246368,yahoo_bootstrap
2021-09-10,44.61856842,44.91179276,44.37421799,44.71630859,3152252,0,1,36.41246368,yahoo_bootstrap
2021-09-13,44.71630859,44.71630859,44.08099747,44.52082825,1168638,0,1,36.25328416,yahoo_bootstrap
2021-09-14,44.37421799,44.66743851,44.12986755,44.61856842,2703488,0,1,36.33287392,yahoo_bootstrap
2021-09-15,44.56969833,44.71630859,44.12986755,44.71630859,5151534,0,1,36.41246368,yahoo_bootstrap
2021-09-16,44.56969833,45.40049362,44.42308807,44.96066284,5548864,0,1,36.6114412,yahoo_bootstrap
2021-09-17,44.86292267,45.1072731,44.3253479,44.3253479,6256243,0,1,36.09410462,yahoo_bootstrap
2021-09-22,43.20133209,43.49455261,42.61488724,42.61488724,6189910,0,1,34.70127752,yahoo_bootstrap
2021-09-23,42.7614975,43.69003296,42.71262741,43.5434227,2624812,0,1,35.45738339,yahoo_bootstrap
2021-09-24,43.98325729,44.27647781,43.29907227,43.59229279,1905767,0,1,35.49717828,yahoo_bootstrap
2021-09-27,43.49455261,44.17873764,43.29907227,43.78777313,3504716,0,1,35.6563578,yahoo_bootstrap
2021-09-28,43.20133209,43.49455261,42.7614975,43.44568253,3585921,0,1,35.37779363,yahoo_bootstrap
2021-09-29,43.29907227,43.29907227,42.51714706,43.05472183,4260770,0,1,35.05943456,yahoo_bootstrap
2021-09-30,42.71262741,43.49455261,42.51714706,43.39681244,3557920,0,1,35.33799875,yahoo_bootstrap
2021-10-01,42.71262741,43.15246201,42.12618637,42.32166672,4447194,0,1,34.46250822,yahoo_bootstrap
2021-10-04,42.3705368,42.71262741,42.02844238,42.51714706,2102985,0,1,34.62168775,yahoo_bootstrap
2021-10-05,42.51714706,42.51714706,41.88183212,42.12618637,1444259,0,1,34.30332869,yahoo_bootstrap
2021-10-06,42.27279663,42.81036758,41.78409195,42.32166672,3573031,0,1,34.46250822,yahoo_bootstrap
2021-10-07,43.00585175,43.49455261,42.56601715,43.20133209,3525935,0,1,35.17881921,yahoo_bootstrap
2021-10-08,43.15246201,43.15246201,42.51714706,42.51714706,1622430,0,1,34.62168775,yahoo_bootstrap
2021-10-12,41.83296204,43.00585175,41.63748169,42.81036758,5063236,0,1,34.86045704,yahoo_bootstrap
2021-10-13,43.00585175,43.00585175,42.51714706,42.90810776,1316301,0,1,34.94004681,yahoo_bootstrap
2021-10-14,43.00585175,43.15246201,42.66375732,42.71262741,1284215,0,1,34.78086728,yahoo_bootstrap
2021-10-15,42.61488724,43.49455261,42.61488724,43.44568253,2440109,0,1,35.37779363,yahoo_bootstrap
2021-10-18,42.95698166,43.88551331,42.95698166,43.44568253,1750737,0,1,35.37779363,yahoo_bootstrap
2021-10-19,43.59229279,43.83664322,43.20133209,43.5434227,2229598,0,1,35.45738339,yahoo_bootstrap
2021-10-20,43.5434227,43.93438339,43.34794235,43.93438339,2243591,0,1,35.77574245,yahoo_bootstrap
2021-10-21,43.88551331,44.22760773,43.69003296,43.78777313,4428802,0,1,35.6563578,yahoo_bootstrap
2021-10-22,43.78777313,43.88551331,43.39681244,43.39681244,764270,0,1,35.33799875,yahoo_bootstrap
2021-10-25,43.10359192,43.88551331,43.10359192,43.59229279,1648977,0,1,35.49717828,yahoo_bootstrap
2021-10-26,43.5434227,43.98325729,43.49455261,43.88551331,4327643,0,1,35.73594758,yahoo_bootstrap
2021-10-27,43.44568253,44.03212738,43.44568253,43.88551331,2561575,0,1,35.73594758,yahoo_bootstrap
2021-10-28,43.98325729,44.03212738,43.29907227,43.39681244,1217343,0,1,35.33799875,yahoo_bootstrap
2021-10-29,43.20133209,43.39681244,42.85923767,43.00585175,3815691,0,1,35.01963969,yahoo_bootstrap
2021-11-01,43.00585175,43.34794235,43.00585175,43.29907227,1529881,0,1,35.25840898,yahoo_bootstrap
2021-11-02,43.49455261,43.88551331,43.00585175,43.39681244,2283864,0,1,35.33799875,yahoo_bootstrap
2021-11-03,43.00585175,43.34794235,42.81036758,43.00585175,1922538,0,1,35.01963969,yahoo_bootstrap
2021-11-04,43.25020218,43.39681244,43.10359192,43.15246201,1249565,0,1,35.13902433,yahoo_bootstrap
2021-11-05,42.81036758,43.59229279,42.81036758,43.59229279,1616901,0,1,35.49717828,yahoo_bootstrap
2021-11-08,43.59229279,43.88551331,43.29907227,43.5434227,1513910,0,1,35.45738339,yahoo_bootstrap
2021-11-09,43.69003296,43.98325729,43.25020218,43.93438339,1849620,0,1,35.77574245,yahoo_bootstrap
2021-11-10,43.93438339,43.93438339,43.5434227,43.69003296,1518438,0,1,35.57676804,yahoo_bootstrap
2021-11-11,43.83664322,43.93438339,43.64116287,43.88551331,1294582,0,1,35.73594758,yahoo_bootstrap
2021-11-12,43.98325729,44.17873764,43.83664322,44.17873764,2686560,0,1,35.97471997,yahoo_bootstrap
2021-11-15,44.17873764,44.66743851,44.08099747,44.56969833,2803772,0,1,36.29307903,yahoo_bootstrap
2021-11-16,44.61856842,44.86292267,44.3253479,44.86292267,2912931,0,1,36.53185144,yahoo_bootstrap
2021-11-17,44.52082825,44.86292267,44.22760773,44.56969833,2243740,0,1,36.29307903,yahoo_bootstrap
2021-11-18,44.76517868,45.64484406,44.76517868,45.64484406,8217412,0,1,37.16856957,yahoo_bootstrap
2021-11-19,45.69371414,45.69371414,45.30275345,45.69371414,2612369,0,1,37.20836444,yahoo_bootstrap
2021-11-22,45.59597397,45.93806839,45.20501328,45.93806839,3247475,0,1,37.40734197,yahoo_bootstrap
2021-11-23,45.84032822,45.93806839,45.40049362,45.8891983,3047709,0,1,37.36754708,yahoo_bootstrap
2021-11-24,46.23128891,47.0620842,46.03580856,46.47563934,3599318,0,1,37.84508567,yahoo_bootstrap
2021-11-25,46.42676926,46.42676926,45.69371414,46.13354874,2441132,0,1,37.5665215,yahoo_bootstrap
2021-11-26,45.64484406,45.64484406,44.56969833,44.71630859,5040262,0,1,36.41246368,yahoo_bootstrap
2021-11-29,44.17873764,45.05840302,44.17873764,44.71630859,3868112,0,1,36.41246368,yahoo_bootstrap
2021-11-30,44.52082825,45.59597397,44.27647781,45.30275345,10131778,0,1,36.89000538,yahoo_bootstrap
2021-12-01,44.47195816,45.74258423,44.47195816,45.4982338,2692823,0,1,37.04918492,yahoo_bootstrap
2021-12-02,45.00953293,45.93806839,44.96066284,45.93806839,3112159,0,1,37.40734197,yahoo_bootstrap
2021-12-03,45.54710388,45.93806839,45.35162354,45.8891983,2241014,0,1,37.36754708,yahoo_bootstrap
2021-12-06,45.40049362,45.93806839,45.40049362,45.74258423,2370125,0,1,37.24815933,yahoo_bootstrap
2021-12-07,45.44936371,46.42676926,45.30275345,46.42676926,4264031,0,1,37.8052908,yahoo_bootstrap
2021-12-08,46.42676926,46.81773376,46.13354874,46.71999359,3649577,0,1,38.04406319,yahoo_bootstrap
2021-12-09,46.71999359,46.71999359,46.37789917,46.6222496,2107044,0,1,37.96447032,yahoo_bootstrap
2021-12-10,46.08467865,46.42676926,45.98693848,45.98693848,1778137,0,1,37.44713685,yahoo_bootstrap
2021-12-13,45.98693848,46.32902908,45.54710388,46.03580856,2380487,0,1,37.48693173,yahoo_bootstrap
2021-12-14,45.59597397,45.93806839,45.40049362,45.93806839,3122844,0,1,37.40734197,yahoo_bootstrap
2021-12-15,45.59597397,45.93806839,45.44936371,45.79145432,2964500,0,1,37.28795421,yahoo_bootstrap
2021-12-16,45.79145432,45.93806839,45.59597397,45.93806839,2435981,0,1,37.40734197,yahoo_bootstrap
2021-12-17,45.93806839,46.280159,45.74258423,46.280159,3289091,0,1,37.68590615,yahoo_bootstrap
2021-12-20,45.59597397,45.84032822,45.35162354,45.74258423,2779590,0,1,37.24815933,yahoo_bootstrap
2021-12-21,45.59597397,46.52450943,45.59597397,45.79145432,2467646,0,1,37.28795421,yahoo_bootstrap
2021-12-22,46.23128891,46.23128891,45.64484406,45.93806839,1950595,0,1,37.40734197,yahoo_bootstrap
2021-12-23,46.23128891,46.52450943,45.93806839,46.32902908,2609066,0,1,37.72570102,yahoo_bootstrap
2021-12-24,46.13354874,46.47563934,46.13354874,46.32902908,1169897,0,1,37.72570102,yahoo_bootstrap
2021-12-27,46.32902908,46.32902908,45.93806839,46.32902908,1057000,0,1,37.72570102,yahoo_bootstrap
2021-12-28,46.32902908,46.42676926,46.08467865,46.23128891,2691655,0,1,37.64611126,yahoo_bootstrap
2021-12-29,46.32902908,46.71999359,46.18241882,46.47563934,3126526,0,1,37.84508567,yahoo_bootstrap
2021-12-30,46.42676926,46.42676926,46.08467865,46.18241882,2402206,0,1,37.60631638,yahoo_bootstrap
2022-01-03,46.47563934,46.6222496,45.98693848,46.08467865,1454754,0,1,37.52672661,yahoo_bootstrap
2022-01-04,46.08467865,46.42676926,45.98693848,46.42676926,1363411,0,1,37.8052908,yahoo_bootstrap
2022-01-05,45.93806839,46.47563934,45.8891983,46.47563934,2223605,0,1,37.84508567,yahoo_bootstrap
2022-01-06,46.23128891,46.76886368,46.23128891,46.76886368,3398091,0,1,38.08385808,yahoo_bootstrap
2022-01-07,46.81773376,47.20869446,46.71999359,47.11095428,5224908,0,1,38.36242225,yahoo_bootstrap
2022-01-10,46.91547394,47.15982437,46.71999359,47.15982437,2708670,0,1,38.40221714,yahoo_bootstrap
2022-01-11,47.15982437,47.59965515,47.0620842,47.59965515,7534321,0,1,38.76037108,yahoo_bootstrap
2022-01-12,47.74626923,48.96802521,47.59965515,48.87028503,16849250,0,1,39.79504424,yahoo_bootstrap
2022-01-13,48.87028503,49.16350555,46.52450943,48.52819061,14868455,0,1,39.51647696,yahoo_bootstrap
2022-01-14,48.47932053,49.16350555,47.25756454,47.50191498,8768978,0,1,38.68078132,yahoo_bootstrap
2022-01-17,46.96434402,47.50191498,46.96434402,47.35530472,5197719,0,1,38.56139667,yahoo_bootstrap
2022-01-18,47.35530472,47.89287949,47.11095428,47.4041748,3865358,0,1,38.60119155,yahoo_bootstrap
2022-01-19,47.25756454,47.8440094,47.15982437,47.4041748,4125922,0,1,38.60119155,yahoo_bootstrap
2022-01-20,47.45304489,47.79513931,47.20869446,47.35530472,4754648,0,1,38.56139667,yahoo_bootstrap
2022-01-21,46.81773376,47.45304489,46.03580856,46.47563934,4617680,0,1,37.84508567,yahoo_bootstrap
2022-01-24,46.03580856,46.86660385,45.74258423,46.57337952,3142993,0,1,37.92467544,yahoo_bootstrap
2022-01-25,45.84032822,46.42676926,45.30275345,46.08467865,6704518,0,1,37.52672661,yahoo_bootstrap
2022-01-26,46.280159,46.67111969,43.49455261,45.20501328,11357955,0,1,36.81041562,yahoo_bootstrap
2022-02-07,44.91179276,46.86660385,44.86292267,46.86660385,8210713,0,1,38.16344784,yahoo_bootstrap
2022-02-08,46.86660385,47.8440094,46.81773376,47.69739532,4032674,0,1,38.83996085,yahoo_bootstrap
2022-02-09,47.50191498,47.99061966,47.25756454,47.79513931,5274112,0,1,38.91955372,yahoo_bootstrap
2022-02-10,47.35530472,47.8440094,46.96434402,47.8440094,3925743,0,1,38.9593486,yahoo_bootstrap
2022-02-11,47.25756454,48.18610001,47.25756454,48.18610001,2555598,0,1,39.23791279,yahoo_bootstrap
2022-02-14,47.8440094,48.03948975,47.4041748,48.03948975,3219051,0,1,39.11852814,yahoo_bootstrap
2022-02-15,47.59965515,47.64852524,47.15982437,47.20869446,2157558,0,1,38.44201202,yahoo_bootstrap
2022-02-16,47.20869446,47.74626923,47.01321411,47.01321411,2447609,0,1,38.28283249,yahoo_bootstrap
2022-02-17,46.96434402,47.89287949,46.96434402,47.64852524,3923921,0,1,38.80016597,yahoo_bootstrap
2022-02-18,47.20869446,47.59965515,46.91547394,46.91547394,2473691,0,1,38.20324273,yahoo_bootstrap
2022-02-21,46.71999359,47.20869446,46.57337952,47.15982437,1792692,0,1,38.40221714,yahoo_bootstrap
2022-02-22,46.76886368,46.76886368,45.79145432,46.08467865,5019485,0,1,37.52672661,yahoo_bootstrap
2022-02-23,46.03580856,46.47563934,45.98693848,46.37789917,1973062,0,1,37.76549591,yahoo_bootstrap
2022-02-24,45.59597397,45.74258423,44.96066284,45.20501328,4799973,0,1,36.81041562,yahoo_bootstrap
2022-02-25,45.05840302,45.25388336,44.56969833,44.76517868,8734862,0,1,36.45225857,yahoo_bootstrap
2022-03-01,45.79145432,46.67111969,45.05840302,46.47563934,5901444,0,1,37.84508567,yahoo_bootstrap
2022-03-02,46.08467865,46.6222496,45.79145432,46.57337952,3126155,0,1,37.92467544,yahoo_bootstrap
2022-03-03,46.37789917,46.52450943,46.03580856,46.42676926,2488946,0,1,37.8052908,yahoo_bootstrap
2022-03-04,45.4982338,45.98693848,45.15614319,45.84032822,2350511,0,1,37.3277522,yahoo_bootstrap
2022-03-07,44.96066284,45.74258423,43.98325729,44.42308807,6209711,0,1,36.17369439,yahoo_bootstrap
2022-03-08,43.98325729,44.42308807,43.73890305,43.78777313,4762988,0,1,35.6563578,yahoo_bootstrap
2022-03-09,44.12986755,44.56969833,44.08099747,44.17873764,2651006,0,1,35.97471997,yahoo_bootstrap
2022-03-10,44.27647781,45.74258423,44.27647781,45.74258423,5116011,0,1,37.24815933,yahoo_bootstrap
2022-03-11,45.74258423,45.74258423,44.66743851,44.66743851,1981900,0,1,36.3726688,yahoo_bootstrap
2022-03-14,44.96066284,45.25388336,44.86292267,45.20501328,2789875,0,1,36.81041562,yahoo_bootstrap
2022-03-15,45.25388336,45.30275345,44.71630859,45.15614319,2587871,0,1,36.77062074,yahoo_bootstrap
2022-03-16,44.47195816,45.74258423,44.47195816,45.74258423,3774722,0,1,37.24815933,yahoo_bootstrap
2022-03-17,47.11095428,47.15982437,46.280159,47.0620842,7472602,0,1,38.32262738,yahoo_bootstrap
2022-03-18,47.20869446,47.69739532,46.91547394,47.69739532,6972211,0,1,38.83996085,yahoo_bootstrap
2022-03-21,47.59965515,47.94174957,47.45304489,47.69739532,3098778,0,1,38.83996085,yahoo_bootstrap
2022-03-22,47.69739532,47.94174957,47.35530472,47.94174957,3400853,0,1,39.03893837,yahoo_bootstrap
2022-03-23,47.94174957,48.72367477,47.8440094,48.72367477,6596668,0,1,39.6756596,yahoo_bootstrap
2022-03-24,48.47932053,48.87028503,48.13722992,48.87028503,7094914,0,1,39.79504424,yahoo_bootstrap
2022-03-25,47.89287949,48.72367477,47.89287949,48.43045044,3592082,0,1,39.4368872,yahoo_bootstrap
2022-03-28,47.4041748,48.5770607,47.4041748,48.5770607,2657118,0,1,39.55627184,yahoo_bootstrap
2022-03-29,48.47932053,48.77254486,48.08835983,48.77254486,2890488,0,1,39.71545448,yahoo_bootstrap
2022-03-30,48.77254486,49.16350555,48.6259346,49.16350555,6871756,0,1,40.03381354,yahoo_bootstrap
2022-03-31,49.16350555,49.3589859,48.96802521,49.06576538,4249545,0,1,39.95422378,yahoo_bootstrap
2022-04-01,47.89287949,48.96802521,47.89287949,48.82141495,4025399,0,1,39.75524937,yahoo_bootstrap
2022-04-06,48.87028503,49.84769058,48.47932053,49.84769058,8269081,0,1,40.59094501,yahoo_bootstrap
2022-04-07,49.06576538,49.45672989,47.94174957,47.94174957,4804497,0,1,39.03893837,yahoo_bootstrap
2022-04-08,48.38158035,48.96802521,48.28384018,48.96802521,2339166,0,1,39.87463401,yahoo_bootstrap
2022-04-11,48.96802521,49.55446625,48.47932053,49.3589859,5223016,0,1,40.19299307,yahoo_bootstrap
2022-04-12,48.96802521,49.55446625,48.82141495,49.16350555,3195400,0,1,40.03381354,yahoo_bootstrap
2022-04-13,49.3589859,49.84769058,49.16350555,49.84769058,4028583,0,1,40.59094501,yahoo_bootstrap
2022-04-14,49.84769058,49.84769058,48.5770607,48.6259346,3113635,0,1,39.59606983,yahoo_bootstrap
2022-04-15,48.82141495,49.06576538,48.23497009,48.43045044,2349526,0,1,39.4368872,yahoo_bootstrap
2022-04-18,47.89287949,48.38158035,47.50191498,47.99061966,3086953,0,1,39.07873325,yahoo_bootstrap
2022-04-19,48.03948975,48.96802521,47.74626923,47.79513931,2971294,0,1,38.91955372,yahoo_bootstrap
2022-04-20,47.79513931,48.6259346,47.55078888,48.43045044,4881976,0,1,39.4368872,yahoo_bootstrap
2022-04-21,48.77254486,48.77254486,47.74626923,48.13722992,2698259,0,1,39.1981179,yahoo_bootstrap
2022-04-22,47.50191498,48.6259346,47.50191498,48.5770607,3224421,0,1,39.55627184,yahoo_bootstrap
2022-04-25,47.59965515,48.03948975,47.01321411,47.45304489,4113571,0,1,38.64098643,yahoo_bootstrap
2022-04-26,47.35530472,48.77254486,47.35530472,48.28384018,3076432,0,1,39.31750255,yahoo_bootstrap
2022-04-27,47.59965515,47.99061966,47.0620842,47.0620842,3288097,0,1,38.32262738,yahoo_bootstrap
2022-04-28,47.01321411,47.64852524,46.42676926,47.64852524,5770681,0,1,38.80016597,yahoo_bootstrap
2022-04-29,47.20869446,47.99061966,47.20869446,47.89287949,2838444,0,1,38.99914349,yahoo_bootstrap
2022-05-03,47.94174957,47.99061966,47.25756454,47.50191498,993584,0,1,38.68078132,yahoo_bootstrap
2022-05-04,47.59965515,47.59965515,47.01321411,47.01321411,1311723,0,1,38.28283249,yahoo_bootstrap
2022-05-05,47.59965515,48.28384018,47.35530472,47.50191498,3325317,0,1,38.68078132,yahoo_bootstrap
2022-05-06,46.81773376,47.59965515,46.52450943,47.25756454,5148634,0,1,38.4818069,yahoo_bootstrap
2022-05-09,46.280159,46.57337952,45.79145432,45.93806839,4531669,0,1,37.40734197,yahoo_bootstrap
2022-05-10,45.84032822,46.91547394,45.74258423,46.23128891,4236577,0,1,37.64611126,yahoo_bootstrap
2022-05-11,45.84032822,45.93806839,45.30275345,45.79145432,4117220,0,1,37.28795421,yahoo_bootstrap
2022-05-12,45.69371414,45.69371414,44.76517868,44.91179276,2675024,0,1,36.57164633,yahoo_bootstrap
2022-05-13,45.59597397,45.79145432,45.00953293,45.74258423,3597460,0,1,37.24815933,yahoo_bootstrap
2022-05-16,46.13354874,46.23128891,44.76517868,45.20501328,3225504,0,1,36.81041562,yahoo_bootstrap
2022-05-17,45.40049362,45.59597397,44.81405258,45.35162354,2736728,0,1,36.92980027,yahoo_bootstrap
2022-05-18,45.00953293,46.23128891,45.00953293,46.23128891,3467573,0,1,37.64611126,yahoo_bootstrap
2022-05-19,45.59597397,45.64484406,44.96066284,45.44936371,4560296,0,1,37.00939003,yahoo_bootstrap
2022-05-20,45.69371414,47.4041748,45.44936371,47.11095428,7766530,0,1,38.36242225,yahoo_bootstrap
2022-05-23,47.4041748,48.72367477,47.01321411,48.52819061,12367773,0,1,39.51647696,yahoo_bootstrap
2022-05-24,48.52819061,49.3589859,48.38158035,48.87028503,10409647,0,1,39.79504424,yahoo_bootstrap
2022-05-25,48.87028503,49.45672989,48.18610001,48.18610001,13558992,0,1,39.23791279,yahoo_bootstrap
2022-05-26,48.5770607,49.16350555,48.43045044,48.96802521,7316065,0,1,39.87463401,yahoo_bootstrap
2022-05-27,49.3589859,49.94543076,48.87028503,49.74995041,13340560,0,1,40.51135524,yahoo_bootstrap
2022-05-30,49.74995041,50.72735596,49.55446625,49.55446625,13499505,0,1,40.35217261,yahoo_bootstrap
2022-05-31,49.55446625,50.72735596,49.45672989,49.45672989,20161893,0,1,40.27258595,yahoo_bootstrap
2022-06-01,49.74995041,50.72735596,49.65221024,50.53187561,11120865,0,1,41.14807647,yahoo_bootstrap
2022-06-02,50.23865128,51.02057648,50.23865128,50.72735596,7638574,0,1,41.30725601,yahoo_bootstrap
2022-06-06,50.72735596,51.60702133,50.33639145,51.313797,7273054,0,1,41.7847946,yahoo_bootstrap
2022-06-07,51.313797,51.80250168,50.82509613,51.41153717,8662436,0,1,41.86438436,yahoo_bootstrap
2022-06-08,51.313797,51.80250168,51.11831665,51.60702133,4750731,0,1,42.023567,yahoo_bootstrap
2022-06-09,51.313797,51.60702133,50.53187561,51.02057648,4550928,0,1,41.5460253,yahoo_bootstrap
2022-06-10,50.23865128,51.60702133,50.04317093,50.9228363,4931240,0,1,41.46643553,yahoo_bootstrap
2022-06-13,49.94543076,50.04317093,49.16350555,49.55446625,10424906,0,1,40.35217261,yahoo_bootstrap
2022-06-14,50.1409111,50.72735596,49.3589859,50.23865128,5073759,0,1,40.90930407,yahoo_bootstrap
2022-06-15,49.94543076,51.50928116,49.94543076,51.11831665,7006399,0,1,41.62561506,yahoo_bootstrap
2022-06-16,51.60702133,51.90024185,51.11831665,51.313797,5449346,0,1,41.7847946,yahoo_bootstrap
2022-06-17,51.02057648,51.313797,50.33639145,51.02057648,7121169,0,1,41.5460253,yahoo_bootstrap
2022-06-20,50.62961578,51.80250168,49.94543076,50.62961578,6167203,0,1,41.22766623,yahoo_bootstrap
2022-06-21,51.41153717,51.90024185,50.9228363,51.90024185,5164683,0,1,42.26233629,yahoo_bootstrap
2022-06-22,51.60702133,52.19346237,51.11831665,51.70476151,4709713,0,1,42.10315677,yahoo_bootstrap
2022-06-23,52.19346237,53.07312775,51.99798203,52.77990723,8615272,0,1,42.97864729,yahoo_bootstrap
2022-06-24,53.17086792,53.36634827,52.0957222,52.68216705,6344891,0,1,42.89905752,yahoo_bootstrap
2022-06-27,52.8776474,53.56183243,52.68216705,53.07312775,5482033,0,1,43.21741659,yahoo_bootstrap
2022-06-28,53.46409225,53.56183243,52.48668671,53.17086792,4215790,0,1,43.29700635,yahoo_bootstrap
2022-06-29,52.48668671,53.46409225,52.38894653,53.26860809,6661231,0,1,43.37659611,yahoo_bootstrap
2022-06-30,52.77990723,52.97538757,51.60702133,51.90024185,7742993,0,1,42.26233629,yahoo_bootstrap
2022-07-01,52.29120255,52.48668671,50.62961578,50.82509613,7278921,0,1,41.38684577,yahoo_bootstrap
2022-07-04,52.0957222,52.68216705,50.53187561,51.21605682,4490218,0,1,41.70520483,yahoo_bootstrap
2022-07-05,51.80250168,51.99798203,51.02057648,51.313797,5592152,0,1,41.7847946,yahoo_bootstrap
2022-07-06,51.60702133,51.60702133,49.74995041,49.94543076,6448474,0,1,40.67053478,yahoo_bootstrap
2022-07-07,47.79513931,48.77254486,47.4041748,48.5770607,6645825,1.75933,1,41.00051686,yahoo_bootstrap
2022-07-08,48.5770607,49.16350555,48.33271027,48.67480469,4045216,0,1,41.08301576,yahoo_bootstrap
2022-07-11,48.87028503,48.87028503,48.08835983,48.6259346,2298124,0,1,41.04176792,yahoo_bootstrap
2022-07-12,48.08835983,48.08835983,46.76886368,47.69739532,4700445,0,1,40.25805252,yahoo_bootstrap
2022-07-13,47.89287949,48.28384018,46.91547394,47.74626923,5645462,0,1,40.29930359,yahoo_bootstrap
2022-07-14,47.35530472,47.69739532,46.81773376,47.50191498,5128749,0,1,40.09306117,yahoo_bootstrap
2022-07-15,46.96434402,47.0620842,46.280159,46.37789917,3867636,0,1,39.14435763,yahoo_bootstrap
2022-07-18,46.37789917,46.91547394,45.98693848,46.91547394,3488156,0,1,39.59808709,yahoo_bootstrap
2022-07-19,47.11095428,47.35530472,46.76886368,46.96434402,2802337,0,1,39.63933492,yahoo_bootstrap
2022-07-20,47.15982437,47.64852524,46.52450943,46.81773376,3785027,0,1,39.51559141,yahoo_bootstrap
2022-07-21,47.94174957,47.94174957,46.52450943,47.45304489,3606070,0,1,40.05181332,yahoo_bootstrap
2022-07-22,47.11095428,47.89287949,46.91547394,47.79513931,2421040,0,1,40.34055142,yahoo_bootstrap
2022-07-25,47.79513931,48.28384018,47.4041748,48.18610001,2226717,0,1,40.67053414,yahoo_bootstrap
2022-07-26,47.8440094,48.87028503,47.74626923,48.67480469,2713194,0,1,41.08301576,yahoo_bootstrap
2022-07-27,48.87028503,48.87028503,48.03948975,48.77254486,3018039,0,1,41.16551144,yahoo_bootstrap
2022-07-28,48.87028503,48.87028503,48.43045044,48.82141495,1963217,0,1,41.20675928,yahoo_bootstrap
2022-07-29,49.16350555,49.16350555,48.72367477,48.96802521,4073074,0,1,41.3305028,yahoo_bootstrap
2022-08-01,48.72367477,49.45672989,48.5770607,49.3589859,3654576,0,1,41.66048551,yahoo_bootstrap
2022-08-02,48.38158035,49.26124573,48.23497009,48.77254486,4668706,0,1,41.16551144,yahoo_bootstrap
2022-08-03,48.82141495,49.16350555,48.18610001,48.96802521,3829641,0,1,41.3305028,yahoo_bootstrap
2022-08-04,48.96802521,49.45672989,48.43045044,48.77254486,2778290,0,1,41.16551144,yahoo_bootstrap
2022-08-05,49.3589859,49.94543076,48.96802521,49.94543076,3747151,0,1,42.15546281,yahoo_bootstrap
2022-08-08,50.1409111,50.43413162,49.26124573,50.43413162,3325354,0,1,42.5679412,yahoo_bootstrap
2022-08-09,50.53187561,51.02057648,50.43413162,50.9228363,2570194,0,1,42.98042282,yahoo_bootstrap
2022-08-10,50.82509613,51.70476151,50.43413162,51.60702133,3048414,0,1,43.5578958,yahoo_bootstrap
2022-08-11,51.90024185,51.90024185,51.41153717,51.80250168,2481888,0,1,43.72288716,yahoo_bootstrap
2022-08-12,51.80250168,51.80250168,50.82509613,51.50928116,2218718,0,1,43.47540012,yahoo_bootstrap
2022-08-15,51.21605682,51.313797,50.43413162,50.82509613,4802684,0,1,42.89792714,yahoo_bootstrap
2022-08-16,50.72735596,50.9228363,50.04317093,50.72735596,5470255,0,1,42.81543147,yahoo_bootstrap
2022-08-17,50.72735596,51.60702133,50.43413162,51.50928116,8619259,0,1,43.47540012,yahoo_bootstrap
2022-08-18,50.9228363,50.9228363,49.26124573,49.45672989,6393733,0,1,41.74298441,yahoo_bootstrap
2022-08-19,49.06576538,50.1409111,48.77254486,49.84769058,5125097,0,1,42.07296713,yahoo_bootstrap
2022-08-22,49.06576538,50.23865128,49.06576538,49.84769058,1041532,0,1,42.07296713,yahoo_bootstrap
2022-08-23,49.55446625,49.74995041,49.06576538,49.45672989,2843915,0,1,41.74298441,yahoo_bootstrap
2022-08-24,49.74995041,49.84769058,49.16350555,49.45672989,2778666,0,1,41.74298441,yahoo_bootstrap
2022-08-25,49.55446625,50.04317093,49.06576538,49.45672989,3249607,0,1,41.74298441,yahoo_bootstrap
2022-08-26,49.65221024,49.65221024,48.96802521,49.26124573,1809875,0,1,41.57798984,yahoo_bootstrap
2022-08-29,48.28384018,48.96802521,48.18610001,48.47932053,4412449,0,1,40.91802118,yahoo_bootstrap
2022-08-30,48.33271027,48.67480469,47.94174957,48.33271027,5170647,0,1,40.79427766,yahoo_bootstrap
2022-08-31,48.08835983,49.16350555,47.99061966,48.67480469,14602248,0,1,41.08301576,yahoo_bootstrap
2022-09-01,47.99061966,48.13722992,47.20869446,47.55078888,6994918,0,1,40.13431223,yahoo_bootstrap
2022-09-02,47.55078888,48.03948975,47.30643463,47.55078888,3733173,0,1,40.13431223,yahoo_bootstrap
2022-09-05,47.94174957,48.08835983,47.45304489,47.89287949,5196687,0,1,40.42304711,yahoo_bootstrap
2022-09-06,48.33271027,48.43045044,47.69739532,48.43045044,4255225,0,1,40.87677334,yahoo_bootstrap
2022-09-07,47.89287949,48.33271027,47.4041748,47.45304489,4839337,0,1,40.05181332,yahoo_bootstrap
2022-09-08,47.79513931,48.13722992,47.20869446,48.13722992,3225258,0,1,40.6292863,yahoo_bootstrap
2022-09-12,48.87028503,48.87028503,47.8440094,48.43045044,4222995,0,1,40.87677334,yahoo_bootstrap
2022-09-13,48.67480469,48.82141495,48.23497009,48.47932053,2804370,0,1,40.91802118,yahoo_bootstrap
2022-09-14,48.13722992,48.13722992,47.45304489,47.45304489,3535013,0,1,40.05181332,yahoo_bootstrap
2022-09-15,47.4041748,48.23497009,47.20869446,48.13722992,4766275,0,1,40.6292863,yahoo_bootstrap
2022-09-16,47.55078888,48.08835983,47.45304489,47.64852524,8755756,0,1,40.21680469,yahoo_bootstrap
2022-09-19,47.74626923,48.08835983,47.50191498,47.64852524,2739335,0,1,40.21680469,yahoo_bootstrap
2022-09-20,47.69739532,47.79513931,47.4041748,47.59965515,3180765,0,1,40.17555684,yahoo_bootstrap
2022-09-21,47.74626923,47.8440094,47.50191498,47.64852524,3790905,0,1,40.21680469,yahoo_bootstrap
2022-09-22,47.30643463,47.74626923,46.57337952,47.50191498,7112728,0,1,40.09306117,yahoo_bootstrap
2022-09-23,47.8440094,48.77254486,47.55078888,48.5770607,7097179,0,1,41.00051686,yahoo_bootstrap
2022-09-26,48.67480469,48.67480469,47.59965515,47.59965515,4804724,0,1,40.17555684,yahoo_bootstrap
2022-09-27,48.43045044,48.52819061,47.74626923,48.13722992,4749444,0,1,40.6292863,yahoo_bootstrap
2022-09-28,48.43045044,48.47932053,47.4041748,47.59965515,4435005,0,1,40.17555684,yahoo_bootstrap
2022-09-29,47.99061966,48.28384018,47.69739532,48.28384018,5051336,0,1,40.75302982,yahoo_bootstrap
2022-09-30,48.28384018,48.43045044,47.64852524,48.08835983,5179288,0,1,40.58803846,yahoo_bootstrap
2022-10-03,47.50191498,48.18610001,47.50191498,47.59965515,3259374,0,1,40.17555684,yahoo_bootstrap
2022-10-04,47.59965515,47.89287949,47.50191498,47.59965515,2412823,0,1,40.17555684,yahoo_bootstrap
2022-10-05,47.30643463,47.8440094,47.25756454,47.69739532,2592782,0,1,40.25805252,yahoo_bootstrap
2022-10-06,47.94174957,48.33271027,47.89287949,48.23497009,4203871,0,1,40.71178198,yahoo_bootstrap
2022-10-07,47.64852524,47.8440094,47.59965515,47.74626923,2276485,0,1,40.29930359,yahoo_bootstrap
2022-10-11,47.20869446,47.35530472,46.6222496,46.67111969,7285212,0,1,39.39184467,yahoo_bootstrap
2022-10-12,46.32902908,47.30643463,46.32902908,46.96434402,3927718,0,1,39.63933492,yahoo_bootstrap
2022-10-13,46.71999359,47.30643463,46.47563934,46.96434402,7322866,0,1,39.63933492,yahoo_bootstrap
2022-10-14,46.76886368,47.25756454,46.6222496,47.11095428,8243635,0,1,39.76307844,yahoo_bootstrap
2022-10-17,46.91547394,46.91547394,45.79145432,46.280159,6337023,0,1,39.06186196,yahoo_bootstrap
2022-10-18,46.71999359,46.71999359,45.69371414,46.37789917,4310535,0,1,39.14435763,yahoo_bootstrap
2022-10-19,46.03580856,46.32902908,45.64484406,45.64484406,6019229,0,1,38.52563682,yahoo_bootstrap
2022-10-20,44.66743851,45.64484406,44.27647781,45.44936371,11690864,0,1,38.36064546,yahoo_bootstrap
2022-10-21,45.44936371,45.44936371,44.52082825,45.44936371,7360284,0,1,38.36064546,yahoo_bootstrap
2022-10-24,45.79145432,46.03580856,44.76517868,44.96066284,5040363,0,1,37.94816706,yahoo_bootstrap
2022-10-25,44.66743851,44.96066284,43.59229279,44.17873764,8086863,0,1,37.28819841,yahoo_bootstrap
2022-10-26,44.12986755,44.66743851,43.78777313,44.66743851,4232388,0,1,37.70067681,yahoo_bootstrap
2022-10-27,44.61856842,45.1072731,44.47195816,44.47195816,5319928,0,1,37.53568544,yahoo_bootstrap
2022-10-28,44.47195816,44.81405258,44.27647781,44.52082825,4449817,0,1,37.57693329,yahoo_bootstrap
2022-10-31,44.80197906,45.94059372,44.65346527,45.94059372,7237784,0,1,38.77525853,yahoo_bootstrap
2022-11-01,45.54455566,45.84158325,45.19801712,45.69306946,5809522,0,1,38.56634053,yahoo_bootstrap
2022-11-02,45.39603806,45.79207993,44.60395813,45.14851379,6840786,0,1,38.10671898,yahoo_bootstrap
2022-11-03,44.7029686,45.04950333,44.30693054,44.5544548,5069632,0,1,37.60531512,yahoo_bootstrap
2022-11-04,44.15841675,44.65346527,43.81188202,44.65346527,6260062,0,1,37.68888297,yahoo_bootstrap
2022-11-07,44.40594101,45,44.15841675,45,5756465,0,1,37.98136882,yahoo_bootstrap
2022-11-08,45,45,44.35643387,44.85148621,4706744,0,1,37.85601866,yahoo_bootstrap
2022-11-09,44.60395813,44.85148621,44.20792007,44.85148621,7893426,0,1,37.85601866,yahoo_bootstrap
2022-11-10,44.80197906,44.95049667,44.30693054,44.75247574,5705316,0,1,37.77245082,yahoo_bootstrap
2022-11-11,45.09901047,45.79207993,44.85148621,45.54455566,9950817,0,1,38.44099036,yahoo_bootstrap
2022-11-14,45.74257278,46.18811798,45.24752426,45.54455566,9312208,0,1,38.44099036,yahoo_bootstrap
2022-11-15,45.29702759,46.03960419,44.90098953,45.94059372,8070322,0,1,38.77525853,yahoo_bootstrap
2022-11-16,45.64356232,45.94059372,45.19801712,45.34653473,6675605,0,1,38.27385467,yahoo_bootstrap
2022-11-17,45.14851379,45.39603806,44.5544548,44.90098953,4344037,0,1,37.89780097,yahoo_bootstrap
2022-11-18,44.60395813,44.90098953,44.20792007,44.40594101,5202289,0,1,37.47996496,yahoo_bootstrap
2022-11-21,44.45544434,44.65346527,43.96039581,44.65346527,3694528,0,1,37.68888297,yahoo_bootstrap
2022-11-22,44.7029686,44.7029686,44.15841675,44.60395813,4624076,0,1,37.64709743,yahoo_bootstrap
2022-11-23,44.65346527,45.39603806,44.5544548,45.34653473,5772947,0,1,38.27385467,yahoo_bootstrap
2022-11-24,45.49504852,45.64356232,45,45.59405899,6202098,0,1,38.48277268,yahoo_bootstrap
2022-11-25,45.39603806,46.03960419,45.34653473,46.03960419,5845790,0,1,38.85882638,yahoo_bootstrap
2022-11-28,45.4455452,46.18811798,44.95049667,45.94059372,7819836,0,1,38.77525853,yahoo_bootstrap
2022-11-29,46.08910751,47.32673264,45.99010086,47.32673264,7896255,0,1,39.94520194,yahoo_bootstrap
2022-11-30,47.1287117,50.29702759,46.78217697,50.29702759,14166643,0,1,42.45222123,yahoo_bootstrap
2022-12-01,48.91089249,49.30693054,48.11881256,48.46534729,7892718,0,1,40.90622734,yahoo_bootstrap
2022-12-02,48.51485062,48.51485062,47.5742569,47.72277069,3744355,0,1,40.2794701,yahoo_bootstrap
2022-12-05,47.1287117,47.32673264,46.58415985,46.58415985,8101607,0,1,39.31844792,yahoo_bootstrap
2022-12-06,46.53465271,47.02970123,46.33663177,46.33663177,5237592,0,1,39.10952669,yahoo_bootstrap
2022-12-07,46.33663177,47.72277069,46.33663177,47.4257431,5821222,0,1,40.02876978,yahoo_bootstrap
2022-12-08,47.67326736,47.67326736,46.93069458,47.5742569,4561972,0,1,40.15411995,yahoo_bootstrap
2022-12-09,47.37623596,47.67326736,47.07920837,47.32673264,4275827,0,1,39.94520194,yahoo_bootstrap
2022-12-12,47.27722549,47.32673264,46.63366318,47.1287117,4949918,0,1,39.77806625,yahoo_bootstrap
2022-12-13,47.37623596,47.47524643,46.63366318,46.63366318,5483112,0,1,39.36023024,yahoo_bootstrap
2022-12-14,47.32673264,47.82178116,46.98019791,47.72277069,4370012,0,1,40.2794701,yahoo_bootstrap
2022-12-15,47.4257431,47.82178116,47.22772217,47.52475357,2315935,0,1,40.11233763,yahoo_bootstrap
2022-12-16,46.83168411,47.67326736,46.83168411,46.93069458,6721473,0,1,39.61093377,yahoo_bootstrap
2022-12-19,46.58415985,46.83168411,46.38613892,46.53465271,2973943,0,1,39.27666239,yahoo_bootstrap
2022-12-20,45.14851379,45.14851379,43.91089249,44.05940628,20496134,0,1,37.18747911,yahoo_bootstrap
2022-12-21,44.05940628,44.15841675,42.92079163,43.31682968,11926244,0,1,36.56072187,yahoo_bootstrap
2022-12-22,43.56435776,44.05940628,43.21781921,44.00989914,4087052,0,1,37.14569358,yahoo_bootstrap
2022-12-23,43.46534729,43.81188202,43.31682968,43.81188202,2410386,0,1,36.9785611,yahoo_bootstrap
2022-12-26,43.71287155,43.76237488,43.51485062,43.61386108,3016495,0,1,36.81142541,yahoo_bootstrap
2022-12-27,43.66336441,43.91089249,43.61386108,43.81188202,1591918,0,1,36.9785611,yahoo_bootstrap
2022-12-28,43.81188202,43.96039581,43.61386108,43.71287155,2451046,0,1,36.89499326,yahoo_bootstrap
2022-12-29,43.61386108,43.66336441,43.11881256,43.46534729,4271017,0,1,36.68607525,yahoo_bootstrap
2022-12-30,43.66336441,43.96039581,43.46534729,43.61386108,2946411,0,1,36.81142541,yahoo_bootstrap
2023-01-03,43.56435776,43.96039581,42.97029877,43.81188202,3040199,0,1,36.9785611,yahoo_bootstrap
2023-01-04,43.91089249,44.5544548,43.81188202,44.50495148,5425260,0,1,37.56353281,yahoo_bootstrap
2023-01-05,44.65346527,45.04950333,44.50495148,45.04950333,4633663,0,1,38.02315114,yahoo_bootstrap
2023-01-06,45.04950333,45.14851379,44.7029686,44.80197906,2768942,0,1,37.81423312,yahoo_bootstrap
2023-01-09,45.29702759,45.79207993,45.14851379,45.79207993,5917023,0,1,38.64990837,yahoo_bootstrap
2023-01-10,45.64356232,45.79207993,45.34653473,45.69306946,3206398,0,1,38.56634053,yahoo_bootstrap
2023-01-11,45.74257278,45.94059372,45.59405899,45.79207993,3414979,0,1,38.64990837,yahoo_bootstrap
2023-01-12,45.79207993,46.03960419,45.74257278,45.94059372,2541908,0,1,38.77525853,yahoo_bootstrap
2023-01-13,46.03960419,46.23762131,45.74257278,45.89109039,1897627,0,1,38.73347621,yahoo_bootstrap
2023-01-16,46.03960419,46.48514938,45.89109039,46.33663177,2973150,0,1,39.10952669,yahoo_bootstrap
2023-01-17,46.33663177,46.63366318,46.23762131,46.63366318,4595092,0,1,39.36023024,yahoo_bootstrap
2023-01-30,47.02970123,47.67326736,46.58415985,47.47524643,10895237,0,1,40.0705521,yahoo_bootstrap
2023-01-31,47.37623596,47.4257431,46.13861465,46.13861465,6943115,0,1,38.94239422,yahoo_bootstrap
2023-02-01,46.53465271,46.83168411,46.08910751,46.63366318,3982771,0,1,39.36023024,yahoo_bootstrap
2023-02-02,46.83168411,46.83168411,46.08910751,46.28712845,4015422,0,1,39.06774438,yahoo_bootstrap
2023-02-03,46.13861465,46.73267365,46.03960419,46.73267365,2408930,0,1,39.44379809,yahoo_bootstrap
2023-02-06,46.23762131,46.63366318,46.13861465,46.13861465,3167110,0,1,38.94239422,yahoo_bootstrap
2023-02-07,46.43564224,46.53465271,46.18811798,46.33663177,2334791,0,1,39.10952669,yahoo_bootstrap
2023-02-08,46.48514938,46.48514938,46.13861465,46.38613892,1448438,0,1,39.15131223,yahoo_bootstrap
2023-02-09,46.03960419,46.53465271,46.03960419,46.48514938,1870229,0,1,39.23488007,yahoo_bootstrap
2023-02-10,46.23762131,46.73267365,46.18811798,46.58415985,3353549,0,1,39.31844792,yahoo_bootstrap
2023-02-13,46.33663177,46.6831665,46.03960419,46.6831665,3892970,0,1,39.40201254,yahoo_bootstrap
2023-02-14,46.83168411,47.02970123,46.73267365,46.83168411,2224745,0,1,39.52736593,yahoo_bootstrap
2023-02-15,46.73267365,46.83168411,46.23762131,46.33663177,2916012,0,1,39.10952669,yahoo_bootstrap
2023-02-16,46.13861465,46.98019791,46.13861465,46.63366318,3714368,0,1,39.36023024,yahoo_bootstrap
2023-02-17,46.43564224,46.93069458,46.28712845,46.6831665,2655442,0,1,39.40201254,yahoo_bootstrap
2023-02-20,46.63366318,47.32673264,46.58415985,47.32673264,4030209,0,1,39.94520194,yahoo_bootstrap
2023-02-21,47.32673264,47.32673264,47.02970123,47.32673264,1890782,0,1,39.94520194,yahoo_bootstrap
2023-02-22,46.83168411,47.32673264,46.58415985,47.17821884,3272049,0,1,39.81985178,yahoo_bootstrap
2023-02-23,47.17821884,47.52475357,47.1287117,47.37623596,3057845,0,1,39.98698425,yahoo_bootstrap
2023-02-24,47.27722549,47.32673264,47.1287117,47.17821884,5468913,0,1,39.81985178,yahoo_bootstrap
2023-03-01,46.88118744,47.02970123,46.63366318,46.98019791,5517194,0,1,39.65271609,yahoo_bootstrap
2023-03-02,46.93069458,46.98019791,46.38613892,46.6831665,3150552,0,1,39.40201254,yahoo_bootstrap
2023-03-03,46.78217697,46.83168411,46.53465271,46.83168411,2682422,0,1,39.52736593,yahoo_bootstrap
2023-03-06,47.22772217,47.37623596,46.83168411,47.32673264,3963626,0,1,39.94520194,yahoo_bootstrap
2023-03-07,47.27722549,47.4257431,47.22772217,47.37623596,3027612,0,1,39.98698425,yahoo_bootstrap
2023-03-08,47.22772217,47.4257431,47.1287117,47.32673264,3466884,0,1,39.94520194,yahoo_bootstrap
2023-03-09,47.22772217,47.27722549,46.6831665,46.83168411,3251203,0,1,39.52736593,yahoo_bootstrap
2023-03-10,46.38613892,46.6831665,45.39603806,45.39603806,7353801,0,1,38.31563699,yahoo_bootstrap
2023-03-13,45.29702759,45.39603806,44.75247574,45,6973041,0,1,37.98136882,yahoo_bootstrap
2023-03-14,44.65346527,44.75247574,43.86138535,44.10890961,8727644,0,1,37.22926143,yahoo_bootstrap
2023-03-15,44.45544434,44.80197906,44.15841675,44.15841675,4687525,0,1,37.27104696,yahoo_bootstrap
2023-03-16,44.00989914,44.50495148,43.81188202,44.30693054,3659174,0,1,37.39639711,yahoo_bootstrap
2023-03-17,44.30693054,45.34653473,44.2574234,44.2574234,14498407,0,1,37.35461158,yahoo_bootstrap
2023-03-20,44.80197906,44.95049667,44.35643387,44.7029686,2733997,0,1,37.73066528,yahoo_bootstrap
2023-03-21,44.95049667,45.34653473,44.80197906,45.04950333,2538068,0,1,38.02315114,yahoo_bootstrap
2023-03-22,45.54455566,45.99010086,45.34653473,45.84158325,3029549,0,1,38.69169068,yahoo_bootstrap
2023-03-23,45.89109039,46.53465271,45.74257278,46.53465271,4317852,0,1,39.27666239,yahoo_bootstrap
2023-03-24,46.03960419,46.43564224,45.94059372,46.23762131,4089309,0,1,39.02595885,yahoo_bootstrap
2023-03-27,45.99010086,46.23762131,45.79207993,45.79207993,3084332,0,1,38.64990837,yahoo_bootstrap
2023-03-28,45.84158325,46.18811798,45.74257278,45.79207993,2743237,0,1,38.64990837,yahoo_bootstrap
2023-03-29,45.84158325,46.43564224,45.79207993,46.18811798,3400069,0,1,38.98417654,yahoo_bootstrap
2023-03-30,46.23762131,46.33663177,45.59405899,45.84158325,3129830,0,1,38.69169068,yahoo_bootstrap
2023-03-31,45.89109039,46.73267365,45.89109039,46.48514938,4623583,0,1,39.23488007,yahoo_bootstrap
2023-04-06,46.08910751,46.33663177,45.84158325,45.99010086,2731237,0,1,38.81704406,yahoo_bootstrap
2023-04-07,46.13861465,46.13861465,45.89109039,45.94059372,439111,0,1,38.77525853,yahoo_bootstrap
2023-04-10,46.08910751,46.43564224,46.08910751,46.43564224,864909,0,1,39.19309454,yahoo_bootstrap
2023-04-11,46.18811798,46.6831665,46.18811798,46.48514938,2657103,0,1,39.23488007,yahoo_bootstrap
2023-04-12,46.43564224,46.53465271,46.28712845,46.53465271,1798913,0,1,39.27666239,yahoo_bootstrap
2023-04-13,46.43564224,46.63366318,46.38613892,46.58415985,2150264,0,1,39.31844792,yahoo_bootstrap
2023-04-14,46.58415985,47.02970123,46.53465271,47.02970123,3428567,0,1,39.6944984,yahoo_bootstrap
2023-04-17,46.6831665,46.98019791,46.53465271,46.6831665,2223017,0,1,39.40201254,yahoo_bootstrap
2023-04-18,46.53465271,46.63366318,45.99010086,46.18811798,3575372,0,1,38.98417654,yahoo_bootstrap
2023-04-19,46.33663177,46.33663177,45.64356232,45.74257278,3382845,0,1,38.60812283,yahoo_bootstrap
2023-04-20,45.84158325,46.23762131,45.74257278,45.89109039,2012513,0,1,38.73347621,yahoo_bootstrap
2023-04-21,45.64356232,46.23762131,45.64356232,45.89109039,2554624,0,1,38.73347621,yahoo_bootstrap
2023-04-24,46.08910751,46.33663177,46.03960419,46.33663177,1377074,0,1,39.10952669,yahoo_bootstrap
2023-04-25,46.48514938,46.48514938,45.84158325,46.03960419,2645532,0,1,38.85882638,yahoo_bootstrap
2023-04-26,46.13861465,46.58415985,45.79207993,46.33663177,3790510,0,1,39.10952669,yahoo_bootstrap
2023-04-27,46.13861465,46.33663177,45.34653473,45.54455566,4910876,0,1,38.44099036,yahoo_bootstrap
2023-04-28,45.84158325,46.08910751,45.59405899,45.99010086,2593312,0,1,38.81704406,yahoo_bootstrap
2023-05-02,46.03960419,46.03960419,45.4455452,45.54455566,6411508,0,1,38.44099036,yahoo_bootstrap
2023-05-03,45.54455566,45.54455566,44.90098953,45.04950333,7482949,0,1,38.02315114,yahoo_bootstrap
2023-05-04,44.75247574,45.24752426,44.75247574,45.09901047,4901353,0,1,38.06493667,yahoo_bootstrap
2023-05-05,45.39603806,45.74257278,45.14851379,45.74257278,5043310,0,1,38.60812283,yahoo_bootstrap
2023-05-08,45.79207993,45.89109039,45.49504852,45.89109039,4713204,0,1,38.73347621,yahoo_bootstrap
2023-05-09,45.69306946,46.03960419,45.59405899,46.03960419,2463479,0,1,38.85882638,yahoo_bootstrap
2023-05-10,46.03960419,46.03960419,45.69306946,46.03960419,4498777,0,1,38.85882638,yahoo_bootstrap
2023-05-11,45.94059372,46.18811798,45.74257278,46.03960419,2457403,0,1,38.85882638,yahoo_bootstrap
2023-05-12,45.89109039,45.89109039,45.34653473,45.74257278,3320933,0,1,38.60812283,yahoo_bootstrap
2023-05-15,45.34653473,46.03960419,45.34653473,45.94059372,3025333,0,1,38.77525853,yahoo_bootstrap
2023-05-16,46.13861465,46.23762131,45.74257278,46.08910751,3432703,0,1,38.90060869,yahoo_bootstrap
2023-05-17,45.99010086,46.73267365,45.94059372,46.53465271,6991913,0,1,39.27666239,yahoo_bootstrap
2023-05-18,46.53465271,46.73267365,46.38613892,46.6831665,4580292,0,1,39.40201254,yahoo_bootstrap
2023-05-19,46.6831665,46.98019791,46.43564224,46.83168411,5436184,0,1,39.52736593,yahoo_bootstrap
2023-05-22,46.83168411,47.02970123,46.63366318,47.02970123,3966748,0,1,39.6944984,yahoo_bootstrap
2023-05-23,46.63366318,46.88118744,46.23762131,46.58415985,4883220,0,1,39.31844792,yahoo_bootstrap
2023-05-24,46.28712845,46.38613892,45.89109039,46.38613892,4158587,0,1,39.15131223,yahoo_bootstrap
2023-05-25,45.89109039,46.03960419,45.4455452,45.49504852,8068348,0,1,38.39920483,yahoo_bootstrap
2023-05-26,45.34653473,45.54455566,44.90098953,45.34653473,7202304,0,1,38.27385467,yahoo_bootstrap
2023-05-29,45.39603806,45.64356232,45.34653473,45.39603806,8116738,0,1,38.31563699,yahoo_bootstrap
2023-05-30,45.39603806,45.74257278,45.34653473,45.54455566,7200790,0,1,38.44099036,yahoo_bootstrap
2023-05-31,45.49504852,45.84158325,44.7029686,44.7029686,69634562,0,1,37.73066528,yahoo_bootstrap
2023-06-01,44.90098953,45.14851379,44.85148621,45,5726897,0,1,37.98136882,yahoo_bootstrap
2023-06-02,45.04950333,45.24752426,44.75247574,44.95049667,6834881,0,1,37.9395865,yahoo_bootstrap
2023-06-05,45,45.64356232,45,45.34653473,4092588,0,1,38.27385467,yahoo_bootstrap
2023-06-06,45.49504852,45.89109039,45.4455452,45.79207993,2967016,0,1,38.64990837,yahoo_bootstrap
2023-06-07,45.74257278,46.23762131,45.74257278,46.08910751,5494209,0,1,38.90060869,yahoo_bootstrap
2023-06-08,46.03960419,46.08910751,45.69306946,45.74257278,2599875,0,1,38.60812283,yahoo_bootstrap
2023-06-09,45.99010086,45.99010086,45.74257278,45.79207993,2462957,0,1,38.64990837,yahoo_bootstrap
2023-06-12,45.79207993,45.99010086,45.79207993,45.79207993,2962237,0,1,38.64990837,yahoo_bootstrap
2023-06-13,45.74257278,45.99010086,45.74257278,45.79207993,4007772,0,1,38.64990837,yahoo_bootstrap
2023-06-14,45.89109039,45.99010086,45.84158325,45.94059372,1989677,0,1,38.77525853,yahoo_bootstrap
2023-06-15,45.94059372,46.03960419,45.74257278,45.94059372,3566830,0,1,38.77525853,yahoo_bootstrap
2023-06-16,45.94059372,46.43564224,44.7029686,45.24752426,10930960,0,1,38.19028682,yahoo_bootstrap
2023-06-19,45.34653473,45.99010086,45.34653473,45.99010086,4731822,0,1,38.81704406,yahoo_bootstrap
2023-06-20,45.79207993,45.89109039,45.24752426,45.24752426,9486886,0,1,38.19028682,yahoo_bootstrap
2023-06-21,45.24752426,45.54455566,45.09901047,45.24752426,4883011,0,1,38.19028682,yahoo_bootstrap
2023-06-26,45.24752426,45.24752426,44.95049667,45,4042754,0,1,37.98136882,yahoo_bootstrap
2023-06-27,44.95049667,45.19801712,44.90098953,45,2647457,0,1,37.98136882,yahoo_bootstrap
2023-06-28,44.95049667,45.09901047,44.95049667,45,2725184,0,1,37.98136882,yahoo_bootstrap
2023-06-29,45.29702759,45.4455452,45,45.19801712,3209438,0,1,38.14850129,yahoo_bootstrap
2023-06-30,45.19801712,45.29702759,44.95049667,44.95049667,4864333,0,1,37.9395865,yahoo_bootstrap
2023-07-03,45.04950333,45.4455452,45.04950333,45.4455452,2831388,0,1,38.35742252,yahoo_bootstrap
2023-07-04,45.39603806,45.69306946,45.24752426,45.69306946,3469595,0,1,38.56634053,yahoo_bootstrap
2023-07-05,45.49504852,45.69306946,45.49504852,45.59405899,3846627,0,1,38.48277268,yahoo_bootstrap
2023-07-06,43.86138535,43.96039581,42.97029877,42.97029877,13106943,1.782178,1,37.74355727,yahoo_bootstrap
2023-07-07,42.72277069,43.06930542,42.37623596,42.92079163,6760231,0,1,37.70007199,yahoo_bootstrap
2023-07-10,43.21781921,43.51485062,42.8712883,42.92079163,4826581,0,1,37.70007199,yahoo_bootstrap
2023-07-11,43.36633682,43.36633682,42.92079163,43.06930542,2519437,0,1,37.83052114,yahoo_bootstrap
2023-07-12,42.97029877,43.36633682,42.97029877,43.31682968,3085649,0,1,38.0479375,yahoo_bootstrap
2023-07-13,43.41584015,43.96039581,43.36633682,43.51485062,4550489,0,1,38.22187194,yahoo_bootstrap
2023-07-14,43.66336441,44.05940628,43.66336441,43.96039581,3009804,0,1,38.61322273,yahoo_bootstrap
2023-07-17,44.05940628,44.30693054,43.81188202,44.2574234,2690828,0,1,38.87412103,yahoo_bootstrap
2023-07-18,44.10890961,44.60395813,43.96039581,44.60395813,5233491,0,1,39.17850461,yahoo_bootstrap
2023-07-19,44.40594101,44.5544548,43.61386108,43.86138535,5101400,0,1,38.52625552,yahoo_bootstrap
2023-07-20,43.76237488,44.2574234,43.76237488,43.96039581,3180873,0,1,38.61322273,yahoo_bootstrap
2023-07-21,43.96039581,44.10890961,43.46534729,43.46534729,3639496,0,1,38.17839,yahoo_bootstrap
2023-07-24,43.36633682,43.51485062,43.06930542,43.06930542,3639760,0,1,37.83052114,yahoo_bootstrap
2023-07-25,43.26732635,43.61386108,43.26732635,43.41584015,1636825,0,1,38.13490472,yahoo_bootstrap
2023-07-26,43.81188202,43.96039581,43.51485062,43.96039581,1631270,0,1,38.61322273,yahoo_bootstrap
2023-07-27,44.05940628,44.15841675,43.91089249,44.05940628,2278611,0,1,38.70018995,yahoo_bootstrap
2023-07-28,43.66336441,43.96039581,43.66336441,43.81188202,2666018,0,1,38.48277358,yahoo_bootstrap
2023-07-31,43.91089249,44.20792007,43.61386108,43.61386108,4632663,0,1,38.30883915,yahoo_bootstrap
2023-08-01,43.91089249,44.05940628,43.76237488,44.05940628,2309988,0,1,38.70018995,yahoo_bootstrap
2023-08-02,43.66336441,43.86138535,43.41584015,43.41584015,5008825,0,1,38.13490472,yahoo_bootstrap
2023-08-04,43.46534729,43.91089249,43.36633682,43.51485062,3119542,0,1,38.22187194,yahoo_bootstrap
2023-08-07,43.56435776,43.91089249,43.56435776,43.91089249,1870846,0,1,38.5697408,yahoo_bootstrap
2023-08-08,43.71287155,43.96039581,43.61386108,43.66336441,3387196,0,1,38.35232108,yahoo_bootstrap
2023-08-09,43.91089249,43.91089249,43.56435776,43.76237488,1935394,0,1,38.4392883,yahoo_bootstrap
2023-08-10,43.61386108,43.76237488,43.41584015,43.41584015,2794517,0,1,38.13490472,yahoo_bootstrap
2023-08-11,43.36633682,43.56435776,43.26732635,43.31682968,2248597,0,1,38.0479375,yahoo_bootstrap
2023-08-14,43.41584015,43.41584015,42.67326736,42.67326736,3773839,0,1,37.48265562,yahoo_bootstrap
2023-08-15,42.67326736,42.8712883,42.47524643,42.52475357,3359930,0,1,37.35220648,yahoo_bootstrap
2023-08-16,42.37623596,42.37623596,41.88118744,41.93069458,4266476,0,1,36.83040653,yahoo_bootstrap
2023-08-17,41.6831665,41.83168411,41.08910751,41.58415985,6601176,0,1,36.52602295,yahoo_bootstrap
2023-08-18,41.48514938,42.07920837,41.38613892,42.07920837,4114889,0,1,36.96085568,yahoo_bootstrap
2023-08-21,42.22772217,42.27722549,41.98019791,42.22772217,2228006,0,1,37.09130483,yahoo_bootstrap
2023-08-22,42.47524643,42.47524643,41.6831665,41.78217697,2795633,0,1,36.69995403,yahoo_bootstrap
2023-08-23,41.88118744,41.88118744,41.58415985,41.6831665,2464827,0,1,36.61298681,yahoo_bootstrap
2023-08-24,41.98019791,42.4257431,41.58415985,42.37623596,3685748,0,1,37.22175397,yahoo_bootstrap
2023-08-25,42.17821884,42.37623596,41.78217697,41.98019791,5274743,0,1,36.87388847,yahoo_bootstrap
2023-08-28,42.1287117,42.62376022,42.1287117,42.5742569,1852047,0,1,37.39568841,yahoo_bootstrap
2023-08-29,42.5742569,42.77227783,42.22772217,42.77227783,2603752,0,1,37.56962284,yahoo_bootstrap
2023-08-30,42.62376022,42.82178116,42.1287117,42.37623596,4478520,0,1,37.22175397,yahoo_bootstrap
2023-08-31,42.37623596,42.47524643,41.93069458,42.17821884,7938034,0,1,37.04782289,yahoo_bootstrap
2023-09-01,42.22772217,42.8712883,42.22772217,42.8712883,2325647,0,1,37.65659006,yahoo_bootstrap
2023-09-04,42.72277069,42.8712883,42.37623596,42.5742569,2451580,0,1,37.39568841,yahoo_bootstrap
2023-09-05,42.67326736,42.67326736,42.07920837,42.27722549,2905322,0,1,37.13478676,yahoo_bootstrap
2023-09-06,42.52475357,42.52475357,41.78217697,41.78217697,5437986,0,1,36.69995403,yahoo_bootstrap
2023-09-07,41.88118744,42.32673264,41.88118744,42.17821884,2919480,0,1,37.04782289,yahoo_bootstrap
2023-09-08,41.98019791,42.32673264,41.93069458,42.22772217,1425503,0,1,37.09130483,yahoo_bootstrap
2023-09-11,42.22772217,42.37623596,41.83168411,42.1287117,2352920,0,1,37.00433761,yahoo_bootstrap
2023-09-12,42.37623596,42.52475357,42.07920837,42.37623596,2362498,0,1,37.22175397,yahoo_bootstrap
2023-09-13,42.52475357,42.5742569,42.07920837,42.22772217,1923655,0,1,37.09130483,yahoo_bootstrap
2023-09-14,42.52475357,43.26732635,42.4257431,43.26732635,5647396,0,1,38.00445556,yahoo_bootstrap
2023-09-15,43.26732635,43.26732635,42.77227783,43.21781921,6114953,0,1,37.96097028,yahoo_bootstrap
2023-09-18,42.82178116,43.06930542,42.82178116,42.92079163,918311,0,1,37.70007199,yahoo_bootstrap
2023-09-19,42.8712883,43.16831589,42.8712883,42.97029877,1393528,0,1,37.74355727,yahoo_bootstrap
2023-09-20,42.92079163,43.16831589,42.72277069,43.11881256,3231619,0,1,37.87400642,yahoo_bootstrap
2023-09-21,42.92079163,43.01980209,42.17821884,42.22772217,5864250,0,1,37.09130483,yahoo_bootstrap
2023-09-22,42.22772217,42.72277069,42.1287117,42.5742569,3292054,0,1,37.39568841,yahoo_bootstrap
2023-09-25,42.5742569,42.5742569,42.32673264,42.52475357,1448071,0,1,37.35220648,yahoo_bootstrap
2023-09-26,42.27722549,42.4257431,42.1287117,42.17821884,2411876,0,1,37.04782289,yahoo_bootstrap
2023-09-27,42.22772217,42.5742569,42.1287117,42.4257431,2046431,0,1,37.26523926,yahoo_bootstrap
2023-09-28,42.4257431,42.92079163,42.4257431,42.82178116,3201662,0,1,37.61310477,yahoo_bootstrap
2023-10-02,42.82178116,42.82178116,42.37623596,42.5742569,2014852,0,1,37.39568841,yahoo_bootstrap
2023-10-03,42.27722549,42.67326736,42.1287117,42.4257431,2085345,0,1,37.26523926,yahoo_bootstrap
2023-10-04,41.93069458,42.1287117,41.78217697,42.02970123,4651552,0,1,36.91737039,yahoo_bootstrap
2023-10-05,42.22772217,42.47524643,41.93069458,41.98019791,5289090,0,1,36.87388847,yahoo_bootstrap
2023-10-06,42.17821884,42.97029877,41.98019791,42.97029877,4623759,0,1,37.74355727,yahoo_bootstrap
2023-10-11,43.66336441,43.91089249,43.21781921,43.91089249,7806210,0,1,38.5697408,yahoo_bootstrap
2023-10-12,43.96039581,43.96039581,43.61386108,43.96039581,3868184,0,1,38.61322273,yahoo_bootstrap
2023-10-13,43.41584015,43.61386108,42.97029877,43.06930542,3233166,0,1,37.83052114,yahoo_bootstrap
2023-10-16,43.01980209,43.61386108,43.01980209,43.61386108,2372722,0,1,38.30883915,yahoo_bootstrap
2023-10-17,43.56435776,43.66336441,43.01980209,43.06930542,2628429,0,1,37.83052114,yahoo_bootstrap
2023-10-18,43.36633682,43.41584015,43.01980209,43.26732635,3541335,0,1,38.00445556,yahoo_bootstrap
2023-10-19,42.97029877,43.21781921,42.52475357,42.97029877,4995939,0,1,37.74355727,yahoo_bootstrap
2023-10-20,42.52475357,42.82178116,42.17821884,42.5742569,5708298,0,1,37.39568841,yahoo_bootstrap
2023-10-23,42.52475357,42.5742569,42.17821884,42.22772217,3036956,0,1,37.09130483,yahoo_bootstrap
2023-10-24,42.32673264,42.5742569,42.1287117,42.52475357,2421635,0,1,37.35220648,yahoo_bootstrap
2023-10-25,42.67326736,42.77227783,42.37623596,42.5742569,3290357,0,1,37.39568841,yahoo_bootstrap
2023-10-26,42.22772217,42.5742569,42.1287117,42.4257431,4190843,0,1,37.26523926,yahoo_bootstrap
2023-10-27,42.5742569,43.56435776,42.5742569,43.51485062,5308787,0,1,38.22187194,yahoo_bootstrap
2023-10-30,43.51485062,43.56435776,42.22772217,42.27722549,5896917,0,1,37.13478676,yahoo_bootstrap
2023-10-31,42.27722549,42.72277069,42.27722549,42.47524643,4563989,0,1,37.30872119,yahoo_bootstrap
2023-11-01,42.5742569,43.41584015,42.5742569,43.11881256,4450370,0,1,37.87400642,yahoo_bootstrap
2023-11-02,43.51485062,43.66336441,43.26732635,43.56435776,5067224,0,1,38.26535722,yahoo_bootstrap
2023-11-03,43.56435776,44.15841675,43.56435776,44.15841675,6819360,0,1,38.78715716,yahoo_bootstrap
2023-11-06,44.15841675,44.2574234,43.96039581,44.20792007,5411430,0,1,38.83063909,yahoo_bootstrap
2023-11-07,44.20792007,44.50495148,43.81188202,44.45544434,5067123,0,1,39.04805546,yahoo_bootstrap
2023-11-08,44.45544434,44.45544434,44.15841675,44.40594101,2440136,0,1,39.00457353,yahoo_bootstrap
2023-11-09,44.35643387,44.45544434,44.15841675,44.30693054,2773178,0,1,38.91760631,yahoo_bootstrap
2023-11-10,44.05940628,44.40594101,44.05940628,44.30693054,2316633,0,1,38.91760631,yahoo_bootstrap
2023-11-13,44.40594101,44.40594101,44.00989914,44.35643387,3309758,0,1,38.96108824,yahoo_bootstrap
2023-11-14,44.5544548,44.5544548,44.05940628,44.35643387,2631138,0,1,38.96108824,yahoo_bootstrap
2023-11-15,44.5544548,44.65346527,44.40594101,44.60395813,7499819,0,1,39.17850461,yahoo_bootstrap
2023-11-16,44.65346527,45.09901047,44.65346527,45.09901047,5969516,0,1,39.61334069,yahoo_bootstrap
2023-11-17,45.19801712,45.49504852,45.09901047,45.34653473,6279447,0,1,39.83075705,yahoo_bootstrap
2023-11-20,45.54455566,45.54455566,45.04950333,45.49504852,2929371,0,1,39.9612062,yahoo_bootstrap
2023-11-21,45.49504852,46.03960419,45.4455452,45.84158325,8079762,0,1,40.26558978,yahoo_bootstrap
2023-11-22,45.74257278,45.74257278,45,45.24752426,5183349,0,1,39.74378983,yahoo_bootstrap
2023-11-23,45.49504852,45.89109039,45.34653473,45.64356232,8319439,0,1,40.09165535,yahoo_bootstrap
2023-11-24,45.69306946,45.94059372,45.09901047,45.09901047,10390989,0,1,39.61334069,yahoo_bootstrap
2023-11-27,45.24752426,46.58415985,45.19801712,45.29702759,16002108,0,1,39.78727177,yahoo_bootstrap
2023-11-28,45.79207993,45.99010086,45,45,11411249,0,1,39.52637347,yahoo_bootstrap
2023-11-29,45,45.54455566,44.85148621,44.85148621,9924426,0,1,39.39592433,yahoo_bootstrap
2023-11-30,44.95049667,45.14851379,44.65346527,44.65346527,14687583,0,1,39.22198989,yahoo_bootstrap
2023-12-01,44.7029686,45.54455566,44.60395813,45.54455566,6995985,0,1,40.00469148,yahoo_bootstrap
2023-12-04,45.04950333,45.99010086,45.04950333,45.64356232,5531581,0,1,40.09165535,yahoo_bootstrap
2023-12-05,45.34653473,45.84158325,45.34653473,45.4455452,5950201,0,1,39.91772427,yahoo_bootstrap
2023-12-06,45.64356232,46.13861465,45.64356232,45.89109039,5348182,0,1,40.30907506,yahoo_bootstrap
2023-12-07,45.54455566,45.69306946,45.14851379,45.24752426,2722908,0,1,39.74378983,yahoo_bootstrap
2023-12-08,45.54455566,45.54455566,45.09901047,45.39603806,2065109,0,1,39.87423899,yahoo_bootstrap
2023-12-11,45.19801712,45.49504852,45.04950333,45.39603806,2103917,0,1,39.87423899,yahoo_bootstrap
2023-12-12,45.84158325,45.84158325,45,45.54455566,2715888,0,1,40.00469148,yahoo_bootstrap
2023-12-13,45.54455566,45.54455566,45.04950333,45.19801712,1983147,0,1,39.70030455,yahoo_bootstrap
2023-12-14,45.4455452,45.89109039,45.24752426,45.79207993,4585523,0,1,40.22210785,yahoo_bootstrap
2023-12-15,45.79207993,45.79207993,45.04950333,45.09901047,7054108,0,1,39.61334069,yahoo_bootstrap
2023-12-18,44.95049667,45.39603806,44.75247574,45.34653473,3554209,0,1,39.83075705,yahoo_bootstrap
2023-12-19,45,45.04950333,44.7029686,44.95049667,4022170,0,1,39.48289154,yahoo_bootstrap
2023-12-20,44.90098953,44.90098953,44.45544434,44.7029686,4520195,0,1,39.26547183,yahoo_bootstrap
2023-12-21,44.45544434,44.75247574,44.20792007,44.75247574,4153494,0,1,39.30895711,yahoo_bootstrap
2023-12-22,44.50495148,44.95049667,44.50495148,44.90098953,3274604,0,1,39.43940625,yahoo_bootstrap
2023-12-25,45.04950333,45.04950333,44.65346527,45,2252359,0,1,39.52637347,yahoo_bootstrap
2023-12-26,45,45.34653473,44.95049667,45.29702759,3163708,0,1,39.78727177,yahoo_bootstrap
2023-12-27,45.39603806,46.03960419,45.29702759,45.99010086,6981121,0,1,40.39604228,yahoo_bootstrap
2023-12-28,45.99010086,46.48514938,45.89109039,46.38613892,5732801,0,1,40.7439078,yahoo_bootstrap
2023-12-29,46.33663177,46.38613892,45.99010086,46.33663177,4294542,0,1,40.70042251,yahoo_bootstrap
2024-01-02,46.28712845,46.48514938,45.89109039,46.13861465,2808788,0,1,40.52649142,yahoo_bootstrap
2024-01-03,45.59405899,45.89109039,45.14851379,45.54455566,4379680,0,1,40.00469148,yahoo_bootstrap
2024-01-04,45.49504852,45.99010086,45.24752426,45.74257278,2605867,0,1,40.17862256,yahoo_bootstrap
2024-01-05,45.59405899,46.18811798,45.59405899,45.89109039,1912701,0,1,40.30907506,yahoo_bootstrap
2024-01-08,45.99010086,46.38613892,45.74257278,45.84158325,2816051,0,1,40.26558978,yahoo_bootstrap
2024-01-09,45.89109039,45.99010086,45.59405899,45.74257278,2555836,0,1,40.17862256,yahoo_bootstrap
2024-01-10,45.34653473,45.34653473,44.05940628,44.50495148,9343024,0,1,39.09154075,yahoo_bootstrap
2024-01-11,44.50495148,45.34653473,44.35643387,45.09901047,4518231,0,1,39.61334069,yahoo_bootstrap
2024-01-12,44.7029686,45.24752426,44.7029686,44.90098953,1898215,0,1,39.43940625,yahoo_bootstrap
2024-01-15,44.95049667,45.14851379,44.7029686,44.75247574,2353386,0,1,39.30895711,yahoo_bootstrap
2024-01-16,44.45544434,44.75247574,44.05940628,44.05940628,6187575,0,1,38.70018995,yahoo_bootstrap
2024-01-17,43.91089249,43.96039581,43.46534729,43.46534729,7561410,0,1,38.17839,yahoo_bootstrap
2024-01-18,43.56435776,44.10890961,43.56435776,43.81188202,2897107,0,1,38.48277358,yahoo_bootstrap
2024-01-19,43.46534729,44.2574234,43.46534729,44.2574234,3240905,0,1,38.87412103,yahoo_bootstrap
2024-01-22,44.35643387,44.35643387,43.76237488,43.86138535,1989913,0,1,38.52625552,yahoo_bootstrap
2024-01-23,44.15841675,44.15841675,43.76237488,43.81188202,2089319,0,1,38.48277358,yahoo_bootstrap
2024-01-24,43.81188202,44.20792007,43.81188202,43.91089249,2032258,0,1,38.5697408,yahoo_bootstrap
2024-01-25,44.15841675,44.15841675,43.76237488,43.86138535,1948946,0,1,38.52625552,yahoo_bootstrap
2024-01-26,43.86138535,44.35643387,43.81188202,44.2574234,2127237,0,1,38.87412103,yahoo_bootstrap
2024-01-29,44.15841675,44.5544548,44.15841675,44.5544548,2361386,0,1,39.13502267,yahoo_bootstrap
2024-01-30,44.30693054,44.35643387,43.76237488,43.86138535,3091385,0,1,38.52625552,yahoo_bootstrap
2024-01-31,43.86138535,44.15841675,43.76237488,43.86138535,3435262,0,1,38.52625552,yahoo_bootstrap
2024-02-01,44.30693054,44.50495148,44.00989914,44.50495148,3896010,0,1,39.09154075,yahoo_bootstrap
2024-02-02,44.15841675,44.45544434,44.00989914,44.35643387,2081019,0,1,38.96108824,yahoo_bootstrap
2024-02-05,43.66336441,44.00989914,43.66336441,43.76237488,2850891,0,1,38.4392883,yahoo_bootstrap
2024-02-15,43.56435776,44.10890961,43.46534729,43.66336441,4902826,0,1,38.35232108,yahoo_bootstrap
2024-02-16,43.61386108,43.76237488,43.36633682,43.76237488,2594660,0,1,38.4392883,yahoo_bootstrap
2024-02-19,44.05940628,44.40594101,43.81188202,44.40594101,2918659,0,1,39.00457353,yahoo_bootstrap
2024-02-20,44.05940628,44.45544434,44.05940628,44.45544434,1500935,0,1,39.04805546,yahoo_bootstrap
2024-02-21,44.5544548,44.5544548,44.05940628,44.45544434,3680854,0,1,39.04805546,yahoo_bootstrap
2024-02-22,44.45544434,44.50495148,44.10890961,44.50495148,2199589,0,1,39.09154075,yahoo_bootstrap
2024-02-23,44.40594101,44.45544434,44.20792007,44.30693054,1376096,0,1,38.91760631,yahoo_bootstrap
2024-02-26,44.10890961,44.40594101,44.05940628,44.40594101,2479707,0,1,39.00457353,yahoo_bootstrap
2024-02-27,44.20792007,44.45544434,44.15841675,44.2574234,3617969,0,1,38.87412103,yahoo_bootstrap
2024-02-29,44.05940628,44.5544548,43.86138535,44.5544548,5615168,0,1,39.13502267,yahoo_bootstrap
2024-03-01,44.20792007,44.75247574,44.10890961,44.10890961,2317080,0,1,38.74367188,yahoo_bootstrap
2024-03-04,44.05940628,44.30693054,43.96039581,44.2574234,2959767,0,1,38.87412103,yahoo_bootstrap
2024-03-05,44.15841675,44.30693054,44.00989914,44.00989914,3262773,0,1,38.65670466,yahoo_bootstrap
2024-03-06,44.15841675,44.20792007,43.86138535,43.86138535,2785392,0,1,38.52625552,yahoo_bootstrap
2024-03-07,43.66336441,44.2574234,43.66336441,44.2574234,3364149,0,1,38.87412103,yahoo_bootstrap
2024-03-08,43.86138535,44.30693054,43.81188202,44.30693054,3291738,0,1,38.91760631,yahoo_bootstrap
2024-03-11,44.35643387,44.40594101,43.96039581,44.15841675,1860045,0,1,38.78715716,yahoo_bootstrap
2024-03-12,44.20792007,44.7029686,44.10890961,44.60395813,4255353,0,1,39.17850461,yahoo_bootstrap
2024-03-13,44.2574234,45.14851379,44.15841675,44.95049667,4735867,0,1,39.48289154,yahoo_bootstrap
2024-03-14,44.90098953,45.74257278,44.90098953,45.74257278,6375987,0,1,40.17862256,yahoo_bootstrap
2024-03-15,45.54455566,45.99010086,45.34653473,45.94059372,10742992,0,1,40.352557,yahoo_bootstrap
2024-03-18,45.94059372,45.99010086,45.54455566,45.84158325,3863716,0,1,40.26558978,yahoo_bootstrap
2024-03-19,45.79207993,46.18811798,45.4455452,45.89109039,8153215,0,1,40.30907506,yahoo_bootstrap
2024-03-20,46.23762131,46.38613892,45.89109039,46.23762131,10139472,0,1,40.6134553,yahoo_bootstrap
2024-03-21,46.23762131,47.32673264,45.79207993,47.32673264,12059725,0,1,41.57009132,yahoo_bootstrap
2024-03-22,47.47524643,47.47524643,46.53465271,47.4257431,8917012,0,1,41.65705853,yahoo_bootstrap
2024-03-25,47.32673264,47.32673264,46.13861465,46.43564224,3934563,0,1,40.78738972,yahoo_bootstrap
2024-03-26,46.43564224,46.83168411,46.23762131,46.83168411,3986770,0,1,41.13525859,yahoo_bootstrap
2024-03-27,46.48514938,47.62376022,46.48514938,47.52475357,7833065,0,1,41.74402575,yahoo_bootstrap
2024-03-28,47.52475357,47.92079163,46.98019791,47.77227783,18339274,0,1,41.96144211,yahoo_bootstrap
2024-03-29,47.72277069,47.77227783,47.07920837,47.47524643,6969000,0,1,41.70054047,yahoo_bootstrap
2024-04-01,47.47524643,47.67326736,46.03960419,46.03960419,8887181,0,1,40.43952422,yahoo_bootstrap
2024-04-02,46.28712845,46.28712845,45.89109039,45.89109039,2741955,0,1,40.30907506,yahoo_bootstrap
2024-04-03,45.89109039,46.13861465,45.34653473,45.49504852,4265904,0,1,39.9612062,yahoo_bootstrap
2024-04-08,45.14851379,46.38613892,45.14851379,46.23762131,5659605,0,1,40.6134553,yahoo_bootstrap
2024-04-09,45.94059372,46.48514938,45.94059372,46.38613892,2571746,0,1,40.7439078,yahoo_bootstrap
2024-04-10,46.38613892,47.22772217,46.13861465,46.98019791,5262241,0,1,41.26570774,yahoo_bootstrap
2024-04-11,47.1287117,47.1287117,46.53465271,47.02970123,3565647,0,1,41.30918967,yahoo_bootstrap
2024-04-12,46.43564224,47.02970123,46.18811798,47.02970123,6303514,0,1,41.30918967,yahoo_bootstrap
2024-04-15,46.83168411,47.32673264,46.48514938,46.93069458,5716000,0,1,41.22222581,yahoo_bootstrap
2024-04-16,46.6831665,46.78217697,45.64356232,45.64356232,7120313,0,1,40.09165535,yahoo_bootstrap
2024-04-17,45.64356232,46.38613892,45.19801712,45.94059372,4887956,0,1,40.352557,yahoo_bootstrap
2024-04-18,45.54455566,46.08910751,45.34653473,45.59405899,5725797,0,1,40.04817342,yahoo_bootstrap
2024-04-19,45.29702759,45.79207993,44.30693054,44.5544548,12599747,0,1,39.13502267,yahoo_bootstrap
2024-04-22,45,45.29702759,44.65346527,45.09901047,5636053,0,1,39.61334069,yahoo_bootstrap
2024-04-23,45.39603806,45.79207993,45.14851379,45.39603806,5510016,0,1,39.87423899,yahoo_bootstrap
2024-04-24,45.79207993,45.84158325,45.14851379,45.29702759,2763925,0,1,39.78727177,yahoo_bootstrap
2024-04-25,44.90098953,44.95049667,44.5544548,44.75247574,4861550,0,1,39.30895711,yahoo_bootstrap
2024-04-26,44.60395813,44.90098953,44.60395813,44.60395813,3489252,0,1,39.17850461,yahoo_bootstrap
2024-04-29,44.75247574,45.94059372,44.75247574,45.94059372,7011990,0,1,40.352557,yahoo_bootstrap
2024-04-30,45.59405899,46.18811798,45.54455566,45.99010086,4701354,0,1,40.39604228,yahoo_bootstrap
2024-05-02,46.03960419,46.58415985,45.99010086,46.48514938,9079448,0,1,40.83087501,yahoo_bootstrap
2024-05-03,46.48514938,46.88118744,46.33663177,46.53465271,7081486,0,1,40.87435694,yahoo_bootstrap
2024-05-06,46.53465271,47.02970123,46.08910751,46.43564224,6135991,0,1,40.78738972,yahoo_bootstrap
2024-05-07,46.58415985,46.58415985,45.74257278,46.23762131,5892535,0,1,40.6134553,yahoo_bootstrap
2024-05-08,46.33663177,46.33663177,45.69306946,46.23762131,5120346,0,1,40.6134553,yahoo_bootstrap
2024-05-09,46.33663177,46.43564224,45.69306946,45.89109039,3598030,0,1,40.30907506,yahoo_bootstrap
2024-05-10,45.89109039,46.43564224,45.79207993,46.43564224,5221975,0,1,40.78738972,yahoo_bootstrap
2024-05-13,46.43564224,46.43564224,46.08910751,46.38613892,3636909,0,1,40.7439078,yahoo_bootstrap
2024-05-14,46.28712845,46.33663177,45.34653473,45.4455452,6793623,0,1,39.91772427,yahoo_bootstrap
2024-05-15,45.4455452,46.63366318,45.4455452,45.79207993,8977327,0,1,40.22210785,yahoo_bootstrap
2024-05-16,46.03960419,46.53465271,45.94059372,46.43564224,11622746,0,1,40.78738972,yahoo_bootstrap
2024-05-17,46.38613892,46.38613892,45.64356232,45.64356232,12631861,0,1,40.09165535,yahoo_bootstrap
2024-05-20,46.03960419,47.02970123,45.94059372,47.02970123,21913004,0,1,41.30918967,yahoo_bootstrap
2024-05-21,46.98019791,46.98019791,46.23762131,46.78217697,13101377,0,1,41.0917733,yahoo_bootstrap
2024-05-22,46.73267365,47.32673264,46.48514938,47.32673264,18991235,0,1,41.57009132,yahoo_bootstrap
2024-05-23,46.58415985,47.22772217,46.33663177,46.98019791,17040098,0,1,41.26570774,yahoo_bootstrap
2024-05-24,46.83168411,46.83168411,45.94059372,45.94059372,11249880,0,1,40.352557,yahoo_bootstrap
2024-05-27,45.99010086,46.18811798,45.54455566,45.54455566,12742282,0,1,40.00469148,yahoo_bootstrap
2024-05-28,45.64356232,46.18811798,45.49504852,46.03960419,9219500,0,1,40.43952422,yahoo_bootstrap
2024-05-29,45.69306946,45.89109039,45.09901047,45.09901047,11959948,0,1,39.61334069,yahoo_bootstrap
2024-05-30,45,45.69306946,45,45.14851379,10991123,0,1,39.65682262,yahoo_bootstrap
2024-05-31,45.59405899,46.28712845,45.39603806,45.59405899,54062368,0,1,40.04817342,yahoo_bootstrap
2024-06-03,45.99010086,46.03960419,44.65346527,45.49504852,22615834,0,1,39.9612062,yahoo_bootstrap
2024-06-04,45,45.64356232,44.95049667,45.34653473,9057855,0,1,39.83075705,yahoo_bootstrap
2024-06-05,45.74257278,45.84158325,45.14851379,45.24752426,7575349,0,1,39.74378983,yahoo_bootstrap
2024-06-06,45.19801712,45.74257278,45.19801712,45.49504852,5654197,0,1,39.9612062,yahoo_bootstrap
2024-06-07,45.4455452,45.89109039,45.29702759,45.74257278,4169583,0,1,40.17862256,yahoo_bootstrap
2024-06-11,45.59405899,45.69306946,45.04950333,45.04950333,5625321,0,1,39.56985541,yahoo_bootstrap
2024-06-12,45.19801712,45.19801712,44.90098953,45.04950333,4573031,0,1,39.56985541,yahoo_bootstrap
2024-06-13,45.54455566,45.54455566,45.04950333,45.09901047,4611441,0,1,39.61334069,yahoo_bootstrap
2024-06-14,45.09901047,45.14851379,44.85148621,44.90098953,4397538,0,1,39.43940625,yahoo_bootstrap
2024-06-17,45.14851379,45.39603806,44.95049667,44.95049667,2296472,0,1,39.48289154,yahoo_bootstrap
2024-06-18,45.14851379,45.34653473,44.90098953,45.29702759,3886078,0,1,39.78727177,yahoo_bootstrap
2024-06-19,45.4455452,45.64356232,45.14851379,45.54455566,5025794,0,1,40.00469148,yahoo_bootstrap
2024-06-20,45.69306946,45.74257278,45.39603806,45.59405899,3326590,0,1,40.04817342,yahoo_bootstrap
2024-06-21,45.54455566,45.74257278,45.39603806,45.39603806,6481940,0,1,39.87423899,yahoo_bootstrap
2024-06-24,45.4455452,45.49504852,45.09901047,45.39603806,3331008,0,1,39.87423899,yahoo_bootstrap
2024-06-25,45.69306946,45.79207993,45.39603806,45.69306946,4706596,0,1,40.13514063,yahoo_bootstrap
2024-06-26,45.34653473,45.49504852,45.04950333,45.24752426,3280944,0,1,39.74378983,yahoo_bootstrap
2024-06-27,44.80197906,45.39603806,44.80197906,45.19801712,3859585,0,1,39.70030455,yahoo_bootstrap
2024-06-28,45.19801712,45.79207993,45.19801712,45.59405899,3832416,0,1,40.04817342,yahoo_bootstrap
2024-07-01,45.59405899,45.69306946,45.24752426,45.29702759,1542073,0,1,39.78727177,yahoo_bootstrap
2024-07-02,45.19801712,45.64356232,45.04950333,45.19801712,4398884,0,1,39.70030455,yahoo_bootstrap
2024-07-03,45.24752426,45.74257278,45.19801712,45.69306946,6155559,0,1,40.13514063,yahoo_bootstrap
2024-07-04,45.89109039,46.03960419,45.54455566,45.84158325,8160883,0,1,40.26558978,yahoo_bootstrap
2024-07-05,45.84158325,45.89109039,45.4455452,45.69306946,4535777,0,1,40.13514063,yahoo_bootstrap
2024-07-08,45.59405899,45.64356232,45.34653473,45.54455566,8705860,0,1,40.00469148,yahoo_bootstrap
2024-07-09,45.4455452,45.54455566,45.14851379,45.49504852,7146480,0,1,39.9612062,yahoo_bootstrap
2024-07-10,45.29702759,45.29702759,43.96039581,44.05940628,19789614,0,1,38.70018995,yahoo_bootstrap
2024-07-11,44.05940628,44.40594101,43.81188202,44.10890961,16332683,0,1,38.74367188,yahoo_bootstrap
2024-07-12,43.96039581,44.80197906,43.96039581,44.7029686,16401781,0,1,39.26547183,yahoo_bootstrap
2024-07-15,44.7029686,44.95049667,44.40594101,44.5544548,13385148,0,1,39.13502267,yahoo_bootstrap
2024-07-16,44.5544548,44.65346527,44.30693054,44.65346527,18363237,0,1,39.22198989,yahoo_bootstrap
2024-07-17,42.8712883,43.41584015,42.07920837,42.22772217,25105469,1.782178,1,38.63320645,yahoo_bootstrap
2024-07-18,42.4257431,42.92079163,42.1287117,42.5742569,13352866,0,1,38.95024339,yahoo_bootstrap
2024-07-19,42.47524643,42.52475357,41.38613892,41.78217697,14503940,0,1,38.22558703,yahoo_bootstrap
2024-07-22,41.63366318,41.83168411,40.94059372,41.18811798,17138310,0,1,37.68209564,yahoo_bootstrap
2024-07-23,41.33663177,41.73267365,41.18811798,41.73267365,6663653,0,1,38.18029754,yahoo_bootstrap
2024-07-26,41.23762131,41.53465271,40.84158325,41.28712845,10088745,0,1,37.77267812,yahoo_bootstrap
2024-07-29,41.08910751,41.48514938,40.64356232,41.13861465,9281321,0,1,37.63680614,yahoo_bootstrap
2024-07-30,41.13861465,41.13861465,40.64356232,40.99010086,6593862,0,1,37.50093417,yahoo_bootstrap
2024-07-31,40.99010086,41.38613892,40.99010086,41.28712845,12540805,0,1,37.77267812,yahoo_bootstrap
2024-08-01,41.03960419,41.23762131,40.59405899,40.79207993,11175433,0,1,37.31976921,yahoo_bootstrap
2024-08-02,40.59405899,40.59405899,39.45544434,40.19801712,14122938,0,1,36.77627432,yahoo_bootstrap
2024-08-05,39.30693054,39.30693054,37.27722549,38.21781921,16055918,0,1,34.96463517,yahoo_bootstrap
2024-08-06,38.51485062,39.00989914,37.67326736,38.81188202,12106474,0,1,35.50813006,yahoo_bootstrap
2024-08-07,38.61386108,39.65346527,38.46534729,39.65346527,12761931,0,1,36.27807591,yahoo_bootstrap
2024-08-08,38.96039581,39.35643387,38.71287155,38.91089249,6867814,0,1,35.59871254,yahoo_bootstrap
2024-08-09,38.96039581,39.95049667,38.96039581,39.60395813,8089883,0,1,36.23278293,yahoo_bootstrap
2024-08-12,39.95049667,40.14851379,39.45544434,39.95049667,4735230,0,1,36.54982335,yahoo_bootstrap
2024-08-13,39.85148621,40.24752426,39.85148621,40.19801712,3750613,0,1,36.77627432,yahoo_bootstrap
2024-08-14,40.34653473,41.18811798,40.34653473,41.13861465,7100827,0,1,37.63680614,yahoo_bootstrap
2024-08-15,41.48514938,41.48514938,40.64356232,40.64356232,4587308,0,1,37.18389374,yahoo_bootstrap
2024-08-16,41.23762131,41.58415985,41.18811798,41.38613892,6325514,0,1,37.8632606,yahoo_bootstrap
2024-08-19,41.18811798,41.28712845,40.74257278,40.74257278,3095625,0,1,37.27447622,yahoo_bootstrap
2024-08-20,41.18811798,41.18811798,40.49504852,40.59405899,3257816,0,1,37.13860424,yahoo_bootstrap
2024-08-21,40.69306946,40.84158325,39.90098953,40.19801712,5043207,0,1,36.77627432,yahoo_bootstrap
2024-08-22,40.34653473,40.34653473,39.80197906,39.90098953,5112244,0,1,36.50453037,yahoo_bootstrap
2024-08-23,40.19801712,40.54455566,39.85148621,40.39603806,4092780,0,1,36.95743929,yahoo_bootstrap
2024-08-26,40.59405899,41.33663177,40.59405899,41.03960419,6872034,0,1,37.54622366,yahoo_bootstrap
2024-08-27,40.69306946,40.89109039,39.85148621,39.90098953,7947437,0,1,36.50453037,yahoo_bootstrap
2024-08-28,39.95049667,40.14851379,39.75247574,39.95049667,3101792,0,1,36.54982335,yahoo_bootstrap
2024-08-29,39.90098953,40.04950333,39.60395813,39.60395813,4955660,0,1,36.23278293,yahoo_bootstrap
2024-08-30,39.95049667,40.14851379,39.60395813,39.85148621,7895695,0,1,36.45924088,yahoo_bootstrap
2024-09-02,40,40.09901047,39.45544434,39.60395813,4250798,0,1,36.23278293,yahoo_bootstrap
2024-09-03,39.75247574,39.75247574,39.20792007,39.20792007,4146771,0,1,35.87045649,yahoo_bootstrap
2024-09-04,37.77227783,38.21781921,37.4257431,37.82178116,13950396,0,1,34.60230874,yahoo_bootstrap
2024-09-05,38.41584015,38.51485062,37.8712883,37.8712883,8006377,0,1,34.64760173,yahoo_bootstrap
2024-09-06,38.31682968,38.86138535,37.8712883,38.81188202,4081868,0,1,35.50813006,yahoo_bootstrap
2024-09-09,37.8712883,38.36633682,37.77227783,38.31682968,9857551,0,1,35.05521765,yahoo_bootstrap
2024-09-10,38.51485062,38.51485062,37.8712883,38.11881256,4926214,0,1,34.87405618,yahoo_bootstrap
2024-09-11,38.11881256,38.11881256,37.62376022,37.62376022,8811577,0,1,34.42114378,yahoo_bootstrap
2024-09-12,38.06930542,38.06930542,37.4257431,37.92079163,8150706,0,1,34.69289123,yahoo_bootstrap
2024-09-13,38.06930542,38.06930542,37.62376022,37.82178116,5258652,0,1,34.60230874,yahoo_bootstrap
2024-09-16,37.97029877,37.97029877,37.67326736,37.97029877,4813456,0,1,34.73818421,yahoo_bootstrap
2024-09-18,37.92079163,38.16831589,37.92079163,38.11881256,5286038,0,1,34.87405618,yahoo_bootstrap
2024-09-19,38.11881256,39.05940628,37.92079163,39.05940628,8448049,0,1,35.73458452,yahoo_bootstrap
2024-09-20,38.66336441,38.96039581,38.11881256,38.21781921,9470328,0,1,34.96463517,yahoo_bootstrap
2024-09-23,38.21781921,38.66336441,38.16831589,38.46534729,8398586,0,1,35.19109312,yahoo_bootstrap
2024-09-24,38.46534729,38.51485062,38.01980209,38.51485062,6622859,0,1,35.23638262,yahoo_bootstrap
2024-09-25,38.96039581,39.15841675,38.41584015,39.15841675,9493885,0,1,35.825167,yahoo_bootstrap
2024-09-26,39.50495148,39.50495148,38.86138535,39.05940628,8749244,0,1,35.73458452,yahoo_bootstrap
2024-09-27,39.45544434,39.45544434,38.81188202,38.81188202,8557756,0,1,35.50813006,yahoo_bootstrap
2024-09-30,39.10890961,39.10890961,38.21781921,38.21781921,11329118,0,1,34.96463517,yahoo_bootstrap
2024-10-01,38.51485062,38.61386108,37.92079163,37.97029877,12195497,0,1,34.73818421,yahoo_bootstrap
2024-10-04,37.97029877,38.96039581,37.97029877,38.61386108,16785690,0,1,35.32696509,yahoo_bootstrap
2024-10-07,38.91089249,39.85148621,38.86138535,39.85148621,14500214,0,1,36.45924088,yahoo_bootstrap
2024-10-08,39.40594101,39.50495148,38.66336441,38.71287155,14576493,0,1,35.41754758,yahoo_bootstrap
2024-10-09,38.71287155,38.71287155,38.26732635,38.31682968,9327141,0,1,35.05521765,yahoo_bootstrap
2024-10-11,38.81188202,38.86138535,38.26732635,38.36633682,6259793,0,1,35.10051064,yahoo_bootstrap
2024-10-14,38.81188202,38.81188202,38.06930542,38.31682968,5911458,0,1,35.05521765,yahoo_bootstrap
2024-10-15,38.31682968,38.81188202,38.21781921,38.71287155,8604164,0,1,35.41754758,yahoo_bootstrap
2024-10-16,38.21781921,38.41584015,38.16831589,38.36633682,9117140,0,1,35.10051064,yahoo_bootstrap
2024-10-17,38.31682968,38.61386108,38.26732635,38.61386108,5760680,0,1,35.32696509,yahoo_bootstrap
2024-10-18,38.76237488,39.2574234,38.71287155,39.2574234,8012662,0,1,35.91574599,yahoo_bootstrap
2024-10-21,39.40594101,39.40594101,38.61386108,38.86138535,6978185,0,1,35.55341956,yahoo_bootstrap
2024-10-22,38.91089249,39.40594101,38.61386108,39.20792007,11196500,0,1,35.87045649,yahoo_bootstrap
2024-10-23,39.10890961,39.10890961,38.51485062,38.61386108,8238039,0,1,35.32696509,yahoo_bootstrap
2024-10-24,38.61386108,39.05940628,38.51485062,38.71287155,5650290,0,1,35.41754758,yahoo_bootstrap
2024-10-25,38.96039581,39.05940628,38.56435776,39.05940628,4973518,0,1,35.73458452,yahoo_bootstrap
2024-10-28,39.10890961,39.10890961,38.66336441,38.91089249,5803077,0,1,35.59871254,yahoo_bootstrap
2024-10-29,38.91089249,39.50495148,38.71287155,39.50495148,9279946,0,1,36.14220394,yahoo_bootstrap
2024-10-30,39.50495148,39.65346527,39.15841675,39.65346527,6625505,0,1,36.27807591,yahoo_bootstrap
2024-11-01,39.50495148,39.50495148,38.66336441,39.20792007,11984507,0,1,35.87045649,yahoo_bootstrap
2024-11-04,38.96039581,39.15841675,38.66336441,38.96039581,6108683,0,1,35.64400203,yahoo_bootstrap
2024-11-05,39.10890961,39.10890961,38.56435776,38.71287155,7410384,0,1,35.41754758,yahoo_bootstrap
2024-11-06,38.71287155,38.91089249,38.56435776,38.56435776,7620393,0,1,35.2816756,yahoo_bootstrap
2024-11-07,38.51485062,39.35643387,38.51485062,38.96039581,8036341,0,1,35.64400203,yahoo_bootstrap
2024-11-08,39.35643387,39.35643387,38.51485062,38.51485062,8704670,0,1,35.23638262,yahoo_bootstrap
2024-11-11,38.31682968,38.96039581,38.21781921,38.91089249,8769475,0,1,35.59871254,yahoo_bootstrap
2024-11-12,38.41584015,39.00989914,38.31682968,38.81188202,11206631,0,1,35.50813006,yahoo_bootstrap
2024-11-13,38.51485062,39.10890961,38.51485062,38.91089249,10415298,0,1,35.59871254,yahoo_bootstrap
2024-11-14,38.66336441,39.30693054,38.61386108,39.30693054,12027552,0,1,35.96103897,yahoo_bootstrap
2024-11-15,39.30693054,39.75247574,39.20792007,39.20792007,10326263,0,1,35.87045649,yahoo_bootstrap
2024-11-18,39.50495148,39.7029686,39.20792007,39.20792007,15981608,0,1,35.87045649,yahoo_bootstrap
2024-11-19,39.15841675,39.65346527,38.86138535,38.86138535,16795642,0,1,35.55341956,yahoo_bootstrap
2024-11-20,38.81188202,39.40594101,38.56435776,38.56435776,16254000,0,1,35.2816756,yahoo_bootstrap
2024-11-21,38.56435776,38.66336441,37.97029877,37.97029877,19784805,0,1,34.73818421,yahoo_bootstrap
2024-11-22,38.06930542,38.21781921,37.47524643,37.47524643,21285759,0,1,34.2852718,yahoo_bootstrap
2024-11-25,37.47524643,37.77227783,36.83168411,36.83168411,27016993,0,1,33.69649091,yahoo_bootstrap
2024-11-26,36.93069458,37.4257431,36.38613892,37.02970123,17485061,0,1,33.87765238,yahoo_bootstrap
2024-11-27,37.22772217,38.51485062,37.1287117,38.21781921,22116447,0,1,34.96463517,yahoo_bootstrap
2024-11-28,38.46534729,39.40594101,38.21781921,39.20792007,24530489,0,1,35.87045649,yahoo_bootstrap
2024-11-29,38.86138535,39.40594101,38.51485062,38.86138535,18271503,0,1,35.55341956,yahoo_bootstrap
2024-12-02,38.91089249,39.2574234,38.31682968,38.31682968,10359897,0,1,35.05521765,yahoo_bootstrap
2024-12-03,38.46534729,39.15841675,38.46534729,39.15841675,9012388,0,1,35.825167,yahoo_bootstrap
2024-12-04,39.2574234,39.2574234,38.76237488,39.20792007,11096127,0,1,35.87045649,yahoo_bootstrap
2024-12-05,38.86138535,39.30693054,38.81188202,38.91089249,5807837,0,1,35.59871254,yahoo_bootstrap
2024-12-06,39.00989914,39.50495148,38.81188202,39.50495148,12040428,0,1,36.14220394,yahoo_bootstrap
2024-12-09,39.60395813,40.39603806,39.60395813,39.75247574,18427799,0,1,36.36865839,yahoo_bootstrap
2024-12-10,40.09901047,40.09901047,39.75247574,39.95049667,10115410,0,1,36.54982335,yahoo_bootstrap
2024-12-11,39.7029686,40.24752426,39.65346527,39.7029686,7193597,0,1,36.32336541,yahoo_bootstrap
2024-12-12,40.09901047,40.29702759,39.95049667,39.95049667,10056013,0,1,36.54982335,yahoo_bootstrap
2024-12-13,39.75247574,40.49504852,39.75247574,40.49504852,10488558,0,1,37.04802176,yahoo_bootstrap
2024-12-16,40.69306946,40.79207993,40.24752426,40.54455566,10808234,0,1,37.09331474,yahoo_bootstrap
2024-12-17,40.4455452,40.84158325,39.65346527,39.75247574,15421466,0,1,36.36865839,yahoo_bootstrap
2024-12-18,40,40.34653473,39.50495148,39.75247574,16826589,0,1,36.36865839,yahoo_bootstrap
2024-12-19,39.35643387,39.80197906,39.15841675,39.2574234,18444870,0,1,35.91574599,yahoo_bootstrap
2024-12-20,39.10890961,40.89109039,38.86138535,39.75247574,66600795,0,1,36.36865839,yahoo_bootstrap
2024-12-23,39.90098953,41.08910751,38.91089249,41.08910751,54498459,0,1,37.59151315,yahoo_bootstrap
2024-12-24,40.49504852,41.23762131,39.95049667,39.95049667,38399686,0,1,36.54982335,yahoo_bootstrap
2024-12-25,40.09901047,40.84158325,39.30693054,40.54455566,40893218,0,1,37.09331474,yahoo_bootstrap
2024-12-26,40.34653473,41.08910751,40.24752426,40.39603806,26349617,0,1,36.95743929,yahoo_bootstrap
2024-12-27,40.39603806,40.49504852,39.5544548,40.24752426,12457890,0,1,36.8215673,yahoo_bootstrap
2024-12-30,40.24752426,40.24752426,39.40594101,39.40594101,9109017,0,1,36.05162145,yahoo_bootstrap
2024-12-31,39.10890961,39.40594101,39.10890961,39.20792007,7464515,0,1,35.87045649,yahoo_bootstrap
2025-01-02,39.05940628,39.85148621,39.00989914,39.80197906,7072921,0,1,36.41394788,yahoo_bootstrap
2025-01-03,39.95049667,40.04950333,39.60395813,39.7029686,6237994,0,1,36.32336541,yahoo_bootstrap
2025-01-06,39.95049667,40.59405899,39.85148621,40.29702759,7225742,0,1,36.8668568,yahoo_bootstrap
2025-01-07,40.59405899,40.84158325,40.09901047,40.09901047,7467730,0,1,36.68569533,yahoo_bootstrap
2025-01-08,40.4455452,40.4455452,39.95049667,40.29702759,5146827,0,1,36.8668568,yahoo_bootstrap
2025-01-09,40.04950333,40.79207993,40,40.39603806,7698111,0,1,36.95743929,yahoo_bootstrap
2025-01-10,40.04950333,40.69306946,40.04950333,40.34653473,7394659,0,1,36.91214979,yahoo_bootstrap
2025-01-13,40.14851379,40.79207993,40.09901047,40.49504852,10080244,0,1,37.04802176,yahoo_bootstrap
2025-01-14,40.54455566,41.18811798,40.4455452,41.18811798,9128290,0,1,37.68209564,yahoo_bootstrap
2025-01-15,41.18811798,41.58415985,41.18811798,41.53465271,8969768,0,1,37.99913258,yahoo_bootstrap
2025-01-16,41.58415985,42.22772217,41.58415985,41.73267365,9858082,0,1,38.18029754,yahoo_bootstrap
2025-01-17,41.6831665,42.22772217,40.79207993,41.18811798,14379407,0,1,37.68209564,yahoo_bootstrap
2025-01-20,41.33663177,41.38613892,40.99010086,41.13861465,3088755,0,1,37.63680614,yahoo_bootstrap
2025-01-21,41.18811798,42.32673264,41.18811798,42.22772217,7589664,0,1,38.63320645,yahoo_bootstrap
2025-01-22,42.22772217,42.27722549,41.73267365,41.88118744,4389416,0,1,38.31616951,yahoo_bootstrap
2025-02-03,41.98019791,43.56435776,41.98019791,43.56435776,18512268,0,1,39.85606471,yahoo_bootstrap
2025-02-04,43.56435776,44.00989914,43.11881256,43.86138535,13224097,0,1,40.12780866,yahoo_bootstrap
2025-02-05,44.15841675,44.20792007,43.31682968,43.51485062,5944163,0,1,39.81077173,yahoo_bootstrap
2025-02-06,43.36633682,44.05940628,43.26732635,43.41584015,4623317,0,1,39.72018924,yahoo_bootstrap
2025-02-07,43.21781921,43.51485062,42.62376022,42.62376022,4851241,0,1,38.99553288,yahoo_bootstrap
2025-02-10,42.62376022,43.41584015,42.62376022,43.11881256,5844407,0,1,39.44844529,yahoo_bootstrap
2025-02-11,43.56435776,43.81188202,43.21781921,43.56435776,4900432,0,1,39.85606471,yahoo_bootstrap
2025-02-12,43.76237488,43.86138535,43.41584015,43.71287155,3975698,0,1,39.99193668,yahoo_bootstrap
2025-02-13,43.86138535,43.86138535,43.26732635,43.51485062,4653578,0,1,39.81077173,yahoo_bootstrap
2025-02-14,43.36633682,43.71287155,43.21781921,43.41584015,1832079,0,1,39.72018924,yahoo_bootstrap
2025-02-17,43.86138535,43.96039581,43.51485062,43.71287155,3958641,0,1,39.99193668,yahoo_bootstrap
2025-02-18,43.31682968,43.91089249,43.31682968,43.91089249,5694147,0,1,40.17310165,yahoo_bootstrap
2025-02-19,43.91089249,43.96039581,43.56435776,43.91089249,3324399,0,1,40.17310165,yahoo_bootstrap
2025-02-20,43.81188202,44.15841675,43.61386108,44.00989914,3449950,0,1,40.26368064,yahoo_bootstrap
2025-02-21,44.05940628,44.15841675,43.86138535,44.00989914,3543651,0,1,40.26368064,yahoo_bootstrap
2025-02-24,43.66336441,44.05940628,43.66336441,43.71287155,3913401,0,1,39.99193668,yahoo_bootstrap
2025-02-25,43.16831589,44.05940628,43.16831589,43.36633682,3418635,0,1,39.67489974,yahoo_bootstrap
2025-02-26,43.31682968,43.96039581,43.31682968,43.71287155,5886415,0,1,39.99193668,yahoo_bootstrap
2025-02-27,43.61386108,43.91089249,43.16831589,43.56435776,6191405,0,1,39.85606471,yahoo_bootstrap
2025-03-03,43.21781921,44.00989914,43.21781921,43.86138535,5855501,0,1,40.12780866,yahoo_bootstrap
2025-03-04,43.21781921,43.81188202,42.5742569,42.67326736,9515659,0,1,39.04082587,yahoo_bootstrap
2025-03-05,42.97029877,43.51485062,42.72277069,43.26732635,3265894,0,1,39.58431726,yahoo_bootstrap
2025-03-06,43.16831589,43.71287155,42.8712883,43.46534729,5609109,0,1,39.76548223,yahoo_bootstrap
2025-03-07,43.66336441,43.66336441,42.92079163,43.41584015,3584078,0,1,39.72018924,yahoo_bootstrap
2025-03-10,43.56435776,43.71287155,42.97029877,43.36633682,6103705,0,1,39.67489974,yahoo_bootstrap
2025-03-11,42.5742569,43.71287155,42.37623596,43.16831589,10373457,0,1,39.49373479,yahoo_bootstrap
2025-03-12,43.46534729,43.56435776,42.8712883,43.31682968,5277743,0,1,39.62960676,yahoo_bootstrap
2025-03-13,43.21781921,43.51485062,43.01980209,43.21781921,5037124,0,1,39.53902428,yahoo_bootstrap
2025-03-14,43.61386108,44.05940628,43.11881256,44.00989914,7720017,0,1,40.26368064,yahoo_bootstrap
2025-03-17,43.96039581,44.05940628,43.71287155,43.71287155,5576691,0,1,39.99193668,yahoo_bootstrap
2025-03-18,43.91089249,44.2574234,43.66336441,44.10890961,5137735,0,1,40.35426312,yahoo_bootstrap
2025-03-19,44.20792007,44.20792007,43.76237488,44.10890961,5190865,0,1,40.35426312,yahoo_bootstrap
2025-03-20,44.10890961,44.20792007,43.81188202,44.10890961,4959314,0,1,40.35426312,yahoo_bootstrap
2025-03-21,43.91089249,44.5544548,43.91089249,44.50495148,11727677,0,1,40.71659304,yahoo_bootstrap
2025-03-24,44.30693054,44.7029686,44.15841675,44.7029686,6269197,0,1,40.89775451,yahoo_bootstrap
2025-03-25,44.30693054,44.65346527,43.91089249,44.50495148,7161026,0,1,40.71659304,yahoo_bootstrap
2025-03-26,44.20792007,44.60395813,44.20792007,44.60395813,6309263,0,1,40.80717203,yahoo_bootstrap
2025-03-27,44.2574234,45,44.15841675,45,10756860,0,1,41.16950195,yahoo_bootstrap
2025-03-28,44.5544548,45,44.50495148,44.90098953,7576338,0,1,41.07891947,yahoo_bootstrap
2025-03-31,44.20792007,45.14851379,44.20792007,44.5544548,12720166,0,1,40.76188253,yahoo_bootstrap
2025-04-01,44.7029686,45.24752426,44.65346527,44.90098953,8575001,0,1,41.07891947,yahoo_bootstrap
2025-04-02,44.95049667,45.34653473,44.85148621,45.34653473,7337834,0,1,41.48653889,yahoo_bootstrap
2025-04-07,40.84158325,41.18811798,40.84158325,40.84158325,4087151,0,1,37.3650587,yahoo_bootstrap
2025-04-08,42.52475357,44.90098953,41.03960419,44.90098953,24113550,0,1,41.07891947,yahoo_bootstrap
2025-04-09,43.56435776,45.74257278,43.56435776,44.5544548,22216232,0,1,40.76188253,yahoo_bootstrap
2025-04-10,47.62376022,47.62376022,44.5544548,46.38613892,18889563,0,1,42.43764971,yahoo_bootstrap
2025-04-11,46.43564224,47.77227783,46.03960419,47.32673264,22601048,0,1,43.29817804,yahoo_bootstrap
2025-04-14,46.58415985,47.1287117,45.94059372,47.02970123,11531736,0,1,43.02643059,yahoo_bootstrap
2025-04-15,46.53465271,46.73267365,46.08910751,46.18811798,8163100,0,1,42.25648474,yahoo_bootstrap
2025-04-16,45.89109039,47.22772217,45.89109039,46.98019791,11866305,0,1,42.9811411,yahoo_bootstrap
2025-04-17,46.98019791,47.07920837,46.03960419,46.43564224,5985103,0,1,42.4829392,yahoo_bootstrap
2025-04-18,46.48514938,46.48514938,45.99010086,46.43564224,3730617,0,1,42.4829392,yahoo_bootstrap
2025-04-21,46.43564224,47.02970123,46.28712845,46.78217697,7344954,0,1,42.79997614,yahoo_bootstrap
2025-04-22,46.98019791,47.07920837,46.73267365,46.98019791,7044034,0,1,42.9811411,yahoo_bootstrap
2025-04-23,46.93069458,47.47524643,46.03960419,46.18811798,6227136,0,1,42.25648474,yahoo_bootstrap
2025-04-24,46.08910751,46.33663177,45.84158325,46.13861465,5350316,0,1,42.21119524,yahoo_bootstrap
2025-04-25,46.23762131,46.43564224,45.89109039,46.03960419,3983554,0,1,42.12061277,yahoo_bootstrap
2025-04-28,46.38613892,46.38613892,45.34653473,46.13861465,3548723,0,1,42.21119524,yahoo_bootstrap
2025-04-29,46.28712845,46.53465271,45.99010086,46.18811798,4979651,0,1,42.25648474,yahoo_bootstrap
2025-04-30,45.79207993,46.73267365,45.74257278,46.53465271,4797403,0,1,42.57352168,yahoo_bootstrap
2025-05-02,46.53465271,46.53465271,46.08910751,46.33663177,3693547,0,1,42.39235672,yahoo_bootstrap
2025-05-05,46.38613892,46.78217697,46.13861465,46.23762131,6047947,0,1,42.30177424,yahoo_bootstrap
2025-05-06,46.78217697,46.78217697,46.18811798,46.78217697,7786191,0,1,42.79997614,yahoo_bootstrap
2025-05-07,46.83168411,47.1287117,46.03960419,46.33663177,6287633,0,1,42.39235672,yahoo_bootstrap
2025-05-08,46.33663177,46.33663177,45.69306946,45.74257278,4707479,0,1,41.84886532,yahoo_bootstrap
2025-05-09,45.54455566,46.63366318,45.09901047,46.53465271,5958183,0,1,42.57352168,yahoo_bootstrap
2025-05-12,46.78217697,46.78217697,46.28712845,46.53465271,3727657,0,1,42.57352168,yahoo_bootstrap
2025-05-13,45.89109039,46.88118744,45.69306946,46.63366318,6258022,0,1,42.66410417,yahoo_bootstrap
2025-05-14,47.02970123,47.02970123,46.33663177,46.6831665,5040838,0,1,42.70939365,yahoo_bootstrap
2025-05-15,46.98019791,46.98019791,46.03960419,46.03960419,4173219,0,1,42.12061277,yahoo_bootstrap
2025-05-16,46.18811798,46.43564224,45.64356232,45.99010086,7243584,0,1,42.07532327,yahoo_bootstrap
2025-05-19,45.99010086,46.98019791,45.84158325,46.88118744,7406757,0,1,42.89055862,yahoo_bootstrap
2025-05-20,46.43564224,46.58415985,45.64356232,45.64356232,6098337,0,1,41.75828285,yahoo_bootstrap
2025-05-21,46.03960419,46.63366318,45.79207993,46.43564224,6015813,0,1,42.4829392,yahoo_bootstrap
2025-05-22,46.28712845,46.6831665,45.99010086,46.33663177,7885532,0,1,42.39235672,yahoo_bootstrap
2025-05-23,46.08910751,46.43564224,45.69306946,46.23762131,9581488,0,1,42.30177424,yahoo_bootstrap
2025-05-26,46.43564224,46.63366318,45.64356232,46.63366318,14581973,0,1,42.66410417,yahoo_bootstrap
2025-05-27,45.79207993,47.02970123,45.79207993,47.02970123,19589020,0,1,43.02643059,yahoo_bootstrap
2025-05-28,46.78217697,46.98019791,45.69306946,46.03960419,17058487,0,1,42.12061277,yahoo_bootstrap
2025-05-29,46.48514938,46.48514938,45.74257278,46.08910751,36029409,0,1,42.16590226,yahoo_bootstrap
2025-06-02,46.18811798,46.18811798,44.60395813,45.59405899,24531894,0,1,41.71299335,yahoo_bootstrap
2025-06-03,45.54455566,45.69306946,45.04950333,45.19801712,19075620,0,1,41.35066343,yahoo_bootstrap
2025-06-04,45.19801712,46.03960419,45.19801712,46.03960419,13181646,0,1,42.12061277,yahoo_bootstrap
2025-06-05,45.89109039,46.33663177,45.79207993,45.89109039,3299379,0,1,41.98474079,yahoo_bootstrap
2025-06-06,45.89109039,46.63366318,45.89109039,46.48514938,3772745,0,1,42.52823218,yahoo_bootstrap
2025-06-09,46.43564224,46.73267365,45.94059372,46.33663177,3373672,0,1,42.39235672,yahoo_bootstrap
2025-06-10,46.23762131,46.33663177,45.74257278,45.74257278,5063887,0,1,41.84886532,yahoo_bootstrap
2025-06-11,45.99010086,45.99010086,45.34653473,45.64356232,4793444,0,1,41.75828285,yahoo_bootstrap
2025-06-12,45.64356232,46.03960419,45.54455566,45.84158325,4293985,0,1,41.9394478,yahoo_bootstrap
2025-06-13,45.24752426,46.18811798,45.24752426,46.18811798,7730893,0,1,42.25648474,yahoo_bootstrap
2025-06-16,45.89109039,46.78217697,45.89109039,46.48514938,5585068,0,1,42.52823218,yahoo_bootstrap
2025-06-17,46.73267365,46.73267365,46.03960419,46.53465271,10090930,0,1,42.57352168,yahoo_bootstrap
2025-06-18,46.48514938,46.53465271,45.54455566,46.23762131,12985366,0,1,42.30177424,yahoo_bootstrap
2025-06-19,45.99010086,46.28712845,45.69306946,46.08910751,9586214,0,1,42.16590226,yahoo_bootstrap
2025-06-20,45.89109039,46.73267365,45.84158325,46.73267365,13828472,0,1,42.75468665,yahoo_bootstrap
2025-06-23,46.03960419,46.53465271,45.84158325,46.53465271,9959768,0,1,42.57352168,yahoo_bootstrap
2025-06-24,46.6831665,47.02970123,46.38613892,47.02970123,13972393,0,1,43.02643059,yahoo_bootstrap
2025-06-25,47.02970123,47.02970123,46.08910751,46.43564224,12491422,0,1,42.4829392,yahoo_bootstrap
2025-06-26,46.38613892,47.02970123,46.23762131,47.02970123,15540442,0,1,43.02643059,yahoo_bootstrap
2025-06-27,46.98019791,47.02970123,46.28712845,46.48514938,11150955,0,1,42.52823218,yahoo_bootstrap
2025-06-30,46.48514938,46.73267365,45.94059372,45.94059372,14502069,0,1,42.03003029,yahoo_bootstrap
2025-07-01,44.7029686,46.03960419,44.40594101,45.69306946,11760946,1.782178,1,43.49071546,yahoo_bootstrap
2025-07-02,45.09901047,46.23762131,45.09901047,46.23762131,5295352,0,1,44.00902053,yahoo_bootstrap
2025-07-03,45.84158325,46.48514938,45.84158325,46.48514938,6360842,0,1,44.24461803,yahoo_bootstrap
2025-07-04,46.18811798,46.33663177,45.64356232,45.79207993,4312256,0,1,43.58495374,yahoo_bootstrap
2025-07-07,45.64356232,46.23762131,45.54455566,45.99010086,4870725,0,1,43.77343029,yahoo_bootstrap
2025-07-08,46.38613892,46.43564224,45.69306946,45.89109039,3663380,0,1,43.67919201,yahoo_bootstrap
2025-07-09,45.64356232,45.99010086,45.4455452,45.49504852,3056262,0,1,43.30223891,yahoo_bootstrap
2025-07-10,45.39603806,45.94059372,45.19801712,45.4455452,3920912,0,1,43.25512159,yahoo_bootstrap
2025-07-11,45.49504852,45.99010086,45.29702759,45.4455452,3554188,0,1,43.25512159,yahoo_bootstrap
2025-07-14,45.4455452,45.49504852,45.09901047,45.34653473,2872478,0,1,43.16088331,yahoo_bootstrap
2025-07-15,45.04950333,45.34653473,44.35643387,44.7029686,5120587,0,1,42.54833634,yahoo_bootstrap
2025-07-16,44.5544548,44.65346527,44.2574234,44.65346527,3717642,0,1,42.50121901,yahoo_bootstrap
2025-07-17,44.50495148,44.85148621,44.15841675,44.15841675,3865355,0,1,42.03003127,yahoo_bootstrap
2025-07-18,44.50495148,44.65346527,44.20792007,44.45544434,3218339,0,1,42.31274247,yahoo_bootstrap
2025-07-21,44.45544434,44.75247574,43.76237488,43.76237488,3740943,0,1,41.65307817,yahoo_bootstrap
2025-07-22,43.86138535,44.00989914,43.56435776,43.86138535,4071894,0,1,41.74731644,yahoo_bootstrap
2025-07-23,44.20792007,44.20792007,43.71287155,44.00989914,2723264,0,1,41.88867204,yahoo_bootstrap
2025-07-24,43.86138535,43.91089249,43.46534729,43.51485062,1926755,0,1,41.41748429,yahoo_bootstrap
2025-07-25,43.46534729,43.81188202,43.36633682,43.81188202,1622785,0,1,41.70019912,yahoo_bootstrap
2025-07-28,43.81188202,43.96039581,43.06930542,43.06930542,3693418,0,1,40.99341387,yahoo_bootstrap
2025-07-29,43.06930542,43.41584015,42.97029877,43.06930542,2069925,0,1,40.99341387,yahoo_bootstrap
2025-07-30,43.11881256,43.36633682,43.01980209,43.26732635,2697228,0,1,41.18189041,yahoo_bootstrap
2025-07-31,42.8712883,42.92079163,42.47524643,42.5742569,3544275,0,1,40.52222612,yahoo_bootstrap
2025-08-04,42.72277069,43.91089249,42.67326736,43.86138535,2718389,0,1,41.74731644,yahoo_bootstrap
2025-08-05,43.81188202,44.00989914,43.31682968,43.41584015,2604820,0,1,41.32324602,yahoo_bootstrap
2025-08-06,43.26732635,43.81188202,43.26732635,43.81188202,2263553,0,1,41.70019912,yahoo_bootstrap
2025-08-07,43.86138535,43.96039581,43.51485062,43.61386108,2176493,0,1,41.51172256,yahoo_bootstrap
2025-08-08,43.46534729,43.81188202,43.41584015,43.66336441,1570919,0,1,41.55883989,yahoo_bootstrap
2025-08-11,43.36633682,43.76237488,43.36633682,43.76237488,1396363,0,1,41.65307817,yahoo_bootstrap
2025-08-12,43.46534729,43.96039581,43.46534729,43.96039581,3167340,0,1,41.84155471,yahoo_bootstrap
2025-08-13,44.20792007,44.35643387,43.96039581,44.2574234,2837543,0,1,42.12426591,yahoo_bootstrap
2025-08-14,44.40594101,44.50495148,44.10890961,44.15841675,2760659,0,1,42.03003127,yahoo_bootstrap
2025-08-15,44.15841675,44.20792007,43.71287155,43.71287155,2207220,0,1,41.60596084,yahoo_bootstrap
2025-08-18,43.66336441,44.50495148,43.66336441,44.50495148,3167932,0,1,42.35986342,yahoo_bootstrap
2025-08-19,43.91089249,43.96039581,42.92079163,43.16831589,4349335,0,1,41.08765214,yahoo_bootstrap
2025-08-20,43.41584015,43.41584015,42.37623596,43.01980209,5689403,0,1,40.94629654,yahoo_bootstrap
2025-08-21,43.11881256,43.26732635,42.47524643,42.52475357,3541957,0,1,40.4751088,yahoo_bootstrap
2025-08-22,42.37623596,42.4257431,41.78217697,42.02970123,4212199,0,1,40.00391742,yahoo_bootstrap
2025-08-25,42.17821884,42.27722549,41.6831665,41.88118744,2577194,0,1,39.86256182,yahoo_bootstrap
2025-08-26,41.6831665,41.6831665,41.13861465,41.13861465,6931562,0,1,39.1557802,yahoo_bootstrap
2025-08-27,40.99010086,41.33663177,40.99010086,41.13861465,2225442,0,1,39.1557802,yahoo_bootstrap
2025-08-28,41.03960419,41.13861465,40.4455452,40.74257278,5401891,0,1,38.77882709,yahoo_bootstrap
2025-08-29,40.74257278,40.89109039,40.59405899,40.59405899,4113864,0,1,38.6374715,yahoo_bootstrap
2025-09-01,40.59405899,41.08910751,40.4455452,40.69306946,2619839,0,1,38.73170978,yahoo_bootstrap
2025-09-02,40.69306946,41.03960419,40.69306946,40.84158325,3520438,0,1,38.87306537,yahoo_bootstrap
2025-09-03,40.79207993,41.03960419,40.64356232,40.89109039,2576240,0,1,38.92018632,yahoo_bootstrap
2025-09-04,40.99010086,40.99010086,40.74257278,40.89109039,2666415,0,1,38.92018632,yahoo_bootstrap
2025-09-05,40.89109039,41.23762131,40.79207993,40.89109039,2769256,0,1,38.92018632,yahoo_bootstrap
2025-09-08,40.79207993,41.03960419,40.34653473,40.34653473,5629738,0,1,38.40187763,yahoo_bootstrap
2025-09-09,40.74257278,40.84158325,40.29702759,40.84158325,5455812,0,1,38.87306537,yahoo_bootstrap
2025-09-10,40.79207993,40.84158325,40.39603806,40.69306946,5751125,0,1,38.73170978,yahoo_bootstrap
2025-09-11,40.64356232,41.08910751,40.4455452,41.08910751,6309351,0,1,39.10865924,yahoo_bootstrap
2025-09-12,41.13861465,41.28712845,40.89109039,41.08910751,4622970,0,1,39.10865924,yahoo_bootstrap
2025-09-15,41.08910751,41.28712845,40.74257278,40.79207993,6098765,0,1,38.82594806,yahoo_bootstrap
2025-09-16,40.84158325,41.18811798,40.79207993,41.18811798,3266637,0,1,39.20289752,yahoo_bootstrap
2025-09-17,41.13861465,41.23762131,40.99010086,41.08910751,4225715,0,1,39.10865924,yahoo_bootstrap
2025-09-18,41.18811798,41.33663177,40.74257278,40.99010086,4428963,0,1,39.0144246,yahoo_bootstrap
2025-09-19,40.99010086,41.78217697,40.74257278,41.78217697,9895409,0,1,39.76832354,yahoo_bootstrap
2025-09-22,41.48514938,41.58415985,41.18811798,41.58415985,6307016,0,1,39.57985062,yahoo_bootstrap
2025-09-23,41.38613892,41.58415985,41.13861465,41.58415985,6179403,0,1,39.57985062,yahoo_bootstrap
2025-09-24,41.48514938,41.88118744,41.43564224,41.88118744,6065656,0,1,39.86256182,yahoo_bootstrap
2025-09-25,41.98019791,42.02970123,41.63366318,41.73267365,5721957,0,1,39.72120623,yahoo_bootstrap
2025-09-26,41.78217697,41.78217697,41.18811798,41.28712845,3980117,0,1,39.2971358,yahoo_bootstrap
2025-09-30,41.73267365,41.78217697,41.33663177,41.63366318,4370147,0,1,39.62696795,yahoo_bootstrap
2025-10-01,41.53465271,41.58415985,41.08910751,41.13861465,3203299,0,1,39.1557802,yahoo_bootstrap
2025-10-02,41.23762131,41.58415985,41.08910751,41.28712845,2709958,0,1,39.2971358,yahoo_bootstrap
2025-10-03,41.23762131,41.33663177,40.94059372,40.99010086,2105255,0,1,39.0144246,yahoo_bootstrap
2025-10-07,40.99010086,41.48514938,40.79207993,41.08910751,3425153,0,1,39.10865924,yahoo_bootstrap
2025-10-08,41.18811798,41.43564224,41.08910751,41.13861465,1885876,0,1,39.1557802,yahoo_bootstrap
2025-10-09,41.13861465,41.33663177,40.89109039,41.23762131,3490855,0,1,39.25001485,yahoo_bootstrap
2025-10-13,40.79207993,40.99010086,40.49504852,40.74257278,5796423,0,1,38.77882709,yahoo_bootstrap
2025-10-14,40.69306946,41.28712845,40.69306946,40.99010086,4795127,0,1,39.0144246,yahoo_bootstrap
2025-10-15,40.99010086,41.23762131,40.89109039,40.94059372,3959290,0,1,38.96730365,yahoo_bootstrap
2025-10-16,40.99010086,41.13861465,40.49504852,40.49504852,4545137,0,1,38.54323322,yahoo_bootstrap
2025-10-17,40.59405899,40.84158325,40.54455566,40.54455566,4405823,0,1,38.59035417,yahoo_bootstrap
2025-10-20,40.54455566,40.74257278,40.19801712,40.24752426,5106646,0,1,38.30763935,yahoo_bootstrap
2025-10-21,40.54455566,40.74257278,40.09901047,40.19801712,5342598,0,1,38.2605184,yahoo_bootstrap
2025-10-22,40.24752426,40.54455566,40.24752426,40.54455566,2714028,0,1,38.59035417,yahoo_bootstrap
2025-10-23,40.39603806,40.99010086,40.39603806,40.94059372,3981327,0,1,38.96730365,yahoo_bootstrap
2025-10-27,40.94059372,40.99010086,40.29702759,40.49504852,6044664,0,1,38.54323322,yahoo_bootstrap
2025-10-28,40.74257278,40.74257278,39.85148621,39.85148621,6494440,0,1,37.93068988,yahoo_bootstrap
2025-10-29,40.09901047,40.09901047,39.60395813,39.60395813,6683972,0,1,37.69509238,yahoo_bootstrap
2025-10-30,39.5544548,39.60395813,39.40594101,39.40594101,5683537,0,1,37.50661946,yahoo_bootstrap
2025-10-31,39.45544434,39.45544434,39.00989914,39.20792007,5337410,0,1,37.3181429,yahoo_bootstrap
2025-11-03,39.30693054,39.30693054,39.00989914,39.10890961,3320624,0,1,37.22390463,yahoo_bootstrap
2025-11-04,39.10890961,39.5544548,39.05940628,39.40594101,4430620,0,1,37.50661946,yahoo_bootstrap
2025-11-05,39.35643387,39.45544434,39.05940628,39.35643387,4206693,0,1,37.4594985,yahoo_bootstrap
2025-11-06,39.2574234,39.50495148,39.10890961,39.10890961,7866545,0,1,37.22390463,yahoo_bootstrap
2025-11-07,39.20792007,39.30693054,39.00989914,39.05940628,4440066,0,1,37.17678731,yahoo_bootstrap
2025-11-10,39.10890961,39.20792007,38.76237488,38.76237488,5877930,0,1,36.89407248,yahoo_bootstrap
2025-11-11,39.00989914,39.00989914,38.76237488,38.81188202,4184665,0,1,36.94119343,yahoo_bootstrap
2025-11-12,39.00989914,39.20792007,38.86138535,38.86138535,6840502,0,1,36.98831076,yahoo_bootstrap
2025-11-13,38.86138535,39.15841675,38.81188202,38.81188202,7278283,0,1,36.94119343,yahoo_bootstrap
2025-11-14,38.86138535,39.2574234,38.81188202,38.91089249,6141911,0,1,37.03543171,yahoo_bootstrap
2025-11-17,38.91089249,39.2574234,38.66336441,39.00989914,7334135,0,1,37.12966635,yahoo_bootstrap
2025-11-18,38.71287155,39.05940628,38.61386108,39.00989914,8126364,0,1,37.12966635,yahoo_bootstrap
2025-11-19,39.20792007,39.20792007,38.76237488,39.05940628,6970491,0,1,37.17678731,yahoo_bootstrap
2025-11-20,38.96039581,39.35643387,38.81188202,39.2574234,5706666,0,1,37.36526023,yahoo_bootstrap
2025-11-21,39.2574234,39.7029686,39.00989914,39.60395813,9899092,0,1,37.69509238,yahoo_bootstrap
2025-11-24,39.60395813,40.4455452,39.50495148,40.29702759,15779336,0,1,38.35475668,yahoo_bootstrap
2025-11-25,40.09901047,40.09901047,39.10890961,39.10890961,13856216,0,1,37.22390463,yahoo_bootstrap
2025-11-26,39.40594101,39.45544434,38.91089249,38.96039581,8252166,0,1,37.08254903,yahoo_bootstrap
2025-11-27,38.86138535,39.00989914,38.71287155,39.00989914,9499707,0,1,37.12966635,yahoo_bootstrap
2025-11-28,38.86138535,38.96039581,38.66336441,38.71287155,7238406,0,1,36.84695516,yahoo_bootstrap
2025-12-01,38.66336441,38.81188202,38.61386108,38.61386108,7315960,0,1,36.75271688,yahoo_bootstrap
2025-12-02,38.66336441,38.91089249,38.61386108,38.91089249,3500872,0,1,37.03543171,yahoo_bootstrap
2025-12-03,38.91089249,39.10890961,38.71287155,39.00989914,4278886,0,1,37.12966635,yahoo_bootstrap
2025-12-04,39.00989914,39.10890961,38.86138535,39.05940628,5819195,0,1,37.17678731,yahoo_bootstrap
2025-12-05,38.91089249,39.05940628,38.81188202,39.00989914,3779634,0,1,37.12966635,yahoo_bootstrap
2025-12-08,38.91089249,39.45544434,38.76237488,39.30693054,9516995,0,1,37.41238118,yahoo_bootstrap
2025-12-09,39.30693054,39.45544434,38.96039581,39.15841675,4959734,0,1,37.27102558,yahoo_bootstrap
2025-12-10,39.15841675,39.30693054,39.15841675,39.30693054,3229655,0,1,37.41238118,yahoo_bootstrap
2025-12-11,39.30693054,39.50495148,39.10890961,39.45544434,7381634,0,1,37.55373678,yahoo_bootstrap
2025-12-12,39.65346527,40,39.5544548,39.65346527,6766083,0,1,37.74221333,yahoo_bootstrap
2025-12-15,39.30693054,39.90098953,39.2574234,39.75247574,6478457,0,1,37.83645161,yahoo_bootstrap
2025-12-16,39.45544434,40,39.45544434,39.95049667,9715531,0,1,38.02492815,yahoo_bootstrap
2025-12-17,39.90098953,40.49504852,39.90098953,39.95049667,10516562,0,1,38.02492815,yahoo_bootstrap
2025-12-18,39.90098953,40.09901047,39.5544548,39.65346527,8755920,0,1,37.74221333,yahoo_bootstrap
2025-12-19,39.60395813,40.74257278,39.60395813,40.74257278,92033396,0,1,38.77882709,yahoo_bootstrap
2025-12-22,40.74257278,41.13861465,40.59405899,40.79207993,8497232,0,1,38.82594806,yahoo_bootstrap
2025-12-23,40.79207993,41.03960419,40.64356232,40.89109039,6911664,0,1,38.92018632,yahoo_bootstrap
2025-12-24,40.89109039,40.89109039,40.19801712,40.29702759,5289645,0,1,38.35475668,yahoo_bootstrap
2025-12-26,40.29702759,40.4455452,40.19801712,40.19801712,3013966,0,1,38.2605184,yahoo_bootstrap
2025-12-29,40.24752426,40.4455452,40.04950333,40.29702759,4951602,0,1,38.35475668,yahoo_bootstrap
2025-12-30,40.24752426,40.39603806,40.14851379,40.39603806,3236122,0,1,38.44899495,yahoo_bootstrap
2025-12-31,40.24752426,40.49504852,40.19801712,40.19801712,3962947,0,1,38.2605184,yahoo_bootstrap
2026-01-02,40.19801712,40.54455566,40.14851379,40.39603806,4236219,0,1,38.44899495,yahoo_bootstrap
2026-01-05,40.34653473,40.49504852,40.14851379,40.34653473,6942437,0,1,38.40187763,yahoo_bootstrap
2026-01-06,40.24752426,40.39603806,39.80197906,40.09901047,8796662,0,1,38.16628376,yahoo_bootstrap
2026-01-07,40.09901047,40.09901047,39.65346527,39.85148621,10092794,0,1,37.93068988,yahoo_bootstrap
2026-01-08,39.90098953,40.24752426,39.85148621,40.19801712,6893721,0,1,38.2605184,yahoo_bootstrap
2026-01-09,40.19801712,40.34653473,39.90098953,40.19801712,5379633,0,1,38.2605184,yahoo_bootstrap
2026-01-12,40.19801712,40.19801712,39.60395813,39.7029686,11255036,0,1,37.78933065,yahoo_bootstrap
2026-01-13,39.85148621,39.90098953,39.30693054,39.40594101,8618523,0,1,37.50661946,yahoo_bootstrap
2026-01-14,39.5544548,39.5544548,39.10890961,39.20792007,9987115,0,1,37.3181429,yahoo_bootstrap
2026-01-15,39.2574234,39.45544434,39.15841675,39.45544434,5613532,0,1,37.55373678,yahoo_bootstrap
2026-01-16,39.45544434,39.45544434,39.15841675,39.20792007,5512857,0,1,37.3181429,yahoo_bootstrap
2026-01-19,39.15841675,39.35643387,39.00989914,39.05940628,8015243,0,1,37.17678731,yahoo_bootstrap
2026-01-20,39.00989914,39.10890961,38.81188202,38.81188202,8450637,0,1,36.94119343,yahoo_bootstrap
2026-01-21,38.81188202,38.81188202,38.61386108,38.76237488,7311282,0,1,36.89407248,yahoo_bootstrap
2026-01-22,38.76237488,39.00989914,38.71287155,38.96039581,5663827,0,1,37.08254903,yahoo_bootstrap
2026-01-23,39.00989914,39.30693054,38.96039581,39.15841675,6211677,0,1,37.27102558,yahoo_bootstrap
2026-01-26,39.30693054,39.60395813,39.05940628,39.60395813,8381749,0,1,37.69509238,yahoo_bootstrap
2026-01-27,39.65346527,39.75247574,39.15841675,39.15841675,7238263,0,1,37.27102558,yahoo_bootstrap
2026-01-28,39.40594101,39.45544434,38.96039581,39.20792007,4502784,0,1,37.3181429,yahoo_bootstrap
2026-01-29,39.10890961,39.40594101,39.05940628,39.35643387,4595573,0,1,37.4594985,yahoo_bootstrap
2026-01-30,39.35643387,39.35643387,38.91089249,39.10890961,9434830,0,1,37.22390463,yahoo_bootstrap
2026-02-02,39.2574234,39.30693054,38.66336441,38.76237488,3915948,0,1,36.89407248,yahoo_bootstrap
2026-02-03,38.76237488,39.30693054,38.76237488,39.10890961,3666751,0,1,37.22390463,yahoo_bootstrap
2026-02-04,39.15841675,39.40594101,39.10890961,39.10890961,4319287,0,1,37.22390463,yahoo_bootstrap
2026-02-05,39.2574234,39.5544548,39.20792007,39.5544548,5016923,0,1,37.64797505,yahoo_bootstrap
2026-02-06,39.2574234,39.5544548,39.20792007,39.5544548,3771042,0,1,37.64797505,yahoo_bootstrap
2026-02-09,39.7029686,39.95049667,39.50495148,39.90098953,8749637,0,1,37.9778072,yahoo_bootstrap
2026-02-10,39.95049667,40.14851379,39.85148621,40.09901047,7779349,0,1,38.16628376,yahoo_bootstrap
2026-02-11,40.19801712,40.29702759,39.7029686,39.75247574,9677238,0,1,37.83645161,yahoo_bootstrap
2026-02-23,40.09901047,40.4455452,40,40.24752426,14234745,0,1,38.30763935,yahoo_bootstrap
2026-02-24,40.04950333,40.19801712,39.75247574,39.85148621,8214946,0,1,37.93068988,yahoo_bootstrap
2026-02-25,39.95049667,40.09901047,39.80197906,40.04950333,8141692,0,1,38.1191628,yahoo_bootstrap
2026-02-26,39.95049667,40.09901047,39.65346527,39.75247574,17919633,0,1,37.83645161,yahoo_bootstrap
2026-03-02,39.75247574,39.75247574,39.10890961,39.10890961,10369652,0,1,37.22390463,yahoo_bootstrap
2026-03-03,39.00989914,39.00989914,38.81188202,38.91089249,7296523,0,1,37.03543171,yahoo_bootstrap
2026-03-04,38.71287155,38.81188202,38.11881256,38.11881256,18287903,0,1,36.28152913,yahoo_bootstrap
2026-03-05,38.41584015,38.51485062,38.01980209,38.11881256,8855541,0,1,36.28152913,yahoo_bootstrap
2026-03-06,37.92079163,38.21781921,37.72277069,38.21781921,6284509,0,1,36.37576378,yahoo_bootstrap
2026-03-09,37.62376022,38.76237488,37.22772217,38.76237488,12531841,0,1,36.89407248,yahoo_bootstrap
2026-03-10,38.61386108,38.71287155,38.21781921,38.41584015,6904223,0,1,36.56424033,yahoo_bootstrap
2026-03-11,38.56435776,38.96039581,38.51485062,38.76237488,6022065,0,1,36.89407248,yahoo_bootstrap
2026-03-12,38.41584015,38.76237488,38.41584015,38.76237488,6734984,0,1,36.89407248,yahoo_bootstrap
2026-03-13,38.46534729,39.20792007,38.46534729,39.10890961,9188141,0,1,37.22390463,yahoo_bootstrap
2026-03-16,39.10890961,39.2574234,38.71287155,38.76237488,6438924,0,1,36.89407248,yahoo_bootstrap
2026-03-17,38.76237488,39.10890961,38.76237488,39.00989914,3971738,0,1,37.12966635,yahoo_bootstrap
2026-03-18,39.15841675,39.20792007,38.91089249,39.20792007,4019765,0,1,37.3181429,yahoo_bootstrap
2026-03-19,38.86138535,39.05940628,38.71287155,38.86138535,4626387,0,1,36.98831076,yahoo_bootstrap
2026-03-20,38.81188202,39.10890961,38.66336441,38.66336441,7243845,0,1,36.7998342,yahoo_bootstrap
2026-03-23,38.01980209,38.86138535,37.97029877,38.71287155,6123883,0,1,36.84695516,yahoo_bootstrap
2026-03-24,38.71287155,39.00989914,38.51485062,38.86138535,3799687,0,1,36.98831076,yahoo_bootstrap
2026-03-25,39.35643387,39.35643387,38.86138535,39.15841675,5584572,0,1,37.27102558,yahoo_bootstrap
2026-03-26,39.2574234,39.35643387,39.00989914,39.2574234,5153469,0,1,37.36526023,yahoo_bootstrap
2026-03-27,38.96039581,39.35643387,38.96039581,39.10890961,4751148,0,1,37.22390463,yahoo_bootstrap
2026-03-30,38.51485062,38.96039581,38.51485062,38.61386108,8341966,0,1,36.75271688,yahoo_bootstrap
2026-03-31,38.71287155,39.05940628,38.56435776,38.61386108,7873152,0,1,36.75271688,yahoo_bootstrap
2026-04-01,39.05940628,39.20792007,38.76237488,38.86138535,5643880,0,1,36.98831076,yahoo_bootstrap
2026-04-02,39.05940628,39.2574234,38.86138535,39.15841675,4921370,0,1,37.27102558,yahoo_bootstrap
2026-04-07,39.10890961,39.20792007,38.96039581,39.00989914,2782558,0,1,37.12966635,yahoo_bootstrap
2026-04-08,39.35643387,39.35643387,38.91089249,39.15841675,5531073,0,1,37.27102558,yahoo_bootstrap
2026-04-09,39.30693054,39.35643387,38.91089249,39.35643387,7638310,0,1,37.4594985,yahoo_bootstrap
2026-04-10,39.35643387,39.40594101,39.00989914,39.35643387,6218008,0,1,37.4594985,yahoo_bootstrap
2026-04-13,39.30693054,39.30693054,38.71287155,38.96039581,6166741,0,1,37.08254903,yahoo_bootstrap
2026-04-14,39.00989914,39.2574234,38.81188202,39.2574234,6388165,0,1,37.36526023,yahoo_bootstrap
2026-04-15,39.2574234,39.2574234,38.96039581,39.20792007,5597170,0,1,37.3181429,yahoo_bootstrap
2026-04-16,39.30693054,39.35643387,39.00989914,39.35643387,5334725,0,1,37.4594985,yahoo_bootstrap
2026-04-17,39.35643387,39.45544434,39.05940628,39.45544434,6743595,0,1,37.55373678,yahoo_bootstrap
2026-04-20,39.40594101,39.45544434,39.10890961,39.45544434,8739430,0,1,37.55373678,yahoo_bootstrap
2026-04-21,39.50495148,39.5544548,39.20792007,39.40594101,9255008,0,1,37.50661946,yahoo_bootstrap
2026-04-22,39.20792007,39.45544434,39.05940628,39.45544434,9146465,0,1,37.55373678,yahoo_bootstrap
2026-04-23,39.15841675,39.60395813,39.15841675,39.60395813,11581883,0,1,37.69509238,yahoo_bootstrap
2026-04-24,39.45544434,39.50495148,39.15841675,39.40594101,9788404,0,1,37.50661946,yahoo_bootstrap
2026-04-27,39.20792007,39.20792007,38.61386108,38.61386108,11343963,0,1,36.75271688,yahoo_bootstrap
2026-04-28,38.81188202,38.81188202,38.51485062,38.51485062,7361617,0,1,36.65847861,yahoo_bootstrap
2026-04-29,38.61386108,38.96039581,38.41584015,38.96039581,6149100,0,1,37.08254903,yahoo_bootstrap
2026-04-30,38.51485062,38.66336441,38.31682968,38.66336441,12151010,0,1,36.7998342,yahoo_bootstrap
2026-05-04,38.66336441,38.66336441,38.21781921,38.21781921,7592540,0,1,36.37576378,yahoo_bootstrap
2026-05-05,38.21781921,38.21781921,37.82178116,38.01980209,6586599,0,1,36.18729086,yahoo_bootstrap
2026-05-06,38.21781921,38.21781921,37.82178116,38.01980209,8225609,0,1,36.18729086,yahoo_bootstrap
2026-05-07,38.01980209,38.56435776,38.01980209,38.41584015,6791089,0,1,36.56424033,yahoo_bootstrap
2026-05-08,38.56435776,38.56435776,38.21781921,38.51485062,5751277,0,1,36.65847861,yahoo_bootstrap
2026-05-11,38.71287155,39.85148621,38.51485062,39.45544434,22293479,0,1,37.55373678,yahoo_bootstrap
2026-05-12,39.45544434,40.19801712,39.45544434,39.7029686,15178263,0,1,37.78933065,yahoo_bootstrap
2026-05-13,39.7029686,39.90098953,39.15841675,39.90098953,11120100,0,1,37.9778072,yahoo_bootstrap
2026-05-14,39.65346527,40.09901047,39.65346527,39.90098953,7800820,0,1,37.9778072,yahoo_bootstrap
2026-05-15,39.90098953,40.19801712,39.7029686,39.7029686,9842362,0,1,37.78933065,yahoo_bootstrap
2026-05-18,39.7029686,40,39.40594101,39.40594101,8242614,0,1,37.50661946,yahoo_bootstrap
2026-05-19,39.75247574,40.59405899,39.5544548,40.14851379,16565891,0,1,38.21340107,yahoo_bootstrap
2026-05-20,40.54455566,40.54455566,39.60395813,39.7029686,8858982,0,1,37.78933065,yahoo_bootstrap
2026-05-21,40.09901047,40.09901047,39.60395813,39.75247574,8101412,0,1,37.83645161,yahoo_bootstrap
2026-05-22,39.65346527,39.90098953,39.60395813,39.65346527,10611221,0,1,37.74221333,yahoo_bootstrap
2026-05-25,39.7029686,39.80197906,39.35643387,39.35643387,13379972,0,1,37.4594985,yahoo_bootstrap
2026-05-26,39.30693054,39.5544548,39.05940628,39.05940628,14721277,0,1,37.17678731,yahoo_bootstrap
2026-05-27,39.10890961,39.20792007,38.76237488,39.05940628,14950174,0,1,37.17678731,yahoo_bootstrap
2026-05-28,39.30693054,39.30693054,38.26732635,38.26732635,16234832,0,1,36.42288473,yahoo_bootstrap
2026-05-29,38.66336441,39.35643387,38.41584015,39.35643387,23392054,0,1,37.4594985,yahoo_bootstrap
2026-06-01,39.10890961,39.60395813,38.81188202,39.40594101,13549444,0,1,37.50661946,yahoo_bootstrap
2026-06-02,39.40594101,40.59405899,39.35643387,40.59405899,22443225,0,1,38.6374715,yahoo_bootstrap
2026-06-03,40.59405899,40.79207993,40.24752426,40.39603806,13765864,0,1,38.44899495,yahoo_bootstrap
2026-06-04,40.4455452,41.23762131,40.34653473,40.34653473,13103949,0,1,38.40187763,yahoo_bootstrap
2026-06-05,40.34653473,40.69306946,39.95049667,40.34653473,10654269,0,1,38.40187763,yahoo_bootstrap
2026-06-08,39.80197906,40.09901047,39.45544434,39.75247574,9246869,0,1,37.83645161,yahoo_bootstrap
2026-06-09,40,42.37623596,40,42.22772217,31168906,0,1,40.19239397,yahoo_bootstrap
2026-06-10,41.83168411,42.17821884,41.28712845,41.63366318,13619762,0,1,39.62696795,yahoo_bootstrap
2026-06-11,41.58415985,41.58415985,41.03960419,41.58415985,13753416,0,1,39.57985062,yahoo_bootstrap
2026-06-12,41.88118744,42.32673264,41.73267365,42.07920837,8435878,0,1,40.05103837,yahoo_bootstrap
2026-06-15,42.5742569,43.06930542,42.17821884,42.47524643,13181012,0,1,40.42798784,yahoo_bootstrap
2026-06-16,42.8712883,42.8712883,42.07920837,42.17821884,13442063,0,1,40.14527665,yahoo_bootstrap
2026-06-17,42.02970123,42.8712883,41.98019791,42.37623596,12157967,0,1,40.33374957,yahoo_bootstrap
2026-06-18,42.27722549,42.82178116,42.07920837,42.07920837,13716861,0,1,40.05103837,yahoo_bootstrap
2026-06-22,42.1287117,42.22772217,40.99010086,41.03960419,23692647,0,1,39.06154193,yahoo_bootstrap
2026-06-23,41.08910751,41.48514938,40.79207993,41.38613892,16846641,0,1,39.39137408,yahoo_bootstrap
2026-06-24,41.38613892,41.43564224,40.79207993,41.13861465,17611824,0,1,39.1557802,yahoo_bootstrap
2026-06-25,41.13861465,41.83168411,40.94059372,41.58415985,13558343,0,1,39.57985062,yahoo_bootstrap
2026-06-26,41.18811798,41.98019791,40.99010086,41.98019791,16363851,0,1,39.9568001,yahoo_bootstrap
2026-06-29,41.98019791,42.37623596,41.43564224,42.37623596,13026753,0,1,40.33374957,yahoo_bootstrap
2026-06-30,42.32673264,42.37623596,41.78217697,42.27722549,14228065,0,1,40.23951129,yahoo_bootstrap
2026-07-01,41.98019791,42.37623596,41.83168411,41.98019791,6505227,0,1,39.9568001,yahoo_bootstrap
2026-07-02,41.73267365,42.32673264,41.43564224,41.43564224,7822848,0,1,39.43849139,yahoo_bootstrap
2026-07-03,41.13861465,42.07920837,41.13861465,41.58415985,6652466,0,1,39.57985062,yahoo_bootstrap
2026-07-06,41.58415985,41.78217697,41.28712845,41.28712845,7840181,0,1,39.2971358,yahoo_bootstrap
2026-07-07,41.28712845,42.17821884,41.28712845,41.98019791,11126043,0,1,39.9568001,yahoo_bootstrap
2026-07-08,41.98019791,42.1287117,41.6831665,42.1287117,7192868,0,1,40.09815569,yahoo_bootstrap
2026-07-09,42.07920837,42.52475357,41.88118744,42.37623596,10006757,0,1,40.33374957,yahoo_bootstrap
2026-07-10,42.37623596,42.37623596,42.37623596,42.37623596,0,0,1,40.33374957,yahoo_bootstrap
2026-07-13,42.77227783,43.96039581,42.72277069,43.71287155,26117944,0,1,41.60596084,yahoo_bootstrap
2026-07-14,43.96039581,44.2574234,43.11881256,44.2574234,17382143,0,1,42.12426591,yahoo_bootstrap
2026-07-15,44.2574234,44.7029686,44.00989914,44.15841675,12740970,0,1,42.03003127,yahoo_bootstrap
2026-07-16,44.15841675,44.90098953,44.00989914,44.50495148,13103458,0,1,42.35986342,yahoo_bootstrap
2026-07-17,44.45544434,45.19801712,44.30693054,44.75247574,24747897,0,1,42.59545729,yahoo_bootstrap
2026-07-20,45.24752426,45.59405899,44.80197906,45.09901047,20972532,0,1,42.92528944,yahoo_bootstrap
2026-07-21,45.04950333,46.03960419,45.04950333,45.19801712,17319802,0,1,43.01952408,yahoo_bootstrap
2026-07-22,45.19801712,45.84158325,44.5544548,44.5544548,14870806,0,1,42.40698073,yahoo_bootstrap
2026-07-23,44.5544548,44.65346527,43.86138535,44.35643387,17707582,0,1,42.21850419,yahoo_bootstrap
2026-07-24,43.91089249,45.74257278,43.91089249,45.69306946,21853400,0,1,43.49071546,yahoo_bootstrap
2026-07-27,45.84158325,46.63366318,45.79207993,46.53465271,23246473,0,1,44.29173536,yahoo_bootstrap
2026-07-28,44.5,44.75,43.70000076,43.90000153,17171071,1.8,1.01,43.90000153,yahoo_bootstrap
2026-07-29,44,44.59999847,43.59999847,44.34999847,17274372,0,1,44.34999847,yahoo_bootstrap
2026-07-30,44.40000153,45,43.90000153,44.79999924,15383491,0,1,44.79999924,yahoo_bootstrap
2026-07-31,44.79999924,45.70000076,44.79999924,45.45000076,17561280,0,1,45.45000076,yahoo_bootstrap
2026-08-03,44.70000076,45.34999847,44.5,44.65000153,8582660,0,1,44.65000153,yahoo_daily
2026-08-04,43.84999847,45,43.84999847,44.15000153,8380929,0,1,44.15000153,yahoo_daily
2026-08-05,44.5,44.5,43.65000153,44.15000153,6476273,0,1,44.15000153,yahoo_daily
2026-08-06,43.65000153,44.40000153,43.15000153,43.45000076,8017892,0,1,43.45000076,yahoo_daily
2026-08-07,43.25,43.65000153,43.15000153,43.45000076,3763680,0,1,43.45000076,yahoo_daily
2026-08-10,43.75,43.75,42.90000153,43.34999847,6854501,0,1,43.34999847,yahoo_daily
2026-08-11,43.15000153,43.54999924,42.70000076,43.09999847,4545122,0,1,43.09999847,yahoo_daily
2026-08-12,43.09999847,43.09999847,42.59999847,42.84999847,4310007,0,1,42.84999847,yahoo_daily
2026-08-13,43.09999847,43.09999847,42.04999924,42.25,8205714,0,1,42.25,yahoo_daily
2026-08-14,42.40000153,42.45000076,41.65000153,42.34999847,6432309,0,1,42.34999847,yahoo_daily
2026-08-17,42.09999847,42.54999924,41.90000153,42.25,7173789,0,1,42.25,yahoo_daily
2026-08-18,42.45000076,43.20000076,42.25,43.20000076,6562629,0,1,43.20000076,yahoo_daily
2026-08-19,42.84999847,43.54999924,42.34999847,43.5,7330090,0,1,43.5,yahoo_daily
2026-08-20,43.5,43.90000153,43.04999924,43.65000153,7312644,0,1,43.65000153,yahoo_daily
2026-08-21,43.5,44.15000153,43.40000153,44.15000153,6434040,0,1,44.15000153,yahoo_daily
2026-08-24,44.09999847,44.34999847,43.40000153,43.40000153,3996316,0,1,43.40000153,yahoo_daily
2026-08-25,43.29999924,43.95000076,43.29999924,43.75,3523149,0,1,43.75,yahoo_daily
2026-08-26,43.59999847,44,43.15000153,43.29999924,4666955,0,1,43.29999924,yahoo_daily
2026-08-27,43.70000076,43.70000076,43,43.04999924,4648021,0,1,43.04999924,yahoo_daily
2026-08-28,42.95000076,43.65000153,42.90000153,43.15000153,7206894,0,1,43.15000153,yahoo_daily
2026-08-31,43.15000153,43.15000153,42.5,42.90000153,13871974,0,1,42.90000153,yahoo_daily
2026-09-01,42.59999847,44.65000153,42.59999847,44.5,15516216,0,1,44.5,yahoo_daily
2026-09-02,44.79999924,45.34999847,43.95000076,45.34999847,15955957,0,1,45.34999847,yahoo_daily
2026-09-03,45.15000153,46,45.09999847,45.95000076,13150944,0,1,45.95000076,yahoo_daily
