date,open,high,low,close,volume,dividend,split_factor,adjusted_close,source
2021-09-15,13.79310322,13.83731174,13.61626816,13.74889374,2204677,0,1,10.12657697,yahoo_bootstrap
2021-09-16,13.74889374,13.79310322,13.57205963,13.61626816,3007914,0,1,10.02889324,yahoo_bootstrap
2021-09-17,13.61626816,13.74889374,13.48364162,13.48364162,8445092,0,1,9.93120881,yahoo_bootstrap
2021-09-22,13.30680847,13.35101604,13.12997341,13.21839046,6268163,0,1,9.73584136,yahoo_bootstrap
2021-09-23,13.39522457,13.48364162,13.30680847,13.48364162,2656377,0,1,9.93120881,yahoo_bootstrap
2021-09-24,13.48364162,13.61626816,13.48364162,13.5278511,1472770,0,1,9.96377075,yahoo_bootstrap
2021-09-27,13.57205963,13.70468616,13.5278511,13.5278511,2303053,0,1,9.96377075,yahoo_bootstrap
2021-09-28,13.5278511,13.66047668,13.43943405,13.61626816,2404093,0,1,10.02889324,yahoo_bootstrap
2021-09-29,13.35101604,13.5278511,13.35101604,13.43943405,3406029,0,1,9.89864827,yahoo_bootstrap
2021-09-30,13.43943405,13.48364162,13.35101604,13.43943405,1560119,0,1,9.89864827,yahoo_bootstrap
2021-10-01,13.35101604,13.39522457,13.17418194,13.21839046,5012933,0,1,9.73584136,yahoo_bootstrap
2021-10-04,13.30680847,13.30680847,12.95313835,12.99734688,4646067,0,1,9.57303446,yahoo_bootstrap
2021-10-05,12.90892982,13.17418194,12.82051182,13.17418194,4035894,0,1,9.70328012,yahoo_bootstrap
2021-10-06,13.21839046,13.30680847,13.17418194,13.26259899,3425673,0,1,9.76840261,yahoo_bootstrap
2021-10-07,13.26259899,13.39522457,13.26259899,13.30680847,1731202,0,1,9.80096455,yahoo_bootstrap
2021-10-08,13.35101604,13.39522457,13.30680847,13.30680847,1764348,0,1,9.80096455,yahoo_bootstrap
2021-10-12,13.21839046,13.26259899,13.12997341,13.17418194,2653350,0,1,9.70328012,yahoo_bootstrap
2021-10-13,13.26259899,13.26259899,13.12997341,13.17418194,1765045,0,1,9.70328012,yahoo_bootstrap
2021-10-14,13.21839046,13.26259899,13.04155636,13.12997341,3195775,0,1,9.67071888,yahoo_bootstrap
2021-10-15,13.21839046,13.30680847,13.17418194,13.26259899,2700392,0,1,9.76840261,yahoo_bootstrap
2021-10-18,13.30680847,13.43943405,13.26259899,13.43943405,3174663,0,1,9.89864827,yahoo_bootstrap
2021-10-19,13.43943405,13.5278511,13.39522457,13.43943405,1832431,0,1,9.89864827,yahoo_bootstrap
2021-10-20,13.48364162,13.61626816,13.43943405,13.5278511,3133917,0,1,9.96377075,yahoo_bootstrap
2021-10-21,13.5278511,13.70468616,13.48364162,13.70468616,3618611,0,1,10.09401642,yahoo_bootstrap
2021-10-22,13.70468616,13.70468616,13.5278511,13.57205963,2234387,0,1,9.996332,yahoo_bootstrap
2021-10-25,13.5278511,13.57205963,13.39522457,13.5278511,2142135,0,1,9.96377075,yahoo_bootstrap
2021-10-26,13.57205963,13.66047668,13.48364162,13.61626816,1958222,0,1,10.02889324,yahoo_bootstrap
2021-10-27,13.5278511,13.66047668,13.43943405,13.5278511,1754295,0,1,9.96377075,yahoo_bootstrap
2021-10-28,13.48364162,13.48364162,13.39522457,13.39522457,2497960,0,1,9.86608633,yahoo_bootstrap
2021-10-29,13.39522457,13.43943405,13.26259899,13.39522457,3943843,0,1,9.86608633,yahoo_bootstrap
2021-11-01,13.43943405,13.5278511,13.35101604,13.43943405,1761266,0,1,9.89864827,yahoo_bootstrap
2021-11-02,13.48364162,13.5278511,13.39522457,13.48364162,2332782,0,1,9.93120881,yahoo_bootstrap
2021-11-03,13.43943405,13.5278511,13.35101604,13.5278511,2815693,0,1,9.96377075,yahoo_bootstrap
2021-11-04,13.5278511,13.57205963,13.43943405,13.43943405,2540444,0,1,9.89864827,yahoo_bootstrap
2021-11-05,13.43943405,13.48364162,13.35101604,13.48364162,2363455,0,1,9.93120881,yahoo_bootstrap
2021-11-08,13.61626816,13.9257288,13.57205963,13.88152027,9437112,0,1,10.22426139,yahoo_bootstrap
2021-11-09,13.96993828,13.96993828,13.79310322,13.83731174,3430413,0,1,10.19170015,yahoo_bootstrap
2021-11-10,13.83731174,13.9257288,13.70468616,13.88152027,10260104,0,1,10.22426139,yahoo_bootstrap
2021-11-11,13.83731174,13.96993828,13.79310322,13.9257288,2885307,0,1,10.25682263,yahoo_bootstrap
2021-11-12,13.96993828,14.14677238,13.96993828,14.10256386,6190469,0,1,10.3870683,yahoo_bootstrap
2021-11-15,14.23519039,14.32360744,14.14677238,14.23519039,4716216,0,1,10.48475272,yahoo_bootstrap
2021-11-16,14.23519039,14.36781597,14.19098091,14.27939796,3463539,0,1,10.51731326,yahoo_bootstrap
2021-11-17,14.32360744,14.63306808,14.23519039,14.5888586,8734572,0,1,10.74524265,yahoo_bootstrap
2021-11-18,14.5888586,14.94252777,14.5888586,14.85411072,15148355,0,1,10.94061081,yahoo_bootstrap
2021-11-19,14.8983202,14.8983202,14.63306808,14.76569366,9423370,0,1,10.87548832,yahoo_bootstrap
2021-11-22,14.72148514,14.8983202,14.67727566,14.80990219,4163749,0,1,10.90804956,yahoo_bootstrap
2021-11-23,14.76569366,14.80990219,14.63306808,14.63306808,3410043,0,1,10.7778046,yahoo_bootstrap
2021-11-24,14.63306808,14.76569366,14.63306808,14.63306808,3457424,0,1,10.7778046,yahoo_bootstrap
2021-11-25,14.67727566,14.76569366,14.5888586,14.72148514,2469445,0,1,10.84292708,yahoo_bootstrap
2021-11-26,14.63306808,14.67727566,14.27939796,14.36781597,5434946,0,1,10.58243645,yahoo_bootstrap
2021-11-29,14.23519039,14.36781597,14.10256386,14.23519039,4813646,0,1,10.48475272,yahoo_bootstrap
2021-11-30,14.27939796,14.50044155,14.27939796,14.27939796,3859856,0,1,10.51731326,yahoo_bootstrap
2021-12-01,14.19098091,14.36781597,14.19098091,14.36781597,2781711,0,1,10.58243645,yahoo_bootstrap
2021-12-02,14.32360744,14.32360744,14.19098091,14.32360744,3589912,0,1,10.5498752,yahoo_bootstrap
2021-12-03,14.32360744,14.45623302,14.27939796,14.45623302,2278229,0,1,10.64755893,yahoo_bootstrap
2021-12-06,14.45623302,14.50044155,14.27939796,14.45623302,2014477,0,1,10.64755893,yahoo_bootstrap
2021-12-07,14.45623302,14.54465008,14.36781597,14.54465008,2527912,0,1,10.71268142,yahoo_bootstrap
2021-12-08,14.76569366,14.8983202,14.67727566,14.67727566,6680638,0,1,10.81036514,yahoo_bootstrap
2021-12-09,14.72148514,14.8983202,14.72148514,14.76569366,3530499,0,1,10.87548832,yahoo_bootstrap
2021-12-10,14.76569366,14.85411072,14.72148514,14.80990219,2746259,0,1,10.90804956,yahoo_bootstrap
2021-12-13,14.80990219,14.85411072,14.76569366,14.80990219,2658628,0,1,10.90804956,yahoo_bootstrap
2021-12-14,14.72148514,14.76569366,14.50044155,14.50044155,5005315,0,1,10.68012017,yahoo_bootstrap
2021-12-15,14.45623302,14.54465008,14.41202354,14.45623302,2886067,0,1,10.64755893,yahoo_bootstrap
2021-12-16,14.54465008,14.54465008,14.41202354,14.54465008,2348382,0,1,10.71268142,yahoo_bootstrap
2021-12-17,14.54465008,14.5888586,14.45623302,14.50044155,2908056,0,1,10.68012017,yahoo_bootstrap
2021-12-20,14.45623302,14.50044155,14.36781597,14.41202354,2692124,0,1,10.61499699,yahoo_bootstrap
2021-12-21,14.36781597,14.67727566,14.36781597,14.63306808,3121332,0,1,10.7778046,yahoo_bootstrap
2021-12-22,14.67727566,14.67727566,14.45623302,14.50044155,2594054,0,1,10.68012017,yahoo_bootstrap
2021-12-23,14.54465008,14.63306808,14.50044155,14.63306808,2073576,0,1,10.7778046,yahoo_bootstrap
2021-12-24,14.63306808,14.67727566,14.54465008,14.63306808,2042537,0,1,10.7778046,yahoo_bootstrap
2021-12-27,14.63306808,14.85411072,14.54465008,14.80990219,5317285,0,1,10.90804956,yahoo_bootstrap
2021-12-28,14.80990219,14.85411072,14.76569366,14.80990219,3227220,0,1,10.90804956,yahoo_bootstrap
2021-12-29,14.85411072,14.94252777,14.80990219,14.94252777,5092874,0,1,11.00573329,yahoo_bootstrap
2021-12-30,14.98673725,15.03094578,14.85411072,14.98673725,4300544,0,1,11.03829523,yahoo_bootstrap
2022-01-03,15.03094578,15.16357231,14.94252777,14.98673725,7951565,0,1,11.03829523,yahoo_bootstrap
2022-01-04,14.94252777,15.03094578,14.8983202,14.98673725,3127528,0,1,11.03829523,yahoo_bootstrap
2022-01-05,14.8983202,14.94252777,14.85411072,14.94252777,3410209,0,1,11.00573329,yahoo_bootstrap
2022-01-06,14.85411072,15.03094578,14.80990219,14.94252777,3997723,0,1,11.00573329,yahoo_bootstrap
2022-01-07,14.94252777,15.11936283,14.85411072,14.8983202,5000652,0,1,10.97317275,yahoo_bootstrap
2022-01-10,15.03094578,15.0751543,14.94252777,14.98673725,5834553,0,1,11.03829523,yahoo_bootstrap
2022-01-11,15.03094578,15.11936283,14.8983202,15.03094578,7343215,0,1,11.07085648,yahoo_bootstrap
2022-01-12,15.11936283,15.11936283,14.98673725,14.98673725,4652190,0,1,11.03829523,yahoo_bootstrap
2022-01-13,14.98673725,15.25198936,14.94252777,15.25198936,9474901,0,1,11.23366338,yahoo_bootstrap
2022-01-14,15.25198936,15.34040642,15.0751543,15.11936283,6365136,0,1,11.13597896,yahoo_bootstrap
2022-01-17,15.0751543,15.0751543,14.85411072,14.8983202,6941280,0,1,10.97317275,yahoo_bootstrap
2022-01-18,14.94252777,14.98673725,14.8983202,14.94252777,1960140,0,1,11.00573329,yahoo_bootstrap
2022-01-19,14.85411072,14.85411072,14.67727566,14.67727566,6940766,0,1,10.81036514,yahoo_bootstrap
2022-01-20,14.63306808,14.85411072,14.5888586,14.80990219,3914706,0,1,10.90804956,yahoo_bootstrap
2022-01-21,14.67727566,14.76569366,14.50044155,14.54465008,6214358,0,1,10.71268142,yahoo_bootstrap
2022-01-24,14.36781597,14.45623302,14.19098091,14.45623302,5508835,0,1,10.64755893,yahoo_bootstrap
2022-01-25,14.27939796,14.36781597,14.23519039,14.27939796,4428114,0,1,10.51731326,yahoo_bootstrap
2022-01-26,14.27939796,14.45623302,14.23519039,14.27939796,3089976,0,1,10.51731326,yahoo_bootstrap
2022-02-07,14.36781597,14.72148514,14.32360744,14.63306808,4858411,0,1,10.7778046,yahoo_bootstrap
2022-02-08,14.67727566,14.85411072,14.63306808,14.85411072,2813406,0,1,10.94061081,yahoo_bootstrap
2022-02-09,14.8983202,14.8983202,14.76569366,14.85411072,2858124,0,1,10.94061081,yahoo_bootstrap
2022-02-10,14.85411072,14.8983202,14.76569366,14.85411072,2325934,0,1,10.94061081,yahoo_bootstrap
2022-02-11,14.80990219,14.80990219,14.63306808,14.76569366,2720897,0,1,10.87548832,yahoo_bootstrap
2022-02-14,14.41202354,14.54465008,14.32360744,14.36781597,5248355,0,1,10.58243645,yahoo_bootstrap
2022-02-15,14.32360744,14.50044155,14.32360744,14.32360744,3627989,0,1,10.5498752,yahoo_bootstrap
2022-02-16,14.50044155,14.54465008,14.32360744,14.45623302,3098995,0,1,10.64755893,yahoo_bootstrap
2022-02-17,14.50044155,14.50044155,14.41202354,14.41202354,2659895,0,1,10.61499699,yahoo_bootstrap
2022-02-18,14.36781597,14.41202354,14.32360744,14.36781597,2233571,0,1,10.58243645,yahoo_bootstrap
2022-02-21,14.27939796,14.45623302,14.23519039,14.41202354,2140911,0,1,10.61499699,yahoo_bootstrap
2022-02-22,14.32360744,14.36781597,14.14677238,14.19098091,5278562,0,1,10.45219078,yahoo_bootstrap
2022-02-23,14.23519039,14.32360744,14.23519039,14.23519039,1187071,0,1,10.48475272,yahoo_bootstrap
2022-02-24,14.19098091,14.19098091,13.79310322,13.9257288,10125068,0,1,10.25682263,yahoo_bootstrap
2022-02-25,13.96993828,14.05835533,13.83731174,13.88152027,3615516,0,1,10.22426139,yahoo_bootstrap
2022-03-01,13.96993828,14.23519039,13.9257288,14.14677238,3065874,0,1,10.41962954,yahoo_bootstrap
2022-03-02,14.05835533,14.14677238,14.01414585,14.05835533,3139032,0,1,10.35450706,yahoo_bootstrap
2022-03-03,14.14677238,14.19098091,14.05835533,14.19098091,2113741,0,1,10.45219078,yahoo_bootstrap
2022-03-04,14.05835533,14.14677238,13.96993828,14.05835533,2562323,0,1,10.35450706,yahoo_bootstrap
2022-03-07,13.96993828,13.96993828,13.5278511,13.5278511,8653772,0,1,9.96377075,yahoo_bootstrap
2022-03-08,13.43943405,13.5278511,13.26259899,13.30680847,5364769,0,1,9.80096455,yahoo_bootstrap
2022-03-09,13.35101604,13.61626816,13.35101604,13.61626816,3608004,0,1,10.02889324,yahoo_bootstrap
2022-03-10,13.79310322,13.9257288,13.74889374,13.9257288,4033844,0,1,10.25682263,yahoo_bootstrap
2022-03-11,13.88152027,13.96993828,13.79310322,13.83731174,1624712,0,1,10.19170015,yahoo_bootstrap
2022-03-14,13.83731174,14.10256386,13.83731174,14.05835533,1811494,0,1,10.35450706,yahoo_bootstrap
2022-03-15,13.96993828,14.01414585,13.88152027,13.9257288,2412061,0,1,10.25682263,yahoo_bootstrap
2022-03-16,14.01414585,14.10256386,13.83731174,13.96993828,3950559,0,1,10.28938458,yahoo_bootstrap
2022-03-17,14.27939796,14.36781597,14.19098091,14.27939796,4344025,0,1,10.51731326,yahoo_bootstrap
2022-03-18,14.27939796,14.36781597,14.27939796,14.36781597,5233297,0,1,10.58243645,yahoo_bootstrap
2022-03-21,14.36781597,14.54465008,14.36781597,14.50044155,3272870,0,1,10.68012017,yahoo_bootstrap
2022-03-22,14.50044155,14.50044155,14.36781597,14.36781597,3235858,0,1,10.58243645,yahoo_bootstrap
2022-03-23,14.41202354,14.50044155,14.32360744,14.32360744,3227644,0,1,10.5498752,yahoo_bootstrap
2022-03-24,14.32360744,14.45623302,14.32360744,14.45623302,1924847,0,1,10.64755893,yahoo_bootstrap
2022-03-25,14.45623302,14.50044155,14.41202354,14.45623302,3399668,0,1,10.64755893,yahoo_bootstrap
2022-03-28,14.27939796,14.50044155,14.27939796,14.45623302,2349444,0,1,10.64755893,yahoo_bootstrap
2022-03-29,14.50044155,14.54465008,14.45623302,14.54465008,2557455,0,1,10.71268142,yahoo_bootstrap
2022-03-30,14.54465008,14.5888586,14.50044155,14.54465008,3785129,0,1,10.71268142,yahoo_bootstrap
2022-03-31,14.5888586,14.63306808,14.54465008,14.54465008,2979609,0,1,10.71268142,yahoo_bootstrap
2022-04-01,14.50044155,14.5888586,14.45623302,14.54465008,2753670,0,1,10.71268142,yahoo_bootstrap
2022-04-06,14.50044155,14.54465008,14.45623302,14.50044155,2997073,0,1,10.68012017,yahoo_bootstrap
2022-04-07,14.45623302,14.54465008,14.23519039,14.27939796,4648732,0,1,10.51731326,yahoo_bootstrap
2022-04-08,14.63306808,14.80990219,14.63306808,14.76569366,16458713,0,1,10.87548832,yahoo_bootstrap
2022-04-11,14.63306808,14.67727566,14.27939796,14.41202354,16375462,0,1,10.61499699,yahoo_bootstrap
2022-04-12,14.41202354,14.41202354,14.23519039,14.32360744,3698951,0,1,10.5498752,yahoo_bootstrap
2022-04-13,14.41202354,14.41202354,14.27939796,14.36781597,3268631,0,1,10.58243645,yahoo_bootstrap
2022-04-14,14.36781597,14.36781597,14.27939796,14.36781597,2649229,0,1,10.58243645,yahoo_bootstrap
2022-04-15,14.32360744,14.41202354,14.23519039,14.32360744,2866210,0,1,10.5498752,yahoo_bootstrap
2022-04-18,14.32360744,14.32360744,14.10256386,14.14677238,5631624,0,1,10.41962954,yahoo_bootstrap
2022-04-19,14.19098091,14.32360744,14.19098091,14.32360744,2527329,0,1,10.5498752,yahoo_bootstrap
2022-04-20,14.36781597,14.41202354,14.23519039,14.27939796,2782366,0,1,10.51731326,yahoo_bootstrap
2022-04-21,14.41202354,14.41202354,14.32360744,14.41202354,1493986,0,1,10.61499699,yahoo_bootstrap
2022-04-22,14.27939796,14.36781597,14.23519039,14.32360744,3596284,0,1,10.5498752,yahoo_bootstrap
2022-04-25,14.14677238,14.23519039,13.9257288,13.96993828,8303022,0,1,10.28938458,yahoo_bootstrap
2022-04-26,14.05835533,14.14677238,13.96993828,14.05835533,4226647,0,1,10.35450706,yahoo_bootstrap
2022-04-27,13.96993828,13.96993828,13.66047668,13.74889374,7134713,0,1,10.12657697,yahoo_bootstrap
2022-04-28,13.79310322,13.88152027,13.70468616,13.74889374,4017176,0,1,10.12657697,yahoo_bootstrap
2022-04-29,13.96993828,14.01414585,13.88152027,13.88152027,3018969,0,1,10.22426139,yahoo_bootstrap
2022-05-03,13.88152027,14.05835533,13.88152027,14.01414585,2517909,0,1,10.32194511,yahoo_bootstrap
2022-05-04,14.05835533,14.05835533,14.01414585,14.01414585,1381639,0,1,10.32194511,yahoo_bootstrap
2022-05-05,14.10256386,14.14677238,14.05835533,14.05835533,1652919,0,1,10.35450706,yahoo_bootstrap
2022-05-06,13.88152027,13.96993828,13.79310322,13.9257288,3053957,0,1,10.25682263,yahoo_bootstrap
2022-05-09,13.83731174,13.83731174,13.35101604,13.39522457,6954316,0,1,9.86608633,yahoo_bootstrap
2022-05-10,13.26259899,13.48364162,13.12997341,13.39522457,4103182,0,1,9.86608633,yahoo_bootstrap
2022-05-11,13.39522457,13.39522457,13.08576393,13.12997341,6651533,0,1,9.67071888,yahoo_bootstrap
2022-05-12,13.04155636,13.04155636,12.3784256,12.3784256,12417420,0,1,9.11717567,yahoo_bootstrap
2022-05-13,12.42263412,12.59946918,12.3784256,12.59946918,4958012,0,1,9.27998258,yahoo_bootstrap
2022-05-16,12.68788624,12.68788624,12.33421707,12.46684265,5946099,0,1,9.18229815,yahoo_bootstrap
2022-05-17,12.51105213,12.59946918,12.46684265,12.51105213,3235432,0,1,9.2148601,yahoo_bootstrap
2022-05-18,12.51105213,12.77630424,12.51105213,12.73209476,3314826,0,1,9.3776663,yahoo_bootstrap
2022-05-19,12.51105213,12.51105213,12.3784256,12.42263412,3010200,0,1,9.14973691,yahoo_bootstrap
2022-05-20,12.51105213,12.5552597,12.46684265,12.46684265,1956462,0,1,9.18229815,yahoo_bootstrap
2022-05-23,12.5552597,12.5552597,12.42263412,12.46684265,1603031,0,1,9.18229815,yahoo_bootstrap
2022-05-24,12.46684265,12.5552597,12.3784256,12.3784256,2613630,0,1,9.11717567,yahoo_bootstrap
2022-05-25,12.46684265,12.64367771,12.3784256,12.46684265,2339518,0,1,9.18229815,yahoo_bootstrap
2022-05-26,12.46684265,12.64367771,12.46684265,12.51105213,2438322,0,1,9.2148601,yahoo_bootstrap
2022-05-27,12.5552597,12.77630424,12.51105213,12.73209476,3259983,0,1,9.3776663,yahoo_bootstrap
2022-05-30,12.77630424,13.12997341,12.77630424,13.12997341,4271793,0,1,9.67071888,yahoo_bootstrap
2022-05-31,13.12997341,13.17418194,12.95313835,13.12997341,2596650,0,1,9.67071888,yahoo_bootstrap
2022-06-01,13.12997341,13.21839046,13.08576393,13.08576393,2503848,0,1,9.63815694,yahoo_bootstrap
2022-06-02,13.08576393,13.12997341,12.99734688,13.08576393,1393772,0,1,9.63815694,yahoo_bootstrap
2022-06-06,13.12997341,13.12997341,12.99734688,13.12997341,2032442,0,1,9.67071888,yahoo_bootstrap
2022-06-07,12.99734688,13.08576393,12.99734688,12.99734688,1716609,0,1,9.57303446,yahoo_bootstrap
2022-06-08,13.04155636,13.17418194,13.04155636,13.12997341,2161198,0,1,9.67071888,yahoo_bootstrap
2022-06-09,13.08576393,13.12997341,13.04155636,13.08576393,1334606,0,1,9.63815694,yahoo_bootstrap
2022-06-10,12.99734688,13.04155636,12.8647213,12.95313835,2762416,0,1,9.54047321,yahoo_bootstrap
2022-06-13,12.77630424,12.82051182,12.59946918,12.64367771,3602089,0,1,9.31254382,yahoo_bootstrap
2022-06-14,12.5552597,12.77630424,12.51105213,12.68788624,2622264,0,1,9.34510507,yahoo_bootstrap
2022-06-15,12.68788624,12.8647213,12.59946918,12.73209476,2698206,0,1,9.3776663,yahoo_bootstrap
2022-06-16,12.82051182,12.95313835,12.59946918,12.59946918,2550345,0,1,9.27998258,yahoo_bootstrap
2022-06-17,12.51105213,12.59946918,12.42263412,12.42263412,6107660,0,1,9.14973691,yahoo_bootstrap
2022-06-20,12.42263412,12.59946918,12.29000759,12.29000759,7297294,0,1,9.05205249,yahoo_bootstrap
2022-06-21,12.3784256,12.59946918,12.33421707,12.59946918,4799087,0,1,9.27998258,yahoo_bootstrap
2022-06-22,12.64367771,12.64367771,12.33421707,12.46684265,3642514,0,1,9.18229815,yahoo_bootstrap
2022-06-23,12.5552597,12.59946918,12.46684265,12.51105213,2263715,0,1,9.2148601,yahoo_bootstrap
2022-06-24,12.64367771,12.64367771,12.46684265,12.64367771,2618803,0,1,9.31254382,yahoo_bootstrap
2022-06-27,12.73209476,12.82051182,12.64367771,12.82051182,3107757,0,1,9.44278879,yahoo_bootstrap
2022-06-28,12.82051182,12.8647213,12.64367771,12.64367771,1220889,0,1,9.31254382,yahoo_bootstrap
2022-06-29,12.64367771,12.64367771,12.46684265,12.5552597,4055208,0,1,9.24742063,yahoo_bootstrap
2022-06-30,12.51105213,12.5552597,12.3784256,12.3784256,4243887,0,1,9.11717567,yahoo_bootstrap
2022-07-01,12.3784256,12.3784256,11.9805479,11.9805479,5006604,0,1,8.82412379,yahoo_bootstrap
2022-07-04,11.9805479,12.24580002,11.93633938,12.02475643,2501378,0,1,8.85668504,yahoo_bootstrap
2022-07-05,12.24580002,12.29000759,12.06896496,12.29000759,2899663,0,1,9.05205249,yahoo_bootstrap
2022-07-06,12.24580002,12.24580002,11.9805479,12.02475643,3007584,0,1,8.85668504,yahoo_bootstrap
2022-07-07,12.06896496,12.11317444,11.84792233,12.06896496,3704811,0,1,8.88924628,yahoo_bootstrap
2022-07-08,12.02475643,12.11317444,11.9805479,12.02475643,4879146,0,1,8.85668504,yahoo_bootstrap
2022-07-11,12.02475643,12.02475643,11.62687778,11.67108727,6625784,0,1,8.59619441,yahoo_bootstrap
2022-07-12,11.4942522,11.4942522,10.87533092,11.05216599,11386599,0,1,8.14033563,yahoo_bootstrap
2022-07-13,11.09637356,11.27320862,11.09637356,11.18479156,11002438,0,1,8.23801934,yahoo_bootstrap
2022-07-14,9.72590637,9.99115753,9.59327984,9.85853195,9910692,1.458886,1,8.35035631,yahoo_bootstrap
2022-07-15,9.81432343,9.81432343,9.50486183,9.50486183,5976201,0,1,8.05079127,yahoo_bootstrap
2022-07-18,9.54907131,9.72590637,9.50486183,9.59327984,3008566,0,1,8.12568294,yahoo_bootstrap
2022-07-19,9.63748837,9.72590637,9.59327984,9.72590637,2180229,0,1,8.23802003,yahoo_bootstrap
2022-07-20,9.85853195,9.94694901,9.72590637,9.77011395,3080197,0,1,8.27546466,yahoo_bootstrap
2022-07-21,9.81432343,9.85853195,9.72590637,9.85853195,1535667,0,1,8.35035631,yahoo_bootstrap
2022-07-22,9.99115753,10.03536606,9.85853195,10.03536606,2126369,0,1,8.50013803,yahoo_bootstrap
2022-07-25,10.03536606,10.12378407,9.90273952,10.07957458,1539402,0,1,8.53758345,yahoo_bootstrap
2022-07-26,10.03536606,10.12378407,9.94694901,10.07957458,1679139,0,1,8.53758345,yahoo_bootstrap
2022-07-27,10.21220112,10.21220112,9.99115753,10.07957458,997509,0,1,8.53758345,yahoo_bootstrap
2022-07-28,10.16799164,10.16799164,9.99115753,10.12378407,3305201,0,1,8.5750297,yahoo_bootstrap
2022-07-29,10.21220112,10.21220112,10.03536606,10.07957458,1941289,0,1,8.53758345,yahoo_bootstrap
2022-08-01,9.99115753,10.21220112,9.99115753,10.21220112,1420894,0,1,8.64992055,yahoo_bootstrap
2022-08-02,10.03536606,10.12378407,9.94694901,9.94694901,2416947,0,1,8.42524718,yahoo_bootstrap
2022-08-03,9.94694901,9.99115753,9.81432343,9.85853195,1872391,0,1,8.35035631,yahoo_bootstrap
2022-08-04,9.90273952,9.90273952,9.72590637,9.85853195,2200095,0,1,8.35035631,yahoo_bootstrap
2022-08-05,10.03536606,10.16799164,9.99115753,10.16799164,2911538,0,1,8.61247431,yahoo_bootstrap
2022-08-08,10.16799164,10.16799164,10.03536606,10.16799164,1520360,0,1,8.61247431,yahoo_bootstrap
2022-08-09,10.12378407,10.30061817,10.07957458,10.25640965,1116742,0,1,8.68736598,yahoo_bootstrap
2022-08-10,10.21220112,10.30061817,10.16799164,10.25640965,2586128,0,1,8.68736598,yahoo_bootstrap
2022-08-11,10.38903618,10.56587029,10.3448267,10.52166176,3050484,0,1,8.91203935,yahoo_bootstrap
2022-08-12,10.61007881,10.8311224,10.56587029,10.78691387,3264319,0,1,9.13671273,yahoo_bootstrap
2022-08-15,10.78691387,10.91954041,10.69849586,10.78691387,2956760,0,1,9.13671273,yahoo_bootstrap
2022-08-16,10.78691387,10.8311224,10.69849586,10.8311224,2049885,0,1,9.17415816,yahoo_bootstrap
2022-08-17,10.87533092,10.91954041,10.78691387,10.78691387,2101272,0,1,9.13671273,yahoo_bootstrap
2022-08-18,10.78691387,10.87533092,10.74270535,10.74270535,1582316,0,1,9.0992673,yahoo_bootstrap
2022-08-19,10.74270535,10.87533092,10.74270535,10.87533092,1144895,0,1,9.21160358,yahoo_bootstrap
2022-08-22,10.87533092,10.87533092,10.74270535,10.74270535,566631,0,1,9.0992673,yahoo_bootstrap
2022-08-23,10.78691387,10.78691387,10.61007881,10.61007881,2051413,0,1,8.98693021,yahoo_bootstrap
2022-08-24,10.65428829,10.78691387,10.61007881,10.65428829,1444719,0,1,9.02437644,yahoo_bootstrap
2022-08-25,10.74270535,10.8311224,10.65428829,10.69849586,1616235,0,1,9.06182106,yahoo_bootstrap
2022-08-26,10.8311224,10.96374798,10.74270535,10.78691387,2156546,0,1,9.13671273,yahoo_bootstrap
2022-08-29,10.52166176,10.61007881,10.47745323,10.52166176,2359148,0,1,8.91203935,yahoo_bootstrap
2022-08-30,10.52166176,10.69849586,10.47745323,10.56587029,3381247,0,1,8.94948478,yahoo_bootstrap
2022-08-31,10.52166176,10.61007881,10.47745323,10.56587029,1974566,0,1,8.94948478,yahoo_bootstrap
2022-09-01,10.47745323,10.52166176,10.38903618,10.47745323,2584042,0,1,8.87459392,yahoo_bootstrap
2022-09-02,10.47745323,10.52166176,10.3448267,10.38903618,1426767,0,1,8.79970307,yahoo_bootstrap
2022-09-05,10.38903618,10.38903618,10.21220112,10.21220112,1408737,0,1,8.64992055,yahoo_bootstrap
2022-09-06,10.21220112,10.30061817,10.12378407,10.12378407,1181555,0,1,8.5750297,yahoo_bootstrap
2022-09-07,10.03536606,10.07957458,9.94694901,9.99115753,1533133,0,1,8.4626926,yahoo_bootstrap
2022-09-08,10.07957458,10.21220112,9.99115753,10.21220112,1322704,0,1,8.64992055,yahoo_bootstrap
2022-09-12,10.38903618,10.38903618,10.21220112,10.3448267,1465932,0,1,8.76225683,yahoo_bootstrap
2022-09-13,10.47745323,10.56587029,10.3448267,10.47745323,1887035,0,1,8.87459392,yahoo_bootstrap
2022-09-14,10.25640965,10.30061817,10.16799164,10.16799164,1821109,0,1,8.61247431,yahoo_bootstrap
2022-09-15,10.21220112,10.25640965,10.12378407,10.21220112,1373314,0,1,8.64992055,yahoo_bootstrap
2022-09-16,10.07957458,10.12378407,9.77011395,9.77011395,5888899,0,1,8.27546466,yahoo_bootstrap
2022-09-19,9.81432343,9.90273952,9.77011395,9.90273952,1739640,0,1,8.38780093,yahoo_bootstrap
2022-09-20,9.90273952,9.94694901,9.81432343,9.90273952,842763,0,1,8.38780093,yahoo_bootstrap
2022-09-21,9.81432343,9.90273952,9.72590637,9.85853195,2726637,0,1,8.35035631,yahoo_bootstrap
2022-09-22,9.77011395,9.77011395,9.63748837,9.72590637,2142287,0,1,8.23802003,yahoo_bootstrap
2022-09-23,9.72590637,9.81432343,9.63748837,9.72590637,1542169,0,1,8.23802003,yahoo_bootstrap
2022-09-26,9.63748837,9.68169689,9.41644478,9.50486183,3657042,0,1,8.05079127,yahoo_bootstrap
2022-09-27,9.50486183,9.50486183,9.2838192,9.2838192,3392528,0,1,7.86356414,yahoo_bootstrap
2022-09-28,9.2838192,9.2838192,8.93015003,8.93015003,3532301,0,1,7.5639999,yahoo_bootstrap
2022-09-29,9.01856709,9.23960972,9.01856709,9.19540215,2709329,0,1,7.78867328,yahoo_bootstrap
2022-09-30,9.15119267,9.37223625,9.10698414,9.32802773,2801008,0,1,7.90100957,yahoo_bootstrap
2022-10-03,9.15119267,9.37223625,9.15119267,9.23960972,1085337,0,1,7.8261179,yahoo_bootstrap
2022-10-04,9.32802773,9.37223625,9.23960972,9.2838192,1330828,0,1,7.86356414,yahoo_bootstrap
2022-10-05,9.32802773,9.46065426,9.32802773,9.41644478,1588599,0,1,7.97590042,yahoo_bootstrap
2022-10-06,9.41644478,9.41644478,9.2838192,9.41644478,1398487,0,1,7.97590042,yahoo_bootstrap
2022-10-07,9.2838192,9.37223625,9.15119267,9.19540215,2609738,0,1,7.78867328,yahoo_bootstrap
2022-10-11,8.93015003,8.9743576,8.84173203,8.9743576,2895007,0,1,7.60144452,yahoo_bootstrap
2022-10-12,8.93015003,9.06277561,8.88594055,9.06277561,1886217,0,1,7.67633618,yahoo_bootstrap
2022-10-13,9.06277561,9.06277561,8.84173203,8.88594055,2546894,0,1,7.52655366,yahoo_bootstrap
2022-10-14,8.9743576,9.06277561,8.93015003,8.9743576,2103275,0,1,7.60144452,yahoo_bootstrap
2022-10-17,8.93015003,8.93015003,8.77099895,8.88594055,2945526,0,1,7.52655366,yahoo_bootstrap
2022-10-18,9.01856709,9.01856709,8.84173203,8.93015003,1915670,0,1,7.5639999,yahoo_bootstrap
2022-10-19,8.93015003,9.06277561,8.88594055,8.88594055,1758970,0,1,7.52655366,yahoo_bootstrap
2022-10-20,8.81520653,8.84173203,8.61184692,8.84173203,8521222,0,1,7.48910824,yahoo_bootstrap
2022-10-21,8.84173203,8.93015003,8.74447346,8.84173203,2173918,0,1,7.48910824,yahoo_bootstrap
2022-10-24,8.9743576,8.9743576,8.81520653,8.81520653,2125678,0,1,7.46664066,yahoo_bootstrap
2022-10-25,8.84173203,8.88594055,8.70026493,8.70910645,3171609,0,1,7.37677196,yahoo_bootstrap
2022-10-26,8.72679043,8.88594055,8.70910645,8.84173203,2664953,0,1,7.48910824,yahoo_bootstrap
2022-10-27,8.88594055,8.9743576,8.88594055,8.93015003,1653934,0,1,7.5639999,yahoo_bootstrap
2022-10-28,8.93015003,9.15119267,8.84173203,8.84173203,5025923,0,1,7.48910824,yahoo_bootstrap
2022-10-31,8.9743576,8.9743576,8.84173203,8.84173203,1255399,0,1,7.48910824,yahoo_bootstrap
2022-11-01,8.88594055,9.06277561,8.80636597,9.01856709,2343403,0,1,7.63889076,yahoo_bootstrap
2022-11-02,9.06277561,9.15119267,9.01856709,9.10698414,1175224,0,1,7.71378162,yahoo_bootstrap
2022-11-03,9.01856709,9.10698414,9.01856709,9.06277561,859562,0,1,7.67633618,yahoo_bootstrap
2022-11-04,8.9743576,9.15119267,8.9743576,9.10698414,1319494,0,1,7.71378162,yahoo_bootstrap
2022-11-07,9.10698414,9.19540215,9.06277561,9.19540215,1354732,0,1,7.78867328,yahoo_bootstrap
2022-11-08,9.19540215,9.2838192,9.15119267,9.23960972,1255216,0,1,7.8261179,yahoo_bootstrap
2022-11-09,9.2838192,9.50486183,9.2838192,9.50486183,4678374,0,1,8.05079127,yahoo_bootstrap
2022-11-10,9.46065426,9.50486183,9.32802773,9.46065426,2159377,0,1,8.01334666,yahoo_bootstrap
2022-11-11,9.68169689,9.81432343,9.59327984,9.72590637,5312418,0,1,8.23802003,yahoo_bootstrap
2022-11-14,9.81432343,9.85853195,9.72590637,9.81432343,2447658,0,1,8.31291089,yahoo_bootstrap
2022-11-15,9.72590637,9.99115753,9.63748837,9.94694901,3294254,0,1,8.42524718,yahoo_bootstrap
2022-11-16,9.90273952,9.99115753,9.72590637,9.85853195,2631978,0,1,8.35035631,yahoo_bootstrap
2022-11-17,9.77011395,9.81432343,9.68169689,9.77011395,1733083,0,1,8.27546466,yahoo_bootstrap
2022-11-18,9.77011395,9.81432343,9.63748837,9.68169689,2403585,0,1,8.20057379,yahoo_bootstrap
2022-11-21,9.77011395,9.81432343,9.68169689,9.81432343,1631640,0,1,8.31291089,yahoo_bootstrap
2022-11-22,9.81432343,9.90273952,9.72590637,9.81432343,1200817,0,1,8.31291089,yahoo_bootstrap
2022-11-23,9.81432343,9.94694901,9.77011395,9.94694901,1572760,0,1,8.42524718,yahoo_bootstrap
2022-11-24,9.90273952,9.99115753,9.90273952,9.94694901,1593997,0,1,8.42524718,yahoo_bootstrap
2022-11-25,9.90273952,10.07957458,9.85853195,10.03536606,2156249,0,1,8.50013803,yahoo_bootstrap
2022-11-28,9.85853195,10.03536606,9.81432343,9.94694901,2400865,0,1,8.42524718,yahoo_bootstrap
2022-11-29,9.90273952,10.21220112,9.85853195,10.12378407,3484367,0,1,8.5750297,yahoo_bootstrap
2022-11-30,10.07957458,10.38903618,10.07957458,10.38903618,5629294,0,1,8.79970307,yahoo_bootstrap
2022-12-01,10.43324375,10.52166176,10.25640965,10.38903618,4975565,0,1,8.79970307,yahoo_bootstrap
2022-12-02,10.38903618,10.47745323,10.30061817,10.30061817,3467587,0,1,8.7248114,yahoo_bootstrap
2022-12-05,10.30061817,10.43324375,10.30061817,10.3448267,2070675,0,1,8.76225683,yahoo_bootstrap
2022-12-06,10.3448267,10.3448267,10.12378407,10.21220112,2314452,0,1,8.64992055,yahoo_bootstrap
2022-12-07,10.16799164,10.30061817,10.12378407,10.21220112,2518661,0,1,8.64992055,yahoo_bootstrap
2022-12-08,10.16799164,10.21220112,10.03536606,10.07957458,3174991,0,1,8.53758345,yahoo_bootstrap
2022-12-09,10.16799164,10.21220112,10.07957458,10.16799164,2403122,0,1,8.61247431,yahoo_bootstrap
2022-12-12,10.21220112,10.21220112,10.07957458,10.16799164,1709677,0,1,8.61247431,yahoo_bootstrap
2022-12-13,10.12378407,10.16799164,10.03536606,10.16799164,2124090,0,1,8.61247431,yahoo_bootstrap
2022-12-14,10.12378407,10.21220112,10.07957458,10.16799164,2902869,0,1,8.61247431,yahoo_bootstrap
2022-12-15,10.12378407,10.16799164,9.99115753,10.03536606,1803905,0,1,8.50013803,yahoo_bootstrap
2022-12-16,9.94694901,10.16799164,9.94694901,10.16799164,5003597,0,1,8.61247431,yahoo_bootstrap
2022-12-19,10.03536606,10.12378407,9.90273952,9.90273952,3123715,0,1,8.38780093,yahoo_bootstrap
2022-12-20,9.85853195,9.99115753,9.72590637,9.85853195,2857076,0,1,8.35035631,yahoo_bootstrap
2022-12-21,9.77011395,9.85853195,9.77011395,9.77011395,1589950,0,1,8.27546466,yahoo_bootstrap
2022-12-22,9.81432343,9.90273952,9.77011395,9.81432343,1552911,0,1,8.31291089,yahoo_bootstrap
2022-12-23,9.72590637,9.85853195,9.72590637,9.81432343,1517597,0,1,8.31291089,yahoo_bootstrap
2022-12-26,9.81432343,9.90273952,9.72590637,9.85853195,1445177,0,1,8.35035631,yahoo_bootstrap
2022-12-27,9.90273952,9.94694901,9.81432343,9.85853195,1622690,0,1,8.35035631,yahoo_bootstrap
2022-12-28,9.77011395,9.81432343,9.72590637,9.72590637,2086795,0,1,8.23802003,yahoo_bootstrap
2022-12-29,9.68169689,9.68169689,9.41644478,9.46065426,4682979,0,1,8.01334666,yahoo_bootstrap
2022-12-30,9.50486183,9.59327984,9.46065426,9.59327984,1173907,0,1,8.12568294,yahoo_bootstrap
2023-01-03,9.54907131,9.54907131,9.46065426,9.50486183,1006060,0,1,8.05079127,yahoo_bootstrap
2023-01-04,9.50486183,9.68169689,9.50486183,9.63748837,955927,0,1,8.16312837,yahoo_bootstrap
2023-01-05,9.68169689,9.72590637,9.63748837,9.68169689,1097067,0,1,8.20057379,yahoo_bootstrap
2023-01-06,9.68169689,9.72590637,9.59327984,9.68169689,1139289,0,1,8.20057379,yahoo_bootstrap
2023-01-09,9.81432343,9.99115753,9.77011395,9.99115753,5111084,0,1,8.4626926,yahoo_bootstrap
2023-01-10,9.99115753,10.03536606,9.90273952,9.99115753,933620,0,1,8.4626926,yahoo_bootstrap
2023-01-11,9.99115753,9.99115753,9.85853195,9.94694901,1598092,0,1,8.42524718,yahoo_bootstrap
2023-01-12,9.94694901,10.03536606,9.85853195,9.94694901,1381216,0,1,8.42524718,yahoo_bootstrap
2023-01-13,10.03536606,10.07957458,9.90273952,9.94694901,1596180,0,1,8.42524718,yahoo_bootstrap
2023-01-16,9.94694901,10.07957458,9.94694901,9.99115753,1141238,0,1,8.4626926,yahoo_bootstrap
2023-01-17,10.03536606,10.03536606,9.94694901,9.94694901,842991,0,1,8.42524718,yahoo_bootstrap
2023-01-30,10.25640965,10.30061817,9.99115753,10.16799164,3976296,0,1,8.61247431,yahoo_bootstrap
2023-01-31,10.16799164,10.3448267,10.16799164,10.25640965,3556858,0,1,8.68736598,yahoo_bootstrap
2023-02-01,10.30061817,10.38903618,10.16799164,10.16799164,2601657,0,1,8.61247431,yahoo_bootstrap
2023-02-02,10.30061817,10.38903618,10.21220112,10.38903618,2638131,0,1,8.79970307,yahoo_bootstrap
2023-02-03,10.43324375,10.61007881,10.38903618,10.56587029,5695711,0,1,8.94948478,yahoo_bootstrap
2023-02-06,10.47745323,10.56587029,10.43324375,10.47745323,2679440,0,1,8.87459392,yahoo_bootstrap
2023-02-07,10.47745323,10.56587029,10.43324375,10.56587029,2606066,0,1,8.94948478,yahoo_bootstrap
2023-02-08,10.61007881,10.96374798,10.61007881,10.91954041,5585224,0,1,9.24904982,yahoo_bootstrap
2023-02-09,10.8311224,10.91954041,10.74270535,10.74270535,5121899,0,1,9.0992673,yahoo_bootstrap
2023-02-10,10.69849586,10.74270535,10.43324375,10.52166176,5093818,0,1,8.91203935,yahoo_bootstrap
2023-02-13,10.56587029,10.56587029,10.43324375,10.52166176,2458901,0,1,8.91203935,yahoo_bootstrap
2023-02-14,10.56587029,10.61007881,10.47745323,10.56587029,1941258,0,1,8.94948478,yahoo_bootstrap
2023-02-15,10.56587029,10.61007881,10.43324375,10.47745323,2391653,0,1,8.87459392,yahoo_bootstrap
2023-02-16,10.47745323,10.56587029,10.38903618,10.38903618,3849378,0,1,8.79970307,yahoo_bootstrap
2023-02-17,10.38903618,10.43324375,10.3448267,10.38903618,2263616,0,1,8.79970307,yahoo_bootstrap
2023-02-20,10.3448267,10.52166176,10.3448267,10.47745323,3213888,0,1,8.87459392,yahoo_bootstrap
2023-02-21,10.56587029,10.56587029,10.43324375,10.56587029,2235718,0,1,8.94948478,yahoo_bootstrap
2023-02-22,10.43324375,10.65428829,10.43324375,10.56587029,3991103,0,1,8.94948478,yahoo_bootstrap
2023-02-23,10.61007881,10.69849586,10.56587029,10.65428829,3245597,0,1,9.02437644,yahoo_bootstrap
2023-02-24,10.65428829,10.74270535,10.61007881,10.74270535,3466415,0,1,9.0992673,yahoo_bootstrap
2023-03-01,10.61007881,10.65428829,10.47745323,10.52166176,5289867,0,1,8.91203935,yahoo_bootstrap
2023-03-02,10.52166176,10.56587029,10.3448267,10.47745323,3124000,0,1,8.87459392,yahoo_bootstrap
2023-03-03,10.47745323,10.52166176,10.43324375,10.47745323,1638434,0,1,8.87459392,yahoo_bootstrap
2023-03-06,10.52166176,10.69849586,10.52166176,10.69849586,2373151,0,1,9.06182106,yahoo_bootstrap
2023-03-07,10.74270535,10.96374798,10.69849586,10.91954041,3977219,0,1,9.24904982,yahoo_bootstrap
2023-03-08,10.87533092,10.96374798,10.8311224,10.87533092,2937666,0,1,9.21160358,yahoo_bootstrap
2023-03-09,10.87533092,10.87533092,10.78691387,10.78691387,2268601,0,1,9.13671273,yahoo_bootstrap
2023-03-10,10.65428829,10.74270535,10.52166176,10.52166176,3800458,0,1,8.91203935,yahoo_bootstrap
2023-03-13,10.47745323,10.65428829,10.43324375,10.61007881,2339033,0,1,8.98693021,yahoo_bootstrap
2023-03-14,10.47745323,10.52166176,10.38903618,10.38903618,3229993,0,1,8.79970307,yahoo_bootstrap
2023-03-15,10.43324375,10.47745323,10.30061817,10.3448267,2669637,0,1,8.76225683,yahoo_bootstrap
2023-03-16,10.25640965,10.30061817,10.07957458,10.21220112,3686521,0,1,8.64992055,yahoo_bootstrap
2023-03-17,10.30061817,10.47745323,10.21220112,10.47745323,4274818,0,1,8.87459392,yahoo_bootstrap
2023-03-20,10.56587029,10.74270535,10.52166176,10.61007881,7190960,0,1,8.98693021,yahoo_bootstrap
2023-03-21,10.61007881,10.78691387,10.56587029,10.65428829,2262994,0,1,9.02437644,yahoo_bootstrap
2023-03-22,10.74270535,10.78691387,10.65428829,10.74270535,3063439,0,1,9.0992673,yahoo_bootstrap
2023-03-23,10.69849586,10.8311224,10.69849586,10.78691387,2882292,0,1,9.13671273,yahoo_bootstrap
2023-03-24,10.78691387,10.8311224,10.65428829,10.69849586,2179742,0,1,9.06182106,yahoo_bootstrap
2023-03-27,10.74270535,10.74270535,10.56587029,10.65428829,2220609,0,1,9.02437644,yahoo_bootstrap
2023-03-28,10.69849586,10.69849586,10.56587029,10.61007881,1707583,0,1,8.98693021,yahoo_bootstrap
2023-03-29,10.61007881,10.69849586,10.56587029,10.61007881,949381,0,1,8.98693021,yahoo_bootstrap
2023-03-30,10.69849586,10.69849586,10.56587029,10.56587029,2023245,0,1,8.94948478,yahoo_bootstrap
2023-03-31,10.61007881,10.74270535,10.61007881,10.61007881,2839712,0,1,8.98693021,yahoo_bootstrap
2023-04-06,10.61007881,10.69849586,10.52166176,10.61007881,1663099,0,1,8.98693021,yahoo_bootstrap
2023-04-07,10.65428829,10.69849586,10.61007881,10.65428829,1747588,0,1,9.02437644,yahoo_bootstrap
2023-04-10,10.65428829,10.78691387,10.65428829,10.78691387,3373383,0,1,9.13671273,yahoo_bootstrap
2023-04-11,10.91954041,11.05216599,10.8311224,11.00795746,8105468,0,1,9.32394068,yahoo_bootstrap
2023-04-12,11.00795746,11.09637356,10.96374798,11.05216599,3795977,0,1,9.36138611,yahoo_bootstrap
2023-04-13,11.05216599,11.09637356,11.00795746,11.05216599,1877574,0,1,9.36138611,yahoo_bootstrap
2023-04-14,11.14058304,12.11317444,11.14058304,12.11317444,22615409,0,1,10.26007961,yahoo_bootstrap
2023-04-17,11.58267021,11.93633938,11.4942522,11.80371284,19408250,0,1,9.99795999,yahoo_bootstrap
2023-04-18,11.80371284,12.15738201,11.75950432,11.84792233,9571202,0,1,10.03540624,yahoo_bootstrap
2023-04-19,11.8921299,12.3784256,11.84792233,12.24580002,15569696,0,1,10.3724159,yahoo_bootstrap
2023-04-20,12.24580002,12.24580002,11.84792233,12.11317444,10887215,0,1,10.26007961,yahoo_bootstrap
2023-04-21,12.02475643,12.06896496,11.75950432,11.8921299,6670730,0,1,10.07285086,yahoo_bootstrap
2023-04-24,11.80371284,12.06896496,11.80371284,12.02475643,6918527,0,1,10.18518794,yahoo_bootstrap
2023-04-25,11.9805479,12.15738201,11.84792233,11.93633938,6451768,0,1,10.11029709,yahoo_bootstrap
2023-04-26,11.8921299,12.06896496,11.8921299,12.02475643,4355367,0,1,10.18518794,yahoo_bootstrap
2023-04-27,12.02475643,12.06896496,11.8921299,11.93633938,3465480,0,1,10.11029709,yahoo_bootstrap
2023-04-28,12.11317444,12.11317444,11.9805479,12.11317444,3691189,0,1,10.26007961,yahoo_bootstrap
2023-05-02,12.20159054,12.20159054,12.11317444,12.11317444,2430614,0,1,10.26007961,yahoo_bootstrap
2023-05-03,12.06896496,12.3784256,12.06896496,12.33421707,4716702,0,1,10.44730675,yahoo_bootstrap
2023-05-04,12.33421707,12.51105213,12.20159054,12.46684265,7562102,0,1,10.55964303,yahoo_bootstrap
2023-05-05,12.3784256,12.46684265,12.20159054,12.24580002,4741663,0,1,10.3724159,yahoo_bootstrap
2023-05-08,12.24580002,12.51105213,12.20159054,12.42263412,6726654,0,1,10.5221976,yahoo_bootstrap
2023-05-09,12.42263412,12.46684265,12.20159054,12.24580002,4485825,0,1,10.3724159,yahoo_bootstrap
2023-05-10,12.24580002,12.29000759,12.06896496,12.24580002,5232753,0,1,10.3724159,yahoo_bootstrap
2023-05-11,12.24580002,12.24580002,11.9805479,12.11317444,5075606,0,1,10.26007961,yahoo_bootstrap
2023-05-12,12.02475643,12.02475643,11.58267021,11.75950432,11981792,0,1,9.96051457,yahoo_bootstrap
2023-05-15,11.67108727,12.11317444,11.45004368,11.58267021,28143587,0,1,9.81073286,yahoo_bootstrap
2023-05-16,11.53846073,11.75950432,11.53846073,11.71529579,3593738,0,1,9.92306914,yahoo_bootstrap
2023-05-17,11.71529579,11.80371284,11.62687778,11.71529579,7610780,0,1,9.92306914,yahoo_bootstrap
2023-05-18,11.84792233,11.93633938,11.62687778,11.8921299,10612246,0,1,10.07285086,yahoo_bootstrap
2023-05-19,11.8921299,12.02475643,11.84792233,11.93633938,8271558,0,1,10.11029709,yahoo_bootstrap
2023-05-22,11.8921299,12.02475643,11.8921299,11.9805479,2969979,0,1,10.14774251,yahoo_bootstrap
2023-05-23,12.02475643,12.20159054,11.93633938,12.15738201,3972413,0,1,10.29752423,yahoo_bootstrap
2023-05-24,12.15738201,12.20159054,12.02475643,12.11317444,2301064,0,1,10.26007961,yahoo_bootstrap
2023-05-25,12.02475643,12.11317444,11.9805479,12.06896496,2153042,0,1,10.22263338,yahoo_bootstrap
2023-05-26,12.06896496,12.20159054,11.9805479,12.11317444,3079731,0,1,10.26007961,yahoo_bootstrap
2023-05-29,12.15738201,12.33421707,12.15738201,12.24580002,4376994,0,1,10.3724159,yahoo_bootstrap
2023-05-30,12.29000759,12.33421707,12.24580002,12.33421707,3892430,0,1,10.44730675,yahoo_bootstrap
2023-05-31,12.33421707,12.33421707,12.24580002,12.29000759,4019282,0,1,10.40986051,yahoo_bootstrap
2023-06-01,12.29000759,12.33421707,12.24580002,12.33421707,3074928,0,1,10.44730675,yahoo_bootstrap
2023-06-02,12.3784256,12.51105213,12.33421707,12.42263412,8443531,0,1,10.5221976,yahoo_bootstrap
2023-06-05,12.46684265,12.68788624,12.42263412,12.64367771,10027821,0,1,10.70942555,yahoo_bootstrap
2023-06-06,12.73209476,12.77630424,12.5552597,12.59946918,7072267,0,1,10.67198012,yahoo_bootstrap
2023-06-07,12.64367771,12.90892982,12.59946918,12.82051182,8522927,0,1,10.85920727,yahoo_bootstrap
2023-06-08,12.99734688,13.61626816,12.82051182,13.21839046,27033388,0,1,11.19621773,yahoo_bootstrap
2023-06-09,13.21839046,13.26259899,12.95313835,12.95313835,9005826,0,1,10.97154436,yahoo_bootstrap
2023-06-12,12.90892982,12.95313835,12.64367771,12.77630424,8269083,0,1,10.82176264,yahoo_bootstrap
2023-06-13,12.82051182,13.12997341,12.82051182,13.08576393,8042899,0,1,11.08388064,yahoo_bootstrap
2023-06-14,13.08576393,13.17418194,12.95313835,12.95313835,6477662,0,1,10.97154436,yahoo_bootstrap
2023-06-15,12.99734688,13.04155636,12.82051182,12.8647213,6581853,0,1,10.8966535,yahoo_bootstrap
2023-06-16,12.95313835,13.04155636,12.8647213,12.90892982,8887387,0,1,10.93409893,yahoo_bootstrap
2023-06-19,12.95313835,12.95313835,12.82051182,12.82051182,3544405,0,1,10.85920727,yahoo_bootstrap
2023-06-20,12.8647213,12.99734688,12.8647213,12.8647213,2323490,0,1,10.8966535,yahoo_bootstrap
2023-06-21,12.8647213,12.90892982,12.77630424,12.8647213,3828665,0,1,10.8966535,yahoo_bootstrap
2023-06-26,12.77630424,12.77630424,12.64367771,12.73209476,4247039,0,1,10.78431641,yahoo_bootstrap
2023-06-27,12.73209476,12.73209476,12.46684265,12.51105213,5337369,0,1,10.59708927,yahoo_bootstrap
2023-06-28,12.5552597,12.64367771,12.51105213,12.59946918,2322721,0,1,10.67198012,yahoo_bootstrap
2023-06-29,12.64367771,12.73209476,12.5552597,12.59946918,3453895,0,1,10.67198012,yahoo_bootstrap
2023-06-30,12.51105213,12.73209476,12.46684265,12.59946918,4339053,0,1,10.67198012,yahoo_bootstrap
2023-07-03,12.73209476,12.90892982,12.68788624,12.82051182,3831193,0,1,10.85920727,yahoo_bootstrap
2023-07-04,12.77630424,12.8647213,12.73209476,12.77630424,2938610,0,1,10.82176264,yahoo_bootstrap
2023-07-05,12.8647213,12.90892982,12.77630424,12.77630424,2829161,0,1,10.82176264,yahoo_bootstrap
2023-07-06,12.8647213,12.8647213,12.5552597,12.5552597,7440530,0,1,10.63453389,yahoo_bootstrap
2023-07-07,12.5552597,12.8647213,12.46684265,12.73209476,7364014,0,1,10.78431641,yahoo_bootstrap
2023-07-10,12.8647213,13.08576393,12.64367771,12.64367771,7372632,0,1,10.70942555,yahoo_bootstrap
2023-07-11,12.82051182,12.95313835,12.77630424,12.90892982,8224020,0,1,10.93409893,yahoo_bootstrap
2023-07-12,12.90892982,12.99734688,12.82051182,12.82051182,5943100,0,1,10.85920727,yahoo_bootstrap
2023-07-13,12.68788624,12.73209476,12.59946918,12.59946918,6524636,0.344828,1,10.96695374,yahoo_bootstrap
2023-07-14,12.64367771,12.99734688,12.64367771,12.95313835,8642361,0,1,11.27479793,yahoo_bootstrap
2023-07-17,12.99734688,13.35101604,12.99734688,13.30680847,13847919,0,1,11.58264295,yahoo_bootstrap
2023-07-18,13.35101604,13.39522457,13.08576393,13.12997341,9135447,0,1,11.42872044,yahoo_bootstrap
2023-07-19,13.26259899,13.39522457,13.17418194,13.21839046,6524507,0,1,11.50568128,yahoo_bootstrap
2023-07-20,13.17418194,13.43943405,13.12997341,13.39522457,6956088,0,1,11.65960296,yahoo_bootstrap
2023-07-21,13.35101604,13.43943405,13.17418194,13.26259899,7204921,0,1,11.5441617,yahoo_bootstrap
2023-07-24,13.30680847,13.48364162,13.12997341,13.35101604,10181806,0,1,11.62112254,yahoo_bootstrap
2023-07-25,13.39522457,13.88152027,13.39522457,13.74889374,14468116,0,1,11.96744716,yahoo_bootstrap
2023-07-26,13.79310322,14.23519039,13.74889374,14.01414585,16543193,0,1,12.1983305,yahoo_bootstrap
2023-07-27,14.19098091,14.23519039,13.96993828,14.10256386,10026674,0,1,12.27529218,yahoo_bootstrap
2023-07-28,14.01414585,14.14677238,13.96993828,14.10256386,7975132,0,1,12.27529218,yahoo_bootstrap
2023-07-31,14.23519039,14.41202354,14.05835533,14.10256386,9123623,0,1,12.27529218,yahoo_bootstrap
2023-08-01,14.19098091,14.23519039,13.9257288,14.05835533,4739119,0,1,12.23681175,yahoo_bootstrap
2023-08-02,14.01414585,14.01414585,13.5278511,13.57205963,13997567,0,1,11.81352547,yahoo_bootstrap
2023-08-04,13.66047668,13.88152027,13.61626816,13.79310322,6677969,0,1,12.00592841,yahoo_bootstrap
2023-08-07,13.83731174,13.83731174,13.48364162,13.66047668,5261525,0,1,11.89048631,yahoo_bootstrap
2023-08-08,13.74889374,13.83731174,13.5278511,13.61626816,5267703,0,1,11.8520059,yahoo_bootstrap
2023-08-09,13.61626816,13.61626816,13.39522457,13.5278511,4086271,0,1,11.77504505,yahoo_bootstrap
2023-08-10,13.5278511,13.57205963,13.26259899,13.26259899,6148921,0,1,11.5441617,yahoo_bootstrap
2023-08-11,13.39522457,13.61626816,13.35101604,13.39522457,5131739,0,1,11.65960296,yahoo_bootstrap
2023-08-14,13.48364162,13.48364162,12.99734688,13.08576393,10109544,0,1,11.39023919,yahoo_bootstrap
2023-08-15,13.08576393,13.26259899,13.08576393,13.17418194,3752668,0,1,11.46720086,yahoo_bootstrap
2023-08-16,13.08576393,13.08576393,12.8647213,12.95313835,3583157,0,1,11.27479793,yahoo_bootstrap
2023-08-17,12.8647213,12.99734688,12.73209476,12.95313835,4432320,0,1,11.27479793,yahoo_bootstrap
2023-08-18,12.90892982,13.08576393,12.8647213,12.95313835,3699209,0,1,11.27479793,yahoo_bootstrap
2023-08-21,13.04155636,13.17418194,13.04155636,13.08576393,3222938,0,1,11.39023919,yahoo_bootstrap
2023-08-22,13.12997341,13.17418194,12.99734688,12.99734688,2341422,0,1,11.31327835,yahoo_bootstrap
2023-08-23,12.99734688,13.21839046,12.99734688,13.17418194,2200608,0,1,11.46720086,yahoo_bootstrap
2023-08-24,13.21839046,13.26259899,13.08576393,13.17418194,2484606,0,1,11.46720086,yahoo_bootstrap
2023-08-25,13.12997341,13.21839046,13.04155636,13.12997341,1154157,0,1,11.42872044,yahoo_bootstrap
2023-08-28,13.17418194,13.17418194,13.04155636,13.04155636,2359708,0,1,11.3517596,yahoo_bootstrap
2023-08-29,13.08576393,13.12997341,13.04155636,13.08576393,1224561,0,1,11.39023919,yahoo_bootstrap
2023-08-30,13.17418194,13.21839046,13.12997341,13.21839046,2111262,0,1,11.50568128,yahoo_bootstrap
2023-08-31,13.17418194,13.21839046,13.08576393,13.08576393,2364945,0,1,11.39023919,yahoo_bootstrap
2023-09-01,13.08576393,13.21839046,13.04155636,13.12997341,2014266,0,1,11.42872044,yahoo_bootstrap
2023-09-04,13.08576393,13.26259899,13.08576393,13.21839046,1381524,0,1,11.50568128,yahoo_bootstrap
2023-09-05,13.12997341,13.21839046,13.08576393,13.17418194,1703357,0,1,11.46720086,yahoo_bootstrap
2023-09-06,13.17418194,13.21839046,13.08576393,13.08576393,2171901,0,1,11.39023919,yahoo_bootstrap
2023-09-07,13.08576393,13.08576393,12.99734688,12.99734688,2699320,0,1,11.31327835,yahoo_bootstrap
2023-09-08,12.99734688,13.17418194,12.99734688,13.08576393,2497770,0,1,11.39023919,yahoo_bootstrap
2023-09-11,13.12997341,13.17418194,13.04155636,13.04155636,1496652,0,1,11.3517596,yahoo_bootstrap
2023-09-12,13.08576393,13.17418194,13.04155636,13.12997341,1502682,0,1,11.42872044,yahoo_bootstrap
2023-09-13,13.12997341,13.21839046,13.08576393,13.08576393,1799816,0,1,11.39023919,yahoo_bootstrap
2023-09-14,13.17418194,13.43943405,13.12997341,13.43943405,5900852,0,1,11.69808421,yahoo_bootstrap
2023-09-15,13.43943405,13.48364162,13.30680847,13.30680847,3971013,0,1,11.58264295,yahoo_bootstrap
2023-09-18,13.26259899,13.39522457,13.26259899,13.30680847,1392861,0,1,11.58264295,yahoo_bootstrap
2023-09-19,13.30680847,13.43943405,13.30680847,13.35101604,1674581,0,1,11.62112254,yahoo_bootstrap
2023-09-20,13.35101604,13.39522457,13.21839046,13.26259899,2521078,0,1,11.5441617,yahoo_bootstrap
2023-09-21,13.26259899,13.30680847,13.04155636,13.04155636,4425531,0,1,11.3517596,yahoo_bootstrap
2023-09-22,13.04155636,13.04155636,12.95313835,12.95313835,2865052,0,1,11.27479793,yahoo_bootstrap
2023-09-25,12.95313835,13.12997341,12.95313835,13.04155636,1028259,0,1,11.3517596,yahoo_bootstrap
2023-09-26,12.99734688,13.04155636,12.90892982,12.90892982,1632802,0,1,11.23631751,yahoo_bootstrap
2023-09-27,12.90892982,12.99734688,12.8647213,12.90892982,1883780,0,1,11.23631751,yahoo_bootstrap
2023-09-28,12.95313835,13.08576393,12.90892982,12.90892982,1905316,0,1,11.23631751,yahoo_bootstrap
2023-10-02,12.95313835,12.99734688,12.90892982,12.95313835,1677712,0,1,11.27479793,yahoo_bootstrap
2023-10-03,12.95313835,12.95313835,12.8647213,12.8647213,2427770,0,1,11.19783709,yahoo_bootstrap
2023-10-04,12.82051182,12.82051182,12.5552597,12.5552597,6468029,0,1,10.92847249,yahoo_bootstrap
2023-10-05,12.68788624,12.77630424,12.64367771,12.73209476,953995,0,1,11.082395,yahoo_bootstrap
2023-10-06,12.73209476,12.77630424,12.68788624,12.77630424,773727,0,1,11.12087625,yahoo_bootstrap
2023-10-11,12.77630424,12.90892982,12.73209476,12.90892982,7447983,0,1,11.23631751,yahoo_bootstrap
2023-10-12,12.90892982,12.90892982,12.82051182,12.90892982,4119878,0,1,11.23631751,yahoo_bootstrap
2023-10-13,12.82051182,12.95313835,12.82051182,12.90892982,2390749,0,1,11.23631751,yahoo_bootstrap
2023-10-16,12.82051182,12.8647213,12.73209476,12.77630424,2552481,0,1,11.12087625,yahoo_bootstrap
2023-10-17,12.82051182,12.82051182,12.73209476,12.77630424,2310915,0,1,11.12087625,yahoo_bootstrap
2023-10-18,12.82051182,13.08576393,12.73209476,13.08576393,11739492,0,1,11.39023919,yahoo_bootstrap
2023-10-19,12.95313835,12.99734688,12.8647213,12.95313835,2423850,0,1,11.27479793,yahoo_bootstrap
2023-10-20,12.77630424,12.8647213,12.64367771,12.82051182,4184457,0,1,11.15935584,yahoo_bootstrap
2023-10-23,12.73209476,12.77630424,12.68788624,12.68788624,1628915,0,1,11.04391458,yahoo_bootstrap
2023-10-24,12.73209476,12.8647213,12.68788624,12.77630424,3989559,0,1,11.12087625,yahoo_bootstrap
2023-10-25,12.82051182,12.95313835,12.82051182,12.90892982,2130474,0,1,11.23631751,yahoo_bootstrap
2023-10-26,12.82051182,12.82051182,12.68788624,12.68788624,2151307,0,1,11.04391458,yahoo_bootstrap
2023-10-27,12.73209476,12.90892982,12.68788624,12.77630424,1652599,0,1,11.12087625,yahoo_bootstrap
2023-10-30,12.8647213,12.8647213,12.68788624,12.68788624,1319158,0,1,11.04391458,yahoo_bootstrap
2023-10-31,12.64367771,12.73209476,12.59946918,12.59946918,2371090,0,1,10.96695374,yahoo_bootstrap
2023-11-01,12.64367771,12.77630424,12.64367771,12.73209476,1009149,0,1,11.082395,yahoo_bootstrap
2023-11-02,12.8647213,12.8647213,12.82051182,12.82051182,935217,0,1,11.15935584,yahoo_bootstrap
2023-11-03,12.90892982,12.95313835,12.8647213,12.95313835,1591544,0,1,11.27479793,yahoo_bootstrap
2023-11-06,12.99734688,13.12997341,12.99734688,13.08576393,3319190,0,1,11.39023919,yahoo_bootstrap
2023-11-07,13.12997341,13.12997341,13.04155636,13.08576393,928858,0,1,11.39023919,yahoo_bootstrap
2023-11-08,13.12997341,13.12997341,13.04155636,13.08576393,2200735,0,1,11.39023919,yahoo_bootstrap
2023-11-09,13.08576393,13.08576393,12.99734688,12.99734688,1702190,0,1,11.31327835,yahoo_bootstrap
2023-11-10,12.95313835,12.95313835,12.8647213,12.90892982,1232102,0,1,11.23631751,yahoo_bootstrap
2023-11-13,12.95313835,13.04155636,12.95313835,12.95313835,1111484,0,1,11.27479793,yahoo_bootstrap
2023-11-14,13.04155636,13.04155636,12.95313835,13.04155636,1418175,0,1,11.3517596,yahoo_bootstrap
2023-11-15,13.12997341,13.30680847,13.12997341,13.30680847,7017056,0,1,11.58264295,yahoo_bootstrap
2023-11-16,13.35101604,13.35101604,13.21839046,13.30680847,2665839,0,1,11.58264295,yahoo_bootstrap
2023-11-17,13.30680847,13.43943405,13.30680847,13.43943405,3508627,0,1,11.69808421,yahoo_bootstrap
2023-11-20,13.43943405,13.5278511,13.35101604,13.43943405,2133177,0,1,11.69808421,yahoo_bootstrap
2023-11-21,13.48364162,13.70468616,13.43943405,13.66047668,5525946,0,1,11.89048631,yahoo_bootstrap
2023-11-22,13.5278511,13.66047668,13.5278511,13.61626816,2465021,0,1,11.8520059,yahoo_bootstrap
2023-11-23,13.61626816,13.66047668,13.48364162,13.57205963,2302704,0,1,11.81352547,yahoo_bootstrap
2023-11-24,13.57205963,13.57205963,13.48364162,13.57205963,1548648,0,1,11.81352547,yahoo_bootstrap
2023-11-27,13.61626816,13.70468616,13.43943405,13.48364162,3488889,0,1,11.7365638,yahoo_bootstrap
2023-11-28,13.57205963,13.66047668,13.48364162,13.61626816,3413330,0,1,11.8520059,yahoo_bootstrap
2023-11-29,13.66047668,13.70468616,13.57205963,13.66047668,3196015,0,1,11.89048631,yahoo_bootstrap
2023-11-30,13.70468616,13.70468616,13.5278511,13.61626816,6084000,0,1,11.8520059,yahoo_bootstrap
2023-12-01,13.61626816,13.66047668,13.5278511,13.66047668,2397851,0,1,11.89048631,yahoo_bootstrap
2023-12-04,13.66047668,13.79310322,13.57205963,13.74889374,6504972,0,1,11.96744716,yahoo_bootstrap
2023-12-05,13.66047668,13.70468616,13.61626816,13.66047668,3547504,0,1,11.89048631,yahoo_bootstrap
2023-12-06,13.70468616,13.74889374,13.66047668,13.74889374,2665156,0,1,11.96744716,yahoo_bootstrap
2023-12-07,13.74889374,13.74889374,13.66047668,13.70468616,1809899,0,1,11.92896756,yahoo_bootstrap
2023-12-08,13.83731174,14.05835533,13.83731174,14.05835533,11723526,0,1,12.23681175,yahoo_bootstrap
2023-12-11,14.14677238,14.14677238,14.01414585,14.10256386,5260331,0,1,12.27529218,yahoo_bootstrap
2023-12-12,14.14677238,14.14677238,14.01414585,14.05835533,4073382,0,1,12.23681175,yahoo_bootstrap
2023-12-13,14.14677238,14.14677238,14.05835533,14.05835533,2521616,0,1,12.23681175,yahoo_bootstrap
2023-12-14,14.14677238,14.32360744,14.14677238,14.27939796,7755544,0,1,12.42921385,yahoo_bootstrap
2023-12-15,14.32360744,14.36781597,14.27939796,14.32360744,9699100,0,1,12.4676951,yahoo_bootstrap
2023-12-18,14.32360744,14.36781597,14.27939796,14.32360744,3401608,0,1,12.4676951,yahoo_bootstrap
2023-12-19,14.27939796,14.27939796,14.05835533,14.14677238,5144792,0,1,12.31377259,yahoo_bootstrap
2023-12-20,14.23519039,14.23519039,14.05835533,14.23519039,4411444,0,1,12.39073426,yahoo_bootstrap
2023-12-21,14.14677238,14.23519039,14.10256386,14.10256386,2621503,0,1,12.27529218,yahoo_bootstrap
2023-12-22,14.10256386,14.14677238,13.96993828,14.01414585,4114182,0,1,12.1983305,yahoo_bootstrap
2023-12-25,14.05835533,14.10256386,13.96993828,14.01414585,1361639,0,1,12.1983305,yahoo_bootstrap
2023-12-26,14.05835533,14.14677238,14.05835533,14.14677238,1362041,0,1,12.31377259,yahoo_bootstrap
2023-12-27,14.14677238,14.23519039,14.14677238,14.23519039,2679386,0,1,12.39073426,yahoo_bootstrap
2023-12-28,14.23519039,14.32360744,14.23519039,14.27939796,4965146,0,1,12.42921385,yahoo_bootstrap
2023-12-29,14.32360744,14.50044155,14.32360744,14.45623302,8438628,0,1,12.58313636,yahoo_bootstrap
2024-01-02,14.50044155,14.50044155,14.27939796,14.41202354,4087237,0,1,12.54465511,yahoo_bootstrap
2024-01-03,14.32360744,14.32360744,14.19098091,14.19098091,4132217,0,1,12.35225301,yahoo_bootstrap
2024-01-04,14.19098091,14.27939796,14.19098091,14.23519039,1874340,0,1,12.39073426,yahoo_bootstrap
2024-01-05,14.23519039,14.32360744,14.19098091,14.27939796,2236598,0,1,12.42921385,yahoo_bootstrap
2024-01-08,14.41202354,14.5888586,14.41202354,14.41202354,6692741,0,1,12.54465511,yahoo_bootstrap
2024-01-09,14.45623302,14.45623302,14.23519039,14.27939796,3820294,0,1,12.42921385,yahoo_bootstrap
2024-01-10,14.23519039,14.27939796,14.19098091,14.23519039,2832960,0,1,12.39073426,yahoo_bootstrap
2024-01-11,14.36781597,14.36781597,14.27939796,14.32360744,2592533,0,1,12.4676951,yahoo_bootstrap
2024-01-12,14.27939796,14.27939796,14.14677238,14.23519039,3050116,0,1,12.39073426,yahoo_bootstrap
2024-01-15,14.27939796,14.32360744,14.19098091,14.23519039,2605543,0,1,12.39073426,yahoo_bootstrap
2024-01-16,14.14677238,14.14677238,13.96993828,14.01414585,7119625,0,1,12.1983305,yahoo_bootstrap
2024-01-17,13.96993828,13.96993828,13.70468616,13.70468616,7697859,0,1,11.92896756,yahoo_bootstrap
2024-01-18,13.70468616,13.88152027,13.70468616,13.79310322,3483057,0,1,12.00592841,yahoo_bootstrap
2024-01-19,13.79310322,13.9257288,13.70468616,13.88152027,3248712,0,1,12.08288924,yahoo_bootstrap
2024-01-22,13.88152027,14.01414585,13.88152027,13.96993828,2425017,0,1,12.15985092,yahoo_bootstrap
2024-01-23,13.96993828,14.10256386,13.96993828,14.10256386,1446465,0,1,12.27529218,yahoo_bootstrap
2024-01-24,14.14677238,14.19098091,14.10256386,14.19098091,2231740,0,1,12.35225301,yahoo_bootstrap
2024-01-25,14.19098091,14.23519039,14.14677238,14.19098091,1674920,0,1,12.35225301,yahoo_bootstrap
2024-01-26,14.19098091,14.32360744,14.14677238,14.27939796,2958351,0,1,12.42921385,yahoo_bootstrap
2024-01-29,14.32360744,14.32360744,14.23519039,14.32360744,1926379,0,1,12.4676951,yahoo_bootstrap
2024-01-30,14.36781597,14.36781597,14.14677238,14.23519039,2775617,0,1,12.39073426,yahoo_bootstrap
2024-01-31,14.19098091,14.23519039,14.14677238,14.23519039,1569207,0,1,12.39073426,yahoo_bootstrap
2024-02-01,14.27939796,14.27939796,14.23519039,14.27939796,1759226,0,1,12.42921385,yahoo_bootstrap
2024-02-02,14.32360744,14.32360744,14.23519039,14.27939796,1600026,0,1,12.42921385,yahoo_bootstrap
2024-02-05,14.23519039,14.27939796,14.10256386,14.19098091,2330322,0,1,12.35225301,yahoo_bootstrap
2024-02-15,14.19098091,14.32360744,14.10256386,14.27939796,4607181,0,1,12.42921385,yahoo_bootstrap
2024-02-16,14.23519039,14.50044155,14.23519039,14.50044155,6402786,0,1,12.62161678,yahoo_bootstrap
2024-02-19,14.50044155,14.72148514,14.50044155,14.63306808,6634294,0,1,12.73705887,yahoo_bootstrap
2024-02-20,14.67727566,14.67727566,14.54465008,14.54465008,4792135,0,1,12.66009721,yahoo_bootstrap
2024-02-21,14.54465008,14.5888586,14.41202354,14.45623302,2777027,0,1,12.58313636,yahoo_bootstrap
2024-02-22,14.45623302,14.54465008,14.45623302,14.54465008,2194477,0,1,12.66009721,yahoo_bootstrap
2024-02-23,14.5888586,14.63306808,14.54465008,14.54465008,3792987,0,1,12.66009721,yahoo_bootstrap
2024-02-26,14.50044155,14.54465008,14.45623302,14.50044155,2443540,0,1,12.62161678,yahoo_bootstrap
2024-02-27,14.50044155,14.63306808,14.45623302,14.5888586,5609778,0,1,12.69857762,yahoo_bootstrap
2024-02-29,14.63306808,14.8983202,14.63306808,14.80990219,11552263,0,1,12.89098055,yahoo_bootstrap
2024-03-01,14.94252777,15.16357231,14.8983202,15.0751543,9667647,0,1,13.1218639,yahoo_bootstrap
2024-03-04,15.25198936,15.34040642,15.20777988,15.29619789,8527348,0,1,13.31426683,yahoo_bootstrap
2024-03-05,15.42882442,15.56145,15.34040642,15.56145,10012942,0,1,13.54515018,yahoo_bootstrap
2024-03-06,15.56145,15.78249264,15.56145,15.69407558,9123639,0,1,13.66059144,yahoo_bootstrap
2024-03-07,15.73828411,15.91511917,15.64986706,15.91511917,17601318,0,1,13.85299437,yahoo_bootstrap
2024-03-08,16.09195328,16.18037033,15.64986706,15.73828411,25237017,0,1,13.69907186,yahoo_bootstrap
2024-03-11,15.82670212,16.22458076,15.73828411,16.00353622,14350771,0,1,13.92995521,yahoo_bootstrap
2024-03-12,16.09195328,16.22458076,16.00353622,16.22458076,11773510,0,1,14.12235897,yahoo_bootstrap
2024-03-13,16.26878738,16.35720634,16.1361618,16.31299782,13102694,0,1,14.19931982,yahoo_bootstrap
2024-03-14,16.79929161,17.02033424,16.53404045,16.6224575,50028490,0,1,14.46868275,yahoo_bootstrap
2024-03-15,16.6224575,16.66666603,16.35720634,16.4456234,24766357,0,1,14.31476108,yahoo_bootstrap
2024-03-18,16.53404045,16.6224575,16.26878738,16.53404045,13093111,0,1,14.39172192,yahoo_bootstrap
2024-03-19,16.57824898,16.75508308,16.53404045,16.66666603,7968111,0,1,14.50716318,yahoo_bootstrap
2024-03-20,16.66666603,16.71087456,16.35720634,16.35720634,14101730,0,1,14.23780023,yahoo_bootstrap
2024-03-21,16.48983192,17.02033424,16.48983192,16.93191719,32422372,0,1,14.7380457,yahoo_bootstrap
2024-03-22,16.93191719,16.97612762,16.66666603,16.88770866,14450330,0,1,14.69956527,yahoo_bootstrap
2024-03-25,16.88770866,16.88770866,16.71087456,16.79929161,7692620,0,1,14.62260444,yahoo_bootstrap
2024-03-26,16.79929161,16.88770866,16.53404045,16.71087456,10853294,0,1,14.5456436,yahoo_bootstrap
2024-03-27,16.75508308,16.88770866,16.66666603,16.84350014,8971615,0,1,14.66108486,yahoo_bootstrap
2024-03-28,16.93191719,17.06454468,16.75508308,16.75508308,17802624,0,1,14.58412401,yahoo_bootstrap
2024-03-29,16.88770866,17.02033424,16.75508308,16.88770866,6329076,0,1,14.69956527,yahoo_bootstrap
2024-04-01,17.02033424,17.46242142,16.97612762,17.41821289,23163034,0,1,15.16133198,yahoo_bootstrap
2024-04-02,17.50663185,17.55083847,17.32979584,17.41821289,10550418,0,1,15.16133198,yahoo_bootstrap
2024-04-03,17.37400436,17.5950489,17.19717026,17.46242142,9687045,0,1,15.1998124,yahoo_bootstrap
2024-04-08,17.63925743,19.09814262,17.63925743,18.96551704,37463517,0,1,16.50815166,yahoo_bootstrap
2024-04-09,18.5676384,19.09814262,18.25817871,18.92130852,26005655,0,1,16.46967124,yahoo_bootstrap
2024-04-10,18.87709808,19.0539341,18.61184692,18.87709808,16711256,0,1,16.43118916,yahoo_bootstrap
2024-04-11,18.83289146,19.2307682,18.83289146,19.0539341,12379353,0,1,16.5851125,yahoo_bootstrap
2024-04-12,19.27497673,19.27497673,18.92130852,19.2307682,12633991,0,1,16.73903418,yahoo_bootstrap
2024-04-15,19.14235115,19.18655968,18.7444725,19.09814262,14147956,0,1,16.62359292,yahoo_bootstrap
2024-04-16,19.09814262,19.09814262,18.34659576,18.61184692,20008767,0,1,16.20030664,yahoo_bootstrap
2024-04-17,18.61184692,18.87709808,18.47922134,18.7444725,13125438,0,1,16.3157479,yahoo_bootstrap
2024-04-18,18.78868294,20.60123634,18.61184692,20.51281929,50614839,0,1,17.85496968,yahoo_bootstrap
2024-04-19,20.2033596,20.77807236,19.62864685,20.77807236,51453907,0,1,18.08585386,yahoo_bootstrap
2024-04-22,21.08753395,22.50221062,20.77807236,21.83908081,62603331,0,1,19.00938726,yahoo_bootstrap
2024-04-23,21.75066376,22.06012344,21.39699364,21.48541069,35280607,0,1,18.70154224,yahoo_bootstrap
2024-04-24,21.70645332,21.70645332,21.26436615,21.6622448,28732650,0,1,18.85546392,yahoo_bootstrap
2024-04-25,21.52961922,21.79487038,21.08753395,21.08753395,14422247,0,1,18.35521846,yahoo_bootstrap
2024-04-26,21.13174057,21.39699364,20.86648941,21.13174057,14229018,0,1,18.39369722,yahoo_bootstrap
2024-04-29,21.39699364,22.28116608,21.22015953,22.06012344,25586369,0,1,19.20178936,yahoo_bootstrap
2024-04-30,21.92749786,22.1485405,21.83908081,22.01591492,8278898,0,1,19.16330894,yahoo_bootstrap
2024-05-02,22.01591492,22.8116703,21.97170639,22.8116703,21597618,0,1,19.85595816,yahoo_bootstrap
2024-05-03,22.98850441,23.51900864,22.72325325,23.16534042,20255844,0,1,20.16380318,yahoo_bootstrap
2024-05-06,23.47480011,23.87267876,22.98850441,23.82847023,16616130,0,1,20.74101114,yahoo_bootstrap
2024-05-07,23.7842617,23.82847023,22.54641914,22.76746178,26798988,0,1,19.81747775,yahoo_bootstrap
2024-05-08,22.45800018,22.45800018,21.26436615,21.35278511,43843363,0,1,18.58610098,yahoo_bootstrap
2024-05-09,21.6622448,21.70645332,20.99911499,20.99911499,21885813,0,1,18.27825596,yahoo_bootstrap
2024-05-10,21.22015953,22.10433197,21.08753395,21.92749786,26699606,0,1,19.0863481,yahoo_bootstrap
2024-05-13,21.92749786,21.97170639,21.44120216,21.75066376,10139451,0,1,18.93242642,yahoo_bootstrap
2024-05-14,21.75066376,22.06012344,21.48541069,22.06012344,10985215,0,1,19.20178936,yahoo_bootstrap
2024-05-15,22.28116608,22.8116703,22.19274902,22.6348362,14780677,0,1,19.70203649,yahoo_bootstrap
2024-05-16,22.98850441,23.65163422,22.8116703,23.34217453,27380354,0,1,20.31772486,yahoo_bootstrap
2024-05-17,23.34217453,23.47480011,22.6348362,23.38638306,16473503,0,1,20.35620529,yahoo_bootstrap
2024-05-20,23.38638306,23.43059158,22.54641914,22.76746178,18866033,0,1,19.81747775,yahoo_bootstrap
2024-05-21,22.72325325,22.76746178,22.10433197,22.45800018,12485867,0,1,19.54811314,yahoo_bootstrap
2024-05-22,22.28116608,22.76746178,22.28116608,22.45800018,8812875,0,1,19.54811314,yahoo_bootstrap
2024-05-23,22.3253746,22.3253746,22.01591492,22.06012344,9879028,0,1,19.20178936,yahoo_bootstrap
2024-05-24,22.01591492,22.36958313,21.83908081,22.28116608,6214164,0,1,19.39419146,yahoo_bootstrap
2024-05-27,22.06012344,22.41379356,22.01591492,22.1485405,6485687,0,1,19.2787502,yahoo_bootstrap
2024-05-28,22.19274902,22.3253746,22.01591492,22.01591492,6495888,0,1,19.16330894,yahoo_bootstrap
2024-05-29,22.01591492,22.10433197,21.61803627,21.61803627,13310625,0,1,18.8169835,yahoo_bootstrap
2024-05-30,21.44120216,21.52961922,21.08753395,21.08753395,16867624,0,1,18.35521846,yahoo_bootstrap
2024-05-31,21.22015953,21.39699364,20.82228088,20.82228088,20181564,0,1,18.12433428,yahoo_bootstrap
2024-06-03,21.57382774,21.97170639,21.04332352,21.08753395,17088208,0,1,18.35521846,yahoo_bootstrap
2024-06-04,21.08753395,21.22015953,20.6896553,20.6896553,16520394,0,1,18.00889302,yahoo_bootstrap
2024-06-05,20.6896553,21.48541069,20.6896553,21.22015953,22624518,0,1,18.47065972,yahoo_bootstrap
2024-06-06,21.57382774,22.06012344,21.44120216,21.70645332,30824767,0,1,18.89394434,yahoo_bootstrap
2024-06-07,21.83908081,21.88328934,21.39699364,21.48541069,28860099,0,1,18.70154224,yahoo_bootstrap
2024-06-11,21.35278511,21.70645332,21.22015953,21.30857658,22566472,0,1,18.54762056,yahoo_bootstrap
2024-06-12,21.30857658,21.52961922,21.08753395,21.35278511,21230036,0,1,18.58610098,yahoo_bootstrap
2024-06-13,21.44120216,21.79487038,21.22015953,21.79487038,19856330,0,1,18.97090518,yahoo_bootstrap
2024-06-14,21.75066376,21.79487038,21.61803627,21.6622448,7262710,0,1,18.85546392,yahoo_bootstrap
2024-06-17,21.61803627,21.79487038,21.48541069,21.48541069,4424064,0,1,18.70154224,yahoo_bootstrap
2024-06-18,21.61803627,21.75066376,21.39699364,21.6622448,11760693,0,1,18.85546392,yahoo_bootstrap
2024-06-19,21.6622448,22.06012344,21.48541069,21.92749786,16776186,0,1,19.0863481,yahoo_bootstrap
2024-06-20,21.92749786,22.01591492,21.70645332,21.79487038,7607362,0,1,18.97090518,yahoo_bootstrap
2024-06-21,21.75066376,22.54641914,21.75066376,22.3253746,20187497,0,1,19.43267188,yahoo_bootstrap
2024-06-24,22.3253746,22.54641914,22.19274902,22.50221062,8738653,0,1,19.58659522,yahoo_bootstrap
2024-06-25,22.59062767,22.59062767,22.23695755,22.36958313,5351942,0,1,19.4711523,yahoo_bootstrap
2024-06-26,22.3253746,22.41379356,22.01591492,22.1485405,7497997,0,1,19.2787502,yahoo_bootstrap
2024-06-27,21.92749786,22.10433197,21.83908081,22.10433197,4405587,0,1,19.24026978,yahoo_bootstrap
2024-06-28,22.10433197,22.41379356,21.92749786,22.19274902,8565970,0,1,19.31723062,yahoo_bootstrap
2024-07-01,22.19274902,22.54641914,22.19274902,22.41379356,8202811,0,1,19.50963438,yahoo_bootstrap
2024-07-02,22.36958313,22.45800018,22.1485405,22.41379356,9739089,0,1,19.50963438,yahoo_bootstrap
2024-07-03,22.45800018,22.94429779,22.41379356,22.45800018,18281357,0,1,19.54811314,yahoo_bootstrap
2024-07-04,22.59062767,22.85587883,22.19274902,22.36958313,14040568,0,1,19.4711523,yahoo_bootstrap
2024-07-05,22.41379356,22.45800018,22.19274902,22.19274902,8225721,0,1,19.31723062,yahoo_bootstrap
2024-07-08,22.23695755,22.45800018,22.06012344,22.3253746,8319398,0,1,19.43267188,yahoo_bootstrap
2024-07-09,22.3253746,22.36958313,21.97170639,21.97170639,15337956,0,1,19.12482852,yahoo_bootstrap
2024-07-10,22.10433197,22.50221062,22.01591492,22.28116608,19756151,0,1,19.39419146,yahoo_bootstrap
2024-07-11,22.36958313,22.45800018,22.1485405,22.1485405,17204243,0,1,19.2787502,yahoo_bootstrap
2024-07-12,22.1485405,22.3253746,22.01591492,22.10433197,20230243,0,1,19.24026978,yahoo_bootstrap
2024-07-15,22.23695755,22.23695755,21.92749786,21.97170639,22413086,0,1,19.12482852,yahoo_bootstrap
2024-07-16,20.64544678,21.08753395,20.60123634,20.86648941,35461774,1.17595,1,19.18987818,yahoo_bootstrap
2024-07-17,20.91069794,21.13174057,20.73386383,21.04332352,25909033,0,1,19.35250377,yahoo_bootstrap
2024-07-18,20.95490646,21.57382774,20.6896553,21.48541069,29013014,0,1,19.75906947,yahoo_bootstrap
2024-07-19,21.39699364,21.44120216,20.82228088,20.82228088,25126206,0,1,19.14922178,yahoo_bootstrap
2024-07-22,20.86648941,20.95490646,20.24756813,20.42440224,23018100,0,1,18.78331248,yahoo_bootstrap
2024-07-23,20.60123634,20.99911499,20.60123634,20.77807236,5647593,0,1,19.10856539,yahoo_bootstrap
2024-07-26,20.46861076,20.51281929,19.98231506,20.24756813,14219794,0,1,18.62068689,yahoo_bootstrap
2024-07-29,20.42440224,21.08753395,20.42440224,20.60123634,10442237,0,1,18.94593805,yahoo_bootstrap
2024-07-30,20.55702972,20.55702972,19.93810654,20.46861076,9688565,0,1,18.82396887,yahoo_bootstrap
2024-07-31,20.33598518,20.73386383,20.24756813,20.6896553,5768948,0,1,19.0272526,yahoo_bootstrap
2024-08-01,20.77807236,20.95490646,20.64544678,20.95490646,5370474,0,1,19.27119097,yahoo_bootstrap
2024-08-02,20.42440224,20.46861076,20.07073212,20.11494255,11123477,0,1,18.49871771,yahoo_bootstrap
2024-08-05,19.49602127,19.49602127,18.12555122,18.16976166,15289155,0,1,16.70983106,yahoo_bootstrap
2024-08-06,18.25817871,18.65605545,17.15296173,17.99292564,11731667,0,1,16.54720372,yahoo_bootstrap
2024-08-07,18.0813427,18.78868294,18.0813427,18.7444725,6585060,0,1,17.23836419,yahoo_bootstrap
2024-08-08,18.39080429,18.78868294,18.30238724,18.61184692,6269845,0,1,17.11639501,yahoo_bootstrap
2024-08-09,18.78868294,19.09814262,18.70026588,18.87709808,6260807,0,1,17.36033338,yahoo_bootstrap
2024-08-12,18.96551704,19.2307682,18.96551704,19.14235115,3455936,0,1,17.60427351,yahoo_bootstrap
2024-08-13,19.2307682,19.2307682,18.83289146,18.87709808,2879424,0,1,17.36033338,yahoo_bootstrap
2024-08-14,19.14235115,19.36339569,19.0539341,19.36339569,5954272,0,1,17.80755724,yahoo_bootstrap
2024-08-15,19.40760231,19.40760231,19.0539341,19.0539341,3221719,0,1,17.52296072,yahoo_bootstrap
2024-08-16,19.36339569,19.67285538,19.27497673,19.40760231,5704252,0,1,17.84821188,yahoo_bootstrap
2024-08-19,19.36339569,19.45181274,19.18655968,19.2307682,3819858,0,1,17.68558629,yahoo_bootstrap
2024-08-20,19.49602127,19.7170639,19.45181274,19.49602127,3176489,0,1,17.92952642,yahoo_bootstrap
2024-08-21,19.58443832,19.58443832,19.27497673,19.45181274,2033824,0,1,17.88887002,yahoo_bootstrap
2024-08-22,19.45181274,19.5402298,19.2307682,19.27497673,2553945,0,1,17.72624269,yahoo_bootstrap
2024-08-23,19.18655968,19.40760231,19.09814262,19.36339569,2108893,0,1,17.80755724,yahoo_bootstrap
2024-08-26,19.45181274,19.84968948,19.45181274,19.67285538,3905145,0,1,18.09215201,yahoo_bootstrap
2024-08-27,19.5402298,19.5402298,19.18655968,19.45181274,3309403,0,1,17.88887002,yahoo_bootstrap
2024-08-28,19.31918526,19.45181274,19.18655968,19.40760231,1935125,0,1,17.84821188,yahoo_bootstrap
2024-08-29,19.27497673,19.40760231,19.14235115,19.40760231,2250485,0,1,17.84821188,yahoo_bootstrap
2024-08-30,19.45181274,19.45181274,19.2307682,19.2307682,3365066,0,1,17.68558629,yahoo_bootstrap
2024-09-02,19.27497673,19.40760231,19.18655968,19.27497673,2169552,0,1,17.72624269,yahoo_bootstrap
2024-09-03,19.27497673,19.40760231,19.09814262,19.27497673,3120363,0,1,17.72624269,yahoo_bootstrap
2024-09-04,18.5676384,18.92130852,18.03713417,18.52342987,7572529,0,1,17.03508222,yahoo_bootstrap
2024-09-05,18.78868294,18.96551704,18.65605545,18.70026588,2652869,0,1,17.19770955,yahoo_bootstrap
2024-09-06,18.65605545,18.96551704,18.39080429,18.87709808,4215904,0,1,17.36033338,yahoo_bootstrap
2024-09-09,18.34659576,18.83289146,18.25817871,18.78868294,4928229,0,1,17.27902235,yahoo_bootstrap
2024-09-10,18.96551704,19.00972557,18.52342987,18.52342987,2974297,0,1,17.03508222,yahoo_bootstrap
2024-09-11,18.52342987,18.52342987,18.25817871,18.25817871,4769302,0,1,16.79114385,yahoo_bootstrap
2024-09-12,18.5676384,18.65605545,18.39080429,18.5676384,5073979,0,1,17.07573862,yahoo_bootstrap
2024-09-13,18.5676384,18.7444725,18.43501282,18.61184692,4988185,0,1,17.11639501,yahoo_bootstrap
2024-09-16,18.7444725,18.7444725,18.30238724,18.39080429,7770095,0,1,16.91311303,yahoo_bootstrap
2024-09-18,18.43501282,18.47922134,18.12555122,18.16976166,6672194,0,1,16.70983106,yahoo_bootstrap
2024-09-19,18.25817871,18.47922134,18.21396828,18.47922134,5429563,0,1,16.99442582,yahoo_bootstrap
2024-09-20,18.61184692,18.92130852,18.39080429,18.92130852,9131477,0,1,17.40099153,yahoo_bootstrap
2024-09-23,18.83289146,18.83289146,18.52342987,18.7444725,8127885,0,1,17.23836419,yahoo_bootstrap
2024-09-24,18.70026588,18.78868294,18.52342987,18.65605545,5874952,0,1,17.1570514,yahoo_bootstrap
2024-09-25,18.83289146,18.96551704,18.65605545,18.7444725,6472854,0,1,17.23836419,yahoo_bootstrap
2024-09-26,18.83289146,19.0539341,18.7444725,19.00972557,5544391,0,1,17.48230432,yahoo_bootstrap
2024-09-27,19.14235115,19.14235115,18.96551704,19.14235115,3298929,0,1,17.60427351,yahoo_bootstrap
2024-09-30,19.14235115,19.27497673,18.96551704,19.14235115,4564587,0,1,17.60427351,yahoo_bootstrap
2024-10-01,19.18655968,19.27497673,19.00972557,19.27497673,3457644,0,1,17.72624269,yahoo_bootstrap
2024-10-04,19.09814262,19.2307682,18.96551704,19.2307682,3683160,0,1,17.68558629,yahoo_bootstrap
2024-10-07,19.27497673,19.49602127,19.09814262,19.36339569,3995670,0,1,17.80755724,yahoo_bootstrap
2024-10-08,19.18655968,19.27497673,18.83289146,19.0539341,5022688,0,1,17.52296072,yahoo_bootstrap
2024-10-09,19.18655968,19.18655968,18.83289146,18.83289146,4101841,0,1,17.31967874,yahoo_bootstrap
2024-10-11,19.0539341,19.09814262,18.87709808,18.96551704,1667797,0,1,17.44164792,yahoo_bootstrap
2024-10-14,19.09814262,19.27497673,19.0539341,19.27497673,3228067,0,1,17.72624269,yahoo_bootstrap
2024-10-15,19.31918526,19.84968948,19.2307682,19.84968948,7388934,0,1,18.25477758,yahoo_bootstrap
2024-10-16,19.7170639,19.76127243,19.49602127,19.62864685,10269394,0,1,18.05149561,yahoo_bootstrap
2024-10-17,19.58443832,19.80548096,19.58443832,19.7170639,1549114,0,1,18.13280839,yahoo_bootstrap
2024-10-18,19.89389992,19.93810654,19.7170639,19.80548096,2493508,0,1,18.21412119,yahoo_bootstrap
2024-10-21,19.98231506,20.15915108,19.80548096,20.11494255,4528208,0,1,18.49871771,yahoo_bootstrap
2024-10-22,20.07073212,20.24756813,19.93810654,20.24756813,5282915,0,1,18.62068689,yahoo_bootstrap
2024-10-23,20.15915108,20.15915108,19.7170639,19.80548096,4952568,0,1,18.21412119,yahoo_bootstrap
2024-10-24,19.67285538,19.80548096,19.62864685,19.67285538,2112727,0,1,18.09215201,yahoo_bootstrap
2024-10-25,19.80548096,19.84968948,19.5402298,19.7170639,3005193,0,1,18.13280839,yahoo_bootstrap
2024-10-28,19.84968948,19.84968948,19.5402298,19.62864685,2839055,0,1,18.05149561,yahoo_bootstrap
2024-10-29,19.5402298,19.58443832,19.31918526,19.45181274,3756401,0,1,17.88887002,yahoo_bootstrap
2024-10-30,19.49602127,19.7170639,19.36339569,19.7170639,2640206,0,1,18.13280839,yahoo_bootstrap
2024-11-01,19.5402298,19.62864685,19.27497673,19.5402298,5467949,0,1,17.97018282,yahoo_bootstrap
2024-11-04,19.49602127,19.76127243,19.36339569,19.58443832,2874140,0,1,18.01083921,yahoo_bootstrap
2024-11-05,19.58443832,19.62864685,19.36339569,19.36339569,3843585,0,1,17.80755724,yahoo_bootstrap
2024-11-06,19.5402298,19.58443832,19.31918526,19.36339569,2717323,0,1,17.80755724,yahoo_bootstrap
2024-11-07,19.36339569,19.7170639,19.36339569,19.67285538,3655940,0,1,18.09215201,yahoo_bootstrap
2024-11-08,19.7170639,19.84968948,19.40760231,19.67285538,5018062,0,1,18.09215201,yahoo_bootstrap
2024-11-11,19.67285538,19.7170639,19.45181274,19.7170639,1939428,0,1,18.13280839,yahoo_bootstrap
2024-11-12,19.49602127,19.5402298,19.31918526,19.45181274,5382380,0,1,17.88887002,yahoo_bootstrap
2024-11-13,19.45181274,19.49602127,19.2307682,19.49602127,2945915,0,1,17.92952642,yahoo_bootstrap
2024-11-14,19.36339569,19.45181274,19.14235115,19.27497673,4329177,0,1,17.72624269,yahoo_bootstrap
2024-11-15,19.36339569,19.58443832,19.31918526,19.36339569,3286799,0,1,17.80755724,yahoo_bootstrap
2024-11-18,19.36339569,19.40760231,19.00972557,19.00972557,5084505,0,1,17.48230432,yahoo_bootstrap
2024-11-19,19.00972557,19.09814262,18.92130852,19.0539341,4653615,0,1,17.52296072,yahoo_bootstrap
2024-11-20,19.0539341,19.2307682,19.0539341,19.09814262,4102068,0,1,17.56361711,yahoo_bootstrap
2024-11-21,19.00972557,19.18655968,18.96551704,19.09814262,4283309,0,1,17.56361711,yahoo_bootstrap
2024-11-22,19.14235115,19.40760231,19.14235115,19.27497673,3782981,0,1,17.72624269,yahoo_bootstrap
2024-11-25,19.45181274,19.45181274,18.96551704,18.96551704,10197015,0,1,17.44164792,yahoo_bootstrap
2024-11-26,19.14235115,19.2307682,18.87709808,19.18655968,3999033,0,1,17.6449299,yahoo_bootstrap
2024-11-27,19.2307682,19.40760231,19.18655968,19.27497673,5607285,0,1,17.72624269,yahoo_bootstrap
2024-11-28,19.40760231,19.84968948,19.27497673,19.84968948,9808183,0,1,18.25477758,yahoo_bootstrap
2024-11-29,19.80548096,20.2033596,19.45181274,20.2033596,10646394,0,1,18.5800305,yahoo_bootstrap
2024-12-02,20.2033596,20.95490646,20.2033596,20.95490646,20282927,0,1,19.27119097,yahoo_bootstrap
2024-12-03,21.04332352,21.08753395,20.82228088,20.99911499,9606988,0,1,19.31184737,yahoo_bootstrap
2024-12-04,20.95490646,21.08753395,20.6896553,20.82228088,7099332,0,1,19.14922178,yahoo_bootstrap
2024-12-05,20.82228088,20.95490646,20.6896553,20.77807236,4955302,0,1,19.10856539,yahoo_bootstrap
2024-12-06,20.77807236,20.95490646,20.51281929,20.77807236,4568369,0,1,19.10856539,yahoo_bootstrap
2024-12-09,20.95490646,20.99911499,20.77807236,20.95490646,3659698,0,1,19.27119097,yahoo_bootstrap
2024-12-10,20.99911499,21.13174057,20.95490646,21.04332352,5753123,0,1,19.35250377,yahoo_bootstrap
2024-12-11,20.95490646,21.26436615,20.91069794,21.13174057,6855669,0,1,19.43381655,yahoo_bootstrap
2024-12-12,21.1759491,21.30857658,20.95490646,21.04332352,5572380,0,1,19.35250377,yahoo_bootstrap
2024-12-13,20.99911499,20.99911499,20.60123634,20.86648941,7414794,0,1,19.18987818,yahoo_bootstrap
2024-12-16,21.04332352,21.26436615,20.77807236,20.86648941,9568387,0,1,19.18987818,yahoo_bootstrap
2024-12-17,20.91069794,20.91069794,20.55702972,20.91069794,9036359,0,1,19.23053458,yahoo_bootstrap
2024-12-18,20.77807236,21.22015953,20.73386383,21.22015953,16862634,0,1,19.5151311,yahoo_bootstrap
2024-12-19,20.91069794,21.35278511,20.86648941,21.30857658,19995738,0,1,19.59644388,yahoo_bootstrap
2024-12-20,21.22015953,21.26436615,20.73386383,20.95490646,22083570,0,1,19.27119097,yahoo_bootstrap
2024-12-23,21.13174057,21.6622448,20.95490646,21.6622448,21284706,0,1,19.92169505,yahoo_bootstrap
2024-12-24,21.61803627,21.88328934,21.22015953,21.88328934,19257757,0,1,20.12497878,yahoo_bootstrap
2024-12-25,21.83908081,22.10433197,21.52961922,22.10433197,20346381,0,1,20.32826076,yahoo_bootstrap
2024-12-26,21.97170639,22.28116608,21.61803627,22.28116608,19132321,0,1,20.49088634,yahoo_bootstrap
2024-12-27,22.1485405,22.76746178,21.88328934,22.67904472,28463774,0,1,20.85679564,yahoo_bootstrap
2024-12-30,22.59062767,23.297966,22.36958313,23.1211319,28113965,0,1,21.26336136,yahoo_bootstrap
2024-12-31,22.98850441,23.03271484,21.79487038,21.79487038,22126731,0,1,20.04366424,yahoo_bootstrap
2025-01-02,21.97170639,23.1211319,21.35278511,22.98850441,33202224,0,1,21.14139041,yahoo_bootstrap
2025-01-03,22.85587883,23.43059158,22.45800018,23.34217453,31211572,0,1,21.46664333,yahoo_bootstrap
2025-01-06,23.25375748,24.31476593,22.94429779,24.09372139,38917771,0,1,22.1578038,yahoo_bootstrap
2025-01-07,23.96109581,24.66843414,23.7842617,24.62422562,29827770,0,1,22.6456823,yahoo_bootstrap
2025-01-08,24.40318298,25.41998291,24.31476593,25.37577248,34343513,0,1,23.33684278,yahoo_bootstrap
2025-01-09,25.15472984,25.41998291,23.20954895,23.56321716,21934270,0,1,21.6699253,yahoo_bootstrap
2025-01-10,23.56321716,24.66843414,23.03271484,24.58001709,22102678,0,1,22.6050259,yahoo_bootstrap
2025-01-13,24.40318298,24.93368721,23.69584465,24.66843414,23148130,0,1,22.68633869,yahoo_bootstrap
2025-01-14,24.53580856,25.15472984,24.35897446,24.97789574,15448929,0,1,22.97093522,yahoo_bootstrap
2025-01-15,24.84526825,24.93368721,23.1211319,23.1211319,14027111,0,1,21.26336136,yahoo_bootstrap
2025-01-16,23.43059158,23.6074276,22.50221062,22.59062767,12539470,0,1,20.77548286,yahoo_bootstrap
2025-01-17,22.59062767,22.6348362,22.19274902,22.45800018,4468765,0,1,20.65351191,yahoo_bootstrap
2025-01-20,22.45800018,22.50221062,22.19274902,22.19274902,4830503,0,1,20.40957354,yahoo_bootstrap
2025-01-21,22.10433197,23.03271484,22.10433197,22.72325325,4847916,0,1,20.89745204,yahoo_bootstrap
2025-01-22,22.72325325,22.98850441,22.6348362,22.85587883,5657004,0,1,21.01942123,yahoo_bootstrap
2025-02-03,22.67904472,23.297966,22.59062767,22.98850441,5963541,0,1,21.14139041,yahoo_bootstrap
2025-02-04,23.16534042,23.16534042,22.45800018,22.50221062,5169485,0,1,20.69417007,yahoo_bootstrap
2025-02-05,22.54641914,22.85587883,22.54641914,22.67904472,2536407,0,1,20.85679564,yahoo_bootstrap
2025-02-06,22.76746178,23.51900864,22.72325325,23.43059158,6436508,0,1,21.54795612,yahoo_bootstrap
2025-02-07,23.43059158,23.65163422,23.07692337,23.1211319,2572378,0,1,21.26336136,yahoo_bootstrap
2025-02-10,22.90008736,23.20954895,22.90008736,23.03271484,2106513,0,1,21.18204856,yahoo_bootstrap
2025-02-11,23.297966,23.34217453,22.98850441,23.16534042,2079763,0,1,21.30401775,yahoo_bootstrap
2025-02-12,23.16534042,23.20954895,22.90008736,22.90008736,3386764,0,1,21.06007763,yahoo_bootstrap
2025-02-13,22.90008736,23.47480011,22.90008736,23.43059158,3763023,0,1,21.54795612,yahoo_bootstrap
2025-02-14,23.43059158,23.69584465,23.20954895,23.47480011,4413611,0,1,21.58861252,yahoo_bootstrap
2025-02-17,23.51900864,24.22634888,23.43059158,23.74005318,7042380,0,1,21.83255264,yahoo_bootstrap
2025-02-18,23.82847023,24.22634888,23.69584465,24.22634888,4358179,0,1,22.27977475,yahoo_bootstrap
2025-02-19,24.13793182,24.71264267,24.00530434,24.66843414,6504290,0,1,22.68633869,yahoo_bootstrap
2025-02-20,24.58001709,24.62422562,24.13793182,24.22634888,3083639,0,1,22.27977475,yahoo_bootstrap
2025-02-21,24.18213844,24.58001709,24.18213844,24.58001709,2834083,0,1,22.6050259,yahoo_bootstrap
2025-02-24,24.40318298,24.80106163,24.40318298,24.58001709,2270690,0,1,22.6050259,yahoo_bootstrap
2025-02-25,24.2705574,24.35897446,24.13793182,24.31476593,2536598,0,1,22.36108753,yahoo_bootstrap
2025-02-26,24.31476593,24.31476593,23.87267876,24.18213844,4784073,0,1,22.23911659,yahoo_bootstrap
2025-02-27,24.09372139,24.22634888,23.7842617,23.96109581,3401800,0,1,22.03583462,yahoo_bootstrap
2025-03-03,23.69584465,23.96109581,23.56321716,23.7842617,4654828,0,1,21.87320903,yahoo_bootstrap
2025-03-04,23.47480011,23.82847023,23.34217453,23.82847023,3390029,0,1,21.91386543,yahoo_bootstrap
2025-03-05,23.82847023,24.13793182,23.65163422,24.09372139,3780472,0,1,22.1578038,yahoo_bootstrap
2025-03-06,24.09372139,24.2705574,23.87267876,23.96109581,2798899,0,1,22.03583462,yahoo_bootstrap
2025-03-07,23.87267876,24.09372139,23.65163422,23.96109581,3357736,0,1,22.03583462,yahoo_bootstrap
2025-03-10,23.82847023,24.22634888,23.51900864,23.96109581,5865053,0,1,22.03583462,yahoo_bootstrap
2025-03-11,23.6074276,23.91688728,23.25375748,23.87267876,5475297,0,1,21.95452183,yahoo_bootstrap
2025-03-12,23.87267876,24.18213844,23.69584465,24.18213844,5266900,0,1,22.23911659,yahoo_bootstrap
2025-03-13,24.22634888,24.40318298,23.96109581,24.09372139,6126500,0,1,22.1578038,yahoo_bootstrap
2025-03-14,24.18213844,24.62422562,23.74005318,24.62422562,10876987,0,1,22.6456823,yahoo_bootstrap
2025-03-17,24.44739151,24.58001709,24.04951286,24.44739151,8261788,0,1,22.48305672,yahoo_bootstrap
2025-03-18,24.44739151,24.62422562,24.09372139,24.44739151,9015444,0,1,22.48305672,yahoo_bootstrap
2025-03-19,24.53580856,24.58001709,23.43059158,23.43059158,9348040,0,1,21.54795612,yahoo_bootstrap
2025-03-20,23.69584465,24.04951286,23.56321716,23.56321716,4827961,0,1,21.6699253,yahoo_bootstrap
2025-03-21,23.69584465,23.7842617,23.34217453,23.34217453,9891424,0,1,21.46664333,yahoo_bootstrap
2025-03-24,23.34217453,23.7842617,23.34217453,23.47480011,4484528,0,1,21.58861252,yahoo_bootstrap
2025-03-25,23.69584465,23.7842617,23.43059158,23.51900864,1439979,0,1,21.62926891,yahoo_bootstrap
2025-03-26,23.65163422,23.82847023,23.56321716,23.74005318,2434411,0,1,21.83255264,yahoo_bootstrap
2025-03-27,23.65163422,23.65163422,23.34217453,23.38638306,2468922,0,1,21.50729973,yahoo_bootstrap
2025-03-28,23.38638306,23.38638306,22.98850441,22.98850441,3715064,0,1,21.14139041,yahoo_bootstrap
2025-03-31,22.54641914,22.8116703,22.3253746,22.41379356,5596976,0,1,20.61285727,yahoo_bootstrap
2025-04-01,22.50221062,22.8116703,22.45800018,22.72325325,3293458,0,1,20.89745204,yahoo_bootstrap
2025-04-02,22.72325325,23.03271484,22.54641914,22.8116703,2654524,0,1,20.97876483,yahoo_bootstrap
2025-04-07,20.55702972,20.55702972,20.55702972,20.55702972,1455003,0,1,18.90528341,yahoo_bootstrap
2025-04-08,20.55702972,20.55702972,19.45181274,19.98231506,8451230,0,1,18.37674677,yahoo_bootstrap
2025-04-09,19.45181274,19.98231506,18.12555122,18.12555122,9768735,0,1,16.6691729,yahoo_bootstrap
2025-04-10,19.93810654,19.93810654,19.93810654,19.93810654,1327443,0,1,18.33609038,yahoo_bootstrap
2025-04-11,19.49602127,21.13174057,19.09814262,20.99911499,7257033,0,1,19.31184737,yahoo_bootstrap
2025-04-14,20.99911499,21.48541069,20.91069794,20.95490646,5038972,0,1,19.27119097,yahoo_bootstrap
2025-04-15,20.95490646,22.10433197,20.95490646,22.10433197,3968909,0,1,20.32826076,yahoo_bootstrap
2025-04-16,21.97170639,22.45800018,21.79487038,22.23695755,5291006,0,1,20.45022994,yahoo_bootstrap
2025-04-17,22.19274902,22.19274902,21.61803627,21.6622448,5509209,0,1,19.92169505,yahoo_bootstrap
2025-04-18,21.6622448,22.8116703,21.61803627,22.54641914,11074957,0,1,20.73482646,yahoo_bootstrap
2025-04-21,22.36958313,22.90008736,22.1485405,22.90008736,13484095,0,1,21.06007763,yahoo_bootstrap
2025-04-22,22.41379356,22.94429779,22.28116608,22.8116703,12735006,0,1,20.97876483,yahoo_bootstrap
2025-04-23,22.98850441,23.69584465,22.94429779,23.56321716,11139475,0,1,21.6699253,yahoo_bootstrap
2025-04-24,23.38638306,23.87267876,23.38638306,23.82847023,9825191,0,1,21.91386543,yahoo_bootstrap
2025-04-25,23.87267876,24.00530434,23.51900864,23.7842617,3635032,0,1,21.87320903,yahoo_bootstrap
2025-04-28,23.6074276,23.74005318,23.03271484,23.297966,3105477,0,1,21.42598693,yahoo_bootstrap
2025-04-29,23.34217453,23.43059158,23.16534042,23.43059158,2546826,0,1,21.54795612,yahoo_bootstrap
2025-04-30,23.38638306,23.38638306,22.90008736,22.90008736,3655155,0,1,21.06007763,yahoo_bootstrap
2025-05-02,22.90008736,23.07692337,22.72325325,22.94429779,2056905,0,1,21.10073577,yahoo_bootstrap
2025-05-05,22.94429779,23.34217453,22.8116703,22.8116703,2967392,0,1,20.97876483,yahoo_bootstrap
2025-05-06,23.07692337,23.6074276,22.98850441,23.6074276,5382849,0,1,21.71058346,yahoo_bootstrap
2025-05-07,23.51900864,23.96109581,23.38638306,23.82847023,7321179,0,1,21.91386543,yahoo_bootstrap
2025-05-08,23.6074276,23.74005318,23.43059158,23.74005318,4911986,0,1,21.83255264,yahoo_bootstrap
2025-05-09,23.56321716,23.82847023,23.51900864,23.7842617,2391399,0,1,21.87320903,yahoo_bootstrap
2025-05-12,23.96109581,23.96109581,23.74005318,23.91688728,2713615,0,1,21.99517822,yahoo_bootstrap
2025-05-13,23.87267876,23.96109581,23.47480011,23.47480011,2426534,0,1,21.58861252,yahoo_bootstrap
2025-05-14,23.74005318,23.7842617,23.43059158,23.47480011,2418248,0,1,21.58861252,yahoo_bootstrap
2025-05-15,23.43059158,23.7842617,23.43059158,23.6074276,2102981,0,1,21.71058346,yahoo_bootstrap
2025-05-16,23.65163422,23.69584465,23.297966,23.297966,2320987,0,1,21.42598693,yahoo_bootstrap
2025-05-19,23.34217453,23.38638306,22.90008736,22.90008736,2387344,0,1,21.06007763,yahoo_bootstrap
2025-05-20,22.98850441,23.03271484,22.72325325,22.76746178,3629826,0,1,20.93810844,yahoo_bootstrap
2025-05-21,22.67904472,23.07692337,22.59062767,22.85587883,2378322,0,1,21.01942123,yahoo_bootstrap
2025-05-22,22.85587883,22.94429779,22.6348362,22.67904472,2782361,0,1,20.85679564,yahoo_bootstrap
2025-05-23,22.67904472,22.85587883,22.54641914,22.67904472,2440988,0,1,20.85679564,yahoo_bootstrap
2025-05-26,22.67904472,22.72325325,22.06012344,22.10433197,4815588,0,1,20.32826076,yahoo_bootstrap
2025-05-27,22.10433197,22.3253746,22.01591492,22.19274902,1983192,0,1,20.40957354,yahoo_bootstrap
2025-05-28,22.23695755,22.36958313,22.06012344,22.28116608,2124498,0,1,20.49088634,yahoo_bootstrap
2025-05-29,22.41379356,22.45800018,22.06012344,22.06012344,3478538,0,1,20.28760436,yahoo_bootstrap
2025-06-02,21.97170639,22.10433197,21.35278511,21.57382774,4945596,0,1,19.84038226,yahoo_bootstrap
2025-06-03,21.61803627,21.70645332,21.26436615,21.39699364,6166783,0,1,19.67775668,yahoo_bootstrap
2025-06-04,21.57382774,21.75066376,20.95490646,21.39699364,32866798,0,1,19.67775668,yahoo_bootstrap
2025-06-05,21.39699364,21.48541069,20.42440224,20.64544678,30355586,0,1,18.98659621,yahoo_bootstrap
2025-06-06,20.60123634,20.86648941,20.11494255,20.33598518,36141361,0,1,18.70199968,yahoo_bootstrap
2025-06-09,20.33598518,20.42440224,19.98231506,20.24756813,31219052,0,1,18.62068689,yahoo_bootstrap
2025-06-10,20.24756813,20.77807236,20.24756813,20.73386383,34461435,0,1,19.067909,yahoo_bootstrap
2025-06-11,20.82228088,20.91069794,20.38019371,20.60123634,30172502,0,1,18.94593805,yahoo_bootstrap
2025-06-12,20.64544678,20.64544678,20.15915108,20.33598518,34931342,0,1,18.70199968,yahoo_bootstrap
2025-06-13,20.2033596,20.29177666,19.67285538,19.67285538,35672444,0,1,18.09215201,yahoo_bootstrap
2025-06-16,19.67285538,19.7170639,19.45181274,19.5402298,18696229,0,1,17.97018282,yahoo_bootstrap
2025-06-17,18.43501282,18.78868294,17.99292564,18.47922134,34915397,1.32626,1,18.23188407,yahoo_bootstrap
2025-06-18,18.39080429,18.39080429,17.99292564,17.99292564,20423507,0,1,17.75209725,yahoo_bootstrap
2025-06-19,17.99292564,18.0813427,17.77188301,17.81609154,13435687,0,1,17.57763001,yahoo_bootstrap
2025-06-20,17.77188301,17.86030006,17.46242142,17.55083847,30204312,0,1,17.31592725,yahoo_bootstrap
2025-06-23,17.37400436,17.55083847,17.1087532,17.55083847,10709269,0,1,17.31592725,yahoo_bootstrap
2025-06-24,17.63925743,18.03713417,17.63925743,17.63925743,13811051,0,1,17.40316275,yahoo_bootstrap
2025-06-25,17.81609154,17.90450859,17.5950489,17.63925743,13317924,0,1,17.40316275,yahoo_bootstrap
2025-06-26,17.72767448,17.94871712,17.72767448,17.81609154,11528054,0,1,17.57763001,yahoo_bootstrap
2025-06-27,17.90450859,18.16976166,17.63925743,17.63925743,19291736,0,1,17.40316275,yahoo_bootstrap
2025-06-30,17.68346405,17.77188301,17.32979584,17.32979584,11012411,0,1,17.09784319,yahoo_bootstrap
2025-07-01,17.32979584,18.39080429,17.32979584,18.12555122,20421455,0,1,17.88294769,yahoo_bootstrap
2025-07-02,18.12555122,18.12555122,17.63925743,17.68346405,14187788,0,1,17.44677768,yahoo_bootstrap
2025-07-03,17.72767448,17.86030006,17.68346405,17.68346405,9720508,0,1,17.44677768,yahoo_bootstrap
2025-07-04,17.68346405,17.77188301,17.46242142,17.46242142,10544724,0,1,17.22869363,yahoo_bootstrap
2025-07-07,17.46242142,17.50663185,17.28558731,17.32979584,10806718,0,1,17.09784319,yahoo_bootstrap
2025-07-08,17.41821289,17.63925743,17.32979584,17.50663185,6154836,0,1,17.27231232,yahoo_bootstrap
2025-07-09,17.5950489,17.86030006,17.5950489,17.72767448,6759341,0,1,17.49039638,yahoo_bootstrap
2025-07-10,17.72767448,17.81609154,17.68346405,17.72767448,4749384,0,1,17.49039638,yahoo_bootstrap
2025-07-11,17.77188301,18.39080429,17.77188301,18.30238724,13111367,0,1,18.05741683,yahoo_bootstrap
2025-07-14,18.30238724,18.43501282,18.12555122,18.16976166,6767353,0,1,17.92656639,yahoo_bootstrap
2025-07-15,18.16976166,18.21396828,17.94871712,18.03713417,5340517,0,1,17.79571407,yahoo_bootstrap
2025-07-16,18.03713417,18.21396828,17.94871712,18.21396828,11352757,0,1,17.97018132,yahoo_bootstrap
2025-07-17,18.25817871,18.52342987,18.16976166,18.34659576,12119513,0,1,18.10103363,yahoo_bootstrap
2025-07-18,18.47922134,18.52342987,18.25817871,18.30238724,9917725,0,1,18.05741683,yahoo_bootstrap
2025-07-21,18.30238724,18.43501282,18.25817871,18.25817871,9362623,0,1,18.01380001,yahoo_bootstrap
2025-07-22,18.34659576,18.47922134,18.0813427,18.0813427,12176729,0,1,17.83933088,yahoo_bootstrap
2025-07-23,18.12555122,18.52342987,18.12555122,18.39080429,7680113,0,1,18.14465045,yahoo_bootstrap
2025-07-24,18.39080429,18.47922134,17.99292564,18.03713417,10745629,0,1,17.79571407,yahoo_bootstrap
2025-07-25,17.99292564,18.0813427,17.94871712,18.03713417,3399410,0,1,17.79571407,yahoo_bootstrap
2025-07-28,18.16976166,18.16976166,17.94871712,17.94871712,5074835,0,1,17.70848044,yahoo_bootstrap
2025-07-29,18.0813427,18.0813427,17.77188301,17.81609154,5168544,0,1,17.57763001,yahoo_bootstrap
2025-07-30,17.81609154,18.03713417,17.77188301,17.99292564,3094247,0,1,17.75209725,yahoo_bootstrap
2025-07-31,17.99292564,18.03713417,17.81609154,17.94871712,3121028,0,1,17.70848044,yahoo_bootstrap
2025-08-04,18.03713417,18.47922134,18.03713417,18.39080429,9426622,0,1,18.14465045,yahoo_bootstrap
2025-08-05,18.47922134,18.52342987,18.34659576,18.52342987,4804102,0,1,18.27550089,yahoo_bootstrap
2025-08-06,18.52342987,18.7444725,18.47922134,18.61184692,6719343,0,1,18.36273451,yahoo_bootstrap
2025-08-07,18.7444725,18.83289146,18.61184692,18.83289146,5317372,0,1,18.58082045,yahoo_bootstrap
2025-08-08,18.92130852,19.14235115,18.70026588,18.78868294,10636210,0,1,18.53720365,yahoo_bootstrap
2025-08-11,18.78868294,19.00972557,18.65605545,18.92130852,5242965,0,1,18.66805408,yahoo_bootstrap
2025-08-12,18.92130852,19.14235115,18.92130852,19.00972557,5077348,0,1,18.7552877,yahoo_bootstrap
2025-08-13,19.09814262,19.14235115,18.83289146,18.96551704,5702964,0,1,18.71167089,yahoo_bootstrap
2025-08-14,19.00972557,19.45181274,19.00972557,19.31918526,9787388,0,1,19.0606054,yahoo_bootstrap
2025-08-15,19.36339569,19.58443832,19.2307682,19.58443832,6130984,0,1,19.32230815,yahoo_bootstrap
2025-08-18,19.58443832,19.67285538,19.49602127,19.62864685,3786051,0,1,19.36592496,yahoo_bootstrap
2025-08-19,19.5402298,19.62864685,19.45181274,19.58443832,3366256,0,1,19.32230815,yahoo_bootstrap
2025-08-20,19.45181274,19.62864685,19.09814262,19.14235115,8534108,0,1,18.88613814,yahoo_bootstrap
2025-08-21,19.18655968,19.40760231,19.18655968,19.31918526,3083025,0,1,19.0606054,yahoo_bootstrap
2025-08-22,19.27497673,19.31918526,19.09814262,19.09814262,3826781,0,1,18.84252133,yahoo_bootstrap
2025-08-25,19.31918526,19.40760231,19.18655968,19.36339569,3045481,0,1,19.10422409,yahoo_bootstrap
2025-08-26,19.36339569,19.40760231,19.09814262,19.09814262,3904042,0,1,18.84252133,yahoo_bootstrap
2025-08-27,19.18655968,19.45181274,19.14235115,19.27497673,5547604,0,1,19.01698858,yahoo_bootstrap
2025-08-28,19.27497673,19.5402298,19.18655968,19.27497673,4666503,0,1,19.01698858,yahoo_bootstrap
2025-08-29,19.45181274,19.45181274,19.2307682,19.27497673,7878396,0,1,19.01698858,yahoo_bootstrap
2025-09-01,19.18655968,19.36339569,19.00972557,19.09814262,6399645,0,1,18.84252133,yahoo_bootstrap
2025-09-02,19.14235115,19.40760231,19.14235115,19.31918526,5331424,0,1,19.0606054,yahoo_bootstrap
2025-09-03,19.31918526,19.5402298,19.31918526,19.49602127,4899401,0,1,19.23507452,yahoo_bootstrap
2025-09-04,19.49602127,19.84968948,19.49602127,19.80548096,6437672,0,1,19.54039221,yahoo_bootstrap
2025-09-05,19.93810654,20.0265255,19.76127243,19.93810654,5810929,0,1,19.67124265,yahoo_bootstrap
2025-09-08,19.93810654,20.07073212,19.89389992,19.89389992,4433801,0,1,19.62762772,yahoo_bootstrap
2025-09-09,20.07073212,20.42440224,20.0265255,20.38019371,10012264,0,1,20.10741266,yahoo_bootstrap
2025-09-10,20.55702972,21.04332352,20.51281929,20.95490646,12105784,0,1,20.6744331,yahoo_bootstrap
2025-09-11,21.08753395,21.30857658,20.77807236,21.04332352,14432106,0,1,20.76166673,yahoo_bootstrap
2025-09-12,21.1759491,21.79487038,21.08753395,21.70645332,12085377,0,1,21.41592079,yahoo_bootstrap
2025-09-15,21.70645332,21.75066376,21.52961922,21.61803627,6132631,0,1,21.32868717,yahoo_bootstrap
2025-09-16,21.61803627,21.61803627,21.13174057,21.13174057,10162940,0,1,20.84890035,yahoo_bootstrap
2025-09-17,21.08753395,21.13174057,20.55702972,20.64544678,10804193,0,1,20.36911542,yahoo_bootstrap
2025-09-18,20.82228088,21.08753395,20.77807236,21.04332352,5328828,0,1,20.76166673,yahoo_bootstrap
2025-09-19,21.04332352,21.08753395,20.82228088,20.86648941,5939296,0,1,20.58719947,yahoo_bootstrap
2025-09-22,20.91069794,21.22015953,20.86648941,21.1759491,4488044,0,1,20.89251717,yahoo_bootstrap
2025-09-23,21.22015953,21.39699364,21.13174057,21.22015953,4648622,0,1,20.93613586,yahoo_bootstrap
2025-09-24,21.39699364,21.6622448,21.35278511,21.48541069,7433590,0,1,21.19783673,yahoo_bootstrap
2025-09-25,21.52961922,21.61803627,21.30857658,21.57382774,6622115,0,1,21.28507035,yahoo_bootstrap
2025-09-26,21.48541069,21.52961922,21.08753395,21.52961922,8182240,0,1,21.24145355,yahoo_bootstrap
2025-09-30,21.61803627,21.97170639,21.57382774,21.79487038,5729000,0,1,21.50315442,yahoo_bootstrap
2025-10-01,21.92749786,21.92749786,21.52961922,21.6622448,6387872,0,1,21.37230398,yahoo_bootstrap
2025-10-02,21.79487038,21.92749786,21.6622448,21.79487038,7507036,0,1,21.50315442,yahoo_bootstrap
2025-10-03,21.88328934,22.54641914,21.79487038,22.3253746,11795750,0,1,22.02655805,yahoo_bootstrap
2025-10-07,22.54641914,22.98850441,22.50221062,22.59062767,12458965,0,1,22.28826081,yahoo_bootstrap
2025-10-08,22.23695755,22.67904472,22.19274902,22.41379356,6390701,0,1,22.11379355,yahoo_bootstrap
2025-10-09,22.54641914,22.6348362,22.1485405,22.19274902,7096823,0,1,21.89570761,yahoo_bootstrap
2025-10-13,21.70645332,22.1485405,21.57382774,22.01591492,8461401,0,1,21.72124037,yahoo_bootstrap
2025-10-14,22.10433197,22.3253746,21.61803627,21.6622448,8414485,0,1,21.37230398,yahoo_bootstrap
2025-10-15,21.70645332,21.75066376,21.35278511,21.70645332,7293489,0,1,21.41592079,yahoo_bootstrap
2025-10-16,21.79487038,22.01591492,21.75066376,21.88328934,4839717,0,1,21.59038993,yahoo_bootstrap
2025-10-17,21.75066376,22.01591492,21.75066376,21.97170639,5027152,0,1,21.67762355,yahoo_bootstrap
2025-10-20,21.97170639,22.23695755,21.61803627,22.19274902,9698686,0,1,21.89570761,yahoo_bootstrap
2025-10-21,22.10433197,22.41379356,22.10433197,22.23695755,6478211,0,1,21.93932443,yahoo_bootstrap
2025-10-22,22.19274902,22.41379356,22.1485405,22.3253746,5325202,0,1,22.02655805,yahoo_bootstrap
2025-10-23,22.19274902,22.19274902,21.92749786,22.1485405,6033160,0,1,21.8520908,yahoo_bootstrap
2025-10-27,22.36958313,22.41379356,22.06012344,22.36958313,6320742,0,1,22.07017486,yahoo_bootstrap
2025-10-28,22.36958313,22.45800018,22.23695755,22.23695755,2960291,0,1,21.93932443,yahoo_bootstrap
2025-10-29,22.28116608,22.45800018,22.19274902,22.19274902,3562830,0,1,21.89570761,yahoo_bootstrap
2025-10-30,22.1485405,22.23695755,21.57382774,21.79487038,9613082,0,1,21.50315442,yahoo_bootstrap
2025-10-31,21.79487038,21.88328934,21.44120216,21.61803627,5440882,0,1,21.32868717,yahoo_bootstrap
2025-11-03,21.70645332,21.79487038,21.57382774,21.6622448,2868904,0,1,21.37230398,yahoo_bootstrap
2025-11-04,21.75066376,22.01591492,21.52961922,21.57382774,3464357,0,1,21.28507035,yahoo_bootstrap
2025-11-05,21.48541069,21.48541069,21.22015953,21.30857658,6112520,0,1,21.02336948,yahoo_bootstrap
2025-11-06,21.48541069,21.6622448,21.39699364,21.48541069,3730485,0,1,21.19783673,yahoo_bootstrap
2025-11-07,21.57382774,21.88328934,21.52961922,21.57382774,4991402,0,1,21.28507035,yahoo_bootstrap
2025-11-10,21.52961922,21.88328934,21.30857658,21.79487038,7411290,0,1,21.50315442,yahoo_bootstrap
2025-11-11,21.88328934,21.88328934,21.48541069,21.48541069,4379088,0,1,21.19783673,yahoo_bootstrap
2025-11-12,21.61803627,21.92749786,21.61803627,21.79487038,6007491,0,1,21.50315442,yahoo_bootstrap
2025-11-13,21.88328934,21.92749786,21.79487038,21.83908081,2425075,0,1,21.54677311,yahoo_bootstrap
2025-11-14,21.75066376,22.36958313,21.61803627,21.92749786,14727689,0,1,21.63400673,yahoo_bootstrap
2025-11-17,22.06012344,22.06012344,21.6622448,21.75066376,5521209,0,1,21.45953949,yahoo_bootstrap
2025-11-18,21.6622448,21.75066376,21.22015953,21.30857658,7354076,0,1,21.02336948,yahoo_bootstrap
2025-11-19,21.44120216,21.61803627,21.30857658,21.52961922,3662443,0,1,21.24145355,yahoo_bootstrap
2025-11-20,21.6622448,22.28116608,21.57382774,22.19274902,10326360,0,1,21.89570761,yahoo_bootstrap
2025-11-21,21.92749786,22.1485405,21.75066376,21.83908081,6854539,0,1,21.54677311,yahoo_bootstrap
2025-11-24,21.88328934,22.1485405,21.70645332,22.1485405,5405268,0,1,21.8520908,yahoo_bootstrap
2025-11-25,22.23695755,22.28116608,22.01591492,22.28116608,5488251,0,1,21.98294124,yahoo_bootstrap
2025-11-26,22.28116608,22.45800018,22.1485405,22.36958313,4768735,0,1,22.07017486,yahoo_bootstrap
2025-11-27,22.3253746,22.45800018,22.06012344,22.3253746,5330890,0,1,22.02655805,yahoo_bootstrap
2025-11-28,22.36958313,22.50221062,22.3253746,22.45800018,3892094,0,1,22.15740849,yahoo_bootstrap
2025-12-01,22.45800018,22.67904472,21.97170639,22.19274902,6251914,0,1,21.89570761,yahoo_bootstrap
2025-12-02,22.1485405,22.3253746,22.01591492,22.3253746,3954492,0,1,22.02655805,yahoo_bootstrap
2025-12-03,22.45800018,22.45800018,22.06012344,22.23695755,3358498,0,1,21.93932443,yahoo_bootstrap
2025-12-04,22.1485405,22.45800018,22.1485405,22.45800018,3406457,0,1,22.15740849,yahoo_bootstrap
2025-12-05,22.45800018,22.45800018,21.92749786,22.01591492,6205656,0,1,21.72124037,yahoo_bootstrap
2025-12-08,22.01591492,22.1485405,21.88328934,22.01591492,2510522,0,1,21.72124037,yahoo_bootstrap
2025-12-09,22.1485405,22.50221062,22.1485405,22.3253746,7719712,0,1,22.02655805,yahoo_bootstrap
2025-12-10,22.36958313,22.41379356,22.01591492,22.06012344,3876874,0,1,21.76485717,yahoo_bootstrap
2025-12-11,22.19274902,22.19274902,21.88328934,21.97170639,4577376,0,1,21.67762355,yahoo_bootstrap
2025-12-12,22.06012344,22.1485405,21.92749786,21.92749786,2407774,0,1,21.63400673,yahoo_bootstrap
2025-12-15,21.88328934,22.19274902,21.75066376,22.19274902,6226971,0,1,21.89570761,yahoo_bootstrap
2025-12-16,22.1485405,22.23695755,21.92749786,21.92749786,10482637,0,1,21.63400673,yahoo_bootstrap
2025-12-17,22.06012344,22.19274902,21.26436615,21.35278511,26408100,0,1,21.06698629,yahoo_bootstrap
2025-12-18,21.48541069,21.92749786,21.44120216,21.88328934,16247045,0,1,21.59038993,yahoo_bootstrap
2025-12-19,22.01591492,22.23695755,21.83908081,21.97170639,14191733,0,1,21.67762355,yahoo_bootstrap
2025-12-22,22.06012344,22.1485405,21.6622448,21.6622448,16952089,0,1,21.37230398,yahoo_bootstrap
2025-12-23,21.6622448,21.75066376,21.48541069,21.52961922,12284824,0,1,21.24145355,yahoo_bootstrap
2025-12-24,21.6622448,21.6622448,21.39699364,21.39699364,14302960,0,1,21.11060311,yahoo_bootstrap
2025-12-26,21.39699364,21.44120216,21.26436615,21.26436615,14950584,0,1,20.97975079,yahoo_bootstrap
2025-12-29,21.30857658,21.39699364,21.1759491,21.22015953,8450282,0,1,20.93613586,yahoo_bootstrap
2025-12-30,21.22015953,21.30857658,21.08753395,21.13174057,4887925,0,1,20.84890035,yahoo_bootstrap
2025-12-31,21.22015953,21.35278511,21.13174057,21.1759491,7016606,0,1,20.89251717,yahoo_bootstrap
2026-01-02,21.30857658,21.30857658,21.08753395,21.08753395,5430824,0,1,20.80528542,yahoo_bootstrap
2026-01-05,21.22015953,21.48541069,21.1759491,21.30857658,11935514,0,1,21.02336948,yahoo_bootstrap
2026-01-06,21.44120216,22.01591492,21.44120216,21.88328934,19156928,0,1,21.59038993,yahoo_bootstrap
2026-01-07,22.01591492,22.3253746,21.97170639,22.3253746,14806044,0,1,22.02655805,yahoo_bootstrap
2026-01-08,22.41379356,24.22634888,22.41379356,23.96109581,49861938,0,1,23.64038576,yahoo_bootstrap
2026-01-09,24.00530434,24.04951286,23.03271484,23.69584465,18459167,0,1,23.37868488,yahoo_bootstrap
2026-01-12,23.87267876,23.91688728,23.47480011,23.56321716,8247164,0,1,23.24783256,yahoo_bootstrap
2026-01-13,23.69584465,24.22634888,23.34217453,23.87267876,14409183,0,1,23.55315214,yahoo_bootstrap
2026-01-14,23.87267876,24.18213844,23.74005318,24.18213844,10782150,0,1,23.85846982,yahoo_bootstrap
2026-01-15,24.18213844,24.40318298,23.96109581,24.18213844,13609140,0,1,23.85846982,yahoo_bootstrap
2026-01-16,24.2705574,25.11052132,24.13793182,24.7568512,17925114,0,1,24.42549027,yahoo_bootstrap
2026-01-19,24.7568512,25.64102554,24.62422562,25.15472984,15041201,0,1,24.81804346,yahoo_bootstrap
2026-01-20,25.11052132,25.11052132,24.62422562,24.66843414,9252180,0,1,24.33825664,yahoo_bootstrap
2026-01-21,24.49160004,24.62422562,24.18213844,24.40318298,9839940,0,1,24.07655576,yahoo_bootstrap
2026-01-22,24.7568512,25.41998291,24.66843414,25.11052132,12438631,0,1,24.77442665,yahoo_bootstrap
2026-01-23,25.2431469,25.68523407,25.19893837,25.2431469,9319771,0,1,24.90527709,yahoo_bootstrap
2026-01-26,25.2431469,25.64102554,25.2431469,25.64102554,6563977,0,1,25.29783027,yahoo_bootstrap
2026-01-27,25.7294426,25.81785965,25.50839806,25.64102554,6438502,0,1,25.29783027,yahoo_bootstrap
2026-01-28,25.7294426,26.52519798,25.50839806,26.25994682,10745364,0,1,25.90846753,yahoo_bootstrap
2026-01-29,26.3925724,28.29354477,26.17152977,26.92307663,19764629,0,1,26.5627216,yahoo_bootstrap
2026-01-30,27.01149368,27.18832779,26.12731934,26.25994682,12708597,0,1,25.90846753,yahoo_bootstrap
2026-02-02,26.2157383,26.2157383,25.46418953,25.59681511,7691013,0,1,25.25421158,yahoo_bootstrap
2026-02-03,25.99469376,26.17152977,25.19893837,25.37577248,8546037,0,1,25.03612753,yahoo_bootstrap
2026-02-04,25.2431469,25.77365112,25.2431469,25.59681511,6083015,0,1,25.25421158,yahoo_bootstrap
2026-02-05,26.48098946,26.79044914,25.19893837,25.37577248,15216791,0,1,25.03612753,yahoo_bootstrap
2026-02-06,25.19893837,25.19893837,24.53580856,24.62422562,10182370,0,1,24.29463983,yahoo_bootstrap
2026-02-09,25.59681511,25.9062767,25.19893837,25.46418953,7644409,0,1,25.12336115,yahoo_bootstrap
2026-02-10,25.64102554,25.7294426,25.33156395,25.46418953,4190541,0,1,25.12336115,yahoo_bootstrap
2026-02-11,25.64102554,26.08311272,25.46418953,25.9062767,9518407,0,1,25.55953115,yahoo_bootstrap
2026-02-23,26.2157383,27.71883202,26.17152977,27.01149368,21820185,0,1,26.64995523,yahoo_bootstrap
2026-02-24,27.01149368,27.3651638,26.43678093,27.32095337,13935680,0,1,26.95527292,yahoo_bootstrap
2026-02-25,27.45358086,27.93987656,27.18832779,27.63041496,11750504,0,1,27.26059248,yahoo_bootstrap
2026-02-26,27.89566612,28.47038078,27.89566612,28.38196182,10901835,0,1,28.00208018,yahoo_bootstrap
2026-03-02,27.40937233,27.98408318,27.09991074,27.14411926,16028958,0,1,26.78080566,yahoo_bootstrap
2026-03-03,26.96728516,27.3651638,26.70203209,27.18832779,7055090,0,1,26.82442248,yahoo_bootstrap
2026-03-04,26.70203209,26.83465958,25.77365112,25.9062767,14457703,0,1,25.55953115,yahoo_bootstrap
2026-03-05,26.65782356,26.96728516,26.43678093,26.79044914,7755576,0,1,26.43186928,yahoo_bootstrap
2026-03-06,26.52519798,26.79044914,26.3925724,26.52519798,4121736,0,1,26.17016841,yahoo_bootstrap
2026-03-09,24.88947868,25.19893837,24.35897446,24.84526825,16010446,0,1,24.51272389,yahoo_bootstrap
2026-03-10,25.55260849,25.68523407,24.40318298,24.53580856,14286328,0,1,24.2074062,yahoo_bootstrap
2026-03-11,24.80106163,25.33156395,24.53580856,25.06631279,11259000,0,1,24.73080983,yahoo_bootstrap
2026-03-12,24.93368721,25.06631279,24.49160004,24.58001709,9609665,0,1,24.25102301,yahoo_bootstrap
2026-03-13,24.18213844,24.71264267,24.13793182,24.58001709,5563866,0,1,24.25102301,yahoo_bootstrap
2026-03-16,24.62422562,24.88947868,24.31476593,24.44739151,8261266,0,1,24.12017258,yahoo_bootstrap
2026-03-17,24.66843414,25.15472984,24.62422562,25.15472984,10574876,0,1,24.81804346,yahoo_bootstrap
2026-03-18,25.50839806,26.17152977,25.37577248,25.81785965,11449134,0,1,25.47229753,yahoo_bootstrap
2026-03-19,25.55260849,25.55260849,24.58001709,24.71264267,17893086,0,1,24.38187345,yahoo_bootstrap
2026-03-20,24.84526825,24.97789574,24.62422562,24.62422562,7206320,0,1,24.29463983,yahoo_bootstrap
2026-03-23,24.18213844,24.44739151,23.96109581,24.04951286,10565079,0,1,23.72761938,yahoo_bootstrap
2026-03-24,24.35897446,24.44739151,23.96109581,24.35897446,5842062,0,1,24.03293896,yahoo_bootstrap
2026-03-25,24.80106163,25.02210426,24.58001709,24.93368721,8131884,0,1,24.5999594,yahoo_bootstrap
2026-03-26,25.02210426,25.15472984,24.71264267,24.88947868,3919220,0,1,24.55634258,yahoo_bootstrap
2026-03-27,24.53580856,25.28735542,24.53580856,25.19893837,5238141,0,1,24.86166027,yahoo_bootstrap
2026-03-30,24.7568512,24.88947868,24.44739151,24.49160004,7202451,0,1,24.16378939,yahoo_bootstrap
2026-03-31,24.40318298,24.66843414,24.13793182,24.22634888,6575897,0,1,23.90208852,yahoo_bootstrap
2026-04-01,24.66843414,24.88947868,24.53580856,24.88947868,4682926,0,1,24.55634258,yahoo_bootstrap
2026-04-02,24.93368721,24.97789574,24.44739151,24.53580856,3840852,0,1,24.2074062,yahoo_bootstrap
2026-04-07,24.62422562,25.11052132,24.58001709,24.88947868,4367666,0,1,24.55634258,yahoo_bootstrap
2026-04-08,25.15472984,25.9062767,25.02210426,25.77365112,14356717,0,1,25.42868071,yahoo_bootstrap
2026-04-09,25.77365112,25.77365112,24.97789574,25.02210426,8733706,0,1,24.68719302,yahoo_bootstrap
2026-04-10,25.11052132,25.33156395,25.06631279,25.28735542,8664958,0,1,24.94889389,yahoo_bootstrap
2026-04-13,25.33156395,25.55260849,24.7568512,24.97789574,17613479,0,1,24.64357621,yahoo_bootstrap
2026-04-14,25.15472984,25.15472984,24.66843414,24.71264267,19783508,0,1,24.38187345,yahoo_bootstrap
2026-04-15,24.7568512,25.02210426,24.44739151,24.84526825,17577444,0,1,24.51272389,yahoo_bootstrap
2026-04-16,24.7568512,24.97789574,24.66843414,24.7568512,12921475,0,1,24.42549027,yahoo_bootstrap
2026-04-17,24.71264267,24.71264267,24.31476593,24.40318298,20436846,0,1,24.07655576,yahoo_bootstrap
2026-04-20,24.44739151,24.93368721,24.22634888,24.93368721,16906817,0,1,24.5999594,yahoo_bootstrap
2026-04-21,25.02210426,25.11052132,24.58001709,24.84526825,19241915,0,1,24.51272389,yahoo_bootstrap
2026-04-22,24.84526825,25.06631279,24.62422562,24.93368721,16216864,0,1,24.5999594,yahoo_bootstrap
2026-04-23,24.97789574,25.46418953,24.58001709,24.80106163,32518913,0,1,24.46910896,yahoo_bootstrap
2026-04-24,24.93368721,25.15472984,24.84526825,24.97789574,25196649,0,1,24.64357621,yahoo_bootstrap
2026-04-27,25.11052132,25.2431469,24.71264267,24.71264267,19221956,0,1,24.38187345,yahoo_bootstrap
2026-04-28,24.80106163,25.11052132,24.71264267,24.7568512,11417882,0,1,24.42549027,yahoo_bootstrap
2026-04-29,24.84526825,24.93368721,24.71264267,24.84526825,10890218,0,1,24.51272389,yahoo_bootstrap
2026-04-30,24.88947868,25.06631279,24.7568512,24.80106163,15124741,0,1,24.46910896,yahoo_bootstrap
2026-05-04,24.93368721,25.86206818,24.93368721,25.64102554,33224485,0,1,25.29783027,yahoo_bootstrap
2026-05-05,25.7294426,26.74624252,25.68523407,26.25994682,27136556,0,1,25.90846753,yahoo_bootstrap
2026-05-06,26.96728516,27.18832779,26.34836388,26.52519798,36759957,0,1,26.17016841,yahoo_bootstrap
2026-05-07,26.92307663,28.11671066,26.74624252,27.54199791,35430970,0,1,27.17335886,yahoo_bootstrap
2026-05-08,27.8514576,27.93987656,26.79044914,27.01149368,29879234,0,1,26.64995523,yahoo_bootstrap
2026-05-11,27.05570221,28.824049,27.05570221,28.5145874,29171887,0,1,28.13293061,yahoo_bootstrap
2026-05-12,28.64721489,29.08930016,27.67462349,28.02829361,22144844,0,1,27.65314568,yahoo_bootstrap
2026-05-13,28.02829361,28.29354477,27.58620644,28.29354477,13178082,0,1,27.91484656,yahoo_bootstrap
2026-05-14,28.38196182,28.95667458,27.80724907,27.93987656,14791212,0,1,27.56591206,yahoo_bootstrap
2026-05-15,28.07250214,28.60300636,27.54199791,27.63041496,14536800,0,1,27.26059248,yahoo_bootstrap
2026-05-18,27.49778938,27.54199791,26.70203209,27.01149368,14345522,0,1,26.64995523,yahoo_bootstrap
2026-05-19,26.96728516,27.45358086,26.83465958,27.09991074,9619512,0,1,26.73718886,yahoo_bootstrap
2026-05-20,27.05570221,27.3651638,26.8788681,27.05570221,5884033,0,1,26.69357204,yahoo_bootstrap
2026-05-21,27.3651638,28.07250214,27.32095337,27.93987656,11740656,0,1,27.56591206,yahoo_bootstrap
2026-05-22,27.8514576,28.29354477,27.67462349,28.20512772,9256885,0,1,27.82761293,yahoo_bootstrap
2026-05-25,28.5145874,28.95667458,28.38196182,28.91246605,13374747,0,1,28.52548381,yahoo_bootstrap
2026-05-26,29.04509163,29.53138733,28.73563194,29.22192764,13020246,0,1,28.83080338,yahoo_bootstrap
2026-05-27,29.4871788,31.16710854,29.39876175,30.9460659,24199543,0,1,30.53186471,yahoo_bootstrap
2026-05-28,31.69761276,32.8912468,30.99027443,31.83023834,28192417,0,1,31.40420284,yahoo_bootstrap
2026-05-29,32.53757858,34.0406723,32.27232361,34.0406723,19246254,0,1,33.58505099,yahoo_bootstrap
2026-06-01,34.92484665,35.63218307,33.90804672,35.0132637,22977919,0,1,34.54462463,yahoo_bootstrap
2026-06-02,34.96905136,36.4721489,34.48275757,36.4721489,24561017,0,1,35.98398321,yahoo_bootstrap
2026-06-03,36.87002563,40.09725952,36.60477448,39.52254486,52890262,0,1,38.9935508,yahoo_bootstrap
2026-06-04,39.38991928,39.38991928,36.648983,37.53315735,54313230,0,1,37.03079047,yahoo_bootstrap
2026-06-05,37.22369385,40.27409363,36.95844269,39.83200836,40057328,0,1,39.29887225,yahoo_bootstrap
2026-06-08,36.29531479,37.13527679,35.85322571,35.85322571,36232714,0,1,35.37334407,yahoo_bootstrap
2026-06-09,35.6763916,36.4721489,33.59858322,35.94164276,41544731,0,1,35.4605777,yahoo_bootstrap
2026-06-10,35.72060013,35.72060013,33.59858322,33.81962967,36066806,0,1,33.36696693,yahoo_bootstrap
2026-06-11,33.02387238,34.08488083,32.58178711,33.8638382,27554427,0,1,33.41058375,yahoo_bootstrap
2026-06-12,35.10168076,35.27851486,34.39434052,34.48275757,15906818,0,1,34.02121912,yahoo_bootstrap
2026-06-15,35.76480865,36.25110626,35.36693192,35.41114044,17267456,0,1,34.93717594,yahoo_bootstrap
2026-06-16,36.25110626,36.33952332,35.10168076,35.14588928,20463751,0,1,34.67547507,yahoo_bootstrap
2026-06-17,34.7038002,35.6763916,34.61538315,34.88063431,17934437,0,1,34.41377044,yahoo_bootstrap
2026-06-18,34.88063431,35.54376602,34.79221725,35.05747223,22680207,0,1,34.58824145,yahoo_bootstrap
2026-06-22,35.54376602,35.6763916,35.05747223,35.19009781,19084821,0,1,34.71909189,yahoo_bootstrap
2026-06-23,35.27851486,35.63218307,34.96905136,35.14588928,17199441,0,1,34.67547507,yahoo_bootstrap
2026-06-24,34.83642578,34.83642578,33.59858322,34.08488083,24407271,0,1,33.62866781,yahoo_bootstrap
2026-06-25,34.17329788,34.65959167,34.0406723,34.30592346,11418177,0,1,33.84675187,yahoo_bootstrap
2026-06-26,34.0406723,34.48275757,33.28912354,33.42174911,15957389,0,1,32.97441185,yahoo_bootstrap
2026-06-29,33.8638382,33.90804672,33.15649796,33.20070648,11298742,0,1,32.75632779,yahoo_bootstrap
2026-06-30,33.55437469,33.90804672,33.37754059,33.81962967,8444522,0,1,33.36696693,yahoo_bootstrap
2026-07-01,34.30592346,34.48275757,33.28912354,33.28912354,12647022,0,1,32.84356142,yahoo_bootstrap
2026-07-02,33.28912354,33.42174911,32.75862122,33.02387238,9357791,0,1,32.58186055,yahoo_bootstrap
2026-07-03,32.97966385,33.8638382,32.8912468,33.73121262,9539348,0,1,33.27973331,yahoo_bootstrap
2026-07-06,34.0406723,34.88063431,33.95225525,33.99646378,11359930,0,1,33.54143419,yahoo_bootstrap
2026-07-07,34.30592346,35.05747223,33.46595764,33.64279175,16305817,0,1,33.19249592,yahoo_bootstrap
2026-07-08,33.64279175,33.68700027,31.96286392,32.05128098,23437226,0,1,31.62228691,yahoo_bootstrap
2026-07-09,32.18390656,32.27232361,31.69761276,32.18390656,8386487,0,1,31.75313735,yahoo_bootstrap
2026-07-10,32.18390656,32.18390656,32.18390656,32.18390656,0,0,1,31.75313735,yahoo_bootstrap
2026-07-13,31.96286392,32.53757858,30.99027443,31.25552559,12862841,0,1,30.8371824,yahoo_bootstrap
2026-07-14,31.38815117,31.38815117,29.66401482,30.15030861,14520636,0,1,29.74675833,yahoo_bootstrap
2026-07-15,30.50397873,30.72502136,30.37135124,30.41556168,5522575,0,1,30.00846108,yahoo_bootstrap
2026-07-16,30.28293419,30.76922989,30.15030861,30.63660431,4477484,0,1,30.22654514,yahoo_bootstrap
2026-07-17,30.06189156,30.15030861,29.17771721,29.17771721,16234807,0,1,28.78718469,yahoo_bootstrap
2026-07-20,29.53138733,29.70822144,28.60300636,29.0008831,14216837,0,1,28.61271743,yahoo_bootstrap
2026-07-21,29.35455322,30.01768303,29.26613617,29.70822144,11309737,0,1,29.31058832,yahoo_bootstrap
2026-07-22,30.06189156,30.81343842,30.06189156,30.19451714,11252947,0,1,29.79037514,yahoo_bootstrap
2026-07-23,30.50397873,30.76922989,30.28293419,30.4597702,11416031,0,1,30.05207789,yahoo_bootstrap
2026-07-24,30.37135124,30.99027443,30.28293419,30.76922989,7543774,0,1,30.35739558,yahoo_bootstrap
2026-07-27,30.9460659,31.52077866,30.76922989,31.47656822,9598739,0,1,31.05526646,yahoo_bootstrap
2026-07-28,30.9460659,30.9460659,29.70822144,29.7966404,15231426,0,1,29.39782383,yahoo_bootstrap
2026-07-29,29.9734745,30.06189156,28.38196182,29.04509163,14532933,0,1,28.65633425,yahoo_bootstrap
2026-07-30,28.95667458,29.4871788,28.42617035,28.95667458,7711550,0,1,28.56910063,yahoo_bootstrap
2026-07-31,30.19451714,30.59239578,29.84084892,30.23872566,10914110,0,1,29.83399195,yahoo_bootstrap
2026-08-03,30.01768303,30.90185547,29.57559586,30.54818726,8673204,0,1,30.13931152,yahoo_bootstrap
2026-08-04,30.10610008,31.12290001,30.10610008,30.81343842,8251441,0,1,30.4010124,yahoo_bootstrap
2026-08-05,31.38815117,31.74182129,30.81343842,30.81343842,10588553,0,1,30.4010124,yahoo_bootstrap
2026-08-06,30.68081284,30.85764885,30.15030861,30.54818726,7774201,0,1,30.13931152,yahoo_bootstrap
2026-08-07,30.4597702,30.63660431,29.7966404,29.92926598,13710830,0,1,29.52867427,yahoo_bootstrap
2026-08-10,30.06189156,30.15030861,29.44297028,29.88505745,18257070,0,1,29.48505745,yahoo_bootstrap
2026-08-11,29.85000038,30.20000076,29.60000038,30,12987619,0.4,1.131,30,yahoo_bootstrap
2026-08-12,30.10000038,30.79999924,30.04999924,30.60000038,9010587,0,1,30.60000038,yahoo_bootstrap
2026-08-13,30.85000038,31.29999924,30.60000038,30.60000038,7557460,0,1,30.60000038,yahoo_bootstrap
2026-08-14,30.79999924,31.35000038,30.60000038,30.89999962,5522970,0,1,30.89999962,yahoo_bootstrap
2026-08-17,30.89999962,30.89999962,30.35000038,30.54999924,5691861,0,1,30.54999924,yahoo_daily
2026-08-18,30.45000076,30.70000076,30.39999962,30.5,4725263,0,1,30.5,yahoo_daily
2026-08-19,30.29999924,30.39999962,30.04999924,30.20000076,4797833,0,1,30.20000076,yahoo_daily
2026-08-20,30.45000076,30.60000038,30.04999924,30.35000038,4416363,0,1,30.35000038,yahoo_daily
2026-08-21,30.35000038,30.89999962,30.20000076,30.64999962,3660485,0,1,30.64999962,yahoo_daily
2026-08-24,30.64999962,30.85000038,30.25,30.25,3663898,0,1,30.25,yahoo_daily
2026-08-25,30.14999962,30.45000076,29.95000076,30.35000038,3163601,0,1,30.35000038,yahoo_daily
2026-08-26,30.39999962,31.04999924,30.39999962,30.70000076,3908156,0,1,30.70000076,yahoo_daily
2026-08-27,30.75,31.35000038,30.75,31.10000038,5116876,0,1,31.10000038,yahoo_daily
2026-08-28,31.20000076,31.70000076,31.20000076,31.45000076,4682943,0,1,31.45000076,yahoo_daily
2026-08-31,31.39999962,31.45000076,31,31,8076851,0,1,31,yahoo_daily
2026-09-01,31.14999962,32.09999847,31.14999962,32.04999924,9140985,0,1,32.04999924,yahoo_daily
2026-09-02,31.60000038,32.15000153,31.60000038,32,4860037,0,1,32,yahoo_daily
2026-09-03,32,32.95000076,32,32.34999847,8430522,0,1,32.34999847,yahoo_daily
2026-09-04,32.59999847,32.79999924,32.34999847,32.75,4192779,0,1,32.75,yahoo_daily
2026-09-07,33.09999847,33.20000076,32.40000153,32.70000076,5233346,0,1,32.70000076,yahoo_daily
2026-09-08,32.90000153,32.95000076,32.45000076,32.65000153,3972971,0,1,32.65000153,yahoo_daily
2026-09-09,32.59999847,32.59999847,32.09999847,32.20000076,5043637,0,1,32.20000076,yahoo_daily
2026-09-10,32,32.15000153,31.60000038,31.60000038,4982288,0,1,31.60000038,yahoo_daily
2026-09-11,31,31.75,30.89999962,31.5,4261454,0,1,31.5,yahoo_daily
2026-09-14,31.39999962,32.15000153,31.04999924,32.09999847,3909021,0,1,32.09999847,yahoo_daily
2026-09-15,31.85000038,31.85000038,31.10000038,31.10000038,9055328,0,1,31.10000038,yahoo_daily
2026-09-16,31.10000038,31.45000076,30.85000038,30.85000038,9453908,0,1,30.85000038,yahoo_daily
2026-09-17,31.04999924,31.54999924,30.95000076,31.29999924,6156949,0,1,31.29999924,yahoo_daily
2026-09-18,31.5,31.60000038,31.20000076,31.5,8599674,0,1,31.5,yahoo_daily
2026-09-21,31.64999962,32.5,31.60000038,32.25,10572347,0,1,32.25,yahoo_daily
2026-09-22,32.59999847,33.09999847,32.25,32.40000153,10659072,0,1,32.40000153,yahoo_daily
