date,open,high,low,close,volume,dividend,split_factor,adjusted_close,source
2021-09-14,39.15000153,39.15000153,38.70000076,39,85208,0,1,32.20987779,yahoo_bootstrap
2021-09-15,38.54999924,38.95000076,38.54999924,38.90000153,26267,0,1,32.12728962,yahoo_bootstrap
2021-09-16,38.90000153,38.90000153,38.79999924,38.90000153,14200,0,1,32.12728962,yahoo_bootstrap
2021-09-17,38.59999847,38.84999847,38.59999847,38.84999847,21184,0,1,32.08599238,yahoo_bootstrap
2021-09-22,38.5,38.59999847,38.29999924,38.59999847,83168,0,1,31.87951881,yahoo_bootstrap
2021-09-23,38.59999847,38.95000076,38.59999847,38.95000076,36658,0,1,32.1685837,yahoo_bootstrap
2021-09-24,38.95000076,39.20000076,38.79999924,39.20000076,86492,0,1,32.37505728,yahoo_bootstrap
2021-09-27,39.09999847,39.34999847,39.09999847,39.20000076,32403,0,1,32.37505728,yahoo_bootstrap
2021-09-28,39.20000076,39.20000076,39,39.20000076,47973,0,1,32.37505728,yahoo_bootstrap
2021-09-29,39.15000153,39.15000153,38.70000076,38.90000153,72002,0,1,32.12728962,yahoo_bootstrap
2021-09-30,38.90000153,38.95000076,38.70000076,38.75,53910,0,1,32.00340421,yahoo_bootstrap
2021-10-01,38.79999924,38.79999924,38.40000153,38.40000153,98260,0,1,31.71434247,yahoo_bootstrap
2021-10-04,39.04999924,39.04999924,38.29999924,38.40000153,63601,0,1,31.71434247,yahoo_bootstrap
2021-10-05,38.40000153,38.5,38.29999924,38.40000153,49011,0,1,31.71434247,yahoo_bootstrap
2021-10-06,38.29999924,39.15000153,38.29999924,38.79999924,133780,0,1,32.0446983,yahoo_bootstrap
2021-10-07,39.5,39.5,38.90000153,38.95000076,198170,0,1,32.1685837,yahoo_bootstrap
2021-10-08,39.09999847,39.09999847,38.70000076,38.75,35000,0,1,32.00340421,yahoo_bootstrap
2021-10-12,38.59999847,38.59999847,38.20000076,38.25,101464,0,1,31.59045706,yahoo_bootstrap
2021-10-13,38.29999924,38.34999847,38,38.29999924,102000,0,1,31.63175115,yahoo_bootstrap
2021-10-14,38.5,38.5,37.84999847,38.04999924,79019,0,1,31.42527758,yahoo_bootstrap
2021-10-15,38.20000076,38.40000153,38.09999847,38.40000153,56529,0,1,31.71434247,yahoo_bootstrap
2021-10-18,38.34999847,38.40000153,38.25,38.40000153,35231,0,1,31.71434247,yahoo_bootstrap
2021-10-19,38.40000153,38.40000153,38.25,38.34999847,56561,0,1,31.67304523,yahoo_bootstrap
2021-10-20,38.34999847,38.40000153,38.20000076,38.40000153,58299,0,1,31.71434247,yahoo_bootstrap
2021-10-21,38.40000153,39,37.09999847,37.90000153,983069,0,1,31.30139532,yahoo_bootstrap
2021-10-22,37.90000153,38.15000153,37.84999847,38.15000153,69303,0,1,31.5078689,yahoo_bootstrap
2021-10-25,38.04999924,38.20000076,38.04999924,38.20000076,35079,0,1,31.54916298,yahoo_bootstrap
2021-10-26,38.20000076,38.45000076,38.09999847,38.29999924,55233,0,1,31.63175115,yahoo_bootstrap
2021-10-27,38.20000076,38.34999847,38.09999847,38.25,55662,0,1,31.59045706,yahoo_bootstrap
2021-10-28,38.45000076,38.45000076,38.15000153,38.34999847,34572,0,1,31.67304523,yahoo_bootstrap
2021-10-29,38.34999847,38.40000153,38.20000076,38.25,45700,0,1,31.59045706,yahoo_bootstrap
2021-11-01,38.29999924,38.5,38.15000153,38.45000076,99651,0,1,31.75563655,yahoo_bootstrap
2021-11-02,38.45000076,38.70000076,38.09999847,38.09999847,173254,0,1,31.46657165,yahoo_bootstrap
2021-11-03,38.09999847,38.15000153,37.70000076,37.95000076,125462,0,1,31.3426894,yahoo_bootstrap
2021-11-04,38,38,37.75,37.95000076,163001,0,1,31.3426894,yahoo_bootstrap
2021-11-05,38.15000153,38.20000076,38,38.15000153,54050,0,1,31.5078689,yahoo_bootstrap
2021-11-08,38.5,38.65000153,38.34999847,38.5,109486,0,1,31.79693064,yahoo_bootstrap
2021-11-09,38.5,38.70000076,38.5,38.70000076,67271,0,1,31.96211013,yahoo_bootstrap
2021-11-10,38.54999924,38.90000153,38.54999924,38.90000153,98004,0,1,32.12728962,yahoo_bootstrap
2021-11-11,38.65000153,38.90000153,38.65000153,38.90000153,68086,0,1,32.12728962,yahoo_bootstrap
2021-11-12,38.90000153,38.90000153,38.59999847,38.70000076,90000,0,1,31.96211013,yahoo_bootstrap
2021-11-15,38.75,38.90000153,38.40000153,38.59999847,82684,0,1,31.87951881,yahoo_bootstrap
2021-11-16,38.84999847,38.84999847,38.59999847,38.79999924,102115,0,1,32.0446983,yahoo_bootstrap
2021-11-17,38.84999847,38.90000153,38.59999847,38.90000153,125697,0,1,32.12728962,yahoo_bootstrap
2021-11-18,38.90000153,38.90000153,38.59999847,38.84999847,101442,0,1,32.08599238,yahoo_bootstrap
2021-11-19,38.84999847,38.95000076,38.84999847,38.90000153,68534,0,1,32.12728962,yahoo_bootstrap
2021-11-22,39,39.09999847,38.90000153,39.09999847,96250,0,1,32.29246596,yahoo_bootstrap
2021-11-23,39.09999847,39.15000153,39,39.15000153,73200,0,1,32.3337632,yahoo_bootstrap
2021-11-24,39.20000076,39.25,39.04999924,39.09999847,111559,0,1,32.29246596,yahoo_bootstrap
2021-11-25,39.09999847,39.09999847,38.95000076,39.04999924,52313,0,1,32.25117188,yahoo_bootstrap
2021-11-26,39.29999924,39.29999924,38.65000153,38.75,73001,0,1,32.00340421,yahoo_bootstrap
2021-11-29,38.65000153,38.75,38.34999847,38.65000153,81804,0,1,31.92081605,yahoo_bootstrap
2021-11-30,38.70000076,38.90000153,37.95000076,37.95000076,124981,0,1,31.3426894,yahoo_bootstrap
2021-12-01,38.09999847,38.95000076,38.09999847,38.95000076,84648,0,1,32.1685837,yahoo_bootstrap
2021-12-02,38.95000076,38.95000076,38.59999847,38.70000076,45079,0,1,31.96211013,yahoo_bootstrap
2021-12-03,38.79999924,39,38.75,38.95000076,73000,0,1,32.1685837,yahoo_bootstrap
2021-12-06,39,39,38.79999924,38.84999847,42892,0,1,32.08599238,yahoo_bootstrap
2021-12-07,39.09999847,39.09999847,38.84999847,38.95000076,64020,0,1,32.1685837,yahoo_bootstrap
2021-12-08,39,39.04999924,38.79999924,39.04999924,61533,0,1,32.25117188,yahoo_bootstrap
2021-12-09,38.95000076,39.04999924,38.90000153,39.04999924,40559,0,1,32.25117188,yahoo_bootstrap
2021-12-10,39.04999924,39.09999847,38.95000076,39.09999847,49754,0,1,32.29246596,yahoo_bootstrap
2021-12-13,39.34999847,39.34999847,38.90000153,39,107035,0,1,32.20987779,yahoo_bootstrap
2021-12-14,39,39,38.70000076,38.70000076,48818,0,1,31.96211013,yahoo_bootstrap
2021-12-15,38.59999847,38.84999847,38.59999847,38.79999924,25069,0,1,32.0446983,yahoo_bootstrap
2021-12-16,38.79999924,38.95000076,38.79999924,38.84999847,22384,0,1,32.08599238,yahoo_bootstrap
2021-12-17,38.84999847,39.04999924,38.75,38.79999924,39916,0,1,32.0446983,yahoo_bootstrap
2021-12-20,38.75,38.95000076,38.75,38.90000153,44255,0,1,32.12728962,yahoo_bootstrap
2021-12-21,38.95000076,38.95000076,38.79999924,38.84999847,57661,0,1,32.08599238,yahoo_bootstrap
2021-12-22,39,39,38.59999847,38.75,133723,0,1,32.00340421,yahoo_bootstrap
2021-12-23,39,39,38.59999847,38.84999847,117001,0,1,32.08599238,yahoo_bootstrap
2021-12-24,38.84999847,39.04999924,38.79999924,38.90000153,94300,0,1,32.12728962,yahoo_bootstrap
2021-12-27,39.20000076,39.65000153,39.04999924,39.5,256525,0,1,32.62282494,yahoo_bootstrap
2021-12-28,39.5,39.65000153,39.34999847,39.34999847,65071,0,1,32.49893953,yahoo_bootstrap
2021-12-29,39.34999847,39.79999924,39.29999924,39.79999924,117538,0,1,32.8705926,yahoo_bootstrap
2021-12-30,39.79999924,39.90000153,39.70000076,39.75,113467,0,1,32.82929852,yahoo_bootstrap
2022-01-03,39.70000076,39.70000076,39.40000153,39.45000076,75697,0,1,32.58153085,yahoo_bootstrap
2022-01-04,39.54999924,39.54999924,39.34999847,39.40000153,52922,0,1,32.54023677,yahoo_bootstrap
2022-01-05,39.40000153,39.40000153,39.20000076,39.29999924,123115,0,1,32.45764545,yahoo_bootstrap
2022-01-06,39.29999924,39.29999924,39.04999924,39.04999924,56002,0,1,32.25117188,yahoo_bootstrap
2022-01-07,39.04999924,39.40000153,38.79999924,38.90000153,99785,0,1,32.12728962,yahoo_bootstrap
2022-01-10,39.25,39.25,38.70000076,39,79205,0,1,32.20987779,yahoo_bootstrap
2022-01-11,39,39,38.84999847,38.90000153,39343,0,1,32.12728962,yahoo_bootstrap
2022-01-12,38.90000153,38.95000076,38.65000153,38.95000076,86480,0,1,32.1685837,yahoo_bootstrap
2022-01-13,38.95000076,39,38.84999847,38.95000076,49108,0,1,32.1685837,yahoo_bootstrap
2022-01-14,38.95000076,38.95000076,38.5,38.54999924,101050,0,1,31.83822473,yahoo_bootstrap
2022-01-17,38.34999847,38.54999924,38.34999847,38.45000076,74006,0,1,31.75563655,yahoo_bootstrap
2022-01-18,38.45000076,38.70000076,38.45000076,38.65000153,56979,0,1,31.92081605,yahoo_bootstrap
2022-01-19,38.75,38.75,38.54999924,38.59999847,60368,0,1,31.87951881,yahoo_bootstrap
2022-01-20,38.65000153,38.65000153,38.40000153,38.54999924,83372,0,1,31.83822473,yahoo_bootstrap
2022-01-21,38.5,38.5,38.25,38.34999847,99056,0,1,31.67304523,yahoo_bootstrap
2022-01-24,38.25,38.34999847,38.15000153,38.29999924,108302,0,1,31.63175115,yahoo_bootstrap
2022-01-25,38.20000076,38.25,38,38.09999847,134000,0,1,31.46657165,yahoo_bootstrap
2022-01-26,38.09999847,38.20000076,38,38.20000076,109675,0,1,31.54916298,yahoo_bootstrap
2022-02-07,38.75,38.75,38.29999924,38.34999847,56057,0,1,31.67304523,yahoo_bootstrap
2022-02-08,38.34999847,40,38.34999847,39.59999847,264800,0,1,32.70541311,yahoo_bootstrap
2022-02-09,39.20000076,39.29999924,39.04999924,39.29999924,90223,0,1,32.45764545,yahoo_bootstrap
2022-02-10,39.29999924,39.54999924,39.09999847,39.25,61628,0,1,32.41635137,yahoo_bootstrap
2022-02-11,39.29999924,39.70000076,39.25,39.29999924,196181,0,1,32.45764545,yahoo_bootstrap
2022-02-14,39.25,39.25,38.75,38.75,101010,0,1,32.00340421,yahoo_bootstrap
2022-02-15,38.79999924,39,38.75,38.79999924,61316,0,1,32.0446983,yahoo_bootstrap
2022-02-16,38.79999924,39.09999847,38.79999924,39,75590,0,1,32.20987779,yahoo_bootstrap
2022-02-17,39.25,39.25,38.84999847,38.90000153,52300,0,1,32.12728962,yahoo_bootstrap
2022-02-18,38.79999924,39,38.75,38.90000153,154004,0,1,32.12728962,yahoo_bootstrap
2022-02-21,39,39,38.70000076,38.90000153,68051,0,1,32.12728962,yahoo_bootstrap
2022-02-22,38.59999847,38.70000076,38.45000076,38.59999847,97229,0,1,31.87951881,yahoo_bootstrap
2022-02-23,38.59999847,38.84999847,38.59999847,38.65000153,41221,0,1,31.92081605,yahoo_bootstrap
2022-02-24,38.54999924,38.54999924,38,38.15000153,255050,0,1,31.5078689,yahoo_bootstrap
2022-02-25,38.54999924,39,38.54999924,38.90000153,142044,0,1,32.12728962,yahoo_bootstrap
2022-03-01,39,39.45000076,39,39.20000076,138382,0,1,32.37505728,yahoo_bootstrap
2022-03-02,39.09999847,39.5,39.09999847,39.45000076,116421,0,1,32.58153085,yahoo_bootstrap
2022-03-03,39.70000076,39.70000076,39.29999924,39.5,106001,0,1,32.62282494,yahoo_bootstrap
2022-03-04,39.40000153,39.45000076,39.29999924,39.40000153,86170,0,1,32.54023677,yahoo_bootstrap
2022-03-07,39.40000153,39.40000153,38.5,38.75,151186,0,1,32.00340421,yahoo_bootstrap
2022-03-08,38.5,38.84999847,38.45000076,38.65000153,156015,0,1,31.92081605,yahoo_bootstrap
2022-03-09,38.65000153,38.90000153,38.65000153,38.70000076,89041,0,1,31.96211013,yahoo_bootstrap
2022-03-10,38.79999924,39.20000076,38.70000076,39.09999847,102001,0,1,32.29246596,yahoo_bootstrap
2022-03-11,39.20000076,39.20000076,38.84999847,38.90000153,91700,0,1,32.12728962,yahoo_bootstrap
2022-03-14,38.90000153,39.20000076,38.90000153,39,152550,0,1,32.20987779,yahoo_bootstrap
2022-03-15,39.15000153,39.15000153,38.79999924,38.84999847,104332,0,1,32.08599238,yahoo_bootstrap
2022-03-16,38.84999847,39.04999924,38.84999847,38.95000076,100311,0,1,32.1685837,yahoo_bootstrap
2022-03-17,39.45000076,39.45000076,38.95000076,39.15000153,120213,0,1,32.3337632,yahoo_bootstrap
2022-03-18,39.20000076,39.20000076,39.09999847,39.15000153,75291,0,1,32.3337632,yahoo_bootstrap
2022-03-21,39.29999924,39.29999924,39.15000153,39.25,63258,0,1,32.41635137,yahoo_bootstrap
2022-03-22,39.54999924,39.54999924,38.90000153,39,104785,0,1,32.20987779,yahoo_bootstrap
2022-03-23,39.09999847,39.40000153,39.04999924,39.20000076,99425,0,1,32.37505728,yahoo_bootstrap
2022-03-24,39.20000076,39.29999924,39.09999847,39.25,52000,0,1,32.41635137,yahoo_bootstrap
2022-03-25,39.29999924,39.29999924,39.15000153,39.20000076,50310,0,1,32.37505728,yahoo_bootstrap
2022-03-28,39.20000076,39.20000076,39,39.09999847,59002,0,1,32.29246596,yahoo_bootstrap
2022-03-29,39.09999847,39.20000076,39.09999847,39.15000153,86600,0,1,32.3337632,yahoo_bootstrap
2022-03-30,39.40000153,39.5,39.15000153,39.40000153,124340,0,1,32.54023677,yahoo_bootstrap
2022-03-31,39.40000153,39.59999847,39.34999847,39.5,149002,0,1,32.62282494,yahoo_bootstrap
2022-04-01,39.5,39.79999924,39.15000153,39.45000076,130076,0,1,32.58153085,yahoo_bootstrap
2022-04-06,39.70000076,39.70000076,39.45000076,39.59999847,119377,0,1,32.70541311,yahoo_bootstrap
2022-04-07,39.59999847,39.59999847,39.29999924,39.34999847,139300,0,1,32.49893953,yahoo_bootstrap
2022-04-08,39.34999847,39.5,38.84999847,38.95000076,233051,0,1,32.1685837,yahoo_bootstrap
2022-04-11,39,39.15000153,38.79999924,39.09999847,106747,0,1,32.29246596,yahoo_bootstrap
2022-04-12,38.79999924,39.09999847,38.75,38.95000076,50101,0,1,32.1685837,yahoo_bootstrap
2022-04-13,39.25,40,39.25,39.59999847,360009,0,1,32.70541311,yahoo_bootstrap
2022-04-14,39.5,39.5,39.25,39.25,94161,0,1,32.41635137,yahoo_bootstrap
2022-04-15,39.70000076,39.70000076,39.15000153,39.25,49561,0,1,32.41635137,yahoo_bootstrap
2022-04-18,39.25,39.25,38.79999924,38.95000076,93001,0,1,32.1685837,yahoo_bootstrap
2022-04-19,39.09999847,39.09999847,39,39,25407,0,1,32.20987779,yahoo_bootstrap
2022-04-20,39.04999924,39.29999924,39,39.20000076,60278,0,1,32.37505728,yahoo_bootstrap
2022-04-21,39.20000076,39.34999847,39.04999924,39.09999847,104027,0,1,32.29246596,yahoo_bootstrap
2022-04-22,39.04999924,39.29999924,38.95000076,39.09999847,103180,0,1,32.29246596,yahoo_bootstrap
2022-04-25,39.09999847,39.09999847,38.65000153,38.79999924,177758,0,1,32.0446983,yahoo_bootstrap
2022-04-26,38.79999924,38.79999924,38.65000153,38.70000076,103392,0,1,31.96211013,yahoo_bootstrap
2022-04-27,38.59999847,38.59999847,38.20000076,38.29999924,213080,0,1,31.63175115,yahoo_bootstrap
2022-04-28,38.29999924,38.59999847,38.20000076,38.20000076,220065,0,1,31.54916298,yahoo_bootstrap
2022-04-29,38.29999924,38.5,38.15000153,38.20000076,177008,0,1,31.54916298,yahoo_bootstrap
2022-05-03,38.15000153,38.40000153,38.09999847,38.34999847,56791,0,1,31.67304523,yahoo_bootstrap
2022-05-04,38.65000153,38.65000153,38.34999847,38.34999847,46300,0,1,31.67304523,yahoo_bootstrap
2022-05-05,38.75,38.75,38.34999847,38.34999847,54202,0,1,31.67304523,yahoo_bootstrap
2022-05-06,38.09999847,38.20000076,38,38.20000076,150001,0,1,31.54916298,yahoo_bootstrap
2022-05-09,38.04999924,38.04999924,36.29999924,36.45000076,476585,0,1,30.10384795,yahoo_bootstrap
2022-05-10,36.15000153,36.29999924,35.20000076,35.54999924,462270,0,1,29.36054182,yahoo_bootstrap
2022-05-11,36,36,35.04999924,35.29999924,140200,0,1,29.15406824,yahoo_bootstrap
2022-05-12,35.29999924,35.29999924,34.34999847,34.34999847,289638,0,1,28.36946802,yahoo_bootstrap
2022-05-13,34.34999847,34.95000076,34.34999847,34.90000153,172379,0,1,28.82371241,yahoo_bootstrap
2022-05-16,34.95000076,35.29999924,34.70000076,34.90000153,80000,0,1,28.82371241,yahoo_bootstrap
2022-05-17,34.95000076,35.59999847,34.95000076,35.34999847,66478,0,1,29.19536232,yahoo_bootstrap
2022-05-18,35.34999847,35.59999847,35.25,35.45000076,48000,0,1,29.27795364,yahoo_bootstrap
2022-05-19,35.40000153,35.40000153,34.54999924,34.79999924,116996,0,1,28.74112109,yahoo_bootstrap
2022-05-20,35,35.20000076,34.5,35.04999924,81001,0,1,28.94759467,yahoo_bootstrap
2022-05-23,35.09999847,35.09999847,34.79999924,35.09999847,69142,0,1,28.98888875,yahoo_bootstrap
2022-05-24,35.29999924,35.29999924,35,35,50030,0,1,28.90630058,yahoo_bootstrap
2022-05-25,35.25,35.25,35.04999924,35.15000153,62232,0,1,29.03018599,yahoo_bootstrap
2022-05-26,35.15000153,35.29999924,35.04999924,35.09999847,57002,0,1,28.98888875,yahoo_bootstrap
2022-05-27,35.20000076,35.5,35.20000076,35.29999924,80100,0,1,29.15406824,yahoo_bootstrap
2022-05-30,35.59999847,36,35.45000076,36,97002,0,1,29.73219488,yahoo_bootstrap
2022-05-31,36,36.09999847,35.59999847,35.79999924,68117,0,1,29.5670154,yahoo_bootstrap
2022-06-01,35.84999847,36.15000153,35.84999847,35.90000153,33038,0,1,29.64960672,yahoo_bootstrap
2022-06-02,35.90000153,36,35.84999847,35.90000153,68101,0,1,29.64960672,yahoo_bootstrap
2022-06-06,36.15000153,36.45000076,36.04999924,36.45000076,72100,0,1,30.10384795,yahoo_bootstrap
2022-06-07,36.45000076,36.45000076,36.25,36.34999847,32442,0,1,30.02125663,yahoo_bootstrap
2022-06-08,36.20000076,36.59999847,36.20000076,36.5,48400,0,1,30.14514203,yahoo_bootstrap
2022-06-09,36.5,36.59999847,36.29999924,36.54999924,52002,0,1,30.18643612,yahoo_bootstrap
2022-06-10,36.34999847,36.5,36.20000076,36.29999924,70001,0,1,29.97996255,yahoo_bootstrap
2022-06-13,35.79999924,36,35.34999847,35.75,63000,0,1,29.52572131,yahoo_bootstrap
2022-06-14,35.75,35.75,35.09999847,35.34999847,106142,0,1,29.19536232,yahoo_bootstrap
2022-06-15,35.59999847,36.09999847,35.59999847,36,99812,0,1,29.73219488,yahoo_bootstrap
2022-06-16,36.40000153,36.45000076,35.40000153,35.59999847,77030,0,1,29.4018359,yahoo_bootstrap
2022-06-17,35.20000076,35.5,35.15000153,35.25,96022,0,1,29.11277416,yahoo_bootstrap
2022-06-20,35.25,35.29999924,34.70000076,34.70000076,135561,0,1,28.65853292,yahoo_bootstrap
2022-06-21,34.70000076,35.15000153,34.70000076,35.15000153,53849,0,1,29.03018599,yahoo_bootstrap
2022-06-22,35.15000153,35.15000153,34.40000153,34.45000076,218000,0,1,28.45205934,yahoo_bootstrap
2022-06-23,34.5,34.75,34.5,34.70000076,126015,0,1,28.65853292,yahoo_bootstrap
2022-06-24,35.04999924,38,35.04999924,36.15000153,498620,0,1,29.85608029,yahoo_bootstrap
2022-06-27,37.59999847,37.59999847,36.65000153,37.09999847,450543,0,1,30.64067735,yahoo_bootstrap
2022-06-28,36.70000076,37.09999847,36.70000076,36.70000076,86235,0,1,30.31032152,yahoo_bootstrap
2022-06-29,36.29999924,36.70000076,36.25,36.45000076,95000,0,1,30.10384795,yahoo_bootstrap
2022-06-30,36.15000153,36.15000153,35.5,35.95000076,138201,0,1,29.6909008,yahoo_bootstrap
2022-07-01,36.45000076,36.59999847,34.90000153,35.09999847,135123,0,1,28.98888875,yahoo_bootstrap
2022-07-04,35.34999847,36.20000076,35.20000076,36.15000153,176100,0,1,29.85608029,yahoo_bootstrap
2022-07-05,36.29999924,36.90000153,35.75,36.5,213000,0,1,30.14514203,yahoo_bootstrap
2022-07-06,36.5,36.5,35.40000153,35.45000076,101250,0,1,29.27795364,yahoo_bootstrap
2022-07-07,35.40000153,35.79999924,35.09999847,35.65000153,130106,0,1,29.44313314,yahoo_bootstrap
2022-07-08,35.65000153,36,35.59999847,35.90000153,276141,0,1,29.64960672,yahoo_bootstrap
2022-07-11,33.90000153,34,33.70000076,33.90000153,146100,2.5,1,30.09346308,yahoo_bootstrap
2022-07-12,33.84999847,33.84999847,32.40000153,32.5,237005,0,1,28.8506639,yahoo_bootstrap
2022-07-13,32.79999924,33.29999924,32.5,32.90000153,101000,0,1,29.20575035,yahoo_bootstrap
2022-07-14,32.75,33,32.45000076,32.90000153,47723,0,1,29.20575035,yahoo_bootstrap
2022-07-15,32.90000153,32.95000076,32.75,32.75,61481,0,1,29.07259208,yahoo_bootstrap
2022-07-18,32.75,33.09999847,32.75,33,40174,0,1,29.29452026,yahoo_bootstrap
2022-07-19,33,33.04999924,32.90000153,33,48001,0,1,29.29452026,yahoo_bootstrap
2022-07-20,33.54999924,33.95000076,33.54999924,33.70000076,113692,0,1,29.91591985,yahoo_bootstrap
2022-07-21,33.84999847,33.90000153,33.45000076,33.75,62177,0,1,29.96030482,yahoo_bootstrap
2022-07-22,33.75,34.04999924,33.75,33.84999847,54620,0,1,30.04907473,yahoo_bootstrap
2022-07-25,33.84999847,34,33.70000076,33.90000153,38123,0,1,30.09346308,yahoo_bootstrap
2022-07-26,33.95000076,34,33.84999847,34,34001,0,1,30.182233,yahoo_bootstrap
2022-07-27,33.95000076,33.95000076,33.45000076,33.90000153,65021,0,1,30.09346308,yahoo_bootstrap
2022-07-28,34,34,33.70000076,33.70000076,47001,0,1,29.91591985,yahoo_bootstrap
2022-07-29,34,34,33.59999847,33.59999847,44050,0,1,29.82714655,yahoo_bootstrap
2022-08-01,33.59999847,34.15000153,33.59999847,34,47185,0,1,30.182233,yahoo_bootstrap
2022-08-02,34,34.25,33.90000153,34.15000153,42000,0,1,30.31539127,yahoo_bootstrap
2022-08-03,34.15000153,34.15000153,33.90000153,34,44002,0,1,30.182233,yahoo_bootstrap
2022-08-04,34,34,33.5,33.70000076,57854,0,1,29.91591985,yahoo_bootstrap
2022-08-05,34,34.15000153,34,34,59445,0,1,30.182233,yahoo_bootstrap
2022-08-08,34,34.15000153,33.90000153,34.15000153,33157,0,1,30.31539127,yahoo_bootstrap
2022-08-09,33.90000153,34.20000076,33.70000076,34.09999847,52363,0,1,30.27100292,yahoo_bootstrap
2022-08-10,34.25,35,34.25,34.79999924,127385,0,1,30.89240251,yahoo_bootstrap
2022-08-11,34.79999924,35.09999847,34.79999924,34.90000153,51008,0,1,30.98117582,yahoo_bootstrap
2022-08-12,34.79999924,35,34.79999924,35,49000,0,1,31.06994574,yahoo_bootstrap
2022-08-15,35,35.09999847,34.90000153,35.04999924,94000,0,1,31.1143307,yahoo_bootstrap
2022-08-16,35.04999924,35.20000076,35,35.20000076,74972,0,1,31.24748896,yahoo_bootstrap
2022-08-17,35.25,35.40000153,35.15000153,35.25,60301,0,1,31.29187392,yahoo_bootstrap
2022-08-18,35.20000076,35.20000076,35.04999924,35.09999847,36134,0,1,31.15871565,yahoo_bootstrap
2022-08-19,35.04999924,35.09999847,35,35.04999924,56000,0,1,31.1143307,yahoo_bootstrap
2022-08-22,35.29999924,35.65000153,35.15000153,35.59999847,94000,0,1,31.60257202,yahoo_bootstrap
2022-08-23,35.45000076,35.45000076,35.04999924,35.09999847,35120,0,1,31.15871565,yahoo_bootstrap
2022-08-24,35.09999847,35.09999847,34.79999924,34.84999847,68013,0,1,30.93678747,yahoo_bootstrap
2022-08-25,34.84999847,35.04999924,34.84999847,35.04999924,58307,0,1,31.1143307,yahoo_bootstrap
2022-08-26,35.20000076,35.20000076,34.95000076,35.09999847,67000,0,1,31.15871565,yahoo_bootstrap
2022-08-29,34.54999924,35.04999924,34.40000153,34.70000076,51001,0,1,30.80363259,yahoo_bootstrap
2022-08-30,34.5,34.65000153,34.5,34.65000153,49000,0,1,30.75924764,yahoo_bootstrap
2022-08-31,35,35,34.79999924,35,17000,0,1,31.06994574,yahoo_bootstrap
2022-09-01,34.40000153,34.54999924,34.40000153,34.40000153,82112,0,1,30.53731945,yahoo_bootstrap
2022-09-02,34.40000153,34.40000153,34.20000076,34.25,53000,0,1,30.40416118,yahoo_bootstrap
2022-09-05,34.25,34.29999924,34.09999847,34.09999847,43000,0,1,30.27100292,yahoo_bootstrap
2022-09-06,34.09999847,34.15000153,33.90000153,34,34321,0,1,30.182233,yahoo_bootstrap
2022-09-07,33.79999924,33.90000153,33.5,33.90000153,57198,0,1,30.09346308,yahoo_bootstrap
2022-09-08,33.84999847,34.09999847,33.84999847,34,25000,0,1,30.182233,yahoo_bootstrap
2022-09-12,34.20000076,35,34.20000076,34.70000076,127000,0,1,30.80363259,yahoo_bootstrap
2022-09-13,34.75,34.90000153,34.70000076,34.90000153,26792,0,1,30.98117582,yahoo_bootstrap
2022-09-14,34.70000076,34.70000076,34.5,34.70000076,51297,0,1,30.80363259,yahoo_bootstrap
2022-09-15,34.45000076,34.5,34.40000153,34.40000153,43560,0,1,30.53731945,yahoo_bootstrap
2022-09-16,34.59999847,34.59999847,33.95000076,34.15000153,48000,0,1,30.31539127,yahoo_bootstrap
2022-09-19,34,34,33.59999847,33.70000076,87528,0,1,29.91591985,yahoo_bootstrap
2022-09-20,33.95000076,34.45000076,33.75,34,142245,0,1,30.182233,yahoo_bootstrap
2022-09-21,34,34,33.40000153,33.54999924,111001,0,1,29.78276159,yahoo_bootstrap
2022-09-22,33.5,33.5,33,33.5,74574,0,1,29.73837663,yahoo_bootstrap
2022-09-23,33.5,33.5,33.09999847,33.15000153,62130,0,1,29.42767853,yahoo_bootstrap
2022-09-26,33.15000153,33.15000153,32.5,32.70000076,90011,0,1,29.02820712,yahoo_bootstrap
2022-09-27,32.70000076,32.70000076,32.29999924,32.40000153,92000,0,1,28.76189398,yahoo_bootstrap
2022-09-28,32.29999924,32.59999847,31.45000076,31.45000076,145100,0,1,27.9185662,yahoo_bootstrap
2022-09-29,31.79999924,31.79999924,31.45000076,31.79999924,84924,0,1,28.22926431,yahoo_bootstrap
2022-09-30,31.70000076,31.89999962,31.54999924,31.89999962,52069,0,1,28.31803592,yahoo_bootstrap
2022-10-03,31.60000038,31.79999924,31.54999924,31.64999962,42001,0,1,28.09610773,yahoo_bootstrap
2022-10-04,31.70000076,31.89999962,31.64999962,31.79999924,88001,0,1,28.22926431,yahoo_bootstrap
2022-10-05,32,32.25,31.79999924,31.79999924,70619,0,1,28.22926431,yahoo_bootstrap
2022-10-06,31.79999924,31.79999924,31.60000038,31.64999962,36000,0,1,28.09610773,yahoo_bootstrap
2022-10-07,31.45000076,31.75,31.29999924,31.70000076,80000,0,1,28.14049438,yahoo_bootstrap
2022-10-11,32.45000076,33.04999924,31.54999924,31.85000038,152100,0,1,28.27365096,yahoo_bootstrap
2022-10-12,31.75,31.89999962,31.75,31.89999962,21143,0,1,28.31803592,yahoo_bootstrap
2022-10-13,31.70000076,31.70000076,31,31.04999924,132801,0,1,27.56347976,yahoo_bootstrap
2022-10-14,31.35000038,31.45000076,31.10000038,31.45000076,27240,0,1,27.9185662,yahoo_bootstrap
2022-10-17,31.45000076,31.75,31.10000038,31.45000076,36010,0,1,27.9185662,yahoo_bootstrap
2022-10-18,31.5,31.5,31.14999962,31.35000038,41260,0,1,27.82979459,yahoo_bootstrap
2022-10-19,31.39999962,31.54999924,31.20000076,31.29999924,29318,0,1,27.78540794,yahoo_bootstrap
2022-10-20,31.54999924,32.09999847,31.29999924,31.45000076,159009,0,1,27.9185662,yahoo_bootstrap
2022-10-21,31.39999962,31.5,31.29999924,31.5,23000,0,1,27.96295116,yahoo_bootstrap
2022-10-24,31.5,31.75,31.29999924,31.75,58001,0,1,28.18487935,yahoo_bootstrap
2022-10-25,31.75,31.85000038,31.20000076,31.25,61495,0,1,27.74102298,yahoo_bootstrap
2022-10-26,31.25,31.70000076,31.20000076,31.25,45001,0,1,27.74102298,yahoo_bootstrap
2022-10-27,31.35000038,31.70000076,31.35000038,31.60000038,30018,0,1,28.05172277,yahoo_bootstrap
2022-10-28,31.14999962,31.39999962,31.10000038,31.10000038,36166,0,1,27.6078664,yahoo_bootstrap
2022-10-31,31,31.29999924,31,31.20000076,39906,0,1,27.69663802,yahoo_bootstrap
2022-11-01,31,31.29999924,30.89999962,31.29999924,28025,0,1,27.78540794,yahoo_bootstrap
2022-11-02,31.45000076,31.95000076,31.39999962,31.95000076,58029,0,1,28.36242257,yahoo_bootstrap
2022-11-03,31.70000076,32,31.70000076,32,32558,0,1,28.40680753,yahoo_bootstrap
2022-11-04,31.85000038,32.04999924,31.79999924,32,68350,0,1,28.40680753,yahoo_bootstrap
2022-11-07,32.15000153,32.29999924,31.95000076,31.95000076,89333,0,1,28.36242257,yahoo_bootstrap
2022-11-08,32,32.04999924,31.85000038,31.89999962,116223,0,1,28.31803592,yahoo_bootstrap
2022-11-09,31.89999962,31.89999962,31.79999924,31.85000038,83209,0,1,28.27365096,yahoo_bootstrap
2022-11-10,32.59999847,33.04999924,31.79999924,31.79999924,163000,0,1,28.22926431,yahoo_bootstrap
2022-11-11,32.09999847,32.20000076,31.85000038,31.89999962,37469,0,1,28.31803592,yahoo_bootstrap
2022-11-14,32.20000076,32.20000076,31.89999962,31.95000076,43000,0,1,28.36242257,yahoo_bootstrap
2022-11-15,31.95000076,32,31.85000038,31.95000076,52052,0,1,28.36242257,yahoo_bootstrap
2022-11-16,32,32,31.75,31.75,169887,0,1,28.18487935,yahoo_bootstrap
2022-11-17,31.75,31.85000038,31.75,31.85000038,78397,0,1,28.27365096,yahoo_bootstrap
2022-11-18,31.85000038,31.95000076,31.85000038,31.89999962,43007,0,1,28.31803592,yahoo_bootstrap
2022-11-21,31.89999962,32.45000076,31.89999962,31.95000076,261000,0,1,28.36242257,yahoo_bootstrap
2022-11-22,31.95000076,32,31.85000038,31.95000076,66107,0,1,28.36242257,yahoo_bootstrap
2022-11-23,31.95000076,32,31.89999962,31.95000076,43391,0,1,28.36242257,yahoo_bootstrap
2022-11-24,32,32,31.79999924,32,74673,0,1,28.40680753,yahoo_bootstrap
2022-11-25,32,32,31.95000076,32,27030,0,1,28.40680753,yahoo_bootstrap
2022-11-28,31.89999962,31.95000076,31.75,31.95000076,61337,0,1,28.36242257,yahoo_bootstrap
2022-11-29,31.89999962,32,31.79999924,32,65030,0,1,28.40680753,yahoo_bootstrap
2022-11-30,32,32,31.85000038,32,101250,0,1,28.40680753,yahoo_bootstrap
2022-12-01,32,32.25,32,32.20000076,171441,0,1,28.58435075,yahoo_bootstrap
2022-12-02,32.15000153,32.29999924,32.09999847,32.29999924,189328,0,1,28.67312068,yahoo_bootstrap
2022-12-05,32.29999924,32.90000153,32.29999924,32.90000153,115000,0,1,29.20575035,yahoo_bootstrap
2022-12-06,32.90000153,32.95000076,32.65000153,32.70000076,63101,0,1,29.02820712,yahoo_bootstrap
2022-12-07,32.59999847,32.70000076,32.45000076,32.54999924,206031,0,1,28.89504886,yahoo_bootstrap
2022-12-08,32.5,32.5,32.25,32.45000076,47001,0,1,28.80627893,yahoo_bootstrap
2022-12-09,32.34999847,32.5,32.34999847,32.45000076,31150,0,1,28.80627893,yahoo_bootstrap
2022-12-12,32.5,33,32.5,32.65000153,164100,0,1,28.98382217,yahoo_bootstrap
2022-12-13,32.90000153,32.90000153,32.25,32.25,93060,0,1,28.62873571,yahoo_bootstrap
2022-12-14,32.09999847,32.84999847,32.09999847,32.75,96101,0,1,29.07259208,yahoo_bootstrap
2022-12-15,32.5,32.84999847,32.5,32.75,33001,0,1,29.07259208,yahoo_bootstrap
2022-12-16,32.70000076,32.70000076,32.40000153,32.40000153,80200,0,1,28.76189398,yahoo_bootstrap
2022-12-19,32.34999847,32.45000076,32.34999847,32.34999847,32417,0,1,28.71750563,yahoo_bootstrap
2022-12-20,32.40000153,33.34999847,32.40000153,32.65000153,246201,0,1,28.98382217,yahoo_bootstrap
2022-12-21,32.45000076,33,32.45000076,32.54999924,62150,0,1,28.89504886,yahoo_bootstrap
2022-12-22,32.54999924,32.79999924,32.5,32.79999924,40036,0,1,29.11697704,yahoo_bootstrap
2022-12-23,32.75,32.75,32.5,32.65000153,40000,0,1,28.98382217,yahoo_bootstrap
2022-12-26,32.5,32.79999924,32.5,32.65000153,23322,0,1,28.98382217,yahoo_bootstrap
2022-12-27,32.65000153,32.79999924,32.54999924,32.65000153,44622,0,1,28.98382217,yahoo_bootstrap
2022-12-28,32.65000153,33,32.54999924,32.54999924,40001,0,1,28.89504886,yahoo_bootstrap
2022-12-29,32.54999924,32.54999924,32.25,32.25,40030,0,1,28.62873571,yahoo_bootstrap
2022-12-30,32.54999924,32.79999924,32.5,32.70000076,56030,0,1,29.02820712,yahoo_bootstrap
2023-01-03,32.75,33.25,32.75,32.84999847,99517,0,1,29.161362,yahoo_bootstrap
2023-01-04,33,33.15000153,33,33.15000153,78000,0,1,29.42767853,yahoo_bootstrap
2023-01-05,33.20000076,33.5,33.04999924,33.04999924,91932,0,1,29.33890523,yahoo_bootstrap
2023-01-06,33.04999924,33.59999847,33,33.25,42001,0,1,29.51644845,yahoo_bootstrap
2023-01-09,33.70000076,33.70000076,33.29999924,33.40000153,58601,0,1,29.64960672,yahoo_bootstrap
2023-01-10,33.40000153,34.20000076,33.40000153,33.95000076,225676,0,1,30.13784804,yahoo_bootstrap
2023-01-11,34.09999847,34.09999847,33.59999847,33.59999847,41501,0,1,29.82714655,yahoo_bootstrap
2023-01-12,34,34,33.29999924,33.29999924,45753,0,1,29.56083341,yahoo_bootstrap
2023-01-13,33.40000153,33.5,33.09999847,33.09999847,69094,0,1,29.38329018,yahoo_bootstrap
2023-01-16,33.59999847,33.59999847,33.15000153,33.15000153,40165,0,1,29.42767853,yahoo_bootstrap
2023-01-17,33.15000153,33.15000153,33,33.04999924,115000,0,1,29.33890523,yahoo_bootstrap
2023-01-30,33.20000076,34.09999847,33.20000076,33.75,200535,0,1,29.96030482,yahoo_bootstrap
2023-01-31,33.70000076,33.90000153,33.70000076,33.79999924,35040,0,1,30.00468978,yahoo_bootstrap
2023-02-01,33.79999924,34,33.79999924,33.90000153,47339,0,1,30.09346308,yahoo_bootstrap
2023-02-02,33.90000153,34.04999924,33.90000153,34,86541,0,1,30.182233,yahoo_bootstrap
2023-02-03,35,36,34.90000153,34.95000076,478436,0,1,31.02556077,yahoo_bootstrap
2023-02-06,35.09999847,35.40000153,35,35.20000076,181531,0,1,31.24748896,yahoo_bootstrap
2023-02-07,35.20000076,35.29999924,35.04999924,35.20000076,104214,0,1,31.24748896,yahoo_bootstrap
2023-02-08,35.34999847,35.34999847,35.15000153,35.20000076,122600,0,1,31.24748896,yahoo_bootstrap
2023-02-09,35.40000153,36.20000076,35.40000153,36.04999924,464400,0,1,32.00204343,yahoo_bootstrap
2023-02-10,36.45000076,37.79999924,36.25,37.5,1310653,0,1,33.28922757,yahoo_bootstrap
2023-02-13,38,39.75,37.65000153,39.45000076,2513179,0,1,35.02026808,yahoo_bootstrap
2023-02-14,39.79999924,40.79999924,38.75,39.34999847,3897808,0,1,34.93149478,yahoo_bootstrap
2023-02-15,39.34999847,39.40000153,38.45000076,38.5,1276308,0,1,34.17694031,yahoo_bootstrap
2023-02-16,39,39.70000076,38.20000076,38.20000076,1076390,0,1,33.91062716,yahoo_bootstrap
2023-02-17,38.25,38.84999847,37.79999924,38.65000153,604112,0,1,34.31009858,yahoo_bootstrap
2023-02-20,38.84999847,40.75,38.84999847,39.59999847,1577199,0,1,35.15342296,yahoo_bootstrap
2023-02-21,39.59999847,39.79999924,38.95000076,39.25,753280,0,1,34.84272486,yahoo_bootstrap
2023-02-22,38.59999847,39.29999924,38.59999847,39.15000153,412145,0,1,34.75395494,yahoo_bootstrap
2023-02-23,39.25,39.79999924,39.09999847,39.40000153,610309,0,1,34.97588313,yahoo_bootstrap
2023-02-24,39.20000076,39.20000076,38.29999924,38.34999847,948276,0,1,34.04378204,yahoo_bootstrap
2023-03-01,38.29999924,39.40000153,38.09999847,38.90000153,550537,0,1,34.53202676,yahoo_bootstrap
2023-03-02,39.09999847,39.5,38.5,39.20000076,449996,0,1,34.7983399,yahoo_bootstrap
2023-03-03,39.59999847,42.75,39.20000076,40.25,3439552,0,1,35.7304376,yahoo_bootstrap
2023-03-06,41.20000076,42.25,40.75,41.15000153,2651360,0,1,36.52938042,yahoo_bootstrap
2023-03-07,41.15000153,41.70000076,40.75,40.90000153,1136760,0,1,36.30745223,yahoo_bootstrap
2023-03-08,40.95000076,42.34999847,40.84999847,42,1935211,0,1,37.28393488,yahoo_bootstrap
2023-03-09,42.09999847,42.54999924,41.09999847,41.34999847,2372473,0,1,36.70692025,yahoo_bootstrap
2023-03-10,41.20000076,41.20000076,39.5,40,1740223,0,1,35.50850941,yahoo_bootstrap
2023-03-13,39.29999924,39.40000153,38,39.20000076,1305073,0,1,34.7983399,yahoo_bootstrap
2023-03-14,39.20000076,39.84999847,38.59999847,39.75,798371,0,1,35.28658123,yahoo_bootstrap
2023-03-15,40.20000076,40.75,39.29999924,39.34999847,864211,0,1,34.93149478,yahoo_bootstrap
2023-03-16,39.29999924,39.29999924,37.5,37.75,1403033,0,1,33.51115576,yahoo_bootstrap
2023-03-17,38.29999924,39.84999847,38.25,39.34999847,1130812,0,1,34.93149478,yahoo_bootstrap
2023-03-20,39.84999847,41.45000076,39.54999924,40.34999847,1841122,0,1,35.81920751,yahoo_bootstrap
2023-03-21,40.95000076,41.29999924,40,40.25,1420153,0,1,35.7304376,yahoo_bootstrap
2023-03-22,40.40000153,40.79999924,40.29999924,40.65000153,596466,0,1,36.08552405,yahoo_bootstrap
2023-03-23,40.79999924,41.20000076,40.25,40.95000076,848370,0,1,36.35183718,yahoo_bootstrap
2023-03-24,41.29999924,41.5,40.45000076,40.5,1006001,0,1,35.95236578,yahoo_bootstrap
2023-03-27,40.59999847,41.45000076,40.59999847,41.25,976401,0,1,36.61815033,yahoo_bootstrap
2023-03-28,41.5,41.65000153,40.09999847,40.29999924,754002,0,1,35.77482256,yahoo_bootstrap
2023-03-29,40.5,40.59999847,40,40.04999924,322503,0,1,35.55289437,yahoo_bootstrap
2023-03-30,40.59999847,40.59999847,39.90000153,40.04999924,366100,0,1,35.55289437,yahoo_bootstrap
2023-03-31,40.5,41.09999847,40.09999847,40.25,412000,0,1,35.7304376,yahoo_bootstrap
2023-04-06,40.45000076,41.29999924,40.04999924,41.15000153,933354,0,1,36.52938042,yahoo_bootstrap
2023-04-07,41.34999847,41.70000076,41,41.20000076,600963,0,1,36.57376537,yahoo_bootstrap
2023-04-10,41.90000153,45.29999924,41.90000153,44.34999847,7611313,0,1,39.37005845,yahoo_bootstrap
2023-04-11,44.04999924,44.65000153,43.15000153,43.79999924,2447155,0,1,38.88181713,yahoo_bootstrap
2023-04-12,44,44,42.75,43.40000153,1233099,0,1,38.52673407,yahoo_bootstrap
2023-04-13,43.40000153,44,43,43.20000076,1001289,0,1,38.34919084,yahoo_bootstrap
2023-04-14,43.84999847,45.25,43.15000153,43.84999847,3122547,0,1,38.92620208,yahoo_bootstrap
2023-04-17,45.59999847,48,45.5,47.04999924,8838437,0,1,41.76688352,yahoo_bootstrap
2023-04-18,47.5,48.20000076,45.95000076,46.40000153,4518802,0,1,41.18987228,yahoo_bootstrap
2023-04-19,45.84999847,47.25,45.84999847,46.54999924,1927812,0,1,41.32302715,yahoo_bootstrap
2023-04-20,46.70000076,47.40000153,44.70000076,45.29999924,2776333,0,1,40.21338623,yahoo_bootstrap
2023-04-21,46.79999924,48,44.20000076,44.65000153,5343250,0,1,39.63637499,yahoo_bootstrap
2023-04-24,44.45000076,46.25,44.04999924,45.20000076,1735145,0,1,40.12461631,yahoo_bootstrap
2023-04-25,45.34999847,45.75,43.29999924,43.79999924,1838118,0,1,38.88181713,yahoo_bootstrap
2023-04-26,43.5,45.5,43.29999924,44.84999847,1869369,0,1,39.81391482,yahoo_bootstrap
2023-04-27,44.79999924,46.29999924,44.65000153,45.54999924,1708512,0,1,40.43531442,yahoo_bootstrap
2023-04-28,46.5,49.40000153,46.15000153,49.40000153,7959421,0,1,43.85301048,yahoo_bootstrap
2023-05-02,51.29999924,54.29999924,51.20000076,53,17308997,0,1,47.04877497,yahoo_bootstrap
2023-05-03,52.29999924,54,51.5,53.59999847,6375435,0,1,47.58140125,yahoo_bootstrap
2023-05-04,57,57,52,52.40000153,7013089,0,1,46.51614869,yahoo_bootstrap
2023-05-05,55,57.59999847,54.29999924,56.29999924,18383866,0,1,49.97822632,yahoo_bootstrap
2023-05-08,57.29999924,61.90000153,57.20000076,61.90000153,12242614,0,1,54.94941967,yahoo_bootstrap
2023-05-09,64.90000153,65.90000153,61.20000076,63.09999847,33570783,0,1,56.01467224,yahoo_bootstrap
2023-05-10,62.59999847,62.59999847,58.5,62.40000153,13844880,0,1,55.39327604,yahoo_bootstrap
2023-05-11,62.5,63,59,60.40000153,8913569,0,1,53.61785057,yahoo_bootstrap
2023-05-12,59.90000153,65.80000305,59.70000076,63.90000153,21533896,0,1,56.72484514,yahoo_bootstrap
2023-05-15,62.59999847,63.29999924,60.5,60.70000076,7088546,0,1,53.88416371,yahoo_bootstrap
2023-05-16,61.59999847,62.90000153,61,61.90000153,5662082,0,1,54.94941967,yahoo_bootstrap
2023-05-17,62.59999847,68,62.29999924,68,16510849,0,1,60.364466,yahoo_bootstrap
2023-05-18,69.40000153,74.30000305,69,71,53571216,0,1,63.02760421,yahoo_bootstrap
2023-05-19,72.5,73.69999695,67.30000305,69.40000153,22549594,0,1,61.60726519,yahoo_bootstrap
2023-05-22,69.30000305,71.5,68.90000153,70.09999847,8523287,0,1,62.22866139,yahoo_bootstrap
2023-05-23,70.90000153,76.5,70.5,73.09999847,28076107,0,1,64.89179959,yahoo_bootstrap
2023-05-24,73.30000305,73.90000153,72.19999695,72.59999847,8049517,0,1,64.44794322,yahoo_bootstrap
2023-05-25,74.09999847,76.19999695,71.59999847,72.09999847,13448577,0,1,64.00408686,yahoo_bootstrap
2023-05-26,73.5,74.69999695,69,70,11343171,0,1,62.13989147,yahoo_bootstrap
2023-05-29,71,71.90000153,70,71.69999695,5161540,0,1,63.64900041,yahoo_bootstrap
2023-05-30,73.40000153,74.40000153,70.40000153,72.09999847,8307560,0,1,64.00408686,yahoo_bootstrap
2023-05-31,71.59999847,73.30000305,71,71.5,5508310,0,1,63.47146057,yahoo_bootstrap
2023-06-01,71.59999847,72.90000153,71,72.09999847,4138607,0,1,64.00408686,yahoo_bootstrap
2023-06-02,72.59999847,76.19999695,72.19999695,72.69999695,14538298,0,1,64.53671315,yahoo_bootstrap
2023-06-05,73.59999847,73.90000153,70.59999847,70.59999847,5896495,0,1,62.67251775,yahoo_bootstrap
2023-06-06,70.59999847,70.69999695,68.30000305,69.90000153,6310155,0,1,62.05112155,yahoo_bootstrap
2023-06-07,70.19999695,70.5,68.5,68.5,4024567,0,1,60.80832237,yahoo_bootstrap
2023-06-08,68.19999695,68.59999847,65.80000305,66.40000153,6056824,0,1,58.94412698,yahoo_bootstrap
2023-06-09,67.30000305,68.19999695,66.69999695,67.5,3032705,0,1,59.92060963,yahoo_bootstrap
2023-06-12,67.5,67.80000305,65.59999847,66.30000305,2666384,0,1,58.85535706,yahoo_bootstrap
2023-06-13,66.59999847,67.80000305,66.5,67.19999695,1908376,0,1,59.6542931,yahoo_bootstrap
2023-06-14,67.5,68.69999695,66.59999847,66.69999695,2875493,0,1,59.21043674,yahoo_bootstrap
2023-06-15,67,69.90000153,66,68.5,6668921,0,1,60.80832237,yahoo_bootstrap
2023-06-16,68.5,69,66.80000305,67,2779541,0,1,59.47675326,yahoo_bootstrap
2023-06-19,66.90000153,70.80000305,66.59999847,70.30000305,6853256,0,1,62.406208,yahoo_bootstrap
2023-06-20,69.69999695,71.19999695,68.90000153,71,5360709,0,1,63.02760421,yahoo_bootstrap
2023-06-21,71.09999847,74.30000305,70.5,71.80000305,9941371,0,1,63.7377771,yahoo_bootstrap
2023-06-26,71.59999847,72.40000153,67.69999695,67.80000305,4787335,0,1,60.18692616,yahoo_bootstrap
2023-06-27,67.59999847,69,66.40000153,67.5,2741431,0,1,59.92060963,yahoo_bootstrap
2023-06-28,68.09999847,69.19999695,67.19999695,67.80000305,2345350,0,1,60.18692616,yahoo_bootstrap
2023-06-29,68.40000153,71.80000305,68.30000305,70.40000153,4364709,0,1,62.49497792,yahoo_bootstrap
2023-06-30,70.5,73.30000305,70.5,72.5,5465020,0,1,64.35917331,yahoo_bootstrap
2023-07-03,74.5,79.69999695,73.59999847,79.69999695,12114402,0,1,70.75070229,yahoo_bootstrap
2023-07-04,82.59999847,82.59999847,71.80000305,71.80000305,20760729,0,1,63.7377771,yahoo_bootstrap
2023-07-05,72.30000305,72.69999695,70,70,7108971,0,1,62.13989147,yahoo_bootstrap
2023-07-06,69.5,71.90000153,68.80000305,70.59999847,4776540,0,1,62.67251775,yahoo_bootstrap
2023-07-07,70,71.80000305,69.30000305,70.19999695,2822098,0,1,62.31743131,yahoo_bootstrap
2023-07-10,70.30000305,70.80000305,68.90000153,70,2177170,0,1,62.13989147,yahoo_bootstrap
2023-07-11,70.5,70.69999695,69.5,69.90000153,1591272,0,1,62.05112155,yahoo_bootstrap
2023-07-12,70.40000153,71.30000305,68.19999695,68.5,3359385,0,1,60.80832237,yahoo_bootstrap
2023-07-13,69,69.80000305,68.30000305,68.40000153,2140313,0,1,60.71955245,yahoo_bootstrap
2023-07-14,69.19999695,69.5,68.30000305,68.40000153,1589105,0,1,60.71955245,yahoo_bootstrap
2023-07-17,68.5,70.59999847,66.59999847,69.40000153,2631082,0,1,61.60726519,yahoo_bootstrap
2023-07-18,70.09999847,70.40000153,67.09999847,67.90000153,2682702,0,1,60.27569608,yahoo_bootstrap
2023-07-19,67.09999847,68.5,66.19999695,66.5,2771847,2,1,60.82448705,yahoo_bootstrap
2023-07-20,67.19999695,72.90000153,66.90000153,71.19999695,8586098,0,1,65.12335778,yahoo_bootstrap
2023-07-21,72,74.59999847,69.30000305,74.09999847,18481564,0,1,67.7758556,yahoo_bootstrap
2023-07-24,77.40000153,77.80000305,70.59999847,71,11764580,0,1,64.94042978,yahoo_bootstrap
2023-07-25,71.5,78.09999847,71.30000305,78.09999847,14241896,0,1,71.43447136,yahoo_bootstrap
2023-07-26,80,82.5,75.80000305,76.40000153,37835376,0,1,69.87956246,yahoo_bootstrap
2023-07-27,75.80000305,77.5,73.5,73.90000153,11195455,0,1,67.59292761,yahoo_bootstrap
2023-07-28,74.30000305,74.40000153,71.5,72.5,4623146,0,1,66.31241069,yahoo_bootstrap
2023-07-31,72.90000153,74.69999695,72.19999695,72.19999695,4771973,0,1,66.03801172,yahoo_bootstrap
2023-08-01,72.19999695,72.90000153,70.09999847,71.30000305,2658392,0,1,65.21482875,yahoo_bootstrap
2023-08-02,72.90000153,76.5,72.09999847,73.59999847,11572642,0,1,67.31852863,yahoo_bootstrap
2023-08-04,72.90000153,74.59999847,71.59999847,72.5,5308424,0,1,66.31241069,yahoo_bootstrap
2023-08-07,72.30000305,72.40000153,69.80000305,72.19999695,3472274,0,1,66.03801172,yahoo_bootstrap
2023-08-08,73.5,74.30000305,72,72.40000153,3294459,0,1,66.2209467,yahoo_bootstrap
2023-08-09,72,73,70.09999847,70.40000153,2687438,0,1,64.39163882,yahoo_bootstrap
2023-08-10,70.19999695,70.19999695,63.79999924,65,6458240,0,1,59.45250614,yahoo_bootstrap
2023-08-11,65.90000153,66.30000305,63.09999847,63.5,2983825,0,1,58.08052523,yahoo_bootstrap
2023-08-14,62.5,63.70000076,61.40000153,61.5,2167561,0,1,56.25121735,yahoo_bootstrap
2023-08-15,62,62.70000076,61.40000153,61.70000076,1167132,0,1,56.43414883,yahoo_bootstrap
2023-08-16,61,61.70000076,59.59999847,61.5,1571115,0,1,56.25121735,yahoo_bootstrap
2023-08-17,61.20000076,63.59999847,60.29999924,63.5,1730239,0,1,58.08052523,yahoo_bootstrap
2023-08-18,62.79999924,63,60.70000076,61,1940500,0,1,55.79389038,yahoo_bootstrap
2023-08-21,61.70000076,61.90000153,60.20000076,60.79999924,1741261,0,1,55.61095889,yahoo_bootstrap
2023-08-22,61.5,61.79999924,60.29999924,60.59999847,1107011,0,1,55.4280274,yahoo_bootstrap
2023-08-23,60.70000076,62,60.70000076,61.40000153,1093666,0,1,56.15975335,yahoo_bootstrap
2023-08-24,62,62.90000153,60.79999924,61,1210091,0,1,55.79389038,yahoo_bootstrap
2023-08-25,60.20000076,61.20000076,60.20000076,60.40000153,608937,0,1,55.24509941,yahoo_bootstrap
2023-08-28,60.79999924,60.79999924,59,59.40000153,1149010,0,1,54.33044547,yahoo_bootstrap
2023-08-29,59.90000153,60.20000076,59.29999924,59.59999847,467386,0,1,54.51337346,yahoo_bootstrap
2023-08-30,60.40000153,61,59.90000153,60.20000076,807308,0,1,55.06216792,yahoo_bootstrap
2023-08-31,60.70000076,60.70000076,59.29999924,60.40000153,711209,0,1,55.24509941,yahoo_bootstrap
2023-09-01,60.79999924,61.5,60.09999847,60.59999847,891402,0,1,55.4280274,yahoo_bootstrap
2023-09-04,62.09999847,64.40000153,61.40000153,64.19999695,4838489,0,1,58.7207802,yahoo_bootstrap
2023-09-05,63,63.90000153,62.40000153,63.90000153,2048629,0,1,58.4463882,yahoo_bootstrap
2023-09-06,63.90000153,64.40000153,63.09999847,63.5,1077460,0,1,58.08052523,yahoo_bootstrap
2023-09-07,63.29999924,65.30000305,62.79999924,64.19999695,1454001,0,1,58.7207802,yahoo_bootstrap
2023-09-08,63.79999924,66,63.79999924,64.69999695,2097150,0,1,59.17810717,yahoo_bootstrap
2023-09-11,64.69999695,65.5,62.59999847,62.59999847,1550733,0,1,57.25733528,yahoo_bootstrap
2023-09-12,63,63.29999924,62.29999924,62.59999847,547107,0,1,57.25733528,yahoo_bootstrap
2023-09-13,62.59999847,63.29999924,62.40000153,62.90000153,452620,0,1,57.53173426,yahoo_bootstrap
2023-09-14,63.20000076,64.59999847,63.20000076,64.40000153,850234,0,1,58.90371517,yahoo_bootstrap
2023-09-15,64.40000153,64.90000153,63.29999924,63.29999924,908008,0,1,57.89759374,yahoo_bootstrap
2023-09-18,62.40000153,62.70000076,61.5,61.5,1001244,0,1,56.25121735,yahoo_bootstrap
2023-09-19,61.5,61.79999924,60.5,60.5,722019,0,1,55.33656341,yahoo_bootstrap
2023-09-20,60.40000153,61.40000153,60,60.59999847,479050,0,1,55.4280274,yahoo_bootstrap
2023-09-21,60.09999847,60.59999847,59.5,60.09999847,502061,0,1,54.97070043,yahoo_bootstrap
2023-09-22,59.5,61.5,59.20000076,61.20000076,522050,0,1,55.97682186,yahoo_bootstrap
2023-09-25,61.29999924,62.20000076,61.20000076,61.90000153,355065,0,1,56.61708032,yahoo_bootstrap
2023-09-26,61.79999924,63.20000076,60.59999847,60.59999847,736500,0,1,55.4280274,yahoo_bootstrap
2023-09-27,60.79999924,61.40000153,58.40000153,61.40000153,1086951,0,1,56.15975335,yahoo_bootstrap
2023-09-28,62.09999847,62.90000153,61.70000076,62.09999847,1159131,0,1,56.80000831,yahoo_bootstrap
2023-10-02,62.20000076,62.79999924,61.90000153,62.79999924,588537,0,1,57.44026677,yahoo_bootstrap
2023-10-03,62.90000153,63.29999924,62.20000076,62.20000076,593311,0,1,56.8914758,yahoo_bootstrap
2023-10-04,63.70000076,64.19999695,62.5,62.5,3519142,0,1,57.16587129,yahoo_bootstrap
2023-10-05,63,66.80000305,62.70000076,66.5,8011756,0,1,60.82448705,yahoo_bootstrap
2023-10-06,66.09999847,67,65.59999847,66.30000305,3807221,0,1,60.64155905,yahoo_bootstrap
2023-10-11,67.19999695,67.30000305,64.69999695,65.80000305,2407157,0,1,60.18423208,yahoo_bootstrap
2023-10-12,66.30000305,67.40000153,66,67.09999847,2484911,0,1,61.37327801,yahoo_bootstrap
2023-10-13,67.80000305,71.80000305,67.59999847,68.09999847,8795300,0,1,62.28793195,yahoo_bootstrap
2023-10-16,67.30000305,68.40000153,65.5,66.09999847,2763294,0,1,60.45862407,yahoo_bootstrap
2023-10-17,67,68.19999695,66.19999695,66.30000305,1468100,0,1,60.64155905,yahoo_bootstrap
2023-10-18,67.19999695,67.90000153,64.5,65.80000305,1882135,0,1,60.18423208,yahoo_bootstrap
2023-10-19,65,66,64.40000153,64.80000305,736582,0,1,59.26957814,yahoo_bootstrap
2023-10-20,64.40000153,64.40000153,62.09999847,62.09999847,1134167,0,1,56.80000831,yahoo_bootstrap
2023-10-23,61.40000153,62.40000153,60.90000153,61.29999924,855115,0,1,56.06828586,yahoo_bootstrap
2023-10-24,61.5,62.79999924,61.09999847,62.79999924,539885,0,1,57.44026677,yahoo_bootstrap
2023-10-25,63,64,63,63.79999924,617630,0,1,58.35492071,yahoo_bootstrap
2023-10-26,62.40000153,63,61.5,61.59999847,731244,0,1,56.34268134,yahoo_bootstrap
2023-10-27,61.79999924,63.40000153,61.70000076,62.59999847,506000,0,1,57.25733528,yahoo_bootstrap
2023-10-30,63,63.29999924,62.29999924,63,393300,0,1,57.62319826,yahoo_bootstrap
2023-10-31,63.70000076,63.79999924,60,60.29999924,1164200,0,1,55.15363192,yahoo_bootstrap
2023-11-01,61.09999847,61.09999847,60.09999847,61.09999847,403238,0,1,55.88535437,yahoo_bootstrap
2023-11-02,62,62.40000153,61.40000153,61.59999847,458114,0,1,56.34268134,yahoo_bootstrap
2023-11-03,66,67.69999695,64.59999847,64.59999847,6496601,0,1,59.08664316,yahoo_bootstrap
2023-11-06,65.30000305,69.80000305,65.30000305,67.90000153,5204873,0,1,62.10500397,yahoo_bootstrap
2023-11-07,67.5,68.90000153,67,67.59999847,3105910,0,1,61.83060498,yahoo_bootstrap
2023-11-08,68.19999695,68.59999847,66.80000305,66.90000153,1707063,0,1,61.19035002,yahoo_bootstrap
2023-11-09,67.59999847,68.40000153,65.5,65.80000305,2299250,0,1,60.18423208,yahoo_bootstrap
2023-11-10,65.30000305,67.09999847,65.30000305,66.19999695,1099100,0,1,60.55008808,yahoo_bootstrap
2023-11-13,67.5,67.5,66.19999695,66.90000153,797945,0,1,61.19035002,yahoo_bootstrap
2023-11-14,67,67,65.59999847,66.09999847,829101,0,1,60.45862407,yahoo_bootstrap
2023-11-15,66.80000305,66.90000153,65.90000153,65.90000153,1034030,0,1,60.27569608,yahoo_bootstrap
2023-11-16,66.30000305,67,65.80000305,66.80000305,1150980,0,1,61.09888602,yahoo_bootstrap
2023-11-17,66.80000305,67.80000305,66.80000305,66.90000153,1350241,0,1,61.19035002,yahoo_bootstrap
2023-11-20,67.30000305,68.59999847,67,67.40000153,2241150,0,1,61.647677,yahoo_bootstrap
2023-11-21,68.30000305,68.40000153,66.80000305,68,2113291,0,1,62.19646796,yahoo_bootstrap
2023-11-22,67.80000305,69.69999695,67.5,69.09999847,2671721,0,1,63.2025859,yahoo_bootstrap
2023-11-23,70.5,70.5,67.30000305,67.40000153,3441168,0,1,61.647677,yahoo_bootstrap
2023-11-24,67.40000153,67.5,66.30000305,66.30000305,1071172,0,1,60.64155905,yahoo_bootstrap
2023-11-27,66.69999695,66.69999695,64.90000153,65.09999847,1082650,0,1,59.54397013,yahoo_bootstrap
2023-11-28,65.40000153,66.80000305,65.19999695,66.19999695,752061,0,1,60.55008808,yahoo_bootstrap
2023-11-29,66.5,67.59999847,66.09999847,66.5,1019630,0,1,60.82448705,yahoo_bootstrap
2023-11-30,67,67.40000153,66.30000305,67.19999695,1012047,0,1,61.46474202,yahoo_bootstrap
2023-12-01,67.40000153,68.30000305,67.09999847,67.90000153,1237229,0,1,62.10500397,yahoo_bootstrap
2023-12-04,68.19999695,69.30000305,68.19999695,68.69999695,1898862,0,1,62.83672293,yahoo_bootstrap
2023-12-05,70.59999847,71.5,69.19999695,70,10590183,0,1,64.02577584,yahoo_bootstrap
2023-12-06,71.5,77,71.40000153,77,9558809,0,1,70.42835343,yahoo_bootstrap
2023-12-07,76.09999847,76.80000305,71.5,72,16140030,0,1,65.85508372,yahoo_bootstrap
2023-12-08,73.09999847,74.69999695,71.69999695,71.69999695,6898453,0,1,65.58068475,yahoo_bootstrap
2023-12-11,72.30000305,73.09999847,70.59999847,71.59999847,2817295,0,1,65.48922075,yahoo_bootstrap
2023-12-12,72,72.5,70.90000153,71.30000305,2089286,0,1,65.21482875,yahoo_bootstrap
2023-12-13,72.09999847,74,71.90000153,73.30000305,4381016,0,1,67.04413663,yahoo_bootstrap
2023-12-14,74.19999695,74.30000305,71.69999695,72,3251172,0,1,65.85508372,yahoo_bootstrap
2023-12-15,72,72.59999847,71.40000153,71.5,1388058,0,1,65.39775675,yahoo_bootstrap
2023-12-18,71.5,72.90000153,70.69999695,70.69999695,1195441,0,1,64.66603081,yahoo_bootstrap
2023-12-19,71.5,71.5,69.5,70.69999695,1425003,0,1,64.66603081,yahoo_bootstrap
2023-12-20,71.19999695,72.09999847,71,71,1054565,0,1,64.94042978,yahoo_bootstrap
2023-12-21,70,71.40000153,69.80000305,70.59999847,625265,0,1,64.57456681,yahoo_bootstrap
2023-12-22,71.40000153,71.90000153,70.69999695,70.90000153,791435,0,1,64.84896579,yahoo_bootstrap
2023-12-25,71.5,71.80000305,69.5,69.5,1091211,0,1,63.56844887,yahoo_bootstrap
2023-12-26,69.5,70.09999847,69.30000305,69.59999847,596509,0,1,63.65991287,yahoo_bootstrap
2023-12-27,70,70.30000305,68.5,69,1126469,0,1,63.1111219,yahoo_bootstrap
2023-12-28,69.09999847,69.40000153,68.5,68.5,798305,0,1,62.65379493,yahoo_bootstrap
2023-12-29,69.09999847,70.5,68.09999847,69.69999695,1328309,0,1,63.75137687,yahoo_bootstrap
2024-01-02,70.19999695,71.40000153,69.80000305,70.69999695,1257078,0,1,64.66603081,yahoo_bootstrap
2024-01-03,70.30000305,70.5,69.40000153,69.69999695,776892,0,1,63.75137687,yahoo_bootstrap
2024-01-04,70.40000153,71.5,67.69999695,67.69999695,2436364,0,1,61.92206899,yahoo_bootstrap
2024-01-05,68.09999847,70.80000305,68.09999847,69.90000153,1736410,0,1,63.93431185,yahoo_bootstrap
2024-01-08,71,73.40000153,70.80000305,72.5,5576905,0,1,66.31241069,yahoo_bootstrap
2024-01-09,72.59999847,73.09999847,69.5,69.5,2635627,0,1,63.56844887,yahoo_bootstrap
2024-01-10,69.19999695,69.19999695,67.09999847,67.09999847,2388364,0,1,61.37327801,yahoo_bootstrap
2024-01-11,67.19999695,68,66.90000153,67.80000305,948100,0,1,62.01353996,yahoo_bootstrap
2024-01-12,67.90000153,68,66.5,66.5,1063342,0,1,60.82448705,yahoo_bootstrap
2024-01-15,67.30000305,68.09999847,66.90000153,68,654120,0,1,62.19646796,yahoo_bootstrap
2024-01-16,68.30000305,68.30000305,66.80000305,66.90000153,602200,0,1,61.19035002,yahoo_bootstrap
2024-01-17,67.30000305,69.19999695,66.80000305,66.80000305,1661115,0,1,61.09888602,yahoo_bootstrap
2024-01-18,67.69999695,69.5,66.59999847,67.59999847,2198046,0,1,61.83060498,yahoo_bootstrap
2024-01-19,68.5,68.5,67.59999847,68.19999695,817040,0,1,62.37939596,yahoo_bootstrap
2024-01-22,69,74.19999695,68.90000153,73.5,6728777,0,1,67.22706463,yahoo_bootstrap
2024-01-23,73.19999695,73.5,71.09999847,71.09999847,2892054,0,1,65.03189378,yahoo_bootstrap
2024-01-24,71.30000305,72.90000153,70.69999695,71.40000153,1377210,0,1,65.30629276,yahoo_bootstrap
2024-01-25,72.09999847,72.69999695,70.90000153,71.40000153,1330598,0,1,65.30629276,yahoo_bootstrap
2024-01-26,70.80000305,71.09999847,69.30000305,69.5,1193021,0,1,63.56844887,yahoo_bootstrap
2024-01-29,70.19999695,72.59999847,70,71.80000305,1829032,0,1,65.67215572,yahoo_bootstrap
2024-01-30,72.19999695,72.80000305,71.09999847,71.90000153,932057,0,1,65.76361973,yahoo_bootstrap
2024-01-31,72.09999847,72.59999847,70.80000305,70.90000153,1021107,0,1,64.84896579,yahoo_bootstrap
2024-02-01,71.5,71.5,69.30000305,69.90000153,1506407,0,1,63.93431185,yahoo_bootstrap
2024-02-02,70.30000305,70.69999695,69.69999695,69.90000153,651482,0,1,63.93431185,yahoo_bootstrap
2024-02-05,71.40000153,75.40000153,71.40000153,73.69999695,10572845,0,1,67.40999263,yahoo_bootstrap
2024-02-15,76,76.80000305,70.19999695,74.19999695,7770489,0,1,67.8673196,yahoo_bootstrap
2024-02-16,74.80000305,75.5,72.80000305,73.19999695,3288691,0,1,66.95266566,yahoo_bootstrap
2024-02-19,73.19999695,74.19999695,72.09999847,72.09999847,2118216,0,1,65.94654772,yahoo_bootstrap
2024-02-20,72.40000153,75,71.59999847,72.30000305,4135138,0,1,66.12948269,yahoo_bootstrap
2024-02-21,72.59999847,73.30000305,71.30000305,71.5,2638392,0,1,65.39775675,yahoo_bootstrap
2024-02-22,72,72.40000153,71.30000305,71.40000153,1276515,0,1,65.30629276,yahoo_bootstrap
2024-02-23,72.19999695,73.09999847,71.40000153,71.80000305,2102742,0,1,65.67215572,yahoo_bootstrap
2024-02-26,71.90000153,72.59999847,71.69999695,72.40000153,992397,0,1,66.2209467,yahoo_bootstrap
2024-02-27,73,73.19999695,70.09999847,70.40000153,2807203,0,1,64.39163882,yahoo_bootstrap
2024-02-29,69.80000305,71.90000153,69.80000305,71.90000153,1660132,0,1,65.76361973,yahoo_bootstrap
2024-03-01,70,70,66.69999695,67.30000305,8251315,0,1,61.55621299,yahoo_bootstrap
2024-03-04,67.69999695,67.90000153,66.90000153,67.09999847,1962409,0,1,61.37327801,yahoo_bootstrap
2024-03-05,67.59999847,68.59999847,67.40000153,67.90000153,1493000,0,1,62.10500397,yahoo_bootstrap
2024-03-06,67.90000153,68.30000305,67.69999695,67.90000153,1279721,0,1,62.10500397,yahoo_bootstrap
2024-03-07,68.09999847,68.30000305,67,67,1210631,0,1,61.28181402,yahoo_bootstrap
2024-03-08,66.5,67.30000305,65.5,65.69999695,1884019,0,1,60.09276111,yahoo_bootstrap
2024-03-11,65.69999695,66.90000153,65.69999695,66.09999847,511062,0,1,60.45862407,yahoo_bootstrap
2024-03-12,67,67.80000305,66.90000153,67.40000153,1101250,0,1,61.647677,yahoo_bootstrap
2024-03-13,68.19999695,68.19999695,66.69999695,66.90000153,1760401,0,1,61.19035002,yahoo_bootstrap
2024-03-14,67.90000153,67.90000153,66.40000153,66.69999695,1052178,0,1,61.00741505,yahoo_bootstrap
2024-03-15,67.30000305,67.5,66.40000153,66.59999847,769094,0,1,60.91595104,yahoo_bootstrap
2024-03-18,66.59999847,67.30000305,66.40000153,66.90000153,490000,0,1,61.19035002,yahoo_bootstrap
2024-03-19,67.30000305,68.09999847,67.09999847,67.80000305,1301499,0,1,62.01353996,yahoo_bootstrap
2024-03-20,68.09999847,68.69999695,66.90000153,67.30000305,1412021,0,1,61.55621299,yahoo_bootstrap
2024-03-21,68.09999847,68.19999695,67.19999695,67.5,937140,0,1,61.73914099,yahoo_bootstrap
2024-03-22,68.09999847,69.09999847,67.69999695,67.90000153,2330452,0,1,62.10500397,yahoo_bootstrap
2024-03-25,68.5,69,68,68.09999847,1020765,0,1,62.28793195,yahoo_bootstrap
2024-03-26,68.40000153,68.69999695,66.59999847,66.69999695,1192684,0,1,61.00741505,yahoo_bootstrap
2024-03-27,66.69999695,67.19999695,66.59999847,66.80000305,408100,0,1,61.09888602,yahoo_bootstrap
2024-03-28,66.80000305,67.30000305,66.69999695,66.80000305,447466,0,1,61.09888602,yahoo_bootstrap
2024-03-29,67,67.30000305,66.19999695,66.40000153,557000,0,1,60.73302305,yahoo_bootstrap
2024-04-01,66.40000153,67.90000153,66.30000305,67.59999847,777126,0,1,61.83060498,yahoo_bootstrap
2024-04-02,67.5,67.90000153,67,67.69999695,833064,0,1,61.92206899,yahoo_bootstrap
2024-04-03,65,65,62.20000076,62.40000153,3621703,0,1,57.07440729,yahoo_bootstrap
2024-04-08,62,62,60.09999847,60.40000153,2816988,0,1,55.24509941,yahoo_bootstrap
2024-04-09,60.59999847,61.40000153,60.59999847,60.59999847,913665,0,1,55.4280274,yahoo_bootstrap
2024-04-10,60.70000076,61.40000153,60.59999847,61,521355,0,1,55.79389038,yahoo_bootstrap
2024-04-11,61,61,60.20000076,60.40000153,769502,0,1,55.24509941,yahoo_bootstrap
2024-04-12,60.20000076,60.59999847,59.79999924,59.79999924,837234,0,1,54.69630495,yahoo_bootstrap
2024-04-15,59.5,59.79999924,58.90000153,58.90000153,751103,0,1,53.8731185,yahoo_bootstrap
2024-04-16,58.79999924,58.79999924,56.90000153,57.29999924,1430291,0,1,52.4096701,yahoo_bootstrap
2024-04-17,57.5,58.20000076,57.40000153,57.40000153,655422,0,1,52.50113759,yahoo_bootstrap
2024-04-18,57.40000153,58,56.70000076,57,592772,0,1,52.13527461,yahoo_bootstrap
2024-04-19,56.59999847,57.09999847,54.90000153,55.5,1177380,0,1,50.7632937,yahoo_bootstrap
2024-04-22,56,56.90000153,55.5,55.90000153,663272,0,1,51.12915668,yahoo_bootstrap
2024-04-23,56.29999924,56.70000076,55.59999847,56.40000153,295508,0,1,51.58648365,yahoo_bootstrap
2024-04-24,57,57.20000076,56.59999847,57.09999847,391599,0,1,52.22673861,yahoo_bootstrap
2024-04-25,57.09999847,57.09999847,56.09999847,56.20000076,319000,0,1,51.40355216,yahoo_bootstrap
2024-04-26,56.59999847,56.90000153,56.09999847,56.20000076,410799,0,1,51.40355216,yahoo_bootstrap
2024-04-29,56.40000153,56.90000153,56.29999924,56.70000076,334275,0,1,51.86087913,yahoo_bootstrap
2024-04-30,56.70000076,57.29999924,56.70000076,57.09999847,424005,0,1,52.22673861,yahoo_bootstrap
2024-05-02,57.59999847,59.79999924,57.5,59.20000076,1488255,0,1,54.14751398,yahoo_bootstrap
2024-05-03,59,59.20000076,58.29999924,58.29999924,935941,0,1,53.32432404,yahoo_bootstrap
2024-05-06,58.29999924,59.09999847,58.29999924,58.5,444118,0,1,53.50725552,yahoo_bootstrap
2024-05-07,59,59,58.09999847,58.09999847,370001,0,1,53.14139255,yahoo_bootstrap
2024-05-08,58.5,59.20000076,58.40000153,58.59999847,538060,0,1,53.59871952,yahoo_bootstrap
2024-05-09,58.40000153,58.79999924,57.70000076,58,368200,0,1,53.04992855,yahoo_bootstrap
2024-05-10,58.79999924,63.79999924,58,61.29999924,2758527,0,1,56.06828586,yahoo_bootstrap
2024-05-13,60.79999924,61,59.59999847,59.59999847,606161,0,1,54.51337346,yahoo_bootstrap
2024-05-14,59.5,60.20000076,58.90000153,59.09999847,426200,0,1,54.05604649,yahoo_bootstrap
2024-05-15,59.09999847,60,59,59.59999847,353576,0,1,54.51337346,yahoo_bootstrap
2024-05-16,60,60.29999924,58.29999924,58.40000153,956186,0,1,53.41579153,yahoo_bootstrap
2024-05-17,58.5,59,58.29999924,58.5,540000,0,1,53.50725552,yahoo_bootstrap
2024-05-20,58.70000076,59,58.29999924,58.79999924,564821,0,1,53.78165101,yahoo_bootstrap
2024-05-21,58.5,58.79999924,58.20000076,58.29999924,345127,0,1,53.32432404,yahoo_bootstrap
2024-05-22,58.70000076,59.40000153,58.59999847,59.40000153,471000,0,1,54.33044547,yahoo_bootstrap
2024-05-23,60,60,58.5,58.5,655421,0,1,53.50725552,yahoo_bootstrap
2024-05-24,58.5,59.40000153,57.90000153,59.09999847,331077,0,1,54.05604649,yahoo_bootstrap
2024-05-27,59.29999924,59.79999924,59.20000076,59.5,371005,0,1,54.42190947,yahoo_bootstrap
2024-05-28,59.70000076,60.5,59.70000076,60.20000076,697203,0,1,55.06216792,yahoo_bootstrap
2024-05-29,60.20000076,60.79999924,59.79999924,59.90000153,418060,0,1,54.78777244,yahoo_bootstrap
2024-05-30,59.59999847,60.29999924,58.90000153,59,431100,0,1,53.96458249,yahoo_bootstrap
2024-05-31,59.20000076,60.70000076,59.09999847,60.40000153,732525,0,1,55.24509941,yahoo_bootstrap
2024-06-03,60.79999924,63,59.79999924,62.59999847,2303857,0,1,57.25733528,yahoo_bootstrap
2024-06-04,62.29999924,65.19999695,62.29999924,64.5,4555822,0,1,58.99517917,yahoo_bootstrap
2024-06-05,65.69999695,65.80000305,62.29999924,62.59999847,5164060,0,1,57.25733528,yahoo_bootstrap
2024-06-06,63.09999847,63.09999847,61.79999924,62.59999847,1020111,0,1,57.25733528,yahoo_bootstrap
2024-06-07,63.20000076,64.30000305,62.29999924,62.40000153,1091010,0,1,57.07440729,yahoo_bootstrap
2024-06-11,62.29999924,62.79999924,61.20000076,61.20000076,850066,0,1,55.97682186,yahoo_bootstrap
2024-06-12,61.40000153,64.69999695,60.79999924,63.90000153,1978290,0,1,58.4463882,yahoo_bootstrap
2024-06-13,64.80000305,65.19999695,63.40000153,63.70000076,3763945,0,1,58.26345671,yahoo_bootstrap
2024-06-14,64.19999695,64.69999695,63.40000153,63.70000076,1788011,0,1,58.26345671,yahoo_bootstrap
2024-06-17,64.59999847,64.59999847,62.90000153,62.90000153,759640,0,1,57.53173426,yahoo_bootstrap
2024-06-18,63.20000076,64.90000153,62.40000153,64.80000305,2479469,0,1,59.26957814,yahoo_bootstrap
2024-06-19,66.59999847,68.80000305,66.59999847,67.19999695,10033313,0,1,61.46474202,yahoo_bootstrap
2024-06-20,67.19999695,67.40000153,65.80000305,67.09999847,1934243,0,1,61.37327801,yahoo_bootstrap
2024-06-21,66.59999847,67.59999847,66.09999847,67.40000153,1058610,0,1,61.647677,yahoo_bootstrap
2024-06-24,68.19999695,68.40000153,66.5,66.59999847,1439295,0,1,60.91595104,yahoo_bootstrap
2024-06-25,66.30000305,67.69999695,65,67.5,1452507,0,1,61.73914099,yahoo_bootstrap
2024-06-26,67.90000153,68.19999695,66.09999847,66.69999695,1065159,0,1,61.00741505,yahoo_bootstrap
2024-06-27,66,66.40000153,65.19999695,65.19999695,1029361,0,1,59.63543414,yahoo_bootstrap
2024-06-28,65.19999695,66.40000153,65.09999847,65.5,426214,0,1,59.90983311,yahoo_bootstrap
2024-07-01,66.80000305,67.40000153,66.09999847,66.19999695,1018200,0,1,60.55008808,yahoo_bootstrap
2024-07-02,66.80000305,69.40000153,66.09999847,67.80000305,3660010,0,1,62.01353996,yahoo_bootstrap
2024-07-03,67.30000305,69,67.30000305,67.80000305,1607500,0,1,62.01353996,yahoo_bootstrap
2024-07-04,68.59999847,68.59999847,67.19999695,67.80000305,969500,0,1,62.01353996,yahoo_bootstrap
2024-07-05,67.90000153,68.80000305,67.30000305,68.59999847,1539082,0,1,62.74525892,yahoo_bootstrap
2024-07-08,69.19999695,69.19999695,67.30000305,68.09999847,980884,0,1,62.28793195,yahoo_bootstrap
2024-07-09,68.09999847,71.5,68.09999847,69.19999695,5041578,0,1,63.2940499,yahoo_bootstrap
2024-07-10,69.69999695,70.40000153,68.90000153,69.19999695,1425150,0,1,63.2940499,yahoo_bootstrap
2024-07-11,69.59999847,72,69.59999847,70.19999695,2994516,0,1,64.20870384,yahoo_bootstrap
2024-07-12,69.5,69.90000153,67.59999847,68.69999695,1677120,0,1,62.83672293,yahoo_bootstrap
2024-07-15,69.19999695,69.5,68.09999847,68.40000153,902099,0,1,62.56233094,yahoo_bootstrap
2024-07-16,68.40000153,70.69999695,68.40000153,70.30000305,3406037,0,1,64.30017481,yahoo_bootstrap
2024-07-17,70.30000305,70.5,67.80000305,68.09999847,2493305,2.75,1,64.82370997,yahoo_bootstrap
2024-07-18,67.59999847,69.5,66.30000305,67.80000305,1362069,0,1,64.53814732,yahoo_bootstrap
2024-07-19,67.19999695,67.40000153,65.09999847,65.09999847,1478866,0,1,61.96803987,yahoo_bootstrap
2024-07-22,65,65,61,62.70000076,1673350,0,1,59.68350596,yahoo_bootstrap
2024-07-23,63.59999847,65.19999695,63.20000076,63.5,673000,0,1,60.44501727,yahoo_bootstrap
2024-07-26,61.29999924,61.90000153,60.40000153,61,696197,0,1,58.06529218,yahoo_bootstrap
2024-07-29,61.5,62.5,58.5,58.59999847,1039124,0,1,55.78075463,yahoo_bootstrap
2024-07-30,58.29999924,59.5,57.20000076,58.29999924,467031,0,1,55.49518836,yahoo_bootstrap
2024-07-31,58.09999847,59.40000153,57.5,58.40000153,471000,0,1,55.59037954,yahoo_bootstrap
2024-08-01,59.29999924,60,59,60,402032,0,1,57.11340214,yahoo_bootstrap
2024-08-02,54,54,54,54,980559,0,1,51.40206193,yahoo_bootstrap
2024-08-05,48.59999847,48.59999847,48.59999847,48.59999847,812820,0,1,46.26185428,yahoo_bootstrap
2024-08-06,45.15000153,46,43.75,43.75,2744020,0,1,41.64518906,yahoo_bootstrap
2024-08-07,43.75,46.95000076,43.54999924,45.75,2344444,0,1,43.54896913,yahoo_bootstrap
2024-08-08,45.04999924,45.25,43.54999924,44.45000076,1033506,0,1,42.31151281,yahoo_bootstrap
2024-08-09,45.20000076,46,44.90000153,45,983020,0,1,42.83505161,yahoo_bootstrap
2024-08-12,45.09999847,46.65000153,45.09999847,46.25,710280,0,1,44.02491415,yahoo_bootstrap
2024-08-13,46.29999924,46.45000076,45.34999847,45.95000076,439788,0,1,43.73934786,yahoo_bootstrap
2024-08-14,46.29999924,46.90000153,46.15000153,46.40000153,488239,0,1,44.16769911,yahoo_bootstrap
2024-08-15,46.59999847,47.20000076,46,46.5,442084,0,1,44.26288666,yahoo_bootstrap
2024-08-16,47.29999924,48.04999924,46.90000153,47.65000153,578430,0,1,45.35756166,yahoo_bootstrap
2024-08-19,47.70000076,48.90000153,47.34999847,48.09999847,514257,0,1,45.78590926,yahoo_bootstrap
2024-08-20,48.54999924,49.34999847,48.40000153,49,557100,0,1,46.64261175,yahoo_bootstrap
2024-08-21,49.29999924,49.29999924,48.20000076,48.54999924,405733,0,1,46.21426051,yahoo_bootstrap
2024-08-22,48.54999924,49.20000076,48.54999924,48.59999847,246002,0,1,46.26185428,yahoo_bootstrap
2024-08-23,48.45000076,48.65000153,47.20000076,48.65000153,425776,0,1,46.30945169,yahoo_bootstrap
2024-08-26,48.70000076,49.70000076,48.70000076,48.70000076,373012,0,1,46.35704546,yahoo_bootstrap
2024-08-27,48.59999847,48.79999924,47.95000076,48.45000076,212171,0,1,46.11907295,yahoo_bootstrap
2024-08-28,48.45000076,48.54999924,48,48.25,402039,0,1,45.92869422,yahoo_bootstrap
2024-08-29,47.95000076,48.04999924,47.70000076,47.95000076,244040,0,1,45.64312793,yahoo_bootstrap
2024-08-30,47.95000076,48.59999847,47.95000076,48.20000076,256102,0,1,45.88110044,yahoo_bootstrap
2024-09-02,48.70000076,48.95000076,48.20000076,48.75,223920,0,1,46.40463924,yahoo_bootstrap
2024-09-03,48.75,49.09999847,48.40000153,48.45000076,205400,0,1,46.11907295,yahoo_bootstrap
2024-09-04,47.40000153,47.40000153,44.65000153,45.59999847,622307,0,1,43.40618417,yahoo_bootstrap
2024-09-05,45.5,46.75,44.79999924,45.20000076,418092,0,1,43.02543034,yahoo_bootstrap
2024-09-06,45,45.20000076,44.04999924,45,447000,0,1,42.83505161,yahoo_bootstrap
2024-09-09,44.04999924,45.70000076,43.90000153,45.70000076,360746,0,1,43.50137535,yahoo_bootstrap
2024-09-10,46.20000076,46.20000076,44,44.79999924,417132,0,1,42.64467287,yahoo_bootstrap
2024-09-11,45,45,44.34999847,44.5,452300,0,1,42.35910659,yahoo_bootstrap
2024-09-12,45.15000153,45.54999924,44.84999847,45.29999924,217430,0,1,43.12061789,yahoo_bootstrap
2024-09-13,45.25,45.79999924,45.20000076,45.5,223001,0,1,43.31099662,yahoo_bootstrap
2024-09-16,45.75,46.65000153,45.75,46.5,290125,0,1,44.26288666,yahoo_bootstrap
2024-09-18,46.5,46.75,45.95000076,46.09999847,252235,0,1,43.88212919,yahoo_bootstrap
2024-09-19,46.45000076,46.84999847,46.04999924,46.84999847,236308,0,1,44.59604671,yahoo_bootstrap
2024-09-20,47,47.34999847,46.70000076,47.09999847,376100,0,1,44.83401922,yahoo_bootstrap
2024-09-23,47.09999847,47.54999924,46.95000076,47.45000076,185001,0,1,45.16718292,yahoo_bootstrap
2024-09-24,47.25,47.54999924,46.65000153,46.65000153,302149,0,1,44.40567162,yahoo_bootstrap
2024-09-25,46.75,47.5,46.75,47.20000076,260119,0,1,44.92921041,yahoo_bootstrap
2024-09-26,47.5,47.79999924,46.79999924,46.90000153,276045,0,1,44.64364413,yahoo_bootstrap
2024-09-27,47,47.70000076,46.95000076,47.70000076,236848,0,1,45.40515543,yahoo_bootstrap
2024-09-30,47.5,47.59999847,46.79999924,47,201085,0,1,44.73883168,yahoo_bootstrap
2024-10-01,47,47.34999847,46.70000076,47.29999924,154100,0,1,45.02439796,yahoo_bootstrap
2024-10-04,46.84999847,46.84999847,45.45000076,45.65000153,381024,0,1,43.45378158,yahoo_bootstrap
2024-10-07,45.59999847,48.70000076,45.5,48.29999924,1387119,0,1,45.976288,yahoo_bootstrap
2024-10-08,48.15000153,48.15000153,46.54999924,46.54999924,533157,0,1,44.31048044,yahoo_bootstrap
2024-10-09,46.90000153,46.95000076,45.45000076,45.45000076,290485,0,1,43.26340284,yahoo_bootstrap
2024-10-11,45.5,46.09999847,45.29999924,45.79999924,270775,0,1,43.59656291,yahoo_bootstrap
2024-10-14,45.79999924,45.79999924,45.25,45.45000076,228096,0,1,43.26340284,yahoo_bootstrap
2024-10-15,46,46.20000076,45.20000076,45.20000076,344205,0,1,43.02543034,yahoo_bootstrap
2024-10-16,45,47.79999924,44.75,47.79999924,1367260,0,1,45.50034298,yahoo_bootstrap
2024-10-17,47.29999924,48.40000153,46.84999847,47.90000153,793105,0,1,45.59553417,yahoo_bootstrap
2024-10-18,48,48,47.45000076,47.95000076,358677,0,1,45.64312793,yahoo_bootstrap
2024-10-21,47.95000076,50.20000076,47.95000076,49.75,894251,0,1,47.35652927,yahoo_bootstrap
2024-10-22,49.75,49.79999924,48.5,49.34999847,509025,0,1,46.9757718,yahoo_bootstrap
2024-10-23,49.34999847,50.5,49.04999924,49.09999847,547331,0,1,46.7377993,yahoo_bootstrap
2024-10-24,49.09999847,52.09999847,48.5,50.59999847,2489305,0,1,48.16563435,yahoo_bootstrap
2024-10-25,50.59999847,50.79999924,49.54999924,50,848513,0,1,47.59450178,yahoo_bootstrap
2024-10-28,49.79999924,49.79999924,48.79999924,48.95000076,434908,0,1,46.59501797,yahoo_bootstrap
2024-10-29,49.5,50.09999847,47.79999924,48.09999847,513292,0,1,45.78590926,yahoo_bootstrap
2024-10-30,48.09999847,48.59999847,47.20000076,47.20000076,368400,0,1,44.92921041,yahoo_bootstrap
2024-11-01,45.79999924,47.29999924,44.20000076,46.20000076,686000,0,1,43.97732037,yahoo_bootstrap
2024-11-04,46.15000153,46.15000153,45.04999924,45.15000153,352201,0,1,42.97783657,yahoo_bootstrap
2024-11-05,45.15000153,47,45.15000153,46.09999847,352013,0,1,43.88212919,yahoo_bootstrap
2024-11-06,46,46.45000076,45.59999847,46.15000153,239001,0,1,43.9297266,yahoo_bootstrap
2024-11-07,45.90000153,47.09999847,45.90000153,46.70000076,296043,0,1,44.45326539,yahoo_bootstrap
2024-11-08,46.70000076,47.70000076,45.75,45.79999924,333007,0,1,43.59656291,yahoo_bootstrap
2024-11-11,45.79999924,46.40000153,44.95000076,46.29999924,303043,0,1,44.07250793,yahoo_bootstrap
2024-11-12,45.65000153,46.09999847,45.25,45.5,272000,0,1,43.31099662,yahoo_bootstrap
2024-11-13,45.29999924,46.34999847,45.20000076,45.34999847,248051,0,1,43.16821166,yahoo_bootstrap
2024-11-14,45.29999924,46.04999924,44.84999847,44.84999847,294050,0,1,42.69226664,yahoo_bootstrap
2024-11-15,45,45.54999924,45,45.20000076,183001,0,1,43.02543034,yahoo_bootstrap
2024-11-18,45,45,44.40000153,44.54999924,222919,0,1,42.40670037,yahoo_bootstrap
2024-11-19,44.54999924,47.09999847,44.54999924,46.29999924,497280,0,1,44.07250793,yahoo_bootstrap
2024-11-20,46.79999924,46.79999924,46.79999924,46.79999924,340732,0,1,44.54845295,yahoo_bootstrap
2024-11-21,47.04999924,47.5,46.5,47.15000153,282060,0,1,44.88161664,yahoo_bootstrap
2024-11-22,47.5,49.20000076,47.5,47.79999924,470355,0,1,45.50034298,yahoo_bootstrap
2024-11-25,48,50.20000076,48,49.34999847,787097,0,1,46.9757718,yahoo_bootstrap
2024-11-26,49.40000153,50.29999924,48.79999924,48.90000153,439100,0,1,46.5474242,yahoo_bootstrap
2024-11-27,48.84999847,49.34999847,48.45000076,48.45000076,284068,0,1,46.11907295,yahoo_bootstrap
2024-11-28,48.54999924,48.59999847,47.5,47.79999924,244000,0,1,45.50034298,yahoo_bootstrap
2024-11-29,47.5,48.70000076,47.25,48.15000153,216000,0,1,45.83350667,yahoo_bootstrap
2024-12-02,48.34999847,48.34999847,47.75,48.20000076,201003,0,1,45.88110044,yahoo_bootstrap
2024-12-03,48.25,48.5,47.75,47.79999924,304001,0,1,45.50034298,yahoo_bootstrap
2024-12-04,47.70000076,49.65000153,47.70000076,49.54999924,546550,0,1,47.16615054,yahoo_bootstrap
2024-12-05,49.5,54.5,49.09999847,54.5,3786332,0,1,51.87800694,yahoo_bootstrap
2024-12-06,55.20000076,59.90000153,54.20000076,59.90000153,18580782,0,1,57.01821459,yahoo_bootstrap
2024-12-09,61,61.40000153,56.09999847,56.29999924,16423333,0,1,53.59140829,yahoo_bootstrap
2024-12-10,55.20000076,55.40000153,52.40000153,52.5,4041492,0,1,49.97422687,yahoo_bootstrap
2024-12-11,52.5,56.79999924,52,52.70000076,8563760,0,1,50.1646056,yahoo_bootstrap
2024-12-12,53,54.40000153,52,54,4681973,0,1,51.40206193,yahoo_bootstrap
2024-12-13,54.5,54.5,51.29999924,51.29999924,2274166,0,1,48.83195811,yahoo_bootstrap
2024-12-16,50.90000153,51.70000076,50.20000076,50.20000076,969404,0,1,47.78488051,yahoo_bootstrap
2024-12-17,50.5,51.09999847,49.70000076,50.09999847,782421,0,1,47.68968933,yahoo_bootstrap
2024-12-18,49.84999847,51.79999924,49.20000076,51,817055,0,1,48.54639182,yahoo_bootstrap
2024-12-19,49.59999847,50.5,49.09999847,49.25,755708,0,1,46.88058426,yahoo_bootstrap
2024-12-20,48.84999847,51.79999924,48.84999847,51.29999924,1826159,0,1,48.83195811,yahoo_bootstrap
2024-12-23,51.79999924,54.40000153,51.70000076,51.70000076,2692228,0,1,49.21271557,yahoo_bootstrap
2024-12-24,51.70000076,53.29999924,50.79999924,50.79999924,886108,0,1,48.35601309,yahoo_bootstrap
2024-12-25,51.29999924,52.20000076,50.59999847,51.59999847,632243,0,1,49.11752438,yahoo_bootstrap
2024-12-26,51.90000153,51.90000153,51,51,329194,0,1,48.54639182,yahoo_bootstrap
2024-12-27,51.5,51.5,50,50,428163,0,1,47.59450178,yahoo_bootstrap
2024-12-30,50.09999847,50.20000076,49.25,49.34999847,383369,0,1,46.9757718,yahoo_bootstrap
2024-12-31,49.29999924,50.79999924,49.09999847,50.79999924,342458,0,1,48.35601309,yahoo_bootstrap
2025-01-02,50.79999924,52.5,50.20000076,50.20000076,1082460,0,1,47.78488051,yahoo_bootstrap
2025-01-03,50.79999924,50.90000153,49.25,49.25,416933,0,1,46.88058426,yahoo_bootstrap
2025-01-06,51.09999847,54.09999847,51,54.09999847,4806276,0,1,51.49724947,yahoo_bootstrap
2025-01-07,54.09999847,57.20000076,53.70000076,53.79999924,8546413,0,1,51.2116832,yahoo_bootstrap
2025-01-08,54.29999924,57,53.70000076,55.79999924,5430882,0,1,53.11546327,yahoo_bootstrap
2025-01-09,55.90000153,57,53,53.90000153,3488515,0,1,51.30687438,yahoo_bootstrap
2025-01-10,54.09999847,58.40000153,53.90000153,57,8111868,0,1,54.25773203,yahoo_bootstrap
2025-01-13,59.29999924,60.09999847,55,57.79999924,15296003,0,1,55.01924334,yahoo_bootstrap
2025-01-14,58.09999847,58.09999847,54.5,55.09999847,4999060,0,1,52.44913951,yahoo_bootstrap
2025-01-15,54.90000153,55,53,53.40000153,2247641,0,1,50.83092936,yahoo_bootstrap
2025-01-16,54.59999847,55.5,53.59999847,53.59999847,1986716,0,1,51.02130446,yahoo_bootstrap
2025-01-17,53.79999924,54.29999924,52.79999924,54.29999924,1307101,0,1,51.68762821,yahoo_bootstrap
2025-01-20,55.09999847,57.59999847,54.70000076,55.59999847,5927523,0,1,52.92508453,yahoo_bootstrap
2025-01-21,55.40000153,55.90000153,54.20000076,55,1178129,0,1,52.35395196,yahoo_bootstrap
2025-01-22,55,56.90000153,55,56,2760130,0,1,53.305842,yahoo_bootstrap
2025-02-03,56.5,61.59999847,56,61.59999847,14823265,0,1,58.63642474,yahoo_bootstrap
2025-02-04,63.79999924,67.69999695,63.20000076,67.69999695,30124771,0,1,64.44295251,yahoo_bootstrap
2025-02-05,69.80000305,72.19999695,68,68.30000305,80330493,0,1,65.01409234,yahoo_bootstrap
2025-02-06,68,73.5,65.80000305,70.69999695,47241780,0,1,67.29862262,yahoo_bootstrap
2025-02-07,70.69999695,77.69999695,70.69999695,73,71157184,0,1,69.4879726,yahoo_bootstrap
2025-02-10,73.09999847,75.30000305,72.19999695,73.80000305,27820325,0,1,70.24948754,yahoo_bootstrap
2025-02-11,74.69999695,75.09999847,71.19999695,73.30000305,18949351,0,1,69.77354252,yahoo_bootstrap
2025-02-12,72.90000153,74.80000305,71.09999847,72,15464631,0,1,68.53608257,yahoo_bootstrap
2025-02-13,74.69999695,76.5,71,71,30537707,0,1,67.58419253,yahoo_bootstrap
2025-02-14,70.59999847,70.59999847,68.09999847,68.59999847,9432937,0,1,65.29965499,yahoo_bootstrap
2025-02-17,69.5,70.69999695,68,70.69999695,6612696,0,1,67.29862262,yahoo_bootstrap
2025-02-18,71,72.19999695,70.09999847,71.30000305,6290918,0,1,67.86976245,yahoo_bootstrap
2025-02-19,71.40000153,73.30000305,70.40000153,70.80000305,10741599,0,1,67.39381743,yahoo_bootstrap
2025-02-20,71,71.40000153,68.09999847,68.09999847,5373416,0,1,64.82370997,yahoo_bootstrap
2025-02-21,67.09999847,68.5,67,67.90000153,3006152,0,1,64.63333488,yahoo_bootstrap
2025-02-24,67.19999695,68.90000153,67.09999847,68.80000305,2106370,0,1,65.49003736,yahoo_bootstrap
2025-02-25,68.40000153,68.59999847,67,67,2048376,0,1,63.77663239,yahoo_bootstrap
2025-02-26,67,67.59999847,66,66.5,2221789,0,1,63.30068737,yahoo_bootstrap
2025-02-27,65,65,59.90000153,59.90000153,9129576,0,1,57.01821459,yahoo_bootstrap
2025-03-03,58.5,61.40000153,58.09999847,58.09999847,3677089,0,1,55.30480962,yahoo_bootstrap
2025-03-04,58.09999847,61.09999847,57.09999847,58.70000076,7037732,0,1,55.87594582,yahoo_bootstrap
2025-03-05,59.20000076,59.20000076,58.09999847,58.5,1815007,0,1,55.68556709,yahoo_bootstrap
2025-03-06,58.70000076,59.09999847,57.90000153,57.90000153,1627480,0,1,55.11443452,yahoo_bootstrap
2025-03-07,57.29999924,59.09999847,55,55.29999924,4362103,0,1,52.63951825,yahoo_bootstrap
2025-03-10,55.20000076,56.20000076,54.29999924,55.29999924,1895306,0,1,52.63951825,yahoo_bootstrap
2025-03-11,53.90000153,54.70000076,52.90000153,54,1769543,0,1,51.40206193,yahoo_bootstrap
2025-03-12,54.79999924,55.70000076,54,54.5,1464451,0,1,51.87800694,yahoo_bootstrap
2025-03-13,55.09999847,55.40000153,52.79999924,52.79999924,1333450,0,1,50.25979316,yahoo_bootstrap
2025-03-14,53.40000153,54.59999847,52.79999924,54.09999847,1323562,0,1,51.49724947,yahoo_bootstrap
2025-03-17,54.79999924,54.79999924,52.90000153,53,1023902,0,1,50.45017189,yahoo_bootstrap
2025-03-18,53.79999924,54.5,53.09999847,54.40000153,818134,0,1,51.7828194,yahoo_bootstrap
2025-03-19,54.40000153,54.5,53.20000076,53.59999847,843105,0,1,51.02130446,yahoo_bootstrap
2025-03-20,54.20000076,57,54.20000076,55.79999924,6599639,0,1,53.11546327,yahoo_bootstrap
2025-03-21,55.59999847,57.5,55.29999924,56.20000076,5203501,0,1,53.49622073,yahoo_bootstrap
2025-03-24,56.29999924,57.09999847,54.20000076,54.20000076,1557117,0,1,51.59244066,yahoo_bootstrap
2025-03-25,55.90000153,59.59999847,55.79999924,59.59999847,7474080,0,1,56.73264467,yahoo_bootstrap
2025-03-26,62.59999847,64.90000153,57,57,19081150,0,1,54.25773203,yahoo_bootstrap
2025-03-27,57.5,57.90000153,54.20000076,54.20000076,5458328,0,1,51.59244066,yahoo_bootstrap
2025-03-28,54.20000076,54.20000076,50.40000153,50.70000076,3140000,0,1,48.26082553,yahoo_bootstrap
2025-03-31,48.95000076,49.70000076,47.54999924,47.79999924,2664468,0,1,45.50034298,yahoo_bootstrap
2025-04-01,48.09999847,48.95000076,47.95000076,48,2190469,0,1,45.69072171,yahoo_bootstrap
2025-04-02,48.29999924,49.20000076,47.59999847,48.75,1496798,0,1,46.40463924,yahoo_bootstrap
2025-04-07,43.90000153,43.90000153,43.90000153,43.90000153,132250,0,1,41.78797402,yahoo_bootstrap
2025-04-08,39.54999924,40.5,39.54999924,39.54999924,1848052,0,1,37.64725019,yahoo_bootstrap
2025-04-09,36.79999924,38.90000153,35.59999847,35.70000076,3796074,0,1,33.982475,yahoo_bootstrap
2025-04-10,39.25,39.25,39.25,39.25,401010,0,1,37.3616839,yahoo_bootstrap
2025-04-11,38.59999847,39.79999924,36.34999847,39.70000076,1794013,0,1,37.79003514,yahoo_bootstrap
2025-04-14,40.95000076,42.95000076,40.70000076,40.95000076,2053488,0,1,38.97989768,yahoo_bootstrap
2025-04-15,41.5,45,41.5,45,2609405,0,1,42.83505161,yahoo_bootstrap
2025-04-16,45.25,47.09999847,44.04999924,44.04999924,7501750,0,1,41.93075535,yahoo_bootstrap
2025-04-17,44.34999847,44.54999924,42.20000076,43.5,2762671,0,1,41.40721655,yahoo_bootstrap
2025-04-18,43.5,44.79999924,43,43.54999924,2526223,0,1,41.45481033,yahoo_bootstrap
2025-04-21,43.54999924,44.34999847,41.70000076,41.84999847,1902311,0,1,39.83659654,yahoo_bootstrap
2025-04-22,40.79999924,41.95000076,40.29999924,40.5,1044150,0,1,38.55154644,yahoo_bootstrap
2025-04-23,42.29999924,44,41.84999847,42.79999924,2196302,0,1,40.7408928,yahoo_bootstrap
2025-04-24,43.34999847,47.04999924,43.04999924,47.04999924,9667024,0,1,44.78642546,yahoo_bootstrap
2025-04-25,48.79999924,51.70000076,48.79999924,51.70000076,12636188,0,1,49.21271557,yahoo_bootstrap
2025-04-28,54,55.40000153,51.20000076,54.29999924,37476922,0,1,51.68762821,yahoo_bootstrap
2025-04-29,53,54.40000153,52.09999847,52.59999847,13325830,0,1,50.06941442,yahoo_bootstrap
2025-04-30,53,54.09999847,50.09999847,50.59999847,8016245,0,1,48.16563435,yahoo_bootstrap
2025-05-02,51.70000076,52,49.09999847,49.59999847,4262141,0,1,47.21374431,yahoo_bootstrap
2025-05-05,50.5,50.5,46.84999847,48.04999924,3433461,0,1,45.73831549,yahoo_bootstrap
2025-05-06,47.95000076,52.29999924,47.79999924,51.40000153,5720287,0,1,48.92714929,yahoo_bootstrap
2025-05-07,51.20000076,52,49.79999924,50,3997695,0,1,47.59450178,yahoo_bootstrap
2025-05-08,51,51.29999924,49.90000153,50.59999847,1650010,0,1,48.16563435,yahoo_bootstrap
2025-05-09,51,51.09999847,49.04999924,50.09999847,1932020,0,1,47.68968933,yahoo_bootstrap
2025-05-12,50.59999847,51.40000153,50.5,50.90000153,1984315,0,1,48.45120427,yahoo_bootstrap
2025-05-13,52,52.90000153,50.59999847,51.20000076,2647189,0,1,48.73677055,yahoo_bootstrap
2025-05-14,51.70000076,52.09999847,51.09999847,51.5,1327000,0,1,49.02233684,yahoo_bootstrap
2025-05-15,52.59999847,54,50.5,51,4468000,0,1,48.54639182,yahoo_bootstrap
2025-05-16,51.29999924,51.29999924,50.5,50.5,1227205,0,1,48.0704468,yahoo_bootstrap
2025-05-19,50.5,50.5,49.20000076,49.5,1041508,0,1,47.11855677,yahoo_bootstrap
2025-05-20,50.29999924,50.90000153,49.59999847,49.95000076,1165075,0,1,47.54690801,yahoo_bootstrap
2025-05-21,50.59999847,51.59999847,50.09999847,50.09999847,1309569,0,1,47.68968933,yahoo_bootstrap
2025-05-22,49.79999924,49.79999924,48.95000076,49.04999924,953134,0,1,46.69020553,yahoo_bootstrap
2025-05-23,49.20000076,51.5,49.20000076,50,2156946,0,1,47.59450178,yahoo_bootstrap
2025-05-26,50,50,49.04999924,49.20000076,922211,0,1,46.83299048,yahoo_bootstrap
2025-05-27,49.75,50.79999924,48.59999847,48.84999847,1441019,0,1,46.49982679,yahoo_bootstrap
2025-05-28,49.5,50,48.20000076,48.40000153,1222020,0,1,46.07147918,yahoo_bootstrap
2025-05-29,47.84999847,48.70000076,46.95000076,47.84999847,1835350,0,1,45.54793675,yahoo_bootstrap
2025-06-02,47,47.5,46.09999847,47.29999924,934086,0,1,45.02439796,yahoo_bootstrap
2025-06-03,47.95000076,49.34999847,47.25,47.79999924,926001,0,1,45.50034298,yahoo_bootstrap
2025-06-04,51.59999847,52.5,51.09999847,52.5,2549932,0,1,49.97422687,yahoo_bootstrap
2025-06-05,52.5,53.29999924,50.29999924,51.90000153,10388476,0,1,49.40309431,yahoo_bootstrap
2025-06-06,51.90000153,55.5,51.40000153,55,13263647,0,1,52.35395196,yahoo_bootstrap
2025-06-09,55.90000153,56.40000153,53,53,11770703,0,1,50.45017189,yahoo_bootstrap
2025-06-10,53.29999924,53.59999847,52,52.09999847,3830000,0,1,49.5934694,yahoo_bootstrap
2025-06-11,52.5,52.90000153,52,52.5,1801500,0,1,49.97422687,yahoo_bootstrap
2025-06-12,52.5,54.90000153,52.40000153,54,6920460,0,1,51.40206193,yahoo_bootstrap
2025-06-13,53.5,55.5,51.79999924,52.20000076,6230191,0,1,49.68866059,yahoo_bootstrap
2025-06-16,51.79999924,52.20000076,51.09999847,51.09999847,1374076,0,1,48.64157937,yahoo_bootstrap
2025-06-17,51.90000153,52.79999924,51.29999924,51.29999924,2083146,0,1,48.83195811,yahoo_bootstrap
2025-06-18,51.59999847,51.79999924,50.59999847,51.70000076,1191750,0,1,49.21271557,yahoo_bootstrap
2025-06-19,51.90000153,52,49.5,49.54999924,1554908,0,1,47.16615054,yahoo_bootstrap
2025-06-20,49.65000153,50.59999847,48.70000076,49.79999924,1329044,0,1,47.40412305,yahoo_bootstrap
2025-06-23,49,49.5,48.29999924,49.20000076,711299,0,1,46.83299048,yahoo_bootstrap
2025-06-24,49.84999847,51.20000076,49.79999924,49.95000076,1266000,0,1,47.54690801,yahoo_bootstrap
2025-06-25,50.40000153,51.79999924,50,51.20000076,1809300,0,1,48.73677055,yahoo_bootstrap
2025-06-26,51.29999924,51.79999924,50.40000153,50.40000153,867778,0,1,47.97525925,yahoo_bootstrap
2025-06-27,50.90000153,51.5,49.90000153,49.95000076,1375615,0,1,47.54690801,yahoo_bootstrap
2025-06-30,50.40000153,51.70000076,49.84999847,51.29999924,1710800,0,1,48.83195811,yahoo_bootstrap
2025-07-01,52,56.40000153,51.70000076,56.40000153,11195582,0,1,53.68659947,yahoo_bootstrap
2025-07-02,56.70000076,59.5,55.40000153,56,53359217,0,1,53.305842,yahoo_bootstrap
2025-07-03,58,58.70000076,55.40000153,55.40000153,13644570,0,1,52.73470943,yahoo_bootstrap
2025-07-04,56,56.90000153,53.79999924,54.09999847,6190267,0,1,51.49724947,yahoo_bootstrap
2025-07-07,54.29999924,55.29999924,52.70000076,54.5,4457278,0,1,51.87800694,yahoo_bootstrap
2025-07-08,54.59999847,59.09999847,54.59999847,58.70000076,34401462,0,1,55.87594582,yahoo_bootstrap
2025-07-09,59.09999847,60.20000076,56.90000153,59,24319872,0,1,56.1615121,yahoo_bootstrap
2025-07-10,59.20000076,59.40000153,57.5,57.5,10162355,0,1,54.73367705,yahoo_bootstrap
2025-07-11,58,58.5,57.09999847,57.5,4886842,0,1,54.73367705,yahoo_bootstrap
2025-07-14,58.29999924,61.5,56.79999924,56.79999924,14435667,0,1,54.0673533,yahoo_bootstrap
2025-07-15,57.5,59.5,55.90000153,56.09999847,6848620,0,1,53.40102954,yahoo_bootstrap
2025-07-16,56.20000076,57.20000076,55.09999847,56,3138032,0,1,53.305842,yahoo_bootstrap
2025-07-17,55.79999924,56.40000153,55.5,56.09999847,1985280,0.6,1,53.97938005,yahoo_bootstrap
2025-07-18,56.79999924,57.20000076,55.70000076,56.70000076,2832637,0,1,54.55670184,yahoo_bootstrap
2025-07-21,56.70000076,57.20000076,55.29999924,55.59999847,2371418,0,1,53.49828039,yahoo_bootstrap
2025-07-22,55.59999847,59,54.90000153,54.90000153,7403753,0,1,52.82474381,yahoo_bootstrap
2025-07-23,55.29999924,57.90000153,55.20000076,56.5,4787615,0,1,54.36426124,yahoo_bootstrap
2025-07-24,57.09999847,57.40000153,55.79999924,56.20000076,2678001,0,1,54.07560218,yahoo_bootstrap
2025-07-25,56.20000076,56.20000076,54.29999924,54.79999924,3789210,0,1,52.72852168,yahoo_bootstrap
2025-07-28,55.5,58.40000153,55.5,58.09999847,8329805,0,1,55.90377867,yahoo_bootstrap
2025-07-29,52.79999924,54.70000076,52.40000153,53.40000153,7905444,0,1,51.38144484,yahoo_bootstrap
2025-07-30,54.09999847,54.09999847,52.5,53.59999847,2762476,0,1,51.57388176,yahoo_bootstrap
2025-07-31,54.40000153,54.40000153,52.79999924,52.90000153,1923336,0,1,50.90034518,yahoo_bootstrap
2025-08-04,53,55.40000153,52.59999847,54.5,3699450,0,1,52.43986262,yahoo_bootstrap
2025-08-05,55.5,57.79999924,55.09999847,56.09999847,7663050,0,1,53.97938005,yahoo_bootstrap
2025-08-06,55.70000076,55.70000076,54.40000153,54.5,2713100,0,1,52.43986262,yahoo_bootstrap
2025-08-07,54.5,54.90000153,53.79999924,54.29999924,1833530,0,1,52.24742202,yahoo_bootstrap
2025-08-08,54.29999924,55.09999847,53.5,54.79999924,1249190,0,1,52.72852168,yahoo_bootstrap
2025-08-11,55.20000076,56.40000153,54.79999924,56.09999847,3039617,0,1,53.97938005,yahoo_bootstrap
2025-08-12,55.79999924,57.29999924,55.70000076,56.90000153,2807563,0,1,54.74914244,yahoo_bootstrap
2025-08-13,57.09999847,58,56.20000076,57.09999847,4111929,0,1,54.94157936,yahoo_bootstrap
2025-08-14,58.29999924,58.29999924,55.59999847,55.90000153,3932681,0,1,53.78694313,yahoo_bootstrap
2025-08-15,56.40000153,56.79999924,55.29999924,55.70000076,1803730,0,1,53.59450252,yahoo_bootstrap
2025-08-18,55.70000076,56.5,55,55.09999847,1597188,0,1,53.01718073,yahoo_bootstrap
2025-08-19,55.29999924,55.79999924,53.90000153,55,1686501,0,1,52.92096227,yahoo_bootstrap
2025-08-20,55,57.40000153,53.5,55.09999847,7716200,0,1,53.01718073,yahoo_bootstrap
2025-08-21,55.90000153,56.90000153,55.5,56.40000153,3737340,0,1,54.26804278,yahoo_bootstrap
2025-08-22,56.09999847,57.09999847,54.5,55.09999847,2572690,0,1,53.01718073,yahoo_bootstrap
2025-08-25,55.5,56.90000153,55.5,56.20000076,2340529,0,1,54.07560218,yahoo_bootstrap
2025-08-26,56.79999924,57.09999847,55.79999924,56.70000076,2113763,0,1,54.55670184,yahoo_bootstrap
2025-08-27,57.29999924,57.29999924,56.20000076,56.20000076,1555380,0,1,54.07560218,yahoo_bootstrap
2025-08-28,56.29999924,56.79999924,55.5,55.5,1903808,0,1,53.40206193,yahoo_bootstrap
2025-08-29,55.79999924,55.79999924,54.29999924,54.29999924,1942400,0,1,52.24742202,yahoo_bootstrap
2025-09-01,54.59999847,55.09999847,52.90000153,53.09999847,1658687,0,1,51.0927821,yahoo_bootstrap
2025-09-02,53.59999847,53.90000153,51.20000076,52,1531235,0,1,50.03436433,yahoo_bootstrap
2025-09-03,52.29999924,52.59999847,51,51.09999847,1539381,0,1,49.16838348,yahoo_bootstrap
2025-09-04,51.70000076,52.09999847,51.40000153,51.5,844491,0,1,49.55326467,yahoo_bootstrap
2025-09-05,52.20000076,52.20000076,51.29999924,51.70000076,685143,0,1,49.74570527,yahoo_bootstrap
2025-09-08,51.90000153,52.70000076,51.70000076,51.90000153,723100,0,1,49.93814587,yahoo_bootstrap
2025-09-09,52.40000153,52.5,51.40000153,51.5,793064,0,1,49.55326467,yahoo_bootstrap
2025-09-10,55,56.59999847,55,56.59999847,4042970,0,1,54.4604797,yahoo_bootstrap
2025-09-11,61,61.29999924,53.70000076,53.79999924,20190569,0,1,51.76632236,yahoo_bootstrap
2025-09-12,54.59999847,54.59999847,52.79999924,53.20000076,3008527,0,1,51.18900424,yahoo_bootstrap
2025-09-15,52.90000153,53.20000076,50.70000076,51.5,2544222,0,1,49.55326467,yahoo_bootstrap
2025-09-16,52,52.20000076,51,51.90000153,1129018,0,1,49.93814587,yahoo_bootstrap
2025-09-17,52.20000076,52.40000153,51.29999924,51.29999924,797212,0,1,49.36082408,yahoo_bootstrap
2025-09-18,51.70000076,52.70000076,51.40000153,52.09999847,998672,0,1,50.13058279,yahoo_bootstrap
2025-09-19,52.40000153,52.40000153,51.09999847,51.20000076,1347940,0,1,49.26460561,yahoo_bootstrap
2025-09-22,51.29999924,52.59999847,51.20000076,51.90000153,928020,0,1,49.93814587,yahoo_bootstrap
2025-09-23,52.5,52.90000153,51.40000153,51.40000153,1116326,0,1,49.45704621,yahoo_bootstrap
2025-09-24,51.59999847,51.90000153,51,51.29999924,660600,0,1,49.36082408,yahoo_bootstrap
2025-09-25,51.29999924,52.09999847,51.29999924,51.29999924,490090,0,1,49.36082408,yahoo_bootstrap
2025-09-26,51.5,52.09999847,50,50.29999924,1668110,0,1,48.39862476,yahoo_bootstrap
2025-09-30,50.70000076,51.79999924,50.20000076,51.70000076,634000,0,1,49.74570527,yahoo_bootstrap
2025-10-01,52,52.09999847,51.29999924,51.59999847,457301,0,1,49.64948313,yahoo_bootstrap
2025-10-02,52,52.09999847,51.20000076,51.29999924,457102,0,1,49.36082408,yahoo_bootstrap
2025-10-03,52,52.59999847,51.70000076,52.29999924,1344223,0,1,50.32302339,yahoo_bootstrap
2025-10-07,52.70000076,53.09999847,52.09999847,52.70000076,1015244,0,1,50.70790458,yahoo_bootstrap
2025-10-08,52.5,53,52.09999847,52.70000076,851071,0,1,50.70790458,yahoo_bootstrap
2025-10-09,53,53.5,52.29999924,52.29999924,1019989,0,1,50.32302339,yahoo_bootstrap
2025-10-13,49.40000153,51,49.40000153,50.90000153,926067,0,1,48.97594656,yahoo_bootstrap
2025-10-14,51.70000076,51.70000076,49.75,49.84999847,1001137,0,1,47.96563433,yahoo_bootstrap
2025-10-15,49.90000153,50.40000153,49.70000076,49.70000076,2070034,0,1,47.82130664,yahoo_bootstrap
2025-10-16,50.5,51.09999847,50.20000076,50.79999924,524270,0,1,48.87972442,yahoo_bootstrap
2025-10-17,50.79999924,51,49.79999924,49.84999847,570302,0,1,47.96563433,yahoo_bootstrap
2025-10-20,49.84999847,50.09999847,49.54999924,49.75,486252,0,1,47.86941587,yahoo_bootstrap
2025-10-21,49.79999924,50.40000153,49.59999847,49.79999924,625005,0,1,47.91752511,yahoo_bootstrap
2025-10-22,49.79999924,50.59999847,49.79999924,50.09999847,424150,0,1,48.20618416,yahoo_bootstrap
2025-10-23,50.20000076,51.20000076,48.95000076,49.09999847,1271250,0,1,47.24398485,yahoo_bootstrap
2025-10-27,49.5,49.70000076,48.65000153,49.5,484110,0,1,47.62886604,yahoo_bootstrap
2025-10-28,51.5,54,50.5,50.70000076,4516102,0,1,48.78350595,yahoo_bootstrap
2025-10-29,51.29999924,52,50.90000153,51.40000153,1368001,0,1,49.45704621,yahoo_bootstrap
2025-10-30,51.40000153,52.79999924,51.40000153,52.09999847,1563240,0,1,50.13058279,yahoo_bootstrap
2025-10-31,52.29999924,53,51.79999924,52.20000076,948522,0,1,50.22680492,yahoo_bootstrap
2025-11-03,53.09999847,55.79999924,53.09999847,55.29999924,5191485,0,1,53.20962134,yahoo_bootstrap
2025-11-04,55.79999924,56.29999924,53.29999924,53.59999847,3475786,0,1,51.57388176,yahoo_bootstrap
2025-11-05,52.79999924,53.5,51.20000076,51.90000153,1879334,0,1,49.93814587,yahoo_bootstrap
2025-11-06,52.59999847,53,51,51.09999847,1682304,0,1,49.16838348,yahoo_bootstrap
2025-11-07,51.20000076,51.20000076,49.65000153,49.84999847,1298050,0,1,47.96563433,yahoo_bootstrap
2025-11-10,50.20000076,50.20000076,49,49.95000076,626028,0,1,48.06185647,yahoo_bootstrap
2025-11-11,50.29999924,50.70000076,50.09999847,50.09999847,413237,0,1,48.20618416,yahoo_bootstrap
2025-11-12,50,51.29999924,50,51,595185,0,1,49.07216502,yahoo_bootstrap
2025-11-13,51.40000153,51.40000153,49.65000153,50.09999847,656100,0,1,48.20618416,yahoo_bootstrap
2025-11-14,49.59999847,49.95000076,48.90000153,49.04999924,1139100,0,1,47.19587562,yahoo_bootstrap
2025-11-17,49.09999847,49.09999847,48.15000153,48.34999847,991331,0,1,46.52233536,yahoo_bootstrap
2025-11-18,48,48.25,47.15000153,47.15000153,779053,0,1,45.36769913,yahoo_bootstrap
2025-11-19,47,47.40000153,46.34999847,46.90000153,522000,0,1,45.1271493,yahoo_bootstrap
2025-11-20,47.15000153,48.54999924,47.15000153,48.09999847,555004,0,1,46.28178553,yahoo_bootstrap
2025-11-21,47.5,48,46.5,47.09999847,485001,0,1,45.31958622,yahoo_bootstrap
2025-11-24,47.59999847,47.59999847,46.90000153,47.29999924,263394,0,1,45.51202682,yahoo_bootstrap
2025-11-25,47.79999924,48.04999924,47.09999847,47.09999847,422100,0,1,45.31958622,yahoo_bootstrap
2025-11-26,47.29999924,48.5,47.29999924,47.84999847,477172,0,1,46.0412357,yahoo_bootstrap
2025-11-27,48.20000076,48.45000076,47.95000076,48.20000076,310211,0,1,46.37800767,yahoo_bootstrap
2025-11-28,48.5,48.59999847,48,48.20000076,255226,0,1,46.37800767,yahoo_bootstrap
2025-12-01,48.15000153,48.70000076,47.54999924,47.54999924,362000,0,1,45.75257665,yahoo_bootstrap
2025-12-02,47.90000153,48.59999847,47.75,47.75,364004,0,1,45.94501725,yahoo_bootstrap
2025-12-03,48,48.54999924,46.90000153,46.95000076,825361,0,1,45.17525853,yahoo_bootstrap
2025-12-04,47.20000076,47.5,47,47.04999924,369350,0,1,45.27147699,yahoo_bootstrap
2025-12-05,47.20000076,47.5,46.29999924,46.65000153,503425,0,1,44.88659947,yahoo_bootstrap
2025-12-08,46.65000153,46.70000076,46.29999924,46.59999847,436343,0,1,44.83848656,yahoo_bootstrap
2025-12-09,46.70000076,46.84999847,46.15000153,46.20000076,360001,0,1,44.45360904,yahoo_bootstrap
2025-12-10,46.79999924,47.59999847,46.04999924,47.04999924,1067100,0,1,45.27147699,yahoo_bootstrap
2025-12-11,47.40000153,47.45000076,45.70000076,45.84999847,693031,0,1,44.11683708,yahoo_bootstrap
2025-12-12,45.84999847,46.34999847,45.59999847,45.84999847,421051,0,1,44.11683708,yahoo_bootstrap
2025-12-15,45.59999847,46.09999847,45.29999924,46,154051,0,1,44.26116845,yahoo_bootstrap
2025-12-16,46,46.04999924,45.15000153,45.59999847,303010,0,1,43.87628725,yahoo_bootstrap
2025-12-17,45.90000153,47.40000153,45.90000153,46.04999924,803672,0,1,44.30927768,yahoo_bootstrap
2025-12-18,46.04999924,46.45000076,45.54999924,45.59999847,200008,0,1,43.87628725,yahoo_bootstrap
2025-12-19,46.09999847,46.65000153,45.84999847,46.5,332110,0,1,44.7422681,yahoo_bootstrap
2025-12-22,46.79999924,47.5,46.79999924,47.34999847,579262,0,1,45.56013605,yahoo_bootstrap
2025-12-23,47.34999847,47.5,46.79999924,46.79999924,271300,0,1,45.03092717,yahoo_bootstrap
2025-12-24,47.25,47.70000076,47.09999847,47.09999847,301113,0,1,45.31958622,yahoo_bootstrap
2025-12-26,47.25,47.25,46.5,46.5,242030,0,1,44.7422681,yahoo_bootstrap
2025-12-29,46.59999847,47.79999924,46.59999847,47.09999847,467200,0,1,45.31958622,yahoo_bootstrap
2025-12-30,47,47,46.09999847,46.40000153,331030,0,1,44.64604964,yahoo_bootstrap
2025-12-31,46.20000076,46.70000076,45.84999847,46.04999924,335001,0,1,44.30927768,yahoo_bootstrap
2026-01-02,46.40000153,48.15000153,46.40000153,47.59999847,873030,0,1,45.80068588,yahoo_bootstrap
2026-01-05,47.75,47.84999847,46.04999924,46.15000153,766156,0,1,44.40549982,yahoo_bootstrap
2026-01-06,48.40000153,49,47.59999847,47.79999924,1481280,0,1,45.99312648,yahoo_bootstrap
2026-01-07,48.20000076,48.95000076,47.90000153,48.04999924,659001,0,1,46.23367631,yahoo_bootstrap
2026-01-08,48.04999924,48.20000076,47.29999924,47.5,272425,0,1,45.70446742,yahoo_bootstrap
2026-01-09,47.5,47.79999924,46.79999924,46.79999924,299024,0,1,45.03092717,yahoo_bootstrap
2026-01-12,46.75,47.84999847,46.75,47.45000076,419403,0,1,45.65635818,yahoo_bootstrap
2026-01-13,47.79999924,47.79999924,46.70000076,46.84999847,391000,0,1,45.07903639,yahoo_bootstrap
2026-01-14,46.84999847,48.15000153,46.84999847,47.90000153,489011,0,1,46.08934861,yahoo_bootstrap
2026-01-15,48.20000076,48.20000076,47.29999924,47.90000153,302561,0,1,46.08934861,yahoo_bootstrap
2026-01-16,48,48.20000076,47.15000153,47.20000076,432488,0,1,45.41580835,yahoo_bootstrap
2026-01-19,47.20000076,48.79999924,47.20000076,47.90000153,783025,0,1,46.08934861,yahoo_bootstrap
2026-01-20,47.90000153,48.25,47.5,48.04999924,376105,0,1,46.23367631,yahoo_bootstrap
2026-01-21,48,48,47.15000153,47.20000076,513349,0,1,45.41580835,yahoo_bootstrap
2026-01-22,47.45000076,47.45000076,47,47.29999924,508002,0,1,45.51202682,yahoo_bootstrap
2026-01-23,47.5,48.65000153,47.5,48,801070,0,1,46.18556707,yahoo_bootstrap
2026-01-26,48.09999847,48.65000153,48,48.25,415624,0,1,46.4261169,yahoo_bootstrap
2026-01-27,48.34999847,48.79999924,47.54999924,47.65000153,599002,0,1,45.84879879,yahoo_bootstrap
2026-01-28,47.95000076,47.95000076,47.25,47.40000153,327000,0,1,45.60824896,yahoo_bootstrap
2026-01-29,47.70000076,48,46.04999924,46.04999924,617061,0,1,44.30927768,yahoo_bootstrap
2026-01-30,45.59999847,46.09999847,44.09999847,44.34999847,1112636,0,1,42.67353811,yahoo_bootstrap
2026-02-02,43.90000153,44,43.09999847,43.5,400010,0,1,41.85567016,yahoo_bootstrap
2026-02-03,44,44.29999924,43.25,43.54999924,329092,0,1,41.9037794,yahoo_bootstrap
2026-02-04,43.70000076,44.54999924,43.70000076,44.34999847,275301,0,1,42.67353811,yahoo_bootstrap
2026-02-05,44.59999847,44.84999847,43.79999924,44.25,344000,0,1,42.57731965,yahoo_bootstrap
2026-02-06,43.90000153,43.90000153,42.29999924,43,427247,0,1,41.3745705,yahoo_bootstrap
2026-02-09,43.45000076,44.20000076,43.09999847,43.59999847,228017,0,1,41.95188862,yahoo_bootstrap
2026-02-10,43.90000153,45,43.70000076,44.25,483006,0,1,42.57731965,yahoo_bootstrap
2026-02-11,44.75,44.75,43.70000076,43.79999924,334100,0,1,42.14432922,yahoo_bootstrap
2026-02-23,43.79999924,44.70000076,43.40000153,44.59999847,459011,0,1,42.91408793,yahoo_bootstrap
2026-02-24,44.75,45.09999847,44.09999847,44.54999924,365000,0,1,42.86597871,yahoo_bootstrap
2026-02-25,44.54999924,44.84999847,43.90000153,44.04999924,421007,0,1,42.38487905,yahoo_bootstrap
2026-02-26,46.04999924,48.45000076,46.04999924,48.45000076,3342510,0,1,46.6185575,yahoo_bootstrap
2026-03-02,46.20000076,50,46.20000076,48.54999924,4985007,0,1,46.71477597,yahoo_bootstrap
2026-03-03,48.54999924,48.54999924,46,46,1844800,0,1,44.26116845,yahoo_bootstrap
2026-03-04,44.84999847,45,42.79999924,43.20000076,1350200,0,1,41.5670111,yahoo_bootstrap
2026-03-05,44.70000076,46.65000153,44.5,45.09999847,1152010,0,1,43.39518759,yahoo_bootstrap
2026-03-06,44.75,45.70000076,44.75,45.65000153,490026,0,1,43.92440016,yahoo_bootstrap
2026-03-09,43.54999924,44.5,42.79999924,44.40000153,617500,0,1,42.72165102,yahoo_bootstrap
2026-03-10,45,46.45000076,44.84999847,45.70000076,672095,0,1,43.97250938,yahoo_bootstrap
2026-03-11,46.45000076,47.84999847,46.45000076,46.90000153,939356,0,1,45.1271493,yahoo_bootstrap
2026-03-12,48.25,49.20000076,47.65000153,48.34999847,2267494,0,1,46.52233536,yahoo_bootstrap
2026-03-13,47.79999924,48.75,47.34999847,47.79999924,853015,0,1,45.99312648,yahoo_bootstrap
2026-03-16,47.79999924,47.90000153,46.84999847,47,562196,0,1,45.22336776,yahoo_bootstrap
2026-03-17,47.5,48.45000076,47.29999924,47.45000076,663001,0,1,45.65635818,yahoo_bootstrap
2026-03-18,48.15000153,49.40000153,47.84999847,48.20000076,1470500,0,1,46.37800767,yahoo_bootstrap
2026-03-19,48.20000076,49.25,47.54999924,49.25,1516305,0,1,47.38831622,yahoo_bootstrap
2026-03-20,50.5,50.59999847,47.95000076,48,2521272,0,1,46.18556707,yahoo_bootstrap
2026-03-23,46.5,46.70000076,45.45000076,45.54999924,797292,0,1,43.82817802,yahoo_bootstrap
2026-03-24,46.29999924,46.45000076,44.40000153,44.75,624085,0,1,43.0584193,yahoo_bootstrap
2026-03-25,45.15000153,45.40000153,44.75,44.90000153,358100,0,1,43.20275067,yahoo_bootstrap
2026-03-26,45.20000076,45.29999924,44.29999924,44.45000076,359358,0,1,42.76976024,yahoo_bootstrap
2026-03-27,44.09999847,44.84999847,43.79999924,44.75,363032,0,1,43.0584193,yahoo_bootstrap
2026-03-30,43.84999847,43.84999847,43.09999847,43.54999924,441388,0,1,41.9037794,yahoo_bootstrap
2026-03-31,43.25,43.5,42.15000153,42.25,494000,0,1,40.65292102,yahoo_bootstrap
2026-04-01,43.25,43.65000153,42.70000076,43.45000076,282033,0,1,41.80756093,yahoo_bootstrap
2026-04-02,43.70000076,44,42.84999847,42.95000076,200005,0,1,41.32646127,yahoo_bootstrap
2026-04-07,47.20000076,47.20000076,45.84999847,45.90000153,1216346,0,1,44.16494999,yahoo_bootstrap
2026-04-08,46,47.20000076,46,46.90000153,788108,0,1,45.1271493,yahoo_bootstrap
2026-04-09,46.90000153,47.15000153,46.09999847,46.25,366100,0,1,44.50171827,yahoo_bootstrap
2026-04-10,46.34999847,46.79999924,46.25,46.40000153,269333,0,1,44.64604964,yahoo_bootstrap
2026-04-13,46.40000153,46.59999847,45.95000076,46.09999847,313001,0,1,44.35738691,yahoo_bootstrap
2026-04-14,47.09999847,48.45000076,46.95000076,46.95000076,1056301,0,1,45.17525853,yahoo_bootstrap
2026-04-15,47.29999924,47.79999924,47,47,419060,0,1,45.22336776,yahoo_bootstrap
2026-04-16,47,47.70000076,47,47.45000076,415358,0,1,45.65635818,yahoo_bootstrap
2026-04-17,47.5,48.54999924,47.5,48.04999924,647010,0,1,46.23367631,yahoo_bootstrap
2026-04-20,48.40000153,48.5,47.40000153,47.90000153,541100,0,1,46.08934861,yahoo_bootstrap
2026-04-21,48,48.04999924,47.45000076,47.54999924,534268,0,1,45.75257665,yahoo_bootstrap
2026-04-22,48,48.70000076,47.79999924,48.29999924,748000,0,1,46.47422614,yahoo_bootstrap
2026-04-23,48.79999924,48.84999847,45,46.25,801200,0,1,44.50171827,yahoo_bootstrap
2026-04-24,46.84999847,46.84999847,44.79999924,45.15000153,465176,0,1,43.4433005,yahoo_bootstrap
2026-04-27,45.15000153,45.15000153,44,44.34999847,444946,0,1,42.67353811,yahoo_bootstrap
2026-04-28,44.5,46.40000153,44.04999924,45.79999924,389678,0,1,44.06872785,yahoo_bootstrap
2026-04-29,46.34999847,46.79999924,45.40000153,45.70000076,255200,0,1,43.97250938,yahoo_bootstrap
2026-04-30,45.65000153,46.59999847,45.45000076,45.70000076,338010,0,1,43.97250938,yahoo_bootstrap
2026-05-04,45.70000076,47.09999847,45.70000076,46.75,384316,0,1,44.98281793,yahoo_bootstrap
2026-05-05,46.75,47.79999924,46.70000076,47.54999924,366758,0,1,45.75257665,yahoo_bootstrap
2026-05-06,47.90000153,48.5,47.04999924,47.15000153,713470,0,1,45.36769913,yahoo_bootstrap
2026-05-07,46.20000076,46.20000076,44.20000076,45.20000076,1487031,0,1,43.49140973,yahoo_bootstrap
2026-05-08,44.75,45.29999924,44.34999847,44.34999847,907051,0,1,42.67353811,yahoo_bootstrap
2026-05-11,44.45000076,44.84999847,44.04999924,44.25,555010,0,1,42.57731965,yahoo_bootstrap
2026-05-12,44.29999924,44.29999924,43,43.29999924,851500,0,1,41.66322957,yahoo_bootstrap
2026-05-13,43,43.20000076,42.20000076,42.5,702001,0,1,40.89347085,yahoo_bootstrap
2026-05-14,42.59999847,42.84999847,42.15000153,42.34999847,530024,0,1,40.74913948,yahoo_bootstrap
2026-05-15,42.75,43.25,41.79999924,41.90000153,587260,0,1,40.31615273,yahoo_bootstrap
2026-05-18,41.95000076,42.04999924,41,41.79999924,374012,0,1,40.2199306,yahoo_bootstrap
2026-05-19,41.79999924,42.29999924,41.40000153,41.75,436000,0,1,40.17182136,yahoo_bootstrap
2026-05-20,41.75,42.40000153,41.20000076,42,343614,0,1,40.41237119,yahoo_bootstrap
2026-05-21,42.09999847,42.54999924,42.09999847,42.40000153,438300,0,1,40.79725239,yahoo_bootstrap
2026-05-22,42.75,43.34999847,42.5,43.04999924,542259,0,1,41.42267974,yahoo_bootstrap
2026-05-25,43.25,44.04999924,42.75,42.90000153,634032,0,1,41.27835204,yahoo_bootstrap
2026-05-26,43,43.15000153,42.09999847,42.29999924,369707,0,1,40.70103025,yahoo_bootstrap
2026-05-27,42.40000153,42.79999924,42,42.20000076,497031,0,1,40.60481178,yahoo_bootstrap
2026-05-28,42.20000076,42.79999924,41.59999847,41.90000153,614035,0,1,40.31615273,yahoo_bootstrap
2026-05-29,42.04999924,43.15000153,41.95000076,42.79999924,522260,0,1,41.18212991,yahoo_bootstrap
2026-06-01,43.20000076,47.04999924,43.20000076,47.04999924,4082160,0,1,45.27147699,yahoo_bootstrap
2026-06-02,47.5,49.90000153,46.40000153,48.15000153,7411548,0,1,46.32989844,yahoo_bootstrap
2026-06-03,49.70000076,49.70000076,47.84999847,48.95000076,2723935,0,1,47.09965715,yahoo_bootstrap
2026-06-04,48.95000076,49.40000153,47.29999924,47.70000076,1867158,0,1,45.89690801,yahoo_bootstrap
2026-06-05,47.70000076,51,46,50,4694526,0,1,48.1099657,yahoo_bootstrap
2026-06-08,45,51.90000153,45,51.20000076,6033130,0,1,49.26460561,yahoo_bootstrap
2026-06-09,51.29999924,52.29999924,49,49,7104805,0,1,47.14776639,yahoo_bootstrap
2026-06-10,48.20000076,50.5,47.59999847,47.59999847,2552350,0,1,45.80068588,yahoo_bootstrap
2026-06-11,47.59999847,47.59999847,46,46.59999847,1017100,0,1,44.83848656,yahoo_bootstrap
2026-06-12,47.75,47.90000153,46.90000153,46.90000153,668341,0,1,45.1271493,yahoo_bootstrap
2026-06-15,46.95000076,47.29999924,46.34999847,46.54999924,797072,0,1,44.79037734,yahoo_bootstrap
2026-06-16,47.20000076,47.20000076,45.5,45.5,787553,0,1,43.78006879,yahoo_bootstrap
2026-06-17,45.20000076,46.25,45.20000076,45.29999924,599612,0,1,43.58762819,yahoo_bootstrap
2026-06-18,45.75,45.84999847,45,45.20000076,541467,0,1,43.49140973,yahoo_bootstrap
2026-06-22,45.20000076,45.54999924,45,45.40000153,618058,0,1,43.68385033,yahoo_bootstrap
2026-06-23,45.54999924,45.54999924,44.09999847,44.34999847,700438,0,1,42.67353811,yahoo_bootstrap
2026-06-24,43.79999924,44.54999924,43.70000076,44.15000153,741100,0,1,42.48110119,yahoo_bootstrap
2026-06-25,44.15000153,44.5,43.95000076,43.95000076,356205,0,1,42.28866058,yahoo_bootstrap
2026-06-26,43.75,43.75,42.20000076,42.20000076,965800,0,1,40.60481178,yahoo_bootstrap
2026-06-29,42.34999847,43.59999847,42.25,43.29999924,430192,0,1,41.66322957,yahoo_bootstrap
2026-06-30,44.75,45.40000153,44.54999924,45,1313500,0,1,43.29896913,yahoo_bootstrap
2026-07-01,45,45,43.75,43.75,643304,0,1,42.09621999,yahoo_bootstrap
2026-07-02,43.20000076,45.29999924,43.20000076,44.75,543055,0,1,43.0584193,yahoo_bootstrap
2026-07-03,44.04999924,45.04999924,44.04999924,44.70000076,389811,0,1,43.01031007,yahoo_bootstrap
2026-07-06,44.79999924,45.45000076,44.70000076,44.84999847,456200,0,1,43.15463776,yahoo_bootstrap
2026-07-07,45.04999924,45.79999924,43.90000153,44.20000076,594000,0,1,42.52921041,yahoo_bootstrap
2026-07-08,44.20000076,44.84999847,43.5,44.59999847,249040,0,1,42.91408793,yahoo_bootstrap
2026-07-09,44.65000153,44.65000153,44,44.34999847,316610,0,1,42.67353811,yahoo_bootstrap
2026-07-10,44.34999847,44.34999847,44.34999847,44.34999847,0,0,1,42.67353811,yahoo_bootstrap
2026-07-13,44.70000076,45.20000076,44.15000153,44.59999847,395472,0,1,42.91408793,yahoo_bootstrap
2026-07-14,44.59999847,44.59999847,42.59999847,43.54999924,585005,0,1,41.9037794,yahoo_bootstrap
2026-07-15,43.54999924,44.04999924,43.5,43.65000153,323094,0,1,42.00000153,yahoo_bootstrap
2026-07-16,43,43,42.25,42.25,425710,1.65,1,42.25,yahoo_bootstrap
2026-07-17,42.15000153,42.59999847,41.29999924,41.54999924,493001,0,1,41.54999924,yahoo_bootstrap
2026-07-20,41.54999924,42.09999847,40.25,41,441000,0,1,41,yahoo_bootstrap
2026-07-21,41,42.15000153,41,42,224443,0,1,42,yahoo_bootstrap
2026-07-22,42.34999847,42.70000076,41.84999847,41.90000153,224456,0,1,41.90000153,yahoo_bootstrap
2026-07-23,41.90000153,42.25,41.40000153,41.45000076,195001,0,1,41.45000076,yahoo_bootstrap
2026-07-24,41.45000076,41.70000076,40.84999847,40.84999847,183102,0,1,40.84999847,yahoo_bootstrap
2026-07-27,41,41,40.29999924,40.54999924,317070,0,1,40.54999924,yahoo_bootstrap
2026-07-28,40.54999924,40.54999924,39.40000153,39.5,441181,0,1,39.5,yahoo_bootstrap
2026-07-29,39.04999924,39.84999847,37,38.04999924,958029,0,1,38.04999924,yahoo_bootstrap
2026-07-30,38.90000153,39,37.29999924,37.90000153,365000,0,1,37.90000153,yahoo_bootstrap
2026-07-31,38.59999847,39.75,38.59999847,38.84999847,267199,0,1,38.84999847,yahoo_bootstrap
2026-08-03,38.84999847,39.65000153,38.70000076,39.45000076,233000,0,1,39.45000076,yahoo_bootstrap
2026-08-04,39.54999924,41.54999924,39.40000153,41.54999924,522908,0,1,41.54999924,yahoo_bootstrap
2026-08-05,42.45000076,43.34999847,42.34999847,42.59999847,562004,0,1,42.59999847,yahoo_bootstrap
2026-08-06,44.59999847,46.5,44.40000153,45.25,2951135,0,1,45.25,yahoo_bootstrap
2026-08-07,45.25,46,44.70000076,45.90000153,1121560,0,1,45.90000153,yahoo_bootstrap
2026-08-10,47,47.20000076,46.20000076,46.65000153,915018,0,1,46.65000153,yahoo_bootstrap
2026-08-11,46.65000153,46.65000153,45.79999924,46.40000153,459100,0,1,46.40000153,yahoo_bootstrap
2026-08-12,46.40000153,46.59999847,46,46.15000153,474359,0,1,46.15000153,yahoo_bootstrap
2026-08-13,46.29999924,47.09999847,46.29999924,46.54999924,660350,0,1,46.54999924,yahoo_bootstrap
2026-08-14,46.54999924,47.40000153,46.25,46.90000153,772389,0,1,46.90000153,yahoo_daily
2026-08-17,46.90000153,46.90000153,45.45000076,45.54999924,462172,0,1,45.54999924,yahoo_daily
2026-08-18,45.70000076,45.95000076,43.79999924,43.90000153,554246,0,1,43.90000153,yahoo_daily
2026-08-19,43.75,44.29999924,43.25,44.09999847,270025,0,1,44.09999847,yahoo_daily
2026-08-20,44.40000153,45,44.25,44.79999924,237211,0,1,44.79999924,yahoo_daily
2026-08-21,44.5,44.59999847,44.20000076,44.40000153,129000,0,1,44.40000153,yahoo_daily
2026-08-24,44.40000153,44.59999847,44.15000153,44.54999924,110871,0,1,44.54999924,yahoo_daily
2026-08-25,44.20000076,44.59999847,43.90000153,44.15000153,186286,0,1,44.15000153,yahoo_daily
2026-08-26,44.5,45.59999847,44.5,45.29999924,363111,0,1,45.29999924,yahoo_daily
2026-08-27,45.29999924,45.95000076,45.29999924,45.5,209200,0,1,45.5,yahoo_daily
2026-08-28,46.20000076,46.20000076,45.04999924,45.04999924,205708,0,1,45.04999924,yahoo_daily
2026-08-31,45,45.70000076,44.84999847,45.40000153,228550,0,1,45.40000153,yahoo_daily
2026-09-01,45.25,45.5,45.04999924,45.15000153,208001,0,1,45.15000153,yahoo_daily
2026-09-02,45.15000153,46,45,46,526080,0,1,46,yahoo_daily
2026-09-03,46.5,46.75,44.90000153,44.95000076,354000,0,1,44.95000076,yahoo_daily
2026-09-04,45.04999924,46.20000076,45,45.90000153,347002,0,1,45.90000153,yahoo_daily
2026-09-07,46,46,45.20000076,45.25,403014,0,1,45.25,yahoo_daily
2026-09-08,45.20000076,45.29999924,44.5,44.54999924,435003,0,1,44.54999924,yahoo_daily
2026-09-09,44.34999847,44.59999847,44.20000076,44.29999924,194000,0,1,44.29999924,yahoo_daily
2026-09-10,44.09999847,45.29999924,44.09999847,44.79999924,246115,0,1,44.79999924,yahoo_daily
2026-09-11,45.15000153,46.5,44.79999924,46.04999924,1450100,0,1,46.04999924,yahoo_daily
2026-09-14,47.5,50.59999847,47.29999924,50.59999847,10824890,0,1,50.59999847,yahoo_daily
2026-09-15,51.59999847,52.90000153,48.09999847,48.15000153,21521778,0,1,48.15000153,yahoo_daily
2026-09-16,48.75,50.90000153,48.5,49.70000076,7370665,0,1,49.70000076,yahoo_daily
2026-09-17,48.25,49.5,48,48.75,3356702,0,1,48.75,yahoo_daily
