date,open,high,low,close,volume,dividend,split_factor,adjusted_close,source
2021-10-01,12.5,12.55555534,12.05555534,12.05555534,1770783,0,1,10.36427403,yahoo_bootstrap
2021-10-04,12.16666603,12.33333302,11.33333302,11.33333302,2651832,0,1,9.74337272,yahoo_bootstrap
2021-10-05,11.22222233,11.83333302,11,11.77777672,1726290,0,1,10.12546514,yahoo_bootstrap
2021-10-06,11.77777672,11.77777672,11.16666603,11.33333302,1052366,0,1,9.74337272,yahoo_bootstrap
2021-10-07,11.38888836,11.77777672,11.38888836,11.72222233,1300819,0,1,10.07770451,yahoo_bootstrap
2021-10-08,11.72222233,11.9444437,11.72222233,11.77777672,678600,0,1,10.12546514,yahoo_bootstrap
2021-10-12,11.66666603,11.88888836,11.5,11.55555534,666559,0,1,9.93441934,yahoo_bootstrap
2021-10-13,11.72222233,11.72222233,11.33333302,11.4444437,664290,0,1,9.83889562,yahoo_bootstrap
2021-10-14,11.61111069,11.66666603,11.33333302,11.5,412208,0,1,9.88665789,yahoo_bootstrap
2021-10-15,11.66666603,11.88888836,11.61111069,11.83333302,616737,0,1,10.17322741,yahoo_bootstrap
2021-10-18,11.88888836,11.9444437,11.77777672,11.88888836,399019,0,1,10.22098886,yahoo_bootstrap
2021-10-19,11.9444437,12.22222233,11.88888836,12.11111069,852973,0,1,10.41203548,yahoo_bootstrap
2021-10-20,12.27777672,12.38888836,12,12,965999,0,1,10.31651258,yahoo_bootstrap
2021-10-21,12,12.5,12,12.22222233,1464007,0,1,10.5075592,yahoo_bootstrap
2021-10-22,12.38888836,12.55555534,12.22222233,12.38888836,1229607,0,1,10.65084355,yahoo_bootstrap
2021-10-25,12.27777672,12.66666603,12.27777672,12.61111069,915501,0,1,10.84189017,yahoo_bootstrap
2021-10-26,12.72222233,12.72222233,12.4444437,12.4444437,585234,0,1,10.698605,yahoo_bootstrap
2021-10-27,12.38888836,12.5,12.27777672,12.38888836,951222,0,1,10.65084355,yahoo_bootstrap
2021-10-28,12.4444437,12.9444437,12.22222233,12.4444437,1763043,0,1,10.698605,yahoo_bootstrap
2021-10-29,12.55555534,12.66666603,12.33333302,12.38888836,1457200,0,1,10.65084355,yahoo_bootstrap
2021-11-01,12.66666603,12.83333302,12.61111069,12.66666603,1187190,0,1,10.88965162,yahoo_bootstrap
2021-11-02,12.72222233,12.83333302,12.27777672,12.33333302,1563505,0,1,10.6030821,yahoo_bootstrap
2021-11-03,12.38888836,12.61111069,12.27777672,12.38888836,1557532,0,1,10.65084355,yahoo_bootstrap
2021-11-04,12.4444437,12.5,12.27777672,12.33333302,1276209,0,1,10.6030821,yahoo_bootstrap
2021-11-05,12.5,12.61111069,12.33333302,12.5,1330199,0,1,10.74636727,yahoo_bootstrap
2021-11-08,12.55555534,12.72222233,12.5,12.66666603,1403367,0,1,10.88965162,yahoo_bootstrap
2021-11-09,12.66666603,12.66666603,12.4444437,12.4444437,663857,0,1,10.698605,yahoo_bootstrap
2021-11-10,12.4444437,12.5,12.38888836,12.38888836,634759,0,1,10.65084355,yahoo_bootstrap
2021-11-11,12.4444437,12.55555534,12.38888836,12.5,733500,0,1,10.74636727,yahoo_bootstrap
2021-11-12,12.5,12.61111069,12.05555534,12.11111069,2781154,0,1,10.41203548,yahoo_bootstrap
2021-11-15,12.22222233,12.27777672,12.05555534,12.05555534,1645839,0,1,10.36427403,yahoo_bootstrap
2021-11-16,12.11111069,12.33333302,12.11111069,12.11111069,1710698,0,1,10.41203548,yahoo_bootstrap
2021-11-17,12.16666603,12.27777672,12.16666603,12.22222233,1258290,0,1,10.5075592,yahoo_bootstrap
2021-11-18,12.33333302,12.88888836,12.22222233,12.77777672,4271223,0,1,10.98517452,yahoo_bootstrap
2021-11-19,12.83333302,12.83333302,12.4444437,12.55555534,2716223,0,1,10.79412872,yahoo_bootstrap
2021-11-22,12.72222233,13.05555534,12.5,13,3845970,0,1,11.17622196,yahoo_bootstrap
2021-11-23,13,13.05555534,12.4444437,12.5,3487321,0,1,10.74636727,yahoo_bootstrap
2021-11-24,12.55555534,13,12.38888836,12.9444437,2442321,0,1,11.12845969,yahoo_bootstrap
2021-11-25,13.05555534,13.05555534,12.72222233,12.77777672,1315521,0,1,10.98517452,yahoo_bootstrap
2021-11-26,12.83333302,12.83333302,12.05555534,12.11111069,3955502,0,1,10.41203548,yahoo_bootstrap
2021-11-29,12.05555534,12.05555534,11.55555534,11.88888836,2498961,0,1,10.22098886,yahoo_bootstrap
2021-11-30,12,12.33333302,12,12.05555534,8115187,0,1,10.36427403,yahoo_bootstrap
2021-12-01,12,12.38888836,12,12.33333302,1023570,0,1,10.6030821,yahoo_bootstrap
2021-12-02,12.33333302,12.55555534,12.16666603,12.27777672,1320747,0,1,10.55531983,yahoo_bootstrap
2021-12-03,12.38888836,12.5,12.27777672,12.4444437,776790,0,1,10.698605,yahoo_bootstrap
2021-12-06,12.61111069,12.88888836,12.4444437,12.72222233,2618404,0,1,10.93741389,yahoo_bootstrap
2021-12-07,12.72222233,13.22222233,12.72222233,12.77777672,8152479,0,1,10.98517452,yahoo_bootstrap
2021-12-08,12.88888836,13.05555534,12.66666603,13.05555534,2158081,0,1,11.22398341,yahoo_bootstrap
2021-12-09,13.16666603,14.33333302,13.11111069,14.33333302,11775121,0,1,12.32250087,yahoo_bootstrap
2021-12-10,14.77777672,15.72222233,14.5,15.72222233,39269135,0,1,13.51654204,yahoo_bootstrap
2021-12-13,16.44444466,17.27777672,16.27777672,17.27777672,16352675,0,1,14.85386674,yahoo_bootstrap
2021-12-14,18.27777672,18.55555534,15.55555534,15.66666603,54226422,0,1,13.46877976,yahoo_bootstrap
2021-12-15,16,17.16666603,15.72222233,16.22222137,43003829,0,1,13.9463959,yahoo_bootstrap
2021-12-16,16.27777672,16.72222137,16.11111069,16.5,14630174,0,1,14.1852048,yahoo_bootstrap
2021-12-17,16.11111069,16.16666603,15.38888836,15.55555534,10660140,0,1,13.37325686,yahoo_bootstrap
2021-12-20,15.5,15.83333302,15.5,15.66666603,3902991,0,1,13.46877976,yahoo_bootstrap
2021-12-21,15.66666603,15.9444437,15.27777672,15.5,5793714,0,1,13.32549542,yahoo_bootstrap
2021-12-22,15.77777672,16.61111069,15.61111069,15.88888836,29674804,0,1,13.65982639,yahoo_bootstrap
2021-12-23,15.88888836,16.16666603,15.72222233,15.9444437,5650865,0,1,13.70758783,yahoo_bootstrap
2021-12-24,16.16666603,16.27777672,15.55555534,15.66666603,4712041,0,1,13.46877976,yahoo_bootstrap
2021-12-27,15.77777672,16.27777672,15.66666603,16.05555534,6199199,0,1,13.80311155,yahoo_bootstrap
2021-12-28,16.33333206,16.77777672,15.9444437,16.22222137,20511353,0,1,13.9463959,yahoo_bootstrap
2021-12-29,16.22222137,16.72222137,16.05555534,16.16666603,10640880,0,1,13.89863446,yahoo_bootstrap
2021-12-30,16.16666603,17.77777672,16.05555534,17.77777672,38033321,0,1,15.28372143,yahoo_bootstrap
2022-01-03,18.11111069,18.33333206,17.55555534,17.88888741,69493798,0,1,15.37924433,yahoo_bootstrap
2022-01-04,17.72222137,17.77777672,16.72222137,16.77777672,21393651,0,1,14.42401205,yahoo_bootstrap
2022-01-05,16.88888741,17.72222137,16.44444466,16.55555534,23738829,0,1,14.23296624,yahoo_bootstrap
2022-01-06,16.5,17.22222137,16.33333206,16.83333206,10672310,0,1,14.4717735,yahoo_bootstrap
2022-01-07,16.72222137,17,15.9444437,16.16666603,9862240,0,1,13.89863446,yahoo_bootstrap
2022-01-10,15.83333302,16.88888741,15.83333302,16,24027840,0,1,13.75535011,yahoo_bootstrap
2022-01-11,15.88888836,16.33333206,15.4444437,15.72222233,10376077,0,1,13.51654204,yahoo_bootstrap
2022-01-12,15.88888836,16.05555534,15.5,15.55555534,11749635,0,1,13.37325686,yahoo_bootstrap
2022-01-13,15.61111069,15.77777672,15.22222233,15.22222233,5234760,0,1,13.08668735,yahoo_bootstrap
2022-01-14,15.22222233,15.27777672,14.61111069,14.83333302,5923303,0,1,12.75235556,yahoo_bootstrap
2022-01-17,14.83333302,15.33333302,14.72222233,15.16666603,3156618,0,1,13.03892507,yahoo_bootstrap
2022-01-18,15.38888836,15.66666603,15.16666603,15.27777672,2930400,0,1,13.13444798,yahoo_bootstrap
2022-01-19,15.16666603,15.27777672,15,15.11111069,2293477,0,1,12.99116363,yahoo_bootstrap
2022-01-20,15.22222233,15.66666603,15.22222233,15.22222233,3107704,0,1,13.08668735,yahoo_bootstrap
2022-01-21,15.11111069,15.27777672,14.72222233,14.72222233,3007653,0,1,12.65683266,yahoo_bootstrap
2022-01-24,14.55555534,14.72222233,14.16666603,14.61111069,2743431,0,1,12.56130894,yahoo_bootstrap
2022-01-25,14.5,14.72222233,14.16666603,14.16666603,2560053,0,1,12.17921569,yahoo_bootstrap
2022-01-26,14.16666603,14.5,14.11111069,14.11111069,1968750,0,1,12.13145425,yahoo_bootstrap
2022-02-07,14.33333302,15.11111069,14.27777672,14.9444437,3169179,0,1,12.84787845,yahoo_bootstrap
2022-02-08,15,15.66666603,15,15.55555534,3950357,0,1,13.37325686,yahoo_bootstrap
2022-02-09,15.55555534,16,15.4444437,15.88888836,4436461,0,1,13.65982639,yahoo_bootstrap
2022-02-10,16,16.11111069,15.66666603,15.77777672,3425176,0,1,13.56430267,yahoo_bootstrap
2022-02-11,15.55555534,16.16666603,15.55555534,15.88888836,3415545,0,1,13.65982639,yahoo_bootstrap
2022-02-14,15.66666603,15.66666603,15.27777672,15.4444437,2323109,0,1,13.27773314,yahoo_bootstrap
2022-02-15,15.5,16,15.4444437,15.4444437,2664629,0,1,13.27773314,yahoo_bootstrap
2022-02-16,15.83333302,16.05555534,15.55555534,15.66666603,2381543,0,1,13.46877976,yahoo_bootstrap
2022-02-17,15.77777672,15.88888836,15.38888836,15.38888836,2612836,0,1,13.2299717,yahoo_bootstrap
2022-02-18,15.5,15.55555534,15.22222233,15.38888836,2091933,0,1,13.2299717,yahoo_bootstrap
2022-02-21,15.22222233,15.66666603,15.16666603,15.55555534,2067300,0,1,13.37325686,yahoo_bootstrap
2022-02-22,15.61111069,15.61111069,14.83333302,15.11111069,2980935,0,1,12.99116363,yahoo_bootstrap
2022-02-23,15.11111069,15.38888836,15,15.05555534,2020536,0,1,12.94340217,yahoo_bootstrap
2022-02-24,14.9444437,14.9444437,14.16666603,14.27777672,4308601,0,1,12.2747386,yahoo_bootstrap
2022-02-25,14.5,14.5,14.16666603,14.22222233,1990800,0,1,12.22697796,yahoo_bootstrap
2022-03-01,14.38888836,14.66666603,14.27777672,14.61111069,1940499,0,1,12.56130894,yahoo_bootstrap
2022-03-02,14.61111069,14.72222233,14.16666603,14.4444437,6471607,0,1,12.41802376,yahoo_bootstrap
2022-03-03,14.55555534,14.83333302,14.38888836,14.4444437,2091013,0,1,12.41802376,yahoo_bootstrap
2022-03-04,14.27777672,14.55555534,14.22222233,14.22222233,1468013,0,1,12.22697796,yahoo_bootstrap
2022-03-07,13.9444437,13.9444437,13.38888836,13.55555534,3194335,0,1,11.6538381,yahoo_bootstrap
2022-03-08,13.61111069,13.9444437,13.5,13.5,2494980,0,1,11.60607665,yahoo_bootstrap
2022-03-09,13.83333302,14.4444437,13.83333302,14.22222233,3286240,0,1,12.22697796,yahoo_bootstrap
2022-03-10,14.5,14.77777672,14.4444437,14.55555534,2727376,0,1,12.51354748,yahoo_bootstrap
2022-03-11,14.4444437,14.66666603,14.38888836,14.66666603,1292097,0,1,12.60907038,yahoo_bootstrap
2022-03-14,14.77777672,14.9444437,14.55555534,14.61111069,1563117,0,1,12.56130894,yahoo_bootstrap
2022-03-15,14.61111069,14.61111069,14.11111069,14.33333302,2246535,0,1,12.32250087,yahoo_bootstrap
2022-03-16,14.5,14.66666603,14.05555534,14.16666603,2017217,0,1,12.17921569,yahoo_bootstrap
2022-03-17,14.4444437,14.72222233,14.38888836,14.5,2484018,0,1,12.46578603,yahoo_bootstrap
2022-03-18,14.61111069,14.77777672,14.4444437,14.61111069,2214595,0,1,12.56130894,yahoo_bootstrap
2022-03-21,14.83333302,15,14.27777672,14.33333302,2573238,0,1,12.32250087,yahoo_bootstrap
2022-03-22,14.55555534,14.55555534,14.27777672,14.55555534,1366613,0,1,12.51354748,yahoo_bootstrap
2022-03-23,14.61111069,14.66666603,14.38888836,14.4444437,1676198,0,1,12.41802376,yahoo_bootstrap
2022-03-24,14.4444437,14.55555534,14.22222233,14.38888836,1714749,0,1,12.37026231,yahoo_bootstrap
2022-03-25,14.4444437,14.55555534,14.16666603,14.27777672,1728722,0,1,12.2747386,yahoo_bootstrap
2022-03-28,14.16666603,14.27777672,13.88888836,14,1771729,0,1,12.03593134,yahoo_bootstrap
2022-03-29,13.88888836,14,13.55555534,13.66666603,2786607,0,1,11.749361,yahoo_bootstrap
2022-03-30,13.9444437,13.9444437,13.5,13.61111069,1954259,0,1,11.70159955,yahoo_bootstrap
2022-03-31,13.61111069,13.66666603,13.38888836,13.4444437,2014344,0,1,11.55831438,yahoo_bootstrap
2022-04-01,13.4444437,13.4444437,13.16666603,13.27777672,2456095,0,1,11.41502921,yahoo_bootstrap
2022-04-06,13.22222233,13.27777672,13.05555534,13.22222233,2238329,0,1,11.36726858,yahoo_bootstrap
2022-04-07,13.22222233,13.22222233,12.72222233,12.72222233,2993243,0,1,10.93741389,yahoo_bootstrap
2022-04-08,12.77777672,13,12.66666603,12.83333302,1926357,0,1,11.03293679,yahoo_bootstrap
2022-04-11,13,13,12.38888836,12.38888836,1926973,0,1,10.65084355,yahoo_bootstrap
2022-04-12,12.33333302,12.55555534,12.22222233,12.27777672,2056680,0,1,10.55531983,yahoo_bootstrap
2022-04-13,12.33333302,12.66666603,12.33333302,12.61111069,1384352,0,1,10.84189017,yahoo_bootstrap
2022-04-14,12.66666603,12.66666603,12.38888836,12.38888836,1105200,0,1,10.65084355,yahoo_bootstrap
2022-04-15,12.38888836,12.38888836,12.16666603,12.27777672,1432845,0,1,10.55531983,yahoo_bootstrap
2022-04-18,12.33333302,12.38888836,12,12.11111069,1179184,0,1,10.41203548,yahoo_bootstrap
2022-04-19,12.22222233,12.77777672,12.22222233,12.4444437,2268945,0,1,10.698605,yahoo_bootstrap
2022-04-20,12.66666603,12.66666603,12.38888836,12.55555534,1221698,0,1,10.79412872,yahoo_bootstrap
2022-04-21,12.5,12.77777672,12.5,12.5,1179645,0,1,10.74636727,yahoo_bootstrap
2022-04-22,12.38888836,12.5,12.33333302,12.4444437,1021563,0,1,10.698605,yahoo_bootstrap
2022-04-25,12.22222233,12.22222233,11.88888836,11.9444437,2009965,0,1,10.26875031,yahoo_bootstrap
2022-04-26,12.11111069,12.16666603,11.88888836,11.9444437,1268100,0,1,10.26875031,yahoo_bootstrap
2022-04-27,11.83333302,11.88888836,11.38888836,11.88888836,2443036,0,1,10.22098886,yahoo_bootstrap
2022-04-28,11.88888836,12.11111069,11.66666603,12,977400,0,1,10.31651258,yahoo_bootstrap
2022-04-29,12.11111069,12.16666603,11.77777672,11.77777672,1034214,0,1,10.12546514,yahoo_bootstrap
2022-05-03,11.77777672,12,11.72222233,11.9444437,880267,0,1,10.26875031,yahoo_bootstrap
2022-05-04,11.9444437,12.11111069,11.77777672,11.83333302,828317,0,1,10.17322741,yahoo_bootstrap
2022-05-05,12,12.38888836,12,12.05555534,1336038,0,1,10.36427403,yahoo_bootstrap
2022-05-06,11.77777672,11.9444437,11.72222233,11.9444437,868494,0,1,10.26875031,yahoo_bootstrap
2022-05-09,11.83333302,11.88888836,11.4444437,11.4444437,1246866,0,1,9.83889562,yahoo_bootstrap
2022-05-10,11.22222233,11.55555534,11.22222233,11.55555534,1089990,0,1,9.93441934,yahoo_bootstrap
2022-05-11,11.55555534,11.55555534,11.27777672,11.27777672,787294,0,1,9.69561045,yahoo_bootstrap
2022-05-12,11.27777672,11.5,11.11111069,11.11111069,1567636,0,1,9.5523261,yahoo_bootstrap
2022-05-13,11.27777672,11.66666603,11.16666603,11.55555534,1769120,0,1,9.93441934,yahoo_bootstrap
2022-05-16,11.61111069,11.77777672,11.4444437,11.5,925589,0,1,9.88665789,yahoo_bootstrap
2022-05-17,11.61111069,12,11.55555534,11.83333302,1558350,0,1,10.17322741,yahoo_bootstrap
2022-05-18,11.83333302,12.61111069,11.83333302,12.38888836,3658431,0,1,10.65084355,yahoo_bootstrap
2022-05-19,11.9444437,12.16666603,11.88888836,12.05555534,1832670,0,1,10.36427403,yahoo_bootstrap
2022-05-20,12.16666603,12.27777672,11.88888836,11.9444437,1399257,0,1,10.26875031,yahoo_bootstrap
2022-05-23,12.05555534,12.72222233,11.88888836,12.11111069,19117802,0,1,10.41203548,yahoo_bootstrap
2022-05-24,12.11111069,12.22222233,11.33333302,11.38888836,8752783,0,1,9.79113417,yahoo_bootstrap
2022-05-25,11.4444437,11.55555534,11.27777672,11.38888836,3082289,0,1,9.79113417,yahoo_bootstrap
2022-05-26,11.4444437,11.5,11.27777672,11.27777672,2242980,0,1,9.69561045,yahoo_bootstrap
2022-05-27,11.38888836,12,11.33333302,11.61111069,9624312,0,1,9.98218079,yahoo_bootstrap
2022-05-30,11.66666603,11.77777672,11.33333302,11.55555534,4296330,0,1,9.93441934,yahoo_bootstrap
2022-05-31,11.72222233,12.05555534,11.61111069,11.83333302,14309460,0,1,10.17322741,yahoo_bootstrap
2022-06-01,11.9444437,12.05555534,11.77777672,11.88888836,4611710,0,1,10.22098886,yahoo_bootstrap
2022-06-02,11.88888836,12.22222233,11.83333302,11.9444437,14585721,0,1,10.26875031,yahoo_bootstrap
2022-06-06,12,12.11111069,11.72222233,11.83333302,6552972,0,1,10.17322741,yahoo_bootstrap
2022-06-07,11.83333302,11.88888836,11.66666603,11.66666603,2509099,0,1,10.02994224,yahoo_bootstrap
2022-06-08,11.77777672,11.9444437,11.66666603,11.83333302,1709100,0,1,10.17322741,yahoo_bootstrap
2022-06-09,11.66666603,12.05555534,11.66666603,11.77777672,3347280,0,1,10.12546514,yahoo_bootstrap
2022-06-10,11.72222233,11.83333302,11.55555534,11.61111069,2241146,0,1,9.98218079,yahoo_bootstrap
2022-06-13,11.33333302,11.4444437,11.27777672,11.27777672,2438352,0,1,9.69561045,yahoo_bootstrap
2022-06-14,11.22222233,11.33333302,11.11111069,11.33333302,2500926,0,1,9.74337272,yahoo_bootstrap
2022-06-15,11.38888836,11.55555534,11.33333302,11.4444437,1512315,0,1,9.83889562,yahoo_bootstrap
2022-06-16,11.5,11.61111069,11.16666603,11.22222233,1598098,0,1,9.64784982,yahoo_bootstrap
2022-06-17,11.11111069,11.33333302,11.06666565,11.22222233,2631960,0,1,9.64784982,yahoo_bootstrap
2022-06-20,11.4444437,11.4444437,10.73333263,10.73333263,3117960,0,1,9.22754676,yahoo_bootstrap
2022-06-21,10.83333302,11.22222233,10.77777672,11.16666603,1489376,0,1,9.60008755,yahoo_bootstrap
2022-06-22,11.16666603,11.16666603,10.77777672,10.84444427,1670500,0,1,9.32307048,yahoo_bootstrap
2022-06-23,11.10000038,11.27777672,10.84444427,10.9444437,2614409,0,1,9.40904093,yahoo_bootstrap
2022-06-24,11.07777691,11.22222233,10.98888779,11.11111069,1219620,0,1,9.5523261,yahoo_bootstrap
2022-06-27,11.27777672,11.4444437,11.22222233,11.38888836,1995421,0,1,9.79113417,yahoo_bootstrap
2022-06-28,11.33333302,11.4444437,11.11111069,11.22222233,1497645,0,1,9.64784982,yahoo_bootstrap
2022-06-29,11.16666603,11.33333302,11.11111069,11.16666603,884160,0,1,9.60008755,yahoo_bootstrap
2022-06-30,11.16666603,11.16666603,10.72222233,10.75555515,2196609,0,1,9.24665167,yahoo_bootstrap
2022-07-01,10.76666641,10.80000019,10.06666565,10.06666565,2543248,0,1,8.6544069,yahoo_bootstrap
2022-07-04,10.06666565,10.26666641,10,10.05555534,1541895,0,1,8.64485526,yahoo_bootstrap
2022-07-05,10.25555515,10.32222176,10.03333282,10.17777729,1371000,0,1,8.74993062,yahoo_bootstrap
2022-07-06,10.17777729,10.51111126,10.02222157,10.02222157,2188974,0,1,8.61619791,yahoo_bootstrap
2022-07-07,10.08888817,10.25555515,9.89999962,10.24444389,1521373,0,1,8.80724452,yahoo_bootstrap
2022-07-08,10.30000019,10.61111069,10.28888798,10.53333282,1606923,0,1,9.05560505,yahoo_bootstrap
2022-07-11,10.55555534,10.64444447,10.34444427,10.38888836,568980,0,1,8.93142479,yahoo_bootstrap
2022-07-12,10.34444427,10.34444427,9.77777672,9.89999962,1819440,0,1,8.51112255,yahoo_bootstrap
2022-07-13,10.14444447,10.4333334,10.14444447,10.33333302,1220400,0,1,8.88366334,yahoo_bootstrap
2022-07-14,10.39999962,10.5,10.19999981,10.4444437,921600,0,1,8.97918623,yahoo_bootstrap
2022-07-15,10.46666622,10.54444408,10.33333302,10.51111126,787975,0,1,9.03650096,yahoo_bootstrap
2022-07-18,10.55555534,10.89999962,10.53333282,10.88888836,1383013,0,1,9.36127948,yahoo_bootstrap
2022-07-19,10.67777729,11.05555534,10.67777729,11.02222157,924195,0,1,9.47590729,yahoo_bootstrap
2022-07-20,11.16666603,11.16666603,10.98888779,11.04444408,1518345,0,1,9.49501219,yahoo_bootstrap
2022-07-21,11.03333282,11.22222233,11.03333282,11.22222233,1723631,0,1,9.64784982,yahoo_bootstrap
2022-07-22,11.27777672,11.33333302,11.11111069,11.22222233,1455476,0,1,9.64784982,yahoo_bootstrap
2022-07-25,11.22222233,11.38888836,11.11111069,11.27777672,1001061,0,1,9.69561045,yahoo_bootstrap
2022-07-26,11.27777672,11.33333302,11.11111069,11.22222233,1326600,0,1,9.64784982,yahoo_bootstrap
2022-07-27,11.22222233,11.38888836,11.11111069,11.33333302,1343088,0,1,9.74337272,yahoo_bootstrap
2022-07-28,11.4444437,11.4444437,11.22222233,11.22222233,753300,0,1,9.64784982,yahoo_bootstrap
2022-07-29,11.33333302,11.38888836,11.16666603,11.27777672,974299,0,1,9.69561045,yahoo_bootstrap
2022-08-01,11.38888836,11.61111069,11.33333302,11.5,1715452,0,1,9.88665789,yahoo_bootstrap
2022-08-02,11.38888836,11.38888836,11.16666603,11.22222233,900000,0,1,9.64784982,yahoo_bootstrap
2022-08-03,11.16666603,11.38888836,11.03333282,11.06666565,916771,0,1,9.51411628,yahoo_bootstrap
2022-08-04,11.11111069,11.11111069,10.61111069,10.81111145,1676700,0,1,9.29441394,yahoo_bootstrap
2022-08-05,10.88888836,11.27777672,10.88888836,11.16666603,1490702,0,1,9.60008755,yahoo_bootstrap
2022-08-08,11.11111069,11.27777672,11.05555534,11.16666603,638100,0,1,9.60008755,yahoo_bootstrap
2022-08-09,11.16666603,11.27777672,11.06666565,11.16666603,906030,0,1,9.60008755,yahoo_bootstrap
2022-08-10,11.22222233,11.33333302,11.11111069,11.22222233,816591,0,1,9.64784982,yahoo_bootstrap
2022-08-11,11.33333302,11.55555534,11.27777672,11.27777672,2833586,0,1,9.69561045,yahoo_bootstrap
2022-08-12,11.27777672,11.4444437,11.22222233,11.4444437,1111950,0,1,9.83889562,yahoo_bootstrap
2022-08-15,11.66666603,11.83333302,11.5,11.66666603,3049200,0,1,10.02994224,yahoo_bootstrap
2022-08-16,11.72222233,11.72222233,11.5,11.5,1378030,0,1,9.88665789,yahoo_bootstrap
2022-08-17,11.5,11.72222233,11.5,11.55555534,1321491,0,1,9.93441934,yahoo_bootstrap
2022-08-18,11.5,11.66666603,11.5,11.61111069,1218600,0,1,9.98218079,yahoo_bootstrap
2022-08-19,11.72222233,12,11.61111069,11.88888836,3435528,0,1,10.22098886,yahoo_bootstrap
2022-08-22,11.88888836,11.88888836,11.5,11.61111069,882900,0,1,9.98218079,yahoo_bootstrap
2022-08-23,11.5,11.5,11.27777672,11.33333302,1294650,0,1,9.74337272,yahoo_bootstrap
2022-08-24,11.5,11.5,11.33333302,11.38888836,919826,0,1,9.79113417,yahoo_bootstrap
2022-08-25,11.5,11.66666603,11.4444437,11.61111069,1023030,0,1,9.98218079,yahoo_bootstrap
2022-08-26,11.77777672,11.77777672,11.61111069,11.61111069,800254,0,1,9.98218079,yahoo_bootstrap
2022-08-29,11.4444437,11.4444437,11.16666603,11.27777672,1080478,0,1,9.69561045,yahoo_bootstrap
2022-08-30,11.33333302,11.55555534,11.33333302,11.4444437,1058478,0,1,9.83889562,yahoo_bootstrap
2022-08-31,11.33333302,11.83333302,11.33333302,11.4444437,13548735,0,1,9.83889562,yahoo_bootstrap
2022-09-01,11.38888836,11.38888836,11.11111069,11.16666603,3260221,0,1,9.60008755,yahoo_bootstrap
2022-09-02,11.22222233,11.22222233,10.98888779,11,2118932,0,1,9.4568032,yahoo_bootstrap
2022-09-05,11.10000038,11.10000038,10.57777691,10.66666603,2666515,0,1,9.17023286,yahoo_bootstrap
2022-09-06,10.77777672,10.77777672,10.42222214,10.5,1298314,0,1,9.02694851,yahoo_bootstrap
2022-09-07,10.5,10.5,10.27777672,10.3777771,1060910,0,1,8.92187233,yahoo_bootstrap
2022-09-08,10.53333282,10.63333321,10.4444437,10.63333321,635700,0,1,9.14157632,yahoo_bootstrap
2022-09-12,10.63333321,10.64444447,10.41111088,10.4444437,1710257,0,1,8.97918623,yahoo_bootstrap
2022-09-13,10.51111126,10.58888817,10.46666622,10.5,578565,0,1,9.02694851,yahoo_bootstrap
2022-09-14,10.39999962,10.53333282,10.35555458,10.47777653,824310,0,1,9.00784278,yahoo_bootstrap
2022-09-15,10.47777653,10.69999981,10.47777653,10.60000038,888403,0,1,9.11291977,yahoo_bootstrap
2022-09-16,10.54444408,10.60000038,10.5,10.5,503100,0,1,9.02694851,yahoo_bootstrap
2022-09-19,10.60000038,10.60000038,10.34444427,10.34444427,644400,0,1,8.89321579,yahoo_bootstrap
2022-09-20,10.41111088,10.4333334,10.33333302,10.34444427,382076,0,1,8.89321579,yahoo_bootstrap
2022-09-21,10.31111145,10.35555458,10.13333321,10.19999981,932283,0,1,8.76903553,yahoo_bootstrap
2022-09-22,10.16666603,10.33333302,10.03333282,10.22222233,865039,0,1,8.78814044,yahoo_bootstrap
2022-09-23,10.14444447,10.31111145,10.08888817,10.13333321,631800,0,1,8.71172163,yahoo_bootstrap
2022-09-26,10.08888817,10.08888817,9.54444408,9.54444408,2731288,0,1,8.20544812,yahoo_bootstrap
2022-09-27,9.16666603,9.63333321,9.16666603,9.57777691,1229427,0,1,8.23410466,yahoo_bootstrap
2022-09-28,9.57777691,9.66666603,9.11111069,9.14444447,1453590,0,1,7.8615647,yahoo_bootstrap
2022-09-29,9.23333263,9.60000038,9.23333263,9.54444408,1454400,0,1,8.20544812,yahoo_bootstrap
2022-09-30,9.35555458,9.77777672,9.27777672,9.77777672,954160,0,1,8.40604638,yahoo_bootstrap
2022-10-03,9.58888817,9.86666584,9.5,9.80000019,788815,0,1,8.4251521,yahoo_bootstrap
2022-10-04,9.86666584,10.03333282,9.86666584,9.97777653,630946,0,1,8.57798809,yahoo_bootstrap
2022-10-05,10.11111069,10.28888798,10.03333282,10.24444389,1162285,0,1,8.80724452,yahoo_bootstrap
2022-10-06,10.33333302,10.33333302,10.17777729,10.25555515,812700,0,1,8.81679698,yahoo_bootstrap
2022-10-07,10.24444389,10.4444437,10.19999981,10.39999962,825505,0,1,8.94097724,yahoo_bootstrap
2022-10-11,10,10.11111069,9.95555496,10.05555534,810259,0,1,8.64485526,yahoo_bootstrap
2022-10-12,10.04444408,10.08888817,9.86666584,10.01111126,739459,0,1,8.60664627,yahoo_bootstrap
2022-10-13,9.9444437,10.02222157,9.5,9.51111126,1175400,0,1,8.17679158,yahoo_bootstrap
2022-10-14,9.86666584,10.05555534,9.85555458,9.96666622,941612,0,1,8.56843645,yahoo_bootstrap
2022-10-17,9.96666622,9.97777653,9.67777729,9.95555496,617400,0,1,8.558884,yahoo_bootstrap
2022-10-18,10.02222157,10.22222233,10.02222157,10.16666603,675900,0,1,8.74037817,yahoo_bootstrap
2022-10-19,10.17777729,10.21111107,10.04444408,10.07777691,493233,0,1,8.66395936,yahoo_bootstrap
2022-10-20,10.05555534,10.05555534,9.80000019,9.88888836,645300,0,1,8.5015701,yahoo_bootstrap
2022-10-21,9.88888836,9.88888836,9.72222233,9.72222233,438444,0,1,8.35828575,yahoo_bootstrap
2022-10-24,9.89999962,10.07777691,9.89999962,9.9444437,836136,0,1,8.54933154,yahoo_bootstrap
2022-10-25,10.02222157,10.06666565,9.77777672,9.9333334,594934,0,1,8.53977991,yahoo_bootstrap
2022-10-26,9.9333334,9.9444437,9.83333302,9.83333302,567900,0,1,8.45380865,yahoo_bootstrap
2022-10-27,9.9333334,9.96666622,9.84444427,9.89999962,414000,0,1,8.51112255,yahoo_bootstrap
2022-10-28,9.75555515,9.85555458,9.48888779,9.51111126,1224450,0,1,8.17679158,yahoo_bootstrap
2022-10-31,9.53333282,9.65555477,9.53333282,9.55555534,291870,0,1,8.21500057,yahoo_bootstrap
2022-11-01,9.63333321,9.76666641,9.61111069,9.69999981,405900,0,1,8.33918084,yahoo_bootstrap
2022-11-02,9.76666641,9.98888779,9.69999981,9.92222214,776790,0,1,8.53022746,yahoo_bootstrap
2022-11-03,9.81111145,9.89999962,9.77777672,9.86666584,352899,0,1,8.48246519,yahoo_bootstrap
2022-11-04,9.84444427,9.97777653,9.77777672,9.97777653,559800,0,1,8.57798809,yahoo_bootstrap
2022-11-07,9.97777653,10.06666565,9.97777653,10,526867,0,1,8.59709382,yahoo_bootstrap
2022-11-08,10.06666565,10.14444447,9.9444437,9.9444437,616219,0,1,8.54933154,yahoo_bootstrap
2022-11-09,9.91111088,10.04444408,9.91111088,10.03333282,472327,0,1,8.62575035,yahoo_bootstrap
2022-11-10,9.9444437,10.02222157,9.86666584,9.9444437,408170,0,1,8.54933154,yahoo_bootstrap
2022-11-11,10.06666565,10.22222233,9.98888779,10.02222157,683526,0,1,8.61619791,yahoo_bootstrap
2022-11-14,10.02222157,10.42222214,10.02222157,10.28888798,1474531,0,1,8.84545352,yahoo_bootstrap
2022-11-15,10.22222233,10.33333302,10.15555477,10.31111145,688055,0,1,8.86455925,yahoo_bootstrap
2022-11-16,10.31111145,10.33333302,10.16666603,10.16666603,607324,0,1,8.74037817,yahoo_bootstrap
2022-11-17,10.16666603,10.25555515,10.15555477,10.23333263,381102,0,1,8.79769207,yahoo_bootstrap
2022-11-18,10.23333263,10.39999962,10.1888876,10.21111107,652509,0,1,8.77858798,yahoo_bootstrap
2022-11-21,10.21111107,10.31111145,10.13333321,10.17777729,198900,0,1,8.74993062,yahoo_bootstrap
2022-11-22,10.15555477,10.16666603,10.04444408,10.05555534,398591,0,1,8.64485526,yahoo_bootstrap
2022-11-23,10.14444447,10.14444447,10.08888817,10.10000038,228891,0,1,8.68306508,yahoo_bootstrap
2022-11-24,10.17777729,10.21111107,10.12222195,10.14444447,395280,0,1,8.72127408,yahoo_bootstrap
2022-11-25,10.19999981,10.31111145,10.08888817,10.11111069,389047,0,1,8.69261672,yahoo_bootstrap
2022-11-28,10.11111069,10.11111069,9.89999962,9.97777653,579566,0,1,8.57798809,yahoo_bootstrap
2022-11-29,10.05555534,10.07777691,9.95555496,10.05555534,353687,0,1,8.64485526,yahoo_bootstrap
2022-11-30,10.02222157,10.25555515,10.02222157,10.12222195,868705,0,1,8.70216917,yahoo_bootstrap
2022-12-01,10.23333263,10.27777672,10.1888876,10.19999981,767170,0,1,8.76903553,yahoo_bootstrap
2022-12-02,10.22222233,10.38888836,10.22222233,10.27777672,736901,0,1,8.83590107,yahoo_bootstrap
2022-12-05,10.32222176,10.53333282,10.32222176,10.39999962,1096058,0,1,8.94097724,yahoo_bootstrap
2022-12-06,10.32222176,10.38888836,10.11111069,10.14444447,718200,0,1,8.72127408,yahoo_bootstrap
2022-12-07,10.11111069,10.14444447,9.97777653,10,848817,0,1,8.59709382,yahoo_bootstrap
2022-12-08,10,10.05555534,9.9333334,9.95555496,475614,0,1,8.558884,yahoo_bootstrap
2022-12-09,9.91111088,10.04444408,9.91111088,9.9444437,613260,0,1,8.54933154,yahoo_bootstrap
2022-12-12,9.91111088,10,9.77777672,9.97777653,552427,0,1,8.57798809,yahoo_bootstrap
2022-12-13,9.98888779,10.03333282,9.89999962,9.95555496,229996,0,1,8.558884,yahoo_bootstrap
2022-12-14,9.95555496,10.16666603,9.95555496,10.08888817,453671,0,1,8.67351181,yahoo_bootstrap
2022-12-15,10.08888817,10.12222195,10.01111126,10.06666565,374400,0,1,8.6544069,yahoo_bootstrap
2022-12-16,9.98888779,9.98888779,9.88888836,9.88888836,573390,0,1,8.5015701,yahoo_bootstrap
2022-12-19,9.83333302,9.84444427,9.74444389,9.78888798,364500,0,1,8.41559883,yahoo_bootstrap
2022-12-20,9.78888798,9.88888836,9.67777729,9.67777729,643533,0,1,8.32007593,yahoo_bootstrap
2022-12-21,9.67777729,9.9444437,9.62222195,9.81111145,809190,0,1,8.43470456,yahoo_bootstrap
2022-12-22,9.86666584,9.91111088,9.78888798,9.82222176,336600,0,1,8.4442562,yahoo_bootstrap
2022-12-23,9.74444389,10.05555534,9.63333321,10.05555534,1430877,0,1,8.64485526,yahoo_bootstrap
2022-12-26,10.07777691,10.08888817,9.97777653,9.98888779,357924,0,1,8.58754055,yahoo_bootstrap
2022-12-27,10.02222157,10.04444408,9.97777653,9.98888779,204840,0,1,8.58754055,yahoo_bootstrap
2022-12-28,9.98888779,9.98888779,9.85555458,9.86666584,323509,0,1,8.48246519,yahoo_bootstrap
2022-12-29,9.83333302,9.86666584,9.74444389,9.80000019,552462,0,1,8.4251521,yahoo_bootstrap
2022-12-30,9.85555458,9.86666584,9.78888798,9.78888798,216923,0,1,8.41559883,yahoo_bootstrap
2023-01-03,9.78888798,9.86666584,9.72222233,9.78888798,655200,0,1,8.41559883,yahoo_bootstrap
2023-01-04,9.85555458,9.96666622,9.84444427,9.8777771,292500,0,1,8.49201764,yahoo_bootstrap
2023-01-05,9.8777771,9.96666622,9.8777771,9.89999962,269109,0,1,8.51112255,yahoo_bootstrap
2023-01-06,9.95555496,9.95555496,9.86666584,9.91111088,198059,0,1,8.52067501,yahoo_bootstrap
2023-01-09,10,10.04444408,9.97777653,9.98888779,523857,0,1,8.58754055,yahoo_bootstrap
2023-01-10,10,10.02222157,9.9444437,9.96666622,295380,0,1,8.56843645,yahoo_bootstrap
2023-01-11,10,10.08888817,9.97777653,9.98888779,382705,0,1,8.58754055,yahoo_bootstrap
2023-01-12,9.98888779,10.06666565,9.9333334,9.9333334,306270,0,1,8.53977991,yahoo_bootstrap
2023-01-13,9.97777653,10,9.82222176,9.83333302,689407,0,1,8.45380865,yahoo_bootstrap
2023-01-16,9.83333302,9.83333302,9.56666565,9.66666603,1540350,0,1,8.31052348,yahoo_bootstrap
2023-01-17,9.69999981,9.69999981,9.65555477,9.67777729,222884,0,1,8.32007593,yahoo_bootstrap
2023-01-30,9.74444389,9.91111088,9.74444389,9.8777771,752238,0,1,8.49201764,yahoo_bootstrap
2023-01-31,9.8777771,10.15555477,9.8777771,10.07777691,975762,0,1,8.66395936,yahoo_bootstrap
2023-02-01,10.11111069,10.13333321,10.01111126,10.05555534,557622,0,1,8.64485526,yahoo_bootstrap
2023-02-02,10.06666565,10.22222233,10.06666565,10.19999981,1095073,0,1,8.76903553,yahoo_bootstrap
2023-02-03,10.24444389,10.30000019,10.14444447,10.27777672,963331,0,1,8.83590107,yahoo_bootstrap
2023-02-06,10.31111145,10.58888817,10.27777672,10.57777691,2533821,0,1,9.09381405,yahoo_bootstrap
2023-02-07,10.72222233,10.80000019,10.53333282,10.74444389,2330487,0,1,9.23709921,yahoo_bootstrap
2023-02-08,10.76666641,10.77777672,10.61111069,10.69999981,1105278,0,1,9.19889022,yahoo_bootstrap
2023-02-09,10.71111107,10.71111107,10.54444408,10.57777691,843462,0,1,9.09381405,yahoo_bootstrap
2023-02-10,10.55555534,10.65555477,10.42222214,10.63333321,1227604,0,1,9.14157632,yahoo_bootstrap
2023-02-13,10.65555477,10.80000019,10.47777653,10.51111126,674023,0,1,9.03650096,yahoo_bootstrap
2023-02-14,10.60000038,10.88888836,10.55555534,10.86666584,2861046,0,1,9.34217457,yahoo_bootstrap
2023-02-15,10.8777771,10.9444437,10.73333263,10.9444437,1091493,0,1,9.40904093,yahoo_bootstrap
2023-02-16,10.98888779,11.01111126,10.92222214,11.01111126,1093509,0,1,9.46635565,yahoo_bootstrap
2023-02-17,11.01111126,11.27777672,11,11.10000038,3579956,0,1,9.54277446,yahoo_bootstrap
2023-02-20,11.27777672,11.38888836,11.22222233,11.33333302,2130704,0,1,9.74337272,yahoo_bootstrap
2023-02-21,11.38888836,11.38888836,11.11111069,11.16666603,1843551,0,1,9.60008755,yahoo_bootstrap
2023-02-22,11.27777672,11.55555534,11.22222233,11.4444437,3003835,0,1,9.83889562,yahoo_bootstrap
2023-02-23,11.61111069,11.61111069,11.38888836,11.4444437,2006438,0,1,9.83889562,yahoo_bootstrap
2023-02-24,11.4444437,11.66666603,11.4444437,11.61111069,1782682,0,1,9.98218079,yahoo_bootstrap
2023-03-01,11.66666603,11.72222233,11.27777672,11.27777672,1360447,0,1,9.69561045,yahoo_bootstrap
2023-03-02,11.33333302,11.38888836,11.22222233,11.27777672,669600,0,1,9.69561045,yahoo_bootstrap
2023-03-03,11.38888836,11.5,11.27777672,11.38888836,1173906,0,1,9.79113417,yahoo_bootstrap
2023-03-06,11.5,11.55555534,11.38888836,11.38888836,825150,0,1,9.79113417,yahoo_bootstrap
2023-03-07,11.38888836,11.5,11.33333302,11.5,1056152,0,1,9.88665789,yahoo_bootstrap
2023-03-08,11.5,11.61111069,11.4444437,11.55555534,1059463,0,1,9.93441934,yahoo_bootstrap
2023-03-09,11.66666603,11.66666603,11.33333302,11.33333302,990046,0,1,9.74337272,yahoo_bootstrap
2023-03-10,11.4444437,11.4444437,11.11111069,11.27777672,1299501,0,1,9.69561045,yahoo_bootstrap
2023-03-13,11.16666603,11.27777672,11,11.11111069,1056879,0,1,9.5523261,yahoo_bootstrap
2023-03-14,11.22222233,11.22222233,11.03333282,11.11111069,625637,0,1,9.5523261,yahoo_bootstrap
2023-03-15,11.22222233,11.22222233,11.06666565,11.06666565,571646,0,1,9.51411628,yahoo_bootstrap
2023-03-16,11.06666565,11.10000038,10.9333334,11.06666565,1011744,0,1,9.51411628,yahoo_bootstrap
2023-03-17,11.11111069,11.22222233,11.11111069,11.16666603,588603,0,1,9.60008755,yahoo_bootstrap
2023-03-20,11.27777672,11.27777672,11.11111069,11.11111069,526024,0,1,9.5523261,yahoo_bootstrap
2023-03-21,11.33333302,11.88888836,11.33333302,11.77777672,4373381,0,1,10.12546514,yahoo_bootstrap
2023-03-22,11.83333302,12.16666603,11.72222233,11.77777672,3706550,0,1,10.12546514,yahoo_bootstrap
2023-03-23,11.72222233,11.77777672,11.5,11.61111069,1203751,0,1,9.98218079,yahoo_bootstrap
2023-03-24,11.77777672,11.9444437,11.66666603,11.77777672,1604340,0,1,10.12546514,yahoo_bootstrap
2023-03-27,11.77777672,11.9444437,11.77777672,11.83333302,977557,0,1,10.17322741,yahoo_bootstrap
2023-03-28,11.9444437,11.9444437,11.55555534,11.55555534,971331,0,1,9.93441934,yahoo_bootstrap
2023-03-29,11.61111069,11.72222233,11.5,11.61111069,706052,0,1,9.98218079,yahoo_bootstrap
2023-03-30,11.72222233,11.88888836,11.66666603,11.72222233,1403906,0,1,10.07770451,yahoo_bootstrap
2023-03-31,11.83333302,11.9444437,11.72222233,11.83333302,1733589,0,1,10.17322741,yahoo_bootstrap
2023-04-06,11.9444437,12.11111069,11.83333302,12,1784842,0,1,10.31651258,yahoo_bootstrap
2023-04-07,12.11111069,12.11111069,11.88888836,11.88888836,746075,0,1,10.22098886,yahoo_bootstrap
2023-04-10,12,12,11.61111069,11.72222233,1275528,0,1,10.07770451,yahoo_bootstrap
2023-04-11,11.83333302,11.9444437,11.77777672,11.88888836,939698,0,1,10.22098886,yahoo_bootstrap
2023-04-12,11.9444437,11.9444437,11.77777672,11.88888836,883882,0,1,10.22098886,yahoo_bootstrap
2023-04-13,11.9444437,12.16666603,11.9444437,11.9444437,1655800,0,1,10.26875031,yahoo_bootstrap
2023-04-14,12.11111069,12.4444437,12,12.38888836,4307244,0,1,10.65084355,yahoo_bootstrap
2023-04-17,12.55555534,12.77777672,12.27777672,12.61111069,2815673,0,1,10.84189017,yahoo_bootstrap
2023-04-18,12.55555534,12.88888836,12.5,12.72222233,2266209,0,1,10.93741389,yahoo_bootstrap
2023-04-19,12.77777672,12.83333302,12.33333302,12.33333302,2186377,0,1,10.6030821,yahoo_bootstrap
2023-04-20,12.4444437,12.5,11.83333302,11.83333302,2629465,0,1,10.17322741,yahoo_bootstrap
2023-04-21,12,12.05555534,11.5,11.55555534,1872990,0,1,9.93441934,yahoo_bootstrap
2023-04-24,11.5,11.72222233,11.4444437,11.61111069,1024021,0,1,9.98218079,yahoo_bootstrap
2023-04-25,11.72222233,11.72222233,11.22222233,11.27777672,1606721,0,1,9.69561045,yahoo_bootstrap
2023-04-26,11.22222233,11.5,11.11111069,11.4444437,920783,0,1,9.83889562,yahoo_bootstrap
2023-04-27,11.55555534,11.61111069,11.38888836,11.38888836,703728,0,1,9.79113417,yahoo_bootstrap
2023-04-28,11.55555534,11.55555534,11.38888836,11.38888836,416070,0,1,9.79113417,yahoo_bootstrap
2023-05-02,11.4444437,11.5,11.33333302,11.38888836,919807,0,1,9.79113417,yahoo_bootstrap
2023-05-03,11.4444437,11.5,11.33333302,11.4444437,578700,0,1,9.83889562,yahoo_bootstrap
2023-05-04,11.38888836,11.38888836,11.22222233,11.27777672,798480,0,1,9.69561045,yahoo_bootstrap
2023-05-05,11.27777672,11.4444437,11.27777672,11.38888836,877932,0,1,9.79113417,yahoo_bootstrap
2023-05-08,11.5,11.5,11.33333302,11.33333302,453778,0,1,9.74337272,yahoo_bootstrap
2023-05-09,11.38888836,11.4444437,11.22222233,11.27777672,1104382,0,1,9.69561045,yahoo_bootstrap
2023-05-10,11.27777672,11.4444437,11.27777672,11.33333302,392445,0,1,9.74337272,yahoo_bootstrap
2023-05-11,11.4444437,11.4444437,11.16666603,11.16666603,755397,0,1,9.60008755,yahoo_bootstrap
2023-05-12,11.27777672,11.27777672,11.05555534,11.16666603,593739,0,1,9.60008755,yahoo_bootstrap
2023-05-15,11.11111069,11.27777672,11.06666565,11.22222233,625021,0,1,9.64784982,yahoo_bootstrap
2023-05-16,11.27777672,11.4444437,11.27777672,11.33333302,567009,0,1,9.74337272,yahoo_bootstrap
2023-05-17,11.33333302,11.61111069,11.33333302,11.55555534,865483,0,1,9.93441934,yahoo_bootstrap
2023-05-18,11.61111069,11.77777672,11.5,11.5,902925,0,1,9.88665789,yahoo_bootstrap
2023-05-19,11.61111069,11.66666603,11.38888836,11.4444437,695698,0,1,9.83889562,yahoo_bootstrap
2023-05-22,11.4444437,11.61111069,11.4444437,11.61111069,637710,0,1,9.98218079,yahoo_bootstrap
2023-05-23,11.61111069,11.66666603,11.5,11.61111069,682443,0,1,9.98218079,yahoo_bootstrap
2023-05-24,11.61111069,11.9444437,11.55555534,11.88888836,1188459,0,1,10.22098886,yahoo_bootstrap
2023-05-25,11.88888836,11.9444437,11.72222233,11.83333302,969372,0,1,10.17322741,yahoo_bootstrap
2023-05-26,11.83333302,11.88888836,11.38888836,11.38888836,1376100,0,1,9.79113417,yahoo_bootstrap
2023-05-29,11.5,11.55555534,11.4444437,11.4444437,634619,0,1,9.83889562,yahoo_bootstrap
2023-05-30,11.5,12.4444437,11.4444437,11.83333302,6078307,0,1,10.17322741,yahoo_bootstrap
2023-05-31,11.88888836,12.05555534,11.83333302,12,1558126,0,1,10.31651258,yahoo_bootstrap
2023-06-01,12.05555534,12.22222233,11.88888836,12,1278635,0,1,10.31651258,yahoo_bootstrap
2023-06-02,12.11111069,12.11111069,11.88888836,11.9444437,665709,0,1,10.26875031,yahoo_bootstrap
2023-06-05,11.9444437,12.5,11.9444437,12.05555534,7715406,0,1,10.36427403,yahoo_bootstrap
2023-06-06,12.05555534,12.16666603,11.88888836,12.11111069,1029600,0,1,10.41203548,yahoo_bootstrap
2023-06-07,12.16666603,12.16666603,12,12,674373,0,1,10.31651258,yahoo_bootstrap
2023-06-08,11.88888836,11.9444437,11.72222233,11.77777672,956807,0,1,10.12546514,yahoo_bootstrap
2023-06-09,12.33333302,12.33333302,12,12.05555534,2573352,0,1,10.36427403,yahoo_bootstrap
2023-06-12,12.16666603,12.33333302,12.11111069,12.16666603,1779525,0,1,10.45979693,yahoo_bootstrap
2023-06-13,12.4444437,12.4444437,12.16666603,12.22222233,1513049,0,1,10.5075592,yahoo_bootstrap
2023-06-14,12.27777672,12.66666603,12.22222233,12.5,2703240,0,1,10.74636727,yahoo_bootstrap
2023-06-15,12.83333302,13.72222233,12.83333302,13.72222233,5744370,0,1,11.79712327,yahoo_bootstrap
2023-06-16,15.05555534,15.05555534,15.05555534,15.05555534,4304289,0,1,12.94340217,yahoo_bootstrap
2023-06-19,16.55555534,16.55555534,15.11111069,15.72222233,44549562,0,1,13.51654204,yahoo_bootstrap
2023-06-20,15.72222233,17.27777672,15.55555534,17.27777672,29195086,0,1,14.85386674,yahoo_bootstrap
2023-06-21,18.11111069,18.55555534,17.33333206,17.61111069,52688861,0,1,15.14043708,yahoo_bootstrap
2023-06-26,17.33333206,18.38888741,16.94444466,16.94444466,28447524,0,1,14.56729804,yahoo_bootstrap
2023-06-27,16.94444466,16.94444466,15.66666603,16,8914461,0,1,13.75535011,yahoo_bootstrap
2023-06-28,16.33333206,16.5,16.16666603,16.16666603,2594899,0,1,13.89863446,yahoo_bootstrap
2023-06-29,16.33333206,16.55555534,16.27777672,16.33333206,1513823,0,1,14.04191881,yahoo_bootstrap
2023-06-30,16.55555534,16.88888741,16.33333206,16.83333206,2411841,0,1,14.4717735,yahoo_bootstrap
2023-07-03,17.11111069,17.44444466,16.94444466,16.94444466,3834088,0,1,14.56729804,yahoo_bootstrap
2023-07-04,17.11111069,17.11111069,16.5,16.55555534,2611170,0,1,14.23296624,yahoo_bootstrap
2023-07-05,16.72222137,16.94444466,16.61111069,16.88888741,2193935,0,1,14.51953495,yahoo_bootstrap
2023-07-06,16.94444466,17.33333206,16.94444466,17.11111069,3178422,0,1,14.71058239,yahoo_bootstrap
2023-07-07,17.11111069,17.72222137,17.11111069,17.72222137,5473091,0,1,15.23595998,yahoo_bootstrap
2023-07-10,18.61111069,19.44444466,18.22222137,19.44444466,19262846,0,1,16.71657149,yahoo_bootstrap
2023-07-11,20,20.66666603,18.66666603,19.66666603,38728945,0,1,16.90761729,yahoo_bootstrap
2023-07-12,20,21,19.77777672,21,30258999,0,1,18.05389701,yahoo_bootstrap
2023-07-13,21.33333206,22.44444466,20.88888741,21.27777672,43261219,0,1,18.29270427,yahoo_bootstrap
2023-07-14,21.55555534,21.94444466,20.5,20.83333206,20669333,0,1,17.91061102,yahoo_bootstrap
2023-07-17,21,21.61111069,20.77777672,21.05555534,12115730,0,1,18.10165846,yahoo_bootstrap
2023-07-18,21.66666603,21.66666603,20.16666603,20.22222137,12718931,0,1,17.38523343,yahoo_bootstrap
2023-07-19,20.66666603,21.83333206,20.55555534,21.33333206,20437650,0,1,18.34046571,yahoo_bootstrap
2023-07-20,21.27777672,21.72222137,20.61111069,21,12615376,0.170234,1,18.19912089,yahoo_bootstrap
2023-07-21,20.44444466,20.72222137,19.44444466,19.66666603,14345280,0,1,17.0436206,yahoo_bootstrap
2023-07-24,20.22222137,20.27777672,18.94444466,19.16666603,8611758,0,1,16.6103082,yahoo_bootstrap
2023-07-25,19.27777672,19.94444466,18.94444466,19.61111069,9177541,0,1,16.99547496,yahoo_bootstrap
2023-07-26,19.44444466,19.44444466,18,18.27777672,13575605,0,1,15.83997467,yahoo_bootstrap
2023-07-27,18.33333206,19.77777672,18.33333206,19.11111069,10954314,0,1,16.56216256,yahoo_bootstrap
2023-07-28,18.94444466,19.05555534,18.5,18.83333206,5218226,0,1,16.32143271,yahoo_bootstrap
2023-07-31,18.94444466,19.22222137,18.33333206,18.5,5766874,0,1,16.03255888,yahoo_bootstrap
2023-08-01,18.61111069,18.94444466,18.33333206,18.5,2644412,0,1,16.03255888,yahoo_bootstrap
2023-08-02,18.55555534,18.55555534,17.72222137,17.94444466,5480761,0,1,15.55110084,yahoo_bootstrap
2023-08-04,17.94444466,18.22222137,17.66666603,18.05555534,2671803,0,1,15.64739211,yahoo_bootstrap
2023-08-07,18.16666603,18.44444466,17.83333206,18.33333206,3234373,0,1,15.88812031,yahoo_bootstrap
2023-08-08,18.66666603,19.05555534,18.55555534,18.61111069,6778620,0,1,16.12885016,yahoo_bootstrap
2023-08-09,16.88888741,17.16666603,16.77777672,16.77777672,10244697,0,1,14.54003747,yahoo_bootstrap
2023-08-10,16.33333206,16.66666603,15.4444437,16.33333206,13483442,0,1,14.1548707,yahoo_bootstrap
2023-08-11,16.77777672,17.16666603,16.61111069,17,8396798,0,1,14.73262167,yahoo_bootstrap
2023-08-14,16.66666603,16.77777672,16.22222137,16.5,4743611,0,1,14.29930927,yahoo_bootstrap
2023-08-15,16.66666603,17.22222137,16.66666603,17.16666603,4739111,0,1,14.87705859,yahoo_bootstrap
2023-08-16,16.88888741,17.05555534,16.66666603,16.77777672,3792600,0,1,14.54003747,yahoo_bootstrap
2023-08-17,16.77777672,17.33333206,16.66666603,17.16666603,3386700,0,1,14.87705859,yahoo_bootstrap
2023-08-18,17.33333206,17.44444466,16.66666603,16.77777672,3640597,0,1,14.54003747,yahoo_bootstrap
2023-08-21,16.77777672,17.16666603,16.77777672,16.88888741,2141012,0,1,14.63632875,yahoo_bootstrap
2023-08-22,17.05555534,17.05555534,16.22222137,16.22222137,4432869,0,1,14.05857942,yahoo_bootstrap
2023-08-23,16.11111069,16.5,15.88888836,16.11111069,4615177,0,1,13.96228815,yahoo_bootstrap
2023-08-24,16.33333206,17.11111069,16.33333206,16.5,4180877,0,1,14.29930927,yahoo_bootstrap
2023-08-25,16.33333206,16.61111069,16.27777672,16.33333206,1414260,0,1,14.1548707,yahoo_bootstrap
2023-08-28,16.44444466,16.61111069,15.88888836,16,2100964,0,1,13.86599687,yahoo_bootstrap
2023-08-29,16,16.16666603,15.88888836,16.16666603,1519608,0,1,14.01043378,yahoo_bootstrap
2023-08-30,16.33333206,16.44444466,16,16.38888741,2068231,0,1,14.20301634,yahoo_bootstrap
2023-08-31,16.38888741,16.61111069,16.22222137,16.55555534,1560159,0,1,14.34745491,yahoo_bootstrap
2023-09-01,16.55555534,16.77777672,16.5,16.55555534,1744071,0,1,14.34745491,yahoo_bootstrap
2023-09-04,16.61111069,16.83333206,16.44444466,16.61111069,1197799,0,1,14.39560055,yahoo_bootstrap
2023-09-05,16.61111069,16.61111069,16.33333206,16.61111069,1630657,0,1,14.39560055,yahoo_bootstrap
2023-09-06,16.61111069,16.77777672,16.22222137,16.22222137,2550564,0,1,14.05857942,yahoo_bootstrap
2023-09-07,16,16.05555534,15.61111069,15.66666603,3850981,0,1,13.57712138,yahoo_bootstrap
2023-09-08,15.66666603,15.77777672,15.4444437,15.66666603,2232985,0,1,13.57712138,yahoo_bootstrap
2023-09-11,17.22222137,17.22222137,17.22222137,17.22222137,3951306,0,1,14.92520422,yahoo_bootstrap
2023-09-12,17.77777672,18.33333206,16.11111069,16.11111069,29193561,0,1,13.96228815,yahoo_bootstrap
2023-09-13,16,17.16666603,15.88888836,16.61111069,11808295,0,1,14.39560055,yahoo_bootstrap
2023-09-14,16.72222137,18.11111069,16.61111069,17.44444466,17326879,0,1,15.11778844,yahoo_bootstrap
2023-09-15,17.66666603,17.94444466,17.27777672,17.27777672,11452959,0,1,14.97334987,yahoo_bootstrap
2023-09-18,17.22222137,18.5,17.11111069,17.88888741,14779904,0,1,15.50295355,yahoo_bootstrap
2023-09-19,17.77777672,18.11111069,17.33333206,17.61111069,9488243,0,1,15.26222535,yahoo_bootstrap
2023-09-20,17.5,17.55555534,17.11111069,17.27777672,4960417,0,1,14.97334987,yahoo_bootstrap
2023-09-21,17.27777672,17.44444466,17.11111069,17.16666603,3296351,0,1,14.87705859,yahoo_bootstrap
2023-09-22,17,17.83333206,16.77777672,17.77777672,6796512,0,1,15.40666227,yahoo_bootstrap
2023-09-25,17.77777672,18.11111069,17.55555534,17.83333206,5322457,0,1,15.45480791,yahoo_bootstrap
2023-09-26,17.88888741,17.88888741,17.5,17.55555534,2766610,0,1,15.21407971,yahoo_bootstrap
2023-09-27,17.5,17.94444466,17.38888741,17.66666603,3401193,0,1,15.31037099,yahoo_bootstrap
2023-09-28,17.77777672,18.05555534,17.55555534,17.55555534,4995162,0,1,15.21407971,yahoo_bootstrap
2023-10-02,17.72222137,18,17.66666603,17.94444466,4082087,0,1,15.55110084,yahoo_bootstrap
2023-10-03,18.11111069,18.27777672,17.38888741,17.83333206,8549628,0,1,15.45480791,yahoo_bootstrap
2023-10-04,17.55555534,18,17.38888741,18,4305252,0,1,15.59924648,yahoo_bootstrap
2023-10-05,17.88888741,18.66666603,17.88888741,18.11111069,9796889,0,1,15.69553776,yahoo_bootstrap
2023-10-06,18.05555534,18.05555534,17.66666603,17.66666603,4020773,0,1,15.31037099,yahoo_bootstrap
2023-10-11,17.55555534,17.55555534,16.38888741,16.38888741,10405056,0,1,14.20301634,yahoo_bootstrap
2023-10-12,16.44444466,16.83333206,16.44444466,16.5,2231621,0,1,14.29930927,yahoo_bootstrap
2023-10-13,16.5,16.72222137,16.33333206,16.33333206,2532614,0,1,14.1548707,yahoo_bootstrap
2023-10-16,16.33333206,16.77777672,15.77777672,15.88888836,13957200,0,1,13.76970476,yahoo_bootstrap
2023-10-17,16,16.16666603,15.66666603,15.72222233,3518367,0,1,13.62526785,yahoo_bootstrap
2023-10-18,15.77777672,15.88888836,15.38888836,15.4444437,3864627,0,1,13.384538,yahoo_bootstrap
2023-10-19,15.22222233,15.5,15.11111069,15.33333302,3239424,0,1,13.28824673,yahoo_bootstrap
2023-10-20,15.11111069,15.27777672,14.77777672,15,4134289,0,1,12.99937206,yahoo_bootstrap
2023-10-23,15,15.83333302,15,15.55555534,3641994,0,1,13.4808301,yahoo_bootstrap
2023-10-24,15.61111069,16,15.33333302,15.72222233,4305915,0,1,13.62526785,yahoo_bootstrap
2023-10-25,15.66666603,16.27777672,15.55555534,16.05555534,3049538,0,1,13.9141425,yahoo_bootstrap
2023-10-26,15.83333302,16,15.5,15.66666603,2825135,0,1,13.57712138,yahoo_bootstrap
2023-10-27,15.72222233,15.83333302,15.5,15.5,1449924,0,1,13.43268447,yahoo_bootstrap
2023-10-30,15.66666603,15.72222233,15.38888836,15.5,1569099,0,1,13.43268447,yahoo_bootstrap
2023-10-31,15.66666603,15.77777672,15.22222233,15.33333302,1818900,0,1,13.28824673,yahoo_bootstrap
2023-11-01,15.5,15.5,15.22222233,15.27777672,871200,0,1,13.24010026,yahoo_bootstrap
2023-11-02,15.66666603,16.11111069,15.61111069,15.66666603,2656890,0,1,13.57712138,yahoo_bootstrap
2023-11-03,15.72222233,15.83333302,15.4444437,15.4444437,1312945,0,1,13.384538,yahoo_bootstrap
2023-11-06,15.66666603,15.66666603,15.5,15.66666603,918371,0,1,13.57712138,yahoo_bootstrap
2023-11-07,15.66666603,15.66666603,15.4444437,15.4444437,1072926,0,1,13.384538,yahoo_bootstrap
2023-11-08,15.55555534,15.77777672,15.4444437,15.4444437,1378879,0,1,13.384538,yahoo_bootstrap
2023-11-09,15.5,15.55555534,14.9444437,15.05555534,3699900,0,1,13.0475177,yahoo_bootstrap
2023-11-10,15,15.11111069,14.83333302,14.88888836,2228534,0,1,12.90307996,yahoo_bootstrap
2023-11-13,15.16666603,15.16666603,14.83333302,14.88888836,1248300,0,1,12.90307996,yahoo_bootstrap
2023-11-14,14.9444437,15.05555534,14.83333302,14.88888836,1289889,0,1,12.90307996,yahoo_bootstrap
2023-11-15,15.11111069,15.38888836,15.11111069,15.16666603,2257817,0,1,13.14380898,yahoo_bootstrap
2023-11-16,15.33333302,15.5,15.05555534,15.11111069,1521819,0,1,13.09566334,yahoo_bootstrap
2023-11-17,15.22222233,15.33333302,15.16666603,15.27777672,1575297,0,1,13.24010026,yahoo_bootstrap
2023-11-20,15.27777672,15.66666603,15.27777672,15.4444437,2162925,0,1,13.384538,yahoo_bootstrap
2023-11-21,15.55555534,15.83333302,15.4444437,15.61111069,2790755,0,1,13.52897575,yahoo_bootstrap
2023-11-22,15.55555534,15.88888836,15.55555534,15.66666603,4365263,0,1,13.57712138,yahoo_bootstrap
2023-11-23,15.66666603,15.77777672,15.5,15.61111069,1665180,0,1,13.52897575,yahoo_bootstrap
2023-11-24,15.61111069,15.77777672,15.55555534,15.55555534,1445400,0,1,13.4808301,yahoo_bootstrap
2023-11-27,15.61111069,15.83333302,15.27777672,15.27777672,1511215,0,1,13.24010026,yahoo_bootstrap
2023-11-28,15.4444437,15.55555534,15.38888836,15.5,1007019,0,1,13.43268447,yahoo_bootstrap
2023-11-29,15.5,15.55555534,15.33333302,15.38888836,947250,0,1,13.33639236,yahoo_bootstrap
2023-11-30,14.88888836,15.4444437,14.88888836,15.27777672,2438850,0,1,13.24010026,yahoo_bootstrap
2023-12-01,15.27777672,15.55555534,15.27777672,15.4444437,1176744,0,1,13.384538,yahoo_bootstrap
2023-12-04,15.5,15.66666603,15.5,15.55555534,1590070,0,1,13.4808301,yahoo_bootstrap
2023-12-05,15.55555534,15.61111069,15.33333302,15.38888836,1351971,0,1,13.33639236,yahoo_bootstrap
2023-12-06,15.4444437,15.55555534,15.27777672,15.27777672,1467117,0,1,13.24010026,yahoo_bootstrap
2023-12-07,15.27777672,15.4444437,15.16666603,15.16666603,927657,0,1,13.14380898,yahoo_bootstrap
2023-12-08,15.27777672,15.38888836,15.22222233,15.33333302,764640,0,1,13.28824673,yahoo_bootstrap
2023-12-11,15.4444437,15.72222233,15.27777672,15.33333302,2362467,0,1,13.28824673,yahoo_bootstrap
2023-12-12,15.55555534,15.55555534,14.9444437,15.22222233,4148594,0,1,13.19195545,yahoo_bootstrap
2023-12-13,15.33333302,15.33333302,15.05555534,15.05555534,1443749,0,1,13.0475177,yahoo_bootstrap
2023-12-14,15.16666603,15.5,15.16666603,15.22222233,2069230,0,1,13.19195545,yahoo_bootstrap
2023-12-15,15.33333302,15.33333302,15.11111069,15.16666603,1198705,0,1,13.14380898,yahoo_bootstrap
2023-12-18,15.16666603,15.16666603,14.9444437,14.9444437,1471487,0,1,12.9512256,yahoo_bootstrap
2023-12-19,14.9444437,14.9444437,14.61111069,14.77777672,2691840,0,1,12.80678786,yahoo_bootstrap
2023-12-20,14.83333302,15,14.83333302,15,822303,0,1,12.99937206,yahoo_bootstrap
2023-12-21,14.88888836,15,14.72222233,14.77777672,1303411,0,1,12.80678786,yahoo_bootstrap
2023-12-22,14.83333302,15.05555534,14.72222233,14.72222233,1077425,0,1,12.75864304,yahoo_bootstrap
2023-12-25,14.9444437,14.9444437,14.55555534,14.61111069,1222785,0,1,12.66235094,yahoo_bootstrap
2023-12-26,14.66666603,15,14.66666603,14.88888836,1553484,0,1,12.90307996,yahoo_bootstrap
2023-12-27,14.9444437,15.16666603,14.88888836,15.05555534,1515253,0,1,13.0475177,yahoo_bootstrap
2023-12-28,15.16666603,15.16666603,14.83333302,14.88888836,1180078,0,1,12.90307996,yahoo_bootstrap
2023-12-29,15,15,14.77777672,14.88888836,986683,0,1,12.90307996,yahoo_bootstrap
2024-01-02,14.83333302,15,14.83333302,14.88888836,873909,0,1,12.90307996,yahoo_bootstrap
2024-01-03,14.88888836,15.4444437,14.72222233,15.27777672,2533399,0,1,13.24010026,yahoo_bootstrap
2024-01-04,15.27777672,16.16666603,15.27777672,15.72222233,10819021,0,1,13.62526785,yahoo_bootstrap
2024-01-05,15.61111069,15.9444437,15.61111069,15.72222233,3793792,0,1,13.62526785,yahoo_bootstrap
2024-01-08,15.83333302,15.9444437,15.61111069,15.72222233,2475549,0,1,13.62526785,yahoo_bootstrap
2024-01-09,16.66666603,17,16.22222137,16.44444466,23830937,0,1,14.25116363,yahoo_bootstrap
2024-01-10,16.27777672,18.05555534,15.88888836,18.05555534,26271480,0,1,15.64739211,yahoo_bootstrap
2024-01-11,18.33333206,19.77777672,17.88888741,18.27777672,99790066,0,1,15.83997467,yahoo_bootstrap
2024-01-12,18.5,19,17.94444466,18.66666603,29280351,0,1,16.17699579,yahoo_bootstrap
2024-01-15,18.66666603,19.22222137,18.33333206,18.66666603,23424359,0,1,16.17699579,yahoo_bootstrap
2024-01-16,18.61111069,19,18,18.22222137,19418293,0,1,15.79182903,yahoo_bootstrap
2024-01-17,18.22222137,18.33333206,17.5,17.66666603,14597419,0,1,15.31037099,yahoo_bootstrap
2024-01-18,18.22222137,19.38888741,18.16666603,19.38888741,52703386,0,1,16.80289076,yahoo_bootstrap
2024-01-19,19.27777672,19.61111069,18.66666603,18.77777672,37588250,0,1,16.27328707,yahoo_bootstrap
2024-01-22,18.77777672,18.94444466,18.22222137,18.27777672,13599420,0,1,15.83997467,yahoo_bootstrap
2024-01-23,18.55555534,19.11111069,18.22222137,18.22222137,14811356,0,1,15.79182903,yahoo_bootstrap
2024-01-24,18.33333206,18.5,18,18.05555534,8035787,0,1,15.64739211,yahoo_bootstrap
2024-01-25,18.16666603,18.27777672,17.72222137,17.72222137,8215759,0,1,15.35851663,yahoo_bootstrap
2024-01-26,17.88888741,18.44444466,17.55555534,17.55555534,9361410,0,1,15.21407971,yahoo_bootstrap
2024-01-29,17.44444466,17.83333206,17.22222137,17.61111069,4899524,0,1,15.26222535,yahoo_bootstrap
2024-01-30,18,18.22222137,17.66666603,17.88888741,7566978,0,1,15.50295355,yahoo_bootstrap
2024-01-31,17.88888741,18,17.22222137,17.22222137,7151765,0,1,14.92520422,yahoo_bootstrap
2024-02-01,17.22222137,17.55555534,16.88888741,17.05555534,6498190,0,1,14.78076731,yahoo_bootstrap
2024-02-02,17.16666603,17.66666603,17.16666603,17.22222137,5694336,0,1,14.92520422,yahoo_bootstrap
2024-02-05,17.22222137,17.72222137,16.94444466,17.5,7158995,0,1,15.16593407,yahoo_bootstrap
2024-02-15,17.88888741,18.33333206,17.88888741,18.11111069,10509316,0,1,15.69553776,yahoo_bootstrap
2024-02-16,18.5,19.27777672,18.33333206,19,16515567,0,1,16.46587128,yahoo_bootstrap
2024-02-19,19.22222137,19.44444466,18.72222137,18.72222137,11813285,0,1,16.22514143,yahoo_bootstrap
2024-02-20,19,19,18.44444466,18.5,6719268,0,1,16.03255888,yahoo_bootstrap
2024-02-21,18.55555534,18.72222137,18.33333206,18.33333206,4628829,0,1,15.88812031,yahoo_bootstrap
2024-02-22,18.33333206,18.61111069,18.11111069,18.16666603,5341982,0,1,15.74368339,yahoo_bootstrap
2024-02-23,18.33333206,18.72222137,18,18,6917190,0,1,15.59924648,yahoo_bootstrap
2024-02-26,18.11111069,18.16666603,17.72222137,18,5075878,0,1,15.59924648,yahoo_bootstrap
2024-02-27,18.05555534,18.22222137,17.44444466,17.55555534,5285893,0,1,15.21407971,yahoo_bootstrap
2024-02-29,17.66666603,17.77777672,17.27777672,17.38888741,3582418,0,1,15.06964115,yahoo_bootstrap
2024-03-01,17.5,17.5,17.11111069,17.11111069,3162054,0,1,14.82891295,yahoo_bootstrap
2024-03-04,17.16666603,17.61111069,17.16666603,17.22222137,3664931,0,1,14.92520422,yahoo_bootstrap
2024-03-05,17.27777672,18.05555534,17.22222137,17.83333206,10000878,0,1,15.45480791,yahoo_bootstrap
2024-03-06,17.77777672,18.05555534,17.33333206,17.33333206,5405582,0,1,15.0214955,yahoo_bootstrap
2024-03-07,17.5,17.5,16.88888741,17.05555534,5580445,0,1,14.78076731,yahoo_bootstrap
2024-03-08,17.11111069,17.22222137,16.55555534,16.66666603,5530551,0,1,14.44374619,yahoo_bootstrap
2024-03-11,17.11111069,18.33333206,17.11111069,18.33333206,15754902,0,1,15.88812031,yahoo_bootstrap
2024-03-12,18.33333206,19.11111069,18.22222137,18.83333206,26640162,0,1,16.32143271,yahoo_bootstrap
2024-03-13,19.05555534,19.11111069,17.72222137,17.72222137,12522411,0,1,15.35851663,yahoo_bootstrap
2024-03-14,17.55555534,17.77777672,17.27777672,17.38888741,4856156,0,1,15.06964115,yahoo_bootstrap
2024-03-15,17.22222137,17.61111069,17.22222137,17.5,2759951,0,1,15.16593407,yahoo_bootstrap
2024-03-18,17.72222137,18.05555534,17.44444466,17.72222137,3018692,0,1,15.35851663,yahoo_bootstrap
2024-03-19,17.94444466,18.11111069,17.61111069,17.61111069,3255993,0,1,15.26222535,yahoo_bootstrap
2024-03-20,17.83333206,17.88888741,17.38888741,17.38888741,3285869,0,1,15.06964115,yahoo_bootstrap
2024-03-21,17.5,17.72222137,17.22222137,17.55555534,3664593,0,1,15.21407971,yahoo_bootstrap
2024-03-22,17.5,17.83333206,17.38888741,17.72222137,3462043,0,1,15.35851663,yahoo_bootstrap
2024-03-25,17.83333206,18.27777672,17.77777672,18.05555534,6231898,0,1,15.64739211,yahoo_bootstrap
2024-03-26,18.27777672,18.33333206,17.61111069,17.66666603,4522682,0,1,15.31037099,yahoo_bootstrap
2024-03-27,17.66666603,17.94444466,17.61111069,17.72222137,2847644,0,1,15.35851663,yahoo_bootstrap
2024-03-28,17.72222137,18.16666603,17.72222137,17.94444466,3492238,0,1,15.55110084,yahoo_bootstrap
2024-03-29,18.11111069,18.33333206,17.83333206,17.83333206,3896100,0,1,15.45480791,yahoo_bootstrap
2024-04-01,18.05555534,18.5,18.05555534,18.38888741,7201669,0,1,15.93626595,yahoo_bootstrap
2024-04-02,18.55555534,19.88888741,18.33333206,18.83333206,30877945,0,1,16.32143271,yahoo_bootstrap
2024-04-03,18.77777672,20.66666603,18.66666603,20.66666603,48704035,0,1,17.9102454,yahoo_bootstrap
2024-04-08,21.16666603,21.77777672,19.5,19.88888741,61423325,0,1,17.23620316,yahoo_bootstrap
2024-04-09,20,20.27777672,19.16666603,19.16666603,17858963,0,1,16.6103082,yahoo_bootstrap
2024-04-10,19.33333206,19.94444466,19.11111069,19.5,10296484,0,1,16.89918368,yahoo_bootstrap
2024-04-11,19.5,19.83333206,19.05555534,19.05555534,7447904,0,1,16.51401692,yahoo_bootstrap
2024-04-12,19.16666603,19.27777672,18.5,18.61111069,8902913,0,1,16.12885016,yahoo_bootstrap
2024-04-15,18.66666603,18.83333206,18.22222137,18.22222137,5750244,0,1,15.79182903,yahoo_bootstrap
2024-04-16,18,18.11111069,17.16666603,17.33333206,10113244,0,1,15.0214955,yahoo_bootstrap
2024-04-17,17.33333206,17.61111069,17.33333206,17.33333206,5561499,0,1,15.0214955,yahoo_bootstrap
2024-04-18,17.38888741,18.16666603,17.16666603,17.66666603,7274880,0,1,15.31037099,yahoo_bootstrap
2024-04-19,17.72222137,17.94444466,16.77777672,17.5,6664590,0,1,15.16593407,yahoo_bootstrap
2024-04-22,17.44444466,18.88888741,17.33333206,18.66666603,18804965,0,1,16.17699579,yahoo_bootstrap
2024-04-23,18.83333206,19.33333206,18.16666603,18.55555534,19773883,0,1,16.08070451,yahoo_bootstrap
2024-04-24,18.72222137,19.11111069,18.61111069,18.66666603,7825149,0,1,16.17699579,yahoo_bootstrap
2024-04-25,18.83333206,19,18.66666603,18.72222137,5842228,0,1,16.22514143,yahoo_bootstrap
2024-04-26,18.94444466,19.27777672,18.61111069,18.88888741,7379797,0,1,16.36957835,yahoo_bootstrap
2024-04-29,19.05555534,19.44444466,18.72222137,19.44444466,9110594,0,1,16.85103805,yahoo_bootstrap
2024-04-30,19.44444466,19.61111069,18.88888741,18.88888741,6380756,0,1,16.36957835,yahoo_bootstrap
2024-05-02,18.88888741,19.11111069,18.55555534,18.88888741,5292003,0,1,16.36957835,yahoo_bootstrap
2024-05-03,18.61111069,18.61111069,17,17.16666603,25215831,0,1,14.87705859,yahoo_bootstrap
2024-05-06,17.33333206,17.5,17.05555534,17.33333206,5401624,0,1,15.0214955,yahoo_bootstrap
2024-05-07,17.33333206,17.44444466,16.94444466,17.27777672,4057375,0,1,14.97334987,yahoo_bootstrap
2024-05-08,17.33333206,17.44444466,17.11111069,17.38888741,2537752,0,1,15.06964115,yahoo_bootstrap
2024-05-09,17.77777672,18.05555534,17.5,17.55555534,6878979,0,1,15.21407971,yahoo_bootstrap
2024-05-10,17.72222137,17.88888741,17.38888741,17.55555534,2475000,0,1,15.21407971,yahoo_bootstrap
2024-05-13,17.5,17.66666603,17.22222137,17.33333206,2511840,0,1,15.0214955,yahoo_bootstrap
2024-05-14,17.38888741,17.55555534,17.16666603,17.22222137,2590785,0,1,14.92520422,yahoo_bootstrap
2024-05-15,17.33333206,17.44444466,17.22222137,17.22222137,2372490,0,1,14.92520422,yahoo_bootstrap
2024-05-16,17.44444466,17.44444466,17.22222137,17.44444466,3063284,0,1,15.11778844,yahoo_bootstrap
2024-05-17,17.33333206,17.44444466,17.16666603,17.27777672,2720745,0,1,14.97334987,yahoo_bootstrap
2024-05-20,17.27777672,17.44444466,17.05555534,17.16666603,2438875,0,1,14.87705859,yahoo_bootstrap
2024-05-21,17.22222137,17.27777672,17.05555534,17.05555534,2024835,0,1,14.78076731,yahoo_bootstrap
2024-05-22,17.11111069,17.72222137,17.05555534,17.44444466,4396748,0,1,15.11778844,yahoo_bootstrap
2024-05-23,17.66666603,17.66666603,17,17.05555534,3711872,0,1,14.78076731,yahoo_bootstrap
2024-05-24,17.05555534,17.22222137,16.77777672,17.22222137,1711498,0,1,14.92520422,yahoo_bootstrap
2024-05-27,17.44444466,18.33333206,17.38888741,17.94444466,9089318,0,1,15.55110084,yahoo_bootstrap
2024-05-28,18.22222137,18.94444466,18.11111069,18.44444466,11226293,0,1,15.98441324,yahoo_bootstrap
2024-05-29,18.61111069,18.83333206,18.27777672,18.27777672,5686973,0,1,15.83997467,yahoo_bootstrap
2024-05-30,18.22222137,18.5,17.77777672,17.83333206,5965875,0,1,15.45480791,yahoo_bootstrap
2024-05-31,17.94444466,18.05555534,17.55555534,17.66666603,3752401,0,1,15.31037099,yahoo_bootstrap
2024-06-03,17.77777672,17.77777672,17.5,17.5,2414450,0,1,15.16593407,yahoo_bootstrap
2024-06-04,17.5,17.61111069,17.27777672,17.27777672,2294951,0,1,14.97334987,yahoo_bootstrap
2024-06-05,17.38888741,17.61111069,17.22222137,17.22222137,2767563,0,1,14.92520422,yahoo_bootstrap
2024-06-06,17.27777672,17.33333206,17.05555534,17.22222137,2336454,0,1,14.92520422,yahoo_bootstrap
2024-06-07,17.33333206,17.72222137,17.22222137,17.72222137,2069380,0,1,15.35851663,yahoo_bootstrap
2024-06-11,17.88888741,18.55555534,17.66666603,17.66666603,5137932,0,1,15.31037099,yahoo_bootstrap
2024-06-12,17.94444466,18.11111069,17.44444466,17.44444466,2339948,0,1,15.11778844,yahoo_bootstrap
2024-06-13,17.55555534,17.66666603,17.33333206,17.33333206,1537706,0,1,15.0214955,yahoo_bootstrap
2024-06-14,17.5,17.83333206,17.33333206,17.77777672,2211464,0,1,15.40666227,yahoo_bootstrap
2024-06-17,17.83333206,18.33333206,17.83333206,18,4884608,0,1,15.59924648,yahoo_bootstrap
2024-06-18,18.11111069,18.16666603,17.66666603,18,3303987,0,1,15.59924648,yahoo_bootstrap
2024-06-19,18,18,17.55555534,17.55555534,2812405,0,1,15.21407971,yahoo_bootstrap
2024-06-20,17.66666603,17.83333206,17.66666603,17.83333206,1586071,0,1,15.45480791,yahoo_bootstrap
2024-06-21,17.83333206,18.83333206,17.77777672,18.16666603,10464082,0,1,15.74368339,yahoo_bootstrap
2024-06-24,18.33333206,18.38888741,17.77777672,17.88888741,4078418,0,1,15.50295355,yahoo_bootstrap
2024-06-25,18.05555534,18.05555534,17.38888741,17.55555534,3957274,0,1,15.21407971,yahoo_bootstrap
2024-06-26,17.66666603,18.05555534,17.55555534,17.55555534,2367889,0,1,15.21407971,yahoo_bootstrap
2024-06-27,17.44444466,17.66666603,17.38888741,17.44444466,1886550,0,1,15.11778844,yahoo_bootstrap
2024-06-28,17.55555534,17.77777672,17.5,17.55555534,1623719,0,1,15.21407971,yahoo_bootstrap
2024-07-01,17.72222137,17.77777672,17.27777672,17.33333206,2801959,0,1,15.0214955,yahoo_bootstrap
2024-07-02,17.38888741,17.38888741,17.11111069,17.33333206,2370609,0,1,15.0214955,yahoo_bootstrap
2024-07-03,17.5,18,17.38888741,17.77777672,3574547,0,1,15.40666227,yahoo_bootstrap
2024-07-04,17.94444466,18.05555534,17.72222137,17.77777672,4090451,0,1,15.40666227,yahoo_bootstrap
2024-07-05,17.88888741,18.72222137,17.77777672,18.22222137,10033165,0,1,15.79182903,yahoo_bootstrap
2024-07-08,18.44444466,18.44444466,18,18,3405087,0,1,15.59924648,yahoo_bootstrap
2024-07-09,17.83333206,18.11111069,17.27777672,17.5,5530577,0,1,15.16593407,yahoo_bootstrap
2024-07-10,17.77777672,18.05555534,17.55555534,17.61111069,3275469,0,1,15.26222535,yahoo_bootstrap
2024-07-11,17.66666603,17.88888741,17.55555534,17.61111069,2765072,0,1,15.26222535,yahoo_bootstrap
2024-07-12,17.61111069,18.11111069,17.5,17.83333206,4210356,0,1,15.45480791,yahoo_bootstrap
2024-07-15,18,18.05555534,17.44444466,17.5,2871495,0,1,15.16593407,yahoo_bootstrap
2024-07-16,17.61111069,17.61111069,17.44444466,17.5,1547306,0,1,15.16593407,yahoo_bootstrap
2024-07-17,17.55555534,17.88888741,17.44444466,17.72222137,3073228,0,1,15.35851663,yahoo_bootstrap
2024-07-18,17.61111069,17.61111069,17.16666603,17.38888741,3130290,0.111111,1,15.16471766,yahoo_bootstrap
2024-07-19,17.38888741,17.38888741,16.77777672,16.77777672,5480620,0,1,14.63177263,yahoo_bootstrap
2024-07-22,16.83333206,16.83333206,16.05555534,16.11111069,4893774,0,1,14.05037821,yahoo_bootstrap
2024-07-23,16.22222137,16.66666603,16.22222137,16.27777672,2356254,0,1,14.1957264,yahoo_bootstrap
2024-07-26,15.9444437,16.16666603,15.38888836,16.05555534,1802824,0,1,14.00192881,yahoo_bootstrap
2024-07-29,16.22222137,16.22222137,15.66666603,15.66666603,1686699,0,1,13.66278137,yahoo_bootstrap
2024-07-30,15.55555534,16.11111069,15.16666603,15.88888836,1720180,0,1,13.85657979,yahoo_bootstrap
2024-07-31,15.88888836,16.05555534,15.72222233,15.77777672,1923570,0,1,13.75968017,yahoo_bootstrap
2024-08-01,16,16.11111069,15.77777672,16.05555534,1321290,0,1,14.00192881,yahoo_bootstrap
2024-08-02,15.83333302,15.83333302,15.38888836,15.4444437,2146883,0,1,13.46898295,yahoo_bootstrap
2024-08-05,15,15,13.9444437,13.9444437,5101344,0,1,12.16084426,yahoo_bootstrap
2024-08-06,13.9444437,14.11111069,12.61111069,13.72222233,4873499,0,1,11.96704667,yahoo_bootstrap
2024-08-07,13.83333302,14.66666603,13.77777672,14.5,2755395,0,1,12.64534072,yahoo_bootstrap
2024-08-08,15.16666603,15.66666603,14.83333302,15.22222233,5994806,0,1,13.27518537,yahoo_bootstrap
2024-08-09,15.61111069,16,15.5,15.66666603,3279936,0,1,13.66278137,yahoo_bootstrap
2024-08-12,15.88888836,15.88888836,15.55555534,15.66666603,1928156,0,1,13.66278137,yahoo_bootstrap
2024-08-13,15.77777672,15.77777672,15.4444437,15.61111069,1353471,0,1,13.61433198,yahoo_bootstrap
2024-08-14,15.72222233,15.83333302,15.61111069,15.61111069,1129590,0,1,13.61433198,yahoo_bootstrap
2024-08-15,15.61111069,15.72222233,15.4444437,15.5,918987,0,1,13.51743318,yahoo_bootstrap
2024-08-16,15.72222233,15.88888836,15.66666603,15.77777672,1914905,0,1,13.75968017,yahoo_bootstrap
2024-08-19,15.77777672,15.88888836,15.61111069,15.66666603,792898,0,1,13.66278137,yahoo_bootstrap
2024-08-20,15.77777672,16.22222137,15.77777672,15.88888836,1578709,0,1,13.85657979,yahoo_bootstrap
2024-08-21,16,16,15.66666603,15.77777672,927135,0,1,13.75968017,yahoo_bootstrap
2024-08-22,15.83333302,16.22222137,15.77777672,16,1551960,0,1,13.95347941,yahoo_bootstrap
2024-08-23,16.05555534,16.05555534,15.66666603,16,991957,0,1,13.95347941,yahoo_bootstrap
2024-08-26,16.27777672,16.5,16.11111069,16.22222137,1724788,0,1,14.147277,yahoo_bootstrap
2024-08-27,16.22222137,16.33333206,16,16.05555534,982191,0,1,14.00192881,yahoo_bootstrap
2024-08-28,16.11111069,16.16666603,16,16.05555534,958243,0,1,14.00192881,yahoo_bootstrap
2024-08-29,16,16.05555534,15.83333302,15.9444437,656103,0,1,13.90502918,yahoo_bootstrap
2024-08-30,16.05555534,17.05555534,16.05555534,16.66666603,5262002,0,1,14.53487383,yahoo_bootstrap
2024-09-02,16.88888741,16.94444466,16.33333206,16.33333206,1480022,0,1,14.24417579,yahoo_bootstrap
2024-09-03,16.38888741,17.22222137,16.33333206,17,3603743,0,1,14.82557188,yahoo_bootstrap
2024-09-04,15.9444437,16.55555534,15.72222233,15.83333302,3668632,0,1,13.8081304,yahoo_bootstrap
2024-09-05,16.05555534,16.55555534,15.83333302,16.22222137,2944529,0,1,14.147277,yahoo_bootstrap
2024-09-06,16.27777672,16.33333206,15.72222233,15.72222233,1258808,0,1,13.7112316,yahoo_bootstrap
2024-09-09,15.4444437,16.33333206,15.22222233,16.22222137,2630379,0,1,14.147277,yahoo_bootstrap
2024-09-10,16.5,16.55555534,15.83333302,15.83333302,1510425,0,1,13.8081304,yahoo_bootstrap
2024-09-11,16,16.11111069,15.83333302,15.9444437,650704,0,1,13.90502918,yahoo_bootstrap
2024-09-12,16.22222137,16.38888741,16.11111069,16.11111069,1174266,0,1,14.05037821,yahoo_bootstrap
2024-09-13,16.16666603,16.27777672,16,16.22222137,825174,0,1,14.147277,yahoo_bootstrap
2024-09-16,16.33333206,16.55555534,16.22222137,16.38888741,1333459,0,1,14.29262519,yahoo_bootstrap
2024-09-18,16.33333206,16.61111069,16.05555534,16.11111069,1095333,0,1,14.05037821,yahoo_bootstrap
2024-09-19,16.11111069,16.38888741,15.9444437,16.33333206,907449,0,1,14.24417579,yahoo_bootstrap
2024-09-20,16.55555534,16.61111069,16.27777672,16.44444466,1212901,0,1,14.34107625,yahoo_bootstrap
2024-09-23,16.55555534,16.61111069,16.38888741,16.55555534,758020,0,1,14.43797504,yahoo_bootstrap
2024-09-24,16.66666603,16.77777672,16.33333206,16.5,1077570,0,1,14.38952565,yahoo_bootstrap
2024-09-25,16.61111069,16.66666603,16.44444466,16.5,1003880,0,1,14.38952565,yahoo_bootstrap
2024-09-26,16.61111069,16.77777672,16.61111069,16.66666603,1564474,0,1,14.53487383,yahoo_bootstrap
2024-09-27,16.83333206,16.83333206,16.44444466,16.55555534,1583447,0,1,14.43797504,yahoo_bootstrap
2024-09-30,16.61111069,16.61111069,16.33333206,16.38888741,913500,0,1,14.29262519,yahoo_bootstrap
2024-10-01,16.38888741,16.5,16.16666603,16.44444466,787500,0,1,14.34107625,yahoo_bootstrap
2024-10-04,16.27777672,16.44444466,16.11111069,16.33333206,1196123,0,1,14.24417579,yahoo_bootstrap
2024-10-07,16.5,16.5,16.16666603,16.27777672,1247310,0,1,14.1957264,yahoo_bootstrap
2024-10-08,16.22222137,16.33333206,15.9444437,16,1136850,0,1,13.95347941,yahoo_bootstrap
2024-10-09,15.9444437,15.9444437,15.33333302,15.33333302,2872670,0,1,13.37208417,yahoo_bootstrap
2024-10-11,15.4444437,15.55555534,15.27777672,15.27777672,908866,0,1,13.32363393,yahoo_bootstrap
2024-10-14,15.33333302,15.4444437,15,15.4444437,559811,0,1,13.46898295,yahoo_bootstrap
2024-10-15,15.5,15.61111069,15.27777672,15.33333302,660998,0,1,13.37208417,yahoo_bootstrap
2024-10-16,15.22222233,15.4444437,15.16666603,15.33333302,537303,0,1,13.37208417,yahoo_bootstrap
2024-10-17,15.38888836,15.72222233,15.38888836,15.55555534,712800,0,1,13.56588258,yahoo_bootstrap
2024-10-18,15.66666603,15.72222233,15.33333302,15.38888836,663499,0,1,13.42053356,yahoo_bootstrap
2024-10-21,15.55555534,16.16666603,15.55555534,16,1948361,0,1,13.95347941,yahoo_bootstrap
2024-10-22,16.11111069,16.11111069,15.83333302,15.9444437,758880,0,1,13.90502918,yahoo_bootstrap
2024-10-23,16,17.22222137,16,16.66666603,7159946,0,1,14.53487383,yahoo_bootstrap
2024-10-24,16.72222137,16.77777672,16.22222137,16.22222137,1591340,0,1,14.147277,yahoo_bootstrap
2024-10-25,16.5,16.5,16.05555534,16.11111069,1033758,0,1,14.05037821,yahoo_bootstrap
2024-10-28,16.11111069,16.16666603,15.33333302,15.72222233,1554417,0,1,13.7112316,yahoo_bootstrap
2024-10-29,15.72222233,15.72222233,15.38888836,15.55555534,969615,0,1,13.56588258,yahoo_bootstrap
2024-10-30,15.55555534,15.72222233,15.27777672,15.33333302,1105608,0,1,13.37208417,yahoo_bootstrap
2024-11-01,15.33333302,15.55555534,15.05555534,15.4444437,633060,0,1,13.46898295,yahoo_bootstrap
2024-11-04,15.55555534,15.55555534,15.27777672,15.33333302,483415,0,1,13.37208417,yahoo_bootstrap
2024-11-05,15.4444437,15.66666603,15.38888836,15.38888836,571815,0,1,13.42053356,yahoo_bootstrap
2024-11-06,15.55555534,15.55555534,15.11111069,15.27777672,1320300,0,1,13.32363393,yahoo_bootstrap
2024-11-07,15.16666603,15.66666603,15.16666603,15.61111069,724617,0,1,13.61433198,yahoo_bootstrap
2024-11-08,15.61111069,15.66666603,15.33333302,15.33333302,854191,0,1,13.37208417,yahoo_bootstrap
2024-11-11,15.16666603,15.22222233,14.88888836,15.05555534,1264500,0,1,13.12983634,yahoo_bootstrap
2024-11-12,14.88888836,14.88888836,14.61111069,14.77777672,1089901,0,1,12.8875877,yahoo_bootstrap
2024-11-13,14.66666603,14.77777672,14.55555534,14.61111069,809177,0,1,12.74223951,yahoo_bootstrap
2024-11-14,14.72222233,14.72222233,14.38888836,14.38888836,819513,0,1,12.5484411,yahoo_bootstrap
2024-11-15,14.38888836,14.77777672,14.38888836,14.77777672,608683,0,1,12.8875877,yahoo_bootstrap
2024-11-18,14.77777672,14.77777672,14.4444437,14.4444437,364230,0,1,12.59689049,yahoo_bootstrap
2024-11-19,14.61111069,14.83333302,14.5,14.83333302,453825,0,1,12.93603793,yahoo_bootstrap
2024-11-20,14.83333302,14.88888836,14.61111069,14.66666603,422151,0,1,12.79068891,yahoo_bootstrap
2024-11-21,14.83333302,14.83333302,14.61111069,14.72222233,267552,0,1,12.83913914,yahoo_bootstrap
2024-11-22,14.83333302,15,14.77777672,14.9444437,716220,0,1,13.03293672,yahoo_bootstrap
2024-11-25,15.05555534,15.22222233,15.05555534,15.22222233,588087,0,1,13.27518537,yahoo_bootstrap
2024-11-26,15.27777672,15.33333302,15.11111069,15.22222233,592791,0,1,13.27518537,yahoo_bootstrap
2024-11-27,15.16666603,15.22222233,14.77777672,14.83333302,1260198,0,1,12.93603793,yahoo_bootstrap
2024-11-28,14.83333302,14.88888836,14.55555534,14.66666603,596766,0,1,12.79068891,yahoo_bootstrap
2024-11-29,14.61111069,14.88888836,14.55555534,14.83333302,418608,0,1,12.93603793,yahoo_bootstrap
2024-12-02,14.83333302,14.9444437,14.61111069,14.61111069,558449,0,1,12.74223951,yahoo_bootstrap
2024-12-03,14.66666603,14.77777672,14.61111069,14.66666603,535802,0,1,12.79068891,yahoo_bootstrap
2024-12-04,14.72222233,15,14.72222233,14.83333302,573098,0,1,12.93603793,yahoo_bootstrap
2024-12-05,14.83333302,14.9444437,14.72222233,14.72222233,426386,0,1,12.83913914,yahoo_bootstrap
2024-12-06,14.77777672,15.16666603,14.77777672,14.9444437,682200,0,1,13.03293672,yahoo_bootstrap
2024-12-09,15.11111069,15.33333302,15,15.11111069,880418,0,1,13.17828575,yahoo_bootstrap
2024-12-10,15.22222233,15.4444437,15,15.11111069,686808,0,1,13.17828575,yahoo_bootstrap
2024-12-11,15.05555534,15.11111069,14.83333302,14.83333302,777332,0,1,12.93603793,yahoo_bootstrap
2024-12-12,15.05555534,15.72222233,15.05555534,15.05555534,2061270,0,1,13.12983634,yahoo_bootstrap
2024-12-13,15.05555534,15.05555534,14.4444437,14.55555534,1537904,0,1,12.69379011,yahoo_bootstrap
2024-12-16,14.61111069,14.66666603,14.27777672,14.27777672,978303,0,1,12.45154147,yahoo_bootstrap
2024-12-17,14.38888836,14.38888836,14.22222233,14.38888836,696194,0,1,12.5484411,yahoo_bootstrap
2024-12-18,14.27777672,14.4444437,14.16666603,14.27777672,702000,0,1,12.45154147,yahoo_bootstrap
2024-12-19,14.11111069,14.11111069,13.77777672,13.88888836,1159094,0,1,12.11239486,yahoo_bootstrap
2024-12-20,13.77777672,13.88888836,13.55555534,13.55555534,854192,0,1,11.82169765,yahoo_bootstrap
2024-12-23,13.77777672,14.16666603,13.77777672,14.16666603,775022,0,1,12.35464268,yahoo_bootstrap
2024-12-24,14.16666603,14.61111069,14.16666603,14.38888836,721299,0,1,12.5484411,yahoo_bootstrap
2024-12-25,14.38888836,14.55555534,14.27777672,14.5,676080,0,1,12.64534072,yahoo_bootstrap
2024-12-26,14.61111069,14.72222233,14.38888836,14.5,723693,0,1,12.64534072,yahoo_bootstrap
2024-12-27,14.4444437,14.4444437,14.22222233,14.27777672,355589,0,1,12.45154147,yahoo_bootstrap
2024-12-30,14.38888836,14.4444437,14.16666603,14.22222233,373503,0,1,12.40309291,yahoo_bootstrap
2024-12-31,14.05555534,14.22222233,14,14.16666603,479700,0,1,12.35464268,yahoo_bootstrap
2025-01-02,14.11111069,14.16666603,13.83333302,13.88888836,470794,0,1,12.11239486,yahoo_bootstrap
2025-01-03,14.11111069,14.11111069,13.77777672,13.88888836,572400,0,1,12.11239486,yahoo_bootstrap
2025-01-06,14,14.33333302,13.9444437,14.16666603,661417,0,1,12.35464268,yahoo_bootstrap
2025-01-07,14.16666603,14.38888836,14,14.05555534,571791,0,1,12.25774388,yahoo_bootstrap
2025-01-08,14.05555534,14.11111069,13.77777672,13.88888836,583722,0,1,12.11239486,yahoo_bootstrap
2025-01-09,13.9444437,14.11111069,13.33333302,13.33333302,774936,0,1,11.62789924,yahoo_bootstrap
2025-01-10,13.4444437,13.61111069,13.11111069,13.27777672,771826,0,1,11.57944901,yahoo_bootstrap
2025-01-13,13.11111069,13.11111069,12.66666603,12.88888836,1557921,0,1,11.2403024,yahoo_bootstrap
2025-01-14,12.88888836,13.16666603,12.88888836,13.16666603,543015,0,1,11.48255021,yahoo_bootstrap
2025-01-15,13.16666603,13.5,13.05555534,13.5,734670,0,1,11.77324826,yahoo_bootstrap
2025-01-16,13.66666603,13.66666603,13.38888836,13.38888836,536519,0,1,11.67634863,yahoo_bootstrap
2025-01-17,13.66666603,13.66666603,13.4444437,13.55555534,385202,0,1,11.82169765,yahoo_bootstrap
2025-01-20,13.61111069,13.66666603,13.4444437,13.55555534,419878,0,1,11.82169765,yahoo_bootstrap
2025-01-21,13.55555534,13.88888836,13.55555534,13.72222233,569714,0,1,11.96704667,yahoo_bootstrap
2025-01-22,13.72222233,14,13.72222233,13.9444437,606609,0,1,12.16084426,yahoo_bootstrap
2025-02-03,13.61111069,13.72222233,13.33333302,13.38888836,1176453,0,1,11.67634863,yahoo_bootstrap
2025-02-04,13.61111069,13.72222233,13.4444437,13.72222233,461131,0,1,11.96704667,yahoo_bootstrap
2025-02-05,13.83333302,14.22222233,13.83333302,14.22222233,810363,0,1,12.40309291,yahoo_bootstrap
2025-02-06,14.27777672,14.27777672,14,14.05555534,471998,0,1,12.25774388,yahoo_bootstrap
2025-02-07,14.05555534,14.33333302,14,14.16666603,692356,0,1,12.35464268,yahoo_bootstrap
2025-02-10,14.05555534,14.22222233,14,14.22222233,563437,0,1,12.40309291,yahoo_bootstrap
2025-02-11,14.16666603,14.33333302,13.77777672,13.77777672,964202,0,1,12.01549524,yahoo_bootstrap
2025-02-12,14.55555534,15.11111069,14.55555534,15.11111069,3998279,0,1,13.17828575,yahoo_bootstrap
2025-02-13,15.38888836,15.55555534,14.88888836,15.27777672,9218114,0,1,13.32363393,yahoo_bootstrap
2025-02-14,15.16666603,15.5,15.16666603,15.4444437,2324261,0,1,13.46898295,yahoo_bootstrap
2025-02-17,15.55555534,15.77777672,15.33333302,15.38888836,1835219,0,1,13.42053356,yahoo_bootstrap
2025-02-18,15.38888836,15.5,15.22222233,15.4444437,1175274,0,1,13.46898295,yahoo_bootstrap
2025-02-19,15.4444437,15.66666603,15.33333302,15.4444437,1000506,0,1,13.46898295,yahoo_bootstrap
2025-02-20,15.55555534,15.66666603,15.33333302,15.33333302,945337,0,1,13.37208417,yahoo_bootstrap
2025-02-21,15.38888836,15.55555534,15.33333302,15.5,1057513,0,1,13.51743318,yahoo_bootstrap
2025-02-24,15.4444437,15.5,15.38888836,15.4444437,645794,0,1,13.46898295,yahoo_bootstrap
2025-02-25,15.38888836,15.77777672,15.27777672,15.4444437,1619521,0,1,13.46898295,yahoo_bootstrap
2025-02-26,15.5,15.5,15.27777672,15.38888836,766970,0,1,13.42053356,yahoo_bootstrap
2025-02-27,15.4444437,15.61111069,15.27777672,15.33333302,830347,0,1,13.37208417,yahoo_bootstrap
2025-03-03,15.27777672,15.27777672,15.05555534,15.16666603,773143,0,1,13.22673514,yahoo_bootstrap
2025-03-04,15,15.38888836,14.77777672,15.38888836,964033,0,1,13.42053356,yahoo_bootstrap
2025-03-05,15.38888836,15.61111069,15.27777672,15.55555534,1289879,0,1,13.56588258,yahoo_bootstrap
2025-03-06,15.61111069,15.72222233,15.22222233,15.22222233,1106893,0,1,13.27518537,yahoo_bootstrap
2025-03-07,15.11111069,15.22222233,15.05555534,15.05555534,672309,0,1,13.12983634,yahoo_bootstrap
2025-03-10,15.11111069,15.4444437,15.05555534,15.27777672,1068390,0,1,13.32363393,yahoo_bootstrap
2025-03-11,15.05555534,15.5,14.77777672,15.4444437,1412199,0,1,13.46898295,yahoo_bootstrap
2025-03-12,15.5,15.5,15.22222233,15.5,1184588,0,1,13.51743318,yahoo_bootstrap
2025-03-13,15.61111069,15.88888836,15.22222233,15.27777672,1565206,0,1,13.32363393,yahoo_bootstrap
2025-03-14,15.4444437,15.72222233,15.38888836,15.61111069,1270907,0,1,13.61433198,yahoo_bootstrap
2025-03-17,15.66666603,15.83333302,15.38888836,15.38888836,1092207,0,1,13.42053356,yahoo_bootstrap
2025-03-18,15.5,15.55555534,15.27777672,15.27777672,525683,0,1,13.32363393,yahoo_bootstrap
2025-03-19,15.4444437,15.4444437,15.05555534,15.11111069,698497,0,1,13.17828575,yahoo_bootstrap
2025-03-20,15.22222233,15.27777672,15.11111069,15.16666603,376336,0,1,13.22673514,yahoo_bootstrap
2025-03-21,15.16666603,15.16666603,14.9444437,14.9444437,464245,0,1,13.03293672,yahoo_bootstrap
2025-03-24,15,15,14.77777672,14.77777672,878680,0,1,12.8875877,yahoo_bootstrap
2025-03-25,14.72222233,14.9444437,14.5,14.5,976562,0,1,12.64534072,yahoo_bootstrap
2025-03-26,14.61111069,15,14.61111069,14.61111069,624961,0,1,12.74223951,yahoo_bootstrap
2025-03-27,14.55555534,14.88888836,14.38888836,14.5,727200,0,1,12.64534072,yahoo_bootstrap
2025-03-28,14.55555534,14.55555534,14.05555534,14.11111069,923762,0,1,12.30619328,yahoo_bootstrap
2025-03-31,13.88888836,13.88888836,13.11111069,13.11111069,2133082,0,1,11.43410082,yahoo_bootstrap
2025-04-01,13.22222233,13.5,13.05555534,13.4444437,972907,0,1,11.72479803,yahoo_bootstrap
2025-04-02,13.5,13.72222233,13.33333302,13.72222233,602220,0,1,11.96704667,yahoo_bootstrap
2025-04-07,12.38888836,12.38888836,12.38888836,12.38888836,147671,0,1,10.80425617,yahoo_bootstrap
2025-04-08,11.16666603,11.4444437,11.16666603,11.16666603,2171697,0,1,9.73836529,yahoo_bootstrap
2025-04-09,10.35555458,10.6888876,10.05555534,10.05555534,3336096,0,1,8.76937403,yahoo_bootstrap
2025-04-10,11.05555534,11.05555534,10.83333302,11.05555534,1180818,0,1,9.64146649,yahoo_bootstrap
2025-04-11,11.07777691,11.07777691,10.27777672,11.01111126,1361139,0,1,9.60270714,yahoo_bootstrap
2025-04-14,11.10000038,11.55555534,11.10000038,11.22222233,1615786,0,1,9.78681552,yahoo_bootstrap
2025-04-15,11.38888836,11.66666603,11.38888836,11.66666603,2517378,0,1,10.17441152,yahoo_bootstrap
2025-04-16,11.83333302,11.88888836,11.4444437,11.5,952470,0,1,10.02906333,yahoo_bootstrap
2025-04-17,11.38888836,11.4444437,11.11111069,11.33333302,835077,0,1,9.88371431,yahoo_bootstrap
2025-04-18,11.38888836,11.55555534,11.27777672,11.33333302,735834,0,1,9.88371431,yahoo_bootstrap
2025-04-21,11.27777672,11.38888836,11.11111069,11.11111069,631826,0,1,9.68991589,yahoo_bootstrap
2025-04-22,11.06666565,11.22222233,10.83333302,11.07777691,610496,0,1,9.66084575,yahoo_bootstrap
2025-04-23,11.27777672,11.4444437,11.27777672,11.38888836,706630,0,1,9.93216371,yahoo_bootstrap
2025-04-24,11.4444437,11.55555534,11.33333302,11.33333302,814159,0,1,9.88371431,yahoo_bootstrap
2025-04-25,11.5,11.55555534,11.38888836,11.55555534,778533,0,1,10.07751272,yahoo_bootstrap
2025-04-28,11.61111069,11.83333302,11.55555534,11.77777672,763421,0,1,10.27131031,yahoo_bootstrap
2025-04-29,12.66666603,12.9444437,12.55555534,12.9444437,1349234,0,1,11.28875179,yahoo_bootstrap
2025-04-30,13.16666603,13.16666603,12.4444437,12.66666603,3314701,0,1,11.04650398,yahoo_bootstrap
2025-05-02,12.77777672,13,12.72222233,12.77777672,969804,0,1,11.14340278,yahoo_bootstrap
2025-05-05,12.9444437,12.9444437,12.27777672,12.33333302,1235408,0,1,10.75580678,yahoo_bootstrap
2025-05-06,12.22222233,12.4444437,12.16666603,12.22222233,901031,0,1,10.65890798,yahoo_bootstrap
2025-05-07,12.38888836,12.5,12.27777672,12.38888836,401475,0,1,10.80425617,yahoo_bootstrap
2025-05-08,12.55555534,12.66666603,12.5,12.55555534,631197,0,1,10.94960519,yahoo_bootstrap
2025-05-09,12.66666603,12.9444437,12.55555534,12.61111069,938702,0,1,10.99805459,yahoo_bootstrap
2025-05-12,12.72222233,12.83333302,12.66666603,12.72222233,851408,0,1,11.09495421,yahoo_bootstrap
2025-05-13,12.83333302,12.9444437,12.66666603,12.66666603,676596,0,1,11.04650398,yahoo_bootstrap
2025-05-14,12.83333302,13.16666603,12.83333302,13.11111069,1003630,0,1,11.43410082,yahoo_bootstrap
2025-05-15,13.11111069,13.33333302,12.9444437,12.9444437,828139,0,1,11.28875179,yahoo_bootstrap
2025-05-16,13,13.11111069,12.9444437,12.9444437,611343,0,1,11.28875179,yahoo_bootstrap
2025-05-19,12.9444437,13.11111069,12.83333302,12.88888836,438300,0,1,11.2403024,yahoo_bootstrap
2025-05-20,13,13.11111069,12.77777672,12.83333302,748152,0,1,11.19185301,yahoo_bootstrap
2025-05-21,12.9444437,13.05555534,12.88888836,12.9444437,389700,0,1,11.28875179,yahoo_bootstrap
2025-05-22,12.83333302,12.83333302,12.66666603,12.66666603,456322,0,1,11.04650398,yahoo_bootstrap
2025-05-23,12.72222233,13.5,12.72222233,13.27777672,1243818,0,1,11.57944901,yahoo_bootstrap
2025-05-26,13.27777672,13.27777672,12.88888836,12.88888836,597602,0,1,11.2403024,yahoo_bootstrap
2025-05-27,12.9444437,13.11111069,12.77777672,12.77777672,623419,0,1,11.14340278,yahoo_bootstrap
2025-05-28,13,13.11111069,12.77777672,12.77777672,447322,0,1,11.14340278,yahoo_bootstrap
2025-05-29,13,13,12.5,12.55555534,756900,0,1,10.94960519,yahoo_bootstrap
2025-06-02,12.77777672,12.77777672,12,12.16666603,966781,0,1,10.61045775,yahoo_bootstrap
2025-06-03,12.33333302,12.33333302,11.88888836,11.9444437,721264,0,1,10.41665933,yahoo_bootstrap
2025-06-04,12.27777672,12.5,12.11111069,12.27777672,1095305,0,1,10.70735654,yahoo_bootstrap
2025-06-05,12.27777672,12.61111069,12.27777672,12.38888836,433801,0,1,10.80425617,yahoo_bootstrap
2025-06-06,12.4444437,12.55555534,12.33333302,12.4444437,314261,0,1,10.85270556,yahoo_bootstrap
2025-06-09,12.55555534,12.55555534,12.05555534,12.11111069,591466,0,1,10.56200836,yahoo_bootstrap
2025-06-10,12.16666603,12.33333302,12.11111069,12.11111069,412907,0,1,10.56200836,yahoo_bootstrap
2025-06-11,12.16666603,12.38888836,12.05555534,12.11111069,1063800,0,1,10.56200836,yahoo_bootstrap
2025-06-12,12.05555534,12.16666603,11.9444437,12,558893,0,1,10.46510956,yahoo_bootstrap
2025-06-13,11.88888836,11.88888836,11.55555534,11.61111069,1145745,0,1,10.12596212,yahoo_bootstrap
2025-06-16,11.61111069,11.83333302,11.4444437,11.77777672,488145,0,1,10.27131031,yahoo_bootstrap
2025-06-17,11.77777672,12.05555534,11.77777672,11.88888836,541323,0,1,10.36820994,yahoo_bootstrap
2025-06-18,11.9444437,12.16666603,11.83333302,11.9444437,549873,0,1,10.41665933,yahoo_bootstrap
2025-06-19,11.88888836,12,11.72222233,11.72222233,404700,0,1,10.22286175,yahoo_bootstrap
2025-06-20,11.83333302,11.83333302,11.33333302,11.55555534,994989,0,1,10.07751272,yahoo_bootstrap
2025-06-23,11.5,11.55555534,11.16666603,11.4444437,549214,0,1,9.9806131,yahoo_bootstrap
2025-06-24,11.72222233,11.83333302,11.66666603,11.72222233,326926,0,1,10.22286175,yahoo_bootstrap
2025-06-25,11.88888836,11.9444437,11.77777672,11.9444437,363330,0,1,10.41665933,yahoo_bootstrap
2025-06-26,12.11111069,12.27777672,11.9444437,12.05555534,625573,0,1,10.51355895,yahoo_bootstrap
2025-06-27,12.16666603,12.27777672,12.11111069,12.11111069,419427,0,1,10.56200836,yahoo_bootstrap
2025-06-30,12.16666603,12.27777672,11.88888836,12.11111069,350248,0,1,10.56200836,yahoo_bootstrap
2025-07-01,12.22222233,12.38888836,12.16666603,12.22222233,491409,0,1,10.65890798,yahoo_bootstrap
2025-07-02,12.33333302,12.33333302,12.16666603,12.22222233,278149,0,1,10.65890798,yahoo_bootstrap
2025-07-03,12.33333302,12.5,12.33333302,12.38888836,497170,0,1,10.80425617,yahoo_bootstrap
2025-07-04,12.4444437,12.5,12.11111069,12.16666603,609372,0,1,10.61045775,yahoo_bootstrap
2025-07-07,12.16666603,12.27777672,12,12.27777672,223083,0,1,10.70735654,yahoo_bootstrap
2025-07-08,12.33333302,12.33333302,12,12.05555534,222415,0,1,10.51355895,yahoo_bootstrap
2025-07-09,11.88888836,12,11.83333302,11.88888836,478888,0,1,10.36820994,yahoo_bootstrap
2025-07-10,11.77777672,11.83333302,11.55555534,11.55555534,775822,0,1,10.07751272,yahoo_bootstrap
2025-07-11,11.66666603,11.83333302,11.55555534,11.77777672,236717,0,1,10.27131031,yahoo_bootstrap
2025-07-14,11.83333302,11.83333302,11.55555534,11.55555534,425597,0,1,10.07751272,yahoo_bootstrap
2025-07-15,11.55555534,11.83333302,11.55555534,11.72222233,531747,0,1,10.22286175,yahoo_bootstrap
2025-07-16,11.72222233,11.83333302,11.66666603,11.72222233,784391,0,1,10.22286175,yahoo_bootstrap
2025-07-17,11.5,11.72222233,11.4444437,11.61111069,489726,0.277778,1,10.3717381,yahoo_bootstrap
2025-07-18,11.72222233,11.72222233,11.55555534,11.61111069,450945,0,1,10.3717381,yahoo_bootstrap
2025-07-21,11.61111069,11.61111069,11.38888836,11.4444437,563616,0,1,10.22286119,yahoo_bootstrap
2025-07-22,11.55555534,11.66666603,11.22222233,11.22222233,1232324,0,1,10.02435977,yahoo_bootstrap
2025-07-23,11.4444437,11.88888836,11.33333302,11.77777672,1367100,0,1,10.52061416,yahoo_bootstrap
2025-07-24,11.83333302,12,11.61111069,11.88888836,718218,0,1,10.61986572,yahoo_bootstrap
2025-07-25,12.72222233,13.05555534,12.33333302,12.33333302,9729601,0,1,11.01687026,yahoo_bootstrap
2025-07-28,12.27777672,12.5,12.11111069,12.27777672,2163622,0,1,10.96724405,yahoo_bootstrap
2025-07-29,12.27777672,12.61111069,12.27777672,12.33333302,1033294,0,1,11.01687026,yahoo_bootstrap
2025-07-30,12.38888836,12.55555534,12.22222233,12.33333302,997358,0,1,11.01687026,yahoo_bootstrap
2025-07-31,12.38888836,12.4444437,12,12,803079,0,1,10.71911728,yahoo_bootstrap
2025-08-04,12.05555534,12.5,12,12.33333302,1070122,0,1,11.01687026,yahoo_bootstrap
2025-08-05,12.38888836,12.4444437,12.27777672,12.4444437,649193,0,1,11.11612096,yahoo_bootstrap
2025-08-06,12.66666603,12.66666603,12.33333302,12.4444437,751523,0,1,11.11612096,yahoo_bootstrap
2025-08-07,12.61111069,12.61111069,12.27777672,12.33333302,635980,0,1,11.01687026,yahoo_bootstrap
2025-08-08,12.22222233,12.5,12.11111069,12.11111069,771924,0,1,10.81836799,yahoo_bootstrap
2025-08-11,12.11111069,12.16666603,12,12.05555534,487413,0,1,10.76874263,yahoo_bootstrap
2025-08-12,12,12.16666603,12,12.16666603,539630,0,1,10.86799334,yahoo_bootstrap
2025-08-13,12.33333302,12.4444437,12.11111069,12.27777672,1120559,0,1,10.96724405,yahoo_bootstrap
2025-08-14,12.27777672,12.38888836,12.22222233,12.27777672,905418,0,1,10.96724405,yahoo_bootstrap
2025-08-15,12.38888836,12.5,12.22222233,12.5,1083116,0,1,11.16574717,yahoo_bootstrap
2025-08-18,12.5,12.66666603,12.38888836,12.5,1249429,0,1,11.16574717,yahoo_bootstrap
2025-08-19,12.55555534,12.55555534,12.33333302,12.4444437,751220,0,1,11.11612096,yahoo_bootstrap
2025-08-20,12.38888836,12.38888836,12,12.11111069,1336518,0,1,10.81836799,yahoo_bootstrap
2025-08-21,12.11111069,12.66666603,12.11111069,12.38888836,1671344,0,1,11.06649561,yahoo_bootstrap
2025-08-22,12.4444437,12.55555534,12.27777672,12.27777672,646007,0,1,10.96724405,yahoo_bootstrap
2025-08-25,12.5,12.55555534,12.33333302,12.38888836,746659,0,1,11.06649561,yahoo_bootstrap
2025-08-26,12.38888836,12.72222233,12.38888836,12.5,1328281,0,1,11.16574717,yahoo_bootstrap
2025-08-27,12.61111069,12.66666603,12.27777672,12.4444437,1519164,0,1,11.11612096,yahoo_bootstrap
2025-08-28,12.4444437,12.66666603,12.38888836,12.5,1106104,0,1,11.16574717,yahoo_bootstrap
2025-08-29,12.72222233,12.77777672,12.4444437,12.5,1706932,0,1,11.16574717,yahoo_bootstrap
2025-09-01,12.55555534,12.77777672,12.33333302,12.33333302,1432509,0,1,11.01687026,yahoo_bootstrap
2025-09-02,12.38888836,12.61111069,11.9444437,12,1410016,0,1,10.71911728,yahoo_bootstrap
2025-09-03,12.11111069,12.22222233,12.05555534,12.11111069,829264,0,1,10.81836799,yahoo_bootstrap
2025-09-04,12.22222233,12.72222233,12.16666603,12.5,1691888,0,1,11.16574717,yahoo_bootstrap
2025-09-05,12.5,12.77777672,12.38888836,12.4444437,1697516,0,1,11.11612096,yahoo_bootstrap
2025-09-08,12.5,12.77777672,12.33333302,12.33333302,1201004,0,1,11.01687026,yahoo_bootstrap
2025-09-09,12.4444437,12.61111069,12.11111069,12.11111069,1353551,0,1,10.81836799,yahoo_bootstrap
2025-09-10,12.16666603,12.16666603,11.66666603,11.77777672,3117829,0,1,10.52061416,yahoo_bootstrap
2025-09-11,11.77777672,11.77777672,11.38888836,11.38888836,1282002,0,1,10.17323584,yahoo_bootstrap
2025-09-12,11.33333302,11.66666603,11.27777672,11.38888836,2007928,0,1,10.17323584,yahoo_bootstrap
2025-09-15,11.55555534,11.77777672,11.5,11.5,852877,0,1,10.27248739,yahoo_bootstrap
2025-09-16,11.72222233,12.55555534,11.72222233,12.27777672,4765717,0,1,10.96724405,yahoo_bootstrap
2025-09-17,12.27777672,12.4444437,12,12.11111069,1472921,0,1,10.81836799,yahoo_bootstrap
2025-09-18,12.11110973,12.11110973,12.11110973,12.11110973,0,1.11,0.9,11.90992851,yahoo_bootstrap
2025-09-19,12.11110973,12.11110973,12.11110973,12.11110973,0,0,1,11.90992851,yahoo_bootstrap
2025-09-22,12.11110973,12.11110973,12.11110973,12.11110973,0,0,1,11.90992851,yahoo_bootstrap
2025-09-23,12.11110973,12.11110973,12.11110973,12.11110973,0,0,1,11.90992851,yahoo_bootstrap
2025-09-24,12.11110973,12.11110973,12.11110973,12.11110973,0,0,1,11.90992851,yahoo_bootstrap
2025-09-25,12.11110973,12.11110973,12.11110973,12.11110973,0,0,1,11.90992851,yahoo_bootstrap
2025-09-26,12.11110973,12.11110973,12.11110973,12.11110973,0,0,1,11.90992851,yahoo_bootstrap
2025-09-30,10.69999981,11.89999962,10.69999981,11.5,3056990,0,1,11.3089701,yahoo_bootstrap
2025-10-01,11.80000019,11.80000019,11.44999981,11.5,1404080,0,1,11.3089701,yahoo_bootstrap
2025-10-02,11.5,12.10000038,11.5,11.85000038,3230230,0,1,11.65315652,yahoo_bootstrap
2025-10-03,11.89999962,12.60000038,11.89999962,11.94999981,3214855,0,1,11.75149483,yahoo_bootstrap
2025-10-07,11.94999981,12.5,11.94999981,12.5,2783078,0,1,12.29235881,yahoo_bootstrap
2025-10-08,12.5,12.5,11.94999981,12.05000019,1946131,0,1,11.84983408,yahoo_bootstrap
2025-10-09,12.19999981,12.30000019,12.05000019,12.10000038,1190757,0,1,11.8990037,yahoo_bootstrap
2025-10-13,11.69999981,12.10000038,11.60000038,12.05000019,1164600,0,1,11.84983408,yahoo_bootstrap
2025-10-14,12.10000038,12.19999981,11.55000019,11.60000038,1300646,0,1,11.40730935,yahoo_bootstrap
2025-10-15,11.69999981,12.30000019,11.44999981,12.30000019,3359475,0,1,12.09568125,yahoo_bootstrap
2025-10-16,12.75,13.14999962,12.55000019,12.60000038,6987398,0,1,12.39069805,yahoo_bootstrap
2025-10-17,12.30000019,12.35000038,11.69999981,11.80000019,4330334,0,1,11.6039869,yahoo_bootstrap
2025-10-20,11.80000019,11.89999962,11.55000019,11.64999962,1594443,0,1,11.45647803,yahoo_bootstrap
2025-10-21,11.69999981,12,11.60000038,11.60000038,2182867,0,1,11.40730935,yahoo_bootstrap
2025-10-22,11.80000019,11.85000038,11.60000038,11.75,1051701,0,1,11.55481728,yahoo_bootstrap
2025-10-23,11.75,11.75,11.55000019,11.60000038,1024302,0,1,11.40730935,yahoo_bootstrap
2025-10-27,11.64999962,11.75,11.5,11.55000019,1255009,0,1,11.35813972,yahoo_bootstrap
2025-10-28,11.64999962,11.64999962,11.35000038,11.39999962,883747,0,1,11.21063086,yahoo_bootstrap
2025-10-29,11.25,12.25,11.25,11.69999981,3669018,0,1,11.50564766,yahoo_bootstrap
2025-10-30,11.69999981,11.75,11.30000019,11.35000038,1865546,0,1,11.16146217,yahoo_bootstrap
2025-10-31,11.5,11.5,11.14999962,11.19999981,1312600,0,1,11.0139533,yahoo_bootstrap
2025-11-03,11.35000038,11.69999981,11.35000038,11.44999981,1439466,0,1,11.25980048,yahoo_bootstrap
2025-11-04,11.55000019,11.64999962,11.14999962,11.19999981,1064699,0,1,11.0139533,yahoo_bootstrap
2025-11-05,11.10000038,11.30000019,10.89999962,11.19999981,927599,0,1,11.0139533,yahoo_bootstrap
2025-11-06,11.39999962,11.5,11.30000019,11.44999981,722252,0,1,11.25980048,yahoo_bootstrap
2025-11-07,11.44999981,11.44999981,11.30000019,11.30000019,369508,0,1,11.11229255,yahoo_bootstrap
2025-11-10,11.30000019,11.30000019,10.94999981,11.10000038,1049695,0,1,10.91561499,yahoo_bootstrap
2025-11-11,11.14999962,11.19999981,10.80000019,10.80000019,1174752,0,1,10.6205982,yahoo_bootstrap
2025-11-12,10.89999962,11.14999962,10.85000038,11.14999962,763277,0,1,10.96478368,yahoo_bootstrap
2025-11-13,11.25,11.5,11.19999981,11.35000038,1018079,0,1,11.16146217,yahoo_bootstrap
2025-11-14,11.19999981,11.30000019,11,11.05000019,1022386,0,1,10.86644537,yahoo_bootstrap
2025-11-17,11.05000019,11.05000019,10.5,10.55000019,1620996,0,1,10.37475102,yahoo_bootstrap
2025-11-18,10.55000019,10.55000019,10.19999981,10.19999981,1658080,0,1,10.0305646,yahoo_bootstrap
2025-11-19,10.39999962,10.39999962,10.05000019,10.10000038,979100,0,1,9.93222629,yahoo_bootstrap
2025-11-20,10.19999981,10.35000038,10.14999962,10.25,584513,0,1,10.07973422,yahoo_bootstrap
2025-11-21,10.14999962,10.25,10.05000019,10.25,944204,0,1,10.07973422,yahoo_bootstrap
2025-11-24,10.25,10.35000038,10.05000019,10.10000038,795560,0,1,9.93222629,yahoo_bootstrap
2025-11-25,10.19999981,10.35000038,10.19999981,10.35000038,646155,0,1,10.17807347,yahoo_bootstrap
2025-11-26,10.39999962,10.55000019,10.39999962,10.55000019,593100,0,1,10.37475102,yahoo_bootstrap
2025-11-27,10.5,10.55000019,10.44999981,10.55000019,251400,0,1,10.37475102,yahoo_bootstrap
2025-11-28,10.44999981,10.64999962,10.39999962,10.55000019,466314,0,1,10.37475102,yahoo_bootstrap
2025-12-01,10.44999981,10.5,10.35000038,10.39999962,812099,0,1,10.22724215,yahoo_bootstrap
2025-12-02,10.5,10.64999962,10.5,10.5,755294,0,1,10.3255814,yahoo_bootstrap
2025-12-03,10.55000019,10.75,10.55000019,10.69999981,791534,0,1,10.52225895,yahoo_bootstrap
2025-12-04,10.60000038,11.39999962,10.60000038,11.30000019,2738492,0,1,11.11229255,yahoo_bootstrap
2025-12-05,11.60000038,12.39999962,11.60000038,12.39999962,10260231,0,1,12.19401956,yahoo_bootstrap
2025-12-08,12.85000038,13,12.10000038,12.39999962,13220900,0,1,12.19401956,yahoo_bootstrap
2025-12-09,12.14999962,12.89999962,11.94999981,12.89999962,4879919,0,1,12.68571391,yahoo_bootstrap
2025-12-10,13,14.14999962,12.80000019,13.44999981,22405260,0,1,13.22657789,yahoo_bootstrap
2025-12-11,13.75,13.85000038,13.35000038,13.85000038,9100050,0,1,13.61993393,yahoo_bootstrap
2025-12-12,13.64999962,13.75,13.19999981,13.19999981,5896976,0,1,12.98073071,yahoo_bootstrap
2025-12-15,12.89999962,13.44999981,12.75,13.14999962,2549788,0,1,12.93156109,yahoo_bootstrap
2025-12-16,13.19999981,13.44999981,12.89999962,13.19999981,2945100,0,1,12.98073071,yahoo_bootstrap
2025-12-17,13.19999981,13.35000038,12.80000019,13,2323488,0,1,12.78405316,yahoo_bootstrap
2025-12-18,13.39999962,14.10000038,13,13,8920978,0,1,12.78405316,yahoo_bootstrap
2025-12-19,13.14999962,13.25,12.94999981,12.94999981,1939530,0,1,12.73488354,yahoo_bootstrap
2025-12-22,12.94999981,13.05000019,12.75,12.75,2342234,0,1,12.53820598,yahoo_bootstrap
2025-12-23,12.89999962,13.14999962,12.75,12.94999981,1554000,0,1,12.73488354,yahoo_bootstrap
2025-12-24,13,13.10000038,12.55000019,12.55000019,1987597,0,1,12.34152843,yahoo_bootstrap
2025-12-26,12.5,12.80000019,12.44999981,12.64999962,1688330,0,1,12.43986674,yahoo_bootstrap
2025-12-29,12.75,12.85000038,12.5,12.5,1727327,0,1,12.29235881,yahoo_bootstrap
2025-12-30,12.44999981,12.5,12.14999962,12.30000019,2533230,0,1,12.09568125,yahoo_bootstrap
2025-12-31,12.39999962,12.80000019,12.14999962,12.14999962,2868066,0,1,11.94817239,yahoo_bootstrap
2026-01-02,12.19999981,12.35000038,12.05000019,12.14999962,1616024,0,1,11.94817239,yahoo_bootstrap
2026-01-05,12.25,12.64999962,12.05000019,12.30000019,4106200,0,1,12.09568125,yahoo_bootstrap
2026-01-06,12.35000038,13.5,12.35000038,13.5,14938403,0,1,13.27574751,yahoo_bootstrap
2026-01-07,13.55000019,14.10000038,13.19999981,13.75,17666586,0,1,13.52159469,yahoo_bootstrap
2026-01-08,13.64999962,13.64999962,12.69999981,12.75,6769568,0,1,12.53820598,yahoo_bootstrap
2026-01-09,12.94999981,13.19999981,12.10000038,12.44999981,4401400,0,1,12.24318918,yahoo_bootstrap
2026-01-12,12.60000038,13.39999962,12.55000019,13.25,4479076,0,1,13.02990034,yahoo_bootstrap
2026-01-13,13.30000019,13.44999981,12.89999962,13,3032227,0,1,12.78405316,yahoo_bootstrap
2026-01-14,13.44999981,13.64999962,13.35000038,13.39999962,4775408,0,1,13.17740827,yahoo_bootstrap
2026-01-15,13.5,13.5,13.14999962,13.25,2409648,0,1,13.02990034,yahoo_bootstrap
2026-01-16,13.44999981,13.44999981,13.19999981,13.19999981,2331618,0,1,12.98073071,yahoo_bootstrap
2026-01-19,13.25,14,13.19999981,13.55000019,5810548,0,1,13.32491713,yahoo_bootstrap
2026-01-20,13.60000038,13.80000019,13.39999962,13.55000019,3243247,0,1,13.32491713,yahoo_bootstrap
2026-01-21,13.39999962,13.60000038,13.10000038,13.19999981,2688300,0,1,12.98073071,yahoo_bootstrap
2026-01-22,13.39999962,13.60000038,12.89999962,12.89999962,3110035,0,1,12.68571391,yahoo_bootstrap
2026-01-23,12.94999981,13.44999981,12.75,13.35000038,3047430,0,1,13.12823958,yahoo_bootstrap
2026-01-26,13.55000019,14.30000019,13.5,14.05000019,8452633,0,1,13.81661149,yahoo_bootstrap
2026-01-27,14.19999981,14.25,13.10000038,13.19999981,5730072,0,1,12.98073071,yahoo_bootstrap
2026-01-28,13.80000019,14.5,13.39999962,13.39999962,14731597,0,1,13.17740827,yahoo_bootstrap
2026-01-29,13.44999981,13.60000038,13.19999981,13.25,3639357,0,1,13.02990034,yahoo_bootstrap
2026-01-30,13.10000038,13.19999981,12.69999981,12.85000038,3340200,0,1,12.63654523,yahoo_bootstrap
2026-02-02,12.69999981,12.94999981,12.55000019,12.55000019,1924985,0,1,12.34152843,yahoo_bootstrap
2026-02-03,12.85000038,13.14999962,12.60000038,12.85000038,2637186,0,1,12.63654523,yahoo_bootstrap
2026-02-04,12.85000038,13.89999962,12.80000019,13.64999962,6684706,0,1,13.42325544,yahoo_bootstrap
2026-02-05,13.60000038,13.80000019,13.44999981,13.5,2639430,0,1,13.27574751,yahoo_bootstrap
2026-02-06,13.5,13.5,12.89999962,13.10000038,2169755,0,1,12.8823924,yahoo_bootstrap
2026-02-09,13.35000038,13.5,12.55000019,12.55000019,3914878,0,1,12.34152843,yahoo_bootstrap
2026-02-10,12.44999981,12.44999981,12.19999981,12.35000038,2519663,0,1,12.14485087,yahoo_bootstrap
2026-02-11,12.39999962,12.75,12.30000019,12.60000038,1972079,0,1,12.39069805,yahoo_bootstrap
2026-02-23,12.80000019,13.25,12.75,13.05000019,3170159,0,1,12.83322278,yahoo_bootstrap
2026-02-24,13.05000019,13.55000019,12.89999962,13.55000019,3532754,0,1,13.32491713,yahoo_bootstrap
2026-02-25,13.64999962,13.94999981,13.30000019,13.35000038,3778609,0,1,13.12823958,yahoo_bootstrap
2026-02-26,13.5,13.85000038,13.30000019,13.80000019,3838831,0,1,13.57076431,yahoo_bootstrap
2026-03-02,13.39999962,13.69999981,13.35000038,13.55000019,2645412,0,1,13.32491713,yahoo_bootstrap
2026-03-03,13.75,13.80000019,13.05000019,13.05000019,2999420,0,1,12.83322278,yahoo_bootstrap
2026-03-04,12.69999981,12.75,12.19999981,12.25,3823900,0,1,12.04651163,yahoo_bootstrap
2026-03-05,12.55000019,12.75,12.39999962,12.64999962,1775936,0,1,12.43986674,yahoo_bootstrap
2026-03-06,12.5,13.35000038,12.44999981,13.30000019,2730385,0,1,13.07906996,yahoo_bootstrap
2026-03-09,12.64999962,12.69999981,12.30000019,12.69999981,2872000,0,1,12.48903636,yahoo_bootstrap
2026-03-10,12.89999962,13.19999981,12.55000019,12.60000038,2280164,0,1,12.39069805,yahoo_bootstrap
2026-03-11,12.75,13.5,12.75,13.35000038,3858728,0,1,13.12823958,yahoo_bootstrap
2026-03-12,13.19999981,13.64999962,13.19999981,13.55000019,3524052,0,1,13.32491713,yahoo_bootstrap
2026-03-13,13.25,13.44999981,13.05000019,13.14999962,2094804,0,1,12.93156109,yahoo_bootstrap
2026-03-16,13.35000038,13.35000038,12.85000038,12.89999962,1851905,0,1,12.68571391,yahoo_bootstrap
2026-03-17,13.14999962,13.55000019,13.05000019,13.30000019,3277101,0,1,13.07906996,yahoo_bootstrap
2026-03-18,13.55000019,13.75,13.05000019,13.55000019,2855693,0,1,13.32491713,yahoo_bootstrap
2026-03-19,13.35000038,13.55000019,13.30000019,13.35000038,1805000,0,1,13.12823958,yahoo_bootstrap
2026-03-20,13.55000019,14.14999962,13.39999962,13.94999981,9498714,0,1,13.71827224,yahoo_bootstrap
2026-03-23,13.44999981,13.69999981,13.14999962,13.25,4313715,0,1,13.02990034,yahoo_bootstrap
2026-03-24,13.55000019,13.64999962,12.85000038,12.94999981,2315144,0,1,12.73488354,yahoo_bootstrap
2026-03-25,13.30000019,13.39999962,13.10000038,13.25,1948452,0,1,13.02990034,yahoo_bootstrap
2026-03-26,13.39999962,13.60000038,12.89999962,12.89999962,2009999,0,1,12.68571391,yahoo_bootstrap
2026-03-27,12.75,12.94999981,12.5,12.89999962,2810780,0,1,12.68571391,yahoo_bootstrap
2026-03-30,12.64999962,12.75,12.44999981,12.5,2061699,0,1,12.29235881,yahoo_bootstrap
2026-03-31,12.5,12.75,12.14999962,12.14999962,2736576,0,1,11.94817239,yahoo_bootstrap
2026-04-01,12.55000019,13,12.44999981,12.69999981,2624902,0,1,12.48903636,yahoo_bootstrap
2026-04-02,12.94999981,13.25,12.80000019,12.85000038,3495573,0,1,12.63654523,yahoo_bootstrap
2026-04-07,13.10000038,13.25,12.60000038,12.64999962,1689030,0,1,12.43986674,yahoo_bootstrap
2026-04-08,12.85000038,13.80000019,12.85000038,13.55000019,5159613,0,1,13.32491713,yahoo_bootstrap
2026-04-09,13.80000019,14.89999962,13.5,14.44999981,27546083,0,1,14.20996659,yahoo_bootstrap
2026-04-10,14.85000038,14.89999962,13.60000038,13.94999981,13701397,0,1,13.71827224,yahoo_bootstrap
2026-04-13,14.19999981,14.69999981,13.85000038,14.60000038,4809640,0,1,14.35747546,yahoo_bootstrap
2026-04-14,14.89999962,15.44999981,14.64999962,15.05000019,12042270,0,1,14.80000019,yahoo_bootstrap
2026-04-15,15.30000019,15.39999962,15,15.25,8751014,0,1,14.99667774,yahoo_bootstrap
2026-04-16,15.44999981,15.60000038,15,15.05000019,8003480,0,1,14.80000019,yahoo_bootstrap
2026-04-17,15.10000038,15.30000019,14.69999981,14.80000019,3972168,0,1,14.55415301,yahoo_bootstrap
2026-04-20,14.94999981,15,14.55000019,14.64999962,3125211,0,1,14.40664415,yahoo_bootstrap
2026-04-21,14.75,15.10000038,14.44999981,14.60000038,3956079,0,1,14.35747546,yahoo_bootstrap
2026-04-22,14.60000038,14.60000038,14.19999981,14.39999962,4324871,0,1,14.16079697,yahoo_bootstrap
2026-04-23,14.60000038,14.75,13.14999962,13.44999981,5877727,0,1,13.22657789,yahoo_bootstrap
2026-04-24,13.60000038,13.64999962,12.80000019,12.94999981,3789732,0,1,12.73488354,yahoo_bootstrap
2026-04-27,13.05000019,13.10000038,12.5,13.05000019,4661627,0,1,12.83322278,yahoo_bootstrap
2026-04-28,13.05000019,13.60000038,12.75,13.44999981,3055680,0,1,13.22657789,yahoo_bootstrap
2026-04-29,13.44999981,13.64999962,13.25,13.44999981,2211141,0,1,13.22657789,yahoo_bootstrap
2026-04-30,13.19999981,13.25,12.80000019,12.80000019,3958099,0,1,12.5873756,yahoo_bootstrap
2026-05-04,12.85000038,13,12.64999962,12.64999962,2603648,0,1,12.43986674,yahoo_bootstrap
2026-05-05,12.75,13.19999981,12.75,13,3405863,0,1,12.78405316,yahoo_bootstrap
2026-05-06,13.19999981,13.30000019,12.85000038,13.05000019,2686345,0,1,12.83322278,yahoo_bootstrap
2026-05-07,13.14999962,13.44999981,13.05000019,13.30000019,3045310,0,1,13.07906996,yahoo_bootstrap
2026-05-08,13.44999981,13.75,12.85000038,12.89999962,4271000,0,1,12.68571391,yahoo_bootstrap
2026-05-11,12.94999981,13.10000038,12.69999981,12.80000019,2838031,0,1,12.5873756,yahoo_bootstrap
2026-05-12,12.94999981,13.30000019,12.80000019,13.05000019,4212437,0,1,12.83322278,yahoo_bootstrap
2026-05-13,13.05000019,13.14999962,12.75,12.94999981,2596145,0,1,12.73488354,yahoo_bootstrap
2026-05-14,13.14999962,13.25,12.69999981,12.94999981,3525861,0,1,12.73488354,yahoo_bootstrap
2026-05-15,13.05000019,13.39999962,12.5,12.60000038,4056825,0,1,12.39069805,yahoo_bootstrap
2026-05-18,12.55000019,12.75,12.25,12.75,1950195,0,1,12.53820598,yahoo_bootstrap
2026-05-19,12.80000019,13.10000038,12.60000038,12.64999962,1971500,0,1,12.43986674,yahoo_bootstrap
2026-05-20,12.80000019,12.85000038,12.5,12.85000038,1796765,0,1,12.63654523,yahoo_bootstrap
2026-05-21,12.89999962,13.5,12.89999962,13.39999962,5761024,0,1,13.17740827,yahoo_bootstrap
2026-05-22,13.39999962,14.69999981,13.39999962,14.69999981,13876301,0,1,14.45581377,yahoo_bootstrap
2026-05-25,15,15.55000019,14.85000038,15.14999962,11766593,0,1,14.8983385,yahoo_bootstrap
2026-05-26,15.30000019,15.35000038,13.85000038,14,8368276,0,1,13.76744186,yahoo_bootstrap
2026-05-27,14.10000038,14.30000019,13.55000019,13.89999962,4531504,0,1,13.66910262,yahoo_bootstrap
2026-05-28,13.94999981,14.60000038,13.64999962,13.75,5343894,0,1,13.52159469,yahoo_bootstrap
2026-05-29,14.05000019,14.44999981,13.85000038,14.35000038,4898058,0,1,14.11162828,yahoo_bootstrap
2026-06-01,14.5,15.5,14.30000019,14.89999962,8110718,0,1,14.65249132,yahoo_bootstrap
2026-06-02,15.10000038,15.5,14.5,15.44999981,8304312,0,1,15.1933553,yahoo_bootstrap
2026-06-03,15.69999981,16.5,15.55000019,16.10000038,12446255,0,1,15.83255852,yahoo_bootstrap
2026-06-04,15.89999962,16,15.19999981,15.85000038,6352853,0,1,15.58671134,yahoo_bootstrap
2026-06-05,15.44999981,15.64999962,14.60000038,15.30000019,5487440,0,1,15.04584737,yahoo_bootstrap
2026-06-08,13.89999962,14.39999962,13.85000038,14.35000038,3869609,0,1,14.11162828,yahoo_bootstrap
2026-06-09,14.19999981,14.25,13.44999981,13.85000038,6549146,0,1,13.61993393,yahoo_bootstrap
2026-06-10,13.69999981,14.30000019,13.5,13.5,3936898,0,1,13.27574751,yahoo_bootstrap
2026-06-11,13.5,13.55000019,12.94999981,13.35000038,4164301,0,1,13.12823958,yahoo_bootstrap
2026-06-12,13.64999962,14.05000019,13.64999962,13.64999962,2437268,0,1,13.42325544,yahoo_bootstrap
2026-06-15,13.94999981,14.35000038,13.89999962,14.10000038,3404819,0,1,13.86578111,yahoo_bootstrap
2026-06-16,14.19999981,14.25,13.80000019,13.80000019,2175198,0,1,13.57076431,yahoo_bootstrap
2026-06-17,13.80000019,14.75,13.69999981,14.69999981,5182437,0,1,14.45581377,yahoo_bootstrap
2026-06-18,15.05000019,15.39999962,14.75,15.05000019,5496012,0,1,14.80000019,yahoo_bootstrap
2026-06-22,15.44999981,15.69999981,15.14999962,15.25,4588864,0.25,1,15.25,yahoo_bootstrap
2026-06-23,15.25,15.5,14.35000038,14.5,4559245,0,1,14.5,yahoo_bootstrap
2026-06-24,14.35000038,15.39999962,14.30000019,14.85000038,4832373,0,1,14.85000038,yahoo_bootstrap
2026-06-25,15.10000038,15.10000038,14.35000038,14.55000019,2893262,0,1,14.55000019,yahoo_bootstrap
2026-06-26,14.44999981,14.44999981,13.5,13.60000038,3636344,0,1,13.60000038,yahoo_bootstrap
2026-06-29,13.75,14.30000019,13.44999981,14.14999962,2272408,0,1,14.14999962,yahoo_bootstrap
2026-06-30,14.39999962,15.05000019,14.30000019,14.80000019,3933106,0,1,14.80000019,yahoo_bootstrap
2026-07-01,15,15.39999962,13.94999981,14,4695671,0,1,14,yahoo_bootstrap
2026-07-02,14,14.25,13.75,14.19999981,1764645,0,1,14.19999981,yahoo_bootstrap
2026-07-03,14.05000019,14.30000019,14,14.25,1607700,0,1,14.25,yahoo_bootstrap
2026-07-06,14.35000038,14.75,14.25,14.60000038,2995400,0,1,14.60000038,yahoo_bootstrap
2026-07-07,14.75,14.80000019,13.75,13.89999962,2806572,0,1,13.89999962,yahoo_bootstrap
2026-07-08,14,14.10000038,13.60000038,14.05000019,1787391,0,1,14.05000019,yahoo_bootstrap
2026-07-09,14.25,14.75,14.14999962,14.39999962,3646016,0,1,14.39999962,yahoo_bootstrap
2026-07-10,14.39999962,14.39999962,14.39999962,14.39999962,0,0,1,14.39999962,yahoo_bootstrap
2026-07-13,14.60000038,14.69999981,13.69999981,13.89999962,3720585,0,1,13.89999962,yahoo_bootstrap
2026-07-14,14,14,13.19999981,13.69999981,3972700,0,1,13.69999981,yahoo_bootstrap
2026-07-15,13.75,14.10000038,13.64999962,14.10000038,1581331,0,1,14.10000038,yahoo_bootstrap
2026-07-16,14,14.30000019,13.5,14.19999981,3115813,0,1,14.19999981,yahoo_bootstrap
2026-07-17,13.5,13.55000019,13.19999981,13.19999981,6035400,0,1,13.19999981,yahoo_bootstrap
2026-07-20,13.39999962,13.39999962,12.60000038,12.94999981,3015616,0,1,12.94999981,yahoo_bootstrap
2026-07-21,13.10000038,13.39999962,13.05000019,13.39999962,1201401,0,1,13.39999962,yahoo_bootstrap
2026-07-22,13.60000038,13.80000019,13.39999962,13.39999962,1682270,0,1,13.39999962,yahoo_bootstrap
2026-07-23,13.44999981,13.64999962,13.05000019,13.25,1935226,0,1,13.25,yahoo_bootstrap
2026-07-24,13.05000019,13.25,12.80000019,13,1512900,0,1,13,yahoo_bootstrap
2026-07-27,13.14999962,13.14999962,12.39999962,12.60000038,3431410,0,1,12.60000038,yahoo_bootstrap
2026-07-28,12.30000019,12.30000019,11.94999981,12.10000038,2952123,0,1,12.10000038,yahoo_bootstrap
2026-07-29,12.30000019,12.35000038,11.35000038,11.60000038,5283400,0,1,11.60000038,yahoo_bootstrap
2026-07-30,12,12.75,11.94999981,12.39999962,9379068,0,1,12.39999962,yahoo_bootstrap
2026-07-31,12.39999962,12.85000038,12.39999962,12.64999962,5577400,0,1,12.64999962,yahoo_bootstrap
2026-08-03,12.55000019,12.85000038,12.5,12.80000019,1985620,0,1,12.80000019,yahoo_bootstrap
2026-08-04,12.69999981,13.44999981,12.60000038,13.39999962,2697636,0,1,13.39999962,yahoo_bootstrap
2026-08-05,13.55000019,13.89999962,13.55000019,13.64999962,2209329,0,1,13.64999962,yahoo_bootstrap
2026-08-06,13.60000038,13.60000038,13.19999981,13.44999981,1502400,0,1,13.44999981,yahoo_bootstrap
2026-08-07,13.55000019,13.60000038,13.35000038,13.44999981,973557,0,1,13.44999981,yahoo_bootstrap
2026-08-10,13.55000019,13.75,13.14999962,13.30000019,2883827,0,1,13.30000019,yahoo_bootstrap
2026-08-11,13.35000038,13.5,12.85000038,12.89999962,2403028,0,1,12.89999962,yahoo_bootstrap
2026-08-12,13.05000019,13.10000038,12.75,12.75,2138500,0,1,12.75,yahoo_bootstrap
2026-08-13,13.14999962,13.14999962,12.55000019,12.55000019,3255133,0,1,12.55000019,yahoo_bootstrap
2026-08-14,12.60000038,12.94999981,12.5,12.89999962,1880562,0,1,12.89999962,yahoo_bootstrap
2026-08-17,13.05000019,13.05000019,12.80000019,12.85000038,1711001,0,1,12.85000038,yahoo_bootstrap
2026-08-18,12.85000038,12.85000038,12.5,12.60000038,1405500,0,1,12.60000038,yahoo_bootstrap
2026-08-19,12.55000019,12.75,12.39999962,12.55000019,1060285,0,1,12.55000019,yahoo_bootstrap
2026-08-20,12.69999981,12.75,12.55000019,12.60000038,751555,0,1,12.60000038,yahoo_bootstrap
2026-08-21,12.60000038,12.64999962,12.5,12.55000019,842400,0,1,12.55000019,yahoo_bootstrap
2026-08-24,12.60000038,12.69999981,12.55000019,12.60000038,1046059,0,1,12.60000038,yahoo_bootstrap
2026-08-25,12.69999981,12.69999981,12.30000019,12.5,1380245,0,1,12.5,yahoo_bootstrap
2026-08-26,12.60000038,12.75,12.55000019,12.60000038,899700,0,1,12.60000038,yahoo_bootstrap
2026-08-27,12.69999981,13,12.64999962,12.75,1508110,0,1,12.75,yahoo_bootstrap
2026-08-28,12.94999981,13.05000019,12.75,12.80000019,1315942,0,1,12.80000019,yahoo_bootstrap
2026-08-31,12.85000038,12.85000038,12.55000019,12.69999981,985820,0,1,12.69999981,yahoo_bootstrap
2026-09-01,12.64999962,12.85000038,12.55000019,12.64999962,968240,0,1,12.64999962,yahoo_daily
2026-09-02,12.60000038,12.75,12.60000038,12.64999962,446830,0,1,12.64999962,yahoo_daily
2026-09-03,12.75,13.05000019,12.39999962,12.39999962,2292100,0,1,12.39999962,yahoo_daily
2026-09-04,12.60000038,12.60000038,12.19999981,12.30000019,2159176,0,1,12.30000019,yahoo_daily
2026-09-07,12.5,12.5,12.19999981,12.35000038,1070646,0,1,12.35000038,yahoo_daily
2026-09-08,12.44999981,12.44999981,12.19999981,12.19999981,610779,0,1,12.19999981,yahoo_daily
2026-09-09,12.25,12.80000019,12.25,12.35000038,2703800,0,1,12.35000038,yahoo_daily
2026-09-10,12.35000038,12.35000038,12.10000038,12.19999981,1768600,0,1,12.19999981,yahoo_daily
2026-09-11,12.14999962,12.14999962,11.89999962,11.94999981,1798200,0,1,11.94999981,yahoo_daily
2026-09-14,12,12,11.75,11.80000019,934664,0,1,11.80000019,yahoo_daily
2026-09-15,12.05000019,12.10000038,11.75,11.75,1209950,0,1,11.75,yahoo_daily
2026-09-16,11.85000038,12.10000038,11.80000019,12,830001,0,1,12,yahoo_daily
2026-09-17,12.10000038,12.35000038,12.10000038,12.30000019,1188500,0,1,12.30000019,yahoo_daily
2026-09-18,12.44999981,12.5,12.19999981,12.35000038,2163048,0,1,12.35000038,yahoo_daily
2026-09-21,12.5,12.85000038,12.5,12.64999962,2448905,0,1,12.64999962,yahoo_daily
2026-09-22,12.80000019,13.80000019,12.64999962,13.14999962,14635628,0,1,13.14999962,yahoo_daily
2026-09-23,13,13.30000019,12.64999962,12.80000019,4406610,0,1,12.80000019,yahoo_daily
2026-09-24,12.64999962,12.94999981,12.64999962,12.75,1709635,0,1,12.75,yahoo_daily
2026-09-29,12.75,13.25,12.64999962,13.05000019,2589311,0,1,13.05000019,yahoo_daily
2026-09-30,13.75,14.35000038,13.69999981,14.35000038,12989708,0,1,14.35000038,yahoo_daily
2026-10-01,15.30000019,15.39999962,14.44999981,14.75,32088747,0,1,14.75,yahoo_daily
2026-10-02,14.60000038,15.39999962,14.5,15.25,16091696,0,1,15.25,yahoo_daily
