date,open,high,low,close,volume,dividend,split_factor,adjusted_close,source
2021-09-29,22.75,22.89999962,22.64999962,22.64999962,130000,0,1,18.98515985,yahoo_bootstrap
2021-09-30,22.64999962,23.14999962,22.60000038,23.10000038,120000,0,1,19.3623491,yahoo_bootstrap
2021-10-01,22.75,22.89999962,22.14999962,22.39999962,387255,0,1,18.77561062,yahoo_bootstrap
2021-10-04,22.39999962,22.54999924,21.89999962,21.89999962,402002,0,1,18.35651217,yahoo_bootstrap
2021-10-05,21.85000038,22.75,21.25,22.75,318000,0,1,19.06897986,yahoo_bootstrap
2021-10-06,22.79999924,22.79999924,22.14999962,22.14999962,98031,0,1,18.5660614,yahoo_bootstrap
2021-10-07,22.5,23.14999962,22.5,23.04999924,166271,0,1,19.3204383,yahoo_bootstrap
2021-10-08,23.20000076,23.39999962,22.85000038,22.95000076,79050,0,1,19.23661988,yahoo_bootstrap
2021-10-12,22.64999962,23.39999962,22.5,22.64999962,96000,0,1,18.98515985,yahoo_bootstrap
2021-10-13,22.70000076,23.25,22.5,22.64999962,73000,0,1,18.98515985,yahoo_bootstrap
2021-10-14,22.75,23.04999924,22.5,22.5,69000,0,1,18.85943063,yahoo_bootstrap
2021-10-15,22.64999962,23.14999962,22.64999962,22.75,43000,0,1,19.06897986,yahoo_bootstrap
2021-10-18,22.79999924,23.20000076,22.79999924,22.95000076,76000,0,1,19.23661988,yahoo_bootstrap
2021-10-19,23.20000076,23.89999962,22.95000076,23.75,302000,0,1,19.90717678,yahoo_bootstrap
2021-10-20,23.75,24.20000076,23.60000038,23.64999962,80033,0,1,19.82335677,yahoo_bootstrap
2021-10-21,23.54999924,23.89999962,23.20000076,23.35000038,115020,0,1,19.57189833,yahoo_bootstrap
2021-10-22,23.35000038,23.45000076,23.04999924,23.25,81493,0,1,19.48807832,yahoo_bootstrap
2021-10-25,23.39999962,23.5,23.04999924,23.29999924,93000,0,1,19.52998753,yahoo_bootstrap
2021-10-26,23.29999924,23.60000038,23.29999924,23.5,78000,0,1,19.69762755,yahoo_bootstrap
2021-10-27,23.75,24.14999962,23.10000038,23.95000076,230000,0,1,20.0748168,yahoo_bootstrap
2021-10-28,24.14999962,24.70000076,24,24.25,310022,0,1,20.32627524,yahoo_bootstrap
2021-10-29,24.5,24.64999962,24,24.20000076,151178,0,1,20.28436603,yahoo_bootstrap
2021-11-01,24.45000076,24.5,24.14999962,24.45000076,214561,0,1,20.49391526,yahoo_bootstrap
2021-11-02,24.45000076,24.60000038,23.60000038,23.60000038,216449,0,1,19.78144756,yahoo_bootstrap
2021-11-03,23.64999962,24.29999924,23.64999962,23.89999962,135102,0,1,20.032906,yahoo_bootstrap
2021-11-04,24.04999924,24.29999924,23.89999962,24,100160,0,1,20.11672601,yahoo_bootstrap
2021-11-05,23.95000076,24.29999924,23.95000076,24.20000076,109346,0,1,20.28436603,yahoo_bootstrap
2021-11-08,24.35000038,24.39999962,24.10000038,24.29999924,128231,0,1,20.36818445,yahoo_bootstrap
2021-11-09,24.5,24.64999962,24.39999962,24.54999924,170208,0,1,20.57773368,yahoo_bootstrap
2021-11-10,24.60000038,25.10000038,24.60000038,24.79999924,236000,0,1,20.78728291,yahoo_bootstrap
2021-11-11,24.89999962,25.10000038,24.70000076,24.79999924,204273,0,1,20.78728291,yahoo_bootstrap
2021-11-12,24.79999924,24.79999924,24.39999962,24.54999924,100010,0,1,20.57773368,yahoo_bootstrap
2021-11-15,24.60000038,24.75,24.60000038,24.64999962,104000,0,1,20.66155369,yahoo_bootstrap
2021-11-16,24.64999962,24.75,24.5,24.64999962,177000,0,1,20.66155369,yahoo_bootstrap
2021-11-17,24.75,25.29999924,24.70000076,25.20000076,493030,0,1,21.12256295,yahoo_bootstrap
2021-11-18,25.35000038,25.79999924,25.35000038,25.5,326414,0,1,21.37402139,yahoo_bootstrap
2021-11-19,25.54999924,25.60000038,25.04999924,25.39999962,138150,0,1,21.29020138,yahoo_bootstrap
2021-11-22,25.39999962,25.64999962,25.04999924,25.54999924,203000,0,1,21.41593059,yahoo_bootstrap
2021-11-23,25.64999962,25.64999962,25.10000038,25.10000038,140205,0,1,21.03874294,yahoo_bootstrap
2021-11-24,25.04999924,25.39999962,25.04999924,25.14999962,136400,0,1,21.08065215,yahoo_bootstrap
2021-11-25,25.14999962,25.39999962,25.14999962,25.14999962,123000,0,1,21.08065215,yahoo_bootstrap
2021-11-26,25.20000076,25.20000076,24.25,24.25,219107,0,1,20.32627524,yahoo_bootstrap
2021-11-29,24.14999962,24.20000076,23.04999924,23.95000076,108000,0,1,20.0748168,yahoo_bootstrap
2021-11-30,24,24.60000038,24,24.45000076,79200,0,1,20.49391526,yahoo_bootstrap
2021-12-01,24.25,24.70000076,24.25,24.54999924,83000,0,1,20.57773368,yahoo_bootstrap
2021-12-02,24.70000076,24.79999924,24.10000038,24.20000076,99000,0,1,20.28436603,yahoo_bootstrap
2021-12-03,24.39999962,24.54999924,24.10000038,24.14999962,72507,0,1,20.24245523,yahoo_bootstrap
2021-12-06,24.45000076,24.45000076,24.20000076,24.25,39000,0,1,20.32627524,yahoo_bootstrap
2021-12-07,24.54999924,24.54999924,24.10000038,24.25,86212,0,1,20.32627524,yahoo_bootstrap
2021-12-08,24.54999924,24.64999962,24.25,24.25,114000,0,1,20.32627524,yahoo_bootstrap
2021-12-09,24.25,24.39999962,24.20000076,24.25,60000,0,1,20.32627524,yahoo_bootstrap
2021-12-10,24.25,24.5,24.10000038,24.14999962,56000,0,1,20.24245523,yahoo_bootstrap
2021-12-13,24.20000076,24.60000038,24.10000038,24.5,123000,0,1,20.53582447,yahoo_bootstrap
2021-12-14,24.5,24.5,23.89999962,23.89999962,107000,0,1,20.032906,yahoo_bootstrap
2021-12-15,24.04999924,24.29999924,24,24.14999962,74000,0,1,20.24245523,yahoo_bootstrap
2021-12-16,24.39999962,24.79999924,24.20000076,24.54999924,220000,0,1,20.57773368,yahoo_bootstrap
2021-12-17,24.5,24.5,24.10000038,24.10000038,80000,0,1,20.20054602,yahoo_bootstrap
2021-12-20,24.20000076,24.60000038,24.14999962,24.20000076,52115,0,1,20.28436603,yahoo_bootstrap
2021-12-21,24.20000076,24.45000076,24.04999924,24.20000076,73000,0,1,20.28436603,yahoo_bootstrap
2021-12-22,24.29999924,24.54999924,24.25,24.29999924,80004,0,1,20.36818445,yahoo_bootstrap
2021-12-23,24.29999924,24.5,24.25,24.35000038,104305,0,1,20.41009525,yahoo_bootstrap
2021-12-24,24.5,24.70000076,24.39999962,24.45000076,126000,0,1,20.49391526,yahoo_bootstrap
2021-12-27,24.5,24.89999962,24.5,24.75,184000,0,1,20.7453737,yahoo_bootstrap
2021-12-28,24.95000076,25.04999924,24.60000038,24.60000038,160000,0,1,20.61964448,yahoo_bootstrap
2021-12-29,24.70000076,24.95000076,24.5,24.60000038,167000,0,1,20.61964448,yahoo_bootstrap
2021-12-30,24.60000038,24.79999924,24.60000038,24.70000076,107000,0,1,20.70346449,yahoo_bootstrap
2022-01-03,24.75,24.89999962,24.5,24.75,285000,0,1,20.7453737,yahoo_bootstrap
2022-01-04,24.89999962,26.45000076,24.75,25.64999962,1456240,0,1,21.49975061,yahoo_bootstrap
2022-01-05,25.64999962,25.85000038,25.04999924,25.14999962,308123,0,1,21.08065215,yahoo_bootstrap
2022-01-06,25,25.10000038,24.70000076,24.79999924,206000,0,1,20.78728291,yahoo_bootstrap
2022-01-07,25,25.10000038,24.45000076,24.75,169000,0,1,20.7453737,yahoo_bootstrap
2022-01-10,24.60000038,24.95000076,24.29999924,24.39999962,164062,0,1,20.45200446,yahoo_bootstrap
2022-01-11,24.5,24.5,24.10000038,24.14999962,144000,0,1,20.24245523,yahoo_bootstrap
2022-01-12,24.35000038,24.35000038,24.04999924,24.10000038,105000,0,1,20.20054602,yahoo_bootstrap
2022-01-13,24.20000076,24.54999924,24.04999924,24.04999924,104220,0,1,20.15863522,yahoo_bootstrap
2022-01-14,24.04999924,24.04999924,23.60000038,23.64999962,106002,0,1,19.82335677,yahoo_bootstrap
2022-01-17,23.70000076,24,23.64999962,23.95000076,52000,0,1,20.0748168,yahoo_bootstrap
2022-01-18,24.14999962,24.35000038,24.10000038,24.10000038,64000,0,1,20.20054602,yahoo_bootstrap
2022-01-19,23.89999962,24.20000076,23.89999962,23.95000076,49000,0,1,20.0748168,yahoo_bootstrap
2022-01-20,23.89999962,24.25,23.89999962,24.14999962,48000,0,1,20.24245523,yahoo_bootstrap
2022-01-21,24,24.14999962,23.79999924,23.89999962,57000,0,1,20.032906,yahoo_bootstrap
2022-01-24,23.85000038,23.85000038,23,23.64999962,157000,0,1,19.82335677,yahoo_bootstrap
2022-01-25,23.64999962,24.04999924,23.29999924,23.39999962,105000,0,1,19.61380754,yahoo_bootstrap
2022-01-26,23.35000038,23.5,23.29999924,23.39999962,65008,0,1,19.61380754,yahoo_bootstrap
2022-02-07,23.75,23.75,23.29999924,23.64999962,27000,0,1,19.82335677,yahoo_bootstrap
2022-02-08,23.60000038,24.14999962,23.60000038,24.10000038,59000,0,1,20.20054602,yahoo_bootstrap
2022-02-09,24.14999962,24.29999924,24.04999924,24.25,52000,0,1,20.32627524,yahoo_bootstrap
2022-02-10,24.35000038,24.35000038,23.79999924,24,61000,0,1,20.11672601,yahoo_bootstrap
2022-02-11,24,24.10000038,23.79999924,23.79999924,60003,0,1,19.94908599,yahoo_bootstrap
2022-02-14,23.60000038,23.79999924,23.60000038,23.75,44000,0,1,19.90717678,yahoo_bootstrap
2022-02-15,23.75,23.95000076,23.64999962,23.64999962,31000,0,1,19.82335677,yahoo_bootstrap
2022-02-16,23.95000076,24.04999924,23.64999962,23.64999962,72200,0,1,19.82335677,yahoo_bootstrap
2022-02-17,23.64999962,23.85000038,23.60000038,23.70000076,66010,0,1,19.86526757,yahoo_bootstrap
2022-02-18,23.70000076,23.70000076,23.54999924,23.70000076,30091,0,1,19.86526757,yahoo_bootstrap
2022-02-21,23.64999962,23.89999962,23.64999962,23.85000038,53000,0,1,19.99099679,yahoo_bootstrap
2022-02-22,23.89999962,24,23.54999924,23.70000076,143000,0,1,19.86526757,yahoo_bootstrap
2022-02-23,23.75,23.85000038,23.60000038,23.75,27006,0,1,19.90717678,yahoo_bootstrap
2022-02-24,23.60000038,23.70000076,23,23.20000076,131000,0,1,19.44616911,yahoo_bootstrap
2022-02-25,23.64999962,23.64999962,22.95000076,23,141388,0,1,19.27852909,yahoo_bootstrap
2022-03-01,23,23.39999962,23,23.35000038,87000,0,1,19.57189833,yahoo_bootstrap
2022-03-02,23.35000038,23.60000038,23.25,23.54999924,103000,0,1,19.73953676,yahoo_bootstrap
2022-03-03,23.70000076,23.75,23.54999924,23.60000038,86000,0,1,19.78144756,yahoo_bootstrap
2022-03-04,23.79999924,23.79999924,23.60000038,23.70000076,34000,0,1,19.86526757,yahoo_bootstrap
2022-03-07,23.35000038,23.35000038,22.39999962,22.60000038,102078,0,1,18.94325064,yahoo_bootstrap
2022-03-08,22.35000038,22.60000038,22,22,192000,0,1,18.44033218,yahoo_bootstrap
2022-03-09,22.10000038,22.5,22.10000038,22.39999962,119000,0,1,18.77561062,yahoo_bootstrap
2022-03-10,22.5,23.14999962,22.5,23.04999924,48040,0,1,19.3204383,yahoo_bootstrap
2022-03-11,23.25,23.25,22.5,22.54999924,85000,0,1,18.90133984,yahoo_bootstrap
2022-03-14,23.04999924,23.04999924,22.64999962,22.64999962,35010,0,1,18.98515985,yahoo_bootstrap
2022-03-15,22.89999962,22.89999962,22.10000038,22.25,90025,0,1,18.64988141,yahoo_bootstrap
2022-03-16,22.35000038,22.54999924,22.20000076,22.35000038,48000,0,1,18.73370142,yahoo_bootstrap
2022-03-17,22.5,23,22.45000076,23,71000,0,1,19.27852909,yahoo_bootstrap
2022-03-18,22.79999924,23,22.79999924,22.89999962,37000,0,1,19.19470908,yahoo_bootstrap
2022-03-21,23.10000038,23.75,23,23.60000038,93050,0,1,19.78144756,yahoo_bootstrap
2022-03-22,23.89999962,24.14999962,23.75,24.10000038,187093,0,1,20.20054602,yahoo_bootstrap
2022-03-23,24.20000076,24.64999962,24.10000038,24.5,330027,0,1,20.53582447,yahoo_bootstrap
2022-03-24,24.5,24.95000076,24.35000038,24.85000038,195065,0,1,20.82919371,yahoo_bootstrap
2022-03-25,24.79999924,25.14999962,24.35000038,24.79999924,226000,0,1,20.78728291,yahoo_bootstrap
2022-03-28,24.64999962,24.70000076,24.20000076,24.39999962,43000,0,1,20.45200446,yahoo_bootstrap
2022-03-29,24.39999962,24.70000076,24.20000076,24.25,48000,0,1,20.32627524,yahoo_bootstrap
2022-03-30,24.60000038,24.95000076,24.20000076,24.79999924,153000,0,1,20.78728291,yahoo_bootstrap
2022-03-31,24.60000038,24.89999962,24.54999924,24.79999924,93200,0,1,20.78728291,yahoo_bootstrap
2022-04-01,24.35000038,24.35000038,24.25,24.25,37010,0,1,20.32627524,yahoo_bootstrap
2022-04-06,24.25,24.29999924,23.89999962,24.29999924,41385,0,1,20.36818445,yahoo_bootstrap
2022-04-07,24.04999924,24.14999962,23.79999924,24,35000,0,1,20.11672601,yahoo_bootstrap
2022-04-08,24.14999962,24.25,23.79999924,23.79999924,38000,0,1,19.94908599,yahoo_bootstrap
2022-04-11,24,24.29999924,23.64999962,23.95000076,71000,0,1,20.0748168,yahoo_bootstrap
2022-04-12,23.64999962,23.75,23.54999924,23.75,46000,0,1,19.90717678,yahoo_bootstrap
2022-04-13,23.95000076,24.10000038,23.70000076,24.10000038,96000,0,1,20.20054602,yahoo_bootstrap
2022-04-14,23.95000076,23.95000076,23.64999962,23.79999924,43800,0,1,19.94908599,yahoo_bootstrap
2022-04-15,23.54999924,23.75,23.5,23.75,72003,0,1,19.90717678,yahoo_bootstrap
2022-04-18,23.54999924,23.54999924,23.20000076,23.29999924,75000,0,1,19.52998753,yahoo_bootstrap
2022-04-19,23.29999924,23.54999924,23.20000076,23.35000038,58000,0,1,19.57189833,yahoo_bootstrap
2022-04-20,23.35000038,23.39999962,23.14999962,23.14999962,58270,0,1,19.40425831,yahoo_bootstrap
2022-04-21,23.25,23.5,23.25,23.25,68116,0,1,19.48807832,yahoo_bootstrap
2022-04-22,23.10000038,23.5,23.10000038,23.20000076,42000,0,1,19.44616911,yahoo_bootstrap
2022-04-25,23,23.10000038,22.75,22.79999924,81000,0,1,19.11088907,yahoo_bootstrap
2022-04-26,23.29999924,23.39999962,23,23.04999924,38000,0,1,19.3204383,yahoo_bootstrap
2022-04-27,22.70000076,23.5,22.39999962,23.20000076,82025,0,1,19.44616911,yahoo_bootstrap
2022-04-28,23,23.14999962,22.89999962,23.04999924,65000,0,1,19.3204383,yahoo_bootstrap
2022-04-29,22.89999962,23.20000076,22.89999962,22.95000076,32000,0,1,19.23661988,yahoo_bootstrap
2022-05-03,22.95000076,23.10000038,22.85000038,22.95000076,16100,0,1,19.23661988,yahoo_bootstrap
2022-05-04,23.04999924,23.35000038,22.70000076,22.79999924,39000,0,1,19.11088907,yahoo_bootstrap
2022-05-05,23,23.04999924,22.85000038,22.95000076,32000,0,1,19.23661988,yahoo_bootstrap
2022-05-06,22.70000076,23.35000038,22.45000076,23.35000038,130000,0,1,19.57189833,yahoo_bootstrap
2022-05-09,23.04999924,23.04999924,22.79999924,22.95000076,35000,0,1,19.23661988,yahoo_bootstrap
2022-05-10,22.70000076,23.04999924,22.60000038,23,85005,0,1,19.27852909,yahoo_bootstrap
2022-05-11,23.10000038,24.64999962,23.10000038,23.89999962,404000,0,1,20.032906,yahoo_bootstrap
2022-05-12,23.89999962,23.89999962,23.10000038,23.20000076,149003,0,1,19.44616911,yahoo_bootstrap
2022-05-13,23.25,24,23.25,24,229046,0,1,20.11672601,yahoo_bootstrap
2022-05-16,24.14999962,24.20000076,23.85000038,23.95000076,138009,0,1,20.0748168,yahoo_bootstrap
2022-05-17,23.95000076,24.20000076,23.75,24,55000,0,1,20.11672601,yahoo_bootstrap
2022-05-18,24.04999924,24.20000076,23.79999924,23.89999962,114010,0,1,20.032906,yahoo_bootstrap
2022-05-19,23.5,23.60000038,23.29999924,23.60000038,55000,0,1,19.78144756,yahoo_bootstrap
2022-05-20,23.60000038,23.75,23.60000038,23.70000076,44000,0,1,19.86526757,yahoo_bootstrap
2022-05-23,23.85000038,23.95000076,23.54999924,23.75,56000,0,1,19.90717678,yahoo_bootstrap
2022-05-24,23.85000038,24,23.60000038,23.75,82001,0,1,19.90717678,yahoo_bootstrap
2022-05-25,23.75,23.89999962,23.60000038,23.75,50000,0,1,19.90717678,yahoo_bootstrap
2022-05-26,23.89999962,25.10000038,23.89999962,24.45000076,696045,0,1,20.49391526,yahoo_bootstrap
2022-05-27,24.75,24.89999962,24.45000076,24.45000076,170084,0,1,20.49391526,yahoo_bootstrap
2022-05-30,24.89999962,25.60000038,24.64999962,25.10000038,687066,0,1,21.03874294,yahoo_bootstrap
2022-05-31,25.29999924,25.29999924,24.45000076,24.79999924,378001,0,1,20.78728291,yahoo_bootstrap
2022-06-01,24.75,25,24.64999962,24.79999924,234637,0,1,20.78728291,yahoo_bootstrap
2022-06-02,24.70000076,25.29999924,24.45000076,24.89999962,431000,0,1,20.87110292,yahoo_bootstrap
2022-06-06,25.39999962,26.95000076,25.20000076,26.29999924,2697886,0,1,22.04457828,yahoo_bootstrap
2022-06-07,26.64999962,27.45000076,26,26.95000076,2595600,0,1,22.58940755,yahoo_bootstrap
2022-06-08,27.10000038,27.25,26,26.10000038,1096185,0,1,21.87693985,yahoo_bootstrap
2022-06-09,26.10000038,26.45000076,26,26.29999924,425375,0,1,22.04457828,yahoo_bootstrap
2022-06-10,25.5,26.29999924,25,25.20000076,872305,0,1,21.12256295,yahoo_bootstrap
2022-06-13,24.70000076,25,24.45000076,24.5,562100,0,1,20.53582447,yahoo_bootstrap
2022-06-14,24.35000038,24.45000076,23.85000038,24.35000038,357047,0,1,20.41009525,yahoo_bootstrap
2022-06-15,24.60000038,25.14999962,24.39999962,24.60000038,206396,0,1,20.61964448,yahoo_bootstrap
2022-06-16,24.79999924,24.85000038,23.79999924,23.79999924,255000,0,1,19.94908599,yahoo_bootstrap
2022-06-17,23.39999962,23.89999962,23.39999962,23.5,151000,0,1,19.69762755,yahoo_bootstrap
2022-06-20,23.85000038,23.85000038,22.60000038,22.64999962,287042,0,1,18.98515985,yahoo_bootstrap
2022-06-21,22.39999962,23.39999962,22.39999962,23.39999962,133090,0,1,19.61380754,yahoo_bootstrap
2022-06-22,23.45000076,23.45000076,22.75,22.85000038,176907,0,1,19.15279987,yahoo_bootstrap
2022-06-23,22.25,22.35000038,22,22.29999924,233000,0.85,1,19.41397342,yahoo_bootstrap
2022-06-24,22.35000038,22.54999924,22.20000076,22.20000076,103100,0,1,19.32691656,yahoo_bootstrap
2022-06-27,22.5,22.79999924,22.5,22.79999924,96100,0,1,19.84926432,yahoo_bootstrap
2022-06-28,22.75,22.75,22.29999924,22.35000038,57060,0,1,19.4575035,yahoo_bootstrap
2022-06-29,22.25,22.45000076,22.20000076,22.39999962,59060,0,1,19.50103193,yahoo_bootstrap
2022-06-30,22.54999924,22.54999924,21.25,21.45000076,256020,0,1,18.67398022,yahoo_bootstrap
2022-07-01,21.29999924,21.29999924,20,20.25,504207,0,1,17.6292814,yahoo_bootstrap
2022-07-04,20.14999962,20.60000038,20,20.29999924,153000,0,1,17.67280983,yahoo_bootstrap
2022-07-05,20.75,21.14999962,20.20000076,21.10000038,110473,0,1,18.36927626,yahoo_bootstrap
2022-07-06,21.20000076,21.20000076,20.10000038,20.25,154000,0,1,17.6292814,yahoo_bootstrap
2022-07-07,20.39999962,20.75,20.20000076,20.75,108060,0,1,18.0645723,yahoo_bootstrap
2022-07-08,21,21.29999924,20.89999962,20.95000076,162060,0,1,18.23868932,yahoo_bootstrap
2022-07-11,21,21,20.45000076,20.64999962,48000,0,1,17.97751379,yahoo_bootstrap
2022-07-12,20.5,20.5,19.89999962,20.35000038,180000,0,1,17.71633991,yahoo_bootstrap
2022-07-13,20.60000038,20.85000038,20.54999924,20.64999962,74000,0,1,17.97751379,yahoo_bootstrap
2022-07-14,20.60000038,21,20.60000038,20.95000076,108000,0,1,18.23868932,yahoo_bootstrap
2022-07-15,21,21.14999962,20.70000076,21.04999924,57050,0,1,18.32574617,yahoo_bootstrap
2022-07-18,21.14999962,21.5,21.14999962,21.25,93000,0,1,18.4998632,yahoo_bootstrap
2022-07-19,21.45000076,21.45000076,21.25,21.35000038,51040,0,1,18.58692171,yahoo_bootstrap
2022-07-20,21.54999924,21.79999924,21.35000038,21.45000076,79000,0,1,18.67398022,yahoo_bootstrap
2022-07-21,21.29999924,21.64999962,21.14999962,21.5,101000,0,1,18.71750864,yahoo_bootstrap
2022-07-22,21.5,21.64999962,21.39999962,21.45000076,44548,0,1,18.67398022,yahoo_bootstrap
2022-07-25,21.25,21.35000038,21.04999924,21.25,75045,0,1,18.4998632,yahoo_bootstrap
2022-07-26,21.20000076,21.39999962,21,21.39999962,46040,0,1,18.63045013,yahoo_bootstrap
2022-07-27,21.39999962,21.45000076,21.14999962,21.45000076,23040,0,1,18.67398022,yahoo_bootstrap
2022-07-28,21.5,21.5,21.20000076,21.45000076,48030,0,1,18.67398022,yahoo_bootstrap
2022-07-29,21.54999924,21.79999924,21.39999962,21.70000076,60020,0,1,18.89162567,yahoo_bootstrap
2022-08-01,21.60000038,22,21.60000038,21.85000038,117063,0,1,19.0222126,yahoo_bootstrap
2022-08-02,21.79999924,21.79999924,21.35000038,21.5,52779,0,1,18.71750864,yahoo_bootstrap
2022-08-03,21.5,21.5,21,21.20000076,84638,0,1,18.45633477,yahoo_bootstrap
2022-08-04,21,21,20.45000076,20.75,129896,0,1,18.0645723,yahoo_bootstrap
2022-08-05,20.79999924,21.25,20.79999924,21.25,57635,0,1,18.4998632,yahoo_bootstrap
2022-08-08,21.20000076,21.45000076,21.20000076,21.45000076,54000,0,1,18.67398022,yahoo_bootstrap
2022-08-09,21.60000038,21.95000076,21.5,21.89999962,93265,0,1,19.06574103,yahoo_bootstrap
2022-08-10,21.5,22.10000038,21.5,21.95000076,85000,0,1,19.10927112,yahoo_bootstrap
2022-08-11,22.04999924,22.45000076,21.95000076,22.35000038,190879,0,1,19.4575035,yahoo_bootstrap
2022-08-12,22.25,22.5,22.20000076,22.39999962,112065,0,1,19.50103193,yahoo_bootstrap
2022-08-15,22.70000076,23.29999924,22.45000076,22.89999962,181000,0,1,19.93632283,yahoo_bootstrap
2022-08-16,22.89999962,23.20000076,22.85000038,22.85000038,115013,0,1,19.8927944,yahoo_bootstrap
2022-08-17,22.95000076,23.14999962,22.85000038,22.89999962,80613,0,1,19.93632283,yahoo_bootstrap
2022-08-18,22.85000038,23.10000038,22.85000038,23,72000,0,1,20.02338134,yahoo_bootstrap
2022-08-19,23.04999924,23.29999924,23.04999924,23.14999962,73000,0,1,20.15396828,yahoo_bootstrap
2022-08-22,22.95000076,23.25,22.95000076,23.20000076,40000,0,1,20.19749836,yahoo_bootstrap
2022-08-23,22.60000038,23,22.60000038,22.79999924,107000,0,1,19.84926432,yahoo_bootstrap
2022-08-24,22.75,23,22.75,22.95000076,50000,0,1,19.97985291,yahoo_bootstrap
2022-08-25,22.95000076,23.04999924,22.85000038,22.95000076,72270,0,1,19.97985291,yahoo_bootstrap
2022-08-26,23,23.25,23,23.10000038,133000,0,1,20.11043985,yahoo_bootstrap
2022-08-29,22.79999924,23.35000038,22.75,23.25,128025,0,1,20.24102679,yahoo_bootstrap
2022-08-30,23.25,23.64999962,23.25,23.29999924,143000,0,1,20.28455522,yahoo_bootstrap
2022-08-31,23.39999962,23.5,23.25,23.45000076,92001,0,1,20.41514381,yahoo_bootstrap
2022-09-01,23.20000076,23.45000076,23.10000038,23.25,86000,0,1,20.24102679,yahoo_bootstrap
2022-09-02,23.25,23.45000076,23.10000038,23.20000076,24015,0,1,20.19749836,yahoo_bootstrap
2022-09-05,23.20000076,23.39999962,22.89999962,22.89999962,68000,0,1,19.93632283,yahoo_bootstrap
2022-09-06,23,23.10000038,22.64999962,22.70000076,122000,0,1,19.76220746,yahoo_bootstrap
2022-09-07,22.54999924,22.70000076,22.25,22.45000076,42000,0,1,19.54456201,yahoo_bootstrap
2022-09-08,22.5,22.64999962,22.45000076,22.60000038,25000,0,1,19.67514895,yahoo_bootstrap
2022-09-12,22.60000038,22.89999962,22.60000038,22.89999962,67000,0,1,19.93632283,yahoo_bootstrap
2022-09-13,22.89999962,23.20000076,22.89999962,23.04999924,38000,0,1,20.06690977,yahoo_bootstrap
2022-09-14,23,23,22.70000076,22.79999924,30000,0,1,19.84926432,yahoo_bootstrap
2022-09-15,22.64999962,23,22.60000038,22.95000076,140240,0,1,19.97985291,yahoo_bootstrap
2022-09-16,22.79999924,23,22.79999924,22.85000038,51000,0,1,19.8927944,yahoo_bootstrap
2022-09-19,22.85000038,22.85000038,22.5,22.60000038,53000,0,1,19.67514895,yahoo_bootstrap
2022-09-20,22.60000038,22.85000038,22.60000038,22.79999924,19000,0,1,19.84926432,yahoo_bootstrap
2022-09-21,22.89999962,22.89999962,22.5,22.54999924,42046,0,1,19.63161887,yahoo_bootstrap
2022-09-22,22.14999962,22.54999924,22.10000038,22.54999924,35000,0,1,19.63161887,yahoo_bootstrap
2022-09-23,22.39999962,22.79999924,22.20000076,22.60000038,72000,0,1,19.67514895,yahoo_bootstrap
2022-09-26,22.20000076,22.29999924,21.60000038,22,99033,0,1,19.15279954,yahoo_bootstrap
2022-09-27,21.54999924,22,21.54999924,21.75,68119,0,1,18.93515409,yahoo_bootstrap
2022-09-28,21.54999924,21.54999924,20.70000076,20.79999924,125000,0,1,18.10810072,yahoo_bootstrap
2022-09-29,20.85000038,21.10000038,20.75,20.75,87000,0,1,18.0645723,yahoo_bootstrap
2022-09-30,20.54999924,20.60000038,20.20000076,20.5,133000,0,1,17.84692685,yahoo_bootstrap
2022-10-03,20.29999924,20.39999962,20,20.29999924,202000,0,1,17.67280983,yahoo_bootstrap
2022-10-04,20.5,20.85000038,20.5,20.85000038,64100,0,1,18.15163081,yahoo_bootstrap
2022-10-05,20.85000038,21.04999924,20.70000076,20.70000076,78000,0,1,18.02104387,yahoo_bootstrap
2022-10-06,20.60000038,20.89999962,20.60000038,20.79999924,34000,0,1,18.10810072,yahoo_bootstrap
2022-10-07,20.60000038,20.89999962,20.60000038,20.79999924,26500,0,1,18.10810072,yahoo_bootstrap
2022-10-11,20.20000076,20.70000076,20.10000038,20.70000076,65000,0,1,18.02104387,yahoo_bootstrap
2022-10-12,20.45000076,20.89999962,20.14999962,20.89999962,50010,0,1,18.19515924,yahoo_bootstrap
2022-10-13,20.5,20.85000038,19.89999962,20.5,120000,0,1,17.84692685,yahoo_bootstrap
2022-10-14,20.54999924,20.89999962,20.20000076,20.70000076,56009,0,1,18.02104387,yahoo_bootstrap
2022-10-17,20,20.70000076,20,20.70000076,19000,0,1,18.02104387,yahoo_bootstrap
2022-10-18,20.60000038,20.79999924,20.5,20.79999924,21000,0,1,18.10810072,yahoo_bootstrap
2022-10-19,20.85000038,20.85000038,20.54999924,20.70000076,28000,0,1,18.02104387,yahoo_bootstrap
2022-10-20,20.70000076,20.79999924,20.14999962,20.79999924,48000,0,1,18.10810072,yahoo_bootstrap
2022-10-21,20.5,20.89999962,20.45000076,20.60000038,31436,0,1,17.93398536,yahoo_bootstrap
2022-10-24,20.60000038,20.79999924,20.39999962,20.64999962,19000,0,1,17.97751379,yahoo_bootstrap
2022-10-25,20.64999962,20.85000038,20.45000076,20.64999962,17000,0,1,17.97751379,yahoo_bootstrap
2022-10-26,20.70000076,20.75,20.39999962,20.5,29000,0,1,17.84692685,yahoo_bootstrap
2022-10-27,20.5,20.70000076,20.5,20.60000038,32000,0,1,17.93398536,yahoo_bootstrap
2022-10-28,20.60000038,20.60000038,20.25,20.54999924,19000,0,1,17.89045528,yahoo_bootstrap
2022-10-31,20.70000076,20.75,20.5,20.75,24631,0,1,18.0645723,yahoo_bootstrap
2022-11-01,20.75,21.20000076,20.75,21.14999962,72025,0,1,18.41280468,yahoo_bootstrap
2022-11-02,21,21.54999924,21,21.5,73000,0,1,18.71750864,yahoo_bootstrap
2022-11-03,21.54999924,21.70000076,21.35000038,21.70000076,31000,0,1,18.89162567,yahoo_bootstrap
2022-11-04,21.95000076,22,21.70000076,21.79999924,36000,0,1,18.97868252,yahoo_bootstrap
2022-11-07,21.79999924,23,21.79999924,22.79999924,174020,0,1,19.84926432,yahoo_bootstrap
2022-11-08,22.79999924,23,22.5,22.70000076,44000,0,1,19.76220746,yahoo_bootstrap
2022-11-09,23,23,22.5,22.85000038,159100,0,1,19.8927944,yahoo_bootstrap
2022-11-10,22.85000038,22.85000038,22.5,22.75,47100,0,1,19.80573589,yahoo_bootstrap
2022-11-11,23.14999962,23.14999962,22.60000038,22.75,170000,0,1,19.80573589,yahoo_bootstrap
2022-11-14,22.85000038,23.95000076,22.70000076,23.60000038,462200,0,1,20.54573075,yahoo_bootstrap
2022-11-15,23.79999924,24.29999924,23.60000038,23.70000076,1025263,0,1,20.63278926,yahoo_bootstrap
2022-11-16,23.70000076,23.95000076,23.45000076,23.45000076,234246,0,1,20.41514381,yahoo_bootstrap
2022-11-17,23.35000038,23.79999924,23.29999924,23.64999962,194000,0,1,20.58925918,yahoo_bootstrap
2022-11-18,23.54999924,23.54999924,22.75,23,251925,0,1,20.02338134,yahoo_bootstrap
2022-11-21,22.89999962,23.14999962,22.14999962,22.29999924,288200,0,1,19.41397342,yahoo_bootstrap
2022-11-22,22.5,22.64999962,21.95000076,22.10000038,214344,0,1,19.23985805,yahoo_bootstrap
2022-11-23,22.20000076,22.45000076,22.20000076,22.25,79000,0,1,19.37044499,yahoo_bootstrap
2022-11-24,22.29999924,22.5,22.29999924,22.5,80030,0,1,19.58809044,yahoo_bootstrap
2022-11-25,22.29999924,22.64999962,22.25,22.35000038,78000,0,1,19.4575035,yahoo_bootstrap
2022-11-28,22.14999962,22.39999962,22.14999962,22.39999962,58000,0,1,19.50103193,yahoo_bootstrap
2022-11-29,22.25,22.5,22.25,22.45000076,82000,0,1,19.54456201,yahoo_bootstrap
2022-11-30,22.60000038,22.95000076,22.5,22.89999962,190000,0,1,19.93632283,yahoo_bootstrap
2022-12-01,23.20000076,24.20000076,23,23.95000076,621100,0,1,20.85043471,yahoo_bootstrap
2022-12-02,24.5,26.29999924,24.5,25.35000038,2875222,0,1,22.0692489,yahoo_bootstrap
2022-12-05,25.35000038,25.35000038,24.60000038,24.70000076,957000,0,1,21.50337106,yahoo_bootstrap
2022-12-06,24.5,25.39999962,24.45000076,24.45000076,366100,0,1,21.28572561,yahoo_bootstrap
2022-12-07,24.29999924,24.60000038,23.60000038,23.70000076,295120,0,1,20.63278926,yahoo_bootstrap
2022-12-08,23.89999962,24.35000038,23.60000038,24,195025,0,1,20.89396314,yahoo_bootstrap
2022-12-09,24.10000038,25.89999962,23.89999962,25.35000038,1108418,0,1,22.0692489,yahoo_bootstrap
2022-12-12,25.35000038,25.75,25.04999924,25.5,1427030,0,1,22.19983583,yahoo_bootstrap
2022-12-13,25.79999924,25.79999924,24.60000038,25,585120,0,1,21.76454494,yahoo_bootstrap
2022-12-14,25,25.70000076,24.60000038,25.10000038,558000,0,1,21.85160345,yahoo_bootstrap
2022-12-15,25.14999962,25.25,24.85000038,24.95000076,181000,0,1,21.72101651,yahoo_bootstrap
2022-12-16,24.64999962,24.79999924,24.04999924,24.14999962,267084,0,1,21.02455008,yahoo_bootstrap
2022-12-19,24.10000038,24.45000076,23.89999962,24.14999962,121000,0,1,21.02455008,yahoo_bootstrap
2022-12-20,24.04999924,24.35000038,23.64999962,23.70000076,276000,0,1,20.63278926,yahoo_bootstrap
2022-12-21,23.64999962,24,23.29999924,23.35000038,135000,0,1,20.3280853,yahoo_bootstrap
2022-12-22,23.5,25.60000038,23.5,25.10000038,747061,0,1,21.85160345,yahoo_bootstrap
2022-12-23,24.70000076,25.14999962,24.5,24.75,338200,0,1,21.54689949,yahoo_bootstrap
2022-12-26,24.85000038,25.25,24.39999962,24.5,153145,0,1,21.32925404,yahoo_bootstrap
2022-12-27,24.5,25.20000076,24.5,24.75,178500,0,1,21.54689949,yahoo_bootstrap
2022-12-28,25.10000038,25.5,24.85000038,24.85000038,896000,0,1,21.633958,yahoo_bootstrap
2022-12-29,25,25,24.14999962,24.29999924,248116,0,1,21.15513702,yahoo_bootstrap
2022-12-30,24.70000076,24.75,24.29999924,24.39999962,135150,0,1,21.24219553,yahoo_bootstrap
2023-01-03,24.79999924,24.79999924,24,24.60000038,157000,0,1,21.41631255,yahoo_bootstrap
2023-01-04,24.29999924,24.64999962,24.29999924,24.29999924,91130,0,1,21.15513702,yahoo_bootstrap
2023-01-05,24.35000038,24.5,24.04999924,24.10000038,117250,0,1,20.98102165,yahoo_bootstrap
2023-01-06,24.04999924,24.20000076,23.95000076,24.10000038,97000,0,1,20.98102165,yahoo_bootstrap
2023-01-09,24.10000038,24.29999924,24,24.04999924,121100,0,1,20.93749157,yahoo_bootstrap
2023-01-10,24.04999924,24.29999924,24.04999924,24.10000038,92002,0,1,20.98102165,yahoo_bootstrap
2023-01-11,24.14999962,24.29999924,23.89999962,24.04999924,110000,0,1,20.93749157,yahoo_bootstrap
2023-01-12,24,24.95000076,24,24.79999924,466214,0,1,21.59042791,yahoo_bootstrap
2023-01-13,25.04999924,25.14999962,24.25,24.29999924,740350,0,1,21.15513702,yahoo_bootstrap
2023-01-16,24.79999924,26.64999962,24.64999962,25.64999962,3368400,0,1,22.33042277,yahoo_bootstrap
2023-01-17,25.5,25.5,25.10000038,25.14999962,624020,0,1,21.89513187,yahoo_bootstrap
2023-01-30,25.29999924,25.5,24.64999962,24.70000076,585345,0,1,21.50337106,yahoo_bootstrap
2023-01-31,24.60000038,24.89999962,24.54999924,24.75,278010,0,1,21.54689949,yahoo_bootstrap
2023-02-01,24.89999962,25.39999962,24.89999962,25.29999924,427036,0,1,22.02571881,yahoo_bootstrap
2023-02-02,25.45000076,25.70000076,25.29999924,25.29999924,345001,0,1,22.02571881,yahoo_bootstrap
2023-02-03,25.39999962,25.39999962,25.10000038,25.14999962,181100,0,1,21.89513187,yahoo_bootstrap
2023-02-06,25.14999962,25.60000038,25,25.39999962,434000,0,1,22.11277732,yahoo_bootstrap
2023-02-07,25.5,25.75,25.35000038,25.70000076,308043,0,1,22.37395286,yahoo_bootstrap
2023-02-08,25.70000076,25.70000076,25.45000076,25.60000038,203001,0,1,22.28689434,yahoo_bootstrap
2023-02-09,25.39999962,25.64999962,24.89999962,24.95000076,475000,0,1,21.72101651,yahoo_bootstrap
2023-02-10,24.95000076,25.14999962,24.39999962,24.5,203000,0,1,21.32925404,yahoo_bootstrap
2023-02-13,24.60000038,24.60000038,24.29999924,24.29999924,127010,0,1,21.15513702,yahoo_bootstrap
2023-02-14,24.39999962,24.85000038,24.39999962,24.64999962,107000,0,1,21.45984098,yahoo_bootstrap
2023-02-15,24.60000038,24.60000038,24.25,24.29999924,142434,0,1,21.15513702,yahoo_bootstrap
2023-02-16,24.54999924,25.14999962,24.5,24.89999962,221000,0,1,21.67748643,yahoo_bootstrap
2023-02-17,25,25.64999962,24.89999962,25.35000038,463000,0,1,22.0692489,yahoo_bootstrap
2023-02-20,25.70000076,25.70000076,25.35000038,25.5,265000,0,1,22.19983583,yahoo_bootstrap
2023-02-21,25.70000076,26.14999962,25.5,25.5,470121,0,1,22.19983583,yahoo_bootstrap
2023-02-22,25.5,25.5,24.95000076,25.29999924,155000,0,1,22.02571881,yahoo_bootstrap
2023-02-23,25.29999924,27.04999924,25.20000076,26.54999924,1213639,0,1,23.11394606,yahoo_bootstrap
2023-02-24,26.64999962,26.89999962,26.10000038,26.70000076,1545230,0,1,23.24453465,yahoo_bootstrap
2023-03-01,26.54999924,26.75,26.20000076,26.35000038,593236,0,1,22.93983069,yahoo_bootstrap
2023-03-02,26.79999924,28.39999962,26.79999924,27.10000038,2584412,0,1,23.59276704,yahoo_bootstrap
2023-03-03,27.10000038,28.14999962,27.10000038,27.70000076,1135263,0,1,24.11511645,yahoo_bootstrap
2023-03-06,29.70000076,29.70000076,27.5,27.54999924,1446000,0,1,23.98452786,yahoo_bootstrap
2023-03-07,27.64999962,27.89999962,27.29999924,27.39999962,582000,0,1,23.85394092,yahoo_bootstrap
2023-03-08,27.29999924,27.79999924,27.29999924,27.60000038,460200,0,1,24.02805794,yahoo_bootstrap
2023-03-09,27.79999924,27.79999924,27.39999962,27.45000076,329000,0,1,23.897471,yahoo_bootstrap
2023-03-10,27.14999962,27.20000076,26.60000038,26.60000038,349156,0,1,23.15747614,yahoo_bootstrap
2023-03-13,26.29999924,26.5,25.79999924,26.25,391000,0,1,22.85277218,yahoo_bootstrap
2023-03-14,25.89999962,26.5,25.89999962,26.29999924,198000,0,1,22.89630061,yahoo_bootstrap
2023-03-15,26.5,27.04999924,26.35000038,26.70000076,294000,0,1,23.24453465,yahoo_bootstrap
2023-03-16,26.70000076,27.39999962,26.70000076,27.25,665120,0,1,23.72335398,yahoo_bootstrap
2023-03-17,27.5,27.70000076,26.95000076,27,860100,0,1,23.50570853,yahoo_bootstrap
2023-03-20,27.14999962,27.14999962,26.75,26.79999924,193040,0,1,23.33159151,yahoo_bootstrap
2023-03-21,27,27.89999962,27,27.64999962,569230,0,1,24.07158637,yahoo_bootstrap
2023-03-22,27.85000038,28,27.5,27.70000076,361100,0,1,24.11511645,yahoo_bootstrap
2023-03-23,28,28,27.60000038,27.64999962,200000,0,1,24.07158637,yahoo_bootstrap
2023-03-24,27.89999962,27.89999962,27.20000076,27.45000076,286100,0,1,23.897471,yahoo_bootstrap
2023-03-27,27.35000038,27.75,27.14999962,27.35000038,194603,0,1,23.81041249,yahoo_bootstrap
2023-03-28,27.54999924,27.54999924,26.85000038,26.89999962,189050,0,1,23.41865002,yahoo_bootstrap
2023-03-29,27.35000038,27.35000038,26.70000076,26.85000038,160000,0,1,23.37512159,yahoo_bootstrap
2023-03-30,27,27.04999924,26.70000076,26.79999924,135050,0,1,23.33159151,yahoo_bootstrap
2023-03-31,26.29999924,26.95000076,26.29999924,26.89999962,172000,0,1,23.41865002,yahoo_bootstrap
2023-04-06,27,27.20000076,26.95000076,27,141000,0,1,23.50570853,yahoo_bootstrap
2023-04-07,27,28.35000038,26.64999962,28.14999962,1162352,0,1,24.50687727,yahoo_bootstrap
2023-04-10,28.70000076,28.70000076,27.89999962,27.89999962,2088155,0,1,24.28923182,yahoo_bootstrap
2023-04-11,27.89999962,28,27.35000038,27.89999962,471220,0,1,24.28923182,yahoo_bootstrap
2023-04-12,28,28.54999924,27.89999962,28.04999924,1002000,0,1,24.41981876,yahoo_bootstrap
2023-04-13,28.25,28.5,27.64999962,27.75,469000,0,1,24.15864488,yahoo_bootstrap
2023-04-14,27.79999924,28.14999962,27.75,27.75,381000,0,1,24.15864488,yahoo_bootstrap
2023-04-17,27.75,28.10000038,27.75,28,242000,0,1,24.37629033,yahoo_bootstrap
2023-04-18,28.04999924,28.14999962,27.85000038,27.85000038,482000,0,1,24.24570339,yahoo_bootstrap
2023-04-19,28.14999962,28.29999924,27.79999924,27.79999924,355000,0,1,24.20217331,yahoo_bootstrap
2023-04-20,27.79999924,27.85000038,26.89999962,26.95000076,367086,0,1,23.4621801,yahoo_bootstrap
2023-04-21,27.10000038,27.10000038,25.89999962,25.89999962,374001,0,1,22.54806822,yahoo_bootstrap
2023-04-24,25.75,26.39999962,25.70000076,26.04999924,172020,0,1,22.67865516,yahoo_bootstrap
2023-04-25,26.29999924,26.29999924,25,25.04999924,414134,0,1,21.80807336,yahoo_bootstrap
2023-04-26,25.04999924,25.35000038,25.04999924,25.25,94000,0,1,21.98219039,yahoo_bootstrap
2023-04-27,25.29999924,25.54999924,24.95000076,25.10000038,142100,0,1,21.85160345,yahoo_bootstrap
2023-04-28,25.20000076,25.54999924,25.20000076,25.5,110125,0,1,22.19983583,yahoo_bootstrap
2023-05-02,25.5,25.64999962,25.25,25.45000076,235000,0,1,22.15630741,yahoo_bootstrap
2023-05-03,25.45000076,25.5,25.20000076,25.45000076,95150,0,1,22.15630741,yahoo_bootstrap
2023-05-04,25.29999924,25.75,25.29999924,25.70000076,150350,0,1,22.37395286,yahoo_bootstrap
2023-05-05,25.64999962,27.14999962,25.64999962,26.54999924,907000,0,1,23.11394606,yahoo_bootstrap
2023-05-08,27,27,26.20000076,26.20000076,217980,0,1,22.80924375,yahoo_bootstrap
2023-05-09,26.14999962,26.25,25.95000076,26.04999924,144201,0,1,22.67865516,yahoo_bootstrap
2023-05-10,26,26,25.70000076,25.89999962,87366,0,1,22.54806822,yahoo_bootstrap
2023-05-11,25.95000076,25.95000076,25.20000076,25.29999924,220000,0,1,22.02571881,yahoo_bootstrap
2023-05-12,25.29999924,25.54999924,25.14999962,25.35000038,54000,0,1,22.0692489,yahoo_bootstrap
2023-05-15,25.29999924,25.35000038,24.75,25,187169,0,1,21.76454494,yahoo_bootstrap
2023-05-16,25.20000076,25.5,25.20000076,25.45000076,116100,0,1,22.15630741,yahoo_bootstrap
2023-05-17,25.60000038,25.79999924,25.39999962,25.64999962,113000,0,1,22.33042277,yahoo_bootstrap
2023-05-18,25.70000076,25.85000038,25.64999962,25.70000076,168000,0,1,22.37395286,yahoo_bootstrap
2023-05-19,25.85000038,25.85000038,25.5,25.60000038,83113,0,1,22.28689434,yahoo_bootstrap
2023-05-22,25.60000038,25.79999924,25.39999962,25.75,184000,0,1,22.41748128,yahoo_bootstrap
2023-05-23,25.79999924,25.95000076,25.70000076,25.85000038,89005,0,1,22.50453979,yahoo_bootstrap
2023-05-24,26,26,25.64999962,25.75,51000,0,1,22.41748128,yahoo_bootstrap
2023-05-25,25.70000076,25.70000076,25.45000076,25.5,108050,0,1,22.19983583,yahoo_bootstrap
2023-05-26,25.5,25.5,25.29999924,25.29999924,172000,0,1,22.02571881,yahoo_bootstrap
2023-05-29,25.35000038,25.54999924,25.29999924,25.39999962,101000,0,1,22.11277732,yahoo_bootstrap
2023-05-30,25.45000076,26.64999962,25.39999962,25.95000076,499000,0,1,22.5915983,yahoo_bootstrap
2023-05-31,25.95000076,26.20000076,25.85000038,25.89999962,159000,0,1,22.54806822,yahoo_bootstrap
2023-06-01,26.14999962,26.14999962,25.89999962,25.89999962,150151,0,1,22.54806822,yahoo_bootstrap
2023-06-02,26.20000076,26.5,26.04999924,26.35000038,300040,0,1,22.93983069,yahoo_bootstrap
2023-06-05,26.54999924,26.60000038,26.35000038,26.39999962,305075,0,1,22.98335912,yahoo_bootstrap
2023-06-06,26.39999962,26.5,26.10000038,26.14999962,143020,0,1,22.76571367,yahoo_bootstrap
2023-06-07,26.39999962,26.39999962,26.14999962,26.14999962,136059,0,1,22.76571367,yahoo_bootstrap
2023-06-08,26.04999924,26.35000038,25.89999962,25.89999962,147027,0,1,22.54806822,yahoo_bootstrap
2023-06-09,26,26.14999962,25.89999962,26,135000,0,1,22.63512673,yahoo_bootstrap
2023-06-12,25.89999962,26,25.35000038,25.5,215020,0,1,22.19983583,yahoo_bootstrap
2023-06-13,25.60000038,25.79999924,25.54999924,25.60000038,96000,0,1,22.28689434,yahoo_bootstrap
2023-06-14,25.60000038,25.85000038,25.54999924,25.64999962,118010,0,1,22.33042277,yahoo_bootstrap
2023-06-15,25.79999924,25.79999924,25.5,25.75,120088,0,1,22.41748128,yahoo_bootstrap
2023-06-16,25.75,25.89999962,25.60000038,25.64999962,125000,0,1,22.33042277,yahoo_bootstrap
2023-06-19,25.70000076,25.95000076,25.70000076,25.79999924,110000,0,1,22.46100971,yahoo_bootstrap
2023-06-20,25.70000076,25.89999962,25.64999962,25.64999962,129761,0,1,22.33042277,yahoo_bootstrap
2023-06-21,25.85000038,26.10000038,25.70000076,26.10000038,168811,0,1,22.72218524,yahoo_bootstrap
2023-06-26,26.10000038,26.20000076,25.60000038,25.79999924,113015,0,1,22.46100971,yahoo_bootstrap
2023-06-27,25.79999924,25.79999924,25.54999924,25.60000038,93010,0,1,22.28689434,yahoo_bootstrap
2023-06-28,25.79999924,26.79999924,25.5,26.39999962,871190,0,1,22.98335912,yahoo_bootstrap
2023-06-29,26.39999962,26.60000038,26.04999924,26.29999924,797000,0,1,22.89630061,yahoo_bootstrap
2023-06-30,26.39999962,26.64999962,26.20000076,26.45000076,767000,0,1,23.0268892,yahoo_bootstrap
2023-07-03,26.60000038,26.70000076,26.29999924,26.54999924,441000,0,1,23.11394606,yahoo_bootstrap
2023-07-04,26.54999924,26.54999924,26.25,26.25,247063,0,1,22.85277218,yahoo_bootstrap
2023-07-05,26.20000076,26.29999924,26,26,220384,0,1,22.63512673,yahoo_bootstrap
2023-07-06,26,26.10000038,25.70000076,25.75,225000,0,1,22.41748128,yahoo_bootstrap
2023-07-07,25.70000076,25.89999962,25.35000038,25.60000038,204000,0,1,22.28689434,yahoo_bootstrap
2023-07-10,25.35000038,25.60000038,25.14999962,25.20000076,231000,0,1,21.93866196,yahoo_bootstrap
2023-07-11,25.39999962,25.39999962,25.10000038,25.10000038,155000,0,1,21.85160345,yahoo_bootstrap
2023-07-12,25,25.29999924,25,25.04999924,194000,0,1,21.80807336,yahoo_bootstrap
2023-07-13,25.14999962,25.29999924,25.10000038,25.10000038,147000,0,1,21.85160345,yahoo_bootstrap
2023-07-14,25.20000076,25.54999924,25.04999924,25.5,228000,0,1,22.19983583,yahoo_bootstrap
2023-07-17,25.60000038,25.70000076,25.39999962,25.60000038,212402,0,1,22.28689434,yahoo_bootstrap
2023-07-18,25.79999924,25.89999962,25.60000038,25.75,234000,0,1,22.41748128,yahoo_bootstrap
2023-07-19,25.60000038,25.89999962,25.39999962,25.5,287010,0,1,22.19983583,yahoo_bootstrap
2023-07-20,25.5,25.70000076,25.5,25.64999962,110000,0,1,22.33042277,yahoo_bootstrap
2023-07-21,25.5,27.10000038,25.5,27,1100283,0,1,23.50570853,yahoo_bootstrap
2023-07-24,27.64999962,29.29999924,27.54999924,27.79999924,4236100,0,1,24.20217331,yahoo_bootstrap
2023-07-25,27.5,28.04999924,27.10000038,27.95000076,876055,0,1,24.3327619,yahoo_bootstrap
2023-07-26,28.29999924,28.39999962,27.70000076,27.75,505124,0,1,24.15864488,yahoo_bootstrap
2023-07-27,28,28.35000038,27.60000038,28,641005,0,1,24.37629033,yahoo_bootstrap
2023-07-28,28.10000038,28.5,27.79999924,28.10000038,592382,0,1,24.46334884,yahoo_bootstrap
2023-07-31,28.54999924,28.89999962,27.89999962,28.25,772081,0,1,24.59393578,yahoo_bootstrap
2023-08-01,28.25,28.45000076,27.54999924,27.54999924,437000,0,1,23.98452786,yahoo_bootstrap
2023-08-02,27.60000038,28.10000038,27.10000038,27.29999924,379046,0,1,23.76688241,yahoo_bootstrap
2023-08-04,27.45000076,28.20000076,27.29999924,27.85000038,348100,0,1,24.24570339,yahoo_bootstrap
2023-08-07,27.75,28,27.75,27.85000038,227132,0,1,24.24570339,yahoo_bootstrap
2023-08-08,28,28.20000076,27.75,27.79999924,473025,0,1,24.20217331,yahoo_bootstrap
2023-08-09,26.14999962,26.14999962,25.20000076,25.20000076,638000,1.5,1,23.18991648,yahoo_bootstrap
2023-08-10,24.79999924,24.89999962,23.89999962,24.14999962,504000,0,1,22.22366894,yahoo_bootstrap
2023-08-11,24.04999924,24.10000038,23.89999962,23.95000076,242000,0,1,22.03962304,yahoo_bootstrap
2023-08-14,23.79999924,23.79999924,22.85000038,23.25,248000,0,1,21.39545801,yahoo_bootstrap
2023-08-15,23.25,23.45000076,23,23.35000038,155200,0,1,21.48748183,yahoo_bootstrap
2023-08-16,23.35000038,23.35000038,23,23.10000038,82000,0,1,21.25742315,yahoo_bootstrap
2023-08-17,23.04999924,24.20000076,23,23.64999962,304000,0,1,21.76355156,yahoo_bootstrap
2023-08-18,23.5,23.95000076,23.5,23.60000038,112000,0,1,21.71754052,yahoo_bootstrap
2023-08-21,23.70000076,23.70000076,23.35000038,23.35000038,49011,0,1,21.48748183,yahoo_bootstrap
2023-08-22,23.39999962,23.5,23.20000076,23.29999924,53000,0,1,21.44146905,yahoo_bootstrap
2023-08-23,23.29999924,23.60000038,23.29999924,23.54999924,99000,0,1,21.67152774,yahoo_bootstrap
2023-08-24,23.64999962,24.14999962,23.64999962,24.14999962,146300,0,1,22.22366894,yahoo_bootstrap
2023-08-25,24,24.29999924,23.95000076,24.14999962,84020,0,1,22.22366894,yahoo_bootstrap
2023-08-28,24.20000076,24.20000076,23.75,24,71002,0,1,22.08563407,yahoo_bootstrap
2023-08-29,24.04999924,25.85000038,23.89999962,24.25,479000,0,1,22.31569276,yahoo_bootstrap
2023-08-30,24.25,24.5,24.14999962,24.39999962,112000,0,1,22.45372763,yahoo_bootstrap
2023-08-31,24.29999924,24.60000038,24.20000076,24.45000076,49000,0,1,22.49974041,yahoo_bootstrap
2023-09-01,24.45000076,26.39999962,24.45000076,25.79999924,744332,0,1,23.74205593,yahoo_bootstrap
2023-09-04,26.29999924,26.95000076,26.20000076,26.5,1091002,0,1,24.38622096,yahoo_bootstrap
2023-09-05,26.20000076,26.79999924,26.20000076,26.70000076,286087,0,1,24.57026861,yahoo_bootstrap
2023-09-06,26.79999924,27.20000076,26.60000038,26.95000076,409300,0,1,24.8003273,yahoo_bootstrap
2023-09-07,26.70000076,27.39999962,26.70000076,26.70000076,286128,0,1,24.57026861,yahoo_bootstrap
2023-09-08,26.79999924,27,26.5,26.75,307000,0,1,24.61627965,yahoo_bootstrap
2023-09-11,26.85000038,27.39999962,26.79999924,26.79999924,194179,0,1,24.66229068,yahoo_bootstrap
2023-09-12,26.89999962,26.89999962,26.29999924,26.35000038,219168,0,1,24.24818609,yahoo_bootstrap
2023-09-13,26.39999962,26.45000076,26.14999962,26.29999924,194020,0,1,24.20217331,yahoo_bootstrap
2023-09-14,26.60000038,26.64999962,26.35000038,26.39999962,99019,0,1,24.29419713,yahoo_bootstrap
2023-09-15,26.45000076,26.45000076,25.95000076,26,209035,0,1,23.92610358,yahoo_bootstrap
2023-09-18,25.85000038,26.04999924,25.79999924,26.04999924,78000,0,1,23.97211462,yahoo_bootstrap
2023-09-19,26.10000038,26.10000038,25.60000038,25.70000076,149019,0,1,23.65003385,yahoo_bootstrap
2023-09-20,25.70000076,25.79999924,25.35000038,25.45000076,103809,0,1,23.41997517,yahoo_bootstrap
2023-09-21,25.10000038,25.45000076,24.85000038,25.04999924,84151,0,1,23.05187987,yahoo_bootstrap
2023-09-22,24.85000038,26.54999924,24.85000038,26.54999924,475459,0,1,24.432232,yahoo_bootstrap
2023-09-25,27.79999924,28.75,27.10000038,28,2969347,0,1,25.76657309,yahoo_bootstrap
2023-09-26,27.45000076,28.39999962,27.39999962,27.75,654258,0,1,25.5365144,yahoo_bootstrap
2023-09-27,27.79999924,27.79999924,27.29999924,27.75,423200,0,1,25.5365144,yahoo_bootstrap
2023-09-28,28.20000076,28.45000076,27.54999924,28.04999924,579392,0,1,25.81258412,yahoo_bootstrap
2023-10-02,28.20000076,28.54999924,27.79999924,28.20000076,482196,0,1,25.95062074,yahoo_bootstrap
2023-10-03,28.04999924,28.20000076,27.70000076,28.04999924,420044,0,1,25.81258412,yahoo_bootstrap
2023-10-04,28,28.10000038,27.35000038,27.89999962,211084,0,1,25.67454926,yahoo_bootstrap
2023-10-05,28,28.14999962,27.60000038,27.60000038,202255,0,1,25.39847953,yahoo_bootstrap
2023-10-06,27.64999962,27.79999924,27.35000038,27.60000038,215739,0,1,25.39847953,yahoo_bootstrap
2023-10-11,27.5,27.60000038,26.29999924,26.35000038,306440,0,1,24.24818609,yahoo_bootstrap
2023-10-12,26.39999962,26.70000076,26.29999924,26.29999924,152000,0,1,24.20217331,yahoo_bootstrap
2023-10-13,26.29999924,26.64999962,26,26.29999924,104000,0,1,24.20217331,yahoo_bootstrap
2023-10-16,26.10000038,26.20000076,25.79999924,25.79999924,88000,0,1,23.74205593,yahoo_bootstrap
2023-10-17,25.85000038,26,25.54999924,25.79999924,113300,0,1,23.74205593,yahoo_bootstrap
2023-10-18,25.89999962,26,25.54999924,25.60000038,180000,0,1,23.55801003,yahoo_bootstrap
2023-10-19,25.60000038,26.70000076,25.5,26.70000076,172990,0,1,24.57026861,yahoo_bootstrap
2023-10-20,26.20000076,26.29999924,25.64999962,26.29999924,192050,0,1,24.20217331,yahoo_bootstrap
2023-10-23,26.10000038,26.5,26.10000038,26.5,133000,0,1,24.38622096,yahoo_bootstrap
2023-10-24,26.5,28.04999924,26.45000076,27.45000076,763050,0,1,25.26044467,yahoo_bootstrap
2023-10-25,27.60000038,27.75,27,27.29999924,269400,0,1,25.12240806,yahoo_bootstrap
2023-10-26,27.04999924,27.25,26.79999924,26.79999924,199000,0,1,24.66229068,yahoo_bootstrap
2023-10-27,26.79999924,27.10000038,26.79999924,26.89999962,83000,0,1,24.75431451,yahoo_bootstrap
2023-10-30,27.25,27.29999924,26.70000076,27.14999962,87314,0,1,24.9843732,yahoo_bootstrap
2023-10-31,27.20000076,27.39999962,26.70000076,26.79999924,197000,0,1,24.66229068,yahoo_bootstrap
2023-11-01,27.14999962,27.14999962,26.70000076,26.85000038,109255,0,1,24.70830347,yahoo_bootstrap
2023-11-02,26.85000038,28.29999924,26.85000038,27.79999924,1018011,0,1,25.58252544,yahoo_bootstrap
2023-11-03,28.5,28.5,27.60000038,27.95000076,928200,0,1,25.72056205,yahoo_bootstrap
2023-11-06,27.95000076,28.20000076,27.64999962,27.64999962,267199,0,1,25.44449057,yahoo_bootstrap
2023-11-07,27.79999924,27.79999924,27.5,27.75,233107,0,1,25.5365144,yahoo_bootstrap
2023-11-08,28.20000076,28.25,27.79999924,27.85000038,210070,0,1,25.62853822,yahoo_bootstrap
2023-11-09,28,28.60000038,27.79999924,27.95000076,541000,0,1,25.72056205,yahoo_bootstrap
2023-11-10,27.95000076,28.04999924,27.5,27.64999962,139055,0,1,25.44449057,yahoo_bootstrap
2023-11-13,27.64999962,27.64999962,26.89999962,27,224141,0,1,24.84633833,yahoo_bootstrap
2023-11-14,26.89999962,27.20000076,26.85000038,27.04999924,153010,0,1,24.89234937,yahoo_bootstrap
2023-11-15,27.29999924,27.39999962,26.95000076,27.20000076,244670,0,1,25.03038598,yahoo_bootstrap
2023-11-16,27.35000038,27.5,27.25,27.39999962,74099,0,1,25.21443188,yahoo_bootstrap
2023-11-17,27.45000076,28,27.45000076,27.5,165263,0,1,25.30645571,yahoo_bootstrap
2023-11-20,27.45000076,27.95000076,27.45000076,27.5,106040,0,1,25.30645571,yahoo_bootstrap
2023-11-21,27.54999924,27.75,27.45000076,27.5,98000,0,1,25.30645571,yahoo_bootstrap
2023-11-22,27.39999962,27.64999962,27.35000038,27.54999924,73000,0,1,25.35246675,yahoo_bootstrap
2023-11-23,27.45000076,27.79999924,27.39999962,27.45000076,111000,0,1,25.26044467,yahoo_bootstrap
2023-11-24,27.70000076,28.14999962,27.64999962,27.95000076,506274,0,1,25.72056205,yahoo_bootstrap
2023-11-27,28,28,27.45000076,27.70000076,202340,0,1,25.49050336,yahoo_bootstrap
2023-11-28,27.70000076,27.79999924,27.14999962,27.25,377351,0,1,25.07639702,yahoo_bootstrap
2023-11-29,27.5,28.04999924,27.39999962,27.70000076,382636,0,1,25.49050336,yahoo_bootstrap
2023-11-30,27.79999924,28.35000038,27.75,28.14999962,462022,0,1,25.90460795,yahoo_bootstrap
2023-12-01,28.29999924,28.54999924,27.89999962,28.14999962,491100,0,1,25.90460795,yahoo_bootstrap
2023-12-04,28.45000076,28.85000038,28.10000038,28.5,709200,0,1,26.22669046,yahoo_bootstrap
2023-12-05,28.5,28.64999962,28.20000076,28.29999924,387074,0,1,26.04264281,yahoo_bootstrap
2023-12-06,28.29999924,28.45000076,28.20000076,28.25,161000,0,1,25.99663177,yahoo_bootstrap
2023-12-07,28.5,28.5,27.79999924,27.85000038,299350,0,1,25.62853822,yahoo_bootstrap
2023-12-08,27.85000038,28.14999962,27.75,28,182000,0,1,25.76657309,yahoo_bootstrap
2023-12-11,28,28,27.60000038,27.60000038,219020,0,1,25.39847953,yahoo_bootstrap
2023-12-12,27.70000076,27.70000076,27.35000038,27.5,105040,0,1,25.30645571,yahoo_bootstrap
2023-12-13,27.54999924,27.70000076,27.25,27.39999962,283011,0,1,25.21443188,yahoo_bootstrap
2023-12-14,27.35000038,27.79999924,27.35000038,27.45000076,129000,0,1,25.26044467,yahoo_bootstrap
2023-12-15,27.64999962,27.75,27.39999962,27.54999924,202000,0,1,25.35246675,yahoo_bootstrap
2023-12-18,27.70000076,27.70000076,27.45000076,27.5,109000,0,1,25.30645571,yahoo_bootstrap
2023-12-19,27.54999924,27.54999924,27.10000038,27.29999924,127000,0,1,25.12240806,yahoo_bootstrap
2023-12-20,27.29999924,27.45000076,27.20000076,27.35000038,153000,0,1,25.16842085,yahoo_bootstrap
2023-12-21,27.29999924,27.5,27.20000076,27.29999924,136000,0,1,25.12240806,yahoo_bootstrap
2023-12-22,27.29999924,27.39999962,27.10000038,27.20000076,81010,0,1,25.03038598,yahoo_bootstrap
2023-12-25,27.29999924,27.29999924,26.95000076,27,90000,0,1,24.84633833,yahoo_bootstrap
2023-12-26,27,27.10000038,26.70000076,26.89999962,134000,0,1,24.75431451,yahoo_bootstrap
2023-12-27,26.89999962,27,26.85000038,26.89999962,79010,0,1,24.75431451,yahoo_bootstrap
2023-12-28,26.89999962,27,26.64999962,26.95000076,228000,0,1,24.8003273,yahoo_bootstrap
2023-12-29,26.89999962,26.89999962,26.54999924,26.60000038,140056,0,1,24.47824478,yahoo_bootstrap
2024-01-02,26.60000038,26.60000038,26.10000038,26.29999924,293060,0,1,24.20217331,yahoo_bootstrap
2024-01-03,26.14999962,26.35000038,26.14999962,26.29999924,110000,0,1,24.20217331,yahoo_bootstrap
2024-01-04,26.5,26.5,26.04999924,26.10000038,115000,0,1,24.01812741,yahoo_bootstrap
2024-01-05,26.25,26.29999924,26.10000038,26.25,75100,0,1,24.15616227,yahoo_bootstrap
2024-01-08,26.29999924,26.39999962,26.14999962,26.29999924,144000,0,1,24.20217331,yahoo_bootstrap
2024-01-09,26.29999924,26.35000038,26.10000038,26.20000076,31000,0,1,24.11015123,yahoo_bootstrap
2024-01-10,26.10000038,26.29999924,25.75,25.75,104447,0,1,23.69604489,yahoo_bootstrap
2024-01-11,25.75,25.85000038,25.70000076,25.75,71000,0,1,23.69604489,yahoo_bootstrap
2024-01-12,25.75,25.75,25.5,25.60000038,85069,0,1,23.55801003,yahoo_bootstrap
2024-01-15,25.64999962,26.04999924,25.60000038,25.85000038,92100,0,1,23.78806872,yahoo_bootstrap
2024-01-16,25.70000076,26.20000076,25.60000038,26.20000076,85000,0,1,24.11015123,yahoo_bootstrap
2024-01-17,26.35000038,28.39999962,26.20000076,26.89999962,5034515,0,1,24.75431451,yahoo_bootstrap
2024-01-18,27.04999924,29.54999924,27.04999924,29.54999924,12735323,0,1,27.19293625,yahoo_bootstrap
2024-01-19,29.89999962,30.60000038,28.29999924,28.89999962,15942070,0,1,26.59478401,yahoo_bootstrap
2024-01-22,28.79999924,29.54999924,28.04999924,28.29999924,2714010,0,1,26.04264281,yahoo_bootstrap
2024-01-23,28.35000038,28.60000038,28,28,1323369,0,1,25.76657309,yahoo_bootstrap
2024-01-24,28.14999962,28.25,27.54999924,27.54999924,871079,0,1,25.35246675,yahoo_bootstrap
2024-01-25,27.95000076,28.14999962,27.45000076,27.45000076,686100,0,1,25.26044467,yahoo_bootstrap
2024-01-26,27.64999962,27.64999962,27.04999924,27.04999924,526000,0,1,24.89234937,yahoo_bootstrap
2024-01-29,27.10000038,27.29999924,26.39999962,27.04999924,439005,0,1,24.89234937,yahoo_bootstrap
2024-01-30,27.5,28.10000038,26.85000038,26.89999962,1632000,0,1,24.75431451,yahoo_bootstrap
2024-01-31,27.20000076,27.20000076,26.70000076,26.70000076,509000,0,1,24.57026861,yahoo_bootstrap
2024-02-01,26.70000076,26.85000038,26.54999924,26.70000076,250220,0,1,24.57026861,yahoo_bootstrap
2024-02-02,26.85000038,26.85000038,26.5,26.54999924,316000,0,1,24.432232,yahoo_bootstrap
2024-02-05,26.79999924,26.79999924,26.29999924,26.35000038,333300,0,1,24.24818609,yahoo_bootstrap
2024-02-15,26.29999924,26.45000076,25.85000038,26.45000076,262000,0,1,24.34020992,yahoo_bootstrap
2024-02-16,26.35000038,27.39999962,26.35000038,27.20000076,397000,0,1,25.03038598,yahoo_bootstrap
2024-02-19,27.20000076,27.35000038,27.10000038,27.25,266140,0,1,25.07639702,yahoo_bootstrap
2024-02-20,27.14999962,27.25,26.79999924,26.89999962,348026,0,1,24.75431451,yahoo_bootstrap
2024-02-21,26.89999962,27.75,26.85000038,27.64999962,645869,0,1,25.44449057,yahoo_bootstrap
2024-02-22,27.89999962,28.10000038,27.54999924,27.75,515384,0,1,25.5365144,yahoo_bootstrap
2024-02-23,27.85000038,27.85000038,27.20000076,27.25,341015,0,1,25.07639702,yahoo_bootstrap
2024-02-26,27.29999924,27.75,27.14999962,27.54999924,213484,0,1,25.35246675,yahoo_bootstrap
2024-02-27,27.54999924,27.79999924,27.10000038,27.14999962,264486,0,1,24.9843732,yahoo_bootstrap
2024-02-29,27.10000038,27.5,27.10000038,27.20000076,199000,0,1,25.03038598,yahoo_bootstrap
2024-03-01,27.45000076,27.45000076,26.85000038,26.85000038,154200,0,1,24.70830347,yahoo_bootstrap
2024-03-04,26.95000076,27.5,26.79999924,27.10000038,332469,0,1,24.93836216,yahoo_bootstrap
2024-03-05,27.10000038,27.5,27,27.20000076,168000,0,1,25.03038598,yahoo_bootstrap
2024-03-06,27.20000076,27.39999962,27.14999962,27.35000038,172023,0,1,25.16842085,yahoo_bootstrap
2024-03-07,27.39999962,27.45000076,26.85000038,26.85000038,282000,0,1,24.70830347,yahoo_bootstrap
2024-03-08,26.85000038,27.39999962,26.25,26.25,439115,0,1,24.15616227,yahoo_bootstrap
2024-03-11,26.04999924,26.5,26.04999924,26.35000038,137225,0,1,24.24818609,yahoo_bootstrap
2024-03-12,26.45000076,26.75,26.29999924,26.45000076,158050,0,1,24.34020992,yahoo_bootstrap
2024-03-13,26.39999962,27.14999962,26.20000076,26.45000076,224000,0,1,24.34020992,yahoo_bootstrap
2024-03-14,26.70000076,26.95000076,26.29999924,26.5,340233,0,1,24.38622096,yahoo_bootstrap
2024-03-15,26.70000076,26.70000076,26.25,26.25,82000,0,1,24.15616227,yahoo_bootstrap
2024-03-18,26.45000076,26.45000076,26,26.20000076,161000,0,1,24.11015123,yahoo_bootstrap
2024-03-19,26.20000076,26.35000038,26.14999962,26.20000076,81100,0,1,24.11015123,yahoo_bootstrap
2024-03-20,26.39999962,26.39999962,26.14999962,26.20000076,191000,0,1,24.11015123,yahoo_bootstrap
2024-03-21,26.20000076,26.39999962,26.20000076,26.25,96182,0,1,24.15616227,yahoo_bootstrap
2024-03-22,26.29999924,26.29999924,26.04999924,26.29999924,171000,0,1,24.20217331,yahoo_bootstrap
2024-03-25,26.20000076,26.64999962,26.20000076,26.5,125100,0,1,24.38622096,yahoo_bootstrap
2024-03-26,26.54999924,26.75,26.35000038,26.35000038,173000,0,1,24.24818609,yahoo_bootstrap
2024-03-27,26.25,26.45000076,26.20000076,26.39999962,99000,0,1,24.29419713,yahoo_bootstrap
2024-03-28,26.29999924,26.5,26.20000076,26.29999924,157000,0,1,24.20217331,yahoo_bootstrap
2024-03-29,26.29999924,26.5,26.29999924,26.35000038,86000,0,1,24.24818609,yahoo_bootstrap
2024-04-01,26.29999924,27.35000038,26.29999924,27.04999924,614030,0,1,24.89234937,yahoo_bootstrap
2024-04-02,27.29999924,27.35000038,26.89999962,26.89999962,451000,0,1,24.75431451,yahoo_bootstrap
2024-04-03,26.89999962,27,26.60000038,26.75,105000,0,1,24.61627965,yahoo_bootstrap
2024-04-08,27.20000076,27.20000076,26.60000038,26.60000038,131002,0,1,24.47824478,yahoo_bootstrap
2024-04-09,26.70000076,27,26.60000038,26.75,127510,0,1,24.61627965,yahoo_bootstrap
2024-04-10,26.75,27.29999924,26.75,26.95000076,113000,0,1,24.8003273,yahoo_bootstrap
2024-04-11,26.79999924,26.85000038,26.5,26.70000076,150000,0,1,24.57026861,yahoo_bootstrap
2024-04-12,26.75,26.89999962,26.64999962,26.70000076,75000,0,1,24.57026861,yahoo_bootstrap
2024-04-15,26.60000038,26.75,26.39999962,26.60000038,88000,0,1,24.47824478,yahoo_bootstrap
2024-04-16,26.45000076,26.45000076,25.85000038,25.89999962,209000,0,1,23.83407976,yahoo_bootstrap
2024-04-17,25.89999962,26.20000076,25.85000038,25.95000076,87616,0,1,23.88009254,yahoo_bootstrap
2024-04-18,26.04999924,26.14999962,25.95000076,25.95000076,65015,0,1,23.88009254,yahoo_bootstrap
2024-04-19,25.95000076,25.95000076,25.39999962,25.5,163000,0,1,23.4659862,yahoo_bootstrap
2024-04-22,25.54999924,25.70000076,25.10000038,25.5,138000,0,1,23.4659862,yahoo_bootstrap
2024-04-23,25.54999924,25.75,25.5,25.54999924,82000,0,1,23.51199724,yahoo_bootstrap
2024-04-24,25.64999962,25.75,25.60000038,25.64999962,95000,0,1,23.60402107,yahoo_bootstrap
2024-04-25,25.5,25.89999962,25.5,25.75,33000,0,1,23.69604489,yahoo_bootstrap
2024-04-26,25.75,26,25.75,25.75,99000,0,1,23.69604489,yahoo_bootstrap
2024-04-29,26.20000076,26.25,26.04999924,26.25,67000,0,1,24.15616227,yahoo_bootstrap
2024-04-30,26.39999962,26.70000076,26.29999924,26.5,133075,0,1,24.38622096,yahoo_bootstrap
2024-05-02,26.39999962,26.75,26.39999962,26.60000038,40030,0,1,24.47824478,yahoo_bootstrap
2024-05-03,26.79999924,27.64999962,26.79999924,27.14999962,864040,0,1,24.9843732,yahoo_bootstrap
2024-05-06,27.64999962,27.79999924,27.14999962,27.20000076,292000,0,1,25.03038598,yahoo_bootstrap
2024-05-07,27.60000038,27.60000038,26.85000038,27.10000038,124000,0,1,24.93836216,yahoo_bootstrap
2024-05-08,27.10000038,27.20000076,27,27.04999924,91000,0,1,24.89234937,yahoo_bootstrap
2024-05-09,27.04999924,27.20000076,26.95000076,26.95000076,75000,0,1,24.8003273,yahoo_bootstrap
2024-05-10,27.39999962,27.39999962,26.95000076,27,47000,0,1,24.84633833,yahoo_bootstrap
2024-05-13,27,27.25,26.79999924,26.95000076,99000,0,1,24.8003273,yahoo_bootstrap
2024-05-14,26.95000076,27.25,26.75,27.14999962,78000,0,1,24.9843732,yahoo_bootstrap
2024-05-15,27,27.14999962,27,27.14999962,86000,0,1,24.9843732,yahoo_bootstrap
2024-05-16,27.35000038,27.35000038,26.85000038,26.85000038,112052,0,1,24.70830347,yahoo_bootstrap
2024-05-17,26.85000038,26.95000076,26.75,26.95000076,60171,0,1,24.8003273,yahoo_bootstrap
2024-05-20,26.95000076,27.14999962,26.79999924,26.89999962,78000,0,1,24.75431451,yahoo_bootstrap
2024-05-21,27.14999962,27.14999962,26.70000076,27,57000,0,1,24.84633833,yahoo_bootstrap
2024-05-22,27,27.04999924,26.70000076,26.85000038,148100,0,1,24.70830347,yahoo_bootstrap
2024-05-23,27.14999962,27.20000076,26.79999924,26.85000038,153000,0,1,24.70830347,yahoo_bootstrap
2024-05-24,26.79999924,27,26.70000076,27,90025,0,1,24.84633833,yahoo_bootstrap
2024-05-27,27.10000038,27.29999924,27,27.29999924,236001,0,1,25.12240806,yahoo_bootstrap
2024-05-28,27.35000038,27.39999962,27.10000038,27.29999924,244115,0,1,25.12240806,yahoo_bootstrap
2024-05-29,27.29999924,27.45000076,27.29999924,27.35000038,225000,0,1,25.16842085,yahoo_bootstrap
2024-05-30,27.20000076,27.79999924,27.20000076,27.25,288490,0,1,25.07639702,yahoo_bootstrap
2024-05-31,27.64999962,27.64999962,27.25,27.35000038,211000,0,1,25.16842085,yahoo_bootstrap
2024-06-03,27.39999962,27.75,27.25,27.35000038,111000,0,1,25.16842085,yahoo_bootstrap
2024-06-04,27.35000038,27.35000038,27.10000038,27.25,100025,0,1,25.07639702,yahoo_bootstrap
2024-06-05,27.29999924,27.45000076,27.04999924,27.14999962,56000,0,1,24.9843732,yahoo_bootstrap
2024-06-06,27.35000038,28.39999962,27.35000038,28.20000076,1478720,0,1,25.95062074,yahoo_bootstrap
2024-06-07,28.14999962,30.79999924,27.95000076,29.85000038,3765647,0,1,27.46900773,yahoo_bootstrap
2024-06-11,29.39999962,30.39999962,28.35000038,28.45000076,2481100,0,1,26.18067942,yahoo_bootstrap
2024-06-12,28.39999962,28.95000076,27.89999962,28.04999924,568000,0,1,25.81258412,yahoo_bootstrap
2024-06-13,28.14999962,28.60000038,27.60000038,28.35000038,398599,0,1,26.0886556,yahoo_bootstrap
2024-06-14,28.39999962,28.79999924,28.14999962,28.29999924,358049,0,1,26.04264281,yahoo_bootstrap
2024-06-17,28.45000076,30.14999962,28.35000038,29.70000076,1658370,0,1,27.33097287,yahoo_bootstrap
2024-06-18,29.70000076,29.75,29.14999962,29.20000076,652240,0,1,26.87085549,yahoo_bootstrap
2024-06-19,29.25,29.54999924,29.10000038,29.14999962,389185,0,1,26.8248427,yahoo_bootstrap
2024-06-20,29.5,29.79999924,29.14999962,29.35000038,366001,0,1,27.00889035,yahoo_bootstrap
2024-06-21,29.39999962,30.04999924,29.35000038,29.95000076,626999,0,1,27.56103155,yahoo_bootstrap
2024-06-24,30.10000038,30.60000038,29.70000076,29.95000076,1484005,0,1,27.56103155,yahoo_bootstrap
2024-06-25,29.95000076,30.29999924,29.20000076,29.75,476000,0,1,27.3769839,yahoo_bootstrap
2024-06-26,29.75,30.29999924,29.60000038,29.85000038,440080,0,1,27.46900773,yahoo_bootstrap
2024-06-27,29.85000038,30,29.10000038,29.10000038,361500,0,1,26.77883166,yahoo_bootstrap
2024-06-28,28.85000038,29.54999924,28.85000038,29.54999924,281813,0,1,27.19293625,yahoo_bootstrap
2024-07-01,29.54999924,29.54999924,28.89999962,29.35000038,271000,0,1,27.00889035,yahoo_bootstrap
2024-07-02,29.54999924,29.79999924,29.39999962,29.39999962,445000,0,1,27.05490139,yahoo_bootstrap
2024-07-03,28.64999962,29.29999924,28.64999962,29.10000038,280050,0.85,1,27.57609987,yahoo_bootstrap
2024-07-04,29.75,29.75,29.20000076,29.35000038,515051,0,1,27.81300794,yahoo_bootstrap
2024-07-05,29.75,30.25,29.64999962,30.10000038,845126,0,1,28.52373215,yahoo_bootstrap
2024-07-08,30.29999924,30.35000038,29,29.04999924,822100,0,1,27.52871717,yahoo_bootstrap
2024-07-09,29.25,29.25,28.10000038,28.35000038,405050,0,1,26.86537565,yahoo_bootstrap
2024-07-10,28.39999962,29,28.39999962,29,123020,0,1,27.48133628,yahoo_bootstrap
2024-07-11,29.10000038,29.39999962,28.79999924,29.29999924,561732,0,1,27.76562525,yahoo_bootstrap
2024-07-12,29.25,29.45000076,28.95000076,29.20000076,257650,0,1,27.67086346,yahoo_bootstrap
2024-07-15,29.5,29.5,28.54999924,28.85000038,209000,0,1,27.3391918,yahoo_bootstrap
2024-07-16,29,31.70000076,29,31.70000076,4372358,0,1,30.03994417,yahoo_bootstrap
2024-07-17,33,34.84999847,32.15000153,33,9700116,0,1,31.27186542,yahoo_bootstrap
2024-07-18,31.35000038,32.29999924,31.25,31.85000038,2110397,0,1,30.18208865,yahoo_bootstrap
2024-07-19,31.60000038,32.04999924,30.85000038,31.04999924,1347060,0,1,29.42398174,yahoo_bootstrap
2024-07-22,31.10000038,31.20000076,29.70000076,30.5,923100,0,1,28.90278471,yahoo_bootstrap
2024-07-23,31.14999962,31.39999962,30.5,30.60000038,607103,0,1,28.9975483,yahoo_bootstrap
2024-07-26,29.79999924,29.79999924,29,29.25,550200,0,1,27.71824435,yahoo_bootstrap
2024-07-29,29.29999924,29.60000038,28.35000038,28.35000038,674191,0,1,26.86537565,yahoo_bootstrap
2024-07-30,28.25,28.75,28.20000076,28.54999924,318000,0,1,27.05490103,yahoo_bootstrap
2024-07-31,28.60000038,29.29999924,28.29999924,28.70000076,537000,0,1,27.19704731,yahoo_bootstrap
2024-08-01,29,29.35000038,28.79999924,29.10000038,305000,0,1,27.57609987,yahoo_bootstrap
2024-08-02,28.45000076,28.70000076,27.75,27.79999924,614050,0,1,26.34417682,yahoo_bootstrap
2024-08-05,27,27,25.04999924,25.14999962,740101,0,1,23.83295162,yahoo_bootstrap
2024-08-06,25.64999962,25.70000076,23.79999924,25.10000038,670050,0,1,23.78557073,yahoo_bootstrap
2024-08-07,25,26.45000076,25,26.10000038,262000,0,1,24.73320301,yahoo_bootstrap
2024-08-08,26.10000038,26.45000076,25.54999924,26.04999924,179000,0,1,24.68582032,yahoo_bootstrap
2024-08-09,26.70000076,26.70000076,26.29999924,26.29999924,189000,0,1,24.92272839,yahoo_bootstrap
2024-08-12,26.39999962,26.79999924,26.35000038,26.35000038,194010,0,1,24.97011108,yahoo_bootstrap
2024-08-13,26.04999924,26.45000076,25.95000076,26.10000038,224000,0,1,24.73320301,yahoo_bootstrap
2024-08-14,26.20000076,26.70000076,26.14999962,26.14999962,296000,0,1,24.78058391,yahoo_bootstrap
2024-08-15,26.10000038,26.5,26,26.20000076,132000,0,1,24.8279666,yahoo_bootstrap
2024-08-16,26.39999962,26.79999924,26.39999962,26.5,181000,0,1,25.11225557,yahoo_bootstrap
2024-08-19,26.89999962,26.89999962,26.39999962,26.70000076,160000,0,1,25.30178274,yahoo_bootstrap
2024-08-20,26.89999962,27.04999924,26.75,26.79999924,102000,0,1,25.39654453,yahoo_bootstrap
2024-08-21,26.75,27.04999924,26.5,26.60000038,127000,0,1,25.20701915,yahoo_bootstrap
2024-08-22,26.60000038,26.95000076,26.60000038,26.70000076,93121,0,1,25.30178274,yahoo_bootstrap
2024-08-23,26.70000076,26.85000038,26.29999924,26.85000038,140000,0,1,25.44392723,yahoo_bootstrap
2024-08-26,26.89999962,27.29999924,26.75,26.95000076,195240,0,1,25.53869081,yahoo_bootstrap
2024-08-27,26.95000076,27.14999962,26.89999962,27.14999962,62000,0,1,25.72821619,yahoo_bootstrap
2024-08-28,26.89999962,27.20000076,26.89999962,27.10000038,116111,0,1,25.6808353,yahoo_bootstrap
2024-08-29,27,27.14999962,26.75,27,118000,0,1,25.58607171,yahoo_bootstrap
2024-08-30,27.04999924,27.39999962,27,27.04999924,176060,0,1,25.6334526,yahoo_bootstrap
2024-09-02,27.10000038,27.29999924,26.89999962,27.25,104000,0,1,25.82297978,yahoo_bootstrap
2024-09-03,27.25,27.35000038,26.89999962,26.95000076,93100,0,1,25.53869081,yahoo_bootstrap
2024-09-04,26,26.29999924,25.79999924,25.95000076,241000,0,1,24.59105853,yahoo_bootstrap
2024-09-05,26.14999962,26.54999924,25.75,25.95000076,130000,0,1,24.59105853,yahoo_bootstrap
2024-09-06,26,26.10000038,25.5,25.85000038,101010,0,1,24.49629494,yahoo_bootstrap
2024-09-09,26.25,26.25,25.35000038,26.20000076,134000,0,1,24.8279666,yahoo_bootstrap
2024-09-10,26.25,26.45000076,25.70000076,25.85000038,122050,0,1,24.49629494,yahoo_bootstrap
2024-09-11,25.89999962,26.20000076,25.89999962,25.95000076,81000,0,1,24.59105853,yahoo_bootstrap
2024-09-12,26.35000038,26.5,26.20000076,26.20000076,58050,0,1,24.8279666,yahoo_bootstrap
2024-09-13,26.45000076,26.45000076,26,26.04999924,72000,0,1,24.68582032,yahoo_bootstrap
2024-09-16,26.10000038,26.64999962,26.04999924,26.54999924,97261,0,1,25.15963646,yahoo_bootstrap
2024-09-18,26.5,26.70000076,26.10000038,26.14999962,79000,0,1,24.78058391,yahoo_bootstrap
2024-09-19,26.39999962,26.45000076,26.14999962,26.35000038,53041,0,1,24.97011108,yahoo_bootstrap
2024-09-20,26.35000038,26.54999924,26.20000076,26.35000038,67100,0,1,24.97011108,yahoo_bootstrap
2024-09-23,26.35000038,26.60000038,26.29999924,26.5,94808,0,1,25.11225557,yahoo_bootstrap
2024-09-24,26.54999924,26.79999924,26.5,26.54999924,83430,0,1,25.15963646,yahoo_bootstrap
2024-09-25,26.54999924,26.89999962,26.54999924,26.70000076,86000,0,1,25.30178274,yahoo_bootstrap
2024-09-26,26.79999924,27.14999962,26.79999924,26.85000038,224400,0,1,25.44392723,yahoo_bootstrap
2024-09-27,27.10000038,27.20000076,26.79999924,26.89999962,109854,0,1,25.49130812,yahoo_bootstrap
2024-09-30,26.79999924,27,26.64999962,26.70000076,44200,0,1,25.30178274,yahoo_bootstrap
2024-10-01,27.10000038,27.10000038,26.54999924,26.60000038,61000,0,1,25.20701915,yahoo_bootstrap
2024-10-04,26.85000038,26.89999962,26.20000076,26.79999924,98100,0,1,25.39654453,yahoo_bootstrap
2024-10-07,27,27.10000038,26.70000076,27,136000,0,1,25.58607171,yahoo_bootstrap
2024-10-08,27.14999962,29.54999924,27.04999924,28.45000076,1075048,0,1,26.96013924,yahoo_bootstrap
2024-10-09,28.35000038,28.60000038,27.45000076,27.45000076,501100,0,1,26.01250696,yahoo_bootstrap
2024-10-11,27.54999924,29,27.54999924,28.25,605003,0,1,26.77061207,yahoo_bootstrap
2024-10-14,28.85000038,28.85000038,27.85000038,28.10000038,241000,0,1,26.62846758,yahoo_bootstrap
2024-10-15,28.29999924,28.35000038,28,28,193000,0,1,26.53370399,yahoo_bootstrap
2024-10-16,27.95000076,28.64999962,27.95000076,28.20000076,188047,0,1,26.72323117,yahoo_bootstrap
2024-10-17,28.20000076,28.5,27.95000076,27.95000076,268060,0,1,26.4863231,yahoo_bootstrap
2024-10-18,28.14999962,28.60000038,27.89999962,28.54999924,302106,0,1,27.05490103,yahoo_bootstrap
2024-10-21,28.95000076,30.45000076,28.39999962,29.89999962,1959553,0,1,28.33420498,yahoo_bootstrap
2024-10-22,29.89999962,30.25,29.5,29.85000038,568070,0,1,28.28682408,yahoo_bootstrap
2024-10-23,29.89999962,30.45000076,29.70000076,30.14999962,531200,0,1,28.57111305,yahoo_bootstrap
2024-10-24,30.20000076,30.45000076,29.29999924,29.35000038,576200,0,1,27.81300794,yahoo_bootstrap
2024-10-25,29.39999962,29.60000038,29.25,29.39999962,173275,0,1,27.86038883,yahoo_bootstrap
2024-10-28,29.45000076,29.5,28.60000038,28.64999962,369200,0,1,27.14966462,yahoo_bootstrap
2024-10-29,28.54999924,28.79999924,28.35000038,28.39999962,170000,0,1,26.91275655,yahoo_bootstrap
2024-10-30,28.5,29,28.39999962,28.60000038,180339,0,1,27.10228373,yahoo_bootstrap
2024-11-01,28.04999924,28.64999962,28.04999924,28.35000038,130100,0,1,26.86537565,yahoo_bootstrap
2024-11-04,28.45000076,28.64999962,27.89999962,27.95000076,189370,0,1,26.4863231,yahoo_bootstrap
2024-11-05,28.04999924,28.29999924,27.89999962,27.95000076,81000,0,1,26.4863231,yahoo_bootstrap
2024-11-06,28.60000038,28.60000038,27.89999962,28,107100,0,1,26.53370399,yahoo_bootstrap
2024-11-07,28.14999962,28.39999962,28.04999924,28.39999962,77000,0,1,26.91275655,yahoo_bootstrap
2024-11-08,28.39999962,28.5,28,28.14999962,121000,0,1,26.67584848,yahoo_bootstrap
2024-11-11,27.5,27.79999924,26.79999924,27.5,307246,0,1,26.05988785,yahoo_bootstrap
2024-11-12,27.29999924,27.29999924,26.60000038,26.75,336050,0,1,25.34916364,yahoo_bootstrap
2024-11-13,26.64999962,27,26.64999962,26.79999924,97873,0,1,25.39654453,yahoo_bootstrap
2024-11-14,26.89999962,26.89999962,26.35000038,26.35000038,232010,0,1,24.97011108,yahoo_bootstrap
2024-11-15,26.39999962,26.75,26.20000076,26.60000038,91000,0,1,25.20701915,yahoo_bootstrap
2024-11-18,26.95000076,26.95000076,26.5,26.5,74000,0,1,25.11225557,yahoo_bootstrap
2024-11-19,26.60000038,26.75,26.60000038,26.64999962,52000,0,1,25.25440005,yahoo_bootstrap
2024-11-20,26.5,26.5,26.5,26.5,81526,0,1,25.11225557,yahoo_bootstrap
2024-11-21,26.75,26.85000038,26.5,26.5,92019,0,1,25.11225557,yahoo_bootstrap
2024-11-22,27.14999962,27.14999962,26.29999924,26.5,217000,0,1,25.11225557,yahoo_bootstrap
2024-11-25,26.89999962,27.14999962,26.64999962,27,154000,0,1,25.58607171,yahoo_bootstrap
2024-11-26,27,27,26.75,26.75,44000,0,1,25.34916364,yahoo_bootstrap
2024-11-27,26.64999962,27.04999924,26.25,26.29999924,139000,0,1,24.92272839,yahoo_bootstrap
2024-11-28,26.29999924,26.5,25.85000038,26.04999924,105332,0,1,24.68582032,yahoo_bootstrap
2024-11-29,25.95000076,26.35000038,25.89999962,26.10000038,78003,0,1,24.73320301,yahoo_bootstrap
2024-12-02,26.10000038,26.5,26,26,137000,0,1,24.63843942,yahoo_bootstrap
2024-12-03,26.20000076,26.60000038,26.14999962,26.14999962,78000,0,1,24.78058391,yahoo_bootstrap
2024-12-04,26.54999924,28.45000076,26.14999962,28.29999924,948090,0,1,26.81799296,yahoo_bootstrap
2024-12-05,28.45000076,28.60000038,27.5,27.75,556000,0,1,26.29679592,yahoo_bootstrap
2024-12-06,27.75,27.85000038,27.14999962,27.29999924,131074,0,1,25.87036067,yahoo_bootstrap
2024-12-09,27.35000038,28.04999924,27,27.54999924,440000,0,1,26.10726875,yahoo_bootstrap
2024-12-10,27.79999924,28,27.14999962,27.29999924,191010,0,1,25.87036067,yahoo_bootstrap
2024-12-11,27,27.29999924,26.79999924,27.10000038,72000,0,1,25.6808353,yahoo_bootstrap
2024-12-12,27.14999962,27.45000076,26.75,26.79999924,117000,0,1,25.39654453,yahoo_bootstrap
2024-12-13,26.60000038,26.79999924,26.39999962,26.39999962,107000,0,1,25.01749198,yahoo_bootstrap
2024-12-16,26.39999962,26.39999962,26,26,143020,0,1,24.63843942,yahoo_bootstrap
2024-12-17,26,26.29999924,26,26.10000038,55000,0,1,24.73320301,yahoo_bootstrap
2024-12-18,26.20000076,26.20000076,26,26.10000038,61000,0,1,24.73320301,yahoo_bootstrap
2024-12-19,26,26.14999962,25.60000038,25.75,110001,0,1,24.40153135,yahoo_bootstrap
2024-12-20,25.75,26.60000038,25.70000076,26.39999962,208020,0,1,25.01749198,yahoo_bootstrap
2024-12-23,26.45000076,26.45000076,26.04999924,26.20000076,91000,0,1,24.8279666,yahoo_bootstrap
2024-12-24,26.35000038,26.54999924,25.70000076,25.85000038,161006,0,1,24.49629494,yahoo_bootstrap
2024-12-25,25.89999962,26.54999924,25.89999962,26.10000038,96000,0,1,24.73320301,yahoo_bootstrap
2024-12-26,26.10000038,26.45000076,26,26.10000038,63123,0,1,24.73320301,yahoo_bootstrap
2024-12-27,26.20000076,26.29999924,25.85000038,25.89999962,60000,0,1,24.54367583,yahoo_bootstrap
2024-12-30,25.95000076,26.35000038,25.95000076,26,53000,0,1,24.63843942,yahoo_bootstrap
2024-12-31,26.10000038,26.35000038,25.89999962,26.20000076,64000,0,1,24.8279666,yahoo_bootstrap
2025-01-02,26.04999924,26.14999962,25.89999962,25.89999962,87000,0,1,24.54367583,yahoo_bootstrap
2025-01-03,25.89999962,26.20000076,25.60000038,25.60000038,73110,0,1,24.25938687,yahoo_bootstrap
2025-01-06,25.79999924,26.04999924,25.5,25.79999924,108016,0,1,24.44891225,yahoo_bootstrap
2025-01-07,25.79999924,26,25.5,25.60000038,72001,0,1,24.25938687,yahoo_bootstrap
2025-01-08,25.54999924,25.79999924,25.5,25.64999962,32229,0,1,24.30676776,yahoo_bootstrap
2025-01-09,25.60000038,25.85000038,24.85000038,24.95000076,121023,0,1,23.64342624,yahoo_bootstrap
2025-01-10,24.95000076,25.20000076,24.39999962,24.79999924,97000,0,1,23.50127996,yahoo_bootstrap
2025-01-13,24.95000076,24.95000076,23.54999924,23.70000076,212480,0,1,22.45888589,yahoo_bootstrap
2025-01-14,23.89999962,23.95000076,23.04999924,23.54999924,229950,0,1,22.3167396,yahoo_bootstrap
2025-01-15,23.60000038,23.85000038,23.39999962,23.70000076,85147,0,1,22.45888589,yahoo_bootstrap
2025-01-16,23.89999962,24.10000038,23.79999924,24,83000,0,1,22.74317485,yahoo_bootstrap
2025-01-17,24,24,23.54999924,23.64999962,60070,0,1,22.41150319,yahoo_bootstrap
2025-01-20,23.79999924,23.79999924,23.54999924,23.75,58020,0,1,22.50626678,yahoo_bootstrap
2025-01-21,23.95000076,24.10000038,23.79999924,23.85000038,58001,0,1,22.60103037,yahoo_bootstrap
2025-01-22,23.89999962,24.10000038,23.79999924,23.79999924,101000,0,1,22.55364767,yahoo_bootstrap
2025-02-03,23.79999924,23.79999924,23,23.39999962,132043,0,1,22.17459512,yahoo_bootstrap
2025-02-04,23.5,23.64999962,23.39999962,23.60000038,31000,0,1,22.3641223,yahoo_bootstrap
2025-02-05,23.70000076,24.60000038,23.60000038,24.54999924,170030,0,1,23.26437189,yahoo_bootstrap
2025-02-06,24.85000038,24.85000038,24.5,24.5,76000,0,1,23.21699099,yahoo_bootstrap
2025-02-07,24.39999962,24.60000038,24.35000038,24.54999924,40210,0,1,23.26437189,yahoo_bootstrap
2025-02-10,24.89999962,25.35000038,24.85000038,25.25,169020,0,1,23.92771521,yahoo_bootstrap
2025-02-11,25.39999962,25.39999962,25.04999924,25.20000076,92000,0,1,23.88033431,yahoo_bootstrap
2025-02-12,25.60000038,25.60000038,24.89999962,24.89999962,76269,0,1,23.59604355,yahoo_bootstrap
2025-02-13,25.10000038,25.5,25.10000038,25.39999962,62100,0,1,24.06985969,yahoo_bootstrap
2025-02-14,25.25,25.29999924,25.10000038,25.10000038,38000,0,1,23.78557073,yahoo_bootstrap
2025-02-17,25.20000076,25.45000076,25.10000038,25.29999924,57001,0,1,23.9750961,yahoo_bootstrap
2025-02-18,25.29999924,25.39999962,24.64999962,25.10000038,62000,0,1,23.78557073,yahoo_bootstrap
2025-02-19,25.04999924,25.45000076,25.04999924,25.29999924,49000,0,1,23.9750961,yahoo_bootstrap
2025-02-20,25.29999924,25.5,25.10000038,25.29999924,85000,0,1,23.9750961,yahoo_bootstrap
2025-02-21,25.29999924,25.45000076,25.29999924,25.35000038,39052,0,1,24.0224788,yahoo_bootstrap
2025-02-24,25.35000038,25.5,25.10000038,25.25,64000,0,1,23.92771521,yahoo_bootstrap
2025-02-25,25.14999962,25.39999962,25.10000038,25.14999962,49000,0,1,23.83295162,yahoo_bootstrap
2025-02-26,25.14999962,25.39999962,25.10000038,25.39999962,75400,0,1,24.06985969,yahoo_bootstrap
2025-02-27,25.5,25.5,25.20000076,25.35000038,80200,0,1,24.0224788,yahoo_bootstrap
2025-03-03,25.14999962,25.25,25.04999924,25.10000038,50000,0,1,23.78557073,yahoo_bootstrap
2025-03-04,24.85000038,26.25,24.70000076,26.25,379094,0,1,24.87534749,yahoo_bootstrap
2025-03-05,26.39999962,28.54999924,26.39999962,27.29999924,2634200,0,1,25.87036067,yahoo_bootstrap
2025-03-06,27.75,27.79999924,26.79999924,26.79999924,471384,0,1,25.39654453,yahoo_bootstrap
2025-03-07,26.60000038,26.89999962,26.5,26.64999962,147000,0,1,25.25440005,yahoo_bootstrap
2025-03-10,26.54999924,26.54999924,25.60000038,26,457000,0,1,24.63843942,yahoo_bootstrap
2025-03-11,25.64999962,25.64999962,25.04999924,25.39999962,210907,0,1,24.06985969,yahoo_bootstrap
2025-03-12,25.45000076,25.70000076,25.25,25.25,139010,0,1,23.92771521,yahoo_bootstrap
2025-03-13,25.29999924,25.5,24.85000038,24.85000038,174011,0,1,23.54866265,yahoo_bootstrap
2025-03-14,24.85000038,25.25,24.79999924,25.25,101000,0,1,23.92771521,yahoo_bootstrap
2025-03-17,25.29999924,25.5,25.10000038,25.10000038,85000,0,1,23.78557073,yahoo_bootstrap
2025-03-18,25.39999962,25.60000038,25.14999962,25.35000038,120200,0,1,24.0224788,yahoo_bootstrap
2025-03-19,25.35000038,25.45000076,25.14999962,25.14999962,62100,0,1,23.83295162,yahoo_bootstrap
2025-03-20,25.20000076,25.54999924,25.20000076,25.35000038,60000,0,1,24.0224788,yahoo_bootstrap
2025-03-21,25.25,25.35000038,25.10000038,25.10000038,72000,0,1,23.78557073,yahoo_bootstrap
2025-03-24,25.10000038,25.25,24.95000076,25,85015,0,1,23.69080714,yahoo_bootstrap
2025-03-25,25,25.25,24.85000038,24.89999962,114884,0,1,23.59604355,yahoo_bootstrap
2025-03-26,24.89999962,25.04999924,24.89999962,24.95000076,53000,0,1,23.64342624,yahoo_bootstrap
2025-03-27,24.95000076,25,24.70000076,24.70000076,44010,0,1,23.40651817,yahoo_bootstrap
2025-03-28,24.64999962,24.64999962,24.04999924,24.10000038,165001,0,1,22.83793844,yahoo_bootstrap
2025-03-31,23.54999924,23.64999962,23.14999962,23.20000076,226114,0,1,21.98506974,yahoo_bootstrap
2025-04-01,23.45000076,23.95000076,23.25,23.95000076,75064,0,1,22.69579396,yahoo_bootstrap
2025-04-02,23.5,23.85000038,23.39999962,23.79999924,90000,0,1,22.55364767,yahoo_bootstrap
2025-04-07,21.45000076,21.45000076,21.45000076,21.45000076,47147,0,1,20.32671324,yahoo_bootstrap
2025-04-08,19.45000076,19.54999924,19.35000038,19.35000038,862000,0,1,18.33668508,yahoo_bootstrap
2025-04-09,19.35000038,19.35000038,17.60000038,17.79999924,414113,0,1,16.86785396,yahoo_bootstrap
2025-04-10,19.25,19.54999924,19.04999924,19.54999924,205000,0,1,18.52621046,yahoo_bootstrap
2025-04-11,19.35000038,20.20000076,18.89999962,20.10000038,183103,0,1,19.0474093,yahoo_bootstrap
2025-04-14,20.14999962,20.95000076,20.14999962,20.25,134957,0,1,19.18955378,yahoo_bootstrap
2025-04-15,20.45000076,21,20.29999924,20.89999962,108029,0,1,19.80551441,yahoo_bootstrap
2025-04-16,20.85000038,20.89999962,20.70000076,20.70000076,32009,0,1,19.61598903,yahoo_bootstrap
2025-04-17,20.70000076,21,20.60000038,20.70000076,49000,0,1,19.61598903,yahoo_bootstrap
2025-04-18,20.70000076,21,20.64999962,20.64999962,31000,0,1,19.56860634,yahoo_bootstrap
2025-04-21,20.75,20.75,20.20000076,20.29999924,40001,0,1,19.23693468,yahoo_bootstrap
2025-04-22,20.25,20.5,20.04999924,20.29999924,33000,0,1,19.23693468,yahoo_bootstrap
2025-04-23,20.29999924,20.89999962,20.29999924,20.70000076,51000,0,1,19.61598903,yahoo_bootstrap
2025-04-24,20.89999962,20.89999962,20.64999962,20.70000076,34000,0,1,19.61598903,yahoo_bootstrap
2025-04-25,20.85000038,21.14999962,20.79999924,21.04999924,90000,0,1,19.94765889,yahoo_bootstrap
2025-04-28,21.60000038,21.60000038,21.25,21.35000038,73000,0,1,20.23194966,yahoo_bootstrap
2025-04-29,21.35000038,21.95000076,21.35000038,21.79999924,71005,0,1,20.6583831,yahoo_bootstrap
2025-04-30,21.64999962,21.79999924,21.60000038,21.60000038,46022,0,1,20.46885773,yahoo_bootstrap
2025-05-02,21.54999924,21.89999962,21.54999924,21.79999924,66000,0,1,20.6583831,yahoo_bootstrap
2025-05-05,21.79999924,22,21,21.45000076,54000,0,1,20.32671324,yahoo_bootstrap
2025-05-06,21.29999924,21.95000076,21.25,21.75,30909,0,1,20.61100221,yahoo_bootstrap
2025-05-07,21.70000076,21.95000076,21.60000038,21.85000038,43143,0,1,20.7057658,yahoo_bootstrap
2025-05-08,21.95000076,22.20000076,21.85000038,22.14999962,40000,0,1,20.99005476,yahoo_bootstrap
2025-05-09,22,22.29999924,21.64999962,22,43000,0,1,20.84791028,yahoo_bootstrap
2025-05-12,22.10000038,22.89999962,22.10000038,22.39999962,59015,0,1,21.22696284,yahoo_bootstrap
2025-05-13,22.64999962,23.10000038,22.5,22.89999962,145150,0,1,21.70077898,yahoo_bootstrap
2025-05-14,22.89999962,23.35000038,22.89999962,23.29999924,87010,0,1,22.07983153,yahoo_bootstrap
2025-05-15,23.29999924,23.5,23.10000038,23.29999924,56000,0,1,22.07983153,yahoo_bootstrap
2025-05-16,23.5,23.70000076,23.29999924,23.29999924,66000,0,1,22.07983153,yahoo_bootstrap
2025-05-19,23.64999962,23.64999962,23.10000038,23.10000038,86000,0,1,21.89030616,yahoo_bootstrap
2025-05-20,23.20000076,23.60000038,23.20000076,23.60000038,80798,0,1,22.3641223,yahoo_bootstrap
2025-05-21,23.60000038,23.79999924,23.60000038,23.79999924,64000,0,1,22.55364767,yahoo_bootstrap
2025-05-22,23.5,23.85000038,23.5,23.54999924,84183,0,1,22.3167396,yahoo_bootstrap
2025-05-23,23.54999924,23.60000038,23.5,23.5,26000,0,1,22.26935871,yahoo_bootstrap
2025-05-26,23.20000076,23.70000076,23.20000076,23.5,22000,0,1,22.26935871,yahoo_bootstrap
2025-05-27,23.5,23.5,23.35000038,23.45000076,35000,0,1,22.22197782,yahoo_bootstrap
2025-05-28,23.45000076,23.70000076,23.10000038,23.60000038,34047,0,1,22.3641223,yahoo_bootstrap
2025-05-29,23.60000038,23.75,23.29999924,23.35000038,71000,0,1,22.12721423,yahoo_bootstrap
2025-06-02,23,23,22.20000076,22.54999924,74000,0,1,21.36910732,yahoo_bootstrap
2025-06-03,22.54999924,22.79999924,22.5,22.54999924,16000,0,1,21.36910732,yahoo_bootstrap
2025-06-04,22.54999924,23.20000076,22.54999924,22.89999962,29010,0,1,21.70077898,yahoo_bootstrap
2025-06-05,22.89999962,23.29999924,22.70000076,22.79999924,62000,0,1,21.60601539,yahoo_bootstrap
2025-06-06,22.79999924,23.29999924,22.79999924,22.89999962,26000,0,1,21.70077898,yahoo_bootstrap
2025-06-09,22.89999962,23.25,22.75,22.79999924,38060,0,1,21.60601539,yahoo_bootstrap
2025-06-10,22.95000076,23.25,22.95000076,23.10000038,62000,0,1,21.89030616,yahoo_bootstrap
2025-06-11,23.35000038,23.39999962,23,23.20000076,93005,0,1,21.98506974,yahoo_bootstrap
2025-06-12,23,23.20000076,23,23.20000076,45000,0,1,21.98506974,yahoo_bootstrap
2025-06-13,23,23,22.64999962,23,13000,0,1,21.79554257,yahoo_bootstrap
2025-06-16,22.45000076,22.75,22.29999924,22.70000076,57120,0,1,21.5112536,yahoo_bootstrap
2025-06-17,22.70000076,22.75,22.54999924,22.60000038,21000,0,1,21.41649001,yahoo_bootstrap
2025-06-18,22.60000038,22.60000038,22.5,22.54999924,18020,0,1,21.36910732,yahoo_bootstrap
2025-06-19,22.35000038,22.54999924,22.25,22.45000076,33000,0,1,21.27434553,yahoo_bootstrap
2025-06-20,22.29999924,22.39999962,21.79999924,22.39999962,52000,0,1,21.22696284,yahoo_bootstrap
2025-06-23,21.75,22.04999924,21.70000076,21.79999924,22010,0,1,20.6583831,yahoo_bootstrap
2025-06-24,22,22.89999962,22,22.60000038,48010,0,1,21.41649001,yahoo_bootstrap
2025-06-25,22.70000076,22.79999924,22.45000076,22.45000076,29000,0,1,21.27434553,yahoo_bootstrap
2025-06-26,22.54999924,22.70000076,22.35000038,22.45000076,34000,0,1,21.27434553,yahoo_bootstrap
2025-06-27,22.60000038,22.70000076,22.35000038,22.39999962,35050,0,1,21.22696284,yahoo_bootstrap
2025-06-30,22.5,22.64999962,22.25,22.39999962,37000,0,1,21.22696284,yahoo_bootstrap
2025-07-01,22.39999962,22.79999924,22.39999962,22.64999962,16000,0,1,21.46387091,yahoo_bootstrap
2025-07-02,22.95000076,22.95000076,22.60000038,22.64999962,40000,0,1,21.46387091,yahoo_bootstrap
2025-07-03,22.70000076,23.60000038,22.70000076,22.79999924,86005,0,1,21.60601539,yahoo_bootstrap
2025-07-04,23,23,22.5,22.79999924,38000,0,1,21.60601539,yahoo_bootstrap
2025-07-07,22.45000076,22.70000076,22.45000076,22.70000076,10000,0,1,21.5112536,yahoo_bootstrap
2025-07-08,22.95000076,22.95000076,22.35000038,22.79999924,16000,0,1,21.60601539,yahoo_bootstrap
2025-07-09,22.79999924,22.79999924,22.5,22.60000038,51010,0,1,21.41649001,yahoo_bootstrap
2025-07-10,22.70000076,22.89999962,22.5,22.79999924,14050,0,1,21.60601539,yahoo_bootstrap
2025-07-11,22.95000076,23.29999924,22.95000076,23.14999962,82197,0,1,21.93768705,yahoo_bootstrap
2025-07-14,23.25,23.25,22.89999962,22.89999962,26123,0,1,21.70077898,yahoo_bootstrap
2025-07-15,22.5,22.79999924,22.45000076,22.75,123000,0,1,21.5586345,yahoo_bootstrap
2025-07-16,22.75,23.14999962,22.70000076,22.95000076,105100,0,1,21.74816167,yahoo_bootstrap
2025-07-17,22.10000038,22.35000038,21.95000076,22.10000038,55000,1,1,21.89678199,yahoo_bootstrap
2025-07-18,22.04999924,22.39999962,22,22,35000,0,1,21.79770115,yahoo_bootstrap
2025-07-21,22.14999962,22.39999962,22.14999962,22.29999924,20287,0,1,22.09494178,yahoo_bootstrap
2025-07-22,22.10000038,22.20000076,21.79999924,22,33000,0,1,21.79770115,yahoo_bootstrap
2025-07-23,22.04999924,22.95000076,21.85000038,22.60000038,133002,0,1,22.39218428,yahoo_bootstrap
2025-07-24,22.75,23.35000038,22.75,22.89999962,97200,0,1,22.68942491,yahoo_bootstrap
2025-07-25,22.89999962,23.29999924,22.5,22.75,101000,0,1,22.5408046,yahoo_bootstrap
2025-07-28,22.75,23.04999924,22.75,22.89999962,175000,0,1,22.68942491,yahoo_bootstrap
2025-07-29,22.95000076,23,22.64999962,22.95000076,54000,0,1,22.73896627,yahoo_bootstrap
2025-07-30,22.95000076,23,22.70000076,22.85000038,55000,0,1,22.63988543,yahoo_bootstrap
2025-07-31,22.89999962,22.89999962,22.5,22.64999962,52000,0,1,22.44172376,yahoo_bootstrap
2025-08-04,22.70000076,22.85000038,22.70000076,22.79999924,55000,0,1,22.59034407,yahoo_bootstrap
2025-08-05,22,22.29999924,21.5,22.04999924,301150,0,1,21.84724063,yahoo_bootstrap
2025-08-06,22.25,22.45000076,22,22.14999962,138000,0,1,21.94632146,yahoo_bootstrap
2025-08-07,22.14999962,22.14999962,21.60000038,21.79999924,70000,0,1,21.59953948,yahoo_bootstrap
2025-08-08,21.89999962,21.89999962,21.54999924,21.64999962,57322,0,1,21.45091916,yahoo_bootstrap
2025-08-11,21.60000038,21.79999924,21.60000038,21.70000076,43000,0,1,21.50046052,yahoo_bootstrap
2025-08-12,21.70000076,21.75,21.54999924,21.60000038,94015,0,1,21.40137969,yahoo_bootstrap
2025-08-13,21.79999924,22,21.64999962,21.70000076,61333,0,1,21.50046052,yahoo_bootstrap
2025-08-14,22,22,21.54999924,21.64999962,41000,0,1,21.45091916,yahoo_bootstrap
2025-08-15,21.64999962,21.95000076,21.60000038,21.89999962,114061,0,1,21.69862031,yahoo_bootstrap
2025-08-18,21.79999924,22.45000076,21.60000038,22.14999962,162000,0,1,21.94632146,yahoo_bootstrap
2025-08-19,22.14999962,23.39999962,22.04999924,23,473000,0,1,22.78850575,yahoo_bootstrap
2025-08-20,23.45000076,23.45000076,22.5,22.54999924,429000,0,1,22.34264293,yahoo_bootstrap
2025-08-21,22.60000038,22.95000076,22.60000038,22.70000076,91000,0,1,22.49126512,yahoo_bootstrap
2025-08-22,22.70000076,22.79999924,22.60000038,22.75,60223,0,1,22.5408046,yahoo_bootstrap
2025-08-25,23,23.35000038,22.70000076,22.75,198616,0,1,22.5408046,yahoo_bootstrap
2025-08-26,22.75,22.85000038,22.5,22.5,45000,0,1,22.29310345,yahoo_bootstrap
2025-08-27,22.45000076,23,22.45000076,22.5,78000,0,1,22.29310345,yahoo_bootstrap
2025-08-28,22.75,23,22.5,22.70000076,63000,0,1,22.49126512,yahoo_bootstrap
2025-08-29,22.89999962,23,22.60000038,22.64999962,51024,0,1,22.44172376,yahoo_bootstrap
2025-09-01,22.70000076,23,22.5,22.60000038,78000,0,1,22.39218428,yahoo_bootstrap
2025-09-02,22.60000038,23,22.60000038,22.85000038,79070,0,1,22.63988543,yahoo_bootstrap
2025-09-03,22.89999962,23,22.60000038,22.85000038,63143,0,1,22.63988543,yahoo_bootstrap
2025-09-04,22.64999962,22.79999924,22.60000038,22.60000038,86000,0,1,22.39218428,yahoo_bootstrap
2025-09-05,22.60000038,23.10000038,22.60000038,22.89999962,135603,0,1,22.68942491,yahoo_bootstrap
2025-09-08,22.70000076,22.85000038,22.45000076,22.54999924,120333,0,1,22.34264293,yahoo_bootstrap
2025-09-09,22.45000076,23,22.39999962,22.75,74402,0,1,22.5408046,yahoo_bootstrap
2025-09-10,22.60000038,22.70000076,22.39999962,22.39999962,71000,0,1,22.19402261,yahoo_bootstrap
2025-09-11,22.5,22.60000038,21.95000076,21.95000076,99010,0,1,21.74816167,yahoo_bootstrap
2025-09-12,22.25,22.54999924,22.10000038,22.10000038,169100,0,1,21.89678199,yahoo_bootstrap
2025-09-15,22.20000076,22.20000076,21.85000038,21.95000076,138021,0,1,21.74816167,yahoo_bootstrap
2025-09-16,21.79999924,22.39999962,21.79999924,22.14999962,102372,0,1,21.94632146,yahoo_bootstrap
2025-09-17,22.14999962,22.79999924,22.14999962,22.25,133084,0,1,22.0454023,yahoo_bootstrap
2025-09-18,22.45000076,22.79999924,22.39999962,22.75,168017,0,1,22.5408046,yahoo_bootstrap
2025-09-19,22.85000038,24.60000038,22.75,24.5,2361056,0,1,24.27471264,yahoo_bootstrap
2025-09-22,25.5,26.39999962,24.70000076,25.70000076,2592771,0,1,25.46367891,yahoo_bootstrap
2025-09-23,25.75,25.79999924,24.10000038,24.70000076,846500,0,1,24.47287432,yahoo_bootstrap
2025-09-24,24.45000076,26.45000076,24.04999924,25.89999962,1529282,0,1,25.6618387,yahoo_bootstrap
2025-09-25,25.64999962,26.45000076,24.64999962,24.79999924,1200179,0,1,24.57195327,yahoo_bootstrap
2025-09-26,24.39999962,26.14999962,24.20000076,24.54999924,1276000,0,1,24.32425212,yahoo_bootstrap
2025-09-30,25,25,24.25,24.95000076,474360,0,1,24.72057547,yahoo_bootstrap
2025-10-01,24.95000076,25.5,24.39999962,24.70000076,336000,0,1,24.47287432,yahoo_bootstrap
2025-10-02,24.70000076,24.85000038,24.04999924,24.04999924,231100,0,1,23.82884982,yahoo_bootstrap
2025-10-03,24.5,25,23.89999962,23.89999962,304900,0,1,23.68022951,yahoo_bootstrap
2025-10-07,24.20000076,24.89999962,24.10000038,24.54999924,228010,0,1,24.32425212,yahoo_bootstrap
2025-10-08,24.95000076,24.95000076,24.54999924,24.60000038,175281,0,1,24.37379348,yahoo_bootstrap
2025-10-09,24.89999962,24.89999962,24.39999962,24.54999924,192000,0,1,24.32425212,yahoo_bootstrap
2025-10-13,23.39999962,24.29999924,23.10000038,24,115000,0,1,23.77931034,yahoo_bootstrap
2025-10-14,23.89999962,24,23.20000076,23.20000076,270000,0,1,22.98666742,yahoo_bootstrap
2025-10-15,23.20000076,23.39999962,23.10000038,23.14999962,187000,0,1,22.93712606,yahoo_bootstrap
2025-10-16,23.39999962,23.79999924,23.25,23.45000076,157001,0,1,23.23436857,yahoo_bootstrap
2025-10-17,23.64999962,25.20000076,23.64999962,24.45000076,879001,0,1,24.22517317,yahoo_bootstrap
2025-10-20,26.85000038,26.85000038,26.85000038,26.85000038,797552,0,1,26.60310382,yahoo_bootstrap
2025-10-21,29.5,29.5,29.5,29.5,1017487,0,1,29.22873563,yahoo_bootstrap
2025-10-22,30.29999924,31.10000038,29,30.35000038,12477350,0,1,30.07091992,yahoo_bootstrap
2025-10-23,30.25,31.5,29.64999962,29.64999962,7711396,0,1,29.37735595,yahoo_bootstrap
2025-10-27,30.10000038,32,29.20000076,31.79999924,5710772,0,1,31.50758545,yahoo_bootstrap
2025-10-28,31.20000076,31.20000076,30.04999924,30.64999962,3558059,0,1,30.36816054,yahoo_bootstrap
2025-10-29,30.5,31.10000038,28.70000076,29,2425809,0,1,28.73333333,yahoo_bootstrap
2025-10-30,29.25,29.75,28.20000076,28.39999962,1372020,0,1,28.1388502,yahoo_bootstrap
2025-10-31,28.39999962,28.64999962,27.35000038,27.5,1036010,0,1,27.24712644,yahoo_bootstrap
2025-11-03,27.70000076,28.20000076,27.25,27.79999924,713000,0,1,27.54436706,yahoo_bootstrap
2025-11-04,27.95000076,27.95000076,26.39999962,26.45000076,1037030,0,1,26.20678236,yahoo_bootstrap
2025-11-05,26.04999924,26.39999962,25.29999924,25.29999924,875000,0,1,25.06735557,yahoo_bootstrap
2025-11-06,25.60000038,26.60000038,25.54999924,26.25,953000,0,1,26.00862069,yahoo_bootstrap
2025-11-07,25.89999962,25.89999962,25.14999962,25.45000076,395030,0,1,25.21597776,yahoo_bootstrap
2025-11-10,25.54999924,25.85000038,24.70000076,25.60000038,613190,0,1,25.36459808,yahoo_bootstrap
2025-11-11,25.85000038,28.14999962,25.85000038,28.14999962,1534022,0,1,27.89114905,yahoo_bootstrap
2025-11-12,29.5,30.95000076,29.10000038,30.95000076,5643000,0,1,30.66540305,yahoo_bootstrap
2025-11-13,31.5,34,31.45000076,34,9301277,0,1,33.68735632,yahoo_bootstrap
2025-11-14,35.34999847,37.40000153,35.34999847,37.40000153,12944084,0,1,37.05609347,yahoo_bootstrap
2025-11-17,39.45000076,40.34999847,35.90000153,35.90000153,22374422,0,1,35.56988657,yahoo_bootstrap
2025-11-18,35.90000153,39.45000076,35.5,36.90000153,23141109,0,1,36.56069117,yahoo_bootstrap
2025-11-19,35.79999924,36.75,34.09999847,34.75,2551060,0,1,34.43045977,yahoo_bootstrap
2025-11-20,35.79999924,36.5,34.90000153,35.70000076,1167107,0,1,35.37172489,yahoo_bootstrap
2025-11-21,34.65000153,36.45000076,34.65000153,35.40000153,765061,0,1,35.07448427,yahoo_bootstrap
2025-11-24,36.84999847,36.84999847,35.70000076,36,627449,0,1,35.66896552,yahoo_bootstrap
2025-11-25,36.59999847,36.59999847,33.09999847,33.79999924,1208147,0,1,33.48919465,yahoo_bootstrap
2025-11-26,34.25,34.25,33,33.34999847,666902,0,1,33.04333182,yahoo_bootstrap
2025-11-27,33.34999847,36.65000153,33.34999847,36.65000153,1234405,0,1,36.31299002,yahoo_bootstrap
2025-11-28,37,38.5,37,37.40000153,1383376,0,1,37.05609347,yahoo_bootstrap
2025-12-01,38,38.5,37.59999847,38,1267205,0,1,37.65057471,yahoo_bootstrap
2025-12-02,38.40000153,40.04999924,38.15000153,40.04999924,2689688,0,1,39.68172338,yahoo_bootstrap
2025-12-03,41.20000076,44.04999924,41,44.04999924,4426100,0,1,43.64494178,yahoo_bootstrap
2025-12-04,48,48.20000076,42.04999924,43.04999924,21065211,0,1,42.65413718,yahoo_bootstrap
2025-12-05,42.34999847,42.79999924,40.79999924,42.09999847,4939397,0,1,41.71287205,yahoo_bootstrap
2025-12-08,41.40000153,45.59999847,41.09999847,45.29999924,8819977,0,1,44.88344752,yahoo_bootstrap
2025-12-09,44.09999847,48.25,43.65000153,45.29999924,13144198,0,1,44.88344752,yahoo_bootstrap
2025-12-10,45.29999924,48,44.40000153,44.45000076,8622974,0,1,44.04126512,yahoo_bootstrap
2025-12-11,44.54999924,45.95000076,42.95000076,43,4074495,0,1,42.6045977,yahoo_bootstrap
2025-12-12,43,43.09999847,41,41.45000076,4170965,0,1,41.06885133,yahoo_bootstrap
2025-12-15,41,45,40.65000153,41.79999924,4939325,0,1,41.41563143,yahoo_bootstrap
2025-12-16,42.20000076,43.79999924,40.59999847,41.20000076,3609720,0,1,40.82115018,yahoo_bootstrap
2025-12-17,42.90000153,45.29999924,42.29999924,45.29999924,8193340,0,1,44.88344752,yahoo_bootstrap
2025-12-18,45.25,46.45000076,43.34999847,43.65000153,15196284,0,1,43.24862221,yahoo_bootstrap
2025-12-19,44.54999924,44.79999924,42.5,42.79999924,3577015,0,1,42.40643603,yahoo_bootstrap
2025-12-22,42.5,43.90000153,42,43.15000153,3633800,0,1,42.75321991,yahoo_bootstrap
2025-12-23,43.75,45.90000153,43.20000076,45.04999924,11139421,0,1,44.63574637,yahoo_bootstrap
2025-12-24,46.5,49,44.84999847,44.84999847,13617507,0,1,44.43758469,yahoo_bootstrap
2025-12-26,44.25,45,43.90000153,44.20000076,2955530,0,1,43.79356397,yahoo_bootstrap
2025-12-29,44.59999847,45.09999847,43,43.09999847,1969588,0,1,42.70367664,yahoo_bootstrap
2025-12-30,42.59999847,44.20000076,41.79999924,41.84999847,2887600,0,1,41.4651709,yahoo_bootstrap
2025-12-31,42.75,45.40000153,41.75,44.04999924,6149337,0,1,43.64494178,yahoo_bootstrap
2026-01-02,47.20000076,48.45000076,47,48.45000076,10873690,0,1,48.00448351,yahoo_bootstrap
2026-01-05,51.59999847,53.20000076,51.59999847,53.20000076,6170442,0,1,52.71080535,yahoo_bootstrap
2026-01-06,51,51.20000076,48.04999924,49.25,18136072,0,1,48.79712644,yahoo_bootstrap
2026-01-07,50,50.40000153,46.79999924,47.79999924,7619235,0,1,47.36045902,yahoo_bootstrap
2026-01-08,47.79999924,47.79999924,45.5,45.5,3641748,0,1,45.0816092,yahoo_bootstrap
2026-01-09,46.84999847,49.45000076,45.70000076,48,10460614,0,1,47.55862069,yahoo_bootstrap
2026-01-12,49,50.70000076,48.40000153,48.79999924,13337107,0,1,48.35126361,yahoo_bootstrap
2026-01-13,48.79999924,50.5,47.15000153,50.20000076,5736085,0,1,49.73839156,yahoo_bootstrap
2026-01-14,52.70000076,55.20000076,52,55.20000076,7803921,0,1,54.69241455,yahoo_bootstrap
2026-01-15,59,60.70000076,58.09999847,60.70000076,14523336,0,1,60.14183983,yahoo_bootstrap
2026-01-16,61,61.20000076,55,55.59999847,20674694,0,1,55.08873412,yahoo_bootstrap
2026-01-19,57.29999924,61.09999847,56.09999847,61.09999847,18422621,0,1,60.5381594,yahoo_bootstrap
2026-01-20,58.70000076,64.19999695,58.40000153,60.70000076,15233902,0,1,60.14183983,yahoo_bootstrap
2026-01-21,59.20000076,60.20000076,56.59999847,57.09999847,5527690,0,1,56.57494101,yahoo_bootstrap
2026-01-22,60.5,62.79999924,59.59999847,62.79999924,8231288,0,1,62.22252798,yahoo_bootstrap
2026-01-23,64,64.40000153,57.20000076,57.70000076,12703592,0,1,57.16942604,yahoo_bootstrap
2026-01-26,57.79999924,58.20000076,55.5,57.09999847,3877515,0,1,56.57494101,yahoo_bootstrap
2026-01-27,58.5,59.20000076,57.09999847,57.79999924,4853230,0,1,57.26850499,yahoo_bootstrap
2026-01-28,58.29999924,58.59999847,56.29999924,56.79999924,2272017,0,1,56.2777004,yahoo_bootstrap
2026-01-29,57.29999924,57.40000153,54.09999847,54.09999847,2245515,0,1,53.60252722,yahoo_bootstrap
2026-01-30,54.09999847,58.29999924,53.59999847,55.40000153,4738330,0,1,54.89057623,yahoo_bootstrap
2026-02-02,54.20000076,54.79999924,49.90000153,50.20000076,2366449,0,1,49.73839156,yahoo_bootstrap
2026-02-03,52.20000076,52.90000153,49.29999924,49.5,2382169,0,1,49.04482759,yahoo_bootstrap
2026-02-04,49.90000153,52.40000153,49.09999847,51.70000076,1884030,0,1,51.22459845,yahoo_bootstrap
2026-02-05,50.79999924,51.59999847,47.90000153,47.95000076,1976119,0,1,47.50908121,yahoo_bootstrap
2026-02-06,47.5,47.5,45.25,45.29999924,1362901,0,1,44.88344752,yahoo_bootstrap
2026-02-09,49.20000076,49.20000076,46,46.79999924,1809355,0,1,46.36965442,yahoo_bootstrap
2026-02-10,47.40000153,47.59999847,45.20000076,45.25,1279210,0,1,44.83390805,yahoo_bootstrap
2026-02-11,45.09999847,45.79999924,44.34999847,45.40000153,926115,0,1,44.98253025,yahoo_bootstrap
2026-02-23,47.84999847,49.90000153,47.84999847,49.90000153,1256000,0,1,49.44115094,yahoo_bootstrap
2026-02-24,50.5,53.09999847,49.29999924,50.90000153,6131788,0,1,50.43195554,yahoo_bootstrap
2026-02-25,52.79999924,54,50.20000076,50.5,2778073,0,1,50.03563218,yahoo_bootstrap
2026-02-26,51,55.5,49.34999847,53.29999924,4655233,0,1,52.8098843,yahoo_bootstrap
2026-03-02,50.29999924,53.40000153,49.65000153,52.09999847,1738122,0,1,51.62091802,yahoo_bootstrap
2026-03-03,52,54.5,49.45000076,49.59999847,2597402,0,1,49.14390653,yahoo_bootstrap
2026-03-04,48.15000153,48.90000153,45.04999924,45.59999847,1590840,0,1,45.18068814,yahoo_bootstrap
2026-03-05,47.95000076,48.54999924,46.29999924,46.84999847,989790,0,1,46.41919389,yahoo_bootstrap
2026-03-06,46,47.34999847,45.04999924,46.29999924,858433,0,1,45.87425212,yahoo_bootstrap
2026-03-09,41.70000076,43.09999847,41.70000076,43,1249095,0,1,42.6045977,yahoo_bootstrap
2026-03-10,44.5,44.95000076,43.25,44.15000153,804004,0,1,43.7440245,yahoo_bootstrap
2026-03-11,44.15000153,46,44.15000153,44.90000153,921020,0,1,44.48712795,yahoo_bootstrap
2026-03-12,44.70000076,45.15000153,43.25,43.29999924,573083,0,1,42.90183833,yahoo_bootstrap
2026-03-13,43.20000076,45.09999847,42.20000076,44.20000076,824100,0,1,43.79356397,yahoo_bootstrap
2026-03-16,44.34999847,45.90000153,43.25,44.75,948050,0,1,44.33850575,yahoo_bootstrap
2026-03-17,45.5,49.20000076,45.20000076,49.20000076,3024350,0,1,48.74758696,yahoo_bootstrap
2026-03-18,50.59999847,52.29999924,48.04999924,49.84999847,6282100,0,1,49.39160768,yahoo_bootstrap
2026-03-19,49,51.5,48.40000153,49.34999847,2386080,0,1,48.89620538,yahoo_bootstrap
2026-03-20,50,52.20000076,48.25,48.5,2143110,0,1,48.05402299,yahoo_bootstrap
2026-03-23,47,47,44.54999924,44.59999847,946025,0,1,44.18988354,yahoo_bootstrap
2026-03-24,46.15000153,46.20000076,43,43.25,654026,0,1,42.85229885,yahoo_bootstrap
2026-03-25,45,45.25,44.09999847,44.25,414000,0,1,43.84310345,yahoo_bootstrap
2026-03-26,44.95000076,45.75,42.90000153,42.90000153,603021,0,1,42.50551876,yahoo_bootstrap
2026-03-27,41.75,46,41.75,45.09999847,1042208,0,1,44.68528584,yahoo_bootstrap
2026-03-30,44.54999924,45.29999924,42.59999847,44.34999847,577000,0,1,43.94218239,yahoo_bootstrap
2026-03-31,45,47.20000076,43.90000153,44,4256100,0,1,43.5954023,yahoo_bootstrap
2026-04-01,46.40000153,46.40000153,44.09999847,44.5,1393111,0,1,44.0908046,yahoo_bootstrap
2026-04-02,45.29999924,45.75,42,42,1189643,0,1,41.6137931,yahoo_bootstrap
2026-04-07,42.79999924,42.90000153,41.20000076,41.29999924,719104,0,1,40.92022913,yahoo_bootstrap
2026-04-08,42.5,44.75,42.29999924,44.29999924,1187181,0,1,43.89264293,yahoo_bootstrap
2026-04-09,44.34999847,44.90000153,43.5,43.90000153,802200,0,1,43.49632336,yahoo_bootstrap
2026-04-10,45.90000153,46.90000153,44.45000076,45.75,2193060,0,1,45.32931034,yahoo_bootstrap
2026-04-13,47.25,50.29999924,46.34999847,50.29999924,4060056,0,1,49.83747051,yahoo_bootstrap
2026-04-14,52.29999924,52.29999924,48.59999847,49.54999924,5282278,0,1,49.09436706,yahoo_bootstrap
2026-04-15,50.5,52.90000153,48.90000153,48.95000076,6269339,0,1,48.49988581,yahoo_bootstrap
2026-04-16,49.20000076,53.59999847,47.75,52.59999847,7515380,0,1,52.11632032,yahoo_bootstrap
2026-04-17,52.79999924,53.59999847,50.59999847,50.59999847,5828110,0,1,50.13471113,yahoo_bootstrap
2026-04-20,51,52,49.5,49.79999924,1892110,0,1,49.34206821,yahoo_bootstrap
2026-04-21,49.95000076,51.29999924,48.79999924,49.40000153,1385140,0,1,48.94574864,yahoo_bootstrap
2026-04-22,49.59999847,50.40000153,48,48,1321020,0,1,47.55862069,yahoo_bootstrap
2026-04-23,48.29999924,48.79999924,43.20000076,43.79999924,2012000,0,1,43.39724063,yahoo_bootstrap
2026-04-24,44.40000153,44.59999847,42.40000153,43,936314,0,1,42.6045977,yahoo_bootstrap
2026-04-27,43.40000153,47.29999924,42.54999924,47.29999924,2702021,0,1,46.86505672,yahoo_bootstrap
2026-04-28,47.04999924,51.29999924,46.75,49.5,5077460,0,1,49.04482759,yahoo_bootstrap
2026-04-29,49,49.29999924,47.84999847,47.84999847,1222043,0,1,47.40999848,yahoo_bootstrap
2026-04-30,47.84999847,48.5,45.79999924,46.04999924,1452047,0,1,45.62655097,yahoo_bootstrap
2026-05-04,46.59999847,48.5,46.5,46.79999924,937499,0,1,46.36965442,yahoo_bootstrap
2026-05-05,46.90000153,49.29999924,46.90000153,48.29999924,1448215,0,1,47.85586132,yahoo_bootstrap
2026-05-06,49.15000153,50.29999924,45.59999847,46.34999847,2245245,0,1,45.92379159,yahoo_bootstrap
2026-05-07,48.29999924,50.90000153,47.75,50.90000153,3781121,0,1,50.43195554,yahoo_bootstrap
2026-05-08,51.40000153,55.90000153,50.5,53.20000076,20269177,0,1,52.71080535,yahoo_bootstrap
2026-05-11,53.5,53.5,49.65000153,51.20000076,5465910,0,1,50.72919616,yahoo_bootstrap
2026-05-12,51.5,53.40000153,50.59999847,51.79999924,4456760,0,1,51.32367741,yahoo_bootstrap
2026-05-13,50.20000076,53.20000076,49.65000153,52,2948064,0,1,51.52183908,yahoo_bootstrap
2026-05-14,54.5,56.40000153,51.09999847,51.20000076,7628686,0,1,50.72919616,yahoo_bootstrap
2026-05-15,51.59999847,55.20000076,48.84999847,49.29999924,6623070,0,1,48.84666591,yahoo_bootstrap
2026-05-18,49.29999924,53.40000153,49.09999847,52,4781361,0,1,51.52183908,yahoo_bootstrap
2026-05-19,51.29999924,52.29999924,49.20000076,50.90000153,2769511,0,1,50.43195554,yahoo_bootstrap
2026-05-20,51,55.90000153,50.79999924,55.90000153,8465790,0,1,55.38597853,yahoo_bootstrap
2026-05-21,56.5,61,55.40000153,59.40000153,28234353,0,1,58.85379462,yahoo_bootstrap
2026-05-22,59.20000076,65.30000305,57,61.20000076,22959341,0,1,60.63724213,yahoo_bootstrap
2026-05-25,62.29999924,64.69999695,61.09999847,61.20000076,10997108,0,1,60.63724213,yahoo_bootstrap
2026-05-26,61.40000153,61.5,56.79999924,59.40000153,6562558,0,1,58.85379462,yahoo_bootstrap
2026-05-27,59.40000153,61.09999847,57.70000076,58.70000076,6144064,0,1,58.16023064,yahoo_bootstrap
2026-05-28,58.5,64.5,58.5,64.5,12096103,0,1,63.90689655,yahoo_bootstrap
2026-05-29,70.59999847,70.80000305,61.90000153,62.79999924,17248929,0,1,62.22252798,yahoo_bootstrap
2026-06-01,63,69,63,69,20588977,0,1,68.36551724,yahoo_bootstrap
2026-06-02,69,75.90000153,64.5,75.90000153,29609260,0,1,75.20207048,yahoo_bootstrap
2026-06-03,75.5,78.09999847,71.30000305,71.40000153,13592902,0,1,70.74344979,yahoo_bootstrap
2026-06-04,71.30000305,75,68.90000153,72.09999847,8810095,0,1,71.43700998,yahoo_bootstrap
2026-06-05,70.69999695,79.30000305,69,79.30000305,16267258,0,1,78.57080762,yahoo_bootstrap
2026-06-08,72.30000305,86.69999695,72.30000305,77.30000305,63780236,0,1,76.58919842,yahoo_bootstrap
2026-06-09,78,85,76.80000305,80.69999695,40797038,0,1,79.95792801,yahoo_bootstrap
2026-06-10,79.19999695,88.5,76.40000153,76.5,34253042,0,1,75.79655172,yahoo_bootstrap
2026-06-11,79.59999847,84.09999847,76.30000305,84.09999847,27623485,0,1,83.32666515,yahoo_bootstrap
2026-06-12,88.59999847,89.5,80.69999695,82,35624595,0,1,81.24597701,yahoo_bootstrap
2026-06-15,83.59999847,90.19999695,83.59999847,90.19999695,18659984,0,1,89.37057169,yahoo_bootstrap
2026-06-16,92.5,95,87.5,87.59999847,34964195,0,1,86.79448124,yahoo_bootstrap
2026-06-17,88.19999695,91.5,87.40000153,89.59999847,19140131,0,1,88.77609044,yahoo_bootstrap
2026-06-18,90.19999695,98.5,90.09999847,98.5,22370546,0,1,97.59425287,yahoo_bootstrap
2026-06-22,99,103,96.09999847,96.69999695,20547959,0,1,95.81080158,yahoo_bootstrap
2026-06-23,97.30000305,97.69999695,87.30000305,88.5,11049630,0,1,87.6862069,yahoo_bootstrap
2026-06-24,87,91.80000305,84.80000305,87,10141469,0,1,86.2,yahoo_bootstrap
2026-06-25,89.19999695,94.19999695,87.80000305,90.5,12500630,0,1,89.66781609,yahoo_bootstrap
2026-06-26,88.80000305,92.59999847,85.40000153,86.09999847,9159979,0,1,85.30827435,yahoo_bootstrap
2026-06-29,85,87.09999847,81.80000305,84.19999695,3963341,0,1,83.4257441,yahoo_bootstrap
2026-06-30,85,92,84.19999695,91.90000153,8701221,0,1,91.05494404,yahoo_bootstrap
2026-07-01,93.59999847,98.5,88,88,15949190,0,1,87.1908046,yahoo_bootstrap
2026-07-02,87.40000153,91.80000305,85.5,85.5,4368074,0,1,84.7137931,yahoo_bootstrap
2026-07-03,85.59999847,91.5,83.59999847,87,5514035,0,1,86.2,yahoo_bootstrap
2026-07-06,88,89.19999695,82.69999695,82.69999695,3361888,0.8,1,82.69999695,yahoo_bootstrap
2026-07-07,83.40000153,85,74.5,75.5,3768889,0,1,75.5,yahoo_bootstrap
2026-07-08,76.90000153,77.09999847,72,76.30000305,3234152,0,1,76.30000305,yahoo_bootstrap
2026-07-09,76.69999695,77.5,73,73.19999695,3129802,0,1,73.19999695,yahoo_bootstrap
2026-07-10,73.19999695,73.19999695,73.19999695,73.19999695,0,0,1,73.19999695,yahoo_bootstrap
2026-07-13,74,74.19999695,69.40000153,70.19999695,2781394,0,1,70.19999695,yahoo_bootstrap
2026-07-14,68.80000305,71.30000305,63.5,66.59999847,2824404,0,1,66.59999847,yahoo_bootstrap
2026-07-15,68.59999847,68.59999847,65.19999695,67.5,2200280,0,1,67.5,yahoo_bootstrap
2026-07-16,66.09999847,70.19999695,66,66.80000305,2897030,0,1,66.80000305,yahoo_bootstrap
2026-07-17,64.40000153,64.90000153,60.20000076,60.20000076,2053255,0,1,60.20000076,yahoo_bootstrap
2026-07-20,59.79999924,59.79999924,55.20000076,58.59999847,1900050,0,1,58.59999847,yahoo_bootstrap
2026-07-21,59.70000076,60.79999924,58.29999924,59.5,1755100,0,1,59.5,yahoo_bootstrap
2026-07-22,64.09999847,64.80000305,60.09999847,60.20000076,2074262,0,1,60.20000076,yahoo_bootstrap
2026-07-23,60.29999924,60.79999924,57.20000076,58.09999847,1228570,0,1,58.09999847,yahoo_bootstrap
2026-07-24,56.79999924,58.20000076,55.40000153,55.70000076,796169,0,1,55.70000076,yahoo_bootstrap
2026-07-27,56,57.29999924,53.79999924,55,1349280,0,1,55,yahoo_bootstrap
2026-07-28,53,53.5,51.20000076,51.70000076,1254004,0,1,51.70000076,yahoo_bootstrap
2026-07-29,52,55.5,46.59999847,49.54999924,3387100,0,1,49.54999924,yahoo_bootstrap
2026-07-30,49.54999924,52.5,45,46.59999847,4214120,0,1,46.59999847,yahoo_bootstrap
2026-07-31,50.90000153,51.20000076,50.90000153,51.20000076,698024,0,1,51.20000076,yahoo_bootstrap
2026-08-03,51.70000076,56,51.70000076,53.5,3783752,0,1,53.5,yahoo_bootstrap
2026-08-04,53.09999847,55.29999924,52.29999924,54.70000076,1689140,0,1,54.70000076,yahoo_bootstrap
2026-08-05,56.20000076,57.20000076,54.40000153,54.90000153,2060621,0,1,54.90000153,yahoo_bootstrap
2026-08-06,54.90000153,55.5,52.5,55.5,1235130,0,1,55.5,yahoo_bootstrap
2026-08-07,55,55.90000153,53.09999847,53.29999924,1060040,0,1,53.29999924,yahoo_bootstrap
2026-08-10,53.70000076,55.20000076,53.09999847,53.20000076,1626100,0,1,53.20000076,yahoo_bootstrap
2026-08-11,53.90000153,56.40000153,53.40000153,55.20000076,2874160,0,1,55.20000076,yahoo_bootstrap
2026-08-12,54.79999924,60,54.70000076,58.40000153,3170099,0,1,58.40000153,yahoo_bootstrap
2026-08-13,60,64.19999695,59.70000076,63.5,6811183,0,1,63.5,yahoo_bootstrap
2026-08-14,63.79999924,69.80000305,62.59999847,63.70000076,13983965,0,1,63.70000076,yahoo_bootstrap
2026-08-17,62.59999847,62.79999924,59.90000153,60.40000153,2320474,0,1,60.40000153,yahoo_bootstrap
2026-08-18,59.59999847,61,57.20000076,57.40000153,1726021,0,1,57.40000153,yahoo_bootstrap
2026-08-19,56,60.59999847,56,58.09999847,3597646,0,1,58.09999847,yahoo_bootstrap
2026-08-20,59.09999847,59.5,56.09999847,56.70000076,1424410,0,1,56.70000076,yahoo_bootstrap
2026-08-21,56.79999924,58.40000153,56.5,56.70000076,815151,0,1,56.70000076,yahoo_bootstrap
2026-08-24,56.79999924,58,55.79999924,55.79999924,811325,0,1,55.79999924,yahoo_bootstrap
2026-08-25,56,56,53.70000076,55.29999924,913030,0,1,55.29999924,yahoo_bootstrap
2026-08-26,55.79999924,56.29999924,55,56,779999,0,1,56,yahoo_bootstrap
2026-08-27,56.5,59,55.59999847,57.79999924,1587020,0,1,57.79999924,yahoo_bootstrap
2026-08-28,59.5,62.5,59,59.20000076,3954050,0,1,59.20000076,yahoo_bootstrap
2026-08-31,58,60.5,57.09999847,57.09999847,1281150,0,1,57.09999847,yahoo_daily
2026-09-01,57.20000076,59.59999847,57.20000076,57.59999847,900100,0,1,57.59999847,yahoo_daily
2026-09-02,57,57.09999847,56,56,644131,0,1,56,yahoo_daily
2026-09-03,56.40000153,56.90000153,53.79999924,53.79999924,796799,0,1,53.79999924,yahoo_daily
2026-09-04,55.09999847,57,54.70000076,56.20000076,1337100,0,1,56.20000076,yahoo_daily
2026-09-07,57.5,59.59999847,57,58.20000076,2939260,0,1,58.20000076,yahoo_daily
2026-09-08,58.29999924,58.29999924,56.20000076,56.40000153,954000,0,1,56.40000153,yahoo_daily
2026-09-09,56.70000076,58.70000076,56.59999847,57.70000076,1019400,0,1,57.70000076,yahoo_daily
2026-09-10,57.59999847,58.5,55.90000153,57.09999847,1130000,0,1,57.09999847,yahoo_daily
2026-09-11,56.09999847,57.90000153,55.29999924,55.29999924,1473100,0,1,55.29999924,yahoo_daily
2026-09-14,54.5,56.40000153,53.79999924,55.70000076,618126,0,1,55.70000076,yahoo_daily
2026-09-15,56,57.40000153,55.59999847,55.59999847,553233,0,1,55.59999847,yahoo_daily
2026-09-16,56.79999924,56.79999924,55.70000076,56.40000153,414053,0,1,56.40000153,yahoo_daily
2026-09-17,56.70000076,57.40000153,55.5,55.5,601599,0,1,55.5,yahoo_daily
2026-09-18,56.59999847,57,55.79999924,56.79999924,643000,0,1,56.79999924,yahoo_daily
2026-09-21,57.09999847,58,56.59999847,57,696060,0,1,57,yahoo_daily
2026-09-22,57.90000153,58.20000076,56,56,814010,0,1,56,yahoo_daily
2026-09-23,56.70000076,57.59999847,55.90000153,56.20000076,529103,0,1,56.20000076,yahoo_daily
2026-09-24,56.20000076,61.5,55.59999847,60.20000076,3731130,0,1,60.20000076,yahoo_daily
2026-09-29,61.5,64.90000153,61.20000076,64,7315087,0,1,64,yahoo_daily
2026-09-30,65,65.19999695,63,63.29999924,3702395,0,1,63.29999924,yahoo_daily
2026-10-01,64.19999695,69.59999847,64.19999695,69.59999847,10360506,0,1,69.59999847,yahoo_daily
2026-10-02,69.59999847,75.5,69.5,72.5,16609273,0,1,72.5,yahoo_daily
