date,open,high,low,close,volume,dividend,split_factor,adjusted_close,source
2021-08-26,47.03710556,47.08490753,45.84205627,45.84205627,798086,0,1,35.8421641,yahoo_bootstrap
2021-08-27,45.93766022,46.55908585,45.84205627,45.98546219,440304,0,1,35.95428775,yahoo_bootstrap
2021-08-30,46.17667007,46.4634819,46.1288681,46.32007599,611397,0,1,36.21590958,yahoo_bootstrap
2021-08-31,46.4634819,46.55908585,45.41183853,45.88985825,1168763,0,1,35.87953866,yahoo_bootstrap
2021-09-01,46.27227402,47.56292725,46.17667007,47.41952133,1292437,0,1,37.07552417,yahoo_bootstrap
2021-09-02,47.41952133,47.65853119,46.55908585,46.84589767,920213,0,1,36.6270296,yahoo_bootstrap
2021-09-03,47.18051147,47.18051147,46.36787796,46.65468979,640777,0,1,36.47753141,yahoo_bootstrap
2021-09-06,46.65468979,46.65468979,46.03326416,46.08106613,544433,0,1,36.02903684,yahoo_bootstrap
2021-09-07,45.98546219,46.03326416,45.31623459,45.31623459,730887,0,1,35.43104409,yahoo_bootstrap
2021-09-08,45.26843262,45.88985825,44.6470108,44.6470108,852772,0,1,34.9078034,yahoo_bootstrap
2021-09-09,44.6470108,45.26843262,44.55140686,45.12503052,253752,0,1,35.28154888,yahoo_bootstrap
2021-09-10,45.22063065,45.31623459,45.07722855,45.26843262,230116,0,1,35.39366954,yahoo_bootstrap
2021-09-13,45.26843262,45.7942543,44.9816246,45.12503052,341058,0,1,35.28154888,yahoo_bootstrap
2021-09-14,45.17283249,45.74645233,44.93382263,45.74645233,378981,0,1,35.76741501,yahoo_bootstrap
2021-09-15,45.50744247,45.50744247,44.74261475,44.74261475,1029349,0,1,34.9825525,yahoo_bootstrap
2021-09-16,45.22063065,45.36403656,44.93382263,44.93382263,400418,0,1,35.13205069,yahoo_bootstrap
2021-09-17,44.93382263,45.60304642,44.93382263,45.55524445,433323,0,1,35.61791683,yahoo_bootstrap
2021-09-22,45.50744247,45.50744247,44.312397,44.36019897,862120,0,1,34.68355612,yahoo_bootstrap
2021-09-23,44.59920883,45.22063065,44.59920883,44.74261475,276273,0,1,34.9825525,yahoo_bootstrap
2021-09-24,45.55524445,45.55524445,44.93382263,44.9816246,314032,0,1,35.16942523,yahoo_bootstrap
2021-09-27,45.22063065,45.26843262,44.93382263,45.02942657,295390,0,1,35.20679978,yahoo_bootstrap
2021-09-28,45.12503052,45.12503052,44.55140686,44.93382263,290804,0,1,35.13205069,yahoo_bootstrap
2021-09-29,44.36019897,44.55140686,44.02558517,44.16899109,756624,0,1,34.53405793,yahoo_bootstrap
2021-09-30,44.02558517,44.40800095,43.54756546,44.21679306,525234,0,1,34.57143248,yahoo_bootstrap
2021-10-01,44.312397,44.312397,42.68712997,42.9739418,1136062,0,1,33.59969424,yahoo_bootstrap
2021-10-04,43.16514969,43.49976349,42.11350632,42.11350632,657068,0,1,32.92695239,yahoo_bootstrap
2021-10-05,41.68328857,43.11734772,41.25307083,43.02174377,446007,0,1,33.63706879,yahoo_bootstrap
2021-10-06,43.21295166,43.21295166,42.35251617,42.44812012,341119,0,1,33.18857423,yahoo_bootstrap
2021-10-07,43.02174377,43.6431694,42.92613983,43.6431694,317978,0,1,34.12293791,yahoo_bootstrap
2021-10-08,43.40415955,43.6431694,43.02174377,43.3085556,224886,0,1,33.86131607,yahoo_bootstrap
2021-10-12,43.3085556,43.69097137,43.02174377,43.49976349,355655,0,1,34.01081427,yahoo_bootstrap
2021-10-13,43.73877335,43.78657532,42.73493195,42.9739418,401918,0,1,33.59969424,yahoo_bootstrap
2021-10-14,43.02174377,43.40415955,42.73493195,43.02174377,402746,0,1,33.63706879,yahoo_bootstrap
2021-10-15,43.3085556,43.9777832,43.3085556,43.92998123,451006,0,1,34.34718519,yahoo_bootstrap
2021-10-18,44.36019897,44.4557991,43.88217926,44.16899109,225975,0,1,34.53405793,yahoo_bootstrap
2021-10-19,44.312397,44.69481277,43.9777832,44.6470108,422661,0,1,34.9078034,yahoo_bootstrap
2021-10-20,44.6470108,44.93382263,44.6470108,44.88602066,363112,0,1,35.09467614,yahoo_bootstrap
2021-10-21,45.02942657,45.69865036,44.88602066,45.22063065,1601547,0,1,35.35629499,yahoo_bootstrap
2021-10-22,45.55524445,45.55524445,44.79041672,44.79041672,404805,0,1,35.01992705,yahoo_bootstrap
2021-10-25,45.12503052,45.17283249,44.55140686,44.9816246,222794,0,1,35.16942523,yahoo_bootstrap
2021-10-26,44.9816246,45.31623459,44.93382263,45.02942657,236413,0,1,35.20679978,yahoo_bootstrap
2021-10-27,44.93382263,45.17283249,44.4557991,45.12503052,558575,0,1,35.28154888,yahoo_bootstrap
2021-10-28,45.22063065,45.7942543,45.22063065,45.36403656,558991,0,1,35.46841863,yahoo_bootstrap
2021-10-29,45.7942543,45.7942543,45.12503052,45.55524445,242158,0,1,35.61791683,yahoo_bootstrap
2021-11-01,45.60304642,45.74645233,45.12503052,45.36403656,493913,0,1,35.46841863,yahoo_bootstrap
2021-11-02,45.65084839,45.65084839,44.79041672,44.88602066,411291,0,1,35.09467614,yahoo_bootstrap
2021-11-03,45.12503052,45.26843262,44.93382263,45.12503052,345257,0,1,35.28154888,yahoo_bootstrap
2021-11-04,45.26843262,46.17667007,45.26843262,46.1288681,1056301,0,1,36.06641139,yahoo_bootstrap
2021-11-05,46.1288681,46.1288681,45.12503052,45.12503052,717758,0,1,35.28154888,yahoo_bootstrap
2021-11-08,44.6470108,44.6470108,42.87833786,43.21295166,1958299,0,1,33.78656698,yahoo_bootstrap
2021-11-09,43.02174377,43.21295166,42.59152603,43.06954575,643310,0,1,33.67444334,yahoo_bootstrap
2021-11-10,43.11734772,43.49976349,42.87833786,43.45196152,453958,0,1,33.97343972,yahoo_bootstrap
2021-11-11,43.45196152,43.49976349,43.21295166,43.26075363,343249,0,1,33.82394153,yahoo_bootstrap
2021-11-12,43.54756546,43.54756546,43.3085556,43.49976349,277581,0,1,34.01081427,yahoo_bootstrap
2021-11-15,43.54756546,44.21679306,43.54756546,44.16899109,491110,0,1,34.53405793,yahoo_bootstrap
2021-11-16,44.21679306,44.55140686,44.07338715,44.21679306,384921,0,1,34.57143248,yahoo_bootstrap
2021-11-17,44.21679306,44.21679306,43.9777832,44.21679306,228266,0,1,34.57143248,yahoo_bootstrap
2021-11-18,44.21679306,44.55140686,44.02558517,44.12118912,387430,0,1,34.49668338,yahoo_bootstrap
2021-11-19,44.26459503,44.40800095,43.88217926,44.07338715,335995,0,1,34.45930884,yahoo_bootstrap
2021-11-22,44.02558517,44.4557991,43.92998123,44.40800095,420661,0,1,34.72093067,yahoo_bootstrap
2021-11-23,44.312397,44.40800095,44.02558517,44.07338715,381909,0,1,34.45930884,yahoo_bootstrap
2021-11-24,44.26459503,44.312397,44.02558517,44.312397,299558,0,1,34.64618157,yahoo_bootstrap
2021-11-25,44.312397,44.74261475,44.312397,44.40800095,456035,0,1,34.72093067,yahoo_bootstrap
2021-11-26,44.6470108,45.98546219,44.59920883,45.02942657,1616381,0,1,35.20679978,yahoo_bootstrap
2021-11-29,44.79041672,45.36403656,44.21679306,44.74261475,730099,0,1,34.9825525,yahoo_bootstrap
2021-11-30,45.17283249,45.55524445,44.9816246,45.36403656,626543,0,1,35.46841863,yahoo_bootstrap
2021-12-01,45.31623459,45.31623459,44.93382263,45.12503052,370279,0,1,35.28154888,yahoo_bootstrap
2021-12-02,45.17283249,45.22063065,44.55140686,44.6470108,467554,0,1,34.9078034,yahoo_bootstrap
2021-12-03,44.9816246,45.4596405,44.9816246,45.12503052,493942,0,1,35.28154888,yahoo_bootstrap
2021-12-06,45.22063065,45.50744247,44.79041672,44.88602066,411072,0,1,35.09467614,yahoo_bootstrap
2021-12-07,45.02942657,45.07722855,44.59920883,44.6470108,279666,0,1,34.9078034,yahoo_bootstrap
2021-12-08,44.93382263,44.9816246,44.4557991,44.59920883,189232,0,1,34.87042886,yahoo_bootstrap
2021-12-09,44.74261475,44.79041672,43.92998123,44.12118912,469289,0,1,34.49668338,yahoo_bootstrap
2021-12-10,44.36019897,44.36019897,43.9777832,44.02558517,184431,0,1,34.42193428,yahoo_bootstrap
2021-12-13,44.26459503,45.50744247,44.21679306,45.07722855,542907,0,1,35.24417433,yahoo_bootstrap
2021-12-14,45.07722855,45.07722855,44.4557991,44.4557991,301455,0,1,34.75830223,yahoo_bootstrap
2021-12-15,44.4557991,44.50360489,43.9777832,44.07338715,303397,0,1,34.45930884,yahoo_bootstrap
2021-12-16,44.12118912,44.40800095,44.12118912,44.12118912,216519,0,1,34.49668338,yahoo_bootstrap
2021-12-17,44.12118912,44.16899109,43.6431694,43.6431694,495797,0,1,34.12293791,yahoo_bootstrap
2021-12-20,43.88217926,44.02558517,43.54756546,43.78657532,297111,0,1,34.23506155,yahoo_bootstrap
2021-12-21,43.83437729,44.07338715,43.54756546,43.9777832,239908,0,1,34.38455974,yahoo_bootstrap
2021-12-22,44.16899109,44.312397,43.88217926,44.312397,156897,0,1,34.64618157,yahoo_bootstrap
2021-12-23,44.312397,44.6470108,44.312397,44.55140686,302776,0,1,34.83305431,yahoo_bootstrap
2021-12-24,44.59920883,45.31623459,44.4557991,44.9816246,702716,0,1,35.16942523,yahoo_bootstrap
2021-12-27,45.02942657,45.17283249,44.79041672,45.12503052,604222,0,1,35.28154888,yahoo_bootstrap
2021-12-28,45.02942657,45.60304642,45.02942657,45.50744247,680411,0,1,35.58054227,yahoo_bootstrap
2021-12-29,45.60304642,45.74645233,45.31623459,45.4596405,522049,0,1,35.54316772,yahoo_bootstrap
2021-12-30,45.50744247,45.84205627,45.36403656,45.41183853,309610,0,1,35.50579318,yahoo_bootstrap
2022-01-03,45.41183853,46.17667007,45.41183853,45.55524445,760267,0,1,35.61791683,yahoo_bootstrap
2022-01-04,45.69865036,45.84205627,45.02942657,45.07722855,347382,0,1,35.24417433,yahoo_bootstrap
2022-01-05,45.07722855,45.41183853,44.74261475,44.88602066,330967,0,1,35.09467614,yahoo_bootstrap
2022-01-06,44.9816246,45.22063065,44.69481277,45.07722855,392244,0,1,35.24417433,yahoo_bootstrap
2022-01-07,45.41183853,45.41183853,44.83821869,45.12503052,464614,0,1,35.28154888,yahoo_bootstrap
2022-01-10,45.12503052,45.12503052,44.79041672,45.12503052,583658,0,1,35.28154888,yahoo_bootstrap
2022-01-11,45.22063065,45.22063065,44.79041672,44.79041672,356682,0,1,35.01992705,yahoo_bootstrap
2022-01-12,44.93382263,44.9816246,44.59920883,44.74261475,267175,0,1,34.9825525,yahoo_bootstrap
2022-01-13,44.74261475,44.88602066,44.50360489,44.88602066,229341,0,1,35.09467614,yahoo_bootstrap
2022-01-14,44.88602066,44.88602066,44.07338715,44.21679306,336881,0,1,34.57143248,yahoo_bootstrap
2022-01-17,44.36019897,45.17283249,44.21679306,45.17283249,554392,0,1,35.31892343,yahoo_bootstrap
2022-01-18,45.26843262,45.26843262,44.93382263,45.12503052,457094,0,1,35.28154888,yahoo_bootstrap
2022-01-19,44.9816246,45.26843262,44.83821869,45.12503052,219865,0,1,35.28154888,yahoo_bootstrap
2022-01-20,45.12503052,45.12503052,44.74261475,44.93382263,233664,0,1,35.13205069,yahoo_bootstrap
2022-01-21,44.83821869,44.83821869,44.16899109,44.4557991,316347,0,1,34.75830223,yahoo_bootstrap
2022-01-24,44.36019897,44.40800095,43.54756546,44.40800095,503613,0,1,34.72093067,yahoo_bootstrap
2022-01-25,44.40800095,44.40800095,43.92998123,44.12118912,337919,0,1,34.49668338,yahoo_bootstrap
2022-01-26,44.12118912,44.16899109,43.83437729,43.92998123,286878,0,1,34.34718519,yahoo_bootstrap
2022-02-07,44.36019897,44.4557991,43.92998123,44.4557991,193514,0,1,34.75830223,yahoo_bootstrap
2022-02-08,44.4557991,44.6470108,44.21679306,44.6470108,334341,0,1,34.9078034,yahoo_bootstrap
2022-02-09,44.6470108,44.88602066,44.55140686,44.83821869,376611,0,1,35.05730159,yahoo_bootstrap
2022-02-10,44.69481277,44.88602066,44.6470108,44.69481277,490670,0,1,34.94517795,yahoo_bootstrap
2022-02-11,44.55140686,44.79041672,44.55140686,44.69481277,269900,0,1,34.94517795,yahoo_bootstrap
2022-02-14,44.4557991,44.4557991,43.92998123,44.26459503,426763,0,1,34.60880702,yahoo_bootstrap
2022-02-15,44.16899109,44.26459503,43.88217926,43.92998123,779258,0,1,34.34718519,yahoo_bootstrap
2022-02-16,44.16899109,44.312397,43.92998123,44.02558517,513640,0,1,34.42193428,yahoo_bootstrap
2022-02-17,44.12118912,44.312397,43.9777832,44.26459503,537656,0,1,34.60880702,yahoo_bootstrap
2022-02-18,44.312397,44.312397,43.9777832,44.07338715,650622,0,1,34.45930884,yahoo_bootstrap
2022-02-21,44.36019897,45.69865036,44.16899109,45.36403656,1959137,0,1,35.46841863,yahoo_bootstrap
2022-02-22,45.07722855,45.17283249,43.9777832,44.07338715,1527324,0,1,34.45930884,yahoo_bootstrap
2022-02-23,44.07338715,44.312397,43.88217926,44.312397,871557,0,1,34.64618157,yahoo_bootstrap
2022-02-24,44.02558517,44.40800095,43.59536743,43.73877335,940693,0,1,34.19768701,yahoo_bootstrap
2022-02-25,43.78657532,43.9777832,43.49976349,43.69097137,544016,0,1,34.16031245,yahoo_bootstrap
2022-03-01,43.73877335,44.40800095,43.73877335,44.36019897,374467,0,1,34.68355612,yahoo_bootstrap
2022-03-02,44.312397,44.4557991,43.88217926,44.16899109,328472,0,1,34.53405793,yahoo_bootstrap
2022-03-03,44.16899109,44.40800095,44.02558517,44.26459503,380524,0,1,34.60880702,yahoo_bootstrap
2022-03-04,43.83437729,44.21679306,43.83437729,44.21679306,592295,0,1,34.57143248,yahoo_bootstrap
2022-03-07,43.69097137,43.73877335,43.02174377,43.16514969,765839,0,1,33.74919244,yahoo_bootstrap
2022-03-08,43.06954575,43.21295166,42.54372406,43.16514969,962377,0,1,33.74919244,yahoo_bootstrap
2022-03-09,43.16514969,43.16514969,42.73493195,42.87833786,525227,0,1,33.52494515,yahoo_bootstrap
2022-03-10,43.06954575,43.45196152,42.92613983,42.92613983,783775,0,1,33.5623197,yahoo_bootstrap
2022-03-11,42.68712997,43.06954575,42.06570435,42.40031815,661376,0,1,33.15119968,yahoo_bootstrap
2022-03-14,42.40031815,42.40031815,41.92229843,41.9701004,539896,0,1,32.81482875,yahoo_bootstrap
2022-03-15,41.9701004,42.01790237,41.44427872,41.9701004,821103,0,1,32.81482875,yahoo_bootstrap
2022-03-16,42.06570435,42.44812012,41.3008728,41.58768463,896435,0,1,32.51583237,yahoo_bootstrap
2022-03-17,41.77889252,42.54372406,41.77889252,42.25691223,375529,0,1,33.03907603,yahoo_bootstrap
2022-03-18,42.25691223,42.639328,42.16130829,42.49592209,275306,0,1,33.22594877,yahoo_bootstrap
2022-03-21,42.54372406,43.26075363,42.54372406,43.26075363,363128,0,1,33.82394153,yahoo_bootstrap
2022-03-22,43.26075363,43.49976349,42.87833786,43.49976349,308079,0,1,34.01081427,yahoo_bootstrap
2022-03-23,43.45196152,43.88217926,43.21295166,43.6431694,456593,0,1,34.12293791,yahoo_bootstrap
2022-03-24,43.3085556,43.49976349,43.02174377,43.11734772,339986,0,1,33.71181789,yahoo_bootstrap
2022-03-25,43.21295166,43.3085556,43.06954575,43.06954575,174681,0,1,33.67444334,yahoo_bootstrap
2022-03-28,42.83053589,43.35635757,42.639328,43.3085556,998099,0,1,33.86131607,yahoo_bootstrap
2022-03-29,43.35635757,43.40415955,42.92613983,42.92613983,289741,0,1,33.5623197,yahoo_bootstrap
2022-03-30,43.02174377,43.49976349,43.02174377,43.35635757,126080,0,1,33.89869062,yahoo_bootstrap
2022-03-31,43.26075363,43.35635757,43.06954575,43.11734772,117233,0,1,33.71181789,yahoo_bootstrap
2022-04-01,43.02174377,43.21295166,42.87833786,43.16514969,296022,0,1,33.74919244,yahoo_bootstrap
2022-04-06,43.11734772,43.45196152,42.9739418,43.02174377,168292,0,1,33.63706879,yahoo_bootstrap
2022-04-07,43.21295166,43.21295166,42.78273392,43.02174377,251037,0,1,33.63706879,yahoo_bootstrap
2022-04-08,43.02174377,43.16514969,42.87833786,42.92613983,98597,0,1,33.5623197,yahoo_bootstrap
2022-04-11,43.11734772,43.11734772,42.16130829,42.78273392,330750,0,1,33.45019606,yahoo_bootstrap
2022-04-12,42.92613983,42.92613983,42.54372406,42.54372406,144367,0,1,33.26332332,yahoo_bootstrap
2022-04-13,42.68712997,42.68712997,42.35251617,42.40031815,211290,0,1,33.15119968,yahoo_bootstrap
2022-04-14,42.40031815,42.68712997,42.40031815,42.54372406,164219,0,1,33.26332332,yahoo_bootstrap
2022-04-15,42.54372406,43.16514969,42.3047142,42.9739418,471875,0,1,33.59969424,yahoo_bootstrap
2022-04-18,42.9739418,42.9739418,42.54372406,42.59152603,101482,0,1,33.30069786,yahoo_bootstrap
2022-04-19,42.73493195,42.83053589,42.59152603,42.83053589,101648,0,1,33.4875706,yahoo_bootstrap
2022-04-20,42.83053589,43.45196152,42.68712997,43.06954575,250078,0,1,33.67444334,yahoo_bootstrap
2022-04-21,43.26075363,43.3085556,42.92613983,43.02174377,81607,0,1,33.63706879,yahoo_bootstrap
2022-04-22,43.02174377,43.02174377,42.59152603,42.73493195,158287,0,1,33.41282151,yahoo_bootstrap
2022-04-25,42.54372406,42.54372406,41.9701004,41.9701004,238667,0,1,32.81482875,yahoo_bootstrap
2022-04-26,42.06570435,42.16130829,41.77889252,41.9701004,167357,0,1,32.81482875,yahoo_bootstrap
2022-04-27,41.58768463,41.82669449,41.3008728,41.68328857,459249,0,1,32.59058146,yahoo_bootstrap
2022-04-28,42.20911026,42.40031815,41.73109055,42.06570435,281440,0,1,32.88957785,yahoo_bootstrap
2022-04-29,42.06570435,42.49592209,41.6354866,41.87449646,214834,0,1,32.74007966,yahoo_bootstrap
2022-05-03,41.49208069,41.9701004,41.49208069,41.9701004,127610,0,1,32.81482875,yahoo_bootstrap
2022-05-04,42.20911026,42.25691223,42.01790237,42.11350632,57717,0,1,32.92695239,yahoo_bootstrap
2022-05-05,42.11350632,42.73493195,42.11350632,42.639328,200829,0,1,33.33807241,yahoo_bootstrap
2022-05-06,42.20911026,42.54372406,41.92229843,42.54372406,131930,0,1,33.26332332,yahoo_bootstrap
2022-05-09,42.49592209,42.49592209,41.9701004,42.25691223,118196,0,1,33.03907603,yahoo_bootstrap
2022-05-10,42.06570435,43.11734772,41.77889252,43.11734772,195888,0,1,33.71181789,yahoo_bootstrap
2022-05-11,43.02174377,43.02174377,42.40031815,42.92613983,117150,0,1,33.5623197,yahoo_bootstrap
2022-05-12,42.9739418,42.9739418,42.25691223,42.639328,125518,0,1,33.33807241,yahoo_bootstrap
2022-05-13,42.92613983,43.11734772,42.49592209,43.11734772,219687,0,1,33.71181789,yahoo_bootstrap
2022-05-16,43.16514969,43.73877335,43.11734772,43.49976349,269514,0,1,34.01081427,yahoo_bootstrap
2022-05-17,43.78657532,43.78657532,43.49976349,43.6431694,181234,0,1,34.12293791,yahoo_bootstrap
2022-05-18,43.59536743,43.78657532,43.59536743,43.6431694,168445,0,1,34.12293791,yahoo_bootstrap
2022-05-19,43.21295166,43.78657532,43.16514969,43.73877335,259475,0,1,34.19768701,yahoo_bootstrap
2022-05-20,43.69097137,45.36403656,43.69097137,44.83821869,1178929,0,1,35.05730159,yahoo_bootstrap
2022-05-23,45.12503052,45.12503052,44.6470108,44.93382263,334819,0,1,35.13205069,yahoo_bootstrap
2022-05-24,44.6470108,44.79041672,44.40800095,44.50360489,189391,0,1,34.79567976,yahoo_bootstrap
2022-05-25,44.50360489,45.26843262,44.50360489,45.12503052,523123,0,1,35.28154888,yahoo_bootstrap
2022-05-26,45.12503052,45.17283249,44.74261475,44.74261475,375594,0,1,34.9825525,yahoo_bootstrap
2022-05-27,44.9816246,45.02942657,44.83821869,44.88602066,163331,0,1,35.09467614,yahoo_bootstrap
2022-05-30,44.88602066,45.36403656,44.88602066,44.9816246,282417,0,1,35.16942523,yahoo_bootstrap
2022-05-31,45.02942657,45.26843262,44.93382263,45.22063065,286808,0,1,35.35629499,yahoo_bootstrap
2022-06-01,45.22063065,45.22063065,44.69481277,45.12503052,242773,0,1,35.28154888,yahoo_bootstrap
2022-06-02,44.9816246,45.07722855,44.59920883,44.74261475,198742,0,1,34.9825525,yahoo_bootstrap
2022-06-06,44.74261475,44.88602066,44.74261475,44.83821869,78586,0,1,35.05730159,yahoo_bootstrap
2022-06-07,44.74261475,44.79041672,44.4557991,44.55140686,74274,0,1,34.83305431,yahoo_bootstrap
2022-06-08,44.4557991,44.93382263,44.4557991,44.83821869,238588,0,1,35.05730159,yahoo_bootstrap
2022-06-09,44.6470108,44.93382263,44.6470108,44.88602066,67990,0,1,35.09467614,yahoo_bootstrap
2022-06-10,44.74261475,44.88602066,44.59920883,44.59920883,98343,0,1,34.87042886,yahoo_bootstrap
2022-06-13,44.55140686,44.55140686,43.83437729,43.83437729,176038,0,1,34.2724361,yahoo_bootstrap
2022-06-14,43.88217926,43.88217926,43.3085556,43.69097137,299152,0,1,34.16031245,yahoo_bootstrap
2022-06-15,43.83437729,44.93382263,43.83437729,44.6470108,289915,0,1,34.9078034,yahoo_bootstrap
2022-06-16,44.93382263,45.02942657,43.88217926,43.88217926,157416,0,1,34.30981065,yahoo_bootstrap
2022-06-17,44.21679306,44.21679306,43.40415955,43.40415955,165274,0,1,33.93606517,yahoo_bootstrap
2022-06-20,43.40415955,43.40415955,42.3047142,42.3047142,253400,0,1,33.07645058,yahoo_bootstrap
2022-06-21,42.3047142,43.69097137,42.3047142,43.59536743,196896,0,1,34.08556336,yahoo_bootstrap
2022-06-22,43.40415955,43.69097137,42.16130829,42.44812012,240892,0,1,33.18857423,yahoo_bootstrap
2022-06-23,41.9701004,42.73493195,41.77889252,42.3047142,355696,0,1,33.07645058,yahoo_bootstrap
2022-06-24,43.26075363,43.26075363,42.35251617,42.68712997,211433,0,1,33.37544696,yahoo_bootstrap
2022-06-27,42.68712997,43.45196152,42.68712997,43.21295166,170564,0,1,33.78656698,yahoo_bootstrap
2022-06-28,43.02174377,43.3085556,42.83053589,42.87833786,31379,0,1,33.52494515,yahoo_bootstrap
2022-06-29,42.87833786,43.49976349,42.83053589,43.3085556,284528,0,1,33.86131607,yahoo_bootstrap
2022-06-30,42.92613983,43.26075363,42.54372406,42.59152603,239336,0,1,33.30069786,yahoo_bootstrap
2022-07-01,42.44812012,42.54372406,41.68328857,41.73109055,425739,0,1,32.62795602,yahoo_bootstrap
2022-07-04,41.73109055,42.25691223,41.3008728,41.49208069,277186,0,1,32.44108328,yahoo_bootstrap
2022-07-05,41.49208069,42.06570435,40.58384323,41.25307083,640141,0,1,32.25421054,yahoo_bootstrap
2022-07-06,42.06570435,42.06570435,39.62780762,39.91461563,681250,0,1,31.20772321,yahoo_bootstrap
2022-07-07,40.58384323,40.58384323,38.95858002,40.10582352,420486,0,1,31.3572214,yahoo_bootstrap
2022-07-08,40.48823929,40.6316452,39.77121353,39.8190155,367192,0,1,31.1329771,yahoo_bootstrap
2022-07-11,40.01021957,40.24922943,38.91077805,40.15362549,458166,0,1,31.39459595,yahoo_bootstrap
2022-07-12,39.8190155,39.8190155,39.24539185,39.43659973,359608,0,1,30.83398072,yahoo_bootstrap
2022-07-13,40.82285309,40.82285309,39.77121353,39.91461563,315886,0,1,31.20772321,yahoo_bootstrap
2022-07-14,39.67560959,40.72724915,39.00638199,40.6316452,283554,0,1,31.76834142,yahoo_bootstrap
2022-07-15,40.6316452,41.44427872,40.24922943,41.39647675,383876,0,1,32.36633418,yahoo_bootstrap
2022-07-18,41.58768463,41.58768463,41.10966492,41.10966492,326711,0,1,32.1420869,yahoo_bootstrap
2022-07-19,41.06186295,41.3008728,40.72724915,41.3008728,712196,0,1,32.29158508,yahoo_bootstrap
2022-07-20,39.00638199,39.43659973,38.91077805,38.91077805,473193,2.390097,1,32.29158695,yahoo_bootstrap
2022-07-21,39.05418396,39.38879776,38.71957016,39.19758987,292875,0,1,32.52960863,yahoo_bootstrap
2022-07-22,39.10198212,39.67560959,38.95858002,39.05418396,365267,0,1,32.41059779,yahoo_bootstrap
2022-07-25,39.05418396,39.05418396,38.71957016,38.8151741,235372,0,1,32.21224638,yahoo_bootstrap
2022-07-26,38.71957016,38.8151741,38.57616425,38.57616425,279309,0,1,32.01389498,yahoo_bootstrap
2022-07-27,38.57616425,38.67176819,38.24155045,38.67176819,350435,0,1,32.09323554,yahoo_bootstrap
2022-07-28,39.29319382,39.43659973,38.95858002,39.38879776,345283,0,1,32.68828976,yahoo_bootstrap
2022-07-29,39.19758987,39.58000565,39.19758987,39.34099579,170676,0,1,32.64861948,yahoo_bootstrap
2022-08-01,39.19758987,39.67560959,39.1497879,39.53220367,283670,0,1,32.8073006,yahoo_bootstrap
2022-08-02,39.19758987,39.38879776,39.00638199,39.29319382,270957,0,1,32.6089492,yahoo_bootstrap
2022-08-03,39.19758987,39.4844017,38.8151741,39.38879776,306608,0,1,32.68828976,yahoo_bootstrap
2022-08-04,39.19758987,39.34099579,38.43275833,38.95858002,274172,0,1,32.33125723,yahoo_bootstrap
2022-08-05,39.05418396,39.29319382,39.05418396,39.1497879,101559,0,1,32.48993835,yahoo_bootstrap
2022-08-08,38.91077805,38.95858002,38.67176819,38.86297607,106716,0,1,32.25191666,yahoo_bootstrap
2022-08-09,38.52836227,38.76737213,38.4805603,38.71957016,175620,0,1,32.13290582,yahoo_bootstrap
2022-08-10,38.62396622,38.71957016,38.52836227,38.57616425,146500,0,1,32.01389498,yahoo_bootstrap
2022-08-11,39.10198212,39.1497879,38.91077805,39.05418396,108104,0,1,32.41059779,yahoo_bootstrap
2022-08-12,39.1497879,39.4844017,39.10198212,39.4844017,284680,0,1,32.76763032,yahoo_bootstrap
2022-08-15,39.29319382,39.58000565,39.29319382,39.53220367,117945,0,1,32.8073006,yahoo_bootstrap
2022-08-16,39.34099579,39.62780762,39.34099579,39.58000565,170474,0,1,32.84697089,yahoo_bootstrap
2022-08-17,39.29319382,39.62780762,39.29319382,39.58000565,194415,0,1,32.84697089,yahoo_bootstrap
2022-08-18,39.29319382,39.8190155,39.24539185,39.77121353,244787,0,1,33.00565201,yahoo_bootstrap
2022-08-19,39.58000565,39.86681366,39.58000565,39.86681366,360942,0,1,33.08498941,yahoo_bootstrap
2022-08-22,39.67560959,39.77121353,39.58000565,39.67560959,72172,0,1,32.92631145,yahoo_bootstrap
2022-08-23,39.38879776,39.38879776,39.24539185,39.29319382,130748,0,1,32.6089492,yahoo_bootstrap
2022-08-24,39.24539185,39.4844017,39.10198212,39.34099579,244780,0,1,32.64861948,yahoo_bootstrap
2022-08-25,39.29319382,39.38879776,39.19758987,39.34099579,117150,0,1,32.64861948,yahoo_bootstrap
2022-08-26,39.34099579,39.34099579,39.19758987,39.29319382,298188,0,1,32.6089492,yahoo_bootstrap
2022-08-29,38.62396622,39.43659973,38.62396622,39.29319382,251057,0,1,32.6089492,yahoo_bootstrap
2022-08-30,39.10198212,39.29319382,39.10198212,39.10198212,301201,0,1,32.45026491,yahoo_bootstrap
2022-08-31,39.10198212,39.24539185,39.10198212,39.10198212,208249,0,1,32.45026491,yahoo_bootstrap
2022-09-01,38.91077805,39.10198212,38.71957016,39.00638199,133885,0,1,32.37092751,yahoo_bootstrap
2022-09-02,39.00638199,39.00638199,38.91077805,39.00638199,105644,0,1,32.37092751,yahoo_bootstrap
2022-09-05,39.05418396,39.19758987,38.76737213,39.00638199,160252,0,1,32.37092751,yahoo_bootstrap
2022-09-06,39.00638199,39.00638199,38.76737213,38.91077805,140266,0,1,32.29158695,yahoo_bootstrap
2022-09-07,39.00638199,39.00638199,38.71957016,38.76737213,280366,0,1,32.1725761,yahoo_bootstrap
2022-09-08,38.8151741,39.43659973,38.76737213,39.38879776,290045,0,1,32.68828976,yahoo_bootstrap
2022-09-12,39.38879776,39.77121353,39.29319382,39.62780762,255230,0,1,32.88664117,yahoo_bootstrap
2022-09-13,39.58000565,40.10582352,39.58000565,39.86681366,292876,0,1,33.08498941,yahoo_bootstrap
2022-09-14,39.29319382,39.91461563,39.19758987,39.91461563,201896,0,1,33.12465969,yahoo_bootstrap
2022-09-15,39.58000565,39.9624176,39.58000565,39.86681366,158989,0,1,33.08498941,yahoo_bootstrap
2022-09-16,39.58000565,39.67560959,39.34099579,39.58000565,221134,0,1,32.84697089,yahoo_bootstrap
2022-09-19,39.19758987,39.4844017,39.05418396,39.38879776,115058,0,1,32.68828976,yahoo_bootstrap
2022-09-20,39.19758987,39.29319382,38.91077805,39.29319382,124576,0,1,32.6089492,yahoo_bootstrap
2022-09-21,39.05418396,39.10198212,38.8151741,38.91077805,171645,0,1,32.29158695,yahoo_bootstrap
2022-09-22,38.8151741,39.00638199,38.38495636,38.76737213,154806,0,1,32.1725761,yahoo_bootstrap
2022-09-23,38.76737213,39.1497879,38.4805603,38.8151741,119330,0,1,32.21224638,yahoo_bootstrap
2022-09-26,38.19374847,39.05418396,37.71572876,37.76353073,318113,0,1,31.33950019,yahoo_bootstrap
2022-09-27,37.76353073,37.95473862,37.66792679,37.90693665,65896,0,1,31.45851104,yahoo_bootstrap
2022-09-28,37.8113327,37.85913467,36.99869919,36.99869919,218966,0,1,30.70477569,yahoo_bootstrap
2022-09-29,37.1421051,38.71957016,36.8074913,38.52836227,257322,0,1,31.97422469,yahoo_bootstrap
2022-09-30,37.18990707,38.00254059,37.18990707,37.8113327,127609,0,1,31.37917047,yahoo_bootstrap
2022-10-03,37.8113327,38.00254059,37.62012482,37.90693665,127610,0,1,31.45851104,yahoo_bootstrap
2022-10-04,38.24155045,38.24155045,37.8113327,38.05034256,59622,0,1,31.57752188,yahoo_bootstrap
2022-10-05,38.09814453,38.19374847,38.05034256,38.05034256,74264,0,1,31.57752188,yahoo_bootstrap
2022-10-06,38.24155045,38.8151741,38.24155045,38.8151741,172628,0,1,32.21224638,yahoo_bootstrap
2022-10-07,38.76737213,38.76737213,38.33715439,38.33715439,88908,0,1,31.81554357,yahoo_bootstrap
2022-10-11,38.05034256,38.05034256,36.95089722,36.99869919,254175,0,1,30.70477569,yahoo_bootstrap
2022-10-12,36.99869919,37.18990707,36.71188736,36.95089722,135977,0,1,30.66510541,yahoo_bootstrap
2022-10-13,36.99869919,37.04650116,35.94705582,36.18606567,239843,0,1,30.0303809,yahoo_bootstrap
2022-10-14,36.52067947,37.28551102,36.4728775,36.99869919,74297,0,1,30.70477569,yahoo_bootstrap
2022-10-17,36.95089722,37.71572876,36.04265976,37.62012482,210248,0,1,31.22048935,yahoo_bootstrap
2022-10-18,37.52452087,37.66792679,37.09430313,37.57232285,147831,0,1,31.18081907,yahoo_bootstrap
2022-10-19,37.76353073,37.76353073,37.18990707,37.4767189,97652,0,1,31.1014785,yahoo_bootstrap
2022-10-20,37.4767189,37.52452087,35.27782822,35.27782822,1990509,0,1,29.27664556,yahoo_bootstrap
2022-10-21,35.51683807,35.89925385,35.27782822,35.27782822,347267,0,1,29.27664556,yahoo_bootstrap
2022-10-24,36.37727356,37.09430313,35.94705582,36.85529327,412117,0,1,30.58576484,yahoo_bootstrap
2022-10-25,36.71188736,38.19374847,36.71188736,37.28551102,453089,0,1,30.94279738,yahoo_bootstrap
2022-10-26,37.76353073,38.57616425,37.76353073,38.24155045,553325,0,1,31.73620301,yahoo_bootstrap
2022-10-27,38.28935242,38.91077805,38.24155045,38.8151741,331649,0,1,32.21224638,yahoo_bootstrap
2022-10-28,38.71957016,39.05418396,38.52836227,38.8151741,273086,0,1,32.21224638,yahoo_bootstrap
2022-10-31,38.8151741,39.00638199,38.38495636,38.43275833,134936,0,1,31.89488413,yahoo_bootstrap
2022-11-01,38.67176819,38.86297607,38.43275833,38.8151741,123771,0,1,32.21224638,yahoo_bootstrap
2022-11-02,39.00638199,40.39263535,38.91077805,39.00638199,730095,0,1,32.37092751,yahoo_bootstrap
2022-11-03,38.76737213,39.91461563,38.4805603,39.67560959,290228,0,1,32.92631145,yahoo_bootstrap
2022-11-04,39.67560959,39.8190155,39.24539185,39.43659973,149576,0,1,32.72796004,yahoo_bootstrap
2022-11-07,39.43659973,39.58000565,39.19758987,39.4844017,101606,0,1,32.76763032,yahoo_bootstrap
2022-11-08,39.53220367,40.10582352,39.53220367,39.8190155,175725,0,1,33.04532229,yahoo_bootstrap
2022-11-09,39.9624176,40.05802155,39.58000565,39.72341156,161233,0,1,32.96598173,yahoo_bootstrap
2022-11-10,39.43659973,39.8190155,39.24539185,39.72341156,172588,0,1,32.96598173,yahoo_bootstrap
2022-11-11,40.20142746,40.53604126,39.62780762,39.72341156,176833,0,1,32.96598173,yahoo_bootstrap
2022-11-14,39.19758987,40.48823929,39.19758987,40.44043732,740660,0,1,33.56103279,yahoo_bootstrap
2022-11-15,40.58384323,40.6316452,40.05802155,40.44043732,346220,0,1,33.56103279,yahoo_bootstrap
2022-11-16,40.67944717,40.67944717,39.77121353,39.91461563,256385,0,1,33.12465969,yahoo_bootstrap
2022-11-17,40.01021957,40.53604126,40.01021957,40.48823929,227136,0,1,33.60070307,yahoo_bootstrap
2022-11-18,40.48823929,40.67944717,40.15362549,40.34483337,120290,0,1,33.48169222,yahoo_bootstrap
2022-11-21,40.24922943,40.53604126,40.05802155,40.10582352,74264,0,1,33.28334082,yahoo_bootstrap
2022-11-22,40.48823929,40.48823929,40.01021957,40.39263535,105645,0,1,33.52136251,yahoo_bootstrap
2022-11-23,40.39263535,40.53604126,40.34483337,40.53604126,118196,0,1,33.64037335,yahoo_bootstrap
2022-11-24,40.53604126,41.01406097,40.53604126,40.72724915,215624,0,1,33.79905448,yahoo_bootstrap
2022-11-25,40.77505112,40.77505112,40.2970314,40.44043732,90121,0,1,33.56103279,yahoo_bootstrap
2022-11-28,40.15362549,40.15362549,39.9624176,40.01021957,81589,0,1,33.20400025,yahoo_bootstrap
2022-11-29,39.91461563,40.24922943,39.77121353,40.24922943,79495,0,1,33.40235166,yahoo_bootstrap
2022-11-30,40.15362549,40.6316452,40.15362549,40.6316452,98322,0,1,33.71971391,yahoo_bootstrap
2022-12-01,40.6316452,41.06186295,40.48823929,41.06186295,184300,0,1,34.07674645,yahoo_bootstrap
2022-12-02,41.06186295,41.10966492,40.67944717,40.91845703,163288,0,1,33.9577356,yahoo_bootstrap
2022-12-05,40.87065506,41.25307083,40.87065506,41.01406097,165495,0,1,34.03707616,yahoo_bootstrap
2022-12-06,41.10966492,41.10966492,40.39263535,40.44043732,88961,0,1,33.56103279,yahoo_bootstrap
2022-12-07,40.15362549,40.15362549,39.53220367,39.72341156,268987,0,1,32.96598173,yahoo_bootstrap
2022-12-08,39.72341156,39.72341156,39.34099579,39.58000565,113018,0,1,32.84697089,yahoo_bootstrap
2022-12-09,39.58000565,39.77121353,39.43659973,39.77121353,96252,0,1,33.00565201,yahoo_bootstrap
2022-12-12,39.77121353,40.10582352,39.58000565,39.72341156,38701,0,1,32.96598173,yahoo_bootstrap
2022-12-13,39.8190155,39.8190155,39.62780762,39.67560959,47069,0,1,32.92631145,yahoo_bootstrap
2022-12-14,39.72341156,40.10582352,39.72341156,39.77121353,109829,0,1,33.00565201,yahoo_bootstrap
2022-12-15,39.72341156,39.9624176,39.72341156,39.9624176,72627,0,1,33.16432997,yahoo_bootstrap
2022-12-16,39.4844017,39.72341156,39.29319382,39.29319382,239530,0,1,32.6089492,yahoo_bootstrap
2022-12-19,39.24539185,40.15362549,39.24539185,40.10582352,182002,0,1,33.28334082,yahoo_bootstrap
2022-12-20,39.72341156,40.20142746,39.4844017,39.58000565,311808,0,1,32.84697089,yahoo_bootstrap
2022-12-21,39.86681366,39.86681366,39.34099579,39.38879776,126563,0,1,32.68828976,yahoo_bootstrap
2022-12-22,39.58000565,39.86681366,39.43659973,39.43659973,117151,0,1,32.72796004,yahoo_bootstrap
2022-12-23,39.43659973,39.43659973,39.05418396,39.19758987,96230,0,1,32.52960863,yahoo_bootstrap
2022-12-26,38.86297607,39.62780762,38.86297607,39.19758987,49162,0,1,32.52960863,yahoo_bootstrap
2022-12-27,39.10198212,39.38879776,39.10198212,39.1497879,31538,0,1,32.48993835,yahoo_bootstrap
2022-12-28,39.4844017,39.4844017,38.91077805,38.95858002,82737,0,1,32.33125723,yahoo_bootstrap
2022-12-29,38.86297607,39.05418396,38.57616425,39.00638199,158991,0,1,32.37092751,yahoo_bootstrap
2022-12-30,39.00638199,39.43659973,38.71957016,39.38879776,130801,0,1,32.68828976,yahoo_bootstrap
2023-01-03,39.38879776,39.38879776,38.76737213,39.05418396,41839,0,1,32.41059779,yahoo_bootstrap
2023-01-04,39.05418396,39.72341156,39.05418396,39.53220367,117298,0,1,32.8073006,yahoo_bootstrap
2023-01-05,39.9624176,39.9624176,39.34099579,39.53220367,52324,0,1,32.8073006,yahoo_bootstrap
2023-01-06,39.67560959,39.77121353,39.53220367,39.53220367,57551,0,1,32.8073006,yahoo_bootstrap
2023-01-09,40.24922943,40.24922943,39.58000565,39.86681366,87862,0,1,33.08498941,yahoo_bootstrap
2023-01-10,39.72341156,39.77121353,39.58000565,39.72341156,46024,0,1,32.96598173,yahoo_bootstrap
2023-01-11,39.77121353,40.01021957,39.58000565,39.62780762,37569,0,1,32.88664117,yahoo_bootstrap
2023-01-12,39.58000565,39.58000565,39.29319382,39.34099579,51462,0,1,32.64861948,yahoo_bootstrap
2023-01-13,39.86681366,39.86681366,39.29319382,39.38879776,45019,0,1,32.68828976,yahoo_bootstrap
2023-01-16,39.29319382,39.43659973,39.1497879,39.38879776,191519,0,1,32.68828976,yahoo_bootstrap
2023-01-17,39.38879776,39.43659973,39.10198212,39.29319382,166545,0,1,32.6089492,yahoo_bootstrap
2023-01-30,39.38879776,39.58000565,39.29319382,39.43659973,110880,0,1,32.72796004,yahoo_bootstrap
2023-01-31,39.43659973,40.10582352,39.43659973,40.05802155,89208,0,1,33.24367054,yahoo_bootstrap
2023-02-01,40.05802155,40.20142746,39.9624176,40.10582352,84757,0,1,33.28334082,yahoo_bootstrap
2023-02-02,40.05802155,40.24922943,40.01021957,40.24922943,167400,0,1,33.40235166,yahoo_bootstrap
2023-02-03,40.24922943,40.2970314,40.05802155,40.15362549,70102,0,1,33.3230111,yahoo_bootstrap
2023-02-06,40.24922943,40.34483337,40.15362549,40.20142746,97694,0,1,33.36268138,yahoo_bootstrap
2023-02-07,39.72341156,40.72724915,39.72341156,40.48823929,300499,0,1,33.60070307,yahoo_bootstrap
2023-02-08,40.24922943,40.58384323,40.15362549,40.58384323,127672,0,1,33.68004363,yahoo_bootstrap
2023-02-09,40.15362549,40.53604126,40.15362549,40.24922943,41862,0,1,33.40235166,yahoo_bootstrap
2023-02-10,40.15362549,40.15362549,39.77121353,39.86681366,150624,0,1,33.08498941,yahoo_bootstrap
2023-02-13,39.77121353,40.24922943,39.72341156,39.91461563,134940,0,1,33.12465969,yahoo_bootstrap
2023-02-14,39.91461563,40.34483337,39.77121353,40.15362549,73324,0,1,33.3230111,yahoo_bootstrap
2023-02-15,40.15362549,40.15362549,39.8190155,39.8190155,47071,0,1,33.04532229,yahoo_bootstrap
2023-02-16,39.9624176,40.15362549,39.9624176,40.10582352,70090,0,1,33.28334082,yahoo_bootstrap
2023-02-17,39.9624176,40.15362549,39.86681366,40.01021957,117152,0,1,33.20400025,yahoo_bootstrap
2023-02-20,40.24922943,40.34483337,40.15362549,40.2970314,102310,0,1,33.44202194,yahoo_bootstrap
2023-02-21,40.2970314,40.44043732,40.2970314,40.34483337,111942,0,1,33.48169222,yahoo_bootstrap
2023-02-22,40.2970314,40.53604126,40.10582352,40.44043732,165272,0,1,33.56103279,yahoo_bootstrap
2023-02-23,40.48823929,40.87065506,40.48823929,40.72724915,157965,0,1,33.79905448,yahoo_bootstrap
2023-02-24,40.6316452,40.91845703,40.53604126,40.82285309,100437,0,1,33.87839504,yahoo_bootstrap
2023-03-01,40.82285309,40.82285309,40.58384323,40.67944717,62798,0,1,33.75938419,yahoo_bootstrap
2023-03-02,40.72724915,40.72724915,40.58384323,40.67944717,48138,0,1,33.75938419,yahoo_bootstrap
2023-03-03,40.87065506,40.87065506,40.6316452,40.67944717,108363,0,1,33.75938419,yahoo_bootstrap
2023-03-06,40.966259,40.966259,40.6316452,40.72724915,149705,0,1,33.79905448,yahoo_bootstrap
2023-03-07,40.72724915,40.82285309,40.58384323,40.77505112,174743,0,1,33.83872476,yahoo_bootstrap
2023-03-08,40.77505112,41.92229843,40.77505112,41.92229843,686898,0,1,34.79081151,yahoo_bootstrap
2023-03-09,41.92229843,41.92229843,40.91845703,41.01406097,418895,0,1,34.03707616,yahoo_bootstrap
2023-03-10,40.966259,40.966259,40.2970314,40.48823929,398937,0,1,33.60070307,yahoo_bootstrap
2023-03-13,40.48823929,40.82285309,40.01021957,40.77505112,521003,0,1,33.83872476,yahoo_bootstrap
2023-03-14,40.6316452,40.77505112,40.39263535,40.72724915,308570,0,1,33.79905448,yahoo_bootstrap
2023-03-15,40.82285309,40.87065506,40.58384323,40.82285309,229076,0,1,33.87839504,yahoo_bootstrap
2023-03-16,40.44043732,40.6316452,40.15362549,40.20142746,455018,0,1,33.36268138,yahoo_bootstrap
2023-03-17,40.24922943,40.2970314,40.01021957,40.01021957,223883,0,1,33.20400025,yahoo_bootstrap
2023-03-20,40.20142746,40.20142746,39.91461563,39.91461563,148651,0,1,33.12465969,yahoo_bootstrap
2023-03-21,40.01021957,40.24922943,39.9624176,40.15362549,165749,0,1,33.3230111,yahoo_bootstrap
2023-03-22,40.20142746,40.44043732,40.20142746,40.34483337,106698,0,1,33.48169222,yahoo_bootstrap
2023-03-23,40.34483337,40.87065506,40.34483337,40.58384323,124477,0,1,33.68004363,yahoo_bootstrap
2023-03-24,40.53604126,41.01406097,40.53604126,41.01406097,63810,0,1,34.03707616,yahoo_bootstrap
2023-03-27,41.01406097,41.25307083,41.01406097,41.25307083,98408,0,1,34.23542757,yahoo_bootstrap
2023-03-28,41.25307083,41.25307083,40.82285309,40.87065506,69123,0,1,33.91806532,yahoo_bootstrap
2023-03-29,40.87065506,41.01406097,40.44043732,40.6316452,68132,0,1,33.71971391,yahoo_bootstrap
2023-03-30,40.6316452,40.82285309,40.6316452,40.6316452,72220,0,1,33.71971391,yahoo_bootstrap
2023-03-31,40.72724915,40.82285309,40.67944717,40.72724915,87967,0,1,33.79905448,yahoo_bootstrap
2023-04-06,40.6316452,40.72724915,40.20142746,40.72724915,99418,0,1,33.79905448,yahoo_bootstrap
2023-04-07,40.48823929,40.72724915,40.44043732,40.67944717,52551,0,1,33.75938419,yahoo_bootstrap
2023-04-10,40.2970314,40.72724915,40.2970314,40.67944717,24124,0,1,33.75938419,yahoo_bootstrap
2023-04-11,40.6316452,40.82285309,40.6316452,40.82285309,113009,0,1,33.87839504,yahoo_bootstrap
2023-04-12,40.82285309,40.87065506,40.67944717,40.72724915,63882,0,1,33.79905448,yahoo_bootstrap
2023-04-13,40.72724915,40.72724915,40.6316452,40.72724915,54985,0,1,33.79905448,yahoo_bootstrap
2023-04-14,40.82285309,41.01406097,40.58384323,40.67944717,94164,0,1,33.75938419,yahoo_bootstrap
2023-04-17,40.87065506,41.01406097,40.67944717,40.82285309,213382,0,1,33.87839504,yahoo_bootstrap
2023-04-18,40.82285309,40.966259,40.77505112,40.82285309,62758,0,1,33.87839504,yahoo_bootstrap
2023-04-19,41.10966492,41.10966492,40.67944717,40.82285309,263545,0,1,33.87839504,yahoo_bootstrap
2023-04-20,40.77505112,40.77505112,40.34483337,40.34483337,230138,0,1,33.48169222,yahoo_bootstrap
2023-04-21,40.44043732,40.44043732,39.9624176,40.05802155,273132,0,1,33.24367054,yahoo_bootstrap
2023-04-24,40.10582352,40.34483337,39.86681366,40.05802155,114325,0,1,33.24367054,yahoo_bootstrap
2023-04-25,40.05802155,40.10582352,39.62780762,40.10582352,253682,0,1,33.28334082,yahoo_bootstrap
2023-04-26,40.05802155,40.2970314,39.86681366,40.05802155,79768,0,1,33.24367054,yahoo_bootstrap
2023-04-27,39.77121353,40.72724915,39.72341156,40.67944717,355747,0,1,33.75938419,yahoo_bootstrap
2023-04-28,40.67944717,40.82285309,40.15362549,40.15362549,215524,0,1,33.3230111,yahoo_bootstrap
2023-05-02,40.15362549,40.15362549,39.19758987,39.72341156,269030,0,1,32.96598173,yahoo_bootstrap
2023-05-03,39.77121353,40.82285309,39.24539185,40.67944717,504243,0,1,33.75938419,yahoo_bootstrap
2023-05-04,40.67944717,40.67944717,39.9624176,40.44043732,83702,0,1,33.56103279,yahoo_bootstrap
2023-05-05,40.72724915,40.72724915,40.15362549,40.20142746,59126,0,1,33.36268138,yahoo_bootstrap
2023-05-08,40.6316452,40.72724915,40.01021957,40.10582352,114382,0,1,33.28334082,yahoo_bootstrap
2023-05-09,40.01021957,40.10582352,39.62780762,39.86681366,168515,0,1,33.08498941,yahoo_bootstrap
2023-05-10,39.8190155,40.72724915,39.77121353,40.72724915,252295,0,1,33.79905448,yahoo_bootstrap
2023-05-11,40.39263535,40.87065506,40.15362549,40.72724915,287790,0,1,33.79905448,yahoo_bootstrap
2023-05-12,40.6316452,40.6316452,40.15362549,40.24922943,44143,0,1,33.40235166,yahoo_bootstrap
2023-05-15,39.9624176,40.01021957,39.91461563,39.9624176,55601,0,1,33.16432997,yahoo_bootstrap
2023-05-16,39.9624176,40.10582352,39.8190155,39.86681366,86816,0,1,33.08498941,yahoo_bootstrap
2023-05-17,39.86681366,40.82285309,39.8190155,40.67944717,294246,0,1,33.75938419,yahoo_bootstrap
2023-05-18,40.53604126,40.77505112,40.34483337,40.53604126,121375,0,1,33.64037335,yahoo_bootstrap
2023-05-19,40.53604126,40.53604126,40.34483337,40.44043732,93093,0,1,33.56103279,yahoo_bootstrap
2023-05-22,40.39263535,40.39263535,40.24922943,40.39263535,80632,0,1,33.52136251,yahoo_bootstrap
2023-05-23,40.2970314,40.53604126,40.24922943,40.48823929,161206,0,1,33.60070307,yahoo_bootstrap
2023-05-24,40.48823929,40.6316452,40.34483337,40.6316452,95289,0,1,33.71971391,yahoo_bootstrap
2023-05-25,40.6316452,40.67944717,40.53604126,40.6316452,113176,0,1,33.71971391,yahoo_bootstrap
2023-05-26,40.53604126,40.6316452,40.34483337,40.48823929,103657,0,1,33.60070307,yahoo_bootstrap
2023-05-29,40.48823929,40.53604126,40.34483337,40.48823929,160233,0,1,33.60070307,yahoo_bootstrap
2023-05-30,40.34483337,40.58384323,40.34483337,40.58384323,75330,0,1,33.68004363,yahoo_bootstrap
2023-05-31,40.39263535,40.6316452,40.39263535,40.58384323,136809,0,1,33.68004363,yahoo_bootstrap
2023-06-01,40.58384323,40.58384323,40.44043732,40.53604126,353542,0,1,33.64037335,yahoo_bootstrap
2023-06-02,40.53604126,40.53604126,40.34483337,40.39263535,161084,0,1,33.52136251,yahoo_bootstrap
2023-06-05,40.39263535,40.48823929,40.34483337,40.39263535,178990,0,1,33.52136251,yahoo_bootstrap
2023-06-06,40.44043732,41.58768463,40.44043732,40.82285309,691446,0,1,33.87839504,yahoo_bootstrap
2023-06-07,40.82285309,40.91845703,40.48823929,40.87065506,260455,0,1,33.91806532,yahoo_bootstrap
2023-06-08,40.87065506,40.91845703,40.72724915,40.77505112,146876,0,1,33.83872476,yahoo_bootstrap
2023-06-09,40.77505112,40.87065506,40.6316452,40.6316452,256607,0,1,33.71971391,yahoo_bootstrap
2023-06-12,40.6316452,40.67944717,40.48823929,40.6316452,144464,0,1,33.71971391,yahoo_bootstrap
2023-06-13,40.67944717,40.77505112,40.58384323,40.6316452,228212,0,1,33.71971391,yahoo_bootstrap
2023-06-14,40.6316452,41.06186295,40.6316452,40.87065506,270041,0,1,33.91806532,yahoo_bootstrap
2023-06-15,41.01406097,41.87449646,40.966259,41.82669449,429932,0,1,34.71147095,yahoo_bootstrap
2023-06-16,41.82669449,42.83053589,41.82669449,42.25691223,494820,0,1,35.06850348,yahoo_bootstrap
2023-06-19,42.25691223,42.49592209,41.73109055,41.73109055,248109,0,1,34.63213039,yahoo_bootstrap
2023-06-20,41.82669449,42.01790237,41.68328857,41.77889252,119278,0,1,34.67180067,yahoo_bootstrap
2023-06-21,41.77889252,41.82669449,41.49208069,41.68328857,130769,0,1,34.5924601,yahoo_bootstrap
2023-06-26,41.68328857,41.82669449,41.49208069,41.77889252,109618,0,1,34.67180067,yahoo_bootstrap
2023-06-27,41.77889252,41.77889252,41.34867477,41.39647675,142254,0,1,34.35443842,yahoo_bootstrap
2023-06-28,41.58768463,41.77889252,41.53988266,41.73109055,135068,0,1,34.63213039,yahoo_bootstrap
2023-06-29,41.73109055,41.9701004,41.6354866,41.77889252,119393,0,1,34.67180067,yahoo_bootstrap
2023-06-30,41.77889252,41.87449646,41.68328857,41.82669449,104642,0,1,34.71147095,yahoo_bootstrap
2023-07-03,41.82669449,41.87449646,41.73109055,41.77889252,130771,0,1,34.67180067,yahoo_bootstrap
2023-07-04,41.87449646,41.87449646,41.58768463,41.77889252,203221,0,1,34.67180067,yahoo_bootstrap
2023-07-05,41.87449646,41.87449646,41.77889252,41.87449646,199028,0,1,34.75114123,yahoo_bootstrap
2023-07-06,41.87449646,42.40031815,41.77889252,42.16130829,793142,0,1,34.98916292,yahoo_bootstrap
2023-07-07,39.77121353,39.77121353,39.4844017,39.58000565,429543,2.390097,1,34.82094765,yahoo_bootstrap
2023-07-10,39.67560959,39.67560959,39.38879776,39.53220367,179997,0,1,34.77889333,yahoo_bootstrap
2023-07-11,39.67560959,39.67560959,39.53220367,39.62780762,78740,0,1,34.86300196,yahoo_bootstrap
2023-07-12,39.62780762,39.67560959,39.38879776,39.4844017,124471,0,1,34.73683901,yahoo_bootstrap
2023-07-13,39.62780762,40.10582352,39.62780762,39.86681366,136190,0,1,35.07327016,yahoo_bootstrap
2023-07-14,39.91461563,40.2970314,39.91461563,40.15362549,197807,0,1,35.32559604,yahoo_bootstrap
2023-07-17,40.15362549,40.2970314,39.91461563,40.2970314,139116,0,1,35.45175898,yahoo_bootstrap
2023-07-18,40.2970314,41.34867477,40.01021957,41.01406097,483400,0,1,36.08257367,yahoo_bootstrap
2023-07-19,41.06186295,41.10966492,40.05802155,40.44043732,478035,0,1,35.57792192,yahoo_bootstrap
2023-07-20,40.58384323,40.91845703,40.24922943,40.67944717,256286,0,1,35.78819348,yahoo_bootstrap
2023-07-21,40.34483337,40.44043732,39.8190155,40.44043732,371513,0,1,35.57792192,yahoo_bootstrap
2023-07-24,40.58384323,40.58384323,39.58000565,39.86681366,463788,0,1,35.07327016,yahoo_bootstrap
2023-07-25,40.05802155,40.44043732,39.72341156,39.86681366,276159,0,1,35.07327016,yahoo_bootstrap
2023-07-26,39.77121353,40.2970314,39.77121353,40.20142746,164220,0,1,35.36765036,yahoo_bootstrap
2023-07-27,40.58384323,41.3008728,40.58384323,40.67944717,584704,0,1,35.78819348,yahoo_bootstrap
2023-07-28,40.91845703,40.91845703,39.8190155,40.05802155,479986,0,1,35.24148742,yahoo_bootstrap
2023-07-31,40.2970314,40.72724915,39.9624176,40.20142746,376553,0,1,35.36765036,yahoo_bootstrap
2023-08-01,40.39263535,40.48823929,39.9624176,40.15362549,187272,0,1,35.32559604,yahoo_bootstrap
2023-08-02,40.15362549,40.34483337,39.9624176,40.24922943,273028,0,1,35.40970467,yahoo_bootstrap
2023-08-04,40.39263535,40.39263535,39.9624176,40.15362549,138195,0,1,35.32559604,yahoo_bootstrap
2023-08-07,40.53604126,40.53604126,40.01021957,40.2970314,141393,0,1,35.45175898,yahoo_bootstrap
2023-08-08,41.10966492,41.3008728,40.34483337,41.01406097,673084,0,1,36.08257367,yahoo_bootstrap
2023-08-09,41.01406097,41.39647675,40.53604126,40.82285309,670539,0,1,35.91435643,yahoo_bootstrap
2023-08-10,41.06186295,41.06186295,40.15362549,40.58384323,295104,0,1,35.70408486,yahoo_bootstrap
2023-08-11,40.58384323,41.06186295,40.39263535,41.01406097,314958,0,1,36.08257367,yahoo_bootstrap
2023-08-14,41.01406097,41.10966492,40.15362549,40.48823929,298105,0,1,35.61997623,yahoo_bootstrap
2023-08-15,40.82285309,41.10966492,40.44043732,40.82285309,528239,0,1,35.91435643,yahoo_bootstrap
2023-08-16,40.53604126,40.77505112,40.01021957,40.34483337,387014,0,1,35.49381329,yahoo_bootstrap
2023-08-17,40.20142746,40.48823929,39.67560959,40.44043732,365006,0,1,35.57792192,yahoo_bootstrap
2023-08-18,40.2970314,40.53604126,39.67560959,39.9624176,361973,0,1,35.15737879,yahoo_bootstrap
2023-08-21,39.9624176,40.2970314,39.67560959,40.2970314,224049,0,1,35.45175898,yahoo_bootstrap
2023-08-22,40.2970314,41.01406097,40.24922943,40.91845703,907915,0,1,35.99846505,yahoo_bootstrap
2023-08-23,40.91845703,41.68328857,40.53604126,41.58768463,1062716,0,1,36.58722543,yahoo_bootstrap
2023-08-24,41.87449646,42.20911026,40.82285309,41.25307083,1007302,0,1,36.29284524,yahoo_bootstrap
2023-08-25,41.25307083,41.3008728,40.87065506,41.01406097,163267,0,1,36.08257367,yahoo_bootstrap
2023-08-28,41.15746689,41.15746689,40.24922943,40.48823929,380737,0,1,35.61997623,yahoo_bootstrap
2023-08-29,40.6316452,40.6316452,40.2970314,40.6316452,159219,0,1,35.74613917,yahoo_bootstrap
2023-08-30,40.6316452,41.25307083,40.44043732,41.20526886,333774,0,1,36.25079093,yahoo_bootstrap
2023-08-31,41.68328857,42.06570435,41.34867477,41.87449646,665412,0,1,36.83955131,yahoo_bootstrap
2023-09-01,41.68328857,42.16130829,41.49208069,41.82669449,645413,0,1,36.797497,yahoo_bootstrap
2023-09-04,42.01790237,42.54372406,41.68328857,42.11350632,528378,0,1,37.04982288,yahoo_bootstrap
2023-09-05,42.40031815,42.40031815,41.9701004,42.25691223,449831,0,1,37.17598581,yahoo_bootstrap
2023-09-06,42.639328,42.639328,42.06570435,42.40031815,525486,0,1,37.30214876,yahoo_bootstrap
2023-09-07,42.83053589,42.92613983,42.49592209,42.639328,794006,0,1,37.51242031,yahoo_bootstrap
2023-09-08,43.02174377,43.02174377,41.82669449,42.06570435,657994,0,1,37.00776856,yahoo_bootstrap
2023-09-11,42.54372406,42.54372406,41.44427872,42.16130829,471759,0,1,37.09187719,yahoo_bootstrap
2023-09-12,42.16130829,42.20911026,41.82669449,42.20911026,312900,0,1,37.1339315,yahoo_bootstrap
2023-09-13,42.06570435,42.11350632,41.87449646,42.01790237,269964,0,1,36.96571424,yahoo_bootstrap
2023-09-14,42.11350632,42.54372406,42.06570435,42.44812012,466726,0,1,37.34420307,yahoo_bootstrap
2023-09-15,42.54372406,42.87833786,41.92229843,42.54372406,619256,0,1,37.42831169,yahoo_bootstrap
2023-09-18,42.06570435,42.54372406,41.92229843,42.35251617,343083,0,1,37.26009443,yahoo_bootstrap
2023-09-19,42.40031815,42.59152603,42.06570435,42.20911026,300198,0,1,37.1339315,yahoo_bootstrap
2023-09-20,42.06570435,42.20911026,41.10966492,41.39647675,567032,0,1,36.41900818,yahoo_bootstrap
2023-09-21,41.20526886,41.20526886,40.53604126,40.77505112,555422,0,1,35.87230211,yahoo_bootstrap
2023-09-22,40.34483337,40.91845703,40.34483337,40.82285309,132840,0,1,35.91435643,yahoo_bootstrap
2023-09-25,40.87065506,41.20526886,40.87065506,41.10966492,135994,0,1,36.1666823,yahoo_bootstrap
2023-09-26,40.72724915,41.34867477,40.44043732,40.72724915,364315,0,1,35.8302478,yahoo_bootstrap
2023-09-27,40.6316452,41.06186295,40.44043732,40.67944717,226344,0,1,35.78819348,yahoo_bootstrap
2023-09-28,40.82285309,41.06186295,40.48823929,40.77505112,252112,0,1,35.87230211,yahoo_bootstrap
2023-10-02,40.966259,41.10966492,40.82285309,41.01406097,221853,0,1,36.08257367,yahoo_bootstrap
2023-10-03,41.01406097,41.20526886,40.72724915,40.82285309,219657,0,1,35.91435643,yahoo_bootstrap
2023-10-04,40.82285309,40.82285309,40.34483337,40.58384323,342120,0,1,35.70408486,yahoo_bootstrap
2023-10-05,40.82285309,41.39647675,40.72724915,41.01406097,178864,0,1,36.08257367,yahoo_bootstrap
2023-10-06,40.77505112,41.10966492,40.67944717,41.06186295,216523,0,1,36.12462799,yahoo_bootstrap
2023-10-11,41.20526886,41.20526886,40.48823929,40.53604126,339067,0,1,35.66203055,yahoo_bootstrap
2023-10-12,41.01406097,41.01406097,40.48823929,40.77505112,273106,0,1,35.87230211,yahoo_bootstrap
2023-10-13,40.6316452,41.06186295,40.6316452,40.966259,212312,0,1,36.04051936,yahoo_bootstrap
2023-10-16,41.01406097,41.01406097,40.77505112,40.77505112,189322,0,1,35.87230211,yahoo_bootstrap
2023-10-17,40.87065506,40.91845703,40.39263535,40.44043732,413276,0,1,35.57792192,yahoo_bootstrap
2023-10-18,40.39263535,40.58384323,39.67560959,40.20142746,814297,0,1,35.36765036,yahoo_bootstrap
2023-10-19,39.86681366,39.9624176,39.53220367,39.67560959,439208,0,1,34.90505627,yahoo_bootstrap
2023-10-20,39.67560959,39.67560959,38.91077805,39.34099579,685118,0,1,34.61067608,yahoo_bootstrap
2023-10-23,39.43659973,39.58000565,39.10198212,39.1497879,639116,0,1,34.44245882,yahoo_bootstrap
2023-10-24,39.24539185,39.58000565,39.1497879,39.24539185,278253,0,1,34.52656746,yahoo_bootstrap
2023-10-25,39.67560959,40.01021957,39.24539185,40.01021957,204029,0,1,35.1994331,yahoo_bootstrap
2023-10-26,40.53604126,40.91845703,40.05802155,40.24922943,1208404,0,1,35.40970467,yahoo_bootstrap
2023-10-27,40.34483337,40.34483337,39.86681366,40.01021957,316932,0,1,35.1994331,yahoo_bootstrap
2023-10-30,39.9624176,40.34483337,39.9624176,40.20142746,189323,0,1,35.36765036,yahoo_bootstrap
2023-10-31,40.48823929,40.48823929,39.62780762,39.72341156,347266,0,1,34.94711058,yahoo_bootstrap
2023-11-01,39.77121353,39.77121353,38.76737213,39.24539185,987469,0,1,34.52656746,yahoo_bootstrap
2023-11-02,39.77121353,39.91461563,39.38879776,39.4844017,405947,0,1,34.73683901,yahoo_bootstrap
2023-11-03,39.72341156,40.20142746,39.38879776,39.8190155,719677,0,1,35.03121921,yahoo_bootstrap
2023-11-06,39.91461563,40.39263535,39.91461563,40.24922943,299647,0,1,35.40970467,yahoo_bootstrap
2023-11-07,39.67560959,40.15362549,39.67560959,40.01021957,191477,0,1,35.1994331,yahoo_bootstrap
2023-11-08,40.01021957,40.15362549,39.8190155,40.15362549,91461,0,1,35.32559604,yahoo_bootstrap
2023-11-09,40.20142746,40.20142746,39.8190155,39.91461563,134995,0,1,35.11532448,yahoo_bootstrap
2023-11-10,39.9624176,39.9624176,39.53220367,39.8190155,203999,0,1,35.03121921,yahoo_bootstrap
2023-11-13,40.01021957,40.01021957,39.67560959,39.9624176,182105,0,1,35.15737879,yahoo_bootstrap
2023-11-14,39.77121353,40.39263535,39.77121353,40.34483337,239740,0,1,35.49381329,yahoo_bootstrap
2023-11-15,40.34483337,40.48823929,40.20142746,40.2970314,239530,0,1,35.45175898,yahoo_bootstrap
2023-11-16,40.44043732,40.44043732,40.10582352,40.15362549,137024,0,1,35.32559604,yahoo_bootstrap
2023-11-17,40.15362549,40.39263535,40.10582352,40.20142746,96212,0,1,35.36765036,yahoo_bootstrap
2023-11-20,40.20142746,40.44043732,40.20142746,40.44043732,95410,0,1,35.57792192,yahoo_bootstrap
2023-11-21,40.44043732,40.6316452,40.44043732,40.53604126,274448,0,1,35.66203055,yahoo_bootstrap
2023-11-22,40.53604126,40.77505112,40.48823929,40.77505112,132733,0,1,35.87230211,yahoo_bootstrap
2023-11-23,40.72724915,41.10966492,40.72724915,40.966259,345268,0,1,36.04051936,yahoo_bootstrap
2023-11-24,41.06186295,41.06186295,40.77505112,40.82285309,132029,0,1,35.91435643,yahoo_bootstrap
2023-11-27,40.87065506,40.87065506,40.44043732,40.44043732,165368,0,1,35.57792192,yahoo_bootstrap
2023-11-28,40.82285309,40.82285309,40.6316452,40.82285309,79495,0,1,35.91435643,yahoo_bootstrap
2023-11-29,40.77505112,40.82285309,40.67944717,40.67944717,99455,0,1,35.78819348,yahoo_bootstrap
2023-11-30,40.72724915,40.91845703,40.67944717,40.67944717,147484,0,1,35.78819348,yahoo_bootstrap
2023-12-01,40.72724915,40.91845703,40.67944717,40.82285309,159198,0,1,35.91435643,yahoo_bootstrap
2023-12-04,40.87065506,41.44427872,40.87065506,41.20526886,272373,0,1,36.25079093,yahoo_bootstrap
2023-12-05,41.20526886,41.49208069,41.01406097,41.06186295,122861,0,1,36.12462799,yahoo_bootstrap
2023-12-06,41.06186295,41.20526886,40.91845703,41.06186295,224181,0,1,36.12462799,yahoo_bootstrap
2023-12-07,40.966259,41.15746689,40.91845703,40.91845703,195064,0,1,35.99846505,yahoo_bootstrap
2023-12-08,41.06186295,41.20526886,40.77505112,40.77505112,174815,0,1,35.87230211,yahoo_bootstrap
2023-12-11,40.82285309,41.01406097,40.72724915,40.77505112,168722,0,1,35.87230211,yahoo_bootstrap
2023-12-12,40.82285309,40.82285309,40.6316452,40.67944717,269087,0,1,35.78819348,yahoo_bootstrap
2023-12-13,40.67944717,41.10966492,40.67944717,40.82285309,366203,0,1,35.91435643,yahoo_bootstrap
2023-12-14,41.20526886,41.39647675,41.01406097,41.3008728,523217,0,1,36.33489955,yahoo_bootstrap
2023-12-15,41.87449646,42.20911026,41.49208069,41.49208069,571830,0,1,36.50311681,yahoo_bootstrap
2023-12-18,41.49208069,41.68328857,41.3008728,41.49208069,290853,0,1,36.50311681,yahoo_bootstrap
2023-12-19,41.3008728,41.3008728,40.87065506,40.966259,248945,0,1,36.04051936,yahoo_bootstrap
2023-12-20,41.10966492,41.20526886,40.77505112,40.87065506,241605,0,1,35.95641074,yahoo_bootstrap
2023-12-21,41.3008728,41.58768463,40.966259,41.34867477,400930,0,1,36.37695386,yahoo_bootstrap
2023-12-22,41.39647675,41.77889252,41.3008728,41.34867477,234301,0,1,36.37695386,yahoo_bootstrap
2023-12-25,41.49208069,43.16514969,41.49208069,43.02174377,1568072,0,1,37.84885482,yahoo_bootstrap
2023-12-26,44.40800095,46.65468979,44.36019897,45.02942657,9337885,0,1,39.61513596,yahoo_bootstrap
2023-12-27,45.65084839,48.75797653,45.4596405,48.56676865,14627491,0,1,42.72715177,yahoo_bootstrap
2023-12-28,48.4711647,48.56676865,46.94150162,47.70633316,6263809,0,1,41.97017413,yahoo_bootstrap
2023-12-29,47.8019371,47.8019371,46.55908585,46.89369965,3129862,0,1,41.25525082,yahoo_bootstrap
2024-01-02,46.84589767,46.84589767,45.93766022,46.36787796,1785610,0,1,40.79265337,yahoo_bootstrap
2024-01-03,46.36787796,46.36787796,45.65084839,45.7942543,1124140,0,1,40.28800161,yahoo_bootstrap
2024-01-04,45.65084839,45.74645233,44.21679306,44.26459503,2515614,0,1,38.94226696,yahoo_bootstrap
2024-01-05,44.36019897,45.22063065,44.312397,44.312397,1781831,0,1,38.98432127,yahoo_bootstrap
2024-01-08,44.312397,44.9816246,43.83437729,44.02558517,1381995,0,1,38.73199539,yahoo_bootstrap
2024-01-09,44.83821869,45.41183853,44.312397,44.93382263,2302307,0,1,39.53102734,yahoo_bootstrap
2024-01-10,45.26843262,45.26843262,43.9777832,44.02558517,1157945,0,1,38.73199539,yahoo_bootstrap
2024-01-11,43.88217926,45.69865036,43.88217926,45.65084839,1839038,0,1,40.16183868,yahoo_bootstrap
2024-01-12,45.02942657,45.60304642,44.83821869,44.88602066,1154766,0,1,39.48897303,yahoo_bootstrap
2024-01-15,44.88602066,44.88602066,44.88602066,44.88602066,0,0,1,39.48897303,yahoo_bootstrap
2024-01-16,45.4596405,46.22447205,45.26843262,45.60304642,996513,0,1,40.11978437,yahoo_bootstrap
2024-01-17,45.60304642,45.65084839,44.88602066,45.4596405,1160102,0,1,39.99362142,yahoo_bootstrap
2024-01-18,45.84205627,45.88985825,45.12503052,45.7942543,1148425,0,1,40.28800161,yahoo_bootstrap
2024-01-19,46.65468979,46.65468979,45.41183853,45.74645233,1183824,0,1,40.2459473,yahoo_bootstrap
2024-01-22,46.36787796,46.41567993,45.60304642,45.7942543,781353,0,1,40.28800161,yahoo_bootstrap
2024-01-23,46.27227402,46.65468979,45.98546219,46.27227402,1057018,0,1,40.70854475,yahoo_bootstrap
2024-01-24,46.65468979,47.61072922,46.32007599,46.32007599,1582931,0,1,40.75059906,yahoo_bootstrap
2024-01-25,46.41567993,46.41567993,45.50744247,45.69865036,854675,0,1,40.20389299,yahoo_bootstrap
2024-01-26,45.93766022,46.17667007,45.41183853,45.69865036,418483,0,1,40.20389299,yahoo_bootstrap
2024-01-29,45.98546219,45.98546219,45.41183853,45.69865036,384958,0,1,40.20389299,yahoo_bootstrap
2024-01-30,46.08106613,46.08106613,45.65084839,46.08106613,485388,0,1,40.54032749,yahoo_bootstrap
2024-01-31,45.88985825,46.51128387,45.88985825,46.1288681,910182,0,1,40.5823818,yahoo_bootstrap
2024-02-01,46.4634819,46.51128387,45.74645233,45.84205627,554595,0,1,40.33005593,yahoo_bootstrap
2024-02-02,46.03326416,46.03326416,45.36403656,45.55524445,651651,0,1,40.07773006,yahoo_bootstrap
2024-02-05,45.60304642,46.17667007,45.31623459,45.98546219,657584,0,1,40.45621887,yahoo_bootstrap
2024-02-15,46.36787796,47.03710556,45.93766022,46.65468979,1101785,0,1,41.04497925,yahoo_bootstrap
2024-02-16,47.1327095,47.18051147,46.03326416,46.55908585,1125339,0,1,40.96087063,yahoo_bootstrap
2024-02-19,46.60688782,47.08490753,46.55908585,46.98930359,1324475,0,1,41.33935944,yahoo_bootstrap
2024-02-20,47.08490753,47.1327095,46.51128387,46.84589767,675841,0,1,41.2131965,yahoo_bootstrap
2024-02-21,46.08106613,46.08106613,44.26459503,44.93382263,2640479,0,1,39.53102734,yahoo_bootstrap
2024-02-22,44.88602066,44.93382263,44.59920883,44.6470108,1157139,0,1,39.27870146,yahoo_bootstrap
2024-02-23,44.74261475,44.88602066,44.40800095,44.4557991,960470,0,1,39.11048085,yahoo_bootstrap
2024-02-26,44.4557991,44.4557991,43.9777832,44.26459503,1004221,0,1,38.94226696,yahoo_bootstrap
2024-02-27,44.16899109,44.59920883,43.69097137,43.88217926,756371,0,1,38.60583245,yahoo_bootstrap
2024-02-29,43.88217926,43.88217926,43.35635757,43.59536743,699426,0,1,38.35350657,yahoo_bootstrap
2024-03-01,43.59536743,43.78657532,43.3085556,43.3085556,698225,0,1,38.1011807,yahoo_bootstrap
2024-03-04,43.35635757,43.83437729,43.06954575,43.6431694,834987,0,1,38.39556089,yahoo_bootstrap
2024-03-05,43.78657532,44.21679306,43.54756546,43.73877335,669603,0,1,38.47966952,yahoo_bootstrap
2024-03-06,43.9777832,44.50360489,43.88217926,44.50360489,864826,0,1,39.15253852,yahoo_bootstrap
2024-03-07,44.55140686,44.6470108,43.59536743,43.59536743,781853,0,1,38.35350657,yahoo_bootstrap
2024-03-08,43.59536743,43.69097137,42.83053589,43.02174377,1021969,0,1,37.84885482,yahoo_bootstrap
2024-03-11,43.06954575,43.49976349,43.06954575,43.21295166,212471,0,1,38.01707207,yahoo_bootstrap
2024-03-12,43.26075363,43.73877335,43.26075363,43.73877335,314863,0,1,38.47966952,yahoo_bootstrap
2024-03-13,43.9777832,44.312397,43.54756546,43.78657532,490179,0,1,38.52172383,yahoo_bootstrap
2024-03-14,43.78657532,44.07338715,43.6431694,43.78657532,265569,0,1,38.52172383,yahoo_bootstrap
2024-03-15,43.69097137,43.9777832,43.59536743,43.73877335,332666,0,1,38.47966952,yahoo_bootstrap
2024-03-18,43.9777832,43.9777832,43.3085556,43.45196152,423656,0,1,38.22734364,yahoo_bootstrap
2024-03-19,43.45196152,43.69097137,43.26075363,43.59536743,271255,0,1,38.35350657,yahoo_bootstrap
2024-03-20,43.54756546,44.16899109,43.54756546,43.92998123,362747,0,1,38.64788677,yahoo_bootstrap
2024-03-21,44.4557991,44.4557991,43.69097137,43.78657532,377940,0,1,38.52172383,yahoo_bootstrap
2024-03-22,43.83437729,44.07338715,43.59536743,44.02558517,334930,0,1,38.73199539,yahoo_bootstrap
2024-03-25,43.9777832,44.16899109,43.78657532,44.02558517,431242,0,1,38.73199539,yahoo_bootstrap
2024-03-26,43.9777832,44.16899109,43.49976349,43.49976349,411144,0,1,38.26939795,yahoo_bootstrap
2024-03-27,43.45196152,44.26459503,43.45196152,44.12118912,784801,0,1,38.81610402,yahoo_bootstrap
2024-03-28,44.16899109,44.59920883,43.92998123,44.55140686,808544,0,1,39.19459283,yahoo_bootstrap
2024-03-29,44.50360489,44.50360489,44.02558517,44.12118912,315886,0,1,38.81610402,yahoo_bootstrap
2024-04-01,44.16899109,44.312397,44.02558517,44.26459503,337047,0,1,38.94226696,yahoo_bootstrap
2024-04-02,44.21679306,44.59920883,44.16899109,44.55140686,498572,0,1,39.19459283,yahoo_bootstrap
2024-04-03,44.40800095,44.79041672,44.312397,44.74261475,524778,0,1,39.36281009,yahoo_bootstrap
2024-04-08,45.07722855,45.55524445,44.83821869,45.50744247,1316411,0,1,40.03567573,yahoo_bootstrap
2024-04-09,46.32007599,46.94150162,45.69865036,45.88985825,1985486,0,1,40.37211025,yahoo_bootstrap
2024-04-10,45.88985825,46.32007599,45.69865036,46.08106613,887249,0,1,40.54032749,yahoo_bootstrap
2024-04-11,46.08106613,46.1288681,45.65084839,45.93766022,668383,0,1,40.41416456,yahoo_bootstrap
2024-04-12,45.98546219,46.03326416,45.74645233,45.88985825,579481,0,1,40.37211025,yahoo_bootstrap
2024-04-15,45.88985825,46.08106613,45.4596405,45.7942543,605750,0,1,40.28800161,yahoo_bootstrap
2024-04-16,45.69865036,45.69865036,44.6470108,44.9816246,838415,0,1,39.57308165,yahoo_bootstrap
2024-04-17,45.41183853,46.75029373,45.41183853,46.60688782,1698932,0,1,41.00292494,yahoo_bootstrap
2024-04-18,46.32007599,46.36787796,45.98546219,46.1288681,667553,0,1,40.5823818,yahoo_bootstrap
2024-04-19,45.84205627,45.88985825,44.74261475,44.93382263,850698,0,1,39.53102734,yahoo_bootstrap
2024-04-22,45.36403656,45.88985825,45.12503052,45.4596405,882915,0,1,39.99362142,yahoo_bootstrap
2024-04-23,45.98546219,46.08106613,45.22063065,45.22063065,442587,0,1,39.78334986,yahoo_bootstrap
2024-04-24,45.84205627,46.17667007,45.7942543,45.7942543,1100646,0,1,40.28800161,yahoo_bootstrap
2024-04-25,46.84589767,48.56676865,46.4634819,48.27995682,6047656,0,1,42.47482589,yahoo_bootstrap
2024-04-26,49.04478836,49.1403923,47.4673233,47.4673233,3045167,0,1,41.75990257,yahoo_bootstrap
2024-04-29,48.27995682,50.4788475,47.70633316,50.19203568,5485028,0,1,44.15699841,yahoo_bootstrap
2024-04-30,50.19203568,50.19203568,49.04478836,49.23599625,2131216,0,1,43.31591215,yahoo_bootstrap
2024-05-02,49.33160019,50.09643173,49.1403923,49.61841202,1408004,0,1,43.65234666,yahoo_bootstrap
2024-05-03,50.09643173,50.09643173,48.4711647,48.56676865,1605998,0,1,42.72715177,yahoo_bootstrap
2024-05-06,49.42720413,49.71401596,48.66237259,49.23599625,1084690,0,1,43.31591215,yahoo_bootstrap
2024-05-07,50.09643173,51.14807129,49.52280807,50.86125946,4486658,0,1,44.74575543,yahoo_bootstrap
2024-05-08,51.05246735,52.10411072,50.19203568,50.9568634,4104159,0,1,44.82986406,yahoo_bootstrap
2024-05-09,50.9568634,50.9568634,49.71401596,50.00082779,2102766,0,1,43.98878116,yahoo_bootstrap
2024-05-10,50.4788475,50.4788475,48.27995682,48.94918442,2332098,0,1,43.06358627,yahoo_bootstrap
2024-05-13,49.23599625,50.38324356,49.04478836,50.00082779,1726116,0,1,43.98878116,yahoo_bootstrap
2024-05-14,49.71401596,50.09643173,49.04478836,49.04478836,873341,0,1,43.1476949,yahoo_bootstrap
2024-05-15,50.00082779,50.28763962,49.1403923,49.1403923,833967,0,1,43.23180352,yahoo_bootstrap
2024-05-16,49.8096199,50.38324356,49.42720413,49.8096199,1770965,0,1,43.8205639,yahoo_bootstrap
2024-05-17,49.52280807,49.61841202,48.75797653,49.33160019,611539,0,1,43.40002078,yahoo_bootstrap
2024-05-20,49.61841202,50.00082779,49.1403923,50.00082779,556647,0,1,43.98878116,yahoo_bootstrap
2024-05-21,49.71401596,49.90522385,49.23599625,49.8096199,646706,0,1,43.8205639,yahoo_bootstrap
2024-05-22,49.8096199,51.626091,49.71401596,51.53048706,2907516,0,1,45.33451582,yahoo_bootstrap
2024-05-23,51.05246735,51.72169495,49.8096199,50.38324356,1482564,0,1,44.32521566,yahoo_bootstrap
2024-05-24,50.38324356,50.38324356,49.42720413,50.09643173,883012,0,1,44.07288978,yahoo_bootstrap
2024-05-27,51.05246735,52.86894226,51.05246735,52.00850677,2367304,0,1,45.75505894,yahoo_bootstrap
2024-05-28,52.39092255,52.77333832,50.76565552,51.33927917,1743915,0,1,45.16629856,yahoo_bootstrap
2024-05-29,51.53048706,51.626091,50.67005157,50.86125946,1141343,0,1,44.74575543,yahoo_bootstrap
2024-05-30,50.57445145,50.57445145,49.61841202,50.00082779,1484301,0,1,43.98878116,yahoo_bootstrap
2024-05-31,50.00082779,50.38324356,49.8096199,49.90522385,836839,0,1,43.90467253,yahoo_bootstrap
2024-06-03,50.57445145,50.57445145,49.23599625,49.23599625,982204,0,1,43.31591215,yahoo_bootstrap
2024-06-04,49.33160019,49.90522385,48.94918442,49.90522385,732385,0,1,43.90467253,yahoo_bootstrap
2024-06-05,49.90522385,49.90522385,48.75797653,49.52280807,872517,0,1,43.56823802,yahoo_bootstrap
2024-06-06,52.39092255,53.53816986,50.4788475,51.43488312,7497560,0,1,45.25040719,yahoo_bootstrap
2024-06-07,51.53048706,53.25135803,51.24367523,51.626091,4062813,0,1,45.41862444,yahoo_bootstrap
2024-06-11,52.10411072,52.58213043,51.43488312,52.58213043,2424098,0,1,46.2597107,yahoo_bootstrap
2024-06-12,53.82498169,54.20739746,52.58213043,54.20739746,5219738,0,1,47.68955734,yahoo_bootstrap
2024-06-13,55.54585266,56.69309616,54.87662506,56.31068039,15994480,0,1,49.53994376,yahoo_bootstrap
2024-06-14,56.02386856,56.50188828,54.58981323,55.06783295,5251578,0,1,48.44653498,yahoo_bootstrap
2024-06-17,56.21507645,56.97990799,55.6414566,56.02386856,12658290,0,1,49.28761788,yahoo_bootstrap
2024-06-18,56.31068039,56.50188828,55.06783295,55.16343689,4747860,0,1,48.5306436,yahoo_bootstrap
2024-06-19,55.92826843,56.50188828,55.35464478,55.73706055,6511656,0,1,49.03529536,yahoo_bootstrap
2024-06-20,56.31068039,56.97990799,56.02386856,56.21507645,6281573,0,1,49.45583513,yahoo_bootstrap
2024-06-21,56.97990799,57.55353165,55.6414566,55.73706055,10768099,0,1,49.03529536,yahoo_bootstrap
2024-06-24,56.21507645,56.69309616,55.35464478,55.92826843,3454072,0,1,49.20351261,yahoo_bootstrap
2024-06-25,56.1194725,56.1194725,54.20739746,55.16343689,3425134,0,1,48.5306436,yahoo_bootstrap
2024-06-26,55.73706055,56.7887001,55.45024872,55.92826843,3819271,0,1,49.20351261,yahoo_bootstrap
2024-06-27,55.92826843,55.92826843,54.87662506,55.25904083,1741541,0,1,48.61475222,yahoo_bootstrap
2024-06-28,55.35464478,56.02386856,54.87662506,55.6414566,1311204,0,1,48.95118673,yahoo_bootstrap
2024-07-01,55.6414566,56.02386856,55.16343689,55.92826843,1192551,0,1,49.20351261,yahoo_bootstrap
2024-07-02,56.40628433,56.40628433,55.35464478,55.45024872,1687924,0,1,48.78296948,yahoo_bootstrap
2024-07-03,55.6414566,56.69309616,55.16343689,56.21507645,2658739,0,1,49.45583513,yahoo_bootstrap
2024-07-04,56.7887001,57.07551193,55.73706055,56.50188828,2981532,0,1,49.70816101,yahoo_bootstrap
2024-07-05,57.17111588,61.66449738,57.17111588,59.75242233,9922418,0,1,52.56785429,yahoo_bootstrap
2024-07-08,64.15019989,64.24580383,60.1348381,60.32604599,7567785,0,1,53.07250605,yahoo_bootstrap
2024-07-09,59.4656105,59.84802628,57.84034348,58.60517502,5288697,0,1,51.55855078,yahoo_bootstrap
2024-07-10,58.60517502,59.27440262,57.4579277,57.93594742,2792180,0,1,50.9697904,yahoo_bootstrap
2024-07-11,58.1271553,59.17879868,57.74473953,58.7963829,2597493,0,1,51.72676803,yahoo_bootstrap
2024-07-12,58.22275925,58.60517502,57.64913559,58.41396713,1904857,0,1,51.39033352,yahoo_bootstrap
2024-07-15,58.41396713,59.56121445,57.84034348,59.56121445,2175105,0,1,52.39963704,yahoo_bootstrap
2024-07-16,59.75242233,60.03923416,59.08319473,59.65681839,2876134,0,1,52.48374566,yahoo_bootstrap
2024-07-17,60.03923416,60.8040657,59.17879868,59.65681839,2435738,0,1,52.48374566,yahoo_bootstrap
2024-07-18,58.31836319,60.1348381,58.1271553,59.65681839,2785159,0,1,52.48374566,yahoo_bootstrap
2024-07-19,58.89198685,59.56121445,57.36232376,57.64913559,3199102,0,1,50.71746452,yahoo_bootstrap
2024-07-22,57.74473953,57.74473953,55.83266449,56.02386856,2898639,0,1,49.28761788,yahoo_bootstrap
2024-07-23,55.20000076,56,54.09999847,54.40000153,2503780,0.919654,1.0459827,50.89515318,yahoo_bootstrap
2024-07-26,53.20000076,55.40000153,52.59999847,54.79999924,1759552,0,1,51.26938009,yahoo_bootstrap
2024-07-29,55.5,56.40000153,54.90000153,55,2305600,0,1,51.45649533,yahoo_bootstrap
2024-07-30,55,55.79999924,54,55.79999924,1196917,0,1,52.20495274,yahoo_bootstrap
2024-07-31,55.5,55.79999924,53.5,54.59999847,2615600,0,1,51.08226484,yahoo_bootstrap
2024-08-01,55.90000153,57,55.09999847,55.20000076,2763652,0,1,51.64361057,yahoo_bootstrap
2024-08-02,54,54,51.5,51.59999847,3731587,0,1,48.27554692,yahoo_bootstrap
2024-08-05,50,50.09999847,47.45000076,48.29999924,3567393,0,1,45.18815792,yahoo_bootstrap
2024-08-06,49.09999847,49.59999847,45.90000153,47.20000076,3207805,0,1,44.15902943,yahoo_bootstrap
2024-08-07,48.25,50.40000153,47.70000076,49.95000076,2069195,0,1,46.7318542,yahoo_bootstrap
2024-08-08,48.90000153,49.45000076,48.45000076,48.59999847,942633,0,1,45.46882899,yahoo_bootstrap
2024-08-09,49.70000076,49.90000153,49.09999847,49.09999847,1243152,0,1,45.93661531,yahoo_bootstrap
2024-08-12,49.59999847,50,49.25,49.79999924,965188,0,1,46.59151688,yahoo_bootstrap
2024-08-13,49.84999847,49.90000153,49.20000076,49.40000153,814517,0,1,46.21728997,yahoo_bootstrap
2024-08-14,50,50.40000153,49.54999924,49.54999924,1253963,0,1,46.35762372,yahoo_bootstrap
2024-08-15,49.25,50.79999924,49.25,50.5,1137849,0,1,47.24641844,yahoo_bootstrap
2024-08-16,51.09999847,52.40000153,50.79999924,51.5,2209649,0,1,48.18199108,yahoo_bootstrap
2024-08-19,51.5,51.70000076,50.90000153,51.09999847,1068005,0,1,47.8077606,yahoo_bootstrap
2024-08-20,51.70000076,52,51.40000153,51.59999847,745605,0,1,48.27554692,yahoo_bootstrap
2024-08-21,51.79999924,52.29999924,51.09999847,51.70000076,1796333,0,1,48.36910632,yahoo_bootstrap
2024-08-22,51.90000153,56.79999924,51.59999847,56.59999847,10431202,0,1,52.95341013,yahoo_bootstrap
2024-08-23,56.40000153,62.20000076,54.59999847,62.20000076,33516594,0,1,58.19261907,yahoo_bootstrap
2024-08-26,68,68.40000153,64.30000305,66.09999847,48649471,0,1,61.84135023,yahoo_bootstrap
2024-08-27,67.40000153,72.69999695,66.59999847,72.69999695,69407576,0,1,68.01612825,yahoo_bootstrap
2024-08-28,73,73.40000153,69.30000305,70.09999847,43702389,0,1,65.5836408,yahoo_bootstrap
2024-08-29,69.30000305,71.5,68.69999695,70.09999847,25186217,0,1,65.5836408,yahoo_bootstrap
2024-08-30,70.09999847,70.09999847,68.19999695,68.59999847,5336764,0,1,64.18028184,yahoo_bootstrap
2024-09-02,69.80000305,69.90000153,68.69999695,69.19999695,3754207,0,1,64.741624,yahoo_bootstrap
2024-09-03,69.90000153,70.59999847,68.80000305,69.19999695,4371026,0,1,64.741624,yahoo_bootstrap
2024-09-04,63.90000153,67.80000305,63.79999924,67,5027033,0,1,62.68336704,yahoo_bootstrap
2024-09-05,69,70,66.5,66.5,6076442,0,1,62.21558072,yahoo_bootstrap
2024-09-06,65.19999695,65.30000305,64.19999695,64.59999847,5357999,0,1,60.43799127,yahoo_bootstrap
2024-09-09,62.40000153,65.59999847,62.40000153,65.59999847,2778099,0,1,61.37356391,yahoo_bootstrap
2024-09-10,66.09999847,66.30000305,61.5,63,4372143,0,1,58.94107647,yahoo_bootstrap
2024-09-11,62.79999924,64.30000305,62.79999924,64,2175186,0,1,59.87664912,yahoo_bootstrap
2024-09-12,65.80000305,68.90000153,65.19999695,68.90000153,7076752,0,1,64.46095649,yahoo_bootstrap
2024-09-13,68.90000153,70.40000153,66.09999847,68,25084974,0,1,63.61893968,yahoo_bootstrap
2024-09-16,68,68.19999695,64.80000305,65.19999695,11219320,0,1,60.99933343,yahoo_bootstrap
2024-09-18,65.5,66.80000305,61.90000153,62.20000076,13475345,0,1,58.19261907,yahoo_bootstrap
2024-09-19,63.20000076,64.80000305,62.20000076,64.19999695,7616954,0,1,60.06376079,yahoo_bootstrap
2024-09-20,64.69999695,65,62.29999924,62.40000153,5196616,0,1,58.37973432,yahoo_bootstrap
2024-09-23,63,63,61.20000076,61.20000076,5054442,0,1,57.25704643,yahoo_bootstrap
2024-09-24,61.70000076,62,61,61.09999847,3758448,0,1,57.16348702,yahoo_bootstrap
2024-09-25,62.09999847,62.5,61.20000076,61.40000153,4928049,0,1,57.44416168,yahoo_bootstrap
2024-09-26,61.70000076,62.20000076,59.59999847,59.90000153,7020566,0,1,56.04080271,yahoo_bootstrap
2024-09-27,60.40000153,62.90000153,59.90000153,61.29999924,9492826,0,1,57.35060227,yahoo_bootstrap
2024-09-30,60.59999847,60.90000153,59.70000076,59.90000153,3678393,0,1,56.04080271,yahoo_bootstrap
2024-10-01,60.09999847,61.79999924,59.20000076,61,5637681,0,1,57.06993119,yahoo_bootstrap
2024-10-04,62.09999847,63.90000153,61,61.20000076,18927550,0,1,57.25704643,yahoo_bootstrap
2024-10-07,62.20000076,62.70000076,59.5,59.79999924,9939029,0,1,55.94724331,yahoo_bootstrap
2024-10-08,59.20000076,59.5,55.59999847,56.59999847,9901373,0,1,52.95341013,yahoo_bootstrap
2024-10-09,56.90000153,57,55,55.29999924,4878898,0,1,51.73716641,yahoo_bootstrap
2024-10-11,55.79999924,56,54.29999924,55,3252860,0,1,51.45649533,yahoo_bootstrap
2024-10-14,54.90000153,55.20000076,53.79999924,55.20000076,3063719,0,1,51.64361057,yahoo_bootstrap
2024-10-15,55.59999847,55.90000153,54.20000076,54.29999924,2337660,0,1,50.80159377,yahoo_bootstrap
2024-10-16,54.09999847,55.59999847,53.5,55.09999847,3286178,0,1,51.55005117,yahoo_bootstrap
2024-10-17,55.20000076,55.79999924,55,55.5,2019541,0,1,51.92428165,yahoo_bootstrap
2024-10-18,55.79999924,55.79999924,54.5,54.59999847,2140267,0,1,51.08226484,yahoo_bootstrap
2024-10-21,55.5,58.90000153,55.40000153,57.90000153,7219216,0,1,54.16965743,yahoo_bootstrap
2024-10-22,57.90000153,59.20000076,57,57,6288931,0,1,53.32764062,yahoo_bootstrap
2024-10-23,57.40000153,58.09999847,57.09999847,57.40000153,2153316,0,1,53.70187111,yahoo_bootstrap
2024-10-24,57.5,57.5,55.59999847,56.09999847,2655768,0,1,52.48562381,yahoo_bootstrap
2024-10-25,56.40000153,56.5,55.5,55.90000153,1278151,0,1,52.29851214,yahoo_bootstrap
2024-10-28,56.29999924,56.29999924,54.40000153,54.90000153,2294394,0,1,51.3629395,yahoo_bootstrap
2024-10-29,55,55.40000153,53.20000076,54.29999924,2208031,0,1,50.80159377,yahoo_bootstrap
2024-10-30,55,55,53.20000076,53.20000076,1598300,0,1,49.77246529,yahoo_bootstrap
2024-11-01,51.59999847,52.5,51.20000076,52.20000076,2670397,0,1,48.83689265,yahoo_bootstrap
2024-11-04,52.20000076,53,51.5,51.5,1622131,0,1,48.18199108,yahoo_bootstrap
2024-11-05,51.29999924,52.20000076,51.29999924,51.5,1218348,0,1,48.18199108,yahoo_bootstrap
2024-11-06,51.59999847,52,50.5,50.59999847,2354753,0,1,47.33997428,yahoo_bootstrap
2024-11-07,50.79999924,52.5,50.59999847,52.29999924,2242784,0,1,48.93044849,yahoo_bootstrap
2024-11-08,52.79999924,52.90000153,50.20000076,50.29999924,3244506,0,1,47.0593032,yahoo_bootstrap
2024-11-11,49.70000076,50.20000076,49.29999924,49.95000076,1792151,0,1,46.7318542,yahoo_bootstrap
2024-11-12,49.40000153,49.45000076,48.70000076,48.79999924,1886598,0,1,45.65594424,yahoo_bootstrap
2024-11-13,48.84999847,49.59999847,48.79999924,49.15000153,1140609,0,1,45.98339681,yahoo_bootstrap
2024-11-14,49.34999847,49.5,48.09999847,48.09999847,1525983,0,1,45.00104267,yahoo_bootstrap
2024-11-15,48.04999924,49.59999847,48.04999924,49,1460680,0,1,45.84305948,yahoo_bootstrap
2024-11-18,49,49,47.79999924,48.09999847,2001502,0,1,45.00104267,yahoo_bootstrap
2024-11-19,48.15000153,48.75,47.95000076,48.45000076,1373961,0,1,45.32849524,yahoo_bootstrap
2024-11-20,47.65000153,47.65000153,47.65000153,47.65000153,1768089,0,1,44.58003784,yahoo_bootstrap
2024-11-21,47.75,49.29999924,47.75,48.65000153,1507403,0,1,45.51561049,yahoo_bootstrap
2024-11-22,49.20000076,49.34999847,48.75,48.84999847,1051097,0,1,45.70272215,yahoo_bootstrap
2024-11-25,49.65000153,49.84999847,49.15000153,49.65000153,752210,0,1,46.45118313,yahoo_bootstrap
2024-11-26,49.65000153,50.40000153,49.25,49.79999924,1409575,0,1,46.59151688,yahoo_bootstrap
2024-11-27,49.84999847,50,48.20000076,48.20000076,1393198,0,1,45.09460208,yahoo_bootstrap
2024-11-28,48.5,49,47.45000076,47.95000076,1443123,0,1,44.86070892,yahoo_bootstrap
2024-11-29,48.29999924,48.79999924,47.70000076,48.79999924,657248,0,1,45.65594424,yahoo_bootstrap
2024-12-02,49.15000153,49.40000153,48.59999847,48.59999847,735336,0,1,45.46882899,yahoo_bootstrap
2024-12-03,48.84999847,49.40000153,48.79999924,49.29999924,679136,0,1,46.12373056,yahoo_bootstrap
2024-12-04,49.59999847,49.65000153,49.04999924,49.20000076,932338,0,1,46.03017472,yahoo_bootstrap
2024-12-05,49.59999847,49.59999847,48.25,48.25,1304176,0,1,45.14138,yahoo_bootstrap
2024-12-06,48.09999847,48.70000076,48,48,853105,0,1,44.90748684,yahoo_bootstrap
2024-12-09,48.20000076,48.29999924,47.20000076,47.20000076,1054542,0,1,44.15902943,yahoo_bootstrap
2024-12-10,47.25,48.75,47.25,47.75,1186990,0,1,44.67359368,yahoo_bootstrap
2024-12-11,47.59999847,48.09999847,47.34999847,47.40000153,773871,0,1,44.34614468,yahoo_bootstrap
2024-12-12,47.59999847,48.15000153,46.75,46.84999847,1145101,0,1,43.83157687,yahoo_bootstrap
2024-12-13,46.79999924,46.79999924,46.04999924,46.09999847,1345570,0,1,43.12989738,yahoo_bootstrap
2024-12-16,46.20000076,46.54999924,45.59999847,45.65000153,908183,0,1,42.70889256,yahoo_bootstrap
2024-12-17,45.84999847,46.29999924,45.59999847,45.84999847,585207,0,1,42.89600422,yahoo_bootstrap
2024-12-18,45.75,46.34999847,45.29999924,45.90000153,1223687,0,1,42.94278572,yahoo_bootstrap
2024-12-19,45.15000153,45.84999847,45,45.75,711014,0,1,42.80244839,yahoo_bootstrap
2024-12-20,45.45000076,46.20000076,45.20000076,45.20000076,768725,0,1,42.28788415,yahoo_bootstrap
2024-12-23,45.54999924,47.5,45.54999924,47.09999847,1664020,0,1,44.06547003,yahoo_bootstrap
2024-12-24,47.04999924,47.59999847,46.29999924,46.29999924,974320,0,1,43.31701263,yahoo_bootstrap
2024-12-25,46.79999924,47.59999847,46.29999924,46.70000076,1230592,0,1,43.69124311,yahoo_bootstrap
2024-12-26,46.70000076,47,45.59999847,45.79999924,2367416,0,1,42.84922631,yahoo_bootstrap
2024-12-27,45.75,46.09999847,45.34999847,45.40000153,1003100,0,1,42.4749994,yahoo_bootstrap
2024-12-30,45.40000153,45.5,44.84999847,44.84999847,1040608,0,1,41.96043158,yahoo_bootstrap
2024-12-31,44.70000076,44.84999847,44.25,44.84999847,1152543,0,1,41.96043158,yahoo_bootstrap
2025-01-02,44.79999924,45.59999847,44.59999847,45,800551,0,1,42.10076891,yahoo_bootstrap
2025-01-03,45,45.29999924,44.09999847,44.20000076,875111,0,1,41.35231151,yahoo_bootstrap
2025-01-06,44.29999924,45.15000153,44.29999924,45.09999847,647254,0,1,42.19432474,yahoo_bootstrap
2025-01-07,45.29999924,45.40000153,44.45000076,44.45000076,858320,0,1,41.58620467,yahoo_bootstrap
2025-01-08,44.45000076,44.65000153,44.20000076,44.45000076,588599,0,1,41.58620467,yahoo_bootstrap
2025-01-09,44.75,48.84999847,44.54999924,47.79999924,14379285,0,1,44.7203716,yahoo_bootstrap
2025-01-10,49,50.59999847,46.25,46.95000076,27140943,0,1,43.92513627,yahoo_bootstrap
2025-01-13,46.29999924,46.29999924,42.65000153,42.95000076,7794477,0,1,40.1828457,yahoo_bootstrap
2025-01-14,42.79999924,43.75,42.79999924,43.25,2824005,0,1,40.46351678,yahoo_bootstrap
2025-01-15,43.5,45.04999924,43.04999924,43.40000153,3953094,0,1,40.60385411,yahoo_bootstrap
2025-01-16,43.79999924,44.20000076,43.5,43.5,1663440,0,1,40.69740995,yahoo_bootstrap
2025-01-17,43.54999924,44.29999924,43.34999847,43.54999924,1487505,0,1,40.74418787,yahoo_bootstrap
2025-01-20,43.5,45.65000153,43.15000153,45.5,3644875,0,1,42.56855523,yahoo_bootstrap
2025-01-21,45.34999847,45.70000076,44.40000153,44.40000153,2180002,0,1,41.53942675,yahoo_bootstrap
2025-01-22,44.79999924,45.29999924,44.40000153,45.20000076,2100914,0,1,42.28788415,yahoo_bootstrap
2025-02-03,44.40000153,45.25,43.84999847,45.20000076,1678261,0,1,42.28788415,yahoo_bootstrap
2025-02-04,45.20000076,46,44.70000076,45.40000153,3016501,0,1,42.4749994,yahoo_bootstrap
2025-02-05,45.65000153,46.34999847,45.65000153,45.84999847,1523083,0,1,42.89600422,yahoo_bootstrap
2025-02-06,46.29999924,49.15000153,46.25,48.45000076,9889554,0,1,45.32849524,yahoo_bootstrap
2025-02-07,49,49.59999847,48.15000153,49,8640508,0,1,45.84305948,yahoo_bootstrap
2025-02-10,49,49.70000076,48.34999847,49.25,5060328,0,1,46.07695264,yahoo_bootstrap
2025-02-11,49.59999847,49.65000153,47.79999924,47.79999924,3688983,0,1,44.7203716,yahoo_bootstrap
2025-02-12,48.09999847,50.20000076,48,48.95000076,7389810,0,1,45.79628156,yahoo_bootstrap
2025-02-13,50.40000153,51.90000153,49.5,49.5,9855783,0,1,46.3108458,yahoo_bootstrap
2025-02-14,49.34999847,49.34999847,48.20000076,48.34999847,3361613,0,1,45.23493583,yahoo_bootstrap
2025-02-17,48.54999924,48.90000153,48.5,48.84999847,1675138,0,1,45.70272215,yahoo_bootstrap
2025-02-18,48.84999847,49.40000153,48.70000076,48.75,1973531,0,1,45.60916632,yahoo_bootstrap
2025-02-19,49.09999847,50,49,49.34999847,2368390,0,1,46.17050847,yahoo_bootstrap
2025-02-20,49.54999924,49.65000153,48.84999847,48.90000153,1719846,0,1,45.74950365,yahoo_bootstrap
2025-02-21,48.79999924,49,48.20000076,48.59999847,2037281,0,1,45.46882899,yahoo_bootstrap
2025-02-24,48.5,49.75,48.5,49.29999924,2005071,0,1,46.12373056,yahoo_bootstrap
2025-02-25,49.09999847,51.20000076,48.90000153,50.09999847,5513191,0,1,46.87218795,yahoo_bootstrap
2025-02-26,50.29999924,50.5,49.59999847,50.29999924,2641041,0,1,47.0593032,yahoo_bootstrap
2025-02-27,49.95000076,51.09999847,48.65000153,49.04999924,4828958,0,1,45.8898374,yahoo_bootstrap
2025-03-03,48.09999847,49.09999847,47.29999924,48.5,3115199,0,1,45.37527316,yahoo_bootstrap
2025-03-04,47.75,48.75,47.5,48.45000076,1391020,0,1,45.32849524,yahoo_bootstrap
2025-03-05,48.65000153,48.84999847,48,48.40000153,1696270,0,1,45.28171732,yahoo_bootstrap
2025-03-06,48.70000076,48.84999847,47.5,47.5,2561111,0,1,44.43970052,yahoo_bootstrap
2025-03-07,47.54999924,47.70000076,47,47,1358114,0,1,43.97191419,yahoo_bootstrap
2025-03-10,47.04999924,47.79999924,46.59999847,47.15000153,1139504,0,1,44.11225152,yahoo_bootstrap
2025-03-11,46.59999847,48.25,45.65000153,47.70000076,2281508,0,1,44.62681575,yahoo_bootstrap
2025-03-12,47.70000076,49.40000153,47.54999924,48.70000076,2345043,0,1,45.5623884,yahoo_bootstrap
2025-03-13,49.04999924,49.09999847,47.79999924,47.90000153,1449071,0,1,44.813931,yahoo_bootstrap
2025-03-14,47.90000153,48.20000076,47.40000153,47.90000153,742050,0,1,44.813931,yahoo_bootstrap
2025-03-17,48.09999847,48.75,48.09999847,48.29999924,997148,0,1,45.18815792,yahoo_bootstrap
2025-03-18,48.59999847,48.79999924,48.09999847,48.09999847,685765,0,1,45.00104267,yahoo_bootstrap
2025-03-19,48.29999924,48.79999924,47.75,48.59999847,1524155,0,1,45.46882899,yahoo_bootstrap
2025-03-20,48.70000076,49.5,48.65000153,49.09999847,2245189,0,1,45.93661531,yahoo_bootstrap
2025-03-21,49.45000076,49.45000076,48.54999924,49.15000153,1139825,0,1,45.98339681,yahoo_bootstrap
2025-03-24,49.40000153,49.40000153,48.5,48.70000076,988313,0,1,45.5623884,yahoo_bootstrap
2025-03-25,48.95000076,49.04999924,47.79999924,48.20000076,1394658,0,1,45.09460208,yahoo_bootstrap
2025-03-26,48.25,48.75,48.09999847,48.34999847,594458,0,1,45.23493583,yahoo_bootstrap
2025-03-27,48.09999847,48.09999847,47.54999924,47.65000153,793636,0,1,44.58003784,yahoo_bootstrap
2025-03-28,47.40000153,47.54999924,45.90000153,45.90000153,1557119,0,1,42.94278572,yahoo_bootstrap
2025-03-31,44.75,45.25,43.40000153,43.40000153,2291561,0,1,40.60385411,yahoo_bootstrap
2025-04-01,43.79999924,44.29999924,43.54999924,43.70000076,1534541,0,1,40.88452518,yahoo_bootstrap
2025-04-02,43.90000153,44.75,43.09999847,44.59999847,1773002,0,1,41.72653842,yahoo_bootstrap
2025-04-07,40.15000153,40.15000153,40.15000153,40.15000153,191304,0,1,37.56324302,yahoo_bootstrap
2025-04-08,36.15000153,37.90000153,36.15000153,36.54999924,5375148,0,1,34.19517937,yahoo_bootstrap
2025-04-09,36,36,32.90000153,33.09999847,6198677,0,1,30.96745303,yahoo_bootstrap
2025-04-10,36.40000153,36.40000153,36.40000153,36.40000153,481001,0,1,34.05484562,yahoo_bootstrap
2025-04-11,36.45000076,36.95000076,34,36.95000076,2162926,0,1,34.56940985,yahoo_bootstrap
2025-04-14,39.95000076,40.59999847,39.04999924,39.5,4015416,0,1,36.95511938,yahoo_bootstrap
2025-04-15,40.40000153,41.40000153,40.09999847,40.95000076,2118503,0,1,38.31170042,yahoo_bootstrap
2025-04-16,40.59999847,41.25,40.45000076,41.09999847,1893915,0,1,38.45203417,yahoo_bootstrap
2025-04-17,40.70000076,41.54999924,40.45000076,41.5,1781032,0,1,38.82626466,yahoo_bootstrap
2025-04-18,41.5,41.5,41.09999847,41.45000076,1073012,0,1,38.77948674,yahoo_bootstrap
2025-04-21,41.45000076,41.45000076,40.45000076,40.79999924,1201002,0,1,38.1713631,yahoo_bootstrap
2025-04-22,40.25,41.15000153,40.15000153,41,1089201,0,1,38.35847834,yahoo_bootstrap
2025-04-23,41.54999924,42.04999924,41.29999924,41.90000153,1293001,0,1,39.20049515,yahoo_bootstrap
2025-04-24,42.29999924,42.65000153,41.95000076,42.09999847,714162,0,1,39.38760681,yahoo_bootstrap
2025-04-25,42.75,43,42.15000153,42.25,820347,0,1,39.52794414,yahoo_bootstrap
2025-04-28,42.5,42.75,42.40000153,42.65000153,451000,0,1,39.90217463,yahoo_bootstrap
2025-04-29,42.75,44,42.54999924,43.90000153,1331903,0,1,41.07164043,yahoo_bootstrap
2025-04-30,44.75,44.79999924,43.84999847,44.5,2196603,0,1,41.63298259,yahoo_bootstrap
2025-05-02,43.59999847,44.04999924,43.34999847,43.90000153,2498768,0,1,41.07164043,yahoo_bootstrap
2025-05-05,44,44,41,41.84999847,1975529,0,1,39.15371365,yahoo_bootstrap
2025-05-06,41.59999847,42.34999847,41.59999847,42.25,475231,0,1,39.52794414,yahoo_bootstrap
2025-05-07,42.84999847,42.95000076,42.34999847,42.34999847,668134,0,1,39.62149998,yahoo_bootstrap
2025-05-08,42.79999924,43.25,42.79999924,42.95000076,459380,0,1,40.1828457,yahoo_bootstrap
2025-05-09,43.20000076,43.34999847,42.79999924,43.34999847,567414,0,1,40.55707262,yahoo_bootstrap
2025-05-12,43.45000076,43.95000076,43.40000153,43.84999847,554840,0,1,41.02485894,yahoo_bootstrap
2025-05-13,44.15000153,44.5,43.79999924,44.20000076,1009394,0,1,41.35231151,yahoo_bootstrap
2025-05-14,44.5,46.25,44.29999924,46.20000076,2551636,0,1,43.22345679,yahoo_bootstrap
2025-05-15,46.09999847,47.40000153,45.90000153,47,1987000,0,1,43.97191419,yahoo_bootstrap
2025-05-16,47.34999847,48.5,47,48.5,3013306,0,1,45.37527316,yahoo_bootstrap
2025-05-19,48.29999924,48.79999924,47.15000153,48.20000076,2212311,0,1,45.09460208,yahoo_bootstrap
2025-05-20,47.59999847,47.90000153,46.34999847,46.5,3224130,0,1,43.50412787,yahoo_bootstrap
2025-05-21,46.54999924,47.20000076,46.34999847,47.09999847,780234,0,1,44.06547003,yahoo_bootstrap
2025-05-22,46.79999924,48.40000153,46.75,47.54999924,1862182,0,1,44.48647844,yahoo_bootstrap
2025-05-23,48,48.20000076,47.25,47.25,902254,0,1,44.20580735,yahoo_bootstrap
2025-05-26,47.5,47.59999847,47.04999924,47.09999847,365509,0,1,44.06547003,yahoo_bootstrap
2025-05-27,47.09999847,48.40000153,46.90000153,47.15000153,1653584,0,1,44.11225152,yahoo_bootstrap
2025-05-28,47.5,47.70000076,46.29999924,46.5,828038,0,1,43.50412787,yahoo_bootstrap
2025-05-29,46.70000076,47.40000153,46.40000153,46.84999847,1215643,0,1,43.83157687,yahoo_bootstrap
2025-06-02,46.5,46.65000153,46.04999924,46.04999924,828042,0,1,43.08311947,yahoo_bootstrap
2025-06-03,46.40000153,47.34999847,46.20000076,46.90000153,1140922,0,1,43.87835836,yahoo_bootstrap
2025-06-04,47.25,47.90000153,47.04999924,47.04999924,1123155,0,1,44.01869211,yahoo_bootstrap
2025-06-05,47.04999924,47.59999847,46.5,47.59999847,1002204,0,1,44.53325635,yahoo_bootstrap
2025-06-06,46.90000153,46.95000076,45.25,45.84999847,2421607,0,1,42.89600422,yahoo_bootstrap
2025-06-09,45.79999924,45.79999924,45.25,45.45000076,543694,0,1,42.52177731,yahoo_bootstrap
2025-06-10,45.45000076,45.75,45.20000076,45.40000153,385647,0,1,42.4749994,yahoo_bootstrap
2025-06-11,45.54999924,45.59999847,45.04999924,45.25,537567,0,1,42.33466207,yahoo_bootstrap
2025-06-12,45.25,45.5,45.04999924,45.29999924,504114,0,1,42.38143999,yahoo_bootstrap
2025-06-13,45.04999924,45.65000153,44.34999847,45.59999847,1248306,0,1,42.66211106,yahoo_bootstrap
2025-06-16,45.04999924,45.84999847,44.65000153,45.5,634848,0,1,42.56855523,yahoo_bootstrap
2025-06-17,45.5,46.15000153,45.29999924,45.84999847,708117,0,1,42.89600422,yahoo_bootstrap
2025-06-18,45.90000153,47,45.84999847,46.84999847,1230616,0,1,43.83157687,yahoo_bootstrap
2025-06-19,46.90000153,48,46.20000076,46.20000076,1051063,0,1,43.22345679,yahoo_bootstrap
2025-06-20,46.34999847,46.45000076,44.90000153,45.90000153,1292127,0,1,42.94278572,yahoo_bootstrap
2025-06-23,45.90000153,45.90000153,45.04999924,45.34999847,555135,0,1,42.4282179,yahoo_bootstrap
2025-06-24,45.65000153,47.25,45.65000153,46.75,845500,0,1,43.73802103,yahoo_bootstrap
2025-06-25,47,47.20000076,46,46.20000076,732333,0,1,43.22345679,yahoo_bootstrap
2025-06-26,46.65000153,46.65000153,45.70000076,45.84999847,543501,0,1,42.89600422,yahoo_bootstrap
2025-06-27,45.84999847,46.20000076,45.40000153,45.75,568894,0,1,42.80244839,yahoo_bootstrap
2025-06-30,45.79999924,46.5,45.5,45.70000076,575110,0,1,42.75567047,yahoo_bootstrap
2025-07-01,45.84999847,46.34999847,45.15000153,45.5,989331,0,1,42.56855523,yahoo_bootstrap
2025-07-02,45.45000076,48.54999924,45.29999924,47.79999924,3893149,0,1,44.7203716,yahoo_bootstrap
2025-07-03,48.20000076,48.59999847,47.65000153,47.65000153,3915187,0,1,44.58003784,yahoo_bootstrap
2025-07-04,47.79999924,47.90000153,45.65000153,45.65000153,1554684,0,1,42.70889256,yahoo_bootstrap
2025-07-07,45.59999847,45.65000153,45,45.04999924,810020,0,1,42.14754683,yahoo_bootstrap
2025-07-08,45.20000076,45.20000076,43.90000153,44.54999924,1233162,0,1,41.67976051,yahoo_bootstrap
2025-07-09,44.25,46.25,44.15000153,45.29999924,754822,0,1,42.38143999,yahoo_bootstrap
2025-07-10,45.25,45.90000153,45.15000153,45.65000153,750001,0,1,42.70889256,yahoo_bootstrap
2025-07-11,45.34999847,46.20000076,45.34999847,46,574100,0,1,43.03634155,yahoo_bootstrap
2025-07-14,46.20000076,48.59999847,45.84999847,48.09999847,6083390,0,1,45.00104267,yahoo_bootstrap
2025-07-15,48.5,50.5,48,49.59999847,14591524,0,1,46.40440163,yahoo_bootstrap
2025-07-16,49.59999847,50,48.75,49.25,7302407,0,1,46.07695264,yahoo_bootstrap
2025-07-17,49.65000153,50.59999847,47.54999924,48.45000076,12403722,2.495239,1,47.74761634,yahoo_bootstrap
2025-07-18,49.45000076,50.40000153,48.5,48.59999847,9189320,0,1,47.89543952,yahoo_bootstrap
2025-07-21,48.5,49.25,47.04999924,49.25,6164199,0,1,48.53601791,yahoo_bootstrap
2025-07-22,49.25,49.59999847,47.20000076,47.40000153,8247398,0,1,46.71283905,yahoo_bootstrap
2025-07-23,47.79999924,48.09999847,47.40000153,47.40000153,3058787,0,1,46.71283905,yahoo_bootstrap
2025-07-24,48,48,47.25,47.65000153,1427628,0,1,46.95921478,yahoo_bootstrap
2025-07-25,47.79999924,48.79999924,47.59999847,47.65000153,3961423,0,1,46.95921478,yahoo_bootstrap
2025-07-28,47.79999924,47.79999924,46.70000076,47.40000153,2223146,0,1,46.71283905,yahoo_bootstrap
2025-07-29,47.65000153,48.09999847,46.75,46.75,2103499,0,1,46.07226066,yahoo_bootstrap
2025-07-30,47,47.29999924,46.45000076,46.70000076,1359777,0,1,46.02298626,yahoo_bootstrap
2025-07-31,46.34999847,46.54999924,45.29999924,45.34999847,3724942,0,1,44.69255509,yahoo_bootstrap
2025-08-04,46.40000153,46.59999847,45.79999924,46.09999847,1162994,0,1,45.43168227,yahoo_bootstrap
2025-08-05,46.34999847,46.75,45.95000076,45.95000076,1054105,0,1,45.28385909,yahoo_bootstrap
2025-08-06,46,46.04999924,45.34999847,45.34999847,1139963,0,1,44.69255509,yahoo_bootstrap
2025-08-07,45.59999847,46,45.15000153,45.20000076,1079243,0,1,44.54473191,yahoo_bootstrap
2025-08-08,45.20000076,45.95000076,45.15000153,45.29999924,992459,0,1,44.6432807,yahoo_bootstrap
2025-08-11,45.65000153,47.29999924,45.15000153,47.25,2762983,0,1,46.56501211,yahoo_bootstrap
2025-08-12,47.04999924,48,46.90000153,47,1600238,0,1,46.31863639,yahoo_bootstrap
2025-08-13,47.34999847,48.40000153,47.34999847,47.90000153,3072601,0,1,47.2055905,yahoo_bootstrap
2025-08-14,48.40000153,48.90000153,47.90000153,48.20000076,2955625,0,1,47.50124062,yahoo_bootstrap
2025-08-15,48.54999924,49.34999847,48.25,48.95000076,3272639,0,1,48.24036779,yahoo_bootstrap
2025-08-18,49.09999847,52.09999847,48.79999924,51.29999924,8214735,0,1,50.55629811,yahoo_bootstrap
2025-08-19,52.40000153,55.20000076,50.5,54.40000153,20375057,0,1,53.61135937,yahoo_bootstrap
2025-08-20,53.29999924,53.40000153,49,49.15000153,11910845,0,1,48.43746913,yahoo_bootstrap
2025-08-21,49.29999924,50.5,49.20000076,49.5,3802950,0,1,48.78239364,yahoo_bootstrap
2025-08-22,49.79999924,49.79999924,48.70000076,49.09999847,2427263,0,1,48.38819097,yahoo_bootstrap
2025-08-25,49.95000076,52.40000153,49.95000076,51.20000076,4928687,0,1,50.45774932,yahoo_bootstrap
2025-08-26,51.20000076,51.59999847,50,51.29999924,3071461,0,1,50.55629811,yahoo_bootstrap
2025-08-27,51.90000153,52.29999924,51.09999847,51.90000153,2918848,0,1,51.14760211,yahoo_bootstrap
2025-08-28,52.40000153,52.40000153,51.29999924,51.79999924,2283020,0,1,51.04904957,yahoo_bootstrap
2025-08-29,52.5,56.90000153,51.79999924,56.90000153,14154444,0,1,56.07511662,yahoo_bootstrap
2025-09-01,58.5,59,52.09999847,53,20081767,0,1,52.2316538,yahoo_bootstrap
2025-09-02,53.79999924,53.79999924,51.40000153,52,5411984,0,1,51.24615089,yahoo_bootstrap
2025-09-03,52.70000076,56.70000076,52.29999924,56,8103351,0,1,55.1881625,yahoo_bootstrap
2025-09-04,56.29999924,61.59999847,56.29999924,61.59999847,33032553,0,1,60.70697724,yahoo_bootstrap
2025-09-05,62.5,67.40000153,61.09999847,63.70000076,41202726,0,1,62.77653559,yahoo_bootstrap
2025-09-08,65,66.30000305,63.29999924,64.40000153,19467557,0,1,63.46638838,yahoo_bootstrap
2025-09-09,65,65,62.29999924,62.79999924,10668656,0,1,61.88958149,yahoo_bootstrap
2025-09-10,63,63.40000153,60.5,61,8960084,0,1,60.11567701,yahoo_bootstrap
2025-09-11,61.5,67.09999847,59.59999847,65,46676619,0,1,64.05768862,yahoo_bootstrap
2025-09-12,71.30000305,71.30000305,65.30000305,66.90000153,41422212,0,1,65.93014564,yahoo_bootstrap
2025-09-15,66,70.30000305,65.30000305,67.69999695,27238030,0,1,66.71854345,yahoo_bootstrap
2025-09-16,67.19999695,68.59999847,66.19999695,67.80000305,11574484,0,1,66.81709975,yahoo_bootstrap
2025-09-17,67.90000153,68.40000153,61.59999847,62.40000153,23499642,0,1,61.49538258,yahoo_bootstrap
2025-09-18,62.09999847,64.5,61.79999924,63.79999924,8896361,0,1,62.87508439,yahoo_bootstrap
2025-09-19,63.79999924,64.69999695,62.5,63.29999924,6841091,0,1,62.38233294,yahoo_bootstrap
2025-09-22,63.29999924,64.59999847,62.70000076,63.79999924,4948393,0,1,62.87508439,yahoo_bootstrap
2025-09-23,64.40000153,65.80000305,63.29999924,63.29999924,13190446,0,1,62.38233294,yahoo_bootstrap
2025-09-24,63.79999924,63.90000153,61.70000076,63.40000153,6597996,0,1,62.48088548,yahoo_bootstrap
2025-09-25,63,64.09999847,62.09999847,62.29999924,3803022,0,1,61.39683003,yahoo_bootstrap
2025-09-26,63.20000076,63.79999924,59.79999924,59.90000153,9882710,0,1,59.03162533,yahoo_bootstrap
2025-09-30,60,62,59.29999924,61.29999924,4448309,0,1,60.41132713,yahoo_bootstrap
2025-10-01,61.09999847,63.40000153,61.09999847,61.40000153,4225659,0,1,60.50987968,yahoo_bootstrap
2025-10-02,62.20000076,62.90000153,59,59.09999847,5616472,0,1,58.24321999,yahoo_bootstrap
2025-10-03,59.09999847,59.59999847,58.5,59.09999847,2977957,0,1,58.24321999,yahoo_bootstrap
2025-10-07,59.90000153,63.5,59.70000076,62,5720976,0,1,61.10117991,yahoo_bootstrap
2025-10-08,62.59999847,66.80000305,61.59999847,64.80000305,15825815,0,1,63.86059104,yahoo_bootstrap
2025-10-09,65.5,65.90000153,64,65.5,11705302,0,1,64.55044007,yahoo_bootstrap
2025-10-13,62,66.19999695,61.5,65.69999695,6644333,0,1,64.74753764,yahoo_bootstrap
2025-10-14,66.40000153,66.80000305,62,62,12846721,0,1,61.10117991,yahoo_bootstrap
2025-10-15,62.20000076,63.09999847,60.70000076,61.59999847,5147071,0,1,60.70697724,yahoo_bootstrap
2025-10-16,62,64.59999847,61.5,64,9355626,0,1,63.07218572,yahoo_bootstrap
2025-10-17,64,64.19999695,61.5,61.70000076,7414245,0,1,60.80552979,yahoo_bootstrap
2025-10-20,61.79999924,62.29999924,60.20000076,60.79999924,3897810,0,1,59.91857568,yahoo_bootstrap
2025-10-21,61.59999847,63.79999924,61.5,62.5,4480335,0,1,61.59393136,yahoo_bootstrap
2025-10-22,62.70000076,66.5,62.29999924,65.5,11263915,0,1,64.55044007,yahoo_bootstrap
2025-10-23,65,65.5,63.20000076,64.40000153,8171015,0,1,63.46638838,yahoo_bootstrap
2025-10-27,65.30000305,65.40000153,62.09999847,63.5,7380129,0,1,62.57943427,yahoo_bootstrap
2025-10-28,63.79999924,63.90000153,62.20000076,63.40000153,3167493,0,1,62.48088548,yahoo_bootstrap
2025-10-29,63.79999924,64.09999847,61.20000076,61.40000153,5885563,0,1,60.50987968,yahoo_bootstrap
2025-10-30,62,63.90000153,61.70000076,62.29999924,9090510,0,1,61.39683003,yahoo_bootstrap
2025-10-31,62.90000153,68.5,62.59999847,68.09999847,35124871,0,1,67.11274611,yahoo_bootstrap
2025-11-03,68.5,69.5,64.80000305,69.5,35585967,0,1,68.49245168,yahoo_bootstrap
2025-11-04,69.30000305,69.40000153,63.90000153,64.80000305,21047871,0,1,63.86059104,yahoo_bootstrap
2025-11-05,63.09999847,64.90000153,62,64.40000153,9090591,0,1,63.46638838,yahoo_bootstrap
2025-11-06,64.5,68.5,64.19999695,66.69999695,17530747,0,1,65.73304055,yahoo_bootstrap
2025-11-07,65.59999847,66.19999695,64.19999695,64.19999695,7081458,0,1,63.26928329,yahoo_bootstrap
2025-11-10,64.09999847,64.69999695,62.59999847,63,4917711,0,1,62.08668281,yahoo_bootstrap
2025-11-11,63.40000153,66.19999695,63.20000076,64.90000153,7497587,0,1,63.95913984,yahoo_bootstrap
2025-11-12,65.5,70.5,65.5,68.80000305,29768464,0,1,67.80260265,yahoo_bootstrap
2025-11-13,69,69.09999847,66.80000305,68.80000305,13533817,0,1,67.80260265,yahoo_bootstrap
2025-11-14,66.5,68,66.09999847,66.19999695,7833156,0,1,65.24028909,yahoo_bootstrap
2025-11-17,67.30000305,68.59999847,64.30000305,64.80000305,8796596,0,1,63.86059104,yahoo_bootstrap
2025-11-18,64.30000305,66.30000305,63.09999847,63.5,5528772,0,1,62.57943427,yahoo_bootstrap
2025-11-19,63.79999924,63.79999924,61.5,62.40000153,5425493,0,1,61.49538258,yahoo_bootstrap
2025-11-20,63.79999924,66.40000153,63.29999924,64.69999695,5479707,0,1,63.76203474,yahoo_bootstrap
2025-11-21,62.79999924,63.59999847,60.20000076,60.79999924,8121658,0,1,59.91857568,yahoo_bootstrap
2025-11-24,61.5,61.90000153,60.59999847,61.5,2714557,0,1,60.60842846,yahoo_bootstrap
2025-11-25,62.70000076,65.80000305,62.70000076,65.30000305,6748754,0,1,64.35334249,yahoo_bootstrap
2025-11-26,66.09999847,66.59999847,64.40000153,65,6575659,0,1,64.05768862,yahoo_bootstrap
2025-11-27,65.40000153,71.5,64.80000305,71.5,28702358,0,1,70.46345748,yahoo_bootstrap
2025-11-28,73,78.59999847,69.19999695,78.59999847,81448810,0,1,77.46052658,yahoo_bootstrap
2025-12-01,80,85,76.5,82.59999847,86167536,0,1,81.40253818,yahoo_bootstrap
2025-12-02,82.59999847,84,80,81,39093886,0,1,79.82573505,yahoo_bootstrap
2025-12-03,83.80000305,88.90000153,79.19999695,79.30000305,53418128,0,1,78.15038312,yahoo_bootstrap
2025-12-04,78.80000305,82.30000305,76.09999847,78,39395656,0,1,76.86922634,yahoo_bootstrap
2025-12-05,78.5,78.80000305,77,77.80000305,12270959,0,1,76.67212877,yahoo_bootstrap
2025-12-08,79.80000305,85.5,79.59999847,85.5,37476418,0,1,84.26049811,yahoo_bootstrap
2025-12-09,86.30000305,94,85.80000305,94,58130851,0,1,92.63727277,yahoo_bootstrap
2025-12-10,95.5,97.30000305,91.80000305,95.69999695,65323306,0,1,94.3126247,yahoo_bootstrap
2025-12-11,94.19999695,101,94.09999847,96.69999695,49650005,0,1,95.2981276,yahoo_bootstrap
2025-12-12,96.80000305,105.5,96.80000305,103.5,42767992,0,1,101.99955034,yahoo_bootstrap
2025-12-15,101,103,97.40000153,98.30000305,29838602,0,1,96.87493825,yahoo_bootstrap
2025-12-16,97.19999695,98.80000305,93.69999695,95.5,23498393,0,1,94.11552712,yahoo_bootstrap
2025-12-17,96.90000153,97.5,92.30000305,92.90000153,18564857,0,1,91.55322109,yahoo_bootstrap
2025-12-18,92.5,92.69999695,88,88.80000305,17896761,0,1,87.51266069,yahoo_bootstrap
2025-12-19,90.5,97.5,89.5,96.59999847,37111200,0,1,95.19957881,yahoo_bootstrap
2025-12-22,99.5,100.5,94.19999695,95,49633627,0,1,93.62277567,yahoo_bootstrap
2025-12-23,94,94.59999847,91.80000305,91.90000153,18049074,0,1,90.56771818,yahoo_bootstrap
2025-12-24,92.5,92.90000153,89.69999695,90.40000153,15870833,0,1,89.08946383,yahoo_bootstrap
2025-12-26,91.40000153,92.59999847,90,92.30000305,11091909,0,1,90.96192084,yahoo_bootstrap
2025-12-29,92.30000305,92.90000153,90.09999847,90.19999695,10034422,0,1,88.89235874,yahoo_bootstrap
2025-12-30,89.40000153,90.09999847,86.5,86.59999847,14212803,0,1,85.34454979,yahoo_bootstrap
2025-12-31,86.59999847,87.5,85.09999847,85.19999695,9284808,0,1,83.96484423,yahoo_bootstrap
2026-01-02,85.80000305,90.09999847,85.19999695,89.19999695,20833855,0,1,87.90685584,yahoo_bootstrap
2026-01-05,89.19999695,89.19999695,81.59999847,82.19999695,17776772,0,1,81.00833552,yahoo_bootstrap
2026-01-06,82.19999695,84.69999695,80.59999847,84.19999695,11969088,0,1,82.97934133,yahoo_bootstrap
2026-01-07,84.19999695,88.19999695,83.80000305,86.09999847,13003687,0,1,84.85179834,yahoo_bootstrap
2026-01-08,86.5,87.19999695,83.19999695,83.19999695,10728647,0,1,81.99383843,yahoo_bootstrap
2026-01-09,83.19999695,85.69999695,83,84.69999695,8063544,0,1,83.47209278,yahoo_bootstrap
2026-01-12,85.5,85.80000305,83.59999847,85.09999847,7164431,0,1,83.86629544,yahoo_bootstrap
2026-01-13,85,86.59999847,83.69999695,84.69999695,12048111,0,1,83.47209278,yahoo_bootstrap
2026-01-14,85.40000153,88.80000305,85.19999695,86.19999695,14789263,0,1,84.95034713,yahoo_bootstrap
2026-01-15,86.80000305,88.30000305,85.59999847,88,13126549,0,1,86.72425536,yahoo_bootstrap
2026-01-16,89.09999847,89.69999695,85.40000153,86.19999695,13053981,0,1,84.95034713,yahoo_bootstrap
2026-01-19,86.69999695,91,86.19999695,88.5,18733279,0,1,87.21700681,yahoo_bootstrap
2026-01-20,88.80000305,94.80000305,86.90000153,91.5,27851458,0,1,90.17351552,yahoo_bootstrap
2026-01-21,90,92.69999695,88.40000153,89.19999695,18993454,0,1,87.90685584,yahoo_bootstrap
2026-01-22,90.59999847,92.19999695,88.19999695,88.19999695,14141663,0,1,86.92135293,yahoo_bootstrap
2026-01-23,89.19999695,96.30000305,88.30000305,94.19999695,36986108,0,1,92.83437035,yahoo_bootstrap
2026-01-26,95.19999695,99.90000153,92.09999847,93.40000153,36349872,0,1,92.04597254,yahoo_bootstrap
2026-01-27,93,94.40000153,90,91.69999695,15837713,0,1,90.37061309,yahoo_bootstrap
2026-01-28,92,94.5,89.09999847,90.30000305,13338034,0,1,88.99091504,yahoo_bootstrap
2026-01-29,93.80000305,94.90000153,89.69999695,90.30000305,17298209,0,1,88.99091504,yahoo_bootstrap
2026-01-30,90.90000153,92.90000153,84.80000305,87.90000153,15003748,0,1,86.62570658,yahoo_bootstrap
2026-02-02,85.5,86.59999847,82.5,84.69999695,8654961,0,1,83.47209278,yahoo_bootstrap
2026-02-03,86.59999847,88,83.80000305,85.80000305,6388454,0,1,84.55615198,yahoo_bootstrap
2026-02-04,85.59999847,89.69999695,85,88.90000153,6821572,0,1,87.61120948,yahoo_bootstrap
2026-02-05,88.90000153,90,85.80000305,85.80000305,7594908,0,1,84.55615198,yahoo_bootstrap
2026-02-06,85,85.19999695,80.5,83.30000305,5865898,0,1,82.09239473,yahoo_bootstrap
2026-02-09,85.09999847,87.30000305,83.80000305,85,4020006,0,1,83.76774665,yahoo_bootstrap
2026-02-10,85.30000305,87,82.80000305,82.90000153,3802527,0,1,81.69819207,yahoo_bootstrap
2026-02-11,84,84,80.90000153,80.90000153,4473601,0,1,79.72718626,yahoo_bootstrap
2026-02-23,82.09999847,87.69999695,81.19999695,86.5,6798693,0,1,85.24600101,yahoo_bootstrap
2026-02-24,87,89.30000305,86,88,5984168,0,1,86.72425536,yahoo_bootstrap
2026-02-25,89.69999695,90.5,86.5,88.19999695,4746302,0,1,86.92135293,yahoo_bootstrap
2026-02-26,90.40000153,97,89.09999847,97,22159596,0,1,95.59378148,yahoo_bootstrap
2026-03-02,95.5,106.5,93.19999695,106.5,28145599,0,1,104.95605904,yahoo_bootstrap
2026-03-03,110,114.5,103,112.5,51455458,0,1,110.86907645,yahoo_bootstrap
2026-03-04,109,111.5,101.5,101.5,17636696,0,1,100.02854453,yahoo_bootstrap
2026-03-05,105.5,106.5,96.5,99.90000153,48684337,0,1,98.4517414,yahoo_bootstrap
2026-03-06,99,106.5,97.30000305,103,29738455,0,1,101.50679889,yahoo_bootstrap
2026-03-09,93.09999847,98.69999695,92.69999695,96.69999695,18435891,0,1,95.2981276,yahoo_bootstrap
2026-03-10,100,106,97.09999847,106,30283617,0,1,104.46330759,yahoo_bootstrap
2026-03-11,110.5,116.5,109,116.5,11393521,0,1,114.81108806,yahoo_bootstrap
2026-03-12,123,128,122.5,128,36222794,0,1,126.14437143,yahoo_bootstrap
2026-03-13,125.5,140,122,128,78840402,0,1,126.14437143,yahoo_bootstrap
2026-03-16,128,128,120,122.5,29065442,0,1,120.72410547,yahoo_bootstrap
2026-03-17,122.5,128,117,117.5,33636058,0,1,115.79659096,yahoo_bootstrap
2026-03-18,119,123,118.5,119.5,15993552,0,1,117.76759677,yahoo_bootstrap
2026-03-19,117,124.5,114.5,117.5,21281113,0,1,115.79659096,yahoo_bootstrap
2026-03-20,120.5,124.5,116.5,117.5,21809512,0,1,115.79659096,yahoo_bootstrap
2026-03-23,111,114.5,109.5,109.5,9923760,0,1,107.91256775,yahoo_bootstrap
2026-03-24,114,117.5,106.5,110,13810155,0,1,108.4053192,yahoo_bootstrap
2026-03-25,115,118,112,112.5,9414425,0,1,110.86907645,yahoo_bootstrap
2026-03-26,116.5,118,111,111,7344344,0,1,109.3908221,yahoo_bootstrap
2026-03-27,109,115,106.5,112.5,7393896,0,1,110.86907645,yahoo_bootstrap
2026-03-30,108.5,113.5,108,111.5,7217824,0,1,109.88357355,yahoo_bootstrap
2026-03-31,109.5,111.5,105,106.5,9551903,0,1,104.95605904,yahoo_bootstrap
2026-04-01,112,115.5,111,111,9931123,0,1,109.3908221,yahoo_bootstrap
2026-04-02,111.5,122,111.5,122,16293393,0,1,120.23135402,yahoo_bootstrap
2026-04-07,127.5,128,117,122,39626511,0,1,120.23135402,yahoo_bootstrap
2026-04-08,126.5,130.5,121.5,124,24351397,0,1,122.20235983,yahoo_bootstrap
2026-04-09,126,136,124.5,136,26947804,0,1,134.02839465,yahoo_bootstrap
2026-04-10,142,146,134,137,32655760,0,1,135.01389755,yahoo_bootstrap
2026-04-13,138,142,133,134,19072743,0,1,132.05738884,yahoo_bootstrap
2026-04-14,137,144.5,135.5,137,23459234,0,1,135.01389755,yahoo_bootstrap
2026-04-15,138.5,144,134,134,21793625,0,1,132.05738884,yahoo_bootstrap
2026-04-16,137.5,141.5,134.5,138.5,15351053,0,1,136.4921519,yahoo_bootstrap
2026-04-17,142,151.5,138,143.5,34430812,0,1,141.41966641,yahoo_bootstrap
2026-04-20,145.5,147.5,138,143,21759736,0,1,140.92691496,yahoo_bootstrap
2026-04-21,144,148,141,146.5,20086825,0,1,144.37617512,yahoo_bootstrap
2026-04-22,150,161,148.5,161,9656529,0,1,158.66596719,yahoo_bootstrap
2026-04-23,170.5,170.5,145,145,33603523,0,1,142.89792076,yahoo_bootstrap
2026-04-24,143,143,133.5,138,22005307,0,1,135.99940045,yahoo_bootstrap
2026-04-27,139.5,139.5,132,137,11940786,0,1,135.01389755,yahoo_bootstrap
2026-04-28,138,141,137,138,7188551,0,1,135.99940045,yahoo_bootstrap
2026-04-29,138.5,145.5,136,139.5,9388085,0,1,137.4776548,yahoo_bootstrap
2026-04-30,140,143.5,136,136.5,7840243,0,1,134.5211461,yahoo_bootstrap
2026-05-04,138,144,133,134,12368733,0,1,132.05738884,yahoo_bootstrap
2026-05-05,134.5,140,134,139,7384587,0,1,136.98490335,yahoo_bootstrap
2026-05-06,140.5,143.5,135.5,135.5,10802546,0,1,133.5356432,yahoo_bootstrap
2026-05-07,137.5,141.5,134.5,136.5,8114748,0,1,134.5211461,yahoo_bootstrap
2026-05-08,136.5,138,130,132.5,6216359,0,1,130.57913449,yahoo_bootstrap
2026-05-11,133,137,130,135.5,6887126,0,1,133.5356432,yahoo_bootstrap
2026-05-12,136.5,147,136,138.5,16061693,0,1,136.4921519,yahoo_bootstrap
2026-05-13,136.5,143.5,136,138,11447131,0,1,135.99940045,yahoo_bootstrap
2026-05-14,141.5,151.5,141,149.5,30951116,0,1,147.33268382,yahoo_bootstrap
2026-05-15,151.5,162.5,141.5,144,42862523,0,1,141.91241786,yahoo_bootstrap
2026-05-18,140.5,144.5,138,140.5,11908192,0,1,138.46315771,yahoo_bootstrap
2026-05-19,140.5,142,130.5,133.5,13155932,0,1,131.56463739,yahoo_bootstrap
2026-05-20,133.5,134,125.5,126.5,9002048,0,1,124.66611708,yahoo_bootstrap
2026-05-21,130,139,129.5,139,7873465,0,1,136.98490335,yahoo_bootstrap
2026-05-22,141,152.5,141,151,21602254,0,1,148.81093817,yahoo_bootstrap
2026-05-25,156.5,158,147,149.5,17746156,0,1,147.33268382,yahoo_bootstrap
2026-05-26,151,156.5,148.5,155.5,13581967,0,1,153.24570123,yahoo_bootstrap
2026-05-27,158,166.5,153,160,26626247,0,1,157.68046429,yahoo_bootstrap
2026-05-28,162,162,150,153.5,20912637,0,1,151.27469543,yahoo_bootstrap
2026-05-29,161,168.5,156,162,41397950,0,1,159.65147009,yahoo_bootstrap
2026-06-01,161.5,161.5,149,153,32373224,0,1,150.78194398,yahoo_bootstrap
2026-06-02,156.5,160.5,143,147,17439661,0,1,144.86892657,yahoo_bootstrap
2026-06-03,149.5,157,146.5,150.5,16174169,0,1,148.31818672,yahoo_bootstrap
2026-06-04,147.5,150,140.5,140.5,11554784,0,1,138.46315771,yahoo_bootstrap
2026-06-05,140,142.5,132.5,140.5,8759802,0,1,138.46315771,yahoo_bootstrap
2026-06-08,126.5,131.5,126.5,130.5,8304934,0,1,128.60812869,yahoo_bootstrap
2026-06-09,131,134,127.5,133.5,7444392,0,1,131.56463739,yahoo_bootstrap
2026-06-10,131.5,137.5,128,129,6136643,0,1,127.12987433,yahoo_bootstrap
2026-06-11,127.5,138,126.5,136,7762199,0,1,134.02839465,yahoo_bootstrap
2026-06-12,141,149.5,141,149.5,17651445,0,1,147.33268382,yahoo_bootstrap
2026-06-15,153,153.5,147.5,147.5,11295503,0,1,145.36167802,yahoo_bootstrap
2026-06-16,150,151,141,141.5,7271666,0,1,139.44866061,yahoo_bootstrap
2026-06-17,141.5,150,139,146,8029788,0,1,143.88342367,yahoo_bootstrap
2026-06-18,147,149,143.5,145.5,5229669,0,1,143.39067221,yahoo_bootstrap
2026-06-22,146,155.5,146,153,10636234,0,1,150.78194398,yahoo_bootstrap
2026-06-23,154,154,144,145.5,7115865,0,1,143.39067221,yahoo_bootstrap
2026-06-24,143,151,142.5,148,4153376,0,1,145.85442947,yahoo_bootstrap
2026-06-25,150,153,143.5,143.5,4106777,0,1,141.41966641,yahoo_bootstrap
2026-06-26,143,146.5,137.5,137.5,4071747,0,1,135.506649,yahoo_bootstrap
2026-06-29,141.5,143.5,135.5,137.5,3499093,0,1,135.506649,yahoo_bootstrap
2026-06-30,140,149,140,149,8673570,1.993351,1,149,yahoo_bootstrap
2026-07-01,149,157.5,144.5,145.5,12434404,0,1,145.5,yahoo_bootstrap
2026-07-02,143.5,149.5,143,148,5011655,0,1,148,yahoo_bootstrap
2026-07-03,147,156,146.5,151,8164209,0,1,151,yahoo_bootstrap
2026-07-06,151,160,149.5,149.5,11663815,0,1,149.5,yahoo_bootstrap
2026-07-07,148.5,149.5,140,141,10008275,0,1,141,yahoo_bootstrap
2026-07-08,143.5,146.5,137.5,140,4581570,0,1,140,yahoo_bootstrap
2026-07-09,143,154,142,154,16316409,0,1,154,yahoo_bootstrap
2026-07-10,154,154,154,154,0,0,1,154,yahoo_bootstrap
2026-07-13,169,169,169,169,8686313,0,1,169,yahoo_bootstrap
2026-07-14,173,185.5,169,185.5,47331955,0,1,185.5,yahoo_bootstrap
2026-07-15,186,194,180,181.5,46800572,0,1,181.5,yahoo_bootstrap
2026-07-16,189,199.5,189,199.5,13985018,0,1,199.5,yahoo_bootstrap
2026-07-17,194,201,188,192.5,57548310,0,1,192.5,yahoo_bootstrap
2026-07-20,199.5,202,178,193,53823889,0,1,193,yahoo_bootstrap
2026-07-21,196,212,194,212,13083221,0,1,212,yahoo_bootstrap
2026-07-22,226.5,233,219,233,27534530,0,1,233,yahoo_bootstrap
2026-07-23,242,256,231,256,47575373,0,1,256,yahoo_bootstrap
2026-07-24,251.5,257.5,235,240,55927145,0,1,240,yahoo_bootstrap
2026-07-27,235,244,216,216,42962465,0,1,216,yahoo_daily
2026-07-28,194.5,194.5,194.5,194.5,3543828,0,1,194.5,yahoo_daily
2026-07-29,180,181.5,175.5,175.5,7162343,0,1,175.5,yahoo_daily
2026-07-30,158,177,158,158,36381332,0,1,158,yahoo_daily
2026-07-31,171,173.5,163,173.5,32186949,0,1,173.5,yahoo_daily
2026-08-03,170.5,190.5,168.5,190.5,18270284,0,1,190.5,yahoo_daily
2026-08-04,191.5,203.5,190.5,200,30857126,0,1,200,yahoo_daily
2026-08-05,214.5,220,214.5,220,7600997,0,1,220,yahoo_daily
2026-08-06,222.5,229.5,214,216,29050709,0,1,216,yahoo_daily
2026-08-07,230.5,237.5,230.5,237.5,7100023,0,1,237.5,yahoo_daily
2026-08-10,250,254,224.5,226,44268723,0,1,226,yahoo_daily
2026-08-11,226,229,215,216,13152536,0,1,216,yahoo_daily
2026-08-12,215,231,210.5,227,30141071,0,1,227,yahoo_daily
2026-08-13,228,249.5,227.5,249.5,22539815,0,1,249.5,yahoo_daily
2026-08-14,259.5,274,246.5,272.5,55601639,0,1,272.5,yahoo_daily
2026-08-17,274,286.5,253,259,31839821,0,1,259,yahoo_daily
2026-08-18,258,284.5,258,277.5,31568264,0,1,277.5,yahoo_daily
2026-08-19,270,284,266,271.5,41829552,0,1,271.5,yahoo_daily
2026-08-20,286,298.5,271.5,283,43248776,0,1,283,yahoo_daily
2026-08-21,274,306,261,282,68429092,0,1,282,yahoo_daily
2026-08-24,282,295,265,265,50028420,0,1,265,yahoo_daily
2026-08-25,265,291.5,259,291.5,59886468,0,1,291.5,yahoo_daily
2026-08-26,302,320.5,294,320.5,45460795,0,1,320.5,yahoo_daily
2026-08-27,340.5,352.5,340,352.5,22406765,0,1,352.5,yahoo_daily
2026-08-28,363.5,364,335,343.5,58196538,0,1,343.5,yahoo_daily
2026-08-31,343,347,309.5,327,38163220,0,1,327,yahoo_daily
2026-09-01,328,334.5,309.5,319,36955308,0,1,319,yahoo_daily
2026-09-02,319,325,311,313.5,22645101,0,1,313.5,yahoo_daily
2026-09-03,316,318.5,291,293,39185704,0,1,293,yahoo_daily
