date,open,high,low,close,volume,dividend,split_factor,adjusted_close,source
2021-08-02,196.27000427,202.07000732,196.25,200.08999634,17889200,0,1,188.29517944,yahoo_finance_raw
2021-08-03,195.00999451,197.44000244,192,197.38000488,20115900,0,1,185.74493537,yahoo_finance_raw
2021-08-04,197.49000549,203.2749939,196.91000366,200.71000671,22327300,0,1,188.87864172,yahoo_finance_raw
2021-08-05,199.27000427,200.28999329,197.63999939,199.27999878,9881400,0,1,187.53292926,yahoo_finance_raw
2021-08-06,199.25,199.32000732,195.67999268,196.38999939,11967700,0,1,184.81328828,yahoo_finance_raw
2021-08-09,194.58000183,195.5,192.82000732,195.25,14657200,0,1,183.74048907,yahoo_finance_raw
2021-08-10,197.27000427,198.44999695,195.07299805,195.72999573,9983700,0,1,184.19219022,yahoo_finance_raw
2021-08-11,196.6000061,196.91999817,194.72999573,194.86000061,8985100,0,1,183.37347919,yahoo_finance_raw
2021-08-12,191.16999817,192.97999573,189.68499756,191.66000366,12873400,0,1,180.36211426,yahoo_finance_raw
2021-08-13,188.61000061,189.25999451,186.71000671,188.61999512,15377000,0,1,177.50130679,yahoo_finance_raw
2021-08-16,185,186.25999451,181.50999451,182.71000671,21020700,0,1,171.93969778,yahoo_finance_raw
2021-08-17,175.91999817,177.88999939,173.1499939,173.72999573,40558000,0,1,163.48903652,yahoo_finance_raw
2021-08-18,174.1000061,175.36000061,172.11000061,172.3500061,34339800,0,1,162.19039392,yahoo_finance_raw
2021-08-19,166.69999695,167.26400757,159.50999451,160.55000305,66663000,0,1,151.08597225,yahoo_finance_raw
2021-08-20,164.11999512,166.92999268,155.5,157.96000671,75948900,0,1,148.64864987,yahoo_finance_raw
2021-08-23,159.27999878,161.47000122,152.80000305,161.05999756,88699200,0,1,151.56590382,yahoo_finance_raw
2021-08-24,169.03999329,174.1519928,168.15800476,171.69999695,62786400,0,1,161.57870122,yahoo_finance_raw
2021-08-25,168.69999695,169.61000061,166.08000183,169.1000061,26055400,0,1,159.13197349,yahoo_finance_raw
2021-08-26,167.46000671,168.44999695,164.82000732,165.24000549,18816500,0,1,155.49951049,yahoo_finance_raw
2021-08-27,159.99000549,161.77000427,158.55000305,159.47000122,31718100,0,1,150.06963389,yahoo_finance_raw
2021-08-30,160.16999817,163.28999329,158.22999573,162.28999329,23769400,0,1,152.7233943,yahoo_finance_raw
2021-08-31,167.69999695,169,166.13999939,166.99000549,24629100,0,1,157.14635226,yahoo_finance_raw
2021-09-01,169.55999756,174.78999329,169.33000183,173.27999878,29550200,0,1,163.0655658,yahoo_finance_raw
2021-09-02,178.00999451,178.17999268,171.66999817,172,29302400,0,1,161.86101982,yahoo_finance_raw
2021-09-03,169.5249939,172.05999756,168.88000488,170.30000305,16423500,0,1,160.26123354,yahoo_finance_raw
2021-09-07,174.1499939,176.83999634,173.36999512,175.16000366,24608500,0,1,164.83474898,yahoo_finance_raw
2021-09-08,174.25,174.36999512,169.25999451,170.71000671,18993000,0,1,160.64706849,yahoo_finance_raw
2021-09-09,167.30000305,169.03999329,165.58000183,167.32000732,17295800,0,1,157.45690129,yahoo_finance_raw
2021-09-10,171.19999695,171.63999939,167.61000061,168.1000061,15064300,0,1,158.19092105,yahoo_finance_raw
2021-09-13,164.49000549,166.86199951,163.02000427,165.41000366,15458600,0,1,155.65948768,yahoo_finance_raw
2021-09-14,162.86000061,163.06900024,159.47999573,160.1499939,20925900,0,1,150.70954265,yahoo_finance_raw
2021-09-15,157.94999695,158.02999878,153.91999817,157.86000061,31796600,0,1,148.55453888,yahoo_finance_raw
2021-09-16,154.91999817,157.63900757,153.66999817,156.25999451,24358900,0,1,147.04884923,yahoo_finance_raw
2021-09-17,158.47999573,160.38000488,158.08999634,160.05000305,25489000,0,1,150.61544603,yahoo_finance_raw
2021-09-20,154.3999939,155.13999939,149.08999634,151.49000549,36177500,0,1,142.56003943,yahoo_finance_raw
2021-09-21,151.58000183,152.58000183,149.57099915,150.17999268,19494700,0,1,141.32724867,yahoo_finance_raw
2021-09-22,151.47000122,154,151.02000427,151.88999939,19832000,0,1,142.93645466,yahoo_finance_raw
2021-09-23,152.58000183,152.67999268,149.61000061,151.19000244,24707500,0,1,142.27772083,yahoo_finance_raw
2021-09-24,147.71000671,148,144.57000732,145.08000183,32067400,0,1,136.52788984,yahoo_finance_raw
2021-09-27,144.91999817,150.99000549,144.44000244,150.17999268,24287400,0,1,141.32724867,yahoo_finance_raw
2021-09-28,152.16000366,153.72999573,148.86000061,152.38999939,26299600,0,1,143.40698088,yahoo_finance_raw
2021-09-29,150.46000671,152.1000061,147.47999573,147.58000183,17361300,0,1,138.88052094,yahoo_finance_raw
2021-09-30,147.02999878,149.58000183,146.86399841,148.05000305,14291500,0,1,139.32281674,yahoo_finance_raw
2021-10-01,147.08999634,148.44999695,143.33999634,144.19999695,20211000,0,1,135.6997591,yahoo_finance_raw
2021-10-04,141.69999695,141.8999939,138.42999268,139.63000488,25218500,0,1,131.39915691,yahoo_finance_raw
2021-10-05,139.38000488,143.83000183,139.19000244,143.13999939,14032100,0,1,134.70224581,yahoo_finance_raw
2021-10-06,140.55999756,144.89199829,139.96000671,144.1000061,14875900,0,1,135.60566247,yahoo_finance_raw
2021-10-07,151.05000305,158.28999329,150.75,156,46035900,0,1,146.80418077,yahoo_finance_raw
2021-10-08,159.86000061,162.77999878,157.91000366,161.52000427,33499200,0,1,151.99879426,yahoo_finance_raw
2021-10-11,169.61000061,169.80000305,163.94999695,163.94999695,42193600,0,1,154.2855448,yahoo_finance_raw
2021-10-12,163.82499695,165.72999573,162.24000549,163,24512700,0,1,153.39154785,yahoo_finance_raw
2021-10-13,164.38000488,168.26499939,163.6000061,167.3999939,18595000,0,1,157.53217285,yahoo_finance_raw
2021-10-14,168.25999451,168.99000549,164.46000671,166.77999878,17403700,0,1,156.94872493,yahoo_finance_raw
2021-10-15,166.99000549,169.80000305,165.43499756,168,20762800,0,1,158.09681006,yahoo_finance_raw
2021-10-18,166.58000183,169.25,166.58000183,166.82000732,18945900,0,1,156.98637507,yahoo_finance_raw
2021-10-19,170.6000061,177.44000244,170.44999695,177,33538900,0,1,166.56628203,yahoo_finance_raw
2021-10-20,180.94999695,182.08999634,176.13000488,177.17999268,33714400,0,1,166.73566457,yahoo_finance_raw
2021-10-21,177,179.77999878,176.71000671,177.41999817,16444000,0,1,166.96152233,yahoo_finance_raw
2021-10-22,179.08000183,182.08999634,175.80999756,177.69999695,20807300,0,1,167.22501586,yahoo_finance_raw
2021-10-25,177.86000061,178.27999878,173.83000183,176.16999817,13119700,0,1,165.78520678,yahoo_finance_raw
2021-10-26,174.47999573,174.8999939,167.47999573,169.99000549,17577000,0,1,159.96950959,yahoo_finance_raw
2021-10-27,167.52999878,172.44999695,167.33999634,169.22999573,11801800,0,1,159.25430054,yahoo_finance_raw
2021-10-28,168.49000549,170.3500061,166.77000427,169.78999329,12440100,0,1,159.78128761,yahoo_finance_raw
2021-10-29,167.07000732,168.55999756,162.72000122,164.94000244,17155400,0,1,155.21719189,yahoo_finance_raw
2021-11-01,165.83999634,171.89500427,165.80000305,170.16999817,17609500,0,1,160.13889213,yahoo_finance_raw
2021-11-02,167.1000061,167.1000061,162.75999451,162.8999939,19072900,0,1,153.29743687,yahoo_finance_raw
2021-11-03,165.36000061,166.6499939,163.11000061,166.24000549,13569700,0,1,156.44056293,yahoo_finance_raw
2021-11-04,169.27999878,169.94000244,164.5,164.78999329,16669200,0,1,155.07602541,yahoo_finance_raw
2021-11-05,164.79499817,164.79499817,158.30000305,158.72999573,22098200,0,1,149.37324991,yahoo_finance_raw
2021-11-08,161.76499939,162.16000366,159.47999573,162.16000366,16223100,0,1,152.60106725,yahoo_finance_raw
2021-11-09,162.16000366,164.47999573,159.53999329,160.19000244,14010100,0,1,150.74719279,yahoo_finance_raw
2021-11-10,163.67999268,166.47999573,161.82000732,163.97000122,17216800,0,1,154.30436987,yahoo_finance_raw
2021-11-11,166.55999756,169.63000488,166.55999756,167.8500061,16747500,0,1,157.95565794,yahoo_finance_raw
2021-11-12,165.17399597,167.80000305,163.3999939,166.80999756,13741800,0,1,156.97695536,yahoo_finance_raw
2021-11-15,167.22000122,168.46000671,165.66999817,166.53999329,9655700,0,1,156.72286718,yahoo_finance_raw
2021-11-16,168.6000061,169.94000244,166.66999817,168.42999268,11887500,0,1,158.50145572,yahoo_finance_raw
2021-11-17,168.02000427,168.30000305,161.13499451,161.58000183,18829500,0,1,152.05525511,yahoo_finance_raw
2021-11-18,146.91000366,148.5,141.88999939,143.6000061,61571500,0,1,135.13513625,yahoo_finance_raw
2021-11-19,143.03999329,145.05999756,140,140.33999634,28575700,0,1,132.0672961,yahoo_finance_raw
2021-11-22,139.8999939,140.69999695,135.21000671,136.61999512,26390400,0,1,128.56657987,yahoo_finance_raw
2021-11-23,136.03199768,136.8500061,133.30999756,133.66000366,24102900,0,1,125.78107269,yahoo_finance_raw
2021-11-24,133.1000061,136.75999451,131.22000122,136.52000427,20010400,0,1,128.47248324,yahoo_finance_raw
2021-11-26,132.92999268,133.97999573,131.22000122,133.3500061,14814900,0,1,125.48934873,yahoo_finance_raw
2021-11-29,134.25,134.55000305,130.55000305,131.61000061,18648900,0,1,123.85191231,yahoo_finance_raw
2021-11-30,129.90100098,131.32000732,126.12999725,127.52999878,32625400,0,1,120.01241663,yahoo_finance_raw
2021-12-01,128.36999512,129.15499878,121.90000153,122.48999786,29203800,0,1,115.26951147,yahoo_finance_raw
2021-12-02,123.01999664,125,119.33999634,122,34478600,0,1,114.80839778,yahoo_finance_raw
2021-12-03,118,118.19000244,108.69999695,111.95999908,70266500,0,1,105.36023041,yahoo_finance_raw
2021-12-06,113.63999939,123.81999969,113.43000031,123.59999847,43111400,0,1,116.31408025,yahoo_finance_raw
2021-12-07,129.30000305,129.44999695,123.45999908,125.54000092,38542800,0,1,118.13972428,yahoo_finance_raw
2021-12-08,123.20999908,126.97000122,121.31999969,125.08000183,22275000,0,1,117.70684102,yahoo_finance_raw
2021-12-09,124.62999725,127.76000214,123.21199799,123.91000366,23499300,0,1,116.60581139,yahoo_finance_raw
2021-12-10,123.22000122,125.20999908,122.77999878,125.05999756,15008300,0,1,117.68801595,yahoo_finance_raw
2021-12-13,123,123.25,119.75,122.23999786,15820500,0,1,115.03424836,yahoo_finance_raw
2021-12-14,120.93000031,127.65000153,120.30000305,126.58000183,17691500,0,1,119.11841968,yahoo_finance_raw
2021-12-15,122.62999725,123.58999634,117.76999664,122.47000122,24893500,0,1,115.25069358,yahoo_finance_raw
2021-12-16,122.31999969,125.69000244,118.90000153,120.25,22533400,0,1,113.16155601,yahoo_finance_raw
2021-12-17,119.48999786,122.87000275,117.80999756,122.09999847,19781100,0,1,114.90250159,yahoo_finance_raw
2021-12-20,118.5,118.83000183,113.69499969,115,23970500,0,1,108.2210307,yahoo_finance_raw
2021-12-21,116.84999847,122.98000336,116.59999847,122.98000336,18036300,0,1,115.73063233,yahoo_finance_raw
2021-12-22,117.08999634,118.66000366,115.15000153,117.80999756,24502000,0,1,110.86538576,yahoo_finance_raw
2021-12-23,116.80000305,119.58999634,115.38999939,118.66000366,17563300,0,1,111.66528607,yahoo_finance_raw
2021-12-27,117.80000305,121.80000305,116.10199738,116.58999634,17864400,0,1,109.71730063,yahoo_finance_raw
2021-12-28,116.26000214,116.41999817,114.47000122,114.80000305,17052100,0,1,108.03282308,yahoo_finance_raw
2021-12-29,113.80000305,114.19999695,110.37999725,112.08999634,21100500,0,1,105.48256465,yahoo_finance_raw
2021-12-30,112.62999725,124.30000305,112.30000305,122.98999786,45437100,0,1,115.74003769,yahoo_finance_raw
2021-12-31,121.23000336,122.91000366,118.58999634,118.79000092,24287000,0,1,111.78762031,yahoo_finance_raw
2022-01-03,119.37999725,121.94999695,115.81999969,120.37999725,16775300,0,1,113.28389024,yahoo_finance_raw
2022-01-04,119.52999878,120.87000275,115.76999664,119.55999756,20824000,0,1,112.51222753,yahoo_finance_raw
2022-01-05,118,126.62000275,117.69999695,121.16000366,36651100,0,1,114.01791718,yahoo_finance_raw
2022-01-06,124.26000214,128.3999939,123.46499634,126.62999725,32045800,0,1,119.165468,yahoo_finance_raw
2022-01-07,130.24000549,133.88000488,128.17999268,129.80999756,38113000,0,1,122.15801505,yahoo_finance_raw
2022-01-10,131.99000549,132.6000061,126.23000336,128.30000305,23372200,0,1,120.73703103,yahoo_finance_raw
2022-01-11,129.21000671,134.22999573,127.47000122,132.19000244,23616400,0,1,124.39772445,yahoo_finance_raw
2022-01-12,136.02000427,138.69999695,135.58500671,137.41000366,25961100,0,1,129.31001934,yahoo_finance_raw
2022-01-13,135.19999695,135.91999817,131.30000305,131.36999512,19887700,0,1,123.62605456,yahoo_finance_raw
2022-01-14,132.80999756,134.36000061,129.3500061,131.57000732,18614900,0,1,123.81427653,yahoo_finance_raw
2022-01-18,126.26999664,132.13000488,124.81999969,128.6000061,26122200,0,1,121.01934963,yahoo_finance_raw
2022-01-19,128.1000061,130.86000061,127.12999725,127.73999786,14665200,0,1,120.21003678,yahoo_finance_raw
2022-01-20,135.77000427,136.75,130.67999268,131.02999878,28966400,0,1,123.30610017,yahoo_finance_raw
2022-01-21,128.22999573,128.96000671,122.52100372,123.23000336,26341400,0,1,115.96589544,yahoo_finance_raw
2022-01-24,119.31999969,120.77999878,115.31999969,120.37000275,28509300,0,1,113.27448489,yahoo_finance_raw
2022-01-25,119.91000366,122.45999908,118.04000092,119.13999939,22224100,0,1,112.11698723,yahoo_finance_raw
2022-01-26,120.93000031,120.93000031,112.96199799,113.37000275,27513200,0,1,106.6871178,yahoo_finance_raw
2022-01-27,113.11000061,114.54000092,110.26999664,111.79000092,21472700,0,1,105.20025322,yahoo_finance_raw
2022-01-28,113.25,115.31999969,110.05999756,115.23000336,18892400,0,1,108.43747592,yahoo_finance_raw
2022-01-31,118.16999817,125.87000275,117.5,125.79000092,20346500,0,1,118.37498739,yahoo_finance_raw
2022-02-01,124.80999756,128,122.97000122,127.22000122,15036100,0,1,119.72069267,yahoo_finance_raw
2022-02-02,127.62999725,127.62999725,121.16999817,122.87999725,14050100,0,1,115.63652134,yahoo_finance_raw
2022-02-03,121.55000305,125.26999664,120.73000336,123.47000122,16651500,0,1,116.19174602,yahoo_finance_raw
2022-02-04,121.26999664,123.94000244,119.66000366,122.22000122,13538200,0,1,115.01543047,yahoo_finance_raw
2022-02-07,116.09999847,116.55000305,113.59999847,114.81999969,28589200,0,1,108.05164097,yahoo_finance_raw
2022-02-08,118.16000366,122.23999786,116.80000305,121.90000153,22340500,0,1,114.71429397,yahoo_finance_raw
2022-02-09,123.08999634,126.80000305,121.94000244,126.5,18253600,0,1,119.04313376,yahoo_finance_raw
2022-02-10,124.11000061,128.33999634,123.40000153,123.98000336,16116600,0,1,116.67168477,yahoo_finance_raw
2022-02-11,125.33499908,126.72000122,121.94000244,122.25,13889900,0,1,115.04366089,yahoo_finance_raw
2022-02-14,120.55999756,122.38400269,119.37000275,121.91999817,13154900,0,1,114.73311186,yahoo_finance_raw
2022-02-15,123.76999664,126.80500031,123.37799835,126.23999786,14634700,0,1,118.79845812,yahoo_finance_raw
2022-02-16,125.61000061,127.58000183,124.51000214,125.55999756,17993300,0,1,118.15854217,yahoo_finance_raw
2022-02-17,125,129.3999939,124.05599976,124.43000031,15906000,0,1,117.0951555,yahoo_finance_raw
2022-02-18,120.87999725,120.87999725,117.19999695,118.98999786,21201400,0,1,111.97582792,yahoo_finance_raw
2022-02-22,114,114.84999847,112.05999756,112.93000031,21755100,0,1,106.27305243,yahoo_finance_raw
2022-02-23,115.09999847,115.40000153,109.59999847,109.72000122,24489200,0,1,103.25227496,yahoo_finance_raw
2022-02-24,100.0739975,108.94999695,100.01999664,108.93000031,35294700,0,1,102.50884267,yahoo_finance_raw
2022-02-25,107.88999939,108.55000305,104,107.94000244,21428400,0,1,101.57720276,yahoo_finance_raw
2022-02-28,105.97000122,107.48999786,103.63999939,105.19000244,23063500,0,1,98.98930855,yahoo_finance_raw
2022-03-01,105.84999847,111.25,105.84999847,107.08999634,21218500,0,1,100.77730244,yahoo_finance_raw
2022-03-02,107.38999939,107.38999939,103.23999786,105.41999817,20791800,0,1,99.20574659,yahoo_finance_raw
2022-03-03,106.02999878,106.62999725,101.06999969,102.05000305,21725900,0,1,96.03440446,yahoo_finance_raw
2022-03-04,100.29000092,104.38999939,99.33000183,100.59999847,24574700,0,1,94.66987411,yahoo_finance_raw
2022-03-07,99.55999756,103.36000061,98.59999847,98.66000366,20679400,0,1,92.84423726,yahoo_finance_raw
2022-03-08,99.31999969,100.91000366,95.56999969,97.5,23275500,0,1,91.75261298,yahoo_finance_raw
2022-03-09,100.26000214,100.97000122,98.31999969,100.93000031,20853600,0,1,94.98042314,yahoo_finance_raw
2022-03-10,95.19000244,95.69999695,90.81999969,92.91999817,37671200,0,1,87.44259108,yahoo_finance_raw
2022-03-11,93.26000214,93.94999695,86.68000031,86.70999908,39341800,0,1,81.59865628,yahoo_finance_raw
2022-03-14,80.69999695,82.44999695,77.08000183,77.76000214,69992600,0,1,73.17623981,yahoo_finance_raw
2022-03-15,75.09999847,80.13999939,73.27999878,76.76000214,86209300,0,1,72.23518737,yahoo_finance_raw
2022-03-16,92,105.73999786,87.12000275,104.98000336,159834300,0,1,98.7916884,yahoo_finance_raw
2022-03-17,99.13999939,101.88999939,95.76999664,100.37000275,80663200,0,1,94.45343607,yahoo_finance_raw
2022-03-18,100.5,111.73999786,99.59999847,108.30000305,83781800,0,1,101.91598221,yahoo_finance_raw
2022-03-21,102.80999756,105.68000031,98.69999695,103.58999634,58882900,0,1,97.4836189,yahoo_finance_raw
2022-03-22,114.01000214,118.23999786,112.37000275,114.98999786,88193400,0,1,108.21161816,yahoo_finance_raw
2022-03-23,115.69999695,124.11100006,112.68000031,117.23999786,81605700,0,1,110.32898615,yahoo_finance_raw
2022-03-24,112.86000061,116.5,110.81999969,115.15000153,55850200,0,1,108.36219,yahoo_finance_raw
2022-03-25,110.52999878,113.86000061,109.40000153,112.98999786,42396500,0,1,106.32951328,yahoo_finance_raw
2022-03-28,113.86000061,116.23000336,111.91999817,115.08999634,30168000,0,1,108.30572197,yahoo_finance_raw
2022-03-29,118.36000061,119.59999847,115.73999786,116.70999908,28060900,0,1,109.83022951,yahoo_finance_raw
2022-03-30,115.54000092,120.10199738,115.54000092,116.58000183,28381700,0,1,109.70789527,yahoo_finance_raw
2022-03-31,115.02999878,115.08999634,108.70999908,108.80000305,31240200,0,1,102.38650843,yahoo_finance_raw
2022-04-01,117.62000275,118.94999695,109.75,110.19999695,55873000,0,1,103.70397611,yahoo_finance_raw
2022-04-04,115.69999695,118.22000122,113.375,117.5,39088500,0,1,110.5736618,yahoo_finance_raw
2022-04-05,115,115,110.23000336,111,35226000,0,1,104.45682093,yahoo_finance_raw
2022-04-06,109.23999786,109.47000122,106.12000275,107.68000031,23739800,0,1,101.33252712,yahoo_finance_raw
2022-04-07,106.68000031,107.52999878,102.61000061,104.26999664,26814300,0,1,98.12353485,yahoo_finance_raw
2022-04-08,104.48000336,106.47000122,103.32900238,103.52999878,20814900,0,1,97.42715805,yahoo_finance_raw
2022-04-11,101.08999634,103.91999817,99.16000366,101.55000305,23504100,0,1,95.56387824,yahoo_finance_raw
2022-04-12,101.18000031,102.33000183,99.38999939,99.75,23953600,0,1,93.86998097,yahoo_finance_raw
2022-04-13,99.23999786,101.34999847,98.20999908,100.02999878,18330400,0,1,94.13347451,yahoo_finance_raw
2022-04-14,97.29000092,99.27100372,95.30500031,95.48999786,20931200,0,1,89.86109556,yahoo_finance_raw
2022-04-18,93.76999664,95.27999878,91.81999969,94.70999908,19159200,0,1,89.12707581,yahoo_finance_raw
2022-04-19,92.29000092,93.94999695,90.94999695,93.5,23870000,0,1,87.98840322,yahoo_finance_raw
2022-04-20,93.48000336,93.69999695,89.26999664,89.41000366,20949700,0,1,84.13950218,yahoo_finance_raw
2022-04-21,89.55000305,90.01000214,85.40000153,85.98999786,25639000,0,1,80.92109738,yahoo_finance_raw
2022-04-22,86.5,90.68000031,86.31099701,86.48999786,25130300,0,1,81.3916236,yahoo_finance_raw
2022-04-25,82.69999695,86.16999817,81.80000305,85.83999634,24674000,0,1,80.77993807,yahoo_finance_raw
2022-04-26,85.87000275,86.23999786,83.27999878,83.98999786,21194600,0,1,79.03899249,yahoo_finance_raw
2022-04-27,85.31999969,89.41000366,84.77999878,88.31999969,29351600,0,1,83.11375129,yahoo_finance_raw
2022-04-28,88.62000275,90.98000336,86.94000244,90.91000366,17707500,0,1,85.55108084,yahoo_finance_raw
2022-04-29,101.52999878,103.51999664,96.66000366,97.08999634,44933400,0,1,91.36677803,yahoo_finance_raw
2022-05-02,96.41000366,101.31999969,95.15000153,101.20999908,25479500,0,1,95.24391667,yahoo_finance_raw
2022-05-03,100.12999725,102.69000244,99.43000031,100.37999725,15216100,0,1,94.46284143,yahoo_finance_raw
2022-05-04,97.72000122,101.56999969,96.61000061,101.41000366,17740600,0,1,95.43213147,yahoo_finance_raw
2022-05-05,97.94000244,98.47000122,94.05000305,94.63999939,18673100,0,1,89.06120243,yahoo_finance_raw
2022-05-06,93.36000061,93.86000061,88.70999908,90.05000305,18568600,0,1,84.74177517,yahoo_finance_raw
2022-05-09,86.95500183,88.59999847,84.43000031,84.83999634,23338600,0,1,79.83888563,yahoo_finance_raw
2022-05-10,88.63999939,88.63999939,83.51000214,84.56999969,23400900,0,1,79.58480463,yahoo_finance_raw
2022-05-11,85.51000214,87.51999664,81.47000122,81.73000336,24962400,0,1,76.91221915,yahoo_finance_raw
2022-05-12,80.68000031,83.12000275,78.01000214,81.08999634,23833100,0,1,76.30993898,yahoo_finance_raw
2022-05-13,82.12000275,88.36000061,82,87.98999786,20078400,0,1,82.80320226,yahoo_finance_raw
2022-05-16,87.69999695,89.08000183,86.33999634,86.48000336,19644800,0,1,81.38221824,yahoo_finance_raw
2022-05-17,92.75,94.48000336,89.54000092,91.98999786,27330300,0,1,86.56741202,yahoo_finance_raw
2022-05-18,90,91.63999939,87,87.30999756,18991300,0,1,82.16328631,yahoo_finance_raw
2022-05-19,86.18000031,90.08999634,85.73999786,87.69000244,20776400,0,1,82.52089083,yahoo_finance_raw
2022-05-20,88.69999695,90.16999817,84.73000336,86.79000092,21020800,0,1,81.6739422,yahoo_finance_raw
2022-05-23,87.05999756,87.41500092,84.76000214,87.23000336,13998200,0,1,82.08800757,yahoo_finance_raw
2022-05-24,84.98999786,85.12000275,81.54000092,82.47000122,15214400,0,1,77.60859594,yahoo_finance_raw
2022-05-25,83.72000122,84.06999969,81.06999969,82.30999756,23093700,0,1,77.45802411,yahoo_finance_raw
2022-05-26,87.30000305,95.08999634,86.73000336,94.48000336,50825000,0,1,88.91063777,yahoo_finance_raw
2022-05-27,92.20999908,94.5,90.37000275,93.41000366,26716000,0,1,87.90371194,yahoo_finance_raw
2022-05-31,98.33000183,99.31999969,95.44999695,96.05000305,33790000,0,1,90.38808981,yahoo_finance_raw
2022-06-01,95.90000153,96.93000031,91.87999725,93.37999725,23730900,0,1,87.87547434,yahoo_finance_raw
2022-06-02,93.66999817,97.62999725,93.40000153,97.5,23228100,0,1,91.75261298,yahoo_finance_raw
2022-06-03,95.15000153,96,93.02300262,93.20999908,15855900,0,1,87.71549715,yahoo_finance_raw
2022-06-06,99.63999939,102.41999817,97.91500092,99.01000214,37287200,0,1,93.17360418,yahoo_finance_raw
2022-06-07,99.98999786,104.45999908,99.41999817,104.31999969,35958700,0,1,98.17059034,yahoo_finance_raw
2022-06-08,108.26000214,121.05500031,107.80999756,119.62000275,92337000,0,1,112.56869556,yahoo_finance_raw
2022-06-09,115,118.22000122,109.44000244,109.90000153,72512300,0,1,103.42166468,yahoo_finance_raw
2022-06-10,113.66000366,114.81999969,108.23999786,109.83999634,49859200,0,1,103.36519665,yahoo_finance_raw
2022-06-13,103.61000061,104.52999878,97.58000183,98.51999664,36396700,0,1,92.71248331,yahoo_finance_raw
2022-06-14,101.98999786,106.07499695,100.83000183,105.23000336,28567500,0,1,99.02695151,yahoo_finance_raw
2022-06-15,106.80999756,108.62999725,104.38200378,108.02999878,24026100,0,1,101.66189403,yahoo_finance_raw
2022-06-16,102.79000092,104.91000366,100.51000214,101.44999695,22357800,0,1,95.46976725,yahoo_finance_raw
2022-06-17,112.54000092,112.75,101.3259964,102.23999786,73019300,0,1,96.21319954,yahoo_finance_raw
2022-06-21,105.95999908,107.06199646,103.87000275,106.38999939,33975000,0,1,100.11856861,yahoo_finance_raw
2022-06-22,104.23000336,107.09999847,103.08000183,105.15000153,24233000,0,1,98.95166559,yahoo_finance_raw
2022-06-23,109.95999908,113.08999634,108.08100128,112.11000061,33228200,0,1,105.50138972,yahoo_finance_raw
2022-06-24,115.30000305,118.08999634,114.30000305,117.62000275,27029900,0,1,110.68659067,yahoo_finance_raw
2022-06-27,119.97000122,121.37999725,117.87999725,118.73000336,21724300,0,1,111.73115946,yahoo_finance_raw
2022-06-28,118.98000336,120.93000031,116.51000214,116.76000214,18659400,0,1,109.877285,yahoo_finance_raw
2022-06-29,115.80999756,117.08999634,113.70999908,116.02999878,13793900,0,1,109.19031356,yahoo_finance_raw
2022-06-30,113.76999664,114.59999847,111.37999725,113.68000031,13836200,0,1,106.97884176,yahoo_finance_raw
2022-07-01,113.62999725,116.625,112.91999817,116,16679400,0,1,109.16208314,yahoo_finance_raw
2022-07-05,114.51000214,120.52999878,112.13999939,120.12999725,20989300,0,1,113.04862713,yahoo_finance_raw
2022-07-06,118.93000031,120,115.51000214,119.12000275,20222700,0,1,112.09816934,yahoo_finance_raw
2022-07-07,120.62999725,125,120.62999725,122.38999939,24202000,0,1,115.17540766,yahoo_finance_raw
2022-07-08,122.26000214,125.83999634,120.69999695,120.90000153,27221400,0,1,113.77324153,yahoo_finance_raw
2022-07-11,115.45999908,115.58000183,109.33000183,109.56999969,31249900,0,1,103.11111565,yahoo_finance_raw
2022-07-12,110.86000061,111,107.05999756,109.20999908,22318500,0,1,102.7723362,yahoo_finance_raw
2022-07-13,106.83999634,110.63999939,106.75,109.09999847,16861400,0,1,102.66881986,yahoo_finance_raw
2022-07-14,107.80000305,108.54000092,100.70999908,103.76000214,35314900,0,1,97.64360327,yahoo_finance_raw
2022-07-15,103.48999786,103.63999939,97.83999634,102.44000244,33572300,0,1,96.40141434,yahoo_finance_raw
2022-07-18,105.87999725,106.95999908,102.94999695,103.13999939,20503400,0,1,97.06014817,yahoo_finance_raw
2022-07-19,103.97000122,104.81999969,101.52999878,104.75,19842500,0,1,98.57524318,yahoo_finance_raw
2022-07-20,106.23999786,107.16000366,102.84999847,103.95999908,21897900,0,1,97.83181089,yahoo_finance_raw
2022-07-21,104.05999756,106.61000061,103.68000031,105.12999725,17865500,0,1,98.93284052,yahoo_finance_raw
2022-07-22,104.30999756,104.69999695,99.68000031,100.61000061,18819800,0,1,94.67928665,yahoo_finance_raw
2022-07-25,100.5,101.26999664,98.73999786,101.05999756,16604300,0,1,95.10275737,yahoo_finance_raw
2022-07-26,104.30999756,105.25,100.80999756,101.44000244,28004300,0,1,95.46036189,yahoo_finance_raw
2022-07-27,102.19999695,102.97000122,99.80000305,102.77999878,19366600,0,1,96.72136872,yahoo_finance_raw
2022-07-28,101.91999817,102.68000031,95.62000275,100.55000305,33875400,0,1,94.6228258,yahoo_finance_raw
2022-07-29,94.22000122,94.22000122,89.11000061,89.37000275,59201800,0,1,84.10185922,yahoo_finance_raw
2022-08-01,89.19000244,90.54000092,88,90.33999634,36050900,0,1,85.01467406,yahoo_finance_raw
2022-08-02,88.19999695,94.87000275,88.19999695,92.62000275,34430500,0,1,87.16027965,yahoo_finance_raw
2022-08-03,92,96.30000305,90.91999817,95.72000122,23921700,0,1,90.07754078,yahoo_finance_raw
2022-08-04,101.06999969,103,95.05999756,97.43000031,42517800,0,1,91.6867396,yahoo_finance_raw
2022-08-05,93.06999969,94.16999817,90.73000336,92.55999756,27206100,0,1,87.10381163,yahoo_finance_raw
2022-08-08,91.47000122,92.75,90.33999634,90.83999634,16194100,0,1,85.48520028,yahoo_finance_raw
2022-08-09,91.19000244,93.12000275,90.59999847,91.19000244,16744900,0,1,85.81457438,yahoo_finance_raw
2022-08-10,91.16999817,92.94999695,88.55999756,92.43000031,17855400,0,1,86.98147739,yahoo_finance_raw
2022-08-11,94.48999786,97.70999908,93.62999725,94.87000275,17521200,0,1,89.27764765,yahoo_finance_raw
2022-08-12,91.51000214,94.80000305,91.43000031,94.76999664,17846400,0,1,89.18353666,yahoo_finance_raw
2022-08-15,93.19999695,94.62999725,92.37999725,94.19999695,14425100,0,1,88.64713705,yahoo_finance_raw
2022-08-16,92.69000244,93.56999969,91.40000153,92.65000153,12003200,0,1,87.18851008,yahoo_finance_raw
2022-08-17,91.87000275,92.38999939,89.76000214,89.76999664,14491500,0,1,84.47827445,yahoo_finance_raw
2022-08-18,90.05000305,91.93000031,88.51999664,90.73999786,13418600,0,1,85.39109647,yahoo_finance_raw
2022-08-19,90.41000366,91.65000153,89.18000031,89.62999725,12364300,0,1,84.34652769,yahoo_finance_raw
2022-08-22,89.56999969,90.87999725,89.30000305,90.02999878,15545000,0,1,84.7229501,yahoo_finance_raw
2022-08-23,89.16999817,90.18000031,86.70999908,89.83000183,17345900,0,1,84.53474248,yahoo_finance_raw
2022-08-24,87.90000153,94.14800262,87.55000305,92.51999664,22808300,0,1,87.06616867,yahoo_finance_raw
2022-08-25,96.05999756,101.02999878,94.94999695,99.88999939,39170600,0,1,94.00172774,yahoo_finance_raw
2022-08-26,104.83999634,104.84999847,97.61000061,98,45773400,0,1,92.2231392,yahoo_finance_raw
2022-08-29,98.95999908,100.91000366,96.48000336,96.59999847,18323500,0,1,90.90566435,yahoo_finance_raw
2022-08-30,95.86000061,96.97000122,92.62000275,93.83999634,17865800,0,1,88.3083576,yahoo_finance_raw
2022-08-31,96.66000366,98.62000275,94.91999817,95.41000366,16169000,0,1,89.78581683,yahoo_finance_raw
2022-09-01,92.75,94.51999664,91.66999817,93.70999908,11929100,0,1,88.18602337,yahoo_finance_raw
2022-09-02,91.76999664,93.66799927,90.76999664,91.80000305,12378900,0,1,86.38861694,yahoo_finance_raw
2022-09-06,89.31999969,89.47000122,87.80000305,88.44999695,15573500,0,1,83.23608552,yahoo_finance_raw
2022-09-07,88.51999664,90.86000061,87.7559967,90.59999847,12753300,0,1,85.2593497,yahoo_finance_raw
2022-09-08,88.55999756,90.18000031,88.27999878,89.51999664,13291800,0,1,84.24301134,yahoo_finance_raw
2022-09-09,91.05000305,92.90000153,90.72000122,92.13999939,10745500,0,1,86.70857132,yahoo_finance_raw
2022-09-12,92.41999817,94.83999634,91.80999756,94.69000244,15604000,0,1,89.10825792,yahoo_finance_raw
2022-09-13,90.76000214,92.18000031,89.23000336,89.47000122,21149800,0,1,84.19596303,yahoo_finance_raw
2022-09-14,89.45999908,89.77999878,88.16999817,88.91999817,10843600,0,1,83.67838132,yahoo_finance_raw
2022-09-15,88.62999725,91.09500122,88.19999695,88.83000183,12188800,0,1,83.59369004,yahoo_finance_raw
2022-09-16,87.69999695,88.25,85.41999817,86.43000031,19322000,0,1,81.33516275,yahoo_finance_raw
2022-09-19,85.09999847,87.76499939,85,87.66000366,12822100,0,1,82.49266041,yahoo_finance_raw
2022-09-20,87.94999695,88.73000336,85.01000214,85.80000305,19129000,0,1,80.74230229,yahoo_finance_raw
2022-09-21,85.12000275,85.16000366,81.5,81.59999847,23847300,0,1,76.78987774,yahoo_finance_raw
2022-09-22,82.62999725,83.27999878,80.16999817,80.70999908,19141200,0,1,75.95234164,yahoo_finance_raw
2022-09-23,79.26000214,79.76999664,77.59999847,78.80000305,20492100,0,1,74.15493521,yahoo_finance_raw
2022-09-26,79.94000244,80.98600006,78.77999878,78.91000366,17880600,0,1,74.25845155,yahoo_finance_raw
2022-09-27,79.43000031,80.41000366,77.09999847,77.87000275,16975100,0,1,73.27975615,yahoo_finance_raw
2022-09-28,76.48500061,81.48000336,76.27999878,80.98999786,20725400,0,1,76.21583517,yahoo_finance_raw
2022-09-29,78.05000305,79.19000244,76.73999786,79.05999756,17913600,0,1,74.39960367,yahoo_finance_raw
2022-09-30,78.73999786,81.77999878,78.65000153,79.98999786,17116900,0,1,75.27478273,yahoo_finance_raw
2022-10-03,79.76000214,80.92500305,78.05000305,80.44999695,13249600,0,1,75.70766599,yahoo_finance_raw
2022-10-04,83,85.03299713,82.33999634,84.11000061,18252000,0,1,79.15192137,yahoo_finance_raw
2022-10-05,84.09999847,86.29000092,83.25,84.38999939,13194000,0,1,79.41541491,yahoo_finance_raw
2022-10-06,84.06999969,85.25,83.51999664,84.31999969,11583600,0,1,79.34954152,yahoo_finance_raw
2022-10-07,82.34999847,83.70999908,80.75499725,81.23999786,11632400,0,1,76.45109828,yahoo_finance_raw
2022-10-10,79.76999664,79.79000092,77.69999695,79.23999786,14070900,0,1,74.5689934,yahoo_finance_raw
2022-10-11,77.37999725,77.83999634,74.13999939,75.37000275,18387900,0,1,70.92712505,yahoo_finance_raw
2022-10-12,74.90000153,76.6780014,74.02999878,75.73000336,13247900,0,1,71.2659045,yahoo_finance_raw
2022-10-13,72.23999786,75.77999878,71.40000153,75.01000214,17563400,0,1,70.5883456,yahoo_finance_raw
2022-10-14,76.05000305,76.13999939,72.77999878,73.01999664,13675300,0,1,68.71564607,yahoo_finance_raw
2022-10-17,75.15000153,77.87000275,75.11000061,76.76999664,14487400,0,1,72.24459272,yahoo_finance_raw
2022-10-18,78.01000214,78.63999939,75.05999756,76.33999634,14970600,0,1,71.83993989,yahoo_finance_raw
2022-10-19,73.27999878,74.33000183,70.51999664,71.26999664,23094500,0,1,67.0688043,yahoo_finance_raw
2022-10-20,71.59999847,74.94000244,71.55000305,72.01999664,19173400,0,1,67.77459363,yahoo_finance_raw
2022-10-21,71.19999695,72.79000092,69.46499634,72.18000031,19526800,0,1,67.92516547,yahoo_finance_raw
2022-10-24,63.38999939,64.09999847,58.00999832,63.15000153,101023200,0,1,59.42746307,yahoo_finance_raw
2022-10-25,65.08000183,66.17900085,61.25999832,63.22000122,69302400,0,1,59.49333646,yahoo_finance_raw
2022-10-26,63.36000061,69.80000305,62.91999817,68.51000214,52957400,0,1,64.47150473,yahoo_finance_raw
2022-10-27,65.44000244,67.87999725,65.41999817,65.83999634,25812600,0,1,61.95888926,yahoo_finance_raw
2022-10-28,63.20000076,64.15000153,61.81999969,63.74000168,28638000,0,1,59.98268416,yahoo_finance_raw
2022-10-31,63.49000168,64.84999847,63.22000122,63.58000183,20645300,0,1,59.83211591,yahoo_finance_raw
2022-11-01,68.01000214,68.4509964,65.63999939,65.86000061,27257000,0,1,61.97771433,yahoo_finance_raw
2022-11-02,66.48000336,67.66999817,64.33000183,64.69999695,28298100,0,1,60.88609005,yahoo_finance_raw
2022-11-03,63.41999817,66.87999725,63.40000153,65.20999908,23360500,0,1,61.3660288,yahoo_finance_raw
2022-11-04,71.16999817,71.63999939,67.44999695,69.80999756,51292200,0,1,65.6948686,yahoo_finance_raw
2022-11-07,71.30000305,71.87999725,68.67199707,69.70999908,26087600,0,1,65.60076479,yahoo_finance_raw
2022-11-08,67.62000275,68.91999817,66.26999664,68.12999725,23870200,0,1,64.11390021,yahoo_finance_raw
2022-11-09,66.43000031,66.77999878,64.80000305,64.83999634,22099300,0,1,61.01783682,yahoo_finance_raw
2022-11-10,68.02999878,69.98999786,68,69.76999664,28757200,0,1,65.65722564,yahoo_finance_raw
2022-11-11,72.31999969,72.69999695,69.30999756,70.76999664,38723400,0,1,66.59827808,yahoo_finance_raw
2022-11-14,73.16000366,74,71.31999969,71.33000183,30310700,0,1,67.12527233,yahoo_finance_raw
2022-11-15,78.93000031,80.37000275,77.80999756,79.30000305,53150500,0,1,74.62546143,yahoo_finance_raw
2022-11-16,80.31999969,80.44999695,77.41000366,78.16000366,26637300,0,1,73.55266222,yahoo_finance_raw
2022-11-17,76,85.68000031,75.76000214,84.26000214,62050600,0,1,79.29308067,yahoo_finance_raw
2022-11-18,82.15000153,82.51999664,79.86000061,80.48000336,29528300,0,1,75.7359036,yahoo_finance_raw
2022-11-21,78.69000244,79.05999756,76.47000122,76.93000031,19005100,0,1,72.39516456,yahoo_finance_raw
2022-11-22,75.44000244,76.80000305,74.58000183,75.98999786,20694100,0,1,71.51057297,yahoo_finance_raw
2022-11-23,78.19000244,78.84500122,76.84999847,78.5,19032700,0,1,73.8726166,yahoo_finance_raw
2022-11-25,75.5,76.05000305,74.91999817,75.5,13036900,0,1,71.04945928,yahoo_finance_raw
2022-11-28,74.73999786,77.41699982,74.68000031,75.87999725,19107400,0,1,71.40705663,yahoo_finance_raw
2022-11-29,80.23999786,80.88999939,79.44999695,79.86000061,24178100,0,1,75.1524485,yahoo_finance_raw
2022-11-30,82.73999786,89.625,82.25,87.55999756,60169600,0,1,82.39854942,yahoo_finance_raw
2022-12-01,84.34999847,87.59999847,84.26000214,85.94000244,20243000,0,1,80.87404906,yahoo_finance_raw
2022-12-02,86.05000305,91.84999847,86.05000305,90.05999756,35042600,0,1,84.75118052,yahoo_finance_raw
2022-12-05,92.90000153,92.90000153,89.62999725,90.51999664,30929800,0,1,85.18406378,yahoo_finance_raw
2022-12-06,91.87999725,92.56999969,89.19999695,91.44999695,26675700,0,1,86.05924284,yahoo_finance_raw
2022-12-07,87.05999756,89.26000214,86.62000275,88.33000183,19507400,0,1,83.12316382,yahoo_finance_raw
2022-12-08,91.97000122,94.33499908,91.08000183,94.16999817,29241500,0,1,88.61890663,yahoo_finance_raw
2022-12-09,93.26999664,93.75,91.22499847,91.33999634,15452100,0,1,85.9557265,yahoo_finance_raw
2022-12-12,90.08999634,90.88899994,87.75,89.41000366,15190200,0,1,84.13950218,yahoo_finance_raw
2022-12-13,93.44999695,94.98000336,90.30000305,91.41000366,21150600,0,1,86.02160706,yahoo_finance_raw
2022-12-14,91.05999756,91.26499939,89.5,90.91000366,15575500,0,1,85.55108084,yahoo_finance_raw
2022-12-15,93.08999634,94.08000183,86.05000305,86.20999908,30419400,0,1,81.12813006,yahoo_finance_raw
2022-12-16,88.80000305,90.56999969,86.61000061,86.79000092,25084600,0,1,81.6739422,yahoo_finance_raw
2022-12-19,89.75,89.77999878,86.50099945,87.16000366,20737000,0,1,82.02213419,yahoo_finance_raw
2022-12-20,85.04000092,87.19999695,85.04000092,85.91999817,15315400,0,1,80.85522399,yahoo_finance_raw
2022-12-21,86.01000214,88.38700104,85.45999908,87.80999756,18212900,0,1,82.63381253,yahoo_finance_raw
2022-12-22,89.08000183,89.69000244,86.66999817,87.97000122,16004800,0,1,82.78438437,yahoo_finance_raw
2022-12-23,87.84999847,88.65000153,85.51999664,85.65000153,17949300,0,1,80.60114299,yahoo_finance_raw
2022-12-27,86.55000305,90.68900299,86.20999908,89.86000061,22959900,0,1,84.56297291,yahoo_finance_raw
2022-12-28,88.98000336,90.15000153,86.46499634,87.19999695,16268800,0,1,82.05976997,yahoo_finance_raw
2022-12-29,87.625,89.51999664,87.05999756,89.12999725,12535400,0,1,83.87600147,yahoo_finance_raw
2022-12-30,87.44999695,89.41000366,87.41000366,88.08999634,11926700,0,1,82.89730607,yahoo_finance_raw
2023-01-03,91.11000061,94.44999695,90.75,91.98000336,27891000,0,1,86.55800667,yahoo_finance_raw
2023-01-04,98.84999847,104.51999664,96.97000122,103.91999817,53291800,0,1,97.79416793,yahoo_finance_raw
2023-01-05,101.40000153,105.69999695,100.63999939,104.58000183,30400400,0,1,98.41526598,yahoo_finance_raw
2023-01-06,104.11000061,108,102.45999908,107.40000153,21072400,0,1,101.06903358,yahoo_finance_raw
2023-01-09,111.98999786,113.11000061,108.12000275,110.83000183,42085300,0,1,104.29684374,yahoo_finance_raw
2023-01-10,112.97000122,115.48000336,111.20999908,114.87999725,33478600,0,1,108.10810182,yahoo_finance_raw
2023-01-11,114.59999847,115.20999908,112.30999756,115.01999664,22804400,0,1,108.23984858,yahoo_finance_raw
2023-01-12,113.66000366,113.79000092,111.44999695,113.15000153,16590600,0,1,106.48008512,yahoo_finance_raw
2023-01-13,114.51999664,117.98000336,114.08999634,117.01000214,25615100,0,1,110.11254811,yahoo_finance_raw
2023-01-17,115.51999664,117.01000214,114.33999634,115.19000244,16945600,0,1,108.39983296,yahoo_finance_raw
2023-01-18,116.75,116.75,113.04000092,113.22000122,15347900,0,1,106.5459585,yahoo_finance_raw
2023-01-19,114.01999664,117,113.97000122,116.58000183,18489900,0,1,109.70789527,yahoo_finance_raw
2023-01-20,118.30200195,120.05999756,117.80000305,119.86000061,18342700,0,1,112.79454613,yahoo_finance_raw
2023-01-23,120,120.30000305,118.13700104,119.52999878,13590200,0,1,112.4839971,yahoo_finance_raw
2023-01-24,115,120,115,119.44000244,7807100,0,1,112.39930583,yahoo_finance_raw
2023-01-25,118.51000214,120.31999969,117.5,120.25,9705000,0,1,113.16155601,yahoo_finance_raw
2023-01-26,121,121.30000305,118.76200104,120.56999969,11171000,0,1,113.4626925,yahoo_finance_raw
2023-01-27,119.69000244,119.70999908,116.80999756,118.37999725,18027400,0,1,111.40178536,yahoo_finance_raw
2023-01-30,111.69000244,113.15000153,109.77999878,111.19999695,21918200,0,1,104.64502855,yahoo_finance_raw
2023-01-31,109.41999817,112.08000183,108.80999756,110.19999695,15330000,0,1,103.70397611,yahoo_finance_raw
2023-02-01,111.86000061,113.94999695,110.15000153,112.81999969,16623000,0,1,106.16953609,yahoo_finance_raw
2023-02-02,112.5,112.52500153,107.80999756,109.73999786,23396900,0,1,103.27109285,yahoo_finance_raw
2023-02-03,108.05000305,109.52999878,105.80999756,106.33000183,15982200,0,1,100.06210776,yahoo_finance_raw
2023-02-06,103.81999969,106.27999878,103.22000122,105.44999695,15337500,0,1,99.23397701,yahoo_finance_raw
2023-02-07,106.83999634,107.34999847,103.72000122,105.5,16861700,0,1,99.28103251,yahoo_finance_raw
2023-02-08,107.09999847,107.13999939,103.55000305,105.11000061,14329500,0,1,98.91402263,yahoo_finance_raw
2023-02-09,108.5,109.80999756,107.75,108.45999908,16281300,0,1,102.06654687,yahoo_finance_raw
2023-02-10,105.80000305,106.63999939,102.79000092,103.65000153,18776000,0,1,97.54008693,yahoo_finance_raw
2023-02-13,105.98999786,106.34999847,104.15000153,104.79000092,18538600,0,1,98.61288614,yahoo_finance_raw
2023-02-14,103.55000305,104.48000336,101.84999847,104.22000122,12978400,0,1,98.07648653,yahoo_finance_raw
2023-02-15,102.38999939,103.44000244,102,103.08000183,18230200,0,1,97.00368732,yahoo_finance_raw
2023-02-16,102.70999908,104.51999664,102.02999878,103.11000061,21747100,0,1,97.03191775,yahoo_finance_raw
2023-02-17,101,101.08999634,99.25,100.01000214,18121600,0,1,94.11465662,yahoo_finance_raw
2023-02-21,96.5,97.625,94.69999695,95.09999847,27172700,0,1,89.49408569,yahoo_finance_raw
2023-02-22,95.57499695,95.88999939,93.55500031,94.77999878,24484000,0,1,89.19294919,yahoo_finance_raw
2023-02-23,100.09999847,100.47000122,92.12999725,94.16000366,40482900,0,1,88.60950127,yahoo_finance_raw
2023-02-24,90.06999969,91.68000031,88.02999878,89,36174500,0,1,83.75366723,yahoo_finance_raw
2023-02-27,90.84999847,91.23999786,88.89499664,89.25,25840000,0,1,83.98893034,yahoo_finance_raw
2023-02-28,88.45999908,89.33999634,87.26999664,87.79000092,24597200,0,1,82.61499464,yahoo_finance_raw
2023-03-01,92.91999817,92.91999817,89.73000336,89.94999695,35434900,0,1,84.64766418,yahoo_finance_raw
2023-03-02,88.95999908,90.91899872,87.97000122,89.75,24829000,0,1,84.45945656,yahoo_finance_raw
2023-03-03,90.11000061,90.45999908,88.40000153,89.69999695,25834300,0,1,84.41240107,yahoo_finance_raw
2023-03-06,89.58499908,91.30000305,88.02999878,89.62000275,16983900,0,1,84.33712233,yahoo_finance_raw
2023-03-07,89.51999664,90.05000305,88.19999695,88.73000336,14514700,0,1,83.49958623,yahoo_finance_raw
2023-03-08,87.38999939,87.76999664,86.44999695,86.94999695,14721500,0,1,81.82450686,yahoo_finance_raw
2023-03-09,85.12000275,85.69000244,82.875,83.37000275,24327700,0,1,78.45554458,yahoo_finance_raw
2023-03-10,82.63999939,84.51999664,82.33000183,82.95999908,18123100,0,1,78.06970963,yahoo_finance_raw
2023-03-13,83.01000214,83.75499725,81.97000122,82.90000153,17848300,0,1,78.01324878,yahoo_finance_raw
2023-03-14,82.86000061,83.91000366,82.16000366,83.84999847,20126100,0,1,78.90724573,yahoo_finance_raw
2023-03-15,81.55000305,82.54000092,80.15000153,81.51000214,21025300,0,1,76.70518646,yahoo_finance_raw
2023-03-16,81.45999908,82.48000336,80.66000366,82.22000122,22877500,0,1,77.37333283,yahoo_finance_raw
2023-03-17,84,84.16000366,80.62000275,81.66999817,23711100,0,1,76.85575112,yahoo_finance_raw
2023-03-20,80.15000153,81.90000153,79.48000336,81,19536500,0,1,76.22524771,yahoo_finance_raw
2023-03-21,82.45999908,84.08799744,82,83.69999695,16529400,0,1,78.76608643,yahoo_finance_raw
2023-03-22,84.83999634,85.38999939,83.51000214,83.65000153,21204700,0,1,78.71903811,yahoo_finance_raw
2023-03-23,87.68000031,88.37999725,85.26000214,86.51999664,26861400,0,1,81.41985402,yahoo_finance_raw
2023-03-24,85.87000275,88.11000061,85.62999725,86.90000153,20332500,0,1,81.77745854,yahoo_finance_raw
2023-03-27,87.12999725,88.22000122,85.5,86.12000275,18258300,0,1,81.04343879,yahoo_finance_raw
2023-03-28,95.34999847,99.51000214,92.05999756,98.40000153,118875200,0,1,92.59956161,yahoo_finance_raw
2023-03-29,97.58999634,101.33000183,96.27999878,99.91999817,53695000,0,1,94.02995816,yahoo_finance_raw
2023-03-30,101.33999634,105.05000305,100.5,103.37999725,57780700,0,1,97.28599875,yahoo_finance_raw
2023-03-31,102.86000061,103.59999847,101.13200378,102.18000031,28382600,0,1,96.15673869,yahoo_finance_raw
2023-04-03,100.88999939,101.75,97.61000061,98.38999939,26888100,0,1,92.59014908,yahoo_finance_raw
2023-04-04,98.94000244,101.47000122,97.26000214,100.72000122,26868400,0,1,94.78280299,yahoo_finance_raw
2023-04-05,99.23999786,100.44999695,97.66000366,98.55000305,20117700,0,1,92.74072092,yahoo_finance_raw
2023-04-06,98.52999878,103.23999786,98.26999664,102.73999786,26849200,0,1,96.68372576,yahoo_finance_raw
2023-04-10,100.62000275,102.83000183,100.58999634,101.54000092,16308300,0,1,95.5544657,yahoo_finance_raw
2023-04-11,102.45999908,102.54000092,99.19999695,99.76000214,19017700,0,1,93.87939351,yahoo_finance_raw
2023-04-12,97.81999969,98.88999939,93.58000183,93.83999634,35516000,0,1,88.3083576,yahoo_finance_raw
2023-04-13,95.875,97.19000244,95.09500122,96.16999817,24231700,0,1,90.50101151,yahoo_finance_raw
2023-04-14,95.62999725,96.12000275,93.83999634,94.55000305,14098700,0,1,88.97651115,yahoo_finance_raw
2023-04-17,96.73999786,97.23000336,95.48999786,96.41999817,15714100,0,1,90.73627462,yahoo_finance_raw
2023-04-18,99.01999664,99.16999817,95.18099976,95.48999786,20672300,0,1,89.86109556,yahoo_finance_raw
2023-04-19,94.59999847,94.81999969,92.94999695,93.48999786,18985200,0,1,87.97899068,yahoo_finance_raw
2023-04-20,93.34999847,93.79000092,90.05000305,90.73999786,25533900,0,1,85.39109647,yahoo_finance_raw
2023-04-21,89.95999908,90.19000244,88.30000305,89.12999725,23097300,0,1,83.87600147,yahoo_finance_raw
2023-04-24,88.40000153,88.48000336,86.04000092,86.88999939,22757100,0,1,81.76804601,yahoo_finance_raw
2023-04-25,85.31999969,85.69999695,82.21199799,82.91999817,36441300,0,1,78.03206667,yahoo_finance_raw
2023-04-26,85.04000092,85.22000122,82.76000214,82.81999969,24983000,0,1,77.93796286,yahoo_finance_raw
2023-04-27,83.06999969,84.63999939,82.63999939,84.47000122,24506800,0,1,79.49070083,yahoo_finance_raw
2023-04-28,84.18000031,85.08000183,83.87000275,84.69000244,18109300,0,1,79.69773351,yahoo_finance_raw
2023-05-01,84.15000153,85.27999878,83.77100372,84.16000366,12909200,0,1,79.19897687,yahoo_finance_raw
2023-05-02,83.15000153,83.27999878,80.65399933,81.52999878,20689500,0,1,76.72400435,yahoo_finance_raw
2023-05-03,81.30500031,82,80.48999786,81.48000336,17759400,0,1,76.67695604,yahoo_finance_raw
2023-05-04,82.38999939,83.12999725,81.80000305,82.48999786,23773800,0,1,77.62741383,yahoo_finance_raw
2023-05-05,82.75,83.37999725,82.02999878,83.22000122,17527600,0,1,78.31438527,yahoo_finance_raw
2023-05-08,83.62999725,83.69999695,82.33999634,83.30999756,17392900,0,1,78.39907655,yahoo_finance_raw
2023-05-09,80.54499817,82.66000366,80.15000153,82.22000122,13457400,0,1,77.37333283,yahoo_finance_raw
2023-05-10,82.13999939,84.5,81.76999664,82.94999695,16868100,0,1,78.06029709,yahoo_finance_raw
2023-05-11,85.43000031,88.48000336,84.81999969,87.88999939,28104200,0,1,82.70909845,yahoo_finance_raw
2023-05-12,86.70999908,86.70999908,84.76000214,85.33999634,19042800,0,1,80.30941185,yahoo_finance_raw
2023-05-15,87.12999725,88.40000153,85.83300018,88.33999634,23691200,0,1,83.13256918,yahoo_finance_raw
2023-05-16,87.11000061,89.37000275,87.05999756,88.76000214,18177900,0,1,83.52781666,yahoo_finance_raw
2023-05-17,88.45999908,91.43000031,88.01000214,90.68000031,27670700,0,1,85.33463562,yahoo_finance_raw
2023-05-18,90.80999756,91,85,85.76999664,60258600,0,1,80.71406469,yahoo_finance_raw
2023-05-19,83.84999847,85.19999695,83.48000336,83.98000336,21571800,0,1,79.02958714,yahoo_finance_raw
2023-05-22,85.66999817,87.48000336,85.65000153,86.09999847,16951300,0,1,81.02461372,yahoo_finance_raw
2023-05-23,84.16000366,84.97499847,82.69999695,82.87999725,19917800,0,1,77.99442371,yahoo_finance_raw
2023-05-24,82.16500092,82.59999847,80.87999725,81.20999908,17045800,0,1,76.42286786,yahoo_finance_raw
2023-05-25,80.58999634,80.70999908,78.12000275,78.77999878,21811600,0,1,74.13611014,yahoo_finance_raw
2023-05-26,79.90000153,81.56600189,78.40000153,80.97000122,16399200,0,1,76.19701728,yahoo_finance_raw
2023-05-30,80.12000275,80.69999695,78.16999817,78.66999817,21209600,0,1,74.0325938,yahoo_finance_raw
2023-05-31,79.58000183,79.66500092,77.76999664,79.55000305,16206300,0,1,74.86072454,yahoo_finance_raw
2023-06-01,79.34999847,84,79.34999847,83,23217600,0,1,78.10735259,yahoo_finance_raw
2023-06-02,85.08000183,86.02999878,84.13999939,84.26999664,17616100,0,1,79.30248603,yahoo_finance_raw
2023-06-05,83.98999786,84.56999969,83.23999786,84.40000153,8204000,0,1,79.42482744,yahoo_finance_raw
2023-06-06,83.5,87.05999756,83.37000275,86.69999695,18452000,0,1,81.58924375,yahoo_finance_raw
2023-06-07,85.72000122,86.94999695,85.08999634,85.27999878,12886700,0,1,80.252951,yahoo_finance_raw
2023-06-08,85.16999817,86.94999695,85.16999817,86.13999939,11281000,0,1,81.06225668,yahoo_finance_raw
2023-06-09,86.05999756,86.83799744,85.06500244,85.5,12903400,0,1,80.45998369,yahoo_finance_raw
2023-06-12,86.01000214,87.29000092,85.62999725,85.86000061,11559000,0,1,80.79876314,yahoo_finance_raw
2023-06-13,87.95999908,89.22000122,87.25,87.51000214,16814100,0,1,82.35150111,yahoo_finance_raw
2023-06-14,87.97000122,90.12000275,87.70999908,89.36000061,21519300,0,1,84.09244669,yahoo_finance_raw
2023-06-15,91.45999908,92.76999664,90.59999847,92.19999695,26570500,0,1,86.76503217,yahoo_finance_raw
2023-06-16,94,94.29000092,91.51999664,92.09999847,25087700,0,1,86.67092836,yahoo_finance_raw
2023-06-20,89.83000183,90.19999695,87.31999969,87.93000031,23382900,0,1,82.74674141,yahoo_finance_raw
2023-06-21,87.37999725,89.16000366,86.62000275,86.76999664,15159900,0,1,81.65511713,yahoo_finance_raw
2023-06-22,86.77999878,87.31500244,85.31999969,86.88999939,10272700,0,1,81.76804601,yahoo_finance_raw
2023-06-23,85.80999756,85.93800354,84.37000275,84.91999817,14907100,0,1,79.91417155,yahoo_finance_raw
2023-06-26,85.31999969,86.70999908,85.20999908,85.47000122,10808700,0,1,80.43175327,yahoo_finance_raw
2023-06-27,86.81999969,87.61499786,86.71499634,87.12999725,13994500,0,1,81.99389658,yahoo_finance_raw
2023-06-28,85.75,85.75,84.37999725,84.58999634,14113800,0,1,79.60362252,yahoo_finance_raw
2023-06-29,83.38999939,83.98999786,83,83.55000305,13362500,0,1,78.6249343,yahoo_finance_raw
2023-06-30,83.23000336,84.23000336,83.01000214,83.34999847,12174300,0,1,78.43671951,yahoo_finance_raw
2023-07-03,84.87000275,85.63500214,84,84.06999969,11514400,0,1,79.11427841,yahoo_finance_raw
2023-07-05,83.98000336,84.69000244,82.81999969,84.30000305,11203900,0,1,79.33072363,yahoo_finance_raw
2023-07-06,83.12000275,83.94999695,82.63999939,83.83999634,12930300,0,1,78.89783319,yahoo_finance_raw
2023-07-07,86.76000214,91.56999969,86.62999725,90.55000305,46992100,0,1,85.21230139,yahoo_finance_raw
2023-07-10,90.05000305,92.04000092,89.59999847,90.55999756,25401800,0,1,85.22170674,yahoo_finance_raw
2023-07-11,91.01999664,92.31999969,89.01000214,91.79000092,20768800,0,1,86.37920441,yahoo_finance_raw
2023-07-12,94.11000061,95.02999878,92.55000305,94,24161400,0,1,88.45892944,yahoo_finance_raw
2023-07-13,95.02999878,97.00499725,94.59999847,96.61000061,24021400,0,1,90.91507688,yahoo_finance_raw
2023-07-14,95.22000122,96.08999634,94.23999786,94.55999756,18897100,0,1,88.98591651,yahoo_finance_raw
2023-07-17,92.25,93.55000305,91.04000092,93.41000366,17317300,0,1,87.90371194,yahoo_finance_raw
2023-07-18,91.54000092,92.20999908,90.15000153,91.19999695,20221900,0,1,85.82397973,yahoo_finance_raw
2023-07-19,93.56999969,94.70999908,92.08999634,92.08999634,17228100,0,1,86.66151583,yahoo_finance_raw
2023-07-20,91.69000244,93.12000275,91.34999847,91.90000153,14753000,0,1,86.48272075,yahoo_finance_raw
2023-07-21,92.88999939,93.23000336,91.54000092,92.16999817,13899100,0,1,86.73680175,yahoo_finance_raw
2023-07-24,92.06999969,97.46900177,91.30000305,96.34999847,33376100,0,1,90.67040124,yahoo_finance_raw
2023-07-25,98.16999817,98.48999786,94.61000061,94.98000336,25827300,0,1,89.38116399,yahoo_finance_raw
2023-07-26,94.94999695,97.54499817,94.83999634,97.13999939,15833400,0,1,91.41383353,yahoo_finance_raw
2023-07-27,97.75,97.98999786,95.16100311,95.44000244,18685500,0,1,89.81404725,yahoo_finance_raw
2023-07-28,98.06999969,101.22000122,97.95999908,100.55000305,31956500,0,1,94.6228258,yahoo_finance_raw
2023-07-31,99.79000092,102.5,99.72000122,102.16000366,17726500,0,1,96.1379208,yahoo_finance_raw
2023-08-01,99.87000275,101.16000366,99.30000305,100.09999847,14333700,0,1,94.19934789,yahoo_finance_raw
2023-08-02,97.72000122,97.73999786,94.55999756,95.06999969,19452300,0,1,89.46585526,yahoo_finance_raw
2023-08-03,96.70999908,98.48999786,96.58000183,97.58000183,15370900,0,1,91.8278989,yahoo_finance_raw
2023-08-04,97.73500061,98.48999786,96.69000244,96.90000153,13477300,0,1,91.18798295,yahoo_finance_raw
2023-08-07,97.77999878,97.80000305,95.02999878,96.55999756,13893900,0,1,90.86802139,yahoo_finance_raw
2023-08-08,93.51000214,94.48000336,92.92199707,94.22000122,13504700,0,1,88.66596212,yahoo_finance_raw
2023-08-09,96.02500153,96.30000305,94.08000183,94.84999847,18640100,0,1,89.25882258,yahoo_finance_raw
2023-08-10,98.30999756,101.83999634,97.12000275,99.20999908,53193100,0,1,93.36181179,yahoo_finance_raw
2023-08-11,97.33999634,97.65000153,94.33999634,95.72000122,25222800,0,1,90.07754078,yahoo_finance_raw
2023-08-14,94.23999786,94.44999695,92.52999878,93.45999908,17581000,0,1,87.95076026,yahoo_finance_raw
2023-08-15,93,93.01000214,90.74500275,91.58999634,14756300,0,1,86.19098961,yahoo_finance_raw
2023-08-16,89.62999725,90.5,88.29000092,89.12000275,23292400,0,1,83.86659611,yahoo_finance_raw
2023-08-17,91.94000244,91.94999695,90.26000214,90.65000153,15732300,0,1,85.3064052,yahoo_finance_raw
2023-08-18,87.77999878,88.36000061,86.86000061,88.02999878,20424800,0,1,82.84084522,yahoo_finance_raw
2023-08-21,87.59999847,88.81999969,87.22000122,88.56999969,14167300,0,1,83.3490144,yahoo_finance_raw
2023-08-22,89.27999878,89.48999786,87.86000061,88.08000183,11577600,0,1,82.88790071,yahoo_finance_raw
2023-08-23,88.37000275,90.58999634,88.30999756,89.83999634,12185700,0,1,84.54414784,yahoo_finance_raw
2023-08-24,90.48999786,90.91999817,89.04000092,89.11000061,10684500,0,1,83.85718358,yahoo_finance_raw
2023-08-25,89.25,90.04000092,88.26999664,89.81999969,11382200,0,1,84.52532995,yahoo_finance_raw
2023-08-28,91.5,92.76999664,91.29000092,92.23999786,14613800,0,1,86.80267513,yahoo_finance_raw
2023-08-29,93.44999695,94.09500122,92.33999634,94.02999878,16928000,0,1,88.48715986,yahoo_finance_raw
2023-08-30,92.55000305,94.25,92.47000122,93.65000153,13779900,0,1,88.12956252,yahoo_finance_raw
2023-08-31,92.98000336,93.36000061,92.16000366,92.90000153,13332400,0,1,87.42377319,yahoo_finance_raw
2023-09-01,94.55000305,96.68000031,94.51999664,95.01000214,17470400,0,1,89.40939441,yahoo_finance_raw
2023-09-05,94.52999878,95.39199829,94.06999969,94.65000153,10097600,0,1,89.07061496,yahoo_finance_raw
2023-09-06,94.15000153,95.80000305,94.12999725,94.44999695,10123600,0,1,88.88240016,yahoo_finance_raw
2023-09-07,91.63999939,91.76000214,88.95500183,89.97000122,18667200,0,1,84.66648925,yahoo_finance_raw
2023-09-08,89.59999847,90.30000305,88.73000336,90.05000305,10333300,0,1,84.74177517,yahoo_finance_raw
2023-09-11,89.73000336,90.34999847,87.70999908,88.70999908,15773500,0,1,83.48076116,yahoo_finance_raw
2023-09-12,88.19000244,89.95999908,88.18000031,88.30000305,10262500,0,1,83.0949334,yahoo_finance_raw
2023-09-13,87.94000244,88.29000092,87.38200378,87.63999939,10634900,0,1,82.47383534,yahoo_finance_raw
2023-09-14,88.55000305,88.59999847,87.44000244,88,8643100,0,1,82.81261479,yahoo_finance_raw
2023-09-15,87.76999664,88.22000122,86.81999969,87.06999969,10147700,0,1,81.93743574,yahoo_finance_raw
2023-09-18,86.15000153,87.16999817,85.39499664,87.01999664,9291600,0,1,81.89038024,yahoo_finance_raw
2023-09-19,86.12000275,87.87999725,86.08000183,87.11000061,9247000,0,1,81.97507869,yahoo_finance_raw
2023-09-20,86.97000122,87.5,85.65000153,85.73999786,9228200,0,1,80.68583427,yahoo_finance_raw
2023-09-21,83.86000061,84.77500153,83.76000214,84.11000061,10638900,0,1,79.15192137,yahoo_finance_raw
2023-09-22,87.36499786,88.875,87.11000061,88.30000305,22469600,0,1,83.0949334,yahoo_finance_raw
2023-09-25,85.87999725,87.26999664,85.76999664,87.22000122,9897200,0,1,82.07859504,yahoo_finance_raw
2023-09-26,86.45999908,87.06999969,85.69999695,85.91000366,9666600,0,1,80.84581864,yahoo_finance_raw
2023-09-27,86.37999725,86.55000305,85.30000305,86.19000244,7233900,0,1,81.10931217,yahoo_finance_raw
2023-09-28,84.88999939,85.88999939,84.30500031,85.54000092,10093600,0,1,80.49762665,yahoo_finance_raw
2023-09-29,87.29000092,87.94999695,86.60500336,86.73999786,9654800,0,1,81.62688671,yahoo_finance_raw
2023-10-02,86.75,87.10500336,85.88999939,86.52999878,8209800,0,1,81.42926656,yahoo_finance_raw
2023-10-03,84.5,85,83.94999695,84.54000092,11448800,0,1,79.55657421,yahoo_finance_raw
2023-10-04,84.27500153,84.54000092,83.65000153,84.08000183,8904700,0,1,79.12369095,yahoo_finance_raw
2023-10-05,83.51999664,83.70999908,82.44999695,83.66999817,10334500,0,1,78.737856,yahoo_finance_raw
2023-10-06,84.25,86.51499939,84,86.05999756,13423700,0,1,80.98697076,yahoo_finance_raw
2023-10-09,83.91000366,85.20999908,83.56999969,84.84999847,10880000,0,1,79.84829817,yahoo_finance_raw
2023-10-10,85.66999817,87.73999786,85.56999969,87.16999817,13557800,0,1,82.03153954,yahoo_finance_raw
2023-10-11,88.01000214,88.79599762,87.14499664,87.77999878,11111500,0,1,82.60558211,yahoo_finance_raw
2023-10-12,87.58000183,87.66999817,84.19999695,84.51000214,16158100,0,1,79.52834378,yahoo_finance_raw
2023-10-13,84.05999756,85.48999786,83.75,84.01999664,10325500,0,1,79.06722292,yahoo_finance_raw
2023-10-16,83.69999695,84.96499634,82.62999725,84.30999756,10075300,0,1,79.34012899,yahoo_finance_raw
2023-10-17,82.75,84.36000061,82.55999756,83.91000366,8270000,0,1,78.96371376,yahoo_finance_raw
2023-10-18,82.95999908,83.73000336,82.76000214,83.01000214,9321600,0,1,78.11676512,yahoo_finance_raw
2023-10-19,81.48000336,82.39499664,81.11499786,81.61000061,12624100,0,1,76.79929027,yahoo_finance_raw
2023-10-20,80.23000336,80.86000061,79.78299713,79.94000244,14636200,0,1,75.22773442,yahoo_finance_raw
2023-10-23,79.41999817,80.9260025,79.01999664,80.51000214,12715200,0,1,75.76413402,yahoo_finance_raw
2023-10-24,80.44999695,83.31999969,80.44000244,82.87000275,17925800,0,1,77.98501836,yahoo_finance_raw
2023-10-25,81.30000305,82,80.77999878,81.02999878,11390200,0,1,76.25347813,yahoo_finance_raw
2023-10-26,81.26499939,83.08999634,81.19999695,82.51000214,13010400,0,1,77.6462389,yahoo_finance_raw
2023-10-27,83.87000275,84.12000275,82.48000336,82.81999969,10795600,0,1,77.93796286,yahoo_finance_raw
2023-10-30,83.62999725,84.23999786,83.01100159,83.13999939,8980500,0,1,78.23909936,yahoo_finance_raw
2023-10-31,81.94000244,82.54000092,80.87999725,82.54000092,12094300,0,1,77.67446933,yahoo_finance_raw
2023-11-01,81.70500183,82.48999786,81.20999908,82.48000336,9550000,0,1,77.61800848,yahoo_finance_raw
2023-11-02,83.65000153,83.98000336,83.02999878,83.41000366,10606300,0,1,78.49318754,yahoo_finance_raw
2023-11-03,84.94000244,86.08000183,84.5,85.30999756,15148300,0,1,80.28118143,yahoo_finance_raw
2023-11-06,86.55000305,86.72000122,85.23000336,85.36000061,9786400,0,1,80.32823692,yahoo_finance_raw
2023-11-07,84.86000061,85.66000366,84.11000061,85.41000366,8829400,0,1,80.37529242,yahoo_finance_raw
2023-11-08,84.62000275,85.73000336,84.48000336,84.80000305,8154600,0,1,79.80124985,yahoo_finance_raw
2023-11-09,84.58000183,84.69000244,82.47499847,82.73000336,10885100,0,1,77.85327159,yahoo_finance_raw
2023-11-10,82.41000366,82.87000275,81.66000366,82.75,9779500,0,1,77.87208948,yahoo_finance_raw
2023-11-13,82.75,83.31500244,82.08000183,82.26000214,11236900,0,1,77.41097579,yahoo_finance_raw
2023-11-14,82.76000214,84.53500366,82.31999969,83.87000275,20897600,0,1,78.9260708,yahoo_finance_raw
2023-11-15,86.95999908,87.83000183,85.88999939,87.06999969,28991000,0,1,81.93743574,yahoo_finance_raw
2023-11-16,79.51999664,80.76999664,78.23100281,79.11000061,63008500,0,1,74.44665917,yahoo_finance_raw
2023-11-17,77.01999664,78.46600342,76.75,77.59999847,35497300,0,1,73.02566797,yahoo_finance_raw
2023-11-20,76.91000366,78.74500275,76.55999756,78.45999908,31506800,0,1,73.83497365,yahoo_finance_raw
2023-11-21,77.84999847,79.27500153,77.59999847,78.94000244,20525500,0,1,74.28668198,yahoo_finance_raw
2023-11-22,79.27999878,79.70999908,78.12999725,78.95999908,18958600,0,1,74.30549987,yahoo_finance_raw
2023-11-24,78.26999664,79.06999969,78.20999908,78.48999786,12251700,0,1,73.86320407,yahoo_finance_raw
2023-11-27,77.55500031,79.25,77.08999634,77.52999878,18248200,0,1,72.95979459,yahoo_finance_raw
2023-11-28,76.55999756,76.83999634,75.26000214,76.73999786,23682200,0,1,72.2163623,yahoo_finance_raw
2023-11-29,75,75.45600128,74.42500305,74.66999817,30969100,0,1,70.26838403,yahoo_finance_raw
2023-11-30,74.69999695,74.94000244,74.01000214,74.87999725,17884200,0,1,70.46600418,yahoo_finance_raw
2023-12-01,73.12000275,74.13999939,72.12000275,73.98999786,27998600,0,1,69.62846809,yahoo_finance_raw
2023-12-04,72.66999817,73.58000183,72.48000336,73.02999878,21074900,0,1,68.7250586,yahoo_finance_raw
2023-12-05,72.04000092,72.69999695,71.91999817,72.37999725,19129000,0,1,68.11337308,yahoo_finance_raw
2023-12-06,72.36000061,72.94999695,71.48999786,71.48999786,30394400,0,1,67.27583698,yahoo_finance_raw
2023-12-07,71.54499817,72.37000275,71.44000244,72.33000183,18966700,0,1,68.06632477,yahoo_finance_raw
2023-12-08,72.01999664,72.44000244,71.83000183,72.13999939,16914800,0,1,67.88752251,yahoo_finance_raw
2023-12-11,70.48999786,71.61000061,70.08000183,71.37000275,19719300,0,1,67.16291529,yahoo_finance_raw
2023-12-12,71.37999725,71.95500183,70.93000031,71.38999939,14725900,0,1,67.18173318,yahoo_finance_raw
2023-12-13,70.91000366,71.48000336,70.12000275,71.45999908,21721600,0,1,67.24760656,yahoo_finance_raw
2023-12-14,71.47000122,73.23999786,71.41999817,72.51000214,25199300,0,1,68.23571449,yahoo_finance_raw
2023-12-15,74,75.54499817,73.31999969,74.51000214,31327500,0,1,70.11781938,yahoo_finance_raw
2023-12-18,74.05000305,74.23000336,73.20999908,73.83999634,17233500,0,1,69.48730878,yahoo_finance_raw
2023-12-19,74.40000153,76.01000214,74.22000122,75.38999939,20939300,0,1,70.94594294,yahoo_finance_raw
2023-12-20,74.58000183,75.29499817,73.33000183,73.34999847,27540200,1,1,69.95409126,yahoo_finance_raw
2023-12-21,74.86000061,76.29000092,74.34999847,76.26000214,20812100,0,1,72.7293696,yahoo_finance_raw
2023-12-22,74.5,75.68000031,74.44000244,75.27999878,20004300,0,1,71.79473776,yahoo_finance_raw
2023-12-26,76.16000366,76.96900177,75.73000336,75.84999847,13121300,0,1,72.338348,yahoo_finance_raw
2023-12-27,76.27999878,76.44999695,75.41000366,76.11000061,14904500,0,1,72.58631274,yahoo_finance_raw
2023-12-28,77.23000336,77.79000092,76.98000336,77.23999786,18937900,0,1,73.66399417,yahoo_finance_raw
2023-12-29,77.05999756,77.63500214,76.81999969,77.51000214,14094600,0,1,73.92149797,yahoo_finance_raw
2024-01-02,76.05000305,76.07499695,74.51000214,74.76000214,21739600,0,1,71.29881556,yahoo_finance_raw
2024-01-03,74.33000183,76.69000244,74.06999969,76.58999634,24444600,0,1,73.04408596,yahoo_finance_raw
2024-01-04,75.55999756,75.72499847,74.44000244,74.66000366,18454900,0,1,71.20344674,yahoo_finance_raw
2024-01-05,74,74,72.86000061,73.01000214,21725200,0,1,69.62983584,yahoo_finance_raw
2024-01-08,71.25,73.05999756,70.91999817,72.87999725,22000000,0,1,69.50584983,yahoo_finance_raw
2024-01-09,71.25,72.12000275,70.95999908,72.01999664,21451800,0,1,68.68566493,yahoo_finance_raw
2024-01-10,71.37999725,71.77500153,71.04499817,71.41000366,19540000,0,1,68.10391298,yahoo_finance_raw
2024-01-11,72.54499817,73.12999725,71.52999878,72.37999725,18095300,0,1,69.02899848,yahoo_finance_raw
2024-01-12,72.58999634,73.43000031,71.80999756,71.83999634,16147300,0,1,68.51399816,yahoo_finance_raw
2024-01-16,70.12999725,70.53099823,69.30000305,69.45999908,27606900,0,1,66.24418836,yahoo_finance_raw
2024-01-17,67.72000122,69,67.26000214,68.93000031,22684400,0,1,65.7387271,yahoo_finance_raw
2024-01-18,68.59999847,69.08000183,68,68.05000305,19307000,0,1,64.89947134,yahoo_finance_raw
2024-01-19,67.19999695,69.90499878,66.91999817,69.41999817,34547700,0,1,66.20603938,yahoo_finance_raw
2024-01-22,67.27999878,68.73799896,66.62999725,68.62999725,27294200,0,1,65.45261338,yahoo_finance_raw
2024-01-23,72.75499725,74.5,72.55000305,74.01999664,53017700,0,1,70.59307032,yahoo_finance_raw
2024-01-24,75.28500366,75.62000275,74.22000122,75.19999695,36503300,0,1,71.71843979,yahoo_finance_raw
2024-01-25,75.19000244,75.5,73.55999756,73.84999847,23268600,0,1,70.43094261,yahoo_finance_raw
2024-01-26,73.09999847,74.72000122,72.91999817,74.01000214,19418200,0,1,70.58353853,yahoo_finance_raw
2024-01-29,74.66999817,74.80999756,72.83000183,73.58000183,17537400,0,1,70.17344608,yahoo_finance_raw
2024-01-30,72.45999908,73.06500244,72.08499908,72.31999969,17089600,0,1,68.97177865,yahoo_finance_raw
2024-01-31,71.49500275,72.94000244,71.49500275,72.16999817,15743600,0,1,68.82872179,yahoo_finance_raw
2024-02-01,73.15499878,73.47000122,72.12000275,72.45999908,14445800,0,1,69.10529645,yahoo_finance_raw
2024-02-02,72.12999725,72.23000336,71.05000305,71.84999847,18824200,0,1,68.52353722,yahoo_finance_raw
2024-02-05,72.16999817,75.15000153,71.86000061,74.62999725,27721000,0,1,71.17482955,yahoo_finance_raw
2024-02-06,77.04499817,78.33999634,75.73000336,78.23000336,39069100,0,1,74.60816507,yahoo_finance_raw
2024-02-07,74.55500031,76.16999817,73.15000153,73.63999939,53766300,0,1,70.23066592,yahoo_finance_raw
2024-02-08,71.88500214,73.19999695,70.65000153,70.77999878,33070600,0,1,67.50307563,yahoo_finance_raw
2024-02-09,70.80000305,72.08499908,70,72.01999664,18998400,0,1,68.68566493,yahoo_finance_raw
2024-02-12,72.30999756,74.12999725,72.30999756,73.13999939,18151100,0,1,69.75381457,yahoo_finance_raw
2024-02-13,71.95999908,73.02999878,71.41999817,71.59999847,13560600,0,1,68.28511155,yahoo_finance_raw
2024-02-14,72.30999756,73.41000366,72.23000336,73.38999939,12817500,0,1,69.99224024,yahoo_finance_raw
2024-02-15,73.22000122,74.13999939,73.08499908,73.81999969,12078100,0,1,70.40233269,yahoo_finance_raw
2024-02-16,74.86000061,75.37000275,73.90000153,73.91000366,16393300,0,1,70.48816972,yahoo_finance_raw
2024-02-20,73.45999908,73.66999817,72.18000031,73.13999939,14353300,0,1,69.75381457,yahoo_finance_raw
2024-02-21,74.48000336,76.38999939,74.06999969,75.58000183,23475500,0,1,72.08085148,yahoo_finance_raw
2024-02-22,75.09999847,76.37999725,75,76.12000275,14836600,0,1,72.5958518,yahoo_finance_raw
2024-02-23,76.48000336,76.93499756,75.15000153,75.95999908,12301700,0,1,72.44325588,yahoo_finance_raw
2024-02-26,75.62000275,76.56999969,75.33999634,76.51000214,13973100,0,1,72.96779527,yahoo_finance_raw
2024-02-27,77.52999878,78.05000305,77.25,77.68000031,14490200,0,1,74.08362568,yahoo_finance_raw
2024-02-28,76.01999664,76.18000031,74.44999695,74.58999634,16905300,0,1,71.13668057,yahoo_finance_raw
2024-02-29,74.68000031,75.04000092,73.80000305,74.02999878,12549200,0,1,70.60260939,yahoo_finance_raw
2024-03-01,74.48000336,75.08999634,74.37000275,74.62000275,11980100,0,1,71.16529776,yahoo_finance_raw
2024-03-04,73.73000336,73.73000336,71.69999695,72,19550100,0,1,68.66659408,yahoo_finance_raw
2024-03-05,71.25,72.70999908,71.04000092,72.06999969,15804500,0,1,68.73335298,yahoo_finance_raw
2024-03-06,74.19999695,74.72000122,73.61000061,73.70999908,19785300,0,1,70.29742482,yahoo_finance_raw
2024-03-07,72.59999847,72.75800323,71.76000214,72.54000092,12374700,0,1,69.18159441,yahoo_finance_raw
2024-03-08,72.80999756,73.76000214,72.76000214,73.55000305,16430400,0,1,70.14483617,yahoo_finance_raw
2024-03-11,74.62999725,76.05999756,74.55000305,74.86000061,13510400,0,1,71.39418437,yahoo_finance_raw
2024-03-12,75.87000275,76.48000336,75.21499634,76.05999756,13314700,0,1,72.53862469,yahoo_finance_raw
2024-03-13,75.94000244,77.44999695,75.94000244,76.38999939,15319800,0,1,72.85334833,yahoo_finance_raw
2024-03-14,75.23500061,75.38999939,73.23000336,73.40000153,18923500,0,1,70.00177931,yahoo_finance_raw
2024-03-15,73.57499695,74.12999725,73.38999939,73.41999817,10233700,0,1,70.02085016,yahoo_finance_raw
2024-03-18,73.41999817,74.01999664,73.33000183,73.51999664,8542500,0,1,70.11621898,yahoo_finance_raw
2024-03-19,73.08000183,73.73500061,72.84999847,73.41999817,8164200,0,1,70.02085016,yahoo_finance_raw
2024-03-20,73.55000305,74.33000183,73.30000305,74.18000031,11123200,0,1,70.74566625,yahoo_finance_raw
2024-03-21,74.30000305,74.73999786,73.76999664,73.83000183,11860700,0,1,70.41187176,yahoo_finance_raw
2024-03-22,72.48000336,72.62000275,72.04000092,72.12999725,12771500,0,1,68.79057281,yahoo_finance_raw
2024-03-25,71.94000244,72.48999786,71.36000061,71.45999908,12422100,0,1,68.15159375,yahoo_finance_raw
2024-03-26,71.83999634,71.87000275,71.08999634,71.48000336,10881900,0,1,68.17067188,yahoo_finance_raw
2024-03-27,70.88999939,71.69000244,70.58300018,71.58999634,13281300,0,1,68.27557248,yahoo_finance_raw
2024-03-28,72.08000183,72.58999634,72.05500031,72.36000061,14073400,0,1,69.00992763,yahoo_finance_raw
2024-04-01,73.23999786,73.58200073,72.80999756,73.37000275,14311700,0,1,69.97316939,yahoo_finance_raw
2024-04-02,72.56999969,73.13999939,72.51000214,72.87999725,17290400,0,1,69.50584983,yahoo_finance_raw
2024-04-03,72.41999817,72.87000275,72.11000061,72.44000244,11777900,0,1,69.08622559,yahoo_finance_raw
2024-04-04,72.98000336,73.23000336,71.90000153,71.94999695,11087100,0,1,68.61890603,yahoo_finance_raw
2024-04-05,71.68000031,72.02500153,71.41000366,71.66000366,12260300,0,1,68.34233866,yahoo_finance_raw
2024-04-08,71.95999908,72.38999939,71.55999756,71.70999908,10560000,0,1,68.39001942,yahoo_finance_raw
2024-04-09,72.37000275,73.23999786,72.30999756,72.98999786,14060400,0,1,69.61075771,yahoo_finance_raw
2024-04-10,74.44499969,75.16999817,73.73999786,74.58999634,20572200,0,1,71.13668057,yahoo_finance_raw
2024-04-11,75.21499634,75.43000031,74.37000275,74.84999847,14986800,0,1,71.38464531,yahoo_finance_raw
2024-04-12,72.94000244,72.98000336,71.29000092,71.29000092,18231400,0,1,67.98946604,yahoo_finance_raw
2024-04-15,71.73000336,72.05000305,70.16999817,70.62000275,15903900,0,1,67.35048698,yahoo_finance_raw
2024-04-16,70.01999664,70.30699921,69.29000092,69.61000061,17478900,0,1,66.38724522,yahoo_finance_raw
2024-04-17,69.70999908,70.01000214,68.72499847,68.81999969,12760600,0,1,65.63381922,yahoo_finance_raw
2024-04-18,69.08999634,69.625,68.80000305,68.87999725,9491000,0,1,65.69103905,yahoo_finance_raw
2024-04-19,68.41999817,69.15000153,68.36000061,69.06999969,13084100,0,1,65.87224489,yahoo_finance_raw
2024-04-22,69.69499969,70.90000153,69.12000275,70.68000031,15015600,0,1,67.40770681,yahoo_finance_raw
2024-04-23,71.08000183,72.80000305,70.98999786,72.51000214,15268200,0,1,69.15298449,yahoo_finance_raw
2024-04-24,73.73999786,74.69999695,73.5,74.62999725,16375200,0,1,71.17482955,yahoo_finance_raw
2024-04-25,73.80500031,75.19999695,73.80500031,75.11000061,11921900,0,1,71.63261004,yahoo_finance_raw
2024-04-26,76.18499756,76.93000031,75.05999756,75.55000305,14216100,0,1,72.05224156,yahoo_finance_raw
2024-04-29,75.65000153,76.52999878,75.22000122,76.41000366,13076400,0,1,72.87242646,yahoo_finance_raw
2024-04-30,75.88999939,76.29000092,74.48000336,74.84999847,12856000,0,1,71.38464531,yahoo_finance_raw
2024-05-01,74.98999786,76.25,74.87000275,75.51000214,10549100,0,1,72.01409258,yahoo_finance_raw
2024-05-02,77.58999634,81.41500092,77.16000366,80.33000183,36663900,0,1,76.61093928,yahoo_finance_raw
2024-05-03,81.26999664,81.37000275,79.69999695,81.33000183,19355800,0,1,77.56464198,yahoo_finance_raw
2024-05-06,81.75499725,82.22000122,80.5,81.55000305,11826100,0,1,77.77445773,yahoo_finance_raw
2024-05-07,79.93000031,79.93000031,78.81500244,79.37000275,14589100,0,1,75.69538556,yahoo_finance_raw
2024-05-08,77.91999817,78.98999786,77.80999756,78.45999908,11327100,0,1,74.82751262,yahoo_finance_raw
2024-05-09,79.5,79.91999817,78.70999908,79.45999908,9627300,0,1,75.78121531,yahoo_finance_raw
2024-05-10,80.08000183,80.51999664,79.76999664,80.04000092,10819600,0,1,76.33436462,yahoo_finance_raw
2024-05-13,82.70999908,85,82.59999847,84.59999847,32010700,0,1,80.68324659,yahoo_finance_raw
2024-05-14,79.65000153,80.51000214,77.72000122,79.51000214,44687700,0,1,75.82890336,yahoo_finance_raw
2024-05-15,80.38999939,81.12999725,79.77999878,80.98999786,17803300,0,1,77.24037927,yahoo_finance_raw
2024-05-16,81.95999908,87.48999786,81.64600372,86.69999695,47259500,0,1,82.68602079,yahoo_finance_raw
2024-05-17,87.59999847,90.45999908,86.83000183,88.54000092,35152900,0,1,84.44083754,yahoo_finance_raw
2024-05-20,87.47000122,89.23999786,86.94999695,88.27999878,16737200,0,1,84.1928728,yahoo_finance_raw
2024-05-21,86.51999664,87.16999817,85.31999969,86.12999725,16512400,0,1,82.14241055,yahoo_finance_raw
2024-05-22,84.61000061,85.12999725,82.68000031,82.68000031,19717800,0,1,78.85213916,yahoo_finance_raw
2024-05-23,81.43000031,82.94000244,80.05000305,80.80000305,23930300,0,1,77.05918071,yahoo_finance_raw
2024-05-24,80.5,82.55999756,79.73000336,81.26000214,41456400,0,1,77.49788308,yahoo_finance_raw
2024-05-28,80.80000305,81.72000122,80.04000092,80.58000183,15211800,0,1,76.84936495,yahoo_finance_raw
2024-05-29,78.76000214,79.36000061,78.23000336,79.05999756,18448500,0,1,75.39973278,yahoo_finance_raw
2024-05-30,78.86499786,80.19999695,78.69999695,79.62999725,13875900,0,1,75.94334303,yahoo_finance_raw
2024-05-31,77.95999908,78.5,77.16999817,78.33999634,20023900,0,1,74.71306568,yahoo_finance_raw
2024-06-03,79,79.31999969,77.22000122,77.90000153,14244400,0,1,74.29344144,yahoo_finance_raw
2024-06-04,78.18000031,78.85700226,77.77500153,78.44999695,10784400,0,1,74.81797356,yahoo_finance_raw
2024-06-05,78.98000336,79.93499756,78.86000061,79.83000183,13716200,0,1,76.13408793,yahoo_finance_raw
2024-06-06,79.41999817,80.05500031,78.76000214,80.01000214,11205300,0,1,76.30575471,yahoo_finance_raw
2024-06-07,78.94999695,79.31999969,78.13500214,78.41000366,12190300,0,1,74.77983185,yahoo_finance_raw
2024-06-10,78.56999969,79.73999786,78.23999786,79.30000305,9475200,0,1,75.62862667,yahoo_finance_raw
2024-06-11,79,79.08000183,77.66999817,77.90000153,11108400,0,1,74.29344144,yahoo_finance_raw
2024-06-12,78.75,78.79000092,77.63999939,78.04000092,12069600,0,1,74.42695923,yahoo_finance_raw
2024-06-13,76.5,76.98999786,75.48999786,75.68000031,14026700,1.66,1,73.74485769,yahoo_finance_raw
2024-06-14,74.20999908,74.29000092,73.26000214,73.34999847,18282700,0,1,71.47443416,yahoo_finance_raw
2024-06-17,74.02500153,75.08000183,73.83000183,74.55000305,13466300,0,1,72.64375454,yahoo_finance_raw
2024-06-18,74.08499908,75.09999847,73.84999847,74.45999908,10305300,0,1,72.55605198,yahoo_finance_raw
2024-06-20,74.56999969,75.24900055,74.02999878,74.34999847,9709400,0,1,72.44886409,yahoo_finance_raw
2024-06-21,73.79000092,74.65000153,73.66999817,73.66999817,10183400,0,1,71.78625144,yahoo_finance_raw
2024-06-24,74.12000275,75.93499756,74.12000275,74.79000092,20134400,0,1,72.87761564,yahoo_finance_raw
2024-06-25,74.5,74.76000214,73.61000061,73.79000092,16914100,0,1,71.90318571,yahoo_finance_raw
2024-06-26,73.92500305,74.34999847,73.66999817,74.16999817,7010100,0,1,72.2734664,yahoo_finance_raw
2024-06-27,73.45999908,73.55000305,72.34999847,72.37000275,11865100,0,1,70.51949698,yahoo_finance_raw
2024-06-28,72.37000275,72.55500031,71.80000305,72,10335000,0,1,70.15895523,yahoo_finance_raw
2024-07-01,72.51000214,73.01999664,72.01999664,72.18000031,9034200,0,1,70.33435292,yahoo_finance_raw
2024-07-02,72.31999969,73.77700043,71.97000122,73.68000031,13419100,0,1,71.79599782,yahoo_finance_raw
2024-07-03,74.18000031,75.80500031,74.18000031,75.56999969,11768500,0,1,73.6376698,yahoo_finance_raw
2024-07-05,74.66999817,74.71499634,73.61000061,74.51999664,14928700,0,1,72.61451539,yahoo_finance_raw
2024-07-08,73.61000061,73.70999908,72.94999695,73.5,10919400,0,1,71.62060013,yahoo_finance_raw
2024-07-09,74.01000214,76.05999756,73.97000122,75.69999695,14458100,0,1,73.76434301,yahoo_finance_raw
2024-07-10,75.27999878,76.65499878,75.25,76.01000214,12235200,0,1,74.06642135,yahoo_finance_raw
2024-07-11,77.66000366,78.83000183,77.42199707,78.51999664,18896900,0,1,76.51223513,yahoo_finance_raw
2024-07-12,80.30000305,81.01000214,79.42500305,79.65000153,14857200,0,1,77.61334571,yahoo_finance_raw
2024-07-15,78.08999634,78.59999847,77.44999695,78.01000214,12614900,0,1,76.01528122,yahoo_finance_raw
2024-07-16,77.29000092,78.58000183,76.98000336,78.37999725,12304500,0,1,76.37581553,yahoo_finance_raw
2024-07-17,77.86000061,77.94999695,76.48999786,77.04000092,10815500,0,1,75.07008299,yahoo_finance_raw
2024-07-18,77.36000061,78.31999969,76.36499786,76.54000092,11108600,0,1,74.58286802,yahoo_finance_raw
2024-07-19,75.66000366,76.04499817,75.18000031,75.26999664,7557300,0,1,73.34533784,yahoo_finance_raw
2024-07-22,76.83000183,77.19000244,76.26000214,76.63999939,9166800,0,1,74.68030953,yahoo_finance_raw
2024-07-23,75.67500305,76.31999969,75.44000244,76.09999847,7997100,0,1,74.15411647,yahoo_finance_raw
2024-07-24,76.15000153,77.05999756,75.72000122,75.80000305,7924700,0,1,73.86179195,yahoo_finance_raw
2024-07-25,75.37000275,76.21499634,75.12999725,75.40000153,8172600,0,1,73.47201849,yahoo_finance_raw
2024-07-26,75.26000214,76.76999664,74.55000305,76.52999878,10884500,0,1,74.57312164,yahoo_finance_raw
2024-07-29,78.45999908,79.40000153,78.20500183,78.62000275,17364100,0,1,76.60968407,yahoo_finance_raw
2024-07-30,78.22000122,78.79000092,77.69999695,78,8431900,0,1,76.00553483,yahoo_finance_raw
2024-07-31,79.33000183,80.01499939,78.33999634,78.84999847,12178600,0,1,76.83379879,yahoo_finance_raw
2024-08-01,78.76999664,79.36000061,77.83999634,77.98000336,8559600,0,1,75.98604951,yahoo_finance_raw
2024-08-02,76.79000092,77.47000122,75.76499939,77.44999695,10808700,0,1,75.4695954,yahoo_finance_raw
2024-08-05,74.02999878,77.25499725,73.87000275,76.98000336,16143300,0,1,75.01161957,yahoo_finance_raw
2024-08-06,76.51000214,78.84999847,76.51000214,77.90000153,12128900,0,1,75.90809333,yahoo_finance_raw
2024-08-07,78.91999817,78.94000244,77.45999908,77.83000183,9693900,0,1,75.83988353,yahoo_finance_raw
2024-08-08,78.84999847,80.30999756,78.75,80.30999756,14004300,0,1,78.2564656,yahoo_finance_raw
2024-08-09,79.97000122,80.22000122,79.19499969,79.98999786,7755900,0,1,77.94464832,yahoo_finance_raw
2024-08-12,80.58999634,81.5,80.23000336,80.91000366,12127700,0,1,78.84112951,yahoo_finance_raw
2024-08-13,80.96499634,81.40000153,80.68000031,81.09999847,9365700,0,1,79.02626614,yahoo_finance_raw
2024-08-14,80.55000305,80.98000336,78.06999969,79.47000122,18058100,0,1,77.43794803,yahoo_finance_raw
2024-08-15,77.90000153,81.87999725,77.73999786,79.54000092,31619400,0,1,77.50615782,yahoo_finance_raw
2024-08-16,82.05000305,84.16000366,81.98000336,83.18000031,25249200,0,1,81.05308219,yahoo_finance_raw
2024-08-19,83.98000336,84.90000153,83.48999786,83.91000366,14751000,0,1,81.76441931,yahoo_finance_raw
2024-08-20,82.45999908,82.59999847,80.77500153,81.04000092,17880100,0,1,78.96780272,yahoo_finance_raw
2024-08-21,81.84999847,83.80000305,81.70999908,83.52999878,14690000,0,1,81.39413118,yahoo_finance_raw
2024-08-22,83.5,83.79000092,81.83000183,82.95999908,9729000,0,1,80.83870641,yahoo_finance_raw
2024-08-23,84.90000153,85.79000092,84.36000061,85.41000366,17318000,0,1,83.22606421,yahoo_finance_raw
2024-08-26,81.88999939,82.30500031,80.37000275,81.76000214,29321700,0,1,79.66939347,yahoo_finance_raw
2024-08-27,82.26999664,82.65000153,81.26999664,81.44999695,9026100,0,1,79.36731513,yahoo_finance_raw
2024-08-28,81.125,81.27999878,79.20500183,79.62000275,14024400,0,1,77.584114,yahoo_finance_raw
2024-08-29,81.23999786,81.46499634,80.45999908,81.01999664,14154200,0,1,78.94830996,yahoo_finance_raw
2024-08-30,84.72000122,84.75,82.58000183,83.33999634,20027300,0,1,81.20898711,yahoo_finance_raw
2024-09-03,81.77999878,83.01999664,81.69999695,82.26999664,11638200,0,1,80.16634738,yahoo_finance_raw
2024-09-04,82.87000275,83.40000153,82.30000305,82.47000122,11114100,0,1,80.36123783,yahoo_finance_raw
2024-09-05,82.10500336,83.01000214,82,82.43000031,8461000,0,1,80.32225974,yahoo_finance_raw
2024-09-06,82.12000275,82.62000275,81.16999817,81.18000031,11712700,0,1,79.10422232,yahoo_finance_raw
2024-09-09,80.93000031,81.625,80.31999969,81.44000244,10434400,0,1,79.35757619,yahoo_finance_raw
2024-09-10,83.80000305,84.30000305,82.71499634,83.80000305,15327800,0,1,81.65723142,yahoo_finance_raw
2024-09-11,83.57499695,84.83999634,83.5,84.80999756,11551700,0,1,82.6414003,yahoo_finance_raw
2024-09-12,85.02999878,85.68000031,84.86000061,85.48999786,10775000,0,1,83.30401296,yahoo_finance_raw
2024-09-13,84.38999939,84.88999939,83.81999969,84.69000244,8985500,0,1,82.52447347,yahoo_finance_raw
2024-09-16,84.03500366,84.37999725,83.26000214,83.59999847,11298200,0,1,81.46234098,yahoo_finance_raw
2024-09-17,84.81999969,85.76999664,84.62999725,84.69999695,10113900,0,1,82.53421242,yahoo_finance_raw
2024-09-18,84.84999847,85,84.04000092,84.41999817,7858800,0,1,82.26137322,yahoo_finance_raw
2024-09-19,87.625,88.56500244,86.94999695,88.48999786,18618400,0,1,86.22730276,yahoo_finance_raw
2024-09-20,89.22000122,89.51999664,88.05000305,88.29000092,12277000,0,1,86.03241974,yahoo_finance_raw
2024-09-23,89.47000122,91.15000153,89.31999969,90.08999634,19744100,0,1,87.78638916,yahoo_finance_raw
2024-09-24,96.06999969,97.5,94.40000153,97.19000244,47423200,0,1,94.70484764,yahoo_finance_raw
2024-09-25,94.37999725,96.18000031,94.05999756,95.45999908,18816600,0,1,93.01908059,yahoo_finance_raw
2024-09-26,102.69000244,105.97000122,101.76000214,105.06999969,67261600,0,1,102.38335284,yahoo_finance_raw
2024-09-27,105.97000122,109.43000031,105.73000336,107.33000183,50075200,0,1,104.58556658,yahoo_finance_raw
2024-09-30,111.72000122,112.22000122,106.10500336,106.12000275,58561500,0,1,103.40650725,yahoo_finance_raw
2024-10-01,106.41999817,112.79000092,106.15000153,112.73999786,44505000,0,1,109.85722865,yahoo_finance_raw
2024-10-02,115.30999756,116.56999969,112.22000122,115.25,53732800,0,1,112.30304987,yahoo_finance_raw
2024-10-03,110.90000153,114.08999634,110.62999725,112.83999634,29267000,0,1,109.95467016,yahoo_finance_raw
2024-10-04,115.66500092,115.73000336,113.75,114.52999878,25644200,0,1,111.60145913,yahoo_finance_raw
2024-10-07,117.44999695,117.81999969,113.37000275,117.51999664,38404000,0,1,114.51500255,yahoo_finance_raw
2024-10-08,110.09999847,110.76000214,108.04000092,109.68000031,37414400,0,1,106.87547543,yahoo_finance_raw
2024-10-09,105.80000305,109.37999725,105.62000275,107.88999939,28793000,0,1,105.13124496,yahoo_finance_raw
2024-10-10,108.98000336,110.83999634,107.48000336,109.27999878,19736600,0,1,106.48570197,yahoo_finance_raw
2024-10-11,108.05000305,111.05000305,107.22000122,110.13999939,18042600,0,1,107.32371231,yahoo_finance_raw
2024-10-14,108.30999756,110.08000183,106.91999817,107.80999756,21351600,0,1,105.05328878,yahoo_finance_raw
2024-10-15,103.98999786,104.41000366,101.63999939,101.83999634,28942600,0,1,99.23594089,yahoo_finance_raw
2024-10-16,102.50499725,103.84999847,101.77999878,102.16999817,16432600,0,1,99.55750455,yahoo_finance_raw
2024-10-17,101.25,101.44999695,99.55000305,100.06999969,15808200,0,1,97.51120318,yahoo_finance_raw
2024-10-18,103.36499786,103.36499786,101.66000366,102.43000031,20824600,0,1,99.81085841,yahoo_finance_raw
2024-10-21,100.47499847,101.65000153,100.11499786,100.91000366,10328600,0,1,98.32972819,yahoo_finance_raw
2024-10-22,100.01000214,101.88999939,99.80000305,100.45999908,20650100,0,1,97.89123025,yahoo_finance_raw
2024-10-23,100.16500092,100.22000122,97.73500061,98,13638200,0,1,95.49413351,yahoo_finance_raw
2024-10-24,96.79000092,97.41000366,95.51999664,96.36000061,13602900,0,1,93.89606901,yahoo_finance_raw
2024-10-25,98.30000305,98.90000153,97.05000305,97.41999817,16977100,0,1,94.92896236,yahoo_finance_raw
2024-10-28,99.02999878,101.05000305,98.77999878,99.93000031,16044400,0,1,97.37478358,yahoo_finance_raw
2024-10-29,101.44999695,101.44999695,99.52999878,99.83000183,13685400,0,1,97.27734207,yahoo_finance_raw
2024-10-30,98.21499634,99.80000305,97.58000183,98.69999695,10179900,0,1,96.17623149,yahoo_finance_raw
2024-10-31,97.80000305,98.09999847,96.75499725,97.98000336,8379300,0,1,95.47464818,yahoo_finance_raw
2024-11-01,98.22000122,98.30000305,97.41999817,97.58000183,8501000,0,1,95.08487472,yahoo_finance_raw
2024-11-04,98.81999969,99.87999725,98.36000061,98.40000153,8681900,0,1,95.88390697,yahoo_finance_raw
2024-11-05,99.97000122,101.08999634,98.95500183,99.20999908,10804200,0,1,96.67319284,yahoo_finance_raw
2024-11-06,95.80000305,97.31999969,94.76000214,96.73000336,18162900,0,1,94.25661076,yahoo_finance_raw
2024-11-07,99.26000214,101.09999847,99.18000031,100.13999939,16340400,0,1,97.57941297,yahoo_finance_raw
2024-11-08,96.11000061,96.37999725,93.69000244,94.19000244,24879800,0,1,91.78155784,yahoo_finance_raw
2024-11-11,96.16000366,96.80000305,95.04499817,95.41999817,12556700,0,1,92.9801025,yahoo_finance_raw
2024-11-12,92.68000031,93.33000183,91.02999878,91.77999878,21641900,0,1,89.43317813,yahoo_finance_raw
2024-11-13,92.55000305,92.87000275,91.27999878,92,12874500,0,1,89.64755391,yahoo_finance_raw
2024-11-14,90.88999939,91.55500031,90.01000214,90.58000183,16946800,0,1,88.26386519,yahoo_finance_raw
2024-11-15,90.19999695,90.69999695,87.23000336,88.58999634,31018300,0,1,86.32474426,yahoo_finance_raw
2024-11-18,88.90000153,89.5,87.84999847,89.34999847,13482000,0,1,87.0653131,yahoo_finance_raw
2024-11-19,87.16000366,87.94000244,86.81800079,87.11000061,19289000,0,1,84.88259213,yahoo_finance_raw
2024-11-20,87.04000092,87.54000092,86.5,86.76999664,15174500,0,1,84.55128208,yahoo_finance_raw
2024-11-21,86.98000336,87.04000092,85.44499969,85.58000183,15869200,0,1,83.39171552,yahoo_finance_raw
2024-11-22,83.59999847,83.68000031,82.63500214,83.12999725,24999200,0,1,81.00435772,yahoo_finance_raw
2024-11-25,84.25,85.875,83.75,85.58000183,15120100,0,1,83.39171552,yahoo_finance_raw
2024-11-26,85.81500244,86.08000183,84.86000061,85.18000031,10241500,0,1,83.00194206,yahoo_finance_raw
2024-11-27,86.97000122,87.54000092,86.47000122,86.58999634,13607600,0,1,84.3758844,yahoo_finance_raw
2024-11-29,86.41999817,87.48999786,85.97000122,87.37000275,7553500,0,1,85.13594599,yahoo_finance_raw
2024-12-02,86.94000244,87,85.26999664,85.94999695,16537200,0,1,83.75224983,yahoo_finance_raw
2024-12-03,86.00499725,86.63999939,85.37999725,85.68000031,13660700,0,1,83.48915702,yahoo_finance_raw
2024-12-04,85.94999695,85.98999786,84.26999664,84.93000031,13613700,0,1,82.75833457,yahoo_finance_raw
2024-12-05,84.79499817,85.09999847,83.92500305,84.15000153,12979600,0,1,81.99828041,yahoo_finance_raw
2024-12-06,86.01000214,86.69000244,85.90000153,85.93000031,11751500,0,1,83.73276451,yahoo_finance_raw
2024-12-09,92.01000214,94.12000275,91.83000183,92.31999969,32767300,0,1,89.95937119,yahoo_finance_raw
2024-12-10,89.78500366,90.55999756,89.49500275,89.83000183,13859200,0,1,87.53304273,yahoo_finance_raw
2024-12-11,88.89499664,89.16500092,88,88.98000336,9866000,0,1,86.70477878,yahoo_finance_raw
2024-12-12,89.03500366,90,88.48999786,89.23000336,9951200,0,1,86.94838626,yahoo_finance_raw
2024-12-13,88.19000244,88.38999939,87.23999786,87.81999969,11608600,0,1,85.57443649,yahoo_finance_raw
2024-12-16,85.95999908,86.91899872,85.87000275,86.05999756,13216600,0,1,83.85943772,yahoo_finance_raw
2024-12-17,85.5,87.59999847,85.40000153,87.15000153,13288700,0,1,84.92157022,yahoo_finance_raw
2024-12-18,86.39099884,87.22000122,84.82800293,85,11319500,0,1,82.82654437,yahoo_finance_raw
2024-12-19,85,85.38999939,84.23999786,84.30999756,13795100,0,1,82.15418534,yahoo_finance_raw
2024-12-20,82.20999908,83,81.69999695,82.27999878,21270500,0,1,80.17609376,yahoo_finance_raw
2024-12-23,82.84999847,85.30999756,82.76999664,85.13999939,20055100,0,1,82.96296397,yahoo_finance_raw
2024-12-24,85.69999695,85.88999939,85,85.51999664,5235400,0,1,83.33324467,yahoo_finance_raw
2024-12-26,85.72000122,87.26999664,85.55999756,86.08000183,12008600,0,1,83.87893048,yahoo_finance_raw
2024-12-27,84.88999939,85.26999664,84.29000092,85.05999756,8629400,0,1,82.88500779,yahoo_finance_raw
2024-12-30,84.16999817,84.94999695,83.52999878,84.12999725,10731000,0,1,81.97878765,yahoo_finance_raw
2024-12-31,84.41999817,85.34999847,84.41999817,84.79000092,7415000,0,1,82.62191498,yahoo_finance_raw
2025-01-02,84.38999939,85.43000031,84.19999695,84.94999695,10635700,0,1,82.7778199,yahoo_finance_raw
2025-01-03,85.09999847,85.55000305,84.76000214,85.54000092,7689500,0,1,83.35273743,yahoo_finance_raw
2025-01-06,86.55000305,87.36000061,85.08000183,85.51999664,18077100,0,1,83.33324467,yahoo_finance_raw
2025-01-07,84.30500031,85.11000061,83.77999878,84.48000336,11144100,0,1,82.31984408,yahoo_finance_raw
2025-01-08,83.08999634,83.79000092,82.72000122,83.69000244,9661800,0,1,81.55004354,yahoo_finance_raw
2025-01-10,82.25,82.25,80.40000153,80.52999878,15393900,0,1,78.47084138,yahoo_finance_raw
2025-01-13,80.15000153,81.08000183,80.05999756,80.54000092,10726600,0,1,78.48058776,yahoo_finance_raw
2025-01-14,82.38999939,82.65000153,81.48999786,81.68000031,8773700,0,1,79.59143729,yahoo_finance_raw
2025-01-15,82.62999725,82.79000092,82.15000153,82.44000244,11655700,0,1,80.33200612,yahoo_finance_raw
2025-01-16,82.01999664,82.58999634,81.81999969,82.43000031,7566500,0,1,80.32225974,yahoo_finance_raw
2025-01-17,83.19999695,85.58999634,83.02999878,85.12000275,21132400,0,1,82.94347864,yahoo_finance_raw
2025-01-21,86.87000275,86.90000153,84.91999817,85.37999725,17099500,0,1,83.19682507,yahoo_finance_raw
2025-01-22,85,86.54000092,84.41999817,86.40000153,10354800,0,1,84.19074776,yahoo_finance_raw
2025-01-23,85.80000305,86.19999695,84.95999908,86.09999847,9225600,0,1,83.89841581,yahoo_finance_raw
2025-01-24,86.70999908,89.19000244,86.48000336,89.13999939,18791000,0,1,86.8606837,yahoo_finance_raw
2025-01-27,90.58999634,91.43000031,89.22000122,89.98999786,25999800,0,1,87.68894766,yahoo_finance_raw
2025-01-28,90.94000244,96.43000031,89.90000153,96.02999878,31296300,0,1,93.57450535,yahoo_finance_raw
2025-01-29,99.38999939,101.27999878,96.44999695,96.72000122,75053000,0,1,94.24686438,yahoo_finance_raw
2025-01-30,97.30000305,103.66500092,97.13999939,102.73999786,45929000,0,1,100.11292931,yahoo_finance_raw
2025-01-31,102,102.5,98,98.83999634,36416400,0,1,96.31265109,yahoo_finance_raw
2025-02-03,96.50499725,101.87000275,96.06999969,98.61000061,29282900,0,1,96.08853636,yahoo_finance_raw
2025-02-04,100.58999634,103.61000061,99.68000031,102.34999847,29877500,0,1,99.73290223,yahoo_finance_raw
2025-02-05,100.16500092,101.81999969,99.02999878,99.27999878,17017900,0,1,96.74140264,yahoo_finance_raw
2025-02-06,101.25,101.73999786,99.86499786,100.37999725,12774600,0,1,97.81327408,yahoo_finance_raw
2025-02-07,104.45999908,107.51000214,103,103.51000214,39538200,0,1,100.86324453,yahoo_finance_raw
2025-02-10,107.31999969,111.65000153,106.69999695,111.31999969,42429400,0,1,108.47353993,yahoo_finance_raw
2025-02-11,113.95999908,115.54000092,111,112.77999878,55001300,0,1,109.89620674,yahoo_finance_raw
2025-02-12,115.81999969,119.80999756,114.96499634,118.33000183,44024700,0,1,115.30429585,yahoo_finance_raw
2025-02-13,115.33000183,119.56999969,114.76000214,119.54000092,34429300,0,1,116.48335518,yahoo_finance_raw
2025-02-14,126.58999634,126.80000305,120.49500275,124.73000336,52729800,0,1,121.54064891,yahoo_finance_raw
2025-02-18,127.73999786,129.02000427,125.61000061,126.90000153,42152800,0,1,123.65516008,yahoo_finance_raw
2025-02-19,126,127.69999695,124.94999695,125.79000092,35155200,0,1,122.57354226,yahoo_finance_raw
2025-02-20,137.80999756,144.50999451,131.41000366,135.97000122,118849000,0,1,132.49323928,yahoo_finance_raw
2025-02-21,141.6000061,145.30000305,141.1000061,143.75,73892100,0,1,140.07430298,yahoo_finance_raw
2025-02-24,135.80000305,135.80000305,128.44000244,129.03999329,74118300,0,1,125.74043211,yahoo_finance_raw
2025-02-25,132.78999329,134.47000122,130.75,134.00999451,38881100,0,1,130.58335007,yahoo_finance_raw
2025-02-26,140,141.94999695,138.28999329,139.08000183,40543000,0,1,135.52371697,yahoo_finance_raw
2025-02-27,138.67500305,140.10499573,135.86999512,136.55000305,23859400,0,1,133.05841043,yahoo_finance_raw
2025-02-28,130.94999695,133.94999695,130.13999939,132.50999451,24862600,0,1,129.12170517,yahoo_finance_raw
2025-03-03,134.00999451,134.71499634,129.55999756,130.80999756,22528000,0,1,127.46517726,yahoo_finance_raw
2025-03-04,129.6000061,132.1000061,126.09999847,129.8500061,25366500,0,1,126.52973285,yahoo_finance_raw
2025-03-05,134.36999512,141.83000183,133.33999634,141.02999878,37284600,0,1,137.42385237,yahoo_finance_raw
2025-03-06,142.19999695,144.75999451,138.08999634,139.94999695,35482100,0,1,136.37146626,yahoo_finance_raw
2025-03-07,142.91999817,145.36000061,139.38000488,140.61999512,31904400,0,1,137.02433253,yahoo_finance_raw
2025-03-10,135.99499512,137.94999695,131,132.53999329,33484200,0,1,129.15093688,yahoo_finance_raw
2025-03-11,138.16000366,141.33299255,136.03999329,139.02000427,29094800,0,1,135.46525356,yahoo_finance_raw
2025-03-12,138.40499878,138.94999695,135.27999878,137.13999939,23880900,0,1,133.63332052,yahoo_finance_raw
2025-03-13,134.77000427,140.27999878,134.33999634,138.3500061,20516300,0,1,134.81238728,yahoo_finance_raw
2025-03-14,141.3500061,141.82000732,139.44999695,141.1000061,17381900,0,1,137.4920696,yahoo_finance_raw
2025-03-17,140.16000366,148.42999268,140.02999878,147.57000732,33897000,0,1,143.79663246,yahoo_finance_raw
2025-03-18,146.38000488,146.86999512,142.5,142.74000549,20950100,0,1,139.0901341,yahoo_finance_raw
2025-03-19,145.07000732,145.19999695,141.86999512,143.19999695,16333800,0,1,139.53836354,yahoo_finance_raw
2025-03-20,137.17500305,138.99000549,136.36999512,136.91000366,23646800,0,1,133.4092058,yahoo_finance_raw
2025-03-21,133.99000549,136.47000122,133.30000305,135.13999939,13970300,0,1,131.68446066,yahoo_finance_raw
2025-03-24,136.33000183,136.42999268,133.63000488,134.47999573,14019000,0,1,131.04133333,yahoo_finance_raw
2025-03-25,132.94000244,136.24499512,132.3500061,132.75,17943400,0,1,129.35557371,yahoo_finance_raw
2025-03-26,133.52999878,134.66000366,131.13000488,132.24000549,15933500,0,1,128.85861979,yahoo_finance_raw
2025-03-27,133.44999695,137.78500366,132.88000488,135.63000488,16688300,0,1,132.16193668,yahoo_finance_raw
2025-03-28,133.5,134.21000671,131.3999939,132.42999268,13271500,0,1,129.04374899,yahoo_finance_raw
2025-03-31,130.02999878,132.86999512,128,132.22999573,12183800,0,1,128.84886598,yahoo_finance_raw
2025-04-01,132.75,134.1000061,131.52999878,132.69999695,11627500,0,1,129.30684924,yahoo_finance_raw
2025-04-02,131.96000671,132.83000183,129.1499939,129.78999329,21240900,0,1,126.47125456,yahoo_finance_raw
2025-04-03,125.64499664,130.66999817,125.5,129.33000183,30607600,0,1,126.02302512,yahoo_finance_raw
2025-04-04,117.56999969,118.87000275,111.30000305,116.54000092,57154500,0,1,113.56006537,yahoo_finance_raw
2025-04-07,106.62000275,114.12000275,102.63999939,105.98000336,61386600,0,1,103.27008765,yahoo_finance_raw
2025-04-08,108.26000214,109,97.75,99.37000275,52100200,0,1,96.8291052,yahoo_finance_raw
2025-04-09,100.59999847,107.04000092,95.73000336,104.77999878,74981900,0,1,102.10076727,yahoo_finance_raw
2025-04-10,106.86000061,108.44999695,101.37000275,104.18000031,53133400,0,1,101.5161108,yahoo_finance_raw
2025-04-11,104.77999878,108.04399872,102.19000244,107.73000336,40522800,0,1,104.97534004,yahoo_finance_raw
2025-04-14,111.87000275,116,111.69999695,113.97000122,32926100,0,1,111.05578074,yahoo_finance_raw
2025-04-15,113.77999878,114,111.47000122,112.27999878,16172300,0,1,109.40899177,yahoo_finance_raw
2025-04-16,108.17500305,108.97000122,105.94999695,106.75,18031600,0,1,104.02039543,yahoo_finance_raw
2025-04-17,110.83499908,111.51499939,108.41999817,108.87000275,17885000,0,1,106.08618957,yahoo_finance_raw
2025-04-21,108.73000336,110.23000336,107.26999664,110.15000153,12145700,0,1,107.33345869,yahoo_finance_raw
2025-04-22,114.36000061,117.43000031,113.01000214,115.87999725,27662400,0,1,112.91693805,yahoo_finance_raw
2025-04-23,119.58999634,123.80999756,118.75,118.97000122,25762800,0,1,115.92793041,yahoo_finance_raw
2025-04-24,117.93499756,119.33999634,117.58000183,119.29000092,13696000,0,1,116.23974769,yahoo_finance_raw
2025-04-25,118.58000183,120.48999786,118.26999664,120.27999878,9306400,0,1,117.20443124,yahoo_finance_raw
2025-04-28,119.5,120.66999817,117.29000092,118.37000275,10748000,0,1,115.34327394,yahoo_finance_raw
2025-04-29,117.73000336,119.87999725,117.69000244,118.87999725,8295500,0,1,115.84022785,yahoo_finance_raw
2025-04-30,119.08999634,119.94000244,118.19000244,119.43000031,10144800,0,1,116.37616729,yahoo_finance_raw
2025-05-01,120.19000244,121.44999695,119.36000061,120.52999878,8690200,0,1,117.44803873,yahoo_finance_raw
2025-05-02,126.00499725,126.62000275,124.25,125.76000214,18092500,0,1,122.54431055,yahoo_finance_raw
2025-05-05,125,127.12999725,124.70999908,126.56999969,9868800,0,1,123.33359642,yahoo_finance_raw
2025-05-06,128.45500183,129.72999573,127.48500061,127.66000366,17919700,0,1,124.39572891,yahoo_finance_raw
2025-05-07,124.91000366,124.96499634,122.91000366,123.23000336,15979200,0,1,120.07900401,yahoo_finance_raw
2025-05-08,125.34999847,126.81500244,124.16999817,125.79000092,10846800,0,1,122.57354226,yahoo_finance_raw
2025-05-09,126.98999786,127.76999664,125.19000244,125.33000183,11172200,0,1,122.12530538,yahoo_finance_raw
2025-05-12,133.86999512,134.07000732,132.30000305,132.55000305,22631700,0,1,129.1606907,yahoo_finance_raw
2025-05-13,131,133.03100586,130.19999695,131.6499939,16123600,0,1,128.28369483,yahoo_finance_raw
2025-05-14,134.07499695,134.50999451,132.6499939,134.05000305,18278300,0,1,130.6223356,yahoo_finance_raw
2025-05-15,126.23999786,126.31999969,122.65000153,123.90000153,35442800,0,1,120.73187028,yahoo_finance_raw
2025-05-16,125.77999878,126.09999847,123.30999756,123.45999908,20090000,0,1,120.30311873,yahoo_finance_raw
2025-05-19,120.18000031,123.05999756,120,122.95999908,11197000,0,1,119.81590376,yahoo_finance_raw
2025-05-20,124.29000092,125.22000122,124.15000153,125.16000366,11790000,0,1,121.95965408,yahoo_finance_raw
2025-05-21,125.44999695,126.05999756,122.76999664,123.58999634,8521400,0,1,120.42979195,yahoo_finance_raw
2025-05-22,121.48999786,122.16999817,120.91999817,121.48000336,7820900,0,1,118.37375163,yahoo_finance_raw
2025-05-23,119.58000183,121.04199982,119.28399658,120.73000336,7163400,0,1,117.64292918,yahoo_finance_raw
2025-05-27,119.875,120.00499725,118.88999939,119.51999664,8544500,0,1,116.46386241,yahoo_finance_raw
2025-05-28,117.44999695,117.91999817,116.51000214,116.73999786,11707700,0,1,113.75494839,yahoo_finance_raw
2025-05-29,119.03500366,119.33999634,116.69999695,117.18000031,12356300,0,1,114.18369994,yahoo_finance_raw
2025-05-30,115.01000214,115.06999969,111.59999847,113.83999634,17213200,0,1,110.92910009,yahoo_finance_raw
2025-06-02,114.90000153,115.40000153,113.65899658,114.75,13147200,0,1,111.8158349,yahoo_finance_raw
2025-06-03,115.37999725,115.80999756,114.41500092,114.97000122,14008900,0,1,112.03021068,yahoo_finance_raw
2025-06-04,116.81500244,120,116.66000366,119.44999695,18115500,0,1,116.39565262,yahoo_finance_raw
2025-06-05,120.94999695,121.55000305,119.13999939,119.95999908,15332200,0,1,116.89261396,yahoo_finance_raw
2025-06-06,119,119.76999664,118.22000122,119.37999725,9753200,0,1,116.32744282,yahoo_finance_raw
2025-06-09,121.08999634,122.15499878,120.12000275,121.48000336,10410600,0,1,118.37375163,yahoo_finance_raw
2025-06-10,120.61499786,122.16000366,119.87999725,121.87999725,8892800,0,1,118.76351765,yahoo_finance_raw
2025-06-11,122.62999725,123.45999908,120.05000305,120.33000183,10443100,0,1,117.25315571,yahoo_finance_raw
2025-06-12,117.51999664,117.55000305,115.94999695,116.62000275,10204500,2,1,115.55871824,yahoo_finance_raw
2025-06-13,113.66999817,114.77999878,112.26899719,112.87000275,13355100,0,1,111.84284461,yahoo_finance_raw
2025-06-16,114.98000336,116.90000153,114.87000275,115.95999908,10242900,0,1,114.90472086,yahoo_finance_raw
2025-06-17,115.94000244,116.61000061,115.02999878,115.02999878,10205700,0,1,113.98318389,yahoo_finance_raw
2025-06-18,113.63999939,114.30000305,113.01999664,113.48999786,14002300,0,1,112.45719755,yahoo_finance_raw
2025-06-20,114.11000061,114.42700195,112.62200165,113.01000214,12737300,0,1,111.98156996,yahoo_finance_raw
2025-06-23,112.11499786,113.08999634,111.26000214,113.08999634,12536500,0,1,112.06083618,yahoo_finance_raw
2025-06-24,114.61499786,117.31999969,113.62000275,117.01000214,17125100,0,1,115.9451685,yahoo_finance_raw
2025-06-25,117.19999695,117.44999695,114.16999817,114.55000305,12835500,0,1,113.5075563,yahoo_finance_raw
2025-06-26,114.09999847,114.19999695,113.37999725,113.93000031,8388000,0,1,112.89319581,yahoo_finance_raw
2025-06-27,114.37000275,115.5,113.31999969,114.08000183,12355500,0,1,113.04183226,yahoo_finance_raw
2025-06-30,112.45999908,113.48999786,111.40000153,113.41000366,10457300,0,1,112.37793132,yahoo_finance_raw
2025-07-01,112.94999695,114.79000092,112.73999786,113.97000122,9243200,0,1,112.9328327,yahoo_finance_raw
2025-07-02,111.56999969,111.81999969,110.37000275,110.70999908,13843800,0,1,109.70249777,yahoo_finance_raw
2025-07-03,108.33499908,109.08000183,107.94999695,108.69999695,11847200,0,1,107.71078738,yahoo_finance_raw
2025-07-07,107.43000031,108.19999695,105.94000244,106.26999664,17446200,0,1,105.30290097,yahoo_finance_raw
2025-07-08,108.76499939,109.12999725,107.91000366,107.98999786,11319900,0,1,107.00724955,yahoo_finance_raw
2025-07-09,105.48000336,105.52500153,103.70999908,103.83000183,24609300,0,1,102.885111,yahoo_finance_raw
2025-07-10,105.13999939,106.76000214,104.41400146,106.63999939,13554500,0,1,105.66953655,yahoo_finance_raw
2025-07-11,106.91000366,107.41999817,106.30000305,106.72000122,10774600,0,1,105.74881034,yahoo_finance_raw
2025-07-14,107.64499664,108.80000305,107.19000244,108.22000122,13231300,0,1,107.23515979,yahoo_finance_raw
2025-07-15,114.65499878,117.21499634,113.20400238,116.97000122,34785400,0,1,115.90553161,yahoo_finance_raw
2025-07-16,115.5,116.02999878,114.04000092,115.73000336,14439000,0,1,114.67681817,yahoo_finance_raw
2025-07-17,115.04000092,118.19999695,114.86000061,117.30000305,14573600,0,1,116.2325303,yahoo_finance_raw
2025-07-18,121.37999725,122.16000366,119.76999664,120.23000336,26787700,0,1,119.13586653,yahoo_finance_raw
2025-07-21,119.51000214,122.30999756,118.25,120.26999664,17937600,0,1,119.17549587,yahoo_finance_raw
2025-07-22,120.44000244,121.83999634,119,120.70999908,11551500,0,1,119.61149413,yahoo_finance_raw
2025-07-23,122.79499817,123.86499786,121.40000153,122.58000183,12874200,0,1,121.46447917,yahoo_finance_raw
2025-07-24,121.84999847,123.98999786,120.44999695,121.15000153,11378400,0,1,120.04749239,yahoo_finance_raw
2025-07-25,120.19000244,120.48000336,119.33999634,120.02999878,7060600,0,1,118.93768207,yahoo_finance_raw
2025-07-28,122.02999878,123.44999695,121.52999878,122.15000153,11207400,0,1,121.03839202,yahoo_finance_raw
2025-07-29,122.48999786,122.87000275,119.05000305,119.36000061,13599700,0,1,118.27378113,yahoo_finance_raw
2025-07-30,119.04499817,119.58999634,116.83999634,117.37999725,12794100,0,1,116.31179652,yahoo_finance_raw
2025-07-31,117.81999969,121.33999634,117.51999664,120.62999725,13650400,0,1,119.53222034,yahoo_finance_raw
2025-08-01,118.05999756,118.37000275,116.11000061,117.06999969,12424300,0,1,116.00462006,yahoo_finance_raw
2025-08-04,118.34999847,119.48999786,116.86000061,117.5,7272100,0,1,116.4307072,yahoo_finance_raw
2025-08-05,118.09999847,118.65000153,116.87000275,117.04000092,5885600,0,1,115.97489428,yahoo_finance_raw
2025-08-06,118.87999725,121.29000092,117.76999664,120.86000061,12079600,0,1,119.76013058,yahoo_finance_raw
2025-08-07,121.33999634,122.27999878,119.59999847,120.95999908,9480600,0,1,119.85921904,yahoo_finance_raw
2025-08-08,119.31999969,120.69999695,118.65499878,120.36000061,9763600,0,1,119.26468077,yahoo_finance_raw
2025-08-11,120.43000031,121.30000305,118.12000275,118.63999939,12072000,0,1,117.56033218,yahoo_finance_raw
2025-08-12,118.80999756,122.79000092,118.09999847,122.41999817,11939800,0,1,121.3059316,yahoo_finance_raw
2025-08-13,126.69000244,127.93000031,125.08000183,126.86000061,19362500,0,1,125.7055284,yahoo_finance_raw
2025-08-14,123.73000336,123.93000031,121.33999634,122.27999878,15045600,0,1,121.16720625,yahoo_finance_raw
2025-08-15,120.98000336,122.18900299,120.68000031,121.26000214,11141800,0,1,120.15649195,yahoo_finance_raw
2025-08-18,121.91999817,123.15000153,120.90000153,121.40000153,8550400,0,1,120.29521729,yahoo_finance_raw
2025-08-19,121.58000183,122.58000183,119.98999786,119.98999786,8106100,0,1,118.89804518,yahoo_finance_raw
2025-08-20,119.91999817,120.80999756,118.66999817,119.48999786,7095800,0,1,118.40259536,yahoo_finance_raw
2025-08-21,117.87999725,119.26999664,117.51000214,118.08999634,8231200,0,1,117.01533436,yahoo_finance_raw
2025-08-22,120.47499847,123.40000153,120.27999878,122.94000244,13855300,0,1,121.82120364,yahoo_finance_raw
2025-08-25,125.18000031,126.73000336,123.5,124.34999847,12888400,0,1,123.2183682,yahoo_finance_raw
2025-08-26,125.29499817,126,123.72000122,124.19000244,8706100,0,1,123.05982819,yahoo_finance_raw
2025-08-27,121.19999695,122.51499939,120.79000092,122.23000336,13833100,0,1,121.11766581,yahoo_finance_raw
2025-08-28,119.52999878,121.25,117.59999847,119.56999969,14501100,0,1,118.48186915,yahoo_finance_raw
2025-08-29,128.88000488,136.6499939,128.50999451,135,82165100,0,1,133.77145083,yahoo_finance_raw
2025-09-02,134.47000122,138.83000183,133.05999756,138.55000305,41625400,0,1,137.28914756,yahoo_finance_raw
2025-09-03,136.69999695,137.77000427,135.58000183,136.44999695,16470500,0,1,135.20825228,yahoo_finance_raw
2025-09-04,133.16000366,134.25,130.05999756,130.91999817,24730900,0,1,129.7285785,yahoo_finance_raw
2025-09-05,135.02999878,135.61000061,132.69999695,135.58000183,19202500,0,1,134.34617443,yahoo_finance_raw
2025-09-08,139.88000488,141.22000122,138.76899719,141.19999695,20095300,0,1,139.91502555,yahoo_finance_raw
2025-09-09,145.3999939,148,144.6499939,147.1000061,32792300,0,1,145.76134247,yahoo_finance_raw
2025-09-10,145.41999817,145.91999817,143.22999573,143.92999268,21079900,0,1,142.62017732,yahoo_finance_raw
2025-09-11,148.11999512,156.84899902,147.86000061,155.44000244,50089200,0,1,154.0254418,yahoo_finance_raw
2025-09-12,154.07000732,155.46000671,152.05999756,155.05999756,20903300,0,1,153.6488951,yahoo_finance_raw
2025-09-15,159.08999634,159.69999695,156.72999573,158.03999329,23567200,0,1,156.60177178,yahoo_finance_raw
2025-09-16,158.36000061,163,157.58999634,162.21000671,26017700,0,1,160.73383657,yahoo_finance_raw
2025-09-17,166,167.32000732,163.25999451,166.16999817,29344300,0,1,164.65779066,yahoo_finance_raw
2025-09-18,162.5,164.78999329,161.30000305,162.47999573,19529600,0,1,161.00136859,yahoo_finance_raw
2025-09-19,164.69000244,166.25,162.61000061,162.80999756,18183200,0,1,161.32836728,yahoo_finance_raw
2025-09-22,163.75999451,167.43499756,163.02999878,164.25,18667700,0,1,162.75526518,yahoo_finance_raw
2025-09-23,165.00999451,167.83000183,162.80000305,163.08000183,18278600,0,1,161.59591442,yahoo_finance_raw
2025-09-24,175.97999573,180.16000366,175,176.44000244,52642300,0,1,174.83433415,yahoo_finance_raw
2025-09-25,173.3999939,175.77000427,170.43499756,175.47000122,20712200,0,1,173.8731603,yahoo_finance_raw
2025-09-26,172.16999817,172.75999451,169.69999695,171.91000366,15971100,0,1,170.34556001,yahoo_finance_raw
2025-09-29,178.08000183,181.34399414,177.58999634,179.8999939,21576300,0,1,178.26283843,yahoo_finance_raw
2025-09-30,181.66000366,182.1499939,177.1000061,178.72999573,18681500,0,1,177.10348767,yahoo_finance_raw
2025-10-01,179.97999573,183.08000183,178.86999512,182.77999878,14966900,0,1,181.11663422,yahoo_finance_raw
2025-10-02,188.58000183,192.66999817,188.30000305,189.33999634,23687800,0,1,187.61693341,yahoo_finance_raw
2025-10-03,190.72000122,191.07000732,187.13499451,188.02999878,13990900,0,1,186.3188573,yahoo_finance_raw
2025-10-06,186.5,189.61000061,186.30999756,187.22000122,10973500,0,1,185.51623102,yahoo_finance_raw
2025-10-07,187.40499878,188.66000366,180.44000244,181.33000183,16942200,0,1,179.67983277,yahoo_finance_raw
2025-10-08,180.78999329,182.08999634,177.30000305,181.11999512,15883700,0,1,179.47173719,yahoo_finance_raw
2025-10-09,178.52000427,178.77999878,172.30000305,173.67999268,21211600,0,1,172.09944148,yahoo_finance_raw
2025-10-10,170.02999878,172.92999268,157.25,159.00999451,50296800,0,1,157.56294564,yahoo_finance_raw
2025-10-13,167.77999878,168.78999329,165.02999878,166.80999756,25703100,0,1,165.29196582,yahoo_finance_raw
2025-10-14,160.05000305,166.5,160,162.86000061,18583200,0,1,161.37791529,yahoo_finance_raw
2025-10-15,168.07000732,168.1000061,164.6000061,165.91000366,15337400,0,1,164.4001622,yahoo_finance_raw
2025-10-16,166.52000427,168.30000305,164.46000671,165.08999634,10979700,0,1,163.58761724,yahoo_finance_raw
2025-10-17,161.75999451,169.1000061,161.1499939,167.05000305,17765700,0,1,165.52978718,yahoo_finance_raw
2025-10-20,167.28999329,174.97000122,165.78999329,173.47000122,20120500,0,1,171.89136103,yahoo_finance_raw
2025-10-21,170.52000427,170.94000244,166.41999817,166.66999817,15662500,0,1,165.15324048,yahoo_finance_raw
2025-10-22,167,169.66999817,163.58000183,165.86000061,15016500,0,1,164.35061419,yahoo_finance_raw
2025-10-23,168.97000122,173.24000549,168.31700134,171.8999939,12792100,0,1,170.33564134,yahoo_finance_raw
2025-10-24,174.3999939,176.44000244,173.36199951,174.69999695,11841000,0,1,173.11016334,yahoo_finance_raw
2025-10-27,179.74000549,180,177.61999512,179.44999695,12580800,0,1,177.81693661,yahoo_finance_raw
2025-10-28,177.47999573,179.38000488,175.24000549,176.72000122,11906900,0,1,175.11178484,yahoo_finance_raw
2025-10-29,180.29499817,182.5,178.08999634,179.97000122,12068900,0,1,178.33220866,yahoo_finance_raw
2025-10-30,174.32000732,176.38000488,173.77999878,173.92999268,10756300,0,1,172.34716639,yahoo_finance_raw
2025-10-31,170.52999878,171.44999695,168.11999512,170.42999268,13181400,0,1,168.87901767,yahoo_finance_raw
2025-11-03,168.30999756,168.94000244,165.58000183,167.69000244,9702300,0,1,166.16396234,yahoo_finance_raw
2025-11-04,162.6000061,166.5,162.19999695,164.30000305,9693100,0,1,162.80481318,yahoo_finance_raw
2025-11-05,164.3999939,166.88000488,163.6000061,164.82000732,8631400,0,1,163.32008522,yahoo_finance_raw
2025-11-06,169,170.55000305,165.52000427,167.61000061,12438900,0,1,166.08468856,yahoo_finance_raw
2025-11-07,162.96000671,166.38000488,161.21600342,166.33999634,11581200,0,1,164.82624179,yahoo_finance_raw
2025-11-10,167.61999512,168,163.63999939,165.88999939,9348700,0,1,164.38033997,yahoo_finance_raw
2025-11-11,164.58999634,165.58000183,160.16000366,160.80000305,11354400,0,1,159.33666446,yahoo_finance_raw
2025-11-12,160.97999573,161.19000244,156.19999695,157.91000366,13920800,0,1,156.47296511,yahoo_finance_raw
2025-11-13,164,164,158.5,159.83999634,17213000,0,1,158.38539415,yahoo_finance_raw
2025-11-14,156.94000244,162.61999512,151.77999878,153.80000305,33991000,0,1,152.40036701,yahoo_finance_raw
2025-11-17,157.97999573,161.0249939,156.8999939,157.71000671,16911400,0,1,156.27478821,yahoo_finance_raw
2025-11-18,157.30999756,161.27999878,156.69999695,159.72000122,12438900,0,1,158.26649103,yahoo_finance_raw
2025-11-19,159.32499695,160.97000122,158.04100037,158.88999939,7949900,0,1,157.44404252,yahoo_finance_raw
2025-11-20,159,161.38999939,153,153.27999878,13466900,0,1,151.88509496,yahoo_finance_raw
2025-11-21,151.97999573,155.88000488,148.63999939,152.92999268,16240800,0,1,151.53827404,yahoo_finance_raw
2025-11-24,160,161.5,158.69999695,160.72999573,21796600,0,1,159.26729422,yahoo_finance_raw
2025-11-25,165.19999695,166.36999512,156.1499939,157.00999451,27097500,0,1,155.58114637,yahoo_finance_raw
2025-11-26,159.09500122,161.46000671,150,157.6000061,21453100,0,1,156.16578865,yahoo_finance_raw
2025-11-28,156.16000366,158.69000244,155.67999268,157.30000305,7185500,0,1,155.86851573,yahoo_finance_raw
2025-12-01,160.5,164.8500061,159.41000366,164.25999451,15321200,0,1,162.76516873,yahoo_finance_raw
2025-12-02,161.19999695,161.72999573,159.11999512,161.13000488,9878500,0,1,159.66366315,yahoo_finance_raw
2025-12-03,157.3999939,158.45500183,156.52999878,158.08000183,6968000,0,1,156.64141624,yahoo_finance_raw
2025-12-04,158.27000427,158.80000305,156.41000366,157.44000244,6666300,0,1,156.00724107,yahoo_finance_raw
2025-12-05,159.1499939,159.49000549,157.67999268,158.32000732,6277100,0,1,156.87923759,yahoo_finance_raw
2025-12-08,157.57000732,158.74000549,156.41299438,158.13000488,7342000,0,1,156.69096424,yahoo_finance_raw
2025-12-09,154.44000244,156.6000061,154.30000305,155.96000671,6458100,0,1,154.54071385,yahoo_finance_raw
2025-12-10,159.63999939,160.74000549,157.5,158.82000732,10928600,0,1,157.37468741,yahoo_finance_raw
2025-12-11,155.1499939,157.05000305,153.36000061,156.8999939,8171200,0,1,155.4721468,yahoo_finance_raw
2025-12-12,157.76499939,158.94999695,153.80000305,155.67999268,6708400,0,1,154.26324804,yahoo_finance_raw
2025-12-15,153.17999268,153.20500183,149.58000183,150.08999634,11233100,0,1,148.7241227,yahoo_finance_raw
2025-12-16,148.94999695,149.97000122,147.50999451,149.28999329,9051900,0,1,147.93139997,yahoo_finance_raw
2025-12-17,150.6000061,151.38999939,146.75,147.08999634,8271000,0,1,145.7514238,yahoo_finance_raw
2025-12-18,148.6499939,149.19999695,147.11599731,147.32000732,6597400,0,1,145.9793416,yahoo_finance_raw
2025-12-19,149.00999451,151.47000122,148.88000488,149.78999329,9004200,0,1,148.42684979,yahoo_finance_raw
2025-12-22,150.40499878,151.82000732,149.11999512,150.96000671,6779100,0,1,149.58621567,yahoo_finance_raw
2025-12-23,150.57499695,151.30000305,149.27000427,151.22999573,5373300,0,1,149.85374768,yahoo_finance_raw
2025-12-24,150.5,150.78999329,149.91799927,150.05999756,3274200,0,1,148.69439692,yahoo_finance_raw
2025-12-26,150.28999329,152.97999573,150.05999756,152.24000549,6037200,0,1,150.85456599,yahoo_finance_raw
2025-12-29,147.72000122,148.75,147.21000671,148.49000549,8900000,0,1,147.13869236,yahoo_finance_raw
2025-12-30,148.83999634,149.1000061,147.3500061,147.36000061,6832300,0,1,146.01897093,yahoo_finance_raw
2025-12-31,146.69000244,147.36999512,145.63999939,146.58000183,6116000,0,1,145.24607043,yahoo_finance_raw
2026-01-02,152.61999512,156.6499939,151.80099487,155.74000549,15778300,0,1,154.32271472,yahoo_finance_raw
2026-01-05,155.7749939,156.55000305,152.16999817,156.25999451,14744000,0,1,154.83797164,yahoo_finance_raw
2026-01-06,155.22000122,155.83999634,150.86000061,150.8999939,12998100,0,1,149.52674899,yahoo_finance_raw
2026-01-07,148.38000488,148.38000488,146.61000061,146.75,12613200,0,1,145.41452155,yahoo_finance_raw
2026-01-08,146.09500122,155.28999329,145.27000427,154.47000122,20981700,0,1,153.06426795,yahoo_finance_raw
2026-01-09,151.33000183,151.57000732,148.52000427,150.96000671,11437900,0,1,149.58621567,yahoo_finance_raw
2026-01-12,157.47000122,167.69000244,157.47000122,166.30999756,35379000,0,1,164.79651601,yahoo_finance_raw
2026-01-13,165.5,170.67999268,164.91000366,167.00999451,18850400,0,1,165.49014273,yahoo_finance_raw
2026-01-14,171.57000732,172.80000305,169.84500122,169.8999939,17475100,0,1,168.35384207,yahoo_finance_raw
2026-01-15,169.64500427,173.30000305,167.33999634,170.92999268,12607000,0,1,169.37446748,yahoo_finance_raw
2026-01-16,169.77999878,169.8500061,163.49499512,165.3999939,18598300,0,1,163.89479371,yahoo_finance_raw
2026-01-20,161.83000183,166.17500305,161.67999268,162.38999939,9885000,0,1,160.91219125,yahoo_finance_raw
2026-01-21,167.57499695,169.86500549,165.66000366,168.66999817,11713700,0,1,167.13503975,yahoo_finance_raw
2026-01-22,176.42999268,181.1000061,174.77000427,177.17999268,32031100,0,1,175.56759021,yahoo_finance_raw
2026-01-23,175.43499756,175.61000061,171.94000244,173.22999573,13064100,0,1,171.65353967,yahoo_finance_raw
2026-01-26,169.78999329,172.99000549,168.67999268,171.36999512,10166100,0,1,169.81046574,yahoo_finance_raw
2026-01-27,174.05000305,176.46000671,172.22099304,172.72000122,8931300,0,1,171.1481863,yahoo_finance_raw
2026-01-28,176.25,177.86999512,174.56300354,175.66000366,9001500,0,1,174.06143365,yahoo_finance_raw
2026-01-29,178.33999634,180.75,171.6000061,174.25,12062500,0,1,172.66426153,yahoo_finance_raw
2026-01-30,172.69999695,174,169.47000122,169.55999756,10846100,0,1,168.01693982,yahoo_finance_raw
2026-02-02,167.97999573,169.55999756,167.33999634,168.38999939,6551800,0,1,166.85758906,yahoo_finance_raw
2026-02-03,163.88000488,165.3500061,160.61000061,163.6499939,10066600,0,1,162.16071935,yahoo_finance_raw
2026-02-04,162.33000183,162.8500061,156.77999878,159.13999939,11851400,0,1,157.69176743,yahoo_finance_raw
2026-02-05,161.13999939,161.47000122,156.71000671,157.75999451,10936700,0,1,156.3243211,yahoo_finance_raw
2026-02-06,160.46000671,162.86000061,159.5,162.50999451,10972100,0,1,161.03109437,yahoo_finance_raw
2026-02-09,161.88999939,165.02999878,160.88999939,163,7260500,0,1,161.51664063,yahoo_finance_raw
2026-02-10,163.74000549,168.25500488,162.30000305,166.50999451,10990000,0,1,164.99469291,yahoo_finance_raw
2026-02-11,164.08999634,165.19999695,161.38000488,164.32000732,8756900,0,1,162.82463541,yahoo_finance_raw
2026-02-12,163.11999512,163.36999512,156.96000671,158.72999573,11457800,0,1,157.28549495,yahoo_finance_raw
2026-02-13,152.85499573,158.11000061,152.85499573,155.72999573,16045600,0,1,154.31279604,yahoo_finance_raw
2026-02-17,156.375,158.13000488,153.46000671,155.42999268,6803600,0,1,154.01552313,yahoo_finance_raw
2026-02-18,156.88000488,157.5,155.57000732,155.77000427,4506600,0,1,154.3524405,yahoo_finance_raw
2026-02-19,155.2250061,155.5,153.1499939,154.27000427,6582500,0,1,152.86609104,yahoo_finance_raw
2026-02-20,150.8500061,155.49000549,150.42999268,154.44999695,8758700,0,1,153.04444572,yahoo_finance_raw
2026-02-23,155.5,156.33000183,152.57000732,152.77999878,6751000,0,1,151.38964514,yahoo_finance_raw
2026-02-24,152.1000061,153.72999573,150.8999939,153.11000061,6655200,0,1,151.71664384,yahoo_finance_raw
2026-02-25,152.80000305,153.55000305,150.96099854,152.27999878,5813400,0,1,150.89419533,yahoo_finance_raw
2026-02-26,148.35499573,149.05999756,145.6000061,148.05000305,10256400,0,1,146.7026941,yahoo_finance_raw
2026-02-27,145.46000671,146.3999939,143.33000183,144.11000061,9780300,0,1,142.79854712,yahoo_finance_raw
2026-03-02,139.19000244,143,139.05499268,142.55999756,9428300,0,1,141.26264966,yahoo_finance_raw
2026-03-03,136.38000488,137.08000183,133.3999939,135.58999634,18476800,0,1,134.35607799,yahoo_finance_raw
2026-03-04,134.98500061,135.11700439,132.72000122,133.27000427,14293900,0,1,132.05719869,yahoo_finance_raw
2026-03-05,129.69999695,131.63499451,128.6000061,130.3500061,18612900,0,1,129.16377357,yahoo_finance_raw
2026-03-06,129.30000305,132.42999268,128.80000305,130.78999329,10957000,0,1,129.59975671,yahoo_finance_raw
2026-03-09,130.24000549,132.91000366,128.55000305,132.63999939,10072400,0,1,131.43292708,yahoo_finance_raw
2026-03-10,135.71000671,139.22000122,134.55999756,136.8500061,15264300,0,1,135.6046212,yahoo_finance_raw
2026-03-11,135.57000732,136.74000549,134.82000732,136.28999329,6685100,0,1,135.04970471,yahoo_finance_raw
2026-03-12,135.38000488,136,133.44999695,134.19999695,7591800,0,1,132.9787281,yahoo_finance_raw
2026-03-13,136.07000732,137.19999695,134.69999695,135.21000671,6438400,0,1,133.97954641,yahoo_finance_raw
2026-03-16,138.80000305,138.80000305,136.5,136.71000671,9972300,0,1,135.46589586,yahoo_finance_raw
2026-03-17,137.875,138.22000122,135.97000122,136.57000732,10005700,0,1,135.32717051,yahoo_finance_raw
2026-03-18,138.44500732,139.16000366,134.36999512,134.42999268,17158600,0,1,133.20663078,yahoo_finance_raw
2026-03-19,123.01999664,126.91999817,121.16000366,124.90000153,33440500,0,1,123.76336602,yahoo_finance_raw
2026-03-20,125.71499634,126.48000336,122.08999634,122.41000366,15479300,0,1,121.29602804,yahoo_finance_raw
2026-03-23,123.23999786,127.26999664,123.09999847,126.05999756,15583900,0,1,124.91280567,yahoo_finance_raw
2026-03-24,124.36000061,125.75,123.91999817,125.48000336,8516200,0,1,124.33808962,yahoo_finance_raw
2026-03-25,129.47999573,130.6499939,128.33999634,129.86999512,12843000,0,1,128.68813086,yahoo_finance_raw
2026-03-26,126.72000122,127.05000305,124.58999634,125.41000366,9240000,0,1,124.26872695,yahoo_finance_raw
2026-03-27,123.97000122,124.44000244,122.23000336,122.69000244,8105000,0,1,121.57347873,yahoo_finance_raw
2026-03-30,123.27999878,123.77999878,121.55000305,121.98000336,7226700,0,1,120.8699409,yahoo_finance_raw
2026-03-31,121.98999786,125.77999878,121.37999725,125.45999908,9486100,0,1,124.3182674,yahoo_finance_raw
2026-04-01,125.48000336,126.38999939,123.12000275,123.73000336,10297400,0,1,122.60401526,yahoo_finance_raw
2026-04-02,120.26999664,122.84799957,120.13999939,122.05000305,8830200,0,1,120.93930357,yahoo_finance_raw
2026-04-06,122.05000305,123.65000153,121.69999695,122.30999756,3987600,0,1,121.19693203,yahoo_finance_raw
2026-04-07,121.15000153,121.98000336,117.93000031,119.72000122,10879200,0,1,118.6305056,yahoo_finance_raw
2026-04-08,128.11000061,129.33999634,124.86000061,125.31999969,17638100,0,1,124.17954205,yahoo_finance_raw
2026-04-09,124.51999664,127.77999878,123.95999908,127.68000031,10014600,0,1,126.5180658,yahoo_finance_raw
2026-04-10,129.13499451,129.75999451,127.05000305,127.33000183,9356300,0,1,126.17125244,yahoo_finance_raw
2026-04-13,125.98999786,128.08999634,125.55000305,128.00999451,5550200,0,1,126.84505693,yahoo_finance_raw
2026-04-14,128.47000122,132.88000488,128.47000122,131.3500061,11718500,0,1,130.15467321,yahoo_finance_raw
2026-04-15,132.69999695,133.6000061,131.36999512,133.27999878,8749500,0,1,132.06710225,yahoo_finance_raw
2026-04-16,137.80000305,140.8999939,135.73500061,138.58999634,17122200,0,1,137.32877689,yahoo_finance_raw
2026-04-17,141.1499939,143.77999878,139.88000488,141.00999451,12886500,0,1,139.7267522,yahoo_finance_raw
2026-04-20,140.46499634,140.92999268,138.8730011,140.16999817,7823300,0,1,138.89440013,yahoo_finance_raw
2026-04-21,139.25,139.25,134.46000671,135.38000488,11388200,0,1,134.14799753,yahoo_finance_raw
2026-04-22,136.91000366,137.33000183,135.38000488,136.41999817,9258300,0,1,135.1785265,yahoo_finance_raw
2026-04-23,133.77999878,133.8999939,129.61500549,131.69999695,10749900,0,1,130.50147901,yahoo_finance_raw
2026-04-24,133.67999268,136.19999695,133,135.82000732,9046800,0,1,134.58399579,yahoo_finance_raw
2026-04-27,133,133.40499878,132.08999634,132.52000427,6462100,0,1,131.31402397,yahoo_finance_raw
2026-04-28,129.5,130.91999817,128.94999695,130.8500061,6088100,0,1,129.65922339,yahoo_finance_raw
2026-04-29,131.94999695,132.02999878,129.96000671,130.42999268,6386000,0,1,129.24303224,yahoo_finance_raw
2026-04-30,130.1499939,132.63999939,129.3500061,131.88000488,7416600,0,1,130.6798488,yahoo_finance_raw
2026-05-01,131.75500488,133.1499939,131.36000061,131.5,6199300,0,1,130.3033021,yahoo_finance_raw
2026-05-04,133.97999573,136.11500549,133.25999451,133.27000427,8317200,0,1,132.05719869,yahoo_finance_raw
2026-05-05,134.625,134.72000122,132.16999817,132.25999451,6919300,0,1,131.05638038,yahoo_finance_raw
2026-05-06,137.30499268,142.19999695,136.74000549,141.44000244,16958900,0,1,140.1528469,yahoo_finance_raw
2026-05-07,143.76499939,143.94999695,140.44000244,141,10698800,0,1,139.71684864,yahoo_finance_raw
2026-05-08,142.05000305,143.80000305,139.36999512,140.05999756,10062000,0,1,138.78540057,yahoo_finance_raw
2026-05-11,137.66000366,138.8500061,136.22000122,137.30000305,9859200,0,1,136.05052302,yahoo_finance_raw
2026-05-12,136.49000549,136.97000122,133.82000732,134.77999878,16129000,0,1,133.5534517,yahoo_finance_raw
2026-05-13,132.05999756,146.86999512,130.33000183,145.80999756,40214600,0,1,144.48307347,yahoo_finance_raw
2026-05-14,140.97999573,143.97999573,138.61000061,141.11999512,19422000,0,1,139.83575176,yahoo_finance_raw
2026-05-15,135.88000488,135.88000488,131.94999695,132.58999634,17985100,0,1,131.38337908,yahoo_finance_raw
2026-05-18,133.94500732,134.88000488,132.57000732,133.25999451,10379400,0,1,132.04728002,yahoo_finance_raw
2026-05-19,135.34500122,136.77999878,134.78999329,135.63999939,11084200,0,1,134.40562599,yahoo_finance_raw
2026-05-20,135.86000061,135.88999939,132.72999573,134.47000122,7035400,0,1,133.24627523,yahoo_finance_raw
2026-05-21,129.55000305,131.75500488,128.08999634,131.47000122,12621500,0,1,130.27357632,yahoo_finance_raw
2026-05-22,126.92500305,130.75,126.92500305,130,11868400,0,1,128.81695265,yahoo_finance_raw
2026-05-26,130.1000061,130.24000549,129.07499695,129.47000122,5599000,0,1,128.29177705,yahoo_finance_raw
2026-05-27,126.31999969,129,126.25,127.76000214,8272800,0,1,126.59733958,yahoo_finance_raw
2026-05-28,124.72000122,126.56999969,123.54000092,126.16000366,11541300,0,1,125.01190168,yahoo_finance_raw
2026-05-29,124.38999939,125.04000092,123.43000031,124.22000122,12504300,0,1,123.08955396,yahoo_finance_raw
2026-06-01,124.19999695,126.34999847,123.98999786,125.40000153,9297800,0,1,124.25881584,yahoo_finance_raw
2026-06-02,132.25,134.08999634,130.52000427,130.82000732,15355100,0,1,129.62949761,yahoo_finance_raw
2026-06-03,128.75999451,128.88999939,126.83000183,127.20999908,8646200,0,1,126.05234176,yahoo_finance_raw
2026-06-04,126.62000275,128.16999817,125.94000244,125.94999695,6928100,0,1,124.8038061,yahoo_finance_raw
2026-06-05,125.01000214,125.23000336,120.45999908,121.05999756,12891400,0,1,119.95830749,yahoo_finance_raw
2026-06-08,121.76000214,122.36000061,119.61000061,120.06999969,9493300,0,1,118.97731896,yahoo_finance_raw
2026-06-09,121.30000305,122.41999817,118.37000275,119.69999695,11871000,0,1,118.61068338,yahoo_finance_raw
2026-06-10,116,118.18000031,115.37000275,115.37999725,10880900,0,1,114.32999725,yahoo_finance_raw
2026-06-11,110.875,112.81999969,109.66000366,112.69000244,16403600,1.05,1,112.69000244,yahoo_finance_raw
2026-06-12,112.56999969,112.81999969,110.97000122,112.81999969,8157900,0,1,112.81999969,yahoo_finance_raw
2026-06-15,112.66000366,113.81999969,112.11000061,112.55000305,10426100,0,1,112.55000305,yahoo_finance_raw
2026-06-16,109.33000183,111.25,109.05000305,110.97000122,14128100,0,1,110.97000122,yahoo_finance_raw
2026-06-17,109.51000214,110.58000183,107.37999725,107.44000244,13280700,0,1,107.44000244,yahoo_finance_raw
2026-06-18,106.48500061,107.37000275,105.51000214,107.09999847,14603000,0,1,107.09999847,yahoo_finance_raw
2026-06-22,105.09200287,106.52999878,103.91000366,104.97000122,13220800,0,1,104.97000122,yahoo_finance_raw
2026-06-23,102.37999725,103.54000092,101.83000183,102.59999847,11335700,0,1,102.59999847,yahoo_finance_raw
2026-06-24,101.25,101.66999817,99.09999847,99.80000305,15334300,0,1,99.80000305,yahoo_finance_raw
2026-06-25,97.67500305,98.09999847,94.70999908,95.06999969,20248200,0,1,95.06999969,yahoo_finance_raw
2026-06-26,92,95.72000122,91.98999786,94.80999756,18307600,0,1,94.80999756,yahoo_finance_raw
2026-06-29,96.13999939,97.47000122,94.40000153,95.51000214,21078900,0,1,95.51000214,yahoo_finance_raw
2026-06-30,94.98999786,96.95999908,94.36000061,95.98000336,11816100,0,1,95.98000336,yahoo_finance_raw
2026-07-01,95.59999847,99.45999908,95.52999878,97.98999786,11888600,0,1,97.98999786,yahoo_finance_raw
2026-07-02,96.88999939,97.94999695,95.19000244,96.13999939,11744600,0,1,96.13999939,yahoo_finance_raw
2026-07-06,97.41000366,98.02999878,96.37000275,97.91000366,8948100,0,1,97.91000366,yahoo_finance_raw
2026-07-07,97.80000305,99.73999786,97.38999939,98.13999939,10204200,0,1,98.13999939,yahoo_finance_raw
2026-07-08,107.59999847,109.81999969,105.65000153,108.98000336,38869300,0,1,108.98000336,yahoo_finance_raw
2026-07-09,109.12000275,112.16999817,108.84999847,111.13999939,14110600,0,1,111.13999939,yahoo_finance_raw
2026-07-10,113.23999786,115.58000183,112.01000214,112.33000183,16162200,0,1,112.33000183,yahoo_finance_raw
2026-07-13,112.85500336,114.19999695,111.81999969,112.34999847,9559900,0,1,112.34999847,yahoo_finance_raw
2026-07-14,112.94999695,113.34999847,111.23000336,112.31999969,8272300,0,1,112.31999969,yahoo_finance_raw
2026-07-15,117.40000153,121.22000122,117.15000153,117.69000244,20233300,0,1,117.69000244,yahoo_finance_raw
2026-07-16,118.47499847,119.93499756,117.41500092,117.48999786,9653500,0,1,117.48999786,yahoo_finance_raw
2026-07-17,114.65000153,115.93000031,113.94000244,114.97000122,11282100,0,1,114.97000122,yahoo_finance_raw
2026-07-20,118.91000366,121.85500336,117.86499786,120.33999634,14750900,0,1,120.33999634,yahoo_finance_raw
2026-07-21,118.66000366,119.44999695,117.65000153,117.97000122,9338200,0,1,117.97000122,yahoo_finance_raw
2026-07-22,116.22499847,116.83000183,115.13999939,116.55999756,7085800,0,1,116.55999756,yahoo_finance_raw
2026-07-23,115.76000214,116.41000366,113.09999847,114.05999756,8500200,0,1,114.05999756,yahoo_finance_raw
2026-07-24,112.79000092,113.33000183,111.66400146,112.13999939,6943000,0,1,112.13999939,yahoo_finance_raw
2026-07-27,114.12000275,115.01999664,112.61000061,115,9232700,0,1,115,yahoo_finance_raw
2026-07-28,114.70999908,115.98999786,113.55000305,115.19000244,6426700,0,1,115.19000244,yahoo_finance_raw
2026-07-29,114.70999908,117.66000366,113.93499756,115.02999878,9066400,0,1,115.02999878,yahoo_finance_raw
2026-07-30,114,116.33000183,112.94000244,116.31999969,7728700,0,1,116.31999969,yahoo_finance_raw
