date,open,high,low,close,volume,dividend,split_factor,adjusted_close,source
2021-07-30,91.84999847,92.19999695,91.77999878,92.16999817,0,0,1,92.16999817,yahoo_finance_raw
2021-08-02,92.08999634,92.16999817,91.91000366,92.05000305,0,0,1,92.05000305,yahoo_finance_raw
2021-08-03,92.05999756,92.16000366,91.88999939,92.08000183,0,0,1,92.08000183,yahoo_finance_raw
2021-08-04,92.04000092,92.30999756,91.81999969,92.26999664,0,0,1,92.26999664,yahoo_finance_raw
2021-08-05,92.27999878,92.34999847,92.12000275,92.23999786,0,0,1,92.23999786,yahoo_finance_raw
2021-08-06,92.26999664,92.83999634,92.26000214,92.80000305,0,0,1,92.80000305,yahoo_finance_raw
2021-08-09,92.77999878,92.98999786,92.72000122,92.94999695,0,0,1,92.94999695,yahoo_finance_raw
2021-08-10,92.98000336,93.13999939,92.94000244,93.05999756,0,0,1,93.05999756,yahoo_finance_raw
2021-08-11,93.06999969,93.19000244,92.80000305,92.91000366,0,0,1,92.91000366,yahoo_finance_raw
2021-08-12,92.88999939,93.04000092,92.84999847,93.04000092,0,0,1,93.04000092,yahoo_finance_raw
2021-08-13,92.97000122,93.01000214,92.47000122,92.51999664,0,0,1,92.51999664,yahoo_finance_raw
2021-08-16,92.51999664,92.66000366,92.48000336,92.62999725,0,0,1,92.62999725,yahoo_finance_raw
2021-08-17,92.62000275,93.16999817,92.61000061,93.12999725,0,0,1,93.12999725,yahoo_finance_raw
2021-08-18,93.13999939,93.26000214,92.95999908,93.13999939,0,0,1,93.13999939,yahoo_finance_raw
2021-08-19,93.13999939,93.58000183,93.13999939,93.56999969,0,0,1,93.56999969,yahoo_finance_raw
2021-08-20,93.55999756,93.73000336,93.43000031,93.5,0,0,1,93.5,yahoo_finance_raw
2021-08-23,93.45999908,93.51000214,92.94999695,92.95999908,0,0,1,92.95999908,yahoo_finance_raw
2021-08-24,92.98999786,93.08000183,92.80999756,92.88999939,0,0,1,92.88999939,yahoo_finance_raw
2021-08-25,92.87999725,93.12999725,92.80999756,92.83000183,0,0,1,92.83000183,yahoo_finance_raw
2021-08-26,92.83000183,93.08000183,92.80999756,93.05999756,0,0,1,93.05999756,yahoo_finance_raw
2021-08-27,93.02999878,93.18000031,92.62999725,92.69000244,0,0,1,92.69000244,yahoo_finance_raw
2021-08-30,92.68000031,92.79000092,92.59999847,92.65000153,0,0,1,92.65000153,yahoo_finance_raw
2021-08-31,92.70999908,92.75,92.40000153,92.62999725,0,0,1,92.62999725,yahoo_finance_raw
2021-09-01,92.66000366,92.79000092,92.37999725,92.44999695,0,0,1,92.44999695,yahoo_finance_raw
2021-09-02,92.51000214,92.54000092,92.20999908,92.23000336,0,0,1,92.23000336,yahoo_finance_raw
2021-09-03,92.22000122,92.26000214,91.94999695,92.04000092,0,0,1,92.04000092,yahoo_finance_raw
2021-09-07,92.19999695,92.56999969,92.09999847,92.51999664,0,0,1,92.51999664,yahoo_finance_raw
2021-09-08,92.54000092,92.86000061,92.47000122,92.65000153,0,0,1,92.65000153,yahoo_finance_raw
2021-09-09,92.70999908,92.76000214,92.37999725,92.48000336,0,0,1,92.48000336,yahoo_finance_raw
2021-09-10,92.52999878,92.65000153,92.33000183,92.58000183,0,0,1,92.58000183,yahoo_finance_raw
2021-09-13,92.61000061,92.88999939,92.56999969,92.62000275,0,0,1,92.62000275,yahoo_finance_raw
2021-09-14,92.62000275,92.68000031,92.31999969,92.65000153,0,0,1,92.65000153,yahoo_finance_raw
2021-09-15,92.68000031,92.68000031,92.41999817,92.48999786,0,0,1,92.48999786,yahoo_finance_raw
2021-09-16,92.45999908,92.95999908,92.45999908,92.86000061,0,0,1,92.86000061,yahoo_finance_raw
2021-09-17,92.87999725,93.25,92.76999664,93.19999695,0,0,1,93.19999695,yahoo_finance_raw
2021-09-20,93.25,93.44999695,93.19000244,93.23999786,0,0,1,93.23999786,yahoo_finance_raw
2021-09-21,93.23999786,93.29000092,93.05000305,93.19999695,0,0,1,93.19999695,yahoo_finance_raw
2021-09-22,93.23000336,93.51000214,92.98999786,93.45999908,0,0,1,93.45999908,yahoo_finance_raw
2021-09-23,93.48000336,93.51999664,92.98000336,93.09999847,0,0,1,93.09999847,yahoo_finance_raw
2021-09-24,93.06999969,93.41999817,93.05000305,93.33000183,0,0,1,93.33000183,yahoo_finance_raw
2021-09-27,93.27999878,93.48999786,93.20999908,93.37999725,0,0,1,93.37999725,yahoo_finance_raw
2021-09-28,93.41000366,93.80999756,93.36000061,93.76999664,0,0,1,93.76999664,yahoo_finance_raw
2021-09-29,93.72000122,94.43000031,93.66999817,94.33999634,0,0,1,94.33999634,yahoo_finance_raw
2021-09-30,94.34999847,94.5,94.11000061,94.25,0,0,1,94.25,yahoo_finance_raw
2021-10-01,94.30999756,94.38999939,93.98999786,94.04000092,0,0,1,94.04000092,yahoo_finance_raw
2021-10-04,94.06999969,94.09999847,93.68000031,93.80999756,0,0,1,93.80999756,yahoo_finance_raw
2021-10-05,93.83000183,94.06999969,93.80999756,93.98000336,0,0,1,93.98000336,yahoo_finance_raw
2021-10-06,93.98999786,94.44999695,93.98000336,94.26999664,0,0,1,94.26999664,yahoo_finance_raw
2021-10-07,94.23000336,94.27999878,94.08000183,94.22000122,0,0,1,94.22000122,yahoo_finance_raw
2021-10-08,94.20999908,94.33999634,93.94000244,94.06999969,0,0,1,94.06999969,yahoo_finance_raw
2021-10-11,94.09999847,94.40000153,94.02999878,94.31999969,0,0,1,94.31999969,yahoo_finance_raw
2021-10-12,94.37000275,94.55999756,94.23000336,94.51999664,0,0,1,94.51999664,yahoo_finance_raw
2021-10-13,94.51999664,94.52999878,94.01000214,94.08000183,0,0,1,94.08000183,yahoo_finance_raw
2021-10-14,94.01999664,94.08999634,93.76000214,93.95999908,0,0,1,93.95999908,yahoo_finance_raw
2021-10-15,94.02999878,94.06999969,93.84999847,93.94000244,0,0,1,93.94000244,yahoo_finance_raw
2021-10-18,93.94999695,94.16999817,93.87000275,93.94999695,0,0,1,93.94999695,yahoo_finance_raw
2021-10-19,93.94999695,93.94999695,93.5,93.79000092,0,0,1,93.79000092,yahoo_finance_raw
2021-10-20,93.80999756,93.87999725,93.54000092,93.55999756,0,0,1,93.55999756,yahoo_finance_raw
2021-10-21,93.58000183,93.79000092,93.5,93.76999664,0,0,1,93.76999664,yahoo_finance_raw
2021-10-22,93.75,93.79000092,93.54000092,93.61000061,0,0,1,93.61000061,yahoo_finance_raw
2021-10-25,93.66000366,93.95999908,93.48000336,93.80999756,0,0,1,93.80999756,yahoo_finance_raw
2021-10-26,93.83999634,94.01999664,93.70999908,93.94999695,0,0,1,93.94999695,yahoo_finance_raw
2021-10-27,93.97000122,94.01000214,93.69000244,93.86000061,0,0,1,93.86000061,yahoo_finance_raw
2021-10-28,93.87999725,93.97000122,93.27999878,93.34999847,0,0,1,93.34999847,yahoo_finance_raw
2021-10-29,93.36000061,94.30000305,93.31999969,94.12000275,0,0,1,94.12000275,yahoo_finance_raw
2021-11-01,94.12999725,94.30999756,93.86000061,93.87999725,0,0,1,93.87999725,yahoo_finance_raw
2021-11-02,93.93000031,94.12999725,93.81999969,94.08999634,0,0,1,94.08999634,yahoo_finance_raw
2021-11-03,94.12000275,94.20999908,93.81999969,93.86000061,0,0,1,93.86000061,yahoo_finance_raw
2021-11-04,93.86000061,94.47000122,93.83000183,94.34999847,0,0,1,94.34999847,yahoo_finance_raw
2021-11-05,94.33999634,94.62000275,94.19000244,94.31999969,0,0,1,94.31999969,yahoo_finance_raw
2021-11-08,94.25,94.37999725,93.98999786,94.05000305,0,0,1,94.05000305,yahoo_finance_raw
2021-11-09,94.08999634,94.15000153,93.87999725,93.95999908,0,0,1,93.95999908,yahoo_finance_raw
2021-11-10,93.98000336,94.90000153,93.97000122,94.84999847,0,0,1,94.84999847,yahoo_finance_raw
2021-11-11,94.83999634,95.19999695,94.83999634,95.18000031,0,0,1,95.18000031,yahoo_finance_raw
2021-11-12,95.18000031,95.26999664,95,95.12999725,0,0,1,95.12999725,yahoo_finance_raw
2021-11-15,95.12000275,95.59999847,94.97000122,95.41000366,0,0,1,95.41000366,yahoo_finance_raw
2021-11-16,95.47000122,95.98000336,95.40000153,95.91999817,0,0,1,95.91999817,yahoo_finance_raw
2021-11-17,95.94000244,96.23999786,95.73000336,95.83000183,0,0,1,95.83000183,yahoo_finance_raw
2021-11-18,95.80000305,95.83999634,95.51999664,95.54000092,0,0,1,95.54000092,yahoo_finance_raw
2021-11-19,95.58999634,96.23999786,95.58000183,96.06999969,0,0,1,96.06999969,yahoo_finance_raw
2021-11-22,96.06999969,96.55000305,96.04000092,96.5,0,0,1,96.5,yahoo_finance_raw
2021-11-23,96.45999908,96.61000061,96.30999756,96.48999786,0,0,1,96.48999786,yahoo_finance_raw
2021-11-24,96.52999878,96.94000244,96.44000244,96.83999634,0,0,1,96.83999634,yahoo_finance_raw
2021-11-26,96.72000122,96.76999664,95.75,96.08999634,0,0,1,96.08999634,yahoo_finance_raw
2021-11-29,96.13999939,96.44999695,96.13999939,96.33999634,0,0,1,96.33999634,yahoo_finance_raw
2021-11-30,96.22000122,96.63999939,95.51999664,95.98999786,0,0,1,95.98999786,yahoo_finance_raw
2021-12-01,95.94000244,96.13999939,95.66999817,96.05000305,0,0,1,96.05000305,yahoo_finance_raw
2021-12-02,96.06999969,96.18000031,95.83000183,96.12999725,0,0,1,96.12999725,yahoo_finance_raw
2021-12-03,96.12000275,96.44999695,95.97000122,96.12000275,0,0,1,96.12000275,yahoo_finance_raw
2021-12-06,96.15000153,96.43000031,96.12999725,96.29000092,0,0,1,96.29000092,yahoo_finance_raw
2021-12-07,96.30000305,96.58999634,96.16999817,96.37000275,0,0,1,96.37000275,yahoo_finance_raw
2021-12-08,96.26000214,96.37999725,95.84999847,95.88999939,0,0,1,95.88999939,yahoo_finance_raw
2021-12-09,95.95999908,96.33999634,95.95999908,96.26999664,0,0,1,96.26999664,yahoo_finance_raw
2021-12-10,96.22000122,96.43000031,95.98000336,96.05000305,0,0,1,96.05000305,yahoo_finance_raw
2021-12-13,96.05000305,96.44999695,96.05000305,96.31999969,0,0,1,96.31999969,yahoo_finance_raw
2021-12-14,96.34999847,96.58999634,96.09999847,96.56999969,0,0,1,96.56999969,yahoo_finance_raw
2021-12-15,96.55000305,96.91000366,96.30000305,96.51000214,0,0,1,96.51000214,yahoo_finance_raw
2021-12-16,96.43000031,96.44999695,95.84999847,96.04000092,0,0,1,96.04000092,yahoo_finance_raw
2021-12-17,96,96.69000244,95.87999725,96.56999969,0,0,1,96.56999969,yahoo_finance_raw
2021-12-20,96.66999817,96.69000244,96.33999634,96.55000305,0,0,1,96.55000305,yahoo_finance_raw
2021-12-21,96.54000092,96.63999939,96.33999634,96.48999786,0,0,1,96.48999786,yahoo_finance_raw
2021-12-22,96.47000122,96.59999847,96.01999664,96.08000183,0,0,1,96.08000183,yahoo_finance_raw
2021-12-23,96.02999878,96.27999878,95.98999786,96.01999664,0,0,1,96.01999664,yahoo_finance_raw
2021-12-27,96.15000153,96.26000214,96.05000305,96.08999634,0,0,1,96.08999634,yahoo_finance_raw
2021-12-28,96.06999969,96.27999878,96,96.19999695,0,0,1,96.19999695,yahoo_finance_raw
2021-12-29,96.15000153,96.40000153,95.76000214,95.93000031,0,0,1,95.93000031,yahoo_finance_raw
2021-12-30,95.88999939,96.22000122,95.86000061,95.97000122,0,0,1,95.97000122,yahoo_finance_raw
2021-12-31,95.98999786,96.11000061,95.56999969,95.66999817,0,0,1,95.66999817,yahoo_finance_raw
2022-01-03,95.66999817,96.33000183,95.62999725,96.23999786,0,0,1,96.23999786,yahoo_finance_raw
2022-01-04,96.19000244,96.45999908,96.02999878,96.29000092,0,0,1,96.29000092,yahoo_finance_raw
2022-01-05,96.30999756,96.33000183,95.88999939,96.19000244,0,0,1,96.19000244,yahoo_finance_raw
2022-01-06,96.19999695,96.38999939,96.04000092,96.25,0,0,1,96.25,yahoo_finance_raw
2022-01-07,96.26000214,96.30000305,95.70999908,95.73999786,0,0,1,95.73999786,yahoo_finance_raw
2022-01-10,95.73999786,96.23000336,95.73999786,95.98999786,0,0,1,95.98999786,yahoo_finance_raw
2022-01-11,95.93000031,96.06999969,95.58000183,95.62000275,0,0,1,95.62000275,yahoo_finance_raw
2022-01-12,95.58000183,95.69000244,94.91000366,95,0,0,1,95,yahoo_finance_raw
2022-01-13,94.98999786,95.01999664,94.66000366,94.79000092,0,0,1,94.79000092,yahoo_finance_raw
2022-01-14,94.87000275,95.26999664,94.62999725,95.16999817,0,0,1,95.16999817,yahoo_finance_raw
2022-01-18,95.22000122,95.83000183,95.12999725,95.73000336,0,0,1,95.73000336,yahoo_finance_raw
2022-01-19,95.76999664,95.79000092,95.48999786,95.51000214,0,0,1,95.51000214,yahoo_finance_raw
2022-01-20,95.58999634,95.86000061,95.41999817,95.73999786,0,0,1,95.73999786,yahoo_finance_raw
2022-01-21,95.80999756,95.83999634,95.5,95.63999939,0,0,1,95.63999939,yahoo_finance_raw
2022-01-24,95.63999939,96.12999725,95.62999725,95.91999817,0,0,1,95.91999817,yahoo_finance_raw
2022-01-25,95.93000031,96.26999664,95.90000153,95.94999695,0,0,1,95.94999695,yahoo_finance_raw
2022-01-26,95.95999908,96.54000092,95.91000366,96.48999786,0,0,1,96.48999786,yahoo_finance_raw
2022-01-27,96.55000305,97.29000092,96.52999878,97.26000214,0,0,1,97.26000214,yahoo_finance_raw
2022-01-28,97.25,97.44000244,97.05999756,97.26999664,0,0,1,97.26999664,yahoo_finance_raw
2022-01-31,97.22000122,97.30000305,96.51999664,96.54000092,0,0,1,96.54000092,yahoo_finance_raw
2022-02-01,96.69999695,96.72000122,96.23999786,96.38999939,0,0,1,96.38999939,yahoo_finance_raw
2022-02-02,96.26999664,96.30000305,95.80999756,95.94000244,0,0,1,95.94000244,yahoo_finance_raw
2022-02-03,96.01999664,96.25,95.23999786,95.37999725,0,0,1,95.37999725,yahoo_finance_raw
2022-02-04,95.30999756,95.69999695,95.13999939,95.48000336,0,0,1,95.48000336,yahoo_finance_raw
2022-02-07,95.48000336,95.62999725,95.34999847,95.40000153,0,0,1,95.40000153,yahoo_finance_raw
2022-02-08,95.43000031,95.75,95.40000153,95.63999939,0,0,1,95.63999939,yahoo_finance_raw
2022-02-09,95.58999634,95.66999817,95.37999725,95.48999786,0,0,1,95.48999786,yahoo_finance_raw
2022-02-10,95.56999969,96,95.16999817,95.55000305,0,0,1,95.55000305,yahoo_finance_raw
2022-02-11,95.94000244,96.11000061,95.63999939,96.08000183,0,0,1,96.08000183,yahoo_finance_raw
2022-02-14,96.02999878,96.44000244,95.91000366,96.37000275,0,0,1,96.37000275,yahoo_finance_raw
2022-02-15,96.23999786,96.29000092,95.95999908,95.98999786,0,0,1,95.98999786,yahoo_finance_raw
2022-02-16,96.01000214,96.05999756,95.68000031,95.69999695,0,0,1,95.69999695,yahoo_finance_raw
2022-02-17,95.76999664,96.11000061,95.70999908,95.80000305,0,0,1,95.80000305,yahoo_finance_raw
2022-02-18,95.83000183,96.16999817,95.73000336,96.04000092,0,0,1,96.04000092,yahoo_finance_raw
2022-02-22,96.08000183,96.26000214,95.83999634,96.02999878,0,0,1,96.02999878,yahoo_finance_raw
2022-02-23,96.04000092,96.23999786,95.84999847,96.19000244,0,0,1,96.19000244,yahoo_finance_raw
2022-02-24,96.22000122,97.73999786,96.22000122,97.13999939,0,0,1,97.13999939,yahoo_finance_raw
2022-02-25,97,97.22000122,96.51999664,96.62000275,0,0,1,96.62000275,yahoo_finance_raw
2022-02-28,96.54000092,97.41999817,96.54000092,96.70999908,0,0,1,96.70999908,yahoo_finance_raw
2022-03-01,96.76999664,97.58000183,96.62999725,97.41000366,0,0,1,97.41000366,yahoo_finance_raw
2022-03-02,97.37000275,97.83000183,97.29000092,97.38999939,0,0,1,97.38999939,yahoo_finance_raw
2022-03-03,97.47000122,97.94999695,97.43000031,97.79000092,0,0,1,97.79000092,yahoo_finance_raw
2022-03-04,98.04000092,98.91999817,97.83999634,98.65000153,0,0,1,98.65000153,yahoo_finance_raw
2022-03-07,98.56999969,99.41999817,98.56999969,99.29000092,0,0,1,99.29000092,yahoo_finance_raw
2022-03-08,99.23999786,99.31999969,98.70999908,99.05999756,0,0,1,99.05999756,yahoo_finance_raw
2022-03-09,99.12000275,99.12000275,97.84999847,97.97000122,0,0,1,97.97000122,yahoo_finance_raw
2022-03-10,98.05999756,98.59999847,97.70999908,98.51000214,0,0,1,98.51000214,yahoo_finance_raw
2022-03-11,98.36000061,99.16000366,98.26999664,99.12000275,0,0,1,99.12000275,yahoo_finance_raw
2022-03-14,99.12999725,99.29000092,98.68000031,99.05999756,0,0,1,99.05999756,yahoo_finance_raw
2022-03-15,99.12999725,99.19999695,98.63999939,99.06999969,0,0,1,99.06999969,yahoo_finance_raw
2022-03-16,98.88999939,99.08000183,98.30000305,98.37999725,0,0,1,98.37999725,yahoo_finance_raw
2022-03-17,98.5,98.51000214,97.73000336,98.01000214,0,0,1,98.01000214,yahoo_finance_raw
2022-03-18,98,98.62000275,97.83999634,98.23000336,0,0,1,98.23000336,yahoo_finance_raw
2022-03-21,98.23999786,98.52999878,98.16000366,98.5,0,0,1,98.5,yahoo_finance_raw
2022-03-22,98.48999786,98.97000122,98.31999969,98.48999786,0,0,1,98.48999786,yahoo_finance_raw
2022-03-23,98.48000336,98.87999725,98.38999939,98.62000275,0,0,1,98.62000275,yahoo_finance_raw
2022-03-24,98.63999939,98.95999908,98.59999847,98.79000092,0,0,1,98.79000092,yahoo_finance_raw
2022-03-25,98.75,98.83000183,98.40000153,98.80999756,0,0,1,98.80999756,yahoo_finance_raw
2022-03-28,98.80999756,99.37000275,98.80000305,99.08999634,0,0,1,99.08999634,yahoo_finance_raw
2022-03-29,99.08000183,99.30000305,98.04000092,98.40000153,0,0,1,98.40000153,yahoo_finance_raw
2022-03-30,98.37000275,98.43000031,97.69000244,97.79000092,0,0,1,97.79000092,yahoo_finance_raw
2022-03-31,97.83000183,98.40000153,97.69000244,98.30999756,0,0,1,98.30999756,yahoo_finance_raw
2022-04-01,98.33999634,98.73999786,98.30999756,98.62999725,0,0,1,98.62999725,yahoo_finance_raw
2022-04-04,98.56999969,99.08000183,98.51999664,98.98999786,0,0,1,98.98999786,yahoo_finance_raw
2022-04-05,99,99.51999664,98.83999634,99.47000122,0,0,1,99.47000122,yahoo_finance_raw
2022-04-06,99.47000122,99.76999664,99.30999756,99.59999847,0,0,1,99.59999847,yahoo_finance_raw
2022-04-07,99.65000153,99.83000183,99.40000153,99.75,0,0,1,99.75,yahoo_finance_raw
2022-04-08,99.81999969,100.19000244,99.73999786,99.80000305,0,0,1,99.80000305,yahoo_finance_raw
2022-04-11,99.83999634,100.05000305,99.62000275,99.93000031,0,0,1,99.93000031,yahoo_finance_raw
2022-04-12,100.04000092,100.33000183,99.73999786,100.29000092,0,0,1,100.29000092,yahoo_finance_raw
2022-04-13,100.33999634,100.51999664,99.83000183,99.87999725,0,0,1,99.87999725,yahoo_finance_raw
2022-04-14,99.79000092,100.76000214,99.56999969,100.31999969,0,0,1,100.31999969,yahoo_finance_raw
2022-04-18,100.5,100.86000061,100.45999908,100.77999878,0,0,1,100.77999878,yahoo_finance_raw
2022-04-19,100.83000183,101.02999878,100.69999695,100.95999908,0,0,1,100.95999908,yahoo_finance_raw
2022-04-20,100.98000336,101.04000092,100.22000122,100.38999939,0,0,1,100.38999939,yahoo_finance_raw
2022-04-21,100.34999847,100.63999939,99.81999969,100.58000183,0,0,1,100.58000183,yahoo_finance_raw
2022-04-22,100.62000275,101.33000183,100.47000122,101.22000122,0,0,1,101.22000122,yahoo_finance_raw
2022-04-25,101.12000275,101.86000061,101.04000092,101.75,0,0,1,101.75,yahoo_finance_raw
2022-04-26,101.73000336,102.36000061,101.51000214,102.30000305,0,0,1,102.30000305,yahoo_finance_raw
2022-04-27,102.27999878,103.27999878,102.22000122,102.94999695,0,0,1,102.94999695,yahoo_finance_raw
2022-04-28,103.04000092,103.93000031,102.98000336,103.62000275,0,0,1,103.62000275,yahoo_finance_raw
2022-04-29,103.66999817,103.66999817,102.81999969,102.95999908,0,0,1,102.95999908,yahoo_finance_raw
2022-05-02,103.20999908,103.75,103.11000061,103.73999786,0,0,1,103.73999786,yahoo_finance_raw
2022-05-03,103.59999847,103.66999817,103.02999878,103.47000122,0,0,1,103.47000122,yahoo_finance_raw
2022-05-04,103.45999908,103.62000275,102.45999908,102.58999634,0,0,1,102.58999634,yahoo_finance_raw
2022-05-05,102.68000031,103.94000244,102.34999847,103.75,0,0,1,103.75,yahoo_finance_raw
2022-05-06,103.55999756,104.05999756,103.19000244,103.66000366,0,0,1,103.66000366,yahoo_finance_raw
2022-05-09,103.66000366,104.19000244,103.38999939,103.65000153,0,0,1,103.65000153,yahoo_finance_raw
2022-05-10,103.73000336,103.98000336,103.5,103.91999817,0,0,1,103.91999817,yahoo_finance_raw
2022-05-11,103.90000153,104.11000061,103.37000275,103.84999847,0,0,1,103.84999847,yahoo_finance_raw
2022-05-12,104.01000214,104.93000031,103.87999725,104.84999847,0,0,1,104.84999847,yahoo_finance_raw
2022-05-13,104.76999664,105.01000214,104.47000122,104.55999756,0,0,1,104.55999756,yahoo_finance_raw
2022-05-16,104.47000122,104.63999939,104.13999939,104.19000244,0,0,1,104.19000244,yahoo_finance_raw
2022-05-17,104.16999817,104.23000336,103.23000336,103.36000061,0,0,1,103.36000061,yahoo_finance_raw
2022-05-18,103.33999634,103.93000031,103.19000244,103.80999756,0,0,1,103.80999756,yahoo_finance_raw
2022-05-19,103.83000183,103.87999725,102.66000366,102.72000122,0,0,1,102.72000122,yahoo_finance_raw
2022-05-20,102.90000153,103.26000214,102.76999664,103.15000153,0,0,1,103.15000153,yahoo_finance_raw
2022-05-23,103.02999878,103.05000305,102.04000092,102.08000183,0,0,1,102.08000183,yahoo_finance_raw
2022-05-24,102.11000061,102.31999969,101.65000153,101.86000061,0,0,1,101.86000061,yahoo_finance_raw
2022-05-25,101.76999664,102.44999695,101.73000336,102.05999756,0,0,1,102.05999756,yahoo_finance_raw
2022-05-26,102.01999664,102.26999664,101.73999786,101.83000183,0,0,1,101.83000183,yahoo_finance_raw
2022-05-27,101.72000122,101.94000244,101.43000031,101.66999817,0,0,1,101.66999817,yahoo_finance_raw
2022-05-31,101.44000244,102.16999817,101.41000366,101.75,0,0,1,101.75,yahoo_finance_raw
2022-06-01,101.76000214,102.73000336,101.73999786,102.55000305,0,0,1,102.55000305,yahoo_finance_raw
2022-06-02,102.55000305,102.62000275,101.73999786,101.76999664,0,0,1,101.76999664,yahoo_finance_raw
2022-06-03,101.75,102.23000336,101.63999939,102.13999939,0,0,1,102.13999939,yahoo_finance_raw
2022-06-06,102.16999817,102.47000122,101.84999847,102.44000244,0,0,1,102.44000244,yahoo_finance_raw
2022-06-07,102.48999786,102.83999634,102.26000214,102.31999969,0,0,1,102.31999969,yahoo_finance_raw
2022-06-08,102.38999939,102.77999878,102.26999664,102.54000092,0,0,1,102.54000092,yahoo_finance_raw
2022-06-09,102.55999756,103.37000275,102.15000153,103.22000122,0,0,1,103.22000122,yahoo_finance_raw
2022-06-10,103.33999634,104.23000336,103.05000305,104.15000153,0,0,1,104.15000153,yahoo_finance_raw
2022-06-13,104.20999908,105.29000092,104.20999908,105.08000183,0,0,1,105.08000183,yahoo_finance_raw
2022-06-14,105.19000244,105.65000153,104.62000275,105.51999664,0,0,1,105.51999664,yahoo_finance_raw
2022-06-15,105.34999847,105.79000092,104.66000366,105.16000366,0,0,1,105.16000366,yahoo_finance_raw
2022-06-16,104.90000153,105.48999786,103.41999817,103.62999725,0,0,1,103.62999725,yahoo_finance_raw
2022-06-17,103.87999725,105.08999634,103.83000183,104.69999695,0,0,1,104.69999695,yahoo_finance_raw
2022-06-21,104.44000244,104.54000092,103.94000244,104.44000244,0,0,1,104.44000244,yahoo_finance_raw
2022-06-22,104.43000031,104.94999695,103.86000061,104.19999695,0,0,1,104.19999695,yahoo_finance_raw
2022-06-23,104.20999908,104.76999664,104.05999756,104.43000031,0,0,1,104.43000031,yahoo_finance_raw
2022-06-24,104.37999725,104.51000214,103.94999695,104.19000244,0,0,1,104.19000244,yahoo_finance_raw
2022-06-27,104.12000275,104.20999908,103.66999817,103.94000244,0,0,1,103.94000244,yahoo_finance_raw
2022-06-28,103.97000122,104.61000061,103.76999664,104.51000214,0,0,1,104.51000214,yahoo_finance_raw
2022-06-29,104.45999908,105.15000153,104.36000061,105.11000061,0,0,1,105.11000061,yahoo_finance_raw
2022-06-30,105.05999756,105.54000092,104.65000153,104.69000244,0,0,1,104.69000244,yahoo_finance_raw
2022-07-01,104.77999878,105.63999939,104.73999786,105.13999939,0,0,1,105.13999939,yahoo_finance_raw
2022-07-05,105.13999939,106.79000092,105.05000305,106.5,0,0,1,106.5,yahoo_finance_raw
2022-07-06,106.48999786,107.26000214,106.36000061,107.09999847,0,0,1,107.09999847,yahoo_finance_raw
2022-07-07,107.06999969,107.23999786,106.70999908,107.12999725,0,0,1,107.12999725,yahoo_finance_raw
2022-07-08,107.04000092,107.79000092,106.80999756,107.01000214,0,0,1,107.01000214,yahoo_finance_raw
2022-07-11,106.91999817,108.26999664,106.91999817,108.01999664,0,0,1,108.01999664,yahoo_finance_raw
2022-07-12,108.18000031,108.55999756,107.83999634,108.06999969,0,0,1,108.06999969,yahoo_finance_raw
2022-07-13,108.19000244,108.58000183,107.48000336,107.95999908,0,0,1,107.95999908,yahoo_finance_raw
2022-07-14,108.19999695,109.29000092,108.19999695,108.54000092,0,0,1,108.54000092,yahoo_finance_raw
2022-07-15,108.66999817,108.70999908,107.91000366,108.05999756,0,0,1,108.05999756,yahoo_finance_raw
2022-07-18,107.98000336,108.04000092,106.88999939,107.37000275,0,0,1,107.37000275,yahoo_finance_raw
2022-07-19,107.48999786,107.62999725,106.40000153,106.68000031,0,0,1,106.68000031,yahoo_finance_raw
2022-07-20,106.66999817,107.26000214,106.38999939,107.08000183,0,0,1,107.08000183,yahoo_finance_raw
2022-07-21,107.08999634,107.31999969,106.41999817,106.91000366,0,0,1,106.91000366,yahoo_finance_raw
2022-07-22,106.58999634,107.36000061,106.11000061,106.73000336,0,0,1,106.73000336,yahoo_finance_raw
2022-07-25,106.55000305,106.87999725,106.19000244,106.48000336,0,0,1,106.48000336,yahoo_finance_raw
2022-07-26,106.44999695,107.27999878,106.19999695,107.19000244,0,0,1,107.19000244,yahoo_finance_raw
2022-07-27,107.12999725,107.43000031,106.26000214,106.44999695,0,0,1,106.44999695,yahoo_finance_raw
2022-07-28,106.37000275,106.98000336,106.05999756,106.34999847,0,0,1,106.34999847,yahoo_finance_raw
2022-07-29,106.20999908,106.66000366,105.54000092,105.90000153,0,0,1,105.90000153,yahoo_finance_raw
2022-08-01,105.83000183,106.02999878,105.23999786,105.44999695,0,0,1,105.44999695,yahoo_finance_raw
2022-08-02,105.36000061,106.33999634,105.05000305,106.23999786,0,0,1,106.23999786,yahoo_finance_raw
2022-08-03,106.43000031,106.81999969,105.97000122,106.51000214,0,0,1,106.51000214,yahoo_finance_raw
2022-08-04,106.48000336,106.51000214,105.66999817,105.69000244,0,0,1,105.69000244,yahoo_finance_raw
2022-08-05,105.72000122,106.93000031,105.69000244,106.62000275,0,0,1,106.62000275,yahoo_finance_raw
2022-08-08,106.58000183,106.80000305,106.08999634,106.44000244,0,0,1,106.44000244,yahoo_finance_raw
2022-08-09,106.33999634,106.41000366,105.97000122,106.37000275,0,0,1,106.37000275,yahoo_finance_raw
2022-08-10,106.33999634,106.40000153,104.63999939,105.19999695,0,0,1,105.19999695,yahoo_finance_raw
2022-08-11,105.20999908,105.45999908,104.65000153,105.08999634,0,0,1,105.08999634,yahoo_finance_raw
2022-08-12,105.16000366,105.87999725,105.08999634,105.62999725,0,0,1,105.62999725,yahoo_finance_raw
2022-08-15,105.66999817,106.55000305,105.55000305,106.55000305,0,0,1,106.55000305,yahoo_finance_raw
2022-08-16,106.48000336,106.94000244,106.31999969,106.5,0,0,1,106.5,yahoo_finance_raw
2022-08-17,106.44999695,106.88999939,106.30999756,106.56999969,0,0,1,106.56999969,yahoo_finance_raw
2022-08-18,106.68000031,107.55999756,106.51000214,107.48000336,0,0,1,107.48000336,yahoo_finance_raw
2022-08-19,107.5,108.22000122,107.47000122,108.16999817,0,0,1,108.16999817,yahoo_finance_raw
2022-08-22,108.09999847,109.09999847,108.08000183,109.05000305,0,0,1,109.05000305,yahoo_finance_raw
2022-08-23,109,109.26999664,108.08000183,108.62000275,0,0,1,108.62000275,yahoo_finance_raw
2022-08-24,108.51999664,109.11000061,108.36000061,108.68000031,0,0,1,108.68000031,yahoo_finance_raw
2022-08-25,108.62999725,108.69000244,107.98999786,108.47000122,0,0,1,108.47000122,yahoo_finance_raw
2022-08-26,108.47000122,108.87000275,107.58999634,108.80000305,0,0,1,108.80000305,yahoo_finance_raw
2022-08-29,108.83999634,109.48000336,108.48999786,108.83999634,0,0,1,108.83999634,yahoo_finance_raw
2022-08-30,108.69999695,109.11000061,108.29000092,108.76999664,0,0,1,108.76999664,yahoo_finance_raw
2022-08-31,108.75,109.19999695,108.37999725,108.69999695,0,0,1,108.69999695,yahoo_finance_raw
2022-09-01,108.83999634,109.98000336,108.76999664,109.69000244,0,0,1,109.69000244,yahoo_finance_raw
2022-09-02,109.63999939,109.72000122,108.93000031,109.52999878,0,0,1,109.52999878,yahoo_finance_raw
2022-09-06,109.59999847,110.55000305,109.37999725,110.20999908,0,0,1,110.20999908,yahoo_finance_raw
2022-09-07,110.31999969,110.79000092,109.54000092,109.83999634,0,0,1,109.83999634,yahoo_finance_raw
2022-09-08,109.66999817,110.23999786,109.33000183,109.70999908,0,0,1,109.70999908,yahoo_finance_raw
2022-09-09,109.54000092,109.54000092,108.36000061,109,0,0,1,109,yahoo_finance_raw
2022-09-12,108.59999847,108.86000061,107.80999756,108.33000183,0,0,1,108.33000183,yahoo_finance_raw
2022-09-13,108.23000336,109.95999908,107.68000031,109.81999969,0,0,1,109.81999969,yahoo_finance_raw
2022-09-14,109.93000031,109.93000031,109.27999878,109.66000366,0,0,1,109.66000366,yahoo_finance_raw
2022-09-15,109.61000061,109.91999817,109.41999817,109.73999786,0,0,1,109.73999786,yahoo_finance_raw
2022-09-16,109.80000305,110.26000214,109.48000336,109.76000214,0,0,1,109.76000214,yahoo_finance_raw
2022-09-19,109.63999939,110.18000031,109.48999786,109.73999786,0,0,1,109.73999786,yahoo_finance_raw
2022-09-20,109.58000183,110.29000092,109.36000061,110.22000122,0,0,1,110.22000122,yahoo_finance_raw
2022-09-21,110.16000366,111.58000183,110.12999725,110.63999939,0,0,1,110.63999939,yahoo_finance_raw
2022-09-22,111.48000336,111.80999756,110.45999908,111.34999847,0,0,1,111.34999847,yahoo_finance_raw
2022-09-23,111.23999786,113.23000336,111.08000183,113.19000244,0,0,1,113.19000244,yahoo_finance_raw
2022-09-26,113.01999664,114.52999878,112.94000244,114.09999847,0,0,1,114.09999847,yahoo_finance_raw
2022-09-27,114.01999664,114.47000122,113.33000183,114.11000061,0,0,1,114.11000061,yahoo_finance_raw
2022-09-28,114.19000244,114.77999878,112.55999756,112.59999847,0,0,1,112.59999847,yahoo_finance_raw
2022-09-29,113.01000214,113.79000092,111.91999817,112.25,0,0,1,112.25,yahoo_finance_raw
2022-09-30,111.75,112.66999817,111.58000183,112.12000275,0,0,1,112.12000275,yahoo_finance_raw
2022-10-03,112.16999817,112.54000092,111.47000122,111.75,0,0,1,111.75,yahoo_finance_raw
2022-10-04,111.58999634,111.88999939,110.05999756,110.06999969,0,0,1,110.06999969,yahoo_finance_raw
2022-10-05,110.23000336,111.73999786,110.08999634,111.06999969,0,0,1,111.06999969,yahoo_finance_raw
2022-10-06,111.01999664,112.30999756,110.77999878,112.26000214,0,0,1,112.26000214,yahoo_finance_raw
2022-10-07,112.25,112.87999725,111.94999695,112.80000305,0,0,1,112.80000305,yahoo_finance_raw
2022-10-10,112.75,113.33000183,112.62000275,113.13999939,0,0,1,113.13999939,yahoo_finance_raw
2022-10-11,113.08000183,113.5,112.41000366,113.22000122,0,0,1,113.22000122,yahoo_finance_raw
2022-10-12,113.30999756,113.58999634,113.05000305,113.31999969,0,0,1,113.31999969,yahoo_finance_raw
2022-10-13,113.23999786,113.91999817,112.15000153,112.36000061,0,0,1,112.36000061,yahoo_finance_raw
2022-10-14,112.47000122,113.41999817,112.16000366,113.30999756,0,0,1,113.30999756,yahoo_finance_raw
2022-10-17,113.22000122,113.22000122,111.91999817,112.04000092,0,0,1,112.04000092,yahoo_finance_raw
2022-10-18,112.06999969,112.45999908,111.76999664,112.12999725,0,0,1,112.12999725,yahoo_finance_raw
2022-10-19,111.91999817,113.09999847,111.91999817,112.98000336,0,0,1,112.98000336,yahoo_finance_raw
2022-10-20,112.98999786,113.08999634,112.16999817,112.87999725,0,0,1,112.87999725,yahoo_finance_raw
2022-10-21,112.94000244,113.94000244,111.69999695,112.01000214,0,0,1,112.01000214,yahoo_finance_raw
2022-10-24,111.87999725,112.52999878,111.47000122,111.98999786,0,0,1,111.98999786,yahoo_finance_raw
2022-10-25,111.81999969,112.12999725,110.76000214,110.94999695,0,0,1,110.94999695,yahoo_finance_raw
2022-10-26,110.95999908,111.13999939,109.62999725,109.69999695,0,0,1,109.69999695,yahoo_finance_raw
2022-10-27,109.62000275,110.62000275,109.54000092,110.58999634,0,0,1,110.58999634,yahoo_finance_raw
2022-10-28,110.5,111.04000092,110.29000092,110.66999817,0,0,1,110.66999817,yahoo_finance_raw
2022-10-31,110.66999817,111.66999817,110.66999817,111.52999878,0,0,1,111.52999878,yahoo_finance_raw
2022-11-01,111.51999664,111.77999878,110.72000122,111.48000336,0,0,1,111.48000336,yahoo_finance_raw
2022-11-02,111.54000092,112.15000153,110.43000031,111.34999847,0,0,1,111.34999847,yahoo_finance_raw
2022-11-03,112.16999817,113.15000153,111.81999969,112.93000031,0,0,1,112.93000031,yahoo_finance_raw
2022-11-04,112.97000122,112.98999786,110.72000122,110.87999725,0,0,1,110.87999725,yahoo_finance_raw
2022-11-07,110.79000092,111.26999664,110.05000305,110.12000275,0,0,1,110.12000275,yahoo_finance_raw
2022-11-08,110.05999756,110.61000061,109.37000275,109.62000275,0,0,1,109.62000275,yahoo_finance_raw
2022-11-09,109.65000153,110.63999939,109.44999695,110.55000305,0,0,1,110.55000305,yahoo_finance_raw
2022-11-10,110.30000305,110.98999786,107.70999908,108.20999908,0,0,1,108.20999908,yahoo_finance_raw
2022-11-11,108.23999786,108.44000244,106.27999878,106.29000092,0,0,1,106.29000092,yahoo_finance_raw
2022-11-14,106.48000336,107.26999664,106.48000336,106.66000366,0,0,1,106.66000366,yahoo_finance_raw
2022-11-15,107,107.09999847,105.33999634,106.40000153,0,0,1,106.40000153,yahoo_finance_raw
2022-11-16,106.58000183,106.77999878,105.86000061,106.27999878,0,0,1,106.27999878,yahoo_finance_raw
2022-11-17,106.26999664,107.23999786,106.09999847,106.69000244,0,0,1,106.69000244,yahoo_finance_raw
2022-11-18,106.69000244,107.04000092,106.33999634,106.93000031,0,0,1,106.93000031,yahoo_finance_raw
2022-11-21,106.97000122,107.98999786,106.88999939,107.83999634,0,0,1,107.83999634,yahoo_finance_raw
2022-11-22,107.69999695,107.75,107.12000275,107.22000122,0,0,1,107.22000122,yahoo_finance_raw
2022-11-23,107.08000183,107.22000122,106.02999878,106.08000183,0,0,1,106.08000183,yahoo_finance_raw
2022-11-25,105.95999908,106.41999817,105.69000244,105.95999908,0,0,1,105.95999908,yahoo_finance_raw
2022-11-28,106.05999756,106.75,105.31999969,106.68000031,0,0,1,106.68000031,yahoo_finance_raw
2022-11-29,106.56999969,106.87999725,106.05999756,106.81999969,0,0,1,106.81999969,yahoo_finance_raw
2022-11-30,106.72000122,107.19999695,105.77999878,105.94999695,0,0,1,105.94999695,yahoo_finance_raw
2022-12-01,105.69999695,105.90000153,104.66000366,104.73000336,0,0,1,104.73000336,yahoo_finance_raw
2022-12-02,104.81999969,105.58999634,104.37999725,104.55000305,0,0,1,104.55000305,yahoo_finance_raw
2022-12-05,104.51000214,105.40000153,104.11000061,105.29000092,0,0,1,105.29000092,yahoo_finance_raw
2022-12-06,105.16000366,105.62999725,104.88999939,105.58000183,0,0,1,105.58000183,yahoo_finance_raw
2022-12-07,105.62999725,105.81999969,104.87999725,105.09999847,0,0,1,105.09999847,yahoo_finance_raw
2022-12-08,105.19999695,105.43000031,104.72000122,104.76999664,0,0,1,104.76999664,yahoo_finance_raw
2022-12-09,104.86000061,105.13999939,104.48000336,104.80999756,0,0,1,104.80999756,yahoo_finance_raw
2022-12-12,104.93000031,105.25,104.66999817,105.12999725,0,0,1,105.12999725,yahoo_finance_raw
2022-12-13,104.98999786,105.09999847,103.58999634,103.98000336,0,0,1,103.98000336,yahoo_finance_raw
2022-12-14,104.06999969,104.16000366,103.44999695,103.76999664,0,0,1,103.76999664,yahoo_finance_raw
2022-12-15,103.66999817,104.87999725,103.54000092,104.55999756,0,0,1,104.55999756,yahoo_finance_raw
2022-12-16,104.44999695,104.83999634,104.20999908,104.69999695,0,0,1,104.69999695,yahoo_finance_raw
2022-12-19,104.83999634,104.93000031,104.12999725,104.72000122,0,0,1,104.72000122,yahoo_finance_raw
2022-12-20,104.73000336,104.79000092,103.77999878,103.97000122,0,0,1,103.97000122,yahoo_finance_raw
2022-12-21,103.94999695,104.37999725,103.84999847,104.16000366,0,0,1,104.16000366,yahoo_finance_raw
2022-12-22,104.22000122,104.59999847,103.75,104.43000031,0,0,1,104.43000031,yahoo_finance_raw
2022-12-23,104.38999939,104.54000092,104.12000275,104.30999756,0,0,1,104.30999756,yahoo_finance_raw
2022-12-27,104.12000275,104.40000153,103.88999939,104.18000031,0,0,1,104.18000031,yahoo_finance_raw
2022-12-28,104.33000183,104.55999756,103.84999847,104.45999908,0,0,1,104.45999908,yahoo_finance_raw
2022-12-29,104.37000275,104.44999695,103.77999878,103.83999634,0,0,1,103.83999634,yahoo_finance_raw
2022-12-30,103.94999695,104.09999847,103.38999939,103.51999664,0,0,1,103.51999664,yahoo_finance_raw
2023-01-03,103.66000366,104.86000061,103.47000122,104.51999664,0,0,1,104.51999664,yahoo_finance_raw
2023-01-04,104.58000183,104.59999847,103.83000183,104.25,0,0,1,104.25,yahoo_finance_raw
2023-01-05,104.06999969,105.26999664,103.98999786,105.04000092,0,0,1,105.04000092,yahoo_finance_raw
2023-01-06,105.05000305,105.62999725,103.87000275,103.87999725,0,0,1,103.87999725,yahoo_finance_raw
2023-01-09,103.91000366,103.94000244,102.94000244,103,0,0,1,103,yahoo_finance_raw
2023-01-10,103.29000092,103.48999786,103.02999878,103.23999786,0,0,1,103.23999786,yahoo_finance_raw
2023-01-11,103.22000122,103.48000336,103.11000061,103.19000244,0,0,1,103.19000244,yahoo_finance_raw
2023-01-12,103.05999756,103.29000092,102.08000183,102.25,0,0,1,102.25,yahoo_finance_raw
2023-01-13,102.20999908,102.65000153,101.98999786,102.19999695,0,0,1,102.19999695,yahoo_finance_raw
2023-01-17,102.31999969,102.55999756,101.94000244,102.38999939,0,0,1,102.38999939,yahoo_finance_raw
2023-01-18,102.47000122,102.90000153,101.52999878,102.36000061,0,0,1,102.36000061,yahoo_finance_raw
2023-01-19,102.37999725,102.48000336,101.98999786,102.05999756,0,0,1,102.05999756,yahoo_finance_raw
2023-01-20,102.08000183,102.55000305,101.94000244,102.01000214,0,0,1,102.01000214,yahoo_finance_raw
2023-01-23,101.98999786,102.27999878,101.58999634,102.13999939,0,0,1,102.13999939,yahoo_finance_raw
2023-01-24,101.98999786,102.43000031,101.72000122,101.91999817,0,0,1,101.91999817,yahoo_finance_raw
2023-01-25,102.01000214,102.12000275,101.58000183,101.63999939,0,0,1,101.63999939,yahoo_finance_raw
2023-01-26,101.58000183,102.18000031,101.5,101.83999634,0,0,1,101.83999634,yahoo_finance_raw
2023-01-27,101.72000122,102.19000244,101.68000031,101.93000031,0,0,1,101.93000031,yahoo_finance_raw
2023-01-30,101.91999817,102.30999756,101.66000366,102.27999878,0,0,1,102.27999878,yahoo_finance_raw
2023-01-31,102.19000244,102.61000061,102.01000214,102.09999847,0,0,1,102.09999847,yahoo_finance_raw
2023-02-01,102.09999847,102.19000244,101.04000092,101.22000122,0,0,1,101.22000122,yahoo_finance_raw
2023-02-02,100.84999847,101.91000366,100.81999969,101.75,0,0,1,101.75,yahoo_finance_raw
2023-02-03,101.83000183,103.01000214,101.55000305,102.91999817,0,0,1,102.91999817,yahoo_finance_raw
2023-02-06,103.01000214,103.76999664,103.01000214,103.62000275,0,0,1,103.62000275,yahoo_finance_raw
2023-02-07,103.54000092,103.95999908,103,103.43000031,0,0,1,103.43000031,yahoo_finance_raw
2023-02-08,103.26999664,103.51999664,103,103.41000366,0,0,1,103.41000366,yahoo_finance_raw
2023-02-09,103.43000031,103.55000305,102.63999939,103.22000122,0,0,1,103.22000122,yahoo_finance_raw
2023-02-10,103.26000214,103.68000031,102.90000153,103.62999725,0,0,1,103.62999725,yahoo_finance_raw
2023-02-13,103.58000183,103.83999634,103.23999786,103.34999847,0,0,1,103.34999847,yahoo_finance_raw
2023-02-14,103.22000122,103.51999664,102.58999634,103.23000336,0,0,1,103.23000336,yahoo_finance_raw
2023-02-15,103.20999908,104.11000061,103.16000366,103.91999817,0,0,1,103.91999817,yahoo_finance_raw
2023-02-16,103.87999725,104.23000336,103.52999878,103.86000061,0,0,1,103.86000061,yahoo_finance_raw
2023-02-17,104.19999695,104.66999817,103.83999634,103.86000061,0,0,1,103.86000061,yahoo_finance_raw
2023-02-21,103.91000366,104.26000214,103.76999664,104.18000031,0,0,1,104.18000031,yahoo_finance_raw
2023-02-22,104.12999725,104.59999847,104.01000214,104.58999634,0,0,1,104.58999634,yahoo_finance_raw
2023-02-23,104.5,104.77999878,104.30999756,104.59999847,0,0,1,104.59999847,yahoo_finance_raw
2023-02-24,104.55999756,105.31999969,104.41999817,105.20999908,0,0,1,105.20999908,yahoo_finance_raw
2023-02-27,105.26000214,105.36000061,104.55000305,104.66999817,0,0,1,104.66999817,yahoo_finance_raw
2023-02-28,104.62999725,105,104.41999817,104.87000275,0,0,1,104.87000275,yahoo_finance_raw
2023-03-01,105.04000092,105.08999634,104.08999634,104.48000336,0,0,1,104.48000336,yahoo_finance_raw
2023-03-02,104.38999939,105.18000031,104.38999939,105.02999878,0,0,1,105.02999878,yahoo_finance_raw
2023-03-03,104.94000244,105,104.48999786,104.51999664,0,0,1,104.51999664,yahoo_finance_raw
2023-03-06,104.52999878,104.69000244,104.16000366,104.34999847,0,0,1,104.34999847,yahoo_finance_raw
2023-03-07,104.30000305,105.65000153,104.12000275,105.62000275,0,0,1,105.62000275,yahoo_finance_raw
2023-03-08,105.66999817,105.87999725,105.37000275,105.66000366,0,0,1,105.66000366,yahoo_finance_raw
2023-03-09,105.62000275,105.73000336,105.15000153,105.30999756,0,0,1,105.30999756,yahoo_finance_raw
2023-03-10,105.12999725,105.34999847,104.04000092,104.58000183,0,0,1,104.58000183,yahoo_finance_raw
2023-03-13,104.38999939,104.38999939,103.48000336,103.59999847,0,0,1,103.59999847,yahoo_finance_raw
2023-03-14,103.66999817,104.05000305,103.5,103.59999847,0,0,1,103.59999847,yahoo_finance_raw
2023-03-15,103.73999786,105.09999847,103.44000244,104.65000153,0,0,1,104.65000153,yahoo_finance_raw
2023-03-16,104.62000275,104.73999786,104.19999695,104.41999817,0,0,1,104.41999817,yahoo_finance_raw
2023-03-17,104.41000366,104.44999695,103.69000244,103.70999908,0,0,1,103.70999908,yahoo_finance_raw
2023-03-20,103.86000061,103.95999908,103.27999878,103.27999878,0,0,1,103.27999878,yahoo_finance_raw
2023-03-21,103.30999756,103.51999664,103,103.26000214,0,0,1,103.26000214,yahoo_finance_raw
2023-03-22,103.19999695,103.26999664,102.06999969,102.34999847,0,0,1,102.34999847,yahoo_finance_raw
2023-03-23,102.5,102.63999939,101.91999817,102.52999878,0,0,1,102.52999878,yahoo_finance_raw
2023-03-24,102.59999847,103.36000061,102.5,103.12000275,0,0,1,103.12000275,yahoo_finance_raw
2023-03-27,103.12000275,103.23000336,102.83000183,102.86000061,0,0,1,102.86000061,yahoo_finance_raw
2023-03-28,102.75,102.76000214,102.37999725,102.43000031,0,0,1,102.43000031,yahoo_finance_raw
2023-03-29,102.48999786,102.79000092,102.37000275,102.63999939,0,0,1,102.63999939,yahoo_finance_raw
2023-03-30,102.62000275,102.77999878,102.06999969,102.13999939,0,0,1,102.13999939,yahoo_finance_raw
2023-03-31,102.19999695,102.62999725,102.05000305,102.51000214,0,0,1,102.51000214,yahoo_finance_raw
2023-04-03,102.58999634,103.05999756,101.98000336,102.08999634,0,0,1,102.08999634,yahoo_finance_raw
2023-04-04,102.01000214,102.27999878,101.45999908,101.58999634,0,0,1,101.58999634,yahoo_finance_raw
2023-04-05,101.51999664,101.98999786,101.41999817,101.84999847,0,0,1,101.84999847,yahoo_finance_raw
2023-04-06,101.83000183,102.13999939,101.76000214,101.81999969,0,0,1,101.81999969,yahoo_finance_raw
2023-04-10,102.09999847,102.80999756,101.98999786,102.58000183,0,0,1,102.58000183,yahoo_finance_raw
2023-04-11,102.51999664,102.51999664,102.01000214,102.19999695,0,0,1,102.19999695,yahoo_finance_raw
2023-04-12,102.12999725,102.16000366,101.44999695,101.5,0,0,1,101.5,yahoo_finance_raw
2023-04-13,101.47000122,101.59999847,100.84999847,101.01000214,0,0,1,101.01000214,yahoo_finance_raw
2023-04-14,101,101.75,100.79000092,101.55000305,0,0,1,101.55000305,yahoo_finance_raw
2023-04-17,101.58000183,102.23000336,101.52999878,102.09999847,0,0,1,102.09999847,yahoo_finance_raw
2023-04-18,102.09999847,102.13999939,101.63999939,101.75,0,0,1,101.75,yahoo_finance_raw
2023-04-19,101.70999908,102.23000336,101.66000366,101.97000122,0,0,1,101.97000122,yahoo_finance_raw
2023-04-20,101.98999786,102.12999725,101.62999725,101.83999634,0,0,1,101.83999634,yahoo_finance_raw
2023-04-21,101.80000305,102.12000275,101.65000153,101.81999969,0,0,1,101.81999969,yahoo_finance_raw
2023-04-24,101.72000122,101.91000366,101.33000183,101.34999847,0,0,1,101.34999847,yahoo_finance_raw
2023-04-25,101.26000214,101.94999695,101.19999695,101.86000061,0,0,1,101.86000061,yahoo_finance_raw
2023-04-26,101.81999969,101.88999939,101.01000214,101.47000122,0,0,1,101.47000122,yahoo_finance_raw
2023-04-27,101.40000153,101.80000305,101.27999878,101.5,0,0,1,101.5,yahoo_finance_raw
2023-04-28,101.47000122,102.16999817,101.41999817,101.66999817,0,0,1,101.66999817,yahoo_finance_raw
2023-05-01,101.66999817,102.19000244,101.62000275,102.15000153,0,0,1,102.15000153,yahoo_finance_raw
2023-05-02,102.15000153,102.40000153,101.87999725,101.95999908,0,0,1,101.95999908,yahoo_finance_raw
2023-05-03,101.86000061,101.91999817,101.06999969,101.33999634,0,0,1,101.33999634,yahoo_finance_raw
2023-05-04,101.19999695,101.63999939,101.02999878,101.40000153,0,0,1,101.40000153,yahoo_finance_raw
2023-05-05,101.33999634,101.77999878,101.12000275,101.20999908,0,0,1,101.20999908,yahoo_finance_raw
2023-05-08,101.27999878,101.41999817,101.04000092,101.37000275,0,0,1,101.37000275,yahoo_finance_raw
2023-05-09,101.40000153,101.83999634,101.36000061,101.63999939,0,0,1,101.63999939,yahoo_finance_raw
2023-05-10,101.62000275,101.80999756,101.22000122,101.48000336,0,0,1,101.48000336,yahoo_finance_raw
2023-05-11,101.41000366,102.15000153,101.30000305,102.05999756,0,0,1,102.05999756,yahoo_finance_raw
2023-05-12,102.09999847,102.70999908,101.94000244,102.68000031,0,0,1,102.68000031,yahoo_finance_raw
2023-05-15,102.70999908,102.75,102.37999725,102.43000031,0,0,1,102.43000031,yahoo_finance_raw
2023-05-16,102.43000031,102.69000244,102.19999695,102.55999756,0,0,1,102.55999756,yahoo_finance_raw
2023-05-17,102.61000061,103.11000061,102.54000092,102.87999725,0,0,1,102.87999725,yahoo_finance_raw
2023-05-18,102.91000366,103.62000275,102.80000305,103.58000183,0,0,1,103.58000183,yahoo_finance_raw
2023-05-19,103.51000214,103.62000275,103,103.19999695,0,0,1,103.19999695,yahoo_finance_raw
2023-05-22,103.19000244,103.37000275,102.95999908,103.19999695,0,0,1,103.19999695,yahoo_finance_raw
2023-05-23,103.26999664,103.65000153,103.16000366,103.48999786,0,0,1,103.48999786,yahoo_finance_raw
2023-05-24,103.54000092,103.91000366,103.34999847,103.88999939,0,0,1,103.88999939,yahoo_finance_raw
2023-05-25,103.86000061,104.30999756,103.83999634,104.20999908,0,0,1,104.20999908,yahoo_finance_raw
2023-05-26,104.23000336,104.41999817,103.84999847,104.20999908,0,0,1,104.20999908,yahoo_finance_raw
2023-05-30,104.30000305,104.52999878,103.87999725,104.16999817,0,0,1,104.16999817,yahoo_finance_raw
2023-05-31,104.05000305,104.69999695,104.01000214,104.31999969,0,0,1,104.31999969,yahoo_finance_raw
2023-06-01,104.15000153,104.5,103.5,103.55999756,0,0,1,103.55999756,yahoo_finance_raw
2023-06-02,103.55999756,104.08999634,103.37999725,104.01999664,0,0,1,104.01999664,yahoo_finance_raw
2023-06-05,104.04000092,104.40000153,103.93000031,104,0,0,1,104,yahoo_finance_raw
2023-06-06,104.01000214,104.37000275,103.81999969,104.12999725,0,0,1,104.12999725,yahoo_finance_raw
2023-06-07,104.12000275,104.30000305,103.66000366,104.09999847,0,0,1,104.09999847,yahoo_finance_raw
2023-06-08,104.06999969,104.06999969,103.30000305,103.33999634,0,0,1,103.33999634,yahoo_finance_raw
2023-06-09,103.30000305,103.61000061,103.30000305,103.55999756,0,0,1,103.55999756,yahoo_finance_raw
2023-06-12,103.55000305,103.76000214,103.23999786,103.62999725,0,0,1,103.62999725,yahoo_finance_raw
2023-06-13,103.58000183,103.62000275,103.05000305,103.33999634,0,0,1,103.33999634,yahoo_finance_raw
2023-06-14,103.31999969,103.40000153,102.66000366,103.01000214,0,0,1,103.01000214,yahoo_finance_raw
2023-06-15,102.95999908,103.37999725,102.08999634,102.12000275,0,0,1,102.12000275,yahoo_finance_raw
2023-06-16,102.12000275,102.43000031,102.01000214,102.30000305,0,0,1,102.30000305,yahoo_finance_raw
2023-06-20,102.48000336,102.79000092,102.31999969,102.54000092,0,0,1,102.54000092,yahoo_finance_raw
2023-06-21,102.5,102.70999908,102.01999664,102.06999969,0,0,1,102.06999969,yahoo_finance_raw
2023-06-22,102.02999878,102.47000122,101.91999817,102.38999939,0,0,1,102.38999939,yahoo_finance_raw
2023-06-23,102.37999725,103.16999817,102.37999725,102.90000153,0,0,1,102.90000153,yahoo_finance_raw
2023-06-26,102.83000183,102.83000183,102.61000061,102.69000244,0,0,1,102.69000244,yahoo_finance_raw
2023-06-27,102.73999786,102.80000305,102.31999969,102.48999786,0,0,1,102.48999786,yahoo_finance_raw
2023-06-28,102.51000214,103.15000153,102.47000122,102.91000366,0,0,1,102.91000366,yahoo_finance_raw
2023-06-29,102.95999908,103.44000244,102.77999878,103.33999634,0,0,1,103.33999634,yahoo_finance_raw
2023-06-30,103.34999847,103.54000092,102.75,102.91000366,0,0,1,102.91000366,yahoo_finance_raw
2023-07-03,102.91999817,103.26999664,102.75,102.98999786,0,0,1,102.98999786,yahoo_finance_raw
2023-07-05,103.08000183,103.38999939,102.95999908,103.37000275,0,0,1,103.37000275,yahoo_finance_raw
2023-07-06,103.34999847,103.56999969,102.91999817,103.16999817,0,0,1,103.16999817,yahoo_finance_raw
2023-07-07,103.08000183,103.19000244,102.23000336,102.26999664,0,0,1,102.26999664,yahoo_finance_raw
2023-07-10,102.29000092,102.55999756,101.94999695,101.97000122,0,0,1,101.97000122,yahoo_finance_raw
2023-07-11,101.94000244,101.97000122,101.65000153,101.73000336,0,0,1,101.73000336,yahoo_finance_raw
2023-07-12,101.58999634,101.61000061,100.51000214,100.51999664,0,0,1,100.51999664,yahoo_finance_raw
2023-07-13,100.51999664,100.61000061,99.73999786,99.76999664,0,0,1,99.76999664,yahoo_finance_raw
2023-07-14,99.75,100.01999664,99.58000183,99.91000366,0,0,1,99.91000366,yahoo_finance_raw
2023-07-17,99.95999908,100.18000031,99.75,99.83999634,0,0,1,99.83999634,yahoo_finance_raw
2023-07-18,99.88999939,100.11000061,99.58999634,99.94000244,0,0,1,99.94000244,yahoo_finance_raw
2023-07-19,99.98000336,100.54000092,99.93000031,100.27999878,0,0,1,100.27999878,yahoo_finance_raw
2023-07-20,100.27999878,100.97000122,100.01999664,100.87999725,0,0,1,100.87999725,yahoo_finance_raw
2023-07-21,100.77999878,101.19000244,100.72000122,101.06999969,0,0,1,101.06999969,yahoo_finance_raw
2023-07-24,101.08999634,101.43000031,100.88999939,101.34999847,0,0,1,101.34999847,yahoo_finance_raw
2023-07-25,101.41999817,101.65000153,101.19000244,101.34999847,0,0,1,101.34999847,yahoo_finance_raw
2023-07-26,101.31999969,101.44000244,100.86000061,100.88999939,0,0,1,100.88999939,yahoo_finance_raw
2023-07-27,101.11000061,101.83999634,100.55000305,101.76999664,0,0,1,101.76999664,yahoo_finance_raw
2023-07-28,101.69000244,102.04000092,101.36000061,101.62000275,0,0,1,101.62000275,yahoo_finance_raw
2023-07-31,101.69999695,101.91000366,101.52999878,101.86000061,0,0,1,101.86000061,yahoo_finance_raw
2023-08-01,101.87000275,102.43000031,101.84999847,102.30000305,0,0,1,102.30000305,yahoo_finance_raw
2023-08-02,101.95999908,102.77999878,101.95999908,102.58999634,0,0,1,102.58999634,yahoo_finance_raw
2023-08-03,102.58999634,102.83999634,102.37000275,102.54000092,0,0,1,102.54000092,yahoo_finance_raw
2023-08-04,102.44999695,102.62000275,101.73999786,102.01999664,0,0,1,102.01999664,yahoo_finance_raw
2023-08-07,102.01000214,102.37999725,101.97000122,102.05000305,0,0,1,102.05000305,yahoo_finance_raw
2023-08-08,102.06999969,102.80000305,102.06999969,102.52999878,0,0,1,102.52999878,yahoo_finance_raw
2023-08-09,102.55000305,102.58000183,102.29000092,102.48999786,0,0,1,102.48999786,yahoo_finance_raw
2023-08-10,102.48000336,102.65000153,101.77999878,102.51999664,0,0,1,102.51999664,yahoo_finance_raw
2023-08-11,102.62000275,102.91000366,102.41999817,102.83999634,0,0,1,102.83999634,yahoo_finance_raw
2023-08-14,102.84999847,103.45999908,102.76999664,103.19000244,0,0,1,103.19000244,yahoo_finance_raw
2023-08-15,103.15000153,103.26999664,102.81999969,103.20999908,0,0,1,103.20999908,yahoo_finance_raw
2023-08-16,103.20999908,103.52999878,102.94000244,103.41999817,0,0,1,103.41999817,yahoo_finance_raw
2023-08-17,103.48000336,103.59999847,103.05999756,103.44000244,0,0,1,103.44000244,yahoo_finance_raw
2023-08-18,103.40000153,103.68000031,103.23000336,103.37999725,0,0,1,103.37999725,yahoo_finance_raw
2023-08-21,103.43000031,103.5,103.13999939,103.33000183,0,0,1,103.33000183,yahoo_finance_raw
2023-08-22,103.33000183,103.72000122,103.01000214,103.55999756,0,0,1,103.55999756,yahoo_finance_raw
2023-08-23,103.58000183,103.98000336,103.30000305,103.36000061,0,0,1,103.36000061,yahoo_finance_raw
2023-08-24,103.36000061,104.02999878,103.26999664,103.98000336,0,0,1,103.98000336,yahoo_finance_raw
2023-08-25,104.09999847,104.44999695,103.73999786,104.08000183,0,0,1,104.08000183,yahoo_finance_raw
2023-08-28,104.19000244,104.20999908,103.98000336,104.05999756,0,0,1,104.05999756,yahoo_finance_raw
2023-08-29,103.91999817,104.36000061,103.37000275,103.55000305,0,0,1,103.55000305,yahoo_finance_raw
2023-08-30,103.44000244,103.69999695,102.94000244,103.16000366,0,0,1,103.16000366,yahoo_finance_raw
2023-08-31,103.09999847,103.73999786,103.01000214,103.62000275,0,0,1,103.62000275,yahoo_finance_raw
2023-09-01,103.62000275,104.29000092,103.26999664,104.23999786,0,0,1,104.23999786,yahoo_finance_raw
2023-09-05,104.12999725,104.91000366,104.11000061,104.80999756,0,0,1,104.80999756,yahoo_finance_raw
2023-09-06,104.75,105.01999664,104.58999634,104.86000061,0,0,1,104.86000061,yahoo_finance_raw
2023-09-07,104.86000061,105.16000366,104.80000305,105.05999756,0,0,1,105.05999756,yahoo_finance_raw
2023-09-08,105.05999756,105.09999847,104.66000366,105.08999634,0,0,1,105.08999634,yahoo_finance_raw
2023-09-11,104.94000244,104.94000244,104.41999817,104.56999969,0,0,1,104.56999969,yahoo_finance_raw
2023-09-12,104.55999756,104.91999817,104.45999908,104.70999908,0,0,1,104.70999908,yahoo_finance_raw
2023-09-13,104.58000183,104.97000122,104.51000214,104.76999664,0,0,1,104.76999664,yahoo_finance_raw
2023-09-14,104.73999786,105.44000244,104.55999756,105.41000366,0,0,1,105.41000366,yahoo_finance_raw
2023-09-15,105.37999725,105.41000366,105.08000183,105.31999969,0,0,1,105.31999969,yahoo_finance_raw
2023-09-18,105.30000305,105.36000061,105.01999664,105.19999695,0,0,1,105.19999695,yahoo_finance_raw
2023-09-19,105.08000183,105.20999908,104.81999969,105.19999695,0,0,1,105.19999695,yahoo_finance_raw
2023-09-20,105.11000061,105.44000244,104.66999817,105.16000366,0,0,1,105.16000366,yahoo_finance_raw
2023-09-21,105.44000244,105.73999786,105.27999878,105.36000061,0,0,1,105.36000061,yahoo_finance_raw
2023-09-22,105.37999725,105.77999878,105.31999969,105.58000183,0,0,1,105.58000183,yahoo_finance_raw
2023-09-25,105.56999969,106.09999847,105.51999664,106,0,0,1,106,yahoo_finance_raw
2023-09-26,105.94000244,106.26000214,105.86000061,106.23000336,0,0,1,106.23000336,yahoo_finance_raw
2023-09-27,106.22000122,106.83999634,106.16999817,106.66999817,0,0,1,106.66999817,yahoo_finance_raw
2023-09-28,106.68000031,106.76000214,106.01999664,106.22000122,0,0,1,106.22000122,yahoo_finance_raw
2023-09-29,106.15000153,106.23999786,105.66000366,106.16999817,0,0,1,106.16999817,yahoo_finance_raw
2023-10-02,106.16999817,107.02999878,106.04000092,106.90000153,0,0,1,106.90000153,yahoo_finance_raw
2023-10-03,107.02999878,107.34999847,106.91000366,107,0,0,1,107,yahoo_finance_raw
2023-10-04,107.05999756,107.23999786,106.51000214,106.80000305,0,0,1,106.80000305,yahoo_finance_raw
2023-10-05,106.76999664,106.86000061,106.31999969,106.33000183,0,0,1,106.33000183,yahoo_finance_raw
2023-10-06,106.36000061,106.97000122,105.94999695,106.04000092,0,0,1,106.04000092,yahoo_finance_raw
2023-10-09,106.09999847,106.59999847,106.01999664,106.08000183,0,0,1,106.08000183,yahoo_finance_raw
2023-10-10,106.02999878,106.25,105.66000366,105.83000183,0,0,1,105.83000183,yahoo_finance_raw
2023-10-11,105.73000336,106.01000214,105.55999756,105.81999969,0,0,1,105.81999969,yahoo_finance_raw
2023-10-12,105.66999817,106.59999847,105.54000092,106.56999969,0,0,1,106.56999969,yahoo_finance_raw
2023-10-13,106.51999664,106.79000092,106.29000092,106.65000153,0,0,1,106.65000153,yahoo_finance_raw
2023-10-16,106.58000183,106.62999725,106.18000031,106.23999786,0,0,1,106.23999786,yahoo_finance_raw
2023-10-17,106.26000214,106.52999878,106.01999664,106.25,0,0,1,106.25,yahoo_finance_raw
2023-10-18,106.22000122,106.63999939,106.01000214,106.56999969,0,0,1,106.56999969,yahoo_finance_raw
2023-10-19,106.54000092,106.66999817,105.98000336,106.25,0,0,1,106.25,yahoo_finance_raw
2023-10-20,106.26000214,106.41999817,106.06999969,106.16000366,0,0,1,106.16000366,yahoo_finance_raw
2023-10-23,106.16000366,106.33000183,105.51999664,105.54000092,0,0,1,105.54000092,yahoo_finance_raw
2023-10-24,105.61000061,106.31999969,105.36000061,106.26999664,0,0,1,106.26999664,yahoo_finance_raw
2023-10-25,106.25,106.56999969,106.13999939,106.52999878,0,0,1,106.52999878,yahoo_finance_raw
2023-10-26,106.58000183,106.88999939,106.52999878,106.59999847,0,0,1,106.59999847,yahoo_finance_raw
2023-10-27,106.58999634,106.80000305,106.31999969,106.55999756,0,0,1,106.55999756,yahoo_finance_raw
2023-10-30,106.58000183,106.69999695,106.05999756,106.12000275,0,0,1,106.12000275,yahoo_finance_raw
2023-10-31,106.16000366,106.86000061,105.91000366,106.66000366,0,0,1,106.66000366,yahoo_finance_raw
2023-11-01,106.66999817,107.11000061,106.61000061,106.87999725,0,0,1,106.87999725,yahoo_finance_raw
2023-11-02,106.5,106.51000214,105.80999756,106.12000275,0,0,1,106.12000275,yahoo_finance_raw
2023-11-03,106.19999695,106.22000122,104.94000244,105.01999664,0,0,1,105.01999664,yahoo_finance_raw
2023-11-06,105.06999969,105.29000092,104.84999847,105.22000122,0,0,1,105.22000122,yahoo_finance_raw
2023-11-07,105.26999664,105.77999878,105.26999664,105.54000092,0,0,1,105.54000092,yahoo_finance_raw
2023-11-08,105.54000092,105.87000275,105.44999695,105.58999634,0,0,1,105.58999634,yahoo_finance_raw
2023-11-09,105.52999878,105.97000122,105.37999725,105.91000366,0,0,1,105.91000366,yahoo_finance_raw
2023-11-10,105.93000031,106.01000214,105.73999786,105.86000061,0,0,1,105.86000061,yahoo_finance_raw
2023-11-13,105.80000305,105.95999908,105.58999634,105.66000366,0,0,1,105.66000366,yahoo_finance_raw
2023-11-14,105.65000153,105.73000336,103.98999786,104.11000061,0,0,1,104.11000061,yahoo_finance_raw
2023-11-15,104.37999725,104.51000214,103.98000336,104.38999939,0,0,1,104.38999939,yahoo_finance_raw
2023-11-16,104.36000061,104.55999756,104.01000214,104.37000275,0,0,1,104.37000275,yahoo_finance_raw
2023-11-17,104.40000153,104.55000305,103.80999756,103.81999969,0,0,1,103.81999969,yahoo_finance_raw
2023-11-20,103.81999969,103.97000122,103.37999725,103.47000122,0,0,1,103.47000122,yahoo_finance_raw
2023-11-21,103.47000122,103.70999908,103.18000031,103.58999634,0,0,1,103.58999634,yahoo_finance_raw
2023-11-22,103.55000305,104.20999908,103.48000336,103.91999817,0,0,1,103.91999817,yahoo_finance_raw
2023-11-24,103.75,103.83999634,103.36000061,103.40000153,0,0,1,103.40000153,yahoo_finance_raw
2023-11-27,103.41999817,103.52999878,103.19000244,103.19999695,0,0,1,103.19999695,yahoo_finance_raw
2023-11-28,103.12999725,103.31999969,102.61000061,102.75,0,0,1,102.75,yahoo_finance_raw
2023-11-29,102.65000153,103.01000214,102.47000122,102.76999664,0,0,1,102.76999664,yahoo_finance_raw
2023-11-30,102.83000183,103.58999634,102.72000122,103.5,0,0,1,103.5,yahoo_finance_raw
2023-12-01,103.36000061,103.72000122,103.12000275,103.26999664,0,0,1,103.26999664,yahoo_finance_raw
2023-12-04,103.19000244,103.84999847,103.05999756,103.63999939,0,0,1,103.63999939,yahoo_finance_raw
2023-12-05,103.55999756,104.08999634,103.55000305,104.05000305,0,0,1,104.05000305,yahoo_finance_raw
2023-12-06,103.98999786,104.23000336,103.87000275,104.15000153,0,0,1,104.15000153,yahoo_finance_raw
2023-12-07,104.11000061,104.19999695,103.26999664,103.54000092,0,0,1,103.54000092,yahoo_finance_raw
2023-12-08,103.63999939,104.26000214,103.44000244,104.01000214,0,0,1,104.01000214,yahoo_finance_raw
2023-12-11,103.98000336,104.26000214,103.93000031,104.09999847,0,0,1,104.09999847,yahoo_finance_raw
2023-12-12,104.02999878,104.09999847,103.48999786,103.87000275,0,0,1,103.87000275,yahoo_finance_raw
2023-12-13,103.81999969,104.02999878,102.77999878,102.87000275,0,0,1,102.87000275,yahoo_finance_raw
2023-12-14,102.77999878,102.80000305,101.76999664,101.95999908,0,0,1,101.95999908,yahoo_finance_raw
2023-12-15,102.09999847,102.63999939,101.83999634,102.55000305,0,0,1,102.55000305,yahoo_finance_raw
2023-12-18,102.58999634,102.62999725,102.37999725,102.51000214,0,0,1,102.51000214,yahoo_finance_raw
2023-12-19,102.47000122,102.62999725,102.06999969,102.16999817,0,0,1,102.16999817,yahoo_finance_raw
2023-12-20,102.19000244,102.54000092,102.16000366,102.41000366,0,0,1,102.41000366,yahoo_finance_raw
2023-12-21,102.38999939,102.44999695,101.73999786,101.83999634,0,0,1,101.83999634,yahoo_finance_raw
2023-12-22,101.76000214,101.90000153,101.43000031,101.69999695,0,0,1,101.69999695,yahoo_finance_raw
2023-12-26,101.65000153,101.76999664,101.44999695,101.47000122,0,0,1,101.47000122,yahoo_finance_raw
2023-12-27,101.55000305,101.56999969,100.83000183,100.98999786,0,0,1,100.98999786,yahoo_finance_raw
2023-12-28,100.87000275,101.30000305,100.62000275,101.23000336,0,0,1,101.23000336,yahoo_finance_raw
2023-12-29,101.19999695,101.41999817,101.06999969,101.33000183,0,0,1,101.33000183,yahoo_finance_raw
2024-01-02,101.41999817,102.25,101.33999634,102.19999695,0,0,1,102.19999695,yahoo_finance_raw
2024-01-03,102.15000153,102.73000336,102.08000183,102.45999908,0,0,1,102.45999908,yahoo_finance_raw
2024-01-04,102.45999908,102.52999878,102.15000153,102.41999817,0,0,1,102.41999817,yahoo_finance_raw
2024-01-05,102.40000153,103.09999847,101.91000366,102.41000366,0,0,1,102.41000366,yahoo_finance_raw
2024-01-08,102.44000244,102.62000275,102.08000183,102.20999908,0,0,1,102.20999908,yahoo_finance_raw
2024-01-09,102.22000122,102.66000366,102.11000061,102.56999969,0,0,1,102.56999969,yahoo_finance_raw
2024-01-10,102.48000336,102.63999939,102.33999634,102.36000061,0,0,1,102.36000061,yahoo_finance_raw
2024-01-11,102.30000305,102.76000214,102.16000366,102.29000092,0,0,1,102.29000092,yahoo_finance_raw
2024-01-12,102.30000305,102.58999634,102.08999634,102.40000153,0,0,1,102.40000153,yahoo_finance_raw
2024-01-16,102.73999786,103.43000031,102.73999786,103.36000061,0,0,1,103.36000061,yahoo_finance_raw
2024-01-17,103.36000061,103.69000244,103.26000214,103.44999695,0,0,1,103.44999695,yahoo_finance_raw
2024-01-18,103.37000275,103.62999725,103.15000153,103.54000092,0,0,1,103.54000092,yahoo_finance_raw
2024-01-19,103.37000275,103.55000305,103.23999786,103.29000092,0,0,1,103.29000092,yahoo_finance_raw
2024-01-22,103.23999786,103.37000275,103.11000061,103.33000183,0,0,1,103.33000183,yahoo_finance_raw
2024-01-23,103.34999847,103.81999969,102.98000336,103.62000275,0,0,1,103.62000275,yahoo_finance_raw
2024-01-24,103.51000214,103.55000305,102.76999664,103.23999786,0,0,1,103.23999786,yahoo_finance_raw
2024-01-25,103.34999847,103.68000031,103.12000275,103.56999969,0,0,1,103.56999969,yahoo_finance_raw
2024-01-26,103.51999664,103.73000336,103.15000153,103.47000122,0,0,1,103.47000122,yahoo_finance_raw
2024-01-29,103.47000122,103.81999969,103.40000153,103.61000061,0,0,1,103.61000061,yahoo_finance_raw
2024-01-30,103.44000244,103.61000061,103.30999756,103.40000153,0,0,1,103.40000153,yahoo_finance_raw
2024-01-31,103.41999817,103.73999786,102.94000244,103.26999664,0,0,1,103.26999664,yahoo_finance_raw
2024-02-01,103.51000214,103.80999756,103.01999664,103.05000305,0,0,1,103.05000305,yahoo_finance_raw
2024-02-02,102.98999786,104.04000092,102.90000153,103.91999817,0,0,1,103.91999817,yahoo_finance_raw
2024-02-05,103.98999786,104.59999847,103.98999786,104.44999695,0,0,1,104.44999695,yahoo_finance_raw
2024-02-06,104.44000244,104.58999634,104.13999939,104.18000031,0,0,1,104.18000031,yahoo_finance_raw
2024-02-07,104.15000153,104.16999817,103.94000244,104.04000092,0,0,1,104.04000092,yahoo_finance_raw
2024-02-08,104.02999878,104.43000031,103.95999908,104.15000153,0,0,1,104.15000153,yahoo_finance_raw
2024-02-09,104.13999939,104.26000214,103.94999695,104.08000183,0,0,1,104.08000183,yahoo_finance_raw
2024-02-12,104.08000183,104.27999878,103.90000153,104.16999817,0,0,1,104.16999817,yahoo_finance_raw
2024-02-13,104.18000031,104.95999908,103.97000122,104.95999908,0,0,1,104.95999908,yahoo_finance_raw
2024-02-14,104.83999634,104.98000336,104.66000366,104.72000122,0,0,1,104.72000122,yahoo_finance_raw
2024-02-15,104.66000366,104.70999908,104.18000031,104.30000305,0,0,1,104.30000305,yahoo_finance_raw
2024-02-16,104.30000305,104.66999817,104.16999817,104.27999878,0,0,1,104.27999878,yahoo_finance_raw
2024-02-20,104.31999969,104.41000366,103.80000305,104.08000183,0,0,1,104.08000183,yahoo_finance_raw
2024-02-21,104.04000092,104.20999908,103.94000244,104.01000214,0,0,1,104.01000214,yahoo_finance_raw
2024-02-22,103.91000366,104.12999725,103.43000031,103.95999908,0,0,1,103.95999908,yahoo_finance_raw
2024-02-23,103.94999695,104.05000305,103.76999664,103.94000244,0,0,1,103.94000244,yahoo_finance_raw
2024-02-26,103.95999908,104.01999664,103.70999908,103.83000183,0,0,1,103.83000183,yahoo_finance_raw
2024-02-27,103.77999878,103.91999817,103.61000061,103.83000183,0,0,1,103.83000183,yahoo_finance_raw
2024-02-28,103.83999634,104.23999786,103.80999756,103.98000336,0,0,1,103.98000336,yahoo_finance_raw
2024-02-29,103.91999817,104.19999695,103.66000366,104.16000366,0,0,1,104.16000366,yahoo_finance_raw
2024-03-01,104.12999725,104.29000092,103.83999634,103.86000061,0,0,1,103.86000061,yahoo_finance_raw
2024-03-04,103.88999939,103.95999908,103.73000336,103.83000183,0,0,1,103.83000183,yahoo_finance_raw
2024-03-05,103.84999847,103.94999695,103.58000183,103.80000305,0,0,1,103.80000305,yahoo_finance_raw
2024-03-06,103.80999756,103.88999939,103.19999695,103.37000275,0,0,1,103.37000275,yahoo_finance_raw
2024-03-07,103.30999756,103.34999847,102.80000305,102.81999969,0,0,1,102.81999969,yahoo_finance_raw
2024-03-08,102.73000336,102.90000153,102.36000061,102.73999786,0,0,1,102.73999786,yahoo_finance_raw
2024-03-11,102.73999786,102.93000031,102.63999939,102.87000275,0,0,1,102.87000275,yahoo_finance_raw
2024-03-12,102.81999969,103.18000031,102.72000122,102.95999908,0,0,1,102.95999908,yahoo_finance_raw
2024-03-13,102.93000031,103.01999664,102.66999817,102.79000092,0,0,1,102.79000092,yahoo_finance_raw
2024-03-14,102.76000214,103.40000153,102.73999786,103.36000061,0,0,1,103.36000061,yahoo_finance_raw
2024-03-15,103.38999939,103.48999786,103.30000305,103.43000031,0,0,1,103.43000031,yahoo_finance_raw
2024-03-18,103.44999695,103.65000153,103.33999634,103.58000183,0,0,1,103.58000183,yahoo_finance_raw
2024-03-19,103.58999634,104.05999756,103.58000183,103.80999756,0,0,1,103.80999756,yahoo_finance_raw
2024-03-20,103.83999634,104.15000153,103.37999725,103.41000366,0,0,1,103.41000366,yahoo_finance_raw
2024-03-21,103.23999786,104.05000305,103.16999817,104,0,0,1,104,yahoo_finance_raw
2024-03-22,103.98999786,104.5,103.91999817,104.43000031,0,0,1,104.43000031,yahoo_finance_raw
2024-03-25,104.43000031,104.48000336,104.13999939,104.23000336,0,0,1,104.23000336,yahoo_finance_raw
2024-03-26,104.22000122,104.33999634,104.01000214,104.29000092,0,0,1,104.29000092,yahoo_finance_raw
2024-03-27,104.30000305,104.45999908,104.22000122,104.34999847,0,0,1,104.34999847,yahoo_finance_raw
2024-03-28,104.44000244,104.73000336,104.30999756,104.55000305,0,0,1,104.55000305,yahoo_finance_raw
2024-04-01,104.48999786,105.08000183,104.41999817,105.01999664,0,0,1,105.01999664,yahoo_finance_raw
2024-04-02,105,105.09999847,104.68000031,104.81999969,0,0,1,104.81999969,yahoo_finance_raw
2024-04-03,104.76999664,104.83999634,104.23000336,104.25,0,0,1,104.25,yahoo_finance_raw
2024-04-04,104.23000336,104.26000214,103.91999817,104.12000275,0,0,1,104.12000275,yahoo_finance_raw
2024-04-05,104.20999908,104.69000244,104.13999939,104.30000305,0,0,1,104.30000305,yahoo_finance_raw
2024-04-08,104.29000092,104.44000244,104.09999847,104.13999939,0,0,1,104.13999939,yahoo_finance_raw
2024-04-09,104.12000275,104.19999695,103.87999725,104.15000153,0,0,1,104.15000153,yahoo_finance_raw
2024-04-10,104.09999847,105.30000305,104.01999664,105.25,0,0,1,105.25,yahoo_finance_raw
2024-04-11,105.18000031,105.52999878,105.02999878,105.27999878,0,0,1,105.27999878,yahoo_finance_raw
2024-04-12,105.27999878,106.11000061,105.23999786,106.04000092,0,0,1,106.04000092,yahoo_finance_raw
2024-04-15,106.01000214,106.25,105.83999634,106.20999908,0,0,1,106.20999908,yahoo_finance_raw
2024-04-16,106.16999817,106.51999664,106.06999969,106.26000214,0,0,1,106.26000214,yahoo_finance_raw
2024-04-17,106.33000183,106.44000244,105.87000275,105.94999695,0,0,1,105.94999695,yahoo_finance_raw
2024-04-18,105.93000031,106.18000031,105.73999786,106.15000153,0,0,1,106.15000153,yahoo_finance_raw
2024-04-19,106.19000244,106.34999847,105.84999847,106.15000153,0,0,1,106.15000153,yahoo_finance_raw
2024-04-22,106.12000275,106.40000153,105.98000336,106.08000183,0,0,1,106.08000183,yahoo_finance_raw
2024-04-23,106.12000275,106.23999786,105.61000061,105.69000244,0,0,1,105.69000244,yahoo_finance_raw
2024-04-24,105.69000244,105.94999695,105.58999634,105.86000061,0,0,1,105.86000061,yahoo_finance_raw
2024-04-25,105.81999969,106,105.51000214,105.59999847,0,0,1,105.59999847,yahoo_finance_raw
2024-04-26,105.58000183,106.19000244,105.41000366,105.94000244,0,0,1,105.94000244,yahoo_finance_raw
2024-04-29,106.08000183,106.08000183,105.45999908,105.58000183,0,0,1,105.58000183,yahoo_finance_raw
2024-04-30,105.66999817,106.34999847,105.66999817,106.22000122,0,0,1,106.22000122,yahoo_finance_raw
2024-05-01,106.31999969,106.48999786,105.44000244,105.76000214,0,0,1,105.76000214,yahoo_finance_raw
2024-05-02,105.73000336,105.90000153,105.30000305,105.30000305,0,0,1,105.30000305,yahoo_finance_raw
2024-05-03,105.30999756,105.37000275,104.51999664,105.02999878,0,0,1,105.02999878,yahoo_finance_raw
2024-05-06,105.08000183,105.19999695,104.87000275,105.05000305,0,0,1,105.05000305,yahoo_finance_raw
2024-05-07,105.13999939,105.44999695,105.02999878,105.41000366,0,0,1,105.41000366,yahoo_finance_raw
2024-05-08,105.41999817,105.63999939,105.38999939,105.55000305,0,0,1,105.55000305,yahoo_finance_raw
2024-05-09,105.51999664,105.73999786,105.20999908,105.23000336,0,0,1,105.23000336,yahoo_finance_raw
2024-05-10,105.20999908,105.40000153,105.13999939,105.30999756,0,0,1,105.30999756,yahoo_finance_raw
2024-05-13,105.30999756,105.37000275,105.05999756,105.22000122,0,0,1,105.22000122,yahoo_finance_raw
2024-05-14,105.19999695,105.45999908,104.95999908,105.01000214,0,0,1,105.01000214,yahoo_finance_raw
2024-05-15,105.05000305,105.05999756,104.29000092,104.34999847,0,0,1,104.34999847,yahoo_finance_raw
2024-05-16,104.20999908,104.62999725,104.08000183,104.45999908,0,0,1,104.45999908,yahoo_finance_raw
2024-05-17,104.5,104.80000305,104.38999939,104.44999695,0,0,1,104.44999695,yahoo_finance_raw
2024-05-20,104.5,104.65000153,104.38999939,104.56999969,0,0,1,104.56999969,yahoo_finance_raw
2024-05-21,104.59999847,104.76999664,104.48000336,104.66000366,0,0,1,104.66000366,yahoo_finance_raw
2024-05-22,104.62000275,104.97000122,104.55999756,104.94000244,0,0,1,104.94000244,yahoo_finance_raw
2024-05-23,104.90000153,105.11000061,104.62999725,105.11000061,0,0,1,105.11000061,yahoo_finance_raw
2024-05-24,105.04000092,105.12000275,104.63999939,104.72000122,0,0,1,104.72000122,yahoo_finance_raw
2024-05-28,104.58000183,104.63999939,104.33999634,104.61000061,0,0,1,104.61000061,yahoo_finance_raw
2024-05-29,104.63999939,105.13999939,104.58999634,105.09999847,0,0,1,105.09999847,yahoo_finance_raw
2024-05-30,105.12999725,105.18000031,104.62999725,104.72000122,0,0,1,104.72000122,yahoo_finance_raw
2024-05-31,104.76000214,104.90000153,104.36000061,104.66999817,0,0,1,104.66999817,yahoo_finance_raw
2024-06-03,104.62999725,104.76999664,104.05999756,104.13999939,0,0,1,104.13999939,yahoo_finance_raw
2024-06-04,104.05000305,104.33000183,103.98999786,104.11000061,0,0,1,104.11000061,yahoo_finance_raw
2024-06-05,104.16999817,104.45999908,104.12999725,104.26999664,0,0,1,104.26999664,yahoo_finance_raw
2024-06-06,104.25,104.37000275,104.05000305,104.09999847,0,0,1,104.09999847,yahoo_finance_raw
2024-06-07,104.08999634,104.94999695,104,104.88999939,0,0,1,104.88999939,yahoo_finance_raw
2024-06-10,105.04000092,105.38999939,105.04000092,105.15000153,0,0,1,105.15000153,yahoo_finance_raw
2024-06-11,105.15000153,105.45999908,105.09999847,105.23000336,0,0,1,105.23000336,yahoo_finance_raw
2024-06-12,105.27999878,105.31999969,104.26000214,104.65000153,0,0,1,104.65000153,yahoo_finance_raw
2024-06-13,104.69000244,105.27999878,104.63999939,105.19999695,0,0,1,105.19999695,yahoo_finance_raw
2024-06-14,105.23000336,105.80999756,105.18000031,105.55000305,0,0,1,105.55000305,yahoo_finance_raw
2024-06-17,105.51000214,105.65000153,105.30999756,105.31999969,0,0,1,105.31999969,yahoo_finance_raw
2024-06-18,105.30000305,105.55999756,105.12999725,105.26000214,0,0,1,105.26000214,yahoo_finance_raw
2024-06-20,105.19999695,105.66999817,105.19999695,105.58999634,0,0,1,105.58999634,yahoo_finance_raw
2024-06-21,105.63999939,105.91999817,105.54000092,105.80000305,0,0,1,105.80000305,yahoo_finance_raw
2024-06-24,105.83000183,105.90000153,105.37000275,105.47000122,0,0,1,105.47000122,yahoo_finance_raw
2024-06-25,105.51000214,105.77999878,105.37000275,105.61000061,0,0,1,105.61000061,yahoo_finance_raw
2024-06-26,105.66000366,106.12999725,105.61000061,106.05000305,0,0,1,106.05000305,yahoo_finance_raw
2024-06-27,106.06999969,106.08000183,105.70999908,105.91000366,0,0,1,105.91000366,yahoo_finance_raw
2024-06-28,105.91999817,106.12999725,105.75,105.87000275,0,0,1,105.87000275,yahoo_finance_raw
2024-07-01,105.84999847,105.98000336,105.43000031,105.90000153,0,0,1,105.90000153,yahoo_finance_raw
2024-07-02,105.84999847,106.05000305,105.68000031,105.72000122,0,0,1,105.72000122,yahoo_finance_raw
2024-07-03,105.66999817,105.80000305,105.05000305,105.40000153,0,0,1,105.40000153,yahoo_finance_raw
2024-07-05,105.16999817,105.16999817,104.83000183,104.87999725,0,0,1,104.87999725,yahoo_finance_raw
2024-07-08,104.87999725,105.02999878,104.80000305,105.01000214,0,0,1,105.01000214,yahoo_finance_raw
2024-07-09,104.98999786,105.20999908,104.95999908,105.12000275,0,0,1,105.12000275,yahoo_finance_raw
2024-07-10,105.12000275,105.16999817,104.98000336,105.05000305,0,0,1,105.05000305,yahoo_finance_raw
2024-07-11,104.98999786,105,104.08000183,104.44000244,0,0,1,104.44000244,yahoo_finance_raw
2024-07-12,104.51999664,104.55000305,104.04000092,104.08999634,0,0,1,104.08999634,yahoo_finance_raw
2024-07-15,104.08000183,104.31999969,104.02999878,104.19000244,0,0,1,104.19000244,yahoo_finance_raw
2024-07-16,104.25,104.51000214,104.19999695,104.26999664,0,0,1,104.26999664,yahoo_finance_raw
2024-07-17,104.22000122,104.29000092,103.65000153,103.75,0,0,1,103.75,yahoo_finance_raw
2024-07-18,103.69999695,104.23000336,103.65000153,104.16999817,0,0,1,104.16999817,yahoo_finance_raw
2024-07-19,104.16000366,104.41999817,104.12999725,104.40000153,0,0,1,104.40000153,yahoo_finance_raw
2024-07-22,104.37000275,104.41999817,104.18000031,104.30999756,0,0,1,104.30999756,yahoo_finance_raw
2024-07-23,104.30999756,104.54000092,104.19999695,104.44999695,0,0,1,104.44999695,yahoo_finance_raw
2024-07-24,104.48000336,104.55999756,104.12000275,104.38999939,0,0,1,104.38999939,yahoo_finance_raw
2024-07-25,104.37999725,104.45999908,104.08000183,104.36000061,0,0,1,104.36000061,yahoo_finance_raw
2024-07-26,104.36000061,104.44999695,104.20999908,104.31999969,0,0,1,104.31999969,yahoo_finance_raw
2024-07-29,104.33000183,104.75,104.13999939,104.55999756,0,0,1,104.55999756,yahoo_finance_raw
2024-07-30,104.55999756,104.80000305,104.45999908,104.55000305,0,0,1,104.55000305,yahoo_finance_raw
2024-07-31,104.43000031,104.52999878,103.93000031,104.09999847,0,0,1,104.09999847,yahoo_finance_raw
2024-08-01,104.06999969,104.44999695,103.86000061,104.41999817,0,0,1,104.41999817,yahoo_finance_raw
2024-08-02,104.30999756,104.43000031,103.12999725,103.20999908,0,0,1,103.20999908,yahoo_finance_raw
2024-08-05,103.22000122,103.27999878,102.16000366,102.69000244,0,0,1,102.69000244,yahoo_finance_raw
2024-08-06,102.77999878,103.23000336,102.69999695,102.97000122,0,0,1,102.97000122,yahoo_finance_raw
2024-08-07,102.94999695,103.37000275,102.91999817,103.19999695,0,0,1,103.19999695,yahoo_finance_raw
2024-08-08,103.08999634,103.55000305,102.91999817,103.20999908,0,0,1,103.20999908,yahoo_finance_raw
2024-08-09,103.26999664,103.30000305,103.02999878,103.13999939,0,0,1,103.13999939,yahoo_finance_raw
2024-08-12,103.15000153,103.30999756,103.08999634,103.13999939,0,0,1,103.13999939,yahoo_finance_raw
2024-08-13,103.08999634,103.26999664,102.55000305,102.55999756,0,0,1,102.55999756,yahoo_finance_raw
2024-08-14,102.61000061,102.72000122,102.26999664,102.56999969,0,0,1,102.56999969,yahoo_finance_raw
2024-08-15,102.62999725,103.23000336,102.54000092,102.98000336,0,0,1,102.98000336,yahoo_finance_raw
2024-08-16,103.04000092,103.05000305,102.38999939,102.45999908,0,0,1,102.45999908,yahoo_finance_raw
2024-08-19,102.40000153,102.48000336,101.84999847,101.88999939,0,0,1,101.88999939,yahoo_finance_raw
2024-08-20,101.87999725,102.01000214,101.36000061,101.44000244,0,0,1,101.44000244,yahoo_finance_raw
2024-08-21,101.34999847,101.62999725,100.91999817,101.04000092,0,0,1,101.04000092,yahoo_finance_raw
2024-08-22,101.12999725,101.62999725,101.08999634,101.51000214,0,0,1,101.51000214,yahoo_finance_raw
2024-08-23,101.45999908,101.55000305,100.59999847,100.72000122,0,0,1,100.72000122,yahoo_finance_raw
2024-08-26,100.68000031,100.91999817,100.52999878,100.84999847,0,0,1,100.84999847,yahoo_finance_raw
2024-08-27,100.81999969,100.93000031,100.51000214,100.55000305,0,0,1,100.55000305,yahoo_finance_raw
2024-08-28,100.56999969,101.18000031,100.56999969,101.08999634,0,0,1,101.08999634,yahoo_finance_raw
2024-08-29,101,101.58000183,100.88999939,101.33999634,0,0,1,101.33999634,yahoo_finance_raw
2024-08-30,101.37999725,101.77999878,101.25,101.69999695,0,0,1,101.69999695,yahoo_finance_raw
2024-09-03,101.66000366,101.91999817,101.55999756,101.83000183,0,0,1,101.83000183,yahoo_finance_raw
2024-09-04,101.69000244,101.77999878,101.23999786,101.36000061,0,0,1,101.36000061,yahoo_finance_raw
2024-09-05,101.27999878,101.37000275,100.95999908,101.11000061,0,0,1,101.11000061,yahoo_finance_raw
2024-09-06,101.05999756,101.40000153,100.58000183,101.18000031,0,0,1,101.18000031,yahoo_finance_raw
2024-09-09,101.19000244,101.69999695,101.13999939,101.55000305,0,0,1,101.55000305,yahoo_finance_raw
2024-09-10,101.63999939,101.76999664,101.54000092,101.62999725,0,0,1,101.62999725,yahoo_finance_raw
2024-09-11,101.66000366,101.81999969,101.26999664,101.68000031,0,0,1,101.68000031,yahoo_finance_raw
2024-09-12,101.77999878,101.83999634,101.23000336,101.37000275,0,0,1,101.37000275,yahoo_finance_raw
2024-09-13,101.19999695,101.19999695,100.87999725,101.11000061,0,0,1,101.11000061,yahoo_finance_raw
2024-09-16,101.04000092,101.09999847,100.58999634,100.76000214,0,0,1,100.76000214,yahoo_finance_raw
2024-09-17,100.76000214,101.02999878,100.56999969,100.88999939,0,0,1,100.88999939,yahoo_finance_raw
2024-09-18,100.94000244,101.15000153,100.22000122,100.59999847,0,0,1,100.59999847,yahoo_finance_raw
2024-09-19,101.01000214,101.47000122,100.51999664,100.61000061,0,0,1,100.61000061,yahoo_finance_raw
2024-09-20,100.69000244,101.01999664,100.41000366,100.72000122,0,0,1,100.72000122,yahoo_finance_raw
2024-09-23,100.73999786,101.23000336,100.72000122,100.91999817,0,0,1,100.91999817,yahoo_finance_raw
2024-09-24,100.97000122,101.05000305,100.33999634,100.37000275,0,0,1,100.37000275,yahoo_finance_raw
2024-09-25,100.27999878,100.98999786,100.22000122,100.91999817,0,0,1,100.91999817,yahoo_finance_raw
2024-09-26,100.93000031,100.97000122,100.48000336,100.55999756,0,0,1,100.55999756,yahoo_finance_raw
2024-09-27,100.58999634,100.87999725,100.16000366,100.41999817,0,0,1,100.41999817,yahoo_finance_raw
2024-09-30,100.41999817,100.91999817,100.18000031,100.77999878,0,0,1,100.77999878,yahoo_finance_raw
2024-10-01,100.73999786,101.38999939,100.69999695,101.19000244,0,0,1,101.19000244,yahoo_finance_raw
2024-10-02,101.23999786,101.69000244,101.16000366,101.68000031,0,0,1,101.68000031,yahoo_finance_raw
2024-10-03,101.63999939,102.09999847,101.62999725,101.98999786,0,0,1,101.98999786,yahoo_finance_raw
2024-10-04,101.91000366,102.69000244,101.80999756,102.51999664,0,0,1,102.51999664,yahoo_finance_raw
2024-10-07,102.48999786,102.62000275,102.37000275,102.54000092,0,0,1,102.54000092,yahoo_finance_raw
2024-10-08,102.45999908,102.63999939,102.29000092,102.55000305,0,0,1,102.55000305,yahoo_finance_raw
2024-10-09,102.48999786,102.94000244,102.45999908,102.93000031,0,0,1,102.93000031,yahoo_finance_raw
2024-10-10,102.87999725,103.18000031,102.72000122,102.98999786,0,0,1,102.98999786,yahoo_finance_raw
2024-10-11,102.87999725,102.98999786,102.76999664,102.88999939,0,0,1,102.88999939,yahoo_finance_raw
2024-10-14,102.93000031,103.36000061,102.93000031,103.30000305,0,0,1,103.30000305,yahoo_finance_raw
2024-10-15,103.20999908,103.34999847,103.02999878,103.26000214,0,0,1,103.26000214,yahoo_finance_raw
2024-10-16,103.26000214,103.61000061,103.16999817,103.58999634,0,0,1,103.58999634,yahoo_finance_raw
2024-10-17,103.55999756,103.87000275,103.44000244,103.83000183,0,0,1,103.83000183,yahoo_finance_raw
2024-10-18,103.80999756,103.80999756,103.45999908,103.48999786,0,0,1,103.48999786,yahoo_finance_raw
2024-10-21,103.45999908,104.01999664,103.41999817,104.01000214,0,0,1,104.01000214,yahoo_finance_raw
2024-10-22,103.97000122,104.12999725,103.81999969,104.08000183,0,0,1,104.08000183,yahoo_finance_raw
2024-10-23,104.08999634,104.56999969,104.08999634,104.43000031,0,0,1,104.43000031,yahoo_finance_raw
2024-10-24,104.43000031,104.45999908,104.01000214,104.05999756,0,0,1,104.05999756,yahoo_finance_raw
2024-10-25,104.05000305,104.33999634,103.94000244,104.26000214,0,0,1,104.26000214,yahoo_finance_raw
2024-10-28,104.31999969,104.56999969,104.12000275,104.31999969,0,0,1,104.31999969,yahoo_finance_raw
2024-10-29,104.30999756,104.63999939,104.20999908,104.27999878,0,0,1,104.27999878,yahoo_finance_raw
2024-10-30,104.25,104.44000244,103.98000336,103.98999786,0,0,1,103.98999786,yahoo_finance_raw
2024-10-31,104.08999634,104.22000122,103.81999969,103.98000336,0,0,1,103.98000336,yahoo_finance_raw
2024-11-01,103.86000061,104.34999847,103.68000031,104.27999878,0,0,1,104.27999878,yahoo_finance_raw
2024-11-04,103.97000122,103.97000122,103.58000183,103.88999939,0,0,1,103.88999939,yahoo_finance_raw
2024-11-05,103.91000366,103.95999908,103.37000275,103.41999817,0,0,1,103.41999817,yahoo_finance_raw
2024-11-06,104.04000092,105.44000244,104.04000092,105.08999634,0,0,1,105.08999634,yahoo_finance_raw
2024-11-07,105.16000366,105.25,104.19000244,104.51000214,0,0,1,104.51000214,yahoo_finance_raw
2024-11-08,104.44999695,105.20999908,104.33999634,105,0,0,1,105,yahoo_finance_raw
2024-11-11,104.94999695,105.70999908,104.93000031,105.54000092,0,0,1,105.54000092,yahoo_finance_raw
2024-11-12,105.48999786,106.18000031,105.48999786,106.01999664,0,0,1,106.01999664,yahoo_finance_raw
2024-11-13,106.01999664,106.54000092,105.72000122,106.48000336,0,0,1,106.48000336,yahoo_finance_raw
2024-11-14,106.5,107.05999756,106.37999725,106.66999817,0,0,1,106.66999817,yahoo_finance_raw
2024-11-15,106.90000153,106.95999908,106.33000183,106.69000244,0,0,1,106.69000244,yahoo_finance_raw
2024-11-18,106.66999817,106.80999756,106.12999725,106.27999878,0,0,1,106.27999878,yahoo_finance_raw
2024-11-19,106.26000214,106.62999725,106.11000061,106.20999908,0,0,1,106.20999908,yahoo_finance_raw
2024-11-20,106.12000275,106.91999817,106.11000061,106.68000031,0,0,1,106.68000031,yahoo_finance_raw
2024-11-21,106.58999634,107.16000366,106.45999908,106.97000122,0,0,1,106.97000122,yahoo_finance_raw
2024-11-22,107.05999756,108.06999969,106.91999817,107.48999786,0,0,1,107.48999786,yahoo_finance_raw
2024-11-25,107.25,107.25,106.58000183,106.81999969,0,0,1,106.81999969,yahoo_finance_raw
2024-11-26,107.48999786,107.5,106.48999786,107.01000214,0,0,1,107.01000214,yahoo_finance_raw
2024-11-27,106.81999969,106.91999817,105.86000061,106.08000183,0,0,1,106.08000183,yahoo_finance_raw
2024-11-29,105.94999695,106.12999725,105.62000275,105.73999786,0,0,1,105.73999786,yahoo_finance_raw
2024-12-02,105.81999969,106.73000336,105.81999969,106.44999695,0,0,1,106.44999695,yahoo_finance_raw
2024-12-03,106.48000336,106.59999847,106.08999634,106.37000275,0,0,1,106.37000275,yahoo_finance_raw
2024-12-04,106.43000031,106.72000122,106.08999634,106.33999634,0,0,1,106.33999634,yahoo_finance_raw
2024-12-05,106.33999634,106.37000275,105.69999695,105.70999908,0,0,1,105.70999908,yahoo_finance_raw
2024-12-06,105.79000092,106.16000366,105.41999817,105.97000122,0,0,1,105.97000122,yahoo_finance_raw
2024-12-09,105.97000122,106.20999908,105.80000305,106.15000153,0,0,1,106.15000153,yahoo_finance_raw
2024-12-10,106.18000031,106.63999939,106.04000092,106.40000153,0,0,1,106.40000153,yahoo_finance_raw
2024-12-11,106.37000275,106.80999756,106.26999664,106.70999908,0,0,1,106.70999908,yahoo_finance_raw
2024-12-12,106.56999969,107.04000092,106.34999847,106.95999908,0,0,1,106.95999908,yahoo_finance_raw
2024-12-13,106.97000122,107.19000244,106.72000122,107,0,0,1,107,yahoo_finance_raw
2024-12-16,106.94999695,107.16999817,106.75,106.86000061,0,0,1,106.86000061,yahoo_finance_raw
2024-12-17,106.81999969,107.08000183,106.69999695,106.95999908,0,0,1,106.95999908,yahoo_finance_raw
2024-12-18,106.93000031,108.26999664,106.81999969,108.02999878,0,0,1,108.02999878,yahoo_finance_raw
2024-12-19,108.09999847,108.48999786,107.81999969,108.41000366,0,0,1,108.41000366,yahoo_finance_raw
2024-12-20,108.48000336,108.54000092,107.58999634,107.62000275,0,0,1,107.62000275,yahoo_finance_raw
2024-12-23,107.81999969,108.27999878,107.68000031,108.04000092,0,0,1,108.04000092,yahoo_finance_raw
2024-12-24,108.16000366,108.30000305,107.91999817,108.26000214,0,0,1,108.26000214,yahoo_finance_raw
2024-12-26,108.16999817,108.30000305,108.02999878,108.12999725,0,0,1,108.12999725,yahoo_finance_raw
2024-12-27,108.08000183,108.19999695,107.87000275,108,0,0,1,108,yahoo_finance_raw
2024-12-30,108.01000214,108.37999725,107.73999786,108.12999725,0,0,1,108.12999725,yahoo_finance_raw
2024-12-31,108.08999634,108.58000183,107.87000275,108.48999786,0,0,1,108.48999786,yahoo_finance_raw
2025-01-02,108.52999878,109.52999878,108.26999664,109.38999939,0,0,1,109.38999939,yahoo_finance_raw
2025-01-03,109.19999695,109.22000122,108.90000153,108.94999695,0,0,1,108.94999695,yahoo_finance_raw
2025-01-06,108.91999817,109.06999969,107.75,108.26000214,0,0,1,108.26000214,yahoo_finance_raw
2025-01-07,108.33999634,108.69999695,107.84999847,108.54000092,0,0,1,108.54000092,yahoo_finance_raw
2025-01-08,108.62000275,109.37999725,108.55000305,109.08999634,0,0,1,109.08999634,yahoo_finance_raw
2025-01-09,109.08999634,109.37999725,108.94000244,109.18000031,0,0,1,109.18000031,yahoo_finance_raw
2025-01-10,109.23000336,109.97000122,109.08000183,109.65000153,0,0,1,109.65000153,yahoo_finance_raw
2025-01-13,109.63999939,110.18000031,109.41000366,109.95999908,0,0,1,109.95999908,yahoo_finance_raw
2025-01-14,109.56999969,109.76000214,109.18000031,109.26999664,0,0,1,109.26999664,yahoo_finance_raw
2025-01-15,109.23000336,109.37999725,108.59999847,109.08999634,0,0,1,109.08999634,yahoo_finance_raw
2025-01-16,109.06999969,109.37999725,108.83000183,108.95999908,0,0,1,108.95999908,yahoo_finance_raw
2025-01-17,108.93000031,109.41999817,108.83000183,109.34999847,0,0,1,109.34999847,yahoo_finance_raw
2025-01-21,107.98000336,108.79000092,107.91999817,108.05999756,0,0,1,108.05999756,yahoo_finance_raw
2025-01-22,107.98999786,108.26999664,107.75,108.16999817,0,0,1,108.16999817,yahoo_finance_raw
2025-01-23,108.25,108.51000214,107.91999817,108.05000305,0,0,1,108.05000305,yahoo_finance_raw
2025-01-24,108.08999634,108.19000244,107.22000122,107.44000244,0,0,1,107.44000244,yahoo_finance_raw
2025-01-27,107.47000122,107.80999756,106.97000122,107.33999634,0,0,1,107.33999634,yahoo_finance_raw
2025-01-28,107.70999908,108.05000305,107.69000244,107.87000275,0,0,1,107.87000275,yahoo_finance_raw
2025-01-29,107.88999939,108.30000305,107.75,108,0,0,1,108,yahoo_finance_raw
2025-01-30,107.86000061,108.23999786,107.5,107.80000305,0,0,1,107.80000305,yahoo_finance_raw
2025-01-31,108.16000366,108.56999969,107.79000092,108.37000275,0,0,1,108.37000275,yahoo_finance_raw
2025-02-03,108.5,109.87999725,108.33999634,108.98999786,0,0,1,108.98999786,yahoo_finance_raw
2025-02-04,108.68000031,109.04000092,107.91999817,107.95999908,0,0,1,107.95999908,yahoo_finance_raw
2025-02-05,108.01000214,108.01000214,107.30000305,107.58000183,0,0,1,107.58000183,yahoo_finance_raw
2025-02-06,107.62000275,108.09999847,107.54000092,107.69000244,0,0,1,107.69000244,yahoo_finance_raw
2025-02-07,107.69999695,108.31999969,107.51999664,108.04000092,0,0,1,108.04000092,yahoo_finance_raw
2025-02-10,108.09999847,108.44000244,108.08999634,108.31999969,0,0,1,108.31999969,yahoo_finance_raw
2025-02-11,108.33999634,108.45999908,107.77999878,107.95999908,0,0,1,107.95999908,yahoo_finance_raw
2025-02-12,108.01000214,108.51999664,107.62999725,107.94000244,0,0,1,107.94000244,yahoo_finance_raw
2025-02-13,107.91999817,108,107.02999878,107.30999756,0,0,1,107.30999756,yahoo_finance_raw
2025-02-14,107.12000275,107.18000031,106.56999969,106.56999969,0,0,1,106.56999969,yahoo_finance_raw
2025-02-18,106.81999969,107.12000275,106.80999756,107.05000305,0,0,1,107.05000305,yahoo_finance_raw
2025-02-19,107.02999878,107.37999725,106.87999725,107.16999817,0,0,1,107.16999817,yahoo_finance_raw
2025-02-20,107.12000275,107.15000153,106.33999634,106.33999634,0,0,1,106.33999634,yahoo_finance_raw
2025-02-21,106.45999908,106.75,106.37999725,106.61000061,0,0,1,106.61000061,yahoo_finance_raw
2025-02-24,106.63999939,106.75,106.12999725,106.59999847,0,0,1,106.59999847,yahoo_finance_raw
2025-02-25,106.76999664,106.79000092,106.19000244,106.30999756,0,0,1,106.30999756,yahoo_finance_raw
2025-02-26,106.16999817,106.65000153,106.16000366,106.41999817,0,0,1,106.41999817,yahoo_finance_raw
2025-02-27,106.52999878,107.30999756,106.51999664,107.23999786,0,0,1,107.23999786,yahoo_finance_raw
2025-02-28,107.25,107.66000366,107.18000031,107.61000061,0,0,1,107.61000061,yahoo_finance_raw
2025-03-03,107.55999756,107.55999756,106.47000122,106.75,0,0,1,106.75,yahoo_finance_raw
2025-03-04,106.55999756,106.65000153,105.52999878,105.73999786,0,0,1,105.73999786,yahoo_finance_raw
2025-03-05,105.62000275,105.76999664,104.26000214,105.73999786,0,0,1,105.73999786,yahoo_finance_raw
2025-03-06,104.31999969,104.38999939,103.76000214,104.05999756,0,0,1,104.05999756,yahoo_finance_raw
2025-03-07,104.11000061,104.23999786,103.45999908,103.83999634,0,0,1,103.83999634,yahoo_finance_raw
2025-03-10,103.91000366,104.05999756,103.55999756,103.91000366,0,0,1,103.91000366,yahoo_finance_raw
2025-03-11,103.83999634,103.91999817,103.22000122,103.44000244,0,0,1,103.44000244,yahoo_finance_raw
2025-03-12,103.41999817,103.77999878,103.34999847,103.61000061,0,0,1,103.61000061,yahoo_finance_raw
2025-03-13,103.61000061,104.08000183,103.51000214,103.83000183,0,0,1,103.83000183,yahoo_finance_raw
2025-03-14,103.83999634,104.08999634,103.56999969,103.72000122,0,0,1,103.72000122,yahoo_finance_raw
2025-03-17,103.73999786,103.80999756,103.30000305,103.37000275,0,0,1,103.37000275,yahoo_finance_raw
2025-03-18,103.44000244,103.68000031,103.19999695,103.23999786,0,0,1,103.23999786,yahoo_finance_raw
2025-03-19,103.26999664,103.91000366,103.25,103.43000031,0,0,1,103.43000031,yahoo_finance_raw
2025-03-20,103.43000031,104.12999725,103.31999969,103.84999847,0,0,1,103.84999847,yahoo_finance_raw
2025-03-21,103.77999878,104.22000122,103.76000214,104.08999634,0,0,1,104.08999634,yahoo_finance_raw
2025-03-24,104.15000153,104.44000244,103.83999634,104.26000214,0,0,1,104.26000214,yahoo_finance_raw
2025-03-25,104.33000183,104.47000122,103.94000244,104.18000031,0,0,1,104.18000031,yahoo_finance_raw
2025-03-26,104.25,104.68000031,104.18000031,104.55000305,0,0,1,104.55000305,yahoo_finance_raw
2025-03-27,104.65000153,104.65000153,104.06999969,104.06999969,0,0,1,104.06999969,yahoo_finance_raw
2025-03-28,104.27999878,104.5,103.90000153,104.04000092,0,0,1,104.04000092,yahoo_finance_raw
2025-03-31,104.01000214,104.38999939,103.75,104.20999908,0,0,1,104.20999908,yahoo_finance_raw
2025-04-01,104.18000031,104.37000275,104.01999664,104.26000214,0,0,1,104.26000214,yahoo_finance_raw
2025-04-02,104.19999695,104.30999756,103.37000275,103.80999756,0,0,1,103.80999756,yahoo_finance_raw
2025-04-03,103.15000153,103.37999725,101.26999664,102.06999969,0,0,1,102.06999969,yahoo_finance_raw
2025-04-04,101.98999786,103.18000031,101.54000092,103.01999664,0,0,1,103.01999664,yahoo_finance_raw
2025-04-07,103.06999969,103.54000092,102.18000031,103.26000214,0,0,1,103.26000214,yahoo_finance_raw
2025-04-08,103.43000031,103.44000244,102.75,102.95999908,0,0,1,102.95999908,yahoo_finance_raw
2025-04-09,102.75,103.33000183,101.83999634,102.90000153,0,0,1,102.90000153,yahoo_finance_raw
2025-04-10,102.98999786,103.02999878,100.69999695,100.87000275,0,0,1,100.87000275,yahoo_finance_raw
2025-04-11,100.77999878,100.77999878,99.01000214,99.77999878,0,0,1,99.77999878,yahoo_finance_raw
2025-04-14,100.01999664,100.16000366,99.20999908,99.63999939,0,0,1,99.63999939,yahoo_finance_raw
2025-04-15,99.80999756,100.27999878,99.48000336,100.22000122,0,0,1,100.22000122,yahoo_finance_raw
2025-04-16,100.05999756,100.09999847,99.16999817,99.37999725,0,0,1,99.37999725,yahoo_finance_raw
2025-04-17,99.23000336,99.75,99.22000122,99.37999725,0,0,1,99.37999725,yahoo_finance_raw
2025-04-21,99.08000183,99.20999908,97.91999817,98.27999878,0,0,1,98.27999878,yahoo_finance_raw
2025-04-22,98.30000305,99.34999847,98.01000214,98.91999817,0,0,1,98.91999817,yahoo_finance_raw
2025-04-23,99.48000336,99.94000244,98.86000061,99.83999634,0,0,1,99.83999634,yahoo_finance_raw
2025-04-24,99.75,99.83999634,99.22000122,99.29000092,0,0,1,99.29000092,yahoo_finance_raw
2025-04-25,99.41000366,99.88999939,99.40000153,99.47000122,0,0,1,99.47000122,yahoo_finance_raw
2025-04-28,99.61000061,99.83999634,98.90000153,99.01000214,0,0,1,99.01000214,yahoo_finance_raw
2025-04-29,99.04000092,99.37000275,98.94999695,99.23999786,0,0,1,99.23999786,yahoo_finance_raw
2025-04-30,99.16999817,99.70999908,99.13999939,99.47000122,0,0,1,99.47000122,yahoo_finance_raw
2025-05-01,99.65000153,100.37999725,99.61000061,100.25,0,0,1,100.25,yahoo_finance_raw
2025-05-02,100.18000031,100.33000183,99.40000153,100,0,0,1,100,yahoo_finance_raw
2025-05-05,100,100.05000305,99.45999908,99.83000183,0,0,1,99.83000183,yahoo_finance_raw
2025-05-06,99.83000183,100.09999847,99.16999817,99.23999786,0,0,1,99.23999786,yahoo_finance_raw
2025-05-07,99.5,99.97000122,99.29000092,99.61000061,0,0,1,99.61000061,yahoo_finance_raw
2025-05-08,99.84999847,100.76000214,99.61000061,100.63999939,0,0,1,100.63999939,yahoo_finance_raw
2025-05-09,100.63999939,100.86000061,100.08999634,100.33999634,0,0,1,100.33999634,yahoo_finance_raw
2025-05-12,100.69000244,101.98000336,100.51000214,101.79000092,0,0,1,101.79000092,yahoo_finance_raw
2025-05-13,101.73000336,101.76000214,100.91000366,101,0,0,1,101,yahoo_finance_raw
2025-05-14,100.94999695,101.13999939,100.26999664,101.04000092,0,0,1,101.04000092,yahoo_finance_raw
2025-05-15,100.97000122,101.05999756,100.58999634,100.87999725,0,0,1,100.87999725,yahoo_finance_raw
2025-05-16,100.76999664,101.26000214,100.51999664,101.08999634,0,0,1,101.08999634,yahoo_finance_raw
2025-05-19,100.91000366,100.91000366,100.05999756,100.43000031,0,0,1,100.43000031,yahoo_finance_raw
2025-05-20,100.43000031,100.58000183,100.01000214,100.12000275,0,0,1,100.12000275,yahoo_finance_raw
2025-05-21,99.98999786,99.98999786,99.33999634,99.55999756,0,0,1,99.55999756,yahoo_finance_raw
2025-05-22,99.63999939,100.12000275,99.44000244,99.95999908,0,0,1,99.95999908,yahoo_finance_raw
2025-05-23,99.87999725,99.94000244,99.05000305,99.11000061,0,0,1,99.11000061,yahoo_finance_raw
2025-05-26,99.08999634,99.16000366,98.69000244,98.93000031,0,0,1,98.93000031,yahoo_finance_raw
2025-05-27,98.95999908,99.62000275,98.77999878,99.51999664,0,0,1,99.51999664,yahoo_finance_raw
2025-05-28,99.52999878,99.95999908,99.44000244,99.87999725,0,0,1,99.87999725,yahoo_finance_raw
2025-05-29,100.54000092,100.54000092,99.22000122,99.27999878,0,0,1,99.27999878,yahoo_finance_raw
2025-05-30,99.25,99.66999817,99.12999725,99.33000183,0,0,1,99.33000183,yahoo_finance_raw
2025-06-02,99.41000366,99.41999817,98.61000061,98.69999695,0,0,1,98.69999695,yahoo_finance_raw
2025-06-03,98.58999634,99.33000183,98.58000183,99.25,0,0,1,99.25,yahoo_finance_raw
2025-06-04,99.18000031,99.38999939,98.66999817,98.79000092,0,0,1,98.79000092,yahoo_finance_raw
2025-06-05,98.80000305,98.94000244,98.34999847,98.73999786,0,0,1,98.73999786,yahoo_finance_raw
2025-06-06,98.69999695,99.36000061,98.66000366,99.19000244,0,0,1,99.19000244,yahoo_finance_raw
2025-06-09,99.19999695,99.23000336,98.81999969,98.94000244,0,0,1,98.94000244,yahoo_finance_raw
2025-06-10,98.98000336,99.38999939,98.86000061,99.05000305,0,0,1,99.05000305,yahoo_finance_raw
2025-06-11,98.95999908,99.22000122,98.52999878,98.62999725,0,0,1,98.62999725,yahoo_finance_raw
2025-06-12,98.45999908,98.51999664,97.59999847,97.91999817,0,0,1,97.91999817,yahoo_finance_raw
2025-06-13,97.80999756,98.58999634,97.62000275,98.18000031,0,0,1,98.18000031,yahoo_finance_raw
2025-06-16,98.26000214,98.37000275,97.69000244,98,0,0,1,98,yahoo_finance_raw
2025-06-17,98.19000244,98.87000275,98.01999664,98.81999969,0,0,1,98.81999969,yahoo_finance_raw
2025-06-18,98.87000275,99.01000214,98.48000336,98.91000366,0,0,1,98.91000366,yahoo_finance_raw
2025-06-20,98.66999817,98.88999939,98.54000092,98.70999908,0,0,1,98.70999908,yahoo_finance_raw
2025-06-23,99.08999634,99.41999817,98.34999847,98.41999817,0,0,1,98.41999817,yahoo_finance_raw
2025-06-24,98.16000366,98.27999878,97.70999908,97.86000061,0,0,1,97.86000061,yahoo_finance_raw
2025-06-25,97.94000244,98.19999695,97.65000153,97.68000031,0,0,1,97.68000031,yahoo_finance_raw
2025-06-26,97.55000305,97.61000061,97,97.15000153,0,0,1,97.15000153,yahoo_finance_raw
2025-06-27,97.33000183,97.5,97,97.40000153,0,0,1,97.40000153,yahoo_finance_raw
2025-06-30,97.19000244,97.31999969,96.76999664,96.87999725,0,0,1,96.87999725,yahoo_finance_raw
2025-07-01,96.77999878,96.94999695,96.37999725,96.81999969,0,0,1,96.81999969,yahoo_finance_raw
2025-07-02,96.63999939,97.15000153,96.62000275,96.77999878,0,0,1,96.77999878,yahoo_finance_raw
2025-07-03,96.75,97.41999817,96.69000244,97.18000031,0,0,1,97.18000031,yahoo_finance_raw
2025-07-07,96.95999908,97.66999817,96.88999939,97.48000336,0,0,1,97.48000336,yahoo_finance_raw
2025-07-08,97.36000061,97.83999634,97.18000031,97.51000214,0,0,1,97.51000214,yahoo_finance_raw
2025-07-09,97.55000305,97.75,97.45999908,97.47000122,0,0,1,97.47000122,yahoo_finance_raw
2025-07-10,97.44000244,97.91999817,97.26999664,97.65000153,0,0,1,97.65000153,yahoo_finance_raw
2025-07-11,97.56999969,97.95999908,97.55999756,97.84999847,0,0,1,97.84999847,yahoo_finance_raw
2025-07-14,97.95999908,98.13999939,97.76999664,98.08000183,0,0,1,98.08000183,yahoo_finance_raw
2025-07-15,98.13999939,98.69999695,97.93000031,98.62000275,0,0,1,98.62000275,yahoo_finance_raw
2025-07-16,98.58000183,98.91000366,97.70999908,98.38999939,0,0,1,98.38999939,yahoo_finance_raw
2025-07-17,98.34999847,98.94999695,98.33999634,98.73000336,0,0,1,98.73000336,yahoo_finance_raw
2025-07-18,98.48999786,98.58000183,98.09999847,98.48000336,0,0,1,98.48000336,yahoo_finance_raw
2025-07-21,98.36000061,98.51000214,97.69999695,97.84999847,0,0,1,97.84999847,yahoo_finance_raw
2025-07-22,97.87000275,97.98999786,97.30999756,97.38999939,0,0,1,97.38999939,yahoo_finance_raw
2025-07-23,97.47000122,97.61000061,97.19000244,97.20999908,0,0,1,97.20999908,yahoo_finance_raw
2025-07-24,97.18000031,97.55000305,97.11000061,97.37999725,0,0,1,97.37999725,yahoo_finance_raw
2025-07-25,97.44999695,97.91000366,97.43000031,97.65000153,0,0,1,97.65000153,yahoo_finance_raw
2025-07-28,97.58000183,98.69000244,97.48999786,98.66000366,0,0,1,98.66000366,yahoo_finance_raw
2025-07-29,98.63999939,99.13999939,98.58000183,98.91000366,0,0,1,98.91000366,yahoo_finance_raw
2025-07-30,98.91999817,99.98000336,98.69999695,99.94000244,0,0,1,99.94000244,yahoo_finance_raw
2025-07-31,99.80000305,100.09999847,99.51999664,100.02999878,0,0,1,100.02999878,yahoo_finance_raw
2025-08-01,100.01000214,100.26000214,98.61000061,98.69000244,0,0,1,98.69000244,yahoo_finance_raw
2025-08-04,98.65000153,98.98000336,98.58999634,98.77999878,0,0,1,98.77999878,yahoo_finance_raw
2025-08-05,98.62000275,99.06999969,98.58999634,98.77999878,0,0,1,98.77999878,yahoo_finance_raw
2025-08-06,98.75,98.83999634,98.12999725,98.18000031,0,0,1,98.18000031,yahoo_finance_raw
2025-08-07,98.19000244,98.47000122,97.94999695,98.40000153,0,0,1,98.40000153,yahoo_finance_raw
2025-08-08,97.98000336,98.34999847,97.95999908,98.18000031,0,0,1,98.18000031,yahoo_finance_raw
2025-08-11,98.23999786,99.31999969,98.02999878,98.51999664,0,0,1,98.51999664,yahoo_finance_raw
2025-08-12,98.51000214,98.62000275,97.90000153,98.09999847,0,0,1,98.09999847,yahoo_finance_raw
2025-08-13,98.04000092,98.12999725,97.62999725,97.83999634,0,0,1,97.83999634,yahoo_finance_raw
2025-08-14,97.75,98.31999969,97.62999725,98.25,0,0,1,98.25,yahoo_finance_raw
2025-08-15,98.18000031,98.20999908,97.73000336,97.84999847,0,0,1,97.84999847,yahoo_finance_raw
2025-08-18,97.79000092,98.19000244,97.77999878,98.16999817,0,0,1,98.16999817,yahoo_finance_raw
2025-08-19,98.15000153,98.31999969,97.94000244,98.26999664,0,0,1,98.26999664,yahoo_finance_raw
2025-08-20,98.29000092,98.44000244,98.08000183,98.22000122,0,0,1,98.22000122,yahoo_finance_raw
2025-08-21,98.25,98.68000031,98.18000031,98.62000275,0,0,1,98.62000275,yahoo_finance_raw
2025-08-22,98.59999847,98.83000183,97.55999756,97.72000122,0,0,1,97.72000122,yahoo_finance_raw
2025-08-25,97.73000336,98.54000092,97.70999908,98.43000031,0,0,1,98.43000031,yahoo_finance_raw
2025-08-26,98.47000122,98.55999756,98.08999634,98.23000336,0,0,1,98.23000336,yahoo_finance_raw
2025-08-27,98.25,98.73000336,98.16000366,98.23000336,0,0,1,98.23000336,yahoo_finance_raw
2025-08-28,98.12000275,98.23000336,97.73999786,97.80999756,0,0,1,97.80999756,yahoo_finance_raw
2025-08-29,97.87000275,98.12999725,97.69000244,97.76999664,0,0,1,97.76999664,yahoo_finance_raw
2025-09-02,97.65000153,98.59999847,97.62000275,98.40000153,0,0,1,98.40000153,yahoo_finance_raw
2025-09-03,98.40000153,98.63999939,98.01000214,98.13999939,0,0,1,98.13999939,yahoo_finance_raw
2025-09-04,98.15000153,98.44000244,98.08000183,98.34999847,0,0,1,98.34999847,yahoo_finance_raw
2025-09-05,98.23999786,98.26000214,97.43000031,97.76999664,0,0,1,97.76999664,yahoo_finance_raw
2025-09-08,97.79000092,97.94000244,97.41999817,97.44999695,0,0,1,97.44999695,yahoo_finance_raw
2025-09-09,97.37999725,97.81999969,97.25,97.79000092,0,0,1,97.79000092,yahoo_finance_raw
2025-09-10,97.83000183,97.93000031,97.59999847,97.77999878,0,0,1,97.77999878,yahoo_finance_raw
2025-09-11,97.79000092,98.08999634,97.47000122,97.54000092,0,0,1,97.54000092,yahoo_finance_raw
2025-09-12,97.51999664,97.86000061,97.48999786,97.55000305,0,0,1,97.55000305,yahoo_finance_raw
2025-09-15,97.62999725,97.69999695,97.26999664,97.30000305,0,0,1,97.30000305,yahoo_finance_raw
2025-09-16,97.33999634,97.38999939,96.55999756,96.62999725,0,0,1,96.62999725,yahoo_finance_raw
2025-09-17,96.62000275,97.06999969,96.22000122,96.87000275,0,0,1,96.87000275,yahoo_finance_raw
2025-09-18,96.93000031,97.59999847,96.83999634,97.34999847,0,0,1,97.34999847,yahoo_finance_raw
2025-09-19,97.33999634,97.80999756,97.26999664,97.63999939,0,0,1,97.63999939,yahoo_finance_raw
2025-09-22,97.65000153,97.81999969,97.30999756,97.33000183,0,0,1,97.33000183,yahoo_finance_raw
2025-09-23,97.31999969,97.45999908,97.19999695,97.26000214,0,0,1,97.26000214,yahoo_finance_raw
2025-09-24,97.23999786,97.91999817,97.22000122,97.87000275,0,0,1,97.87000275,yahoo_finance_raw
2025-09-25,97.81999969,98.61000061,97.73999786,98.55000305,0,0,1,98.55000305,yahoo_finance_raw
2025-09-26,98.5,98.52999878,98.12999725,98.15000153,0,0,1,98.15000153,yahoo_finance_raw
2025-09-29,98.16999817,98.18000031,97.76999664,97.91000366,0,0,1,97.91000366,yahoo_finance_raw
2025-09-30,97.91000366,98.05000305,97.62999725,97.76999664,0,0,1,97.76999664,yahoo_finance_raw
2025-10-01,97.81999969,97.87999725,97.45999908,97.70999908,0,0,1,97.70999908,yahoo_finance_raw
2025-10-02,97.69999695,98.12999725,97.51999664,97.84999847,0,0,1,97.84999847,yahoo_finance_raw
2025-10-03,97.84999847,97.94999695,97.59999847,97.72000122,0,0,1,97.72000122,yahoo_finance_raw
2025-10-06,97.95999908,98.5,97.95999908,98.11000061,0,0,1,98.11000061,yahoo_finance_raw
2025-10-07,98.08999634,98.66000366,98.08999634,98.58000183,0,0,1,98.58000183,yahoo_finance_raw
2025-10-08,98.61000061,99.05999756,98.58999634,98.84999847,0,0,1,98.84999847,yahoo_finance_raw
2025-10-09,98.83999634,99.55999756,98.69999695,99.54000092,0,0,1,99.54000092,yahoo_finance_raw
2025-10-10,99.38999939,99.43000031,98.80999756,98.98000336,0,0,1,98.98000336,yahoo_finance_raw
2025-10-13,98.94000244,99.34999847,98.83000183,99.26999664,0,0,1,99.26999664,yahoo_finance_raw
2025-10-14,99.30000305,99.48000336,98.98999786,99.05000305,0,0,1,99.05000305,yahoo_finance_raw
2025-10-15,99.05000305,99.08000183,98.66000366,98.79000092,0,0,1,98.79000092,yahoo_finance_raw
2025-10-16,98.66999817,98.69999695,98.30000305,98.38999939,0,0,1,98.38999939,yahoo_finance_raw
2025-10-17,98.26000214,98.55000305,98.02999878,98.43000031,0,0,1,98.43000031,yahoo_finance_raw
2025-10-20,98.66999817,98.66999817,98.38999939,98.58999634,0,0,1,98.58999634,yahoo_finance_raw
2025-10-21,98.61000061,98.98000336,98.51000214,98.93000031,0,0,1,98.93000031,yahoo_finance_raw
2025-10-22,98.97000122,99.13999939,98.79000092,98.90000153,0,0,1,98.90000153,yahoo_finance_raw
2025-10-23,98.91999817,99.13999939,98.91000366,98.94000244,0,0,1,98.94000244,yahoo_finance_raw
2025-10-24,98.94000244,99.09999847,98.73000336,98.94999695,0,0,1,98.94999695,yahoo_finance_raw
2025-10-27,98.83999634,99,98.73000336,98.77999878,0,0,1,98.77999878,yahoo_finance_raw
2025-10-28,98.75,98.94999695,98.56999969,98.69000244,0,0,1,98.69000244,yahoo_finance_raw
2025-10-29,98.73999786,99.36000061,98.62000275,99.22000122,0,0,1,99.22000122,yahoo_finance_raw
2025-10-30,99.13999939,99.72000122,98.91999817,99.52999878,0,0,1,99.52999878,yahoo_finance_raw
2025-10-31,99.48999786,99.83999634,99.41999817,99.80000305,0,0,1,99.80000305,yahoo_finance_raw
2025-11-03,99.75,99.98999786,99.70999908,99.87000275,0,0,1,99.87000275,yahoo_finance_raw
2025-11-04,99.98000336,100.26000214,99.73999786,100.22000122,0,0,1,100.22000122,yahoo_finance_raw
2025-11-05,100.18000031,100.36000061,100.05999756,100.19999695,0,0,1,100.19999695,yahoo_finance_raw
2025-11-06,100.11000061,100.11000061,99.66999817,99.73000336,0,0,1,99.73000336,yahoo_finance_raw
2025-11-07,99.76000214,99.87000275,99.40000153,99.59999847,0,0,1,99.59999847,yahoo_finance_raw
2025-11-10,99.62999725,99.73999786,99.45999908,99.62000275,0,0,1,99.62000275,yahoo_finance_raw
2025-11-11,99.66000366,99.73999786,99.29000092,99.45999908,0,0,1,99.45999908,yahoo_finance_raw
2025-11-12,99.45999908,99.70999908,99.41999817,99.48000336,0,0,1,99.48000336,yahoo_finance_raw
2025-11-13,99.51999664,99.58999634,98.98999786,99.18000031,0,0,1,99.18000031,yahoo_finance_raw
2025-11-14,99.26000214,99.40000153,98.98999786,99.26999664,0,0,1,99.26999664,yahoo_finance_raw
2025-11-17,99.26999664,99.59999847,99.25,99.58999634,0,0,1,99.58999634,yahoo_finance_raw
2025-11-18,99.55999756,99.66000366,99.40000153,99.55000305,0,0,1,99.55000305,yahoo_finance_raw
2025-11-19,99.58000183,100.23999786,99.48999786,100.23000336,0,0,1,100.23000336,yahoo_finance_raw
2025-11-20,100.16999817,100.36000061,100.02999878,100.16000366,0,0,1,100.16000366,yahoo_finance_raw
2025-11-21,100.16000366,100.40000153,99.98999786,100.18000031,0,0,1,100.18000031,yahoo_finance_raw
2025-11-24,100.19999695,100.30000305,100.01000214,100.13999939,0,0,1,100.13999939,yahoo_finance_raw
2025-11-25,100.20999908,100.26000214,99.65000153,99.66000366,0,0,1,99.66000366,yahoo_finance_raw
2025-11-26,99.83999634,99.95999908,99.55999756,99.59999847,0,0,1,99.59999847,yahoo_finance_raw
2025-11-28,99.56999969,99.81999969,99.37999725,99.45999908,0,0,1,99.45999908,yahoo_finance_raw
2025-12-01,99.48000336,99.51000214,99.01000214,99.41000366,0,0,1,99.41000366,yahoo_finance_raw
2025-12-02,99.44999695,99.56999969,99.31999969,99.36000061,0,0,1,99.36000061,yahoo_finance_raw
2025-12-03,99.27999878,99.29000092,98.81999969,98.84999847,0,0,1,98.84999847,yahoo_finance_raw
2025-12-04,98.91999817,99.08000183,98.76999664,98.98999786,0,0,1,98.98999786,yahoo_finance_raw
2025-12-05,99.04000092,99.12999725,98.80999756,98.98999786,0,0,1,98.98999786,yahoo_finance_raw
2025-12-08,98.97000122,99.23000336,98.79000092,99.08999634,0,0,1,99.08999634,yahoo_finance_raw
2025-12-09,99.05000305,99.30999756,98.94999695,99.22000122,0,0,1,99.22000122,yahoo_finance_raw
2025-12-10,99.22000122,99.26000214,98.58999634,98.79000092,0,0,1,98.79000092,yahoo_finance_raw
2025-12-11,98.55999756,98.76000214,98.12999725,98.34999847,0,0,1,98.34999847,yahoo_finance_raw
2025-12-12,98.31999969,98.52999878,98.30000305,98.40000153,0,0,1,98.40000153,yahoo_finance_raw
2025-12-15,98.40000153,98.48000336,98.13999939,98.15000153,0,0,1,98.15000153,yahoo_finance_raw
2025-12-16,98.26999664,98.31999969,97.87000275,98.15000153,0,0,1,98.15000153,yahoo_finance_raw
2025-12-17,98.20999908,98.63999939,98.18000031,98.37000275,0,0,1,98.37000275,yahoo_finance_raw
2025-12-18,98.37999725,98.55999756,98.16999817,98.43000031,0,0,1,98.43000031,yahoo_finance_raw
2025-12-19,98.45999908,98.75,98.41999817,98.59999847,0,0,1,98.59999847,yahoo_finance_raw
2025-12-22,98.66999817,98.73000336,98.19999695,98.29000092,0,0,1,98.29000092,yahoo_finance_raw
2025-12-23,98.19999695,98.19999695,97.84999847,97.94000244,0,0,1,97.94000244,yahoo_finance_raw
2025-12-24,97.88999939,98.01000214,97.75,97.98000336,0,0,1,97.98000336,yahoo_finance_raw
2025-12-26,97.91999817,98.12999725,97.86000061,98.01999664,0,0,1,98.01999664,yahoo_finance_raw
2025-12-29,98.05000305,98.18000031,97.91999817,98.04000092,0,0,1,98.04000092,yahoo_finance_raw
2025-12-30,98.01000214,98.26999664,97.94000244,98.23999786,0,0,1,98.23999786,yahoo_finance_raw
2025-12-31,98.25,98.5,98.18000031,98.27999878,0,0,1,98.27999878,yahoo_finance_raw
2026-01-02,98.23999786,98.48999786,98.15000153,98.41999817,0,0,1,98.41999817,yahoo_finance_raw
2026-01-05,98.48000336,98.86000061,98.25,98.26999664,0,0,1,98.26999664,yahoo_finance_raw
2026-01-06,98.41000366,98.62999725,98.16000366,98.58000183,0,0,1,98.58000183,yahoo_finance_raw
2026-01-07,98.58000183,98.75,98.5,98.68000031,0,0,1,98.68000031,yahoo_finance_raw
2026-01-08,98.73999786,98.98000336,98.68000031,98.93000031,0,0,1,98.93000031,yahoo_finance_raw
2026-01-09,98.91000366,99.26000214,98.90000153,99.12999725,0,0,1,99.12999725,yahoo_finance_raw
2026-01-12,99.16999817,99.25,98.66999817,98.86000061,0,0,1,98.86000061,yahoo_finance_raw
2026-01-13,98.90000153,99.23000336,98.84999847,99.12999725,0,0,1,99.12999725,yahoo_finance_raw
2026-01-14,99.19000244,99.25,98.93000031,99.12999725,0,0,1,99.12999725,yahoo_finance_raw
2026-01-15,99.12999725,99.48999786,99.08999634,99.31999969,0,0,1,99.31999969,yahoo_finance_raw
2026-01-16,99.37000275,99.48000336,99.16000366,99.38999939,0,0,1,99.38999939,yahoo_finance_raw
2026-01-20,99.13999939,99.13999939,98.25,98.63999939,0,0,1,98.63999939,yahoo_finance_raw
2026-01-21,98.61000061,98.87000275,98.37999725,98.76000214,0,0,1,98.76000214,yahoo_finance_raw
2026-01-22,98.79000092,98.83000183,98.27999878,98.36000061,0,0,1,98.36000061,yahoo_finance_raw
2026-01-23,98.33000183,98.48000336,97.43000031,97.59999847,0,0,1,97.59999847,yahoo_finance_raw
2026-01-26,97.02999878,97.33000183,96.80999756,97.04000092,0,0,1,97.04000092,yahoo_finance_raw
2026-01-27,97.05000305,97.29000092,95.55000305,96.22000122,0,0,1,96.22000122,yahoo_finance_raw
2026-01-28,95.97000122,96.79000092,95.86000061,96.44999695,0,0,1,96.44999695,yahoo_finance_raw
2026-01-29,96.16000366,96.66000366,96.01999664,96.27999878,0,0,1,96.27999878,yahoo_finance_raw
2026-01-30,96.31999969,97.15000153,96.31999969,96.98999786,0,0,1,96.98999786,yahoo_finance_raw
2026-02-02,97.19000244,97.73000336,97.01000214,97.61000061,0,0,1,97.61000061,yahoo_finance_raw
2026-02-03,97.51999664,97.69000244,97.30000305,97.44000244,0,0,1,97.44000244,yahoo_finance_raw
2026-02-04,97.43000031,97.73000336,97.30999756,97.62000275,0,0,1,97.62000275,yahoo_finance_raw
2026-02-05,97.66999817,97.98999786,97.61000061,97.81999969,0,0,1,97.81999969,yahoo_finance_raw
2026-02-06,97.94999695,97.94999695,97.55999756,97.62999725,0,0,1,97.62999725,yahoo_finance_raw
2026-02-09,97.69999695,97.76000214,96.79000092,96.81999969,0,0,1,96.81999969,yahoo_finance_raw
2026-02-10,97,97.01000214,96.61000061,96.80000305,0,0,1,96.80000305,yahoo_finance_raw
2026-02-11,96.91000366,97.26999664,96.48999786,96.83000183,0,0,1,96.83000183,yahoo_finance_raw
2026-02-12,96.95999908,97.06999969,96.73999786,96.93000031,0,0,1,96.93000031,yahoo_finance_raw
2026-02-13,96.94000244,97.16000366,96.80000305,96.87999725,0,0,1,96.87999725,yahoo_finance_raw
2026-02-17,97.12000275,97.55000305,97.06999969,97.16000366,0,0,1,97.16000366,yahoo_finance_raw
2026-02-18,97.13999939,97.73999786,97.12000275,97.69999695,0,0,1,97.69999695,yahoo_finance_raw
2026-02-19,97.73000336,98.06999969,97.56999969,97.93000031,0,0,1,97.93000031,yahoo_finance_raw
2026-02-20,97.90000153,98.08000183,97.58999634,97.80000305,0,0,1,97.80000305,yahoo_finance_raw
2026-02-23,97.69999695,97.84999847,97.36000061,97.69999695,0,0,1,97.69999695,yahoo_finance_raw
2026-02-24,97.69999695,97.98999786,97.69999695,97.87999725,0,0,1,97.87999725,yahoo_finance_raw
2026-02-25,97.84999847,98,97.62000275,97.69999695,0,0,1,97.69999695,yahoo_finance_raw
2026-02-26,97.58999634,97.98000336,97.48999786,97.79000092,0,0,1,97.79000092,yahoo_finance_raw
2026-02-27,97.75,97.84999847,97.55999756,97.61000061,0,0,1,97.61000061,yahoo_finance_raw
2026-03-02,97.87000275,98.75,97.76999664,98.37999725,0,0,1,98.37999725,yahoo_finance_raw
2026-03-03,98.55999756,99.68000031,98.44000244,99.05000305,0,0,1,99.05000305,yahoo_finance_raw
2026-03-04,99.11000061,99.33000183,98.69999695,98.76999664,0,0,1,98.76999664,yahoo_finance_raw
2026-03-05,98.76999664,99.41000366,98.66999817,99.31999969,0,0,1,99.31999969,yahoo_finance_raw
2026-03-06,99.01000214,99.44000244,98.83999634,98.98999786,0,0,1,98.98999786,yahoo_finance_raw
2026-03-09,98.86000061,99.69999695,98.72000122,99.18000031,0,0,1,99.18000031,yahoo_finance_raw
2026-03-10,98.80000305,98.94999695,98.48999786,98.83000183,0,0,1,98.83000183,yahoo_finance_raw
2026-03-11,98.94000244,99.30000305,98.69999695,99.23000336,0,0,1,99.23000336,yahoo_finance_raw
2026-03-12,99.44999695,99.76000214,99.25,99.73999786,0,0,1,99.73999786,yahoo_finance_raw
2026-03-13,99.69000244,100.54000092,99.58999634,100.36000061,0,0,1,100.36000061,yahoo_finance_raw
2026-03-16,100.43000031,100.48000336,99.66000366,99.70999908,0,0,1,99.70999908,yahoo_finance_raw
2026-03-17,99.86000061,100.12000275,99.5,99.58000183,0,0,1,99.58000183,yahoo_finance_raw
2026-03-18,99.55000305,100.30999756,99.47000122,100.08999634,0,0,1,100.08999634,yahoo_finance_raw
2026-03-19,100.23000336,100.30999756,98.98000336,99.23000336,0,0,1,99.23000336,yahoo_finance_raw
2026-03-20,99.29000092,99.79000092,99.25,99.65000153,0,0,1,99.65000153,yahoo_finance_raw
2026-03-23,99.68000031,100.15000153,98.87999725,98.94999695,0,0,1,98.94999695,yahoo_finance_raw
2026-03-24,99.13999939,99.62000275,99.05999756,99.43000031,0,0,1,99.43000031,yahoo_finance_raw
2026-03-25,99.19999695,99.66999817,99.06999969,99.59999847,0,0,1,99.59999847,yahoo_finance_raw
2026-03-26,99.62999725,100.01000214,99.55999756,99.90000153,0,0,1,99.90000153,yahoo_finance_raw
2026-03-27,99.87000275,100.20999908,99.80000305,100.15000153,0,0,1,100.15000153,yahoo_finance_raw
2026-03-30,100.22000122,100.61000061,100.05000305,100.51000214,0,0,1,100.51000214,yahoo_finance_raw
2026-03-31,100.58999634,100.63999939,99.80999756,99.95999908,0,0,1,99.95999908,yahoo_finance_raw
2026-04-01,99.79000092,99.87999725,99.30000305,99.65000153,0,0,1,99.65000153,yahoo_finance_raw
2026-04-02,99.54000092,100.26000214,99.44999695,100.02999878,0,0,1,100.02999878,yahoo_finance_raw
2026-04-06,100.18000031,100.29000092,99.76000214,99.98000336,0,0,1,99.98000336,yahoo_finance_raw
2026-04-07,100.01000214,100.16000366,99.59999847,99.63999939,0,0,1,99.63999939,yahoo_finance_raw
2026-04-08,98.94999695,99.18000031,98.52999878,99.12999725,0,0,1,99.12999725,yahoo_finance_raw
2026-04-09,99.05999756,99.16000366,98.62999725,98.81999969,0,0,1,98.81999969,yahoo_finance_raw
2026-04-10,98.87000275,99.01000214,98.54000092,98.65000153,0,0,1,98.65000153,yahoo_finance_raw
2026-04-13,99.05000305,99.18000031,98.36000061,98.37000275,0,0,1,98.37000275,yahoo_finance_raw
2026-04-14,98.37000275,98.41000366,97.97000122,98.12000275,0,0,1,98.12000275,yahoo_finance_raw
2026-04-15,98.06999969,98.29000092,98.01000214,98.05999756,0,0,1,98.05999756,yahoo_finance_raw
2026-04-16,98.01000214,98.29000092,97.83000183,98.22000122,0,0,1,98.22000122,yahoo_finance_raw
2026-04-17,98.19000244,98.29000092,97.62999725,98.09999847,0,0,1,98.09999847,yahoo_finance_raw
2026-04-20,98.27999878,98.40000153,98.01000214,98.05000305,0,0,1,98.05000305,yahoo_finance_raw
2026-04-21,98.05999756,98.56999969,98.05999756,98.41000366,0,0,1,98.41000366,yahoo_finance_raw
2026-04-22,98.40000153,98.63999939,98.20999908,98.58999634,0,0,1,98.58999634,yahoo_finance_raw
2026-04-23,98.62000275,98.94000244,98.52999878,98.80000305,0,0,1,98.80000305,yahoo_finance_raw
2026-04-24,98.81999969,98.91999817,98.48999786,98.51000214,0,0,1,98.51000214,yahoo_finance_raw
2026-04-27,99.33000183,99.33999634,98.20999908,98.48000336,0,0,1,98.48000336,yahoo_finance_raw
2026-04-28,98.47000122,98.87000275,98.43000031,98.62000275,0,0,1,98.62000275,yahoo_finance_raw
2026-04-29,98.61000061,99.05000305,98.56999969,98.91999817,0,0,1,98.91999817,yahoo_finance_raw
2026-04-30,98.84999847,99.08999634,98.01000214,98.08000183,0,0,1,98.08000183,yahoo_finance_raw
2026-05-01,98.12999725,98.23999786,97.72000122,98.20999908,0,0,1,98.20999908,yahoo_finance_raw
2026-05-04,98.05000305,98.54000092,97.97000122,98.47000122,0,0,1,98.47000122,yahoo_finance_raw
2026-05-05,98.47000122,98.58000183,98.30999756,98.48000336,0,0,1,98.48000336,yahoo_finance_raw
2026-05-06,98.30999756,98.33999634,97.62999725,98.01999664,0,0,1,98.01999664,yahoo_finance_raw
2026-05-07,98.02999878,98.27999878,97.81999969,98.25,0,0,1,98.25,yahoo_finance_raw
2026-05-08,98.25,98.27999878,97.83000183,97.83999634,0,0,1,97.83999634,yahoo_finance_raw
2026-05-11,98.04000092,98.15000153,97.84999847,97.94000244,0,0,1,97.94000244,yahoo_finance_raw
2026-05-12,97.95999908,98.45999908,97.94999695,98.29000092,0,0,1,98.29000092,yahoo_finance_raw
2026-05-13,98.30999756,98.59999847,98.26000214,98.48000336,0,0,1,98.48000336,yahoo_finance_raw
2026-05-14,98.45999908,98.91000366,98.41999817,98.87999725,0,0,1,98.87999725,yahoo_finance_raw
2026-05-15,98.93000031,99.31999969,98.91999817,99.26999664,0,0,1,99.26999664,yahoo_finance_raw
2026-05-18,99.27999878,99.41000366,98.94999695,98.97000122,0,0,1,98.97000122,yahoo_finance_raw
2026-05-19,98.97000122,99.43000031,98.97000122,99.30000305,0,0,1,99.30000305,yahoo_finance_raw
2026-05-20,99.26999664,99.47000122,98.97000122,99.11000061,0,0,1,99.11000061,yahoo_finance_raw
2026-05-21,99.12000275,99.51999664,99.05999756,99.19000244,0,0,1,99.19000244,yahoo_finance_raw
2026-05-22,99.19999695,99.41000366,99.16999817,99.31999969,0,0,1,99.31999969,yahoo_finance_raw
2026-05-26,98.98999786,99.25,98.98999786,99.16999817,0,0,1,99.16999817,yahoo_finance_raw
2026-05-27,99.08000183,99.26000214,98.97000122,99.20999908,0,0,1,99.20999908,yahoo_finance_raw
2026-05-28,99.26999664,99.54000092,98.94999695,99.01999664,0,0,1,99.01999664,yahoo_finance_raw
2026-05-29,99,99.19000244,98.75,98.91000366,0,0,1,98.91000366,yahoo_finance_raw
2026-06-01,98.95999908,99.38999939,98.91999817,99.19999695,0,0,1,99.19999695,yahoo_finance_raw
2026-06-02,99.16999817,99.33000183,99.05000305,99.22000122,0,0,1,99.22000122,yahoo_finance_raw
2026-06-03,99.29000092,99.55000305,99.19000244,99.52999878,0,0,1,99.52999878,yahoo_finance_raw
2026-06-04,99.45999908,99.52999878,99.18000031,99.41000366,0,0,1,99.41000366,yahoo_finance_raw
2026-06-05,99.43000031,100.11000061,99.16000366,100.06999969,0,0,1,100.06999969,yahoo_finance_raw
2026-06-08,100.15000153,100.20999908,99.81999969,100.05000305,0,0,1,100.05000305,yahoo_finance_raw
2026-06-09,100.02999878,100.08000183,99.68000031,99.91000366,0,0,1,99.91000366,yahoo_finance_raw
2026-06-10,100.01000214,100.05000305,99.72000122,99.94999695,0,0,1,99.94999695,yahoo_finance_raw
2026-06-11,100.12000275,100.30999756,99.58999634,99.86000061,0,0,1,99.86000061,yahoo_finance_raw
2026-06-12,99.66999817,99.91000366,99.63999939,99.75,0,0,1,99.75,yahoo_finance_raw
2026-06-15,99.54000092,99.70999908,99.37999725,99.62999725,0,0,1,99.62999725,yahoo_finance_raw
2026-06-16,99.63999939,99.79000092,99.45999908,99.54000092,0,0,1,99.54000092,yahoo_finance_raw
2026-06-17,99.51999664,100.56999969,99.48999786,100.08999634,0,0,1,100.08999634,yahoo_finance_raw
2026-06-18,100.33999634,100.91999817,100.20999908,100.84999847,0,0,1,100.84999847,yahoo_finance_raw
2026-06-22,100.83999634,101.08000183,100.76000214,101.01999664,0,0,1,101.01999664,yahoo_finance_raw
2026-06-23,101.01000214,101.43000031,100.94999695,101.41000366,0,0,1,101.41000366,yahoo_finance_raw
2026-06-24,101.37000275,101.80000305,101.36000061,101.61000061,0,0,1,101.61000061,yahoo_finance_raw
2026-06-25,101.59999847,101.75,101.30999756,101.43000031,0,0,1,101.43000031,yahoo_finance_raw
2026-06-26,101.5,101.56999969,101.05000305,101.36000061,0,0,1,101.36000061,yahoo_finance_raw
2026-06-29,101.37000275,101.38999939,101.06999969,101.11000061,0,0,1,101.11000061,yahoo_finance_raw
2026-06-30,101.12000275,101.43000031,101.05000305,101.19000244,0,0,1,101.19000244,yahoo_finance_raw
2026-07-01,101.22000122,101.59999847,101.19000244,101.38999939,0,0,1,101.38999939,yahoo_finance_raw
2026-07-02,101.40000153,101.43000031,100.55999756,100.86000061,0,0,1,100.86000061,yahoo_finance_raw
2026-07-06,100.86000061,101.15000153,100.83000183,100.84999847,0,0,1,100.84999847,yahoo_finance_raw
2026-07-07,100.83999634,101.15000153,100.80000305,101.13999939,0,0,1,101.13999939,yahoo_finance_raw
2026-07-08,101.16000366,101.27999878,100.94999695,101.05000305,0,0,1,101.05000305,yahoo_finance_raw
2026-07-09,101.04000092,101.04000092,100.79000092,100.94000244,0,0,1,100.94000244,yahoo_finance_raw
2026-07-10,100.91000366,101,100.59999847,100.97000122,0,0,1,100.97000122,yahoo_finance_raw
2026-07-13,101.04000092,101.33000183,100.79000092,101.27999878,0,0,1,101.27999878,yahoo_finance_raw
2026-07-14,101.27999878,101.31999969,100.61000061,100.94000244,0,0,1,100.94000244,yahoo_finance_raw
2026-07-15,100.91999817,101.02999878,100.34999847,100.5,0,0,1,100.5,yahoo_finance_raw
2026-07-16,100.47000122,100.83000183,100.44000244,100.73000336,0,0,1,100.73000336,yahoo_finance_raw
2026-07-17,100.70999908,100.87000275,100.65000153,100.75,0,0,1,100.75,yahoo_finance_raw
2026-07-20,100.80999756,101.02999878,100.65000153,100.98999786,0,0,1,100.98999786,yahoo_finance_raw
2026-07-21,100.98000336,101.20999908,100.86000061,101.18000031,0,0,1,101.18000031,yahoo_finance_raw
2026-07-22,101.19000244,101.19999695,101.01999664,101.13999939,0,0,1,101.13999939,yahoo_finance_raw
2026-07-23,101.12000275,101.54000092,100.94000244,101.43000031,0,0,1,101.43000031,yahoo_finance_raw
2026-07-24,101.44000244,101.52999878,101.25,101.47000122,0,0,1,101.47000122,yahoo_finance_raw
2026-07-27,101.31999969,101.54000092,101.12000275,101.51000214,0,0,1,101.51000214,yahoo_finance_raw
2026-07-28,101.51999664,101.63999939,101.26000214,101.37999725,0,0,1,101.37999725,yahoo_finance_raw
2026-07-29,101.41999817,101.5,100.76000214,100.80000305,0,0,1,100.80000305,yahoo_finance_raw
2026-07-30,100.81999969,101.06999969,99.86000061,100.01000214,0,0,1,100.01000214,yahoo_finance_raw
2026-07-31,100.01999664,100.45999908,99.69000244,99.80000305,0,0,1,99.80000305,yahoo_finance_raw
2026-08-03,99.69000244,100.01999664,99.41999817,99.95999908,0,0,1,99.95999908,yahoo_finance_raw
2026-08-04,99.97000122,100.05999756,99.83000183,99.88999939,0,0,1,99.88999939,yahoo_finance_raw
2026-08-05,99.87000275,99.90000153,99.62999725,99.69000244,0,0,1,99.69000244,yahoo_finance_raw
2026-08-06,99.66000366,100.01999664,99.63999939,99.97000122,0,0,1,99.97000122,yahoo_finance_raw
2026-08-07,99.94000244,100,99.40000153,99.59999847,0,0,1,99.59999847,yahoo_finance_raw
2026-08-10,99.58999634,99.83000183,99.58000183,99.80999756,0,0,1,99.80999756,yahoo_finance_raw
2026-08-11,99.80000305,99.90000153,99.73000336,99.81999969,0,0,1,99.81999969,yahoo_finance_raw
2026-08-12,99.80999756,100.01999664,99.61000061,100.01000214,0,0,1,100.01000214,yahoo_finance_raw
2026-08-13,99.95999908,100.08000183,99.80000305,99.95999908,0,0,1,99.95999908,yahoo_finance_raw
2026-08-14,99.93000031,99.94000244,99.48000336,99.66999817,0,0,1,99.66999817,yahoo_finance_raw
2026-08-17,99.66000366,99.66999817,99.29000092,99.63999939,0,0,1,99.63999939,yahoo_finance_raw
2026-08-18,99.66500092,99.69200134,99.5510025,99.56900024,0,0,1,99.56900024,yahoo_finance_raw
